label,issue,expire,fl_low,fl_high,polygon
BRAVO 3,2022-04-01 00:05:00+00:00,2022-04-01 04:05:00+00:00,0.0,50000.0,"POLYGON ((-85.15 28.15, -84 26.3, -87.3 26.3, -88 27, -85.15 28.15))"
2E,2022-04-01 00:55:00+00:00,2022-04-01 02:55:00+00:00,0.0,32000.0,"POLYGON ((-75.2230209418496 36.5745276605357, -74.85328456059213 35.8069919907005, -77.06397185013083 34.34735883021229, -78.02366793173985 34.042494158287965, -76.18 36.26, -75.2230209418496 36.5745276605357))"
1E,2022-04-01 00:55:00+00:00,2022-04-01 02:55:00+00:00,0.0,45000.0,"POLYGON ((-78.45511452833776 32.88000418259385, -78.44146809343414 30.228466654828352, -84.10008087615607 26.81844441120513, -85.12715133198182 27.888382245393466, -78.45511452833776 32.88000418259385))"
3E,2022-04-01 00:55:00+00:00,2022-04-01 02:55:00+00:00,0.0,35000.0,"POLYGON ((-72.00272326758088 43.34655609464691, -72.86201318097078 42.24728174318477, -76.64592499235296 38.732004036601296, -77.67304139269572 38.70350160220162, -74.70620980050678 42.74642768285031, -72.00272326758088 43.34655609464691))"
5E,2022-04-01 00:55:00+00:00,2022-04-01 02:55:00+00:00,0.0,28000.0,"POLYGON ((-78.21709029118328 39.84781423183663, -78.11611984863796 39.10085760187229, -77.70767377024237 38.33247787478489, -78.8359418763432 38.01784094918022, -79.1079288584138 39.22414461483253, -78.21709029118328 39.84781423183663))"
1W,2022-04-01 00:55:00+00:00,2022-04-01 02:55:00+00:00,0.0,28000.0,"POLYGON ((-107.99535198313659 39.31197507819613, -108.15448216992738 37.55278749235115, -113.03747063073249 37.09949278312809, -112.5428805480188 38.150866250897444, -107.99535198313659 39.31197507819613))"
4E,2022-04-01 00:55:00+00:00,2022-04-01 02:55:00+00:00,0.0,31000.0,"POLYGON ((-71.54621829009464 44.76906201791453, -71.94723708483751 43.33006315230916, -74.58748366340383 42.747302436396474, -75.874331376679 42.46757974434928, -75.81656901027051 43.82719488810415, -71.54621829009464 44.76906201791453))"
6E,2022-04-01 00:55:00+00:00,2022-04-01 02:55:00+00:00,0.0,31000.0,"POLYGON ((-79.98954468225531 33.77264759784407, -79.86241957057243 33.61824809661556, -81.72952262998663 32.08096537832347, -81.85664774166952 32.23536487955198, -79.98954468225531 33.77264759784407))"
1C,2022-04-01 00:55:00+00:00,2022-04-01 02:55:00+00:00,0.0,25000.0,"POLYGON ((-105.3613969924722 43.36296097385157, -105.27234050392572 42.14053569417373, -106.68369796197229 42.051595794507826, -106.6978576570738 42.78255621173641, -105.3613969924722 43.36296097385157))"
FOXTROT 3,2022-04-01 01:05:00+00:00,2022-04-01 05:05:00+00:00,33000.0,37000.0,"POLYGON ((-139.45 54, -137 53.3, -134.3 51.3, -137 44.3, -141.15 46.3, -139.45 54))"
ECHO 5,2022-04-01 01:15:00+00:00,2022-04-01 05:15:00+00:00,0.0,48000.0,"POLYGON ((-129.45 7.45, -130.45 3.3, -140 3.3, -140 7.3, -129.45 7.45))"
7E,2022-04-01 01:55:00+00:00,2022-04-01 03:55:00+00:00,0.0,45000.0,"POLYGON ((-82.34468533569468 29.34346912376784, -81.55647691247047 28.078713840927172, -84.10008087615607 26.81844441120513, -85.12715133198182 27.888382245393466, -82.34468533569468 29.34346912376784))"
11E,2022-04-01 01:55:00+00:00,2022-04-01 03:55:00+00:00,0.0,28000.0,"POLYGON ((-77.22398066608899 40.18225722264296, -77.41121406036314 39.4992035606567, -77.20423565324934 39.167294989501364, -78.1722164262578 38.874893104821666, -78.02666553788572 40.06254940249813, -77.22398066608899 40.18225722264296))"
13E,2022-04-01 01:55:00+00:00,2022-04-01 03:55:00+00:00,0.0,45000.0,"POLYGON ((-77.87 33.019048354108854, -77.90182995378836 30.407647758682796, -80.23148116329597 28.97879293310473, -79.44166346475708 31.65893283188886, -77.87 33.019048354108854))"
8E,2022-04-01 01:55:00+00:00,2022-04-01 03:55:00+00:00,0.0,32000.0,"POLYGON ((-73.91226270769698 36.86806908720055, -74.28936930317946 35.60841081246331, -76.18 34.76267939837246, -78.2417785523423 34.22210457092042, -75.43384059135515 36.63287074504286, -73.91226270769698 36.86806908720055))"
09E,2022-04-01 01:55:00+00:00,2022-04-01 03:55:00+00:00,0.0,35000.0,"POLYGON ((-73.8 42.75, -71.84013725708732 42.75858930279252, -72.69 41.60726208852722, -75.92029146370085 39.11781317602361, -76.87576434675067 39.167294989501364, -73.8 42.75))"
10E,2022-04-01 01:55:00+00:00,2022-04-01 03:55:00+00:00,0.0,35000.0,"POLYGON ((-70.60017165167577 45.16392595020491, -71.84013725708732 42.75858930279252, -74.42600742947047 42.55729219887414, -75.28773344737031 43.15637605948843, -73.44460168509607 44.79156296324385, -70.60017165167577 45.16392595020491))"
12E,2022-04-01 01:55:00+00:00,2022-04-01 03:55:00+00:00,0.0,31000.0,"POLYGON ((-79.59876328755382 34.032013719838474, -79.45441884516231 33.89357715692721, -80.48432389110027 32.81972017546345, -80.62866833349179 32.95815673837472, -79.59876328755382 34.032013719838474))"
15E,2022-04-01 02:55:00+00:00,2022-04-01 04:55:00+00:00,0.0,35000.0,"POLYGON ((-73.01650113428165 37.67459603391035, -73.29229546766555 36.225287081814514, -76.18 34.76267939837246, -77.87 34.5163689557364, -76.18 36.26, -73.01650113428165 37.67459603391035))"
16E,2022-04-01 02:55:00+00:00,2022-04-01 04:55:00+00:00,0.0,37000.0,"POLYGON ((-70.99 42.69273791147279, -70.81405896360137 41.52735268460762, -75.44312974746015 39.09823337344355, -75.98858817335265 39.17744699627328, -73.71351309453475 42.59626254090415, -70.99 42.69273791147279))"
18E,2022-04-01 02:55:00+00:00,2022-04-01 04:55:00+00:00,0.0,37000.0,"POLYGON ((-76.08398249852904 40.45196233740864, -75.92976474446934 40.118615418870846, -76.5823375534553 39.37198876138292, -78.84954153973574 38.31757419217999, -77.28814019669771 40.2997951582743, -76.08398249852904 40.45196233740864))"
14E,2022-04-01 02:55:00+00:00,2022-04-01 04:55:00+00:00,0.0,45000.0,"POLYGON ((-81.8730889204524 29.297831298152747, -81.34 28.207262088527212, -84.10008087615607 26.81844441120513, -85.12715133198182 27.888382245393466, -81.8730889204524 29.297831298152747))"
19E,2022-04-01 02:55:00+00:00,2022-04-01 04:55:00+00:00,0.0,45000.0,"POLYGON ((-77.48790643048831 33.58088063478707, -77.44288425641814 30.62787477486037, -80.58248234497415 28.53789820755231, -78.7939420029141 31.825042268081663, -77.48790643048831 33.58088063478707))"
17E,2022-04-01 02:55:00+00:00,2022-04-01 04:55:00+00:00,0.0,35000.0,"POLYGON ((-69.7408898695657 45.091366878356176, -70.99 42.69273791147279, -73.8 42.583631044263605, -74.12162698705572 42.984832310427706, -72.45 44.921844778681965, -69.7408898695657 45.091366878356176))"
BRAVO 4,2022-04-01 03:35:00+00:00,2022-04-01 07:35:00+00:00,0.0,50000.0,"POLYGON ((-85 28.15, -83.45 26, -86.3 26, -87.3 27, -85 28.15))"
ECHO 6,2022-04-01 03:45:00+00:00,2022-04-01 07:45:00+00:00,0.0,50000.0,"POLYGON ((-140 8, -129.45 7.45, -130.15 4.3, -140 4.15, -140 8))"
23E,2022-04-01 03:55:00+00:00,2022-04-01 05:55:00+00:00,0.0,33000.0,"POLYGON ((-75.84842985392294 40.88728774390454, -75.36912111801338 40.81486534915029, -75.24190143797178 40.579172487495605, -75.43023525553069 40.118615418870846, -77.70627526145235 38.94729589050762, -75.84842985392294 40.88728774390454))"
20E,2022-04-01 03:55:00+00:00,2022-04-01 05:55:00+00:00,0.0,45000.0,"POLYGON ((-81.38042069572057 29.535008850182635, -81.20593691571978 28.65757477814809, -84.10008087615607 26.81844441120513, -85.12715133198182 27.888382245393466, -81.38042069572057 29.535008850182635))"
21E,2022-04-01 03:55:00+00:00,2022-04-01 05:55:00+00:00,0.0,41000.0,"POLYGON ((-72.44912037204143 38.31226701060093, -71.4849127585348 37.97036505946073, -76.02243555084308 33.699426699793655, -77.87 32.85267939837247, -77.87 34.84910686720918, -72.44912037204143 38.31226701060093))"
22E,2022-04-01 03:55:00+00:00,2022-04-01 05:55:00+00:00,0.0,37000.0,"POLYGON ((-71.374261288641 44.40330379919192, -70.26283853757425 42.8146521123882, -69.61130824364902 40.510712188676514, -72.64398082327381 39.23324861016915, -74.68036308969295 40.280846528183645, -71.374261288641 44.40330379919192))"
24E,2022-04-01 03:55:00+00:00,2022-04-01 05:55:00+00:00,0.0,45000.0,"POLYGON ((-77.0382851343027 32.656419589869714, -77.17672267238457 30.38677481867236, -80.77921676524655 28.294518877577687, -78.7939420029141 31.825042268081663, -77.0382851343027 32.656419589869714))"
25E,2022-04-01 04:55:00+00:00,2022-04-01 06:55:00+00:00,0.0,45000.0,"POLYGON ((-81.11 29.3, -80.49 28.511844778681965, -84.10008087615607 26.81844441120513, -84.75074482758868 27.894521238324504, -82.90399856031512 29.29251037119514, -81.11 29.3))"
27E,2022-04-01 04:55:00+00:00,2022-04-01 06:55:00+00:00,0.0,45000.0,"POLYGON ((-72.44912037204143 38.31226701060093, -72.67399383088501 36.208824888541756, -76.18824930117962 32.92676335171022, -77.87 34.35, -77.64742875842444 35.4826757553513, -72.44912037204143 38.31226701060093))"
29E,2022-04-01 04:55:00+00:00,2022-04-01 06:55:00+00:00,0.0,31000.0,"POLYGON ((-69.96703121279553 42.95762765663304, -68.81000913879213 40.89153895645267, -71.57710874052356 39.53424557493783, -72.69 41.94, -69.96703121279553 42.95762765663304))"
28E,2022-04-01 04:55:00+00:00,2022-04-01 06:55:00+00:00,0.0,34000.0,"POLYGON ((-75.32 41.39452417705444, -74.54 41.07, -74.43 39.82, -76.5202888739819 39.85201902984981, -75.32 41.39452417705444))"
26E,2022-04-01 04:55:00+00:00,2022-04-01 06:55:00+00:00,0.0,39000.0,"POLYGON ((-76.95201633446364 32.47662885145246, -77.70030809626954 30.473825537681506, -79.6765721614515 28.393211289781295, -80.4960318268558 29.519895535863327, -76.95201633446364 32.47662885145246))"
30E,2022-04-01 05:55:00+00:00,2022-04-01 07:55:00+00:00,0.0,45000.0,"POLYGON ((-75.91327822438343 32.68738613299373, -75.23225273315772 32.08635184588999, -79.282603940839 28.73352261360218, -83.8612390655358 26.21748090730025, -84.75074482758868 27.894521238324504, -75.91327822438343 32.68738613299373))"
31E,2022-04-01 05:55:00+00:00,2022-04-01 07:55:00+00:00,0.0,45000.0,"POLYGON ((-71.25643258679824 38.91687249029341, -70.55483673886648 37.52468157415651, -75.8551517234846 34.333495027530304, -76.9040314984609 35.669609064995846, -71.25643258679824 38.91687249029341))"
32E,2022-04-01 05:55:00+00:00,2022-04-01 07:55:00+00:00,0.0,34000.0,"POLYGON ((-73.85670222227367 41.57912625087701, -72.27968074762106 41.63258624080009, -76.0221114682513 38.51486227434845, -77.04 39.14914187884179, -73.85670222227367 41.57912625087701))"
33E,2022-04-01 05:55:00+00:00,2022-04-01 07:55:00+00:00,0.0,31000.0,"POLYGON ((-68.33251648180706 43.903763227685154, -68.41824206801208 41.76673269686326, -70.03 41.28, -70.99 42.36, -68.33251648180706 43.903763227685154))"
35E,2022-04-01 06:55:00+00:00,2022-04-01 08:55:00+00:00,,,"POLYGON ((-70.03 40.77762950699682, -71.70850157557263 39.783830362514166, -75.83853035766849 35.5891034475644, -76.2 36.83418105633298, -70.03 40.77762950699682))"
34E,2022-04-01 06:55:00+00:00,2022-04-01 08:55:00+00:00,0.0,44000.0,"POLYGON ((-76.89048327355702 32.347912658677075, -75.23225273315772 32.08635184588999, -80.49 27.68, -83.8612390655358 26.21748090730025, -84.75074482758868 27.894521238324504, -76.89048327355702 32.347912658677075))"
BRAVO 5,2022-04-01 07:05:00+00:00,2022-04-01 11:05:00+00:00,0.0,46000.0,"POLYGON ((-84.4 27.5, -83.55 26.2, -86.35 25.5, -87 26.15, -84.4 27.5))"
ECHO 7,2022-04-01 07:15:00+00:00,2022-04-01 11:15:00+00:00,0.0,54000.0,"POLYGON ((-139.55 8.25, -128.25 8.15, -128.5 3.3, -140 3.35, -139.55 8.25))"
37E,2022-04-01 07:55:00+00:00,2022-04-01 09:55:00+00:00,,,"POLYGON ((-70.03 40.77762950699682, -71.70850157557263 39.783830362514166, -75.83853035766849 35.5891034475644, -75.98459698220304 36.101961155582394, -70.03 40.77762950699682))"
36E,2022-04-01 07:55:00+00:00,2022-04-01 09:55:00+00:00,0.0,44000.0,"POLYGON ((-76.89048327355702 32.347912658677075, -76.62242876451066 29.02683697822481, -83.8612390655358 26.21748090730025, -84.75074482758868 27.894521238324504, -76.89048327355702 32.347912658677075))"
40E,2022-04-01 08:55:00+00:00,2022-04-01 10:55:00+00:00,0.0,45000.0,"POLYGON ((-69.10078458484823 40.57039786335193, -68.64439000461954 38.65853257062535, -74.31958095363107 34.7161654317201, -75.45596850153912 35.669609064995846, -69.10078458484823 40.57039786335193))"
39E,2022-04-01 08:55:00+00:00,2022-04-01 10:55:00+00:00,0.0,45000.0,"POLYGON ((-76.74267961425703 33.40369288731016, -77.17924536115109 30.643087863040467, -79.55298265182502 28.500327787280437, -80.40322886812616 29.55280592310109, -76.74267961425703 33.40369288731016))"
38E,2022-04-01 08:55:00+00:00,2022-04-01 10:55:00+00:00,0.0,44000.0,"POLYGON ((-80.72845148770378 29.299457815648363, -80.34580373625643 27.987335060327325, -84.10008087615607 26.81844441120513, -84.40914502331523 27.262553444255794, -80.72845148770378 29.299457815648363))"
43E,2022-04-01 09:55:00+00:00,2022-04-01 11:55:00+00:00,0.0,45000.0,"POLYGON ((-72.58141744893663 37.314117035316904, -72.79933985502997 35.06616814957474, -76.05057862301025 32.80714986095124, -76.74267961425703 33.40369288731016, -72.58141744893663 37.314117035316904))"
44E,2022-04-01 09:55:00+00:00,2022-04-01 11:55:00+00:00,0.0,45000.0,"POLYGON ((-69.36468557608768 40.04842595582746, -67.59529795631192 39.37169576780594, -72.67399383088501 36.208824888541756, -72.72597914373145 37.434453762607674, -69.36468557608768 40.04842595582746))"
41E,2022-04-01 09:55:00+00:00,2022-04-01 11:55:00+00:00,0.0,44000.0,"POLYGON ((-80.15614644654264 29.29661144503285, -80.34580373625643 27.987335060327325, -83.34001903012133 26.691934619031887, -83.2027312069051 28.100013270334887, -80.15614644654264 29.29661144503285))"
42E,2022-04-01 09:55:00+00:00,2022-04-01 11:55:00+00:00,0.0,45000.0,"POLYGON ((-77.08076358641217 32.744661602026746, -77.70030809626954 30.473825537681506, -79.6765721614515 28.393211289781295, -80.16995835777594 30.333168275404088, -77.08076358641217 32.744661602026746))"
BRAVO 6,2022-04-01 10:05:00+00:00,2022-04-01 14:05:00+00:00,0.0,45000.0,"POLYGON ((-84.4 27.35, -83.45 26, -86.4 24.45, -87.3 25.4, -84.4 27.35))"
ECHO 8,2022-04-01 10:25:00+00:00,2022-04-01 14:25:00+00:00,0.0,55000.0,"POLYGON ((-136.3 8.5, -125.4 8.2, -119.55 3.3, -137.45 3.3, -136.3 8.5))"
47E,2022-04-01 10:55:00+00:00,2022-04-01 12:55:00+00:00,0.0,45000.0,"POLYGON ((-67.00718342785322 40.285131084847016, -67.15378242906115 39.00836505537713, -72.418413134897 37.29047722444652, -72.72597914373145 37.434453762607674, -67.00718342785322 40.285131084847016))"
46E,2022-04-01 10:55:00+00:00,2022-04-01 12:55:00+00:00,0.0,39000.0,"POLYGON ((-72.67399383088501 36.208824888541756, -72.79933985502997 35.06616814957474, -76.81696033297256 32.19359480289175, -76.88223535823266 33.52253858704057, -72.67399383088501 36.208824888541756))"
45E,2022-04-01 10:55:00+00:00,2022-04-01 12:55:00+00:00,0.0,44000.0,"POLYGON ((-77.65950719339556 30.82282000492043, -77.13475362748383 28.856647138010892, -82.55 27.110858121158213, -82.68 27.91, -81.11 29.3, -77.65950719339556 30.82282000492043))"
48E,2022-04-01 11:55:00+00:00,2022-04-01 13:55:00+00:00,0.0,44000.0,"POLYGON ((-77.30963848233473 30.50739239400086, -76.62242876451066 29.02683697822481, -82.3357546080613 26.93872189329305, -82.68 27.91, -81.11 29.3, -77.30963848233473 30.50739239400086))"
50E,2022-04-01 11:55:00+00:00,2022-04-01 13:55:00+00:00,0.0,45000.0,"POLYGON ((-66.80889025182304 40.21603622357932, -67.15378242906115 39.00836505537713, -71.1017607889584 37.83141170401015, -71.67703125623976 38.03937462876671, -66.80889025182304 40.21603622357932))"
49E,2022-04-01 11:55:00+00:00,2022-04-01 13:55:00+00:00,0.0,39000.0,"POLYGON ((-72.67399383088501 36.208824888541756, -72.79933985502997 35.06616814957474, -76.67065906260929 31.884832305941785, -78.04244026577516 32.173763670293084, -72.67399383088501 36.208824888541756))"
CHARLIE 1,2022-04-01 12:20:00+00:00,2022-04-01 16:20:00+00:00,0.0,45000.0,"POLYGON ((-63 40, -77 28.15, -77 32.45, -71.45 37.3, -67 40, -63 40))"
ECHO 9,2022-04-01 12:35:00+00:00,2022-04-01 16:35:00+00:00,0.0,50000.0,"POLYGON ((-135.45 8.3, -130 8.15, -128 5, -134 4.45, -135.45 8.3))"
52E,2022-04-01 12:55:00+00:00,2022-04-01 14:55:00+00:00,0.0,39000.0,"POLYGON ((-72.67399383088501 36.208824888541756, -72.79933985502997 35.06616814957474, -75.10928185556631 33.36391611371047, -75.17879359740719 34.257627423980296, -72.67399383088501 36.208824888541756))"
51E,2022-04-01 12:55:00+00:00,2022-04-01 14:55:00+00:00,0.0,45000.0,"POLYGON ((-76.52533568609658 31.575903377538353, -76.62242876451066 29.02683697822481, -83.66981819575396 25.27875136274062, -84.40914502331523 27.262553444255794, -76.52533568609658 31.575903377538353))"
53E,2022-04-01 12:55:00+00:00,2022-04-01 14:55:00+00:00,0.0,41000.0,"POLYGON ((-66.61100203695767 40.14660369273088, -67.15378242906115 39.00836505537713, -71.1017607889584 37.83141170401015, -70.03 39.117203575426906, -66.61100203695767 40.14660369273088))"
55E,2022-04-01 13:55:00+00:00,2022-04-01 15:55:00+00:00,0.0,42000.0,"POLYGON ((-72.67399383088501 36.208824888541756, -72.79933985502997 35.06616814957474, -73.7612320341291 34.23553982536499, -74.31958095363107 34.7161654317201, -72.67399383088501 36.208824888541756))"
56E,2022-04-01 13:55:00+00:00,2022-04-01 15:55:00+00:00,0.0,41000.0,"POLYGON ((-66.61100203695767 40.14660369273088, -67.15378242906115 39.00836505537713, -70.03 38.28535879674494, -69.1213873865366 39.585623900234644, -66.61100203695767 40.14660369273088))"
54E,2022-04-01 13:55:00+00:00,2022-04-01 15:55:00+00:00,0.0,45000.0,"POLYGON ((-76.52533568609658 31.575903377538353, -76.62242876451066 29.02683697822481, -81.92270298345751 26.83733866428974, -83.0565337855356 27.909488227934716, -76.52533568609658 31.575903377538353))"
BRAVO 7,2022-04-01 13:55:00+00:00,2022-04-01 17:55:00+00:00,0.0,45000.0,"POLYGON ((-84.15 26.45, -83.3 25.15, -86 24.45, -87 25.15, -84.15 26.45))"
57E,2022-04-01 14:55:00+00:00,2022-04-01 16:55:00+00:00,0.0,45000.0,"POLYGON ((-76.52533568609658 31.575903377538353, -76.9624293609499 27.791649315363067, -82.55 27.06726208852722, -83.0565337855356 27.909488227934716, -76.52533568609658 31.575903377538353))"
58E,2022-04-01 14:55:00+00:00,2022-04-01 16:55:00+00:00,0.0,42000.0,"POLYGON ((-66.61100203695767 40.14660369273088, -67.15378242906115 39.00836505537713, -68.72302320957851 38.813181894151555, -68.9609888033428 39.27681015139469, -66.61100203695767 40.14660369273088))"
CHARLIE 2,2022-04-01 15:30:00+00:00,2022-04-01 19:30:00+00:00,0.0,45000.0,"POLYGON ((-63.15 42.15, -61 40.15, -77 27.45, -77 31.45, -63.15 42.15))"
60E,2022-04-01 15:55:00+00:00,2022-04-01 17:55:00+00:00,0.0,43000.0,"POLYGON ((-83.07778476558454 26.92844540798563, -82.30380527474698 26.058482039171153, -83.8278554941465 25.751409238045795, -84.2713189869526 26.752784623665224, -83.07778476558454 26.92844540798563))"
59E,2022-04-01 15:55:00+00:00,2022-04-01 17:55:00+00:00,0.0,45000.0,"POLYGON ((-76.52533568609658 31.575903377538353, -76.4350886114612 27.970067284132778, -82.55 27.06726208852722, -82.89665314046935 27.526904711845656, -76.52533568609658 31.575903377538353))"
YANKEE 1,2022-04-01 16:08:00+00:00,2022-04-01 20:05:00+00:00,0.0,56000.0,"POLYGON ((146.15 5.45, 152.3 3.3, 156.3 0, 144.15 0, 143.45 1.45, 146.15 5.45))"
GOLF 1,2022-04-01 16:25:00+00:00,2022-04-01 20:25:00+00:00,36000.0,40000.0,"POLYGON ((177.15 47.45, 172.3 45.15, -180 41.3, -175.3 45, 177.15 47.45))"
ECHO 10,2022-04-01 16:30:00+00:00,2022-04-01 20:30:00+00:00,0.0,50000.0,"POLYGON ((-132.3 8, -120 5.3, -120 3.3, -132.15 3.3, -133.3 5.45, -132.3 8))"
62E,2022-04-01 16:55:00+00:00,2022-04-01 18:55:00+00:00,0.0,36000.0,"POLYGON ((-84.23641934355521 27.389859576766643, -82.55 27.06726208852722, -81.91135151224721 26.412299234406234, -83.8278554941465 25.751409238045795, -84.23641934355521 27.389859576766643))"
61E,2022-04-01 16:55:00+00:00,2022-04-01 18:55:00+00:00,0.0,45000.0,"POLYGON ((-76.52533568609658 31.575903377538353, -76.4350886114612 27.970067284132778, -81.49381751577255 27.144533373939556, -82.02972089380388 27.590034395543018, -76.52533568609658 31.575903377538353))"
BRAVO 8,2022-04-01 17:45:00+00:00,2022-04-01 21:45:00+00:00,0.0,46000.0,"POLYGON ((-83.90731352056687 25.89611964329185, -87.05731352056688 24.746119643291852, -87.24268647943313 25.253880356708148, -84.09268647943313 26.403880356708147, -83.90731352056687 25.89611964329185))"
65E,2022-04-01 17:55:00+00:00,2022-04-01 19:55:00+00:00,0.0,45000.0,"POLYGON ((-77.17924536115109 30.643087863040467, -76.26596603578217 29.143777698735065, -77.33292425561181 28.79014587564077, -79.20241947668596 29.286447168852742, -77.17924536115109 30.643087863040467))"
64E,2022-04-01 17:55:00+00:00,2022-04-01 19:55:00+00:00,0.0,28000.0,"POLYGON ((-83.48693924423002 27.39687001735732, -82.46565559203661 26.273695139628867, -83.8278554941465 25.751409238045795, -84.23641934355521 27.389859576766643, -83.48693924423002 27.39687001735732))"
63E,2022-04-01 17:55:00+00:00,2022-04-01 19:55:00+00:00,0.0,43000.0,"POLYGON ((-79.70700398422596 28.783338289656164, -77.68695586025213 28.670408845141342, -80.10936895936231 25.736233821048863, -82.20334685953063 27.526904711845656, -79.70700398422596 28.783338289656164))"
68E,2022-04-01 18:55:00+00:00,2022-04-01 20:55:00+00:00,0.0,45000.0,"POLYGON ((-76.16619062911349 30.802873034906657, -76.26596603578217 29.143777698735065, -77.51004145035955 28.73039262105773, -78.43961397804969 29.273439933692682, -76.16619062911349 30.802873034906657))"
66E,2022-04-01 18:55:00+00:00,2022-04-01 20:55:00+00:00,0.0,45000.0,"POLYGON ((-79.14696250387193 28.849917908083896, -75.9060108127712 28.14646815479941, -79.56552150578052 26.20847576277964, -81.4081024340886 26.529517657752923, -81.42932947736301 27.676832485442556, -79.14696250387193 28.849917908083896))"
67E,2022-04-01 18:55:00+00:00,2022-04-01 20:55:00+00:00,0.0,27000.0,"POLYGON ((-82.72302736469945 27.336226627208717, -82.83527003641518 26.78489076403373, -83.8612390655358 26.21748090730025, -84.23641934355521 27.389859576766643, -82.72302736469945 27.336226627208717))"
CHARLIE 3,2022-04-01 19:00:00+00:00,2022-04-01 23:00:00+00:00,0.0,44000.0,"POLYGON ((-75.3 31.3, -71.45 31.15, -79 25.15, -79 27, -77 30.45, -75.3 31.3))"
YANKEE 2,2022-04-01 19:31:00+00:00,2022-04-01 23:30:00+00:00,0.0,53000.0,"POLYGON ((152.45 3.3, 155.15 0, 141.3 0, 142.15 2.45, 152.45 3.3))"
69E,2022-04-01 19:55:00+00:00,2022-04-01 21:55:00+00:00,0.0,45000.0,"POLYGON ((-76.62242876451066 29.02683697822481, -76.9624293609499 27.791649315363067, -80.20919234267305 25.953687719182962, -81.68186975425486 27.71564427904816, -76.62242876451066 29.02683697822481))"
2C,2022-04-01 19:55:00+00:00,2022-04-01 21:55:00+00:00,0.0,30000.0,"POLYGON ((-102.86667081059615 36.669528201358446, -100.91264790404726 36.33555796212931, -102.60694577183824 34.96089373870666, -104.90626557841539 35.19865911159894, -102.86667081059615 36.669528201358446))"
3C,2022-04-01 19:55:00+00:00,2022-04-01 21:55:00+00:00,0.0,45000.0,"POLYGON ((-98.8586000576213 34.52397320083708, -98.34400401550585 33.78530088021244, -99.11308607152121 33.988893195519246, -99.6410189280408 34.58958825228857, -98.8586000576213 34.52397320083708))"
ECHO 11,2022-04-01 20:20:00+00:00,2022-04-02 00:20:00+00:00,0.0,48000.0,"POLYGON ((-133.15 8.15, -126.15 6, -120 7.45, -120 3.3, -133 3.3, -133.15 8.15))"
70E,2022-04-01 20:55:00+00:00,2022-04-01 22:55:00+00:00,0.0,45000.0,"POLYGON ((-78.39258495235237 28.428185245373538, -78.97286876565066 26.675630616850057, -79.88682891835398 26.1523925928314, -81.87327953536558 28.068396541669177, -78.39258495235237 28.428185245373538))"
4C,2022-04-01 20:55:00+00:00,2022-04-01 22:55:00+00:00,0.0,33000.0,"POLYGON ((-100.17297382906494 36.57492411339965, -100.4437041883118 34.06249408633919, -103.03716566605415 34.9876972526654, -102.57649637475797 36.432090705902894, -100.17297382906494 36.57492411339965))"
5C,2022-04-01 20:55:00+00:00,2022-04-01 22:55:00+00:00,0.0,35000.0,"POLYGON ((-98.2337279024217 35.734769260608175, -97.54116281019098 34.08210751330618, -98.77551862488772 34.05352745234274, -99.41128249217098 35.41685161315762, -98.2337279024217 35.734769260608175))"
BRAVO 9,2022-04-01 21:25:00+00:00,2022-04-02 01:25:00+00:00,0.0,40000.0,"POLYGON ((-84.15 26.45, -83.3 25.15, -86.45 24.45, -87.15 25.3, -84.15 26.45))"
CHARLIE 4,2022-04-01 21:40:00+00:00,2022-04-02 01:40:00+00:00,0.0,45000.0,"POLYGON ((-70.3 34.45, -67.45 33.3, -76.3 26.3, -79 26.15, -78.3 28.3, -70.3 34.45))"
71E,2022-04-01 21:55:00+00:00,2022-04-01 23:55:00+00:00,0.0,45000.0,"POLYGON ((-78.56848498931308 28.36706140272879, -78.98651900960778 25.79427881205052, -80.48376056546543 26.326535858892065, -81.48452624875601 28.23251377770355, -78.56848498931308 28.36706140272879))"
6C,2022-04-01 21:55:00+00:00,2022-04-01 23:55:00+00:00,0.0,34000.0,"POLYGON ((-99.88 37.00547582294557, -99.73007728562416 34.55972590121787, -101.4875242138817 33.34635843709011, -103.04736508513709 36.254684808957734, -99.88 37.00547582294557))"
8C,2022-04-01 21:55:00+00:00,2022-04-01 23:55:00+00:00,0.0,25000.0,"POLYGON ((-100.03690789854596 46.758254416146386, -100.07759920820051 46.34955510549479, -100.67 46.037145302895524, -100.9104937299632 46.359048404101216, -100.03690789854596 46.758254416146386))"
7C,2022-04-01 21:55:00+00:00,2022-04-01 23:55:00+00:00,0.0,34000.0,"POLYGON ((-97.92 36.35, -96.47074129683838 34.208016023517764, -97.69444762816629 34.20888400333733, -99.21862770519435 36.11687635938062, -97.92 36.35))"
72E,2022-04-01 22:55:00+00:00,2022-04-02 00:55:00+00:00,0.0,45000.0,"POLYGON ((-78.05829211406056 29.265312143249012, -79.06133213016837 26.294299452237617, -80.28 25.966368955736392, -81.60723074669532 28.304457281261847, -78.05829211406056 29.265312143249012))"
9C,2022-04-01 22:55:00+00:00,2022-04-02 00:55:00+00:00,0.0,33000.0,"POLYGON ((-99.37438886261234 37.46653735327298, -98.59 34.48910686720918, -101.06847318920944 32.991297987484124, -102.11343107110142 36.211310567022366, -99.37438886261234 37.46653735327298))"
11C,2022-04-01 22:55:00+00:00,2022-04-02 00:55:00+00:00,0.0,24000.0,"POLYGON ((-99.40389782319906 46.75301810385542, -100.91046709871041 44.608848757437535, -101.72 44.646287181737314, -100.28085953809078 46.64868974153953, -99.40389782319906 46.75301810385542))"
10C,2022-04-01 22:55:00+00:00,2022-04-02 00:55:00+00:00,0.0,30000.0,"POLYGON ((-96.62050874760303 36.473759631542066, -95.64560364783542 34.58279374529244, -97.00859580584128 34.154569374765614, -98.4584929500787 36.34879197605953, -96.62050874760303 36.473759631542066))"
73E,2022-04-01 23:55:00+00:00,2022-04-02 01:55:00+00:00,0.0,45000.0,"POLYGON ((-78.21648200970473 28.48908274740241, -79.06133213016837 26.294299452237617, -80.28 25.966368955736392, -81.74040199298834 28.186491202038923, -78.21648200970473 28.48908274740241))"
14C,2022-04-01 23:55:00+00:00,2022-04-02 01:55:00+00:00,0.0,22000.0,"POLYGON ((-98.97028254245531 46.74741595367261, -98.70660666457356 45.6547883002816, -101.13598685121595 43.67996850265145, -101.22326302530142 44.725997082149966, -98.97028254245531 46.74741595367261))"
12C,2022-04-01 23:55:00+00:00,2022-04-02 01:55:00+00:00,0.0,32000.0,"POLYGON ((-99.40004872876624 37.26127423068664, -98.21868510652617 34.11677580134007, -100.77424882668845 32.795030997392566, -100.91264790404726 36.33555796212931, -99.40004872876624 37.26127423068664))"
13C,2022-04-01 23:55:00+00:00,2022-04-02 01:55:00+00:00,0.0,30000.0,"POLYGON ((-96.17154141539886 36.506076726741604, -95.40768087781868 34.542750790713086, -96.47074129683838 34.208016023517764, -97.5878570112698 36.46019047642058, -96.17154141539886 36.506076726741604))"
1E,2022-04-02 00:55:00+00:00,2022-04-02 02:55:00+00:00,0.0,45000.0,"POLYGON ((-78.74418212207864 28.30571205617317, -78.89055775947249 26.229303019077314, -80.20937575848426 25.64627808069757, -79.73853118833149 27.677972767282867, -78.74418212207864 28.30571205617317))"
3C,2022-04-02 00:55:00+00:00,2022-04-02 02:55:00+00:00,0.0,20000.0,"POLYGON ((-98.54940226129166 46.73742035279272, -97.9101909527889 46.187610543353436, -99.07870187409698 44.70325065161922, -101.72 44.580893132790834, -98.54940226129166 46.73742035279272))"
2C,2022-04-02 00:55:00+00:00,2022-04-02 02:55:00+00:00,0.0,26000.0,"POLYGON ((-95.55190228076735 36.66087937318012, -94.58003408062255 34.774783481838234, -95.2098522625778 34.37810492329278, -96.74623662550218 36.51453602298755, -95.55190228076735 36.66087937318012))"
1C,2022-04-02 00:55:00+00:00,2022-04-02 02:55:00+00:00,0.0,30000.0,"POLYGON ((-98.22201501336033 37.237118069084445, -97.17 34.21, -99.86 32.48, -100.46938313466951 32.989668983335854, -99.88 36.91828375768358, -98.22201501336033 37.237118069084445))"
CHARLIE 5,2022-04-02 01:15:00+00:00,2022-04-02 05:15:00+00:00,0.0,46000.0,"POLYGON ((-73.15 31.3, -71.45 29.45, -76.15 26.15, -79 25.45, -79 27, -73.15 31.3))"
2E,2022-04-02 01:55:00+00:00,2022-04-02 03:55:00+00:00,0.0,45000.0,"POLYGON ((-78.61144997081928 27.66733116033974, -78.98651900960778 25.79427881205052, -79.76700584083355 25.990099428596057, -79.73129622868689 27.448072961903527, -78.61144997081928 27.66733116033974))"
4C,2022-04-02 01:55:00+00:00,2022-04-02 03:55:00+00:00,0.0,30000.0,"POLYGON ((-99.13446017673844 35.06473933972422, -96.78150240763775 34.97791359740231, -98.67674048876654 32.47446493334528, -100.40777666184373 32.66981417587036, -99.13446017673844 35.06473933972422))"
5C,2022-04-02 01:55:00+00:00,2022-04-02 03:55:00+00:00,0.0,24000.0,"POLYGON ((-98.17137408199555 37.277956061486584, -96.85977915287548 34.82442983641846, -99.13446017673844 35.06473933972422, -99.4808474570229 37.10786330182102, -98.17137408199555 37.277956061486584))"
6C,2022-04-02 02:55:00+00:00,2022-04-02 04:55:00+00:00,0.0,30000.0,"POLYGON ((-97.99889302464013 36.19626917818363, -95.78 34.85, -98.35792696959226 32.03738773806416, -100.58675996907995 32.223244372259146, -97.99889302464013 36.19626917818363))"
3E,2022-04-02 02:55:00+00:00,2022-04-02 04:55:00+00:00,0.0,36000.0,"POLYGON ((-79.19049584944513 27.009114035463508, -79.15598479856006 25.79567974016229, -79.9384774835751 26.106281999028436, -79.19049584944513 27.009114035463508))"
4E,2022-04-02 03:55:00+00:00,2022-04-02 05:55:00+00:00,0.0,35000.0,"POLYGON ((-81.34 28.54, -80.49 27.82457093942089, -82.02560512265583 27.908454213710954, -81.34 28.54))"
7C,2022-04-02 03:55:00+00:00,2022-04-02 05:55:00+00:00,0.0,25000.0,"POLYGON ((-97.25854346026395 36.126875693084585, -95.13072663340314 34.62697379795357, -98.2890591074724 31.655951148463558, -100.93101246755236 31.77801136569521, -97.25854346026395 36.126875693084585))"
5E,2022-04-02 04:55:00+00:00,2022-04-02 06:55:00+00:00,0.0,43000.0,"POLYGON ((-81.11 28.967262088527214, -79.14696250387193 28.849917908083896, -78.04017616835857 28.549753072258635, -78.79928014299323 27.66973798985201, -81.92693955452833 27.907952943525746, -81.11 28.967262088527214))"
8C,2022-04-02 04:55:00+00:00,2022-04-02 06:55:00+00:00,0.0,26000.0,"POLYGON ((-97.1591385709576 36.092918688610936, -93.8831814328102 34.62085722434349, -97.99033620967357 31.403309752157494, -101.00390511226333 31.839373096427803, -97.73585886681921 33.73813637090367, -97.1591385709576 36.092918688610936))"
6E,2022-04-02 05:55:00+00:00,2022-04-02 07:55:00+00:00,0.0,45000.0,"POLYGON ((-79.01170039983428 29.283601544713342, -78.04017616835857 28.549753072258635, -78.61144997081928 27.66733116033974, -80.75626226908453 27.91502661376889, -80.98964477770947 28.666883625402374, -79.01170039983428 29.283601544713342))"
9C,2022-04-02 05:55:00+00:00,2022-04-02 07:55:00+00:00,0.0,28000.0,"POLYGON ((-96.61466059709414 35.92054325510009, -92.5191350759798 35.347362225281856, -96.79169685515598 31.25019924335483, -99.07077032781568 32.20091175217708, -97.00859580584128 34.154569374765614, -96.61466059709414 35.92054325510009))"
7E,2022-04-02 06:55:00+00:00,2022-04-02 08:55:00+00:00,0.0,45000.0,"POLYGON ((-79.3931486732552 29.289021921839478, -77.68695586025213 28.670408845141342, -78.36017565993521 27.306171963528065, -80.83673306509662 27.552235232348945, -81.11 28.967262088527214, -79.3931486732552 29.289021921839478))"
10C,2022-04-02 06:55:00+00:00,2022-04-02 08:55:00+00:00,0.0,28000.0,"POLYGON ((-93.48954805360304 37.052482923472624, -90.95 36.609106867209185, -95.80205953072348 31.53747738328739, -97.76990830639855 32.61321286290881, -95.35178266090281 34.49632675181385, -93.48954805360304 37.052482923472624))"
HOTEL 1,2022-04-02 07:10:00+00:00,2022-04-02 11:10:00+00:00,0.0,50000.0,"POLYGON ((-120.05 9.5, -119.55 3.35, -131.05 3.3, -132.25 8.4, -120.05 9.5))"
8E,2022-04-02 07:55:00+00:00,2022-04-02 09:55:00+00:00,0.0,45000.0,"POLYGON ((-79.69293906116516 29.80185252100621, -77.15560432621213 28.84966777351555, -77.48803233666251 27.611235972021877, -80.49 27.68, -80.53767976415757 29.298780093543147, -79.69293906116516 29.80185252100621))"
12C,2022-04-02 07:55:00+00:00,2022-04-02 09:55:00+00:00,0.0,30000.0,"POLYGON ((-90.95 36.94184477868197, -91.56778457425219 36.10841422826572, -93.54961155379007 36.057644937086124, -93.88174743647917 36.710878941177, -90.95 36.94184477868197))"
11C,2022-04-02 07:55:00+00:00,2022-04-02 09:55:00+00:00,0.0,25000.0,"POLYGON ((-93.83897199837985 35.03631157153431, -92.92534298724674 34.42306291183953, -94.07000000000001 33.177262088527215, -95.44230764160324 31.82990200716841, -96.31009169360146 32.61321286290881, -93.83897199837985 35.03631157153431))"
9E,2022-04-02 08:55:00+00:00,2022-04-02 10:55:00+00:00,0.0,43000.0,"POLYGON ((-78.97913111692964 30.047082757571303, -77.15560432621213 28.84966777351555, -77.48803233666251 27.611235972021877, -79.79734241549319 27.423611960799473, -80.23148116329597 28.97879293310473, -78.97913111692964 30.047082757571303))"
15C,2022-04-02 08:55:00+00:00,2022-04-02 10:55:00+00:00,0.0,28000.0,"POLYGON ((-89.45488213162677 30.319442990420686, -88.36 30.230893132790825, -89.39756107174146 28.923500816243394, -90.1 28.51452417705443, -90.86219487579237 29.177841928328096, -89.45488213162677 30.319442990420686))"
13C,2022-04-02 08:55:00+00:00,2022-04-02 10:55:00+00:00,0.0,25000.0,"POLYGON ((-93.33101463122763 35.068029229266116, -92.73943886321831 34.48772123099778, -93.44492912534544 32.64213722871149, -95.41168226960346 31.74635559768264, -96.34427913734362 32.279868995944135, -93.33101463122763 35.068029229266116))"
14C,2022-04-02 08:55:00+00:00,2022-04-02 10:55:00+00:00,0.0,28000.0,"POLYGON ((-91.58683389145921 36.61945456933378, -91.48684288773478 36.108802543230894, -93.62418572572638 36.08300146479337, -93.91312569340981 36.650520654115276, -91.58683389145921 36.61945456933378))"
DELTA 1,2022-04-02 09:00:00+00:00,2022-04-02 13:00:00+00:00,0.0,35000.0,"POLYGON ((-90.2 28.15, -88.2 28.15, -88.35 26.4, -90.25 27.35, -90.2 28.15))"
10E,2022-04-02 09:55:00+00:00,2022-04-02 11:55:00+00:00,0.0,45000.0,"POLYGON ((-77.30963848233473 30.50739239400086, -77.15560432621213 28.84966777351555, -77.31302444862477 27.671594119567153, -79.79734241549319 27.423611960799473, -79.69293906116516 29.80185252100621, -77.30963848233473 30.50739239400086))"
18C,2022-04-02 09:55:00+00:00,2022-04-02 11:55:00+00:00,0.0,28000.0,"POLYGON ((-93.65908588491781 32.462499738357806, -93.33196875464965 31.963166444608426, -95.645785444445 30.574489178409628, -96.17056413645045 30.66330160295102, -95.80205953072348 31.53747738328739, -93.65908588491781 32.462499738357806))"
16C,2022-04-02 09:55:00+00:00,2022-04-02 11:55:00+00:00,0.0,45000.0,"POLYGON ((-88.63438576941655 30.964992691111963, -87.6798477891261 30.140023192072924, -87.48383353268672 28.199594628992333, -91.03571626812398 28.35326538449789, -91.3 30.48, -88.63438576941655 30.964992691111963))"
17C,2022-04-02 09:55:00+00:00,2022-04-02 11:55:00+00:00,0.0,36000.0,"POLYGON ((-92.33992816525088 29.861128297009248, -91.25905699859284 29.175009466400848, -91.77281525911877 28.561035739589954, -93.11 28.694290605791064, -93.11 29.272574363474632, -92.33992816525088 29.861128297009248))"
ECHO 1,2022-04-02 10:25:00+00:00,2022-04-02 14:25:00+00:00,0.0,42000.0,"POLYGON ((-68.3 32.05, -65 31.1, -77.05 27.1, -77.1 29.15, -68.3 32.05))"
HOTEL 2,2022-04-02 10:45:00+00:00,2022-04-02 14:45:00+00:00,0.0,45000.0,"POLYGON ((-120.1 11, -120 5.4, -128.45 4.1, -129.15 9.5, -120.1 11))"
11E,2022-04-02 10:55:00+00:00,2022-04-02 12:55:00+00:00,0.0,45000.0,"POLYGON ((-77.17924536115109 30.643087863040467, -77.1378234558031 27.731732169128477, -79.79734241549319 27.423611960799473, -79.69293906116516 29.80185252100621, -77.17924536115109 30.643087863040467))"
19C,2022-04-02 10:55:00+00:00,2022-04-02 12:55:00+00:00,0.0,45000.0,"POLYGON ((-88.36 31.22910686720918, -87.6798477891261 30.140023192072924, -87.48383353268672 28.199594628992333, -90.46191404164996 28.410989377318607, -91.3 30.48, -88.36 31.22910686720918))"
21C,2022-04-02 10:55:00+00:00,2022-04-02 12:55:00+00:00,0.0,27000.0,"POLYGON ((-93.41428576839651 32.76937806789193, -93.33196875464965 31.963166444608426, -94.36124410965009 31.03216934077736, -95.07972136892346 31.28683335086115, -94.75 32.08726208852722, -93.41428576839651 32.76937806789193))"
20C,2022-04-02 10:55:00+00:00,2022-04-02 12:55:00+00:00,0.0,41000.0,"POLYGON ((-91.55539111628119 29.945486617907925, -91.16682421760719 28.788499032448307, -92.3543965037356 28.53504364351811, -93.11 28.694290605791064, -93.11 29.41714530289553, -91.55539111628119 29.945486617907925))"
DELTA 2,2022-04-02 11:05:00+00:00,2022-04-02 15:05:00+00:00,0.0,41000.0,"POLYGON ((-91 28.2, -87.5 28.2, -87.4 27.3, -91 27.4, -91 28.2))"
12E,2022-04-02 11:55:00+00:00,2022-04-02 13:55:00+00:00,0.0,43000.0,"POLYGON ((-77.17924536115109 30.643087863040467, -76.9624293609499 27.791649315363067, -78.53402530115817 27.244510149211685, -79.79410506873485 27.93292726169233, -79.77463338462778 29.293358650039814, -77.17924536115109 30.643087863040467))"
22C,2022-04-02 11:55:00+00:00,2022-04-02 13:55:00+00:00,0.0,45000.0,"POLYGON ((-88.50860879685226 31.037325110449682, -87.99257532348068 29.960957988443386, -87.48383353268672 28.199594628992333, -90.46191404164996 28.410989377318607, -91.3 30.48, -88.50860879685226 31.037325110449682))"
24C,2022-04-02 11:55:00+00:00,2022-04-02 13:55:00+00:00,0.0,26000.0,"POLYGON ((-93.9411999054651 32.50279933016782, -94.11943817202169 31.669742553949188, -94.55105470973223 31.159889712652067, -95.03253494920124 31.270272421064952, -94.75 32.130858121158205, -93.9411999054651 32.50279933016782))"
23C,2022-04-02 11:55:00+00:00,2022-04-02 13:55:00+00:00,0.0,45000.0,"POLYGON ((-91.68205693394701 29.67804627407629, -91.47014867842958 28.67510466823671, -92.3543965037356 28.53504364351811, -93.11 28.694290605791064, -93.11 29.41714530289553, -91.68205693394701 29.67804627407629))"
13E,2022-04-02 12:55:00+00:00,2022-04-02 14:55:00+00:00,0.0,42000.0,"POLYGON ((-77.04413479468433 30.266023031357665, -76.9624293609499 27.791649315363067, -78.70768203712859 27.182633878230448, -78.24894546662576 29.26951133538124, -77.04413479468433 30.266023031357665))"
14E,2022-04-02 12:55:00+00:00,2022-04-02 14:55:00+00:00,0.0,45000.0,"POLYGON ((-87.50811427913604 31.533211565618476, -83.22941797137003 31.28331922360778, -82.36260875527638 27.39987479688139, -84.10008087615607 26.81844441120513, -90.1 28.01541730984525, -87.50811427913604 31.533211565618476))"
25C,2022-04-02 12:55:00+00:00,2022-04-02 14:55:00+00:00,0.0,45000.0,"POLYGON ((-92.21846127132278 30.455321410040522, -89.45488213162677 30.319442990420686, -90.02718805080252 29.02627543496519, -91.84955358391116 28.531968360228927, -93.54766539449795 29.217044952265425, -92.21846127132278 30.455321410040522))"
DELTA 3,2022-04-02 13:15:00+00:00,2022-04-02 17:15:00+00:00,0.0,42000.0,"POLYGON ((-90.3 28.15, -86.15 28.15, -85.45 27, -90.15 27.3, -90.3 28.15))"
15E,2022-04-02 13:55:00+00:00,2022-04-02 15:55:00+00:00,0.0,34000.0,"POLYGON ((-76.26596603578217 29.143777698735065, -76.92536262025473 26.644934515787455, -79.05441703746935 27.05824119087265, -78.46416311678924 29.42983483114988, -76.26596603578217 29.143777698735065))"
16E,2022-04-02 13:55:00+00:00,2022-04-02 15:55:00+00:00,0.0,45000.0,"POLYGON ((-86.68285644890551 32.09214832534727, -83.04993252167742 31.347865617229136, -82.20334685953063 27.526904711845656, -84.78384580262998 26.554575717092625, -89.45232505005463 27.795099907769174, -86.68285644890551 32.09214832534727))"
26C,2022-04-02 13:55:00+00:00,2022-04-02 15:55:00+00:00,0.0,45000.0,"POLYGON ((-87.39789486030591 31.08268770101597, -89.45232505005463 27.795099907769174, -91.16819071059288 28.23463979765442, -93.40266712337696 29.524855935199767, -90.11146107879333 30.992504756746637, -87.39789486030591 31.08268770101597))"
QUEBEC 1,2022-04-02 14:09:00+00:00,2022-04-02 18:10:00+00:00,0.0,58000.0,"POLYGON ((158.3 8.3, 165.15 5.15, 163.15 3.3, 158 3.15, 158.3 8.3))"
ECHO 2,2022-04-02 14:25:00+00:00,2022-04-02 18:25:00+00:00,0.0,43000.0,"POLYGON ((-67.3 31.15, -66.45 30.3, -71.15 28.15, -77 26.45, -78.15 28.15, -67.3 31.15))"
18E,2022-04-02 14:55:00+00:00,2022-04-02 16:55:00+00:00,0.0,45000.0,"POLYGON ((-83.70363356061323 31.658659501556194, -81.8730889204524 29.297831298152747, -84.61320126728499 26.62084945254564, -93.11 28.642679398372472, -91.3 30.48, -83.70363356061323 31.658659501556194))"
17E,2022-04-02 14:55:00+00:00,2022-04-02 16:55:00+00:00,0.0,34000.0,"POLYGON ((-77.15560432621213 28.84966777351555, -76.92536262025473 26.644934515787455, -78.41435664634788 26.67016943413214, -79.36281421450062 27.675438843385773, -77.15560432621213 28.84966777351555))"
19E,2022-04-02 15:55:00+00:00,2022-04-02 17:55:00+00:00,0.0,45000.0,"POLYGON ((-82.36108508410653 31.232503948185368, -81.81677113187385 29.55280592310109, -84.61320126728499 26.62084945254564, -92.45646156159316 28.75503802079858, -91.70803822539564 30.12644293632149, -82.36108508410653 31.232503948185368))"
20E,2022-04-02 15:55:00+00:00,2022-04-02 17:55:00+00:00,0.0,33000.0,"POLYGON ((-79.34297768711181 27.775220655381872, -77.52352425830055 27.69738996006494, -77.53207183436798 27.49757269618774, -79.35152526317924 27.575403391504672, -79.34297768711181 27.775220655381872))"
27C,2022-04-02 16:55:00+00:00,2022-04-02 18:55:00+00:00,0.0,45000.0,"POLYGON ((-90.58845812612535 30.223401862014658, -89.14726391926212 29.176628054280616, -89.66633722551538 28.25707270258019, -90.74767494994536 27.795099907769174, -92.52820526904637 28.909078579739848, -90.58845812612535 30.223401862014658))"
21E,2022-04-02 16:55:00+00:00,2022-04-02 18:55:00+00:00,0.0,45000.0,"POLYGON ((-82.03230291485356 31.130203419340276, -80.77844250219314 29.29959058383582, -84.34450292649076 26.72463688928279, -89.47437058171619 27.842886500826612, -88.36 30.15171624231643, -82.03230291485356 31.130203419340276))"
22E,2022-04-02 16:55:00+00:00,2022-04-02 18:55:00+00:00,0.0,36000.0,"POLYGON ((-79.34596701926714 27.775303773968485, -77.37448475725537 27.74997886499067, -77.37705366901216 27.549995363940244, -79.34853593102392 27.57532027291806, -79.34596701926714 27.775303773968485))"
DELTA 4,2022-04-02 17:15:00+00:00,2022-04-02 21:15:00+00:00,0.0,42000.0,"POLYGON ((-89.15 28.15, -82.45 28, -83.15 26.3, -88.3 27, -89.15 28.15))"
QUEBEC 2,2022-04-02 17:50:00+00:00,2022-04-02 21:50:00+00:00,0.0,59000.0,"POLYGON ((158 9, 165.45 7, 163.15 3.3, 160 3.3, 160 2, 159 1.15, 156.45 5.3, 158 9))"
ZULU 1,2022-04-02 17:54:00+00:00,2022-04-02 21:55:00+00:00,0.0,52000.0,"POLYGON ((143.15 2.3, 146.15 0, 141 0, 143.15 2.3))"
23E,2022-04-02 17:55:00+00:00,2022-04-02 19:55:00+00:00,0.0,45000.0,"POLYGON ((-81.21304447229758 30.954484094797632, -79.01170039983428 29.283601544713342, -84.61320126728499 26.62084945254564, -90.1 27.183572531163286, -87.04779526586864 30.060955930196414, -81.21304447229758 30.954484094797632))"
28C,2022-04-02 17:55:00+00:00,2022-04-02 19:55:00+00:00,0.0,45000.0,"POLYGON ((-90.2212419157373 30.310930216173375, -88.36 29.232679398372472, -89.52345863671283 27.949127622195764, -90.1 27.682679398372468, -91.05273608073787 29.176628054280616, -90.2212419157373 30.310930216173375))"
24E,2022-04-02 17:55:00+00:00,2022-04-02 19:55:00+00:00,0.0,42000.0,"POLYGON ((-79.41074338043582 28.161278071901094, -77.3560513660768 27.748023875465798, -77.39548706019073 27.551950353465116, -79.45017907454975 27.965204549900413, -79.41074338043582 28.161278071901094))"
ECHO 3,2022-04-02 18:25:00+00:00,2022-04-02 22:25:00+00:00,0.0,43000.0,"POLYGON ((-70.15 30.3, -68.3 29.15, -70.15 28, -73.15 27.15, -73.45 28.3, -70.15 30.3))"
26E,2022-04-02 18:55:00+00:00,2022-04-02 20:55:00+00:00,0.0,43000.0,"POLYGON ((-78.39258495235237 28.428185245373538, -76.25892229599577 28.029092768429297, -77.11144810324207 26.648937268035965, -79.95847702015321 26.562298839719954, -78.39258495235237 28.428185245373538))"
25E,2022-04-02 18:55:00+00:00,2022-04-02 20:55:00+00:00,0.0,45000.0,"POLYGON ((-80.14593503855053 31.332856137251873, -78.05829211406056 29.265312143249012, -83.6011659730496 26.454944154176626, -90.1 27.183572531163286, -86.97469838740562 30.21484687132116, -80.14593503855053 31.332856137251873))"
27E,2022-04-02 19:55:00+00:00,2022-04-02 21:55:00+00:00,0.0,45000.0,"POLYGON ((-79.36799617291318 31.504854143236706, -78.43961397804969 29.273439933692682, -81.78 26.53, -89.169785923857 27.178629149523477, -85.06468176276314 30.65272130238764, -79.36799617291318 31.504854143236706))"
28E,2022-04-02 19:55:00+00:00,2022-04-02 21:55:00+00:00,0.0,45000.0,"POLYGON ((-78.32667223480911 29.545399506512194, -75.9060108127712 28.14646815479941, -77.29754623950882 26.652697726195516, -79.40038122409572 26.933000350378148, -78.32667223480911 29.545399506512194))"
30E,2022-04-02 20:55:00+00:00,2022-04-02 22:55:00+00:00,0.0,45000.0,"POLYGON ((-77.90182995378836 30.407647758682796, -76.80035650834265 28.968014159304357, -77.31302444862477 27.671594119567153, -79.15905003836006 26.67696566493167, -77.90182995378836 30.407647758682796))"
29E,2022-04-02 20:55:00+00:00,2022-04-02 22:55:00+00:00,0.0,45000.0,"POLYGON ((-83.56966379032643 31.403309752157494, -76.787847348351 31.7018065542093, -79.76865652948536 25.60810658510077, -88.00314972877277 28.399676889285463, -83.56966379032643 31.403309752157494))"
1W,2022-04-02 20:55:00+00:00,2022-04-02 22:55:00+00:00,0.0,29000.0,"POLYGON ((-117.62999999999998 48.724582690154755, -115.36499498536597 47.92076374304168, -116.32953308282778 47.26698737998059, -118.15653382930387 47.911722863842556, -117.62999999999998 48.724582690154755))"
2W,2022-04-02 20:55:00+00:00,2022-04-02 22:55:00+00:00,0.0,22000.0,"POLYGON ((-114.08474787112516 48.0562557004517, -113.135226543827 47.4993756847764, -113.73690199577403 46.067398101420885, -114.08 46.01821373441836, -114.08474787112516 48.0562557004517))"
DELTA 5,2022-04-02 21:10:00+00:00,2022-04-03 01:10:00+00:00,0.0,46000.0,"POLYGON ((-87.15 28, -83.45 27.3, -83.3 25.45, -89.15 26.3, -87.15 28))"
QUEBEC 3,2022-04-02 21:29:00+00:00,2022-04-03 01:25:00+00:00,0.0,57000.0,"POLYGON ((158.45 9.3, 165.15 7.3, 163.45 3.3, 160 3.3, 160 1.15, 157.45 1, 155.3 6.45, 158.45 9.3))"
ZULU 2,2022-04-02 21:31:00+00:00,2022-04-03 01:30:00+00:00,0.0,54000.0,"POLYGON ((141 1.3, 145 0, 141 0, 141 1.3))"
31E,2022-04-02 21:55:00+00:00,2022-04-02 23:55:00+00:00,0.0,45000.0,"POLYGON ((-76.74368634706377 32.03923455358845, -77.1378234558031 27.731732169128477, -80.28 25.8, -87.48383353268672 28.199594628992333, -82.51 31.54, -76.74368634706377 32.03923455358845))"
3W,2022-04-02 21:55:00+00:00,2022-04-02 23:55:00+00:00,0.0,24000.0,"POLYGON ((-117.62999999999998 48.724582690154755, -115.36499498536597 47.92076374304168, -116.02232479303922 46.8445728396809, -117.13692845305435 47.55894340871045, -117.62999999999998 48.724582690154755))"
32E,2022-04-02 22:55:00+00:00,2022-04-03 00:55:00+00:00,0.0,45000.0,"POLYGON ((-81.11 32.16, -76.96628630468636 31.769981500275684, -76.92536262025473 26.644934515787455, -82.71166105579938 25.41072961911324, -86.68 28.334465663954106, -81.11 32.16))"
4W,2022-04-02 22:55:00+00:00,2022-04-03 00:55:00+00:00,0.0,25000.0,"POLYGON ((-109.72588054941555 46.76243927306905, -107.76713724468165 46.39505363055692, -107.74200061278442 45.5519605380617, -110.58406191223197 45.2200543980234, -109.72588054941555 46.76243927306905))"
33E,2022-04-02 23:55:00+00:00,2022-04-03 01:55:00+00:00,0.0,45000.0,"POLYGON ((-76.67065906260929 31.884832305941785, -76.4350886114612 27.970067284132778, -80.28 25.8, -83.6582426741821 25.817390278613956, -85.96360811662267 28.978394553899797, -76.67065906260929 31.884832305941785))"
5W,2022-04-02 23:55:00+00:00,2022-04-03 01:55:00+00:00,0.0,20000.0,"POLYGON ((-109.37835276478404 46.80275361669764, -106.99774823690899 46.375215317424164, -107.06 45.418283757683575, -109.63358818710444 45.08989023165242, -109.37835276478404 46.80275361669764))"
DELTA 6,2022-04-03 00:35:00+00:00,2022-04-03 04:35:00+00:00,0.0,47000.0,"POLYGON ((-84.3 27.45, -83.15 25, -87.45 25.15, -88.45 26.3, -84.3 27.45))"
1E,2022-04-03 00:55:00+00:00,2022-04-03 02:55:00+00:00,0.0,45000.0,"POLYGON ((-80.79946739632095 30.083412642324504, -80.60519661227653 26.488071277098406, -83.6582426741821 25.817390278613956, -84.5195922298091 28.29786480597258, -80.79946739632095 30.083412642324504))"
2E,2022-04-03 00:55:00+00:00,2022-04-03 02:55:00+00:00,0.0,40000.0,"POLYGON ((-79.38977520360127 30.322896957722662, -77.04413479468433 30.266023031357665, -76.18116293791311 26.62650180355686, -80.62107881325234 25.672269089729642, -79.38977520360127 30.322896957722662))"
1W,2022-04-03 00:55:00+00:00,2022-04-03 02:55:00+00:00,0.0,25000.0,"POLYGON ((-111.28113353149982 46.41704621999312, -110.09135202584264 46.14643173773451, -110.36787048745474 45.28725710356707, -111.70575987578717 45.83511504111643, -111.28113353149982 46.41704621999312))"
QUEBEC 4,2022-04-03 00:55:00+00:00,2022-04-03 04:50:00+00:00,0.0,55000.0,"POLYGON ((163.3 8, 161.45 3.3, 160 3.3, 160 0.15, 154.45 3.15, 155.15 8.15, 160.15 9.15, 163.3 8))"
FOXTROT 1,2022-04-03 01:20:00+00:00,2022-04-03 05:20:00+00:00,0.0,43000.0,"POLYGON ((-77 30.45, -75.15 30.45, -75 27.3, -79 25, -79 27, -77 30.45))"
3E,2022-04-03 01:55:00+00:00,2022-04-03 03:55:00+00:00,0.0,45000.0,"POLYGON ((-81.34 28.54, -78.70768203712859 27.182633878230448, -78.98651900960778 25.79427881205052, -83.6582426741821 25.817390278613956, -84.5625264528548 27.89720728744805, -81.34 28.54))"
4E,2022-04-03 02:55:00+00:00,2022-04-03 04:55:00+00:00,0.0,45000.0,"POLYGON ((-78.39258495235237 28.428185245373538, -78.98651900960778 25.79427881205052, -83.32829517781497 25.15526690948867, -84.2371486005722 27.32825693463806, -78.39258495235237 28.428185245373538))"
FOXTROT 2,2022-04-03 03:35:00+00:00,2022-04-03 07:35:00+00:00,0.0,42000.0,"POLYGON ((-72.45 30.45, -73.15 28, -77.15 25.3, -79 26.45, -75.3 30.45, -72.45 30.45))"
DELTA 7,2022-04-03 03:45:00+00:00,2022-04-03 07:45:00+00:00,0.0,45000.0,"POLYGON ((-84.15 27.15, -83.3 25.15, -86 24.45, -87.3 25.45, -84.15 27.15))"
5E,2022-04-03 03:55:00+00:00,2022-04-03 05:55:00+00:00,0.0,40000.0,"POLYGON ((-80.49 27.84636895573639, -80.28 24.96815522131804, -83.08069713220173 24.58458406935596, -84.10008087615607 26.81844441120513, -80.49 27.84636895573639))"
6E,2022-04-03 04:55:00+00:00,2022-04-03 06:55:00+00:00,0.0,36000.0,"POLYGON ((-80.60519661227653 26.488071277098406, -80.70225120345002 24.586020889740663, -83.26364094710507 24.582926252780663, -83.99087710633145 26.098574124334636, -80.60519661227653 26.488071277098406))"
7E,2022-04-03 04:55:00+00:00,2022-04-03 06:55:00+00:00,0.0,30000.0,"POLYGON ((-76.57372982515872 33.89749217730992, -76.02243555084308 33.699426699793655, -76.60350539699624 33.28469139114844, -77.41230822478333 33.42691662199826, -76.57372982515872 33.89749217730992))"
8E,2022-04-03 05:55:00+00:00,2022-04-03 07:55:00+00:00,0.0,45000.0,"POLYGON ((-80.28 25.300893132790826, -80.62095753929755 24.139753076510644, -82.97904246070244 24.139753076510644, -83.32829517781497 25.15526690948867, -80.28 25.300893132790826))"
9E,2022-04-03 05:55:00+00:00,2022-04-03 07:55:00+00:00,0.0,33000.0,"POLYGON ((-76.0565913501922 34.33663054389656, -75.47369288951381 33.49892397615319, -76.46471044237626 33.165535224984644, -77.02217490022191 33.641227356518534, -76.0565913501922 34.33663054389656))"
10E,2022-04-03 05:55:00+00:00,2022-04-03 07:55:00+00:00,0.0,30000.0,"POLYGON ((-80.14342505466726 26.09518618941885, -79.96160687284907 26.09518618941885, -79.96160687284907 25.91336800760067, -80.14342505466726 25.91336800760067, -80.14342505466726 26.09518618941885))"
DELTA 8,2022-04-03 06:50:00+00:00,2022-04-03 10:50:00+00:00,0.0,45000.0,"POLYGON ((-84.15 26.45, -83.3 25.15, -86 24.15, -87.15 25.45, -84.15 26.45))"
FOXTROT 3,2022-04-03 06:50:00+00:00,2022-04-03 10:50:00+00:00,0.0,42000.0,"POLYGON ((-73.45 31.3, -71.15 31, -73 27.45, -76.45 25.3, -78 26, -73.45 31.3))"
11E,2022-04-03 06:55:00+00:00,2022-04-03 08:55:00+00:00,0.0,40000.0,"POLYGON ((-80.28 24.96815522131804, -80.62095753929755 24.139753076510644, -81.9396913680788 24.282525914214236, -81.65962097033257 24.89734458233867, -80.28 24.96815522131804))"
12E,2022-04-03 06:55:00+00:00,2022-04-03 08:55:00+00:00,0.0,30000.0,"POLYGON ((-75.6537279468731 34.33002969055372, -75.29134565535617 33.431553251189904, -76.32629249359711 33.046225507906435, -77.33697775851961 33.27290691262983, -75.6537279468731 34.33002969055372))"
14E,2022-04-03 07:55:00+00:00,2022-04-03 09:55:00+00:00,0.0,30000.0,"POLYGON ((-75.02669109969132 35.313314744045755, -75.02904151490385 33.9488575179407, -77.0382851343027 32.656419589869714, -77.26191260735983 33.11885193382826, -75.02669109969132 35.313314744045755))"
13E,2022-04-03 07:55:00+00:00,2022-04-03 09:55:00+00:00,0.0,35000.0,"POLYGON ((-79.37160440807766 24.97370270455796, -80.11821626746654 23.944023011476602, -82.07870782025289 23.9749247783217, -81.86993084082431 24.436278990821055, -79.37160440807766 24.97370270455796))"
DELTA 9,2022-04-03 08:10:00+00:00,2022-04-03 12:10:00+00:00,0.0,47000.0,"POLYGON ((-83.45 26.15, -83.15 24.45, -85.3 24, -86.3 25, -83.45 26.15))"
FOXTROT 4,2022-04-03 08:10:00+00:00,2022-04-03 12:10:00+00:00,0.0,39000.0,"POLYGON ((-72.3 32, -70.45 31, -72.15 27.45, -76.15 25.45, -76.45 26.3, -72.3 32))"
15E,2022-04-03 08:55:00+00:00,2022-04-03 10:55:00+00:00,0.0,29000.0,"POLYGON ((-79.37160440807766 24.97370270455796, -79.5128567803571 24.10724738331726, -81.02807859467377 23.882195511106563, -80.51930286779827 24.58458406935596, -79.37160440807766 24.97370270455796))"
16E,2022-04-03 08:55:00+00:00,2022-04-03 10:55:00+00:00,0.0,28000.0,"POLYGON ((-75.02669109969132 35.313314744045755, -73.90021744915809 34.35593367745108, -77.9792078756522 31.108432486859222, -78.65728330880478 31.705967249332993, -75.02669109969132 35.313314744045755))"
17E,2022-04-03 09:55:00+00:00,2022-04-03 11:55:00+00:00,0.0,30000.0,"POLYGON ((-74.66500063800791 35.74109072870559, -73.35575740293993 35.27164877728828, -76.05057862301025 32.80714986095124, -77.16250051869676 33.759758054480585, -74.66500063800791 35.74109072870559))"
18E,2022-04-03 10:55:00+00:00,2022-04-03 12:55:00+00:00,0.0,34000.0,"POLYGON ((-74.47702885257405 35.67489660334179, -72.98449992005833 35.13494418784608, -75.91327822438343 32.68738613299373, -76.75806151953049 33.962967262902886, -74.47702885257405 35.67489660334179))"
GOLF 1,2022-04-03 11:00:00+00:00,2022-04-03 15:00:00+00:00,0.0,45000.0,"POLYGON ((-87 27.15, -85 26.3, -85 26, -87.45 25.45, -87 27.15))"
DELTA 10,2022-04-03 11:05:00+00:00,2022-04-03 15:05:00+00:00,0.0,30000.0,"POLYGON ((-83.3 25.3, -83 24, -85.3 24, -86 24.45, -83.3 25.3))"
FOXTROT 5,2022-04-03 11:05:00+00:00,2022-04-03 15:05:00+00:00,0.0,34000.0,"POLYGON ((-71.15 35.45, -68.45 34.3, -69.3 29.45, -73.3 27.15, -76.45 26.45, -71.15 35.45))"
19E,2022-04-03 11:55:00+00:00,2022-04-03 13:55:00+00:00,0.0,34000.0,"POLYGON ((-74.14650881339011 37.89641630566643, -72.43731817834639 37.19360502431225, -75.10928185556631 33.36391611371047, -76.20591680798546 33.76572079614409, -74.14650881339011 37.89641630566643))"
ROMEO 1,2022-04-03 12:16:00+00:00,2022-04-03 16:15:00+00:00,0.0,55000.0,"POLYGON ((133 13, 135.15 12.45, 136.45 9.15, 133.3 8.45, 131.3 11.3, 133 13))"
20E,2022-04-03 12:55:00+00:00,2022-04-03 14:55:00+00:00,0.0,34000.0,"POLYGON ((-73.45582336805289 38.033461230211444, -72.58141744893663 37.314117035316904, -72.61449218536606 34.997111206835285, -76.05057862301025 32.80714986095124, -73.45582336805289 38.033461230211444))"
21E,2022-04-03 13:55:00+00:00,2022-04-03 15:55:00+00:00,0.0,30000.0,"POLYGON ((-72.83733237032443 38.44680654051038, -71.86951135689726 38.108070973791584, -73.7612320341291 34.23553982536499, -76.05057862301025 32.80714986095124, -72.83733237032443 38.44680654051038))"
22E,2022-04-03 14:55:00+00:00,2022-04-03 16:55:00+00:00,0.0,30000.0,"POLYGON ((-72.83733237032443 38.44680654051038, -71.86951135689726 38.108070973791584, -73.7612320341291 34.23553982536499, -76.05057862301025 32.80714986095124, -72.83733237032443 38.44680654051038))"
23E,2022-04-03 14:55:00+00:00,2022-04-03 16:55:00+00:00,0.0,35000.0,"POLYGON ((-79.11923161623405 26.676700544450764, -79.15598479856006 25.79567974016229, -79.68768989458619 25.577501682120047, -79.2810215785833 26.67770868792275, -79.11923161623405 26.676700544450764))"
GOLF 2,2022-04-03 15:00:00+00:00,2022-04-03 19:00:00+00:00,0.0,42000.0,"POLYGON ((-83.3 27.15, -82.3 26, -86.45 24.45, -87 26.45, -83.3 27.15))"
ROMEO 2,2022-04-03 15:01:00+00:00,2022-04-03 19:00:00+00:00,0.0,57000.0,"POLYGON ((130 13.15, 134 13, 135.3 9.3, 133 8.15, 130 11.15, 130 13.15))"
FOXTROT 6,2022-04-03 15:05:00+00:00,2022-04-03 19:05:00+00:00,0.0,43000.0,"POLYGON ((-71.45 30.15, -71 29, -72.3 27.3, -74.3 28.3, -71.45 30.15))"
24E,2022-04-03 15:55:00+00:00,2022-04-03 17:55:00+00:00,0.0,30000.0,"POLYGON ((-73.01650113428165 37.67459603391035, -72.58141744893663 37.314117035316904, -72.61449218536606 34.997111206835285, -74.10202207210175 35.54163455364396, -73.01650113428165 37.67459603391035))"
25E,2022-04-03 15:55:00+00:00,2022-04-03 17:55:00+00:00,0.0,35000.0,"POLYGON ((-79.11923161623405 26.676700544450764, -79.24490766085222 25.409067164610466, -79.82737390442078 25.390392131449328, -79.34440292302335 26.401430686011913, -79.11923161623405 26.676700544450764))"
26E,2022-04-03 16:55:00+00:00,2022-04-03 18:55:00+00:00,0.0,30000.0,"POLYGON ((-73.2462114092309 37.86287675709625, -72.86597049247547 37.55045114356834, -72.95392816712837 36.216672990514105, -73.67046679808024 36.233785184620565, -73.2462114092309 37.86287675709625))"
FOXTROT 7,2022-04-03 17:00:00+00:00,2022-04-03 21:00:00+00:00,0.0,44000.0,"POLYGON ((-70.3 31, -67.3 29.3, -77.3 25.15, -78.45 26.15, -70.3 31))"
27E,2022-04-03 17:55:00+00:00,2022-04-03 19:55:00+00:00,0.0,25000.0,"POLYGON ((-72.32 40.05257436347464, -72.32 39.47429060579107, -73.09243672142622 38.534248482897574, -73.49604823111727 39.092737430860744, -72.32 40.05257436347464))"
ROMEO 3,2022-04-03 18:27:00+00:00,2022-04-03 22:30:00+00:00,0.0,59000.0,"POLYGON ((130 14.3, 133.45 16.45, 135.45 9.3, 133 8.15, 130 11.15, 130 14.3))"
GOLF 3,2022-04-03 18:30:00+00:00,2022-04-03 22:30:00+00:00,0.0,45000.0,"POLYGON ((-84.3 27.45, -83.3 25.15, -84.45 24.45, -88 25.45, -84.3 27.45))"
28E,2022-04-03 18:55:00+00:00,2022-04-03 20:55:00+00:00,0.0,25000.0,"POLYGON ((-75.41162361345005 40.37523476158962, -74.02891554564773 40.12599240876491, -74.05485024529997 39.09762842507918, -75.06422274067756 39.30415643119809, -75.41162361345005 40.37523476158962))"
29E,2022-04-03 18:55:00+00:00,2022-04-03 20:55:00+00:00,0.0,40000.0,"POLYGON ((-84.31590538561274 27.900339628564925, -83.35085788746275 26.682127353065905, -82.02620557728466 25.99552441694599, -83.27538339444109 25.136042973770163, -84.31590538561274 27.900339628564925))"
30E,2022-04-03 19:55:00+00:00,2022-04-03 21:55:00+00:00,0.0,45000.0,"POLYGON ((-84.10008087615607 26.81844441120513, -82.17325249751944 26.17653939656358, -83.26364094710507 24.582926252780663, -84.10008087615607 26.81844441120513))"
31E,2022-04-03 19:55:00+00:00,2022-04-03 21:55:00+00:00,0.0,37000.0,"POLYGON ((-80.7617303561322 25.799206454241002, -80.05329944484717 25.595370208214597, -80.28 25.07714530289553, -80.58554341516142 25.131850901814374, -80.7617303561322 25.799206454241002))"
32E,2022-04-03 19:55:00+00:00,2022-04-03 21:55:00+00:00,0.0,29000.0,"POLYGON ((-71.88593355481447 40.11778403224304, -70.03 38.9668649692657, -71.04770583093143 38.50868431997799, -72.87626870937031 39.311674708197586, -71.88593355481447 40.11778403224304))"
33E,2022-04-03 19:55:00+00:00,2022-04-03 21:55:00+00:00,0.0,25000.0,"POLYGON ((-75.32886028701772 40.46881810921039, -74.64736657009509 40.22049621920638, -73.73664069134598 39.59663345448853, -74.45523811985984 39.210142532477526, -75.32886028701772 40.46881810921039))"
GOLF 4,2022-04-03 20:00:00+00:00,2022-04-04 00:00:00+00:00,0.0,45000.0,"POLYGON ((-84 26.45, -82.45 24, -87 24.15, -87.45 25.3, -84 26.45))"
FOXTROT 8,2022-04-03 20:15:00+00:00,2022-04-04 00:15:00+00:00,0.0,40000.0,"POLYGON ((-61 33.45, -63.45 30.3, -76.3 24.45, -78 26, -63.3 33.3, -61 33.45))"
34E,2022-04-03 20:55:00+00:00,2022-04-03 22:55:00+00:00,0.0,45000.0,"POLYGON ((-81.78 27.02910686720918, -78.92007418187025 25.284354710145234, -82.81112116311739 24.20463046264165, -84.10008087615607 26.81844441120513, -81.78 27.02910686720918))"
36E,2022-04-03 20:55:00+00:00,2022-04-03 22:55:00+00:00,0.0,21000.0,"POLYGON ((-74.22903000328073 40.83429995085863, -73.43403988304122 39.49739887272761, -73.6706614384017 39.22931115699623, -74.86321523771913 39.81919445592741, -74.22903000328073 40.83429995085863))"
35E,2022-04-03 20:55:00+00:00,2022-04-03 22:55:00+00:00,0.0,27000.0,"POLYGON ((-71.10658688901002 40.53162012229959, -70.03 38.618096708217735, -70.86334728687149 38.14394774694664, -72.32 39.25631044263608, -71.10658688901002 40.53162012229959))"
37E,2022-04-03 21:55:00+00:00,2022-04-03 23:55:00+00:00,0.0,45000.0,"POLYGON ((-80.09 26.68, -78.92007418187025 25.284354710145234, -82.81112116311739 24.20463046264165, -83.73133591168641 26.336271200575712, -80.09 26.68))"
38E,2022-04-03 21:55:00+00:00,2022-04-03 23:55:00+00:00,0.0,20000.0,"POLYGON ((-73.77 40.63, -73.40910238384417 39.9616046033541, -74.43000000000002 39.9645709394209, -73.77 40.63))"
1C,2022-04-03 21:55:00+00:00,2022-04-03 23:55:00+00:00,0.0,33000.0,"POLYGON ((-102.72930173159685 31.86897943300836, -102.19 31.720858121158212, -102.85133868903137 30.682804008643735, -103.31714488919411 30.949562495703823, -102.72930173159685 31.86897943300836))"
ROMEO 4,2022-04-03 22:24:00+00:00,2022-04-04 02:30:00+00:00,0.0,59000.0,"POLYGON ((130 14.3, 133.45 16.45, 135.45 9.3, 132 7.45, 130 11.15, 130 14.3))"
FOXTROT 9,2022-04-03 22:25:00+00:00,2022-04-04 02:25:00+00:00,0.0,38000.0,"POLYGON ((-62.3 34.15, -59.3 33.3, -71.15 27.15, -69.3 30, -62.3 34.15))"
39E,2022-04-03 22:55:00+00:00,2022-04-04 00:55:00+00:00,0.0,44000.0,"POLYGON ((-83.73133591168641 26.336271200575712, -79.06133213016837 26.294299452237617, -78.92007418187025 25.284354710145234, -82.81112116311739 24.20463046264165, -83.73133591168641 26.336271200575712))"
3C,2022-04-03 22:55:00+00:00,2022-04-04 00:55:00+00:00,0.0,30000.0,"POLYGON ((-100.59088404073808 32.73255585949597, -99.78439866261203 32.63368228509672, -100.41492304560786 32.00821909695236, -101.2829681059151 32.07315483426925, -100.59088404073808 32.73255585949597))"
2C,2022-04-03 22:55:00+00:00,2022-04-04 00:55:00+00:00,0.0,33000.0,"POLYGON ((-102.55303404780884 32.13681644489905, -101.40521346859894 32.00758420984056, -102.2650174601098 30.69336544469163, -103.36797830218022 30.949420618964208, -102.55303404780884 32.13681644489905))"
GOLF 5,2022-04-03 23:50:00+00:00,2022-04-04 03:50:00+00:00,0.0,45000.0,"POLYGON ((-83.45 26.3, -82.45 24, -86 24, -86.45 24.45, -83.45 26.3))"
40E,2022-04-03 23:55:00+00:00,2022-04-04 01:55:00+00:00,0.0,40000.0,"POLYGON ((-78.89055775947249 26.229303019077314, -79.11432033787685 24.736606726236346, -82.81112116311739 24.20463046264165, -83.8612390655358 26.21748090730025, -78.89055775947249 26.229303019077314))"
5C,2022-04-03 23:55:00+00:00,2022-04-04 01:55:00+00:00,0.0,38000.0,"POLYGON ((-99.19195388358558 33.988534277029245, -98.59 33.49089313279083, -99.44326832297509 32.12639114916932, -100.82592793615227 32.13797674495977, -99.19195388358558 33.988534277029245))"
4C,2022-04-03 23:55:00+00:00,2022-04-04 01:55:00+00:00,0.0,36000.0,"POLYGON ((-101.63219105143028 32.479342979329445, -100.86179968284802 31.016420160068012, -102.83200137390558 30.64250592863918, -102.60781519748672 32.36223752213527, -101.63219105143028 32.479342979329445))"
7C,2022-04-03 23:55:00+00:00,2022-04-04 01:55:00+00:00,0.0,23000.0,"POLYGON ((-95.59981672197165 39.286838040909956, -95.94386493464518 37.74588626897627, -97.58 38.249106867209186, -95.59981672197165 39.286838040909956))"
FOXTROT 10,2022-04-03 23:55:00+00:00,2022-04-04 03:55:00+00:00,0.0,39000.0,"POLYGON ((-62.15 33.3, -60.45 32.3, -65 30.45, -65 32.15, -62.15 33.3))"
6C,2022-04-03 23:55:00+00:00,2022-04-04 01:55:00+00:00,0.0,25000.0,"POLYGON ((-105.10861383102822 38.06674308727004, -104.2895401859542 38.022783860635606, -104.87 36.923712818262686, -106.2042216340863 37.04269633762434, -105.10861383102822 38.06674308727004))"
HOTEL 1,2022-04-04 00:35:00+00:00,2022-04-04 04:35:00+00:00,0.0,34000.0,"POLYGON ((-65.15 39.15, -67.3 35.15, -70.3 35.45, -68.45 38.3, -65.15 39.15))"
2E,2022-04-04 00:55:00+00:00,2022-04-04 02:55:00+00:00,0.0,37000.0,"POLYGON ((-79.08942577615537 25.349494405187173, -78.9860466174684 24.617894306950927, -79.72000179692368 24.569293734988953, -80.28 24.96815522131804, -79.08942577615537 25.349494405187173))"
1E,2022-04-04 00:55:00+00:00,2022-04-04 02:55:00+00:00,0.0,38000.0,"POLYGON ((-82.33784439516555 26.528914736607334, -81.8 25.25547582294557, -83.08069713220173 24.58458406935596, -83.73133591168641 26.336271200575712, -82.33784439516555 26.528914736607334))"
1C,2022-04-04 00:55:00+00:00,2022-04-04 02:55:00+00:00,0.0,44000.0,"POLYGON ((-100.77424882668845 32.795030997392566, -100.39985137967554 30.59871439088051, -102.5699963197468 30.596430960522778, -101.88763086609984 32.624461259451536, -100.77424882668845 32.795030997392566))"
3C,2022-04-04 00:55:00+00:00,2022-04-04 02:55:00+00:00,0.0,44000.0,"POLYGON ((-98.35664168042017 35.652310019663666, -98.97745958808196 34.75791864122066, -99.54287107148174 34.62239869812676, -99.41128249217098 35.41685161315762, -98.35664168042017 35.652310019663666))"
2C,2022-04-04 00:55:00+00:00,2022-04-04 02:55:00+00:00,0.0,39000.0,"POLYGON ((-99.14488870346338 33.79775385358701, -98.28504832915135 33.37480363990927, -98.77140752299898 32.0933119476073, -100.40545680671474 32.28782345440256, -99.14488870346338 33.79775385358701))"
1W,2022-04-04 00:55:00+00:00,2022-04-04 02:55:00+00:00,0.0,35000.0,"POLYGON ((-119.22806598004561 37.34909836278208, -118.65720741407773 37.290809480907924, -117.62346893460006 36.09095110538684, -118.37233729644903 36.06602474992628, -119.22806598004561 37.34909836278208))"
4C,2022-04-04 00:55:00+00:00,2022-04-04 02:55:00+00:00,0.0,26000.0,"POLYGON ((-95.42812373254102 39.06667196808214, -94.63145829063698 38.53704749625457, -95.92560532254139 37.157788153265045, -97.58 38.03914187884179, -95.42812373254102 39.06667196808214))"
7C,2022-04-04 01:55:00+00:00,2022-04-04 03:55:00+00:00,0.0,42000.0,"POLYGON ((-99.01158527489102 35.631004248156735, -97.4431880484259 35.7073085533572, -97.91007166264056 34.78478333542, -99.16761186344122 34.74688393419815, -99.01158527489102 35.631004248156735))"
5C,2022-04-04 01:55:00+00:00,2022-04-04 03:55:00+00:00,0.0,45000.0,"POLYGON ((-101.04325951123346 32.47446493334528, -99.59703277627032 31.06092458133462, -100.77000000000001 30.025475822945566, -102.4434048396481 30.75789165190176, -101.04325951123346 32.47446493334528))"
6C,2022-04-04 01:55:00+00:00,2022-04-04 03:55:00+00:00,0.0,42000.0,"POLYGON ((-98.18869484734235 33.9893485621589, -97.11567126452624 32.71627234050834, -100.22519284524951 31.830918703017723, -101.53073850537932 32.93089498094689, -98.18869484734235 33.9893485621589))"
2W,2022-04-04 01:55:00+00:00,2022-04-04 03:55:00+00:00,0.0,28000.0,"POLYGON ((-119.07892981727682 37.465909777664244, -118.24878101504174 37.07679488251606, -117.62346893460006 36.09095110538684, -118.37233729644903 36.06602474992628, -119.07892981727682 37.465909777664244))"
8C,2022-04-04 01:55:00+00:00,2022-04-04 03:55:00+00:00,0.0,36000.0,"POLYGON ((-94.74 38.856287181737315, -95.2 36.72628718173731, -97.20201517604802 36.347852422817446, -97.36894271074799 38.15051068003595, -94.74 38.856287181737315))"
ROMEO 5,2022-04-04 02:39:00+00:00,2022-04-04 06:40:00+00:00,0.0,58000.0,"POLYGON ((130 13.3, 133.45 16, 134.45 7.45, 130.45 7.15, 130 11.15, 130 13.3))"
9C,2022-04-04 02:55:00+00:00,2022-04-04 04:55:00+00:00,0.0,42000.0,"POLYGON ((-99.72308159869397 33.89812855337828, -96.47674616855943 33.33930182712991, -100.36405945635369 30.128305530125854, -101.90895905218223 30.563583605996868, -99.72308159869397 33.89812855337828))"
11C,2022-04-04 02:55:00+00:00,2022-04-04 04:55:00+00:00,0.0,30000.0,"POLYGON ((-96.4076313962207 38.12620694403504, -94.75921582054427 36.80626036111646, -96.61464996668805 36.19717157515946, -97.13576946720363 37.39624276562826, -96.4076313962207 38.12620694403504))"
12C,2022-04-04 02:55:00+00:00,2022-04-04 04:55:00+00:00,0.0,31000.0,"POLYGON ((-93.47663562408421 36.15235625473855, -93.11299926044784 36.15235625473855, -93.11299926044784 35.78871989110219, -93.47663562408421 35.78871989110219, -93.47663562408421 36.15235625473855))"
10C,2022-04-04 02:55:00+00:00,2022-04-04 04:55:00+00:00,0.0,45000.0,"POLYGON ((-97.58879974580704 36.23889296749306, -96.10595025367992 34.96021520741663, -98.79112953781748 34.39053497277965, -99.06231752208213 34.92406334702619, -97.58879974580704 36.23889296749306))"
HOTEL 2,2022-04-04 03:40:00+00:00,2022-04-04 07:40:00+00:00,0.0,34000.0,"POLYGON ((-63.45 38.45, -65.45 35, -68 35.45, -66.15 38.3, -63.45 38.45))"
16C,2022-04-04 03:55:00+00:00,2022-04-04 05:55:00+00:00,0.0,31000.0,"POLYGON ((-93.29482275630536 36.24716639307991, -92.39141112664508 36.10136698379441, -92.72914155895839 35.75470791941393, -93.68433815761743 35.896286975798326, -93.29482275630536 36.24716639307991))"
13C,2022-04-04 03:55:00+00:00,2022-04-04 05:55:00+00:00,0.0,39000.0,"POLYGON ((-97.94395930680587 34.20961251796685, -97.04 32.87, -99.82 30.6, -101.16373061535499 30.754660389724044, -99.95750057723825 33.701718788155844, -97.94395930680587 34.20961251796685))"
15C,2022-04-04 03:55:00+00:00,2022-04-04 05:55:00+00:00,0.0,36000.0,"POLYGON ((-95.69206971980854 38.09395119152935, -94.69831603197402 36.99296699057877, -95.85867692015073 36.33354652826099, -96.906328527342 37.52678068640859, -95.69206971980854 38.09395119152935))"
14C,2022-04-04 03:55:00+00:00,2022-04-04 05:55:00+00:00,0.0,45000.0,"POLYGON ((-97.02252825266662 36.34664445270518, -95.91527181970882 35.117057457839685, -98.96122258226967 34.296124390011755, -98.66411801287954 35.39533389263525, -97.02252825266662 36.34664445270518))"
17C,2022-04-04 04:55:00+00:00,2022-04-04 06:55:00+00:00,0.0,38000.0,"POLYGON ((-97.98804611641441 33.988534277029245, -97.11567126452624 32.71627234050834, -99.16724166426272 31.889897624369862, -100.40545680671474 32.28782345440256, -99.51342413560543 33.6682140965486, -97.98804611641441 33.988534277029245))"
18C,2022-04-04 04:55:00+00:00,2022-04-04 06:55:00+00:00,0.0,42000.0,"POLYGON ((-96.14830828321436 36.19946603547955, -95.84730674253207 34.716415319749885, -98.59 34.27914187884179, -98.57910262339321 35.06409484438911, -96.14830828321436 36.19946603547955))"
19C,2022-04-04 04:55:00+00:00,2022-04-04 06:55:00+00:00,0.0,34000.0,"POLYGON ((-95.4106854077131 38.26640286899794, -94.00018332776118 37.136807504186685, -95.9168473886317 36.30216020408614, -98.09949930043838 36.3498657736224, -95.4106854077131 38.26640286899794))"
20C,2022-04-04 05:55:00+00:00,2022-04-04 07:55:00+00:00,0.0,42000.0,"POLYGON ((-95.94717790305086 35.892487353799645, -95.028498085748 35.102357651227884, -98.59087818783965 32.0279606345741, -99.7085372105754 32.78731911191074, -99.14488870346338 33.79775385358701, -95.94717790305086 35.892487353799645))"
21C,2022-04-04 05:55:00+00:00,2022-04-04 07:55:00+00:00,0.0,36000.0,"POLYGON ((-94.70024869504377 37.86911354871489, -93.33 37.07085812115821, -95.45943290495597 36.08889546878612, -97.92 36.35, -94.70024869504377 37.86911354871489))"
23C,2022-04-04 06:55:00+00:00,2022-04-04 08:55:00+00:00,0.0,36000.0,"POLYGON ((-94.70024869504377 37.86911354871489, -93.33 37.07085812115821, -94.78061595970159 36.026882348421985, -97.79290774490384 36.45215983577408, -94.70024869504377 37.86911354871489))"
22C,2022-04-04 06:55:00+00:00,2022-04-04 08:55:00+00:00,0.0,38000.0,"POLYGON ((-96.45019722374622 35.97688566975663, -95.27923390612148 35.25788377307928, -97.72850184329711 32.868114272403076, -99.20279125349312 33.477343209914345, -98.19290044325989 35.81542441479618, -96.45019722374622 35.97688566975663))"
HOTEL 3,2022-04-04 07:35:00+00:00,2022-04-04 11:35:00+00:00,0.0,32000.0,"POLYGON ((-60.3 41.05, -61.4 38.1, -64.45 37.5, -64.25 40.1, -60.3 41.05))"
25C,2022-04-04 07:55:00+00:00,2022-04-04 09:55:00+00:00,0.0,36000.0,"POLYGON ((-95.03957082487167 37.46730181069597, -92.17564338928928 36.97237909931712, -93.1709083939027 35.927912504229084, -96.17156708014923 36.32672812301073, -95.03957082487167 37.46730181069597))"
24C,2022-04-04 07:55:00+00:00,2022-04-04 09:55:00+00:00,0.0,34000.0,"POLYGON ((-96.96970516087383 36.02789876757129, -95.20329386363116 35.319203887459075, -96.12170260391234 33.18498112909956, -97.85070448443852 33.73312081889757, -97.88948898039766 35.63493625547824, -96.96970516087383 36.02789876757129))"
INDIA 1,2022-04-04 08:10:00+00:00,2022-04-04 12:10:00+00:00,0.0,40000.0,"POLYGON ((-59.45 34.5, -60.05 32, -64 31.15, -64.25 32, -63.25 33.4, -59.45 34.5))"
26C,2022-04-04 08:55:00+00:00,2022-04-04 10:55:00+00:00,0.0,35000.0,"POLYGON ((-96.22933034349631 36.552120484636866, -95.20329386363116 35.319203887459075, -95.93458518046275 34.542492349281694, -97.40223534563665 34.67089612929937, -98.03487136084242 35.752143762897, -96.22933034349631 36.552120484636866))"
27C,2022-04-04 08:55:00+00:00,2022-04-04 10:55:00+00:00,0.0,30000.0,"POLYGON ((-94.9427585690842 37.36417651074204, -91.84391996040328 36.82228105139416, -92.20257682935924 36.103480872339496, -95.40845858460116 36.506076726741604, -94.9427585690842 37.36417651074204))"
3E,2022-04-04 09:55:00+00:00,2022-04-04 11:55:00+00:00,0.0,41000.0,"POLYGON ((-80.28 24.801786265581647, -80.11821626746654 23.944023011476602, -81.8 23.924524177054433, -81.61703809862713 24.589889464733726, -80.28 24.801786265581647))"
28C,2022-04-04 09:55:00+00:00,2022-04-04 11:55:00+00:00,0.0,34000.0,"POLYGON ((-95.7442086359625 37.15875582362787, -94.61792493611482 36.41494381466042, -95.40768087781868 34.542750790713086, -97.22518690982699 35.092739100852995, -97.85788273613932 37.215408246117484, -95.7442086359625 37.15875582362787))"
29C,2022-04-04 10:55:00+00:00,2022-04-04 12:55:00+00:00,0.0,36000.0,"POLYGON ((-94.75921582054427 36.80626036111646, -95.03313513848774 34.59304849848453, -97.16891923915504 35.04631128853407, -97.28516275100013 36.01441213547196, -94.75921582054427 36.80626036111646))"
4E,2022-04-04 10:55:00+00:00,2022-04-04 12:55:00+00:00,0.0,40000.0,"POLYGON ((-79.85317811494392 24.86441632618421, -79.55225447247375 24.19540677724495, -81.12873092911394 23.975153979570603, -80.8460756492823 24.58699525391474, -79.85317811494392 24.86441632618421))"
5E,2022-04-04 11:55:00+00:00,2022-04-04 13:55:00+00:00,0.0,40000.0,"POLYGON ((-79.08942577615537 25.349494405187173, -79.5128567803571 24.10724738331726, -81.02807859467377 23.882195511106563, -80.56141325127675 25.1849103249004, -79.08942577615537 25.349494405187173))"
30C,2022-04-04 12:08:00+00:00,2022-04-04 13:55:00+00:00,0.0,38000.0,"POLYGON ((-95.21997350868405 36.0076474131216, -94.9691054389347 34.847309056890715, -97.16891923915504 35.04631128853407, -97.28516275100013 36.01441213547196, -95.21997350868405 36.0076474131216))"
31C,2022-04-04 12:08:00+00:00,2022-04-04 13:55:00+00:00,0.0,35000.0,"POLYGON ((-98.48677546409661 35.39675960010366, -98.25371292074894 34.65737421047307, -98.8586000576213 34.52397320083708, -99.47824016087543 34.643947505395126, -98.48677546409661 35.39675960010366))"
6E,2022-04-04 12:55:00+00:00,2022-04-04 14:55:00+00:00,0.0,45000.0,"POLYGON ((-78.98651900960778 25.79427881205052, -79.72000179692368 24.569293734988953, -80.51930286779827 24.58458406935596, -80.79134347051466 25.60810658510077, -78.98651900960778 25.79427881205052))"
JULIETT 1,2022-04-04 12:55:00+00:00,2022-04-04 16:55:00+00:00,0.0,37000.0,"POLYGON ((-76.15 26.45, -75.45 25.15, -79 24.15, -79 26, -76.15 26.45))"
7E,2022-04-04 12:55:00+00:00,2022-04-04 14:55:00+00:00,0.0,39000.0,"POLYGON ((-79.90358992038874 27.080576602942866, -79.60460878549193 26.67917511534555, -79.96645388137776 26.412814336910078, -80.09 26.68, -79.90358992038874 27.080576602942866))"
33C,2022-04-04 12:55:00+00:00,2022-04-04 14:55:00+00:00,0.0,35000.0,"POLYGON ((-98.13207440218234 35.398833431131756, -97.80261404671232 34.99913216218724, -98.8586000576213 34.52397320083708, -98.99419232267232 34.790737695500674, -98.13207440218234 35.398833431131756))"
32C,2022-04-04 12:55:00+00:00,2022-04-04 14:55:00+00:00,0.0,38000.0,"POLYGON ((-96.2854993483944 36.033003335708536, -94.49880309656677 35.94272072047491, -94.76906121898669 34.98006373027597, -96.05143312411442 35.383963651460355, -96.2854993483944 36.033003335708536))"
8E,2022-04-04 13:55:00+00:00,2022-04-04 15:55:00+00:00,0.0,43000.0,"POLYGON ((-78.98651900960778 25.79427881205052, -78.92007418187025 25.284354710145234, -80.70225120345002 24.586020889740663, -80.79134347051466 25.60810658510077, -78.98651900960778 25.79427881205052))"
36C,2022-04-04 14:00:00+00:00,2022-04-04 15:55:00+00:00,0.0,32000.0,"POLYGON ((-95.65241032907589 36.4670536312554, -95.65334613883277 35.93278996933135, -97.02252825266662 36.34664445270518, -96.62050874760303 36.473759631542066, -95.65241032907589 36.4670536312554))"
34C,2022-04-04 14:00:00+00:00,2022-04-04 15:55:00+00:00,0.0,32000.0,"POLYGON ((-95.53729610869733 35.99527996084333, -94.40618046286173 35.65705594276512, -94.76906121898669 34.98006373027597, -95.98324040109485 35.25052961860749, -95.53729610869733 35.99527996084333))"
35C,2022-04-04 14:00:00+00:00,2022-04-04 15:55:00+00:00,0.0,38000.0,"POLYGON ((-97.66681374509768 36.145278499114376, -97.24528183097468 35.39948152148817, -97.54220007213847 34.51611976028169, -98.83718257208102 34.19420719534292, -98.29928361293354 36.04271853220678, -97.66681374509768 36.145278499114376))"
KILO 1,2022-04-04 14:45:00+00:00,2022-04-04 18:45:00+00:00,0.0,50000.0,"POLYGON ((-88 27, -86 26.45, -85.3 25.15, -87.45 25.45, -88 27))"
9E,2022-04-04 14:55:00+00:00,2022-04-04 16:55:00+00:00,0.0,43000.0,"POLYGON ((-80.8343635575218 25.798949119323996, -78.98651900960778 25.79427881205052, -79.11432033787685 24.736606726236346, -80.28562647000876 24.009448607330512, -80.8343635575218 25.798949119323996))"
38C,2022-04-04 14:55:00+00:00,2022-04-04 16:55:00+00:00,0.0,39000.0,"POLYGON ((-97.5389441311395 36.22206142517619, -96.82079849392771 36.19558065903491, -96.36965156737803 35.728036976477895, -96.3405839307435 34.65771311087037, -98.9602037808315 33.862112117463354, -97.5389441311395 36.22206142517619))"
37C,2022-04-04 14:55:00+00:00,2022-04-04 16:55:00+00:00,0.0,32000.0,"POLYGON ((-94.99283315963598 36.75912091203401, -93.45361810890813 35.11062630832101, -94.92355575218156 35.16693889858074, -95.1298027762538 35.97688566975663, -96.28760480389712 36.364945701523546, -94.99283315963598 36.75912091203401))"
JULIETT 2,2022-04-04 15:00:00+00:00,2022-04-04 19:00:00+00:00,0.0,35000.0,"POLYGON ((-76.15 26.45, -75.45 25.15, -79 25.15, -79 26, -76.15 26.45))"
10E,2022-04-04 15:55:00+00:00,2022-04-04 17:55:00+00:00,0.0,45000.0,"POLYGON ((-81.09434440796339 26.273695139628867, -78.98651900960778 25.79427881205052, -78.92007418187025 25.284354710145234, -79.72000179692368 24.569293734988953, -81.28054378176266 25.05966952607401, -81.09434440796339 26.273695139628867))"
39C,2022-04-04 15:55:00+00:00,2022-04-04 17:55:00+00:00,0.0,40000.0,"POLYGON ((-96.96190315725353 36.664515092459496, -94.27 35.72273791147279, -98.36087830660472 33.52867273131372, -99.16070127752752 34.459246996332524, -97.19179894969511 35.399313386109235, -96.96190315725353 36.664515092459496))"
11E,2022-04-04 16:55:00+00:00,2022-04-04 18:55:00+00:00,0.0,45000.0,"POLYGON ((-79.7176144659696 26.679514493799267, -79.08942577615537 25.349494405187173, -79.5128567803571 24.10724738331726, -81.42654794100704 25.761040989273386, -80.80475445520202 26.26961929413895, -79.7176144659696 26.679514493799267))"
40C,2022-04-04 16:55:00+00:00,2022-04-04 18:55:00+00:00,0.0,42000.0,"POLYGON ((-95.64078417945574 36.80626036111646, -93.65777869104886 35.38845570333679, -98.02558437379773 33.51814707253503, -99.42756672791393 35.07282674386123, -97.19179894969511 35.399313386109235, -95.64078417945574 36.80626036111646))"
3W,2022-04-04 16:55:00+00:00,2022-04-04 18:55:00+00:00,0.0,25000.0,"POLYGON ((-124.63 48.3, -122.64055541696722 47.97379298187409, -122.71387698176584 46.77145377590417, -123.8516331773996 46.74515723278297, -124.63 48.3))"
KILO 2,2022-04-04 17:30:00+00:00,2022-04-04 21:30:00+00:00,0.0,50000.0,"POLYGON ((-87.45 26.15, -85 25.45, -85 24.3, -88 25, -87.45 26.15))"
12E,2022-04-04 17:55:00+00:00,2022-04-04 19:55:00+00:00,0.0,45000.0,"POLYGON ((-79.7176144659696 26.679514493799267, -79.08942577615537 25.349494405187173, -79.5128567803571 24.10724738331726, -81.42654794100704 25.761040989273386, -80.77654521196041 26.42368438524639, -79.7176144659696 26.679514493799267))"
41C,2022-04-04 17:55:00+00:00,2022-04-04 19:55:00+00:00,0.0,42000.0,"POLYGON ((-94.12 36.749106867209186, -92.98202410595856 35.862601163817615, -96.86427277160114 33.59480051591332, -99.05581319254978 34.911354228350376, -97.19179894969511 35.399313386109235, -94.12 36.749106867209186))"
4W,2022-04-04 17:55:00+00:00,2022-04-04 19:55:00+00:00,0.0,25000.0,"POLYGON ((-124.32388291356304 48.09513845451993, -122.91930382729772 47.84730338869124, -122.31 46.71714530289553, -123.8516331773996 46.74515723278297, -124.32388291356304 48.09513845451993))"
44C,2022-04-04 18:55:00+00:00,2022-04-04 20:55:00+00:00,0.0,40000.0,"POLYGON ((-98.62047221075267 35.39570882242333, -97.17 34.21, -97.95172791611162 32.54835770245518, -100.24063157400094 33.24795255537649, -98.62047221075267 35.39570882242333))"
42C,2022-04-04 18:55:00+00:00,2022-04-04 20:55:00+00:00,0.0,45000.0,"POLYGON ((-96.84335831957982 35.652310019663666, -95.02654697919009 35.642310891519315, -93.89351161712165 35.26208240077201, -96.33498721907586 33.45622861203412, -98.62047221075267 35.39570882242333, -96.84335831957982 35.652310019663666))"
13E,2022-04-04 18:55:00+00:00,2022-04-04 20:55:00+00:00,0.0,45000.0,"POLYGON ((-81.8986500779675 27.398487322152523, -80.09 26.68, -79.79826964386781 25.799206454241002, -80.52811669064377 24.58465835838217, -82.22850556152349 26.695272844460348, -81.8986500779675 27.398487322152523))"
43C,2022-04-04 18:55:00+00:00,2022-04-04 20:55:00+00:00,0.0,36000.0,"POLYGON ((-90.0994506727831 28.55714379408219, -88.12462604624443 28.546295381240423, -88.1257247006782 28.346298398867102, -90.10054932721688 28.35714681170887, -90.0994506727831 28.55714379408219))"
5W,2022-04-04 18:55:00+00:00,2022-04-04 20:55:00+00:00,0.0,25000.0,"POLYGON ((-124.63 48.3, -121.02464127010859 46.734488717630214, -121.96846084995735 45.74831494391604, -123.90393413609716 44.847026321814695, -124.63 48.3))"
LIMA 1,2022-04-04 19:15:00+00:00,2022-04-04 23:15:00+00:00,0.0,48000.0,"POLYGON ((-77 26, -76 25.15, -77.3 23.45, -79 24.3, -77 26))"
7W,2022-04-04 19:55:00+00:00,2022-04-04 21:55:00+00:00,0.0,26000.0,"POLYGON ((-115.26886407933895 48.07419334660277, -117.25698027281416 46.944570724357646, -117.97709979722785 47.324193484590495, -116.52982479694084 48.044865085241376, -115.26886407933895 48.07419334660277))"
14E,2022-04-04 19:55:00+00:00,2022-04-04 21:55:00+00:00,0.0,45000.0,"POLYGON ((-81.8986500779675 27.398487322152523, -80.09 26.68, -79.79826964386781 25.799206454241002, -80.52811669064377 24.58465835838217, -82.22850556152349 26.695272844460348, -81.8986500779675 27.398487322152523))"
45C,2022-04-04 19:55:00+00:00,2022-04-04 21:55:00+00:00,0.0,42000.0,"POLYGON ((-97.92 35.91628718173732, -94.01856850377207 35.59419394441165, -94.07000000000001 33.79914187884178, -97.17 34.21, -98.48677546409661 35.39675960010366, -97.92 35.91628718173732))"
47C,2022-04-04 19:55:00+00:00,2022-04-04 21:55:00+00:00,0.0,40000.0,"POLYGON ((-98.48677546409661 35.39675960010366, -97.2367939827012 34.07641575796924, -98.66040399394547 32.47431103603906, -101.58005129498054 33.03172998319868, -98.48677546409661 35.39675960010366))"
46C,2022-04-04 19:55:00+00:00,2022-04-04 21:55:00+00:00,0.0,36000.0,"POLYGON ((-89.8923091093838 28.877474578627847, -88.10684772032934 28.54460302989596, -88.1435030265933 28.347990750211565, -89.92896441564776 28.680862298943453, -89.8923091093838 28.877474578627847))"
6W,2022-04-04 19:55:00+00:00,2022-04-04 21:55:00+00:00,0.0,25000.0,"POLYGON ((-124.63 48.3, -122.91930382729772 47.84730338869124, -120.90936551873783 44.91717002352132, -124.05999999999999 44.86914187884179, -124.63 48.3))"
48C,2022-04-04 20:55:00+00:00,2022-04-04 22:55:00+00:00,0.0,40000.0,"POLYGON ((-96.74623662550218 36.51453602298755, -92.98202410595856 35.862601163817615, -94.07 33.51, -96.56647930068637 34.20852210402597, -98.82454753749143 35.39382082439066, -96.74623662550218 36.51453602298755))"
49C,2022-04-04 20:55:00+00:00,2022-04-04 22:55:00+00:00,0.0,38000.0,"POLYGON ((-90.23489497639902 29.29757301535854, -88.76619753622238 29.173391202068682, -88.1766893803871 28.465932883794697, -89.16428373187601 28.35326538449789, -90.1 28.348155221318038, -90.23489497639902 29.29757301535854))"
50C,2022-04-04 20:55:00+00:00,2022-04-04 22:55:00+00:00,0.0,44000.0,"POLYGON ((-98.82454753749143 35.39382082439066, -96.56647930068637 34.20852210402597, -98.47955100329553 32.472466311721895, -101.53073850537932 32.93089498094689, -100.05731430735186 34.830894812433435, -98.82454753749143 35.39382082439066))"
8W,2022-04-04 20:55:00+00:00,2022-04-04 22:55:00+00:00,0.0,27000.0,"POLYGON ((-114.56680687279689 48.82417650644953, -115.17855345410786 48.20567631917452, -115.65 47.127262088527225, -116.72335266078437 47.30174839974873, -116.65734938276965 48.57631395951177, -114.56680687279689 48.82417650644953))"
15E,2022-04-04 20:55:00+00:00,2022-04-04 22:55:00+00:00,0.0,45000.0,"POLYGON ((-81.34 27.81714530289553, -79.63071362833516 27.088168999721773, -79.71469912994253 25.28777385273359, -81.00505915516791 24.58791335094612, -82.77986461368363 27.195357510884662, -81.34 27.81714530289553))"
9W,2022-04-04 20:55:00+00:00,2022-04-04 22:55:00+00:00,0.0,25000.0,"POLYGON ((-123.56119690277976 47.11446879434682, -122.00888519147108 47.23515052780772, -122.63390942373368 46.90527603729029, -122.88407941727644 45.95407790675231, -123.5555295172084 46.539544914429406, -123.56119690277976 47.11446879434682))"
16E,2022-04-04 21:55:00+00:00,2022-04-04 23:55:00+00:00,0.0,45000.0,"POLYGON ((-81.34 27.708155221318037, -79.56117451794687 27.14958210160337, -79.50061792054885 25.092084646045706, -80.88520341449002 24.587236694214244, -82.81444963078893 27.16446955083763, -81.34 27.708155221318037))"
52C,2022-04-04 21:55:00+00:00,2022-04-04 23:55:00+00:00,0.0,36000.0,"POLYGON ((-87.33793374546323 29.444992833966868, -86.68 28.168096708217718, -89.73808595835003 28.410989377318607, -89.95459261504116 28.872511729238095, -89.74746991943564 29.3068715861617, -87.33793374546323 29.444992833966868))"
51C,2022-04-04 21:55:00+00:00,2022-04-04 23:55:00+00:00,0.0,35000.0,"POLYGON ((-95.79 36.699106867209174, -91.70855174868449 35.852939785534595, -93.04672531707372 33.874443603693884, -95.47196803509443 34.23479133629657, -95.79 36.699106867209174))"
53C,2022-04-04 21:55:00+00:00,2022-04-04 23:55:00+00:00,0.0,44000.0,"POLYGON ((-95.79 36.699106867209174, -95.47196803509443 34.23479133629657, -99.07114236049313 32.47753989378691, -101.64507134293633 32.19983554356206, -100.05731430735186 34.830894812433435, -95.79 36.699106867209174))"
10W,2022-04-04 21:55:00+00:00,2022-04-04 23:55:00+00:00,0.0,25000.0,"POLYGON ((-124.32388291356304 48.09513845451993, -122.91930382729772 47.84730338869124, -122.63390942373368 46.90527603729029, -123.8493449659513 47.1540617480541, -124.32388291356304 48.09513845451993))"
MIKE 1,2022-04-04 22:10:00+00:00,2022-04-05 02:10:00+00:00,0.0,38000.0,"POLYGON ((-64.45 27.15, -68.45 24.3, -70.45 24.3, -67 27.15, -64.45 27.15))"
17E,2022-04-04 22:55:00+00:00,2022-04-05 00:55:00+00:00,0.0,45000.0,"POLYGON ((-81.62822177734516 27.92487648880816, -79.56117451794687 27.14958210160337, -79.17129254390262 25.795796612937057, -80.79134347051466 25.60810658510077, -82.81444963078893 27.16446955083763, -81.62822177734516 27.92487648880816))"
56C,2022-04-04 22:55:00+00:00,2022-04-05 00:55:00+00:00,0.0,42000.0,"POLYGON ((-95.79 36.699106867209174, -95.37454609003497 34.84932725030065, -98.47955100329553 32.472466311721895, -100.76780519622311 32.15840686504874, -99.91700096657736 34.496767785414036, -95.79 36.699106867209174))"
54C,2022-04-04 22:55:00+00:00,2022-04-05 00:55:00+00:00,0.0,30000.0,"POLYGON ((-95.79 36.699106867209174, -90.87103893780609 36.26367898684968, -91.34023482709601 35.340840671314346, -93.19152085767034 34.67582201304742, -95.37454609003497 34.84932725030065, -95.79 36.699106867209174))"
11W,2022-04-04 22:55:00+00:00,2022-04-05 00:55:00+00:00,0.0,25000.0,"POLYGON ((-122.77349274429719 46.057263440707246, -122.77148258002262 45.442446054616006, -124.05999999999999 45.41184477868197, -124.15 45.951786265581646, -122.77349274429719 46.057263440707246))"
12W,2022-04-04 22:55:00+00:00,2022-04-05 00:55:00+00:00,0.0,23000.0,"POLYGON ((-116.57258702538388 45.38424994551513, -115.5417350851845 45.23862450712555, -115.56263955563996 44.57716754455555, -116.21 44.77, -116.57258702538388 45.38424994551513))"
55C,2022-04-04 22:55:00+00:00,2022-04-05 00:55:00+00:00,0.0,30000.0,"POLYGON ((-87.72506694391085 29.39279273508559, -86.68 28.950577787528363, -87.82382247606333 28.330892759492034, -89.63350870461389 28.7702834963078, -89.10651402695315 29.176333436576087, -87.72506694391085 29.39279273508559))"
59C,2022-04-04 23:55:00+00:00,2022-04-05 01:55:00+00:00,0.0,42000.0,"POLYGON ((-94.55961492448581 36.60211901382818, -94.78029961419979 34.09617979979481, -97.59730707891978 32.39820072692072, -100.76780519622311 32.15840686504874, -99.5723277770109 34.95611303170029, -94.55961492448581 36.60211901382818))"
60C,2022-04-04 23:55:00+00:00,2022-04-05 01:55:00+00:00,0.0,35000.0,"POLYGON ((-100.77000000000001 29.859106867209178, -100.36365555039026 29.712306022433808, -100.38822693234829 29.359456484491126, -101.7244148442109 29.356603125771613, -101.65454068636946 29.675415091848656, -100.77000000000001 29.859106867209178))"
57C,2022-04-04 23:55:00+00:00,2022-04-05 01:55:00+00:00,0.0,32000.0,"POLYGON ((-89.04093694470487 29.846534814906935, -88.76502370959896 29.39858821975994, -89.22249703959575 28.858807022645482, -90.62715669413953 28.987967897063616, -90.93349366334407 29.710963116014522, -89.04093694470487 29.846534814906935))"
18E,2022-04-04 23:55:00+00:00,2022-04-05 01:55:00+00:00,0.0,44000.0,"POLYGON ((-81.68809198115562 28.232875094341246, -80.2586896377139 27.884262034170376, -80.62152251642492 26.106281999028436, -81.5518887743559 26.325364458655777, -82.77986461368363 27.195357510884662, -81.68809198115562 28.232875094341246))"
58C,2022-04-04 23:55:00+00:00,2022-04-05 01:55:00+00:00,0.0,36000.0,"POLYGON ((-87.85069193788175 29.660476257162006, -86.10722927091909 29.626644268814356, -86.68 28.950577787528363, -87.53786304242526 28.99104835697456, -87.85069193788175 29.660476257162006))"
14W,2022-04-04 23:55:00+00:00,2022-04-05 01:55:00+00:00,0.0,23000.0,"POLYGON ((-109.77000000000001 47.96171624231643, -110.79059313520459 46.27216905544596, -111.36849925164105 46.442549003150845, -110.8005786675943 47.85730282313968, -109.77000000000001 47.96171624231643))"
13W,2022-04-04 23:55:00+00:00,2022-04-05 01:55:00+00:00,0.0,22000.0,"POLYGON ((-122.59 45.46085812115821, -123.06516560132096 44.387028014799306, -124.20377552287141 44.68213700955629, -124.45289736060514 45.24716230943891, -122.59 45.46085812115821))"
2C,2022-04-05 00:55:00+00:00,2022-04-05 02:55:00+00:00,0.0,33000.0,"POLYGON ((-100.77000000000001 29.859106867209178, -100.2275750776273 29.82946505737113, -100.00646201347176 29.357825973696244, -101.91528660999711 29.355108574801317, -101.17634444960974 29.712306022433808, -100.77000000000001 29.859106867209178))"
3C,2022-04-05 00:55:00+00:00,2022-04-05 02:55:00+00:00,0.0,44000.0,"POLYGON ((-93.3551353728165 36.50223509993512, -93.80668129572626 34.46688303394483, -98.35792696959226 32.03738773806416, -100.76780519622311 32.15840686504874, -98.82454753749143 35.39382082439066, -93.3551353728165 36.50223509993512))"
1E,2022-04-05 00:55:00+00:00,2022-04-05 02:55:00+00:00,0.0,39000.0,"POLYGON ((-81.83370333121087 28.539107239268716, -80.49 27.82457093942089, -81.45682902664763 26.529635772066744, -82.77986461368363 27.195357510884662, -82.91180458677532 28.114260155857515, -81.83370333121087 28.539107239268716))"
1C,2022-04-05 00:55:00+00:00,2022-04-05 02:55:00+00:00,0.0,27000.0,"POLYGON ((-89.76378775875807 30.054243980000255, -89.94710194637898 29.124588256906232, -90.59675186175986 29.179083333729718, -91.0446088837188 29.945486617907925, -89.76378775875807 30.054243980000255))"
1W,2022-04-05 00:55:00+00:00,2022-04-05 02:55:00+00:00,0.0,25000.0,"POLYGON ((-109.23866385957051 47.274060092191206, -108.91439831254561 46.01407711557303, -110.9219129445154 45.88976326766189, -111.10823162021565 46.60691302342925, -109.23866385957051 47.274060092191206))"
3E,2022-04-05 01:55:00+00:00,2022-04-05 03:55:00+00:00,0.0,32000.0,"POLYGON ((-79.2274954426497 26.99572638673913, -78.97286876565066 26.675630616850057, -79.17129254390262 25.795796612937057, -79.76700584083355 25.990099428596057, -79.95820533913952 26.797579782734935, -79.2274954426497 26.99572638673913))"
5C,2022-04-05 01:55:00+00:00,2022-04-05 03:55:00+00:00,0.0,45000.0,"POLYGON ((-94.88222130895115 35.38845570333679, -93.83969361365506 33.97090183154191, -98.05181607095312 31.657616916745877, -100.76780519622311 32.15840686504874, -97.6 35.067262088527215, -94.88222130895115 35.38845570333679))"
2E,2022-04-05 01:55:00+00:00,2022-04-05 03:55:00+00:00,0.0,35000.0,"POLYGON ((-81.83370333121087 28.539107239268716, -80.49 27.68, -81.65603816754435 26.797078632470786, -82.77986461368363 27.195357510884662, -82.91180458677532 28.114260155857515, -81.83370333121087 28.539107239268716))"
4C,2022-04-05 01:55:00+00:00,2022-04-05 03:55:00+00:00,0.0,32000.0,"POLYGON ((-90.67865492875441 30.699826979059928, -89.76378775875807 30.054243980000255, -89.87276455545855 29.58280675114382, -90.55968414900394 29.345189660257194, -91.17195759231964 30.2128051879303, -90.67865492875441 30.699826979059928))"
2W,2022-04-05 01:55:00+00:00,2022-04-05 03:55:00+00:00,0.0,24000.0,"POLYGON ((-123.75786769063905 47.059981399186356, -121.9860905762663 46.90527603729029, -121.8213203104052 45.968729277887626, -123.829012826491 46.415283796645646, -123.75786769063905 47.059981399186356))"
4E,2022-04-05 02:55:00+00:00,2022-04-05 04:55:00+00:00,0.0,31000.0,"POLYGON ((-79.40038122409572 26.933000350378148, -78.97286876565066 26.675630616850057, -79.43506861210086 26.090297738057597, -80.06701997971325 26.2609592579917, -80.4623855340304 26.679514493799267, -79.40038122409572 26.933000350378148))"
7C,2022-04-05 02:55:00+00:00,2022-04-05 04:55:00+00:00,0.0,45000.0,"POLYGON ((-93.1709083939027 35.927912504229084, -92.74 33.92547582294558, -98.21596814226127 30.966411962913288, -100.08526663885834 32.018684600308326, -97.6 35.067262088527215, -93.1709083939027 35.927912504229084))"
6C,2022-04-05 02:55:00+00:00,2022-04-05 04:55:00+00:00,0.0,34000.0,"POLYGON ((-89.96387705301328 30.684840624391917, -88.90477818355014 30.258299661579724, -89.46936934992422 29.657939352814758, -90.35397971360715 29.722194676553414, -90.52782476944105 30.477725406782344, -89.96387705301328 30.684840624391917))"
3W,2022-04-05 02:55:00+00:00,2022-04-05 04:55:00+00:00,0.0,22000.0,"POLYGON ((-124.60139691272386 47.076447766972585, -123.418875122162 46.94767294516503, -123.78116211817918 46.33458350675085, -124.42741232648062 46.48854833389405, -124.60139691272386 47.076447766972585))"
4W,2022-04-05 02:55:00+00:00,2022-04-05 04:55:00+00:00,0.0,22000.0,"POLYGON ((-122.98175642308054 45.0814944962967, -123.22 44.40914187884179, -124.05999999999999 44.435429060579104, -124.05999999999999 44.86914187884179, -122.98175642308054 45.0814944962967))"
ALFA 1,2022-04-05 03:45:00+00:00,2022-04-05 07:45:00+00:00,0.0,39000.0,"POLYGON ((-58.45 29.3, -60 27.3, -63.45 25.45, -64.45 26.45, -63.15 28.45, -58.45 29.3))"
5E,2022-04-05 03:55:00+00:00,2022-04-05 05:55:00+00:00,0.0,45000.0,"POLYGON ((-79.40038122409572 26.933000350378148, -78.97286876565066 26.675630616850057, -79.35607044589158 25.79708094283153, -80.06701997971325 26.2609592579917, -80.4623855340304 26.679514493799267, -79.40038122409572 26.933000350378148))"
10C,2022-04-05 03:55:00+00:00,2022-04-05 05:55:00+00:00,0.0,35000.0,"POLYGON ((-93.58401521974237 32.30868235179021, -92.76708007659813 32.26324115302837, -92.9144132494033 31.612257300462456, -93.74793218854317 31.156348824025628, -94.19543964348306 31.948221909203493, -93.58401521974237 32.30868235179021))"
9C,2022-04-05 03:55:00+00:00,2022-04-05 05:55:00+00:00,0.0,45000.0,"POLYGON ((-92.39141112664508 36.10136698379441, -91.32889896249449 33.97119108917774, -97.27 30.994524177054426, -99.47576694794002 31.36631853452987, -98.28060329768611 34.604433052536315, -92.39141112664508 36.10136698379441))"
8C,2022-04-05 03:55:00+00:00,2022-04-05 05:55:00+00:00,0.0,37000.0,"POLYGON ((-90.61928512501977 31.172166592318767, -89.54240207820213 31.043338094458317, -88.90477818355014 30.258299661579724, -89.6163673221271 29.849445554122916, -91.07731320024257 30.940925488822053, -90.61928512501977 31.172166592318767))"
5W,2022-04-05 03:55:00+00:00,2022-04-05 05:55:00+00:00,0.0,21000.0,"POLYGON ((-124.15 47.28273791147279, -123.24507394969676 47.201113670779016, -123.6363891949309 46.59592443023349, -124.33546785051276 46.642439903166725, -124.15 47.28273791147279))"
6W,2022-04-05 03:55:00+00:00,2022-04-05 05:55:00+00:00,0.0,24000.0,"POLYGON ((-108.62000000000002 46.53285469710447, -106.57867244524738 46.378277451351615, -107.45470805241932 45.50715616828496, -108.81142859139037 45.754515158067065, -108.62000000000002 46.53285469710447))"
NOVEMBER 1,2022-04-05 04:26:00+00:00,2022-04-05 08:25:00+00:00,0.0,54000.0,"POLYGON ((130 11.3, 138.45 12.15, 141 8, 136 9.45, 132.45 8.15, 130 8.15, 130 11.3))"
12C,2022-04-05 04:55:00+00:00,2022-04-05 06:55:00+00:00,0.0,45000.0,"POLYGON ((-93.33101463122763 35.068029229266116, -92.31963602725068 32.9063703385024, -97.99429550319113 31.91262197178591, -96.81139977616043 33.330906963436576, -95.62541481953727 34.542492349281694, -93.33101463122763 35.068029229266116))"
11C,2022-04-05 04:55:00+00:00,2022-04-05 06:55:00+00:00,0.0,36000.0,"POLYGON ((-89.27105630114796 30.587438326165515, -88.99832902842068 30.587438326165515, -88.99832902842068 30.31471105343824, -89.27105630114796 30.31471105343824, -89.27105630114796 30.587438326165515))"
13C,2022-04-05 04:55:00+00:00,2022-04-05 06:55:00+00:00,0.0,41000.0,"POLYGON ((-92.28302653340697 32.724220643578406, -92.23963506388766 31.79400226855091, -93.28354108264016 31.534248635523515, -94.26777307216463 32.010172545415074, -93.9411999054651 32.50279933016782, -92.28302653340697 32.724220643578406))"
15C,2022-04-05 05:55:00+00:00,2022-04-05 07:55:00+00:00,0.0,41000.0,"POLYGON ((-92.04 32.85273791147279, -91.34694045296891 31.92989469933052, -92.77592906839739 31.494986579544367, -94.11080094304982 32.15482068349432, -94.08907674063215 32.53440927700298, -92.04 32.85273791147279))"
14C,2022-04-05 05:55:00+00:00,2022-04-05 07:55:00+00:00,0.0,45000.0,"POLYGON ((-92.75549882678258 35.14921248092541, -92.04 32.85273791147279, -97.63165299778079 31.78682344377124, -96.47674616855943 33.33930182712991, -95.03313513848774 34.59304849848453, -92.75549882678258 35.14921248092541))"
NOVEMBER 2,2022-04-05 06:42:00+00:00,2022-04-05 10:40:00+00:00,0.0,53000.0,"POLYGON ((134.3 12.3, 138 12.3, 140.15 9.15, 136 9.15, 134.3 12.3))"
16C,2022-04-05 06:55:00+00:00,2022-04-05 08:55:00+00:00,0.0,45000.0,"POLYGON ((-91.20457265651062 33.774904836200875, -90.25034919903813 32.122500913341504, -97.4083845551009 31.7775659664156, -95.93725590170112 33.24716666333695, -94.49501093707914 33.86219695738831, -91.20457265651062 33.774904836200875))"
17C,2022-04-05 06:55:00+00:00,2022-04-05 08:55:00+00:00,0.0,35000.0,"POLYGON ((-91.97718400000207 35.080530685903334, -91.24427041928578 33.78822045615128, -94.43912639818785 33.81613440773151, -94.3377521680475 35.25641494469589, -91.97718400000207 35.080530685903334))"
19C,2022-04-05 07:55:00+00:00,2022-04-05 09:55:00+00:00,0.0,33000.0,"POLYGON ((-93.51821534209513 35.13300231982025, -90.58943840859177 35.01847672938205, -90.51017113946493 33.920902235234664, -94.6242549929556 33.69976654940333, -93.51821534209513 35.13300231982025))"
18C,2022-04-05 07:55:00+00:00,2022-04-05 09:55:00+00:00,0.0,45000.0,"POLYGON ((-90.51017113946493 33.920902235234664, -90.2822331381461 32.49353548409263, -97.81062342931119 31.467860282199958, -94.6242549929556 33.69976654940333, -93.78704673711187 33.744959830582474, -90.51017113946493 33.920902235234664))"
20C,2022-04-05 07:55:00+00:00,2022-04-05 09:55:00+00:00,0.0,40000.0,"POLYGON ((-90.28 33.3154290605791, -88.55735372766588 32.58422190099448, -88.71791943946526 31.03619032655954, -90.45507788461087 31.700551042226287, -90.28 33.3154290605791))"
21C,2022-04-05 08:55:00+00:00,2022-04-05 10:55:00+00:00,0.0,45000.0,"POLYGON ((-88.61704676163279 35.08681842954281, -87.05373176885418 31.597988300097793, -93.74793218854317 31.156348824025628, -93.81 33.102737911472786, -93.16377423689697 33.61220381536558, -88.61704676163279 35.08681842954281))"
24C,2022-04-05 08:55:00+00:00,2022-04-05 10:55:00+00:00,0.0,36000.0,"POLYGON ((-88.36 31.163712818262688, -88.424273393378 30.596418032047723, -90.47339990526837 30.258064076467225, -90.51754076220085 30.76547840352765, -88.36 31.163712818262688))"
23C,2022-04-05 08:55:00+00:00,2022-04-05 10:55:00+00:00,0.0,42000.0,"POLYGON ((-93.81 32.62542906057911, -93.93729595512647 31.43425797617372, -96.79169685515598 31.25019924335483, -96.787468375976 32.068001113887796, -93.81 32.62542906057911))"
22C,2022-04-05 08:55:00+00:00,2022-04-05 10:55:00+00:00,0.0,32000.0,"POLYGON ((-89.48972534393457 35.184989544231065, -89.32939076741496 34.79696286050115, -93.72322085454987 33.509516924713786, -93.29101728170471 35.054096304269954, -89.48972534393457 35.184989544231065))"
25C,2022-04-05 09:55:00+00:00,2022-04-05 11:55:00+00:00,0.0,45000.0,"POLYGON ((-87.86453292094211 34.83676055110143, -86.32 31.720893132790824, -93.11 30.639106867209186, -92.63191112654536 32.51861404163612, -92.59912378365306 33.37756121619956, -87.86453292094211 34.83676055110143))"
26C,2022-04-05 09:55:00+00:00,2022-04-05 11:55:00+00:00,0.0,32000.0,"POLYGON ((-89.48972534393457 35.184989544231065, -87.81539532241696 34.82021746900625, -93.5662878284832 32.97421838833392, -92.55432426406219 34.98610978694171, -89.48972534393457 35.184989544231065))"
28C,2022-04-05 09:55:00+00:00,2022-04-05 11:55:00+00:00,0.0,40000.0,"POLYGON ((-88.16610386916233 31.130554325969552, -88.04958783329838 30.618980827799422, -90.19213655824109 30.250559319055892, -90.4534259015841 30.899156614595757, -88.16610386916233 31.130554325969552))"
27C,2022-04-05 09:55:00+00:00,2022-04-05 11:55:00+00:00,0.0,41000.0,"POLYGON ((-92.51433157008451 32.35313497831424, -92.96792671733628 31.093177569301616, -96.48774017763321 31.380988855197657, -96.787468375976 32.068001113887796, -92.51433157008451 32.35313497831424))"
30C,2022-04-05 10:55:00+00:00,2022-04-05 12:55:00+00:00,0.0,32000.0,"POLYGON ((-89.16742330401641 35.01729199628249, -86.47811248651783 34.70581733632313, -90.64793578108174 33.33212311273057, -91.89307299182633 34.914945364009576, -89.16742330401641 35.01729199628249))"
29C,2022-04-05 10:55:00+00:00,2022-04-05 12:55:00+00:00,0.0,45000.0,"POLYGON ((-86.55151215997991 35.024739655068615, -85.59530528846774 31.963265228540692, -92.63744892994825 31.14228624262458, -90.47941813005426 33.45984036974683, -86.55151215997991 35.024739655068615))"
32C,2022-04-05 10:55:00+00:00,2022-04-05 12:55:00+00:00,0.0,40000.0,"POLYGON ((-87.27844553109385 31.33976061798016, -87.73703509969927 30.949812240483475, -89.67890101227466 30.517442239622948, -89.92160924168732 31.29955641401914, -87.27844553109385 31.33976061798016))"
31C,2022-04-05 10:55:00+00:00,2022-04-05 12:55:00+00:00,0.0,45000.0,"POLYGON ((-92.17083741874363 32.25279998379284, -92.69334516746193 30.85915684243694, -96.67277170438717 31.147473050320073, -95.53870998362365 32.14091744057267, -92.17083741874363 32.25279998379284))"
SIERRA 1,2022-04-05 11:43:00+00:00,2022-04-05 15:40:00+00:00,0.0,56000.0,"POLYGON ((132 11.3, 137.45 11.15, 141.15 7.15, 137 6.3, 134.3 8.45, 131.15 8.15, 132 11.3))"
34C,2022-04-05 11:55:00+00:00,2022-04-05 13:55:00+00:00,0.0,32000.0,"POLYGON ((-88.93019887534665 35.25084275645092, -85.55599738723137 34.95932449239075, -89.54088228810181 33.71247523151669, -90.35595408427716 35.14675390284798, -88.93019887534665 35.25084275645092))"
36C,2022-04-05 11:55:00+00:00,2022-04-05 13:55:00+00:00,0.0,40000.0,"POLYGON ((-91.47846864775074 30.543545141586385, -91.3 29.980893132790822, -92.81733287662304 29.524855935199767, -92.8880986467429 30.600928047731912, -91.47846864775074 30.543545141586385))"
33C,2022-04-05 11:55:00+00:00,2022-04-05 13:55:00+00:00,0.0,45000.0,"POLYGON ((-85.55599738723137 34.95932449239075, -85.01033620967358 31.403309752157494, -92.2776434054425 30.798693907059313, -89.07732553456908 33.959271652571935, -85.55599738723137 34.95932449239075))"
35C,2022-04-05 11:55:00+00:00,2022-04-05 13:55:00+00:00,0.0,42000.0,"POLYGON ((-92.10551546409835 32.386416884205694, -92.5 30.970858121158216, -95.56471072141544 31.157242889916176, -95.11207702058047 32.112800669471255, -92.10551546409835 32.386416884205694))"
BRAVO 1,2022-04-05 12:25:00+00:00,2022-04-05 16:25:00+00:00,0.0,42000.0,"POLYGON ((-52.3 34, -47.3 33, -55.45 27.3, -60 29.3, -52.3 34))"
38C,2022-04-05 12:55:00+00:00,2022-04-05 14:55:00+00:00,0.0,45000.0,"POLYGON ((-86.93035976389048 34.51771980044433, -87.06749249477605 30.829423366698553, -95.69206781145682 31.156348824025628, -94.42044253202285 31.774472985301784, -86.93035976389048 34.51771980044433))"
37C,2022-04-05 12:55:00+00:00,2022-04-05 14:55:00+00:00,0.0,35000.0,"POLYGON ((-87.29802069661916 36.13841248372206, -84.86208747525016 35.194941841013836, -88.74025224748245 33.95090199307593, -89.08522039200069 35.55865610270538, -87.29802069661916 36.13841248372206))"
39C,2022-04-05 12:55:00+00:00,2022-04-05 14:55:00+00:00,0.0,40000.0,"POLYGON ((-91.0026077470196 31.094482211701738, -90.11146107879333 30.992504756746637, -91.3 29.64815522131804, -92.56844627043198 29.668326172639098, -91.0026077470196 31.094482211701738))"
6E,2022-04-05 12:55:00+00:00,2022-04-05 14:55:00+00:00,0.0,45000.0,"POLYGON ((-84.89990491508843 35.16419806266693, -83.84633393658177 32.289148575512534, -87.01672272974271 30.829564570585955, -87.00353740718643 34.54305803125178, -84.89990491508843 35.16419806266693))"
8E,2022-04-05 13:55:00+00:00,2022-04-05 15:55:00+00:00,0.0,35000.0,"POLYGON ((-85.70978995831642 36.339555115290295, -84.86208747525016 35.194941841013836, -87.49 34.377262088527225, -88.08589289352585 36.0136781257621, -85.70978995831642 36.339555115290295))"
40C,2022-04-05 13:55:00+00:00,2022-04-05 15:55:00+00:00,0.0,45000.0,"POLYGON ((-86.93035976389048 34.51771980044433, -87.03752297811 30.70217578748334, -90.89196177460435 30.12644293632149, -93.65674318865123 30.6094298263139, -92.43460967162616 32.519384013702165, -86.93035976389048 34.51771980044433))"
7E,2022-04-05 13:55:00+00:00,2022-04-05 15:55:00+00:00,0.0,45000.0,"POLYGON ((-84.89990491508843 35.16419806266693, -83.43415468025522 34.432794157208384, -82.96288950184722 32.6881272418963, -86.99073361530564 30.718979358702562, -87.00353740718643 34.54305803125178, -84.89990491508843 35.16419806266693))"
SIERRA 2,2022-04-05 14:48:00+00:00,2022-04-05 18:45:00+00:00,0.0,54000.0,"POLYGON ((130 12.15, 135.15 11.45, 140.45 8, 138 5.3, 134 9, 130 8.15, 130 12.15))"
TANGO 1,2022-04-05 14:52:00+00:00,2022-04-05 18:50:00+00:00,0.0,54000.0,"POLYGON ((147.45 7.3, 152.3 3, 150.3 2, 146 4.45, 147.45 7.3))"
9E,2022-04-05 14:55:00+00:00,2022-04-05 16:55:00+00:00,0.0,45000.0,"POLYGON ((-83.7311116509389 35.05216375048904, -82.16000000000001 34.375475822945575, -82.2039421215556 32.53729710843544, -87.03847264995825 30.956839832086466, -86.6692585710178 34.13090053652592, -83.7311116509389 35.05216375048904))"
10E,2022-04-05 14:55:00+00:00,2022-04-05 16:55:00+00:00,0.0,35000.0,"POLYGON ((-84.695817020496 36.55799405122124, -83.7311116509389 35.05216375048904, -86.6692585710178 34.13090053652592, -87.06003814944458 36.01206605705635, -84.695817020496 36.55799405122124))"
41C,2022-04-05 14:55:00+00:00,2022-04-05 16:55:00+00:00,0.0,45000.0,"POLYGON ((-86.6692585710178 34.13090053652592, -87.03847264995825 30.956839832086466, -89.59164770620805 30.202293638944663, -93.2567840404492 29.83250860861931, -91.31291992340189 32.26324115302837, -86.6692585710178 34.13090053652592))"
11E,2022-04-05 15:55:00+00:00,2022-04-05 17:55:00+00:00,0.0,45000.0,"POLYGON ((-82.69292777233419 34.69849476116072, -81.60653260036608 34.04975010618186, -81.65583038422625 32.349828748247305, -86.95467383835194 31.06499154321589, -86.6692585710178 34.13090053652592, -82.69292777233419 34.69849476116072))"
12E,2022-04-05 15:55:00+00:00,2022-04-05 17:55:00+00:00,0.0,35000.0,"POLYGON ((-85.29209587804843 36.54246587941211, -83.87218691264336 36.568647514169584, -82.69292777233419 34.69849476116072, -86.04483788176756 34.3729053719654, -85.29209587804843 36.54246587941211))"
42C,2022-04-05 15:55:00+00:00,2022-04-05 17:55:00+00:00,0.0,45000.0,"POLYGON ((-86.6692585710178 34.13090053652592, -86.95467383835194 31.06499154321589, -89.59164770620805 30.202293638944663, -92.53287004757625 30.138737836651895, -86.6692585710178 34.13090053652592))"
BRAVO 2,2022-04-05 16:10:00+00:00,2022-04-05 20:10:00+00:00,0.0,40000.0,"POLYGON ((-49.45 34.45, -46 32.45, -58 26.3, -60.45 29, -49.45 34.45))"
13E,2022-04-05 16:55:00+00:00,2022-04-05 18:55:00+00:00,0.0,45000.0,"POLYGON ((-81.93 35.03, -81.25928632394447 34.57478640278034, -80.58794838622947 32.69780479053636, -86.95467383835194 31.06499154321589, -86.9 33.67, -81.93 35.03))"
43C,2022-04-05 16:55:00+00:00,2022-04-05 18:55:00+00:00,0.0,45000.0,"POLYGON ((-86.9 33.67, -86.95467383835194 31.06499154321589, -91.00634079759575 29.86485148460848, -92.07217523055894 30.477725406782344, -86.9 33.67))"
14E,2022-04-05 16:55:00+00:00,2022-04-05 18:55:00+00:00,0.0,35000.0,"POLYGON ((-83.22860570397046 36.119488240244166, -81.93 35.03, -86.09497570567095 33.94401717467499, -84.24694534484469 35.899471879357954, -83.22860570397046 36.119488240244166))"
TANGO 2,2022-04-05 17:50:00+00:00,2022-04-05 21:45:00+00:00,0.0,59000.0,"POLYGON ((147.45 7.3, 153.15 2, 151.3 1.3, 146.15 5, 147.45 7.3))"
44C,2022-04-05 17:55:00+00:00,2022-04-05 19:55:00+00:00,0.0,45000.0,"POLYGON ((-86.9 33.23628718173732, -86.80850190235617 30.562804310821857, -88.04038919119178 30.061777665082957, -90.99038443503088 30.368984487316947, -86.9 33.23628718173732))"
SIERRA 3,2022-04-05 17:56:00+00:00,2022-04-05 21:50:00+00:00,0.0,57000.0,"POLYGON ((130.15 12.15, 134.15 11.45, 135.45 11, 134.45 9.15, 130.3 10.3, 130.15 12.15))"
17E,2022-04-05 18:02:00+00:00,2022-04-05 19:55:00+00:00,,,"POLYGON ((-80.99762054514787 30.524416299091047, -80.60198240397065 29.484443805720478, -80.6273659252984 29.52213239754526, -80.46585601832668 29.37200968233815, -80.78891233264861 29.413329800317474, -81.18455047382582 30.453302293688044, -80.60201890434912 29.22551849328558, -80.76352881132085 29.37564120849269, -80.99762054514787 30.524416299091047))"
15E,2022-04-05 18:02:00+00:00,2022-04-05 19:55:00+00:00,0.0,45000.0,"POLYGON ((-80.95 35.19, -80.19216808048728 33.19731767266768, -86.82781555292371 30.522506328476403, -86.9 33.17089313279082, -80.95 35.19))"
16E,2022-04-05 18:02:00+00:00,2022-04-05 19:55:00+00:00,0.0,35000.0,"POLYGON ((-82.70459351014476 36.62962449003041, -81.61662726170177 35.64441769540652, -80.95 35.19, -85.51597451673723 33.66444660546039, -82.70459351014476 36.62962449003041))"
TANGO 3,2022-04-05 18:07:00+00:00,2022-04-05 22:05:00+00:00,0.0,59000.0,"POLYGON ((147.45 7.15, 153.15 2, 151.45 1, 146.45 5, 147.45 7.15))"
20E,2022-04-05 18:55:00+00:00,2022-04-05 20:55:00+00:00,,,"POLYGON ((-80.78904252464845 31.828276393627114, -81.15429344872682 30.363413629148887, -80.97017510724893 30.388367883706238, -80.38284265029884 29.347621854370022, -80.96023491349881 30.315026803409225, -80.59498398942044 31.77988956788745, -80.5570207980266 29.24932651951566, -81.14435325497669 30.290072548851875, -80.78904252464845 31.828276393627114))"
18E,2022-04-05 18:55:00+00:00,2022-04-05 20:55:00+00:00,0.0,45000.0,"POLYGON ((-80.38444432412409 35.37968635329053, -79.66 33.73089313279082, -86.68 30.164524177054425, -86.9 32.83815522131804, -80.38444432412409 35.37968635329053))"
19E,2022-04-05 18:55:00+00:00,2022-04-05 20:55:00+00:00,0.0,30000.0,"POLYGON ((-81.99198184111711 36.70705293710023, -81.05376711371312 36.42167145292784, -80.4586954520391 35.3549833074486, -84.76124098250911 33.74023466248975, -84.09386747546522 35.499129016567124, -81.99198184111711 36.70705293710023))"
45C,2022-04-05 18:55:00+00:00,2022-04-05 20:55:00+00:00,0.0,41000.0,"POLYGON ((-86.9275995902183 32.72968364557903, -86.68 30.251716242316416, -89.16659071531643 29.847383338312156, -90.06657409841593 30.899156614595757, -86.9275995902183 32.72968364557903))"
21E,2022-04-05 19:55:00+00:00,2022-04-05 21:55:00+00:00,0.0,45000.0,"POLYGON ((-79.7451324517813 35.588655850747024, -79.47661676307426 33.35930086050207, -86.68 29.665417309845242, -86.90994995414293 32.218629997188195, -79.7451324517813 35.588655850747024))"
22E,2022-04-05 19:55:00+00:00,2022-04-05 21:55:00+00:00,0.0,30000.0,"POLYGON ((-72.44912037204143 38.31226701060093, -71.4849127585348 37.97036505946073, -72.61449218536606 34.997111206835285, -74.10202207210175 35.54163455364396, -72.44912037204143 38.31226701060093))"
23E,2022-04-05 19:55:00+00:00,2022-04-05 21:55:00+00:00,0.0,35000.0,"POLYGON ((-80.00960503624667 31.214106549109758, -79.22138683437119 31.19657097258367, -78.80012971878273 30.107787329002303, -80.0485238224346 29.677802702842087, -80.00960503624667 31.214106549109758))"
24E,2022-04-05 19:55:00+00:00,2022-04-05 21:55:00+00:00,0.0,32000.0,"POLYGON ((-81.65583038422625 32.349828748247305, -80.6947182537145 31.806399583874523, -81.58388612266302 30.49368410534165, -82.95386286746655 30.617003533376682, -83.09561145644962 31.538665777521754, -81.65583038422625 32.349828748247305))"
47C,2022-04-05 19:55:00+00:00,2022-04-05 21:55:00+00:00,0.0,37000.0,"POLYGON ((-88.57497860473535 31.918685372356954, -88.91012369435754 31.199402798588817, -91.0026077470196 31.094482211701738, -90.9814867603529 31.55265062430279, -88.57497860473535 31.918685372356954))"
46C,2022-04-05 19:55:00+00:00,2022-04-05 21:55:00+00:00,0.0,41000.0,"POLYGON ((-86.90994995414293 32.218629997188195, -86.68 29.665417309845242, -89.04093694470487 29.846534814906935, -88.36 31.395475822945567, -86.90994995414293 32.218629997188195))"
48C,2022-04-05 19:55:00+00:00,2022-04-05 21:55:00+00:00,0.0,40000.0,"POLYGON ((-100.51740492862491 28.825497621767806, -99.95465113399766 28.641932463831626, -99.99883715737353 27.989937262150494, -100.51740492862491 28.825497621767806))"
25E,2022-04-05 20:55:00+00:00,2022-04-05 22:55:00+00:00,0.0,45000.0,"POLYGON ((-79.16908255542835 35.10084622141453, -78.57749948130325 33.759758054480585, -85.95008380351696 29.290904068838216, -86.59739093798846 31.98441576179149, -83.06896360540937 34.23866700707154, -79.16908255542835 35.10084622141453))"
28E,2022-04-05 20:55:00+00:00,2022-04-05 22:55:00+00:00,0.0,32000.0,"POLYGON ((-80.95907780678387 32.46732022602894, -80.38577810592649 31.90327002473607, -80.88998262805318 29.760934293773236, -82.39015455956361 28.524515941007245, -82.78536945555149 31.30442367277811, -80.95907780678387 32.46732022602894))"
26E,2022-04-05 20:55:00+00:00,2022-04-05 22:55:00+00:00,0.0,30000.0,"POLYGON ((-80.85770612675496 37.20754908689245, -79.21710135420543 36.30225287449439, -79.16908255542835 35.10084622141453, -83.06896360540937 34.23866700707154, -83.45624779370283 35.546297049271175, -80.85770612675496 37.20754908689245))"
49C,2022-04-05 20:55:00+00:00,2022-04-05 22:55:00+00:00,0.0,42000.0,"POLYGON ((-87.04876587493278 32.47257695195589, -86.59739093798846 31.98441576179149, -86.32247702189 30.70217578748334, -87.6307966136423 29.190912175467794, -90.81348562022814 31.769376365022016, -87.04876587493278 32.47257695195589))"
52C,2022-04-05 20:55:00+00:00,2022-04-05 22:55:00+00:00,0.0,23000.0,"POLYGON ((-94.29 43.441844778681975, -93.87145886118078 42.73657253225889, -94.91460800351501 42.41730053635912, -95.55072193157352 42.985114227408765, -94.29 43.441844778681975))"
51C,2022-04-05 20:55:00+00:00,2022-04-05 22:55:00+00:00,0.0,29000.0,"POLYGON ((-92.42270264229174 40.43728967516404, -92.1307959101752 39.77616884107525, -93.20122149803207 39.65782507281647, -93.67791606279067 40.12490995083311, -92.42270264229174 40.43728967516404))"
27E,2022-04-05 20:55:00+00:00,2022-04-05 22:55:00+00:00,0.0,43000.0,"POLYGON ((-78.95554325297286 31.96526723143688, -78.7939201718521 30.109887478018585, -80.18805140062607 29.62878322789309, -80.27127338822628 31.44164094522357, -78.95554325297286 31.96526723143688))"
50C,2022-04-05 20:55:00+00:00,2022-04-05 22:55:00+00:00,0.0,42000.0,"POLYGON ((-98.95900499977834 29.63906596693889, -98.46 28.91714530289553, -99.87233888676006 27.645243491090437, -100.5358841176625 29.155341448925814, -98.95900499977834 29.63906596693889))"
30E,2022-04-05 21:55:00+00:00,2022-04-05 23:55:00+00:00,0.0,30000.0,"POLYGON ((-80.85770612675496 37.20754908689245, -79.21710135420543 36.30225287449439, -78.39091744457164 35.10084622141453, -81.93 34.69726208852722, -82.13 35.77452417705443, -80.85770612675496 37.20754908689245))"
29E,2022-04-05 21:55:00+00:00,2022-04-05 23:55:00+00:00,0.0,45000.0,"POLYGON ((-78.39091744457164 35.10084622141453, -78.17622517743129 33.73479851961093, -84.86113196711594 29.3230706897234, -85.42341662632886 30.777611824452634, -81.93 34.69726208852722, -78.39091744457164 35.10084622141453))"
53C,2022-04-05 21:55:00+00:00,2022-04-05 23:55:00+00:00,0.0,41000.0,"POLYGON ((-87.04876587493278 32.47257695195589, -85.21 32.21815522131804, -85.78797301886976 30.508610339738574, -87.26573242780971 29.59904276773545, -89.84540850142082 31.65225625372726, -87.04876587493278 32.47257695195589))"
31E,2022-04-05 21:55:00+00:00,2022-04-05 23:55:00+00:00,0.0,36000.0,"POLYGON ((-79.77803119258506 32.35546206695541, -78.7939201718521 30.109887478018585, -80.16995835777594 30.333168275404088, -80.42691481417194 32.158165128937725, -79.77803119258506 32.35546206695541))"
32E,2022-04-05 21:55:00+00:00,2022-04-05 23:55:00+00:00,0.0,44000.0,"POLYGON ((-81.11 32.0154290605791, -80.3902964602713 31.5445985851847, -80.79196057890132 27.79032241124884, -82.42832149922083 28.44403568420533, -82.3805408452762 31.272802511892483, -81.11 32.0154290605791))"
33E,2022-04-05 21:55:00+00:00,2022-04-05 23:55:00+00:00,0.0,29000.0,"POLYGON ((-83.06235193470312 39.077419554750406, -82.29141130627343 38.54525431263051, -81.8516481633115 37.77773802244043, -84.90314025424333 37.87675637937844, -85.43887460051434 38.36704801315439, -83.06235193470312 39.077419554750406))"
55C,2022-04-05 21:55:00+00:00,2022-04-05 23:55:00+00:00,0.0,23000.0,"POLYGON ((-94.29 43.33285469710448, -93.92639402444983 42.72007555804249, -94.8792910599941 42.60849002180683, -95.67857985445538 43.31274449292903, -94.29 43.33285469710448))"
54C,2022-04-05 21:55:00+00:00,2022-04-05 23:55:00+00:00,0.0,45000.0,"POLYGON ((-98.79267114272145 29.6395848720242, -98.20672072959013 29.105494893387814, -99.87233888676006 27.645243491090437, -100.58030849248179 28.959167454004582, -98.79267114272145 29.6395848720242))"
37E,2022-04-05 22:55:00+00:00,2022-04-06 00:55:00+00:00,0.0,37000.0,"POLYGON ((-79.34412565937605 32.2998675212049, -79.33304734361987 30.618227905494372, -80.29494797216884 30.00336883085377, -81.51 30.00726208852722, -81.11 31.32815522131804, -79.34412565937605 32.2998675212049))"
34E,2022-04-05 22:55:00+00:00,2022-04-06 00:55:00+00:00,0.0,45000.0,"POLYGON ((-77.4808359654915 35.11791037357548, -77.41230822478333 33.42691662199826, -83.62401461043007 29.598765082791605, -84.35 30.067262088527215, -80.7176024686307 34.728663000002335, -77.4808359654915 35.11791037357548))"
35E,2022-04-05 22:55:00+00:00,2022-04-06 00:55:00+00:00,0.0,30000.0,"POLYGON ((-80.292875416832 37.089269564684045, -78.34253036038214 36.22213014455126, -77.4808359654915 35.11791037357548, -80.7176024686307 34.728663000002335, -80.95 35.689106867209176, -80.292875416832 37.089269564684045))"
36E,2022-04-05 22:55:00+00:00,2022-04-06 00:55:00+00:00,0.0,38000.0,"POLYGON ((-82.04324684416173 30.147918235775258, -81.51 30.00726208852722, -80.29494797216884 30.00336883085377, -79.61962486186705 27.99561205618871, -81.01161738534222 27.87002282199564, -82.04324684416173 30.147918235775258))"
56C,2022-04-05 22:55:00+00:00,2022-04-06 00:55:00+00:00,0.0,45000.0,"POLYGON ((-98.31394132043172 29.332510241277244, -97.84064902514227 28.252342220654576, -98.66989995401352 27.477989937579256, -99.94065950216704 27.67003109487547, -100.5518351383374 28.898707942725284, -98.31394132043172 29.332510241277244))"
38E,2022-04-05 22:55:00+00:00,2022-04-06 00:55:00+00:00,0.0,23000.0,"POLYGON ((-82.9483942877833 39.481614059290955, -81.68694146658865 38.86014883734912, -81.81836519883714 38.34911029573934, -83.91730591272588 38.4040114333759, -84.18546358035003 38.85289387584483, -82.9483942877833 39.481614059290955))"
39E,2022-04-05 22:55:00+00:00,2022-04-06 00:55:00+00:00,0.0,38000.0,"POLYGON ((-86.0568652943389 32.75399225160044, -84.29 32.09371281826268, -85.12209123547656 30.121104752485802, -86.55149809764383 30.562804310821857, -86.51532802374402 31.819151320733045, -86.0568652943389 32.75399225160044))"
58C,2022-04-05 22:55:00+00:00,2022-04-06 00:55:00+00:00,0.0,23000.0,"POLYGON ((-93.60903497082305 42.88520614211503, -93.35233785311534 41.97388273483216, -94.18587968288169 41.60473318171505, -94.70465743904217 42.30256887882514, -93.60903497082305 42.88520614211503))"
57C,2022-04-05 22:55:00+00:00,2022-04-06 00:55:00+00:00,0.0,31000.0,"POLYGON ((-92.87861459690326 41.437423625752295, -91.06728701586744 41.10981133717007, -93.61042449371864 37.89393456187736, -94.82973349760226 38.1588600692672, -94.30610699292869 40.09059632789919, -92.87861459690326 41.437423625752295))"
42E,2022-04-05 23:55:00+00:00,2022-04-06 01:55:00+00:00,0.0,37000.0,"POLYGON ((-81.23803447707469 30.104437359612987, -79.87084140091446 29.73994642773686, -79.9082089545008 28.90842135910718, -80.83673306509662 27.552235232348945, -81.6895093311028 28.412219359328287, -81.23803447707469 30.104437359612987))"
40E,2022-04-05 23:55:00+00:00,2022-04-06 01:55:00+00:00,0.0,45000.0,"POLYGON ((-77.1525028125933 34.93611460023954, -77.26191260735983 33.11885193382826, -82.22053260367906 30.083412642324504, -83.80703713433742 29.928314528563, -79.66 34.89547582294556, -77.1525028125933 34.93611460023954))"
43E,2022-04-05 23:55:00+00:00,2022-04-06 01:55:00+00:00,0.0,45000.0,"POLYGON ((-78.58406964409272 32.372222172806104, -78.5209752779558 31.586746864214856, -79.87084140091446 29.73994642773686, -81.23803447707469 30.104437359612987, -80.68617845248335 31.04326247893941, -78.58406964409272 32.372222172806104))"
44E,2022-04-05 23:55:00+00:00,2022-04-06 01:55:00+00:00,0.0,25000.0,"POLYGON ((-82.35939198216154 39.36435925198643, -81.43715982005439 38.939504674348996, -81.86742668749179 38.44247743264996, -83.80045586891734 38.31068550399571, -84.10809367103118 38.82750255501181, -82.35939198216154 39.36435925198643))"
41E,2022-04-05 23:55:00+00:00,2022-04-06 01:55:00+00:00,0.0,25000.0,"POLYGON ((-79.54151919271371 36.40212488567535, -77.41788685385474 36.253622284956656, -77.1525028125933 34.93611460023954, -79.66 34.89547582294556, -79.21359005340231 35.51629790861095, -79.54151919271371 36.40212488567535))"
45E,2022-04-05 23:55:00+00:00,2022-04-06 01:55:00+00:00,0.0,39000.0,"POLYGON ((-83.518129814262 32.95706332501908, -82.99190034777105 31.94800536386035, -83.87391215808178 30.80804519683489, -85.12209123547656 30.121104752485802, -86.07887206614436 32.01531686856868, -83.518129814262 32.95706332501908))"
60C,2022-04-05 23:55:00+00:00,2022-04-06 01:55:00+00:00,0.0,33000.0,"POLYGON ((-92.14380045346999 41.35278932706301, -90.3580811246334 41.15744889271386, -92.87128378849098 38.29705056707894, -94.63042149547212 38.00278392071704, -93.12161597563495 39.71987241196215, -92.14380045346999 41.35278932706301))"
59C,2022-04-05 23:55:00+00:00,2022-04-06 01:55:00+00:00,0.0,45000.0,"POLYGON ((-98.33302788810695 29.372807267868655, -97.54099173121193 29.304882893618448, -97.78603822055454 27.592886835540096, -99.42 27.76914187884179, -99.16144960585363 29.024792285273637, -98.33302788810695 29.372807267868655))"
2E,2022-04-06 00:55:00+00:00,2022-04-06 02:55:00+00:00,0.0,24000.0,"POLYGON ((-78.46326342017949 36.484404997070655, -77.12921166223262 35.93791113212833, -77.1230510399515 34.602400398072476, -79.08764851445494 34.699235056375336, -78.85871985643729 36.023679214062014, -78.46326342017949 36.484404997070655))"
1E,2022-04-06 00:55:00+00:00,2022-04-06 02:55:00+00:00,0.0,45000.0,"POLYGON ((-79.08764851445494 34.699235056375336, -77.1230510399515 34.602400398072476, -78.22272011451275 32.24017317440624, -81.12446117245825 30.33943451593939, -82.68105505848018 30.368014129630584, -79.08764851445494 34.699235056375336))"
3E,2022-04-06 00:55:00+00:00,2022-04-06 02:55:00+00:00,0.0,45000.0,"POLYGON ((-78.22272011451275 32.24017317440624, -79.41794339793215 28.61699225679675, -80.49 27.68, -81.15061822490324 28.5398686353591, -80.79576109948127 30.59272596711735, -78.22272011451275 32.24017317440624))"
1C,2022-04-06 00:55:00+00:00,2022-04-06 02:55:00+00:00,0.0,35000.0,"POLYGON ((-97.18934202485907 29.075486169836065, -97.22295008799442 28.360944475598025, -97.83804421273247 27.54650673740423, -98.75341465741067 28.066613842301024, -98.16876115196087 29.02486242619867, -97.18934202485907 29.075486169836065))"
3C,2022-04-06 00:55:00+00:00,2022-04-06 02:55:00+00:00,0.0,22000.0,"POLYGON ((-91.12713135103833 42.52657811634518, -90.07751532693945 41.927691449774436, -90.86063797953666 40.61777387118018, -91.61 40.85452417705444, -91.78088009559124 41.82728362346692, -91.12713135103833 42.52657811634518))"
5E,2022-04-06 00:55:00+00:00,2022-04-06 02:55:00+00:00,0.0,26000.0,"POLYGON ((-82.05822977836073 39.73987155082237, -81.35077037412165 39.60987713932289, -82.58611759403647 38.74868254204292, -82.88963230588237 39.02348244595857, -82.05822977836073 39.73987155082237))"
4E,2022-04-06 00:55:00+00:00,2022-04-06 02:55:00+00:00,0.0,34000.0,"POLYGON ((-83.17477313671351 32.523129141799956, -82.31441440147731 31.940549647531416, -82.82306275180535 31.428968839313033, -83.82008339601205 31.493164173231474, -84.29 32.238283757683575, -83.17477313671351 32.523129141799956))"
2C,2022-04-06 00:55:00+00:00,2022-04-06 02:55:00+00:00,0.0,36000.0,"POLYGON ((-92.05194892276667 40.537667401954664, -90.87873840844688 40.155991673392016, -92.68251480413757 37.869376072566745, -94.23031287252968 38.06525927552381, -92.87718782243037 39.59537932577007, -92.05194892276667 40.537667401954664))"
6E,2022-04-06 01:55:00+00:00,2022-04-06 03:55:00+00:00,0.0,45000.0,"POLYGON ((-79.08764851445494 34.699235056375336, -77.06397185013083 34.34735883021229, -77.18711036928703 32.96475210855679, -77.86242363578312 32.10709887104252, -79.44562953648484 32.888594215718825, -79.08764851445494 34.699235056375336))"
8E,2022-04-06 01:55:00+00:00,2022-04-06 03:55:00+00:00,0.0,36000.0,"POLYGON ((-79.44562953648484 32.888594215718825, -77.50317978545469 31.973007508938025, -78.91967636056603 28.244138042531155, -80.93959800701167 28.186491202038923, -80.66325012944866 31.236984808497795, -79.44562953648484 32.888594215718825))"
4C,2022-04-06 01:55:00+00:00,2022-04-06 03:55:00+00:00,0.0,37000.0,"POLYGON ((-91.27305591122197 40.904686134849726, -89.9251264434277 40.544692326261334, -92.5957155273074 36.76952000007354, -93.91161127432188 37.5495776643868, -92.22 39.30910686720918, -91.27305591122197 40.904686134849726))"
7E,2022-04-06 01:55:00+00:00,2022-04-06 03:55:00+00:00,0.0,25000.0,"POLYGON ((-77.00528710458615 35.980537035696926, -76.40535116974395 34.8392181562323, -76.81938449562442 34.3455126693749, -79.16300658297543 34.63790727431845, -78.4508094549923 35.758900938215916, -77.00528710458615 35.980537035696926))"
10E,2022-04-06 02:55:00+00:00,2022-04-06 04:55:00+00:00,0.0,45000.0,"POLYGON ((-78.45511452833776 32.88000418259385, -76.81696033297256 32.19359480289175, -77.17672267238457 30.38677481867236, -79.79734241549319 27.423611960799473, -80.35341914619903 30.334910875458505, -78.45511452833776 32.88000418259385))"
9E,2022-04-06 02:55:00+00:00,2022-04-06 04:55:00+00:00,0.0,45000.0,"POLYGON ((-77.64742875842444 35.4826757553513, -75.40549622175546 34.72043723247394, -76.81696033297256 32.19359480289175, -78.45511452833776 32.88000418259385, -77.71633206826016 34.042494158287965, -77.64742875842444 35.4826757553513))"
5C,2022-04-06 02:55:00+00:00,2022-04-06 04:55:00+00:00,0.0,35000.0,"POLYGON ((-90.79208167618765 41.26242932176415, -89.33807348252316 40.698609860472835, -91.28087063364445 37.66533816250235, -92.58411493592274 37.94586936792441, -91.5854193859896 39.61431759765176, -90.79208167618765 41.26242932176415))"
CHARLIE 1,2022-04-06 03:20:00+00:00,2022-04-06 07:20:00+00:00,0.0,45000.0,"POLYGON ((-73.45 34.15, -73.45 33, -76.15 29.3, -77 29.45, -77 32.15, -73.45 34.15))"
DELTA 1,2022-04-06 03:30:00+00:00,2022-04-06 07:30:00+00:00,29000.0,40000.0,"POLYGON ((-58 40.45, -54.15 37.45, -55.15 31, -61.3 27.15, -63.3 29.15, -59.3 33.45, -60.45 40.3, -58 40.45))"
12E,2022-04-06 03:55:00+00:00,2022-04-06 05:55:00+00:00,0.0,45000.0,"POLYGON ((-78.45511452833776 32.88000418259385, -76.81696033297256 32.19359480289175, -77.3602197125684 30.584602074602635, -78.79928014299323 27.66973798985201, -80.12795919197538 28.44805318334086, -78.45511452833776 32.88000418259385))"
11E,2022-04-06 03:55:00+00:00,2022-04-06 05:55:00+00:00,0.0,45000.0,"POLYGON ((-76.64825304536758 35.336854287419605, -74.60118707224883 34.955516670633756, -75.29134565535617 33.431553251189904, -76.81696033297256 32.19359480289175, -78.45511452833776 32.88000418259385, -76.64825304536758 35.336854287419605))"
6C,2022-04-06 03:55:00+00:00,2022-04-06 05:55:00+00:00,0.0,35000.0,"POLYGON ((-90.06130501466006 41.5119642580819, -88.72995857966713 41.42193787065022, -89.4678060361943 39.26784713992989, -90.81404887543253 37.85956162593002, -91.89596673129236 38.194731183142245, -90.06130501466006 41.5119642580819))"
14E,2022-04-06 04:55:00+00:00,2022-04-06 06:55:00+00:00,0.0,45000.0,"POLYGON ((-77.87 32.51994148689968, -76.81696033297256 32.19359480289175, -76.62242876451066 29.02683697822481, -78.79928014299323 27.66973798985201, -80.12795919197538 28.44805318334086, -77.87 32.51994148689968))"
13E,2022-04-06 04:55:00+00:00,2022-04-06 06:55:00+00:00,0.0,41000.0,"POLYGON ((-76.10119746096815 36.10626926340447, -72.98449992005833 35.13494418784608, -75.29134565535617 33.431553251189904, -76.81696033297256 32.19359480289175, -77.87 32.51994148689968, -76.10119746096815 36.10626926340447))"
7C,2022-04-06 04:55:00+00:00,2022-04-06 06:55:00+00:00,0.0,45000.0,"POLYGON ((-93.7142722574464 37.0526961127479, -92.56456125922143 36.744162882918744, -92.86518348649163 36.24344735885273, -94.10627359738574 35.33456462568774, -95.65334613883277 35.93278996933135, -93.7142722574464 37.0526961127479))"
15E,2022-04-06 05:55:00+00:00,2022-04-06 07:55:00+00:00,,,"POLYGON ((-76.08200207061815 36.33889995402299, -77.36927657418279 34.51986921412597, -76.93663619620237 34.02603982049258, -76.99863732463288 34.04785641120054, -75.03447532938554 35.87003074215228, -76.08200207061815 36.33889995402299))"
16E,2022-04-06 05:55:00+00:00,2022-04-06 07:55:00+00:00,0.0,42000.0,"POLYGON ((-76.81696033297256 32.19359480289175, -76.91474654356858 29.234438676889393, -78.04017616835857 28.549753072258635, -78.87476656062871 29.082299484726555, -77.86242363578312 32.10709887104252, -76.81696033297256 32.19359480289175))"
8C,2022-04-06 05:55:00+00:00,2022-04-06 07:55:00+00:00,0.0,45000.0,"POLYGON ((-93.56883748728775 36.89864465938136, -91.3479472659147 36.877868866166466, -90.793000372768 35.802487692064524, -93.86184956633484 35.3893136398658, -94.27727728804268 35.942487165542296, -93.56883748728775 36.89864465938136))"
9C,2022-04-06 06:55:00+00:00,2022-04-06 08:55:00+00:00,0.0,45000.0,"POLYGON ((-90.63227640371761 36.72440131848143, -90.07769265044286 35.76294766395266, -94.11439841823045 35.082490370974774, -94.12 35.917262088527224, -92.30517462608387 36.532074730485625, -90.63227640371761 36.72440131848143))"
17E,2022-04-06 06:55:00+00:00,2022-04-06 08:55:00+00:00,0.0,40000.0,"POLYGON ((-77.4272089757168 30.6137235759749, -77.46403610756488 29.25048516002328, -78.21037324678865 28.491189867959182, -78.97062200752889 29.000646423852547, -78.48228792066723 30.214796034030904, -77.4272089757168 30.6137235759749))"
CHARLIE 2,2022-04-06 07:15:00+00:00,2022-04-06 11:15:00+00:00,0.0,45000.0,"POLYGON ((-72.4 35, -71.2 34.25, -73.45 30.3, -77 30.35, -77 31.15, -72.4 35))"
19E,2022-04-06 07:55:00+00:00,2022-04-06 09:55:00+00:00,0.0,32000.0,"POLYGON ((-73.60321938035213 38.15271796951693, -73.74419503776971 36.924955745526994, -75.42871202880268 37.14217759696002, -74.9138413396713 37.877923844248194, -73.60321938035213 38.15271796951693))"
18E,2022-04-06 07:55:00+00:00,2022-04-06 09:55:00+00:00,0.0,35000.0,"POLYGON ((-76.91474654356858 29.234438676889393, -76.80035650834265 28.968014159304357, -77.68695586025213 28.670408845141342, -78.73820847810669 29.198283840659172, -78.05829211406056 29.265312143249012, -76.91474654356858 29.234438676889393))"
10C,2022-04-06 07:55:00+00:00,2022-04-06 09:55:00+00:00,0.0,45000.0,"POLYGON ((-89.32 36.74285469710448, -89.98 35.45371281826268, -93.89523286176801 35.08273931479666, -93.74119690343325 35.94272072047491, -91.6131724364772 36.32947421129509, -89.32 36.74285469710448))"
20E,2022-04-06 08:55:00+00:00,2022-04-06 10:55:00+00:00,0.0,32000.0,"POLYGON ((-74.53434818943421 38.02761640341515, -73.30890690753449 37.914021076203, -73.29229546766555 36.225287081814514, -74.85328456059213 35.8069919907005, -74.53434818943421 38.02761640341515))"
11C,2022-04-06 08:55:00+00:00,2022-04-06 10:55:00+00:00,0.0,45000.0,"POLYGON ((-88.65850470522575 37.21097979695142, -89.18365590366166 35.75279048013569, -93.23478397883902 34.675456972427625, -93.13048604738496 35.91396942427397, -90.60464442210152 36.777336718622415, -88.65850470522575 37.21097979695142))"
12C,2022-04-06 09:55:00+00:00,2022-04-06 11:55:00+00:00,0.0,45000.0,"POLYGON ((-88.08020189528952 37.314745089157235, -87.81640095001096 35.752622829259515, -92.92994128412623 34.9323722435418, -91.52215305503195 36.29964101366536, -89.49272395364198 37.07949443936931, -88.08020189528952 37.314745089157235))"
21E,2022-04-06 09:55:00+00:00,2022-04-06 11:55:00+00:00,0.0,32000.0,"POLYGON ((-73.37367391225632 37.96674579186318, -72.61424663941315 37.34149420539057, -73.13303282091323 36.22135150332075, -74.20805519838494 36.24381468141871, -73.37367391225632 37.96674579186318))"
UNIFORM 1,2022-04-06 10:33:00+00:00,2022-04-06 14:30:00+00:00,0.0,55000.0,"POLYGON ((130 12.3, 140 5.45, 136 3.3, 130 10.45, 130 12.3))"
22E,2022-04-06 10:55:00+00:00,2022-04-06 12:55:00+00:00,0.0,33000.0,"POLYGON ((-72.06235298049651 38.17645272959873, -71.29315592314053 37.90104363007683, -72.46795419287882 36.20263089346184, -73.29229546766555 36.225287081814514, -72.06235298049651 38.17645272959873))"
13C,2022-04-06 10:55:00+00:00,2022-04-06 12:55:00+00:00,0.0,45000.0,"POLYGON ((-87.16720544559392 37.45794645069503, -87.43883896411941 35.88293715542125, -91.43005871587378 34.9323722435418, -91.14010114351493 36.04618315936905, -88.87889373785998 37.216607091004114, -87.16720544559392 37.45794645069503))"
CHARLIE 3,2022-04-06 11:10:00+00:00,2022-04-06 15:10:00+00:00,0.0,45000.0,"POLYGON ((-73.3 31.55, -73.25 30.4, -75.55 30.45, -76.15 31.2, -76.1 31.35, -73.3 31.55))"
23E,2022-04-06 11:55:00+00:00,2022-04-06 13:55:00+00:00,0.0,30000.0,"POLYGON ((-71.86951135689726 38.108070973791584, -70.9107273746298 37.76147064377434, -71.72365987375426 36.58846161210729, -72.58141744893663 37.314117035316904, -71.86951135689726 38.108070973791584))"
24E,2022-04-06 11:55:00+00:00,2022-04-06 13:55:00+00:00,0.0,45000.0,"POLYGON ((-78.97124881810272 33.02058440054258, -78.69852154537544 33.02058440054258, -78.69852154537544 32.747857127815315, -78.97124881810272 32.747857127815315, -78.97124881810272 33.02058440054258))"
14C,2022-04-06 11:55:00+00:00,2022-04-06 13:55:00+00:00,0.0,43000.0,"POLYGON ((-86.44 37.50828375768358, -86.44 36.64085812115822, -89.84444473408051 35.287056983055166, -90.95 35.96542906057911, -88.27555379447669 37.51996422612891, -86.44 37.50828375768358))"
VICTOR 1,2022-04-06 12:31:00+00:00,2022-04-06 16:30:00+00:00,0.0,57000.0,"POLYGON ((147.45 6.45, 152 2.45, 146.3 2, 145 4.15, 147.45 6.45))"
25E,2022-04-06 12:55:00+00:00,2022-04-06 14:55:00+00:00,0.0,35000.0,"POLYGON ((-79.60689771374795 30.58562877061297, -77.17924536115109 30.643087863040467, -78.32667223480911 29.545399506512194, -79.15791280685917 29.986136100543057, -79.60689771374795 30.58562877061297))"
26E,2022-04-06 12:55:00+00:00,2022-04-06 14:55:00+00:00,0.0,42000.0,"POLYGON ((-75.10928185556631 33.36391611371047, -76.05057862301025 32.80714986095124, -76.89048327355702 32.347912658677075, -77.87 33.351786265581644, -75.10928185556631 33.36391611371047))"
15C,2022-04-06 12:55:00+00:00,2022-04-06 14:55:00+00:00,0.0,40000.0,"POLYGON ((-85.58 38.1, -84.73518726978337 37.028360110876726, -89.57370492432038 35.01932298495471, -90.71495618012514 35.64865534626332, -87.17691497398418 37.73755984861174, -85.58 38.1))"
CHARLIE 4,2022-04-06 13:45:00+00:00,2022-04-06 17:45:00+00:00,0.0,48000.0,"POLYGON ((-75.15 32, -72.3 32, -72 30, -75.15 30, -75.15 32))"
UNIFORM 2,2022-04-06 13:45:00+00:00,2022-04-06 17:40:00+00:00,0.0,55000.0,"POLYGON ((130 14.15, 140.15 5.45, 139.15 3.3, 135 3.3, 130 11.15, 130 14.15))"
16C,2022-04-06 13:55:00+00:00,2022-04-06 15:55:00+00:00,0.0,40000.0,"POLYGON ((-87.76 37.09815522131804, -87.63549639063797 36.454544372483575, -88.75126917173131 35.82765630093168, -89.32 36.51910686720918, -87.76 37.09815522131804))"
27E,2022-04-06 14:16:00+00:00,2022-04-06 15:55:00+00:00,0.0,35000.0,"POLYGON ((-77.84462178688962 30.988500832891024, -77.17924536115109 30.643087863040467, -78.32667223480911 29.545399506512194, -78.62090868383004 30.168248924699977, -77.84462178688962 30.988500832891024))"
28E,2022-04-06 14:16:00+00:00,2022-04-06 15:55:00+00:00,0.0,42000.0,"POLYGON ((-75.10928185556631 33.36391611371047, -76.05057862301025 32.80714986095124, -76.89048327355702 32.347912658677075, -77.87 33.18541730984525, -75.10928185556631 33.36391611371047))"
30E,2022-04-06 14:16:00+00:00,2022-04-06 15:55:00+00:00,0.0,42000.0,"POLYGON ((-79.35134279505354 32.88811282810212, -79.08920921800723 32.55445060879406, -79.55527120127927 32.480155812737955, -79.91839995435352 32.78771405523815, -79.35134279505354 32.88811282810212))"
29E,2022-04-06 14:16:00+00:00,2022-04-06 15:55:00+00:00,0.0,34000.0,"POLYGON ((-85.58 38.1, -84.11 37.75285469710447, -84.83436162559225 37.02779856007968, -86.44 36.93, -87.02686175935422 37.92772576787969, -85.58 38.1))"
32E,2022-04-06 15:21:00+00:00,2022-04-06 16:55:00+00:00,0.0,45000.0,"POLYGON ((-76.02243555084308 33.699426699793655, -75.10928185556631 33.36391611371047, -76.74368634706377 32.03923455358845, -76.96425744252087 32.50218772195476, -76.02243555084308 33.699426699793655))"
31E,2022-04-06 15:21:00+00:00,2022-04-06 16:55:00+00:00,0.0,40000.0,"POLYGON ((-82.29260378979136 33.442796839462325, -82.48998615682353 33.04172981736768, -84.89170109160077 32.93894592447128, -84.57248174928579 33.36279705351782, -82.29260378979136 33.442796839462325))"
33E,2022-04-06 15:21:00+00:00,2022-04-06 16:55:00+00:00,0.0,40000.0,"POLYGON ((-77.87 33.19343248463285, -77.87 32.90429060579106, -78.93143990810043 32.49783125108898, -79.1791853690429 32.88705132565269, -77.87 33.19343248463285))"
FOXTROT 1,2022-04-06 15:30:00+00:00,2022-04-06 19:30:00+00:00,0.0,50000.0,"POLYGON ((-73.3 34, -74 32.3, -77.15 32.15, -75.3 34, -73.3 34))"
VICTOR 2,2022-04-06 15:33:00+00:00,2022-04-06 19:30:00+00:00,0.0,54000.0,"POLYGON ((149 7.15, 152.3 2.15, 146.45 2, 142.45 5, 149 7.15))"
34E,2022-04-06 15:55:00+00:00,2022-04-06 17:55:00+00:00,0.0,30000.0,"POLYGON ((-82.3206671859884 33.76522091965033, -82.02739621020865 33.442796839462325, -82.16000000000001 33.13171624231643, -82.64923592151129 33.300126195925685, -82.3206671859884 33.76522091965033))"
35E,2022-04-06 15:55:00+00:00,2022-04-06 17:55:00+00:00,0.0,35000.0,"POLYGON ((-82.89619444478078 30.738022454265177, -81.3821391383225 30.0728055370253, -82.46510026734283 29.087582626547857, -83.52220245549222 30.008072588186938, -82.89619444478078 30.738022454265177))"
36E,2022-04-06 15:55:00+00:00,2022-04-06 17:55:00+00:00,0.0,40000.0,"POLYGON ((-77.87 33.19343248463285, -77.87 32.90429060579106, -79.08920921800723 32.55445060879406, -79.52350388770398 32.888938456919085, -77.87 33.19343248463285))"
17C,2022-04-06 15:55:00+00:00,2022-04-06 17:55:00+00:00,0.0,35000.0,"POLYGON ((-87.58201413327515 33.53793437971703, -87.4985933082456 33.356162638372595, -89.71572477549873 32.33865059371003, -89.79914560052828 32.52042233505446, -87.58201413327515 33.53793437971703))"
CHARLIE 5,2022-04-06 16:40:00+00:00,2022-04-06 20:40:00+00:00,0.0,41000.0,"POLYGON ((-72.15 31.45, -71.15 30, -74.45 30, -74.45 31.45, -72.15 31.45))"
FOXTROT 2,2022-04-06 16:50:00+00:00,2022-04-06 20:50:00+00:00,0.0,50000.0,"POLYGON ((-75 34, -71.3 34, -73 32, -77.3 32, -75 34))"
19C,2022-04-06 16:58:00+00:00,2022-04-06 18:55:00+00:00,0.0,30000.0,"POLYGON ((-88.67103654263697 33.583688970394604, -88.2164910880915 33.583688970394604, -88.2164910880915 33.12914351584915, -88.67103654263697 33.12914351584915, -88.67103654263697 33.583688970394604))"
18C,2022-04-06 16:58:00+00:00,2022-04-06 18:55:00+00:00,0.0,32000.0,"POLYGON ((-86.9576815799207 33.75168742460044, -86.84231842007931 33.58831257539956, -89.10423695366319 31.99111404322396, -89.21960011350458 32.15448889242484, -86.9576815799207 33.75168742460044))"
37E,2022-04-06 17:06:00+00:00,2022-04-06 18:55:00+00:00,0.0,35000.0,"POLYGON ((-82.51 31.207262088527216, -81.25645509730782 29.607329850298168, -82.39015455956361 28.524515941007245, -82.28465204482438 29.597804612880022, -83.34469733030697 30.21449395784311, -82.51 31.207262088527216))"
38E,2022-04-06 17:06:00+00:00,2022-04-06 18:55:00+00:00,0.0,44000.0,"POLYGON ((-77.34060085987745 33.280327696041745, -77.2102876372328 33.012561942256575, -77.83262208423578 32.09602859371997, -79.00703252593735 32.88575396480551, -77.34060085987745 33.280327696041745))"
39E,2022-04-06 17:06:00+00:00,2022-04-06 18:55:00+00:00,0.0,35000.0,"POLYGON ((-84.4196243274983 31.392802205184726, -84.47864035408948 30.667069240202927, -85.90451047157038 30.55106553975586, -85.90002872698547 31.10428865973284, -84.4196243274983 31.392802205184726))"
40E,2022-04-06 17:06:00+00:00,2022-04-06 18:55:00+00:00,0.0,42000.0,"POLYGON ((-84.16533602627851 32.68894656482088, -83.96701466626781 32.578951457179585, -85.07693125775516 31.934211071424663, -85.21 32.47171624231643, -84.16533602627851 32.68894656482088))"
UNIFORM 3,2022-04-06 17:34:00+00:00,2022-04-06 21:30:00+00:00,0.0,57000.0,"POLYGON ((130 14.15, 138.3 8.3, 136 6.3, 130 11.15, 130 14.15))"
44E,2022-04-06 17:55:00+00:00,2022-04-06 19:55:00+00:00,0.0,42000.0,"POLYGON ((-80.49 28.34547582294557, -79.79734241549319 27.423611960799473, -80.77654521196041 26.42368438524639, -81.35531693024825 27.35898047564628, -81.01161738534222 27.87002282199564, -80.49 28.34547582294557))"
41E,2022-04-06 17:55:00+00:00,2022-04-06 19:55:00+00:00,0.0,45000.0,"POLYGON ((-85.15 34.294524177054434, -85.21 33.382737911472795, -87.04876587493278 32.47257695195589, -87.05245629789331 33.36249658462884, -85.15 34.294524177054434))"
43E,2022-04-06 17:55:00+00:00,2022-04-06 19:55:00+00:00,0.0,45000.0,"POLYGON ((-81.97006747832259 31.347865617229136, -80.5679002798478 29.76946774451852, -81.60723074669532 28.304457281261847, -82.6673218577164 29.59945114411255, -83.05 30.431844778681963, -81.97006747832259 31.347865617229136))"
20C,2022-04-06 17:55:00+00:00,2022-04-06 19:55:00+00:00,0.0,45000.0,"POLYGON ((-88.14095986828318 33.79613482268741, -87.03254270914627 33.402796946539354, -86.95304979958053 32.43972275364451, -88.51 33.056287181737325, -88.14095986828318 33.79613482268741))"
42E,2022-04-06 17:55:00+00:00,2022-04-06 19:55:00+00:00,0.0,45000.0,"POLYGON ((-83.89349184225405 32.89421911139596, -83.81840160118972 31.82510780053419, -84.73175354494207 29.59804805122651, -86.0065606493468 30.82825830528209, -84.94756588680032 32.51546039157564, -83.89349184225405 32.89421911139596))"
21C,2022-04-06 17:55:00+00:00,2022-04-06 19:55:00+00:00,0.0,40000.0,"POLYGON ((-87.31646600311853 32.637320002459084, -87.2249872320237 32.45946715755921, -90.21426061445258 30.921931698708274, -90.30573938554743 31.09978454360815, -87.31646600311853 32.637320002459084))"
48E,2022-04-06 18:55:00+00:00,2022-04-06 20:55:00+00:00,0.0,45000.0,"POLYGON ((-80.73709481138881 31.39092814967276, -80.39311001469754 28.53671598849233, -82.39015455956361 28.524515941007245, -81.73027672641336 29.878700770027603, -82.65891491589349 31.232503948185368, -80.73709481138881 31.39092814967276))"
45E,2022-04-06 18:55:00+00:00,2022-04-06 20:55:00+00:00,0.0,35000.0,"POLYGON ((-85.33574018850382 38.560862546232066, -83.80045586891734 38.31068550399571, -86.28962017670557 35.3708399752367, -88.24021573865537 34.962369672831116, -85.33574018850382 38.560862546232066))"
49E,2022-04-06 18:55:00+00:00,2022-04-06 20:55:00+00:00,0.0,45000.0,"POLYGON ((-80.12795919197538 28.44805318334086, -79.73129622868689 27.448072961903527, -80.09 26.34726208852722, -81.25188172531213 26.99958848212218, -81.01161738534222 27.87002282199564, -80.12795919197538 28.44805318334086))"
47E,2022-04-06 18:55:00+00:00,2022-04-06 20:55:00+00:00,0.0,45000.0,"POLYGON ((-82.7130860700876 33.517766941676705, -83.99405324200421 30.272184121928948, -85.02789656995888 29.81004636605923, -85.51755975092713 30.82481054163949, -85.77380703960866 32.409826023812435, -82.7130860700876 33.517766941676705))"
46E,2022-04-06 18:55:00+00:00,2022-04-06 20:55:00+00:00,0.0,45000.0,"POLYGON ((-83.86913033129986 34.228112336584026, -84.2876137134569 33.32249672616771, -87.04876587493278 32.47257695195589, -86.9 33.337262088527226, -83.86913033129986 34.228112336584026))"
23C,2022-04-06 18:57:00+00:00,2022-04-06 20:55:00+00:00,0.0,45000.0,"POLYGON ((-86.99915111327441 32.52846208469731, -86.90694848588664 32.35098342259171, -90.21389868630612 30.63297691126363, -90.30610131369389 30.81045557336922, -86.99915111327441 32.52846208469731))"
22C,2022-04-06 18:57:00+00:00,2022-04-06 20:55:00+00:00,0.0,45000.0,"POLYGON ((-87.54360703876588 33.889632783056804, -86.9 33.67, -86.95304979958053 32.43972275364451, -88.51 33.056287181737325, -87.54360703876588 33.889632783056804))"
24C,2022-04-06 18:57:00+00:00,2022-04-06 20:55:00+00:00,0.0,45000.0,"POLYGON ((-88.75457729661679 33.28530546197656, -88.60258893228752 32.78054470787875, -89.58615498300308 32.428957050977296, -89.73541195388178 32.73615654371511, -88.75457729661679 33.28530546197656))"
FOXTROT 3,2022-04-06 19:00:00+00:00,2022-04-06 23:00:00+00:00,0.0,50000.0,"POLYGON ((-70.45 34, -72.45 30.45, -75.3 30.45, -77.15 32.15, -75.3 33.45, -70.45 34))"
GOLF 1,2022-04-06 19:10:00+00:00,2022-04-06 23:10:00+00:00,0.0,46000.0,"POLYGON ((-63.3 40, -65.45 36, -68.3 36.45, -66.15 39.45, -63.3 40))"
54E,2022-04-06 19:55:00+00:00,2022-04-06 21:55:00+00:00,0.0,45000.0,"POLYGON ((-80.12795919197538 28.44805318334086, -79.2950981061613 27.383627274830932, -80.09 26.34726208852722, -80.77654521196041 26.42368438524639, -80.81605302025197 28.34799481983138, -80.12795919197538 28.44805318334086))"
51E,2022-04-06 19:55:00+00:00,2022-04-06 21:55:00+00:00,0.0,45000.0,"POLYGON ((-83.60748523333947 34.084793500183224, -82.8968996982793 33.453144051694, -87.14792142165665 31.511455019267643, -87.61805150855713 32.37448623374021, -86.10040021300124 33.6674255783622, -83.60748523333947 34.084793500183224))"
53E,2022-04-06 19:55:00+00:00,2022-04-06 21:55:00+00:00,0.0,45000.0,"POLYGON ((-80.07781633330929 30.841531081602895, -79.15791280685917 29.986136100543057, -80.39311001469754 28.53671598849233, -81.74309367225584 28.892326478507222, -80.79576109948127 30.59272596711735, -80.07781633330929 30.841531081602895))"
55E,2022-04-06 19:55:00+00:00,2022-04-06 21:55:00+00:00,0.0,35000.0,"POLYGON ((-85.28197462286381 37.86434185504372, -83.94984890732033 37.33730231941818, -86.28052244395144 35.33676991516702, -87.7236545737297 35.17089199700512, -85.28197462286381 37.86434185504372))"
52E,2022-04-06 19:55:00+00:00,2022-04-06 21:55:00+00:00,0.0,45000.0,"POLYGON ((-82.52899818619936 33.58211794311643, -81.78069562184744 32.94089476184316, -83.09561145644962 31.538665777521754, -85.78203803091989 31.145237279696147, -85.5912341250672 32.47257695195589, -82.52899818619936 33.58211794311643))"
25C,2022-04-06 19:55:00+00:00,2022-04-06 21:55:00+00:00,0.0,45000.0,"POLYGON ((-86.9 33.83636895573639, -86.74754370210668 33.36249658462884, -88.8 32.38, -89.34716512665663 32.56981874089525, -86.9 33.83636895573639))"
50E,2022-04-06 19:55:00+00:00,2022-04-06 21:55:00+00:00,0.0,35000.0,"POLYGON ((-83.18850897456814 31.538208894580187, -82.25181316195408 31.005475972924508, -82.34754976857124 30.33733124562165, -84.70445597556143 30.092840146821096, -85.22815107746712 31.32461769646743, -83.18850897456814 31.538208894580187))"
56E,2022-04-06 19:55:00+00:00,2022-04-06 21:55:00+00:00,0.0,40000.0,"POLYGON ((-80.04 33.323712818262685, -79.90782989006476 33.15706279409366, -80.55649611229603 32.888938456919085, -81.05 33.13714530289552, -81.05 33.42628718173732, -80.04 33.323712818262685))"
26C,2022-04-06 19:55:00+00:00,2022-04-06 21:55:00+00:00,0.0,45000.0,"POLYGON ((-87.3107922849852 31.972818202914873, -87.21682753802413 31.796266153001696, -89.95301762651947 30.34000773272699, -90.04698237348053 30.516559782640165, -87.3107922849852 31.972818202914873))"
58E,2022-04-06 20:55:00+00:00,2022-04-06 22:55:00+00:00,0.0,45000.0,"POLYGON ((-83.58536947712075 34.46438587084129, -80.49346739963391 34.04975010618186, -81.38720980502737 31.92441646450115, -85.36901924384196 31.273458639239355, -86.34716941713357 33.47776880447618, -83.58536947712075 34.46438587084129))"
57E,2022-04-06 20:55:00+00:00,2022-04-06 22:55:00+00:00,0.0,35000.0,"POLYGON ((-83.29080948912768 31.537628073776222, -81.79058202863 31.28331922360778, -82.28106874726835 30.337738102426655, -84.75770828139191 30.046444963365285, -85.36901924384196 31.273458639239355, -83.29080948912768 31.537628073776222))"
61E,2022-04-06 20:55:00+00:00,2022-04-06 22:55:00+00:00,0.0,44000.0,"POLYGON ((-84.10809367103118 38.82750255501181, -83.07389097721506 37.92184827117966, -83.89 36.23273791147279, -86.27003320692039 34.572851559987534, -87.49 35.20910686720918, -84.10809367103118 38.82750255501181))"
60E,2022-04-06 20:55:00+00:00,2022-04-06 22:55:00+00:00,0.0,45000.0,"POLYGON ((-80.00960503624667 31.214106549109758, -78.8209924521177 29.280485096039094, -79.23229775313193 26.35909350890834, -80.4623855340304 26.679514493799267, -80.83957930427944 29.535008850182635, -80.00960503624667 31.214106549109758))"
59E,2022-04-06 20:55:00+00:00,2022-04-06 22:55:00+00:00,0.0,44000.0,"POLYGON ((-80.35362006281603 33.85804198137538, -79.66 33.79628718173732, -79.08205869979426 33.218300646110336, -80.30196880741495 32.35546206695541, -81.17544826396902 32.29354929173296, -80.35362006281603 33.85804198137538))"
28C,2022-04-06 20:55:00+00:00,2022-04-06 22:55:00+00:00,0.0,40000.0,"POLYGON ((-89.28639934678289 32.78797537664714, -86.939166566373 31.36400668781387, -87.89304387724498 30.895138991914035, -88.83773652293246 31.138033765174722, -89.28639934678289 32.78797537664714))"
27C,2022-04-06 20:55:00+00:00,2022-04-06 22:55:00+00:00,0.0,45000.0,"POLYGON ((-86.84181836991704 34.48698277166315, -85.84723003376524 32.05314522476477, -86.939166566373 31.36400668781387, -89.28639934678289 32.78797537664714, -87.69093434928345 34.3091364406388, -86.84181836991704 34.48698277166315))"
63E,2022-04-06 21:55:00+00:00,2022-04-06 23:55:00+00:00,0.0,45000.0,"POLYGON ((-81.1823975313693 34.728663000002335, -78.32769177521668 33.42691662199826, -80.88551386319153 31.698687064975665, -85.36901924384196 31.273458639239355, -85.43907463586413 33.510905527783166, -81.1823975313693 34.728663000002335))"
66E,2022-04-06 21:55:00+00:00,2022-04-06 23:55:00+00:00,0.0,45000.0,"POLYGON ((-84.09832757812153 38.54788724200906, -82.43385396602555 37.98077732466743, -82.85567137627949 35.8495946608274, -85.51597451673723 33.66444660546039, -87.25893615511069 34.24866692576293, -84.09832757812153 38.54788724200906))"
64E,2022-04-06 21:55:00+00:00,2022-04-06 23:55:00+00:00,0.0,40000.0,"POLYGON ((-75.83923781537374 33.63286179856822, -75.29134565535617 33.431553251189904, -76.81696033297256 32.19359480289175, -77.87 32.51994148689968, -76.60350539699624 33.28469139114844, -75.83923781537374 33.63286179856822))"
65E,2022-04-06 21:55:00+00:00,2022-04-06 23:55:00+00:00,0.0,45000.0,"POLYGON ((-79.22138683437119 31.19657097258367, -78.05829211406056 29.265312143249012, -79.42409088974877 26.115825326589476, -80.35277594707021 26.444477171164753, -80.4067456818193 29.043491787627, -79.22138683437119 31.19657097258367))"
29C,2022-04-06 21:55:00+00:00,2022-04-06 23:55:00+00:00,0.0,45000.0,"POLYGON ((-87.06249919976571 34.35633065528978, -85.43907463586413 33.510905527783166, -85.36901924384196 31.273458639239355, -87.80987630564246 31.199402798588817, -89.94965080096186 32.122500913341504, -87.06249919976571 34.35633065528978))"
62E,2022-04-06 21:55:00+00:00,2022-04-06 23:55:00+00:00,0.0,45000.0,"POLYGON ((-82.51 31.54, -81.25216802637163 30.874011674712477, -83.66580228855543 29.81987826050759, -84.70445597556143 30.092840146821096, -84.60799364171368 30.934011066828127, -82.51 31.54))"
GOLF 2,2022-04-06 22:25:00+00:00,2022-04-07 02:25:00+00:00,0.0,40000.0,"POLYGON ((-60.3 41.45, -62.3 35, -66.15 33.15, -68.15 33.45, -66.45 37.15, -67 41.3, -60.3 41.45))"
FOXTROT 4,2022-04-06 22:30:00+00:00,2022-04-07 02:30:00+00:00,0.0,45000.0,"POLYGON ((-75.15 34, -71.3 33.45, -71.3 30.45, -74.15 30.3, -77.15 32.3, -75.15 34))"
67E,2022-04-06 22:55:00+00:00,2022-04-07 00:55:00+00:00,0.0,45000.0,"POLYGON ((-82.51 31.37363104426361, -81.7323617597083 30.80092654468214, -83.2706810981287 30.060932075241826, -84.49716852693386 30.092507753178154, -84.51329124912284 31.19869088221955, -82.51 31.37363104426361))"
70E,2022-04-06 22:55:00+00:00,2022-04-07 00:55:00+00:00,0.0,45000.0,"POLYGON ((-82.81553057263318 38.49270027934071, -81.89520589568137 37.522790239284994, -82.85567137627949 35.8495946608274, -85.51597451673723 33.66444660546039, -87.06249919976571 34.35633065528978, -82.81553057263318 38.49270027934071))"
69E,2022-04-06 22:55:00+00:00,2022-04-07 00:55:00+00:00,0.0,45000.0,"POLYGON ((-78.44146809343414 30.228466654828352, -77.51004145035955 28.73039262105773, -79.59564033185141 26.05306360301287, -80.35277594707021 26.444477171164753, -79.77463338462778 29.293358650039814, -78.44146809343414 30.228466654828352))"
68E,2022-04-06 22:55:00+00:00,2022-04-07 00:55:00+00:00,0.0,45000.0,"POLYGON ((-81.10522197366184 34.88249110670873, -77.87 33.51815522131804, -80.81118198831533 31.544829034357047, -85.36901924384196 31.273458639239355, -85.43907463586413 33.510905527783166, -81.10522197366184 34.88249110670873))"
30C,2022-04-06 22:55:00+00:00,2022-04-07 00:55:00+00:00,0.0,45000.0,"POLYGON ((-87.11830496540793 34.40275374160239, -85.40892260980084 33.45054070064333, -85.22815107746712 31.32461769646743, -86.94997552489423 31.997137583186007, -89.27534303870213 32.5450832182183, -87.11830496540793 34.40275374160239))"
73E,2022-04-06 23:55:00+00:00,2022-04-07 01:55:00+00:00,0.0,45000.0,"POLYGON ((-78.44146809343414 30.228466654828352, -77.33292425561181 28.79014587564077, -78.79928014299323 27.66973798985201, -79.44494193474968 28.058076368529584, -79.3931486732552 29.289021921839478, -78.44146809343414 30.228466654828352))"
72E,2022-04-06 23:55:00+00:00,2022-04-07 01:55:00+00:00,0.0,45000.0,"POLYGON ((-80.95 35.19, -77.87 33.684524177054435, -80.04 32.224524177054434, -85.26726069029438 31.656276482818313, -85.90120931136182 32.57223192555957, -80.95 35.19))"
74E,2022-04-06 23:55:00+00:00,2022-04-07 01:55:00+00:00,0.0,45000.0,"POLYGON ((-82.81553057263318 38.49270027934071, -81.89520589568137 37.522790239284994, -82.42158068835755 36.20436382266914, -85.21 33.54910686720919, -86.18835234089318 34.2561674816533, -82.81553057263318 38.49270027934071))"
31C,2022-04-06 23:55:00+00:00,2022-04-07 01:55:00+00:00,0.0,45000.0,"POLYGON ((-86.59178618333314 34.28443770024815, -85.63274716054416 33.40220954538821, -86.9 33.004524177054435, -88.24568083542877 31.908223781997542, -89.02732998513456 32.84091084179845, -86.59178618333314 34.28443770024815))"
71E,2022-04-06 23:55:00+00:00,2022-04-07 01:55:00+00:00,0.0,45000.0,"POLYGON ((-83.81840160118972 31.82510780053419, -81.70310673721623 30.740556550058493, -83.24165069691357 30.000560721170046, -84.5865499996061 30.195332677151505, -84.79954065477028 31.658987756075906, -83.81840160118972 31.82510780053419))"
3E,2022-04-07 00:55:00+00:00,2022-04-07 02:55:00+00:00,0.0,45000.0,"POLYGON ((-78.26180803897103 30.28843962988686, -76.62242876451066 29.02683697822481, -77.31302444862477 27.671594119567153, -78.79928014299323 27.66973798985201, -79.14696250387193 28.849917908083896, -78.26180803897103 30.28843962988686))"
2E,2022-04-07 00:55:00+00:00,2022-04-07 02:55:00+00:00,0.0,45000.0,"POLYGON ((-78.05947197381934 35.27964005264144, -77.41230822478333 33.42691662199826, -79.66414237158375 32.120912566492294, -85.26726069029438 31.656276482818313, -85.03942646782119 33.628554061276965, -78.05947197381934 35.27964005264144))"
4E,2022-04-07 00:55:00+00:00,2022-04-07 02:55:00+00:00,0.0,45000.0,"POLYGON ((-80.94799810106845 36.6286469969386, -81.2640027583063 35.804415297469625, -85.03942646782119 33.628554061276965, -86.10040021300124 33.6674255783622, -84.34781308735664 36.568647514169584, -80.94799810106845 36.6286469969386))"
1E,2022-04-07 00:55:00+00:00,2022-04-07 02:55:00+00:00,0.0,45000.0,"POLYGON ((-82.87102650971933 31.84617438546095, -81.70310673721623 30.740556550058493, -83.30587754700232 30.13401911025411, -84.5865499996061 30.195332677151505, -85.13922346030412 31.65718826241764, -82.87102650971933 31.84617438546095))"
5E,2022-04-07 00:55:00+00:00,2022-04-07 02:55:00+00:00,0.0,36000.0,"POLYGON ((-79.07494672726759 32.068470776801085, -78.00985696963181 31.13568258182553, -79.80606713232613 30.41816319091198, -79.51914252228829 31.82038900581271, -79.07494672726759 32.068470776801085))"
6E,2022-04-07 00:55:00+00:00,2022-04-07 02:55:00+00:00,0.0,29000.0,"POLYGON ((-80.8379588197975 38.31392950249228, -81.32886733566626 37.379116826035116, -83.60697718463565 37.194914060018554, -82.80978991596372 38.134036531995456, -80.8379588197975 38.31392950249228))"
1C,2022-04-07 00:55:00+00:00,2022-04-07 02:55:00+00:00,0.0,45000.0,"POLYGON ((-86.9 33.67, -84.9608897576631 33.62890813516683, -85.21 32.47171624231643, -88.68407101707058 31.397428293023804, -88.97118799660875 32.37988433898405, -86.9 33.67))"
GOLF 3,2022-04-07 01:20:00+00:00,2022-04-07 05:20:00+00:00,0.0,39000.0,"POLYGON ((-62.3 41.3, -60.3 41, -60.3 38, -63.45 33.3, -65.3 34, -65.15 39.15, -62.3 41.3))"
FOXTROT 5,2022-04-07 01:25:00+00:00,2022-04-07 05:25:00+00:00,0.0,45000.0,"POLYGON ((-72.3 34, -71 30.45, -73.3 30.45, -76.45 32.3, -74.45 33.45, -72.3 34))"
9E,2022-04-07 01:55:00+00:00,2022-04-07 03:55:00+00:00,0.0,45000.0,"POLYGON ((-77.90182995378836 30.407647758682796, -76.62242876451066 29.02683697822481, -77.31302444862477 27.671594119567153, -78.53402530115817 27.244510149211685, -79.14696250387193 28.849917908083896, -77.90182995378836 30.407647758682796))"
11E,2022-04-07 01:55:00+00:00,2022-04-07 03:55:00+00:00,0.0,35000.0,"POLYGON ((-80.25093299878887 38.79226214243875, -81.09602243181848 37.21670815756093, -83.14329496713495 37.3444191708102, -82.48030684743435 38.39621229948763, -80.25093299878887 38.79226214243875))"
10E,2022-04-07 01:55:00+00:00,2022-04-07 03:55:00+00:00,0.0,45000.0,"POLYGON ((-80.71 37.09, -82.39085072811645 34.17090021200632, -85.03942646782119 33.628554061276965, -86.10040021300124 33.6674255783622, -84.11 36.69726208852721, -80.71 37.09))"
8E,2022-04-07 01:55:00+00:00,2022-04-07 03:55:00+00:00,0.0,45000.0,"POLYGON ((-77.54823259175403 35.86371285380472, -77.87 32.51994148689968, -85.26726069029438 31.656276482818313, -85.03942646782119 33.628554061276965, -81.28126252892417 34.320898992310774, -77.54823259175403 35.86371285380472))"
2C,2022-04-07 01:55:00+00:00,2022-04-07 03:55:00+00:00,0.0,45000.0,"POLYGON ((-86.10040021300124 33.6674255783622, -85.03942646782119 33.628554061276965, -85.21 32.38452417705443, -88.13672707888432 31.19092359563577, -88.64973307476369 32.07250108539319, -86.10040021300124 33.6674255783622))"
7E,2022-04-07 01:55:00+00:00,2022-04-07 03:55:00+00:00,0.0,45000.0,"POLYGON ((-81.62231689803558 32.15896787664829, -81.70310673721623 30.740556550058493, -83.05 30.033712818262682, -84.5865499996061 30.195332677151505, -85.13922346030412 31.65718826241764, -81.62231689803558 32.15896787664829))"
13E,2022-04-07 02:55:00+00:00,2022-04-07 04:55:00+00:00,0.0,45000.0,"POLYGON ((-79.42770855535744 34.69089596496981, -77.87 33.85089313279083, -77.87 32.51994148689968, -84.65165299778081 31.78682344377124, -84.44 33.130893132790824, -79.42770855535744 34.69089596496981))"
12E,2022-04-07 02:55:00+00:00,2022-04-07 04:55:00+00:00,0.0,45000.0,"POLYGON ((-80.04 32.39089313279083, -81.7323617597083 30.80092654468214, -83.05 30.09910686720918, -84.6221308950896 30.164436683270303, -84.68091304833499 31.659404218433295, -80.04 32.39089313279083))"
15E,2022-04-07 02:55:00+00:00,2022-04-07 04:55:00+00:00,0.0,45000.0,"POLYGON ((-81.39003504824618 38.748255313631006, -79.83487803605058 37.71907851916679, -82.08492097439951 34.72249169272182, -84.44 33.29726208852722, -85.53483547945474 34.19086697356401, -81.39003504824618 38.748255313631006))"
14E,2022-04-07 02:55:00+00:00,2022-04-07 04:55:00+00:00,0.0,43000.0,"POLYGON ((-78.05829211406056 29.265312143249012, -76.80035650834265 28.968014159304357, -77.31302444862477 27.671594119567153, -78.53402530115817 27.244510149211685, -78.56848498931308 28.36706140272879, -78.05829211406056 29.265312143249012))"
16E,2022-04-07 02:55:00+00:00,2022-04-07 04:55:00+00:00,0.0,41000.0,"POLYGON ((-78.16409186418714 35.86842813686892, -76.18302069669227 34.91145307117172, -77.87 33.85089313279083, -79.42770855535744 34.69089596496981, -78.16409186418714 35.86842813686892))"
3C,2022-04-07 02:55:00+00:00,2022-04-07 04:55:00+00:00,0.0,45000.0,"POLYGON ((-85.53483547945474 34.19086697356401, -84.44 33.29726208852722, -86.16999498027374 31.912501634697623, -88.53869480160148 30.666210954256123, -88.64973307476369 32.07250108539319, -85.53483547945474 34.19086697356401))"
GOLF 4,2022-04-07 03:25:00+00:00,2022-04-07 07:25:00+00:00,0.0,39000.0,"POLYGON ((-60 39.45, -60 37, -62.3 33.15, -63.45 33.45, -63.45 37.3, -61.45 39.3, -60 39.45))"
FOXTROT 6,2022-04-07 03:30:00+00:00,2022-04-07 07:30:00+00:00,0.0,39000.0,"POLYGON ((-75 34, -73.3 33, -75 31.3, -76.3 32, -76.3 33.3, -75 34))"
23E,2022-04-07 03:55:00+00:00,2022-04-07 05:55:00+00:00,0.0,45000.0,"POLYGON ((-74.60118707224883 34.955516670633756, -73.90021744915809 34.35593367745108, -76.81696033297256 32.19359480289175, -77.87 32.51994148689968, -77.26547333309838 34.348514324449496, -74.60118707224883 34.955516670633756))"
17E,2022-04-07 03:55:00+00:00,2022-04-07 05:55:00+00:00,0.0,39000.0,"POLYGON ((-79.87361724218674 31.095213549427644, -77.9792078756522 31.108432486859222, -77.90182995378836 30.407647758682796, -79.58388697946158 29.291325761486394, -80.73893125273166 30.337738102426655, -79.87361724218674 31.095213549427644))"
19E,2022-04-07 03:55:00+00:00,2022-04-07 05:55:00+00:00,0.0,42000.0,"POLYGON ((-78.24894546662576 29.26951133538124, -76.80035650834265 28.968014159304357, -76.61106191602163 27.910817677605095, -78.53402530115817 27.244510149211685, -78.39258495235237 28.428185245373538, -78.24894546662576 29.26951133538124))"
18E,2022-04-07 03:55:00+00:00,2022-04-07 05:55:00+00:00,0.0,45000.0,"POLYGON ((-78.42978815379023 34.539726855997316, -77.1230510399515 34.602400398072476, -77.87 32.51994148689968, -84.35 29.401786265581645, -84.06769580855455 32.336385581700746, -78.42978815379023 34.539726855997316))"
22E,2022-04-07 03:55:00+00:00,2022-04-07 05:55:00+00:00,0.0,45000.0,"POLYGON ((-85.15 34.627262088527225, -82.4420665772912 33.47439800742861, -82.91738508349383 32.942538733280855, -86.53123473644543 31.137324773728583, -86.74754370210668 33.36249658462884, -85.15 34.627262088527225))"
4C,2022-04-07 03:55:00+00:00,2022-04-07 05:55:00+00:00,0.0,45000.0,"POLYGON ((-86.74754370210668 33.36249658462884, -86.53123473644543 31.137324773728583, -87.58582946781142 30.72770264484189, -88.64973307476369 32.07250108539319, -86.74754370210668 33.36249658462884))"
21E,2022-04-07 03:55:00+00:00,2022-04-07 05:55:00+00:00,0.0,45000.0,"POLYGON ((-77.95299859324535 36.14379415220809, -76.18 35.53714530289553, -77.22117506433922 34.56958953494295, -78.35629879343466 34.515013873533235, -77.95299859324535 36.14379415220809))"
20E,2022-04-07 03:55:00+00:00,2022-04-07 05:55:00+00:00,0.0,45000.0,"POLYGON ((-81.47388240596354 38.74868254204292, -79.24 37.82828375768358, -80.95 35.62371281826268, -83.3 33.977145302895536, -85.15 34.67085812115822, -81.47388240596354 38.74868254204292))"
27E,2022-04-07 04:55:00+00:00,2022-04-07 06:55:00+00:00,0.0,45000.0,"POLYGON ((-76.76008883854394 35.78803390368189, -74.1793894752955 34.596247650832055, -77.26191260735983 33.11885193382826, -78.02366793173985 34.042494158287965, -76.76008883854394 35.78803390368189))"
24E,2022-04-07 04:55:00+00:00,2022-04-07 06:55:00+00:00,0.0,36000.0,"POLYGON ((-78.114134192269 31.228223940412413, -78.26180803897103 30.28843962988686, -79.33647472704759 29.924948248318806, -79.96793375336792 30.330953028327283, -79.58248396744256 30.32586483156779, -78.114134192269 31.228223940412413))"
29E,2022-04-07 04:55:00+00:00,2022-04-07 06:55:00+00:00,0.0,43000.0,"POLYGON ((-82.13336838034549 32.30797307895654, -81.79058202863 31.28331922360778, -82.75530266969302 30.21449395784311, -84.07786910491039 30.164436683270303, -83.92834700221921 31.78682344377124, -82.13336838034549 32.30797307895654))"
25E,2022-04-07 04:55:00+00:00,2022-04-07 06:55:00+00:00,0.0,45000.0,"POLYGON ((-78.85491208956189 33.95074242175974, -77.87 33.62714530289553, -77.87 32.615148726949265, -80.26630783981624 30.776715557400117, -80.86794596891563 32.36422386902417, -78.85491208956189 33.95074242175974))"
26E,2022-04-07 04:55:00+00:00,2022-04-07 06:55:00+00:00,0.0,37000.0,"POLYGON ((-80.65736888424708 38.908674988510526, -78.89124430768408 38.303601687418514, -79.11139979470039 37.35215759545459, -80.71 36.65628718173733, -82.13 37.01828375768358, -80.65736888424708 38.908674988510526))"
28E,2022-04-07 04:55:00+00:00,2022-04-07 06:55:00+00:00,0.0,45000.0,"POLYGON ((-82.41834771904291 34.86304645285429, -81.89560698608594 33.17545341682686, -83.01361089516038 32.909693915062824, -85.46558700420216 32.21712637709166, -84.92217035681216 33.7950395861881, -82.41834771904291 34.86304645285429))"
5C,2022-04-07 04:55:00+00:00,2022-04-07 06:55:00+00:00,0.0,40000.0,"POLYGON ((-85.68894989776675 33.21505998633818, -86.05638147157309 31.049806323466374, -87.03829626548246 31.136188373341735, -87.22983646086357 33.00173048046593, -85.68894989776675 33.21505998633818))"
GOLF 5,2022-04-07 05:50:00+00:00,2022-04-07 09:50:00+00:00,0.0,40000.0,"POLYGON ((-61.15 38, -57.45 36, -58.45 33, -62.15 34.45, -61.15 38))"
34E,2022-04-07 05:55:00+00:00,2022-04-07 07:55:00+00:00,0.0,45000.0,"POLYGON ((-81.7865410077305 34.91227492848354, -81.05 33.194524177054426, -82.91738508349383 32.942538733280855, -84.9082685187687 32.43481681288036, -84.44 34.29547582294557, -81.7865410077305 34.91227492848354))"
30E,2022-04-07 05:55:00+00:00,2022-04-07 07:55:00+00:00,0.0,38000.0,"POLYGON ((-78.24940281019201 31.347874173341076, -77.7103738594001 30.868429992317218, -78.62090868383004 30.168248924699977, -79.17517895295909 31.146933214688314, -78.24940281019201 31.347874173341076))"
31E,2022-04-07 05:55:00+00:00,2022-04-07 07:55:00+00:00,0.0,45000.0,"POLYGON ((-78.17622517743129 33.73479851961093, -77.41230822478333 33.42691662199826, -77.68267016581326 32.040179807225364, -79.60266010499161 30.857001422156422, -79.66414237158375 32.120912566492294, -78.17622517743129 33.73479851961093))"
33E,2022-04-07 05:55:00+00:00,2022-04-07 07:55:00+00:00,0.0,45000.0,"POLYGON ((-76.41548679024837 35.79865408172999, -73.90021744915809 34.35593367745108, -76.74267961425703 33.40369288731016, -77.87 34.183631044263606, -76.41548679024837 35.79865408172999))"
32E,2022-04-07 05:55:00+00:00,2022-04-07 07:55:00+00:00,0.0,34000.0,"POLYGON ((-79.35684868029372 38.90764444986581, -78.26096351447839 38.332666825929735, -79.96647104173329 37.24778092756338, -81.12 38.213712818262685, -79.35684868029372 38.90764444986581))"
35E,2022-04-07 05:55:00+00:00,2022-04-07 07:55:00+00:00,0.0,45000.0,"POLYGON ((-81.62231689803558 32.15896787664829, -81.72873647384267 31.261000025051874, -82.1800441985721 30.338291980661136, -83.05 30.033712818262682, -83.57352262782743 30.674328323125007, -81.62231689803558 32.15896787664829))"
6C,2022-04-07 05:55:00+00:00,2022-04-07 07:55:00+00:00,0.0,40000.0,"POLYGON ((-85.21 33.48371281826269, -85.59983312185356 31.60459384869084, -86.55078095432785 31.097068151541862, -86.410988212018 33.26012765346314, -85.21 33.48371281826269))"
36E,2022-04-07 06:55:00+00:00,2022-04-07 08:55:00+00:00,0.0,45000.0,"POLYGON ((-75.59991116145608 35.78803390368189, -73.90021744915809 34.35593367745108, -76.89048327355702 32.347912658677075, -79.00325341711344 30.733837539856523, -79.20604317188123 32.18138456379657, -75.59991116145608 35.78803390368189))"
37E,2022-04-07 06:55:00+00:00,2022-04-07 08:55:00+00:00,0.0,30000.0,"POLYGON ((-78.28199245776602 39.407805709803895, -77.71963488344885 38.522263075731615, -79.24 37.58273791147279, -80.49576852684028 39.03666581518671, -78.28199245776602 39.407805709803895))"
38E,2022-04-07 06:55:00+00:00,2022-04-07 08:55:00+00:00,0.0,45000.0,"POLYGON ((-81.32674271494845 35.316750235508344, -80.31182095488053 33.603131624313455, -82.91738508349383 32.942538733280855, -84.51551862203509 32.12091646371472, -83.87173764759633 34.099264778247814, -81.32674271494845 35.316750235508344))"
39E,2022-04-07 06:55:00+00:00,2022-04-07 08:55:00+00:00,0.0,45000.0,"POLYGON ((-80.86902970905838 31.955317399558623, -80.27127338822628 31.44164094522357, -81.17497497807875 30.33957298965284, -82.92240361444468 29.867071240138635, -82.70391371407699 31.139155243532617, -80.86902970905838 31.955317399558623))"
FOXTROT 7,2022-04-07 07:25:00+00:00,2022-04-07 11:25:00+00:00,0.0,39000.0,"POLYGON ((-74.15 34.15, -73.45 33.45, -72.45 32.3, -76.3 32.15, -75.45 33.45, -74.15 34.15))"
40E,2022-04-07 07:55:00+00:00,2022-04-07 09:55:00+00:00,0.0,45000.0,"POLYGON ((-75.59991116145608 35.78803390368189, -73.62264378716961 34.114989610031834, -78.93100856194437 30.57951227181473, -78.65728330880478 31.705967249332993, -76.74267961425703 33.40369288731016, -75.59991116145608 35.78803390368189))"
41E,2022-04-07 07:55:00+00:00,2022-04-07 09:55:00+00:00,0.0,45000.0,"POLYGON ((-80.95 35.52273791147279, -79.66 34.0636310442636, -82.51 32.53821373441835, -84.4283845551009 31.7775659664156, -83.01300304866108 34.934945113166265, -80.95 35.52273791147279))"
42E,2022-04-07 07:55:00+00:00,2022-04-07 09:55:00+00:00,0.0,45000.0,"POLYGON ((-80.42691481417194 32.158165128937725, -80.27127338822628 31.44164094522357, -81.20082618228311 30.228986528475694, -82.79412245299768 30.13401911025411, -81.88461761602461 31.31717838584213, -80.42691481417194 32.158165128937725))"
FOXTROT 8,2022-04-07 08:50:00+00:00,2022-04-07 12:50:00+00:00,0.0,45000.0,"POLYGON ((-74 34.1, -73.15 33, -75.05 31.1, -77 30.5, -77 32.1, -74 34.1))"
45E,2022-04-07 08:55:00+00:00,2022-04-07 10:55:00+00:00,0.0,45000.0,"POLYGON ((-79.12806886424768 32.568355169818716, -78.7939420029141 31.825042268081663, -80.97675315583828 30.147918235775258, -82.22053260367906 30.083412642324504, -81.79058202863 31.28331922360778, -79.12806886424768 32.568355169818716))"
43E,2022-04-07 08:55:00+00:00,2022-04-07 10:55:00+00:00,0.0,45000.0,"POLYGON ((-75.2307883377674 35.93791113212833, -72.79933985502997 35.06616814957474, -77.57646203349829 30.748220972592204, -78.38501580971713 31.467382158990375, -76.60350539699624 33.28469139114844, -75.2307883377674 35.93791113212833))"
44E,2022-04-07 08:55:00+00:00,2022-04-07 10:55:00+00:00,0.0,42000.0,"POLYGON ((-80.78181782603815 34.39397462711097, -79.29041222290765 33.92276378460885, -81.24108961851785 32.42706472045257, -83.81840160118972 31.82510780053419, -83.3 34.12171624231643, -80.78181782603815 34.39397462711097))"
48E,2022-04-07 09:55:00+00:00,2022-04-07 11:55:00+00:00,0.0,45000.0,"POLYGON ((-77.87 33.019048354108854, -76.89048327355702 32.347912658677075, -79.15791280685917 29.986136100543057, -83.05 30.265475822945575, -79.73880183925638 32.27481902758643, -77.87 33.019048354108854))"
50E,2022-04-07 09:55:00+00:00,2022-04-07 11:55:00+00:00,0.0,36000.0,"POLYGON ((-84.19800111149573 29.595060515582365, -83.58868559156559 29.128350165705992, -85.69167217971712 27.877257263148433, -86.68 28.00172775248132, -84.19800111149573 29.595060515582365))"
46E,2022-04-07 09:55:00+00:00,2022-04-07 11:55:00+00:00,0.0,38000.0,"POLYGON ((-74.8380622123041 36.698188071631094, -72.79933985502997 35.06616814957474, -76.05057862301025 32.80714986095124, -76.46471044237626 33.165535224984644, -75.48162719054064 34.874613397761685, -74.8380622123041 36.698188071631094))"
47E,2022-04-07 09:55:00+00:00,2022-04-07 11:55:00+00:00,0.0,42000.0,"POLYGON ((-80.80319726879847 34.06420840325368, -80.15219038486018 33.820107125037076, -80.91307441410713 32.560546010504225, -82.03725585533314 33.60771219118572, -80.80319726879847 34.06420840325368))"
49E,2022-04-07 09:55:00+00:00,2022-04-07 11:55:00+00:00,0.0,40000.0,"POLYGON ((-82.96288950184722 32.6881272418963, -82.24884081873938 32.07399936875062, -83.6638183332078 31.437171228573096, -84.04926813922293 31.864228306484492, -82.96288950184722 32.6881272418963))"
51E,2022-04-07 10:55:00+00:00,2022-04-07 12:55:00+00:00,0.0,35000.0,"POLYGON ((-79.9066895152316 34.02529866195088, -79.42775726189741 33.39964568553922, -80.74650910264015 32.466161993525596, -81.4179972117085 33.55277144911317, -79.9066895152316 34.02529866195088))"
52E,2022-04-07 10:55:00+00:00,2022-04-07 12:55:00+00:00,0.0,45000.0,"POLYGON ((-77.87 33.33800342405374, -77.08076358641217 32.744661602026746, -79.5700976771969 29.844415066292452, -82.28599580577556 30.614333829394287, -79.64820787547548 32.08799134581459, -77.87 33.33800342405374))"
53E,2022-04-07 10:55:00+00:00,2022-04-07 12:55:00+00:00,0.0,45000.0,"POLYGON ((-82.85893916981365 32.41089178349215, -82.24884081873938 32.07399936875062, -82.97931546023214 31.373168204009552, -83.66082853647713 31.879756724646285, -82.85893916981365 32.41089178349215))"
54E,2022-04-07 10:55:00+00:00,2022-04-07 12:55:00+00:00,0.0,44000.0,"POLYGON ((-82.28599580577556 30.614333829394287, -80.67245023142877 30.33733124562165, -85.22721925040013 26.94609733030407, -86.68 28.227723090423897, -82.28599580577556 30.614333829394287))"
55E,2022-04-07 10:55:00+00:00,2022-04-07 12:55:00+00:00,0.0,31000.0,"POLYGON ((-76.95924707080029 39.00610840586515, -76.7774288889821 39.00610840586515, -76.7774288889821 38.82429022404696, -76.95924707080029 38.82429022404696, -76.95924707080029 39.00610840586515))"
OSCAR 1,2022-04-07 11:20:00+00:00,2022-04-07 15:20:00+00:00,0.0,58000.0,"POLYGON ((143 5, 147.45 6.45, 150 4.15, 144.15 2.15, 143 5))"
FOXTROT 9,2022-04-07 11:25:00+00:00,2022-04-07 15:25:00+00:00,0.0,45000.0,"POLYGON ((-73.2 34.35, -71.25 33.5, -73 30.4, -75.45 31.15, -76.05 31.45, -75.4 32.4, -74.25 33.5, -73.2 34.35))"
58E,2022-04-07 12:14:00+00:00,2022-04-07 13:55:00+00:00,0.0,37000.0,"POLYGON ((-76.38405479553495 39.30747676709137, -73.95310904732554 37.8303401099325, -75.1599614385435 36.88546799774109, -76.79628930976234 38.398631362713516, -76.38405479553495 39.30747676709137))"
60E,2022-04-07 12:14:00+00:00,2022-04-07 13:55:00+00:00,0.0,41000.0,"POLYGON ((-75.17879359740719 34.257627423980296, -75.10928185556631 33.36391611371047, -76.05057862301025 32.80714986095124, -77.56377482256872 33.73479851961093, -75.17879359740719 34.257627423980296))"
56E,2022-04-07 12:14:00+00:00,2022-04-07 13:55:00+00:00,0.0,45000.0,"POLYGON ((-77.87 33.85089313279083, -76.05057862301025 32.80714986095124, -78.97913111692964 30.047082757571303, -81.92041024332828 30.69228113154956, -78.93700344819342 33.26716295831988, -77.87 33.85089313279083))"
59E,2022-04-07 12:14:00+00:00,2022-04-07 13:55:00+00:00,0.0,44000.0,"POLYGON ((-78.8209924521177 29.280485096039094, -78.04017616835857 28.549753072258635, -79.55067052263696 27.676832485442556, -79.8221676335047 28.26660028191138, -78.8209924521177 29.280485096039094))"
57E,2022-04-07 12:14:00+00:00,2022-04-07 13:55:00+00:00,0.0,45000.0,"POLYGON ((-82.28599580577556 30.614333829394287, -80.67245023142877 30.33733124562165, -85.22721925040013 26.94609733030407, -86.68 28.227723090423897, -82.28599580577556 30.614333829394287))"
FOXTROT 10,2022-04-07 12:20:00+00:00,2022-04-07 16:20:00+00:00,0.0,45000.0,"POLYGON ((-72.15 35.15, -70 34.15, -72.45 30.3, -75.3 31, -77 32.15, -72.15 35.15))"
HOTEL 1,2022-04-07 12:25:00+00:00,2022-04-07 16:25:00+00:00,0.0,45000.0,"POLYGON ((-85 28.45, -84 26.45, -86.3 25.15, -87.45 26.45, -85 28.45))"
65E,2022-04-07 12:55:00+00:00,2022-04-07 14:55:00+00:00,0.0,41000.0,"POLYGON ((-73.90021744915809 34.35593367745108, -76.81696033297256 32.19359480289175, -77.86092837858129 32.87110336346088, -78.8133529599859 33.52124047569031, -77.71633206826016 34.042494158287965, -73.90021744915809 34.35593367745108))"
64E,2022-04-07 12:55:00+00:00,2022-04-07 14:55:00+00:00,0.0,40000.0,"POLYGON ((-78.24894546662576 29.26951133538124, -77.51004145035955 28.73039262105773, -79.17496313484394 27.673791862558097, -79.8221676335047 28.26660028191138, -78.24894546662576 29.26951133538124))"
62E,2022-04-07 12:55:00+00:00,2022-04-07 14:55:00+00:00,0.0,45000.0,"POLYGON ((-81.92041024332828 30.69228113154956, -78.80012971878273 30.107787329002303, -81.11 29.3, -84.23641934355521 27.389859576766643, -85.12715133198182 27.888382245393466, -81.92041024332828 30.69228113154956))"
61E,2022-04-07 12:55:00+00:00,2022-04-07 14:55:00+00:00,0.0,43000.0,"POLYGON ((-78.14636910191471 32.87573005460379, -76.95201633446364 32.47662885145246, -77.70030809626954 30.473825537681506, -79.10488902531782 30.004244923169015, -81.86646770375032 30.64619790517832, -78.14636910191471 32.87573005460379))"
63E,2022-04-07 12:55:00+00:00,2022-04-07 14:55:00+00:00,0.0,35000.0,"POLYGON ((-75.82510945730185 40.31277675353977, -73.7582344204189 38.277521755026484, -74.93474535504083 36.88329260682466, -76.64784302316369 38.55266168855981, -75.82510945730185 40.31277675353977))"
66E,2022-04-07 12:55:00+00:00,2022-04-07 14:55:00+00:00,0.0,28000.0,"POLYGON ((-80.36350886715168 39.114158446045685, -79.17107240924433 38.90631950483797, -79.52000661303278 37.78393587740666, -80.78151009144094 37.890165992257415, -80.36350886715168 39.114158446045685))"
67E,2022-04-07 12:55:00+00:00,2022-04-07 14:55:00+00:00,0.0,38000.0,"POLYGON ((-80.11119680043024 34.945788737792526, -79.74756043679386 34.945788737792526, -79.74756043679386 34.582152374156166, -80.11119680043024 34.582152374156166, -80.11119680043024 34.945788737792526))"
73E,2022-04-07 13:55:00+00:00,2022-04-07 15:55:00+00:00,0.0,40000.0,"POLYGON ((-79.06831981707582 32.062751988236165, -76.59787624662071 31.730388451360884, -77.17924536115109 30.643087863040467, -78.80012971878273 30.107787329002303, -81.36199399665252 30.64732641695025, -79.06831981707582 32.062751988236165))"
71E,2022-04-07 13:55:00+00:00,2022-04-07 15:55:00+00:00,0.0,35000.0,"POLYGON ((-73.90021744915809 34.35593367745108, -76.81696033297256 32.19359480289175, -77.87 33.18541730984525, -77.71633206826016 34.042494158287965, -76.38968157471629 33.83174298847364, -73.90021744915809 34.35593367745108))"
68E,2022-04-07 13:55:00+00:00,2022-04-07 15:55:00+00:00,0.0,45000.0,"POLYGON ((-81.36199399665252 30.64732641695025, -78.80012971878273 30.107787329002303, -83.02746356631084 27.782231011939242, -84.23641934355521 27.389859576766643, -85.12715133198182 27.888382245393466, -81.36199399665252 30.64732641695025))"
69E,2022-04-07 13:55:00+00:00,2022-04-07 15:55:00+00:00,0.0,35000.0,"POLYGON ((-75.24190143797178 40.579172487495605, -73.61808422437745 38.71201759062658, -74.47173060575116 37.52191430013884, -76.39904633498901 38.85824844143621, -75.24190143797178 40.579172487495605))"
70E,2022-04-07 13:55:00+00:00,2022-04-07 15:55:00+00:00,0.0,34000.0,"POLYGON ((-78.45798645570856 29.273804175733744, -77.90381917311599 28.596472303135133, -79.27848637280454 28.117325761342954, -79.6765721614515 28.393211289781295, -78.45798645570856 29.273804175733744))"
72E,2022-04-07 13:55:00+00:00,2022-04-07 15:55:00+00:00,0.0,25000.0,"POLYGON ((-79.95726291446175 39.177045528093245, -78.72829844556689 38.91349480714278, -80.20657683352911 37.25491174585528, -80.57079548926446 37.35705103506699, -79.95726291446175 39.177045528093245))"
INDIA 1,2022-04-07 14:00:00+00:00,2022-04-07 18:00:00+00:00,27000.0,35000.0,"POLYGON ((-47.45 43.15, -46.3 41.3, -52 39, -55.3 36.3, -57.15 39.3, -56.15 42.15, -47.45 43.15))"
FOXTROT 11,2022-04-07 14:45:00+00:00,2022-04-07 18:45:00+00:00,0.0,45000.0,"POLYGON ((-73.3 34.3, -68.15 34.3, -71.45 30.15, -77 30.15, -77 32.15, -73.3 34.3))"
HOTEL 2,2022-04-07 14:50:00+00:00,2022-04-07 18:50:00+00:00,0.0,48000.0,"POLYGON ((-84.45 28, -83.45 26, -86.15 25, -86.45 26.3, -84.45 28))"
75E,2022-04-07 15:08:00+00:00,2022-04-07 16:55:00+00:00,0.0,28000.0,"POLYGON ((-75.00562567056572 40.716138230364216, -73.29947530870179 39.09038250560784, -74.34025527202516 37.9621755102101, -75.79476920442723 39.414116056567906, -75.00562567056572 40.716138230364216))"
76E,2022-04-07 15:08:00+00:00,2022-04-07 16:55:00+00:00,0.0,40000.0,"POLYGON ((-76.66098951172519 34.34405756847523, -75.17879359740719 34.257627423980296, -73.90021744915809 34.35593367745108, -76.05057862301025 32.80714986095124, -77.16250051869676 33.759758054480585, -76.66098951172519 34.34405756847523))"
77E,2022-04-07 15:08:00+00:00,2022-04-07 16:55:00+00:00,0.0,25000.0,"POLYGON ((-78.42757038849396 40.19196877535397, -77.57922937636404 39.68946409543577, -78.26426642464686 38.76667223195304, -79.11678628224644 38.58753458744913, -78.42757038849396 40.19196877535397))"
74E,2022-04-07 15:08:00+00:00,2022-04-07 16:55:00+00:00,0.0,45000.0,"POLYGON ((-81.36199399665252 30.64732641695025, -78.80012971878273 30.107787329002303, -82.94567362829717 27.67446409351263, -84.23641934355521 27.389859576766643, -84.5625264528548 27.89720728744805, -81.36199399665252 30.64732641695025))"
79E,2022-04-07 15:08:00+00:00,2022-04-07 16:55:00+00:00,0.0,25000.0,"POLYGON ((-78.26426642464686 38.76667223195304, -78.99856874216499 37.71087018059143, -79.24 37.74910686720918, -79.11678628224644 38.58753458744913, -78.26426642464686 38.76667223195304))"
78E,2022-04-07 15:08:00+00:00,2022-04-07 16:55:00+00:00,0.0,40000.0,"POLYGON ((-77.83262208423578 32.09602859371997, -77.70030809626954 30.473825537681506, -79.10488902531782 30.004244923169015, -81.38143940717417 30.607069391336463, -77.83262208423578 32.09602859371997))"
OSCAR 2,2022-04-07 15:16:00+00:00,2022-04-07 19:15:00+00:00,0.0,58000.0,"POLYGON ((142.3 7.45, 151.15 5.3, 149.45 2.3, 143 3.3, 142.3 7.45))"
PAPA 1,2022-04-07 16:19:00+00:00,2022-04-07 20:15:00+00:00,0.0,54000.0,"POLYGON ((130 8.15, 136.3 6, 133 3.3, 130 7, 130 8.15))"
85E,2022-04-07 16:21:00+00:00,2022-04-07 17:55:00+00:00,,,"POLYGON ((-81.14912424557069 32.25087960140469, -81.16477842957569 31.864849058237837, -82.36404252835946 31.244850009484455, -80.97758802856826 32.14804319609752, -81.124934498363 31.902261987178818, -82.45589088293652 31.42251227267359, -81.25662678415274 32.04251132142697, -81.29647071536543 32.00509839248599, -81.14912424557069 32.25087960140469))"
81E,2022-04-07 16:21:00+00:00,2022-04-07 17:55:00+00:00,0.0,37000.0,"POLYGON ((-77.679730928283 40.68430215516226, -76.66768900438032 40.1719692685332, -78.91742466397575 37.86438352420083, -78.93493879139379 38.63517283797095, -77.679730928283 40.68430215516226))"
80E,2022-04-07 16:21:00+00:00,2022-04-07 17:55:00+00:00,0.0,45000.0,"POLYGON ((-80.35341914619903 30.334910875458505, -78.97913111692964 30.047082757571303, -81.01910447041341 27.208433498959586, -84.10008087615607 26.81844441120513, -84.75074482758868 27.894521238324504, -80.35341914619903 30.334910875458505))"
82E,2022-04-07 16:21:00+00:00,2022-04-07 17:55:00+00:00,0.0,40000.0,"POLYGON ((-76.81696033297256 32.19359480289175, -77.17924536115109 30.643087863040467, -80.54617241639168 30.336465830354832, -79.44166346475708 31.65893283188886, -76.81696033297256 32.19359480289175))"
86E,2022-04-07 16:21:00+00:00,2022-04-07 17:55:00+00:00,0.0,30000.0,"POLYGON ((-81.08303299338338 30.835318212840743, -80.98538501360802 30.660776320889862, -81.61602530642513 30.307962736310067, -81.71367328620049 30.482504628260948, -81.08303299338338 30.835318212840743))"
83E,2022-04-07 16:21:00+00:00,2022-04-07 17:55:00+00:00,0.0,40000.0,"POLYGON ((-74.1928798678024 34.607809212417685, -76.28529439415205 33.010795483456945, -76.26289423560397 33.78623143484558, -75.30719794254544 34.52044492607428, -74.1928798678024 34.607809212417685))"
84E,2022-04-07 16:21:00+00:00,2022-04-07 17:55:00+00:00,0.0,25000.0,"POLYGON ((-82.76766855605875 38.28649606607005, -82.5938235029311 38.187612814186586, -83.51360566505045 36.570558603348786, -83.6874507181781 36.66944185523225, -82.76766855605875 38.28649606607005))"
HOTEL 3,2022-04-07 17:00:00+00:00,2022-04-07 21:00:00+00:00,0.0,50000.0,"POLYGON ((-84.3 27.3, -83.45 25.45, -87.15 24.3, -88.3 25, -84.3 27.3))"
90E,2022-04-07 17:14:00+00:00,2022-04-07 18:55:00+00:00,,,"POLYGON ((-81.06422511679996 32.210797762312055, -81.19609666171654 31.987590371650153, -81.20398400229453 31.970885714068523, -81.74135068755696 30.492499564972015, -81.02390333828346 31.885858079013683, -80.89203179336688 32.109065469675585, -81.5533826829679 30.424176587498806, -81.01601599770547 31.902562736595314, -81.06422511679996 32.210797762312055))"
87E,2022-04-07 17:14:00+00:00,2022-04-07 18:55:00+00:00,0.0,45000.0,"POLYGON ((-80.43158422428436 29.88648850803795, -78.24894546662576 29.26951133538124, -84.10008087615607 26.81844441120513, -84.75074482758868 27.894521238324504, -83.08068661098241 28.26234197614724, -80.43158422428436 29.88648850803795))"
91E,2022-04-07 17:14:00+00:00,2022-04-07 18:55:00+00:00,0.0,45000.0,"POLYGON ((-80.67811737096318 28.080571262213187, -80.02650579547313 28.088136578586987, -80.25179776514963 26.67990834546578, -80.57698565895464 25.91034808500411, -81.65603816754435 26.797078632470786, -80.67811737096318 28.080571262213187))"
92E,2022-04-07 17:14:00+00:00,2022-04-07 18:55:00+00:00,0.0,35000.0,"POLYGON ((-81.973498368477 30.17320795838266, -81.15575880515856 30.032841294276714, -81.56873322948637 29.13324163591779, -82.58161091024414 29.190269519176454, -81.973498368477 30.17320795838266))"
89E,2022-04-07 17:14:00+00:00,2022-04-07 18:55:00+00:00,0.0,40000.0,"POLYGON ((-76.88896842239775 33.52826027566458, -77.70030809626954 30.473825537681506, -79.10488902531782 30.004244923169015, -79.91576707344694 31.132111981932614, -76.88896842239775 33.52826027566458))"
88E,2022-04-07 17:14:00+00:00,2022-04-07 18:55:00+00:00,0.0,38000.0,"POLYGON ((-77.69783145701535 41.305224415647544, -75.85600635708808 40.63519140106266, -77.52747070070562 38.75015080605942, -78.24017790567042 38.63941675792212, -77.69783145701535 41.305224415647544))"
96E,2022-04-07 18:11:00+00:00,2022-04-07 19:55:00+00:00,,,"POLYGON ((-80.16316951453788 32.855880261042586, -80.94973678988406 32.03146788147701, -80.96909160364224 32.00231077947277, -81.60170666404807 30.547330227760998, -80.8050330893043 31.893406883948675, -80.01846581395813 32.717819263514244, -81.41829333595194 30.46758343424114, -80.78567827554612 31.922563985952916, -80.16316951453788 32.855880261042586))"
97E,2022-04-07 18:11:00+00:00,2022-04-07 19:55:00+00:00,0.0,45000.0,"POLYGON ((-79.55298265182502 28.500327787280437, -79.76700584083355 25.990099428596057, -80.62181246354417 25.92693358338929, -81.01910447041341 27.208433498959586, -80.20078323475343 28.294518877577687, -79.55298265182502 28.500327787280437))"
99E,2022-04-07 18:11:00+00:00,2022-04-07 19:55:00+00:00,0.0,22000.0,"POLYGON ((-81.18443094897573 41.41808216325431, -81.50827419756392 37.65202920401076, -84.11 36.53089313279083, -82.757347148634 40.45728958988116, -81.18443094897573 41.41808216325431))"
95E,2022-04-07 18:11:00+00:00,2022-04-07 19:55:00+00:00,0.0,40000.0,"POLYGON ((-76.81696033297256 32.19359480289175, -77.17924536115109 30.643087863040467, -78.44146809343414 30.228466654828352, -78.24940281019201 31.347874173341076, -76.81696033297256 32.19359480289175))"
93E,2022-04-07 18:11:00+00:00,2022-04-07 19:55:00+00:00,0.0,45000.0,"POLYGON ((-78.62090868383004 30.168248924699977, -78.24894546662576 29.26951133538124, -83.8612390655358 26.21748090730025, -84.42377239927185 27.387481260736678, -82.39015455956361 28.524515941007245, -78.62090868383004 30.168248924699977))"
94E,2022-04-07 18:11:00+00:00,2022-04-07 19:55:00+00:00,0.0,38000.0,"POLYGON ((-76.5546589590154 41.67136002243304, -75.071138580678 40.76940408451237, -76.98 39.333631044263605, -77.87 39.139106867209186, -76.5546589590154 41.67136002243304))"
98E,2022-04-07 18:11:00+00:00,2022-04-07 19:55:00+00:00,0.0,35000.0,"POLYGON ((-82.25181316195408 31.005475972924508, -81.15575880515856 30.032841294276714, -81.56873322948637 29.13324163591779, -82.55119301419337 29.59906748335844, -82.25181316195408 31.005475972924508))"
01E,2022-04-07 18:11:00+00:00,2022-04-07 19:55:00+00:00,0.0,25000.0,"POLYGON ((-78.8767591304397 37.24944522223198, -78.78 36.15914187884178, -80.69919362004651 35.394195865341125, -80.3608048626451 36.35608004613, -78.8767591304397 37.24944522223198))"
02E,2022-04-07 18:11:00+00:00,2022-04-07 19:55:00+00:00,0.0,37000.0,"POLYGON ((-80.43431734072554 33.89464102870935, -80.01239208390079 32.79215906511985, -80.1991805111749 32.72067421751933, -80.62110576799965 33.823156181108835, -80.43431734072554 33.89464102870935))"
FOXTROT 12,2022-04-07 18:15:00+00:00,2022-04-07 22:15:00+00:00,0.0,45000.0,"POLYGON ((-70.3 33, -72.15 30.3, -77 29, -77 32.15, -76 32.45, -70.3 33))"
OSCAR 3,2022-04-07 18:26:00+00:00,2022-04-07 22:20:00+00:00,0.0,59000.0,"POLYGON ((142.45 7.45, 147.3 7.45, 150.45 5.3, 147 3.15, 143.3 3.3, 142.45 7.45))"
03E,2022-04-07 18:55:00+00:00,2022-04-07 20:55:00+00:00,0.0,45000.0,"POLYGON ((-78.62090868383004 30.168248924699977, -78.24894546662576 29.26951133538124, -81.78 27.19547582294557, -83.8612390655358 26.21748090730025, -84.5625264528548 27.89720728744805, -78.62090868383004 30.168248924699977))"
07E,2022-04-07 18:55:00+00:00,2022-04-07 20:55:00+00:00,0.0,45000.0,"POLYGON ((-79.09496772306241 28.18234019871833, -79.35607044589158 25.79708094283153, -80.28 25.8, -80.75511762882546 27.444466560901983, -79.95631689135558 28.149539118733205, -79.09496772306241 28.18234019871833))"
05E,2022-04-07 18:55:00+00:00,2022-04-07 20:55:00+00:00,0.0,40000.0,"POLYGON ((-76.81696033297256 32.19359480289175, -76.80035650834265 28.968014159304357, -78.26180803897103 30.28843962988686, -77.84462178688962 30.988500832891024, -76.81696033297256 32.19359480289175))"
04E,2022-04-07 18:55:00+00:00,2022-04-07 20:55:00+00:00,0.0,38000.0,"POLYGON ((-75.99223492550037 42.05803855136088, -74.54 41.40273791147279, -76.33318508557308 39.49820803060593, -77.57922937636404 39.68946409543577, -75.99223492550037 42.05803855136088))"
06E,2022-04-07 18:55:00+00:00,2022-04-07 20:55:00+00:00,0.0,40000.0,"POLYGON ((-80.73685499648866 31.874718470267528, -80.28230954194319 31.874718470267528, -80.28230954194319 31.420173015722074, -80.73685499648866 31.420173015722074, -80.73685499648866 31.874718470267528))"
08E,2022-04-07 18:55:00+00:00,2022-04-07 20:55:00+00:00,0.0,35000.0,"POLYGON ((-81.11 31.437145302895534, -80.5209223852766 29.809842758570777, -82.28403856995843 29.321176808398157, -82.79412245299768 30.13401911025411, -81.11 31.437145302895534))"
09E,2022-04-07 18:55:00+00:00,2022-04-07 20:55:00+00:00,0.0,22000.0,"POLYGON ((-79.98930937991416 41.230488840168846, -81.8751834121675 36.644183698835185, -84.49261483560389 36.722703502595714, -81.85 40.986287181737325, -79.98930937991416 41.230488840168846))"
10E,2022-04-07 18:55:00+00:00,2022-04-07 20:55:00+00:00,0.0,25000.0,"POLYGON ((-78.72349062240698 37.65778925404902, -77.57700559684706 37.295267102511666, -79.03799634965216 34.73956797099069, -80.69919362004651 35.394195865341125, -80.14531770802321 36.105211455837775, -78.72349062240698 37.65778925404902))"
11E,2022-04-07 18:55:00+00:00,2022-04-07 20:55:00+00:00,0.0,40000.0,"POLYGON ((-79.52574199829111 34.49705917280469, -79.40534434957945 32.66709678441642, -80.93922655444905 32.15988531856354, -80.56652676723763 34.02503141995484, -79.52574199829111 34.49705917280469))"
15E,2022-04-07 19:55:00+00:00,2022-04-07 21:55:00+00:00,0.0,45000.0,"POLYGON ((-79.15791280685917 29.986136100543057, -78.05829211406056 29.265312143249012, -79.17129254390262 25.795796612937057, -80.14920452062371 25.917582093100467, -80.56199603519882 27.833686259718892, -79.15791280685917 29.986136100543057))"
16E,2022-04-07 19:55:00+00:00,2022-04-07 21:55:00+00:00,0.0,35000.0,"POLYGON ((-80.20535714427434 31.83844689022277, -80.742178483016 30.06802033033751, -82.50626438462555 30.069454276375353, -82.82931890187129 30.060932075241826, -80.20535714427434 31.83844689022277))"
17E,2022-04-07 19:55:00+00:00,2022-04-07 21:55:00+00:00,0.0,22000.0,"POLYGON ((-81.18443094897573 41.41808216325431, -80.82116655045624 41.019389915574365, -81.70190800387401 37.587567600330026, -82.13 37.27184477868197, -82.6228401799456 38.939504674348996, -81.18443094897573 41.41808216325431))"
12E,2022-04-07 19:55:00+00:00,2022-04-07 21:55:00+00:00,0.0,45000.0,"POLYGON ((-82.06385355345738 29.29661144503285, -80.39311001469754 28.53671598849233, -81.61306075576996 27.39687001735732, -83.49897002959062 25.217107218672528, -84.5625264528548 27.89720728744805, -82.06385355345738 29.29661144503285))"
14E,2022-04-07 19:55:00+00:00,2022-04-07 21:55:00+00:00,0.0,40000.0,"POLYGON ((-76.89048327355702 32.347912658677075, -76.97808172116771 28.908957479633735, -78.0819286218926 30.3481669607459, -76.89048327355702 32.347912658677075))"
13E,2022-04-07 19:55:00+00:00,2022-04-07 21:55:00+00:00,0.0,30000.0,"POLYGON ((-74.92783876104926 43.53497988146811, -74.42600742947047 42.55729219887414, -75.56433393070007 39.68571830565395, -77.77970008517347 39.75193249207466, -74.92783876104926 43.53497988146811))"
19E,2022-04-07 19:55:00+00:00,2022-04-07 21:55:00+00:00,0.0,40000.0,"POLYGON ((-79.97029621423091 34.84442954319337, -78.44318395178261 34.81922906041311, -79.12806886424768 32.568355169818716, -80.45862342555714 32.536380255278786, -79.97029621423091 34.84442954319337))"
18E,2022-04-07 19:55:00+00:00,2022-04-07 21:55:00+00:00,0.0,35000.0,"POLYGON ((-77.87 38.92914187884178, -77.06158311717377 37.70417306833537, -78.36771462857513 34.757902753323904, -79.92937861861205 34.763970555974346, -77.87 38.92914187884178))"
PAPA 2,2022-04-07 20:14:00+00:00,2022-04-08 00:10:00+00:00,0.0,53000.0,"POLYGON ((130 8, 134 6.3, 132 4.45, 130 7, 130 8))"
FOXTROT 13,2022-04-07 20:30:00+00:00,2022-04-08 00:30:00+00:00,0.0,46000.0,"POLYGON ((-71.45 33.15, -69 32.45, -74.3 29.3, -76.15 28.15, -77.45 30.15, -71.45 33.15))"
HOTEL 4,2022-04-07 20:35:00+00:00,2022-04-08 00:35:00+00:00,0.0,52000.0,"POLYGON ((-84.15 27, -83.45 25.45, -84.3 25, -88 24.3, -84.15 27))"
21E,2022-04-07 20:55:00+00:00,2022-04-07 22:55:00+00:00,0.0,32000.0,"POLYGON ((-79.49205161377056 32.69780479053636, -78.5209752779558 31.586746864214856, -81.51610198412087 29.65230753044143, -82.28106874726835 30.337738102426655, -79.49205161377056 32.69780479053636))"
26E,2022-04-07 20:55:00+00:00,2022-04-07 22:55:00+00:00,0.0,38000.0,"POLYGON ((-77.07 40.3, -75.97946629494392 39.81405542144155, -76.57066162937076 38.34522272756108, -77.87 38.14089313279082, -77.37766244654472 39.37198876138292, -77.07 40.3))"
23E,2022-04-07 20:55:00+00:00,2022-04-07 22:55:00+00:00,0.0,45000.0,"POLYGON ((-77.87 38.14089313279082, -76.57066162937076 38.34522272756108, -78.4030222414804 33.27290691262983, -79.73459231110617 33.50444888269803, -79.35726959159206 35.39805379463034, -77.87 38.14089313279082))"
20E,2022-04-07 20:55:00+00:00,2022-04-07 22:55:00+00:00,0.0,45000.0,"POLYGON ((-81.34 28.54, -80.20078323475343 28.294518877577687, -81.38432146387322 26.882375296332857, -83.49897002959062 25.217107218672528, -84.2371486005722 27.32825693463806, -81.34 28.54))"
25E,2022-04-07 20:55:00+00:00,2022-04-07 22:55:00+00:00,0.0,25000.0,"POLYGON ((-79.29102758403032 41.8824628734556, -79.16709525079398 40.934332703823294, -81.08947003227686 40.826660698838374, -81.6452284659778 41.35615172163179, -80.9088188311496 41.82733526884612, -79.29102758403032 41.8824628734556))"
22E,2022-04-07 20:55:00+00:00,2022-04-07 22:55:00+00:00,0.0,45000.0,"POLYGON ((-77.90182995378836 30.407647758682796, -76.7868421747804 27.851344753147554, -79.15905003836006 26.67696566493167, -80.09 26.68, -78.62090868383004 30.168248924699977, -77.90182995378836 30.407647758682796))"
24E,2022-04-07 20:55:00+00:00,2022-04-07 22:55:00+00:00,0.0,25000.0,"POLYGON ((-75.09541349850004 43.486654399540704, -73.49600649572389 43.28386468200959, -75.5337269646795 40.84704021826363, -77.07 40.87828375768358, -75.09541349850004 43.486654399540704))"
OSCAR 4,2022-04-07 21:54:00+00:00,2022-04-08 01:50:00+00:00,0.0,59000.0,"POLYGON ((142.45 8, 147.15 8, 149.45 6, 147 3.15, 143.45 3.3, 142.45 8))"
28E,2022-04-07 21:55:00+00:00,2022-04-07 23:55:00+00:00,0.0,35000.0,"POLYGON ((-79.49205161377056 32.69780479053636, -78.93095346765332 31.94397086757049, -79.77520385406847 30.328550203727264, -81.11 29.79910686720918, -82.22053260367906 30.083412642324504, -79.49205161377056 32.69780479053636))"
30E,2022-04-07 21:55:00+00:00,2022-04-07 23:55:00+00:00,0.0,45000.0,"POLYGON ((-77.32 38.165475822945574, -75.80904268693136 38.11433846153616, -77.48790643048831 33.58088063478707, -79.10354619621762 34.03774256690455, -78.78 36.369106867209176, -77.32 38.165475822945574))"
31E,2022-04-07 21:55:00+00:00,2022-04-07 23:55:00+00:00,0.0,33000.0,"POLYGON ((-75.94914278221451 41.5877120558812, -75.68 40.58, -75.96222635049985 38.7020554407997, -77.12158594818217 38.70626671830634, -76.76042397270054 40.5348694534449, -75.94914278221451 41.5877120558812))"
29E,2022-04-07 21:55:00+00:00,2022-04-07 23:55:00+00:00,0.0,45000.0,"POLYGON ((-77.90182995378836 30.407647758682796, -76.61106191602163 27.910817677605095, -78.97286876565066 26.675630616850057, -79.99858674872327 25.1849103249004, -80.28 25.8, -77.90182995378836 30.407647758682796))"
27E,2022-04-07 21:55:00+00:00,2022-04-07 23:55:00+00:00,0.0,45000.0,"POLYGON ((-81.59064666547002 28.005505528733813, -80.79134940502362 27.569024261566376, -81.33149443847653 26.695272844460348, -83.27538339444109 25.136042973770163, -83.74873597678757 26.95228240397725, -81.59064666547002 28.005505528733813))"
HOTEL 5,2022-04-07 22:30:00+00:00,2022-04-08 02:30:00+00:00,0.0,44000.0,"POLYGON ((-84 26.45, -82.45 24, -86 24, -87.3 24.3, -84 26.45))"
35E,2022-04-07 22:55:00+00:00,2022-04-08 00:55:00+00:00,0.0,45000.0,"POLYGON ((-75.51 38.5163689557364, -74.47173060575116 37.52191430013884, -77.2968160482174 34.81922906041311, -78.58749718740671 34.93611460023954, -77.32 37.999106867209186, -75.51 38.5163689557364))"
33E,2022-04-07 22:55:00+00:00,2022-04-08 00:55:00+00:00,0.0,32000.0,"POLYGON ((-79.29457135854977 31.35073339322147, -79.60689771374795 30.58562877061297, -81.28972327358665 29.878700770027603, -81.51 30.672737911472797, -80.14593503855053 31.332856137251873, -79.29457135854977 31.35073339322147))"
34E,2022-04-07 22:55:00+00:00,2022-04-08 00:55:00+00:00,0.0,45000.0,"POLYGON ((-77.15560432621213 28.84966777351555, -76.61106191602163 27.910817677605095, -79.75939584015809 25.32851235785509, -80.54081440919313 25.564486356748745, -79.36281421450062 27.675438843385773, -77.15560432621213 28.84966777351555))"
32E,2022-04-07 22:55:00+00:00,2022-04-08 00:55:00+00:00,0.0,45000.0,"POLYGON ((-82.31928345950539 27.60426431007613, -81.48114035313303 26.640338216811248, -82.59151615448968 25.30351415153013, -83.27538339444109 25.136042973770163, -83.69098303548607 26.373098682536693, -82.31928345950539 27.60426431007613))"
37E,2022-04-07 22:55:00+00:00,2022-04-08 00:55:00+00:00,0.0,26000.0,"POLYGON ((-78.39532181010628 34.34887812875677, -78.07008044778533 33.949138645000076, -78.33394266839612 33.41415941280372, -79.26226730975137 33.42795954522149, -79.17630982251107 34.06307523309643, -78.39532181010628 34.34887812875677))"
38E,2022-04-07 22:55:00+00:00,2022-04-08 00:55:00+00:00,0.0,32000.0,"POLYGON ((-73.48502958014494 37.66861382531905, -72.99236157714861 37.654728539207106, -73.13303282091323 36.22135150332075, -74.20805519838494 36.24381468141871, -74.09797464089095 37.216975836825284, -73.48502958014494 37.66861382531905))"
36E,2022-04-07 22:55:00+00:00,2022-04-08 00:55:00+00:00,0.0,33000.0,"POLYGON ((-75.38627068875893 41.1138941867129, -74.97888679577933 40.356577185807396, -75.14476188014017 39.210142532477526, -76.52421432624753 39.02484175705614, -76.50132965711971 40.298607892492285, -75.38627068875893 41.1138941867129))"
JULIETT 1,2022-04-07 23:35:00+00:00,2022-04-08 03:35:00+00:00,0.0,33000.0,"POLYGON ((-40 45, -40 41.45, -43.15 38.45, -45.45 38.15, -47.45 40.3, -45.15 45, -40 45))"
PAPA 3,2022-04-07 23:51:00+00:00,2022-04-08 03:45:00+00:00,0.0,53000.0,"POLYGON ((130 8, 131.45 8.3, 134.3 5.45, 131.45 5, 130 7, 130 8))"
39E,2022-04-07 23:55:00+00:00,2022-04-08 01:55:00+00:00,0.0,44000.0,"POLYGON ((-81.80044351103226 27.397996788231897, -81.22215560483446 26.528914736607334, -82.20358956357671 25.607146818438366, -83.32829517781497 25.15526690948867, -83.8612390655358 26.21748090730025, -81.80044351103226 27.397996788231897))"
41E,2022-04-07 23:55:00+00:00,2022-04-08 01:55:00+00:00,0.0,45000.0,"POLYGON ((-77.68695586025213 28.670408845141342, -76.61106191602163 27.910817677605095, -79.25895962679549 25.414440217940218, -80.14920452062371 25.917582093100467, -78.74418212207864 28.30571205617317, -77.68695586025213 28.670408845141342))"
42E,2022-04-07 23:55:00+00:00,2022-04-08 01:55:00+00:00,0.0,45000.0,"POLYGON ((-75.19540690940423 38.97199834078283, -73.76005618686249 37.763948243098106, -77.00777798108662 35.052829008980844, -78.01885420714522 36.122268793825796, -76.64332038330934 37.24210001688769, -75.19540690940423 38.97199834078283))"
43E,2022-04-07 23:55:00+00:00,2022-04-08 01:55:00+00:00,0.0,36000.0,"POLYGON ((-74.70079414485878 41.867332934425846, -74.02342459964572 41.090838700853276, -74.96479944411016 39.407294000133966, -76.4396610192135 38.3878960443224, -76.46710448759148 40.10743299018814, -74.70079414485878 41.867332934425846))"
44E,2022-04-07 23:55:00+00:00,2022-04-08 01:55:00+00:00,0.0,31000.0,"POLYGON ((-80.37466951665444 27.577725168498702, -80.09 27.113712818262687, -80.20451111713369 26.782181168878804, -80.737185858328 26.678533547964037, -80.95003679069937 27.270332519335916, -80.37466951665444 27.577725168498702))"
45E,2022-04-07 23:55:00+00:00,2022-04-08 01:55:00+00:00,0.0,32000.0,"POLYGON ((-73.37367391225632 37.96674579186318, -72.86597049247547 37.55045114356834, -73.13303282091323 36.22135150332075, -73.84964740080135 36.23739556328156, -73.37367391225632 37.96674579186318))"
40E,2022-04-07 23:55:00+00:00,2022-04-08 01:55:00+00:00,0.0,40000.0,"POLYGON ((-80.1525116992762 31.338573509909736, -79.5625768705816 30.821613183119535, -80.03381207173067 29.682960007939116, -81.04647583921177 29.433551102019933, -81.2726043746807 30.5442397950527, -80.1525116992762 31.338573509909736))"
FOXTROT 14,2022-04-08 00:05:00+00:00,2022-04-08 04:05:00+00:00,0.0,35000.0,"POLYGON ((-68.45 35.15, -69 32.45, -74.3 29.3, -76.3 29.3, -75.45 31.45, -68.45 35.15))"
KILO 1,2022-04-08 00:30:00+00:00,2022-04-08 04:30:00+00:00,0.0,39000.0,"POLYGON ((-76.45 28.45, -75.3 27.15, -79 25.45, -79.15 27.15, -76.45 28.45))"
2E,2022-04-08 00:55:00+00:00,2022-04-08 02:55:00+00:00,0.0,40000.0,"POLYGON ((-75.371300252487 40.34430711508385, -73.03826328663932 39.36599150718487, -73.60321938035213 38.15271796951693, -75.42000791027768 36.0029266149991, -76.8240389423033 36.88836842985252, -75.371300252487 40.34430711508385))"
1E,2022-04-08 00:55:00+00:00,2022-04-08 02:55:00+00:00,0.0,38000.0,"POLYGON ((-82.33784439516555 26.528914736607334, -82.0814586526086 25.204557169736276, -83.26364094710507 24.582926252780663, -83.48844103885673 25.883174257129554, -82.33784439516555 26.528914736607334))"
4E,2022-04-08 00:55:00+00:00,2022-04-08 02:55:00+00:00,0.0,34000.0,"POLYGON ((-72.44912037204143 38.31226701060093, -71.86951135689726 38.108070973791584, -72.43731817834639 37.19360502431225, -73.74419503776971 36.924955745526994, -72.44912037204143 38.31226701060093))"
3E,2022-04-08 00:55:00+00:00,2022-04-08 02:55:00+00:00,0.0,36000.0,"POLYGON ((-74.90492455330188 42.36593562513339, -72.67293267406818 40.80881169162646, -73.23448116691 40.219850731982724, -75.29930127953395 40.579375125292366, -74.90492455330188 42.36593562513339))"
HOTEL 6,2022-04-08 01:30:00+00:00,2022-04-08 05:30:00+00:00,0.0,34000.0,"POLYGON ((-83.45 26, -82.45 24, -85 24, -85 24.45, -83.45 26))"
8E,2022-04-08 01:55:00+00:00,2022-04-08 03:55:00+00:00,0.0,38000.0,"POLYGON ((-73.88691691659577 42.903672061567484, -72.47596417240122 41.03753565852752, -73.52005136459486 40.16861494345253, -74.94854415619797 41.196612634481205, -73.88691691659577 42.903672061567484))"
7E,2022-04-08 01:55:00+00:00,2022-04-08 03:55:00+00:00,0.0,38000.0,"POLYGON ((-73.23596497331097 39.43186283948943, -71.17713667859279 38.76239319143765, -74.1793894752955 34.596247650832055, -74.74260663020704 35.07494773982172, -75.21095731306866 38.11433846153616, -73.23596497331097 39.43186283948943))"
6E,2022-04-08 01:55:00+00:00,2022-04-08 03:55:00+00:00,0.0,45000.0,"POLYGON ((-75.55804420623159 35.02874193222278, -75.17879359740719 34.257627423980296, -76.74368634706377 32.03923455358845, -78.7939420029141 31.825042268081663, -77.26547333309838 34.348514324449496, -75.55804420623159 35.02874193222278))"
5E,2022-04-08 01:55:00+00:00,2022-04-08 03:55:00+00:00,0.0,42000.0,"POLYGON ((-82.33784439516555 26.528914736607334, -81.8 25.421844778681965, -83.26364094710507 24.582926252780663, -83.48844103885673 25.883174257129554, -82.33784439516555 26.528914736607334))"
11E,2022-04-08 02:55:00+00:00,2022-04-08 04:55:00+00:00,0.0,40000.0,"POLYGON ((-74.26495133937493 39.512473060004794, -71.01956956556548 38.453275082292286, -74.1793894752955 34.596247650832055, -75.02669109969132 35.313314744045755, -74.03382857363717 37.16427249103546, -74.26495133937493 39.512473060004794))"
10E,2022-04-08 02:55:00+00:00,2022-04-08 04:55:00+00:00,0.0,45000.0,"POLYGON ((-75.02669109969132 35.313314744045755, -74.1793894752955 34.596247650832055, -76.74368634706377 32.03923455358845, -78.04244026577516 32.173763670293084, -76.18 34.92904835410885, -75.02669109969132 35.313314744045755))"
9E,2022-04-08 02:55:00+00:00,2022-04-08 04:55:00+00:00,0.0,30000.0,"POLYGON ((-82.30380527474698 26.058482039171153, -82.20358956357671 25.607146818438366, -83.26364094710507 24.582926252780663, -83.49897002959062 25.217107218672528, -82.30380527474698 26.058482039171153))"
12E,2022-04-08 02:55:00+00:00,2022-04-08 04:55:00+00:00,0.0,38000.0,"POLYGON ((-73.64996285651128 42.48276955946565, -72.5105941108497 41.884535385862534, -73.77 40.19628718173732, -74.21263342990494 40.22049621920638, -73.64996285651128 42.48276955946565))"
KILO 2,2022-04-08 03:20:00+00:00,2022-04-08 07:20:00+00:00,0.0,34000.0,"POLYGON ((-75.3 28.3, -75 27.3, -77.45 26.15, -77.3 27.45, -75.3 28.3))"
LIMA 1,2022-04-08 03:45:00+00:00,2022-04-08 07:45:00+00:00,0.0,48000.0,"POLYGON ((-70 38.15, -70.3 36.15, -76.15 32, -77 32, -72.3 37.15, -70 38.15))"
13E,2022-04-08 03:55:00+00:00,2022-04-08 05:55:00+00:00,0.0,42000.0,"POLYGON ((-73.49845074724051 36.230067480330845, -73.16997242600482 35.20343812840979, -76.89048327355702 32.347912658677075, -77.18711036928703 32.96475210855679, -75.55804420623159 35.02874193222278, -73.49845074724051 36.230067480330845))"
14E,2022-04-08 03:55:00+00:00,2022-04-08 05:55:00+00:00,0.0,33000.0,"POLYGON ((-72.32 39.908003424053746, -71.04770583093143 38.50868431997799, -72.99236157714861 37.654728539207106, -73.2619709221698 38.59193674357408, -74.11371973543368 38.876685634049686, -72.32 39.908003424053746))"
15E,2022-04-08 04:55:00+00:00,2022-04-08 06:55:00+00:00,0.0,45000.0,"POLYGON ((-74.3232960069668 36.24565132680632, -73.49845074724051 36.230067480330845, -75.17879359740719 34.257627423980296, -75.48162719054064 34.874613397761685, -74.3232960069668 36.24565132680632))"
16E,2022-04-08 04:55:00+00:00,2022-04-08 06:55:00+00:00,0.0,38000.0,"POLYGON ((-71.30783809175034 40.597229995310826, -70.03 38.28535879674494, -72.58141744893663 37.314117035316904, -72.65393282864285 40.30469641699582, -71.30783809175034 40.597229995310826))"
17E,2022-04-08 04:55:00+00:00,2022-04-08 06:55:00+00:00,0.0,38000.0,"POLYGON ((-76.95201633446364 32.47662885145246, -76.63346725282302 31.80598163346689, -79.83499177045343 30.329325843648846, -76.95201633446364 32.47662885145246))"
19E,2022-04-08 05:55:00+00:00,2022-04-08 07:55:00+00:00,0.0,40000.0,"POLYGON ((-71.11593064837413 41.48429028207701, -70.03 38.950834619690504, -71.01956956556548 38.453275082292286, -72.44740060702281 39.16637987783707, -73.16067987380619 40.81940125927738, -71.11593064837413 41.48429028207701))"
18E,2022-04-08 05:55:00+00:00,2022-04-08 07:55:00+00:00,0.0,45000.0,"POLYGON ((-73.11910792440466 37.75887070735413, -72.86597049247547 37.55045114356834, -74.37213436722658 35.63778311490906, -74.38727994842411 36.24662331420849, -73.11910792440466 37.75887070735413))"
20E,2022-04-08 05:55:00+00:00,2022-04-08 07:55:00+00:00,0.0,33000.0,"POLYGON ((-77.77603544266513 30.927212465323862, -78.13445537238564 27.385808926765197, -78.73878081580237 27.171523100524404, -78.63818694509118 30.162433797852838, -77.77603544266513 30.927212465323862))"
LIMA 2,2022-04-08 06:50:00+00:00,2022-04-08 10:50:00+00:00,,,"POLYGON ((-70.05 37.5, -71.4 35, -74.1 31.15, -77 30.15, -76.55 31.45, -74.55 33.3, -74.45 34.35, -72.3 37.15, -70.05 37.5))"
23E,2022-04-08 06:55:00+00:00,2022-04-08 08:55:00+00:00,0.0,33000.0,"POLYGON ((-76.52533568609658 31.575903377538353, -77.83746882689503 27.489862605286607, -78.53402530115817 27.244510149211685, -77.44288425641814 30.62787477486037, -76.52533568609658 31.575903377538353))"
21E,2022-04-08 06:55:00+00:00,2022-04-08 08:55:00+00:00,0.0,41000.0,"POLYGON ((-70.03 40.115417309845256, -69.1213873865366 39.585623900234644, -73.29229546766555 36.225287081814514, -73.70437737629756 36.86390153510433, -70.03 40.115417309845256))"
22E,2022-04-08 06:55:00+00:00,2022-04-08 08:55:00+00:00,0.0,43000.0,"POLYGON ((-71.65099037099301 41.31908914884463, -70.24951489597733 40.879092399792164, -71.38311293396785 40.20059662195405, -72.53833178527668 40.51909502766785, -71.65099037099301 41.31908914884463))"
24E,2022-04-08 07:55:00+00:00,2022-04-08 09:55:00+00:00,0.0,40000.0,"POLYGON ((-70.03 40.115417309845256, -69.1213873865366 39.585623900234644, -70.03 37.786251929535766, -72.58141744893663 37.314117035316904, -73.01650113428165 37.67459603391035, -70.03 40.115417309845256))"
25E,2022-04-08 07:55:00+00:00,2022-04-08 09:55:00+00:00,0.0,43000.0,"POLYGON ((-70.76680402196696 41.959084340950966, -70.03 41.28, -71.51572636434807 40.30382930076925, -72.32 41.353712818262686, -70.76680402196696 41.959084340950966))"
26E,2022-04-08 07:55:00+00:00,2022-04-08 09:55:00+00:00,0.0,38000.0,"POLYGON ((-77.1959128485641 30.40421615597277, -77.8314182852772 27.491973921122568, -78.73878081580237 27.171523100524404, -77.54323215293455 30.71832348992393, -77.1959128485641 30.40421615597277))"
29E,2022-04-08 08:55:00+00:00,2022-04-08 10:55:00+00:00,0.0,36000.0,"POLYGON ((-76.62242876451066 29.02683697822481, -77.48803233666251 27.611235972021877, -78.53402530115817 27.244510149211685, -77.33292425561181 28.79014587564077, -76.62242876451066 29.02683697822481))"
27E,2022-04-08 08:55:00+00:00,2022-04-08 10:55:00+00:00,0.0,40000.0,"POLYGON ((-69.61130824364902 40.510712188676514, -67.8921964389949 39.61298209873834, -70.86334728687149 38.14394774694664, -71.33607441871698 39.071297915783774, -69.61130824364902 40.510712188676514))"
28E,2022-04-08 08:55:00+00:00,2022-04-08 10:55:00+00:00,0.0,45000.0,"POLYGON ((-69.64924925309701 42.720105597147366, -69.24016446808521 41.86551790939236, -71.04766158625303 40.957173518989755, -71.58732148320203 41.602251983954375, -71.61592727392248 42.54930078149215, -69.64924925309701 42.720105597147366))"
32E,2022-04-08 09:55:00+00:00,2022-04-08 11:55:00+00:00,0.0,36000.0,"POLYGON ((-76.62242876451066 29.02683697822481, -76.92536262025473 26.644934515787455, -78.60052127797117 26.672232476280982, -77.33292425561181 28.79014587564077, -76.62242876451066 29.02683697822481))"
31E,2022-04-08 09:55:00+00:00,2022-04-08 11:55:00+00:00,0.0,45000.0,"POLYGON ((-68.87 43.841786265581646, -67.89639944586663 42.56997008691436, -70.6417985118629 41.08737793781523, -71.25039893941921 42.82082131515636, -68.87 43.841786265581646))"
30E,2022-04-08 09:55:00+00:00,2022-04-08 11:55:00+00:00,0.0,40000.0,"POLYGON ((-67.80440202587403 40.55810345247593, -67.8921964389949 39.61298209873834, -70.03 38.78446566395412, -70.77677848400359 39.89421515661165, -69.61130824364902 40.510712188676514, -67.80440202587403 40.55810345247593))"
34E,2022-04-08 09:55:00+00:00,2022-04-08 11:55:00+00:00,0.0,32000.0,"POLYGON ((-79.37639745936961 25.87694170735516, -79.25670691671876 25.71671008126361, -80.22015472867457 24.997029489849755, -80.33984527132543 25.157261115941306, -79.37639745936961 25.87694170735516))"
33E,2022-04-08 09:55:00+00:00,2022-04-08 11:55:00+00:00,0.0,30000.0,"POLYGON ((-78.78341250881991 36.051686296605254, -78.41977614518353 36.051686296605254, -78.41977614518353 35.688049932968894, -78.78341250881991 35.688049932968894, -78.78341250881991 36.051686296605254))"
LIMA 3,2022-04-08 10:05:00+00:00,2022-04-08 14:05:00+00:00,0.0,48000.0,"POLYGON ((-65 35.45, -72.55 28.55, -76.2 27.5, -76.4 29.15, -72.2 35.25, -65 35.45))"
37E,2022-04-08 10:55:00+00:00,2022-04-08 12:55:00+00:00,0.0,42000.0,"POLYGON ((-76.62242876451066 29.02683697822481, -76.4350886114612 27.970067284132778, -77.29754623950882 26.652697726195516, -78.41435664634788 26.67016943413214, -76.62242876451066 29.02683697822481))"
36E,2022-04-08 10:55:00+00:00,2022-04-08 12:55:00+00:00,0.0,38000.0,"POLYGON ((-68.4269482695153 44.070611671082986, -67.94602523669627 42.79079323355939, -70.03 40.78089313279082, -70.77230697967677 43.54752598418843, -68.4269482695153 44.070611671082986))"
35E,2022-04-08 10:55:00+00:00,2022-04-08 12:55:00+00:00,0.0,40000.0,"POLYGON ((-67.59541230998616 41.2543491535426, -67.8921964389949 39.61298209873834, -69.0410103661272 39.43124456170233, -70.03 39.78267939837248, -69.77761829656123 40.818608698391, -67.59541230998616 41.2543491535426))"
38E,2022-04-08 10:55:00+00:00,2022-04-08 12:55:00+00:00,0.0,34000.0,"POLYGON ((-78.51354626839037 26.142752374273407, -78.39536839712474 25.981401852913464, -80.86191823985187 24.174828144150663, -80.9800961111175 24.336178665510605, -78.51354626839037 26.142752374273407))"
41E,2022-04-08 11:55:00+00:00,2022-04-08 13:55:00+00:00,,,"POLYGON ((-78.94724511783437 27.190612937375754, -79.35193235374342 26.74491327056746, -79.36960678976735 26.71755829918514, -79.75172298950359 25.83855294003193, -79.20386263348655 26.61046864277204, -78.7991753975775 27.056168309580336, -79.56830439719887 25.758818255001152, -79.18618819746263 26.63782361415436, -78.94724511783437 27.190612937375754))"
40E,2022-04-08 11:55:00+00:00,2022-04-08 13:55:00+00:00,0.0,40000.0,"POLYGON ((-67.57805314896562 44.45068491437497, -67.65776448414567 42.68156670044275, -69.6201381659405 41.40660727876327, -70.52255273621147 43.27626175761889, -67.57805314896562 44.45068491437497))"
39E,2022-04-08 11:55:00+00:00,2022-04-08 13:55:00+00:00,0.0,42000.0,"POLYGON ((-67.12776205799324 42.135165731758825, -67.00718342785322 40.285131084847016, -69.0410103661272 39.43124456170233, -69.21506935197536 41.02245368628932, -67.12776205799324 42.135165731758825))"
LIMA 4,2022-04-08 12:05:00+00:00,2022-04-08 16:05:00+00:00,0.0,42000.0,"POLYGON ((-65.83581719258427 35.560144069617984, -72.83581719258427 30.56014406961798, -73.46418280741574 31.43985593038202, -66.46418280741574 36.439855930382016, -65.83581719258427 35.560144069617984))"
42E,2022-04-08 12:55:00+00:00,2022-04-08 14:55:00+00:00,0.0,36000.0,"POLYGON ((-66.91752166152592 42.19342457874979, -67.00718342785322 40.285131084847016, -68.34144020317794 39.973481077996794, -68.79564651424269 41.65542942224836, -66.91752166152592 42.19342457874979))"
43E,2022-04-08 12:55:00+00:00,2022-04-08 14:55:00+00:00,0.0,38000.0,"POLYGON ((-68.29738798503902 44.42965428388199, -68.78818660159175 42.19342588743217, -70.08224547777124 42.633053683075225, -70.30254832126737 43.96385500227168, -68.29738798503902 44.42965428388199))"
45E,2022-04-08 13:55:00+00:00,2022-04-08 15:55:00+00:00,0.0,38000.0,"POLYGON ((-68.22185883705272 44.647163071195976, -68.75931543449695 42.2141970114123, -69.71578238593138 41.51485493478884, -69.69114939250154 44.24883502918434, -68.22185883705272 44.647163071195976))"
44E,2022-04-08 13:55:00+00:00,2022-04-08 15:55:00+00:00,0.0,34000.0,"POLYGON ((-67.57443546164546 42.52691622666459, -66.80889025182304 40.21603622357932, -68.64357098989562 40.212842630177114, -68.27314318130199 42.56084565517325, -67.57443546164546 42.52691622666459))"
46E,2022-04-08 14:55:00+00:00,2022-04-08 16:55:00+00:00,0.0,34000.0,"POLYGON ((-66.26882180245416 41.218758672067075, -67.00718342785322 40.285131084847016, -68.0047169897603 40.625487174662844, -68.58853440437238 41.71671104486652, -66.26882180245416 41.218758672067075))"
48E,2022-04-08 14:55:00+00:00,2022-04-08 16:55:00+00:00,0.0,35000.0,"POLYGON ((-68.76449990254983 44.817002958275225, -68.40086353891346 44.817002958275225, -68.40086353891346 44.453366594638865, -68.76449990254983 44.453366594638865, -68.76449990254983 44.817002958275225))"
47E,2022-04-08 14:55:00+00:00,2022-04-08 16:55:00+00:00,0.0,34000.0,"POLYGON ((-68.33251648180706 43.903763227685154, -68.42729117382332 42.74519886306788, -68.92792072502381 42.0925995694446, -69.61467421009533 43.42568366214864, -68.33251648180706 43.903763227685154))"
LIMA 5,2022-04-08 15:30:00+00:00,2022-04-08 19:30:00+00:00,0.0,40000.0,"POLYGON ((-64.14667118709858 36.5525900009704, -72.99667118709857 30.552590000970394, -73.60332881290142 31.447409999029606, -64.75332881290143 37.4474099990296, -64.14667118709858 36.5525900009704))"
MIKE 1,2022-04-08 15:30:00+00:00,2022-04-08 19:30:00+00:00,0.0,42000.0,"POLYGON ((-76.3 27.45, -73.45 27.45, -77.3 23.45, -79 25, -76.3 27.45))"
50E,2022-04-08 15:55:00+00:00,2022-04-08 17:55:00+00:00,0.0,36000.0,"POLYGON ((-67.79217196906296 44.516579177381544, -67.56407578484256 43.89135393421025, -68.51586155770642 42.77409880289001, -68.87 44.00815522131804, -67.79217196906296 44.516579177381544))"
49E,2022-04-08 15:55:00+00:00,2022-04-08 17:55:00+00:00,0.0,34000.0,"POLYGON ((-67.94602523669627 42.79079323355939, -65.82698387567854 41.203514107549154, -67.00718342785322 40.285131084847016, -68.17312858976685 41.83815502536395, -67.94602523669627 42.79079323355939))"
53E,2022-04-08 16:55:00+00:00,2022-04-08 18:55:00+00:00,0.0,20000.0,"POLYGON ((-79.74604279316488 40.476146127092065, -79.07881590267706 39.8586178798344, -79.64418251170602 39.26203785952223, -80.1682829484598 40.018174645205924, -79.74604279316488 40.476146127092065))"
54E,2022-04-08 16:55:00+00:00,2022-04-08 18:55:00+00:00,0.0,35000.0,"POLYGON ((-66.91752166152592 42.19342457874979, -65.86054181009638 42.47892033064769, -66.48981515448432 41.22574746736826, -67.81663788602349 41.25879991802975, -66.91752166152592 42.19342457874979))"
52E,2022-04-08 16:55:00+00:00,2022-04-08 18:55:00+00:00,0.0,28000.0,"POLYGON ((-67.74348959766408 39.492433316895045, -67.15378242906115 39.00836505537713, -68.64439000461954 38.65853257062535, -67.74348959766408 39.492433316895045))"
51E,2022-04-08 16:55:00+00:00,2022-04-08 18:55:00+00:00,0.0,22000.0,"POLYGON ((-78.11885822184625 36.08949023824746, -77.87 34.92828375768357, -78.36771462857513 34.757902753323904, -79.05127001656088 35.335429826899954, -78.11885822184625 36.08949023824746))"
55E,2022-04-08 17:55:00+00:00,2022-04-08 19:55:00+00:00,0.0,22000.0,"POLYGON ((-77.63645762399983 36.246590745255496, -77.31811949531226 35.87259919125233, -77.87 35.01547582294557, -78.54565814477891 35.40865735967601, -77.63645762399983 36.246590745255496))"
56E,2022-04-08 17:55:00+00:00,2022-04-08 19:55:00+00:00,0.0,32000.0,"POLYGON ((-67.80440202587403 40.55810345247593, -67.00761984485005 38.886886920236115, -68.64439000461954 38.65853257062535, -68.40655729833676 40.75921272945844, -67.80440202587403 40.55810345247593))"
57E,2022-04-08 17:55:00+00:00,2022-04-08 19:55:00+00:00,0.0,20000.0,"POLYGON ((-80.06490102463158 40.017549587160815, -79.43835595266572 39.41927494885524, -80.1 38.47628718173732, -80.60453412084088 39.619101475954615, -80.06490102463158 40.017549587160815))"
LIMA 6,2022-04-08 18:05:00+00:00,2022-04-08 22:05:00+00:00,0.0,40000.0,"POLYGON ((-65.3 42.3, -60.45 37, -73.15 28, -76.3 29.3, -65.3 42.3))"
59E,2022-04-08 18:55:00+00:00,2022-04-08 20:55:00+00:00,0.0,34000.0,"POLYGON ((-67.12776205799324 42.135165731758825, -66.93193646781027 41.238457112729044, -67.60449092942521 40.49037446186185, -68.40655729833676 40.75921272945844, -67.12776205799324 42.135165731758825))"
58E,2022-04-08 18:55:00+00:00,2022-04-08 20:55:00+00:00,0.0,22000.0,"POLYGON ((-76.77332310479206 37.49874041748304, -76.2 37.17914187884178, -76.65464300198896 35.324095364645906, -78.40300137981033 35.562728985741366, -76.77332310479206 37.49874041748304))"
60E,2022-04-08 18:55:00+00:00,2022-04-08 20:55:00+00:00,0.0,22000.0,"POLYGON ((-78.75528582192072 40.91747037888307, -77.99 40.486287181737325, -79.35684868029372 38.90764444986581, -80.29550089668525 40.184793964076796, -78.75528582192072 40.91747037888307))"
61E,2022-04-08 18:55:00+00:00,2022-04-08 20:55:00+00:00,0.0,21000.0,"POLYGON ((-82.31165886486323 38.21539632582754, -81.28886561848645 37.724554564335875, -82.19865301716102 36.306414200867934, -82.31165886486323 38.21539632582754))"
ROMEO 1,2022-04-08 19:05:00+00:00,2022-04-08 23:00:00+00:00,0.0,57000.0,"POLYGON ((130 9.45, 138.3 5.15, 134.15 5, 130 7, 130 9.45))"
ALFA 1,2022-04-08 19:25:00+00:00,2022-04-08 23:25:00+00:00,0.0,40000.0,"POLYGON ((-163.8796230062012 36.660195263345955, -168.7296230062012 30.660195263345955, -169.57037699379882 31.339804736654045, -164.72037699379882 37.339804736654045, -163.8796230062012 36.660195263345955))"
62E,2022-04-08 19:55:00+00:00,2022-04-08 21:55:00+00:00,0.0,22000.0,"POLYGON ((-75.92134517692456 37.423940155579984, -76.18 35.39257436347464, -77.95299859324535 36.14379415220809, -76.77332310479206 37.49874041748304, -75.92134517692456 37.423940155579984))"
63E,2022-04-08 19:55:00+00:00,2022-04-08 21:55:00+00:00,0.0,23000.0,"POLYGON ((-78.26141613157719 41.12413655523641, -77.14268504788667 40.43354341372232, -81.4574780565082 37.668868625806915, -82.17135172368519 38.482782469623594, -78.26141613157719 41.12413655523641))"
1W,2022-04-08 19:55:00+00:00,2022-04-08 21:55:00+00:00,0.0,21000.0,"POLYGON ((-122.3461442009802 48.463233352015635, -121.98250783734383 48.463233352015635, -121.98250783734383 48.099596988379275, -122.3461442009802 48.099596988379275, -122.3461442009802 48.463233352015635))"
BRAVO 1,2022-04-08 20:35:00+00:00,2022-04-09 00:35:00+00:00,0.0,34000.0,"POLYGON ((-71.15 31, -71.45 29, -77 24.15, -78 24.45, -73.45 30.15, -71.15 31))"
LIMA 7,2022-04-08 20:35:00+00:00,2022-04-09 00:35:00+00:00,0.0,40000.0,"POLYGON ((-63 43, -59.45 36.45, -70 32.15, -72 32.15, -69 35.45, -67 39, -67 42, -63 43))"
ROMEO 2,2022-04-08 20:43:00+00:00,2022-04-09 00:40:00+00:00,0.0,55000.0,"POLYGON ((130 9.45, 138.3 5.15, 134.15 5, 130 7, 130 9.45))"
64E,2022-04-08 20:55:00+00:00,2022-04-08 22:55:00+00:00,0.0,22000.0,"POLYGON ((-77.0016103854888 36.88475176599442, -75.78397074535303 36.88927485085976, -75.31245261101861 35.551013427818205, -77.12921166223262 35.93791113212833, -77.0016103854888 36.88475176599442))"
66E,2022-04-08 20:55:00+00:00,2022-04-08 22:55:00+00:00,0.0,22000.0,"POLYGON ((-84.09026542470889 39.48898075185077, -80.1 38.24452417705443, -86.83829458834961 36.44730575573324, -85.97132207365095 38.22668492116085, -84.09026542470889 39.48898075185077))"
65E,2022-04-08 20:55:00+00:00,2022-04-08 22:55:00+00:00,0.0,23000.0,"POLYGON ((-77.56238832168513 41.20259719437259, -76.71916674000558 40.410120427356254, -77.91676206529037 39.49624131133984, -79.09897170930721 40.524143226521595, -77.56238832168513 41.20259719437259))"
2W,2022-04-08 20:55:00+00:00,2022-04-08 22:55:00+00:00,0.0,21000.0,"POLYGON ((-121.56873614566496 48.66893714151184, -121.5167778148149 47.65857235654329, -122.557279835928 47.84043402075296, -122.2465842142839 48.415251202530435, -121.56873614566496 48.66893714151184))"
3W,2022-04-08 21:55:00+00:00,2022-04-08 23:55:00+00:00,0.0,20000.0,"POLYGON ((-120.85116894927222 48.58046538519593, -120.93663623753643 47.81384206219029, -122.02510510802843 47.90076399037976, -121.87016210834108 48.47724453566088, -120.85116894927222 48.58046538519593))"
67E,2022-04-08 21:55:00+00:00,2022-04-08 23:55:00+00:00,0.0,22000.0,"POLYGON ((-76.93184096906872 37.80604740562001, -76.2 37.46828375768358, -76.2 37.17914187884178, -77.06299440315294 37.295267102511666, -76.93184096906872 37.80604740562001))"
68E,2022-04-08 21:55:00+00:00,2022-04-08 23:55:00+00:00,0.0,21000.0,"POLYGON ((-79.88789577293669 38.509109201833155, -79.44781637771844 38.3970440977387, -79.0303717085586 37.6505140493306, -79.44962829144139 37.6505140493306, -80.1 38.18714530289553, -79.88789577293669 38.509109201833155))"
ALFA 2,2022-04-08 22:20:00+00:00,2022-04-09 02:20:00+00:00,0.0,38000.0,"POLYGON ((-161 40.45, -162 37.3, -166.3 30, -169.45 31.15, -166.15 36, -163.3 40.3, -161 40.45))"
69E,2022-04-08 22:55:00+00:00,2022-04-09 00:55:00+00:00,0.0,26000.0,"POLYGON ((-76.81380903836087 37.664895832943174, -76.45632197871892 37.094179222262795, -76.86606812396262 36.66683945817529, -77.32 37.06628718173732, -76.81380903836087 37.664895832943174))"
70E,2022-04-08 22:55:00+00:00,2022-04-09 00:55:00+00:00,0.0,21000.0,"POLYGON ((-76.38576705862012 40.799155883637226, -76.54590207091908 40.132841307515164, -76.99760177839592 40.16641128094797, -77.21565932566708 40.567041126885904, -76.38576705862012 40.799155883637226))"
71E,2022-04-08 22:55:00+00:00,2022-04-09 00:55:00+00:00,0.0,23000.0,"POLYGON ((-78.22749988023276 39.307289158261874, -77.67018166062837 39.27665677773225, -77.38359067381414 38.970146862538506, -77.87 38.64, -78.52909844204027 39.149292882013604, -78.22749988023276 39.307289158261874))"
72E,2022-04-08 22:55:00+00:00,2022-04-09 00:55:00+00:00,0.0,21000.0,"POLYGON ((-74.93474535504083 36.88329260682466, -74.92502291576102 36.253444960442884, -75.28356323684794 36.25665548075312, -75.4769688266635 36.8878097276585, -74.93474535504083 36.88329260682466))"
BRAVO 2,2022-04-08 23:30:00+00:00,2022-04-09 03:30:00+00:00,0.0,32000.0,"POLYGON ((-71.15 31.3, -71.15 29.45, -75.3 26.15, -73.45 30.15, -71.15 31.3))"
LIMA 8,2022-04-08 23:30:00+00:00,2022-04-09 03:30:00+00:00,0.0,40000.0,"POLYGON ((-60.3 43.3, -59.15 38.45, -61.15 36, -69.15 32.15, -72 32.15, -67.15 38, -64 42.45, -60.3 43.3))"
73E,2022-04-08 23:55:00+00:00,2022-04-09 01:55:00+00:00,0.0,20000.0,"POLYGON ((-77.50053055175388 39.66481558678494, -77.24418911197594 39.295246423809154, -77.73893464159175 38.74215402744236, -78.15545872810232 39.1739189571217, -77.50053055175388 39.66481558678494))"
75E,2022-04-08 23:55:00+00:00,2022-04-09 01:55:00+00:00,0.0,20000.0,"POLYGON ((-74.35150544712074 37.42422406765901, -74.39260351998504 36.876312438539046, -75.11547916758055 36.88507202788361, -75.19364039783481 37.21771381455572, -74.35150544712074 37.42422406765901))"
74E,2022-04-08 23:55:00+00:00,2022-04-09 01:55:00+00:00,0.0,20000.0,"POLYGON ((-81.89873219240646 38.852153739196474, -81.81836519883714 38.34911029573934, -82.24163480116286 38.34911029573934, -82.54259631508462 38.58290472199439, -81.89873219240646 38.852153739196474))"
4W,2022-04-08 23:55:00+00:00,2022-04-09 01:55:00+00:00,0.0,20000.0,"POLYGON ((-122.64055541696722 47.97379298187409, -122.14556861403841 47.707015147966594, -122.50768482408193 47.49515513402703, -122.91930382729772 47.84730338869124, -122.64055541696722 47.97379298187409))"
1E,2022-04-09 00:55:00+00:00,2022-04-09 02:55:00+00:00,0.0,23000.0,"POLYGON ((-72.99236157714861 37.654728539207106, -73.31215828902072 36.22576308802721, -74.04649395484252 35.521765520295816, -74.20805519838494 36.24381468141871, -74.03123823038116 36.870291148630834, -72.99236157714861 37.654728539207106))"
1W,2022-04-09 00:55:00+00:00,2022-04-09 02:55:00+00:00,0.0,20000.0,"POLYGON ((-121.96846084995735 45.74831494391604, -121.44837663898083 45.41234241629058, -122.01983172693564 44.758888148089994, -122.59 45.31628718173732, -121.96846084995735 45.74831494391604))"
3E,2022-04-09 01:55:00+00:00,2022-04-09 03:55:00+00:00,0.0,23000.0,"POLYGON ((-76.46710448759148 40.10743299018814, -76.11759164214178 39.49681432423884, -76.58900616105268 38.50620889701939, -77.1913271337309 38.97754306207354, -76.67404706759315 39.73488099386221, -76.46710448759148 40.10743299018814))"
2E,2022-04-09 01:55:00+00:00,2022-04-09 03:55:00+00:00,0.0,25000.0,"POLYGON ((-73.88715191364103 38.38083364983567, -72.86597049247547 37.55045114356834, -73.31215828902072 36.22576308802721, -74.2119137537105 36.87343854680372, -74.73444166506302 37.73407337598247, -73.88715191364103 38.38083364983567))"
5E,2022-04-09 02:55:00+00:00,2022-04-09 04:55:00+00:00,0.0,21000.0,"POLYGON ((-76.79264110288338 39.499849646636584, -76.29737144869065 38.85764865265398, -77.32 38.078283757683586, -77.60749402586607 38.84416129064145, -76.79264110288338 39.499849646636584))"
4E,2022-04-09 02:55:00+00:00,2022-04-09 04:55:00+00:00,0.0,22000.0,"POLYGON ((-72.92317476480595 38.47631615584957, -71.11610559378445 38.6430022747771, -73.31215828902072 36.22576308802721, -74.03123823038116 36.870291148630834, -73.88715191364103 38.38083364983567, -72.92317476480595 38.47631615584957))"
BRAVO 3,2022-04-09 03:05:00+00:00,2022-04-09 07:05:00+00:00,0.0,31000.0,"POLYGON ((-71.45 31.45, -70 31.15, -73.45 27, -73.15 30, -71.45 31.45))"
LIMA 9,2022-04-09 03:05:00+00:00,2022-04-09 07:05:00+00:00,0.0,40000.0,"POLYGON ((-62.3 40.3, -61 39, -62.15 36.15, -69.15 32.15, -70 34.15, -64.45 40, -62.3 40.3))"
6E,2022-04-09 03:55:00+00:00,2022-04-09 05:55:00+00:00,0.0,21000.0,"POLYGON ((-72.25119473512592 39.09918151101625, -70.94129191277956 38.298637311610506, -72.15049564274314 36.95206042532109, -73.70437737629756 36.86390153510433, -73.60321938035213 38.15271796951693, -72.25119473512592 39.09918151101625))"
7E,2022-04-09 03:55:00+00:00,2022-04-09 05:55:00+00:00,0.0,20000.0,"POLYGON ((-76.76439173454426 39.49980088888891, -76.099529000863 38.539525966530285, -76.72310198489689 37.96906499882955, -77.32 38.165475822945574, -77.5677835737422 38.874893104821666, -76.76439173454426 39.49980088888891))"
2W,2022-04-09 03:55:00+00:00,2022-04-09 05:55:00+00:00,0.0,28000.0,"POLYGON ((-114.43646234910183 44.40462214768829, -114.49000000000001 43.31184477868195, -115.13525143246352 43.226802515914024, -115.13346431698476 44.44659154789662, -114.43646234910183 44.40462214768829))"
LIMA 10,2022-04-09 05:40:00+00:00,2022-04-09 09:40:00+00:00,0.0,40000.0,"POLYGON ((-59.45 41, -64.45 34.15, -74.15 26.3, -73.45 29.45, -63.45 40.45, -59.45 41))"
CHARLIE 1,2022-04-09 05:45:00+00:00,2022-04-09 09:45:00+00:00,0.0,46000.0,"POLYGON ((-140 8.3, -136 8.15, -135 4.15, -140 3.45, -140 8.3))"
8E,2022-04-09 06:55:00+00:00,2022-04-09 08:55:00+00:00,0.0,31000.0,"POLYGON ((-72.61052040295506 39.26041660109771, -72.45766803861461 39.131435382637285, -73.016010539256 38.46975787366736, -73.16886290359645 38.598739092127786, -72.61052040295506 39.26041660109771))"
9E,2022-04-09 07:55:00+00:00,2022-04-09 09:55:00+00:00,0.0,30000.0,"POLYGON ((-72.32 39.763432484632844, -71.46200002677536 39.31398548001714, -72.7541851942061 38.4181406599556, -72.92317476480595 38.47631615584957, -72.32 39.763432484632844))"
10E,2022-04-09 08:55:00+00:00,2022-04-09 10:55:00+00:00,0.0,30000.0,"POLYGON ((-71.6727316753895 39.71607746840755, -71.46200002677536 39.31398548001714, -72.58546813903706 38.359722892611025, -72.32 39.32971966637017, -71.6727316753895 39.71607746840755))"
LIMA 11,2022-04-09 09:30:00+00:00,2022-04-09 13:30:00+00:00,0.0,38000.0,"POLYGON ((-57.15 42.3, -61.15 36, -70 28.45, -73.15 28, -62.45 41.3, -57.15 42.3))"
CHARLIE 2,2022-04-09 09:30:00+00:00,2022-04-09 13:30:00+00:00,0.0,48000.0,"POLYGON ((-141.15 9.15, -136 8.15, -134.45 3.45, -140 3.45, -142.15 7.3, -141.15 9.15))"
LIMA 12,2022-04-09 10:55:00+00:00,2022-04-09 14:55:00+00:00,0.0,38000.0,"POLYGON ((-56.45 43, -60.45 36.15, -64.3 32.45, -69 32, -61.45 42.3, -56.45 43))"
WHISKEY 1,2022-04-09 12:15:00+00:00,2022-04-09 16:15:00+00:00,0.0,52000.0,"POLYGON ((-156.45 10.15, -153.15 10.45, -156.3 3.45, -162.3 4.15, -156.45 10.15))"
11E,2022-04-09 12:55:00+00:00,2022-04-09 14:55:00+00:00,0.0,24000.0,"POLYGON ((-74.68206606823546 35.02388304970663, -74.1928798678024 34.607809212417685, -75.4673665457771 33.496592842724034, -75.37301908870302 34.65447635935465, -74.68206606823546 35.02388304970663))"
CHARLIE 3,2022-04-09 13:25:00+00:00,2022-04-09 17:25:00+00:00,0.0,45000.0,"POLYGON ((-140 9.15, -132.45 3.3, -137 3.3, -140 4.45, -140 9.15))"
DELTA 1,2022-04-09 13:35:00+00:00,2022-04-09 17:35:00+00:00,35000.0,41000.0,"POLYGON ((-59.45 43, -55.45 41.15, -62.15 35.45, -65.45 37.3, -59.45 43))"
13E,2022-04-09 13:55:00+00:00,2022-04-09 15:55:00+00:00,0.0,21000.0,"POLYGON ((-75.0129963037651 40.717185535857226, -74.64935994012873 40.717185535857226, -74.64935994012873 40.353549172220866, -75.0129963037651 40.353549172220866, -75.0129963037651 40.717185535857226))"
12E,2022-04-09 13:55:00+00:00,2022-04-09 15:55:00+00:00,0.0,24000.0,"POLYGON ((-74.68206606823546 35.02388304970663, -74.1928798678024 34.607809212417685, -75.4673665457771 33.496592842724034, -75.37301908870302 34.65447635935465, -74.68206606823546 35.02388304970663))"
WHISKEY 2,2022-04-09 14:50:00+00:00,2022-04-09 18:45:00+00:00,0.0,51000.0,"POLYGON ((-156.3 10.15, -152.15 8.15, -156 4.15, -161.3 5, -156.3 10.15))"
14E,2022-04-09 14:55:00+00:00,2022-04-09 16:55:00+00:00,0.0,22000.0,"POLYGON ((-72.5105941108497 41.884535385862534, -71.5776307099159 41.45277303413773, -73.77 40.48542906057911, -75.07015209900963 40.90280872292533, -72.5105941108497 41.884535385862534))"
15E,2022-04-09 14:55:00+00:00,2022-04-09 16:55:00+00:00,0.0,21000.0,"POLYGON ((-73.31485100273142 36.40316968513893, -72.95121463909504 36.40316968513893, -72.95121463909504 36.03953332150257, -73.31485100273142 36.03953332150257, -73.31485100273142 36.40316968513893))"
ECHO 1,2022-04-09 15:20:00+00:00,2022-04-09 19:20:00+00:00,0.0,36000.0,"POLYGON ((-71.45 28.15, -70.45 27.3, -74.3 24.45, -75.15 25.3, -71.45 28.15))"
XRAY 1,2022-04-09 15:20:00+00:00,2022-04-09 19:15:00+00:00,0.0,52000.0,"POLYGON ((-146.3 9, -140 9, -140 5.3, -146.15 5.15, -146.3 9))"
16E,2022-04-09 15:55:00+00:00,2022-04-09 17:55:00+00:00,0.0,22000.0,"POLYGON ((-72.13738798796915 42.80973302406811, -71.07149293029374 41.830093227555544, -73.77 40.63, -74.24405089851169 41.60388769919036, -72.13738798796915 42.80973302406811))"
18E,2022-04-09 16:55:00+00:00,2022-04-09 18:55:00+00:00,0.0,22000.0,"POLYGON ((-72.25555602617851 38.24451853059374, -70.86334728687149 38.14394774694664, -71.30083514557319 36.223355238000224, -72.43731817834639 37.19360502431225, -72.25555602617851 38.24451853059374))"
17E,2022-04-09 16:55:00+00:00,2022-04-09 18:55:00+00:00,0.0,25000.0,"POLYGON ((-71.58 43.22, -70.99 42.36, -72.32 40.92, -73.91133269307454 41.53886109338761, -73.8 42.75, -71.58 43.22))"
20E,2022-04-09 17:55:00+00:00,2022-04-09 19:55:00+00:00,0.0,22000.0,"POLYGON ((-71.53197322865071 39.44805835403835, -70.03 39.25600684810749, -70.03 38.38858121158212, -72.86597049247547 37.55045114356834, -71.53197322865071 39.44805835403835))"
19E,2022-04-09 17:55:00+00:00,2022-04-09 19:55:00+00:00,0.0,25000.0,"POLYGON ((-70.61 43.86371281826268, -70.26443006760232 42.57901707710388, -72.54099511491121 41.32048817162009, -73.8 42.316287181737316, -70.61 43.86371281826268))"
WHISKEY 3,2022-04-09 18:17:00+00:00,2022-04-09 22:10:00+00:00,0.0,52000.0,"POLYGON ((-152.15 9, -154.15 4.45, -159.15 6.3, -158 10, -152.15 9))"
21E,2022-04-09 18:55:00+00:00,2022-04-09 20:55:00+00:00,0.0,28000.0,"POLYGON ((-71.24695623527136 43.61923581156938, -69.80783484002373 42.838976471297464, -71.16148458108026 42.05246211406724, -73.10409550837562 42.06659021812797, -71.24695623527136 43.61923581156938))"
22E,2022-04-09 18:55:00+00:00,2022-04-09 20:55:00+00:00,0.0,25000.0,"POLYGON ((-76.39739445176872 41.96170342342084, -76.03375808813234 41.96170342342084, -76.03375808813234 41.59806705978448, -76.39739445176872 41.59806705978448, -76.39739445176872 41.96170342342084))"
23E,2022-04-09 19:55:00+00:00,2022-04-09 21:55:00+00:00,0.0,28000.0,"POLYGON ((-71.98674146160735 44.08906405655649, -69.75983844082356 43.681525863508824, -70.16133444979145 42.10234261155745, -72.37252422897907 42.17484490714075, -71.98674146160735 44.08906405655649))"
3W,2022-04-09 19:55:00+00:00,2022-04-09 21:55:00+00:00,0.0,22000.0,"POLYGON ((-122.73909801774619 48.02225220257114, -122.37546165410981 48.02225220257114, -122.37546165410981 47.65861583893478, -122.73909801774619 47.65861583893478, -122.73909801774619 48.02225220257114))"
24E,2022-04-09 20:55:00+00:00,2022-04-09 22:55:00+00:00,0.0,26000.0,"POLYGON ((-70.91745167873263 43.96385500227168, -69.33174458620384 44.03766446071424, -69.89974509969957 42.68680112825891, -70.6278497351143 42.47008057201256, -70.91745167873263 43.96385500227168))"
WHISKEY 4,2022-04-09 21:46:00+00:00,2022-04-10 01:45:00+00:00,0.0,48000.0,"POLYGON ((-158.3 6, -157 9, -152 7.3, -152.3 5.45, -155.3 4.15, -158.3 6))"
1C,2022-04-09 22:55:00+00:00,2022-04-10 00:55:00+00:00,0.0,40000.0,"POLYGON ((-103.48 42.55547582294557, -104.29833049551563 41.56196256517884, -107.55300147678007 40.98083977506103, -105.93473068330248 42.47465831949591, -103.48 42.55547582294557))"
DELTA 1,2022-04-10 05:00:00+00:00,2022-04-10 09:00:00+00:00,0.0,45000.0,"POLYGON ((-167.3 35.15, -165.3 33.3, -167.15 30.15, -170 30.15, -167.3 35.15))"
YANKEE 1,2022-04-10 07:14:00+00:00,2022-04-10 11:10:00+00:00,0.0,48000.0,"POLYGON ((-168.3 30, -166.15 30, -166.3 26, -169.3 26, -168.3 30))"
DELTA 2,2022-04-10 08:30:00+00:00,2022-04-10 12:30:00+00:00,0.0,45000.0,"POLYGON ((-168.3 35.15, -164.15 34.45, -166 30, -168.3 30, -168.3 35.15))"
YANKEE 2,2022-04-10 10:45:00+00:00,2022-04-10 14:45:00+00:00,0.0,48000.0,"POLYGON ((-168.15 30, -166 30, -166.45 26, -169.15 26, -168.15 30))"
DELTA 3,2022-04-10 12:15:00+00:00,2022-04-10 16:15:00+00:00,0.0,45000.0,"POLYGON ((-163.3 34.45, -165.45 30, -168.15 30, -167.3 34.45, -163.3 34.45))"
FOXTROT 1,2022-04-10 13:20:00+00:00,2022-04-10 17:20:00+00:00,0.0,30000.0,"POLYGON ((-69.3 38.15, -67.45 35.3, -70.15 33.15, -72.3 36.45, -69.3 38.15))"
YANKEE 3,2022-04-10 14:33:00+00:00,2022-04-10 18:25:00+00:00,0.0,49000.0,"POLYGON ((-169.15 30, -165.3 30, -166 26, -169.45 26, -169.15 30))"
YANKEE 4,2022-04-10 15:15:00+00:00,2022-04-10 19:10:00+00:00,0.0,47000.0,"POLYGON ((-168 30, -165.3 30, -166 26.15, -169 26.3, -168 30))"
DELTA 4,2022-04-10 16:10:00+00:00,2022-04-10 20:10:00+00:00,0.0,45000.0,"POLYGON ((-162.15 35, -165 30, -167.3 30, -166.3 34.45, -162.15 35))"
1E,2022-04-10 17:55:00+00:00,2022-04-10 19:55:00+00:00,0.0,16000.0,"POLYGON ((-71.09818341852446 38.60786054786287, -70.03 38.45172775248133, -70.03 37.28714506232659, -71.29315592314053 37.90104363007683, -71.09818341852446 38.60786054786287))"
1C,2022-04-10 17:55:00+00:00,2022-04-10 19:55:00+00:00,0.0,33000.0,"POLYGON ((-103.01 43.480893132790825, -101.79697562013382 42.555802216097334, -102.13919554959946 41.88220138826462, -104.08898824825036 42.9643416481319, -103.01 43.480893132790825))"
YANKEE 5,2022-04-10 18:31:00+00:00,2022-04-10 22:30:00+00:00,0.0,46000.0,"POLYGON ((-167.15 30, -163 30, -164.15 27, -170.45 24, -172.45 25.45, -168.3 27, -167.15 30))"
2C,2022-04-10 18:55:00+00:00,2022-04-10 20:55:00+00:00,0.0,33000.0,"POLYGON ((-102.36120242840443 43.50759271241975, -101.34532166323301 42.56201319189036, -101.85581310764732 41.8682369186263, -103.48 42.888213734418365, -102.36120242840443 43.50759271241975))"
DELTA 5,2022-04-10 19:40:00+00:00,2022-04-10 23:40:00+00:00,0.0,45000.0,"POLYGON ((-165.3 34.45, -162.15 34.45, -163.45 30, -167 30, -165.3 34.45))"
3C,2022-04-10 19:55:00+00:00,2022-04-10 21:55:00+00:00,0.0,33000.0,"POLYGON ((-103.01 43.148155221318035, -101.46136540063348 43.006294387347445, -100.61420999961972 42.37730291166018, -102.52122838026271 42.59188240713217, -103.01 43.148155221318035))"
4C,2022-04-10 20:55:00+00:00,2022-04-10 22:55:00+00:00,0.0,32000.0,"POLYGON ((-96.88891790983827 32.562499391087925, -96.54570449680885 31.91262197178591, -98.92420381391062 30.915265457665612, -98.47955100329553 32.472466311721895, -96.88891790983827 32.562499391087925))"
5C,2022-04-10 21:55:00+00:00,2022-04-10 23:55:00+00:00,0.0,35000.0,"POLYGON ((-96.2476913484298 32.86750276830183, -95.99988665896187 32.099380884246195, -98.21596814226127 30.966411962913288, -98.35792696959226 32.03738773806416, -96.2476913484298 32.86750276830183))"
YANKEE 6,2022-04-10 22:05:00+00:00,2022-04-11 02:05:00+00:00,0.0,47000.0,"POLYGON ((-166 29.15, -163.45 28.3, -167.3 24.45, -170.15 23, -171.15 26, -168 26.3, -166 29.15))"
6C,2022-04-10 22:55:00+00:00,2022-04-11 00:55:00+00:00,0.0,42000.0,"POLYGON ((-95.46665037808015 33.502163881353276, -94.35956735928576 32.95980087922701, -97.27 31.160893132790832, -97.63165299778079 31.78682344377124, -95.46665037808015 33.502163881353276))"
7C,2022-04-10 23:55:00+00:00,2022-04-11 01:55:00+00:00,0.0,41000.0,"POLYGON ((-94.53312174788549 34.43136999957722, -93.67093491194913 33.50936027002112, -95.90187011675779 31.65270216974135, -96.48269292108023 32.39820072692072, -94.53312174788549 34.43136999957722))"
8C,2022-04-10 23:55:00+00:00,2022-04-11 01:55:00+00:00,0.0,36000.0,"POLYGON ((-99.69867792202744 27.971481429106408, -99.51685974020926 27.971481429106408, -99.51685974020926 27.789663247288228, -99.69867792202744 27.789663247288228, -99.69867792202744 27.971481429106408))"
1C,2022-04-11 00:55:00+00:00,2022-04-11 02:55:00+00:00,0.0,34000.0,"POLYGON ((-94.63745896920445 33.97927067191303, -93.70185278796642 33.38212208118899, -96.54966379032642 31.403309752157494, -97.1316154448991 31.7775659664156, -94.63745896920445 33.97927067191303))"
2C,2022-04-11 00:55:00+00:00,2022-04-11 02:55:00+00:00,0.0,38000.0,"POLYGON ((-98.46 28.77257436347464, -98.25791362043189 27.897585749159138, -99.30466483311567 27.582179559679375, -99.42 28.347425636525365, -98.46 28.77257436347464))"
ZULU 1,2022-04-11 01:04:00+00:00,2022-04-11 05:05:00+00:00,0.0,54000.0,"POLYGON ((139.45 16.3, 143.3 16.45, 146 8.3, 140 4.3, 139.3 7.3, 142.3 11.45, 139.45 16.3))"
YANKEE 7,2022-04-11 01:51:00+00:00,2022-04-11 05:50:00+00:00,0.0,45000.0,"POLYGON ((-163.3 29, -168.3 21.45, -171.3 22, -168.15 26.3, -168.45 29.15, -163.3 29))"
4C,2022-04-11 01:55:00+00:00,2022-04-11 03:55:00+00:00,0.0,41000.0,"POLYGON ((-98.84283005915168 29.63945025158266, -97.44 28.399106867209174, -99.20379978862609 27.940947477422903, -101.30006271233552 29.549952084764303, -98.84283005915168 29.63945025158266))"
5C,2022-04-11 01:55:00+00:00,2022-04-11 03:55:00+00:00,0.0,42000.0,"POLYGON ((-90.81792419627178 40.202007706211646, -90.23310789530443 39.320855565770316, -92.22 38.14452417705443, -92.67516884235984 39.16204101951247, -90.81792419627178 40.202007706211646))"
3C,2022-04-11 01:55:00+00:00,2022-04-11 03:55:00+00:00,0.0,32000.0,"POLYGON ((-93.68476638691838 34.277929553358355, -92.96963348234651 33.72090384528462, -96.37019852442019 31.338508877722262, -96.90834700221919 31.78682344377124, -93.68476638691838 34.277929553358355))"
6C,2022-04-11 02:55:00+00:00,2022-04-11 04:55:00+00:00,0.0,34000.0,"POLYGON ((-93.68476638691838 34.277929553358355, -93.30580047981931 33.72928289715903, -96.0808613819834 31.152843948094596, -96.90933687124432 31.53215948732113, -93.68476638691838 34.277929553358355))"
7C,2022-04-11 02:55:00+00:00,2022-04-11 04:55:00+00:00,0.0,41000.0,"POLYGON ((-98.68077035551968 30.10093177842394, -98.67875758657176 29.178705907425243, -100.36646186832976 29.006471022892345, -101.17634444960974 29.712306022433808, -98.68077035551968 30.10093177842394))"
8C,2022-04-11 02:55:00+00:00,2022-04-11 04:55:00+00:00,0.0,36000.0,"POLYGON ((-90.66283405694777 40.31893318260444, -90.06670060786341 39.627800004240854, -92.05729134473917 38.50247719091719, -92.67516884235984 39.16204101951247, -90.66283405694777 40.31893318260444))"
10C,2022-04-11 02:55:00+00:00,2022-04-11 04:55:00+00:00,0.0,35000.0,"POLYGON ((-102.05489829865756 38.19828936038757, -102.09505085193331 37.727931947387354, -103.8090331057151 37.259816261304, -103.6 37.925475822945565, -102.05489829865756 38.19828936038757))"
9C,2022-04-11 02:55:00+00:00,2022-04-11 04:55:00+00:00,0.0,33000.0,"POLYGON ((-97.83140979047072 36.44077486453149, -97.64959160865253 36.44077486453149, -97.64959160865253 36.258956682713304, -97.83140979047072 36.258956682713304, -97.83140979047072 36.44077486453149))"
ZULU 2,2022-04-11 03:11:00+00:00,2022-04-11 07:10:00+00:00,,,"POLYGON ((141.3 15.15, 138.45 16.45, 141.45 17.15, 145 12.3, 145.3 9, 139.15 3.3, 137.3 3.3, 143 11.3, 141.3 15.15))"
YANKEE 8,2022-04-11 03:13:00+00:00,2022-04-11 07:10:00+00:00,0.0,45000.0,"POLYGON ((-167.45 29.15, -163.45 27.45, -168.3 22.15, -171 22.45, -167.15 26.45, -167.45 29.15))"
13C,2022-04-11 04:16:00+00:00,2022-04-11 05:55:00+00:00,0.0,45000.0,"POLYGON ((-95.78005837955239 37.349587941109924, -95.79 36.3663689557364, -98.64484961576666 35.75960187105838, -98.31920525804482 37.11786305912753, -95.78005837955239 37.349587941109924))"
11C,2022-04-11 04:16:00+00:00,2022-04-11 05:55:00+00:00,0.0,41000.0,"POLYGON ((-98.46 30.13910686720918, -98.05536064479922 29.28646405932242, -99.89097089581738 29.03878587607854, -100.2275750776273 29.82946505737113, -98.46 30.13910686720918))"
14C,2022-04-11 04:16:00+00:00,2022-04-11 05:55:00+00:00,0.0,35000.0,"POLYGON ((-102.26659518156916 38.19923970809518, -102.3686402886622 37.58474085759155, -104.01806417178749 37.25926504945445, -103.92261911883513 37.87438336569514, -102.26659518156916 38.19923970809518))"
16C,2022-04-11 04:16:00+00:00,2022-04-11 05:55:00+00:00,0.0,35000.0,"POLYGON ((-99.53448378882781 31.811749939020554, -99.22300898764706 31.10977313324061, -99.98153002033808 31.20317389669552, -100.13676573397466 31.48026928987196, -99.53448378882781 31.811749939020554))"
12C,2022-04-11 04:16:00+00:00,2022-04-11 05:55:00+00:00,0.0,32000.0,"POLYGON ((-89.95373252536208 40.49159400693515, -89.55256013015187 39.51663930542158, -91.95837026557821 38.605253687620994, -92.43420674036432 39.21050338144842, -89.95373252536208 40.49159400693515))"
15C,2022-04-11 04:16:00+00:00,2022-04-11 05:55:00+00:00,0.0,33000.0,"POLYGON ((-95.26378805381955 32.41895745308091, -94.75 31.986287181737314, -95.4981477081113 30.88103521009135, -96.48774017763321 31.380988855197657, -95.26378805381955 32.41895745308091))"
21C,2022-04-11 05:05:00+00:00,2022-04-11 06:55:00+00:00,0.0,39000.0,"POLYGON ((-99.16724166426272 31.889897624369862, -98.83355195353974 31.650468355084175, -98.99391375753123 31.303235529630594, -99.67060623126986 31.36764383058726, -99.16724166426272 31.889897624369862))"
20C,2022-04-11 05:05:00+00:00,2022-04-11 06:55:00+00:00,0.0,40000.0,"POLYGON ((-93.16036397274931 32.9063703385024, -94.72 30.49452417705443, -95.61507942448084 30.838570209934346, -94.52256747384183 32.880910526810865, -93.16036397274931 32.9063703385024))"
18C,2022-04-11 05:05:00+00:00,2022-04-11 06:55:00+00:00,0.0,45000.0,"POLYGON ((-91.28000000000002 39.35089313279083, -91.49102152831092 37.66328709864097, -96.22538701271631 35.84628842029848, -99.49774500378946 36.46672501290751, -94.49 37.77089313279083, -91.28000000000002 39.35089313279083))"
19C,2022-04-11 05:05:00+00:00,2022-04-11 06:55:00+00:00,0.0,45000.0,"POLYGON ((-100.0120361672479 30.199160574723766, -97.53 30.090858121158213, -97.54099173121193 29.304882893618448, -100.30950023601795 29.52518385684876, -100.0120361672479 30.199160574723766))"
17C,2022-04-11 05:05:00+00:00,2022-04-11 06:55:00+00:00,0.0,45000.0,"POLYGON ((-89.31927950262106 40.95522834343825, -88.91633743584347 40.64689357465589, -90.48 39.29371281826268, -91.2080763542317 39.71641163783628, -89.31927950262106 40.95522834343825))"
YANKEE 9,2022-04-11 05:53:00+00:00,2022-04-11 09:50:00+00:00,0.0,45000.0,"POLYGON ((-169.45 22.3, -160.3 29, -160.45 25.45, -166.45 22, -169.45 22.3))"
22C,2022-04-11 05:57:00+00:00,2022-04-11 07:55:00+00:00,0.0,45000.0,"POLYGON ((-89.2548735565723 40.544692326261334, -88.86000000000001 40.23910686720918, -92.55386366427547 37.61213474549222, -92.52094784803768 38.57433215630024, -89.2548735565723 40.544692326261334))"
24C,2022-04-11 05:57:00+00:00,2022-04-11 07:55:00+00:00,0.0,38000.0,"POLYGON ((-97.12237399713786 30.026445469614444, -97.40295305061021 29.25380946951011, -100.91654238026068 29.667329654168437, -100.77000000000001 30.025475822945566, -97.12237399713786 30.026445469614444))"
28C,2022-04-11 05:57:00+00:00,2022-04-11 07:55:00+00:00,0.0,32000.0,"POLYGON ((-87.76 36.93178626558165, -87.82751932455459 36.516536783670084, -88.93931042108804 36.14673210533679, -89.00264790760632 36.63440270063658, -87.76 36.93178626558165))"
26C,2022-04-11 05:57:00+00:00,2022-04-11 07:55:00+00:00,0.0,39000.0,"POLYGON ((-98.59087818783965 32.0279606345741, -98.44269904503261 31.65463822396303, -98.99391375753123 31.303235529630594, -99.28093376955388 31.364698776376372, -98.59087818783965 32.0279606345741))"
29C,2022-04-11 05:57:00+00:00,2022-04-11 07:55:00+00:00,0.0,36000.0,"POLYGON ((-86.88721010774728 44.934626529224666, -85.55 44.67, -85.77611777559872 43.6308128381232, -87.43419620944036 43.37155981411079, -86.88721010774728 44.934626529224666))"
27C,2022-04-11 05:57:00+00:00,2022-04-11 07:55:00+00:00,0.0,36000.0,"POLYGON ((-86.61427445918761 41.235358218748964, -86.65590874276253 39.71939386958906, -87.60496653014745 40.149853786347286, -87.77703885414459 41.13980999074654, -86.61427445918761 41.235358218748964))"
23C,2022-04-11 05:57:00+00:00,2022-04-11 07:55:00+00:00,0.0,45000.0,"POLYGON ((-92.48162973442179 38.605253687620994, -92.65585278967987 37.57938910207994, -95.58536548144562 35.79912711035868, -99.21485879357513 36.559458759217954, -93.81157158904963 38.04674448968452, -92.48162973442179 38.605253687620994))"
25C,2022-04-11 05:57:00+00:00,2022-04-11 07:55:00+00:00,0.0,40000.0,"POLYGON ((-93.6780102010354 33.03706311293827, -92.87192355659995 32.99279803843942, -93.94584743138644 30.137352570362918, -94.91478450893486 31.560551852467576, -93.6780102010354 33.03706311293827))"
31C,2022-04-11 06:55:00+00:00,2022-04-11 08:55:00+00:00,0.0,42000.0,"POLYGON ((-99.96746773013163 30.292507092080594, -96.81917975859425 30.12340956535689, -96.67584165608476 29.52803139761686, -98.73133774285797 29.875005050472808, -100.06280859581634 29.61280135552095, -99.96746773013163 30.292507092080594))"
32C,2022-04-11 06:55:00+00:00,2022-04-11 08:55:00+00:00,0.0,38000.0,"POLYGON ((-91.81757510093813 33.574930814846994, -93.25770141872398 30.447327082863428, -95.25777176346953 30.967882422264623, -93.38860577586865 33.122217142497185, -91.81757510093813 33.574930814846994))"
35C,2022-04-11 06:55:00+00:00,2022-04-11 08:55:00+00:00,0.0,39000.0,"POLYGON ((-90.7433221269754 39.06415897446235, -90.62156804334174 38.592782134362395, -92.48669826215651 37.633635902243434, -92.22 38.52085812115821, -90.7433221269754 39.06415897446235))"
33C,2022-04-11 06:55:00+00:00,2022-04-11 08:55:00+00:00,0.0,40000.0,"POLYGON ((-85.23591946637059 45.203836766281604, -86.11 42.18085812115821, -86.85586344856753 41.60277843542272, -87.0588641694768 44.886388014216216, -85.23591946637059 45.203836766281604))"
34C,2022-04-11 06:55:00+00:00,2022-04-11 08:55:00+00:00,0.0,35000.0,"POLYGON ((-86.46774464568983 41.50277286803265, -85.59813203303716 41.28596348946545, -86.62785322921505 39.83013120790255, -87.28716988673072 40.15909762747078, -86.46774464568983 41.50277286803265))"
30C,2022-04-11 06:55:00+00:00,2022-04-11 08:55:00+00:00,0.0,45000.0,"POLYGON ((-92.36146956956046 38.54278228688097, -92.48669826215651 37.633635902243434, -95.28590229664502 35.790032694610545, -99.16210736290228 36.337853207861116, -93.81157158904963 38.04674448968452, -92.36146956956046 38.54278228688097))"
2E,2022-04-11 07:55:00+00:00,2022-04-11 09:55:00+00:00,0.0,42000.0,"POLYGON ((-84.8636102420227 42.317667541141574, -84.49300648923911 42.20452299900412, -85.52422988507482 40.36469539704536, -87.25 39.98910686720918, -84.8636102420227 42.317667541141574))"
1E,2022-04-11 07:55:00+00:00,2022-04-11 09:55:00+00:00,0.0,44000.0,"POLYGON ((-84.76529863228507 45.640563440933796, -85.32734168814916 42.482460174962085, -86.28178239620641 42.16246162052927, -86.55474972059689 45.37147468749988, -84.76529863228507 45.640563440933796))"
38C,2022-04-11 07:55:00+00:00,2022-04-11 09:55:00+00:00,0.0,41000.0,"POLYGON ((-91.20457265651062 33.774904836200875, -91.96166358863567 31.067878012929807, -94.42430491008626 30.54484249149181, -93.96091411508219 32.462499738357806, -91.20457265651062 33.774904836200875))"
36C,2022-04-11 07:55:00+00:00,2022-04-11 09:55:00+00:00,0.0,45000.0,"POLYGON ((-92.22 38.81, -92.36721343452265 37.03775803263106, -93.50111052195068 36.24840607562531, -97.22227391250833 35.526745683916225, -95.54949252698144 38.26523641987832, -92.22 38.81))"
37C,2022-04-11 07:55:00+00:00,2022-04-11 09:55:00+00:00,0.0,44000.0,"POLYGON ((-99.5473142459251 30.36443442282847, -96.81917975859425 30.12340956535689, -96.67584165608476 29.52803139761686, -98.73133774285797 29.875005050472808, -99.82 29.76815522131804, -99.5473142459251 30.36443442282847))"
39C,2022-04-11 07:55:00+00:00,2022-04-11 09:55:00+00:00,0.0,30000.0,"POLYGON ((-91.03697678493582 38.85867735263903, -90.69195713031971 38.459109544199876, -92.49289161606174 37.08042129931934, -92.22 38.81, -91.03697678493582 38.85867735263903))"
3E,2022-04-11 08:55:00+00:00,2022-04-11 10:55:00+00:00,0.0,39000.0,"POLYGON ((-85.51636485724417 46.40365717181163, -83.80143432630604 46.055945913008784, -84.81989219578917 42.78798772024521, -85.48678146753765 42.277308836700534, -85.51636485724417 46.40365717181163))"
42C,2022-04-11 08:55:00+00:00,2022-04-11 10:55:00+00:00,0.0,41000.0,"POLYGON ((-89.98 34.52089313279082, -91.07731320024257 30.940925488822053, -94.00153872867722 30.455321410040522, -93.81 32.27089313279082, -89.98 34.52089313279082))"
41C,2022-04-11 08:55:00+00:00,2022-04-11 10:55:00+00:00,0.0,44000.0,"POLYGON ((-98.46 30.471844778681966, -95.35 30.292737911472788, -95.88121234322834 29.767934630286774, -98.86748571452526 29.9922989611131, -98.46 30.471844778681966))"
43C,2022-04-11 08:55:00+00:00,2022-04-11 10:55:00+00:00,0.0,37000.0,"POLYGON ((-92.59 39.630893132790824, -90.87548883375601 38.98666700716526, -95.54949252698144 38.26523641987832, -98.40750179484507 38.67268332018001, -95.59981672197165 39.286838040909956, -92.59 39.630893132790824))"
4E,2022-04-11 08:55:00+00:00,2022-04-11 10:55:00+00:00,0.0,43000.0,"POLYGON ((-84.28909405503576 43.13466462099824, -83.14448426928674 42.61047838040201, -84.25889240203854 40.69049281323777, -85.87950408307701 40.02599485532941, -84.28909405503576 43.13466462099824))"
40C,2022-04-11 08:55:00+00:00,2022-04-11 10:55:00+00:00,0.0,45000.0,"POLYGON ((-90.82359067381414 38.970146862538506, -90.08784302316369 38.55266168855981, -91.71520720795795 36.720936917061024, -96.43277497084328 35.069557281536504, -95.4106854077131 38.26640286899794, -90.82359067381414 38.970146862538506))"
NOVEMBER 1,2022-04-11 08:58:00+00:00,2022-04-11 13:00:00+00:00,0.0,54000.0,"POLYGON ((-178.45 6.3, -175.15 8, -171.3 4.45, -178.3 3, -178.45 6.3))"
YANKEE 10,2022-04-11 09:40:00+00:00,2022-04-11 13:35:00+00:00,0.0,43000.0,"POLYGON ((-168.3 22.15, -158.45 28, -163.3 21.3, -168.3 22.15))"
5E,2022-04-11 09:55:00+00:00,2022-04-11 11:55:00+00:00,0.0,43000.0,"POLYGON ((-84.53266403427278 46.34611711213464, -82.45969464244027 42.79858889024914, -84.24131593917552 40.226158816140384, -85.04277362489681 39.967327381695306, -84.53266403427278 46.34611711213464))"
48C,2022-04-11 09:55:00+00:00,2022-04-11 11:55:00+00:00,0.0,31000.0,"POLYGON ((-88.5367702137833 37.67277648245105, -86.76118568404817 37.54438857382035, -89.16194953571646 36.32730621299748, -90.21641862118754 36.695973531165265, -88.5367702137833 37.67277648245105))"
46C,2022-04-11 09:55:00+00:00,2022-04-11 11:55:00+00:00,0.0,41000.0,"POLYGON ((-89.67134348855797 34.40478887455077, -90.26 30.800893132790822, -93.48101024629364 30.90800287171403, -93.26278611156431 32.57781027077064, -89.67134348855797 34.40478887455077))"
44C,2022-04-11 09:55:00+00:00,2022-04-11 11:55:00+00:00,0.0,45000.0,"POLYGON ((-90.48 38.86, -90.02900616105268 38.50620889701939, -90.95 36.94184477868197, -97.36700896671847 34.93866126814074, -94.49 38.27, -90.48 38.86))"
47C,2022-04-11 09:55:00+00:00,2022-04-11 11:55:00+00:00,0.0,37000.0,"POLYGON ((-91.62851365652986 39.96012880751026, -90.71507472529326 39.84862991064261, -90.48 38.86, -93.63613495529025 38.543536106465275, -93.25352989354067 39.61696369379181, -91.62851365652986 39.96012880751026))"
45C,2022-04-11 09:55:00+00:00,2022-04-11 11:55:00+00:00,0.0,44000.0,"POLYGON ((-97.76749352012266 30.584239451567086, -95.35 30.249141878841787, -95.81172817224726 29.793220344562354, -98.22428605825584 29.84424576086164, -97.76749352012266 30.584239451567086))"
7E,2022-04-11 10:55:00+00:00,2022-04-11 12:55:00+00:00,0.0,42000.0,"POLYGON ((-84.0575985059627 39.018238407466264, -83.01103166767426 38.427558092677764, -87.25237327401291 36.32963951731279, -89.49272395364198 37.07949443936931, -87.31040208744643 38.28206844692847, -84.0575985059627 39.018238407466264))"
6E,2022-04-11 10:55:00+00:00,2022-04-11 12:55:00+00:00,0.0,43000.0,"POLYGON ((-84.53266403427278 46.34611711213464, -82.45969464244027 42.79858889024914, -84.24131593917552 40.226158816140384, -85.04277362489681 39.967327381695306, -84.53266403427278 46.34611711213464))"
51C,2022-04-11 10:55:00+00:00,2022-04-11 12:55:00+00:00,0.0,41000.0,"POLYGON ((-89.98 34.52089313279082, -87.63656013942676 33.41314735839786, -89.96387705301328 30.684840624391917, -93.40207839396585 31.57518423005951, -89.98 34.52089313279082))"
52C,2022-04-11 10:55:00+00:00,2022-04-11 12:55:00+00:00,0.0,35000.0,"POLYGON ((-89.59 40.49452417705442, -89.62540602750163 38.85688616324927, -94.1672246938372 37.35704960400644, -92.22 38.81, -90.94527478665024 40.46434078096207, -89.59 40.49452417705442))"
49C,2022-04-11 10:55:00+00:00,2022-04-11 12:55:00+00:00,0.0,45000.0,"POLYGON ((-89.73737144869067 38.85764865265398, -89.57976962401973 38.17935619437982, -90.43856181556292 37.26911755586559, -95.78000000000002 35.42828375768357, -95.79 36.63371281826269, -89.73737144869067 38.85764865265398))"
50C,2022-04-11 10:55:00+00:00,2022-04-11 12:55:00+00:00,0.0,44000.0,"POLYGON ((-97.06473582406785 30.545150573375764, -94.42190989464531 30.2886972183796, -96.56374548001567 29.294027416757487, -97.7216093925255 29.979161807674643, -97.06473582406785 30.545150573375764))"
53C,2022-04-11 10:55:00+00:00,2022-04-11 12:55:00+00:00,0.0,32000.0,"POLYGON ((-97.31448663613918 28.167075386222688, -94.64378750765185 28.141214025812218, -96.46431474919731 26.734932226755188, -98.76817772434235 27.478482149021616, -97.31448663613918 28.167075386222688))"
ECHO 1,2022-04-11 11:30:00+00:00,2022-04-11 15:30:00+00:00,0.0,53000.0,"POLYGON ((-121.3 14.3, -120 12.45, -120 7.15, -127.15 7, -127.15 12, -121.3 14.3))"
54C,2022-04-11 11:55:00+00:00,2022-04-11 13:55:00+00:00,0.0,45000.0,"POLYGON ((-89.62540602750163 38.85688616324927, -88.81457530882359 37.92529427799425, -89.6392531877898 37.197960318199954, -95.20329386363116 35.319203887459075, -95.79 36.699106867209174, -89.62540602750163 38.85688616324927))"
56C,2022-04-11 11:55:00+00:00,2022-04-11 13:55:00+00:00,0.0,41000.0,"POLYGON ((-89.04523239556619 34.6980786917871, -87.09990368630436 33.66983909469433, -89.96387705301328 30.684840624391917, -93.05324656617897 31.72937823056986, -89.04523239556619 34.6980786917871))"
57C,2022-04-11 11:55:00+00:00,2022-04-11 13:55:00+00:00,0.0,35000.0,"POLYGON ((-89.2548735565723 40.544692326261334, -89.62540602750163 38.85688616324927, -95.79 36.53273791147279, -95.82626071799193 37.1583523586101, -90.94527478665024 40.46434078096207, -89.2548735565723 40.544692326261334))"
59C,2022-04-11 11:55:00+00:00,2022-04-11 13:55:00+00:00,0.0,36000.0,"POLYGON ((-96.906328527342 37.52678068640859, -96.5710122761696 37.4137413568798, -97.28117183002827 36.85943969832422, -97.58 37.31628718173732, -96.906328527342 37.52678068640859))"
55C,2022-04-11 11:55:00+00:00,2022-04-11 13:55:00+00:00,0.0,44000.0,"POLYGON ((-96.90929720084088 30.59983285309897, -93.72917442937873 30.35984690150953, -95.95913082928226 29.066227999932764, -97.53 30.090858121158213, -96.90929720084088 30.59983285309897))"
58C,2022-04-11 11:55:00+00:00,2022-04-11 13:55:00+00:00,0.0,32000.0,"POLYGON ((-97.31448663613918 28.167075386222688, -94.64378750765185 28.141214025812218, -96.46431474919731 26.734932226755188, -98.76817772434235 27.478482149021616, -97.31448663613918 28.167075386222688))"
60C,2022-04-11 11:55:00+00:00,2022-04-11 13:55:00+00:00,0.0,30000.0,"POLYGON ((-90.41315711226522 36.108802543230894, -89.57212975166364 35.81528170759776, -89.98 35.30914187884179, -90.47027465606544 35.184989544231065, -90.41315711226522 36.108802543230894))"
8E,2022-04-11 12:00:00+00:00,2022-04-11 13:55:00+00:00,0.0,43000.0,"POLYGON ((-81.50713303783635 42.03431334104176, -81.0372424609456 40.019797179249274, -82.42416086775295 39.84247168426913, -82.67309857406248 41.671740042729745, -81.50713303783635 42.03431334104176))"
9E,2022-04-11 12:00:00+00:00,2022-04-11 13:55:00+00:00,0.0,42000.0,"POLYGON ((-82.98942435420557 39.842630915511386, -82.21537455857022 38.74985361396058, -86.44 36.64085812115822, -89.88362809114045 37.00166093449606, -87.9432881036148 37.929857857300256, -82.98942435420557 39.842630915511386))"
NOVEMBER 2,2022-04-11 12:33:00+00:00,2022-04-11 16:30:00+00:00,0.0,55000.0,"POLYGON ((-179.45 9, -172.3 9.15, -169.45 5.15, -178.45 1.45, -179.45 9))"
10E,2022-04-11 12:55:00+00:00,2022-04-11 14:55:00+00:00,0.0,43000.0,"POLYGON ((-80.117768234885 42.3272813821997, -81.63653015102463 38.622006634401814, -84.7 39.35273791147279, -82.10653349763139 41.88083087863005, -80.117768234885 42.3272813821997))"
61C,2022-04-11 12:55:00+00:00,2022-04-11 14:55:00+00:00,0.0,45000.0,"POLYGON ((-90.48 38.86, -90.39020481435044 37.362481716628714, -93.98223109754515 35.15437724078143, -95.35066965650371 36.552120484636866, -93.9042144296635 38.07754216105279, -90.48 38.86))"
63C,2022-04-11 12:55:00+00:00,2022-04-11 14:55:00+00:00,0.0,42000.0,"POLYGON ((-85.54212217927147 35.727896196103664, -85.18058708077817 33.8824610586817, -90 30.515475822945564, -92.04 32.18726208852723, -88.7416525013627 35.548046167180445, -85.54212217927147 35.727896196103664))"
64C,2022-04-11 12:55:00+00:00,2022-04-11 14:55:00+00:00,0.0,36000.0,"POLYGON ((-97.22295008799442 28.360944475598025, -94.39425047683054 28.04616856105403, -95.66178901995272 26.546515973738497, -97.70564931684984 27.664464201005856, -97.22295008799442 28.360944475598025))"
62C,2022-04-11 12:55:00+00:00,2022-04-11 14:55:00+00:00,0.0,45000.0,"POLYGON ((-93.51956414468141 30.492286251810818, -93.11 29.47452417705443, -95.64214876912374 29.34485827928602, -96.23989932951147 30.275343160522098, -93.51956414468141 30.492286251810818))"
11E,2022-04-11 12:55:00+00:00,2022-04-11 14:55:00+00:00,0.0,45000.0,"POLYGON ((-88.49672359584103 40.407267401091865, -84.18546358035003 38.85289387584483, -84.11 37.75285469710447, -89.06787024833635 35.81528170759776, -90.41315711226522 36.108802543230894, -88.49672359584103 40.407267401091865))"
12E,2022-04-11 13:55:00+00:00,2022-04-11 15:55:00+00:00,0.0,43000.0,"POLYGON ((-82.18643587917137 40.804687861416646, -80.61549490687028 40.70195609992357, -80.55581748829395 39.26203785952223, -83.86928161818403 37.49087212796139, -85.09496117267813 38.89200024366335, -82.18643587917137 40.804687861416646))"
13E,2022-04-11 13:55:00+00:00,2022-04-11 15:55:00+00:00,0.0,40000.0,"POLYGON ((-85.9751523226841 39.484319441164665, -85.2919063289688 38.82750255501181, -88.08589289352585 36.0136781257621, -90.08260542035002 36.27225553280849, -87.8967218858197 39.488208667720755, -85.9751523226841 39.484319441164665))"
66C,2022-04-11 13:55:00+00:00,2022-04-11 15:55:00+00:00,0.0,45000.0,"POLYGON ((-92.2776434054425 30.798693907059313, -92.56844627043198 29.668326172639098, -94.94408281566098 29.606456054048326, -95.054214555555 30.574489178409628, -92.2776434054425 30.798693907059313))"
67C,2022-04-11 13:55:00+00:00,2022-04-11 15:55:00+00:00,0.0,38000.0,"POLYGON ((-87.25921558958264 35.66804004464822, -85.77442310417446 33.519293111436134, -88.36 30.8963689557364, -91.49430233877342 32.327821641001485, -90.51017113946493 33.920902235234664, -87.25921558958264 35.66804004464822))"
68C,2022-04-11 13:55:00+00:00,2022-04-11 15:55:00+00:00,0.0,36000.0,"POLYGON ((-96.77463368229627 28.350297361375212, -94.64378750765185 28.141214025812218, -95.58788185202482 26.57285539806094, -97.31510479317295 27.632811469918217, -96.77463368229627 28.350297361375212))"
65C,2022-04-11 13:55:00+00:00,2022-04-11 15:55:00+00:00,0.0,45000.0,"POLYGON ((-90.762085788721 38.325394994696175, -91.20373372390466 36.31418694852161, -94.0198400285355 35.18528775958156, -94.99283315963598 36.75912091203401, -92.9788347333561 38.0273136311179, -90.762085788721 38.325394994696175))"
16E,2022-04-11 14:55:00+00:00,2022-04-11 16:55:00+00:00,0.0,37000.0,"POLYGON ((-81.85 42.08547582294557, -82.4730060353036 40.94775026199233, -83.1048657783937 40.992100864918925, -83.02947849500335 41.59467407715029, -81.85 42.08547582294557))"
15E,2022-04-11 14:55:00+00:00,2022-04-11 16:55:00+00:00,0.0,38000.0,"POLYGON ((-87.76 37.09815522131804, -87.01540082678063 36.73761094631314, -89.82392860793561 35.32730996982709, -90.51510597413649 35.756291015815584, -87.76 37.09815522131804))"
14E,2022-04-11 14:55:00+00:00,2022-04-11 16:55:00+00:00,0.0,38000.0,"POLYGON ((-81.15557599914987 40.63433787258238, -80.38551766100078 40.01918872232427, -81.70623330604369 38.1347321418727, -86.97783019987484 38.18208204377095, -87.25 39.82273791147279, -81.15557599914987 40.63433787258238))"
72C,2022-04-11 14:55:00+00:00,2022-04-11 16:55:00+00:00,0.0,36000.0,"POLYGON ((-96.52692285178695 28.298712267441747, -94.39425047683054 28.04616856105403, -95.52363788459166 27.066975541876868, -97.17435068315014 27.664464201005856, -96.52692285178695 28.298712267441747))"
69C,2022-04-11 14:55:00+00:00,2022-04-11 16:55:00+00:00,0.0,43000.0,"POLYGON ((-90.80425602170722 38.24473038299266, -90.65789385695275 36.34492711131926, -92.75549882678258 35.14921248092541, -95.3546129872837 35.84628842029848, -92.92533376287905 38.12783820977569, -90.80425602170722 38.24473038299266))"
70C,2022-04-11 14:55:00+00:00,2022-04-11 16:55:00+00:00,0.0,45000.0,"POLYGON ((-92.08867435558442 30.906422997902656, -92.45646156159316 28.75503802079858, -94.64217123126268 29.703441750288487, -94.17281076557246 30.68828013873573, -92.08867435558442 30.906422997902656))"
71C,2022-04-11 14:55:00+00:00,2022-04-11 16:55:00+00:00,0.0,44000.0,"POLYGON ((-89.23160043578108 34.76303402602263, -87.71259602304839 31.993329976444404, -88.36 30.230893132790825, -90.58472567832942 30.732715073732543, -90.13490224077977 34.71249172927223, -89.23160043578108 34.76303402602263))"
73C,2022-04-11 14:55:00+00:00,2022-04-11 16:55:00+00:00,0.0,45000.0,"POLYGON ((-97.29886207341731 32.932466328560594, -97.09938724858502 32.917982052323126, -97.17026258758385 31.941899740723056, -97.36973741241614 31.956384016960524, -97.29886207341731 32.932466328560594))"
NOVEMBER 3,2022-04-11 15:03:00+00:00,2022-04-11 19:00:00+00:00,0.0,54000.0,"POLYGON ((179 9, -179 3.3, -168.3 4.3, -172.15 9.3, 179 9))"
18E,2022-04-11 15:55:00+00:00,2022-04-11 17:55:00+00:00,0.0,38000.0,"POLYGON ((-87.37093860454667 37.80202575280773, -86.24787817114547 36.8661785981093, -89.32 35.68726208852722, -89.93707830250177 36.01841945391434, -87.37093860454667 37.80202575280773))"
17E,2022-04-11 15:55:00+00:00,2022-04-11 17:55:00+00:00,0.0,38000.0,"POLYGON ((-85.86145135970001 40.48777734654831, -80.51382736787514 39.78431517642783, -81.70623330604369 38.1347321418727, -86.33353634597987 38.685806022637635, -85.86145135970001 40.48777734654831))"
77C,2022-04-11 15:55:00+00:00,2022-04-11 17:55:00+00:00,0.0,36000.0,"POLYGON ((-95.17135684729308 28.755227741662534, -93.90639357049436 28.446843926913996, -94.72092482063596 27.339034912976757, -96.68700914862069 27.897953807176233, -95.17135684729308 28.755227741662534))"
74C,2022-04-11 15:55:00+00:00,2022-04-11 17:55:00+00:00,0.0,43000.0,"POLYGON ((-90.17884243286754 38.624331466094254, -90.12629585690362 36.107180886248464, -92.18 35.17910686720918, -95.21997350868405 36.0076474131216, -94.04264740261225 37.91622702658611, -90.17884243286754 38.624331466094254))"
19E,2022-04-11 15:55:00+00:00,2022-04-11 17:55:00+00:00,0.0,37000.0,"POLYGON ((-80.83076821759293 42.18470758285815, -81.3571701003362 40.42767224422808, -82.80843412500039 40.550493832774755, -82.56488986190912 41.63909133554211, -80.83076821759293 42.18470758285815))"
78C,2022-04-11 15:55:00+00:00,2022-04-11 17:55:00+00:00,0.0,45000.0,"POLYGON ((-96.64301523418852 33.316850272749896, -96.45876147751817 33.23906497109942, -96.91637014892629 32.15510546971772, -97.10062390559665 32.2328907713682, -96.64301523418852 33.316850272749896))"
75C,2022-04-11 15:55:00+00:00,2022-04-11 17:55:00+00:00,0.0,45000.0,"POLYGON ((-93.00736891808437 31.259003506093833, -90.72812392182225 31.133176234794302, -91.25905699859284 29.175009466400848, -93.42773398863335 29.471786790507732, -93.00736891808437 31.259003506093833))"
76C,2022-04-11 15:55:00+00:00,2022-04-11 17:55:00+00:00,0.0,44000.0,"POLYGON ((-89.32939076741496 34.79696286050115, -86.64941023094688 32.887404069453375, -88.295726606622 30.596418032047723, -90.26 30.721716242316425, -90.08012739001077 33.86053821784249, -89.32939076741496 34.79696286050115))"
20E,2022-04-11 16:55:00+00:00,2022-04-11 18:55:00+00:00,0.0,38000.0,"POLYGON ((-80.03102063119144 42.480824807401675, -80.82 40.02, -82.63738286037945 39.21899598136912, -85.47773190061054 39.97191099467421, -84.57743636095928 41.169381362501596, -80.03102063119144 42.480824807401675))"
79C,2022-04-11 16:55:00+00:00,2022-04-11 18:55:00+00:00,0.0,43000.0,"POLYGON ((-90.82828597773091 38.139055752315244, -93.29482275630536 36.24716639307991, -95.4084329198508 36.32672812301073, -94.04264740261225 37.91622702658611, -90.82828597773091 38.139055752315244))"
80C,2022-04-11 16:55:00+00:00,2022-04-11 18:55:00+00:00,0.0,45000.0,"POLYGON ((-89.71899743046258 32.98817263217928, -88.06993387320037 32.63256398647828, -88.50860879685226 31.037325110449682, -90.62912294644406 29.36995977389581, -92.40089692444066 29.88342798996715, -89.71899743046258 32.98817263217928))"
82C,2022-04-11 16:55:00+00:00,2022-04-11 18:55:00+00:00,0.0,38000.0,"POLYGON ((-95.43600408756237 28.43885608175693, -93.11 28.30994148689969, -94.46009629620164 27.100462841341734, -95.9495057334155 27.990997723205563, -95.43600408756237 28.43885608175693))"
81C,2022-04-11 16:55:00+00:00,2022-04-11 18:55:00+00:00,0.0,45000.0,"POLYGON ((-90.08114217437162 37.787547144597156, -86.44 37.595475822945566, -88.93019887534665 35.25084275645092, -92.18 35.51184477868196, -90.08114217437162 37.787547144597156))"
83C,2022-04-11 16:55:00+00:00,2022-04-11 18:55:00+00:00,0.0,43000.0,"POLYGON ((-95.09402830773726 37.910801711734884, -94.92181746050431 37.80909908593144, -95.86952912023746 36.20435951735226, -96.0417399674704 36.3060621431557, -95.09402830773726 37.910801711734884))"
21E,2022-04-11 17:55:00+00:00,2022-04-11 19:55:00+00:00,0.0,34000.0,"POLYGON ((-80.03102063119144 42.480824807401675, -80.21 40.83, -83.20139845000683 39.677823934472364, -83.37 41.54452417705443, -80.03102063119144 42.480824807401675))"
84C,2022-04-11 17:55:00+00:00,2022-04-11 19:55:00+00:00,0.0,43000.0,"POLYGON ((-91.81581535591985 38.040775832978476, -92.77716626888801 36.28277188330841, -95.93600190294822 36.31755201006242, -95.44113868723264 37.62087097863539, -91.81581535591985 38.040775832978476))"
86C,2022-04-11 17:55:00+00:00,2022-04-11 19:55:00+00:00,0.0,45000.0,"POLYGON ((-90.37838663771221 37.55226637196058, -86.73524527318916 37.16491634055651, -86.68 35.80726208852722, -91.45959251106294 35.2660886208464, -90.37838663771221 37.55226637196058))"
22E,2022-04-11 17:55:00+00:00,2022-04-11 19:55:00+00:00,0.0,38000.0,"POLYGON ((-82.05822977836073 39.73987155082237, -80.42132940057357 39.7126340684442, -83.33541591959509 37.6408538679491, -83.22233068809669 38.35665362712361, -82.05822977836073 39.73987155082237))"
87C,2022-04-11 17:55:00+00:00,2022-04-11 19:55:00+00:00,0.0,38000.0,"POLYGON ((-93.11 28.983432484632846, -94.34293254314585 28.026545360709534, -95.61439610160309 28.1448576801078, -94.84451471142265 28.890506448935586, -93.11 28.983432484632846))"
85C,2022-04-11 17:55:00+00:00,2022-04-11 19:55:00+00:00,0.0,40000.0,"POLYGON ((-88.70810105364012 33.08914383656015, -86.83265471082865 32.21896547650789, -90.1 29.46914187884178, -91.74513709290532 29.54428104856383, -91.3 31.058283757683576, -88.70810105364012 33.08914383656015))"
NOVEMBER 4,2022-04-11 18:28:00+00:00,2022-04-11 22:25:00+00:00,0.0,52000.0,"POLYGON ((179.3 11.15, 177.3 8.3, -173.15 4.45, -170.45 8.15, 179.3 11.15))"
24E,2022-04-11 18:55:00+00:00,2022-04-11 20:55:00+00:00,0.0,38000.0,"POLYGON ((-81.22066279625999 39.8919761427019, -79.76985039610724 39.52435660185896, -82.43385396602555 37.98077732466743, -82.88327579033101 38.7468983800747, -81.22066279625999 39.8919761427019))"
90C,2022-04-11 18:55:00+00:00,2022-04-11 20:55:00+00:00,0.0,45000.0,"POLYGON ((-89.17912936635557 37.66533816250235, -87.06436622495158 36.92836605612156, -89.98 34.52089313279082, -90.95 35.27815522131805, -89.17912936635557 37.66533816250235))"
89C,2022-04-11 18:55:00+00:00,2022-04-11 20:55:00+00:00,0.0,37000.0,"POLYGON ((-89.48118569360773 31.29765030211519, -89.85363890109512 29.542509557529574, -90.8608695175323 29.557034999705913, -92.26521058160417 30.47644599392489, -89.48118569360773 31.29765030211519))"
88C,2022-04-11 18:55:00+00:00,2022-04-11 20:55:00+00:00,0.0,43000.0,"POLYGON ((-90.31717825035761 38.55247698916536, -90.39020481435044 37.362481716628714, -95.3776675682712 36.19929287824785, -94.49 37.77089313279083, -90.31717825035761 38.55247698916536))"
23E,2022-04-11 18:55:00+00:00,2022-04-11 20:55:00+00:00,0.0,34000.0,"POLYGON ((-80.06516886694207 42.42047984767281, -80.03333043014422 40.88519021705876, -82.66252351615037 40.28354353415361, -84.4799369924879 41.19912535313486, -80.06516886694207 42.42047984767281))"
92C,2022-04-11 18:55:00+00:00,2022-04-11 20:55:00+00:00,0.0,43000.0,"POLYGON ((-94.98142627465832 32.69002006244296, -94.78151367456199 32.68410801349794, -94.8148282088867 31.55759582799507, -95.01474080898302 31.563507876940083, -94.98142627465832 32.69002006244296))"
91C,2022-04-11 18:55:00+00:00,2022-04-11 20:55:00+00:00,0.0,37000.0,"POLYGON ((-92.54108417033676 28.936678513136577, -93.11 28.116006848107485, -95.09627570801209 28.3119810683892, -93.74130471400191 28.80282875408366, -92.54108417033676 28.936678513136577))"
96C,2022-04-11 19:55:00+00:00,2022-04-11 21:55:00+00:00,0.0,37000.0,"POLYGON ((-92.45646156159316 28.75503802079858, -93.11 27.810834619690507, -95.37794551960326 27.93332117316752, -93.83507074762302 28.600959686264062, -92.45646156159316 28.75503802079858))"
97C,2022-04-11 19:55:00+00:00,2022-04-11 21:55:00+00:00,0.0,44000.0,"POLYGON ((-94.41087621183067 36.014366277059125, -93.5134530208099 35.642310891519315, -94.21128369796894 33.62756045833276, -95.26714806626936 33.504242729874754, -94.41087621183067 36.014366277059125))"
95C,2022-04-11 19:55:00+00:00,2022-04-11 21:55:00+00:00,0.0,45000.0,"POLYGON ((-88.5367702137833 37.67277648245105, -86.73342830837416 36.69435743745672, -89.04523239556619 34.6980786917871, -90.16783099722944 35.08352198604896, -88.5367702137833 37.67277648245105))"
25E,2022-04-11 19:55:00+00:00,2022-04-11 21:55:00+00:00,0.0,34000.0,"POLYGON ((-80.56609468394053 42.22412400119316, -79.6791090996 40.99475961284973, -82.2981739519357 40.68389980054622, -82.38571366452483 41.58473405619847, -80.56609468394053 42.22412400119316))"
93C,2022-04-11 19:55:00+00:00,2022-04-11 21:55:00+00:00,0.0,43000.0,"POLYGON ((-89.9666164165323 38.69290031307951, -89.72264482558752 37.83488918332553, -94.65780304611069 36.248796386933066, -95.06164672940815 36.89278720502112, -93.07370750341606 38.53026349121428, -89.9666164165323 38.69290031307951))"
94C,2022-04-11 19:55:00+00:00,2022-04-11 21:55:00+00:00,0.0,43000.0,"POLYGON ((-94.16738031425609 33.53273926989557, -93.9726196857439 33.487260730104424, -94.42783517680904 31.537812582572002, -94.62259580532124 31.58329112236315, -94.16738031425609 33.53273926989557))"
98C,2022-04-11 19:55:00+00:00,2022-04-11 21:55:00+00:00,0.0,37000.0,"POLYGON ((-89.93852225177275 30.631768745107188, -89.84591801697117 29.905235462926456, -91.49180279511282 30.0791612479224, -91.45507202298192 30.53523317025626, -89.93852225177275 30.631768745107188))"
1W,2022-04-11 19:55:00+00:00,2022-04-11 21:55:00+00:00,0.0,28000.0,"POLYGON ((-120.59716662290194 39.526237300065134, -120.18705953035287 39.11989801683703, -121.03724689833406 38.604858674891595, -121.55 39.01828375768359, -120.59716662290194 39.526237300065134))"
99C,2022-04-11 20:55:00+00:00,2022-04-11 22:55:00+00:00,0.0,41000.0,"POLYGON ((-90.78115756713248 38.624331466094254, -90.23 37.33726208852722, -94.12 36.58273791147278, -94.36499514556024 37.15707089898346, -92.9686807736934 38.21939860491814, -90.78115756713248 38.624331466094254))"
03C,2022-04-11 20:55:00+00:00,2022-04-11 22:55:00+00:00,0.0,37000.0,"POLYGON ((-91.62432564025598 29.17136827671067, -92.17158167319104 28.138501521682947, -94.04841832680896 28.138501521682947, -93.69179473095363 28.909078579739848, -91.62432564025598 29.17136827671067))"
01C,2022-04-11 20:55:00+00:00,2022-04-11 22:55:00+00:00,0.0,40000.0,"POLYGON ((-94.87989573474069 35.992927494591456, -92.88227153159998 36.24362461849089, -93.47140605564701 33.50856061925483, -95.0676369076764 33.50600182421121, -94.87989573474069 35.992927494591456))"
02C,2022-04-11 20:55:00+00:00,2022-04-11 22:55:00+00:00,0.0,45000.0,"POLYGON ((-89.7862426869613 37.31624516759141, -86.44 36.93, -87.25634542627029 35.17089199700512, -90.12385486754178 35.13755578455775, -89.7862426869613 37.31624516759141))"
3W,2022-04-11 20:55:00+00:00,2022-04-11 22:55:00+00:00,0.0,31000.0,"POLYGON ((-112.82461022263051 43.177277488967356, -113.76 39.898155221318035, -116.42391094774634 39.64670194176473, -114.8102241172438 42.714836545806726, -112.82461022263051 43.177277488967356))"
2W,2022-04-11 20:55:00+00:00,2022-04-11 22:55:00+00:00,0.0,26000.0,"POLYGON ((-120.35047741364627 39.30665460025506, -120.01524836063992 38.86162608192732, -120.86998963657446 38.21673254464762, -121.33691151783164 38.84050595371544, -120.35047741364627 39.30665460025506))"
NOVEMBER 5,2022-04-11 21:43:00+00:00,2022-04-12 01:40:00+00:00,0.0,48000.0,"POLYGON ((-177 11, -171.15 9, -171.45 3.45, -177.45 5.3, -177 11))"
06C,2022-04-11 21:55:00+00:00,2022-04-11 23:55:00+00:00,0.0,40000.0,"POLYGON ((-89.26325254141153 37.34771408685742, -86.36019289664434 37.08367819984334, -86.76932557987541 35.296086248612134, -89.60404591572284 35.14675390284798, -89.26325254141153 37.34771408685742))"
05C,2022-04-11 21:55:00+00:00,2022-04-11 23:55:00+00:00,0.0,45000.0,"POLYGON ((-92.18551926512717 36.10365722545654, -92.4578664434295 33.494962870291, -94.49501093707914 33.86219695738831, -94.69038844620995 36.057644937086124, -92.18551926512717 36.10365722545654))"
5W,2022-04-11 21:55:00+00:00,2022-04-11 23:55:00+00:00,0.0,30000.0,"POLYGON ((-112.00300946579908 43.33874960230497, -112.75077473348728 40.25921934592611, -115.18202188596912 39.91435009064035, -114.14125740169698 43.094294037582124, -112.00300946579908 43.33874960230497))"
04C,2022-04-11 21:55:00+00:00,2022-04-11 23:55:00+00:00,0.0,37000.0,"POLYGON ((-90.26804286968031 38.459109544199876, -89.88362809114045 37.00166093449606, -92.81832950687628 36.949987127099256, -93.16208205290702 37.30455637821429, -92.50189144328607 38.2753956002558, -90.26804286968031 38.459109544199876))"
07C,2022-04-11 21:55:00+00:00,2022-04-11 23:55:00+00:00,0.0,35000.0,"POLYGON ((-91.31856872170138 28.731886461250607, -91.48858212806076 27.946120194817112, -93.11 28.116006848107485, -93.11 28.983432484632846, -91.31856872170138 28.731886461250607))"
6W,2022-04-11 21:55:00+00:00,2022-04-11 23:55:00+00:00,0.0,27000.0,"POLYGON ((-124.44397386170091 43.91152130010781, -123.289138656686 43.14720994401838, -125.04619309225369 41.280503609583015, -125.87772571883222 41.88513420786028, -124.44397386170091 43.91152130010781))"
4W,2022-04-11 21:55:00+00:00,2022-04-11 23:55:00+00:00,0.0,24000.0,"POLYGON ((-120.18705953035287 39.11989801683703, -119.65999999999998 38.66257436347464, -120.67854008042585 38.163931316101475, -121.03724689833406 38.604858674891595, -120.18705953035287 39.11989801683703))"
08C,2022-04-11 22:55:00+00:00,2022-04-12 00:55:00+00:00,0.0,36000.0,"POLYGON ((-88.93527199690422 38.30616917082372, -88.29107470635843 36.83910745709351, -92.5957155273074 36.76952000007354, -92.54403326870765 38.194731183142245, -88.93527199690422 38.30616917082372))"
12C,2022-04-11 22:55:00+00:00,2022-04-12 00:55:00+00:00,0.0,45000.0,"POLYGON ((-95.02178465790487 35.13300231982025, -94.92719039127356 34.1411722960863, -97.09315329349609 34.056271153794164, -96.93776465436333 34.67089612929937, -95.02178465790487 35.13300231982025))"
8W,2022-04-11 22:55:00+00:00,2022-04-12 00:55:00+00:00,0.0,24000.0,"POLYGON ((-123.87798556686519 43.18179901157802, -122.91 42.48, -124.88802710228249 40.66813219039419, -125.80891975938862 41.83575847462071, -123.87798556686519 43.18179901157802))"
11C,2022-04-11 22:55:00+00:00,2022-04-12 00:55:00+00:00,0.0,32000.0,"POLYGON ((-92.54108417033676 28.936678513136577, -91.0149150948972 28.84494180088204, -91.25939707389566 28.15274011438881, -92.23072802515681 28.267145940503376, -92.54108417033676 28.936678513136577))"
10C,2022-04-11 22:55:00+00:00,2022-04-12 00:55:00+00:00,0.0,34000.0,"POLYGON ((-87.34425319716841 36.926572764582154, -87.49 35.43285469710448, -89.52417293010133 35.619128255800746, -89.04451425747415 36.55395032724735, -87.34425319716841 36.926572764582154))"
09C,2022-04-11 22:55:00+00:00,2022-04-12 00:55:00+00:00,0.0,43000.0,"POLYGON ((-91.44703055488935 36.27494909177566, -90.79270900075385 34.74066369738246, -94.27 34.81171624231642, -94.24659713959876 36.147706181653014, -91.44703055488935 36.27494909177566))"
7W,2022-04-11 22:55:00+00:00,2022-04-12 00:55:00+00:00,0.0,25000.0,"POLYGON ((-112.91554638304541 43.576681560025555, -111.32899787171196 43.608436262466164, -111.80357187620307 40.79454064033601, -113.76 40.73, -112.91554638304541 43.576681560025555))"
13C,2022-04-11 23:55:00+00:00,2022-04-12 01:55:00+00:00,0.0,36000.0,"POLYGON ((-88.05924998727193 38.164902884468745, -87.76 36.765417309845255, -91.26772359628241 36.72440131848143, -91.49102152831092 37.66328709864097, -88.05924998727193 38.164902884468745))"
17C,2022-04-11 23:55:00+00:00,2022-04-12 01:55:00+00:00,0.0,45000.0,"POLYGON ((-94.8342856151217 35.19768709441012, -94.78029961419979 34.09617979979481, -96.79883718980902 34.08210751330618, -96.85977915287548 34.82442983641846, -94.8342856151217 35.19768709441012))"
14C,2022-04-11 23:55:00+00:00,2022-04-12 01:55:00+00:00,0.0,44000.0,"POLYGON ((-89.16194953571646 36.32730621299748, -89.22692430438377 35.272342997925655, -94.27 34.55815522131803, -93.82912378816934 36.014366277059125, -89.16194953571646 36.32730621299748))"
15C,2022-04-11 23:55:00+00:00,2022-04-12 01:55:00+00:00,0.0,34000.0,"POLYGON ((-86.58693995433238 36.81226882937747, -86.68 35.64089313279083, -88.18530744532066 35.63264639609369, -88.01984939778161 36.578220932134634, -86.58693995433238 36.81226882937747))"
16C,2022-04-11 23:55:00+00:00,2022-04-12 01:55:00+00:00,0.0,30000.0,"POLYGON ((-91.84955358391116 28.531968360228927, -90.7698769915354 28.590130739400426, -91.30037076406397 28.11588683181027, -92.54327803231799 28.266506879194484, -91.84955358391116 28.531968360228927))"
9W,2022-04-11 23:55:00+00:00,2022-04-12 01:55:00+00:00,0.0,25000.0,"POLYGON ((-111.19255138879558 42.24293879242591, -111.27606020311744 40.62655689005667, -113.05732120161709 40.50656593055943, -112.58777181523612 42.09769040390838, -111.19255138879558 42.24293879242591))"
1C,2022-04-12 00:55:00+00:00,2022-04-12 02:55:00+00:00,0.0,42000.0,"POLYGON ((-87.4607500127281 38.164902884468745, -88.08589289352585 36.0136781257621, -89.98 35.51910686720918, -90.82074681221022 37.19796031819995, -87.4607500127281 38.164902884468745))"
2C,2022-04-12 00:55:00+00:00,2022-04-12 02:55:00+00:00,0.0,44000.0,"POLYGON ((-93.54961155379007 36.057644937086124, -91.24036133730671 35.874368077995655, -90.72839956421892 34.76303402602263, -93.68476638691838 34.277929553358355, -93.54961155379007 36.057644937086124))"
3C,2022-04-12 00:55:00+00:00,2022-04-12 02:55:00+00:00,0.0,31000.0,"POLYGON ((-91.32697679203754 28.728742840558308, -90.31778825826322 28.718709245337873, -90.60520459073649 28.10311866850767, -91.56385489636386 27.87800241321844, -91.32697679203754 28.728742840558308))"
4C,2022-04-12 00:55:00+00:00,2022-04-12 02:55:00+00:00,0.0,45000.0,"POLYGON ((-94.41409371323955 35.272273795047624, -94.45523361308162 34.277929553358355, -96.42879864896054 33.953102457971305, -96.18545390996505 34.84932725030065, -94.41409371323955 35.272273795047624))"
6C,2022-04-12 01:55:00+00:00,2022-04-12 03:55:00+00:00,0.0,45000.0,"POLYGON ((-90.793000372768 35.802487692064524, -90.9147676044338 34.6980786917871, -93.11095916581856 34.35812375537841, -93.39605917928401 35.65960986332039, -90.793000372768 35.802487692064524))"
7C,2022-04-12 01:55:00+00:00,2022-04-12 03:55:00+00:00,0.0,45000.0,"POLYGON ((-94.10627359738574 35.33456462568774, -94.07000000000001 34.23285469710447, -96.5256563788426 33.987014576918014, -96.02975774463509 35.05419910917019, -94.10627359738574 35.33456462568774))"
5C,2022-04-12 01:55:00+00:00,2022-04-12 03:55:00+00:00,0.0,41000.0,"POLYGON ((-87.0806183193363 38.14934934120276, -86.85901764667939 36.13986680140511, -90.29055390065137 35.886891637570486, -90.57637190885957 37.00166093449606, -87.0806183193363 38.14934934120276))"
8C,2022-04-12 02:55:00+00:00,2022-04-12 04:55:00+00:00,0.0,40000.0,"POLYGON ((-86.42563198697198 38.09696981188454, -86.38952863188466 35.90436769261744, -91.89741702910396 35.78793167730311, -91.3479472659147 36.877868866166466, -86.42563198697198 38.09696981188454))"
10C,2022-04-12 02:55:00+00:00,2022-04-12 04:55:00+00:00,0.0,45000.0,"POLYGON ((-94.8342856151217 35.19768709441012, -94.78029961419979 34.09617979979481, -96.36531305069676 34.20737266021801, -96.3431923544608 35.03970284743189, -94.8342856151217 35.19768709441012))"
9C,2022-04-12 02:55:00+00:00,2022-04-12 04:55:00+00:00,0.0,45000.0,"POLYGON ((-89.64981346956684 35.90889845776839, -89.98 34.586287181737326, -92.70740645565209 34.678864203471605, -93.13048604738496 35.91396942427397, -89.64981346956684 35.90889845776839))"
11C,2022-04-12 03:55:00+00:00,2022-04-12 05:55:00+00:00,0.0,42000.0,"POLYGON ((-85.19003934126728 37.97202182445672, -85.15 35.95821373441836, -91.18504381987486 35.64865534626332, -90.95 36.94184477868197, -85.19003934126728 37.97202182445672))"
12C,2022-04-12 03:55:00+00:00,2022-04-12 05:55:00+00:00,0.0,45000.0,"POLYGON ((-89.32 35.68726208852722, -89.74807843569131 34.558664395551276, -92.32285262399317 34.56227602094432, -92.64979561008604 35.601331230795736, -89.32 35.68726208852722))"
13C,2022-04-12 03:55:00+00:00,2022-04-12 05:55:00+00:00,0.0,45000.0,"POLYGON ((-94.76906121898669 34.98006373027597, -94.68667871254092 34.019610033334494, -96.04793102301504 34.31544111773251, -95.94286575474865 34.905216376494735, -94.76906121898669 34.98006373027597))"
1E,2022-04-12 04:04:00+00:00,2022-04-12 05:55:00+00:00,0.0,36000.0,"POLYGON ((-83.91730591272588 38.4040114333759, -84.7823425244259 35.896699340569896, -85.42180424656287 35.49396241541209, -86.42748805586679 35.935280543978266, -86.31484045020265 38.097711818785335, -83.91730591272588 38.4040114333759))"
2E,2022-04-12 04:55:00+00:00,2022-04-12 06:55:00+00:00,0.0,35000.0,"POLYGON ((-86.91632679447427 37.92698828417791, -83.21752607443453 37.73251502509626, -84.71750702860295 35.312156366970754, -86.9151321517021 35.67865509373724, -86.91632679447427 37.92698828417791))"
14C,2022-04-12 04:55:00+00:00,2022-04-12 06:55:00+00:00,0.0,42000.0,"POLYGON ((-86.91632679447427 37.92698828417791, -86.9151321517021 35.67865509373724, -93.08854246998952 36.24557256233406, -91.8316342939706 36.81262527272227, -86.91632679447427 37.92698828417791))"
16C,2022-04-12 04:55:00+00:00,2022-04-12 06:55:00+00:00,0.0,45000.0,"POLYGON ((-94.76906121898669 34.98006373027597, -94.68667871254092 34.019610033334494, -96.04793102301504 34.31544111773251, -95.94286575474865 34.905216376494735, -94.76906121898669 34.98006373027597))"
15C,2022-04-12 04:55:00+00:00,2022-04-12 06:55:00+00:00,0.0,45000.0,"POLYGON ((-93.13048604738496 35.91396942427397, -90.81350136538656 35.84279022502333, -88.69210617411704 35.507224270868186, -89.23660126418366 34.404365625916775, -92.42923999045814 34.8842007209623, -93.13048604738496 35.91396942427397))"
3E,2022-04-12 05:55:00+00:00,2022-04-12 07:55:00+00:00,0.0,35000.0,"POLYGON ((-83.07389097721506 37.92184827117966, -84.39748126523008 35.212348176683584, -86.8370589645005 35.83248757939485, -86.91632679447427 37.92698828417791, -83.07389097721506 37.92184827117966))"
18C,2022-04-12 05:55:00+00:00,2022-04-12 07:55:00+00:00,0.0,45000.0,"POLYGON ((-92.39141112664508 36.10136698379441, -90.57010637933418 35.98206671673675, -88.21067442012458 35.296086248612134, -89.1254674100661 34.31115342722445, -91.97768929611112 34.67983287365655, -92.39141112664508 36.10136698379441))"
17C,2022-04-12 05:55:00+00:00,2022-04-12 07:55:00+00:00,0.0,45000.0,"POLYGON ((-87.02686175935422 37.92772576787969, -86.81655030016908 35.87279013985722, -93.22367795133604 36.24665670452259, -90.87133503737377 37.157123086039334, -87.02686175935422 37.92772576787969))"
19C,2022-04-12 05:55:00+00:00,2022-04-12 07:55:00+00:00,0.0,30000.0,"POLYGON ((-105.36360071611094 41.45010062255745, -107.56511100506914 38.85773968614235, -108.50281825370352 39.593913713040656, -106.49019993304415 41.33743267459132, -105.36360071611094 41.45010062255745))"
4E,2022-04-12 06:55:00+00:00,2022-04-12 08:55:00+00:00,0.0,40000.0,"POLYGON ((-87.17691497398418 37.73755984861174, -82.13 36.93910686720918, -83.31251546504532 35.42805227141489, -85.71132999506742 34.76770783890459, -87.06003814944458 36.01206605705635, -87.17691497398418 37.73755984861174))"
20C,2022-04-12 07:18:00+00:00,2022-04-12 08:55:00+00:00,0.0,40000.0,"POLYGON ((-87.17691497398418 37.73755984861174, -87.06003814944458 36.01206605705635, -92.08597290199695 35.722628727619885, -92.17564338928928 36.97237909931712, -87.17691497398418 37.73755984861174))"
23C,2022-04-12 07:18:00+00:00,2022-04-12 08:55:00+00:00,0.0,30000.0,"POLYGON ((-93.00694185673542 37.974381778266675, -92.16383383771806 37.73628815142214, -92.75134151621953 37.167589140200334, -93.7174132946512 37.48670200760065, -93.00694185673542 37.974381778266675))"
22C,2022-04-12 07:18:00+00:00,2022-04-12 08:55:00+00:00,0.0,32000.0,"POLYGON ((-106.6434473962555 40.51814206055092, -105.58840790375818 40.51216433427709, -108.19454790614935 39.24948800706328, -108.45913460527375 39.67435410625065, -106.6434473962555 40.51814206055092))"
21C,2022-04-12 07:18:00+00:00,2022-04-12 08:55:00+00:00,0.0,45000.0,"POLYGON ((-89.18365590366166 35.75279048013569, -87.49 35.143712818262685, -89.23660126418366 34.404365625916775, -91.69175937965615 34.84500193995287, -91.57859908113988 35.59721886055166, -89.18365590366166 35.75279048013569))"
5E,2022-04-12 07:55:00+00:00,2022-04-12 09:55:00+00:00,0.0,40000.0,"POLYGON ((-87.17691497398418 37.73755984861174, -81.89115552493195 36.90087729441932, -82.94507323538716 35.57796031067735, -84.77548831786427 34.83209163508337, -87.06127371239837 36.26672945249153, -87.17691497398418 37.73755984861174))"
26C,2022-04-12 07:55:00+00:00,2022-04-12 09:55:00+00:00,0.0,32000.0,"POLYGON ((-106.48815121427128 40.77183163715063, -105.66508120048852 40.12400794194537, -110.0629689348068 38.41827580394368, -109.79984871829194 39.52470951414627, -106.48815121427128 40.77183163715063))"
25C,2022-04-12 07:55:00+00:00,2022-04-12 09:55:00+00:00,0.0,40000.0,"POLYGON ((-89.47682214186807 35.712488029563765, -87.25634542627029 35.17089199700512, -88.05919792409836 34.23811184318737, -90.54173865027033 34.82770495736234, -91.18504381987486 35.64865534626332, -89.47682214186807 35.712488029563765))"
27C,2022-04-12 07:55:00+00:00,2022-04-12 09:55:00+00:00,0.0,32000.0,"POLYGON ((-93.33 38.191844778681954, -91.49102152831092 37.66328709864097, -91.86493596591734 37.35096498799105, -94.10613633572451 37.61213474549222, -93.33 38.191844778681954))"
24C,2022-04-12 07:55:00+00:00,2022-04-12 09:55:00+00:00,0.0,42000.0,"POLYGON ((-87.25313879226407 37.76293716980787, -87.011248147619 36.25019399542973, -91.20241618360285 35.90528083521382, -90.73509092986318 37.50294730781047, -87.25313879226407 37.76293716980787))"
GOLF 1,2022-04-12 08:45:00+00:00,2022-04-12 12:45:00+00:00,0.0,53000.0,"POLYGON ((-128 14, -120.45 12, -130.3 3.45, -134.45 3.3, -135.3 6.45, -128 14))"
6E,2022-04-12 08:55:00+00:00,2022-04-12 10:55:00+00:00,0.0,35000.0,"POLYGON ((-86.02632305749961 37.74623219634285, -83.12856314608328 36.152266145683434, -83.3 35.03273791147279, -85.75899189769076 34.95848012104866, -86.63212182885454 36.8661785981093, -86.02632305749961 37.74623219634285))"
30C,2022-04-12 08:55:00+00:00,2022-04-12 10:55:00+00:00,0.0,39000.0,"POLYGON ((-93.64239263742269 38.26695125345406, -91.89596673129236 38.194731183142245, -91.28087063364445 37.66533816250235, -93.0330569896605 37.59491059880739, -93.64239263742269 38.26695125345406))"
28C,2022-04-12 08:55:00+00:00,2022-04-12 10:55:00+00:00,0.0,45000.0,"POLYGON ((-90.39020481435044 37.362481716628714, -87.03232871443458 37.399095692685854, -87.50401895063457 36.137177784925875, -87.95997185477532 35.631330221950975, -91.38489402586352 35.756291015815584, -90.39020481435044 37.362481716628714))"
29C,2022-04-12 08:55:00+00:00,2022-04-12 10:55:00+00:00,0.0,43000.0,"POLYGON ((-89.00756164173386 35.4047741872693, -87.25634542627029 35.17089199700512, -87.11661841856981 34.58209695959877, -88.51 34.32184477868197, -89.60521501174637 34.892090352392735, -89.00756164173386 35.4047741872693))"
7E,2022-04-12 09:55:00+00:00,2022-04-12 11:55:00+00:00,0.0,30000.0,"POLYGON ((-85.13367694250037 37.74623219634285, -82.65354641805096 35.61606083465945, -83.3 35.03273791147279, -85.52567732039249 35.086755193544505, -86.14475472681085 37.16491634055651, -85.13367694250037 37.74623219634285))"
32C,2022-04-12 09:55:00+00:00,2022-04-12 11:55:00+00:00,0.0,30000.0,"POLYGON ((-88.45503416342676 35.311040857363004, -86.36295323836718 35.08681842954281, -87.06249919976571 34.35633065528978, -87.91750080023428 34.35633065528978, -88.70424700802923 34.70397707784831, -88.45503416342676 35.311040857363004))"
31C,2022-04-12 09:55:00+00:00,2022-04-12 11:55:00+00:00,0.0,45000.0,"POLYGON ((-89.9336951695636 37.43434763840233, -86.44 37.429106867209185, -86.68 36.47273791147279, -87.88089904251443 35.47790203253922, -91.361859462487 36.10929520613403, -89.9336951695636 37.43434763840233))"
33C,2022-04-12 09:55:00+00:00,2022-04-12 11:55:00+00:00,0.0,25000.0,"POLYGON ((-93.00618568755917 38.55269463572637, -90.80425602170722 38.24473038299266, -90.65036303972171 37.669254075316225, -92.7342362570836 37.82907258150776, -93.00618568755917 38.55269463572637))"
8E,2022-04-12 10:55:00+00:00,2022-04-12 12:55:00+00:00,0.0,30000.0,"POLYGON ((-85.39941605801957 36.925461404494385, -82.70459351014476 36.62962449003041, -82.65354641805096 35.61606083465945, -83.06637415550192 35.160892080146894, -84.91562256686002 35.42088991178049, -85.39941605801957 36.925461404494385))"
35C,2022-04-12 10:55:00+00:00,2022-04-12 12:55:00+00:00,0.0,38000.0,"POLYGON ((-91.26673311134608 38.60268992551462, -90.23628930976234 38.398631362713516, -89.8409666819025 37.79669489146906, -92.16383383771806 37.73628815142214, -91.26673311134608 38.60268992551462))"
34C,2022-04-12 10:55:00+00:00,2022-04-12 12:55:00+00:00,0.0,45000.0,"POLYGON ((-89.55704954541109 37.44678621024536, -85.93764180060788 37.09491790879701, -86.81655030016908 35.87279013985722, -87.84173356328033 34.70949463319419, -90.8125697063881 36.37705389045551, -89.55704954541109 37.44678621024536))"
9E,2022-04-12 11:55:00+00:00,2022-04-12 13:55:00+00:00,0.0,28000.0,"POLYGON ((-85.39941605801957 36.925461404494385, -82.70459351014476 36.62962449003041, -82.65354641805096 35.61606083465945, -83.06637415550192 35.160892080146894, -84.91562256686002 35.42088991178049, -85.39941605801957 36.925461404494385))"
38C,2022-04-12 11:55:00+00:00,2022-04-12 13:55:00+00:00,0.0,38000.0,"POLYGON ((-97.22295008799442 28.360944475598025, -95.80675184763398 27.683134932112573, -96.64010132378722 25.918121787845177, -98.75308648715274 26.42285356834863, -99.42 26.980893132790825, -97.22295008799442 28.360944475598025))"
37C,2022-04-12 11:55:00+00:00,2022-04-12 13:55:00+00:00,0.0,25000.0,"POLYGON ((-91.26673311134608 38.60268992551462, -90.23628930976234 38.398631362713516, -89.8409666819025 37.79669489146906, -92.16383383771806 37.73628815142214, -91.26673311134608 38.60268992551462))"
39C,2022-04-12 11:55:00+00:00,2022-04-12 13:55:00+00:00,0.0,34000.0,"POLYGON ((-91.4326746576437 30.15980778138437, -89.22691554645866 28.542597191527886, -89.34517182139689 28.381304124603947, -91.55093093258193 29.99851471446043, -91.4326746576437 30.15980778138437))"
36C,2022-04-12 11:55:00+00:00,2022-04-12 13:55:00+00:00,0.0,45000.0,"POLYGON ((-89.55704954541109 37.44678621024536, -85.93764180060788 37.09491790879701, -86.81655030016908 35.87279013985722, -87.84173356328033 34.70949463319419, -90.8125697063881 36.37705389045551, -89.55704954541109 37.44678621024536))"
GOLF 2,2022-04-12 12:35:00+00:00,2022-04-12 16:35:00+00:00,0.0,53000.0,"POLYGON ((-127.45 15, -120.3 12.15, -132 3.45, -134.45 3.3, -136.15 7.3, -127.45 15))"
41C,2022-04-12 12:55:00+00:00,2022-04-12 14:55:00+00:00,0.0,38000.0,"POLYGON ((-96.66023942028421 28.63221525758191, -95.80675184763398 27.683134932112573, -96.95189065420197 26.841598529642358, -98.16954681085284 26.623699920561336, -98.85742197158056 27.478869329814497, -96.66023942028421 28.63221525758191))"
42C,2022-04-12 12:55:00+00:00,2022-04-12 14:55:00+00:00,0.0,34000.0,"POLYGON ((-90 30.182737911472785, -89.39406559613732 29.432815042019243, -89.56349146831214 28.708368653238324, -90.95906305529513 29.846534814906935, -90 30.182737911472785))"
1W,2022-04-12 12:55:00+00:00,2022-04-12 14:55:00+00:00,0.0,25000.0,"POLYGON ((-108.03873080470272 38.46937718837208, -107.28234249467754 37.988635050861966, -108.24953716575558 37.0473034479463, -109.22686098882562 37.574345762789335, -108.03873080470272 38.46937718837208))"
10E,2022-04-12 12:55:00+00:00,2022-04-12 14:55:00+00:00,0.0,42000.0,"POLYGON ((-84.61082918974223 36.86297196548393, -83.7273851643961 36.722703502595714, -82.79221661937251 36.216869688767304, -83.38779118252783 35.49004426213087, -84.87819575343714 35.49396241541209, -84.61082918974223 36.86297196548393))"
40C,2022-04-12 12:55:00+00:00,2022-04-12 14:55:00+00:00,0.0,45000.0,"POLYGON ((-84.49571722508865 37.33605812315241, -85.15 35.39371281826269, -87.24066895662065 34.91420043701393, -87.50986678917866 36.41376592980676, -86.23126785653027 37.33051618193946, -84.49571722508865 37.33605812315241))"
43C,2022-04-12 12:55:00+00:00,2022-04-12 14:55:00+00:00,0.0,36000.0,"POLYGON ((-97.02926813922292 31.864228306484492, -96.48774017763321 31.380988855197657, -97.27206030160096 30.914011269540946, -97.62911907587485 31.352815720410444, -97.02926813922292 31.864228306484492))"
46C,2022-04-12 13:55:00+00:00,2022-04-12 15:55:00+00:00,0.0,35000.0,"POLYGON ((-88.86000000000001 38.57541730984525, -88.36043152924202 38.399041526900064, -89.25492411692368 37.984327291508095, -89.4974700379245 38.53754194405977, -88.86000000000001 38.57541730984525))"
45C,2022-04-12 13:55:00+00:00,2022-04-12 15:55:00+00:00,0.0,36000.0,"POLYGON ((-97.81649898515475 27.899488443853752, -96.64646929264269 27.191886878900338, -96.64010132378722 25.918121787845177, -98.85975021040778 25.91248758424627, -98.90114283335922 27.28803870704374, -97.81649898515475 27.899488443853752))"
11E,2022-04-12 13:55:00+00:00,2022-04-12 15:55:00+00:00,0.0,32000.0,"POLYGON ((-83.27650571929635 36.75045636747314, -82.79221661937251 36.216869688767304, -83.0684442524197 35.62057421138418, -84.26713985126447 35.592728336080675, -84.38527737902473 36.495416634477344, -83.27650571929635 36.75045636747314))"
12E,2022-04-12 13:55:00+00:00,2022-04-12 15:55:00+00:00,0.0,45000.0,"POLYGON ((-86.23126785653027 37.33051618193946, -84.44510513360663 37.14017894909922, -84.94648308244678 35.36052892561702, -86.99009592218168 35.117889110988436, -87.34342796559739 36.3594722009928, -86.23126785653027 37.33051618193946))"
44C,2022-04-12 13:55:00+00:00,2022-04-12 15:55:00+00:00,0.0,40000.0,"POLYGON ((-90 30.13914187884178, -89.23214954976287 29.571154413946605, -89.76883099636547 29.179592590676943, -90.82750117188657 30.070239857519752, -90 30.13914187884178))"
2W,2022-04-12 13:55:00+00:00,2022-04-12 15:55:00+00:00,0.0,24000.0,"POLYGON ((-108.1980547070843 37.80773557551362, -107.38999486616244 37.78164653295627, -108.09 37.02914187884179, -108.79044942424339 37.54278529362973, -108.1980547070843 37.80773557551362))"
14E,2022-04-12 14:55:00+00:00,2022-04-12 16:55:00+00:00,0.0,45000.0,"POLYGON ((-85.15195212232553 37.02544489105832, -83.89 36.565475822945565, -84.58604737773544 35.14969752618969, -86.91428885410875 35.179210967045584, -88.1742547581263 36.396560812866305, -85.15195212232553 37.02544489105832))"
49C,2022-04-12 14:55:00+00:00,2022-04-12 16:55:00+00:00,0.0,37000.0,"POLYGON ((-95.73540571771392 32.41616501731253, -95.41168226960346 31.74635559768264, -95.72031558994289 30.728006638343636, -96.97276296943855 31.044835798268878, -97.4200945212602 31.967321951099766, -95.73540571771392 32.41616501731253))"
48C,2022-04-12 14:55:00+00:00,2022-04-12 16:55:00+00:00,0.0,39000.0,"POLYGON ((-97.44 27.567262088527215, -96.2275652615983 27.44903282648202, -96.00691351284726 26.42285356834863, -97.1178792873461 26.155045319698992, -98.03728810715624 26.50671793071436, -97.44 27.567262088527215))"
13E,2022-04-12 14:55:00+00:00,2022-04-12 16:55:00+00:00,0.0,23000.0,"POLYGON ((-82.62914867724439 36.604936622346976, -82.13 36.15085812115821, -82.2020414668479 35.56396162707275, -83.51286014873551 35.592728336080675, -83.75293884247482 36.16705449293148, -82.62914867724439 36.604936622346976))"
47C,2022-04-12 14:55:00+00:00,2022-04-12 16:55:00+00:00,0.0,35000.0,"POLYGON ((-90.19213655824109 30.250559319055892, -89.6916653507062 29.96029164658321, -90.30765198957141 29.738993627144485, -90.94525663910599 30.172838614711708, -90.19213655824109 30.250559319055892))"
15E,2022-04-12 15:55:00+00:00,2022-04-12 17:55:00+00:00,0.0,42000.0,"POLYGON ((-84.87755619122086 36.77285820568842, -82.51149527621868 36.31205943246992, -82.36286790445669 35.38215437099598, -86.09137542501622 35.274706015909025, -87.26620527918679 36.60913747060022, -84.87755619122086 36.77285820568842))"
54C,2022-04-12 15:55:00+00:00,2022-04-12 17:55:00+00:00,0.0,36000.0,"POLYGON ((-93.81 32.10452417705443, -93.58322135981176 31.63745953157148, -94.36027863107654 31.28683335086115, -94.86928718457517 31.46732365748213, -94.52488065368709 31.958685063739296, -93.81 32.10452417705443))"
53C,2022-04-12 15:55:00+00:00,2022-04-12 17:55:00+00:00,0.0,42000.0,"POLYGON ((-97.59019083274751 33.05979627395309, -97.27 32.32547582294557, -97.81285059182453 31.849851312657627, -98.77140752299898 32.0933119476073, -98.57824988205884 32.91917757755634, -97.59019083274751 33.05979627395309))"
50C,2022-04-12 15:55:00+00:00,2022-04-12 17:55:00+00:00,0.0,31000.0,"POLYGON ((-90.3083346492938 29.96029164658321, -89.74768592386951 29.486220092345675, -90.43116900363452 29.179592590676943, -90.86696548452026 29.454438972716847, -90.3083346492938 29.96029164658321))"
52C,2022-04-12 15:55:00+00:00,2022-04-12 17:55:00+00:00,0.0,42000.0,"POLYGON ((-98.90151587529454 28.704306192103143, -97.78800516698585 28.20624399317223, -98.60522636514618 27.477628378361047, -99.35771444407773 27.346420012633764, -99.60776883111835 27.880572338197318, -98.90151587529454 28.704306192103143))"
51C,2022-04-12 15:55:00+00:00,2022-04-12 17:55:00+00:00,0.0,35000.0,"POLYGON ((-95.96118631169823 28.45287102585781, -95.74839876496817 27.556745661338606, -96.80920992915023 26.430015754052395, -97.38 26.78742563652537, -97.2082170228728 28.104260237690365, -95.96118631169823 28.45287102585781))"
55C,2022-04-12 15:55:00+00:00,2022-04-12 17:55:00+00:00,0.0,34000.0,"POLYGON ((-95.85258825925479 44.97887071948992, -95.41550387911091 44.265189399179405, -96.4101339968844 43.76005425664115, -97.16661880992378 44.31718382481962, -95.85258825925479 44.97887071948992))"
GOLF 3,2022-04-12 16:20:00+00:00,2022-04-12 20:20:00+00:00,0.0,50000.0,"POLYGON ((-124.45 14.45, -120.3 11.15, -132 3.45, -135.15 3.45, -137 6.45, -134 10.45, -124.45 14.45))"
61C,2022-04-12 16:55:00+00:00,2022-04-12 18:55:00+00:00,0.0,33000.0,"POLYGON ((-95.67393428075451 45.39095205128576, -94.7693220164375 45.08425592101803, -94.29 43.10910686720918, -95.128783973669 42.861614920392995, -96.64917447952163 44.905647688094234, -95.67393428075451 45.39095205128576))"
57C,2022-04-12 16:55:00+00:00,2022-04-12 18:55:00+00:00,0.0,36000.0,"POLYGON ((-95.36112187108597 28.756685882953278, -95.08790042247497 28.308838757771724, -96.32512154323537 26.857295350419385, -97.08231884220393 27.1310146120481, -96.84437759448608 28.288386992922547, -95.36112187108597 28.756685882953278))"
58C,2022-04-12 16:55:00+00:00,2022-04-12 18:55:00+00:00,0.0,39000.0,"POLYGON ((-98.16876115196087 29.02486242619867, -97.06910828640608 28.757878939558193, -97.44 28.232737911472782, -98.1929908513793 27.897953807176233, -98.91264268877808 28.555012644965775, -98.16876115196087 29.02486242619867))"
56C,2022-04-12 16:55:00+00:00,2022-04-12 18:55:00+00:00,0.0,33000.0,"POLYGON ((-91.64539032837386 32.519384013702165, -90.49421537231797 32.42938614609215, -89.71924940815902 31.48986740793502, -91.57235216933564 30.24443578019813, -92.39722771572859 30.392741474644307, -91.64539032837386 32.519384013702165))"
16E,2022-04-12 16:55:00+00:00,2022-04-12 18:55:00+00:00,0.0,42000.0,"POLYGON ((-84.61082918974223 36.86297196548393, -83.22860570397046 36.119488240244166, -83.3 35.27828375768358, -84.89990491508843 35.16419806266693, -87.06124613905929 36.44607805603683, -84.61082918974223 36.86297196548393))"
60C,2022-04-12 16:55:00+00:00,2022-04-12 18:55:00+00:00,0.0,36000.0,"POLYGON ((-98.09918265939486 33.58011595553255, -97.52911164414667 33.27795762192466, -97.19912466100116 32.92522419044186, -97.52462114208697 32.460156528309916, -97.99057901676797 32.53445336186845, -98.09918265939486 33.58011595553255))"
59C,2022-04-12 16:55:00+00:00,2022-04-12 18:55:00+00:00,0.0,32000.0,"POLYGON ((-92.93758580746363 32.8591452077371, -92.28302653340697 32.724220643578406, -92.04 32.08628718173732, -94.36044676803982 31.46618189833333, -94.75 32.2754290605791, -92.93758580746363 32.8591452077371))"
62C,2022-04-12 17:55:00+00:00,2022-04-12 19:55:00+00:00,0.0,35000.0,"POLYGON ((-90.7047623726353 33.812198332186156, -89.55252948496737 32.6198164596576, -90.72086463045288 30.478720528482903, -92.2039996045506 30.644841158400308, -92.89174521260595 32.952498029286694, -90.7047623726353 33.812198332186156))"
63C,2022-04-12 17:55:00+00:00,2022-04-12 19:55:00+00:00,0.0,38000.0,"POLYGON ((-98.05536064479922 29.28646405932242, -95.7830367784161 28.949977610162957, -93.61983769755517 29.063081009224742, -93.90639357049436 28.446843926913996, -96.32512154323537 26.857295350419385, -98.05536064479922 29.28646405932242))"
66C,2022-04-12 17:55:00+00:00,2022-04-12 19:55:00+00:00,0.0,42000.0,"POLYGON ((-93.74105057436569 45.22183091325544, -91.73719422241652 44.37080489153317, -92.49161448768545 42.832265369960744, -93.8379018095699 42.60911126199691, -95.39978662340067 44.9307987432688, -93.74105057436569 45.22183091325544))"
17E,2022-04-12 17:55:00+00:00,2022-04-12 19:55:00+00:00,0.0,40000.0,"POLYGON ((-85.5357468028316 36.926572764582154, -82.79221661937251 36.216869688767304, -84.21931476111095 35.788900442876, -86.57793874653584 36.662787873560376, -85.5357468028316 36.926572764582154))"
65C,2022-04-12 17:55:00+00:00,2022-04-12 19:55:00+00:00,0.0,36000.0,"POLYGON ((-96.6779246588407 33.80010786279993, -96.2423934521241 33.14409540790052, -96.72234607818979 32.75894869641741, -97.38425458222001 32.86952856133956, -97.36975245604553 33.80913949721411, -96.6779246588407 33.80010786279993))"
64C,2022-04-12 17:55:00+00:00,2022-04-12 19:55:00+00:00,0.0,32000.0,"POLYGON ((-93.81 32.77, -93.32591554058803 32.36016010141205, -93.99853795727286 31.771352613296923, -96.42077653969588 31.65718826241764, -95.11454714839223 32.726156746147225, -93.81 32.77))"
69C,2022-04-12 18:55:00+00:00,2022-04-12 20:55:00+00:00,0.0,36000.0,"POLYGON ((-95.16972922585279 32.77222657106918, -94.59966727208861 32.11250094776691, -95.44040800762237 31.41266170720523, -96.29273930970562 31.656276482818313, -96.31009169360146 32.61321286290881, -95.16972922585279 32.77222657106918))"
71C,2022-04-12 18:55:00+00:00,2022-04-12 20:55:00+00:00,0.0,45000.0,"POLYGON ((-99.31222333815627 32.66981417587036, -98.59087818783965 32.0279606345741, -99.2706297577235 31.069408782565183, -100.06029823054763 31.369410947142324, -100.2767316770249 32.12639114916932, -99.31222333815627 32.66981417587036))"
67C,2022-04-12 18:55:00+00:00,2022-04-12 20:55:00+00:00,0.0,36000.0,"POLYGON ((-90.28 33.792737911472784, -90.89196177460435 30.12644293632149, -92.34049849980377 30.13775617624378, -91.74001902142996 31.90482411935296, -93.10709527092185 33.13212722709899, -90.28 33.792737911472784))"
72C,2022-04-12 18:55:00+00:00,2022-04-12 20:55:00+00:00,0.0,42000.0,"POLYGON ((-93.35409394630842 45.87743446378586, -91.212496071609 44.438571499359945, -91.90625454591772 43.14063904777, -93.33 43.09, -94.48481183863586 45.58056533328497, -93.35409394630842 45.87743446378586))"
68C,2022-04-12 18:55:00+00:00,2022-04-12 20:55:00+00:00,0.0,39000.0,"POLYGON ((-91.97843995183646 29.89004076223679, -91.15234888172321 28.793887402199687, -94.07093098050963 26.74170788992153, -96.69493740636479 26.173055034308472, -97.09130304724613 29.457037933844333, -91.97843995183646 29.89004076223679))"
18E,2022-04-12 18:55:00+00:00,2022-04-12 20:55:00+00:00,0.0,34000.0,"POLYGON ((-84.11 36.74085812115821, -82.13 36.15085812115821, -83.51286014873551 35.592728336080675, -85.77358535709826 36.7068367539493, -84.11 36.74085812115821))"
70C,2022-04-12 18:55:00+00:00,2022-04-12 20:55:00+00:00,0.0,42000.0,"POLYGON ((-96.10507481718824 34.73891756206059, -95.78000000000002 34.12714530289552, -96.55088835585335 33.27795762192466, -97.04 33.30371281826267, -97.17 34.21, -96.10507481718824 34.73891756206059))"
73C,2022-04-12 19:55:00+00:00,2022-04-12 21:55:00+00:00,0.0,41000.0,"POLYGON ((-89.42697066826867 34.1629287037221, -90.55612294698675 30.684840624391917, -91.6860921257889 30.47943134191858, -91.209401029377 31.81142359848943, -92.74 33.59273791147279, -89.42697066826867 34.1629287037221))"
78C,2022-04-12 19:55:00+00:00,2022-04-12 21:55:00+00:00,0.0,45000.0,"POLYGON ((-92.2 45.968155221318035, -89.96152844596723 45.27597621322526, -90.21908767459627 43.549081548126445, -92.41877655881413 43.086384922067914, -93.603230090773 45.484247939578786, -92.2 45.968155221318035))"
74C,2022-04-12 19:55:00+00:00,2022-04-12 21:55:00+00:00,0.0,45000.0,"POLYGON ((-90.72086463045288 30.478720528482903, -90.63650853168785 28.708368653238324, -95.14270978967909 26.73044586662015, -97.97478574416338 28.369529555461696, -96.74967323758068 29.681517143980216, -90.72086463045288 30.478720528482903))"
75C,2022-04-12 19:55:00+00:00,2022-04-12 21:55:00+00:00,0.0,31000.0,"POLYGON ((-100.06280859581634 29.61280135552095, -99.6247133900029 29.355108574801317, -100.47954528520262 28.74486603371117, -100.77 29.36, -100.06280859581634 29.61280135552095))"
77C,2022-04-12 19:55:00+00:00,2022-04-12 21:55:00+00:00,0.0,45000.0,"POLYGON ((-98.74690538997916 32.862380130870775, -97.8961816667922 31.437171228573096, -98.15070279915912 30.59983285309897, -99.6279638327521 30.199160574723766, -99.86 32.48, -98.74690538997916 32.862380130870775))"
76C,2022-04-12 19:55:00+00:00,2022-04-12 21:55:00+00:00,0.0,34000.0,"POLYGON ((-94.99275464901487 32.624221542134336, -94.75 32.130858121158205, -95.01062317049822 31.885466954374493, -95.38135630512983 32.197125467509544, -94.99275464901487 32.624221542134336))"
HOTEL 1,2022-04-12 20:10:00+00:00,2022-04-13 00:10:00+00:00,0.0,31000.0,"POLYGON ((-67 41.1, -62.5 40, -68.25 36.35, -70.1 38.15, -67 39, -67 41.1))"
80C,2022-04-12 20:55:00+00:00,2022-04-12 22:55:00+00:00,0.0,45000.0,"POLYGON ((-90.55612294698675 30.684840624391917, -90.63650853168785 28.708368653238324, -94.59037090046141 27.219809247872945, -97.04195578726753 27.54650673740423, -96.31 29.59184477868197, -90.55612294698675 30.684840624391917))"
79C,2022-04-12 20:55:00+00:00,2022-04-12 22:55:00+00:00,0.0,41000.0,"POLYGON ((-89.97255235250029 34.07444073110409, -90.26 31.3, -91.03881430639228 31.29765030211519, -91.61979800349016 32.87222388479775, -92.74 33.92547582294558, -89.97255235250029 34.07444073110409))"
82C,2022-04-12 20:55:00+00:00,2022-04-12 22:55:00+00:00,0.0,45000.0,"POLYGON ((-91.11657632850802 45.514247336409056, -89.46 44.96452417705444, -89.76 43.55, -91.64583942833227 43.60245499628868, -92.34411811391274 44.64206568747065, -91.11657632850802 45.514247336409056))"
81C,2022-04-12 20:55:00+00:00,2022-04-12 22:55:00+00:00,0.0,45000.0,"POLYGON ((-99.7085372105754 32.78731911191074, -98.4264864567035 32.86235262731738, -97.63165299778079 31.78682344377124, -98.06555231490383 30.56990798583969, -99.96746773013163 30.292507092080594, -99.7085372105754 32.78731911191074))"
ROMEO 1,2022-04-12 21:45:00+00:00,2022-04-13 01:40:00+00:00,0.0,47000.0,"POLYGON ((-165.45 33.45, -160.15 33.3, -168.15 21.3, -174.45 21.45, -165.45 33.45))"
86C,2022-04-12 21:55:00+00:00,2022-04-12 23:55:00+00:00,0.0,40000.0,"POLYGON ((-88.74628425372005 45.62777784416487, -88.90813276955738 43.801512627072945, -90.83200306287897 43.7172216407962, -91.11657632850802 45.514247336409056, -88.74628425372005 45.62777784416487))"
87C,2022-04-12 21:55:00+00:00,2022-04-12 23:55:00+00:00,0.0,44000.0,"POLYGON ((-97.58503731052336 43.05895483320172, -94.93423856791419 43.07876610810767, -95.3984731663008 41.784317799785896, -98.09362692280686 41.84083127931265, -97.58503731052336 43.05895483320172))"
84C,2022-04-12 21:55:00+00:00,2022-04-12 23:55:00+00:00,0.0,43000.0,"POLYGON ((-90.45470661080354 31.299853140618005, -90.37010077669287 29.415010185149914, -94.98287760533132 27.577120497528707, -96.57295406945944 27.57895533621855, -95.92608206591001 29.95874695152936, -90.45470661080354 31.299853140618005))"
83C,2022-04-12 21:55:00+00:00,2022-04-12 23:55:00+00:00,0.0,41000.0,"POLYGON ((-91.75265210026718 34.32633149005137, -89.98 34.18815522131805, -89.82197082311362 32.19441329504309, -91.0073077572899 32.10841313743647, -91.65919404740981 33.2879516723136, -91.75265210026718 34.32633149005137))"
88C,2022-04-12 21:55:00+00:00,2022-04-12 23:55:00+00:00,0.0,40000.0,"POLYGON ((-94.7124045690182 33.72964285861246, -94.07000000000001 33.220858121158216, -95.09252683524116 32.41953664309716, -95.92196365110662 33.252306211156856, -94.7124045690182 33.72964285861246))"
89C,2022-04-12 21:55:00+00:00,2022-04-12 23:55:00+00:00,0.0,40000.0,"POLYGON ((-92.72580780566248 32.518139442935905, -91.77909315163836 31.98546591870242, -92.65634194000658 31.315230290109554, -93.48345436985844 32.10174524401393, -92.72580780566248 32.518139442935905))"
85C,2022-04-12 21:55:00+00:00,2022-04-12 23:55:00+00:00,0.0,45000.0,"POLYGON ((-99.3730524581406 32.88797176922415, -97.19892621095056 32.81457460956459, -97.17338470206887 30.686197130710358, -98.6947586830863 29.435339105058752, -99.3730524581406 32.88797176922415))"
ALFA 1,2022-04-12 22:25:00+00:00,2022-04-13 02:25:00+00:00,0.0,52000.0,"POLYGON ((-122.1 14, -120 7.15, -125.55 3.5, -133.05 7.35, -131.5 11.55, -122.1 14))"
96C,2022-04-12 22:55:00+00:00,2022-04-13 00:55:00+00:00,0.0,43000.0,"POLYGON ((-92.00688185078528 33.00318107789744, -90.49421537231797 32.42938614609215, -91.66565222728326 31.75092049553061, -92.94820403836498 32.19840184218151, -92.00688185078528 33.00318107789744))"
91C,2022-04-12 22:55:00+00:00,2022-04-13 00:55:00+00:00,0.0,44000.0,"POLYGON ((-89.87485613545012 31.968684986542883, -89.85273483011741 30.157328043602277, -94.46009629620164 27.100462841341734, -95.7356768585964 27.529148803528233, -94.49787415974258 30.698694659328147, -89.87485613545012 31.968684986542883))"
92C,2022-04-12 22:55:00+00:00,2022-04-13 00:55:00+00:00,0.0,45000.0,"POLYGON ((-96.4898091672525 33.05979627395309, -96.44697070473799 30.951513136209684, -98.32480645786885 29.522290826987508, -98.22843508842287 32.864381406522625, -96.4898091672525 33.05979627395309))"
93C,2022-04-12 22:55:00+00:00,2022-04-13 00:55:00+00:00,0.0,44000.0,"POLYGON ((-88.0759060536916 45.87743446378586, -88.19 43.894524177054436, -89.4341003251345 43.78481953910527, -89.46 45.7963689557364, -88.0759060536916 45.87743446378586))"
94C,2022-04-12 22:55:00+00:00,2022-04-13 00:55:00+00:00,0.0,45000.0,"POLYGON ((-98.37 44.42178626558165, -93.33 43.42273791147279, -94.9200778514282 41.421765739609825, -98.51821760379359 42.16246162052927, -98.37 44.42178626558165))"
90C,2022-04-12 22:55:00+00:00,2022-04-13 00:55:00+00:00,0.0,43000.0,"POLYGON ((-89.74807843569131 34.558664395551276, -89.72850246026941 33.26777855606409, -90.80147396887416 33.01626175384582, -91.58223181960541 33.44140196472858, -91.75265210026718 34.32633149005137, -89.74807843569131 34.558664395551276))"
HOTEL 2,2022-04-12 22:55:00+00:00,2022-04-13 02:55:00+00:00,0.0,35000.0,"POLYGON ((-63.05 41.05, -60.4 39.1, -65.45 35.4, -67.55 37.3, -63.05 41.05))"
95C,2022-04-12 22:55:00+00:00,2022-04-13 00:55:00+00:00,0.0,40000.0,"POLYGON ((-94.80740504316991 34.51417461271735, -92.54059321130272 33.660539431920625, -93.6780102010354 33.03706311293827, -95.11030646463465 33.50565249331188, -94.80740504316991 34.51417461271735))"
02C,2022-04-12 23:55:00+00:00,2022-04-13 01:55:00+00:00,0.0,45000.0,"POLYGON ((-98.37 44.58815522131804, -92.79672352213936 44.10061077371012, -94.28229784285983 41.90883869268503, -97.76565618466444 40.30257425285108, -98.37 44.58815522131804))"
97C,2022-04-12 23:55:00+00:00,2022-04-13 01:55:00+00:00,0.0,45000.0,"POLYGON ((-90.38629507567961 35.01932298495471, -89.24937611576308 33.742472734514195, -91.16246582494746 31.615179270412522, -92.5 31.92547582294557, -92.89174521260595 32.952498029286694, -90.38629507567961 35.01932298495471))"
01C,2022-04-12 23:55:00+00:00,2022-04-13 01:55:00+00:00,0.0,36000.0,"POLYGON ((-86.85572362014614 45.42646464493681, -87.01912150223214 43.871699411802986, -88.90813276955738 43.801512627072945, -88.79268739181839 45.15748392405804, -86.85572362014614 45.42646464493681))"
98C,2022-04-12 23:55:00+00:00,2022-04-13 01:55:00+00:00,0.0,44000.0,"POLYGON ((-89.54537927045513 31.958221440750243, -89.63010584854739 30.618008933250724, -94.85175980454865 27.458138957558894, -95.80675184763398 27.683134932112573, -93.03833641136431 31.067878012929807, -89.54537927045513 31.958221440750243))"
99C,2022-04-12 23:55:00+00:00,2022-04-13 01:55:00+00:00,0.0,45000.0,"POLYGON ((-97.52911164414667 33.27795762192466, -95.48160217635015 33.03125132880792, -95.56471072141544 31.157242889916176, -97.99368668307152 30.213206649034444, -97.52911164414667 33.27795762192466))"
6C,2022-04-13 00:55:00+00:00,2022-04-13 02:55:00+00:00,,,"POLYGON ((-94.89965397523453 42.67039435599253, -96.5022569904365 40.131236836990915, -97.74555241565183 38.79755982352133, -95.92925038692454 41.03063473085044, -96.49097914158371 40.145828363395715, -94.74213586654885 42.5471545676282, -95.93491490518572 41.02261204171456, -97.89184386315428 38.93393728642351, -96.64854843793896 40.26761429989309, -96.65982628679176 40.25302277348829, -96.09809753213258 41.13782914094301, -96.0924330138714 41.14585183007889, -94.89965397523453 42.67039435599253))"
4C,2022-04-13 00:55:00+00:00,2022-04-13 02:55:00+00:00,0.0,32000.0,"POLYGON ((-85.55 45.50184477868196, -86.04 43.83547582294557, -87.83831121373156 43.8876816692225, -87.18719869889159 45.26149156774827, -85.55 45.50184477868196))"
7C,2022-04-13 00:55:00+00:00,2022-04-13 02:55:00+00:00,0.0,36000.0,"POLYGON ((-96.45792362331356 26.740559352923494, -96.64010132378722 25.918121787845177, -98.11989867621277 25.918121787845177, -97.80810934579802 26.841598529642358, -96.45792362331356 26.740559352923494))"
3C,2022-04-13 00:55:00+00:00,2022-04-13 02:55:00+00:00,0.0,45000.0,"POLYGON ((-96.46365203714986 33.61976871041788, -95.0676369076764 33.50600182421121, -95.07972136892346 31.28683335086115, -97.94058048361798 30.73228010495411, -96.46365203714986 33.61976871041788))"
2C,2022-04-13 00:55:00+00:00,2022-04-13 02:55:00+00:00,0.0,45000.0,"POLYGON ((-89.35431916457122 31.908223781997542, -89.07336190668987 30.473382534849762, -94.59037090046141 27.219809247872945, -95.6648007378029 27.37512663884861, -92.13989614926606 31.386831377906535, -89.35431916457122 31.908223781997542))"
1C,2022-04-13 00:55:00+00:00,2022-04-13 02:55:00+00:00,0.0,43000.0,"POLYGON ((-90.50959009576376 35.018849739641084, -88.84428310906 34.15738277123868, -89.97902169822298 32.327715085906554, -92.17083741874363 32.25279998379284, -92.60807644340004 32.99279803843942, -90.50959009576376 35.018849739641084))"
5C,2022-04-13 00:55:00+00:00,2022-04-13 02:55:00+00:00,0.0,45000.0,"POLYGON ((-97.13427997403726 45.41333737639175, -92.18563339771828 44.41891482386303, -93.35233785311534 41.97388273483216, -97.34130589197544 43.23971253402484, -97.13427997403726 45.41333737639175))"
INDIA 1,2022-04-13 01:15:00+00:00,2022-04-13 05:15:00+00:00,0.0,42000.0,"POLYGON ((-94 28.2, -93.15 28.15, -94.3 26.25, -95.35 26.45, -95.05 27.35, -94 28.2))"
12C,2022-04-13 01:55:00+00:00,2022-04-13 03:55:00+00:00,,,"POLYGON ((-94.648735069708 42.75759077052982, -95.88655678496126 41.21110778851563, -95.89237059470408 41.20305492642262, -96.56361648628746 40.168679038910604, -96.56588372766805 40.16501472276215, -97.8662529862662 37.958482712874236, -95.73041431909341 41.086129669019826, -94.49259260384015 42.632612651034016, -96.39584640093398 40.05980664360083, -95.7246005093506 41.09418253111284, -97.69394841815154 37.856938949861366, -96.39357915955338 40.06347095974928, -94.648735069708 42.75759077052982))"
8C,2022-04-13 01:55:00+00:00,2022-04-13 03:55:00+00:00,0.0,44000.0,"POLYGON ((-91.77370414309638 36.107180886248464, -88.50188751348216 34.70581733632313, -89.53956090878901 32.89932298160445, -91.25079147532468 32.5175361009145, -93.8855194428567 33.57352995440802, -91.77370414309638 36.107180886248464))"
13C,2022-04-13 01:55:00+00:00,2022-04-13 03:55:00+00:00,0.0,40000.0,"POLYGON ((-95.6252841777307 27.289050188125575, -96.25484343725542 25.91565662606867, -97.38 25.92, -97.06713021558713 27.098102234549955, -95.6252841777307 27.289050188125575))"
11C,2022-04-13 01:55:00+00:00,2022-04-13 03:55:00+00:00,0.0,45000.0,"POLYGON ((-95.81931210565817 46.0297406734224, -91.19033139957497 45.10408893465299, -92.49842427126681 42.47360830755909, -96.22775279480716 43.482693714814815, -95.81931210565817 46.0297406734224))"
10C,2022-04-13 01:55:00+00:00,2022-04-13 03:55:00+00:00,0.0,45000.0,"POLYGON ((-96.30462004868662 33.48121445536992, -94.13625141229798 33.376416229754525, -94.25092421624564 31.325124646740996, -97.29250647987735 30.584239451567086, -96.30462004868662 33.48121445536992))"
9C,2022-04-13 01:55:00+00:00,2022-04-13 03:55:00+00:00,0.0,36000.0,"POLYGON ((-89.11592702383209 32.268956185962125, -89.38264792829223 30.069863785013787, -91.89001025023998 29.967536374867716, -91.7143426816586 31.851749293192377, -89.11592702383209 32.268956185962125))"
HOTEL 3,2022-04-13 02:25:00+00:00,2022-04-13 06:25:00+00:00,0.0,31000.0,"POLYGON ((-59.45 41.35, -58 39.25, -63.1 35.25, -65.2 36.45, -59.45 41.35))"
18C,2022-04-13 02:55:00+00:00,2022-04-13 04:55:00+00:00,,,"POLYGON ((-94.36771635919057 42.8403866928646, -96.2104112229946 39.989930404486714, -97.69253540685158 37.7585915364671, -95.50686538516904 41.11695320523017, -96.20887983552487 39.99230819473264, -94.21228364080945 42.71452696913754, -95.51397896924966 41.106975026291806, -97.8591325184545 37.869250482809285, -96.37700833459752 40.1005893508289, -96.37853972206725 40.098211560582975, -95.67652527171141 41.222856571080506, -95.66941168763078 41.23283475001887, -94.36771635919057 42.8403866928646))"
16C,2022-04-13 02:55:00+00:00,2022-04-13 04:55:00+00:00,0.0,45000.0,"POLYGON ((-93.12409498489298 34.02793518745835, -93.04051957604888 31.449869188631517, -96.99444768509619 30.56990798583969, -95.24388741880288 33.77288515120077, -93.12409498489298 34.02793518745835))"
17C,2022-04-13 02:55:00+00:00,2022-04-13 04:55:00+00:00,0.0,45000.0,"POLYGON ((-94.70590605369159 45.87743446378586, -90.41160143459608 45.626049581068806, -91.33632878617861 42.58929839309457, -95.93390812137113 43.392204869410456, -94.70590605369159 45.87743446378586))"
14C,2022-04-13 02:55:00+00:00,2022-04-13 04:55:00+00:00,0.0,43000.0,"POLYGON ((-91.18781996206134 36.57088014937359, -88.06571114589123 35.179210967045584, -89.53956090878901 32.89932298160445, -90.83047457671236 32.682559925262055, -93.11095916581856 34.35812375537841, -91.18781996206134 36.57088014937359))"
JULIETT 1,2022-04-13 02:55:00+00:00,2022-04-13 06:55:00+00:00,30000.0,36000.0,"POLYGON ((-63.15 42.5, -62.05 39.4, -66.15 38.15, -66.55 42.1, -63.15 42.5))"
15C,2022-04-13 02:55:00+00:00,2022-04-13 04:55:00+00:00,0.0,34000.0,"POLYGON ((-90.7406490484782 31.70801383062494, -90.98967978787988 30.590282465627805, -92.63519206600253 30.54805414840389, -92.2603024402253 31.464231821908815, -90.7406490484782 31.70801383062494))"
INDIA 2,2022-04-13 03:25:00+00:00,2022-04-13 07:25:00+00:00,0.0,42000.0,"POLYGON ((-94 28.15, -92.35 28.15, -94.25 25.15, -95.55 26, -95.05 27.35, -94 28.15))"
22C,2022-04-13 03:55:00+00:00,2022-04-13 05:55:00+00:00,,,"POLYGON ((-93.33956601627264 43.26629246006365, -96.1274427097422 39.864475734215986, -97.74637119979162 37.49595861327611, -95.35816995585462 41.11730048140284, -96.12477843780849 39.868586209256854, -93.20323514773034 43.11995758970632, -95.37522608377498 41.09645211863222, -97.91148578030722 37.60881770817394, -96.29255729025779 39.977334829113815, -96.2952215621915 39.97322435407295, -95.52861308023763 41.221938626218936, -95.51155695231728 41.24278698898956, -93.33956601627264 43.26629246006365))"
21C,2022-04-13 03:55:00+00:00,2022-04-13 05:55:00+00:00,0.0,45000.0,"POLYGON ((-93.85993446828495 46.232233137180934, -89.68005109347426 45.69345557420198, -91.05828795846794 43.01429551756506, -95.63043347174388 43.64423989652354, -93.85993446828495 46.232233137180934))"
19C,2022-04-13 03:55:00+00:00,2022-04-13 05:55:00+00:00,0.0,40000.0,"POLYGON ((-90.96727604635804 37.07949443936931, -87.95997185477532 35.631330221950975, -89.30793402226548 33.48744306994657, -91.0776578338752 33.45744597813521, -92.4874126414713 34.064793788121676, -90.96727604635804 37.07949443936931))"
20C,2022-04-13 03:55:00+00:00,2022-04-13 05:55:00+00:00,0.0,45000.0,"POLYGON ((-92.60734789973283 34.32633149005137, -92.20011788224372 31.8744716170871, -96.636252237194 30.695292284022866, -94.6242549929556 33.69976654940333, -92.60734789973283 34.32633149005137))"
26C,2022-04-13 04:55:00+00:00,2022-04-13 06:55:00+00:00,,,"POLYGON ((-91.63995789721812 43.90642590720538, -92.02586106613795 41.77419336738499, -91.99078823231795 41.83377597387232, -95.13598067660213 39.26011326625824, -95.13893562818788 39.257597988211785, -98.2426819448229 36.510046737608974, -91.82905830616478 41.73857492178515, -91.44315513724496 43.870807461605544, -95.00932358426896 39.105329607683736, -91.86413113998478 41.67899231529782, -98.11011494931823 36.36029363512738, -95.0063686326832 39.10784488573019, -91.63995789721812 43.90642590720538))"
24C,2022-04-13 04:55:00+00:00,2022-04-13 06:55:00+00:00,0.0,45000.0,"POLYGON ((-92.2575652039583 34.8336803206645, -90.6913197043047 32.428618839435295, -92.81366308186142 30.754486775385548, -96.636252237194 30.695292284022866, -94.07000000000001 34.34184477868196, -92.2575652039583 34.8336803206645))"
25C,2022-04-13 04:55:00+00:00,2022-04-13 06:55:00+00:00,0.0,45000.0,"POLYGON ((-90.97835432733909 47.61705584813174, -88.50839856540391 45.626049581068806, -89.40499311679262 44.16427386211114, -95.51357939261226 43.26098142828694, -94.51204737894182 46.34898720878785, -90.97835432733909 47.61705584813174))"
23C,2022-04-13 04:55:00+00:00,2022-04-13 06:55:00+00:00,0.0,44000.0,"POLYGON ((-90.52630483043642 37.43434763840233, -87.1189897732137 36.49212224709734, -87.06249919976571 34.35633065528978, -91.2770612786174 33.45600939913174, -92.2575652039583 34.8336803206645, -90.52630483043642 37.43434763840233))"
1E,2022-04-13 04:55:00+00:00,2022-04-13 06:55:00+00:00,0.0,32000.0,"POLYGON ((-84.31000000000002 45.68714530289552, -83.0827991891763 43.915321331599635, -84.95251469408743 42.95467286261517, -85.78501128118981 45.0704585289912, -84.31000000000002 45.68714530289552))"
HOTEL 4,2022-04-13 05:30:00+00:00,2022-04-13 09:30:00+00:00,0.0,34000.0,"POLYGON ((-59 39, -56.15 38.45, -61.45 35, -64.15 35.45, -59 39))"
JULIETT 2,2022-04-13 05:35:00+00:00,2022-04-13 09:35:00+00:00,29000.0,37000.0,"POLYGON ((-63 43, -59.15 40.3, -61.15 38.15, -65.3 39.45, -66.45 42, -63 43))"
30C,2022-04-13 05:55:00+00:00,2022-04-13 07:55:00+00:00,,,"POLYGON ((-91.08542831640999 44.015795064087285, -94.87675462188881 39.05750760492543, -97.85322125903704 36.387202682253374, -93.35890375813668 41.450447131500475, -94.85901724724118 39.07849165284277, -90.83397109415172 42.42526791247342, -93.40673973295881 41.410868361910424, -91.28109257426944 43.974376491003255, -90.9684833638699 42.49758855268479, -97.98677874096296 36.53607309241471, -95.01031210381473 39.20637801508677, -95.02804947846235 39.18539396716943, -93.52793598935784 41.557349445827136, -93.48010001453571 41.596928215417186, -90.90733137572862 42.611327765980185, -90.77281910601045 42.53900712576882, -91.08542831640999 44.015795064087285))"
31C,2022-04-13 05:55:00+00:00,2022-04-13 07:55:00+00:00,,,"POLYGON ((-94.53569691058746 42.87006948207331, -94.35537848367699 42.55939255898656, -94.4709915959711 42.36183157096134, -94.33575035664586 42.86544611026458, -94.341712813367 42.60758826890185, -94.64360680929272 42.46284636260066, -94.5279936969986 42.660407350625874, -94.5416593673086 42.61221164071058, -94.53569691058746 42.87006948207331))"
2E,2022-04-13 05:55:00+00:00,2022-04-13 07:55:00+00:00,0.0,32000.0,"POLYGON ((-82.74617254795875 44.2571878579974, -82.29876343939063 43.131892900896126, -84.72401635857173 43.05762134986668, -85.14559013482591 43.84340156572303, -82.74617254795875 44.2571878579974))"
29C,2022-04-13 05:55:00+00:00,2022-04-13 07:55:00+00:00,0.0,43000.0,"POLYGON ((-88.0876446919104 46.81851393784562, -87.25606063121766 44.55619440730848, -94.31396670389901 43.878872790412736, -93.84448132267528 46.65726032989205, -88.0876446919104 46.81851393784562))"
28C,2022-04-13 05:55:00+00:00,2022-04-13 07:55:00+00:00,0.0,45000.0,"POLYGON ((-92.49201179707303 35.29442290760843, -90.36510966734616 34.25086561920501, -90.39968827915055 31.814825351690146, -93.48101024629364 30.90800287171403, -95.88646819119171 31.15474239179492, -92.49201179707303 35.29442290760843))"
3E,2022-04-13 05:55:00+00:00,2022-04-13 07:55:00+00:00,0.0,45000.0,"POLYGON ((-85.49837203102469 44.86153444319442, -85.2256447582974 44.86153444319442, -85.2256447582974 44.588807170467156, -85.49837203102469 44.588807170467156, -85.49837203102469 44.86153444319442))"
27C,2022-04-13 05:55:00+00:00,2022-04-13 07:55:00+00:00,0.0,39000.0,"POLYGON ((-90.23 37.52542906057911, -87.10641464290175 36.7068367539493, -86.86433975294516 35.21953952060868, -89.98 34.29714530289552, -91.90913647949604 35.21396555510366, -90.23 37.52542906057911))"
35C,2022-04-13 06:55:00+00:00,2022-04-13 08:55:00+00:00,,,"POLYGON ((-89.72850534429051 43.80587338841357, -89.78048190489102 43.3216668437913, -91.7491260505455 41.51030849883035, -89.55490294175314 43.70656474914564, -89.76139052165472 43.345601793361624, -91.88454568661027 41.65748703723893, -89.91590154095579 43.46884538219988, -89.93499292419209 43.444910432629555, -89.72850534429051 43.80587338841357))"
4E,2022-04-13 06:55:00+00:00,2022-04-13 08:55:00+00:00,0.0,37000.0,"POLYGON ((-85.55 45.83458269015475, -82.55764365569759 45.03520065972292, -82.0848367856719 43.44924628679763, -85.55 44.67, -85.55 45.83458269015475))"
33C,2022-04-13 06:55:00+00:00,2022-04-13 08:55:00+00:00,0.0,45000.0,"POLYGON ((-90.79257669598358 35.01729199628249, -89.35431916457122 31.908223781997542, -92.5 30.760893132790827, -95.04965583786851 31.804825488468147, -92.75549882678258 35.14921248092541, -90.79257669598358 35.01729199628249))"
34C,2022-04-13 06:55:00+00:00,2022-04-13 08:55:00+00:00,0.0,43000.0,"POLYGON ((-93.17209072498042 46.795884752640134, -87.12093003437352 46.81077718879923, -87.1173132571202 44.23662848234986, -94.06156852895802 44.27883194667424, -93.17209072498042 46.795884752640134))"
32C,2022-04-13 06:55:00+00:00,2022-04-13 08:55:00+00:00,0.0,39000.0,"POLYGON ((-90.39886710047259 37.725204568585326, -88.77142315804572 37.59371337969217, -89.98 34.29714530289552, -91.66578485882698 36.107871208493016, -90.39886710047259 37.725204568585326))"
37C,2022-04-13 06:55:00+00:00,2022-04-13 08:55:00+00:00,0.0,35000.0,"POLYGON ((-96.08227754895289 33.19830344073301, -95.54356136195696 32.69413878844873, -96.66616464259316 32.16971493790312, -97.10596998213867 33.00354882484096, -96.08227754895289 33.19830344073301))"
36C,2022-04-13 06:55:00+00:00,2022-04-13 08:55:00+00:00,0.0,40000.0,"POLYGON ((-94.22854575078829 41.43855077151888, -92.32112213134106 41.29650580853327, -93.97845646767567 38.43486546631844, -96.4539401613903 36.419468175734366, -97.32070609080328 37.95417051695135, -94.22854575078829 41.43855077151888))"
40C,2022-04-13 07:55:00+00:00,2022-04-13 09:55:00+00:00,,,"POLYGON ((-88.42509100592238 43.29187023419291, -90.44444925362023 42.49258409587923, -90.46665000944718 42.480340241645706, -91.61625544327275 41.640195394042145, -90.37084300027905 42.30662141287784, -88.3514847525812 43.10590755119152, -91.49824767827768 41.4787204195078, -90.34864224445211 42.31886526711136, -88.42509100592238 43.29187023419291))"
43C,2022-04-13 07:55:00+00:00,2022-04-13 09:55:00+00:00,,,"POLYGON ((-93.53546428329133 43.17494993658936, -94.50317712225679 42.57652956294926, -94.52423271094202 42.55912122482401, -95.78529579542614 41.186069881028246, -94.39798753649488 42.40642620893401, -93.43027469752943 43.0048465825741, -95.63799503229377 41.05078320326349, -94.37693194780965 42.42383454705926, -93.53546428329133 43.17494993658936))"
5E,2022-04-13 07:55:00+00:00,2022-04-13 09:55:00+00:00,0.0,44000.0,"POLYGON ((-84.31 46.41, -82.75391687072135 45.52419066141748, -82.27726931666439 44.02767749950933, -83.12453236840228 43.98857636649891, -84.88290807585496 45.13863129687812, -84.31 46.41))"
41C,2022-04-13 07:55:00+00:00,2022-04-13 09:55:00+00:00,0.0,40000.0,"POLYGON ((-93.33 42.42452417705443, -91.38779728520157 41.51978615218437, -92.52294238419638 39.04489073426621, -96.22933034349631 36.552120484636866, -95.60798856543273 40.007438518178915, -93.33 42.42452417705443))"
38C,2022-04-13 07:55:00+00:00,2022-04-13 09:55:00+00:00,0.0,41000.0,"POLYGON ((-89.88873082826868 35.82765630093168, -89.07932756945114 32.61497343257922, -92.07217523055894 30.477725406782344, -93.94972220641021 32.65228182633036, -91.6726760212763 35.51962101892945, -89.88873082826868 35.82765630093168))"
39C,2022-04-13 07:55:00+00:00,2022-04-13 09:55:00+00:00,0.0,43000.0,"POLYGON ((-89.43 47.33815522131803, -85.20584818741261 46.6611803438784, -86.38557470251442 45.25517735557313, -88.54369257923592 43.94463098084894, -90.13861177202087 46.09856510910995, -89.43 47.33815522131803))"
42C,2022-04-13 07:55:00+00:00,2022-04-13 09:55:00+00:00,0.0,44000.0,"POLYGON ((-94.76355054751481 33.50806772733763, -94.75 32.2754290605791, -95.77755236012206 32.415829944341056, -96.42789810539357 33.379646827097154, -94.76355054751481 33.50806772733763))"
44C,2022-04-13 08:55:00+00:00,2022-04-13 10:55:00+00:00,0.0,45000.0,"POLYGON ((-88.88168834569701 36.37212576384307, -87.63656013942676 33.41314735839786, -90.67149772023794 30.946421966718926, -93.39193424955843 32.41638345396659, -91.18504381987486 35.64865534626332, -88.88168834569701 36.37212576384307))"
45C,2022-04-13 08:55:00+00:00,2022-04-13 10:55:00+00:00,0.0,43000.0,"POLYGON ((-87.3791153122663 47.578607072781665, -84.31 46.41, -84.5452502794031 45.37147468749988, -87.25606063121766 44.55619440730848, -89.92157551467054 46.397603755053915, -87.3791153122663 47.578607072781665))"
47C,2022-04-13 08:55:00+00:00,2022-04-13 10:55:00+00:00,0.0,45000.0,"POLYGON ((-95.78000000000002 33.98257436347464, -94.00354374625006 33.64354839749672, -94.0716222463264 32.235463319603745, -95.77755236012206 32.415829944341056, -95.78000000000002 33.98257436347464))"
48C,2022-04-13 08:55:00+00:00,2022-04-13 10:55:00+00:00,0.0,37000.0,"POLYGON ((-93.39894284666167 43.30700631678711, -93.26105715333833 43.16213556205469, -94.22105715333834 42.248422743792, -94.35894284666168 42.39329349852442, -93.39894284666167 43.30700631678711))"
49C,2022-04-13 08:55:00+00:00,2022-04-13 10:55:00+00:00,0.0,32000.0,"POLYGON ((-89.8361653997584 43.41640855284508, -88.97445978884969 42.60675394409631, -90.4866637801074 41.99908403726154, -90.71 42.54457093942091, -89.8361653997584 43.41640855284508))"
46C,2022-04-13 08:55:00+00:00,2022-04-13 10:55:00+00:00,0.0,38000.0,"POLYGON ((-92.63587439015905 42.5767561466466, -90.71 41.96628718173732, -90.40661851073126 40.12335666955101, -93.87565551924625 37.35874677808657, -95.08569907742367 39.400139083473576, -92.63587439015905 42.5767561466466))"
50C,2022-04-13 09:55:00+00:00,2022-04-13 11:55:00+00:00,0.0,45000.0,"POLYGON ((-88.58727546766781 36.60598089917474, -87.06249919976571 34.35633065528978, -89.36361027859151 30.978553101828062, -93.08090477926518 32.5132209682483, -90.51510597413649 35.756291015815584, -88.58727546766781 36.60598089917474))"
55C,2022-04-13 09:55:00+00:00,2022-04-13 11:55:00+00:00,0.0,31000.0,"POLYGON ((-89.76 43.38363104426361, -88.53782227765429 42.458804909725096, -90.2195441540864 41.628855668262226, -90.39257724961189 42.164279957174344, -89.76 43.38363104426361))"
51C,2022-04-13 09:55:00+00:00,2022-04-13 11:55:00+00:00,0.0,44000.0,"POLYGON ((-86.5481759277094 47.73023819407241, -83.80143432630604 46.055945913008784, -86.55474972059689 45.37147468749988, -87.4 47.01547582294557, -86.5481759277094 47.73023819407241))"
52C,2022-04-13 09:55:00+00:00,2022-04-13 11:55:00+00:00,0.0,38000.0,"POLYGON ((-91.78088009559124 41.82728362346692, -90.40979592552496 41.41176676336402, -92.74838872567811 37.5495776643868, -93.4908605058797 37.66730102458049, -93.31346268357284 40.824687516519965, -91.78088009559124 41.82728362346692))"
53C,2022-04-13 09:55:00+00:00,2022-04-13 11:55:00+00:00,0.0,45000.0,"POLYGON ((-94.78029961419979 34.09617979979481, -93.33045140193926 33.762471068875364, -93.25330862272543 32.29820545222906, -94.45034416213147 31.804825488468147, -96.20622626148321 32.1613866818594, -94.78029961419979 34.09617979979481))"
56C,2022-04-13 09:55:00+00:00,2022-04-13 11:55:00+00:00,0.0,37000.0,"POLYGON ((-94.35390270928484 37.936207283415655, -94.20559990062763 37.80201981401413, -95.7158485956714 36.13290626529924, -95.86415140432861 36.267093734700765, -94.35390270928484 37.936207283415655))"
54C,2022-04-13 09:55:00+00:00,2022-04-13 11:55:00+00:00,0.0,37000.0,"POLYGON ((-92.83670787876703 43.5685459674061, -92.69589828217424 43.42651548649663, -93.99551801501592 42.13806719614598, -94.1363276116087 42.28009767705545, -92.83670787876703 43.5685459674061))"
60C,2022-04-13 10:55:00+00:00,2022-04-13 12:55:00+00:00,,,"POLYGON ((-94.28970454981437 38.323768262444304, -94.83680700137842 37.10394099594346, -95.56045423299967 36.02577153874638, -94.12151478561746 38.215545329480065, -94.8357437310249 37.105558798710426, -95.72651745648956 36.13723007724455, -95.0028702248683 37.21539953444163, -95.00393349522182 37.213781731674665, -94.28970454981437 38.323768262444304))"
7E,2022-04-13 10:55:00+00:00,2022-04-13 12:55:00+00:00,0.0,36000.0,"POLYGON ((-85.52262969313206 47.22714384011827, -83.80143432630604 46.055945913008784, -85.55 45.66821373441835, -86.2801428602049 46.662889249355835, -85.52262969313206 47.22714384011827))"
57C,2022-04-13 10:55:00+00:00,2022-04-13 12:55:00+00:00,0.0,45000.0,"POLYGON ((-87.76 37.09815522131804, -87.20459632917124 34.47438574679296, -88.51 33.49, -90.72839956421892 34.76303402602263, -89.79792818156722 36.94128541037553, -87.76 37.09815522131804))"
61C,2022-04-13 10:55:00+00:00,2022-04-13 12:55:00+00:00,0.0,42000.0,"POLYGON ((-88.24568083542877 31.908223781997542, -88.43418520965294 30.883683779755334, -89.70454912448602 30.46449064253503, -90.26 31.466368955736392, -88.24568083542877 31.908223781997542))"
58C,2022-04-13 10:55:00+00:00,2022-04-13 12:55:00+00:00,0.0,36000.0,"POLYGON ((-89.27589307799182 43.19605311331964, -88.28 42.62089313279081, -89.85481622603884 39.41741094498455, -92.9425867053488 37.48670200760065, -93.65 40.608155221318036, -89.27589307799182 43.19605311331964))"
6E,2022-04-13 10:55:00+00:00,2022-04-13 12:55:00+00:00,0.0,31000.0,"POLYGON ((-85.11646977163849 44.97586411633317, -84.38797055751853 44.063853560124635, -85.88894477402822 42.90276810967789, -86.46262151984878 43.475905970178296, -85.11646977163849 44.97586411633317))"
59C,2022-04-13 10:55:00+00:00,2022-04-13 12:55:00+00:00,0.0,45000.0,"POLYGON ((-93.32910028233371 34.12116134725432, -90.08196648581345 33.05914401581503, -90.78512258096676 32.428145883628865, -94.27619155326573 32.253138401314004, -95.16099497079009 34.33729352672823, -93.32910028233371 34.12116134725432))"
65C,2022-04-13 11:55:00+00:00,2022-04-13 13:55:00+00:00,,,"POLYGON ((-92.37175732716928 38.86981277688191, -95.73596743455704 34.92767301742361, -97.22151232021818 34.19911906332011, -94.05706966983543 36.28392190734681, -95.71706966983544 34.93974085101382, -92.21150982948929 38.750143484716794, -94.03987625116001 36.30180324125149, -97.30957745110413 34.37868669047502, -95.82403256544299 35.10724064457852, -95.84293033016459 35.0951728109883, -94.18293033016458 36.43935386732129, -94.20012374884 36.421472533416605, -92.37175732716928 38.86981277688191))"
9E,2022-04-13 11:55:00+00:00,2022-04-13 13:55:00+00:00,0.0,36000.0,"POLYGON ((-84.998413233473 46.8785096118707, -83.80143432630604 46.055945913008784, -84.39086410417555 45.15150838271823, -84.76529863228507 45.640563440933796, -84.998413233473 46.8785096118707))"
63C,2022-04-13 11:55:00+00:00,2022-04-13 13:55:00+00:00,0.0,33000.0,"POLYGON ((-91.47 43.078155221318035, -89.11319393066236 42.135492146415736, -88.00579722399486 38.89934000200661, -92.02292374933451 38.746167758459706, -92.22404664815112 41.327364205607935, -91.47 43.078155221318035))"
62C,2022-04-13 11:55:00+00:00,2022-04-13 13:55:00+00:00,0.0,35000.0,"POLYGON ((-87.76 37.264524177054426, -87.25634542627029 35.17089199700512, -89.88116520859435 33.45936148209672, -91.24904083418144 34.35812375537841, -88.79248536983745 37.10198287300186, -87.76 37.264524177054426))"
8E,2022-04-13 11:55:00+00:00,2022-04-13 13:55:00+00:00,0.0,30000.0,"POLYGON ((-85.7338849103575 43.70385872925257, -85.3048068541559 43.388951270399666, -85.85702981869389 43.114529236740054, -86.1923823561727 43.43703142853838, -85.7338849103575 43.70385872925257))"
66C,2022-04-13 11:55:00+00:00,2022-04-13 13:55:00+00:00,0.0,45000.0,"POLYGON ((-96.50746985364358 33.66189826011548, -96.35984249018932 33.526968050156626, -97.20905252111302 32.59784596606275, -97.35667988456728 32.7327761760216, -96.50746985364358 33.66189826011548))"
67C,2022-04-13 11:55:00+00:00,2022-04-13 13:55:00+00:00,0.0,45000.0,"POLYGON ((-97.80485273884456 32.15322142217128, -97.70021050920342 31.982780805604314, -98.93010082031688 31.227688111379052, -99.03474304995802 31.398128727946016, -97.80485273884456 32.15322142217128))"
64C,2022-04-13 11:55:00+00:00,2022-04-13 13:55:00+00:00,0.0,45000.0,"POLYGON ((-93.45938404029843 36.026882348421985, -90.47803351418656 33.05914401581503, -92.04 32.230858121158214, -95.26378805381955 32.41895745308091, -93.45938404029843 36.026882348421985))"
69C,2022-04-13 12:55:00+00:00,2022-04-13 14:55:00+00:00,0.0,37000.0,"POLYGON ((-87.82415150494407 43.119095253881625, -87.25 39.49, -89.26325254141153 37.34771408685742, -92.1307959101752 39.77616884107525, -91.43911990440877 41.82728362346692, -87.82415150494407 43.119095253881625))"
68C,2022-04-13 12:55:00+00:00,2022-04-13 14:55:00+00:00,0.0,41000.0,"POLYGON ((-90.62806684086054 36.900803767097244, -88.35605666873525 35.41278806580085, -89.55252948496737 32.6198164596576, -94.75 32.42, -93.08854246998952 36.24557256233406, -90.62806684086054 36.900803767097244))"
70C,2022-04-13 12:55:00+00:00,2022-04-13 14:55:00+00:00,0.0,45000.0,"POLYGON ((-92.1307959101752 39.77616884107525, -89.80963696027831 37.669254075316225, -93.08854246998952 36.24557256233406, -93.8831814328102 34.62085722434349, -97.9156941449308 34.46241227482925, -92.1307959101752 39.77616884107525))"
71C,2022-04-13 12:55:00+00:00,2022-04-13 14:55:00+00:00,0.0,45000.0,"POLYGON ((-94.27 34.55815522131803, -95.11468270533503 32.54680817755604, -97.90194624220784 31.147997827433063, -98.59087818783965 32.0279606345741, -95.78000000000002 34.51726208852722, -94.27 34.55815522131803))"
10E,2022-04-13 12:55:00+00:00,2022-04-13 14:55:00+00:00,0.0,30000.0,"POLYGON ((-87.54121986040084 41.87879105673735, -86.32 41.77, -86.36444547419185 40.77915740048223, -87.33829676780864 40.35523498092752, -87.54121986040084 41.87879105673735))"
12E,2022-04-13 13:55:00+00:00,2022-04-13 15:55:00+00:00,0.0,35000.0,"POLYGON ((-79.43873874673821 42.42484105406363, -78.80678563204553 41.171791239405174, -80.82116655045624 41.019389915574365, -81.02690142593751 41.671740042729745, -79.43873874673821 42.42484105406363))"
11E,2022-04-13 13:55:00+00:00,2022-04-13 15:55:00+00:00,0.0,33000.0,"POLYGON ((-85.02180641958768 42.43607990920302, -84.57743636095928 41.169381362501596, -86.32 41.10452417705442, -86.94009907717003 41.959335659346415, -85.02180641958768 42.43607990920302))"
74C,2022-04-13 13:55:00+00:00,2022-04-13 15:55:00+00:00,0.0,40000.0,"POLYGON ((-91.28000000000002 40.01636895573639, -90.05269365850437 38.85922152146604, -89.34665227449942 36.960848870773276, -93.01219216111737 36.74475392361326, -93.40984639578936 39.185981755880455, -91.28000000000002 40.01636895573639))"
72C,2022-04-13 13:55:00+00:00,2022-04-13 15:55:00+00:00,0.0,41000.0,"POLYGON ((-90.62806684086054 36.900803767097244, -88.7029216974982 36.01841945391434, -89.10363058882231 32.99445608570187, -94.20571423160351 32.76937806789193, -92.93353794394818 36.59081121853718, -90.62806684086054 36.900803767097244))"
75C,2022-04-13 13:55:00+00:00,2022-04-13 15:55:00+00:00,0.0,45000.0,"POLYGON ((-93.20184790370494 38.487549290451355, -93.01219216111737 36.74475392361326, -94.15874584632336 32.41861937193263, -97.63066312875567 31.53215948732113, -96.37666200213931 36.669134327850436, -93.20184790370494 38.487549290451355))"
73C,2022-04-13 13:55:00+00:00,2022-04-13 15:55:00+00:00,0.0,37000.0,"POLYGON ((-89.11879276756108 42.862262156768836, -86.94688884918945 42.7216298883494, -86.65413992831297 39.297477307934656, -89.32 37.01821373441836, -90.08451116624401 38.98666700716526, -89.11879276756108 42.862262156768836))"
13E,2022-04-13 14:55:00+00:00,2022-04-13 16:55:00+00:00,0.0,36000.0,"POLYGON ((-88.28 42.62089313279081, -85.02180641958768 42.43607990920302, -84.57743636095928 41.169381362501596, -87.53700223346182 40.91198437153536, -88.28 42.62089313279081))"
79C,2022-04-13 14:55:00+00:00,2022-04-13 16:55:00+00:00,0.0,45000.0,"POLYGON ((-93.00171472511977 39.36074238001249, -92.5957155273074 36.76952000007354, -93.33687531458527 33.25857422352877, -96.68363356061322 31.658659501556194, -96.54941467286189 35.942931889211366, -93.00171472511977 39.36074238001249))"
76C,2022-04-13 14:55:00+00:00,2022-04-13 16:55:00+00:00,0.0,40000.0,"POLYGON ((-90.62806684086054 36.900803767097244, -89.69187451501352 35.25494108293, -90.70131818513372 33.10636494355029, -93.2926520940496 33.44977821270282, -92.5957155273074 36.76952000007354, -90.62806684086054 36.900803767097244))"
77C,2022-04-13 14:55:00+00:00,2022-04-13 16:55:00+00:00,0.0,37000.0,"POLYGON ((-88.4413265699375 40.50777681275378, -87.4738623247609 40.43196283439998, -86.97047136811534 35.90436769261744, -87.95997185477532 35.631330221950975, -88.36974424189165 38.816732686255826, -88.4413265699375 40.50777681275378))"
14E,2022-04-13 14:55:00+00:00,2022-04-13 16:55:00+00:00,0.0,35000.0,"POLYGON ((-79.12 42.47914187884178, -78.89739688221877 41.78908562739257, -79.6791090996 40.99475961284973, -80.7408909004 40.99475961284973, -81.27163244104443 41.41855179079693, -79.12 42.47914187884178))"
80C,2022-04-13 14:55:00+00:00,2022-04-13 16:55:00+00:00,0.0,31000.0,"POLYGON ((-88.3100571187045 33.890538035240816, -88.51 33.20085812115821, -89.64123843949177 33.237061590719705, -89.78753402285369 33.867935977270314, -88.3100571187045 33.890538035240816))"
78C,2022-04-13 14:55:00+00:00,2022-04-13 16:55:00+00:00,0.0,43000.0,"POLYGON ((-90.26366256415652 40.64689357465589, -88.43324807663609 38.93781732162306, -88.10756404977892 37.261656167192776, -92.69127459668844 36.84714242704066, -92.87718782243037 39.59537932577007, -90.26366256415652 40.64689357465589))"
15E,2022-04-13 15:55:00+00:00,2022-04-13 17:55:00+00:00,0.0,36000.0,"POLYGON ((-84.08 43.53, -86.5869348476267 39.95487784722889, -88.08846704653378 40.32566082432472, -87.43419620944036 43.37155981411079, -84.08 43.53))"
16E,2022-04-13 15:55:00+00:00,2022-04-13 17:55:00+00:00,0.0,35000.0,"POLYGON ((-78.1955601379568 42.929101248647214, -78.44387594100371 41.86195235239819, -78.7877931132815 41.25243034052148, -79.87026868861838 41.44432380820525, -80.70296123857554 41.891925751696405, -78.1955601379568 42.929101248647214))"
81C,2022-04-13 15:55:00+00:00,2022-04-13 17:55:00+00:00,0.0,38000.0,"POLYGON ((-90.9661929321888 34.67398381205481, -90.26647209445994 34.78438188645532, -89.98 34.18815522131805, -90.87824851546583 33.4585633463776, -91.81757510093813 33.574930814846994, -90.9661929321888 34.67398381205481))"
83C,2022-04-13 15:55:00+00:00,2022-04-13 17:55:00+00:00,0.0,45000.0,"POLYGON ((-91.98521544796093 40.31942932210203, -89.59946072162323 37.668321685900366, -91.81757510093813 33.574930814846994, -96.18207303040774 32.03738773806416, -96.17156708014923 36.32672812301073, -91.98521544796093 40.31942932210203))"
82C,2022-04-13 15:55:00+00:00,2022-04-13 17:55:00+00:00,0.0,39000.0,"POLYGON ((-89.0502358616541 40.749827399013654, -85.71658963695627 36.927806541108936, -86.95218237523396 35.6054267905776, -89.68207330329257 37.6687326617491, -92.06464806386282 40.294789347615406, -89.0502358616541 40.749827399013654))"
17E,2022-04-13 16:55:00+00:00,2022-04-13 18:55:00+00:00,0.0,36000.0,"POLYGON ((-78.32742692467001 43.1648294661239, -77.39828160096198 42.54115525356828, -77.76454096571061 41.573483920471006, -78.63649342828978 41.50807608258801, -79.87538161388615 42.14658812612753, -78.32742692467001 43.1648294661239))"
85C,2022-04-13 16:55:00+00:00,2022-04-13 18:55:00+00:00,0.0,40000.0,"POLYGON ((-88.6570970515835 40.93468561586149, -85.82425981149618 38.560862546232066, -90.538140537513 36.10929520613403, -94.12 36.91547582294557, -92.59 40.62910686720918, -88.6570970515835 40.93468561586149))"
84C,2022-04-13 16:55:00+00:00,2022-04-13 18:55:00+00:00,0.0,38000.0,"POLYGON ((-90.63721202876003 35.49477284765312, -89.98 35.02, -89.82509775922023 34.71249172927223, -90.28 34.29184477868196, -91.24904083418144 34.35812375537841, -90.63721202876003 35.49477284765312))"
86C,2022-04-13 16:55:00+00:00,2022-04-13 18:55:00+00:00,0.0,45000.0,"POLYGON ((-93.80169521324702 36.864399162009214, -90.33221542574782 36.10841422826572, -91.81757510093813 33.574930814846994, -97.27 31.66, -97.17 33.87726208852722, -93.80169521324702 36.864399162009214))"
88C,2022-04-13 17:55:00+00:00,2022-04-13 19:55:00+00:00,0.0,42000.0,"POLYGON ((-91.8633003711866 41.05860636155787, -89.12374344416241 40.80613525440795, -88.20959791255359 38.28206844692847, -89.93707830250177 36.01841945391434, -93.80169521324702 36.864399162009214, -91.8633003711866 41.05860636155787))"
19E,2022-04-13 17:55:00+00:00,2022-04-13 19:55:00+00:00,0.0,35000.0,"POLYGON ((-83.79503568361254 44.44928430592946, -82.96263508889649 44.142519224820006, -83.11703283301209 43.259313450550636, -84.63115367244366 43.36269927780822, -84.97904610113012 44.2596627489591, -83.79503568361254 44.44928430592946))"
18E,2022-04-13 17:55:00+00:00,2022-04-13 19:55:00+00:00,0.0,36000.0,"POLYGON ((-76.48122799830158 43.36411052036164, -77.14307549021208 42.12041726406288, -77.07 40.87828375768358, -77.99 40.92, -78.49821831745112 43.1970322739895, -76.48122799830158 43.36411052036164))"
87C,2022-04-13 17:55:00+00:00,2022-04-13 19:55:00+00:00,0.0,38000.0,"POLYGON ((-87.64087300541908 40.55859503686996, -86.28 39.4308581211582, -86.8435878286361 37.92644656019213, -88.1504434135934 38.23603748005488, -88.86000000000001 40.029141878841784, -87.64087300541908 40.55859503686996))"
89C,2022-04-13 17:55:00+00:00,2022-04-13 19:55:00+00:00,0.0,45000.0,"POLYGON ((-93.84368966864596 36.78394766071521, -89.85622913956782 36.01880648927114, -91.55283241819053 32.92797032397529, -95.73364421504907 31.156029810061813, -97.27 31.94914187884179, -93.84368966864596 36.78394766071521))"
20E,2022-04-13 18:55:00+00:00,2022-04-13 20:55:00+00:00,0.0,34000.0,"POLYGON ((-76.2 43.16, -76.21629887957901 42.05651303923057, -77.17730652250349 42.09549597697716, -78.01827289439507 43.119266454048685, -76.2 43.16))"
92C,2022-04-13 18:55:00+00:00,2022-04-13 20:55:00+00:00,0.0,45000.0,"POLYGON ((-93.33 36.69452417705442, -89.7313885908923 36.01929752869163, -90.36510966734616 34.25086561920501, -93.08386730244565 31.258680358981128, -96.9942787735072 31.424422285093417, -93.33 36.69452417705442))"
91C,2022-04-13 18:55:00+00:00,2022-04-13 20:55:00+00:00,0.0,42000.0,"POLYGON ((-91.92310484652124 41.28429327756869, -88.78902369455817 41.19612226458246, -88.20959791255359 38.28206844692847, -89.70068957891195 36.14673210533679, -93.33 36.69452417705442, -91.92310484652124 41.28429327756869))"
90C,2022-04-13 18:55:00+00:00,2022-04-13 20:55:00+00:00,0.0,35000.0,"POLYGON ((-86.66446732593586 40.86597407700024, -85.76031044507917 39.55286536768815, -86.60299450709103 38.42752410334969, -88.1504434135934 38.23603748005488, -88.5699507423544 40.27390508621286, -86.66446732593586 40.86597407700024))"
21E,2022-04-13 19:55:00+00:00,2022-04-13 21:55:00+00:00,0.0,30000.0,"POLYGON ((-75.56588419420176 43.34925242122451, -75.63807999218149 42.29484306148163, -76.63100462169314 42.39066052574937, -76.8842117498863 43.15796149698998, -75.56588419420176 43.34925242122451))"
22E,2022-04-13 19:55:00+00:00,2022-04-13 21:55:00+00:00,0.0,34000.0,"POLYGON ((-82.7254671145062 44.9186461508852, -82.89858510081406 44.096020504402276, -83.71826702726635 44.21424742971794, -83.82156676873487 44.5765219204252, -82.7254671145062 44.9186461508852))"
93C,2022-04-13 19:55:00+00:00,2022-04-13 21:55:00+00:00,0.0,36000.0,"POLYGON ((-87.85097630544182 41.19612226458246, -86.0075347872759 41.23178513725515, -85.41484728383445 39.71678932401712, -86.4857187373253 38.8023833015976, -88.00368451040482 38.39086408740832, -87.85097630544182 41.19612226458246))"
95C,2022-04-13 19:55:00+00:00,2022-04-13 21:55:00+00:00,0.0,45000.0,"POLYGON ((-93.01219216111737 36.74475392361326, -89.02823071127345 36.25492827959779, -89.91098184699602 33.58678686205006, -92.8892468839197 31.259413488542222, -96.7199410980242 31.188257217783516, -93.01219216111737 36.74475392361326))"
96C,2022-04-13 19:55:00+00:00,2022-04-13 21:55:00+00:00,0.0,35000.0,"POLYGON ((-90.9367751453844 31.29822567990101, -90.26 30.721716242316425, -90.50005116213268 29.849057985895918, -91.55539111628119 29.945486617907925, -92.03207328266372 31.093177569301616, -90.9367751453844 31.29822567990101))"
94C,2022-04-13 19:55:00+00:00,2022-04-13 21:55:00+00:00,0.0,42000.0,"POLYGON ((-87.82540806640891 42.12354201836525, -87.97158046931303 38.33050945578071, -89.0665585512661 36.224187830021364, -93.05354000726338 36.82541280941731, -91.43093295363413 42.17643709793021, -87.82540806640891 42.12354201836525))"
23E,2022-04-13 20:55:00+00:00,2022-04-13 22:55:00+00:00,0.0,34000.0,"POLYGON ((-83.84189982511609 45.21764124015481, -82.55764365569759 45.03520065972292, -82.53250624222913 44.192116471680194, -83.88141489918596 44.096020504402276, -83.84189982511609 45.21764124015481))"
98C,2022-04-13 20:55:00+00:00,2022-04-13 22:55:00+00:00,0.0,45000.0,"POLYGON ((-89.78200194805115 38.022076423105574, -87.76 37.7636310442636, -90.1 32.92910686720917, -92.56325681134877 30.6094298263139, -96.45680641239944 30.757615333493394, -89.78200194805115 38.022076423105574))"
97C,2022-04-13 20:55:00+00:00,2022-04-13 22:55:00+00:00,0.0,37000.0,"POLYGON ((-87.01214588991203 42.46646254687813, -87.37860826633712 40.324307405283925, -89.9251264434277 40.544692326261334, -89.58360005768571 42.3944863941665, -87.01214588991203 42.46646254687813))"
24E,2022-04-13 20:55:00+00:00,2022-04-13 22:55:00+00:00,0.0,30000.0,"POLYGON ((-73.87248501285139 44.720429676815996, -73.6906668310332 44.720429676815996, -73.6906668310332 44.53861149499781, -73.87248501285139 44.53861149499781, -73.87248501285139 44.720429676815996))"
99C,2022-04-13 20:55:00+00:00,2022-04-13 22:55:00+00:00,0.0,38000.0,"POLYGON ((-90.42919577737496 31.299889103132518, -90.26 30.721716242316425, -90.83340928468357 29.847383338312156, -91.55539111628119 29.945486617907925, -91.55820995559877 31.014010255127598, -90.42919577737496 31.299889103132518))"
02C,2022-04-13 21:55:00+00:00,2022-04-13 23:55:00+00:00,0.0,45000.0,"POLYGON ((-88.00579722399486 38.89934000200661, -86.76145450672361 38.566741806121556, -89.53851323964713 31.55265062430279, -92.39722771572859 30.392741474644307, -95.72031558994289 30.728006638343636, -88.00579722399486 38.89934000200661))"
25E,2022-04-13 21:55:00+00:00,2022-04-13 23:55:00+00:00,0.0,27000.0,"POLYGON ((-72.5409090909091 44.47005096975088, -72.35909090909091 44.47005096975088, -72.35909090909091 44.28823278793269, -72.5409090909091 44.28823278793269, -72.5409090909091 44.47005096975088))"
01C,2022-04-13 21:55:00+00:00,2022-04-13 23:55:00+00:00,0.0,37000.0,"POLYGON ((-88.64531034272338 43.008768500640656, -85.71801561694731 42.46933217596956, -85.32562137683034 41.08214769405964, -89.05642935157299 41.324745375460154, -88.64531034272338 43.008768500640656))"
03C,2022-04-13 21:55:00+00:00,2022-04-13 23:55:00+00:00,0.0,35000.0,"POLYGON ((-90.26 30.86628718173732, -89.93852225177275 30.631768745107188, -90.61462152038813 29.627277308925354, -91.61880871718598 29.811781544923637, -91.3 30.335429060579102, -90.26 30.86628718173732))"
05C,2022-04-13 22:55:00+00:00,2022-04-14 00:55:00+00:00,0.0,45000.0,"POLYGON ((-86.52667279207166 39.25862348859314, -85.49419421757041 39.27197892304491, -89.37363927165501 32.17324839231626, -92.53287004757625 30.138737836651895, -95.57149091752618 30.420929395179435, -86.52667279207166 39.25862348859314))"
04C,2022-04-13 22:55:00+00:00,2022-04-14 00:55:00+00:00,0.0,35000.0,"POLYGON ((-88.84185263114668 43.54632630744694, -85.95292388930518 43.0162620591567, -85.65081236449035 41.768058420767794, -89.07817252824252 42.52900670127524, -88.84185263114668 43.54632630744694))"
07C,2022-04-13 23:55:00+00:00,2022-04-14 01:55:00+00:00,0.0,45000.0,"POLYGON ((-86.4462875801724 40.02729141237866, -84.61823075519823 38.866266555732956, -89.16349441814505 32.25214511112951, -92.53287004757625 30.138737836651895, -93.87950150019621 30.13775617624378, -86.4462875801724 40.02729141237866))"
06C,2022-04-13 23:55:00+00:00,2022-04-14 01:55:00+00:00,0.0,32000.0,"POLYGON ((-88.72168878626844 43.8876816692225, -85.14559013482591 43.84340156572303, -85.24164829153159 42.328593704308375, -88.70027577032977 42.99189667584264, -88.72168878626844 43.8876816692225))"
1C,2022-04-14 00:55:00+00:00,2022-04-14 02:55:00+00:00,0.0,45000.0,"POLYGON ((-87.59923652833989 37.62248069672481, -86.00053230663997 36.57626714693476, -88.61812451644968 32.31620278778603, -91.59365920240424 29.86485148460848, -93.49475512420265 30.139439034548282, -87.59923652833989 37.62248069672481))"
2C,2022-04-14 00:55:00+00:00,2022-04-14 02:55:00+00:00,0.0,42000.0,"POLYGON ((-85.87960187421375 39.84664626608364, -84.04 39.62452417705443, -85.39941605801957 36.925461404494385, -86.76118568404817 37.54438857382035, -85.87960187421375 39.84664626608364))"
3C,2022-04-14 01:55:00+00:00,2022-04-14 03:55:00+00:00,0.0,45000.0,"POLYGON ((-86.88355589291147 37.28209881891041, -84.68615225134555 36.83760589704297, -87.41467402561494 32.597286165297675, -90.57544635389695 29.848752505488765, -93.18373499985685 30.29368427129665, -86.88355589291147 37.28209881891041))"
4C,2022-04-14 01:55:00+00:00,2022-04-14 03:55:00+00:00,0.0,34000.0,"POLYGON ((-85.19 40.40171624231641, -83.63975840710894 39.98262750666572, -83.92890631310192 37.02986240704061, -85.74960101051113 38.04455316847602, -85.19 40.40171624231641))"
SIERRA 1,2022-04-14 02:42:00+00:00,2022-04-14 06:35:00+00:00,0.0,46000.0,"POLYGON ((-170 25, -167 24.15, -169.45 21, -172.45 21.45, -170 25))"
7C,2022-04-14 02:55:00+00:00,2022-04-14 04:55:00+00:00,0.0,37000.0,"POLYGON ((-86.44 37.595475822945566, -83.91730330965416 37.09351090775626, -86.34470870315192 33.85975904923094, -86.97663705057394 33.82368123504988, -88.35677363626169 33.79731554195518, -86.44 37.595475822945566))"
5C,2022-04-14 02:55:00+00:00,2022-04-14 04:55:00+00:00,0.0,45000.0,"POLYGON ((-85.97314922680954 33.98487742775084, -90.2462813237197 29.487330241858594, -93.2876197001626 30.07621380640228, -88.27974775251755 33.95090199307593, -86.97663705057394 33.82368123504988, -85.97314922680954 33.98487742775084))"
6C,2022-04-14 02:55:00+00:00,2022-04-14 04:55:00+00:00,0.0,34000.0,"POLYGON ((-82.59 40.58371281826268, -82.80978991596372 38.134036531995456, -85.21453641964997 38.85289387584483, -85.19 40.40171624231641, -82.59 40.58371281826268))"
10C,2022-04-14 03:55:00+00:00,2022-04-14 05:55:00+00:00,0.0,32000.0,"POLYGON ((-86.44 37.595475822945566, -83.91730330965416 37.09351090775626, -86.34470870315192 33.85975904923094, -86.97663705057394 33.82368123504988, -88.35677363626169 33.79731554195518, -86.44 37.595475822945566))"
8C,2022-04-14 03:55:00+00:00,2022-04-14 05:55:00+00:00,0.0,45000.0,"POLYGON ((-87.64093461279063 33.92245771569492, -86.97663705057394 33.82368123504988, -85.51597451673723 33.66444660546039, -88.36 29.39904835410886, -93.11 29.640893132790826, -87.64093461279063 33.92245771569492))"
9C,2022-04-14 03:55:00+00:00,2022-04-14 05:55:00+00:00,0.0,30000.0,"POLYGON ((-82.4730060353036 40.94775026199233, -82.25980116479393 39.534709348106524, -84.0575985059627 39.018238407466264, -84.58097365354328 40.78739496270854, -82.4730060353036 40.94775026199233))"
TANGO 1,2022-04-14 04:34:00+00:00,2022-04-14 08:35:00+00:00,,,"POLYGON ((140 21, 140 19.15, 138.15 17.45, 136.45 17.15, 134.3 18, 134.45 18.45, 136.15 18.45, 137 20, 135.45 21, 140 21))"
11C,2022-04-14 04:55:00+00:00,2022-04-14 06:55:00+00:00,0.0,45000.0,"POLYGON ((-86.52294103549951 35.83248757939485, -84.57910135959607 34.488099469985336, -85.96590365845428 30.57337477620931, -91.50138679977834 28.66337422306781, -94.05438700072355 29.313136185217296, -86.52294103549951 35.83248757939485))"
1E,2022-04-14 04:55:00+00:00,2022-04-14 06:55:00+00:00,0.0,30000.0,"POLYGON ((-82.42155861466743 38.4426642611594, -81.37939988489778 37.98417020961968, -84.65353175153416 34.55007995703134, -86.54344969983092 35.87279013985722, -82.42155861466743 38.4426642611594))"
12C,2022-04-14 05:55:00+00:00,2022-04-14 07:55:00+00:00,0.0,45000.0,"POLYGON ((-86.71544957575553 33.60619619351798, -84.3826149165062 32.942538733280855, -87.26573242780971 29.59904276773545, -92.24249119671636 28.292691090479412, -94.14072206785194 28.89571439440994, -86.71544957575553 33.60619619351798))"
2E,2022-04-14 05:55:00+00:00,2022-04-14 07:55:00+00:00,0.0,33000.0,"POLYGON ((-83.71152673216841 35.89986796929898, -84.44 33.051716242316424, -86.73961419765875 33.61457150384827, -85.85596405712627 35.86054946507462, -83.71152673216841 35.89986796929898))"
SIERRA 2,2022-04-14 06:22:00+00:00,2022-04-14 10:35:00+00:00,0.0,46000.0,"POLYGON ((-165.15 25, -171.45 22, -169.3 25, -167 26.15, -165.15 25))"
3E,2022-04-14 06:55:00+00:00,2022-04-14 08:55:00+00:00,0.0,30000.0,"POLYGON ((-83.95114009907918 36.72248419739157, -83.3 35.36547582294557, -85.21 33.382737911472795, -86.59178618333314 34.28443770024815, -85.06863633778889 36.707804421097194, -83.95114009907918 36.72248419739157))"
13C,2022-04-14 06:55:00+00:00,2022-04-14 08:55:00+00:00,0.0,45000.0,"POLYGON ((-85.94562435103832 33.30250918377004, -83.65 32.69, -86.02206625453677 29.444992833966868, -92.24249119671636 28.292691090479412, -94.00790516320308 28.77679499917426, -85.94562435103832 33.30250918377004))"
4E,2022-04-14 07:55:00+00:00,2022-04-14 09:55:00+00:00,0.0,28000.0,"POLYGON ((-85.15 35.62547582294558, -84.46748453495468 35.42805227141489, -83.88742439925889 33.43777066555639, -84.80865678578284 33.50211960063937, -85.5787838196562 34.60632367559116, -85.15 35.62547582294558))"
14C,2022-04-14 07:55:00+00:00,2022-04-14 09:55:00+00:00,0.0,45000.0,"POLYGON ((-85.5117314812313 32.43481681288036, -84.35 30.233631044263603, -87.31116183087472 28.13246539142291, -93.97750880328364 28.292691090479412, -93.11 29.141786265581647, -85.5117314812313 32.43481681288036))"
TANGO 2,2022-04-14 08:24:00+00:00,2022-04-14 12:35:00+00:00,0.0,48000.0,"POLYGON ((140.45 21, 136.45 19.45, 135 21, 140.45 21))"
15C,2022-04-14 08:55:00+00:00,2022-04-14 10:55:00+00:00,0.0,44000.0,"POLYGON ((-85.90444814733226 31.866398006836835, -85.16251131067045 29.691641457176388, -86.68 28.168096708217718, -93.97750880328364 28.292691090479412, -93.11 28.80904835410886, -85.90444814733226 31.866398006836835))"
BRAVO 1,2022-04-14 09:15:00+00:00,2022-04-14 13:15:00+00:00,0.0,48000.0,"POLYGON ((-124 12, -120 11.3, -120 7, -124.45 7, -125.45 10.15, -124 12))"
16C,2022-04-14 09:55:00+00:00,2022-04-14 11:55:00+00:00,0.0,45000.0,"POLYGON ((-85.78203803091989 31.145237279696147, -85.87981854612578 27.873038097002674, -93.11 27.14535879674494, -92.16561299927645 29.313136185217296, -85.78203803091989 31.145237279696147))"
KILO 1,2022-04-14 10:50:00+00:00,2022-04-14 14:50:00+00:00,0.0,42000.0,"POLYGON ((-93 28.15, -86.45 28, -87.45 27.15, -94.15 27.15, -93 28.15))"
5E,2022-04-14 10:55:00+00:00,2022-04-14 12:55:00+00:00,0.0,42000.0,"POLYGON ((-82.34754976857124 30.33733124562165, -81.56873322948637 29.13324163591779, -83.02803775128177 28.216243808698113, -84.0986323219799 28.675836746172234, -84.35 29.821716242316416, -82.34754976857124 30.33733124562165))"
17C,2022-04-14 10:55:00+00:00,2022-04-14 12:55:00+00:00,0.0,44000.0,"POLYGON ((-85.66985624481356 30.826081272898357, -84.64303505615332 27.896089663070832, -94.58584988631691 27.21567377072675, -91.77249882811343 30.070239857519752, -85.66985624481356 30.826081272898357))"
6E,2022-04-14 11:55:00+00:00,2022-04-14 13:55:00+00:00,0.0,41000.0,"POLYGON ((-83.05 30.265475822945575, -81.81677113187385 29.55280592310109, -82.14516384028595 28.379529119827293, -85.29071092064703 28.398466564250135, -85.0768766276345 28.86093881581106, -83.05 30.265475822945575))"
18C,2022-04-14 11:55:00+00:00,2022-04-14 13:55:00+00:00,0.0,43000.0,"POLYGON ((-89.96387705301328 30.684840624391917, -86.32247702189 30.70217578748334, -86.68 28.00172775248132, -93.11 28.30994148689969, -89.96387705301328 30.684840624391917))"
7E,2022-04-14 11:55:00+00:00,2022-04-14 13:55:00+00:00,0.0,37000.0,"POLYGON ((-82.48415507504701 24.95030603150928, -81.18825183117612 24.16330499476472, -81.29206698833225 23.992359350934162, -82.58797023220315 24.779360387678725, -82.48415507504701 24.95030603150928))"
LIMA 1,2022-04-14 12:35:00+00:00,2022-04-14 16:35:00+00:00,0.0,32000.0,"POLYGON ((-60.3 40, -59.15 38.45, -63 37.45, -64 40, -60.3 40))"
9E,2022-04-14 12:55:00+00:00,2022-04-14 14:55:00+00:00,0.0,39000.0,"POLYGON ((-81.8 25.421844778681965, -81.29212108592688 24.780147440348717, -81.8 24.59, -82.53184114465463 24.588231466088477, -82.58067415382567 25.293824767608015, -81.8 25.421844778681965))"
19C,2022-04-14 12:55:00+00:00,2022-04-14 14:55:00+00:00,0.0,43000.0,"POLYGON ((-89.32770451625778 30.726410429325952, -86.13466574353804 30.358295136734466, -85.96360811662267 28.978394553899797, -86.68 28.00172775248132, -93.11 28.30994148689969, -89.32770451625778 30.726410429325952))"
8E,2022-04-14 12:55:00+00:00,2022-04-14 14:55:00+00:00,0.0,41000.0,"POLYGON ((-81.70153230391837 29.939162031259873, -81.11 29.3, -81.64440275833269 28.65031037185274, -83.05 28.87714530289553, -82.74243598196814 29.710295257522464, -81.70153230391837 29.939162031259873))"
BRAVO 2,2022-04-14 13:00:00+00:00,2022-04-14 17:00:00+00:00,0.0,50000.0,"POLYGON ((-123 13.15, -120 11.15, -120 7, -122.45 7, -126.15 8.45, -123 13.15))"
KILO 2,2022-04-14 13:40:00+00:00,2022-04-14 17:40:00+00:00,0.0,44000.0,"POLYGON ((-91.3 28.15, -85 28, -88 26.3, -90.45 26.45, -91.3 28.15))"
20C,2022-04-14 13:55:00+00:00,2022-04-14 15:55:00+00:00,,,"POLYGON ((-89.64370861159365 29.72135586749326, -90.48359342437918 29.17945339439098, -92.81543093382392 29.52083144033291, -86.68 29.88107795766064, -86.68 30.38344845066383, -89.64370861159365 29.72135586749326))"
11E,2022-04-14 13:55:00+00:00,2022-04-14 15:55:00+00:00,0.0,31000.0,"POLYGON ((-79.55298265182502 28.500327787280437, -78.79928014299323 27.66973798985201, -78.88114592700765 27.120543956737375, -79.2274954426497 26.99572638673913, -79.95631689135558 28.149539118733205, -79.55298265182502 28.500327787280437))"
12E,2022-04-14 13:55:00+00:00,2022-04-14 15:55:00+00:00,0.0,28000.0,"POLYGON ((-82.15226527965021 25.35811317607286, -81.54076433988425 24.82505908332018, -81.29366825030118 24.398154296576635, -81.8 24.257262088527213, -82.58067415382567 25.293824767608015, -82.15226527965021 25.35811317607286))"
10E,2022-04-14 13:55:00+00:00,2022-04-14 15:55:00+00:00,0.0,35000.0,"POLYGON ((-81.63786086167751 30.0728055370253, -81.41598807853062 29.189001512911766, -81.6901245225047 28.846232116286966, -82.10220526304235 28.81449595462681, -82.71746087075297 29.59958554599544, -81.63786086167751 30.0728055370253))"
13E,2022-04-14 14:55:00+00:00,2022-04-14 16:55:00+00:00,0.0,34000.0,"POLYGON ((-81.80324863503313 29.724853320855093, -81.49154851229622 29.299457815648363, -81.878064790012 29.009501507138317, -82.16891420750264 29.278757565572914, -81.80324863503313 29.724853320855093))"
14E,2022-04-14 14:55:00+00:00,2022-04-14 16:55:00+00:00,0.0,27000.0,"POLYGON ((-79.55298265182502 28.500327787280437, -78.79928014299323 27.66973798985201, -78.88114592700765 27.120543956737375, -79.2274954426497 26.99572638673913, -79.95631689135558 28.149539118733205, -79.55298265182502 28.500327787280437))"
21C,2022-04-14 14:55:00+00:00,2022-04-14 16:55:00+00:00,0.0,35000.0,"POLYGON ((-89.11674504890887 29.528727933702225, -88.38515919365182 29.169075727715725, -91.03571626812398 28.35326538449789, -92.24249119671636 28.292691090479412, -90.86219487579237 29.177841928328096, -89.11674504890887 29.528727933702225))"
LIMA 2,2022-04-14 15:31:00+00:00,2022-04-14 19:30:00+00:00,0.0,35000.0,"POLYGON ((-61.26 40.08, -56.32 37.44, -59.08 36.31, -64.08 39.11, -61.26 40.08))"
16E,2022-04-14 15:55:00+00:00,2022-04-14 17:55:00+00:00,0.0,35000.0,"POLYGON ((-79.55298265182502 28.500327787280437, -78.79928014299323 27.66973798985201, -78.88114592700765 27.120543956737375, -79.2274954426497 26.99572638673913, -79.95631689135558 28.149539118733205, -79.55298265182502 28.500327787280437))"
15E,2022-04-14 15:55:00+00:00,2022-04-14 17:55:00+00:00,0.0,35000.0,"POLYGON ((-81.65707935166914 30.032507950985465, -81.24505398820223 29.417572682385824, -81.878064790012 29.009501507138317, -82.16891420750264 29.278757565572914, -81.65707935166914 30.032507950985465))"
22C,2022-04-14 15:55:00+00:00,2022-04-14 17:55:00+00:00,0.0,35000.0,"POLYGON ((-89.11674504890887 29.528727933702225, -88.38515919365182 29.169075727715725, -91.03571626812398 28.35326538449789, -92.24249119671636 28.292691090479412, -90.86219487579237 29.177841928328096, -89.11674504890887 29.528727933702225))"
LIMA 3,2022-04-14 16:35:00+00:00,2022-04-14 20:35:00+00:00,0.0,35000.0,"POLYGON ((-58.3 39.15, -56.15 36.45, -58.45 36, -62 37.3, -58.3 39.15))"
BRAVO 3,2022-04-14 16:35:00+00:00,2022-04-14 20:35:00+00:00,0.0,50000.0,"POLYGON ((-122.15 13.15, -120 11.45, -120 6, -125.45 9, -122.15 13.15))"
17E,2022-04-14 16:55:00+00:00,2022-04-14 18:55:00+00:00,0.0,29000.0,"POLYGON ((-79.55298265182502 28.500327787280437, -78.79928014299323 27.66973798985201, -78.88114592700765 27.120543956737375, -79.2274954426497 26.99572638673913, -79.95631689135558 28.149539118733205, -79.55298265182502 28.500327787280437))"
23C,2022-04-14 16:55:00+00:00,2022-04-14 18:55:00+00:00,0.0,31000.0,"POLYGON ((-89.11674504890887 29.528727933702225, -88.38515919365182 29.169075727715725, -91.03571626812398 28.35326538449789, -92.24249119671636 28.292691090479412, -90.86219487579237 29.177841928328096, -89.11674504890887 29.528727933702225))"
18E,2022-04-14 16:55:00+00:00,2022-04-14 18:55:00+00:00,0.0,27000.0,"POLYGON ((-79.61806802467412 29.291709981274753, -79.12084108063333 29.285263146677547, -78.97407719437939 28.22499093893807, -79.27848637280454 28.117325761342954, -79.61806802467412 29.291709981274753))"
KILO 3,2022-04-14 17:05:00+00:00,2022-04-14 21:05:00+00:00,0.0,45000.0,"POLYGON ((-87 28, -85.15 26.45, -86.45 26.15, -90 26, -91 27, -87 28))"
20E,2022-04-14 17:55:00+00:00,2022-04-14 19:55:00+00:00,0.0,27000.0,"POLYGON ((-78.56848498931308 28.36706140272879, -78.36017565993521 27.306171963528065, -79.56117451794687 27.14958210160337, -79.68772347455695 28.383530149328113, -78.56848498931308 28.36706140272879))"
19E,2022-04-14 17:55:00+00:00,2022-04-14 19:55:00+00:00,0.0,27000.0,"POLYGON ((-74.72 44.07815522131805, -74.06205798724717 43.21081726173406, -75.94294190558098 42.24931859753032, -76.41049473433212 43.096140300278215, -74.72 44.07815522131805))"
24C,2022-04-14 17:55:00+00:00,2022-04-14 19:55:00+00:00,0.0,31000.0,"POLYGON ((-89.39406559613732 29.432815042019243, -89.04765111827678 28.793887402199687, -91.03571626812398 28.35326538449789, -91.84955358391116 28.531968360228927, -90.86219487579237 29.177841928328096, -89.39406559613732 29.432815042019243))"
21E,2022-04-14 17:55:00+00:00,2022-04-14 19:55:00+00:00,0.0,38000.0,"POLYGON ((-81.65603816754435 26.797078632470786, -80.28 25.36628718173732, -81.3488290158478 24.998234947041666, -82.22850556152349 26.695272844460348, -81.65603816754435 26.797078632470786))"
23E,2022-04-14 17:55:00+00:00,2022-04-14 19:55:00+00:00,0.0,35000.0,"POLYGON ((-82.02620557728466 25.99552441694599, -81.6874851766238 24.69218526933297, -82.11797930554476 24.58966613009459, -82.6876465156075 25.70931751315879, -82.02620557728466 25.99552441694599))"
22E,2022-04-14 17:55:00+00:00,2022-04-14 19:55:00+00:00,0.0,27000.0,"POLYGON ((-80.03820491847607 27.513292766566742, -79.97569403524858 26.577727176276053, -80.53779275310153 26.513323578505126, -80.61464556894444 27.412811991555706, -80.03820491847607 27.513292766566742))"
24E,2022-04-14 18:55:00+00:00,2022-04-14 20:55:00+00:00,0.0,27000.0,"POLYGON ((-74.3642060153232 44.29462427253707, -73.8 43.41547582294556, -74.97362360695183 42.67430176478108, -75.87620523702529 43.39482580724368, -74.3642060153232 44.29462427253707))"
25E,2022-04-14 18:55:00+00:00,2022-04-14 20:55:00+00:00,0.0,35000.0,"POLYGON ((-78.56848498931308 28.36706140272879, -78.53402530115817 27.244510149211685, -79.69379427792553 27.032371714733443, -79.68772347455695 28.383530149328113, -78.56848498931308 28.36706140272879))"
29E,2022-04-14 18:55:00+00:00,2022-04-14 20:55:00+00:00,0.0,25000.0,"POLYGON ((-75.95853655590692 42.52880056758702, -74.19900447552574 41.68431957355361, -75.90200807837266 39.49502247725446, -77.47383031290947 40.42663198258872, -75.95853655590692 42.52880056758702))"
25C,2022-04-14 18:55:00+00:00,2022-04-14 20:55:00+00:00,0.0,22000.0,"POLYGON ((-89.57087705355593 29.36995977389581, -89.29705436816528 28.471762673224408, -91.03571626812398 28.35326538449789, -91.32697679203754 28.728742840558308, -90.86219487579237 29.177841928328096, -89.57087705355593 29.36995977389581))"
1W,2022-04-14 18:55:00+00:00,2022-04-14 20:55:00+00:00,0.0,35000.0,"POLYGON ((-115.92443287538377 44.01080878220835, -115.5013772323446 43.54793351022476, -116.83422651823889 43.077620086045435, -117.10814736885332 43.54632630744694, -115.92443287538377 44.01080878220835))"
27E,2022-04-14 18:55:00+00:00,2022-04-14 20:55:00+00:00,0.0,43000.0,"POLYGON ((-81.59383847295202 26.930577395762587, -80.28 25.36628718173732, -81.3488290158478 24.998234947041666, -82.07885964686697 26.640338216811248, -81.59383847295202 26.930577395762587))"
28E,2022-04-14 18:55:00+00:00,2022-04-14 20:55:00+00:00,0.0,33000.0,"POLYGON ((-82.02620557728466 25.99552441694599, -81.6874851766238 24.69218526933297, -82.11797930554476 24.58966613009459, -82.57488417181274 25.81221170199911, -82.02620557728466 25.99552441694599))"
26E,2022-04-14 18:55:00+00:00,2022-04-14 20:55:00+00:00,0.0,30000.0,"POLYGON ((-80.03820491847607 27.513292766566742, -79.97569403524858 26.577727176276053, -80.53779275310153 26.513323578505126, -80.61464556894444 27.412811991555706, -80.03820491847607 27.513292766566742))"
32E,2022-04-14 19:55:00+00:00,2022-04-14 21:55:00+00:00,0.0,20000.0,"POLYGON ((-78.39258495235237 28.428185245373538, -78.53402530115817 27.244510149211685, -79.69379427792553 27.032371714733443, -79.55298265182502 28.500327787280437, -78.39258495235237 28.428185245373538))"
30E,2022-04-14 19:55:00+00:00,2022-04-14 21:55:00+00:00,0.0,23000.0,"POLYGON ((-73.85573290850877 44.65206455000684, -72.28588520586334 44.207523306600734, -73.8 43.24910686720917, -74.72 43.91178626558165, -73.85573290850877 44.65206455000684))"
26C,2022-04-14 19:55:00+00:00,2022-04-14 21:55:00+00:00,0.0,22000.0,"POLYGON ((-88.95672772293237 29.1751444707926, -89.03180928940711 28.23463979765442, -91.03571626812398 28.35326538449789, -90.7698769915354 28.590130739400426, -90.80243892825852 28.923500816243394, -88.95672772293237 29.1751444707926))"
35E,2022-04-14 19:55:00+00:00,2022-04-14 21:55:00+00:00,0.0,25000.0,"POLYGON ((-73.49600649572389 43.28386468200959, -72.13738798796915 42.80973302406811, -73.23622170629865 41.52979237421399, -74.54112913447614 42.05736689243127, -73.49600649572389 43.28386468200959))"
34E,2022-04-14 19:55:00+00:00,2022-04-14 21:55:00+00:00,0.0,42000.0,"POLYGON ((-81.53149137504136 27.064048828846378, -80.40262517243633 25.53281636739097, -81.3488290158478 24.998234947041666, -82.36372504069705 26.99917800025504, -81.53149137504136 27.064048828846378))"
33E,2022-04-14 19:55:00+00:00,2022-04-14 21:55:00+00:00,0.0,43000.0,"POLYGON ((-80.64090386209831 27.73524314595772, -80.16349184219264 27.67961729135725, -79.97569403524858 26.577727176276053, -80.5269213146082 26.334055651215614, -80.64090386209831 27.73524314595772))"
31E,2022-04-14 19:55:00+00:00,2022-04-14 21:55:00+00:00,0.0,23000.0,"POLYGON ((-75.13994264672284 42.11518425812229, -73.5839055492886 41.65989987317683, -76.5266164165323 38.69290031307951, -77.72780737947267 38.907046362735855, -75.13994264672284 42.11518425812229))"
KILO 4,2022-04-14 20:50:00+00:00,2022-04-15 00:50:00+00:00,0.0,40000.0,"POLYGON ((-87.3 27.35, -85.25 25.55, -87.5 25.2, -90 26.3, -87.3 27.35))"
40E,2022-04-14 20:55:00+00:00,2022-04-14 22:55:00+00:00,0.0,40000.0,"POLYGON ((-78.56848498931308 28.36706140272879, -78.53402530115817 27.244510149211685, -79.69379427792553 27.032371714733443, -79.55298265182502 28.500327787280437, -78.56848498931308 28.36706140272879))"
36E,2022-04-14 20:55:00+00:00,2022-04-14 22:55:00+00:00,0.0,28000.0,"POLYGON ((-73.78039188930572 44.90614762885614, -71.78 44.504524177054435, -72.72142905474996 43.21432582907119, -74.32810351912907 43.67102729154567, -73.78039188930572 44.90614762885614))"
38E,2022-04-14 20:55:00+00:00,2022-04-14 22:55:00+00:00,0.0,39000.0,"POLYGON ((-74.64776507449963 42.05803855136088, -72.63248581932619 41.15486031852961, -76.58500408013994 37.01671268476517, -78.99856874216499 37.71087018059143, -74.64776507449963 42.05803855136088))"
39E,2022-04-14 20:55:00+00:00,2022-04-14 22:55:00+00:00,0.0,33000.0,"POLYGON ((-79.07937725480272 37.55730145746631, -76.8240389423033 36.88836842985252, -80.20005279829672 34.93301949383318, -81.93 35.52910686720919, -79.07937725480272 37.55730145746631))"
42E,2022-04-14 20:55:00+00:00,2022-04-14 22:55:00+00:00,0.0,34000.0,"POLYGON ((-81.46899570065575 27.197492708541496, -80.40262517243633 25.53281636739097, -81.3488290158478 24.998234947041666, -82.36372504069705 26.99917800025504, -81.46899570065575 27.197492708541496))"
37E,2022-04-14 20:55:00+00:00,2022-04-14 22:55:00+00:00,0.0,38000.0,"POLYGON ((-73.49600649572389 43.28386468200959, -71.35372495733138 42.8190777259586, -72.59141613157718 41.12413655523641, -74.42442373004947 41.77988524160266, -73.49600649572389 43.28386468200959))"
41E,2022-04-14 20:55:00+00:00,2022-04-14 22:55:00+00:00,0.0,35000.0,"POLYGON ((-80.64090386209831 27.73524314595772, -80.16349184219264 27.67961729135725, -79.96645388137776 26.412814336910078, -80.62152251642492 26.106281999028436, -80.64090386209831 27.73524314595772))"
43E,2022-04-14 20:55:00+00:00,2022-04-14 22:55:00+00:00,0.0,42000.0,"POLYGON ((-82.1304467907701 30.559835199318783, -82.74243598196814 29.710295257522464, -83.28561962433773 29.804246099223043, -83.05 30.467425636525373, -82.1304467907701 30.559835199318783))"
44E,2022-04-14 21:55:00+00:00,2022-04-14 23:55:00+00:00,0.0,38000.0,"POLYGON ((-72.26488462420694 43.217957214674215, -71.61592727392248 42.54930078149215, -74.7352871234375 39.584318023691424, -75.68 39.91452417705443, -72.26488462420694 43.217957214674215))"
45E,2022-04-14 21:55:00+00:00,2022-04-14 23:55:00+00:00,0.0,34000.0,"POLYGON ((-77.04 38.71542906057911, -76.64784302316369 38.55266168855981, -77.45997269720719 37.7670498183171, -77.87 38.206287181737316, -77.04 38.71542906057911))"
46E,2022-04-14 21:55:00+00:00,2022-04-14 23:55:00+00:00,0.0,45000.0,"POLYGON ((-81.39221690075914 27.345130360656245, -80.28 26.08914187884179, -81.53379442271535 25.99552441694599, -81.39221690075914 27.345130360656245))"
47E,2022-04-14 22:55:00+00:00,2022-04-15 00:55:00+00:00,0.0,34000.0,"POLYGON ((-72.69 42.439106867209176, -71.61213373489194 42.167315332565586, -73.9967847622809 39.81919445592741, -74.73738476046408 40.054876410244646, -72.69 42.439106867209176))"
48E,2022-04-14 22:55:00+00:00,2022-04-15 00:55:00+00:00,0.0,35000.0,"POLYGON ((-76.908906097942 38.75769958655525, -75.77144370204032 38.55416432200136, -76.02848614379884 37.93994712682875, -77.3898605925852 37.63354557836981, -76.908906097942 38.75769958655525))"
49E,2022-04-14 22:55:00+00:00,2022-04-15 00:55:00+00:00,0.0,44000.0,"POLYGON ((-80.68908821711774 26.90004226192626, -79.98301434104536 25.91034808500411, -80.72568646492721 25.965295068905352, -81.4363038140103 26.836268948484577, -80.68908821711774 26.90004226192626))"
50E,2022-04-14 22:55:00+00:00,2022-04-15 00:55:00+00:00,0.0,36000.0,"POLYGON ((-77.87 33.33800342405374, -77.87 32.90429060579106, -78.71753971984795 31.75852631188312, -78.95554325297286 31.96526723143688, -77.87 33.33800342405374))"
52E,2022-04-14 23:55:00+00:00,2022-04-15 01:55:00+00:00,0.0,34000.0,"POLYGON ((-75.75511472641801 38.81086026649829, -75.11732462182594 38.476679070166306, -77.6383896145112 36.88475176599442, -78.79869658513489 36.89625769469858, -75.75511472641801 38.81086026649829))"
53E,2022-04-14 23:55:00+00:00,2022-04-15 01:55:00+00:00,0.0,37000.0,"POLYGON ((-81.18589493126514 27.93292726169233, -80.42180042746558 26.107340914101695, -80.8343635575218 25.798949119323996, -81.92693955452833 27.907952943525746, -81.18589493126514 27.93292726169233))"
57E,2022-04-14 23:55:00+00:00,2022-04-15 01:55:00+00:00,0.0,30000.0,"POLYGON ((-81.9292138071375 30.726057976870884, -81.56557744350113 30.726057976870884, -81.56557744350113 30.362421613234517, -81.9292138071375 30.362421613234517, -81.9292138071375 30.726057976870884))"
56E,2022-04-14 23:55:00+00:00,2022-04-15 01:55:00+00:00,0.0,35000.0,"POLYGON ((-76.72540851163015 36.51298544612403, -76.63056960339605 36.33690142786863, -78.07512120359449 35.558865476576834, -78.16996011182859 35.73494949483223, -76.72540851163015 36.51298544612403))"
55E,2022-04-14 23:55:00+00:00,2022-04-15 01:55:00+00:00,0.0,30000.0,"POLYGON ((-71.84284835907573 42.02594449908028, -71.60879157352737 41.664536460667705, -72.46702998589716 41.18703910455635, -72.83813419174817 41.67277230135009, -71.84284835907573 42.02594449908028))"
54E,2022-04-14 23:55:00+00:00,2022-04-15 01:55:00+00:00,0.0,43000.0,"POLYGON ((-77.53757794876309 33.681719124848954, -77.34060085987745 33.280327696041745, -78.59893688826263 31.654990326569408, -78.83640804659295 31.861952177682728, -77.53757794876309 33.681719124848954))"
51E,2022-04-14 23:55:00+00:00,2022-04-15 01:55:00+00:00,0.0,30000.0,"POLYGON ((-73.41743207948605 40.74011421039061, -72.85782772481903 40.5098380105612, -73.23448116691 40.219850731982724, -73.69724688862385 40.49641101621034, -73.41743207948605 40.74011421039061))"
2E,2022-04-15 00:55:00+00:00,2022-04-15 02:55:00+00:00,0.0,42000.0,"POLYGON ((-75.48162719054064 34.874613397761685, -75.17879359740719 34.257627423980296, -78.114134192269 31.228223940412413, -78.65728330880478 31.705967249332993, -75.48162719054064 34.874613397761685))"
1E,2022-04-15 00:55:00+00:00,2022-04-15 02:55:00+00:00,0.0,38000.0,"POLYGON ((-76.1572016037216 37.837080098416116, -75.5300591080668 37.109421431951354, -78.73772103449474 37.082963536442186, -77.65721152610692 37.61017086000354, -76.1572016037216 37.837080098416116))"
4E,2022-04-15 00:55:00+00:00,2022-04-15 02:55:00+00:00,0.0,27000.0,"POLYGON ((-71.53852113601532 42.42794197098926, -70.99306659056079 42.42794197098926, -70.99306659056079 41.88248742553471, -71.53852113601532 41.88248742553471, -71.53852113601532 42.42794197098926))"
3E,2022-04-15 00:55:00+00:00,2022-04-15 02:55:00+00:00,0.0,34000.0,"POLYGON ((-80.80048889019308 27.011823742262127, -80.7357600598367 26.208197054565407, -81.5518887743559 26.325364458655777, -81.65603816754435 26.797078632470786, -80.80048889019308 27.011823742262127))"
6E,2022-04-15 00:55:00+00:00,2022-04-15 02:55:00+00:00,0.0,30000.0,"POLYGON ((-81.82037877464403 30.788887573154646, -81.45674241100765 30.788887573154646, -81.45674241100765 30.42525120951828, -81.82037877464403 30.42525120951828, -81.82037877464403 30.788887573154646))"
5E,2022-04-15 00:55:00+00:00,2022-04-15 02:55:00+00:00,0.0,35000.0,"POLYGON ((-81.26307701502243 29.24458782912932, -80.98344833902095 29.032808099971728, -81.34 28.106287181737315, -81.80367645496291 28.13030458025335, -81.26307701502243 29.24458782912932))"
1W,2022-04-15 00:55:00+00:00,2022-04-15 02:55:00+00:00,0.0,28000.0,"POLYGON ((-122.29445603796117 40.77322146858942, -121.74900149250664 40.77322146858942, -121.74900149250664 40.22776692313487, -122.29445603796117 40.22776692313487, -122.29445603796117 40.77322146858942))"
7E,2022-04-15 01:55:00+00:00,2022-04-15 03:55:00+00:00,0.0,40000.0,"POLYGON ((-75.04452461103627 38.63862918434572, -73.60321938035213 38.15271796951693, -77.21158953263324 36.255570941751046, -77.02249638951126 37.734908715085794, -75.04452461103627 38.63862918434572))"
8E,2022-04-15 01:55:00+00:00,2022-04-15 03:55:00+00:00,0.0,44000.0,"POLYGON ((-74.11705479269541 36.242286206557836, -73.91498722514666 35.4745690241172, -78.114134192269 31.228223940412413, -78.65728330880478 31.705967249332993, -74.11705479269541 36.242286206557836))"
10E,2022-04-15 01:55:00+00:00,2022-04-15 03:55:00+00:00,0.0,42000.0,"POLYGON ((-81.6901245225047 28.846232116286966, -81.10681145724729 28.74425496922861, -81.65291842358704 27.87181101652314, -81.94702017527639 27.62000264914065, -81.6901245225047 28.846232116286966))"
9E,2022-04-15 01:55:00+00:00,2022-04-15 03:55:00+00:00,0.0,34000.0,"POLYGON ((-80.80048889019308 27.011823742262127, -81.18400716465743 26.307462433703495, -81.78 26.385429060579106, -81.59383847295202 26.930577395762587, -80.80048889019308 27.011823742262127))"
2W,2022-04-15 01:55:00+00:00,2022-04-15 03:55:00+00:00,0.0,24000.0,"POLYGON ((-122.4218181818182 40.426389121239076, -122.05818181818182 40.426389121239076, -122.05818181818182 40.062752757602716, -122.4218181818182 40.062752757602716, -122.4218181818182 40.426389121239076))"
11E,2022-04-15 02:55:00+00:00,2022-04-15 04:55:00+00:00,,,"POLYGON ((-75.79470421073778 38.34965580940466, -76.40937581087712 36.88981633307628, -78.46223278251085 35.76277646591328, -74.44536670488677 38.823172132480195, -75.79470421073778 38.34965580940466))"
13E,2022-04-15 02:55:00+00:00,2022-04-15 04:55:00+00:00,0.0,34000.0,"POLYGON ((-80.93385684363821 29.236217809028442, -80.4067456818193 29.043491787627, -82.03817340311798 28.283548620013455, -81.74309367225584 28.892326478507222, -80.93385684363821 29.236217809028442))"
12E,2022-04-15 02:55:00+00:00,2022-04-15 04:55:00+00:00,0.0,44000.0,"POLYGON ((-74.31958095363107 34.7161654317201, -77.50317978545469 31.973007508938025, -78.04244026577516 32.173763670293084, -75.32964868748161 34.56621388586957, -74.31958095363107 34.7161654317201))"
15E,2022-04-15 02:55:00+00:00,2022-04-15 04:55:00+00:00,0.0,36000.0,"POLYGON ((-80.39536430044043 26.59463251872826, -80.03172793680406 26.59463251872826, -80.03172793680406 26.230996155091894, -80.39536430044043 26.230996155091894, -80.39536430044043 26.59463251872826))"
14E,2022-04-15 02:55:00+00:00,2022-04-15 04:55:00+00:00,0.0,42000.0,"POLYGON ((-80.1525116992762 31.338573509909736, -79.68005182460985 30.92521942200582, -79.92582316061981 30.317046363722408, -80.33745077959463 30.334769376460603, -80.1525116992762 31.338573509909736))"
18E,2022-04-15 03:55:00+00:00,2022-04-15 05:55:00+00:00,0.0,43000.0,"POLYGON ((-79.22138683437119 31.19657097258367, -78.62090868383004 30.168248924699977, -79.77520385406847 30.328550203727264, -79.7174551077208 30.964444740028352, -79.22138683437119 31.19657097258367))"
17E,2022-04-15 03:55:00+00:00,2022-04-15 05:55:00+00:00,0.0,37000.0,"POLYGON ((-74.88444047953132 35.19421416928657, -74.31958095363107 34.7161654317201, -76.59787624662071 31.730388451360884, -77.86242363578312 32.10709887104252, -74.88444047953132 35.19421416928657))"
16E,2022-04-15 03:55:00+00:00,2022-04-15 05:55:00+00:00,0.0,39000.0,"POLYGON ((-73.43403988304122 39.49739887272761, -73.03197967198376 38.51359485585971, -75.79938158942578 36.13206341330224, -76.18540602750163 38.85688616324927, -73.43403988304122 39.49739887272761))"
3W,2022-04-15 03:55:00+00:00,2022-04-15 05:55:00+00:00,0.0,23000.0,"POLYGON ((-122.15372443715755 40.485963824572956, -121.79008807352118 40.485963824572956, -121.79008807352118 40.122327460936596, -122.15372443715755 40.122327460936596, -122.15372443715755 40.485963824572956))"
19E,2022-04-15 04:55:00+00:00,2022-04-15 06:55:00+00:00,0.0,41000.0,"POLYGON ((-73.00171769041874 40.039239188048676, -72.32 38.75720357542691, -75.744283110216 35.90628668667937, -75.59135594363438 38.50367679573898, -73.00171769041874 40.039239188048676))"
22E,2022-04-15 04:55:00+00:00,2022-04-15 06:55:00+00:00,0.0,34000.0,"POLYGON ((-79.55067052263696 27.676832485442556, -78.97286876565066 26.675630616850057, -79.23229775313193 26.35909350890834, -80.09 27.17910686720918, -79.55067052263696 27.676832485442556))"
20E,2022-04-15 04:55:00+00:00,2022-04-15 06:55:00+00:00,0.0,43000.0,"POLYGON ((-74.47702885257405 35.67489660334179, -73.90021744915809 34.35593367745108, -76.59787624662071 31.730388451360884, -77.86242363578312 32.10709887104252, -74.47702885257405 35.67489660334179))"
21E,2022-04-15 04:55:00+00:00,2022-04-15 06:55:00+00:00,0.0,45000.0,"POLYGON ((-78.59893688826263 31.654990326569408, -78.63818694509118 30.162433797852838, -80.00247177828565 30.33135375666221, -79.95363615155655 30.884035478591002, -78.59893688826263 31.654990326569408))"
24E,2022-04-15 05:55:00+00:00,2022-04-15 07:55:00+00:00,0.0,40000.0,"POLYGON ((-72.418413134897 37.29047722444652, -72.79933985502997 35.06616814957474, -77.50317978545469 31.973007508938025, -76.8624767143919 34.3458732348642, -72.418413134897 37.29047722444652))"
25E,2022-04-15 05:55:00+00:00,2022-04-15 07:55:00+00:00,0.0,40000.0,"POLYGON ((-77.18711036928703 32.96475210855679, -77.90182995378836 30.407647758682796, -79.5148168257957 29.863520091530443, -79.29457135854977 31.35073339322147, -77.18711036928703 32.96475210855679))"
26E,2022-04-15 05:55:00+00:00,2022-04-15 07:55:00+00:00,0.0,37000.0,"POLYGON ((-79.55298265182502 28.500327787280437, -78.41435664634788 26.67016943413214, -79.15905003836006 26.67696566493167, -80.27339745201733 28.14094605091884, -79.55298265182502 28.500327787280437))"
23E,2022-04-15 05:55:00+00:00,2022-04-15 07:55:00+00:00,0.0,40000.0,"POLYGON ((-71.85541947727528 40.56614317245856, -70.03 38.45172775248133, -74.47702885257405 35.67489660334179, -75.10217151216268 38.86432813964422, -71.85541947727528 40.56614317245856))"
27E,2022-04-15 06:55:00+00:00,2022-04-15 08:55:00+00:00,0.0,37000.0,"POLYGON ((-71.70165239778278 40.447779598601855, -68.64439000461954 38.65853257062535, -72.79933985502997 35.06616814957474, -74.44933837062926 38.34522272756108, -71.70165239778278 40.447779598601855))"
28E,2022-04-15 06:55:00+00:00,2022-04-15 08:55:00+00:00,0.0,45000.0,"POLYGON ((-74.03382857363717 37.16427249103546, -72.79933985502997 35.06616814957474, -76.59787624662071 31.730388451360884, -78.65728330880478 31.705967249332993, -74.03382857363717 37.16427249103546))"
29E,2022-04-15 06:55:00+00:00,2022-04-15 08:55:00+00:00,0.0,40000.0,"POLYGON ((-77.9792078756522 31.108432486859222, -78.80175057032277 25.792527561935092, -80.20078323475343 28.294518877577687, -79.7174551077208 30.964444740028352, -77.9792078756522 31.108432486859222))"
MIKE 1,2022-04-15 07:25:00+00:00,2022-04-15 11:25:00+00:00,0.0,42000.0,"POLYGON ((-67 39, -68.15 37.15, -72.3 35, -72.3 37.15, -67 39))"
32E,2022-04-15 07:55:00+00:00,2022-04-15 09:55:00+00:00,0.0,44000.0,"POLYGON ((-78.114134192269 31.228223940412413, -78.36017565993521 27.306171963528065, -79.56117451794687 27.14958210160337, -80.43158422428436 29.88648850803795, -78.114134192269 31.228223940412413))"
30E,2022-04-15 07:55:00+00:00,2022-04-15 09:55:00+00:00,0.0,40000.0,"POLYGON ((-70.6516898367902 40.807758520738055, -67.15378242906115 39.00836505537713, -72.58141744893663 37.314117035316904, -72.32 39.25631044263608, -70.6516898367902 40.807758520738055))"
31E,2022-04-15 07:55:00+00:00,2022-04-15 09:55:00+00:00,0.0,45000.0,"POLYGON ((-72.44912037204143 38.31226701060093, -72.79933985502997 35.06616814957474, -76.59787624662071 31.730388451360884, -78.7939420029141 31.825042268081663, -72.44912037204143 38.31226701060093))"
ALFA 1,2022-04-15 08:35:00+00:00,2022-04-15 12:35:00+00:00,0.0,45000.0,"POLYGON ((-72.3 35, -73.45 33.15, -77 31, -77 32.15, -72.3 35))"
34E,2022-04-15 08:55:00+00:00,2022-04-15 10:55:00+00:00,0.0,45000.0,"POLYGON ((-72.58141744893663 37.314117035316904, -72.61449218536606 34.997111206835285, -78.24940281019201 31.347874173341076, -79.44166346475708 31.65893283188886, -72.58141744893663 37.314117035316904))"
33E,2022-04-15 08:55:00+00:00,2022-04-15 10:55:00+00:00,0.0,38000.0,"POLYGON ((-70.20024338328672 41.58728468686559, -66.80889025182304 40.21603622357932, -67.00761984485005 38.886886920236115, -71.4849127585348 37.97036505946073, -70.20024338328672 41.58728468686559))"
35E,2022-04-15 08:55:00+00:00,2022-04-15 10:55:00+00:00,0.0,43000.0,"POLYGON ((-76.89048327355702 32.347912658677075, -77.33292425561181 28.79014587564077, -79.91042308135889 25.799532939130657, -79.96793375336792 30.330953028327283, -76.89048327355702 32.347912658677075))"
38E,2022-04-15 09:55:00+00:00,2022-04-15 11:55:00+00:00,0.0,43000.0,"POLYGON ((-76.89048327355702 32.347912658677075, -77.33292425561181 28.79014587564077, -79.6298812004389 25.210354803629514, -79.96793375336792 30.330953028327283, -76.89048327355702 32.347912658677075))"
37E,2022-04-15 09:55:00+00:00,2022-04-15 11:55:00+00:00,0.0,45000.0,"POLYGON ((-72.418413134897 37.29047722444652, -72.61449218536606 34.997111206835285, -78.24940281019201 31.347874173341076, -78.58406964409272 32.372222172806104, -72.418413134897 37.29047722444652))"
36E,2022-04-15 09:55:00+00:00,2022-04-15 11:55:00+00:00,0.0,40000.0,"POLYGON ((-69.58723556046168 41.2791518073116, -66.41351892391529 40.07683501012038, -67.00761984485005 38.886886920236115, -71.29315592314053 37.90104363007683, -69.58723556046168 41.2791518073116))"
ALFA 2,2022-04-15 10:25:00+00:00,2022-04-15 14:25:00+00:00,0.0,45000.0,"POLYGON ((-72.3 37.15, -71.45 34.15, -75.45 30.3, -77 27.45, -77 32.15, -72.3 35, -72.3 37.15))"
MIKE 2,2022-04-15 10:25:00+00:00,2022-04-15 14:25:00+00:00,0.0,42000.0,"POLYGON ((-65.3 41.15, -64.45 39.15, -71.45 34.15, -72.3 37.15, -67 39, -67 41, -65.3 41.15))"
39E,2022-04-15 10:55:00+00:00,2022-04-15 12:55:00+00:00,0.0,40000.0,"POLYGON ((-69.21506935197536 41.02245368628932, -66.0197684389784 39.936295256422774, -67.00761984485005 38.886886920236115, -70.78573254774315 37.98920689375615, -69.21506935197536 41.02245368628932))"
40E,2022-04-15 10:55:00+00:00,2022-04-15 12:55:00+00:00,0.0,45000.0,"POLYGON ((-72.418413134897 37.29047722444652, -72.61449218536606 34.997111206835285, -79.00325341711344 30.733837539856523, -78.93095346765332 31.94397086757049, -72.418413134897 37.29047722444652))"
41E,2022-04-15 10:55:00+00:00,2022-04-15 12:55:00+00:00,0.0,45000.0,"POLYGON ((-76.89048327355702 32.347912658677075, -76.97808172116771 28.908957479633735, -79.6298812004389 25.210354803629514, -80.53767976415757 29.298780093543147, -76.89048327355702 32.347912658677075))"
42E,2022-04-15 10:55:00+00:00,2022-04-15 12:55:00+00:00,0.0,37000.0,"POLYGON ((-81.95492785953333 29.480180537437953, -81.59129149589695 29.480180537437953, -81.59129149589695 29.116544173801586, -81.95492785953333 29.116544173801586, -81.95492785953333 29.480180537437953))"
44E,2022-04-15 11:55:00+00:00,2022-04-15 13:55:00+00:00,0.0,45000.0,"POLYGON ((-72.8860985327874 36.20285440455486, -72.61449218536606 34.997111206835285, -76.81696033297256 32.19359480289175, -74.88444047953132 35.19421416928657, -72.8860985327874 36.20285440455486))"
43E,2022-04-15 11:55:00+00:00,2022-04-15 13:55:00+00:00,0.0,40000.0,"POLYGON ((-68.25917232993609 41.266430811375514, -66.93193646781027 41.238457112729044, -67.15378242906115 39.00836505537713, -71.29315592314053 37.90104363007683, -68.25917232993609 41.266430811375514))"
45E,2022-04-15 11:55:00+00:00,2022-04-15 13:55:00+00:00,0.0,45000.0,"POLYGON ((-76.96425744252087 32.50218772195476, -77.19329300856887 25.568384562905813, -80.01918559080688 25.564486356748745, -80.35341914619903 30.334910875458505, -76.96425744252087 32.50218772195476))"
1C,2022-04-15 11:55:00+00:00,2022-04-15 13:55:00+00:00,0.0,29000.0,"POLYGON ((-94.12 36.91547582294557, -93.33 36.86089313279082, -92.92994128412623 34.9323722435418, -93.83897199837985 35.03631157153431, -94.12 36.91547582294557))"
47E,2022-04-15 12:55:00+00:00,2022-04-15 14:55:00+00:00,0.0,40000.0,"POLYGON ((-72.8860985327874 36.20285440455486, -72.61449218536606 34.997111206835285, -76.18824930117962 32.92676335171022, -74.31958095363107 34.7161654317201, -72.8860985327874 36.20285440455486))"
48E,2022-04-15 12:55:00+00:00,2022-04-15 14:55:00+00:00,0.0,45000.0,"POLYGON ((-76.89048327355702 32.347912658677075, -77.19329300856887 25.568384562905813, -80.13819957253443 26.107340914101695, -80.40322886812616 29.55280592310109, -78.04244026577516 32.173763670293084, -76.89048327355702 32.347912658677075))"
46E,2022-04-15 12:55:00+00:00,2022-04-15 14:55:00+00:00,0.0,33000.0,"POLYGON ((-67.12776205799324 42.135165731758825, -67.15378242906115 39.00836505537713, -70.78573254774315 37.98920689375615, -68.04142167847384 39.7333406427176, -67.12776205799324 42.135165731758825))"
2C,2022-04-15 12:55:00+00:00,2022-04-15 14:55:00+00:00,0.0,31000.0,"POLYGON ((-94.49482410959068 38.82862744943462, -93.33 37.85910686720918, -92.88227153159998 36.24362461849089, -94.27727728804268 35.942487165542296, -95.47316860065065 38.58423968751526, -94.49482410959068 38.82862744943462))"
51E,2022-04-15 13:55:00+00:00,2022-04-15 15:55:00+00:00,0.0,45000.0,"POLYGON ((-76.89048327355702 32.347912658677075, -76.92536262025473 26.644934515787455, -77.70047740192894 25.768728893325953, -80.28 26.132737911472788, -79.89775140197627 30.903112759593455, -76.89048327355702 32.347912658677075))"
52E,2022-04-15 13:55:00+00:00,2022-04-15 15:55:00+00:00,0.0,35000.0,"POLYGON ((-78.24448646434863 25.021872645707138, -78.3482983082875 24.022719882865772, -79.5128567803571 24.10724738331726, -79.24283907503919 24.855209794324182, -78.24448646434863 25.021872645707138))"
50E,2022-04-15 13:55:00+00:00,2022-04-15 15:55:00+00:00,0.0,38000.0,"POLYGON ((-72.8860985327874 36.20285440455486, -72.61449218536606 34.997111206835285, -73.90021744915809 34.35593367745108, -73.91498722514666 35.4745690241172, -72.8860985327874 36.20285440455486))"
49E,2022-04-15 13:55:00+00:00,2022-04-15 15:55:00+00:00,0.0,32000.0,"POLYGON ((-67.15305874683217 41.24417760921642, -67.15378242906115 39.00836505537713, -70.03 38.11898984100855, -68.04142167847384 39.7333406427176, -67.15305874683217 41.24417760921642))"
3C,2022-04-15 13:55:00+00:00,2022-04-15 15:55:00+00:00,0.0,33000.0,"POLYGON ((-93.50683139934935 38.58423968751526, -91.86493596591734 37.35096498799105, -91.70855174868449 35.852939785534595, -93.19152085767034 34.67582201304742, -94.91381257618639 38.26923779493943, -93.50683139934935 38.58423968751526))"
MIKE 3,2022-04-15 14:15:00+00:00,2022-04-15 18:15:00+00:00,0.0,40000.0,"POLYGON ((-69.3 38.3, -65.15 38, -69.3 34.45, -72.3 34.45, -72.3 36.45, -69.3 38.3))"
ALFA 3,2022-04-15 14:20:00+00:00,2022-04-15 18:20:00+00:00,0.0,43000.0,"POLYGON ((-72.3 35, -69.15 34.15, -75 29.45, -77 29.15, -77 32.15, -72.3 35))"
BRAVO 1,2022-04-15 14:25:00+00:00,2022-04-15 18:25:00+00:00,0.0,47000.0,"POLYGON ((-77 28.45, -74.15 27.45, -76.15 24.45, -79 26, -79 27, -77 28.45))"
54E,2022-04-15 14:55:00+00:00,2022-04-15 16:55:00+00:00,0.0,35000.0,"POLYGON ((-78.9860466174684 24.617894306950927, -78.3482983082875 24.022719882865772, -79.5128567803571 24.10724738331726, -79.65078528567945 24.415309580049954, -78.9860466174684 24.617894306950927))"
53E,2022-04-15 14:55:00+00:00,2022-04-15 16:55:00+00:00,0.0,45000.0,"POLYGON ((-76.89048327355702 32.347912658677075, -76.62242876451066 29.02683697822481, -79.17129254390262 25.795796612937057, -80.94770224686808 26.359093508908344, -79.14844043231594 31.04236726841283, -76.89048327355702 32.347912658677075))"
4C,2022-04-15 14:55:00+00:00,2022-04-15 16:55:00+00:00,0.0,30000.0,"POLYGON ((-92.22 38.14452417705443, -91.26772359628241 36.72440131848143, -92.18 35.17910686720918, -93.68433815761743 35.896286975798326, -93.33 37.85910686720918, -92.22 38.14452417705443))"
56E,2022-04-15 15:55:00+00:00,2022-04-15 17:55:00+00:00,0.0,45000.0,"POLYGON ((-80.72845148770378 29.299457815648363, -80.39311001469754 28.53671598849233, -81.07276925330468 28.304457281261847, -81.46206655258582 29.172205116121397, -80.72845148770378 29.299457815648363))"
55E,2022-04-15 15:55:00+00:00,2022-04-15 17:55:00+00:00,0.0,45000.0,"POLYGON ((-76.89048327355702 32.347912658677075, -76.62242876451066 29.02683697822481, -79.6298812004389 25.210354803629514, -81.01914801199159 25.798131783317068, -79.87084140091446 29.73994642773686, -76.89048327355702 32.347912658677075))"
57E,2022-04-15 15:55:00+00:00,2022-04-15 17:55:00+00:00,0.0,30000.0,"POLYGON ((-79.25895962679549 25.414440217940218, -79.11432033787685 24.736606726236346, -78.3482983082875 24.022719882865772, -79.5128567803571 24.10724738331726, -79.92867945265037 25.031054795294956, -79.25895962679549 25.414440217940218))"
5C,2022-04-15 15:55:00+00:00,2022-04-15 17:55:00+00:00,0.0,31000.0,"POLYGON ((-91.86493596591734 37.35096498799105, -91.24210614304725 36.34492711131926, -91.6726760212763 35.51962101892945, -93.7394300759744 36.122063633923524, -93.88174743647917 36.710878941177, -91.86493596591734 37.35096498799105))"
BRAVO 2,2022-04-15 16:30:00+00:00,2022-04-15 20:30:00+00:00,0.0,45000.0,"POLYGON ((-76 33, -72 29.3, -77.3 23.45, -79 24.45, -79 27, -76 33))"
59E,2022-04-15 16:55:00+00:00,2022-04-15 18:55:00+00:00,0.0,38000.0,"POLYGON ((-78.98651900960778 25.79427881205052, -78.3482983082875 24.022719882865772, -79.5128567803571 24.10724738331726, -80.28 24.96815522131804, -78.98651900960778 25.79427881205052))"
6C,2022-04-15 16:55:00+00:00,2022-04-15 18:55:00+00:00,0.0,37000.0,"POLYGON ((-94.61994162044762 37.349587941109924, -91.3479472659147 36.877868866166466, -90.538140537513 36.10929520613403, -91.70855174868449 35.852939785534595, -95.2 36.66089313279082, -94.61994162044762 37.349587941109924))"
58E,2022-04-15 16:55:00+00:00,2022-04-15 18:55:00+00:00,0.0,45000.0,"POLYGON ((-77.54323215293455 30.71832348992393, -78.36342046881481 28.438291023208663, -79.47712244378755 25.797795738054837, -80.28 25.221716242316425, -82.28403856995843 29.321176808398157, -77.54323215293455 30.71832348992393))"
60E,2022-04-15 17:55:00+00:00,2022-04-15 19:55:00+00:00,0.0,45000.0,"POLYGON ((-77.04413479468433 30.266023031357665, -79.35607044589158 25.79708094283153, -80.49132920166006 25.338732925408017, -81.81325431818071 29.043491787627, -79.77463338462778 29.293358650039814, -77.04413479468433 30.266023031357665))"
61E,2022-04-15 17:55:00+00:00,2022-04-15 19:55:00+00:00,0.0,38000.0,"POLYGON ((-79.25895962679549 25.414440217940218, -78.3482983082875 24.022719882865772, -79.5128567803571 24.10724738331726, -80.28 24.46904835410886, -79.25895962679549 25.414440217940218))"
7C,2022-04-15 17:55:00+00:00,2022-04-15 19:55:00+00:00,0.0,37000.0,"POLYGON ((-94.95886131276737 37.62087097863539, -90.82074681221022 37.19796031819995, -90.538140537513 36.10929520613403, -91.51937722032697 35.91765186208282, -95.2 36.82726208852721, -94.95886131276737 37.62087097863539))"
UNIFORM 1,2022-04-15 18:27:00+00:00,2022-04-15 22:30:00+00:00,,,"POLYGON ((-163 29.3, -160.3 28.15, 176.45 23, 168.45 17, 167.3 18.45, 175.45 26.3, -163 29.3))"
63E,2022-04-15 18:55:00+00:00,2022-04-15 20:55:00+00:00,0.0,42000.0,"POLYGON ((-82.28555036921107 27.16446955083763, -80.09 26.34726208852722, -78.3482983082875 24.022719882865772, -79.5128567803571 24.10724738331726, -82.33784439516555 26.528914736607334, -82.28555036921107 27.16446955083763))"
8C,2022-04-15 18:55:00+00:00,2022-04-15 20:55:00+00:00,0.0,33000.0,"POLYGON ((-90.78115756713248 38.624331466094254, -89.32 36.851844778681965, -91.02865262060335 35.95626940500629, -94.62286532551744 36.96759931321484, -94.78871577399062 38.034339549977304, -90.78115756713248 38.624331466094254))"
10C,2022-04-15 18:55:00+00:00,2022-04-15 20:55:00+00:00,0.0,37000.0,"POLYGON ((-91.34694045296891 31.92989469933052, -90.4095112152725 31.607323181546302, -89.98532779361153 31.064426437582185, -90.58472567832942 30.732715073732543, -91.72151590690856 31.257653995815662, -91.34694045296891 31.92989469933052))"
62E,2022-04-15 18:55:00+00:00,2022-04-15 20:55:00+00:00,0.0,45000.0,"POLYGON ((-80.75938009047265 28.992860967181922, -80.09 27.113712818262687, -81.18170436555835 26.75005045068664, -82.10220526304235 28.81449595462681, -80.75938009047265 28.992860967181922))"
9C,2022-04-15 18:55:00+00:00,2022-04-15 20:55:00+00:00,0.0,43000.0,"POLYGON ((-92.98393639554804 33.05530755196311, -92.40495703962135 32.826154719778366, -92.04 32.37542906057911, -92.76036493611234 31.79400226855091, -93.49270192466398 32.65895023154708, -92.98393639554804 33.05530755196311))"
BRAVO 3,2022-04-15 19:10:00+00:00,2022-04-15 23:10:00+00:00,,,"POLYGON ((-76.15 31, -70 30.3, -73.3 23.15, -76.15 22.45, -79 24.45, -79 27, -76.15 31))"
64E,2022-04-15 19:55:00+00:00,2022-04-15 21:55:00+00:00,0.0,42000.0,"POLYGON ((-80.84082276137545 29.064448955009638, -80.22488237117453 27.444466560901983, -81.09129487440971 26.783011200950792, -81.92270298345751 26.83733866428974, -82.37741804946413 29.010101918639464, -80.84082276137545 29.064448955009638))"
65E,2022-04-15 19:55:00+00:00,2022-04-15 21:55:00+00:00,0.0,42000.0,"POLYGON ((-79.2274954426497 26.99572638673913, -78.3482983082875 24.022719882865772, -79.5128567803571 24.10724738331726, -81.78 25.86452417705443, -81.78 26.53, -79.2274954426497 26.99572638673913))"
11C,2022-04-15 19:55:00+00:00,2022-04-15 21:55:00+00:00,0.0,32000.0,"POLYGON ((-93.70414918168065 38.52205021385549, -90.23628930976234 38.398631362713516, -89.32 36.851844778681965, -90.538140537513 36.10929520613403, -94.4311381116522 36.902846520930304, -93.70414918168065 38.52205021385549))"
12C,2022-04-15 19:55:00+00:00,2022-04-15 21:55:00+00:00,0.0,41000.0,"POLYGON ((-92.66399463572024 33.10627199887428, -91.47899014614089 32.9893186717509, -91.31291992340189 32.26324115302837, -92.26536507838304 32.05868429101709, -93.08090477926518 32.5132209682483, -92.66399463572024 33.10627199887428))"
13C,2022-04-15 19:55:00+00:00,2022-04-15 21:55:00+00:00,0.0,42000.0,"POLYGON ((-90.58227955288216 32.02017219119556, -89.89990722463526 31.60617913757418, -89.90224339911194 30.992822764892995, -90.67865492875441 30.699826979059928, -92.04 31.941716242316424, -90.58227955288216 32.02017219119556))"
66E,2022-04-15 20:55:00+00:00,2022-04-15 22:55:00+00:00,0.0,45000.0,"POLYGON ((-81.25188172531213 26.99958848212218, -78.89055775947249 26.229303019077314, -78.92007418187025 25.284354710145234, -81.12248353355385 24.84314904610989, -81.99434478072807 26.990954182394802, -81.25188172531213 26.99958848212218))"
15C,2022-04-15 20:55:00+00:00,2022-04-15 22:55:00+00:00,0.0,44000.0,"POLYGON ((-91.33780844147009 33.106255001902255, -90.65462072954486 31.958221440750243, -91.9006660537423 32.4022825676159, -92.04 33.01910686720918, -91.33780844147009 33.106255001902255))"
14C,2022-04-15 20:55:00+00:00,2022-04-15 22:55:00+00:00,0.0,33000.0,"POLYGON ((-92.62418464408016 38.040775832978476, -87.90890764784756 37.81226549696037, -88.56230734955713 35.762947663952644, -92.9438990898424 37.232038793773086, -92.62418464408016 38.040775832978476))"
67E,2022-04-15 20:55:00+00:00,2022-04-15 22:55:00+00:00,0.0,42000.0,"POLYGON ((-81.45648076307184 28.642177390868724, -80.84629666878914 28.539107239268716, -80.83729252560723 27.98624804290298, -81.5722851958344 28.33534824058018, -81.45648076307184 28.642177390868724))"
16C,2022-04-15 20:55:00+00:00,2022-04-15 22:55:00+00:00,0.0,44000.0,"POLYGON ((-90.23070802158816 32.16280021821631, -88.82535068477242 30.56319514652271, -90.26 30.86628718173732, -90.62009277536477 31.60617913757418, -90.23070802158816 32.16280021821631))"
68E,2022-04-15 21:55:00+00:00,2022-04-15 23:55:00+00:00,0.0,45000.0,"POLYGON ((-81.92270298345751 26.83733866428974, -78.89055775947249 26.229303019077314, -79.11432033787685 24.736606726236346, -81.44773472034979 25.35811317607286, -81.92270298345751 26.83733866428974))"
17C,2022-04-15 21:55:00+00:00,2022-04-15 23:55:00+00:00,0.0,37000.0,"POLYGON ((-92.30152896662314 38.656266768961295, -87.61109235215247 37.81226549696037, -87.9159913809469 36.13365024804879, -93.12068868382983 37.35981559490887, -92.30152896662314 38.656266768961295))"
18C,2022-04-15 21:55:00+00:00,2022-04-15 23:55:00+00:00,0.0,45000.0,"POLYGON ((-91.0191177118982 33.71247523151669, -88.08561423058345 30.964992691111963, -89.0401522108739 30.140023192072924, -91.76023416735974 32.75497176625328, -91.0191177118982 33.71247523151669))"
69E,2022-04-15 21:55:00+00:00,2022-04-15 23:55:00+00:00,0.0,40000.0,"POLYGON ((-79.32693983154887 31.418743335496558, -79.92582316061981 30.317046363722408, -80.67245023142877 30.33733124562165, -80.1100593821678 30.830469380720775, -79.32693983154887 31.418743335496558))"
19C,2022-04-15 21:55:00+00:00,2022-04-15 23:55:00+00:00,0.0,38000.0,"POLYGON ((-93.60272727272726 37.19901445446459, -93.05727272727273 37.19901445446459, -93.05727272727273 36.65355990901004, -93.60272727272726 36.65355990901004, -93.60272727272726 37.19901445446459))"
UNIFORM 2,2022-04-15 21:59:00+00:00,2022-04-16 02:00:00+00:00,,,"POLYGON ((-169.3 28.3, -168.15 26, 173.3 23.15, 168.45 16.3, 167 19, 172.15 25.45, -169.3 28.3))"
BRAVO 4,2022-04-15 22:50:00+00:00,2022-04-16 02:50:00+00:00,,,"POLYGON ((-74.5 29.15, -71.15 28.5, -75.4 24.15, -78.55 24.1, -79 25.25, -76.4 27.1, -74.5 29.15))"
70E,2022-04-15 22:55:00+00:00,2022-04-16 00:55:00+00:00,0.0,38000.0,"POLYGON ((-81.64837893093764 26.647580179048138, -78.80175057032277 25.792527561935092, -78.3482983082875 24.022719882865772, -81.8 25.421844778681965, -81.64837893093764 26.647580179048138))"
21C,2022-04-15 22:55:00+00:00,2022-04-16 00:55:00+00:00,0.0,42000.0,"POLYGON ((-90.28 34.125475822945575, -87.6714953229023 31.316386786392243, -88.76907790117747 30.37643658054817, -90.9803131283207 32.869825214407506, -90.28 34.125475822945575))"
22C,2022-04-15 22:55:00+00:00,2022-04-16 00:55:00+00:00,0.0,40000.0,"POLYGON ((-92.5591128840923 37.10282846638978, -91.68358137881246 36.695973531165265, -92.88227153159998 36.24362461849089, -93.33 36.69452417705442, -92.5591128840923 37.10282846638978))"
20C,2022-04-15 22:55:00+00:00,2022-04-16 00:55:00+00:00,0.0,37000.0,"POLYGON ((-91.66341433957098 38.808679713445464, -87.21014135882359 37.928720731025315, -87.52508952785084 36.92506485860938, -93.19029136662725 37.62705023530043, -91.66341433957098 38.808679713445464))"
71E,2022-04-15 23:55:00+00:00,2022-04-16 01:55:00+00:00,0.0,44000.0,"POLYGON ((-78.80175057032277 25.792527561935092, -78.3482983082875 24.022719882865772, -80.95267343652286 24.905958970233517, -80.49132920166006 25.338732925408017, -78.80175057032277 25.792527561935092))"
24C,2022-04-15 23:55:00+00:00,2022-04-16 01:55:00+00:00,0.0,40000.0,"POLYGON ((-89.41826134972968 34.82770495736234, -87.81503068148606 32.37617093036559, -90.1 32.09726208852722, -90.3274581931953 32.89091044801956, -89.41826134972968 34.82770495736234))"
25C,2022-04-15 23:55:00+00:00,2022-04-16 01:55:00+00:00,0.0,40000.0,"POLYGON ((-91.19674745858849 37.34771408685742, -90.63227640371761 36.72440131848143, -91.97961632213422 36.1055952070775, -93.6803850755142 36.60211901382818, -93.09116251271224 36.89864465938136, -91.19674745858849 37.34771408685742))"
27C,2022-04-15 23:55:00+00:00,2022-04-16 01:55:00+00:00,0.0,32000.0,"POLYGON ((-89.76245261666183 35.45771681695834, -89.2169980712073 35.45771681695834, -89.2169980712073 34.91226227150379, -89.76245261666183 34.91226227150379, -89.76245261666183 35.45771681695834))"
26C,2022-04-15 23:55:00+00:00,2022-04-16 01:55:00+00:00,0.0,40000.0,"POLYGON ((-89.47612293185261 31.574244893662467, -88.36 31.01914187884179, -88.4788001998808 30.627718806690343, -89.58322485461562 31.29822567990101, -89.47612293185261 31.574244893662467))"
23C,2022-04-15 23:55:00+00:00,2022-04-16 01:55:00+00:00,0.0,33000.0,"POLYGON ((-88.43938168066373 38.14934934120276, -88.17633467044563 37.12786629354949, -92.78434448075375 37.35874677808657, -91.568716211509 38.29705056707894, -88.43938168066373 38.14934934120276))"
1E,2022-04-16 00:55:00+00:00,2022-04-16 02:55:00+00:00,0.0,41000.0,"POLYGON ((-79.25895962679549 25.414440217940218, -78.3482983082875 24.022719882865772, -80.4532068212314 24.07469221014595, -80.49132920166006 25.338732925408017, -79.25895962679549 25.414440217940218))"
2C,2022-04-16 00:55:00+00:00,2022-04-16 02:55:00+00:00,0.0,40000.0,"POLYGON ((-88.93019887534665 35.25084275645092, -87.23159293349036 32.53506400034328, -89.5259624784755 32.12325240796213, -89.72850246026941 33.26777855606409, -88.87806257686485 33.362122493947865, -88.93019887534665 35.25084275645092))"
3C,2022-04-16 00:55:00+00:00,2022-04-16 02:55:00+00:00,0.0,45000.0,"POLYGON ((-92.49289161606174 37.08042129931934, -89.9824081172931 36.239480232928884, -90.57186565256244 35.802723774765916, -91.93776895528846 35.77399026528881, -93.45563184740719 36.469464816598496, -92.49289161606174 37.08042129931934))"
4C,2022-04-16 00:55:00+00:00,2022-04-16 02:55:00+00:00,0.0,36000.0,"POLYGON ((-88.82354114679292 36.1849524742203, -88.66130169463467 35.79689759183511, -89.69770687193491 35.712725732557736, -89.64981346956684 35.90889845776839, -88.82354114679292 36.1849524742203))"
1C,2022-04-16 00:55:00+00:00,2022-04-16 02:55:00+00:00,0.0,33000.0,"POLYGON ((-89.31713609334341 38.38208718998435, -88.03854870483669 37.39540612405392, -90.60464442210152 36.777336718622415, -92.4205921315646 37.35651890923695, -92.31729713727194 37.68764086179602, -89.31713609334341 38.38208718998435))"
2E,2022-04-16 01:55:00+00:00,2022-04-16 03:55:00+00:00,0.0,44000.0,"POLYGON ((-79.08942577615537 25.349494405187173, -78.3482983082875 24.022719882865772, -81.15613847231714 24.00043193986088, -80.70225120345002 24.586020889740663, -79.08942577615537 25.349494405187173))"
7C,2022-04-16 01:55:00+00:00,2022-04-16 03:55:00+00:00,0.0,45000.0,"POLYGON ((-90.96727604635804 37.07949443936931, -87.9159913809469 36.13365024804879, -88.93019887534665 35.25084275645092, -92.18 35.345475822945566, -92.30517462608387 36.532074730485625, -90.96727604635804 37.07949443936931))"
5C,2022-04-16 01:55:00+00:00,2022-04-16 03:55:00+00:00,0.0,33000.0,"POLYGON ((-88.54216980012517 38.18208204377095, -87.48058394198044 36.925461404494385, -89.71747935514759 36.78787103439686, -91.28087063364445 37.66533816250235, -88.54216980012517 38.18208204377095))"
6C,2022-04-16 01:55:00+00:00,2022-04-16 03:55:00+00:00,0.0,35000.0,"POLYGON ((-88.82989996856398 33.37893910074856, -87.90070174603335 32.977371643236616, -87.94407754667533 32.37710855583355, -88.92118548418051 32.482169141220204, -88.82989996856398 33.37893910074856))"
9C,2022-04-16 01:55:00+00:00,2022-04-16 03:55:00+00:00,0.0,34000.0,"POLYGON ((-96.9597144266685 35.85566100198295, -96.59607806303212 35.85566100198295, -96.59607806303212 35.49202463834659, -96.9597144266685 35.49202463834659, -96.9597144266685 35.85566100198295))"
8C,2022-04-16 01:55:00+00:00,2022-04-16 03:55:00+00:00,0.0,36000.0,"POLYGON ((-87.30883486339403 35.62721705440935, -87.10036670429088 34.0705369369241, -87.69093434928345 34.3091364406388, -87.82926111612169 35.37736169956549, -87.30883486339403 35.62721705440935))"
UNIFORM 3,2022-04-16 02:28:00+00:00,2022-04-16 06:00:00+00:00,,,"POLYGON ((-169 27.45, -168.15 25.45, 173.3 23.15, 169.15 19.15, 166.45 21.45, 172.45 26.3, -169 27.45))"
11C,2022-04-16 02:55:00+00:00,2022-04-16 04:55:00+00:00,0.0,45000.0,"POLYGON ((-86.4739906310052 36.139823606724704, -86.68048016577929 34.70732305395598, -91.45959251106294 35.2660886208464, -91.18504381987486 35.64865534626332, -86.4739906310052 36.139823606724704))"
10C,2022-04-16 02:55:00+00:00,2022-04-16 04:55:00+00:00,0.0,40000.0,"POLYGON ((-89.80963696027831 37.669254075316225, -86.11881431595184 37.54438857382035, -88.94053868324174 35.892068692773385, -90.51510597413649 35.756291015815584, -91.52215305503195 36.29964101366536, -89.80963696027831 37.669254075316225))"
12C,2022-04-16 02:55:00+00:00,2022-04-16 04:55:00+00:00,0.0,38000.0,"POLYGON ((-96.61466059709414 35.92054325510009, -95.79 35.91085812115821, -96.06238677840904 35.66542611305917, -96.77789624485031 35.67384282016477, -96.61466059709414 35.92054325510009))"
13C,2022-04-16 02:55:00+00:00,2022-04-16 04:55:00+00:00,0.0,42000.0,"POLYGON ((-90.07334939058494 33.56582969807073, -89.5278948451304 33.56582969807073, -89.5278948451304 33.02037515261618, -90.07334939058494 33.02037515261618, -90.07334939058494 33.56582969807073))"
15C,2022-04-16 03:55:00+00:00,2022-04-16 05:55:00+00:00,0.0,45000.0,"POLYGON ((-90.08260542035002 36.27225553280849, -85.4440086190531 36.13365024804879, -86.47811248651783 34.70581733632313, -89.98 34.68726208852721, -90.73307569561622 35.272342997925655, -90.08260542035002 36.27225553280849))"
16C,2022-04-16 03:55:00+00:00,2022-04-16 05:55:00+00:00,0.0,43000.0,"POLYGON ((-96.1685637267258 35.892721812532706, -95.28590229664502 35.790032694610545, -95.50856687588559 35.383963651460355, -96.06238677840904 35.66542611305917, -96.1685637267258 35.892721812532706))"
14C,2022-04-16 03:55:00+00:00,2022-04-16 05:55:00+00:00,0.0,32000.0,"POLYGON ((-86.16119616578415 37.46393968226621, -84.65327581176757 37.02876167759472, -85.60593666405403 36.135205082073035, -89.9824081172931 36.239480232928884, -89.58866496262625 37.157123086039334, -86.16119616578415 37.46393968226621))"
17C,2022-04-16 03:55:00+00:00,2022-04-16 05:55:00+00:00,0.0,42000.0,"POLYGON ((-88.7099428812955 33.890538035240816, -88.43561623984256 32.6861575554219, -88.99741106771248 32.78054470787875, -89.00263916510077 33.89793486873773, -88.7099428812955 33.890538035240816))"
3E,2022-04-16 04:07:00+00:00,2022-04-16 05:55:00+00:00,0.0,40000.0,"POLYGON ((-79.2658955441542 24.876451759036772, -78.48762691822812 24.153451522810293, -80.62904358868819 24.14288289400962, -79.2658955441542 24.876451759036772))"
4E,2022-04-16 04:55:00+00:00,2022-04-16 06:55:00+00:00,0.0,35000.0,"POLYGON ((-79.11432033787685 24.736606726236346, -78.22146177555622 23.903368062802986, -79.5128567803571 24.10724738331726, -79.11432033787685 24.736606726236346))"
19C,2022-04-16 04:55:00+00:00,2022-04-16 06:55:00+00:00,0.0,45000.0,"POLYGON ((-89.63735209239366 36.63440270063658, -84.83690133437722 35.57441874148439, -86.00392282612805 34.25116009552428, -87.77540367082874 34.47438574679296, -91.43465701275326 34.42306291183953, -89.63735209239366 36.63440270063658))"
21C,2022-04-16 04:55:00+00:00,2022-04-16 06:55:00+00:00,0.0,45000.0,"POLYGON ((-87.77540367082874 34.47438574679296, -87.70336354801594 32.757256911758596, -88.52067243054887 32.61497343257922, -88.97301098284674 34.411370652766195, -87.77540367082874 34.47438574679296))"
18C,2022-04-16 04:55:00+00:00,2022-04-16 06:55:00+00:00,0.0,32000.0,"POLYGON ((-86.19960309347894 37.390873009338996, -84.2688599009208 36.72248419739157, -84.83690133437722 35.57441874148439, -89.63735209239366 36.63440270063658, -88.79248536983745 37.10198287300186, -86.19960309347894 37.390873009338996))"
20C,2022-04-16 04:55:00+00:00,2022-04-16 06:55:00+00:00,0.0,45000.0,"POLYGON ((-95.96915475259033 36.19986650831597, -94.6476280841264 35.69609450133503, -95.12722502915673 35.069557281536504, -96.06238677840904 35.66542611305917, -95.96915475259033 36.19986650831597))"
UNIFORM 4,2022-04-16 05:44:00+00:00,2022-04-16 09:40:00+00:00,,,"POLYGON ((172.45 26.3, -166.3 27.15, -165.3 24.15, 174.15 22.3, 169.15 19.15, 166.3 22.45, 172.45 26.3))"
26C,2022-04-16 06:23:00+00:00,2022-04-16 07:55:00+00:00,0.0,41000.0,"POLYGON ((-88.06993387320037 32.63256398647828, -87.04876587493278 32.47257695195589, -87.50811427913604 31.533211565618476, -88.36 31.395475822945567, -88.8 31.88089313279082, -88.06993387320037 32.63256398647828))"
22C,2022-04-16 06:23:00+00:00,2022-04-16 07:55:00+00:00,0.0,32000.0,"POLYGON ((-85.39941605801957 36.925461404494385, -83.7321922168083 36.20730666885549, -84.32375220629717 35.546297049271175, -89.75831165430297 36.37212576384307, -89.32 36.68547582294558, -85.39941605801957 36.925461404494385))"
25C,2022-04-16 06:23:00+00:00,2022-04-16 07:55:00+00:00,0.0,45000.0,"POLYGON ((-88.51 34.21285469710448, -86.63242377266263 34.20397670371736, -86.95304979958053 32.43972275364451, -88.16582214476908 32.59971297026996, -88.51 34.21285469710448))"
24C,2022-04-16 06:23:00+00:00,2022-04-16 07:55:00+00:00,0.0,45000.0,"POLYGON ((-95.45943290495597 36.08889546878612, -94.27 35.39, -95.25150630596856 34.84885698649659, -96.4193074767858 35.687213438054386, -95.45943290495597 36.08889546878612))"
23C,2022-04-16 06:23:00+00:00,2022-04-16 07:55:00+00:00,0.0,45000.0,"POLYGON ((-89.70065820599903 36.32608070847165, -84.26713985126447 35.592728336080675, -85.35153633438568 34.559134898688185, -86.63242377266263 34.20397670371736, -90.60026489943026 34.50728358549704, -89.70065820599903 36.32608070847165))"
5E,2022-04-16 06:55:00+00:00,2022-04-16 08:55:00+00:00,0.0,35000.0,"POLYGON ((-86.87946769336004 36.57626714693476, -84.695817020496 36.55799405122124, -83.12856314608328 36.152266145683434, -84.84156451583229 34.34478974454154, -86.92080207590162 34.23811184318737, -86.87946769336004 36.57626714693476))"
29C,2022-04-16 06:55:00+00:00,2022-04-16 08:55:00+00:00,0.0,45000.0,"POLYGON ((-85.45843548416774 34.34478974454154, -86.09307815150527 32.68091209891812, -87.36923758300242 31.41637955877519, -88.50047376584563 31.764826035284266, -88.05919792409836 34.23811184318737, -85.45843548416774 34.34478974454154))"
28C,2022-04-16 06:55:00+00:00,2022-04-16 08:55:00+00:00,0.0,45000.0,"POLYGON ((-95.29450065160562 36.033003335708536, -94.09266233827618 35.38987042775807, -94.53967777001183 34.85543517509248, -96.7132245359034 35.39675960010366, -95.29450065160562 36.033003335708536))"
27C,2022-04-16 06:55:00+00:00,2022-04-16 08:55:00+00:00,0.0,45000.0,"POLYGON ((-86.94017539695831 36.76297578082806, -87.11830496540793 34.40275374160239, -90.01308691877941 33.99397898805165, -90.60026489943026 34.50728358549704, -89.57212975166364 35.81528170759776, -86.94017539695831 36.76297578082806))"
7E,2022-04-16 07:55:00+00:00,2022-04-16 09:55:00+00:00,0.0,45000.0,"POLYGON ((-84.44 34.29547582294557, -85.21 33.05, -86.45649057216711 31.290922835561766, -89.17378368961624 31.61092347917047, -88.51 33.98910686720919, -84.44 34.29547582294557))"
30C,2022-04-16 07:55:00+00:00,2022-04-16 09:55:00+00:00,0.0,45000.0,"POLYGON ((-87.0920168853577 36.13929443076551, -86.9 34.16910686720918, -88.74025224748245 33.95090199307593, -91.13302933173134 34.1629287037221, -88.88559677526607 35.666293605467956, -87.0920168853577 36.13929443076551))"
6E,2022-04-16 07:55:00+00:00,2022-04-16 09:55:00+00:00,0.0,35000.0,"POLYGON ((-86.30206125346417 36.662787873560376, -83.3545849597012 35.89881173666279, -83.3 34.41085812115821, -86.9 34.103712818262686, -86.85901764667939 36.13986680140511, -86.30206125346417 36.662787873560376))"
31C,2022-04-16 07:55:00+00:00,2022-04-16 09:55:00+00:00,0.0,45000.0,"POLYGON ((-94.4517157159639 36.36019215450745, -93.56066074853938 35.38792688560624, -93.6681326229391 34.310749570399516, -95.53148033148145 34.64529287274846, -96.1685637267258 35.892721812532706, -94.4517157159639 36.36019215450745))"
CHARLIE 1,2022-04-16 08:40:00+00:00,2022-04-16 12:40:00+00:00,0.0,45000.0,"POLYGON ((-73 25.3, -69.3 25, -73.3 20.15, -77.3 23.3, -73 25.3))"
9E,2022-04-16 08:55:00+00:00,2022-04-16 10:55:00+00:00,0.0,45000.0,"POLYGON ((-86.00392282612805 34.25116009552428, -85.36138655357522 32.74249876404603, -86.68 31.162737911472774, -89.09952623415437 31.764826035284266, -88.20244338585641 34.10444029904697, -86.00392282612805 34.25116009552428))"
33C,2022-04-16 08:55:00+00:00,2022-04-16 10:55:00+00:00,0.0,45000.0,"POLYGON ((-93.96148035609225 36.557305335330014, -93.04560426444117 35.383823107915106, -92.92994128412623 34.9323722435418, -95.03313513848774 34.59304849848453, -95.79 36.033631044263615, -93.96148035609225 36.557305335330014))"
32C,2022-04-16 08:55:00+00:00,2022-04-16 10:55:00+00:00,0.0,45000.0,"POLYGON ((-88.37365338896903 35.697943967210314, -86.9151321517021 35.67865509373724, -86.9 34.16910686720918, -88.74025224748245 33.95090199307593, -90.58744764749972 34.07444073110409, -88.37365338896903 35.697943967210314))"
8E,2022-04-16 08:55:00+00:00,2022-04-16 10:55:00+00:00,0.0,35000.0,"POLYGON ((-86.88448019972091 35.73912749274787, -82.63620134778152 35.0279543519844, -85.34161126622956 32.782798593778566, -85.89286641270606 34.34437067255721, -86.9 34.103712818262686, -86.88448019972091 35.73912749274787))"
UNIFORM 5,2022-04-16 09:33:00+00:00,2022-04-16 13:30:00+00:00,,,"POLYGON ((172.45 26.3, -168 26.3, -168.45 23.3, 174.3 22.3, 167.45 18.45, 165.45 23.3, 172.45 26.3))"
10E,2022-04-16 09:55:00+00:00,2022-04-16 11:55:00+00:00,0.0,35000.0,"POLYGON ((-86.97047136811534 35.90436769261744, -85.30595572633567 35.26731019226064, -82.30483061803413 34.90209013842887, -83.65000000000002 33.02273791147278, -86.9 34.33547582294557, -86.97047136811534 35.90436769261744))"
34C,2022-04-16 09:55:00+00:00,2022-04-16 11:55:00+00:00,0.0,45000.0,"POLYGON ((-87.11505811146993 35.78629015129647, -87.03847264995825 30.956839832086466, -89.16349441814505 32.25214511112951, -87.94880662078909 33.018171193646076, -90.66500476098139 34.2279306828508, -87.11505811146993 35.78629015129647))"
35C,2022-04-16 09:55:00+00:00,2022-04-16 11:55:00+00:00,0.0,45000.0,"POLYGON ((-93.48954805360304 37.052482923472624, -92.98202410595856 35.862601163817615, -92.92534298724674 34.42306291183953, -95.78000000000002 34.350893132790816, -96.37666200213931 36.669134327850436, -93.48954805360304 37.052482923472624))"
11E,2022-04-16 09:55:00+00:00,2022-04-16 11:55:00+00:00,0.0,45000.0,"POLYGON ((-86.9 34.24828375768358, -84.44 33.340858121158206, -84.9191714635229 31.879756724646285, -86.99145073650745 30.940277313478457, -86.9 34.24828375768358))"
13E,2022-04-16 10:55:00+00:00,2022-04-16 12:55:00+00:00,0.0,40000.0,"POLYGON ((-86.9 34.33547582294557, -84.04535928105159 32.68937997417095, -84.84005890197581 31.188257217783516, -86.95467383835194 31.06499154321589, -86.9 34.33547582294557))"
12E,2022-04-16 10:55:00+00:00,2022-04-16 12:55:00+00:00,0.0,35000.0,"POLYGON ((-85.5787838196562 34.60632367559116, -81.92914927188356 34.17090021200632, -83.84768032692412 32.689844992812326, -86.9 34.33547582294557, -87.06249919976571 34.35633065528978, -85.5787838196562 34.60632367559116))"
36C,2022-04-16 10:55:00+00:00,2022-04-16 12:55:00+00:00,0.0,45000.0,"POLYGON ((-87.06249919976571 34.35633065528978, -86.95467383835194 31.06499154321589, -88.64973307476369 32.07250108539319, -88.28218690112675 33.028676706281004, -91.24904083418144 34.35812375537841, -87.06249919976571 34.35633065528978))"
37C,2022-04-16 10:55:00+00:00,2022-04-16 12:55:00+00:00,0.0,45000.0,"POLYGON ((-96.06613027455181 36.733948241753836, -91.48684288773478 36.108802543230894, -92.42801226272931 34.475294468650624, -92.98508090472001 33.46421393072913, -96.94636386284037 35.176938247943795, -96.06613027455181 36.733948241753836))"
CHARLIE 2,2022-04-16 11:00:00+00:00,2022-04-16 15:00:00+00:00,0.0,47000.0,"POLYGON ((-72.45 25.45, -70.15 23.3, -69.15 20.15, -73.15 20.15, -77.3 23.45, -72.45 25.45))"
14E,2022-04-16 11:55:00+00:00,2022-04-16 13:55:00+00:00,0.0,42000.0,"POLYGON ((-81.61981554757243 34.32925343516718, -83.50818392904688 31.657616916745877, -85.42341662632886 30.777611824452634, -86.9035094278329 31.290922835561766, -86.9 34.002737911472785, -81.61981554757243 34.32925343516718))"
39C,2022-04-16 11:55:00+00:00,2022-04-16 13:55:00+00:00,0.0,45000.0,"POLYGON ((-96.24374090381653 37.15542335847199, -92.09707481737732 36.48654279794418, -91.80560346025295 34.80676119181843, -92.31976583264029 32.75497176625328, -97.01931771631169 35.869175835046555, -96.24374090381653 37.15542335847199))"
38C,2022-04-16 11:55:00+00:00,2022-04-16 13:55:00+00:00,0.0,43000.0,"POLYGON ((-91.03915039467286 35.015399121550345, -87.03336859831062 33.93706070001702, -86.87410103170498 31.23055375274987, -90.60060702070676 33.57023732920021, -91.03915039467286 35.015399121550345))"
41C,2022-04-16 12:55:00+00:00,2022-04-16 14:55:00+00:00,0.0,45000.0,"POLYGON ((-96.22933034349631 36.552120484636866, -91.34023482709601 35.340840671314346, -91.8884690307831 32.82731897208351, -96.84335831957982 35.652310019663666, -96.22933034349631 36.552120484636866))"
15E,2022-04-16 12:55:00+00:00,2022-04-16 14:55:00+00:00,0.0,40000.0,"POLYGON ((-82.02739621020865 33.442796839462325, -82.39018501824407 31.437717050694705, -84.517615701609 30.399892990479394, -85.2822991705363 30.72863923426236, -84.84538482099009 32.742788001974844, -82.02739621020865 33.442796839462325))"
40C,2022-04-16 12:55:00+00:00,2022-04-16 14:55:00+00:00,0.0,45000.0,"POLYGON ((-90.4768267619014 34.61007770294965, -85.8233745175179 33.55963653410021, -86.68 31.119141878841784, -90.6463101163326 33.15277966157111, -90.4768267619014 34.61007770294965))"
UNIFORM 6,2022-04-16 13:11:00+00:00,2022-04-16 17:05:00+00:00,,,"POLYGON ((172.3 26.3, -171.3 26.15, -168.45 23.15, 174.3 22.45, 167.45 18.15, 164.3 23.45, 172.3 26.3))"
VICTOR 1,2022-04-16 13:39:00+00:00,2022-04-16 17:35:00+00:00,0.0,49000.0,"POLYGON ((164.15 16.15, 172.3 16.3, 171.45 13, 164 12.3, 164.15 16.15))"
16E,2022-04-16 13:55:00+00:00,2022-04-16 15:55:00+00:00,0.0,40000.0,"POLYGON ((-81.87793342270881 33.47439800742861, -80.11595130954522 33.04368192653035, -84.12749921632792 30.860926092548294, -84.68091304833499 31.659404218433295, -84.24303548968925 32.6886049528404, -81.87793342270881 33.47439800742861))"
43C,2022-04-16 13:55:00+00:00,2022-04-16 15:55:00+00:00,0.0,45000.0,"POLYGON ((-95.94841719425833 36.5073055265705, -90.9147676044338 34.6980786917871, -90.88842001156488 32.4275446301404, -96.21190640223001 35.20215949653443, -95.94841719425833 36.5073055265705))"
42C,2022-04-16 13:55:00+00:00,2022-04-16 15:55:00+00:00,0.0,45000.0,"POLYGON ((-89.98 34.35452417705442, -85.43668804384119 32.58868016710795, -86.53218444707629 30.522506328476403, -89.55484358918407 32.23782571890556, -89.98 34.35452417705442))"
CHARLIE 3,2022-04-16 14:50:00+00:00,2022-04-16 18:50:00+00:00,0.0,44000.0,"POLYGON ((-75.3 25, -71.45 24.15, -73.45 20.45, -75.15 22.15, -77.3 23.45, -75.3 25))"
44C,2022-04-16 14:55:00+00:00,2022-04-16 16:55:00+00:00,0.0,43000.0,"POLYGON ((-89.67134348855797 34.40478887455077, -85.76088282835528 32.689333003984295, -86.26748063707046 31.182268496522102, -89.21627609184246 32.0263937913383, -89.67134348855797 34.40478887455077))"
18E,2022-04-16 14:55:00+00:00,2022-04-16 16:55:00+00:00,0.0,37000.0,"POLYGON ((-79.04645234388195 32.05617632234597, -78.86463416206377 32.05617632234597, -78.86463416206377 31.87435814052779, -79.04645234388195 31.87435814052779, -79.04645234388195 32.05617632234597))"
17E,2022-04-16 14:55:00+00:00,2022-04-16 16:55:00+00:00,0.0,36000.0,"POLYGON ((-81.63862554523176 33.70890482608766, -79.66 33.65171624231642, -82.3805408452762 31.272802511892483, -83.78045934522974 31.658987756075906, -83.89237920541102 32.485312684874174, -81.63862554523176 33.70890482608766))"
45C,2022-04-16 14:55:00+00:00,2022-04-16 16:55:00+00:00,0.0,45000.0,"POLYGON ((-94.12 36.1054290605791, -90.08012739001077 33.86053821784249, -90.57386064220692 32.26313805935371, -94.4718673770609 34.310749570399516, -94.12 36.1054290605791))"
DELTA 1,2022-04-16 15:00:00+00:00,2022-04-16 19:00:00+00:00,0.0,40000.0,"POLYGON ((-64.15 37.15, -63.45 35.3, -66.45 34.15, -69 35, -67 37, -64.15 37.15))"
UNIFORM 7,2022-04-16 15:25:00+00:00,2022-04-16 19:20:00+00:00,,,"POLYGON ((172.45 26.3, -170.3 26, -171.15 22.45, 175 22.3, 167.3 18, 164.3 23.45, 172.45 26.3))"
VICTOR 2,2022-04-16 15:31:00+00:00,2022-04-16 19:25:00+00:00,0.0,49000.0,"POLYGON ((164.15 16.15, 171 17, 171.3 13, 164 12.3, 164.15 16.15))"
47C,2022-04-16 15:55:00+00:00,2022-04-16 17:55:00+00:00,0.0,45000.0,"POLYGON ((-92.90040748893706 35.266088620846396, -89.24937611576308 33.742472734514195, -90.25034919903813 32.122500913341504, -94.22326218358975 33.817315470419445, -92.90040748893706 35.266088620846396))"
19E,2022-04-16 15:55:00+00:00,2022-04-16 17:55:00+00:00,0.0,34000.0,"POLYGON ((-79.82144243682376 34.174569295390015, -79.1678096151398 33.820107125037076, -79.91839995435352 32.78771405523815, -80.91307441410713 32.560546010504225, -81.31484722282262 33.32545181704736, -79.82144243682376 34.174569295390015))"
21E,2022-04-16 15:55:00+00:00,2022-04-16 17:55:00+00:00,0.0,41000.0,"POLYGON ((-83.89237920541102 32.485312684874174, -81.74262908307038 32.37972641345437, -82.17074225822093 31.539552217572492, -84.29 31.370858121158214, -83.89237920541102 32.485312684874174))"
20E,2022-04-16 15:55:00+00:00,2022-04-16 17:55:00+00:00,0.0,41000.0,"POLYGON ((-79.4817323870371 31.64356625650958, -79.29991420521891 31.64356625650958, -79.29991420521891 31.4617480746914, -79.4817323870371 31.4617480746914, -79.4817323870371 31.64356625650958))"
46C,2022-04-16 15:55:00+00:00,2022-04-16 17:55:00+00:00,0.0,40000.0,"POLYGON ((-88.87904013171683 33.79613482268741, -85.57461517900988 32.742788001974844, -85.90002872698547 31.10428865973284, -88.99566782556536 31.979150389351314, -88.87904013171683 33.79613482268741))"
48C,2022-04-16 16:55:00+00:00,2022-04-16 18:55:00+00:00,0.0,40000.0,"POLYGON ((-89.24937611576308 33.742472734514195, -87.23159293349036 32.53506400034328, -87.05373176885418 31.597988300097793, -89.4076173361493 31.839901277097972, -89.24937611576308 33.742472734514195))"
24E,2022-04-16 16:55:00+00:00,2022-04-16 18:55:00+00:00,0.0,34000.0,"POLYGON ((-83.7713279775936 32.58771450465399, -81.58418459698595 32.325090770852476, -82.00111542142939 31.5389924952312, -83.93088092412515 31.352815720410444, -83.7713279775936 32.58771450465399))"
23E,2022-04-16 16:55:00+00:00,2022-04-16 18:55:00+00:00,0.0,36000.0,"POLYGON ((-79.4817323870371 31.64356625650958, -79.29991420521891 31.64356625650958, -79.29991420521891 31.4617480746914, -79.4817323870371 31.4617480746914, -79.4817323870371 31.64356625650958))"
22E,2022-04-16 16:55:00+00:00,2022-04-16 18:55:00+00:00,0.0,34000.0,"POLYGON ((-79.45829037215506 34.63053348979468, -78.00359769387836 34.08279511262916, -80.1616000456465 32.78771405523815, -80.91716607817486 33.59279643704169, -79.45829037215506 34.63053348979468))"
49C,2022-04-16 16:55:00+00:00,2022-04-16 18:55:00+00:00,0.0,45000.0,"POLYGON ((-92.83142100469607 34.899568291695424, -88.99138452438615 33.65504453547257, -89.61772044711783 32.02017219119556, -93.93688102904301 33.77706113266781, -92.83142100469607 34.899568291695424))"
25E,2022-04-16 17:55:00+00:00,2022-04-16 19:55:00+00:00,0.0,38000.0,"POLYGON ((-78.24290960421781 34.47676820911989, -77.30321449924853 33.87812953217041, -79.62137657444289 32.536380255278786, -80.18028232156867 33.007562329888366, -78.24290960421781 34.47676820911989))"
50C,2022-04-16 17:55:00+00:00,2022-04-16 19:55:00+00:00,0.0,45000.0,"POLYGON ((-92.36676723645107 34.616190891527026, -87.26882731711046 33.54211877226146, -87.53277033595057 31.433221999198235, -92.74 32.76089313279082, -92.36676723645107 34.616190891527026))"
CHARLIE 4,2022-04-16 18:40:00+00:00,2022-04-16 22:40:00+00:00,0.0,44000.0,"POLYGON ((-77 26, -73 24.45, -73 20.45, -73.45 20.45, -75.3 22.15, -79 24.45, -77 26))"
27E,2022-04-16 18:55:00+00:00,2022-04-16 20:55:00+00:00,0.0,37000.0,"POLYGON ((-85.06468176276314 30.65272130238764, -83.81433720598089 30.58990711197348, -84.12959054430938 29.93870032634315, -85.41505289156872 30.01367915924098, -85.06468176276314 30.65272130238764))"
26E,2022-04-16 18:55:00+00:00,2022-04-16 20:55:00+00:00,0.0,34000.0,"POLYGON ((-78.24290960421781 34.47676820911989, -77.30321449924853 33.87812953217041, -79.62137657444289 32.536380255278786, -80.18028232156867 33.007562329888366, -78.24290960421781 34.47676820911989))"
51C,2022-04-16 18:55:00+00:00,2022-04-16 20:55:00+00:00,0.0,45000.0,"POLYGON ((-92.18 34.24628718173731, -86.80552786864696 32.62798113169183, -86.79917681096177 30.932172550366722, -92.93758580746363 32.8591452077371, -92.18 34.24628718173731))"
29E,2022-04-16 19:55:00+00:00,2022-04-16 21:55:00+00:00,0.0,34000.0,"POLYGON ((-86.50088238101692 30.893543437506416, -83.81433720598089 30.58990711197348, -83.98378509287298 29.630964751439436, -86.53218444707629 30.522506328476403, -86.50088238101692 30.893543437506416))"
28E,2022-04-16 19:55:00+00:00,2022-04-16 21:55:00+00:00,0.0,32000.0,"POLYGON ((-77.00777798108662 35.052829008980844, -76.25804524564349 34.33943617623588, -77.87 33.019048354108854, -78.43678550075148 33.87812953217041, -77.00777798108662 35.052829008980844))"
52C,2022-04-16 19:55:00+00:00,2022-04-16 21:55:00+00:00,0.0,45000.0,"POLYGON ((-90.7047623726353 33.812198332186156, -86.73879068863818 32.57223192555957, -86.68 30.83, -92.42539886792312 31.413683333013008, -90.7047623726353 33.812198332186156))"
53C,2022-04-16 19:55:00+00:00,2022-04-16 21:55:00+00:00,0.0,34000.0,"POLYGON ((-93.32569306974811 34.76636606333672, -93.14387488792993 34.76636606333672, -93.14387488792993 34.58454788151853, -93.32569306974811 34.58454788151853, -93.32569306974811 34.76636606333672))"
32E,2022-04-16 20:55:00+00:00,2022-04-16 22:55:00+00:00,0.0,33000.0,"POLYGON ((-76.20591680798546 33.76572079614409, -75.47369288951381 33.49892397615319, -76.96425744252087 32.50218772195476, -77.18711036928703 32.96475210855679, -76.20591680798546 33.76572079614409))"
55C,2022-04-16 20:55:00+00:00,2022-04-16 22:55:00+00:00,0.0,30000.0,"POLYGON ((-93.3938070678112 34.67398381205481, -92.32285262399317 34.56227602094432, -92.4874126414713 34.064793788121676, -93.29628730307586 34.292904878023464, -93.3938070678112 34.67398381205481))"
54C,2022-04-16 20:55:00+00:00,2022-04-16 22:55:00+00:00,0.0,45000.0,"POLYGON ((-88.36874908633105 33.60756051912356, -86.4710229022998 32.527320017737416, -86.82781555292371 30.522506328476403, -89.96387705301328 30.684840624391917, -90.82636072834498 32.17324839231626, -88.36874908633105 33.60756051912356))"
30E,2022-04-16 20:55:00+00:00,2022-04-16 22:55:00+00:00,0.0,39000.0,"POLYGON ((-76.56894121149726 34.78572812664322, -76.18 34.95886154521195, -76.90316967852978 34.01424622065103, -77.38562286931725 34.183070951024256, -76.56894121149726 34.78572812664322))"
31E,2022-04-16 20:55:00+00:00,2022-04-16 22:55:00+00:00,0.0,37000.0,"POLYGON ((-84.96802379938495 30.177245489704976, -84.35 29.821716242316416, -84.7947855299627 29.464283461005582, -85.27598332402995 30.064784393035186, -84.96802379938495 30.177245489704976))"
33E,2022-04-16 20:55:00+00:00,2022-04-16 22:55:00+00:00,0.0,35000.0,"POLYGON ((-82.63773334416503 28.8501993925495, -82.0922787987105 28.8501993925495, -82.0922787987105 28.304744847094952, -82.63773334416503 28.304744847094952, -82.63773334416503 28.8501993925495))"
3W,2022-04-16 20:55:00+00:00,2022-04-16 22:55:00+00:00,0.0,28000.0,"POLYGON ((-114.45541656412884 38.992651318763215, -113.73451858705914 38.759318544096104, -114.31967997527104 38.116412870200065, -114.90140190079693 38.41486626320549, -114.45541656412884 38.992651318763215))"
4W,2022-04-16 20:55:00+00:00,2022-04-16 22:55:00+00:00,0.0,28000.0,"POLYGON ((-113.24819933407157 42.74438022349159, -112.8845629704352 42.74438022349159, -112.8845629704352 42.38074385985523, -113.24819933407157 42.38074385985523, -113.24819933407157 42.74438022349159))"
1W,2022-04-16 20:55:00+00:00,2022-04-16 22:55:00+00:00,0.0,32000.0,"POLYGON ((-115.58784685570416 40.56234857290649, -114.85000000000001 39.878283757683576, -114.67753476564812 39.24454782278429, -115.97087900621737 39.29462596406865, -115.58784685570416 40.56234857290649))"
2W,2022-04-16 20:55:00+00:00,2022-04-16 22:55:00+00:00,0.0,26000.0,"POLYGON ((-122.79818813197194 46.00529008410048, -122.5041087146955 45.51207029850638, -122.6758912853045 45.40964594381004, -122.96997070258094 45.90286572940414, -122.79818813197194 46.00529008410048))"
56C,2022-04-16 21:55:00+00:00,2022-04-16 23:55:00+00:00,0.0,45000.0,"POLYGON ((-87.77495958503097 33.23316220099817, -86.13819005671857 32.283536543804225, -86.23933479413192 29.907024684205624, -89.90071487498024 31.172166592318767, -89.98395279067505 31.534986115494483, -87.77495958503097 33.23316220099817))"
5W,2022-04-16 21:55:00+00:00,2022-04-16 23:55:00+00:00,0.0,30000.0,"POLYGON ((-115.17028829471545 40.275719493200604, -114.09299802754185 40.114699634929536, -114.42002052695258 39.29920920862755, -115.60378451895191 38.709356488328304, -115.17028829471545 40.275719493200604))"
6W,2022-04-16 21:55:00+00:00,2022-04-16 23:55:00+00:00,0.0,31000.0,"POLYGON ((-115.53733427505163 42.79358003067654, -113.86286572416132 42.66929360708937, -114.17217506219883 42.24427872792638, -115.61783862353315 42.47447091526406, -115.53733427505163 42.79358003067654))"
35E,2022-04-16 21:55:00+00:00,2022-04-16 23:55:00+00:00,0.0,40000.0,"POLYGON ((-81.14301173964905 27.67846918322073, -80.67674216005365 27.27917651678932, -81.16763617057529 25.465359627785652, -81.96616152704799 26.930577395762587, -81.14301173964905 27.67846918322073))"
34E,2022-04-16 21:55:00+00:00,2022-04-16 23:55:00+00:00,0.0,41000.0,"POLYGON ((-75.50530265528657 34.92243248202061, -75.30719794254544 34.52044492607428, -76.405458322123 33.11452108973869, -76.76765977373297 33.425001437345124, -75.50530265528657 34.92243248202061))"
57C,2022-04-16 21:55:00+00:00,2022-04-16 23:55:00+00:00,0.0,34000.0,"POLYGON ((-92.66628738458486 34.51305911215252, -92.18 34.390858121158196, -92.18 34.10171624231643, -92.98939255724606 34.40069776079328, -92.66628738458486 34.51305911215252))"
58C,2022-04-16 21:55:00+00:00,2022-04-16 23:55:00+00:00,0.0,36000.0,"POLYGON ((-90.34278177680629 32.63422145236919, -89.89990722463526 31.60617913757418, -92.52275435783856 32.11016899973447, -90.34278177680629 32.63422145236919))"
7W,2022-04-16 21:55:00+00:00,2022-04-16 23:55:00+00:00,0.0,28000.0,"POLYGON ((-110.29181818181819 42.183534424134606, -109.92818181818181 42.183534424134606, -109.92818181818181 41.81989806049825, -110.29181818181819 41.81989806049825, -110.29181818181819 42.183534424134606))"
8W,2022-04-16 21:55:00+00:00,2022-04-16 23:55:00+00:00,0.0,28000.0,"POLYGON ((-112.2120745102797 39.364723665287215, -112.0606388254075 39.234082043484335, -112.4342821575639 38.80096637083588, -112.58571784243611 38.93160799263876, -112.2120745102797 39.364723665287215))"
ECHO 1,2022-04-16 22:05:00+00:00,2022-04-17 02:05:00+00:00,0.0,45000.0,"POLYGON ((-61.45 38.35, -62.25 35.1, -69.2 34.45, -69.2 35.45, -67.25 37.05, -61.45 38.35))"
CHARLIE 5,2022-04-16 22:35:00+00:00,2022-04-17 02:35:00+00:00,0.0,44000.0,"POLYGON ((-71.15 25, -70 21.45, -70.3 21, -73.45 20.45, -75 22, -77.15 23.3, -76.15 25, -71.15 25))"
59C,2022-04-16 22:55:00+00:00,2022-04-17 00:55:00+00:00,0.0,45000.0,"POLYGON ((-86.9 32.83815522131804, -85.7666408155912 31.74823125693894, -85.95008380351696 29.290904068838216, -89.84850227976207 30.946421966718926, -89.87058799212693 31.29941256508346, -86.9 32.83815522131804))"
11W,2022-04-16 22:55:00+00:00,2022-04-17 00:55:00+00:00,0.0,30000.0,"POLYGON ((-110.74130995190455 39.66782450372679, -110.7 39.25184477868196, -112.6738292041814 38.99247520153966, -112.42754514667782 39.453675825153304, -110.74130995190455 39.66782450372679))"
37E,2022-04-16 22:55:00+00:00,2022-04-17 00:55:00+00:00,0.0,33000.0,"POLYGON ((-75.8703502492603 40.579843780527234, -75.79428991466973 38.8839225415902, -77.04 38.5708581211582, -77.94096322244738 38.77354471764073, -75.8703502492603 40.579843780527234))"
36E,2022-04-16 22:55:00+00:00,2022-04-17 00:55:00+00:00,0.0,45000.0,"POLYGON ((-81.14301173964905 27.67846918322073, -80.67674216005365 27.27917651678932, -81.43256818850108 25.390949368690812, -81.96616152704799 26.930577395762587, -81.14301173964905 27.67846918322073))"
39E,2022-04-16 22:55:00+00:00,2022-04-17 00:55:00+00:00,0.0,32000.0,"POLYGON ((-75.57992521527271 34.79317219880156, -75.03447066981818 34.79317219880156, -75.03447066981818 34.24771765334701, -75.57992521527271 34.24771765334701, -75.57992521527271 34.79317219880156))"
38E,2022-04-16 22:55:00+00:00,2022-04-17 00:55:00+00:00,0.0,38000.0,"POLYGON ((-82.51378043053643 28.398061990516297, -82.15014406690005 28.398061990516297, -82.15014406690005 28.03442562687993, -82.51378043053643 28.03442562687993, -82.51378043053643 28.398061990516297))"
60C,2022-04-16 22:55:00+00:00,2022-04-17 00:55:00+00:00,0.0,39000.0,"POLYGON ((-92.52275435783856 32.11016899973447, -89.90422543039303 32.02915009762879, -90.26 30.86628718173732, -92.52275435783856 32.11016899973447))"
13W,2022-04-16 22:55:00+00:00,2022-04-17 00:55:00+00:00,0.0,30000.0,"POLYGON ((-123.09172429682523 47.211336481326725, -122.72808793318886 47.211336481326725, -122.72808793318886 46.847700117690366, -123.09172429682523 46.847700117690366, -123.09172429682523 47.211336481326725))"
12W,2022-04-16 22:55:00+00:00,2022-04-17 00:55:00+00:00,0.0,26000.0,"POLYGON ((-114.32465126920432 38.88990771647924, -114.17980834608032 37.849113683332845, -114.60019165391967 37.849113683332845, -114.63673577782387 38.899106514925, -114.32465126920432 38.88990771647924))"
10W,2022-04-16 22:55:00+00:00,2022-04-17 00:55:00+00:00,0.0,28000.0,"POLYGON ((-109.03334933429046 43.23635174748596, -108.46978114132592 41.99760157764505, -109.2132985693923 41.589838120672226, -109.52099253025261 42.578491607768925, -109.03334933429046 43.23635174748596))"
9W,2022-04-16 22:55:00+00:00,2022-04-17 00:55:00+00:00,0.0,30000.0,"POLYGON ((-111.09961898595319 43.72005508952007, -111.42999126404173 43.09671766554876, -113.23059398814956 42.197353928512484, -113.94525078377978 42.64468694415371, -111.09961898595319 43.72005508952007))"
41E,2022-04-16 23:55:00+00:00,2022-04-17 01:55:00+00:00,0.0,34000.0,"POLYGON ((-74.89187148802243 40.17200868137641, -75.90267537817408 38.476679070166306, -77.67339100654759 38.57616876171224, -76.76257267428925 40.06431116232179, -74.89187148802243 40.17200868137641))"
40E,2022-04-16 23:55:00+00:00,2022-04-17 01:55:00+00:00,0.0,40000.0,"POLYGON ((-81.2414688116685 27.677972767282867, -80.60692552928559 26.870063887745584, -81.8 25.421844778681965, -82.15374434322403 27.046518748822265, -81.2414688116685 27.677972767282867))"
61C,2022-04-16 23:55:00+00:00,2022-04-17 01:55:00+00:00,0.0,43000.0,"POLYGON ((-86.24487140226861 32.066272903322464, -85.7666408155912 31.74823125693894, -85.95008380351696 29.290904068838216, -89.89043777114009 30.530946200261376, -89.675885022439 31.298678281230448, -86.24487140226861 32.066272903322464))"
62C,2022-04-16 23:55:00+00:00,2022-04-17 01:55:00+00:00,0.0,37000.0,"POLYGON ((-92.23596737905349 32.11914957172451, -89.75241585358121 31.299001937126995, -90 30.428283757683577, -92.23596737905349 32.11914957172451))"
14W,2022-04-16 23:55:00+00:00,2022-04-17 01:55:00+00:00,0.0,30000.0,"POLYGON ((-112.57467514891461 42.73640914702694, -112.25484639554375 42.199834615969614, -113.16866460381945 41.97645288019313, -113.23059398814956 42.197353928512484, -112.57467514891461 42.73640914702694))"
3E,2022-04-17 00:55:00+00:00,2022-04-17 02:55:00+00:00,0.0,40000.0,"POLYGON ((-75.65632359998345 33.566027191238696, -75.10928185556631 33.36391611371047, -76.81696033297256 32.19359480289175, -77.87 32.68631044263608, -75.65632359998345 33.566027191238696))"
1C,2022-04-17 00:55:00+00:00,2022-04-17 02:55:00+00:00,0.0,38000.0,"POLYGON ((-85.49207857834335 31.511455019267643, -85.73542997423891 28.828408371394563, -90.48244922042447 30.838693605713566, -90.26 30.967262088527225, -88.08561423058345 30.964992691111963, -85.49207857834335 31.511455019267643))"
1E,2022-04-17 00:55:00+00:00,2022-04-17 02:55:00+00:00,0.0,34000.0,"POLYGON ((-74.28537286611004 40.087042666985255, -75.68018371483936 38.29455206944617, -78.08131422854997 38.23911104499922, -75.9690746296977 40.04537363582763, -74.28537286611004 40.087042666985255))"
2E,2022-04-17 00:55:00+00:00,2022-04-17 02:55:00+00:00,0.0,34000.0,"POLYGON ((-83.3172005657936 31.498996567660313, -82.95356420215722 31.498996567660313, -82.95356420215722 31.135360204023947, -83.3172005657936 31.135360204023947, -83.3172005657936 31.498996567660313))"
2C,2022-04-17 00:55:00+00:00,2022-04-17 02:55:00+00:00,0.0,45000.0,"POLYGON ((-99.83702708333061 30.33821269708199, -99.29157253787608 30.33821269708199, -99.29157253787608 29.792758151627442, -99.83702708333061 29.792758151627442, -99.83702708333061 30.33821269708199))"
1W,2022-04-17 00:55:00+00:00,2022-04-17 02:55:00+00:00,0.0,31000.0,"POLYGON ((-112.25548496336114 42.86932275464806, -111.0209813189444 42.85302597444039, -112.03801477751684 41.8925795466065, -112.58777181523612 42.09769040390838, -112.25548496336114 42.86932275464806))"
ECHO 2,2022-04-17 01:25:00+00:00,2022-04-17 05:25:00+00:00,0.0,36000.0,"POLYGON ((-62.15 41, -59.15 37.15, -68 35.3, -68.45 35.45, -68.15 38.15, -62.15 41))"
5E,2022-04-17 01:55:00+00:00,2022-04-17 03:55:00+00:00,0.0,37000.0,"POLYGON ((-75.6537279468731 34.33002969055372, -75.10928185556631 33.36391611371047, -76.81696033297256 32.19359480289175, -77.18711036928703 32.96475210855679, -75.6537279468731 34.33002969055372))"
4E,2022-04-17 01:55:00+00:00,2022-04-17 03:55:00+00:00,0.0,37000.0,"POLYGON ((-74.69576253968755 40.952254409891616, -73.16067987380619 40.81940125927738, -75.4289886713345 38.19626723169967, -78.19328003057957 38.02473389545863, -74.69576253968755 40.952254409891616))"
3C,2022-04-17 01:55:00+00:00,2022-04-17 03:55:00+00:00,0.0,39000.0,"POLYGON ((-85.01033620967358 31.403309752157494, -85.1483644234394 28.706818749071704, -89.46936934992422 29.657939352814758, -89.96387705301328 30.684840624391917, -87.2612358328858 30.82870258450018, -85.01033620967358 31.403309752157494))"
6E,2022-04-17 01:55:00+00:00,2022-04-17 03:55:00+00:00,0.0,41000.0,"POLYGON ((-82.05272727272727 26.369014454464594, -81.50727272727273 26.369014454464594, -81.50727272727273 25.823559909010047, -82.05272727272727 25.823559909010047, -82.05272727272727 26.369014454464594))"
5C,2022-04-17 01:55:00+00:00,2022-04-17 03:55:00+00:00,0.0,31000.0,"POLYGON ((-93.38740019610101 32.439230209029354, -93.02376383246464 32.439230209029354, -93.02376383246464 32.075593845392994, -93.38740019610101 32.075593845392994, -93.38740019610101 32.439230209029354))"
4C,2022-04-17 01:55:00+00:00,2022-04-17 03:55:00+00:00,0.0,35000.0,"POLYGON ((-99.56429981060334 30.065485424354716, -98.46 29.78457093942089, -98.52356982943853 29.506418710325008, -99.82 29.732574363474637, -99.56429981060334 30.065485424354716))"
CHARLIE 6,2022-04-17 02:30:00+00:00,2022-04-17 06:30:00+00:00,,,"POLYGON ((-73.15 25, -70.45 20.3, -73 20.3, -73.15 20, -73.45 20.3, -75 22, -75.3 22.15, -75.3 25, -73.15 25))"
8E,2022-04-17 02:55:00+00:00,2022-04-17 04:55:00+00:00,0.0,42000.0,"POLYGON ((-74.60118707224883 34.955516670633756, -73.7612320341291 34.23553982536499, -76.89048327355702 32.347912658677075, -77.11256866433175 32.810607855650346, -74.60118707224883 34.955516670633756))"
7E,2022-04-17 02:55:00+00:00,2022-04-17 04:55:00+00:00,0.0,37000.0,"POLYGON ((-73.55260582949533 40.229097124121274, -72.75406644518552 40.11778403224304, -73.2195721871111 39.42641844571335, -74.05485024529997 39.09762842507918, -74.28245272992953 39.264831999275174, -73.55260582949533 40.229097124121274))"
10E,2022-04-17 02:55:00+00:00,2022-04-17 04:55:00+00:00,0.0,31000.0,"POLYGON ((-77.47328712723532 38.43250141351989, -75.84435760956578 38.338693248972234, -75.85585632613837 38.13902407379193, -77.48478584380791 38.23283223833958, -77.47328712723532 38.43250141351989))"
9E,2022-04-17 02:55:00+00:00,2022-04-17 04:55:00+00:00,0.0,45000.0,"POLYGON ((-84.91618166679221 31.437171228573096, -84.47793851050379 30.132805387534425, -85.05671299195751 29.78473490538728, -86.05638147157309 31.049806323466374, -84.91618166679221 31.437171228573096))"
6C,2022-04-17 02:55:00+00:00,2022-04-17 04:55:00+00:00,0.0,32000.0,"POLYGON ((-89.0327396713436 30.728265205535713, -88.36 30.44085812115821, -88.92620314144315 29.458382138503936, -89.87208187534571 30.11707061864935, -89.0327396713436 30.728265205535713))"
11E,2022-04-17 03:55:00+00:00,2022-04-17 05:55:00+00:00,0.0,31000.0,"POLYGON ((-73.77 40.63, -72.32 40.08815522131805, -72.32 39.25631044263608, -74.8 39.26636895573639, -73.77 40.63))"
13E,2022-04-17 03:55:00+00:00,2022-04-17 05:55:00+00:00,0.0,41000.0,"POLYGON ((-84.57250078367207 30.860926092548294, -83.93666471967177 29.91538642345843, -84.35 29.23541730984525, -85.31441910659896 30.39645733599175, -84.57250078367207 30.860926092548294))"
12E,2022-04-17 03:55:00+00:00,2022-04-17 05:55:00+00:00,0.0,45000.0,"POLYGON ((-74.10202207210175 35.54163455364396, -73.7612320341291 34.23553982536499, -76.89048327355702 32.347912658677075, -77.11256866433175 32.810607855650346, -74.10202207210175 35.54163455364396))"
14E,2022-04-17 04:55:00+00:00,2022-04-17 06:55:00+00:00,0.0,39000.0,"POLYGON ((-70.03 39.283572531163294, -70.03 38.11898984100855, -72.88006515612935 36.21466566920305, -72.72597914373145 37.434453762607674, -70.03 39.283572531163294))"
16E,2022-04-17 04:55:00+00:00,2022-04-17 06:55:00+00:00,0.0,41000.0,"POLYGON ((-83.73994109802422 31.188257217783516, -83.59373561537444 30.069454276375353, -84.78878348330078 29.47703734748007, -85.03611189465529 30.9864105292458, -83.73994109802422 31.188257217783516))"
15E,2022-04-17 04:55:00+00:00,2022-04-17 06:55:00+00:00,0.0,45000.0,"POLYGON ((-74.10202207210175 35.54163455364396, -72.79933985502997 35.06616814957474, -76.74368634706377 32.03923455358845, -77.87 32.68631044263608, -74.10202207210175 35.54163455364396))"
ECHO 3,2022-04-17 05:05:00+00:00,2022-04-17 09:05:00+00:00,0.0,38000.0,"POLYGON ((-59.15 41.45, -57.3 37, -72.15 35.3, -72.3 38.15, -59.15 41.45))"
CHARLIE 7,2022-04-17 05:10:00+00:00,2022-04-17 09:10:00+00:00,0.0,45000.0,"POLYGON ((-75.3 25.15, -72 24.45, -71.3 20.15, -73.15 20, -75.3 22.15, -75.3 25.15))"
17E,2022-04-17 05:55:00+00:00,2022-04-17 07:55:00+00:00,0.0,45000.0,"POLYGON ((-72.43731817834639 37.19360502431225, -72.42995685017227 34.927774552075284, -76.74368634706377 32.03923455358845, -77.18711036928703 32.96475210855679, -72.43731817834639 37.19360502431225))"
7C,2022-04-17 05:55:00+00:00,2022-04-17 07:55:00+00:00,0.0,31000.0,"POLYGON ((-92.22 37.81178626558165, -90.36510966734616 34.25086561920501, -92.40508993318296 32.64680614969554, -96.16838395018881 37.47440063553829, -92.22 37.81178626558165))"
18E,2022-04-17 05:55:00+00:00,2022-04-17 07:55:00+00:00,0.0,31000.0,"POLYGON ((-84.22135964591051 30.667069240202927, -83.05 30.467425636525373, -83.40379001983453 29.906212118931226, -84.35 29.821716242316416, -84.22135964591051 30.667069240202927))"
20E,2022-04-17 06:55:00+00:00,2022-04-17 08:55:00+00:00,0.0,32000.0,"POLYGON ((-68.79543659952171 40.33222752695702, -68.04142167847384 39.7333406427176, -70.03 39.117203575426906, -68.79543659952171 40.33222752695702))"
19E,2022-04-17 06:55:00+00:00,2022-04-17 08:55:00+00:00,0.0,45000.0,"POLYGON ((-72.43731817834639 37.19360502431225, -72.42995685017227 34.927774552075284, -76.74368634706377 32.03923455358845, -77.18711036928703 32.96475210855679, -72.43731817834639 37.19360502431225))"
8C,2022-04-17 06:55:00+00:00,2022-04-17 08:55:00+00:00,0.0,34000.0,"POLYGON ((-92.55386366427547 37.61213474549222, -89.74807843569131 34.558664395551276, -92.31622576310302 33.61220381536558, -95.77713467448257 36.96759931321484, -92.55386366427547 37.61213474549222))"
21E,2022-04-17 07:55:00+00:00,2022-04-17 09:55:00+00:00,0.0,45000.0,"POLYGON ((-73.29229546766555 36.225287081814514, -72.46795419287882 36.20263089346184, -72.42995685017227 34.927774552075284, -76.74368634706377 32.03923455358845, -78.58406964409272 32.372222172806104, -73.29229546766555 36.225287081814514))"
22E,2022-04-17 07:55:00+00:00,2022-04-17 09:55:00+00:00,0.0,39000.0,"POLYGON ((-80.71695700689364 32.15939251784325, -81.51 30.672737911472797, -82.04533168893617 30.529909732491703, -82.92566848424089 31.892249954311076, -80.71695700689364 32.15939251784325))"
9C,2022-04-17 07:55:00+00:00,2022-04-17 09:55:00+00:00,0.0,38000.0,"POLYGON ((-93.20184790370494 38.487549290451355, -89.60404591572284 35.14675390284798, -89.51871640721949 34.09689507789444, -91.63228771258481 33.63709410718481, -95.47686085900622 35.58477150503226, -93.20184790370494 38.487549290451355))"
CHARLIE 8,2022-04-17 08:45:00+00:00,2022-04-17 12:45:00+00:00,0.0,45000.0,"POLYGON ((-76.45 24, -72.15 24, -68.45 20.3, -73.15 20.15, -76.45 24))"
ECHO 4,2022-04-17 08:45:00+00:00,2022-04-17 12:45:00+00:00,0.0,43000.0,"POLYGON ((-60.15 41, -59.3 37.3, -68 35.45, -74.15 32.15, -78 32.45, -67.15 40.3, -60.15 41))"
24E,2022-04-17 08:55:00+00:00,2022-04-17 10:55:00+00:00,0.0,39000.0,"POLYGON ((-80.71695700689364 32.15939251784325, -81.23672402003552 30.57499714509143, -82.36952728750863 30.18646741468725, -81.79058202863 31.28331922360778, -80.71695700689364 32.15939251784325))"
23E,2022-04-17 08:55:00+00:00,2022-04-17 10:55:00+00:00,0.0,45000.0,"POLYGON ((-72.46795419287882 36.20263089346184, -72.42995685017227 34.927774552075284, -76.74368634706377 32.03923455358845, -78.58406964409272 32.372222172806104, -73.72826481178812 35.40721542071722, -72.46795419287882 36.20263089346184))"
10C,2022-04-17 08:55:00+00:00,2022-04-17 10:55:00+00:00,0.0,41000.0,"POLYGON ((-93.75344291924894 38.26769780464313, -88.69210617411704 35.507224270868186, -89.1265334842041 33.9996111914881, -90.73453221318049 32.6497099058026, -94.80200842689545 35.38883386226597, -93.75344291924894 38.26769780464313))"
25E,2022-04-17 09:55:00+00:00,2022-04-17 11:55:00+00:00,0.0,45000.0,"POLYGON ((-73.72826481178812 35.40721542071722, -72.79933985502997 35.06616814957474, -77.84462178688962 30.988500832891024, -78.93095346765332 31.94397086757049, -73.72826481178812 35.40721542071722))"
11C,2022-04-17 09:55:00+00:00,2022-04-17 11:55:00+00:00,0.0,42000.0,"POLYGON ((-93.33 37.85910686720918, -90.23 36.83815522131805, -88.2995198342207 34.70732305395598, -91.49430233877342 32.327821641001485, -94.69038844620995 36.057644937086124, -93.33 37.85910686720918))"
26E,2022-04-17 09:55:00+00:00,2022-04-17 11:55:00+00:00,0.0,44000.0,"POLYGON ((-80.04 32.31171624231643, -80.73400419422445 30.614333829394287, -81.74739562531931 30.5442397950527, -81.43439741856479 31.491755085631116, -80.04 32.31171624231643))"
27E,2022-04-17 10:55:00+00:00,2022-04-17 12:55:00+00:00,0.0,45000.0,"POLYGON ((-73.72826481178812 35.40721542071722, -72.79933985502997 35.06616814957474, -77.84462178688962 30.988500832891024, -78.93095346765332 31.94397086757049, -73.72826481178812 35.40721542071722))"
12C,2022-04-17 10:55:00+00:00,2022-04-17 12:55:00+00:00,0.0,43000.0,"POLYGON ((-92.62418464408016 38.040775832978476, -89.63735209239366 36.63440270063658, -87.11661841856981 34.58209695959877, -91.49430233877342 32.327821641001485, -94.55961492448581 36.60211901382818, -92.62418464408016 38.040775832978476))"
28E,2022-04-17 10:55:00+00:00,2022-04-17 12:55:00+00:00,0.0,39000.0,"POLYGON ((-79.77803119258506 32.35546206695541, -80.26630783981624 30.776715557400117, -81.51 30.62914187884179, -81.11 31.437145302895534, -79.77803119258506 32.35546206695541))"
ECHO 5,2022-04-17 11:35:00+00:00,2022-04-17 15:35:00+00:00,0.0,42000.0,"POLYGON ((-64.15 41.45, -57.45 39.15, -67.45 34.3, -74.15 32, -79 31.3, -69.3 38.3, -64.15 41.45))"
CHARLIE 9,2022-04-17 11:40:00+00:00,2022-04-17 15:40:00+00:00,0.0,46000.0,"POLYGON ((-75.45 25, -68.3 23.3, -69 19.3, -73.3 19.15, -75.45 25))"
29E,2022-04-17 11:55:00+00:00,2022-04-17 13:55:00+00:00,0.0,45000.0,"POLYGON ((-77.87 32.85267939837247, -75.91327822438343 32.68738613299373, -77.84462178688962 30.988500832891024, -80.54617241639168 30.336465830354832, -81.66300115910121 31.6882340533802, -77.87 32.85267939837247))"
13C,2022-04-17 11:55:00+00:00,2022-04-17 13:55:00+00:00,0.0,45000.0,"POLYGON ((-91.40108650897163 38.04622367236579, -91.51937722032697 35.91765186208282, -86.9 34.33547582294557, -91.13179596163505 32.19840184218151, -94.12 36.749106867209186, -91.40108650897163 38.04622367236579))"
CHARLIE 10,2022-04-17 12:45:00+00:00,2022-04-17 16:45:00+00:00,0.0,45000.0,"POLYGON ((-75.45 25, -68.15 24, -69.15 19.45, -70.3 20.3, -73.45 20.3, -75.45 25))"
30E,2022-04-17 12:55:00+00:00,2022-04-17 14:55:00+00:00,0.0,36000.0,"POLYGON ((-80.76845396856437 32.15954127585023, -79.58358119751045 31.954206494934194, -80.26630783981624 30.776715557400117, -81.36989218354584 31.62546963664202, -80.76845396856437 32.15954127585023))"
14C,2022-04-17 12:55:00+00:00,2022-04-17 14:55:00+00:00,0.0,45000.0,"POLYGON ((-90.95 35.67628718173732, -86.69963329570912 34.0705369369241, -90.29577456960696 32.02915009762879, -91.82839391010002 34.67949519828053, -90.95 35.67628718173732))"
ECHO 6,2022-04-17 13:30:00+00:00,2022-04-17 17:30:00+00:00,0.0,42000.0,"POLYGON ((-73.15 36.15, -70 35.45, -74 32, -77 30, -79.45 30.3, -73.15 36.15))"
FOXTROT 1,2022-04-17 13:30:00+00:00,2022-04-17 17:30:00+00:00,0.0,41000.0,"POLYGON ((-63.15 41, -56.3 38.45, -66 35, -70.15 36, -63.15 41))"
15C,2022-04-17 13:55:00+00:00,2022-04-17 15:55:00+00:00,0.0,45000.0,"POLYGON ((-89.82392860793561 35.32730996982709, -86.74644997913263 33.97731489692558, -89.54537927045513 31.958221440750243, -91.43465701275326 34.42306291183953, -89.82392860793561 35.32730996982709))"
31E,2022-04-17 13:55:00+00:00,2022-04-17 15:55:00+00:00,0.0,42000.0,"POLYGON ((-80.63753956962236 31.993147265979847, -79.58358119751045 31.954206494934194, -80.1100593821678 30.830469380720775, -81.11 31.437145302895534, -80.63753956962236 31.993147265979847))"
16C,2022-04-17 14:55:00+00:00,2022-04-17 16:55:00+00:00,0.0,45000.0,"POLYGON ((-90.80416629730107 36.22755230192825, -85.97314922680954 33.98487742775084, -88.8 31.714524177054425, -91.86798820292698 35.29442290760843, -90.80416629730107 36.22755230192825))"
32E,2022-04-17 14:55:00+00:00,2022-04-17 16:55:00+00:00,0.0,42000.0,"POLYGON ((-80.48043603829285 31.93714120757727, -79.51914252228829 31.82038900581271, -80.1100593821678 30.830469380720775, -80.7948036450197 30.951417053493902, -80.48043603829285 31.93714120757727))"
17C,2022-04-17 14:55:00+00:00,2022-04-17 16:55:00+00:00,0.0,38000.0,"POLYGON ((-86.67096912450131 31.776378109901756, -86.48915094268312 31.776378109901756, -86.48915094268312 31.594559928083576, -86.67096912450131 31.594559928083576, -86.67096912450131 31.776378109901756))"
ECHO 7,2022-04-17 15:30:00+00:00,2022-04-17 19:30:00+00:00,0.0,40000.0,"POLYGON ((-74.15 34.3, -71.15 32.45, -77 29.15, -79 30.3, -74.15 34.3))"
CHARLIE 11,2022-04-17 15:45:00+00:00,2022-04-17 19:45:00+00:00,,,"POLYGON ((-74 26, -68.45 24.45, -67 22.3, -69.3 20, -70.3 20.3, -73 20.3, -74 26))"
19C,2022-04-17 15:55:00+00:00,2022-04-17 17:55:00+00:00,0.0,43000.0,"POLYGON ((-95.49411583997225 34.61438400698589, -91.94901846534106 34.21866716963083, -92.92368164691308 33.1961983103448, -96.44576363025864 32.86859529160735, -95.49411583997225 34.61438400698589))"
33E,2022-04-17 15:55:00+00:00,2022-04-17 17:55:00+00:00,0.0,41000.0,"POLYGON ((-80.32352417053127 31.88094200419871, -79.4548903759778 31.6865391421801, -80.1100593821678 30.830469380720775, -80.7948036450197 30.951417053493902, -80.32352417053127 31.88094200419871))"
18C,2022-04-17 15:55:00+00:00,2022-04-17 17:55:00+00:00,0.0,45000.0,"POLYGON ((-86.63242377266263 34.20397670371736, -85.45449023659349 33.25421584724931, -85.96109038219956 31.441378681934925, -88.36 31.163712818262688, -90.01308691877941 33.99397898805165, -86.63242377266263 34.20397670371736))"
FOXTROT 2,2022-04-17 16:45:00+00:00,2022-04-17 20:45:00+00:00,0.0,40000.0,"POLYGON ((-64 39, -60.15 38.45, -63.3 36, -67 37, -64 39))"
21C,2022-04-17 16:55:00+00:00,2022-04-17 18:55:00+00:00,0.0,45000.0,"POLYGON ((-94.70481673081402 35.74214405089515, -91.39029749032743 33.8370566438334, -91.76023416735974 32.75497176625328, -96.31009169360146 32.61321286290881, -94.70481673081402 35.74214405089515))"
20C,2022-04-17 16:55:00+00:00,2022-04-17 18:55:00+00:00,0.0,45000.0,"POLYGON ((-89.67134348855797 34.40478887455077, -85.97314922680954 33.98487742775084, -85.49145279486254 33.28496541010841, -85.18980147557981 31.338508877722262, -88.36 31.22910686720918, -89.67134348855797 34.40478887455077))"
34E,2022-04-17 16:55:00+00:00,2022-04-17 18:55:00+00:00,0.0,45000.0,"POLYGON ((-80.3902964602713 31.5445985851847, -79.91576707344694 31.132111981932614, -80.33745077959463 30.334769376460603, -81.8191738177169 30.228986528475694, -80.3902964602713 31.5445985851847))"
22C,2022-04-17 16:55:00+00:00,2022-04-17 18:55:00+00:00,0.0,42000.0,"POLYGON ((-98.59525345824233 31.79085278091225, -98.32252618551504 31.79085278091225, -98.32252618551504 31.518125508184976, -98.59525345824233 31.518125508184976, -98.59525345824233 31.79085278091225))"
35E,2022-04-17 17:55:00+00:00,2022-04-17 19:55:00+00:00,0.0,43000.0,"POLYGON ((-81.51 31.00547582294558, -79.53692753570145 31.025526094634234, -79.87084140091446 29.73994642773686, -83.2706810981287 30.060932075241826, -81.51 31.00547582294558))"
24C,2022-04-17 17:55:00+00:00,2022-04-17 19:55:00+00:00,0.0,45000.0,"POLYGON ((-94.08160688036092 35.32618708667899, -89.97255235250029 34.07444073110409, -92.04 32.6863689557364, -95.93247211854872 32.41447771924809, -94.08160688036092 35.32618708667899))"
25C,2022-04-17 17:55:00+00:00,2022-04-17 19:55:00+00:00,0.0,45000.0,"POLYGON ((-98.7564417648962 32.087907642740646, -97.58421210874944 31.770264942648335, -99.34692648033523 30.19023577213862, -100.05803546518086 30.804237557308944, -98.7564417648962 32.087907642740646))"
23C,2022-04-17 17:55:00+00:00,2022-04-17 19:55:00+00:00,0.0,45000.0,"POLYGON ((-86.03145997581602 33.66696250843496, -85.27590496285877 32.916416535662734, -85.18806381575338 30.39732483122391, -89.0327396713436 30.728265205535713, -88.43561623984256 32.6861575554219, -86.03145997581602 33.66696250843496))"
ECHO 8,2022-04-17 18:05:00+00:00,2022-04-17 22:05:00+00:00,0.0,40000.0,"POLYGON ((-76.3 32.3, -74.3 30.45, -77.45 29.3, -79.45 30.15, -79.3 31, -76.3 32.3))"
36E,2022-04-17 18:55:00+00:00,2022-04-17 20:55:00+00:00,0.0,45000.0,"POLYGON ((-76.787847348351 31.7018065542093, -77.29585037846218 29.245810877021633, -83.05 28.93452417705443, -83.05 30.598213734418366, -76.787847348351 31.7018065542093))"
26C,2022-04-17 18:55:00+00:00,2022-04-17 20:55:00+00:00,0.0,45000.0,"POLYGON ((-85.76132089629678 33.239787958019946, -84.4786179370797 32.79319822755399, -84.735775479056 30.39943315675927, -89.32770451625778 30.726410429325952, -88.25514323972608 32.18782798091745, -85.76132089629678 33.239787958019946))"
29C,2022-04-17 18:55:00+00:00,2022-04-17 20:55:00+00:00,0.0,34000.0,"POLYGON ((-94.34547230322579 38.982651555867484, -92.56334843041704 38.92014776093868, -92.9425742707502 37.66605061224992, -94.27975130495624 37.86911354871489, -94.34547230322579 38.982651555867484))"
27C,2022-04-17 18:55:00+00:00,2022-04-17 20:55:00+00:00,0.0,45000.0,"POLYGON ((-94.10627359738574 35.33456462568774, -89.35973510056975 34.50728358549704, -90.34278177680629 32.63422145236919, -95.43504663368594 32.41814659846743, -94.10627359738574 35.33456462568774))"
28C,2022-04-17 18:55:00+00:00,2022-04-17 20:55:00+00:00,0.0,45000.0,"POLYGON ((-99.22300898764706 31.10977313324061, -98.00598879430139 30.788045887132, -99.29166585715862 29.637405507134737, -100.15592064905216 30.599568532994905, -99.22300898764706 31.10977313324061))"
CHARLIE 12,2022-04-17 19:35:00+00:00,2022-04-17 23:35:00+00:00,0.0,45000.0,"POLYGON ((-70.15 26.3, -66.45 24.3, -67.45 21.3, -71.3 21, -73.3 24.15, -70.15 26.3))"
37E,2022-04-17 19:55:00+00:00,2022-04-17 21:55:00+00:00,0.0,45000.0,"POLYGON ((-77.84462178688962 30.988500832891024, -77.67703490491333 29.25610225681296, -83.04283283229108 28.678048581685758, -83.05 30.431844778681963, -77.84462178688962 30.988500832891024))"
31C,2022-04-17 19:55:00+00:00,2022-04-17 21:55:00+00:00,0.0,45000.0,"POLYGON ((-93.45371302520654 35.38725461765392, -88.2995198342207 34.70732305395598, -89.50868029569529 32.428618839435295, -94.67470628986794 32.266272731009565, -93.45371302520654 35.38725461765392))"
33C,2022-04-17 19:55:00+00:00,2022-04-17 21:55:00+00:00,0.0,34000.0,"POLYGON ((-93.45989486242229 39.8501142021697, -91.80066654672464 39.68286001011143, -92.22 37.94257436347464, -93.33 37.93828375768358, -93.45989486242229 39.8501142021697))"
32C,2022-04-17 19:55:00+00:00,2022-04-17 21:55:00+00:00,0.0,45000.0,"POLYGON ((-98.24549608152638 30.991413935956988, -97.76650197513489 30.175332847568093, -99.22626206878458 29.3611732326868, -99.69180096064252 30.332804887914524, -98.24549608152638 30.991413935956988))"
30C,2022-04-17 19:55:00+00:00,2022-04-17 21:55:00+00:00,0.0,45000.0,"POLYGON ((-85.36944982363067 33.10522349484473, -83.89349184225405 32.89421911139596, -84.47793851050379 30.132805387534425, -88.67041216670162 30.618980827799422, -88.16892095028963 32.15712789489411, -85.36944982363067 33.10522349484473))"
40E,2022-04-17 20:55:00+00:00,2022-04-17 22:55:00+00:00,0.0,45000.0,"POLYGON ((-83.70377874803334 33.373150662057355, -82.73358089628259 33.005004200010326, -84.49716852693386 30.092507753178154, -87.19331025105335 29.75305350671482, -88.89750177967676 30.91989264077524, -83.70377874803334 33.373150662057355))"
38E,2022-04-17 20:55:00+00:00,2022-04-17 22:55:00+00:00,0.0,45000.0,"POLYGON ((-81.21304447229758 30.954484094797632, -79.58388697946158 29.291325761486394, -81.86394697974804 28.34799481983138, -83.46187532919316 30.078662223602322, -81.21304447229758 30.954484094797632))"
39E,2022-04-17 20:55:00+00:00,2022-04-17 22:55:00+00:00,0.0,45000.0,"POLYGON ((-76.81696033297256 32.19359480289175, -77.90182995378836 30.407647758682796, -79.01170039983428 29.283601544713342, -79.7174551077208 30.964444740028352, -78.65728330880478 31.705967249332993, -76.81696033297256 32.19359480289175))"
36C,2022-04-17 20:55:00+00:00,2022-04-17 22:55:00+00:00,0.0,45000.0,"POLYGON ((-99.2759405436463 30.128305530125854, -96.81917975859425 30.12340956535689, -96.67584165608476 29.52803139761686, -99.82 29.76815522131804, -99.2759405436463 30.128305530125854))"
35C,2022-04-17 20:55:00+00:00,2022-04-17 22:55:00+00:00,0.0,45000.0,"POLYGON ((-92.30517462608387 36.532074730485625, -87.79752155618463 34.09479335616299, -90.46369482601325 32.30214410436453, -94.02371900082652 32.163249195797896, -92.30517462608387 36.532074730485625))"
41E,2022-04-17 20:55:00+00:00,2022-04-17 22:55:00+00:00,0.0,40000.0,"POLYGON ((-81.01716592659072 27.554709021650194, -80.65352956295435 27.554709021650194, -80.65352956295435 27.191072658013827, -81.01716592659072 27.191072658013827, -81.01716592659072 27.554709021650194))"
34C,2022-04-17 20:55:00+00:00,2022-04-17 22:55:00+00:00,0.0,43000.0,"POLYGON ((-96.64381833320779 31.437171228573096, -95.73364421504907 31.156029810061813, -96.4356928376416 30.94169423303859, -96.91088092412514 31.352815720410444, -96.64381833320779 31.437171228573096))"
37C,2022-04-17 20:55:00+00:00,2022-04-17 22:55:00+00:00,0.0,34000.0,"POLYGON ((-91.70457868076973 38.9748437815824, -91.24696828762742 37.9975922364831, -92.22 38.087145302895536, -92.40553059112901 38.80985329966289, -91.70457868076973 38.9748437815824))"
43E,2022-04-17 21:55:00+00:00,2022-04-17 23:55:00+00:00,0.0,45000.0,"POLYGON ((-77.86242363578312 32.10709887104252, -77.17924536115109 30.643087863040467, -79.01170039983428 29.283601544713342, -79.7174551077208 30.964444740028352, -77.86242363578312 32.10709887104252))"
44E,2022-04-17 21:55:00+00:00,2022-04-17 23:55:00+00:00,0.0,45000.0,"POLYGON ((-83.93030211566952 32.92496973579902, -82.73358089628259 33.005004200010326, -85.0768766276345 28.86093881581106, -87.1206652058681 29.907024684205624, -88.71809830092981 30.85684178724237, -83.93030211566952 32.92496973579902))"
42E,2022-04-17 21:55:00+00:00,2022-04-17 23:55:00+00:00,0.0,45000.0,"POLYGON ((-82.88048071823714 30.770941195465262, -81.09958975667175 30.69228113154956, -79.58388697946158 29.291325761486394, -82.30346621446442 27.909488227934716, -82.88048071823714 30.770941195465262))"
38C,2022-04-17 21:55:00+00:00,2022-04-17 23:55:00+00:00,0.0,45000.0,"POLYGON ((-91.8316342939706 36.81262527272227, -88.20244338585641 34.10444029904697, -90.1 31.93089313279082, -93.11504424382109 32.17987635990331, -91.8316342939706 36.81262527272227))"
45E,2022-04-17 21:55:00+00:00,2022-04-17 23:55:00+00:00,0.0,34000.0,"POLYGON ((-80.23855707350695 33.29054166317103, -79.90782989006476 33.15706279409366, -81.51 31.06285469710448, -81.11 32.59371281826268, -80.23855707350695 33.29054166317103))"
39C,2022-04-17 21:55:00+00:00,2022-04-17 23:55:00+00:00,0.0,45000.0,"POLYGON ((-99.50080754022767 29.931779685033224, -96.31 29.627425636525366, -96.77828790039614 29.168100877813117, -99.37900826878807 29.304882893618448, -99.50080754022767 29.931779685033224))"
49E,2022-04-17 22:55:00+00:00,2022-04-18 00:55:00+00:00,0.0,45000.0,"POLYGON ((-80.7700714081695 32.63321123966971, -81.61134260057081 31.218523656469078, -82.36108508410653 31.232503948185368, -82.2039421215556 32.53729710843544, -80.7700714081695 32.63321123966971))"
48E,2022-04-17 22:55:00+00:00,2022-04-18 00:55:00+00:00,0.0,45000.0,"POLYGON ((-83.93030211566952 32.92496973579902, -82.16000000000001 32.711786265581644, -84.25512281369427 28.53579429790076, -88.28605102700416 30.57627416398669, -83.93030211566952 32.92496973579902))"
47E,2022-04-17 22:55:00+00:00,2022-04-18 00:55:00+00:00,0.0,45000.0,"POLYGON ((-78.22272011451275 32.24017317440624, -77.44288425641814 30.62787477486037, -79.3931486732552 29.289021921839478, -79.7174551077208 30.964444740028352, -78.22272011451275 32.24017317440624))"
46E,2022-04-17 22:55:00+00:00,2022-04-18 00:55:00+00:00,0.0,45000.0,"POLYGON ((-82.88048071823714 30.770941195465262, -80.6166222583591 30.655297148386005, -80.5822297501818 29.107962812107232, -81.5133041859996 28.946472510167855, -82.88048071823714 30.770941195465262))"
41C,2022-04-17 22:55:00+00:00,2022-04-18 00:55:00+00:00,0.0,45000.0,"POLYGON ((-99.45305430561322 29.830960657982878, -96.0177661794798 29.374504975625655, -96.49977948148504 28.75986743106268, -99.5170469493898 29.25380946951011, -99.45305430561322 29.830960657982878))"
40C,2022-04-17 22:55:00+00:00,2022-04-18 00:55:00+00:00,0.0,45000.0,"POLYGON ((-88.20244338585641 34.10444029904697, -88.91012369435754 31.199402798588817, -93.22117777636873 31.51265379423271, -90.28 33.95910686720917, -88.20244338585641 34.10444029904697))"
50E,2022-04-17 22:55:00+00:00,2022-04-18 00:55:00+00:00,0.0,36000.0,"POLYGON ((-82.16731281859927 28.49394094388971, -81.44004009132655 28.49394094388971, -81.44004009132655 27.766668216616985, -82.16731281859927 27.766668216616985, -82.16731281859927 28.49394094388971))"
43C,2022-04-17 22:55:00+00:00,2022-04-18 00:55:00+00:00,0.0,31000.0,"POLYGON ((-90.48182086831744 35.42787726648262, -89.84444473408051 35.287056983055166, -90.63060923258503 34.79696286050115, -90.68611497728702 35.0179551114764, -90.48182086831744 35.42787726648262))"
42C,2022-04-17 22:55:00+00:00,2022-04-18 00:55:00+00:00,0.0,38000.0,"POLYGON ((-91.40501421714008 37.27688406145665, -90.57637190885957 37.00166093449606, -90.61981055505433 35.99889696498276, -91.66578485882698 36.107871208493016, -91.40501421714008 37.27688406145665))"
44C,2022-04-17 23:55:00+00:00,2022-04-18 01:55:00+00:00,0.0,45000.0,"POLYGON ((-89.22013185660191 34.076181336284826, -87.94267446543093 33.959271652571935, -87.82462426596634 30.53790127796301, -92.5 31.26, -89.22013185660191 34.076181336284826))"
46C,2022-04-17 23:55:00+00:00,2022-04-18 01:55:00+00:00,0.0,41000.0,"POLYGON ((-90.65036303972171 37.669254075316225, -90.23 37.17089313279082, -89.93707830250177 36.01841945391434, -91.86798820292698 35.29442290760843, -90.65036303972171 37.669254075316225))"
54E,2022-04-17 23:55:00+00:00,2022-04-18 01:55:00+00:00,0.0,41000.0,"POLYGON ((-81.80652169544261 26.268251689673264, -81.26106714998808 26.268251689673264, -81.26106714998808 25.722797144218717, -81.80652169544261 25.722797144218717, -81.80652169544261 26.268251689673264))"
53E,2022-04-17 23:55:00+00:00,2022-04-18 01:55:00+00:00,0.0,45000.0,"POLYGON ((-80.72865720494649 32.88811282810212, -80.73055539803953 28.759938847197883, -85.97021829553603 30.214702054170147, -81.71719125757338 32.6696870170143, -80.72865720494649 32.88811282810212))"
52E,2022-04-17 23:55:00+00:00,2022-04-18 01:55:00+00:00,0.0,40000.0,"POLYGON ((-78.30235113780265 32.269394494928285, -78.59893688826263 31.654990326569408, -79.1946198615429 32.17156211359507, -78.30235113780265 32.269394494928285))"
51E,2022-04-17 23:55:00+00:00,2022-04-18 01:55:00+00:00,0.0,45000.0,"POLYGON ((-81.94688966495664 28.317351725828388, -81.34 28.395429060579104, -81.53149137504136 27.064048828846378, -81.8986500779675 27.398487322152523, -81.94688966495664 28.317351725828388))"
45C,2022-04-17 23:55:00+00:00,2022-04-18 01:55:00+00:00,0.0,45000.0,"POLYGON ((-99.22626206878458 29.3611732326868, -97.84665281046244 29.417289366308122, -98.14381325982137 28.971794441106947, -99.70132578465078 28.96846777725722, -99.22626206878458 29.3611732326868))"
47C,2022-04-17 23:55:00+00:00,2022-04-18 01:55:00+00:00,0.0,33000.0,"POLYGON ((-89.64981346956684 35.90889845776839, -89.048224619204 35.485428142572246, -89.62693809666014 35.01948876981995, -90.23027986225217 35.22419749065341, -89.64981346956684 35.90889845776839))"
48C,2022-04-17 23:55:00+00:00,2022-04-18 01:55:00+00:00,0.0,43000.0,"POLYGON ((-95.94303063671296 30.469807642584556, -95.54235228051112 30.360558699865656, -96.01746816162839 29.958317864830207, -96.75806504365775 30.101106567990968, -95.94303063671296 30.469807642584556))"
3E,2022-04-18 00:55:00+00:00,2022-04-18 02:55:00+00:00,0.0,45000.0,"POLYGON ((-81.41287774722005 32.77445916717388, -80.19111578532655 32.582499321541114, -80.16067255454587 30.33307326431446, -83.62401461043007 29.598765082791605, -84.89296286566257 29.928314528563, -81.41287774722005 32.77445916717388))"
1C,2022-04-18 00:55:00+00:00,2022-04-18 02:55:00+00:00,0.0,45000.0,"POLYGON ((-87.1307414289822 34.13090053652592, -86.13466574353804 30.358295136734466, -90.54511786837323 30.319442990420686, -92.5 31.26, -87.1307414289822 34.13090053652592))"
2C,2022-04-18 00:55:00+00:00,2022-04-18 02:55:00+00:00,0.0,40000.0,"POLYGON ((-90.391537575488 37.97729979768656, -89.02546661565961 37.923223908081795, -88.61704676163279 35.08681842954281, -90.63721202876003 35.49477284765312, -90.391537575488 37.97729979768656))"
2E,2022-04-18 00:55:00+00:00,2022-04-18 02:55:00+00:00,0.0,38000.0,"POLYGON ((-77.87 33.19343248463285, -77.98899967386849 32.15401000109544, -79.31456405163082 32.274540537780005, -77.87 33.19343248463285))"
1E,2022-04-18 00:55:00+00:00,2022-04-18 02:55:00+00:00,0.0,45000.0,"POLYGON ((-81.15575880515856 30.032841294276714, -80.28361391671113 30.013045454659665, -80.79134940502362 27.569024261566376, -82.0766484655182 27.6873868602384, -81.15575880515856 30.032841294276714))"
3C,2022-04-18 00:55:00+00:00,2022-04-18 02:55:00+00:00,0.0,38000.0,"POLYGON ((-96.08599995147136 30.39789163419169, -95.54054540601683 30.39789163419169, -95.54054540601683 29.852437088737144, -96.08599995147136 29.852437088737144, -96.08599995147136 30.39789163419169))"
4C,2022-04-18 00:55:00+00:00,2022-04-18 02:55:00+00:00,0.0,36000.0,"POLYGON ((-100.03531279164777 29.206736994598916, -99.6716764280114 29.206736994598916, -99.6716764280114 28.84310063096255, -100.03531279164777 28.84310063096255, -100.03531279164777 29.206736994598916))"
5E,2022-04-18 01:55:00+00:00,2022-04-18 03:55:00+00:00,0.0,45000.0,"POLYGON ((-80.69148906145887 32.512233527247155, -79.58248396744256 30.32586483156779, -82.9766655168741 29.753684716024097, -83.60328600413185 31.06995703664485, -80.69148906145887 32.512233527247155))"
4E,2022-04-18 01:55:00+00:00,2022-04-18 03:55:00+00:00,0.0,44000.0,"POLYGON ((-80.70669581400041 28.946472510167855, -80.49 27.513631044263608, -81.18265758450679 27.423611960799473, -81.865850203144 28.729986895242956, -80.70669581400041 28.946472510167855))"
5C,2022-04-18 01:55:00+00:00,2022-04-18 03:55:00+00:00,0.0,45000.0,"POLYGON ((-86.27575299197076 34.70397707784831, -85.86397386026239 30.121598034629237, -88.95672772293237 29.1751444707926, -92.5 31.26, -86.27575299197076 34.70397707784831))"
6C,2022-04-18 01:55:00+00:00,2022-04-18 03:55:00+00:00,0.0,34000.0,"POLYGON ((-88.79248536983745 37.10198287300186, -88.56230734955713 35.762947663952644, -90.07769265044286 35.76294766395266, -89.32 36.851844778681965, -88.79248536983745 37.10198287300186))"
6E,2022-04-18 01:55:00+00:00,2022-04-18 03:55:00+00:00,0.0,36000.0,"POLYGON ((-77.87 32.90429060579106, -77.14542774327897 32.87862845857617, -77.98899967386849 32.15401000109544, -78.459325072573 32.32679622829023, -77.87 32.90429060579106))"
8E,2022-04-18 02:55:00+00:00,2022-04-18 04:55:00+00:00,0.0,45000.0,"POLYGON ((-80.56416961577376 32.349828748247305, -78.97913111692964 30.047082757571303, -80.16067255454587 30.33307326431446, -82.51 32.205475822945566, -80.56416961577376 32.349828748247305))"
8C,2022-04-18 02:55:00+00:00,2022-04-18 04:55:00+00:00,0.0,34000.0,"POLYGON ((-88.1594318892264 37.160797470678816, -87.62777489330361 35.81792757448312, -89.32 35.68726208852722, -88.87889373785998 37.216607091004114, -88.1594318892264 37.160797470678816))"
7C,2022-04-18 02:55:00+00:00,2022-04-18 04:55:00+00:00,0.0,45000.0,"POLYGON ((-85.8626108554026 34.36971121421244, -85.56446082960115 29.33561597820869, -88.57567435974401 29.17136827671067, -91.84867908116075 30.949414291731443, -85.8626108554026 34.36971121421244))"
7E,2022-04-18 02:55:00+00:00,2022-04-18 04:55:00+00:00,0.0,41000.0,"POLYGON ((-81.60733458483817 29.29907881838295, -81.11 29.3, -80.67811737096318 28.080571262213187, -81.46899570065575 27.197492708541496, -81.60733458483817 29.29907881838295))"
GOLF 1,2022-04-18 03:30:00+00:00,2022-04-18 07:30:00+00:00,0.0,45000.0,"POLYGON ((-70.3 25.15, -68.3 25, -67.3 21.15, -69 19.3, -70.15 20.15, -70.3 25.15))"
9E,2022-04-18 03:55:00+00:00,2022-04-18 05:55:00+00:00,0.0,41000.0,"POLYGON ((-82.16000000000001 33.37726208852722, -78.81172673804818 30.3122988570476, -79.96793375336792 30.330953028327283, -82.72260134695223 33.238160614364425, -82.16000000000001 33.37726208852722))"
9C,2022-04-18 03:55:00+00:00,2022-04-18 05:55:00+00:00,0.0,45000.0,"POLYGON ((-87.18348321788297 33.90495787585899, -84.44 33.63, -85.00517657939814 29.015021064877867, -88.57567435974401 29.17136827671067, -92.64847669293799 30.952504891110653, -87.18348321788297 33.90495787585899))"
10C,2022-04-18 03:55:00+00:00,2022-04-18 05:55:00+00:00,0.0,35000.0,"POLYGON ((-87.52508952785084 36.92506485860938, -86.68 35.56171624231642, -88.5674930635721 35.40428042802416, -88.55568738927158 36.63094493403919, -87.52508952785084 36.92506485860938))"
10E,2022-04-18 04:55:00+00:00,2022-04-18 06:55:00+00:00,0.0,41000.0,"POLYGON ((-81.93 35.196368955736396, -78.114134192269 31.228223940412413, -79.87084140091446 29.73994642773686, -83.67333666692133 34.57209717191184, -81.93 35.196368955736396))"
11E,2022-04-18 04:55:00+00:00,2022-04-18 06:55:00+00:00,0.0,33000.0,"POLYGON ((-76.57372982515872 33.89749217730992, -76.05057862301025 32.80714986095124, -76.81696033297256 32.19359480289175, -77.50317978545469 31.973007508938025, -77.87 32.85267939837247, -76.57372982515872 33.89749217730992))"
11C,2022-04-18 04:55:00+00:00,2022-04-18 06:55:00+00:00,0.0,45000.0,"POLYGON ((-84.19907079993975 32.87980455594683, -85.87831824331859 29.136776832549774, -89.85363890109512 29.542509557529574, -92.5 30.760893132790827, -86.87911717164472 32.689333003984295, -84.19907079993975 32.87980455594683))"
12E,2022-04-18 04:55:00+00:00,2022-04-18 06:55:00+00:00,0.0,30000.0,"POLYGON ((-80.67245023142877 30.33733124562165, -80.63921471539524 29.708082745823734, -81.77310967771514 29.29836235561977, -81.973498368477 30.17320795838266, -80.67245023142877 30.33733124562165))"
12C,2022-04-18 04:55:00+00:00,2022-04-18 06:55:00+00:00,0.0,35000.0,"POLYGON ((-86.77466325231116 37.040180657195684, -86.34034136043985 35.471688346992515, -87.69289063573959 35.11053049788088, -87.76 37.062574363474624, -86.77466325231116 37.040180657195684))"
GOLF 2,2022-04-18 05:10:00+00:00,2022-04-18 09:10:00+00:00,0.0,45000.0,"POLYGON ((-70.45 25, -68.3 25, -67.15 19.3, -67.45 19, -70.3 20.3, -70.45 25))"
14E,2022-04-18 05:55:00+00:00,2022-04-18 07:55:00+00:00,0.0,39000.0,"POLYGON ((-77.02217490022191 33.641227356518534, -76.05057862301025 32.80714986095124, -76.81696033297256 32.19359480289175, -77.50317978545469 31.973007508938025, -78.40326322893375 32.30632635237686, -77.02217490022191 33.641227356518534))"
13E,2022-04-18 05:55:00+00:00,2022-04-18 07:55:00+00:00,0.0,38000.0,"POLYGON ((-82.2181610397239 35.26494095647363, -79.88976141180332 33.768670806993086, -81.80934030013454 32.746281927362105, -83.06637415550192 35.160892080146894, -82.2181610397239 35.26494095647363))"
15E,2022-04-18 05:55:00+00:00,2022-04-18 07:55:00+00:00,0.0,40000.0,"POLYGON ((-79.67338564270624 33.01679860691805, -77.7103738594001 30.868429992317218, -80.84082276137545 29.064448955009638, -81.25645509730782 29.607329850298168, -80.88323036974548 32.620912569176504, -79.67338564270624 33.01679860691805))"
13C,2022-04-18 05:55:00+00:00,2022-04-18 07:55:00+00:00,0.0,45000.0,"POLYGON ((-83.49817775387488 32.99731837640821, -85.95008380351696 29.290904068838216, -90.14636109890488 29.542509557529574, -92.13058978067151 30.490947031986217, -87.49986435291882 32.21452021656015, -83.49817775387488 32.99731837640821))"
14C,2022-04-18 05:55:00+00:00,2022-04-18 07:55:00+00:00,0.0,32000.0,"POLYGON ((-85.89743767437032 36.92876616702543, -85.35351691755324 35.36052892561702, -87.9899040778183 35.117889110988436, -87.16341036304374 36.927806541108936, -85.89743767437032 36.92876616702543))"
17E,2022-04-18 06:55:00+00:00,2022-04-18 08:55:00+00:00,0.0,39000.0,"POLYGON ((-76.88223535823266 33.52253858704057, -75.29134565535617 33.431553251189904, -76.81696033297256 32.19359480289175, -77.68267016581326 32.040179807225364, -77.87 33.351786265581644, -76.88223535823266 33.52253858704057))"
19E,2022-04-18 06:55:00+00:00,2022-04-18 08:55:00+00:00,0.0,45000.0,"POLYGON ((-83.25464071894844 32.68937997417095, -84.57040945569061 29.93870032634315, -85.96360811662267 28.978394553899797, -86.68 29.16631044263607, -87.50811427913604 31.533211565618476, -83.25464071894844 32.68937997417095))"
16E,2022-04-18 06:55:00+00:00,2022-04-18 08:55:00+00:00,0.0,38000.0,"POLYGON ((-82.2181610397239 35.26494095647363, -79.88976141180332 33.768670806993086, -81.80934030013454 32.746281927362105, -83.06637415550192 35.160892080146894, -82.2181610397239 35.26494095647363))"
18E,2022-04-18 06:55:00+00:00,2022-04-18 08:55:00+00:00,0.0,40000.0,"POLYGON ((-78.4030222414804 33.27290691262983, -77.90182995378836 30.407647758682796, -80.96354490269219 29.607329850298168, -80.28260930052834 31.45146127917798, -80.60338323692575 33.35930086050207, -78.4030222414804 33.27290691262983))"
15C,2022-04-18 06:55:00+00:00,2022-04-18 08:55:00+00:00,0.0,45000.0,"POLYGON ((-90.79856306227603 31.107876246599915, -87.04779526586864 30.060955930196414, -86.68 29.16631044263607, -89.29294429181337 29.59345013510345, -91.1517789625367 30.78732594917064, -90.79856306227603 31.107876246599915))"
16C,2022-04-18 06:55:00+00:00,2022-04-18 08:55:00+00:00,0.0,32000.0,"POLYGON ((-84.27718704940823 36.97455778924258, -84.54770640145541 35.6769055099082, -87.82926111612169 35.37736169956549, -87.67653795566102 36.4678283683787, -84.27718704940823 36.97455778924258))"
21E,2022-04-18 07:55:00+00:00,2022-04-18 09:55:00+00:00,0.0,42000.0,"POLYGON ((-77.02217490022191 33.641227356518534, -75.83923781537374 33.63286179856822, -76.18824930117962 32.92676335171022, -78.22272011451275 32.24017317440624, -78.4030222414804 33.27290691262983, -77.02217490022191 33.641227356518534))"
23E,2022-04-18 07:55:00+00:00,2022-04-18 09:55:00+00:00,0.0,44000.0,"POLYGON ((-82.8592924196491 32.68751994342753, -84.35 29.73452417705442, -85.1483644234394 28.706818749071704, -86.68 28.66720357542689, -86.9035094278329 31.290922835561766, -82.8592924196491 32.68751994342753))"
19C,2022-04-18 07:55:00+00:00,2022-04-18 09:55:00+00:00,0.0,39000.0,"POLYGON ((-89.84850227976207 30.946421966718926, -89.0401522108739 30.140023192072924, -93.11 29.308155221318042, -93.65155372956802 29.668326172639098, -89.84850227976207 30.946421966718926))"
17C,2022-04-18 07:55:00+00:00,2022-04-18 09:55:00+00:00,0.0,45000.0,"POLYGON ((-87.36084317142596 30.240016139093544, -86.68 29.831786265581645, -86.68 28.66720357542689, -88.36 29.232679398372472, -87.99257532348068 29.960957988443386, -87.36084317142596 30.240016139093544))"
18C,2022-04-18 07:55:00+00:00,2022-04-18 09:55:00+00:00,0.0,36000.0,"POLYGON ((-85.47457910984734 37.24443338509137, -83.91730330965416 37.09351090775626, -84.17959566832113 35.664370767504536, -87.62777489330361 35.81792757448312, -87.63549639063797 36.454544372483575, -85.47457910984734 37.24443338509137))"
22E,2022-04-18 07:55:00+00:00,2022-04-18 09:55:00+00:00,0.0,45000.0,"POLYGON ((-78.33394266839612 33.41415941280372, -78.32622315747224 30.26697360283813, -80.91892431482627 29.700562394414657, -79.51914252228829 31.82038900581271, -79.5637101348231 32.72312224696809, -78.33394266839612 33.41415941280372))"
20E,2022-04-18 07:55:00+00:00,2022-04-18 09:55:00+00:00,0.0,38000.0,"POLYGON ((-82.1803107117196 35.23419739523562, -79.79425800170888 34.49705917280469, -80.35851988325095 33.0002461946522, -82.7724661070886 34.69886335595646, -82.1803107117196 35.23419739523562))"
GOLF 3,2022-04-18 08:35:00+00:00,2022-04-18 12:35:00+00:00,,,"POLYGON ((-69.15 26.45, -67.3 20.3, -68.15 19.15, -70.3 20.3, -73 25.45, -69.15 26.45))"
28E,2022-04-18 08:55:00+00:00,2022-04-18 10:55:00+00:00,0.0,30000.0,"POLYGON ((-84.11 37.1963689557364, -82.85967944553238 37.02344078034817, -84.71750702860295 35.312156366970754, -86.97047136811534 35.90436769261744, -87.0920168853577 36.13929443076551, -84.11 37.1963689557364))"
27E,2022-04-18 08:55:00+00:00,2022-04-18 10:55:00+00:00,0.0,45000.0,"POLYGON ((-82.66162581913919 32.6861249663803, -83.75888529016513 29.852783030599475, -85.29071092064703 28.398466564250135, -87.48383353268672 28.199594628992333, -87.6307966136423 29.190912175467794, -82.66162581913919 32.6861249663803))"
26E,2022-04-18 08:55:00+00:00,2022-04-18 10:55:00+00:00,0.0,44000.0,"POLYGON ((-78.4030222414804 33.27290691262983, -77.90182995378836 30.407647758682796, -80.34691107954761 29.297831298152747, -79.44166346475708 31.65893283188886, -79.0494011873955 32.88609514263001, -78.4030222414804 33.27290691262983))"
25E,2022-04-18 08:55:00+00:00,2022-04-18 10:55:00+00:00,0.0,44000.0,"POLYGON ((-76.20591680798546 33.76572079614409, -76.67065906260929 31.884832305941785, -77.9792078756522 31.108432486859222, -78.4030222414804 33.27290691262983, -76.20591680798546 33.76572079614409))"
21C,2022-04-18 08:55:00+00:00,2022-04-18 10:55:00+00:00,0.0,35000.0,"POLYGON ((-91.59365920240424 29.86485148460848, -91.88371782818255 29.249060993616876, -93.61983769755517 29.063081009224742, -93.7861456589506 29.55006451683722, -91.59365920240424 29.86485148460848))"
24E,2022-04-18 08:55:00+00:00,2022-04-18 10:55:00+00:00,0.0,30000.0,"POLYGON ((-82.74832731013062 35.303880731554614, -79.66 34.66371281826268, -80.23855707350695 33.29054166317103, -83.3 34.7, -82.74832731013062 35.303880731554614))"
20C,2022-04-18 08:55:00+00:00,2022-04-18 10:55:00+00:00,0.0,31000.0,"POLYGON ((-88.61603713288844 30.195484128068205, -88.92620314144315 29.458382138503936, -89.69234801042859 29.738993627144485, -89.53724198977561 30.015167953208863, -88.61603713288844 30.195484128068205))"
30E,2022-04-18 09:55:00+00:00,2022-04-18 11:55:00+00:00,,,"POLYGON ((-77.30912126389599 34.15647142329306, -77.9732387531172 34.14367672289142, -80.85397054705655 29.299755866756616, -79.20063303536749 32.17673299468042, -77.30912126389599 34.15647142329306))"
29E,2022-04-18 09:55:00+00:00,2022-04-18 11:55:00+00:00,0.0,30000.0,"POLYGON ((-82.87219035459269 35.344696559757914, -79.66 34.72910686720917, -79.35420184693157 33.61480023112467, -83.11290004321083 34.76352369887408, -82.87219035459269 35.344696559757914))"
32E,2022-04-18 09:55:00+00:00,2022-04-18 11:55:00+00:00,0.0,45000.0,"POLYGON ((-85.2968089984912 29.573100777403145, -84.28195952825253 29.148646149510487, -85.36157341431154 28.24423513939324, -87.48383353268672 28.199594628992333, -87.55909620170776 29.036786611670212, -85.2968089984912 29.573100777403145))"
33E,2022-04-18 09:55:00+00:00,2022-04-18 11:55:00+00:00,0.0,33000.0,"POLYGON ((-83.53094278749766 37.219594591654314, -82.95719281510544 36.43714664049143, -83.3 35.36547582294557, -85.4630986656228 35.57441874148439, -86.48982636260934 36.07618299418024, -83.53094278749766 37.219594591654314))"
22C,2022-04-18 09:55:00+00:00,2022-04-18 11:55:00+00:00,0.0,39000.0,"POLYGON ((-92.56844627043198 29.668326172639098, -91.66650633665593 29.710963116014522, -91.43380246377761 29.173391202068682, -92.67233460550203 29.217044952265425, -92.56844627043198 29.668326172639098))"
31E,2022-04-18 09:55:00+00:00,2022-04-18 11:55:00+00:00,0.0,32000.0,"POLYGON ((-83.16634297194972 32.28016295420759, -82.35318998208825 31.595229244595025, -83.88621901745339 30.233205993961107, -83.97653536646101 31.548967045717415, -83.16634297194972 32.28016295420759))"
23C,2022-04-18 09:55:00+00:00,2022-04-18 11:55:00+00:00,0.0,36000.0,"POLYGON ((-88.74301296219856 29.92804070217627, -87.91375506429314 29.794273484968834, -89.03317578239279 28.788499032448307, -89.53877795362669 29.683223912450593, -88.74301296219856 29.92804070217627))"
HOTEL 1,2022-04-18 10:30:00+00:00,2022-04-18 14:30:00+00:00,0.0,42000.0,"POLYGON ((-75 25.15, -72.45 22, -73.3 20.15, -75.15 22, -77 23.15, -75 25.15))"
GOLF 4,2022-04-18 10:35:00+00:00,2022-04-18 14:35:00+00:00,0.0,45000.0,"POLYGON ((-69 28.3, -67.45 22.45, -68.3 21, -71.15 21.15, -73.45 27, -69 28.3))"
34E,2022-04-18 10:55:00+00:00,2022-04-18 12:55:00+00:00,0.0,34000.0,"POLYGON ((-84.93326234313339 29.169065141989194, -84.28195952825253 29.148646149510487, -85.12715133198182 27.888382245393466, -87.48383353268672 28.199594628992333, -86.68 28.66720357542689, -84.93326234313339 29.169065141989194))"
36E,2022-04-18 10:55:00+00:00,2022-04-18 12:55:00+00:00,0.0,40000.0,"POLYGON ((-82.94898922779338 37.406356199840886, -80.38709689804433 34.99769677012301, -81.11 32.16, -82.23323897726503 31.77498332280817, -84.50614147630797 35.898426402912506, -82.94898922779338 37.406356199840886))"
35E,2022-04-18 10:55:00+00:00,2022-04-18 12:55:00+00:00,0.0,45000.0,"POLYGON ((-78.17622517743129 33.73479851961093, -75.83923781537374 33.63286179856822, -78.56848498931308 28.36706140272879, -80.15614644654264 29.29661144503285, -80.19111578532655 32.582499321541114, -78.17622517743129 33.73479851961093))"
24C,2022-04-18 10:55:00+00:00,2022-04-18 12:55:00+00:00,0.0,35000.0,"POLYGON ((-91.3 29.64815522131804, -91.43380246377761 29.173391202068682, -92.60016230244482 29.063081009224742, -92.74472413812802 29.37097004870952, -91.3 29.64815522131804))"
38E,2022-04-18 11:55:00+00:00,2022-04-18 13:55:00+00:00,0.0,45000.0,"POLYGON ((-76.57372982515872 33.89749217730992, -75.65632359998345 33.566027191238696, -79.14696250387193 28.849917908083896, -80.05492341585561 28.601548608159696, -81.15334387111835 30.46684937365633, -76.57372982515872 33.89749217730992))"
37E,2022-04-18 11:55:00+00:00,2022-04-18 13:55:00+00:00,0.0,34000.0,"POLYGON ((-86.16668974894665 29.75305350671482, -84.25512281369427 28.53579429790076, -84.10008087615607 26.81844441120513, -86.68 28.00172775248132, -88.36 29.73178626558165, -86.16668974894665 29.75305350671482))"
39E,2022-04-18 11:55:00+00:00,2022-04-18 13:55:00+00:00,0.0,40000.0,"POLYGON ((-82.51274928651048 36.566722784521275, -79.48256941343203 32.4181997806037, -79.589734327649 31.966962443600607, -81.40881801168469 31.544829034357047, -84.32763754379305 36.25212926975614, -82.51274928651048 36.566722784521275))"
40E,2022-04-18 12:55:00+00:00,2022-04-18 14:55:00+00:00,0.0,35000.0,"POLYGON ((-86.68 29.831786265581645, -84.40914502331523 27.262553444255794, -86.68 27.668989841008543, -88.36 29.73178626558165, -86.68 29.831786265581645))"
42E,2022-04-18 12:55:00+00:00,2022-04-18 14:55:00+00:00,0.0,30000.0,"POLYGON ((-82.28079289880225 37.392293385643974, -80.95 35.19, -81.62130658695598 34.41478872943104, -83.3 34.7, -84.11 36.53089313279083, -82.28079289880225 37.392293385643974))"
41E,2022-04-18 12:55:00+00:00,2022-04-18 14:55:00+00:00,0.0,45000.0,"POLYGON ((-76.57372982515872 33.89749217730992, -75.47369288951381 33.49892397615319, -80.09017300608167 28.03234758826255, -81.80934030013454 32.746281927362105, -76.57372982515872 33.89749217730992))"
HOTEL 2,2022-04-18 13:45:00+00:00,2022-04-18 17:45:00+00:00,0.0,45000.0,"POLYGON ((-69.15 26.45, -68.5 23.4, -73.5 21.2, -76.4 24.45, -69.15 26.45))"
43E,2022-04-18 13:55:00+00:00,2022-04-18 15:55:00+00:00,0.0,39000.0,"POLYGON ((-85.95008380351696 29.290904068838216, -85.12715133198182 27.888382245393466, -86.68 27.33625192953575, -87.41633500875962 28.728421947234096, -85.95008380351696 29.290904068838216))"
44E,2022-04-18 13:55:00+00:00,2022-04-18 15:55:00+00:00,0.0,45000.0,"POLYGON ((-76.25804524564349 34.33943617623588, -75.29134565535617 33.431553251189904, -79.96838261465777 27.87002282199564, -81.38864499150311 32.394976040596944, -76.25804524564349 34.33943617623588))"
45E,2022-04-18 13:55:00+00:00,2022-04-18 15:55:00+00:00,0.0,30000.0,"POLYGON ((-81.89520589568137 37.522790239284994, -81.93 35.69547582294558, -83.65557085335438 35.43865710865688, -84.11 36.53089313279083, -81.89520589568137 37.522790239284994))"
47E,2022-04-18 14:55:00+00:00,2022-04-18 16:55:00+00:00,0.0,45000.0,"POLYGON ((-76.18 35.095417309845246, -75.1037809404057 34.10326518512719, -76.787847348351 31.7018065542093, -77.26191260735983 33.11885193382826, -76.18 35.095417309845246))"
46E,2022-04-18 14:55:00+00:00,2022-04-18 16:55:00+00:00,0.0,45000.0,"POLYGON ((-78.85129679023204 32.8843771033571, -77.14498795407901 31.837907326729614, -78.23581662048824 27.66175790009806, -79.96089552958658 27.208433498959586, -80.04 32.89, -78.85129679023204 32.8843771033571))"
DELTA 1,2022-04-18 14:55:00+00:00,2022-04-18 18:55:00+00:00,0.0,55000.0,"POLYGON ((-124.2 13.35, -120.1 10.4, -120.05 4.4, -122.5 4.3, -126.5 11.35, -124.2 13.35))"
49E,2022-04-18 15:55:00+00:00,2022-04-18 17:55:00+00:00,0.0,45000.0,"POLYGON ((-75.55804420623159 35.02874193222278, -74.1793894752955 34.596247650832055, -77.17672267238457 30.38677481867236, -78.114134192269 31.228223940412413, -75.55804420623159 35.02874193222278))"
48E,2022-04-18 15:55:00+00:00,2022-04-18 17:55:00+00:00,0.0,45000.0,"POLYGON ((-78.17622517743129 33.73479851961093, -78.04801517929808 27.658591555074487, -80.09 26.68, -79.64375069581392 32.88937520203755, -78.17622517743129 33.73479851961093))"
DELTA 2,2022-04-18 15:55:00+00:00,2022-04-18 19:55:00+00:00,0.0,55000.0,"POLYGON ((-124.2 13.35, -120.1 10.5, -120.05 4.05, -136.3 7.2, -136.55 10.05, -124.2 13.35))"
50E,2022-04-18 16:55:00+00:00,2022-04-18 18:55:00+00:00,0.0,45000.0,"POLYGON ((-77.16250051869676 33.759758054480585, -78.04017616835857 28.549753072258635, -79.55067052263696 27.676832485442556, -79.20293906140311 33.30692044540566, -77.16250051869676 33.759758054480585))"
51E,2022-04-18 16:55:00+00:00,2022-04-18 18:55:00+00:00,0.0,45000.0,"POLYGON ((-75.6537279468731 34.33002969055372, -75.47369288951381 33.49892397615319, -76.62242876451066 29.02683697822481, -76.89048327355702 32.347912658677075, -75.6537279468731 34.33002969055372))"
HOTEL 3,2022-04-18 17:20:00+00:00,2022-04-18 21:20:00+00:00,,,"POLYGON ((-78.5 27.1, -74.05 25.45, -69.15 26.55, -68.25 22.1, -73.1 21.55, -79 24.45, -78.5 27.1))"
INDIA 1,2022-04-18 17:25:00+00:00,2022-04-18 21:25:00+00:00,0.0,41000.0,"POLYGON ((-75 33.2, -75.05 29.25, -77 29.25, -77.05 33, -75 33.2))"
52E,2022-04-18 17:55:00+00:00,2022-04-18 19:55:00+00:00,0.0,45000.0,"POLYGON ((-77.02217490022191 33.641227356518534, -76.97808172116771 28.908957479633735, -79.36281421450062 27.675438843385773, -79.48256941343203 32.4181997806037, -77.02217490022191 33.641227356518534))"
54E,2022-04-18 18:55:00+00:00,2022-04-18 20:55:00+00:00,0.0,37000.0,"POLYGON ((-75.8551517234846 34.333495027530304, -75.10928185556631 33.36391611371047, -76.81696033297256 32.19359480289175, -77.02217490022191 33.641227356518534, -75.8551517234846 34.333495027530304))"
53E,2022-04-18 18:55:00+00:00,2022-04-18 20:55:00+00:00,0.0,41000.0,"POLYGON ((-77.02217490022191 33.641227356518534, -76.97808172116771 28.908957479633735, -79.36281421450062 27.675438843385773, -79.48256941343203 32.4181997806037, -77.02217490022191 33.641227356518534))"
DELTA 3,2022-04-18 19:30:00+00:00,2022-04-18 23:30:00+00:00,0.0,54000.0,"POLYGON ((-123.45 15.05, -120.1 9.4, -120 3.35, -138.2 6.2, -136.2 10.3, -123.45 15.05))"
57E,2022-04-18 19:55:00+00:00,2022-04-18 21:55:00+00:00,0.0,37000.0,"POLYGON ((-80.34691107954761 29.297831298152747, -79.7176144659696 26.679514493799267, -80.30290265152598 26.218726895225966, -81.03710317045228 29.146275337955103, -80.34691107954761 29.297831298152747))"
56E,2022-04-18 19:55:00+00:00,2022-04-18 21:55:00+00:00,0.0,40000.0,"POLYGON ((-75.48162719054064 34.874613397761685, -74.92750143497929 33.29601366051396, -76.05057862301025 32.80714986095124, -76.66098951172519 34.34405756847523, -75.48162719054064 34.874613397761685))"
55E,2022-04-18 19:55:00+00:00,2022-04-18 21:55:00+00:00,0.0,40000.0,"POLYGON ((-77.18711036928703 32.96475210855679, -77.15560432621213 28.84966777351555, -78.98711815426667 27.67189156830133, -79.34412565937605 32.2998675212049, -77.18711036928703 32.96475210855679))"
59E,2022-04-18 20:55:00+00:00,2022-04-18 22:55:00+00:00,0.0,40000.0,"POLYGON ((-75.04188050468775 35.87259919125233, -73.7612320341291 34.23553982536499, -78.24940281019201 31.347874173341076, -76.74788347296602 34.72688777058036, -75.04188050468775 35.87259919125233))"
60E,2022-04-18 20:55:00+00:00,2022-04-18 22:55:00+00:00,0.0,42000.0,"POLYGON ((-81.2414688116685 27.677972767282867, -79.73129622868689 27.448072961903527, -80.01814803446045 26.035046574174213, -81.1500602686632 25.176804459684146, -81.2414688116685 27.677972767282867))"
58E,2022-04-18 20:55:00+00:00,2022-04-18 22:55:00+00:00,0.0,43000.0,"POLYGON ((-77.4272089757168 30.6137235759749, -76.91880781336718 27.806506461813772, -78.47210816983366 26.670835392581374, -79.10488902531782 30.004244923169015, -77.4272089757168 30.6137235759749))"
HOTEL 4,2022-04-18 21:20:00+00:00,2022-04-19 01:20:00+00:00,0.0,45000.0,"POLYGON ((-69.15 27.3, -68.3 22.3, -73.15 21.45, -74.45 26.15, -69.15 27.3))"
INDIA 2,2022-04-18 21:25:00+00:00,2022-04-19 01:25:00+00:00,0.0,42000.0,"POLYGON ((-72.3 35.15, -74.3 27.3, -77 27.3, -77 32.15, -72.3 35.15))"
61E,2022-04-18 21:55:00+00:00,2022-04-18 23:55:00+00:00,0.0,38000.0,"POLYGON ((-75.56103130750736 36.258405492177125, -74.11705479269541 36.242286206557836, -73.7612320341291 34.23553982536499, -76.81696033297256 32.19359480289175, -75.56103130750736 36.258405492177125))"
62E,2022-04-18 21:55:00+00:00,2022-04-18 23:55:00+00:00,0.0,45000.0,"POLYGON ((-80.72044601983394 27.47535525185575, -79.51537089984365 27.189977788824887, -80.09626723599808 25.399186339543263, -81.00505915516791 24.58791335094612, -81.59513389705812 26.129182563131256, -80.72044601983394 27.47535525185575))"
64E,2022-04-18 22:55:00+00:00,2022-04-19 00:55:00+00:00,0.0,45000.0,"POLYGON ((-80.63419626374355 27.987335060327325, -79.56117451794687 27.14958210160337, -80.06867079833995 25.338732925408017, -80.88520341449002 24.587236694214244, -81.49686748526675 25.914901466215348, -80.63419626374355 27.987335060327325))"
63E,2022-04-18 22:55:00+00:00,2022-04-19 00:55:00+00:00,0.0,38000.0,"POLYGON ((-73.91226270769698 36.86806908720055, -72.61449218536606 34.997111206835285, -76.05057862301025 32.80714986095124, -75.41503656287256 36.512234208800045, -73.91226270769698 36.86806908720055))"
DELTA 4,2022-04-18 23:30:00+00:00,2022-04-19 03:30:00+00:00,0.0,52000.0,"POLYGON ((-124.3 15, -120 10.15, -120 3.3, -126.45 3.3, -139 6.45, -124.3 15))"
65E,2022-04-18 23:55:00+00:00,2022-04-19 01:55:00+00:00,0.0,45000.0,"POLYGON ((-79.55298265182502 28.500327787280437, -80.28 24.96815522131804, -81.12248353355385 24.84314904610989, -80.77961877590428 26.933000350378148, -80.20078323475343 28.294518877577687, -79.55298265182502 28.500327787280437))"
1E,2022-04-19 00:55:00+00:00,2022-04-19 02:55:00+00:00,0.0,44000.0,"POLYGON ((-80.62181246354417 25.92693358338929, -79.42867591818403 25.479191370833874, -80.88520341449002 24.587236694214244, -81.20392955410844 25.79708094283153, -80.62181246354417 25.92693358338929))"
HOTEL 5,2022-04-19 01:20:00+00:00,2022-04-19 05:20:00+00:00,0.0,47000.0,"POLYGON ((-68.45 28.15, -68.45 22.15, -73.15 21.45, -72.3 27, -68.45 28.15))"
INDIA 3,2022-04-19 01:25:00+00:00,2022-04-19 05:25:00+00:00,0.0,42000.0,"POLYGON ((-71.45 33.15, -74.45 26.45, -76.3 26.45, -75.45 32.3, -71.45 33.15))"
DELTA 5,2022-04-19 03:30:00+00:00,2022-04-19 07:30:00+00:00,0.0,52000.0,"POLYGON ((-123.45 14, -120 10.15, -120 3.3, -137.3 3.3, -139 6.45, -123.45 14))"
2E,2022-04-19 03:55:00+00:00,2022-04-19 05:55:00+00:00,0.0,34000.0,"POLYGON ((-74.50961165482452 34.884694932163406, -74.36409904813279 34.74748676442628, -75.55328760757361 33.48632330757038, -75.69880021426535 33.62353147530751, -74.50961165482452 34.884694932163406))"
INDIA 4,2022-04-19 04:30:00+00:00,2022-04-19 08:30:00+00:00,0.0,45000.0,"POLYGON ((-71.15 33.3, -72.3 27.15, -76 26.3, -75 32.45, -71.15 33.3))"
3E,2022-04-19 04:55:00+00:00,2022-04-19 06:55:00+00:00,0.0,34000.0,"POLYGON ((-73.96192341617434 35.526136645725295, -73.80613174455631 35.400721514842054, -75.38947070996808 33.433885277282414, -75.54526238158611 33.559300408165655, -73.96192341617434 35.526136645725295))"
HOTEL 6,2022-04-19 05:05:00+00:00,2022-04-19 09:05:00+00:00,0.0,48000.0,"POLYGON ((-68 26.3, -69.3 20.15, -73 21.15, -71.3 23.3, -72 25.15, -68 26.3))"
4E,2022-04-19 05:55:00+00:00,2022-04-19 07:55:00+00:00,0.0,42000.0,"POLYGON ((-80.176317193116 27.35330387567014, -79.63086264766147 27.35330387567014, -79.63086264766147 26.807849330215593, -80.176317193116 26.807849330215593, -80.176317193116 27.35330387567014))"
5E,2022-04-19 06:55:00+00:00,2022-04-19 08:55:00+00:00,0.0,36000.0,"POLYGON ((-78.16554552298626 31.304227484632637, -77.62009097753173 31.304227484632637, -77.62009097753173 30.75877293917809, -78.16554552298626 30.75877293917809, -78.16554552298626 31.304227484632637))"
JULIETT 1,2022-04-19 07:00:00+00:00,2022-04-19 11:00:00+00:00,0.0,40000.0,"POLYGON ((-76 25.3, -73 23.45, -74.3 21.15, -75.15 22, -77.3 23.3, -76 25.3))"
DELTA 6,2022-04-19 07:10:00+00:00,2022-04-19 11:10:00+00:00,0.0,50000.0,"POLYGON ((-123 15.15, -120 10, -120 3.3, -129.15 3.3, -139.15 4.45, -139.15 7.3, -123 15.15))"
6E,2022-04-19 07:55:00+00:00,2022-04-19 09:55:00+00:00,0.0,45000.0,"POLYGON ((-79.67254477781954 27.56441930188345, -79.127090232365 27.56441930188345, -79.127090232365 27.018964756428904, -79.67254477781954 27.018964756428904, -79.67254477781954 27.56441930188345))"
HOTEL 7,2022-04-19 08:05:00+00:00,2022-04-19 12:05:00+00:00,0.0,50000.0,"POLYGON ((-67 28.15, -69.15 20.3, -72.15 23, -71 25, -71 28, -67 28.15))"
JULIETT 2,2022-04-19 09:15:00+00:00,2022-04-19 13:15:00+00:00,0.0,47000.0,"POLYGON ((-74.3 26.3, -71.15 26, -73.15 23, -74.3 22.15, -77.3 23.3, -74.3 26.3))"
DELTA 7,2022-04-19 10:25:00+00:00,2022-04-19 14:25:00+00:00,0.0,50000.0,"POLYGON ((-124.45 13, -121.15 10, -124 3.3, -129.15 3.3, -137.3 5, -137.45 7.3, -124.45 13))"
7E,2022-04-19 10:55:00+00:00,2022-04-19 12:55:00+00:00,0.0,43000.0,"POLYGON ((-78.43961397804969 29.273439933692682, -79.6298812004389 25.210354803629514, -80.28 24.96815522131804, -79.9082089545008 28.90842135910718, -78.43961397804969 29.273439933692682))"
HOTEL 8,2022-04-19 11:00:00+00:00,2022-04-19 15:00:00+00:00,0.0,50000.0,"POLYGON ((-69 26.45, -66.15 26.15, -68.15 22.15, -72 22.15, -72.15 23, -69 26.45))"
1C,2022-04-19 11:14:00+00:00,2022-04-19 12:55:00+00:00,0.0,40000.0,"POLYGON ((-99.32660193226546 36.333256001159064, -98.78114738681093 36.333256001159064, -98.78114738681093 35.78780145570452, -99.32660193226546 35.78780145570452, -99.32660193226546 36.333256001159064))"
8E,2022-04-19 11:55:00+00:00,2022-04-19 13:55:00+00:00,0.0,40000.0,"POLYGON ((-79.88161041550096 28.84871529436914, -78.21648200970473 28.48908274740241, -79.6298812004389 25.210354803629514, -80.28 24.96815522131804, -79.88161041550096 28.84871529436914))"
9E,2022-04-19 11:55:00+00:00,2022-04-19 13:55:00+00:00,0.0,27000.0,"POLYGON ((-69.64924925309701 42.720105597147366, -67.5470787071661 42.01750025405275, -68.19116852601938 39.85350746690818, -70.03 39.78267939837248, -69.64924925309701 42.720105597147366))"
2C,2022-04-19 11:55:00+00:00,2022-04-19 13:55:00+00:00,0.0,40000.0,"POLYGON ((-99.38149682912986 36.504940412176076, -98.12502232172707 35.949126151852134, -98.67561266762394 35.73425184950325, -99.6268460139635 36.13527859673665, -99.38149682912986 36.504940412176076))"
JULIETT 3,2022-04-19 12:50:00+00:00,2022-04-19 16:50:00+00:00,0.0,40000.0,"POLYGON ((-72.45 26.45, -71.05 26, -74.35 22.3, -76.5 24.1, -72.45 26.45))"
10E,2022-04-19 12:55:00+00:00,2022-04-19 14:55:00+00:00,0.0,40000.0,"POLYGON ((-79.55298265182502 28.500327787280437, -78.21648200970473 28.48908274740241, -79.25895962679549 25.414440217940218, -79.99858674872327 25.1849103249004, -79.55298265182502 28.500327787280437))"
3C,2022-04-19 12:55:00+00:00,2022-04-19 14:55:00+00:00,0.0,36000.0,"POLYGON ((-98.75212199493086 36.623743843106595, -97.7830858899227 36.08278954188127, -98.42210375514969 35.67384282016477, -99.21862770519435 36.11687635938062, -98.75212199493086 36.623743843106595))"
11E,2022-04-19 13:55:00+00:00,2022-04-19 15:55:00+00:00,0.0,38000.0,"POLYGON ((-79.79410506873485 27.93292726169233, -78.79928014299323 27.66973798985201, -78.97286876565066 26.675630616850057, -79.7176144659696 26.679514493799267, -79.79410506873485 27.93292726169233))"
4C,2022-04-19 13:55:00+00:00,2022-04-19 15:55:00+00:00,0.0,32000.0,"POLYGON ((-97.92 36.63914187884179, -97.09578914673249 35.8078626223629, -98.25723411346621 35.6195213430634, -98.58145653973605 36.126875693084585, -97.92 36.63914187884179))"
5C,2022-04-19 13:55:00+00:00,2022-04-19 15:55:00+00:00,0.0,44000.0,"POLYGON ((-102.82434907507076 30.894581842117955, -102.04879973716626 30.61471216305261, -101.93109912753113 29.3549725723972, -103.01058297792287 29.478828277045714, -102.82434907507076 30.894581842117955))"
HOTEL 9,2022-04-19 14:30:00+00:00,2022-04-19 18:30:00+00:00,0.0,45000.0,"POLYGON ((-69.15 26.05, -66.55 25.2, -68.25 22.4, -72.25 21.2, -73.45 22, -69.15 26.05))"
12E,2022-04-19 14:55:00+00:00,2022-04-19 16:55:00+00:00,0.0,35000.0,"POLYGON ((-79.79410506873485 27.93292726169233, -78.7595502065735 27.85019003382844, -78.97286876565066 26.675630616850057, -79.7176144659696 26.679514493799267, -79.79410506873485 27.93292726169233))"
6C,2022-04-19 14:55:00+00:00,2022-04-19 16:55:00+00:00,0.0,44000.0,"POLYGON ((-102.62107565190276 31.07683748048786, -101.27054920329921 30.66154296484334, -101.91528660999711 29.355108574801317, -102.73672728438713 29.235638419622713, -102.62107565190276 31.07683748048786))"
JULIETT 4,2022-04-19 15:35:00+00:00,2022-04-19 19:35:00+00:00,0.0,44000.0,"POLYGON ((-71.1 28.25, -69.35 27.3, -74.15 21.4, -75.05 23, -71.1 28.25))"
7C,2022-04-19 15:55:00+00:00,2022-04-19 17:55:00+00:00,0.0,45000.0,"POLYGON ((-102.39803548748212 30.948696402189565, -101.13463492892468 30.779977802539744, -101.17634444960974 29.712306022433808, -102.46607336090584 29.873048685196448, -102.39803548748212 30.948696402189565))"
13E,2022-04-19 15:55:00+00:00,2022-04-19 17:55:00+00:00,0.0,38000.0,"POLYGON ((-79.88791182958683 27.457399585828217, -79.2840523335579 27.39331113363621, -79.11923161623405 26.676700544450764, -79.76640498994179 26.679633382888714, -79.88791182958683 27.457399585828217))"
8C,2022-04-19 16:55:00+00:00,2022-04-19 18:55:00+00:00,0.0,45000.0,"POLYGON ((-102.01007482866206 30.94637897958997, -100.78640376847284 30.59642894582137, -101.06398278684637 29.97449712472496, -102.46607336090584 29.873048685196448, -102.01007482866206 30.94637897958997))"
9C,2022-04-19 16:55:00+00:00,2022-04-19 18:55:00+00:00,0.0,35000.0,"POLYGON ((-101.43765758019893 34.889132849055095, -100.08794879785114 34.77053262075429, -100.08987251069588 33.969138523026515, -101.73622743356758 33.6998783588014, -101.43765758019893 34.889132849055095))"
11C,2022-04-19 17:55:00+00:00,2022-04-19 19:55:00+00:00,0.0,41000.0,"POLYGON ((-101.2656911356799 34.98274145135418, -99.79216475351761 34.777901998547975, -100.29 33.64714530289553, -101.54268163675582 33.392774743160516, -101.2656911356799 34.98274145135418))"
10C,2022-04-19 17:55:00+00:00,2022-04-19 19:55:00+00:00,0.0,45000.0,"POLYGON ((-101.54051786661634 30.97811108226633, -100.32387910358418 30.59902920451599, -100.64270869059011 29.62707183384493, -101.84683123928569 29.742949417867504, -101.54051786661634 30.97811108226633))"
HOTEL 10,2022-04-19 18:05:00+00:00,2022-04-19 22:05:00+00:00,0.0,45000.0,"POLYGON ((-70.55 29.15, -66.25 24.4, -69.3 21.25, -74.15 22.25, -70.55 29.15))"
13C,2022-04-19 18:55:00+00:00,2022-04-19 20:55:00+00:00,0.0,41000.0,"POLYGON ((-100.600825872801 34.98442748661664, -99.05581319254978 34.911354228350376, -99.86 33.31184477868196, -100.80642268751686 33.31308874122344, -100.600825872801 34.98442748661664))"
14C,2022-04-19 18:55:00+00:00,2022-04-19 20:55:00+00:00,0.0,32000.0,"POLYGON ((-95.27585081831934 38.52205021385549, -95.97405940430617 37.412153045848186, -97.58 37.41726208852722, -97.0190789431879 38.457892198115346, -95.27585081831934 38.52205021385549))"
12C,2022-04-19 18:55:00+00:00,2022-04-19 20:55:00+00:00,0.0,45000.0,"POLYGON ((-101.04541459660122 30.85748875672594, -100.17517661340487 30.292836311876194, -100.5358841176625 29.155341448925814, -101.69249850942846 29.688775455783485, -101.04541459660122 30.85748875672594))"
16C,2022-04-19 19:55:00+00:00,2022-04-19 21:55:00+00:00,0.0,37000.0,"POLYGON ((-100.29 34.86910686720917, -98.97745958808196 34.75791864122066, -99.15441562620227 33.51814707253503, -100.59629659483629 33.75479823389349, -100.29 34.86910686720917))"
17C,2022-04-19 19:55:00+00:00,2022-04-19 21:55:00+00:00,0.0,36000.0,"POLYGON ((-97.0190789431879 38.457892198115346, -95.33760736257732 38.26695125345406, -96.02809771923266 36.66087937318012, -97.92 36.5163689557364, -97.0190789431879 38.457892198115346))"
15C,2022-04-19 19:55:00+00:00,2022-04-19 21:55:00+00:00,0.0,45000.0,"POLYGON ((-100.80801961025156 31.062821399317443, -99.82 30.02171624231643, -100.30270032451307 28.95027751999734, -101.0041158823375 29.155341448925814, -100.80801961025156 31.062821399317443))"
20C,2022-04-19 20:55:00+00:00,2022-04-19 22:55:00+00:00,0.0,41000.0,"POLYGON ((-95.79787196114445 39.43074057096752, -93.73466581861939 38.85579128560341, -94.1672246938372 37.35704960400644, -97.01931771631169 35.869175835046555, -98.65588502800706 36.93595379844198, -95.79787196114445 39.43074057096752))"
18C,2022-04-19 20:55:00+00:00,2022-04-19 22:55:00+00:00,0.0,45000.0,"POLYGON ((-100.37413025744975 32.478955039120386, -99.3774569289416 32.07017041893711, -99.04512712116852 29.127580541516576, -100.23190089731217 28.193231407031874, -101.10175263302263 29.35958957864635, -100.37413025744975 32.478955039120386))"
19C,2022-04-19 20:55:00+00:00,2022-04-19 22:55:00+00:00,0.0,45000.0,"POLYGON ((-99.47207712883811 35.53790741655854, -97.43625333383365 35.344564584854346, -97.9473152952832 33.76702845269419, -98.92104237309377 33.32172515872774, -100.29 33.64714530289553, -99.47207712883811 35.53790741655854))"
HOTEL 11,2022-04-19 21:10:00+00:00,2022-04-20 01:10:00+00:00,,,"POLYGON ((-67.3 31.15, -65.45 28.15, -66.3 23.15, -73.15 20, -75 21.45, -72.15 26.3, -67.3 31.15))"
KILO 1,2022-04-19 21:35:00+00:00,2022-04-20 01:35:00+00:00,27000.0,35000.0,"POLYGON ((-40 45, -40 40, -41.15 38, -45 37, -46.3 40.3, -43 45, -40 45))"
22C,2022-04-19 21:55:00+00:00,2022-04-19 23:55:00+00:00,0.0,44000.0,"POLYGON ((-97.03296468585495 35.589676096180874, -97.83230865157022 32.86750276830183, -99.72036318577695 32.597563553116736, -99.33421214816913 35.262818755692706, -97.03296468585495 35.589676096180874))"
23C,2022-04-19 21:55:00+00:00,2022-04-19 23:55:00+00:00,0.0,41000.0,"POLYGON ((-95.86071896544905 39.28462787729495, -93.70945577716542 38.95349750043532, -93.39972943077801 37.49354568224233, -96.62050874760303 36.473759631542066, -97.7128563850014 36.7505200014325, -95.86071896544905 39.28462787729495))"
24C,2022-04-19 21:55:00+00:00,2022-04-19 23:55:00+00:00,0.0,40000.0,"POLYGON ((-99.99077983744208 32.21280008803832, -99.49768465720959 32.172799470628696, -99.22300898764706 31.10977313324061, -99.9388917702467 30.702173046724475, -99.99077983744208 32.21280008803832))"
21C,2022-04-19 21:55:00+00:00,2022-04-19 23:55:00+00:00,0.0,45000.0,"POLYGON ((-99.35527079019141 30.43319942851285, -99.04512712116852 29.127580541516576, -100.07043893764997 28.74481321182852, -101.08950007157628 30.027449896017245, -99.35527079019141 30.43319942851285))"
26C,2022-04-19 22:55:00+00:00,2022-04-20 00:55:00+00:00,0.0,44000.0,"POLYGON ((-98.62047221075267 35.39570882242333, -96.53150191425202 35.102357651227884, -98.31457795581821 32.417864553494894, -99.26835205398942 32.47861617517567, -98.62047221075267 35.39570882242333))"
27C,2022-04-19 22:55:00+00:00,2022-04-20 00:55:00+00:00,0.0,37000.0,"POLYGON ((-95.42812373254102 39.06667196808214, -93.75344291924894 38.26769780464313, -96.12150286989566 36.31019299193417, -97.2143186796108 37.749435106780986, -95.42812373254102 39.06667196808214))"
25C,2022-04-19 22:55:00+00:00,2022-04-20 00:55:00+00:00,0.0,41000.0,"POLYGON ((-98.81393222462134 29.946211356063923, -98.58697211189303 29.372807267868655, -99.79693138184913 28.280888432410244, -100.51474086743325 29.894021497776528, -98.81393222462134 29.946211356063923))"
29C,2022-04-19 23:55:00+00:00,2022-04-20 01:55:00+00:00,0.0,45000.0,"POLYGON ((-97.19179894969511 35.399313386109235, -96.42879864896054 33.953102457971305, -98.22843508842287 32.864381406522625, -98.62047221075267 35.39570882242333, -97.19179894969511 35.399313386109235))"
31C,2022-04-19 23:55:00+00:00,2022-04-20 01:55:00+00:00,0.0,26000.0,"POLYGON ((-91.97645765806085 38.348631814718374, -91.49102152831092 37.66328709864097, -92.70207428009383 37.35834037981982, -92.8838826985863 37.712085859526454, -91.97645765806085 38.348631814718374))"
30C,2022-04-19 23:55:00+00:00,2022-04-20 01:55:00+00:00,0.0,37000.0,"POLYGON ((-95.38487103365978 39.2882213716973, -93.50683139934935 38.58423968751526, -94.96178535498271 36.698646392483575, -96.61222047231773 37.42770268714906, -95.38487103365978 39.2882213716973))"
14E,2022-04-19 23:55:00+00:00,2022-04-20 01:55:00+00:00,0.0,45000.0,"POLYGON ((-81.1151453329199 25.552413873893958, -80.92493892835597 25.490595400418247, -81.22792889929745 24.558339559219746, -81.41813530386138 24.620158032695457, -81.1151453329199 25.552413873893958))"
28C,2022-04-19 23:55:00+00:00,2022-04-20 01:55:00+00:00,0.0,33000.0,"POLYGON ((-99.34692648033523 30.19023577213862, -98.46 29.350858121158215, -99.04512712116852 29.127580541516576, -99.85349460982958 29.024918812780733, -99.34692648033523 30.19023577213862))"
1C,2022-04-20 00:55:00+00:00,2022-04-20 02:55:00+00:00,0.0,38000.0,"POLYGON ((-97.97653485376107 35.27208218485845, -96.2082173390972 34.49632675181385, -96.05988515987679 33.822993582994904, -98.54011334103812 32.099380884246195, -97.97653485376107 35.27208218485845))"
2C,2022-04-20 00:55:00+00:00,2022-04-20 02:55:00+00:00,0.0,31000.0,"POLYGON ((-95.13647268151058 39.16199380415305, -93.73466581861939 38.85579128560341, -93.5717906209856 37.820869202567536, -95.78005837955239 37.349587941109924, -95.13647268151058 39.16199380415305))"
1E,2022-04-20 00:55:00+00:00,2022-04-20 02:55:00+00:00,0.0,45000.0,"POLYGON ((-81.46387300324436 25.16394187452741, -81.2313261787717 24.629123897487073, -81.41473802438713 24.54937369442813, -81.6472848488598 25.084191671468467, -81.46387300324436 25.16394187452741))"
HOTEL 12,2022-04-20 01:00:00+00:00,2022-04-20 05:00:00+00:00,,,"POLYGON ((-65.45 26, -66.15 23, -69.45 20, -73 20.3, -75.15 22, -74.45 23.15, -65.45 26))"
KILO 2,2022-04-20 01:00:00+00:00,2022-04-20 05:00:00+00:00,27000.0,35000.0,"POLYGON ((-40 45, -40 38.3, -41 37, -44.15 36.45, -45.15 39.3, -41.45 45, -40 45))"
2E,2022-04-20 01:55:00+00:00,2022-04-20 03:55:00+00:00,0.0,39000.0,"POLYGON ((-81.2741584227285 24.88801752437526, -81.14866186044344 24.73229144160609, -81.91920071343817 24.111329458626983, -82.04469727572324 24.267055541396154, -81.2741584227285 24.88801752437526))"
3C,2022-04-20 01:55:00+00:00,2022-04-20 03:55:00+00:00,0.0,44000.0,"POLYGON ((-97.6 35.54457093942089, -95.78000000000002 35.13914187884179, -95.01372854074512 32.95399013768139, -97.52911164414667 33.27795762192466, -97.6 35.54457093942089))"
4C,2022-04-20 01:55:00+00:00,2022-04-20 03:55:00+00:00,0.0,33000.0,"POLYGON ((-95.7442086359625 37.15875582362787, -95.72155702827133 36.06641437262837, -95.9946345185544 35.79912711035868, -96.4275789745833 36.709449003595914, -95.7442086359625 37.15875582362787))"
3E,2022-04-20 02:55:00+00:00,2022-04-20 04:55:00+00:00,0.0,39000.0,"POLYGON ((-81.2741584227285 24.88801752437526, -81.14866186044344 24.73229144160609, -81.91920071343817 24.111329458626983, -82.04469727572324 24.267055541396154, -81.2741584227285 24.88801752437526))"
6C,2022-04-20 02:55:00+00:00,2022-04-20 04:55:00+00:00,0.0,28000.0,"POLYGON ((-95.4572414309158 37.36417651074204, -94.99283315963598 36.75912091203401, -95.53597269852968 36.40418606498418, -95.92758967092412 36.4670536312554, -95.4572414309158 37.36417651074204))"
5C,2022-04-20 02:55:00+00:00,2022-04-20 04:55:00+00:00,0.0,41000.0,"POLYGON ((-97.4226403452016 35.39987037985315, -95.4540497463201 34.96021520741663, -95.11030646463465 33.50565249331188, -97.40640776209352 33.17614759132981, -97.4226403452016 35.39987037985315))"
HOTEL 13,2022-04-20 03:30:00+00:00,2022-04-20 07:30:00+00:00,,,"POLYGON ((-65.45 26, -65.15 22.3, -69 19.45, -71 20.3, -68.3 24.3, -65.45 26))"
KILO 3,2022-04-20 03:30:00+00:00,2022-04-20 07:30:00+00:00,27000.0,35000.0,"POLYGON ((-40 42.45, -40 37.45, -43.3 36.15, -45.45 39.15, -43.45 41.45, -40 42.45))"
4E,2022-04-20 03:55:00+00:00,2022-04-20 05:55:00+00:00,0.0,37000.0,"POLYGON ((-81.42599375374074 24.829349151867586, -81.29151165217239 24.681313465772103, -81.91470794379653 24.115174656963827, -82.04919004536488 24.26321034305931, -81.42599375374074 24.829349151867586))"
7C,2022-04-20 03:55:00+00:00,2022-04-20 05:55:00+00:00,0.0,45000.0,"POLYGON ((-95.57675959890517 35.25052961860749, -94.60654851451932 34.72170140457218, -94.70912728900632 33.287058481751195, -96.84148841533171 33.27054178323852, -96.66080832328471 34.84682502864343, -95.57675959890517 35.25052961860749))"
8C,2022-04-20 04:55:00+00:00,2022-04-20 06:55:00+00:00,0.0,41000.0,"POLYGON ((-95.79 36.2, -94.27 35.39, -93.5157450070444 33.69976654940333, -95.93725590170112 33.24716666333695, -96.98770276983886 35.39845513239565, -95.79 36.2))"
9C,2022-04-20 05:55:00+00:00,2022-04-20 07:55:00+00:00,0.0,42000.0,"POLYGON ((-94.62286532551744 36.96759931321484, -93.2926520940496 33.44977821270282, -95.4803928056752 32.67256073786884, -96.54941467286189 35.942931889211366, -94.62286532551744 36.96759931321484))"
11C,2022-04-20 06:55:00+00:00,2022-04-20 08:55:00+00:00,0.0,42000.0,"POLYGON ((-95.85772603046158 35.00368016456325, -95.13037065273018 33.18795387845657, -96.75912510927566 33.104967577383995, -95.85772603046158 35.00368016456325))"
5E,2022-04-20 06:55:00+00:00,2022-04-20 08:55:00+00:00,0.0,37000.0,"POLYGON ((-81.98181818181818 24.482676302976394, -81.61818181818181 24.482676302976394, -81.61818181818181 24.119039939340027, -81.98181818181818 24.119039939340027, -81.98181818181818 24.482676302976394))"
10C,2022-04-20 06:55:00+00:00,2022-04-20 08:55:00+00:00,0.0,42000.0,"POLYGON ((-96.12056709504405 36.08889546878612, -94.18848652609897 36.11641433693162, -92.44739069304111 34.14544297272229, -94.99275464901487 32.624221542134336, -96.12056709504405 36.08889546878612))"
HOTEL 14,2022-04-20 07:30:00+00:00,2022-04-20 11:30:00+00:00,0.0,34000.0,"POLYGON ((-68.15 22.15, -67 20.45, -68.3 19.3, -69.45 20.15, -68.15 22.15))"
12C,2022-04-20 07:55:00+00:00,2022-04-20 09:55:00+00:00,0.0,42000.0,"POLYGON ((-95.49755550152848 36.43492594033711, -93.7394300759744 36.122063633923524, -92.18 34.68, -93.33687531458527 33.25857422352877, -95.93725590170112 33.24716666333695, -95.49755550152848 36.43492594033711))"
ECHO 1,2022-04-20 08:50:00+00:00,2022-04-20 12:50:00+00:00,25000.0,33000.0,"POLYGON ((-161 53, -154.45 46.3, -158 44, -165 52, -161 53))"
13C,2022-04-20 08:55:00+00:00,2022-04-20 10:55:00+00:00,0.0,40000.0,"POLYGON ((-93.22367795133604 36.24665670452259, -91.69371261541515 34.51305911215252, -94.99275464901487 32.624221542134336, -95.25254063001309 36.19879858813759, -93.22367795133604 36.24665670452259))"
14C,2022-04-20 09:55:00+00:00,2022-04-20 11:55:00+00:00,0.0,40000.0,"POLYGON ((-92.85519694294676 36.4368170411817, -91.16847914232966 34.67582201304742, -94.75 32.42, -94.94517724369466 36.24716639307991, -92.85519694294676 36.4368170411817))"
15C,2022-04-20 10:55:00+00:00,2022-04-20 12:55:00+00:00,0.0,40000.0,"POLYGON ((-91.68358137881246 36.695973531165265, -89.74807843569131 34.558664395551276, -94.38634529539391 32.29214430580634, -94.73888947804934 36.24840607562531, -91.68358137881246 36.695973531165265))"
16C,2022-04-20 10:55:00+00:00,2022-04-20 12:55:00+00:00,0.0,45000.0,"POLYGON ((-96.42672641603691 28.862176935283575, -96.15755829354241 28.815239362170733, -96.98590540349731 28.065230351611735, -97.44 28.333712818262683, -96.42672641603691 28.862176935283575))"
17C,2022-04-20 10:55:00+00:00,2022-04-20 12:55:00+00:00,0.0,45000.0,"POLYGON ((-99.48228555592226 27.346420012633764, -98.96078669808452 27.07033895448405, -99.42 26.901716242316425, -99.48228555592226 27.346420012633764))"
18C,2022-04-20 11:55:00+00:00,2022-04-20 13:55:00+00:00,0.0,43000.0,"POLYGON ((-90.95 36.609106867209185, -89.55090589158073 34.666321994215245, -93.99266622560239 32.706200814372764, -94.31075094717585 36.31351527438713, -90.95 36.609106867209185))"
19C,2022-04-20 11:55:00+00:00,2022-04-20 13:55:00+00:00,0.0,41000.0,"POLYGON ((-96.38273277943362 28.913685398404944, -95.55089171359393 28.757878939558193, -96.31 27.928155221318043, -97.03935097485771 28.252342220654576, -96.38273277943362 28.913685398404944))"
20C,2022-04-20 11:55:00+00:00,2022-04-20 13:55:00+00:00,0.0,45000.0,"POLYGON ((-99.48228555592226 27.346420012633764, -97.9009525455546 27.490325413866103, -97.97513580463873 26.14008353136133, -98.98711063930139 26.544369055341324, -99.48228555592226 27.346420012633764))"
ECHO 2,2022-04-20 12:30:00+00:00,2022-04-20 16:30:00+00:00,29000.0,35000.0,"POLYGON ((-158.55 53.4, -154.15 47.4, -156.3 45.45, -163.2 52.25, -158.55 53.4))"
22C,2022-04-20 12:55:00+00:00,2022-04-20 14:55:00+00:00,0.0,37000.0,"POLYGON ((-95.74066541144518 28.758806892330902, -95.08790042247497 28.308838757771724, -96.31 27.595417309845256, -96.87525374698188 27.898849006115082, -95.74066541144518 28.758806892330902))"
21C,2022-04-20 12:55:00+00:00,2022-04-20 14:55:00+00:00,0.0,42000.0,"POLYGON ((-94.34824593682939 35.54367966436716, -91.74899387195534 35.03216431650136, -91.81231023017445 32.98090973809599, -93.96196016890688 33.077318095296135, -94.34824593682939 35.54367966436716))"
24C,2022-04-20 12:55:00+00:00,2022-04-20 14:55:00+00:00,0.0,32000.0,"POLYGON ((-95.16384470607835 41.16856447908933, -92.88173852325241 40.66390005988749, -93.61928103455095 39.28462787729495, -95.10087477324134 39.95727638623618, -95.16384470607835 41.16856447908933))"
23C,2022-04-20 12:55:00+00:00,2022-04-20 14:55:00+00:00,0.0,45000.0,"POLYGON ((-97.68918194862454 27.365511616717818, -97.5033057867343 26.187080052566603, -98.98711063930139 26.544369055341324, -99.42 27.335429060579106, -97.68918194862454 27.365511616717818))"
26C,2022-04-20 13:55:00+00:00,2022-04-20 15:55:00+00:00,0.0,40000.0,"POLYGON ((-95.7830367784161 28.949977610162957, -95.08790042247497 28.308838757771724, -96.45513217980997 25.917065325214264, -98.92245857122617 26.403183741939042, -99.42 27.14726208852722, -95.7830367784161 28.949977610162957))"
25C,2022-04-20 13:55:00+00:00,2022-04-20 15:55:00+00:00,0.0,42000.0,"POLYGON ((-92.28348455912015 37.355390086376346, -91.73588603963192 33.1344541167586, -94.29786482300385 33.0486765481525, -94.36499514556024 37.15707089898346, -92.28348455912015 37.355390086376346))"
27C,2022-04-20 13:55:00+00:00,2022-04-20 15:55:00+00:00,0.0,32000.0,"POLYGON ((-95.19337396451392 41.57762081709315, -92.59 40.85285469710448, -92.50615179196588 39.34391684211417, -94.31974434656152 38.325201941257156, -95.19337396451392 41.57762081709315))"
31C,2022-04-20 14:55:00+00:00,2022-04-20 16:55:00+00:00,0.0,36000.0,"POLYGON ((-97.64283490359577 42.78358170104823, -96.26000840016421 42.72658098799276, -96.68789704841058 41.87198206512391, -98.09362692280686 41.84083127931265, -97.64283490359577 42.78358170104823))"
29C,2022-04-20 14:55:00+00:00,2022-04-20 16:55:00+00:00,0.0,38000.0,"POLYGON ((-95.78496148271907 28.567985602147154, -95.11427998141316 27.695978643763755, -96.45513217980997 25.917065325214264, -97.9349265856472 25.918943496784934, -97.81649898515475 27.899488443853752, -95.78496148271907 28.567985602147154))"
28C,2022-04-20 14:55:00+00:00,2022-04-20 16:55:00+00:00,0.0,42000.0,"POLYGON ((-91.86493596591734 37.35096498799105, -91.33780844147009 33.106255001902255, -93.38860577586865 33.122217142497185, -94.1672246938372 37.35704960400644, -91.86493596591734 37.35096498799105))"
30C,2022-04-20 14:55:00+00:00,2022-04-20 16:55:00+00:00,0.0,32000.0,"POLYGON ((-95.31206992896432 41.9377377950307, -92.22404664815112 41.327364205607935, -92.54967538127465 39.42435825961499, -93.64239263742269 38.26695125345406, -95.31206992896432 41.9377377950307))"
34C,2022-04-20 15:55:00+00:00,2022-04-20 17:55:00+00:00,0.0,36000.0,"POLYGON ((-97.42528055796632 43.177613754538115, -95.97496268947664 43.05895483320172, -96.68789704841058 41.87198206512391, -98.00734860345707 41.99431405679207, -97.42528055796632 43.177613754538115))"
32C,2022-04-20 15:55:00+00:00,2022-04-20 17:55:00+00:00,0.0,43000.0,"POLYGON ((-91.40108650897163 38.04622367236579, -91.33780844147009 33.106255001902255, -94.43923226474959 33.63678582442473, -93.0882093790144 37.820869202567536, -91.40108650897163 38.04622367236579))"
33C,2022-04-20 15:55:00+00:00,2022-04-20 17:55:00+00:00,0.0,38000.0,"POLYGON ((-94.97884769580978 42.09679110225814, -92.15961472488823 41.92760480177969, -91.87665156958296 38.92014776093868, -93.5693145922869 38.26640286899794, -94.97884769580978 42.09679110225814))"
37C,2022-04-20 16:55:00+00:00,2022-04-20 18:55:00+00:00,0.0,35000.0,"POLYGON ((-96.6177341525495 43.532244481302605, -95.51357939261226 43.26098142828694, -96.0815268336992 41.784317799785896, -97.5589259849138 41.965508393020215, -96.6177341525495 43.532244481302605))"
35C,2022-04-20 16:55:00+00:00,2022-04-20 18:55:00+00:00,0.0,44000.0,"POLYGON ((-93.0882093790144 37.820869202567536, -91.20507588307635 37.984327291508095, -91.2770612786174 33.45600939913174, -94.35295326288814 33.744959830582474, -93.0882093790144 37.820869202567536))"
36C,2022-04-20 16:55:00+00:00,2022-04-20 18:55:00+00:00,0.0,41000.0,"POLYGON ((-91.92310484652124 41.28429327756869, -91.79299373260812 38.809222910990734, -93.20184790370494 38.487549290451355, -94.11823770129733 41.0861259439731, -91.92310484652124 41.28429327756869))"
WHISKEY 1,2022-04-20 17:41:00+00:00,2022-04-20 21:35:00+00:00,0.0,52000.0,"POLYGON ((-165.45 7.45, -147.15 8.45, -147 3.15, -167 2.15, -165.45 7.45))"
39C,2022-04-20 17:55:00+00:00,2022-04-20 19:55:00+00:00,0.0,40000.0,"POLYGON ((-94.12335809979054 41.791954743921785, -91.45259242323709 41.637533415067885, -91.43381431244084 38.55269463572637, -92.67068110447975 38.456210444882, -94.12335809979054 41.791954743921785))"
38C,2022-04-20 17:55:00+00:00,2022-04-20 19:55:00+00:00,0.0,44000.0,"POLYGON ((-92.54403326870765 38.194731183142245, -90.47281398260259 38.130866430544664, -91.74001902142996 31.90482411935296, -94.03598478025765 32.30868235179021, -92.54403326870765 38.194731183142245))"
40C,2022-04-20 17:55:00+00:00,2022-04-20 19:55:00+00:00,0.0,34000.0,"POLYGON ((-95.55750976371546 44.16251866827844, -94.41995731018017 43.9566525659237, -95.74 42.037425636525356, -96.18646282972406 41.970540869097164, -95.55750976371546 44.16251866827844))"
43C,2022-04-20 18:55:00+00:00,2022-04-20 20:55:00+00:00,0.0,32000.0,"POLYGON ((-93.24 44.703631044263595, -93.97151800286949 42.37427672373375, -95.74 41.835475822945575, -95.62756213014383 44.82184610149148, -93.24 44.703631044263595))"
42C,2022-04-20 18:55:00+00:00,2022-04-20 20:55:00+00:00,0.0,40000.0,"POLYGON ((-93.82066699677566 41.747283978816064, -91.16559750734353 41.51914461478028, -90.81404887543253 37.85956162593002, -92.22 37.81178626558165, -93.82066699677566 41.747283978816064))"
41C,2022-04-20 18:55:00+00:00,2022-04-20 20:55:00+00:00,0.0,44000.0,"POLYGON ((-90.23 37.814570939420896, -91.7143426816586 31.851749293192377, -93.41872084073472 31.967994147674354, -92.65585278967987 37.57938910207994, -90.23 37.814570939420896))"
44C,2022-04-20 19:55:00+00:00,2022-04-20 21:55:00+00:00,0.0,45000.0,"POLYGON ((-89.71747935514759 36.78787103439686, -91.34694045296891 31.92989469933052, -93.33196875464965 31.963166444608426, -92.09707481737732 36.48654279794418, -89.71747935514759 36.78787103439686))"
45C,2022-04-20 19:55:00+00:00,2022-04-20 21:55:00+00:00,0.0,39000.0,"POLYGON ((-93.94734670344688 41.99466696862724, -91.35306402302874 41.980829874724655, -90.23 38.002737911472785, -92.22 37.81178626558165, -93.94734670344688 41.99466696862724))"
47C,2022-04-20 20:55:00+00:00,2022-04-20 22:55:00+00:00,0.0,35000.0,"POLYGON ((-92.06164509908454 42.39206062240994, -89.11869498533996 41.5119642580819, -89.48863463534784 39.174152104463246, -90.72371069023767 38.398631362713516, -92.42791832381235 41.26242932176415, -92.06164509908454 42.39206062240994))"
49C,2022-04-20 20:55:00+00:00,2022-04-20 22:55:00+00:00,0.0,33000.0,"POLYGON ((-93.24 45.535475822945564, -90.82686261281665 45.089142678484905, -92.9842258953669 41.43808081345296, -94.29 42.11089313279083, -93.24 45.535475822945564))"
46C,2022-04-20 20:55:00+00:00,2022-04-20 22:55:00+00:00,0.0,44000.0,"POLYGON ((-89.25492411692368 37.984327291508095, -87.81640095001096 35.752622829259515, -90.64793578108174 33.33212311273057, -93.10709527092185 33.13212722709899, -91.28087063364445 37.66533816250235, -89.25492411692368 37.984327291508095))"
48C,2022-04-20 20:55:00+00:00,2022-04-20 22:55:00+00:00,0.0,36000.0,"POLYGON ((-92.04 32.95371281826269, -90.95639662378048 32.427102973754614, -91.55920144265181 31.588524353010826, -92.3436580599934 31.315230290109554, -92.04 32.95371281826269))"
WHISKEY 2,2022-04-20 21:14:00+00:00,2022-04-21 01:10:00+00:00,0.0,49000.0,"POLYGON ((-166.15 7.45, -151.3 7, -152 2, -166.3 3, -166.15 7.45))"
50C,2022-04-20 21:55:00+00:00,2022-04-20 23:55:00+00:00,0.0,44000.0,"POLYGON ((-90.55443304538477 38.28437682959165, -87.63549639063797 36.454544372483575, -90.64793578108174 33.33212311273057, -92.55605042192839 33.32353124655642, -90.55443304538477 38.28437682959165))"
51C,2022-04-20 21:55:00+00:00,2022-04-20 23:55:00+00:00,0.0,41000.0,"POLYGON ((-91.97428949942234 32.653549055925666, -90.57560808976149 32.59508149655363, -91.3 30.913712818262685, -92.5 30.970858121158216, -91.97428949942234 32.653549055925666))"
53C,2022-04-20 21:55:00+00:00,2022-04-20 23:55:00+00:00,0.0,31000.0,"POLYGON ((-96.4275789745833 36.709449003595914, -95.92758967092412 36.4670536312554, -95.78000000000002 35.28371281826269, -96.89057278608281 35.397926119161184, -96.4275789745833 36.709449003595914))"
52C,2022-04-20 21:55:00+00:00,2022-04-20 23:55:00+00:00,0.0,31000.0,"POLYGON ((-90.86771678625352 44.89836420958499, -89.95373252536208 40.49159400693515, -93.10107308931423 41.8476084778528, -93.03600856313956 44.86981843267717, -90.86771678625352 44.89836420958499))"
56C,2022-04-20 22:55:00+00:00,2022-04-21 00:55:00+00:00,0.0,31000.0,"POLYGON ((-91.64641985161929 45.01751993723733, -89.99746382619554 44.70649672323418, -88.6570970515835 40.93468561586149, -89.90139310000339 40.92429862348409, -93.01770215714018 41.90883869268503, -91.64641985161929 45.01751993723733))"
57C,2022-04-20 22:55:00+00:00,2022-04-21 00:55:00+00:00,0.0,44000.0,"POLYGON ((-91.38489402586352 35.756291015815584, -90.29333352704654 35.63441784495834, -89.26687801589598 34.429706570272785, -90.09589676111163 33.39619728024174, -92.74 33.0936310442636, -91.38489402586352 35.756291015815584))"
54C,2022-04-20 22:55:00+00:00,2022-04-21 00:55:00+00:00,0.0,36000.0,"POLYGON ((-90.23 38.16910686720918, -87.67945108241909 37.776267649121856, -87.43883896411941 35.88293715542125, -91.15593065517152 36.1098238005692, -90.23 38.16910686720918))"
55C,2022-04-20 22:55:00+00:00,2022-04-21 00:55:00+00:00,0.0,42000.0,"POLYGON ((-91.40482772371003 32.739704381113604, -90.03435549850772 32.56354911505461, -91.4933883381566 30.880555753753114, -92.23963506388766 31.79400226855091, -91.40482772371003 32.739704381113604))"
60C,2022-04-20 23:55:00+00:00,2022-04-21 01:55:00+00:00,0.0,28000.0,"POLYGON ((-91.01026191767961 44.89903721101938, -89.35739558174292 44.554053908387274, -89.11879276756108 42.862262156768836, -91.83639994231427 42.3944863941665, -91.01026191767961 44.89903721101938))"
61C,2022-04-20 23:55:00+00:00,2022-04-21 01:55:00+00:00,0.0,45000.0,"POLYGON ((-90.38062277967303 35.91765186208282, -89.4086900535937 34.54809648938937, -89.72606717433878 33.64976888747607, -91.73588603963192 33.1344541167586, -91.8725873585287 34.064793788121676, -90.38062277967303 35.91765186208282))"
59C,2022-04-20 23:55:00+00:00,2022-04-21 01:55:00+00:00,0.0,38000.0,"POLYGON ((-91.43034042850815 33.029666719950896, -89.6243919102385 32.59508149655363, -90.72812392182225 31.133176234794302, -92.0195580513369 31.668015237485825, -91.43034042850815 33.029666719950896))"
58C,2022-04-20 23:55:00+00:00,2022-04-21 01:55:00+00:00,0.0,37000.0,"POLYGON ((-89.383153203426 37.94360218405091, -87.67653795566102 36.4678283683787, -89.81437203185135 35.85301005140117, -90.67419270826653 36.64394928571898, -89.383153203426 37.94360218405091))"
WHISKEY 3,2022-04-21 00:47:00+00:00,2022-04-21 04:45:00+00:00,0.0,49000.0,"POLYGON ((-166 7.3, -155.15 6.15, -158.3 3.15, -167 4, -166 7.3))"
3C,2022-04-21 00:55:00+00:00,2022-04-21 02:55:00+00:00,0.0,25000.0,"POLYGON ((-89.46 44.79815522131804, -88.76631090456699 43.47189584964723, -90.97056757611203 42.860820901782, -90.40106048752854 44.57656855040647, -89.46 44.79815522131804))"
4C,2022-04-21 00:55:00+00:00,2022-04-21 02:55:00+00:00,0.0,41000.0,"POLYGON ((-90.08260542035002 36.27225553280849, -88.89514200440527 34.257930005316446, -90.83047457671236 32.682559925262055, -91.49197787346533 32.709812346999655, -90.99570825666942 35.01576881035552, -90.08260542035002 36.27225553280849))"
1C,2022-04-21 00:55:00+00:00,2022-04-21 02:55:00+00:00,0.0,41000.0,"POLYGON ((-88.81457530882359 37.92529427799425, -87.82751932455459 36.516536783670084, -89.7313885908923 36.01929752869163, -90.23 37.33726208852722, -88.81457530882359 37.92529427799425))"
2C,2022-04-21 00:55:00+00:00,2022-04-21 02:55:00+00:00,0.0,36000.0,"POLYGON ((-90.1 32.71914187884178, -89.16191853358389 32.0728014678244, -90.62009277536477 31.60617913757418, -90.88879649079952 32.150916493026926, -90.1 32.71914187884178))"
5C,2022-04-21 01:55:00+00:00,2022-04-21 03:55:00+00:00,0.0,38000.0,"POLYGON ((-87.35212886633497 38.697823880951525, -86.76118568404817 37.54438857382035, -87.98222664642304 36.45825369066685, -89.32 36.352737911472786, -88.60367320552575 37.92698828417791, -87.35212886633497 38.697823880951525))"
7C,2022-04-21 01:55:00+00:00,2022-04-21 03:55:00+00:00,0.0,41000.0,"POLYGON ((-89.75831165430297 36.37212576384307, -88.56230734955713 35.762947663952644, -90.11048878472752 31.607323181546302, -91.01478844135691 33.203164668818594, -89.75831165430297 36.37212576384307))"
6C,2022-04-21 01:55:00+00:00,2022-04-21 03:55:00+00:00,0.0,29000.0,"POLYGON ((-87.79724090113483 45.22716277950443, -88.28 43.40914187884178, -89.76 43.11628718173732, -89.14651696621607 45.095304025014485, -87.79724090113483 45.22716277950443))"
10C,2022-04-21 02:55:00+00:00,2022-04-21 04:55:00+00:00,0.0,41000.0,"POLYGON ((-91.120953665011 38.85824844143621, -91.49102152831092 37.66328709864097, -92.4927753061628 37.35704960400644, -91.82620047501297 38.682005218409664, -91.120953665011 38.85824844143621))"
8C,2022-04-21 02:55:00+00:00,2022-04-21 04:55:00+00:00,0.0,37000.0,"POLYGON ((-87.25 38.65815522131805, -86.11881431595184 37.54438857382035, -87.63549639063797 36.454544372483575, -88.58727546766781 36.60598089917474, -88.60367320552575 37.92698828417791, -87.25 38.65815522131805))"
9C,2022-04-21 02:55:00+00:00,2022-04-21 04:55:00+00:00,0.0,35000.0,"POLYGON ((-91.58110626214004 37.216607091004114, -91.3479472659147 36.877868866166466, -92.72914155895839 35.75470791941393, -93.3551353728165 36.50223509993512, -91.58110626214004 37.216607091004114))"
1W,2022-04-21 02:55:00+00:00,2022-04-21 04:55:00+00:00,0.0,23000.0,"POLYGON ((-119.24665339996977 47.262228512626706, -118.22539134005235 45.69777240652298, -119.56612328473547 44.62233374943523, -120.26924874916156 46.45223216415095, -119.24665339996977 47.262228512626706))"
2W,2022-04-21 02:55:00+00:00,2022-04-21 04:55:00+00:00,0.0,21000.0,"POLYGON ((-122.32686068655838 41.16154676394397, -122.15313931344164 41.06244638794855, -122.55588746041614 40.35643533188685, -122.72960883353288 40.45553570788227, -122.32686068655838 41.16154676394397))"
11C,2022-04-21 02:55:00+00:00,2022-04-21 04:55:00+00:00,0.0,43000.0,"POLYGON ((-94.47439467745863 37.157788153265045, -94.12 36.683712818262684, -94.92425904428437 36.62541513154759, -94.94414629869335 36.955270507649274, -94.47439467745863 37.157788153265045))"
12C,2022-04-21 03:55:00+00:00,2022-04-21 05:55:00+00:00,0.0,32000.0,"POLYGON ((-86.84199799864682 38.72075875392721, -85.96996065873272 37.97202182445672, -88.51 34.15547582294558, -89.59489033265385 34.25086561920501, -88.31692852072202 36.852745154288755, -86.84199799864682 38.72075875392721))"
13C,2022-04-21 03:55:00+00:00,2022-04-21 05:55:00+00:00,0.0,45000.0,"POLYGON ((-89.68761195381805 39.11199425868316, -90.71218003793867 36.57088014937359, -91.86798820292698 35.29442290760843, -92.98202410595856 35.862601163817615, -91.5794964211985 38.8082515677917, -89.68761195381805 39.11199425868316))"
14C,2022-04-21 03:55:00+00:00,2022-04-21 05:55:00+00:00,0.0,45000.0,"POLYGON ((-93.58652893883797 37.15526850833439, -93.45563184740719 36.469464816598496, -94.61792493611482 36.41494381466042, -94.94414629869335 36.955270507649274, -93.58652893883797 37.15526850833439))"
3W,2022-04-21 03:55:00+00:00,2022-04-21 05:55:00+00:00,0.0,22000.0,"POLYGON ((-118.41836355063545 47.33599102846994, -118.36457504550647 45.864533293698265, -119.13105236026645 45.644515770806706, -119.42 46.94628718173732, -118.41836355063545 47.33599102846994))"
16C,2022-04-21 04:55:00+00:00,2022-04-21 06:55:00+00:00,0.0,45000.0,"POLYGON ((-88.86000000000001 39.07452417705443, -89.59946072162323 37.668321685900366, -91.52899808448849 35.63804157700413, -92.39141112664508 36.10136698379441, -90.39841405181784 38.70626671830634, -88.86000000000001 39.07452417705443))"
17C,2022-04-21 04:55:00+00:00,2022-04-21 06:55:00+00:00,0.0,45000.0,"POLYGON ((-92.9438990898424 37.232038793773086, -93.08854246998952 36.24557256233406, -94.31044036912567 36.18618238740746, -94.43830478675301 36.864399162009214, -92.9438990898424 37.232038793773086))"
18C,2022-04-21 04:55:00+00:00,2022-04-21 06:55:00+00:00,0.0,42000.0,"POLYGON ((-98.36479923936437 27.073434071141058, -98.58080251356293 26.36071197444865, -98.99295837641174 26.557120646137072, -98.76049535191774 26.89024511094774, -98.36479923936437 27.073434071141058))"
4W,2022-04-21 04:55:00+00:00,2022-04-21 06:55:00+00:00,0.0,22000.0,"POLYGON ((-117.62999999999998 46.56178626558166, -118.22539134005235 45.69777240652298, -119.60813386712715 45.227479170590044, -118.94000000000001 46.53184477868197, -117.62999999999998 46.56178626558166))"
15C,2022-04-21 04:55:00+00:00,2022-04-21 06:55:00+00:00,0.0,28000.0,"POLYGON ((-87.62022413873697 37.66278493712172, -88.51 34.21285469710448, -88.91177169526134 34.29075006222954, -88.10756404977892 37.261656167192776, -87.62022413873697 37.66278493712172))"
LIMA 1,2022-04-21 05:15:00+00:00,2022-04-21 09:15:00+00:00,0.0,44000.0,"POLYGON ((-41.45 31, -40 30.45, -40 28.45, -42 28.15, -41.45 31))"
19C,2022-04-21 05:55:00+00:00,2022-04-21 07:55:00+00:00,0.0,31000.0,"POLYGON ((-87.76 36.93178626558165, -87.27247904802852 36.927095249381146, -88.21067442012458 35.296086248612134, -88.45503416342676 35.311040857363004, -87.76 36.93178626558165))"
20C,2022-04-21 05:55:00+00:00,2022-04-21 07:55:00+00:00,0.0,45000.0,"POLYGON ((-88.86000000000001 39.07452417705443, -88.00579722399486 38.89934000200661, -90.92207376362252 35.33469791163907, -92.77716626888801 36.28277188330841, -88.86000000000001 39.07452417705443))"
21C,2022-04-21 05:55:00+00:00,2022-04-21 07:55:00+00:00,0.0,45000.0,"POLYGON ((-93.33 36.926287181737315, -93.45938404029843 36.026882348421985, -94.12 36.25, -94.12 36.683712818262684, -93.33 36.926287181737315))"
24C,2022-04-21 06:55:00+00:00,2022-04-21 08:55:00+00:00,0.0,32000.0,"POLYGON ((-87.46557725310471 39.48980095968229, -86.65413992831297 39.297477307934656, -89.93707830250177 36.01841945391434, -90.71218003793867 36.57088014937359, -87.46557725310471 39.48980095968229))"
22C,2022-04-21 06:55:00+00:00,2022-04-21 08:55:00+00:00,0.0,45000.0,"POLYGON ((-91.3479472659147 36.877868866166466, -89.93707830250177 36.01841945391434, -90.72839956421892 34.76303402602263, -91.97961632213422 36.1055952070775, -91.3479472659147 36.877868866166466))"
23C,2022-04-21 06:55:00+00:00,2022-04-21 08:55:00+00:00,0.0,43000.0,"POLYGON ((-94.12 36.53914187884179, -93.04442703864522 36.245185727919136, -93.29481744226602 35.97053807292037, -94.12 36.25, -94.12 36.53914187884179))"
25C,2022-04-21 07:55:00+00:00,2022-04-21 09:55:00+00:00,0.0,45000.0,"POLYGON ((-90.63227640371761 36.72440131848143, -90.05272453233218 36.60598089917474, -89.16317785813192 35.712488029563765, -90.26647209445994 34.78438188645532, -92.39141112664508 36.10136698379441, -90.63227640371761 36.72440131848143))"
27C,2022-04-21 07:55:00+00:00,2022-04-21 09:55:00+00:00,0.0,41000.0,"POLYGON ((-86.44481168599935 39.41247347431365, -85.82350351542534 39.36618193125963, -89.16317785813192 35.712488029563765, -90.05272453233218 36.60598089917474, -86.44481168599935 39.41247347431365))"
28C,2022-04-21 07:55:00+00:00,2022-04-21 09:55:00+00:00,0.0,30000.0,"POLYGON ((-87.3170818843186 36.649452715533585, -86.57793874653584 36.662787873560376, -87.97841872394504 34.8750008503467, -89.00541241690564 34.684150070406005, -89.048224619204 35.485428142572246, -87.3170818843186 36.649452715533585))"
26C,2022-04-21 07:55:00+00:00,2022-04-21 09:55:00+00:00,0.0,34000.0,"POLYGON ((-93.9823214793863 36.517053486995216, -93.29481744226602 35.97053807292037, -93.28292639042967 35.717940726933634, -94.18848652609897 36.11641433693162, -93.9823214793863 36.517053486995216))"
5W,2022-04-21 07:55:00+00:00,2022-04-21 09:55:00+00:00,0.0,25000.0,"POLYGON ((-122.24000000000001 40.96742563652536, -121.80083701680151 40.90057282066308, -122.31246994190866 40.233543574178626, -122.50809374466066 40.304145642754776, -122.24000000000001 40.96742563652536))"
29C,2022-04-21 08:55:00+00:00,2022-04-21 10:55:00+00:00,0.0,45000.0,"POLYGON ((-89.90529588619165 36.489143741459884, -88.50188751348216 34.70581733632313, -89.67134348855797 34.40478887455077, -92.64979561008604 35.601331230795736, -89.90529588619165 36.489143741459884))"
31C,2022-04-21 08:55:00+00:00,2022-04-21 10:55:00+00:00,0.0,39000.0,"POLYGON ((-86.75803802224466 38.47613332360575, -85.87995075976357 38.33490056036163, -89.08522039200069 35.55865610270538, -89.90529588619165 36.489143741459884, -86.75803802224466 38.47613332360575))"
30C,2022-04-21 08:55:00+00:00,2022-04-21 10:55:00+00:00,0.0,30000.0,"POLYGON ((-87.44550629252072 36.7509342405605, -86.55357992343711 36.03770644979013, -88.3693151059244 34.70684154330769, -89.11582706989864 35.619128255800746, -87.44550629252072 36.7509342405605))"
LIMA 2,2022-04-21 09:05:00+00:00,2022-04-21 13:05:00+00:00,0.0,44000.0,"POLYGON ((-42.3 30.45, -40 30.15, -40 28.45, -42.3 28.3, -42.3 30.45))"
32C,2022-04-21 09:55:00+00:00,2022-04-21 11:55:00+00:00,0.0,45000.0,"POLYGON ((-89.7313885908923 36.01929752869163, -88.2995198342207 34.70732305395598, -89.36333266268447 34.19292537773713, -92.18 35.51184477868196, -89.7313885908923 36.01929752869163))"
35C,2022-04-21 09:55:00+00:00,2022-04-21 11:55:00+00:00,0.0,45000.0,"POLYGON ((-95.07190056008658 37.05770393405408, -93.53770969906205 36.95911960125222, -93.76146259059328 36.2494650571513, -94.99283315963598 36.75912091203401, -95.07190056008658 37.05770393405408))"
33C,2022-04-21 09:55:00+00:00,2022-04-21 11:55:00+00:00,0.0,31000.0,"POLYGON ((-87.5750639215801 36.136670145363645, -87.05827726191104 35.83272312118288, -88.19345853099402 34.707978564171775, -89.048224619204 35.485428142572246, -87.5750639215801 36.136670145363645))"
34C,2022-04-21 09:55:00+00:00,2022-04-21 11:55:00+00:00,0.0,39000.0,"POLYGON ((-85.7920788975379 38.500508293942744, -85.06965586195025 38.26487222583869, -87.75406333594599 36.135205082073035, -88.42712896412148 36.73229199210754, -85.7920788975379 38.500508293942744))"
38C,2022-04-21 10:55:00+00:00,2022-04-21 12:55:00+00:00,0.0,34000.0,"POLYGON ((-92.20257682935924 36.103480872339496, -91.77372430899693 35.83055256653708, -92.18 35.40285469710447, -92.65635745501477 35.61403970264912, -92.20257682935924 36.103480872339496))"
37C,2022-04-21 10:55:00+00:00,2022-04-21 12:55:00+00:00,0.0,45000.0,"POLYGON ((-94.83719203114421 37.15944702872854, -93.33 36.926287181737315, -93.76146259059328 36.2494650571513, -95.06164672940815 36.89278720502112, -94.83719203114421 37.15944702872854))"
36C,2022-04-21 10:55:00+00:00,2022-04-21 12:55:00+00:00,0.0,39000.0,"POLYGON ((-89.98 35.598283757683575, -87.73933104337934 34.91420043701393, -88.84428310906 34.15738277123868, -92.18 35.113712818262684, -89.98 35.598283757683575))"
39C,2022-04-21 11:55:00+00:00,2022-04-21 13:55:00+00:00,0.0,42000.0,"POLYGON ((-89.98 35.45371281826268, -87.73933104337934 34.91420043701393, -88.84428310906 34.15738277123868, -92.42923999045814 34.8842007209623, -89.98 35.45371281826268))"
40C,2022-04-21 11:55:00+00:00,2022-04-21 13:55:00+00:00,0.0,45000.0,"POLYGON ((-94.83719203114421 37.15944702872854, -92.9457277425536 37.0526961127479, -93.58219695388934 36.248796386933066, -94.81673546751372 36.85270059906422, -94.83719203114421 37.15944702872854))"
41C,2022-04-21 12:55:00+00:00,2022-04-21 14:55:00+00:00,0.0,43000.0,"POLYGON ((-91.34023482709601 35.340840671314346, -88.70424700802923 34.70397707784831, -89.5701194691635 34.04618363965997, -92.32325908923681 34.79755685176219, -91.34023482709601 35.340840671314346))"
42C,2022-04-21 12:55:00+00:00,2022-04-21 14:55:00+00:00,0.0,45000.0,"POLYGON ((-94.69610825208954 37.32490904133451, -92.81832950687628 36.949987127099256, -93.45563184740719 36.469464816598496, -94.81673546751372 36.85270059906422, -94.69610825208954 37.32490904133451))"
44C,2022-04-21 13:55:00+00:00,2022-04-21 15:55:00+00:00,0.0,43000.0,"POLYGON ((-94.61994162044762 37.349587941109924, -91.52215305503195 36.29964101366536, -91.6726760212763 35.51962101892945, -94.55961492448581 36.60211901382818, -94.61994162044762 37.349587941109924))"
43C,2022-04-21 13:55:00+00:00,2022-04-21 15:55:00+00:00,0.0,33000.0,"POLYGON ((-91.68027986611986 35.08789025243805, -89.32939076741496 34.79696286050115, -89.94583556249304 34.127383281648946, -91.97913739068603 34.27913662505488, -91.68027986611986 35.08789025243805))"
45C,2022-04-21 14:55:00+00:00,2022-04-21 16:55:00+00:00,0.0,31000.0,"POLYGON ((-90.43029409121925 34.66725743703237, -90.06665772758288 34.66725743703237, -90.06665772758288 34.30362107339601, -90.43029409121925 34.30362107339601, -90.43029409121925 34.66725743703237))"
47C,2022-04-21 14:55:00+00:00,2022-04-21 16:55:00+00:00,0.0,41000.0,"POLYGON ((-94.12 36.828283757683586, -94.01856850377207 35.59419394441165, -94.59812699259939 35.500206411032785, -95.06164672940815 36.89278720502112, -94.12 36.828283757683586))"
46C,2022-04-21 14:55:00+00:00,2022-04-21 16:55:00+00:00,0.0,37000.0,"POLYGON ((-91.74580973571227 36.02325527393412, -91.47308246298499 36.02325527393412, -91.47308246298499 35.75052800120685, -91.74580973571227 35.75052800120685, -91.74580973571227 36.02325527393412))"
ROMEO 1,2022-04-21 15:25:00+00:00,2022-04-21 19:20:00+00:00,0.0,54000.0,"POLYGON ((171.45 7.3, 170.3 4, -176.45 3.45, -177.45 7.45, 171.45 7.3))"
ROMEO 2,2022-04-21 17:49:00+00:00,2022-04-21 21:45:00+00:00,0.0,55000.0,"POLYGON ((175 8, 173.45 4, -172.3 3.45, -173 7.45, 175 8))"
48C,2022-04-21 17:55:00+00:00,2022-04-21 19:55:00+00:00,0.0,43000.0,"POLYGON ((-95.69206971980854 38.09395119152935, -93.58793047442701 37.56417448960065, -94.12 36.828283757683586, -96.73854363172346 37.470379459334254, -95.69206971980854 38.09395119152935))"
49C,2022-04-21 18:55:00+00:00,2022-04-21 20:55:00+00:00,0.0,45000.0,"POLYGON ((-95.27585081831934 38.52205021385549, -93.33 37.36, -93.91833945825623 36.88797672824774, -96.0940458238549 37.86249922665505, -95.27585081831934 38.52205021385549))"
6W,2022-04-21 18:55:00+00:00,2022-04-21 20:55:00+00:00,0.0,28000.0,"POLYGON ((-121.13918327226212 39.207810865524465, -120.56449425536334 38.75421460047063, -120.81169292361953 37.51226650603352, -121.77163457977281 38.08207458748916, -121.13918327226212 39.207810865524465))"
50C,2022-04-21 19:55:00+00:00,2022-04-21 21:55:00+00:00,0.0,45000.0,"POLYGON ((-94.7906574749982 38.50489822532337, -92.74838872567811 37.5495776643868, -93.56883748728775 36.89864465938136, -95.97322728974082 38.26066383426322, -94.7906574749982 38.50489822532337))"
7W,2022-04-21 19:55:00+00:00,2022-04-21 21:55:00+00:00,0.0,27000.0,"POLYGON ((-121.02496281552486 38.8477401060588, -120.81171173609219 38.437683724748574, -120.83109776052144 37.52770275203295, -122.09056766413667 37.83215637858184, -121.02496281552486 38.8477401060588))"
51C,2022-04-21 20:55:00+00:00,2022-04-21 22:55:00+00:00,0.0,45000.0,"POLYGON ((-97.62 39.76184477868197, -92.9686807736934 38.21939860491814, -93.62508697046131 37.12435176671056, -98.68927808233695 38.92512254310652, -97.62 39.76184477868197))"
8W,2022-04-21 20:55:00+00:00,2022-04-21 22:55:00+00:00,0.0,25000.0,"POLYGON ((-120.40974304882299 39.52759183705388, -120.02641579931498 36.47912273569349, -121.25811640439586 35.99167915008604, -121.6917940071881 38.707046976905815, -120.40974304882299 39.52759183705388))"
ROMEO 3,2022-04-21 21:21:00+00:00,2022-04-22 01:15:00+00:00,0.0,51000.0,"POLYGON ((-178.45 8, -170.3 6.15, -171.45 3, -179.3 4.3, -178.45 8))"
52C,2022-04-21 21:55:00+00:00,2022-04-21 23:55:00+00:00,0.0,45000.0,"POLYGON ((-94.0747146068797 39.799249472769745, -91.67769228401433 39.542638173628404, -92.9457277425536 37.0526961127479, -94.52765468200226 37.3794029089737, -99.6987856450821 39.66770527388671, -94.0747146068797 39.799249472769745))"
9W,2022-04-21 22:06:00+00:00,2022-04-21 23:55:00+00:00,0.0,25000.0,"POLYGON ((-120.52278081460432 39.52681092445577, -119.66144920328557 36.57248477282879, -120.5497418643016 36.28955917323268, -121.71326510399133 38.74729670476412, -120.52278081460432 39.52681092445577))"
10W,2022-04-21 22:06:00+00:00,2022-04-21 23:55:00+00:00,0.0,24000.0,"POLYGON ((-116.86165592929758 44.959151105735785, -116.19 42.71815522131804, -116.83145989421016 42.26696266918039, -117.479536820175 44.60424098602056, -116.86165592929758 44.959151105735785))"
FOXTROT 1,2022-04-21 22:35:00+00:00,2022-04-22 02:35:00+00:00,23000.0,37000.0,"POLYGON ((-50 45, -42.15 45, -45 40.3, -49 39.3, -51.45 41, -50 45))"
53C,2022-04-21 22:55:00+00:00,2022-04-22 00:55:00+00:00,0.0,45000.0,"POLYGON ((-94.9264266626173 40.912464794067716, -90.97458061401042 39.61431759765176, -92.93353794394818 36.59081121853718, -95.34394679936435 38.817872298875415, -98.83160402733073 39.69733105447769, -94.9264266626173 40.912464794067716))"
11W,2022-04-21 22:55:00+00:00,2022-04-22 00:55:00+00:00,0.0,25000.0,"POLYGON ((-120.95412169597198 39.52282488679779, -119.52676228054315 36.64435809271963, -120.40468398779113 36.40800187641163, -122.66000216103747 39.518979052390584, -120.95412169597198 39.52282488679779))"
12W,2022-04-21 22:55:00+00:00,2022-04-22 00:55:00+00:00,0.0,24000.0,"POLYGON ((-116.4443417653568 44.76976039053459, -115.61783862353315 42.47447091526406, -116.62503850943364 42.20123594854173, -117.16185883705272 44.647163071195976, -116.4443417653568 44.76976039053459))"
13W,2022-04-21 22:55:00+00:00,2022-04-22 00:55:00+00:00,0.0,26000.0,"POLYGON ((-119.42 48.54458269015475, -118.08665017108483 47.686428616199635, -120.44 46.57, -120.90973015205826 47.337572715038874, -119.42 48.54458269015475))"
14W,2022-04-21 23:55:00+00:00,2022-04-22 01:55:00+00:00,0.0,31000.0,"POLYGON ((-121.37003531547707 40.09674576367779, -118.70528481632348 36.24788393793322, -119.82000000000001 36.214524177054436, -122.48802262485036 39.63861994766571, -121.37003531547707 40.09674576367779))"
15W,2022-04-21 23:55:00+00:00,2022-04-22 01:55:00+00:00,0.0,25000.0,"POLYGON ((-123.41870589510498 45.74700439103265, -122.0174718212431 45.58259260956345, -121.70365596135512 44.249289286243254, -123.68424412459439 44.69003457155677, -123.41870589510498 45.74700439103265))"
57C,2022-04-22 00:09:00+00:00,2022-04-22 01:55:00+00:00,0.0,40000.0,"POLYGON ((-99.9039418943079 38.644723941847474, -98.99438979531452 38.47625077177771, -99.14421150415737 36.92595462311489, -99.88 37.00547582294557, -99.9039418943079 38.644723941847474))"
55C,2022-04-22 00:09:00+00:00,2022-04-22 01:55:00+00:00,0.0,33000.0,"POLYGON ((-103.69859531173957 45.63603036931499, -103.1335188283696 45.0712810715094, -104.29983020489196 44.35477496333659, -104.93309386376309 44.43581155315016, -103.69859531173957 45.63603036931499))"
58C,2022-04-22 00:09:00+00:00,2022-04-22 01:55:00+00:00,0.0,32000.0,"POLYGON ((-104.93309386376309 44.43581155315016, -103.65286622295635 44.16920151059579, -104.13874429528784 43.15091100893687, -104.9132320507295 43.08186648893285, -105.3021900209961 43.79171107708074, -104.93309386376309 44.43581155315016))"
54C,2022-04-22 00:09:00+00:00,2022-04-22 01:55:00+00:00,0.0,45000.0,"POLYGON ((-92.48162973442179 38.605253687620994, -91.07684679657402 37.94360218405091, -92.3262151927426 37.02380151597955, -93.66558793976641 37.24887587051309, -92.48162973442179 38.605253687620994))"
56C,2022-04-22 00:09:00+00:00,2022-04-22 01:55:00+00:00,0.0,38000.0,"POLYGON ((-96.42435848167554 41.679119128695675, -89.80001556926068 39.73620912368423, -90.87215697683632 38.55266168855981, -93.99283279622813 39.287612313698084, -99.89280063261171 39.976605476585654, -96.42435848167554 41.679119128695675))"
3C,2022-04-22 00:55:00+00:00,2022-04-22 02:55:00+00:00,0.0,40000.0,"POLYGON ((-95.31206992896432 41.9377377950307, -89.4678060361943 39.26784713992989, -89.8796610192135 38.3878960443224, -93.89547060341522 40.122670506580974, -97.87708430292548 41.73195678964553, -95.31206992896432 41.9377377950307))"
1C,2022-04-22 00:55:00+00:00,2022-04-22 02:55:00+00:00,0.0,45000.0,"POLYGON ((-92.46354234193916 38.348631814718374, -90.81404887543253 37.85956162593002, -91.98013874390044 36.92909292811939, -93.0330569896605 37.59491059880739, -92.46354234193916 38.348631814718374))"
4C,2022-04-22 00:55:00+00:00,2022-04-22 02:55:00+00:00,0.0,45000.0,"POLYGON ((-98.68927808233695 38.92512254310652, -98.74032871452836 37.36229953977741, -100.00316620292863 37.35441774730114, -99.77647609140726 38.90619643610983, -98.68927808233695 38.92512254310652))"
2C,2022-04-22 00:55:00+00:00,2022-04-22 02:55:00+00:00,0.0,33000.0,"POLYGON ((-102.40176767123793 46.244585368507884, -103.65879757159558 43.50759271241975, -104.9132320507295 43.08186648893285, -104.40317814854411 45.923845388681706, -102.40176767123793 46.244585368507884))"
1W,2022-04-22 00:55:00+00:00,2022-04-22 02:55:00+00:00,0.0,31000.0,"POLYGON ((-122.89248261462917 40.09816946391562, -121.15256364535168 40.09491535628702, -118.6728373069424 36.49247590733076, -119.82000000000001 36.214524177054436, -122.89248261462917 40.09816946391562))"
ROMEO 4,2022-04-22 00:56:00+00:00,2022-04-22 04:50:00+00:00,0.0,51000.0,"POLYGON ((-176.45 7.45, -170.15 8, -170.3 6, -175.45 5.45, -176.45 7.45))"
2W,2022-04-22 01:55:00+00:00,2022-04-22 03:55:00+00:00,0.0,26000.0,"POLYGON ((-120.73845744498183 39.52501716533261, -120.14881770848635 38.60674035121867, -120.96000000000001 37.962737911472786, -122.27594329384455 39.364123586954605, -120.73845744498183 39.52501716533261))"
7C,2022-04-22 01:57:00+00:00,2022-04-22 03:55:00+00:00,0.0,35000.0,"POLYGON ((-98.48183568499284 42.40614490507392, -95.74 42.16821373441836, -91.44073565600988 41.21246582752687, -92.28120609063578 40.3648719286319, -94.81230774942601 40.46041230537348, -98.48183568499284 42.40614490507392))"
9C,2022-04-22 01:57:00+00:00,2022-04-22 03:55:00+00:00,0.0,39000.0,"POLYGON ((-100.59629659483629 33.75479823389349, -100.29 33.53815522131804, -100.95787089743938 32.85723857488899, -101.20778005091158 33.10980723833875, -100.59629659483629 33.75479823389349))"
6C,2022-04-22 01:57:00+00:00,2022-04-22 03:55:00+00:00,0.0,37000.0,"POLYGON ((-101.34071372366013 46.567035970859045, -103.43812088083172 44.10653514647325, -105.3106234157045 45.336057076895266, -103.62089329711272 46.26862010972649, -101.34071372366013 46.567035970859045))"
5C,2022-04-22 01:57:00+00:00,2022-04-22 03:55:00+00:00,0.0,34000.0,"POLYGON ((-91.97645765806085 38.348631814718374, -90.67799805194888 38.022076423105574, -91.3479472659147 36.877868866166466, -92.35901190138455 37.67437199343035, -91.97645765806085 38.348631814718374))"
8C,2022-04-22 01:57:00+00:00,2022-04-22 03:55:00+00:00,0.0,45000.0,"POLYGON ((-99.2419520801904 38.937482802290475, -98.01446183661815 38.80200237928714, -99.31892023446 37.414630030150676, -99.76001370349837 37.597678381640954, -99.2419520801904 38.937482802290475))"
FOXTROT 2,2022-04-22 02:05:00+00:00,2022-04-22 06:05:00+00:00,23000.0,37000.0,"POLYGON ((-40 45, -40.45 41.15, -46.45 39.3, -50 40.3, -46.15 45, -40 45))"
3W,2022-04-22 02:55:00+00:00,2022-04-22 04:55:00+00:00,0.0,26000.0,"POLYGON ((-120.52240475811867 39.250182756942124, -120.44082201100778 38.037773733871695, -120.96000000000001 37.7745709394209, -121.55 38.729141878841794, -120.52240475811867 39.250182756942124))"
13C,2022-04-22 03:13:00+00:00,2022-04-22 04:55:00+00:00,0.0,35000.0,"POLYGON ((-97.93950576609842 41.5066047162436, -97.12816073074559 40.991516253688275, -97.62 39.76184477868197, -99.71875371239672 40.196734219613774, -97.93950576609842 41.5066047162436))"
12C,2022-04-22 03:13:00+00:00,2022-04-22 04:55:00+00:00,0.0,33000.0,"POLYGON ((-102.77 47.19273791147279, -100.38877909206144 47.22077228802461, -103.83560363585354 44.56524985133362, -105.22787146896802 45.14805325743801, -102.77 47.19273791147279))"
11C,2022-04-22 03:13:00+00:00,2022-04-22 04:55:00+00:00,0.0,38000.0,"POLYGON ((-96.78 42.65178626558165, -91.29689515347877 41.28429327756869, -90.07208399807621 40.225754117214876, -91.28000000000002 40.182737911472785, -96.5599221485718 41.421765739609825, -96.78 42.65178626558165))"
10C,2022-04-22 03:13:00+00:00,2022-04-22 04:55:00+00:00,0.0,45000.0,"POLYGON ((-100.29 34.080858121158215, -100.29 33.64714530289553, -101.29924521091804 33.18735974080283, -101.42929559900716 33.53309400192722, -100.29 34.080858121158215))"
XRAY 1,2022-04-22 03:14:00+00:00,2022-04-22 07:10:00+00:00,0.0,54000.0,"POLYGON ((140.3 10.3, 144 9.45, 145.3 6.45, 141.15 7, 140.3 10.3))"
1E,2022-04-22 03:18:00+00:00,2022-04-22 04:55:00+00:00,0.0,25000.0,"POLYGON ((-74.8755153787897 44.64276188501165, -74.72 44.042574363474635, -75.97095957052406 43.56047090702541, -75.81656901027051 43.82719488810415, -74.8755153787897 44.64276188501165))"
16C,2022-04-22 03:55:00+00:00,2022-04-22 05:55:00+00:00,0.0,40000.0,"POLYGON ((-103.2895451296745 47.21175202861002, -101.34548559696835 46.94901771670927, -103.47683665516482 45.575944741783054, -104.40317814854411 45.923845388681706, -103.2895451296745 47.21175202861002))"
17C,2022-04-22 03:55:00+00:00,2022-04-22 05:55:00+00:00,0.0,45000.0,"POLYGON ((-99.16617111677526 41.12244355606507, -96.7559705418403 40.847190840679545, -97.20628174317127 39.69779818122586, -99.9365561048724 40.198162970143144, -99.16617111677526 41.12244355606507))"
15C,2022-04-22 03:55:00+00:00,2022-04-22 05:55:00+00:00,0.0,38000.0,"POLYGON ((-96.26000840016421 42.72658098799276, -93.25113025951859 42.286959382729094, -89.9251264434277 40.544692326261334, -90.81792419627178 40.202007706211646, -95.53601001619555 41.10615331215985, -96.26000840016421 42.72658098799276))"
2E,2022-04-22 03:55:00+00:00,2022-04-22 05:55:00+00:00,0.0,28000.0,"POLYGON ((-75.09646306879328 44.798731012840605, -74.25770894062147 44.10766218489574, -75.97095957052406 43.56047090702541, -76.90663039075157 43.66897258702249, -75.09646306879328 44.798731012840605))"
14C,2022-04-22 03:55:00+00:00,2022-04-22 05:55:00+00:00,0.0,42000.0,"POLYGON ((-101.222975031623 33.87877724224032, -100.85933866798662 33.87877724224032, -100.85933866798662 33.51514087860396, -101.222975031623 33.51514087860396, -101.222975031623 33.87877724224032))"
20C,2022-04-22 04:55:00+00:00,2022-04-22 06:55:00+00:00,0.0,30000.0,"POLYGON ((-102.42439843512304 47.09476278862618, -102.31100079617168 46.09054911777646, -103.4982867424081 45.62801480959251, -104.22967102742844 46.85072181792641, -102.42439843512304 47.09476278862618))"
18C,2022-04-22 04:55:00+00:00,2022-04-22 06:55:00+00:00,0.0,45000.0,"POLYGON ((-99.17258764004819 41.63174416760919, -96.5535733373827 40.912464794067716, -96.82184160482629 39.72782108572522, -99.78202973047624 40.45186360664409, -99.17258764004819 41.63174416760919))"
3E,2022-04-22 04:55:00+00:00,2022-04-22 06:55:00+00:00,0.0,28000.0,"POLYGON ((-74.72 45.054570939420906, -72.87478306106179 43.78252917860908, -75.77744839950984 43.46590624216903, -75.65842407805769 44.6295205859069, -74.72 45.054570939420906))"
19C,2022-04-22 04:55:00+00:00,2022-04-22 06:55:00+00:00,0.0,32000.0,"POLYGON ((-96.41149425566945 43.538757633903515, -92.63587439015905 42.5767561466466, -89.59 40.726287181737305, -95.93205425820636 41.169840495446365, -96.41149425566945 43.538757633903515))"
4W,2022-04-22 04:55:00+00:00,2022-04-22 06:55:00+00:00,0.0,30000.0,"POLYGON ((-105.93840454741121 46.50633012558892, -105.57476818377484 46.50633012558892, -105.57476818377484 46.14269376195256, -105.93840454741121 46.14269376195256, -105.93840454741121 46.50633012558892))"
22C,2022-04-22 05:55:00+00:00,2022-04-22 07:55:00+00:00,0.0,38000.0,"POLYGON ((-95.57030834990331 43.700622664498766, -90.53840731522934 42.09246193479699, -92.33847993154075 40.59084355496694, -95.48446381083471 41.63083337471376, -95.57030834990331 43.700622664498766))"
21C,2022-04-22 05:55:00+00:00,2022-04-22 07:55:00+00:00,0.0,45000.0,"POLYGON ((-95.74 42.00184477868196, -95.75032806436765 39.84616659060084, -99.06541994897518 40.189999276115465, -99.72600398756889 41.36381358475938, -95.74 42.00184477868196))"
23C,2022-04-22 05:55:00+00:00,2022-04-22 07:55:00+00:00,0.0,26000.0,"POLYGON ((-101.46629774361158 48.142224416700884, -99.62598668782762 47.46114085615235, -102.49304558183955 46.39854938706841, -103.63974174594118 47.444935012440375, -101.46629774361158 48.142224416700884))"
4E,2022-04-22 05:55:00+00:00,2022-04-22 07:55:00+00:00,0.0,28000.0,"POLYGON ((-72.83955131810886 44.757173731845846, -72.45 43.800858121158214, -75.65217590204868 42.99271629288661, -74.31173587873745 44.90927272054142, -72.83955131810886 44.757173731845846))"
5E,2022-04-22 06:55:00+00:00,2022-04-22 08:55:00+00:00,0.0,28000.0,"POLYGON ((-72.27751162879996 44.81599369453478, -72.02292297787284 43.96187015945807, -73.8 43.58184477868196, -73.54551937701775 44.90398082160027, -72.27751162879996 44.81599369453478))"
24C,2022-04-22 06:55:00+00:00,2022-04-22 08:55:00+00:00,0.0,45000.0,"POLYGON ((-99.03190224334345 41.854669466716295, -95.74 41.66910686720917, -95.07197342103085 39.90435025851825, -98.93434381533557 40.30257425285108, -99.03190224334345 41.854669466716295))"
26C,2022-04-22 06:55:00+00:00,2022-04-22 08:55:00+00:00,0.0,36000.0,"POLYGON ((-92.69661418084924 43.27925670330829, -88.76460865122024 41.549143711966465, -88.6099325741131 40.200847291037455, -93.61186077732013 42.60800036434947, -92.69661418084924 43.27925670330829))"
25C,2022-04-22 06:55:00+00:00,2022-04-22 08:55:00+00:00,0.0,41000.0,"POLYGON ((-97.00786608323071 43.24907434916208, -93.10107308931423 41.8476084778528, -94.05717645292083 41.132598963870755, -97.12222970707225 42.4593160104182, -97.00786608323071 43.24907434916208))"
27C,2022-04-22 07:55:00+00:00,2022-04-22 09:55:00+00:00,0.0,45000.0,"POLYGON ((-96.78 42.65178626558165, -94.26691465981435 41.629354886643505, -94.52503975341732 39.2898023712913, -98.75888998367141 41.25194221092902, -96.78 42.65178626558165))"
29C,2022-04-22 07:55:00+00:00,2022-04-22 09:55:00+00:00,0.0,36000.0,"POLYGON ((-92.84393030545279 43.44189692972724, -88.32 41.7163689557364, -87.67521496666936 40.36741854097208, -93.11974545449814 43.0261407721335, -92.84393030545279 43.44189692972724))"
28C,2022-04-22 07:55:00+00:00,2022-04-22 09:55:00+00:00,0.0,41000.0,"POLYGON ((-97.1064462556755 43.88481791871748, -92.40281849536122 42.10549501979, -93.03670576013849 41.24736879421303, -97.88500932595281 43.05540268060518, -97.1064462556755 43.88481791871748))"
5W,2022-04-22 07:55:00+00:00,2022-04-22 09:55:00+00:00,0.0,21000.0,"POLYGON ((-117.67557074456283 34.79395684588262, -117.4274712034084 33.925937846532435, -118.43 33.763631044263605, -118.83102222896147 33.92935003283597, -117.67557074456283 34.79395684588262))"
30C,2022-04-22 07:55:00+00:00,2022-04-22 09:55:00+00:00,0.0,36000.0,"POLYGON ((-98.9310796463423 46.35360505482389, -98.60815672719265 45.820452135699114, -100.16000000000001 44.534570939420895, -100.57849906477573 45.40628575583333, -98.9310796463423 46.35360505482389))"
35C,2022-04-22 08:55:00+00:00,2022-04-22 10:55:00+00:00,0.0,45000.0,"POLYGON ((-95.1941705804489 42.6064451540383, -93.65 41.93910686720918, -94.09512896634021 39.2882213716973, -94.95496024658269 39.2898023712913, -95.1941705804489 42.6064451540383))"
34C,2022-04-22 08:55:00+00:00,2022-04-22 10:55:00+00:00,0.0,40000.0,"POLYGON ((-97.88622133186533 47.47731980251262, -95.7663093790772 45.544189428504374, -100.16000000000001 45.22184477868196, -101.63943377384757 47.172790908528775, -97.88622133186533 47.47731980251262))"
32C,2022-04-22 08:55:00+00:00,2022-04-22 10:55:00+00:00,0.0,40000.0,"POLYGON ((-96.78 44.149106867209184, -91.61 42.01910686720918, -92.62986191494751 41.1171482204732, -97.4697681379182 43.64792627580358, -96.78 44.149106867209184))"
31C,2022-04-22 08:55:00+00:00,2022-04-22 10:55:00+00:00,0.0,45000.0,"POLYGON ((-96.78 42.98452417705444, -95.12195364394194 42.35231636126279, -95.07697670533166 41.16809896600609, -95.99218187108897 40.199795881966224, -98.35 41.38, -96.78 42.98452417705444))"
6W,2022-04-22 08:55:00+00:00,2022-04-22 10:55:00+00:00,0.0,21000.0,"POLYGON ((-118.04282155273307 34.69792001213981, -117.0298077641405 34.32810739733369, -117.86597526685985 33.45814998170823, -118.58291476496744 33.622495661438755, -118.04282155273307 34.69792001213981))"
33C,2022-04-22 08:55:00+00:00,2022-04-22 10:55:00+00:00,0.0,32000.0,"POLYGON ((-92.59577519351932 43.30895784757072, -91.08864347618018 43.06721169322677, -88.09450848927803 41.98983583007891, -86.80170323219134 40.35523498092752, -92.59577519351932 43.30895784757072))"
39C,2022-04-22 09:55:00+00:00,2022-04-22 11:55:00+00:00,0.0,40000.0,"POLYGON ((-98.5566910301391 47.55984898897535, -96.71105971434771 45.407991349081534, -100.65687315851125 44.74184911383652, -100.81890369281072 47.49050301481639, -98.5566910301391 47.55984898897535))"
37C,2022-04-22 09:55:00+00:00,2022-04-22 11:55:00+00:00,0.0,44000.0,"POLYGON ((-96.29559451408976 44.46407256005238, -91.38586530156654 42.39801502377745, -92.22768175307121 41.709350243626794, -96.78 43.65, -96.29559451408976 44.46407256005238))"
38C,2022-04-22 09:55:00+00:00,2022-04-22 11:55:00+00:00,0.0,37000.0,"POLYGON ((-93.44476322554114 41.5034843700465, -92.42270264229174 40.43728967516404, -94.43701714525884 39.05432549024071, -94.7240294581597 40.847190840679545, -93.44476322554114 41.5034843700465))"
36C,2022-04-22 09:55:00+00:00,2022-04-22 11:55:00+00:00,0.0,45000.0,"POLYGON ((-96.22775279480716 43.482693714814815, -92.9627506093677 41.94909978765986, -95.5082347290301 40.4191845487034, -97.81461786819713 41.54473580354133, -96.22775279480716 43.482693714814815))"
7W,2022-04-22 09:55:00+00:00,2022-04-22 11:55:00+00:00,0.0,22000.0,"POLYGON ((-116.94698977752807 34.63305478386696, -116.46000000000001 34.22171624231642, -117.23 33.35828375768359, -118.06170409829545 33.622770004130665, -116.94698977752807 34.63305478386696))"
6E,2022-04-22 10:55:00+00:00,2022-04-22 12:55:00+00:00,0.0,39000.0,"POLYGON ((-80.28 25.8, -79.92867945265037 25.031054795294956, -80.95697092113195 24.269323624401174, -81.8 24.257262088527213, -80.28 25.8))"
43C,2022-04-22 10:55:00+00:00,2022-04-22 12:55:00+00:00,0.0,40000.0,"POLYGON ((-97.09522548219603 47.79625605794077, -98.63991714938922 44.95856578086203, -100.16000000000001 45.055475822945574, -100.41653974491159 47.66846164973495, -97.09522548219603 47.79625605794077))"
42C,2022-04-22 10:55:00+00:00,2022-04-22 12:55:00+00:00,0.0,37000.0,"POLYGON ((-93.00657858545125 43.32482692374724, -90.62357213930117 42.55367246201729, -93.04920408982481 39.77616884107525, -94.12788178373465 39.758965403599206, -93.00657858545125 43.32482692374724))"
8W,2022-04-22 10:55:00+00:00,2022-04-22 12:55:00+00:00,0.0,22000.0,"POLYGON ((-116.88796086343521 34.44632814741388, -116.58561000417451 33.98219365129119, -116.92497941083319 33.39445044341894, -118.12525838368798 33.3148044891634, -116.88796086343521 34.44632814741388))"
41C,2022-04-22 10:55:00+00:00,2022-04-22 12:55:00+00:00,0.0,44000.0,"POLYGON ((-95.56202609210143 44.775869821668174, -92.90793682831618 43.39590814358841, -94.8792910599941 42.60849002180683, -96.21869410802456 43.23971253402484, -95.56202609210143 44.775869821668174))"
40C,2022-04-22 10:55:00+00:00,2022-04-22 12:55:00+00:00,0.0,45000.0,"POLYGON ((-96.2529376132116 42.71381456870989, -93.33 42.51171624231643, -93.65 40.57257436347463, -96.45213416197984 41.38911072022567, -96.2529376132116 42.71381456870989))"
44C,2022-04-22 10:55:00+00:00,2022-04-22 12:55:00+00:00,0.0,36000.0,"POLYGON ((-89.3523728971641 39.762516590970485, -88.89782744261863 39.762516590970485, -88.89782744261863 39.30797113642503, -89.3523728971641 39.30797113642503, -89.3523728971641 39.762516590970485))"
7E,2022-04-22 11:55:00+00:00,2022-04-22 13:55:00+00:00,0.0,36000.0,"POLYGON ((-80.4647888234169 25.79988323436399, -80.28 24.635417309845252, -81.28443378291769 24.11856181931795, -82.18703394435816 24.2365843602959, -80.4647888234169 25.79988323436399))"
45C,2022-04-22 11:55:00+00:00,2022-04-22 13:55:00+00:00,0.0,45000.0,"POLYGON ((-95.26005350680897 43.3117804197566, -90.10783717303384 42.934649905339896, -92.89666345094996 39.89431360337065, -96.52848044054174 41.755528343081274, -95.26005350680897 43.3117804197566))"
48C,2022-04-22 11:55:00+00:00,2022-04-22 13:55:00+00:00,0.0,44000.0,"POLYGON ((-99.62598668782762 47.46114085615235, -96.85 47.415475822945574, -97.30808646282819 45.980552640464865, -99.91491388893814 45.8553081296598, -99.62598668782762 47.46114085615235))"
47C,2022-04-22 11:55:00+00:00,2022-04-22 13:55:00+00:00,0.0,42000.0,"POLYGON ((-89.47616321301135 40.20893955364961, -88.69366364252552 40.04729132812255, -87.25 38.824524177054435, -88.53173152349859 39.12471611685555, -89.47616321301135 40.20893955364961))"
46C,2022-04-22 11:55:00+00:00,2022-04-22 13:55:00+00:00,0.0,44000.0,"POLYGON ((-93.24 44.87, -92.96354631547446 43.20006581690816, -95.86129513749017 43.36968602035354, -95.41751112552525 44.67409438901898, -93.24 44.87))"
49C,2022-04-22 12:55:00+00:00,2022-04-22 14:55:00+00:00,0.0,45000.0,"POLYGON ((-92.57055591969666 45.33861769343268, -88.76631090456699 43.47189584964723, -91.88229392928886 40.0394448562058, -95.99553618916529 41.63083337471376, -94.63243786985616 44.82184610149148, -92.57055591969666 45.33861769343268))"
51C,2022-04-22 12:55:00+00:00,2022-04-22 14:55:00+00:00,0.0,45000.0,"POLYGON ((-98.92846279115975 47.93688046526573, -95.5132598648767 47.57894266784768, -96.30047273361616 45.28756313289555, -99.65298386398892 46.04961031538238, -98.92846279115975 47.93688046526573))"
50C,2022-04-22 12:55:00+00:00,2022-04-22 14:55:00+00:00,0.0,43000.0,"POLYGON ((-88.32505055541768 40.14768449892137, -87.4638375586949 39.08910519521341, -88.20017248103393 39.226989699703566, -89.00445750509857 40.007042921553506, -88.32505055541768 40.14768449892137))"
8E,2022-04-22 13:55:00+00:00,2022-04-22 15:55:00+00:00,0.0,42000.0,"POLYGON ((-81.2511168802658 24.589005191708285, -81.15613847231714 24.00043193986088, -82.44386152768286 24.000431939860878, -82.64302907886804 24.269323624401174, -81.2511168802658 24.589005191708285))"
52C,2022-04-22 13:55:00+00:00,2022-04-22 15:55:00+00:00,0.0,45000.0,"POLYGON ((-93.603230090773 45.484247939578786, -91.48 45.39910686720918, -87.79926700777811 42.76606835496223, -92.43587092420485 40.2475385508534, -95.74 41.835475822945575, -93.603230090773 45.484247939578786))"
53C,2022-04-22 13:55:00+00:00,2022-04-22 15:55:00+00:00,0.0,36000.0,"POLYGON ((-87.59611606072609 40.39283038839714, -87.06266805200477 39.489849700094325, -87.59559356387375 39.378838254304476, -88.45938661140062 40.04599436659096, -87.59611606072609 40.39283038839714))"
54C,2022-04-22 13:55:00+00:00,2022-04-22 15:55:00+00:00,0.0,42000.0,"POLYGON ((-95.02 48.15828375768358, -94.76364409330485 45.83650343461994, -98.37 46.28742563652536, -98.05335901641654 47.946764714949715, -95.02 48.15828375768358))"
9E,2022-04-22 14:55:00+00:00,2022-04-22 16:55:00+00:00,0.0,45000.0,"POLYGON ((-81.29212108592688 24.780147440348717, -81.5212921797471 23.9749247783217, -82.44386152768286 24.000431939860878, -82.71479658550999 24.587236694214244, -81.29212108592688 24.780147440348717))"
56C,2022-04-22 14:55:00+00:00,2022-04-22 16:55:00+00:00,0.0,43000.0,"POLYGON ((-95.80296014768005 48.323694102740454, -94.47432016105857 46.22180485832793, -98.06395124476315 46.74358133765066, -97.65010094027494 48.07641613603188, -95.80296014768005 48.323694102740454))"
55C,2022-04-22 14:55:00+00:00,2022-04-22 16:55:00+00:00,0.0,43000.0,"POLYGON ((-91.08487056500013 45.56715474303985, -88.12472364405892 42.39048007853385, -92.06464806386282 40.294789347615406, -95.36872042831757 41.83723802781167, -93.24 45.15914187884177, -91.08487056500013 45.56715474303985))"
57C,2022-04-22 14:55:00+00:00,2022-04-22 16:55:00+00:00,0.0,42000.0,"POLYGON ((-87.07 41.13828375768358, -86.46795519734751 39.719848466656636, -87.38265896932975 39.592151776563725, -87.77703885414459 41.13980999074654, -87.07 41.13828375768358))"
10E,2022-04-22 15:55:00+00:00,2022-04-22 17:55:00+00:00,0.0,41000.0,"POLYGON ((-82.81730934868862 24.96857646578228, -80.70225120345002 24.586020889740663, -80.4532068212314 24.07469221014595, -82.44386152768286 24.000431939860878, -82.81730934868862 24.96857646578228))"
59C,2022-04-22 15:55:00+00:00,2022-04-22 17:55:00+00:00,0.0,45000.0,"POLYGON ((-94.66701081945916 48.563158428995195, -93.78897407749616 46.34974679990388, -98.79208155289254 46.73357020020508, -98.10340625843746 47.69169920947508, -94.66701081945916 48.563158428995195))"
58C,2022-04-22 15:55:00+00:00,2022-04-22 17:55:00+00:00,0.0,45000.0,"POLYGON ((-89.9678841631682 45.981801457577205, -87.15716509640423 42.78358170104823, -91.28000000000002 40.51547582294557, -94.47335442967106 41.69173797836738, -93.24 44.703631044263595, -89.9678841631682 45.981801457577205))"
11E,2022-04-22 16:55:00+00:00,2022-04-22 18:55:00+00:00,0.0,44000.0,"POLYGON ((-81.2511168802658 24.589005191708285, -81.15613847231714 24.00043193986088, -83.14679317876859 24.07469221014595, -83.26364094710507 24.582926252780663, -81.2511168802658 24.589005191708285))"
61C,2022-04-22 16:55:00+00:00,2022-04-22 18:55:00+00:00,0.0,40000.0,"POLYGON ((-94.66701081945916 48.563158428995195, -94.21551867732474 46.65726032989205, -98.40018718806016 47.12008572969629, -97.93515840246242 47.94758997215339, -94.66701081945916 48.563158428995195))"
60C,2022-04-22 16:55:00+00:00,2022-04-22 18:55:00+00:00,0.0,44000.0,"POLYGON ((-89.93581748397723 45.629012360838566, -87.15716509640423 42.78358170104823, -91.28000000000002 40.51547582294557, -93.65 41.2736310442636, -92.37632835307988 44.612069097511, -89.93581748397723 45.629012360838566))"
12E,2022-04-22 17:55:00+00:00,2022-04-22 19:55:00+00:00,0.0,44000.0,"POLYGON ((-83.26364094710507 24.582926252780663, -82.30633174969883 24.398154296576635, -82.07870782025289 23.9749247783217, -83.14679317876859 24.07469221014595, -83.26364094710507 24.582926252780663))"
62C,2022-04-22 17:55:00+00:00,2022-04-22 19:55:00+00:00,0.0,44000.0,"POLYGON ((-90.55274526545244 45.30643746966527, -86.52590404420567 42.34191398015517, -89.59 40.66089313279081, -93.2407339127778 41.311940681651514, -90.55274526545244 45.30643746966527))"
63C,2022-04-22 17:55:00+00:00,2022-04-22 19:55:00+00:00,0.0,44000.0,"POLYGON ((-95.02 48.74458269015474, -94.83233554560661 47.272436563471665, -97.47265151736083 47.488536391843574, -97.68678084807001 47.94892885887507, -95.02 48.74458269015474))"
9W,2022-04-22 17:55:00+00:00,2022-04-22 19:55:00+00:00,0.0,32000.0,"POLYGON ((-111.35704943271364 38.92930739276524, -110.85479926305153 36.92068326420962, -112.64646306854672 37.02166056894082, -112.51 38.72171624231643, -111.35704943271364 38.92930739276524))"
13E,2022-04-22 18:55:00+00:00,2022-04-22 20:55:00+00:00,0.0,40000.0,"POLYGON ((-83.62951243450199 24.578947725096327, -82.16592315664077 24.58955786045237, -82.07870782025289 23.9749247783217, -83.48178373253347 23.944023011476602, -83.62951243450199 24.578947725096327))"
65C,2022-04-22 18:55:00+00:00,2022-04-22 20:55:00+00:00,0.0,40000.0,"POLYGON ((-93.7672299889018 48.804730638800145, -93.8876566773072 47.25607005290523, -96.81423406405605 47.33456239841036, -95.94062807904493 48.766788539111644, -93.7672299889018 48.804730638800145))"
64C,2022-04-22 18:55:00+00:00,2022-04-22 20:55:00+00:00,0.0,44000.0,"POLYGON ((-89.09976093320796 45.014610217441486, -86.11 42.13726208852722, -89.9251264434277 40.544692326261334, -92.62986191494751 41.1171482204732, -89.09976093320796 45.014610217441486))"
10W,2022-04-22 18:55:00+00:00,2022-04-22 20:55:00+00:00,0.0,32000.0,"POLYGON ((-111.98 40.9945709394209, -110.7 37.55257436347464, -113.05791264900142 36.554006825868555, -112.79381701392744 38.765389629422266, -111.98 40.9945709394209))"
66C,2022-04-22 19:55:00+00:00,2022-04-22 21:55:00+00:00,0.0,45000.0,"POLYGON ((-88.19 45.39184477868197, -84.84948035684873 41.59432116523682, -90.4034503182134 40.90246580203209, -92.05440249265646 41.51914461478028, -88.19 45.39184477868197))"
67C,2022-04-22 19:55:00+00:00,2022-04-22 21:55:00+00:00,0.0,45000.0,"POLYGON ((-93.60361070908282 48.877248188019685, -93.41000000000001 47.57178626558165, -96.49377866813467 47.47731980251262, -95.94062807904493 48.766788539111644, -93.60361070908282 48.877248188019685))"
11W,2022-04-22 19:55:00+00:00,2022-04-22 21:55:00+00:00,0.0,35000.0,"POLYGON ((-111.98 41.182737911472785, -110.21853916888827 37.49678013681308, -112.51 38.80089313279083, -111.98 41.182737911472785))"
69C,2022-04-22 20:55:00+00:00,2022-04-22 22:55:00+00:00,0.0,45000.0,"POLYGON ((-95.79834144547387 48.89992915975619, -93.056078892146 48.334174588015614, -92.84300559585563 47.64636032581703, -94.83233554560661 47.272436563471665, -98.66165855452614 48.89992915975619, -95.79834144547387 48.89992915975619))"
12W,2022-04-22 20:55:00+00:00,2022-04-22 22:55:00+00:00,0.0,32000.0,"POLYGON ((-111.4073701918618 42.51362659834109, -110.52663370963369 42.451911077049814, -108.93 37.81, -111.14059758866306 37.30231183329928, -112.51 39.3, -111.4073701918618 42.51362659834109))"
14W,2022-04-22 20:55:00+00:00,2022-04-22 22:55:00+00:00,0.0,26000.0,"POLYGON ((-109.24731299745012 44.73232716896439, -108.3 44.45821373441835, -108.93727428512626 43.64923395685309, -109.66297803174596 43.923387712028635, -109.24731299745012 44.73232716896439))"
68C,2022-04-22 20:55:00+00:00,2022-04-22 22:55:00+00:00,0.0,45000.0,"POLYGON ((-86.22330195249404 43.225178678585564, -84.89446274988823 41.51388889812458, -86.66446732593586 40.86597407700024, -91.99617676110573 41.519354077863845, -90.98777264563489 42.6041195625337, -86.22330195249404 43.225178678585564))"
13W,2022-04-22 20:55:00+00:00,2022-04-22 22:55:00+00:00,0.0,30000.0,"POLYGON ((-112.50861724099906 37.28911742332794, -111.65849522091139 37.17712183279701, -111.77886409379619 36.52783448671145, -112.71502222442088 36.887872609616636, -112.50861724099906 37.28911742332794))"
72C,2022-04-22 21:55:00+00:00,2022-04-22 23:55:00+00:00,0.0,45000.0,"POLYGON ((-102.3508365751586 44.44867750701674, -101.13598685121595 43.67996850265145, -101.6732485109425 43.06707481534935, -104.72622575166889 42.26528651123964, -105.44161448768546 42.832265369960744, -102.3508365751586 44.44867750701674))"
70C,2022-04-22 21:55:00+00:00,2022-04-22 23:55:00+00:00,0.0,45000.0,"POLYGON ((-86.25096847749333 43.23347296289728, -84.84948035684873 41.59432116523682, -87.37860826633712 40.324307405283925, -91.29689515347877 41.28429327756869, -91.83639994231427 42.3944863941665, -86.25096847749333 43.23347296289728))"
73C,2022-04-22 21:55:00+00:00,2022-04-22 23:55:00+00:00,0.0,45000.0,"POLYGON ((-101.93683379707139 37.35441774730114, -101.41009544990551 36.68626390660763, -102.21987839384829 35.75918147647325, -102.72883332197415 35.88273405794003, -102.86667081059615 36.669528201358446, -101.93683379707139 37.35441774730114))"
21W,2022-04-22 21:55:00+00:00,2022-04-22 23:55:00+00:00,0.0,26000.0,"POLYGON ((-119.42 47.38, -119.42 46.714524177054436, -120.6262779249515 46.877259171928195, -120.43999999999998 47.401844778681976, -119.42 47.38))"
16W,2022-04-22 21:55:00+00:00,2022-04-22 23:55:00+00:00,0.0,30000.0,"POLYGON ((-113.94276897586836 37.89622763603094, -113.56136142836269 37.683282253580096, -114.2787109328483 36.78262882285236, -115.9189359240678 36.797108947720275, -116.00972122452049 37.3859164620757, -113.94276897586836 37.89622763603094))"
15W,2022-04-22 21:55:00+00:00,2022-04-22 23:55:00+00:00,0.0,35000.0,"POLYGON ((-109.11999964014662 40.45395692108638, -108.1472347421453 39.05823589188078, -110.09125777296917 37.422287226583194, -112.18375970717064 38.68472329378612, -111.37216197870094 40.657402292431875, -109.11999964014662 40.45395692108638))"
19W,2022-04-22 21:55:00+00:00,2022-04-22 23:55:00+00:00,0.0,25000.0,"POLYGON ((-117.73246046359856 40.821826614131886, -117.25221770284126 39.95470233085184, -118.32696495517929 40.1157678450917, -118.45297371920154 40.55986757707104, -117.73246046359856 40.821826614131886))"
17W,2022-04-22 21:55:00+00:00,2022-04-22 23:55:00+00:00,0.0,26000.0,"POLYGON ((-113.485676518139 43.70087316682948, -113.28110859232244 43.05927009743412, -114.14125740169698 43.094294037582124, -114.49000000000001 43.478213734418354, -113.485676518139 43.70087316682948))"
71C,2022-04-22 21:55:00+00:00,2022-04-22 23:55:00+00:00,0.0,45000.0,"POLYGON ((-95.98279019037786 49.02540690978021, -91.80939952103522 48.116235821565496, -91.7494262933511 47.105800760386, -94.77581687689984 47.179041070073936, -98.47720980962217 49.02540690978021, -95.98279019037786 49.02540690978021))"
20W,2022-04-22 21:55:00+00:00,2022-04-22 23:55:00+00:00,0.0,24000.0,"POLYGON ((-117.62999999999998 48.28285469710448, -117.46518881246496 47.82701465265696, -118.42505119011942 47.77856083027672, -118.92217948615287 48.18033106139517, -117.62999999999998 48.28285469710448))"
18W,2022-04-22 21:55:00+00:00,2022-04-22 23:55:00+00:00,0.0,29000.0,"POLYGON ((-114.43973127297241 41.239150302436826, -114.29631120881386 40.31984635763829, -116.04446773138935 40.29006316299126, -116.03720003209818 40.843272121500064, -114.43973127297241 41.239150302436826))"
74C,2022-04-22 22:55:00+00:00,2022-04-23 00:55:00+00:00,0.0,38000.0,"POLYGON ((-85.58377852435156 43.16909367012427, -84.15681001037596 41.61909373901535, -87.37860826633712 40.324307405283925, -90.6948322563938 41.154721404945185, -90.71 42.4, -85.58377852435156 43.16909367012427))"
78C,2022-04-22 22:55:00+00:00,2022-04-23 00:55:00+00:00,0.0,45000.0,"POLYGON ((-99.5381918340587 42.569112506423515, -98.21422839537705 42.11609099768799, -99.28318301495011 40.192652318548085, -100.74375426819249 40.08225758323625, -101.77399601243113 41.36381358475938, -99.5381918340587 42.569112506423515))"
76C,2022-04-22 22:55:00+00:00,2022-04-23 00:55:00+00:00,0.0,45000.0,"POLYGON ((-101.72 45.08, -97.83447533780081 44.496505929184025, -98.25305115065738 43.23770077539203, -105.72 41.34, -106.60094617350804 42.85426925104558, -101.72 45.08))"
75C,2022-04-22 22:55:00+00:00,2022-04-23 00:55:00+00:00,0.0,45000.0,"POLYGON ((-95.79834144547387 48.89992915975619, -92.0268620319486 48.179670495244444, -90.8024637202382 47.77978614018951, -92.42480061563187 46.863446759636645, -97.23 48.85178626558166, -95.79834144547387 48.89992915975619))"
77C,2022-04-22 22:55:00+00:00,2022-04-23 00:55:00+00:00,0.0,45000.0,"POLYGON ((-101.69 38.55815522131804, -100.55315026567573 37.03927088883678, -101.40465462937684 35.75088713937261, -102.84543098579177 35.432329150294336, -102.83012800212262 37.002837505533414, -101.69 38.55815522131804))"
29W,2022-04-22 22:55:00+00:00,2022-04-23 00:55:00+00:00,0.0,26000.0,"POLYGON ((-115.15786699180559 47.45894710455997, -115.65 46.29541730984524, -116.21 46.100951645891136, -116.76803520571035 46.9685419166099, -115.15786699180559 47.45894710455997))"
28W,2022-04-22 22:55:00+00:00,2022-04-23 00:55:00+00:00,0.0,26000.0,"POLYGON ((-119.88658357800722 42.2973076531984, -119.74962966665761 41.104110518827476, -120.51 41.32541730984526, -120.85200921007088 41.874669110516905, -119.88658357800722 42.2973076531984))"
27W,2022-04-22 22:55:00+00:00,2022-04-23 00:55:00+00:00,0.0,24000.0,"POLYGON ((-117.62999999999998 48.724582690154755, -117.05373853279104 48.48080460451851, -119.54988654042677 46.31187007806549, -119.94471134361267 47.73173043810268, -117.62999999999998 48.724582690154755))"
22W,2022-04-22 22:55:00+00:00,2022-04-23 00:55:00+00:00,0.0,33000.0,"POLYGON ((-108.5506894058094 41.236120923555795, -107.82782491968398 38.70203324081964, -110.21853916888827 37.49678013681308, -111.65006048170044 39.296836914775156, -110.75379762763735 41.225528545179024, -108.5506894058094 41.236120923555795))"
23W,2022-04-22 22:55:00+00:00,2022-04-23 00:55:00+00:00,0.0,25000.0,"POLYGON ((-114.06842417387966 37.63474007060306, -112.88120597779678 37.497572236376115, -114.20524165316245 36.39455270907213, -115.9847334327212 36.542878782015435, -115.78623902306889 37.114451807376135, -114.06842417387966 37.63474007060306))"
25W,2022-04-22 22:55:00+00:00,2022-04-23 00:55:00+00:00,0.0,26000.0,"POLYGON ((-117.86999999999999 42.011716242316425, -114.82280256225616 41.05708874995968, -115.13818268178035 39.83391068780988, -117.58779449659112 40.05693399959432, -118.4611074867839 41.51993631459178, -117.86999999999999 42.011716242316425))"
24W,2022-04-22 22:55:00+00:00,2022-04-23 00:55:00+00:00,0.0,29000.0,"POLYGON ((-112.2662809968278 36.447831392641106, -112.65079194938383 35.61673317877128, -113.54 35.62, -113.54 36.053712818262674, -112.2662809968278 36.447831392641106))"
26W,2022-04-22 22:55:00+00:00,2022-04-23 00:55:00+00:00,0.0,23000.0,"POLYGON ((-113.31948491154749 43.75266260232146, -111.98046906778855 43.68907084411805, -112.05823285579397 42.86847621244992, -113.1981984723998 43.03466920564375, -113.31948491154749 43.75266260232146))"
81C,2022-04-22 23:55:00+00:00,2022-04-23 01:55:00+00:00,0.0,45000.0,"POLYGON ((-101.44730170768868 45.54079190811345, -97.2812804510347 45.09647552056244, -96.78 43.65, -106.33235799469995 41.147374514194965, -107.32688268294581 42.7668798752431, -101.44730170768868 45.54079190811345))"
82C,2022-04-22 23:55:00+00:00,2022-04-23 01:55:00+00:00,0.0,45000.0,"POLYGON ((-101.23102354068261 39.74202256485665, -100.00316620292863 37.35441774730114, -101.35451348198062 33.88975763982219, -102.46302215087766 33.50776740753798, -102.69 37.70089313279083, -101.23102354068261 39.74202256485665))"
83C,2022-04-22 23:55:00+00:00,2022-04-23 01:55:00+00:00,0.0,45000.0,"POLYGON ((-98.69 43.13547582294557, -98.06678146753765 42.277308836700534, -99.28060743727315 40.670384692983895, -101.00151167117929 40.58861092204247, -101.11946417350333 42.56445345412989, -98.69 43.13547582294557))"
80C,2022-04-22 23:55:00+00:00,2022-04-23 01:55:00+00:00,0.0,45000.0,"POLYGON ((-94.10422003081875 48.376907631374365, -92.94659930266074 48.44173525668605, -92.0268620319486 48.179670495244444, -89.43 47.33815522131803, -91.83216976628903 46.18458660628873, -94.10422003081875 48.376907631374365))"
31W,2022-04-22 23:55:00+00:00,2022-04-23 01:55:00+00:00,0.0,23000.0,"POLYGON ((-113.26378451895191 38.709356488328304, -112.3 37.69, -113.18357985669309 36.980846493256315, -114.8703694276507 37.326786125157824, -114.39 38.25, -113.26378451895191 38.709356488328304))"
30W,2022-04-22 23:55:00+00:00,2022-04-23 01:55:00+00:00,0.0,30000.0,"POLYGON ((-110.3781662087737 39.6786195726772, -107.79580093639466 39.37412208174025, -107.4648676289865 38.44923285840661, -109.22686098882562 37.574345762789335, -110.99932980245364 38.18433750719243, -110.3781662087737 39.6786195726772))"
32W,2022-04-22 23:55:00+00:00,2022-04-23 01:55:00+00:00,0.0,30000.0,"POLYGON ((-116.29613205787352 41.038890960858836, -114.98395907592516 41.10555597469672, -114.36674798121469 40.537409033020204, -117.25221770284126 39.95470233085184, -117.79604452481453 40.56669120835511, -116.29613205787352 41.038890960858836))"
33W,2022-04-22 23:55:00+00:00,2022-04-23 01:55:00+00:00,0.0,32000.0,"POLYGON ((-107.64662626085632 43.928711616265204, -106.9277184958198 43.646036931002655, -107.49744508647146 42.86897352973937, -108.56115104299123 42.99858681949768, -108.7584037640051 43.45908443287893, -107.64662626085632 43.928711616265204))"
79C,2022-04-22 23:55:00+00:00,2022-04-23 01:55:00+00:00,0.0,38000.0,"POLYGON ((-85.48910092475735 43.33465540655067, -83.66627747711983 41.675352375917036, -85.95598147945513 40.97746502200963, -89.59 41.882854697104456, -90.12789615306289 43.43875969877265, -85.48910092475735 43.33465540655067))"
34W,2022-04-22 23:55:00+00:00,2022-04-23 01:55:00+00:00,0.0,25000.0,"POLYGON ((-118.8301092352103 47.212508775887656, -118.62007580590337 46.23382100376453, -119.66603047965171 46.34608302723489, -119.8702915197885 47.07243338405537, -118.8301092352103 47.212508775887656))"
35W,2022-04-22 23:55:00+00:00,2022-04-23 01:55:00+00:00,0.0,25000.0,"POLYGON ((-114.90128190453676 46.94641057684849, -115.81578188036194 45.43715782723583, -116.68417904711372 45.57042486674276, -116.39871809546327 46.94641057684849, -114.90128190453676 46.94641057684849))"
3C,2022-04-23 00:55:00+00:00,2022-04-23 02:55:00+00:00,0.0,45000.0,"POLYGON ((-96.85 46.084524177054426, -96.32014869457704 43.64907833272466, -100.59972205132092 43.62062502360564, -106.18752693740394 40.98612927819978, -105.31641132413687 45.302292664146236, -96.85 46.084524177054426))"
4C,2022-04-23 00:55:00+00:00,2022-04-23 02:55:00+00:00,0.0,45000.0,"POLYGON ((-100.75 41.05, -98.60348769629788 38.60753164193625, -100.6931166132404 34.36933919929304, -102.41356476018713 34.14633648612905, -102.36316670815086 38.81436827016613, -100.75 41.05))"
1C,2022-04-23 00:55:00+00:00,2022-04-23 02:55:00+00:00,0.0,40000.0,"POLYGON ((-87.37273125707605 43.96886364859652, -84.25473956507538 43.22245677461857, -84.67678449785409 41.90110034567564, -88.95339040020131 42.01883198294152, -89.76 43.55, -87.37273125707605 43.96886364859652))"
5C,2022-04-23 00:55:00+00:00,2022-04-23 02:55:00+00:00,0.0,45000.0,"POLYGON ((-98.38929439102445 43.63871090709582, -98.36982746958711 42.70483670196381, -99.64701644006055 41.04474182087237, -101.88125570471217 43.15091100893687, -100.59972205132092 43.62062502360564, -98.38929439102445 43.63871090709582))"
3W,2022-04-23 00:55:00+00:00,2022-04-23 02:55:00+00:00,0.0,25000.0,"POLYGON ((-117.44019200254569 47.86725384086498, -117.62999999999998 47.060893132790845, -118.49196479428963 46.9685419166099, -118.89528865638734 47.73173043810268, -117.44019200254569 47.86725384086498))"
4W,2022-04-23 00:55:00+00:00,2022-04-23 02:55:00+00:00,0.0,25000.0,"POLYGON ((-120.43999999999998 45.57178626558166, -118.60453302889802 45.464226465623014, -119.31558160681878 44.3843915389342, -120.65417028369738 44.439184437158985, -120.43999999999998 45.57178626558166))"
2W,2022-04-23 00:55:00+00:00,2022-04-23 02:55:00+00:00,0.0,23000.0,"POLYGON ((-116.45292711586657 40.92198403931523, -115.60598734604038 40.56255555342935, -116.04824298207195 39.67587535735637, -116.92 39.738155221318046, -117.3239223965548 40.44196258594127, -116.45292711586657 40.92198403931523))"
2C,2022-04-23 00:55:00+00:00,2022-04-23 02:55:00+00:00,0.0,45000.0,"POLYGON ((-94.28389238246434 48.566693470830636, -89.18305982521767 47.76903565161474, -88.85966948473893 47.23360784133824, -91.77761987014749 46.799223089821076, -94.37705819669753 47.57820358173018, -94.28389238246434 48.566693470830636))"
5W,2022-04-23 00:55:00+00:00,2022-04-23 02:55:00+00:00,0.0,22000.0,"POLYGON ((-121.75721635322344 43.44768343171829, -120.51 43.06828375768358, -120.51 42.345429060579114, -122.008495414914 42.19983359618924, -121.75721635322344 43.44768343171829))"
1W,2022-04-23 00:55:00+00:00,2022-04-23 02:55:00+00:00,0.0,27000.0,"POLYGON ((-107.28886360590957 39.74600166775521, -106.89818615623537 38.71704694627907, -108.42167866676778 37.974883684120286, -110.35852051921569 38.53015472534945, -109.0771817462965 39.593913713040656, -107.28886360590957 39.74600166775521))"
10C,2022-04-23 01:55:00+00:00,2022-04-23 03:55:00+00:00,0.0,45000.0,"POLYGON ((-96.5688321201962 47.21077240845531, -96.35424886431622 43.77654430776038, -101.22960152046423 44.0666581891107, -106.18752693740394 40.98612927819978, -105.31641132413687 45.302292664146236, -96.5688321201962 47.21077240845531))"
9C,2022-04-23 01:55:00+00:00,2022-04-23 03:55:00+00:00,0.0,45000.0,"POLYGON ((-98.96273192560766 41.187372228299004, -99.17877784402093 38.43176303445867, -100.6931166132404 34.36933919929304, -102.1408233830789 34.16090029316504, -101.3596694420067 40.857391004040494, -98.96273192560766 41.187372228299004))"
7C,2022-04-23 01:55:00+00:00,2022-04-23 03:55:00+00:00,0.0,45000.0,"POLYGON ((-94.41564130418922 48.565621260248705, -89.1461574836417 47.70853370356521, -88.77542910986129 47.09217961516454, -90.10985042620175 46.7041163768193, -92.54521280109661 47.03476387890403, -94.41564130418922 48.565621260248705))"
6C,2022-04-23 01:55:00+00:00,2022-04-23 03:55:00+00:00,0.0,41000.0,"POLYGON ((-84.08 43.53, -83.90955840760897 42.04275905949261, -87.9 41.700858121158205, -89.39210384693712 43.43875969877265, -86.63466543153939 43.16846013327824, -84.08 43.53))"
8C,2022-04-23 01:55:00+00:00,2022-04-23 03:55:00+00:00,0.0,45000.0,"POLYGON ((-101.09012973658211 44.10958971409465, -98.8603071091282 43.99532463317041, -98.41191469123314 42.674118738984895, -99.31332747319053 41.375982967581706, -102.16632585942361 43.36351321071736, -101.09012973658211 44.10958971409465))"
6W,2022-04-23 01:55:00+00:00,2022-04-23 03:55:00+00:00,0.0,25000.0,"POLYGON ((-109.3485510576401 39.058667876086034, -107.56511100506914 38.85773968614235, -107.04 38.45, -107.72010383582422 38.226731840262126, -110.02017644221063 38.19673395283798, -109.3485510576401 39.058667876086034))"
7W,2022-04-23 01:55:00+00:00,2022-04-23 03:55:00+00:00,0.0,25000.0,"POLYGON ((-107.90165629260268 43.45930863288679, -107.071840626557 43.08727014598592, -107.77454339114259 42.52382258315343, -108.57056178850065 42.39052803328865, -108.5807245284094 43.25520172781773, -107.90165629260268 43.45930863288679))"
8W,2022-04-23 01:55:00+00:00,2022-04-23 03:55:00+00:00,0.0,25000.0,"POLYGON ((-117.63 47.56, -115.65 47.02628718173732, -115.65 46.30343248463284, -116.92635723625583 45.96988755897843, -117.62999999999998 46.98171624231643, -117.63 47.56))"
12C,2022-04-23 02:55:00+00:00,2022-04-23 04:55:00+00:00,0.0,45000.0,"POLYGON ((-94.41564130418922 48.565621260248705, -89.1461574836417 47.70853370356521, -88.77542910986129 47.09217961516454, -90.10985042620175 46.7041163768193, -92.54521280109661 47.03476387890403, -94.41564130418922 48.565621260248705))"
14C,2022-04-23 02:55:00+00:00,2022-04-23 04:55:00+00:00,0.0,45000.0,"POLYGON ((-98.22894714649365 39.398985841447804, -100.136316542488 37.03708362194396, -99.86061622356235 34.72217305448748, -101.64 34.95726208852722, -100.82391369050924 39.06748970489262, -98.22894714649365 39.398985841447804))"
15C,2022-04-23 02:55:00+00:00,2022-04-23 04:55:00+00:00,0.0,45000.0,"POLYGON ((-101.51934511876283 46.16863111690094, -101.46136540063348 43.006294387347445, -103.48 41.723631044263605, -105.3775637314022 41.95431477164329, -105.31641132413687 45.302292664146236, -101.51934511876283 46.16863111690094))"
9W,2022-04-23 02:55:00+00:00,2022-04-23 04:55:00+00:00,0.0,25000.0,"POLYGON ((-116.9441978606751 47.74896127366373, -116.33981387450378 46.98735564428546, -116.98280502498801 46.48221897321022, -117.91057468517693 47.098541102537915, -116.9441978606751 47.74896127366373))"
13C,2022-04-23 02:55:00+00:00,2022-04-23 04:55:00+00:00,0.0,45000.0,"POLYGON ((-96.24865218983952 47.157341893851445, -95.18394484079408 46.012222034325056, -97.1498660031156 43.76005425664115, -101.26740517433872 42.95020635421908, -101.55526535399181 46.143197100059304, -96.24865218983952 47.157341893851445))"
11C,2022-04-23 02:55:00+00:00,2022-04-23 04:55:00+00:00,0.0,45000.0,"POLYGON ((-88.58586010506896 43.65385944227177, -86.45839869995332 42.86255408148261, -83.89188128084497 43.23703213354392, -83.78204973814937 41.90257928805079, -88.32 41.839141878841794, -88.58586010506896 43.65385944227177))"
16C,2022-04-23 02:55:00+00:00,2022-04-23 04:55:00+00:00,0.0,41000.0,"POLYGON ((-98.88538213180287 41.54473580354133, -99.02589557673274 40.86687831785946, -99.8882347290301 40.4191845487034, -100.59 40.63371281826269, -100.47804442803175 41.254135093730675, -98.88538213180287 41.54473580354133))"
1E,2022-04-23 03:55:00+00:00,2022-04-23 05:55:00+00:00,0.0,35000.0,"POLYGON ((-86.55474972059689 45.37147468749988, -83.56510308794259 43.277277023835616, -83.37 41.37815522131804, -85.47682010427697 41.997687180093926, -86.85434660427352 43.755332792238704, -86.55474972059689 45.37147468749988))"
18C,2022-04-23 03:55:00+00:00,2022-04-23 05:55:00+00:00,0.0,45000.0,"POLYGON ((-95.72390741064967 48.048423266346695, -94.54461690829058 46.701772796556845, -95.99530243202437 44.721409344839785, -101.46136540063348 43.006294387347445, -101.6413689507974 46.755890505255046, -95.72390741064967 48.048423266346695))"
20C,2022-04-23 03:55:00+00:00,2022-04-23 05:55:00+00:00,0.0,45000.0,"POLYGON ((-101.6413689507974 46.755890505255046, -101.46136540063348 43.006294387347445, -102.0884893598079 39.51665428550966, -104.43462307010435 40.59469147033709, -105.4054341393192 45.456463290643896, -101.6413689507974 46.755890505255046))"
17C,2022-04-23 03:55:00+00:00,2022-04-23 05:55:00+00:00,0.0,45000.0,"POLYGON ((-93.87340069733926 48.44173525668605, -89.1461574836417 47.70853370356521, -88.77542910986129 47.09217961516454, -88.99842448532945 46.397603755053915, -91.47091569341235 46.797685123248264, -93.87340069733926 48.44173525668605))"
21C,2022-04-23 03:55:00+00:00,2022-04-23 05:55:00+00:00,0.0,45000.0,"POLYGON ((-99.26514179327046 40.19244802811771, -98.73501031247508 38.924696392381875, -99.88025431920173 38.19357478413362, -100.51365805981523 38.725390119897824, -100.60343004599973 39.259403704445916, -99.26514179327046 40.19244802811771))"
22C,2022-04-23 03:55:00+00:00,2022-04-23 05:55:00+00:00,0.0,45000.0,"POLYGON ((-98.83937044758638 42.20277051521556, -98.52785554179705 41.32453810737044, -100.0439415521218 40.82654175010299, -100.39518224109382 41.16010620805236, -100.52856260657325 41.45048720267132, -98.83937044758638 42.20277051521556))"
19C,2022-04-23 03:55:00+00:00,2022-04-23 05:55:00+00:00,0.0,45000.0,"POLYGON ((-99.24125539825172 36.849440319810505, -98.66411801287954 35.39533389263525, -101.15009853430414 35.123036978887406, -100.97 36.46171624231643, -99.24125539825172 36.849440319810505))"
2E,2022-04-23 04:55:00+00:00,2022-04-23 06:55:00+00:00,0.0,38000.0,"POLYGON ((-86.55474972059689 45.37147468749988, -83.56510308794259 43.277277023835616, -83.11399558431837 41.74859954687106, -85.63422839537706 42.11609099768799, -88.95847155403277 45.27597621322526, -86.55474972059689 45.37147468749988))"
25C,2022-04-23 05:08:00+00:00,2022-04-23 06:55:00+00:00,0.0,45000.0,"POLYGON ((-100.99171969689428 40.071971730078126, -100.42833236644896 39.196165079536634, -101.36267642570691 37.918306496075374, -102.93152178722129 37.73863727954657, -102.72059560544724 39.80616787714737, -100.99171969689428 40.071971730078126))"
28C,2022-04-23 05:08:00+00:00,2022-04-23 06:55:00+00:00,0.0,45000.0,"POLYGON ((-97.6996743873965 43.646313446833176, -97.78785411008795 42.46646254687813, -98.60276313177252 40.91860772677332, -100.28451413851656 40.69613889059496, -99.99 43.23547582294557, -97.6996743873965 43.646313446833176))"
27C,2022-04-23 05:08:00+00:00,2022-04-23 06:55:00+00:00,0.0,45000.0,"POLYGON ((-99.12689346270095 40.789171009253415, -97.84798004016862 40.456671218088836, -98.4131764734409 39.18198755793214, -99.58540500434296 39.25822327103064, -99.9365561048724 40.198162970143144, -99.12689346270095 40.789171009253415))"
26C,2022-04-23 05:08:00+00:00,2022-04-23 06:55:00+00:00,0.0,45000.0,"POLYGON ((-100.67 47.259106867209184, -100.16000000000001 43.72452417705442, -100.99171969689428 40.071971730078126, -103.34586329018525 39.85247164237417, -105.4054341393192 45.456463290643896, -100.67 47.259106867209184))"
23C,2022-04-23 05:08:00+00:00,2022-04-23 06:55:00+00:00,0.0,45000.0,"POLYGON ((-90.8024637202382 47.77978614018951, -88.05753627976183 47.77978614018951, -87.4 47.181844778681956, -86.72409394630843 45.87743446378586, -90.56522647936342 45.943024970049585, -90.8024637202382 47.77978614018951))"
24C,2022-04-23 05:08:00+00:00,2022-04-23 06:55:00+00:00,0.0,45000.0,"POLYGON ((-94.41564130418922 48.565621260248705, -93.32929106200719 47.11280257565062, -95.62756213014383 44.82184610149148, -100.16000000000001 43.72452417705442, -100.67 47.259106867209184, -94.41564130418922 48.565621260248705))"
3E,2022-04-23 05:55:00+00:00,2022-04-23 07:55:00+00:00,0.0,40000.0,"POLYGON ((-86.390451400189 45.63967442875844, -83.14300210867822 43.386555005261854, -83.11399558431837 41.74859954687106, -85.19 41.81184477868196, -89.02139687754266 45.50182622866622, -86.390451400189 45.63967442875844))"
29C,2022-04-23 05:55:00+00:00,2022-04-23 07:55:00+00:00,0.0,40000.0,"POLYGON ((-90.8024637202382 47.77978614018951, -88.05753627976183 47.77978614018951, -86.390451400189 45.63967442875844, -89.02139687754266 45.50182622866622, -91.6810416938016 47.15175449254182, -90.8024637202382 47.77978614018951))"
34C,2022-04-23 05:55:00+00:00,2022-04-23 07:55:00+00:00,0.0,45000.0,"POLYGON ((-98.06262923881218 44.02485811131984, -97.26490228280477 43.296049537978774, -97.85311115081055 42.7216298883494, -99.31321853246234 42.277308836700534, -99.64074369604437 43.18429236797235, -98.06262923881218 44.02485811131984))"
30C,2022-04-23 05:55:00+00:00,2022-04-23 07:55:00+00:00,0.0,45000.0,"POLYGON ((-94.41564130418922 48.565621260248705, -92.53130811347657 47.97842541245274, -92.7121947966217 46.445930440336504, -100.16 44.39, -100.67 46.76, -94.41564130418922 48.565621260248705))"
31C,2022-04-23 05:55:00+00:00,2022-04-23 07:55:00+00:00,0.0,45000.0,"POLYGON ((-100.59 40.2, -99.43883812855933 39.002652005620185, -101.64 36.12184477868196, -103.04787283734845 36.18277653225763, -102.48842663723661 39.641943189327925, -100.59 40.2))"
32C,2022-04-23 05:55:00+00:00,2022-04-23 07:55:00+00:00,0.0,45000.0,"POLYGON ((-100.67 46.76, -99.99 43.23547582294557, -100.59 40.2, -102.56851300763655 39.68782336505307, -105.4054341393192 45.456463290643896, -100.67 46.76))"
33C,2022-04-23 05:55:00+00:00,2022-04-23 07:55:00+00:00,0.0,45000.0,"POLYGON ((-97.90655545341703 41.379148816876324, -97.14386062456585 40.90211283545108, -97.51681698504989 40.192652318548085, -99.06541994897518 40.189999276115465, -99.12689346270095 40.789171009253415, -97.90655545341703 41.379148816876324))"
4E,2022-04-23 06:55:00+00:00,2022-04-23 08:55:00+00:00,0.0,42000.0,"POLYGON ((-84.98663702178524 45.93743028439526, -83.17689525893081 43.259090812815664, -83.11399558431837 41.74859954687106, -84.70600884582146 42.1990385536438, -87.4 45.68452417705443, -84.98663702178524 45.93743028439526))"
38C,2022-04-23 06:55:00+00:00,2022-04-23 08:55:00+00:00,0.0,45000.0,"POLYGON ((-103.20280319474928 47.5345580808571, -99.62598668782762 47.46114085615235, -99.28060743727315 40.670384692983895, -101.69 39.88910686720918, -103.86073813379072 43.72216869164239, -103.20280319474928 47.5345580808571))"
35C,2022-04-23 06:55:00+00:00,2022-04-23 08:55:00+00:00,0.0,45000.0,"POLYGON ((-88.90443888935958 47.815874276166795, -87.4 47.68095164589114, -84.98663702178524 45.93743028439526, -87.4 45.68452417705443, -91.15519154486695 47.501134210840206, -88.90443888935958 47.815874276166795))"
37C,2022-04-23 06:55:00+00:00,2022-04-23 08:55:00+00:00,0.0,45000.0,"POLYGON ((-99.28060743727315 40.670384692983895, -98.81188375670474 39.3059558370838, -101.64 34.79089313279082, -102.78582717129038 35.17727587432277, -101.69 39.88910686720918, -99.28060743727315 40.670384692983895))"
39C,2022-04-23 06:55:00+00:00,2022-04-23 08:55:00+00:00,0.0,43000.0,"POLYGON ((-98.37 44.42178626558165, -97.633296723603 43.90150155603103, -98.34131433376213 43.0842942227913, -99.34618156063723 43.038768635020475, -99.30337784539257 44.13212318423866, -98.37 44.42178626558165))"
36C,2022-04-23 06:55:00+00:00,2022-04-23 08:55:00+00:00,0.0,45000.0,"POLYGON ((-94.81418844400793 48.94351019465542, -91.53561335930212 47.874039444298504, -92.7121947966217 46.445930440336504, -99.51261719865124 44.579175522044686, -99.62598668782762 47.46114085615235, -94.81418844400793 48.94351019465542))"
5E,2022-04-23 07:55:00+00:00,2022-04-23 09:55:00+00:00,0.0,45000.0,"POLYGON ((-84.58469747163785 45.948554601355134, -83.17689525893081 43.259090812815664, -83.37 42.21, -84.37821842686344 42.49765640628639, -86.55691725449506 45.758675831711265, -84.58469747163785 45.948554601355134))"
41C,2022-04-23 07:55:00+00:00,2022-04-23 09:55:00+00:00,0.0,45000.0,"POLYGON ((-94.81418844400793 48.94351019465542, -92.0268620319486 48.179670495244444, -90.57516243616703 47.845953533032514, -98.61912307236867 43.63525564173576, -98.92846279115975 47.93688046526573, -94.81418844400793 48.94351019465542))"
40C,2022-04-23 07:55:00+00:00,2022-04-23 09:55:00+00:00,0.0,42000.0,"POLYGON ((-88.90443888935958 47.815874276166795, -87.4 47.68095164589114, -84.58469747163785 45.948554601355134, -86.55691725449506 45.758675831711265, -90.6452206207638 47.340036453426784, -88.90443888935958 47.815874276166795))"
43C,2022-04-23 07:55:00+00:00,2022-04-23 09:55:00+00:00,0.0,45000.0,"POLYGON ((-101.78978594201311 48.2589171360993, -98.92846279115975 47.93688046526573, -98.35 41.38, -101.02563363485118 40.19918353327284, -104.49395165000278 43.5246841604914, -101.78978594201311 48.2589171360993))"
42C,2022-04-23 07:55:00+00:00,2022-04-23 09:55:00+00:00,0.0,45000.0,"POLYGON ((-98.35 41.38, -97.90664456544833 39.463915342964654, -101.43765758019893 34.889132849055095, -102.7053043090371 34.76705842913415, -100.96855672872071 40.19938346625069, -98.35 41.38))"
45C,2022-04-23 08:55:00+00:00,2022-04-23 10:55:00+00:00,0.0,45000.0,"POLYGON ((-94.81418844400793 48.94351019465542, -92.0268620319486 48.179670495244444, -89.43 47.670893132790816, -95.2350403047895 46.34367045615628, -96.48098424475188 48.418395141551606, -94.81418844400793 48.94351019465542))"
46C,2022-04-23 08:55:00+00:00,2022-04-23 10:55:00+00:00,0.0,45000.0,"POLYGON ((-97.3307929444443 41.05715772183446, -97.90479130735451 38.364375545657055, -100.600825872801 34.98442748661664, -102.20359265238348 35.09769193820022, -99.64701644006055 41.04474182087237, -97.3307929444443 41.05715772183446))"
44C,2022-04-23 08:55:00+00:00,2022-04-23 10:55:00+00:00,0.0,42000.0,"POLYGON ((-88.7411750160574 47.97693676415664, -85.69889940844283 47.3428199567863, -84.12635694533748 46.10244270443589, -86.85572362014614 45.42646464493681, -90.97835432733909 47.61705584813174, -88.7411750160574 47.97693676415664))"
48C,2022-04-23 08:55:00+00:00,2022-04-23 10:55:00+00:00,0.0,43000.0,"POLYGON ((-98.76324061143544 44.38148854603074, -97.20394977310603 43.521882293116484, -101.09172274077874 39.579470101760336, -102.57834095835419 39.96744072484128, -103.13456699787683 42.50430486279821, -98.76324061143544 44.38148854603074))"
6E,2022-04-23 08:55:00+00:00,2022-04-23 10:55:00+00:00,0.0,44000.0,"POLYGON ((-84.1503012844385 46.142756211644624, -83.23428515876107 44.71702680299227, -83.79704032066203 43.73410603594787, -85.24165697186363 44.135318157637066, -86.92601341971903 45.54761413188113, -84.1503012844385 46.142756211644624))"
47C,2022-04-23 08:55:00+00:00,2022-04-23 10:55:00+00:00,0.0,45000.0,"POLYGON ((-96.57462101096387 48.35727426398067, -95.07717314074554 46.34522033055815, -96.78 44.37285469710448, -102.15200089376533 44.77250150994838, -101.94144794843385 48.25816020366013, -96.57462101096387 48.35727426398067))"
7E,2022-04-23 09:55:00+00:00,2022-04-23 11:55:00+00:00,0.0,41000.0,"POLYGON ((-84.12635694533748 46.10244270443589, -82.7254671145062 44.9186461508852, -83.03696003332122 43.83463307286783, -85.19565108252408 44.054628881073576, -86.85572362014614 45.42646464493681, -84.12635694533748 46.10244270443589))"
49C,2022-04-23 09:55:00+00:00,2022-04-23 11:55:00+00:00,0.0,40000.0,"POLYGON ((-88.7411750160574 47.97693676415664, -85.17239128495362 46.99498641907762, -84.12635694533748 46.10244270443589, -86.85572362014614 45.42646464493681, -90.6452206207638 47.340036453426784, -88.7411750160574 47.97693676415664))"
52C,2022-04-23 09:55:00+00:00,2022-04-23 11:55:00+00:00,0.0,45000.0,"POLYGON ((-96.60926018589824 48.87078472602418, -95.2350403047895 46.34367045615628, -98.37 44.92089313279083, -102.58483994101807 46.55244037390839, -103.19365545238571 48.76417787211155, -96.60926018589824 48.87078472602418))"
53C,2022-04-23 09:55:00+00:00,2022-04-23 11:55:00+00:00,0.0,40000.0,"POLYGON ((-97.06502844463122 45.03053598772278, -95.39555712812323 44.0085761517537, -102.08703768199727 39.261991406602476, -104.06139448932184 39.61745992378215, -103.48 42.55547582294557, -97.06502844463122 45.03053598772278))"
51C,2022-04-23 09:55:00+00:00,2022-04-23 11:55:00+00:00,0.0,45000.0,"POLYGON ((-98.35000000000001 41.213631044263614, -93.67791606279067 40.12490995083311, -96.85753987140639 39.51573339487693, -100.29 34.37, -101.64 35.12363104426361, -98.35000000000001 41.213631044263614))"
50C,2022-04-23 09:55:00+00:00,2022-04-23 11:55:00+00:00,0.0,45000.0,"POLYGON ((-94.62902253949797 48.8955465687096, -93.41 48.57, -92.2 47.08914187884179, -95.07717314074554 46.34522033055815, -96.57462101096387 48.35727426398067, -94.62902253949797 48.8955465687096))"
8E,2022-04-23 10:55:00+00:00,2022-04-23 12:55:00+00:00,0.0,45000.0,"POLYGON ((-84.98110982245025 46.599041882152996, -82.38913589582447 45.15150838271823, -82.53250624222913 44.192116471680194, -84.89365234452215 44.19754796151773, -86.390451400189 45.63967442875844, -84.98110982245025 46.599041882152996))"
58C,2022-04-23 10:55:00+00:00,2022-04-23 12:55:00+00:00,0.0,45000.0,"POLYGON ((-97.39897225214558 42.08195323227986, -96.44088287444356 38.54205367350181, -98.16703531414505 35.589676096180874, -100.8247224947678 35.28726475362841, -99.16617111677526 41.12244355606507, -97.39897225214558 42.08195323227986))"
54C,2022-04-23 10:55:00+00:00,2022-04-23 12:55:00+00:00,0.0,40000.0,"POLYGON ((-88.7411750160574 47.97693676415664, -84.98110982245025 46.599041882152996, -86.390451400189 45.63967442875844, -88.0759060536916 45.87743446378586, -90.6452206207638 47.340036453426784, -88.7411750160574 47.97693676415664))"
55C,2022-04-23 10:55:00+00:00,2022-04-23 12:55:00+00:00,0.0,45000.0,"POLYGON ((-94.81418844400793 48.94351019465542, -93.41 48.57, -92.2 47.631844778681966, -97.18496037833845 45.413872714911115, -99.31429199057227 47.134034883347056, -94.81418844400793 48.94351019465542))"
57C,2022-04-23 10:55:00+00:00,2022-04-23 12:55:00+00:00,0.0,45000.0,"POLYGON ((-96.30182597824066 45.826446468202796, -94.14326020207046 43.675340861728806, -102.28501107552755 39.19748270788722, -103.89376978819107 42.016591522952446, -96.30182597824066 45.826446468202796))"
56C,2022-04-23 10:55:00+00:00,2022-04-23 12:55:00+00:00,0.0,45000.0,"POLYGON ((-94.03580779305224 43.5989779043809, -93.3764046739856 41.64413067404069, -92.77658566042902 38.808679713445464, -95.4106854077131 38.26640286899794, -97.38569457019184 42.091590133027495, -94.03580779305224 43.5989779043809))"
9E,2022-04-23 11:55:00+00:00,2022-04-23 13:55:00+00:00,0.0,42000.0,"POLYGON ((-86.64502683533627 47.57719434121692, -82.38913589582447 45.15150838271823, -82.53250624222913 44.192116471680194, -84.03382745204125 44.2571878579974, -88.77542910986129 47.09217961516454, -86.64502683533627 47.57719434121692))"
60C,2022-04-23 11:55:00+00:00,2022-04-23 13:55:00+00:00,0.0,45000.0,"POLYGON ((-97.23 48.85178626558166, -94.81418844400793 48.94351019465542, -92.88034582589128 48.21585731742002, -94.39485496326783 45.73459580440702, -98.97028254245531 46.74741595367261, -97.23 48.85178626558166))"
61C,2022-04-23 11:55:00+00:00,2022-04-23 13:55:00+00:00,0.0,45000.0,"POLYGON ((-97.74305486813343 46.49184828535359, -94.39485496326783 45.73459580440702, -93.8160696945472 43.44189692972724, -93.20122149803207 39.65782507281647, -95.87956304061456 39.58470851718954, -97.74305486813343 46.49184828535359))"
62C,2022-04-23 11:55:00+00:00,2022-04-23 13:55:00+00:00,0.0,34000.0,"POLYGON ((-102.7051962950548 43.44532803444645, -100.77520753971625 42.56731938819288, -100.0439415521218 40.82654175010299, -100.93917172218462 40.08882520536087, -103.839463257554 42.00008989080427, -102.7051962950548 43.44532803444645))"
63C,2022-04-23 11:55:00+00:00,2022-04-23 13:55:00+00:00,0.0,45000.0,"POLYGON ((-97.5247663580949 41.99043077554481, -96.3543006434302 39.932777965445695, -97.71943843423352 37.48278547145348, -99.55105937763527 37.52683131623125, -98.35000000000001 41.81371281826269, -97.5247663580949 41.99043077554481))"
59C,2022-04-23 11:55:00+00:00,2022-04-23 13:55:00+00:00,0.0,30000.0,"POLYGON ((-97.61182614301103 45.19618580037367, -97.16661880992378 44.31718382481962, -98.37 44.40800342405374, -98.68233655194383 44.885307156704975, -98.2130991306555 45.15275998966956, -97.61182614301103 45.19618580037367))"
65C,2022-04-23 12:55:00+00:00,2022-04-23 14:55:00+00:00,0.0,45000.0,"POLYGON ((-97.74305486813343 46.49184828535359, -93.66514503673217 45.73459580440702, -92.30188155505861 38.963676329022434, -93.55492818599889 38.90197705906824, -96.26000840016421 42.72658098799276, -97.74305486813343 46.49184828535359))"
67C,2022-04-23 12:55:00+00:00,2022-04-23 14:55:00+00:00,0.0,45000.0,"POLYGON ((-96.52848044054174 41.755528343081274, -94.65960644222271 40.34143270928808, -96.35670613636886 35.319203887459075, -98.54777952768227 37.42770268714906, -96.52848044054174 41.755528343081274))"
64C,2022-04-23 12:55:00+00:00,2022-04-23 14:55:00+00:00,0.0,45000.0,"POLYGON ((-97.23 48.85178626558166, -94.81418844400793 48.94351019465542, -92.88034582589128 48.21585731742002, -93.66514503673217 45.73459580440702, -97.74305486813343 46.49184828535359, -97.23 48.85178626558166))"
10E,2022-04-23 12:55:00+00:00,2022-04-23 14:55:00+00:00,0.0,41000.0,"POLYGON ((-84.2299559343747 46.276405898256584, -82.52166304294595 45.060095877470594, -82.25807754745759 44.060475235406955, -84.97093290647811 45.07745218571421, -84.2299559343747 46.276405898256584))"
68C,2022-04-23 12:55:00+00:00,2022-04-23 14:55:00+00:00,0.0,33000.0,"POLYGON ((-99.51843292658297 45.74621787165529, -97.79745188554995 45.58454734375543, -97.16661880992378 44.31718382481962, -99.43841778651156 44.89887707258796, -99.51843292658297 45.74621787165529))"
66C,2022-04-23 12:55:00+00:00,2022-04-23 14:55:00+00:00,0.0,34000.0,"POLYGON ((-102.58599629904218 43.672532196141944, -100.21732756600393 41.21475013720565, -100.53124345002195 40.649094081985616, -103.18021054298234 42.42387661877169, -102.58599629904218 43.672532196141944))"
72C,2022-04-23 13:55:00+00:00,2022-04-23 15:55:00+00:00,0.0,45000.0,"POLYGON ((-96.83039354548018 40.66891277203669, -94.40802657896914 39.90435025851825, -95.93574456024058 35.1573105992013, -97.03296468585495 35.589676096180874, -98.21122028611987 37.748316836329714, -96.83039354548018 40.66891277203669))"
69C,2022-04-23 13:55:00+00:00,2022-04-23 15:55:00+00:00,0.0,45000.0,"POLYGON ((-97.23 48.85178626558166, -94.81418844400793 48.94351019465542, -92.53130811347657 47.97842541245274, -93.24 45.70184477868195, -96.71105971434771 45.407991349081534, -97.23 48.85178626558166))"
70C,2022-04-23 13:55:00+00:00,2022-04-23 15:55:00+00:00,0.0,45000.0,"POLYGON ((-93.24 45.70184477868195, -92.11804654047599 43.43759719505548, -92.83308159211464 41.18243746310314, -95.32886974048144 42.286959382729094, -96.71105971434771 45.407991349081534, -93.24 45.70184477868195))"
11E,2022-04-23 13:55:00+00:00,2022-04-23 15:55:00+00:00,0.0,38000.0,"POLYGON ((-83.285595170169 45.68979534835561, -82.52166304294595 45.060095877470594, -82.63875648016909 44.668843605363556, -83.39 44.88371281826268, -83.285595170169 45.68979534835561))"
71C,2022-04-23 13:55:00+00:00,2022-04-23 15:55:00+00:00,0.0,34000.0,"POLYGON ((-102.4547104702139 43.81267830185986, -99.99 41.99171624231642, -100.75 41.33914187884179, -103.01 43.112574363474636, -102.4547104702139 43.81267830185986))"
73C,2022-04-23 13:55:00+00:00,2022-04-23 15:55:00+00:00,0.0,30000.0,"POLYGON ((-97.81965669531556 46.46926562414684, -97.54615064910735 45.41703870547806, -98.94838093044602 45.00962502780518, -99.50740746151523 46.422138261592316, -97.81965669531556 46.46926562414684))"
74C,2022-04-23 14:55:00+00:00,2022-04-23 16:55:00+00:00,0.0,45000.0,"POLYGON ((-95.97429204663038 49.019646063340396, -95.05024177980495 49.00409306069488, -92.25591007909969 48.245873018666664, -92.34411811391274 44.64206568747065, -95.7663093790772 45.544189428504374, -95.97429204663038 49.019646063340396))"
78C,2022-04-23 14:55:00+00:00,2022-04-23 16:55:00+00:00,0.0,28000.0,"POLYGON ((-97.33561287903177 46.748972947506594, -97.21749613223055 46.13458763571061, -98.87596844980204 45.77180967675428, -99.38833986733876 46.121357814829885, -97.33561287903177 46.748972947506594))"
77C,2022-04-23 14:55:00+00:00,2022-04-23 16:55:00+00:00,0.0,45000.0,"POLYGON ((-94.65755698728478 39.443675835506966, -93.9042144296635 38.07754216105279, -95.79 35.86726208852722, -96.54941467286189 35.942931889211366, -94.65755698728478 39.443675835506966))"
75C,2022-04-23 14:55:00+00:00,2022-04-23 16:55:00+00:00,0.0,43000.0,"POLYGON ((-91.47 43.57726208852722, -92.83308159211464 41.18243746310314, -94.17538575099965 43.3415630812124, -91.47 43.57726208852722))"
76C,2022-04-23 14:55:00+00:00,2022-04-23 16:55:00+00:00,0.0,32000.0,"POLYGON ((-102.03050681621748 44.545312178904794, -99.99 42.85914187884178, -100.53264361753793 42.40274300582307, -102.62983778780102 43.311534639531004, -102.03050681621748 44.545312178904794))"
HOTEL 1,2022-04-23 15:15:00+00:00,2022-04-23 19:15:00+00:00,0.0,52000.0,"POLYGON ((-122 7.45, -120.15 4.45, -128.3 3.3, -135.45 3.3, -134.3 6, -122 7.45))"
82C,2022-04-23 15:55:00+00:00,2022-04-23 17:55:00+00:00,0.0,30000.0,"POLYGON ((-98.07830735058332 48.534806758681164, -96.85 47.249106867209186, -98.97028254245531 46.74741595367261, -99.1767117426453 47.932865127228716, -98.07830735058332 48.534806758681164))"
81C,2022-04-23 15:55:00+00:00,2022-04-23 17:55:00+00:00,0.0,45000.0,"POLYGON ((-93.89547060341522 40.122670506580974, -92.61379952498703 38.682005218409664, -94.96535003331196 36.19717157515946, -96.08244449847155 36.43492594033711, -93.89547060341522 40.122670506580974))"
79C,2022-04-23 15:55:00+00:00,2022-04-23 17:55:00+00:00,0.0,45000.0,"POLYGON ((-95.05024177980495 49.00409306069488, -90.8024637202382 47.77978614018951, -91.29926927820911 45.20726773387885, -95.3567007788968 45.96029077467616, -95.05024177980495 49.00409306069488))"
80C,2022-04-23 15:55:00+00:00,2022-04-23 17:55:00+00:00,0.0,41000.0,"POLYGON ((-93.81290614809413 44.4596527849349, -91.31571806429935 44.177028778855544, -91.26736843990398 42.807563744734104, -92.95527967809457 42.42155394906995, -93.81290614809413 44.4596527849349))"
86C,2022-04-23 16:55:00+00:00,2022-04-23 18:55:00+00:00,0.0,41000.0,"POLYGON ((-91.39035796797353 44.74626000271935, -92.07506109952874 42.70111697496717, -93.00905382649196 42.85426925104558, -93.24 44.53726208852721, -91.39035796797353 44.74626000271935))"
84C,2022-04-23 16:55:00+00:00,2022-04-23 18:55:00+00:00,0.0,40000.0,"POLYGON ((-97.23 48.85178626558166, -97.00101031206006 47.642434564792055, -98.97028254245531 46.74741595367261, -99.18903541037243 48.81401822500344, -97.23 48.85178626558166))"
85C,2022-04-23 16:55:00+00:00,2022-04-23 18:55:00+00:00,0.0,40000.0,"POLYGON ((-98.46095334725194 45.57366884789426, -96.35424886431622 43.77654430776038, -96.78 43.4836310442636, -99.24196908728979 45.16200601307713, -98.46095334725194 45.57366884789426))"
88C,2022-04-23 16:55:00+00:00,2022-04-23 18:55:00+00:00,0.0,32000.0,"POLYGON ((-99.33337519774828 46.37018004402795, -98.8298090472111 46.187610543353436, -100.16000000000001 45.388213734418365, -100.67 45.92815522131804, -99.33337519774828 46.37018004402795))"
83C,2022-04-23 16:55:00+00:00,2022-04-23 18:55:00+00:00,0.0,43000.0,"POLYGON ((-94.83372248372685 48.94854746850305, -90.33881304932575 47.5530243416556, -90.84406140001329 46.4046779744516, -95.3219133444181 47.375148589307905, -94.83372248372685 48.94854746850305))"
89C,2022-04-23 16:55:00+00:00,2022-04-23 18:55:00+00:00,0.0,37000.0,"POLYGON ((-94.19661546237676 43.36119170917125, -93.65116091692222 43.36119170917125, -93.65116091692222 42.815737163716705, -94.19661546237676 42.815737163716705, -94.19661546237676 43.36119170917125))"
87C,2022-04-23 16:55:00+00:00,2022-04-23 18:55:00+00:00,0.0,32000.0,"POLYGON ((-100.3418181818182 43.99353442413461, -99.97818181818182 43.99353442413461, -99.97818181818182 43.62989806049825, -100.3418181818182 43.62989806049825, -100.3418181818182 43.99353442413461))"
95C,2022-04-23 17:55:00+00:00,2022-04-23 19:55:00+00:00,0.0,36000.0,"POLYGON ((-92.65850068521723 46.03055104098116, -90.64102065695968 45.48515279829484, -90.8311873778428 44.707159228286365, -91.89761481927533 44.03653709829347, -93.24 44.038155221318036, -92.65850068521723 46.03055104098116))"
90C,2022-04-23 17:55:00+00:00,2022-04-23 19:55:00+00:00,0.0,40000.0,"POLYGON ((-95.05024177980495 49.00409306069488, -91.43845866903683 48.02715493620668, -89.71384251635831 47.70853370356521, -90.20479094876423 46.85725600150003, -95.02 48.41184477868197, -95.05024177980495 49.00409306069488))"
92C,2022-04-23 17:55:00+00:00,2022-04-23 19:55:00+00:00,0.0,39000.0,"POLYGON ((-99.21303915744222 46.75075420740385, -96.94799770918303 45.411176988259584, -96.78 44.48184477868197, -100.21183078048578 45.990552320799345, -99.21303915744222 46.75075420740385))"
91C,2022-04-23 17:55:00+00:00,2022-04-23 19:55:00+00:00,0.0,40000.0,"POLYGON ((-98.47720980962217 49.02540690978021, -97.23 48.98257436347465, -96.97415180102166 47.94979778714151, -98.05335901641654 47.946764714949715, -98.47720980962217 49.02540690978021))"
93C,2022-04-23 17:55:00+00:00,2022-04-23 19:55:00+00:00,0.0,30000.0,"POLYGON ((-99.9576886358096 44.389821449797694, -99.59174542281774 43.9796765853063, -100.44663406194758 43.370497401971235, -101.009436392645 43.773468459733124, -99.9576886358096 44.389821449797694))"
94C,2022-04-23 17:55:00+00:00,2022-04-23 19:55:00+00:00,0.0,34000.0,"POLYGON ((-99.8869210094269 46.97863668705944, -99.40389782319906 46.75301810385542, -100.98960023401088 45.58882168608191, -101.06886919644906 46.09147045994645, -99.8869210094269 46.97863668705944))"
97C,2022-04-23 18:55:00+00:00,2022-04-23 20:55:00+00:00,0.0,42000.0,"POLYGON ((-99.44928781501272 47.577064933170746, -96.12313828501595 45.51802367840598, -96.71105971434771 45.407991349081534, -100.85481979822666 46.45244089512704, -99.44928781501272 47.577064933170746))"
96C,2022-04-23 18:55:00+00:00,2022-04-23 20:55:00+00:00,0.0,39000.0,"POLYGON ((-97.81138514275473 48.926296066270524, -96.64861485724528 48.926296066270524, -96.80518554792164 48.56418240086185, -97.67247859493604 48.71752508446327, -97.81138514275473 48.926296066270524))"
98C,2022-04-23 18:55:00+00:00,2022-04-23 20:55:00+00:00,0.0,32000.0,"POLYGON ((-99.61683400189175 45.31095565118491, -98.10008285061079 44.95856578086203, -100.62562658283538 44.389054200508006, -99.61683400189175 45.31095565118491))"
99C,2022-04-23 18:55:00+00:00,2022-04-23 20:55:00+00:00,0.0,45000.0,"POLYGON ((-92.2 45.932574363474636, -90.49364198972847 45.625339022849886, -90.72866070947248 44.676230915351475, -92.03371717250455 43.49970000394106, -93.4821813072569 43.357031711098145, -92.2 45.932574363474636))"
01C,2022-04-23 18:55:00+00:00,2022-04-23 20:55:00+00:00,0.0,30000.0,"POLYGON ((-97.62 38.93, -97.40783683179812 38.529109064753335, -98.08790644363214 37.914886043485225, -97.62 38.93))"
HOTEL 2,2022-04-23 19:15:00+00:00,2022-04-23 23:15:00+00:00,0.0,52000.0,"POLYGON ((-122 7.45, -120.3 4.45, -126.45 3.3, -133 3.3, -133.15 6, -122 7.45))"
02C,2022-04-23 20:07:00+00:00,2022-04-23 21:55:00+00:00,0.0,44000.0,"POLYGON ((-98.34446700191526 48.26257424381014, -96.62540847341705 46.813447144126606, -96.21223595222033 45.672269892919324, -101.78518979619773 46.436227754745985, -99.9151547926099 47.86976027587663, -98.34446700191526 48.26257424381014))"
05C,2022-04-23 20:07:00+00:00,2022-04-23 21:55:00+00:00,0.0,45000.0,"POLYGON ((-94.11823770129733 41.0861259439731, -93.65 40.94089313279082, -94.32849503136146 37.96247935218371, -94.91381257618639 38.26923779493943, -94.11823770129733 41.0861259439731))"
03C,2022-04-23 20:07:00+00:00,2022-04-23 21:55:00+00:00,0.0,33000.0,"POLYGON ((-100.12172747863647 45.83644601044437, -98.55240569057925 45.727265122967516, -100.59112216418418 44.516523620712086, -100.12172747863647 45.83644601044437))"
04C,2022-04-23 20:07:00+00:00,2022-04-23 21:55:00+00:00,0.0,45000.0,"POLYGON ((-92.8049498061613 45.175858371062084, -91.63694015718038 45.16702512806247, -91.70194753980503 44.31046483861515, -92.66709385190588 44.4596527849349, -92.8049498061613 45.175858371062084))"
06C,2022-04-23 20:07:00+00:00,2022-04-23 21:55:00+00:00,0.0,30000.0,"POLYGON ((-96.74215651234938 39.78986939578422, -96.42602877245837 39.79910019985046, -97.40783683179812 38.529109064753335, -97.76170631862954 38.66278192047909, -96.74215651234938 39.78986939578422))"
07C,2022-04-23 20:07:00+00:00,2022-04-23 21:55:00+00:00,0.0,45000.0,"POLYGON ((-94.96146632160104 38.0192166589835, -94.79650468247335 37.906134133294024, -95.70751918043617 36.57717155541795, -95.87248081956385 36.690254081107426, -94.96146632160104 38.0192166589835))"
11C,2022-04-23 20:55:00+00:00,2022-04-23 22:55:00+00:00,,,"POLYGON ((-93.04897386936845 44.793059847123075, -94.28842500785774 39.247909472574065, -95.69903353861962 36.15846564188616, -93.01990028811615 42.89910981776276, -94.28492633928201 39.256636221473386, -92.84976267351927 44.77531444072203, -93.01475982014767 42.92304472377676, -95.8809664613804 36.241534358113846, -94.47035793061852 39.33097818880175, -94.47385659919425 39.32225143990243, -93.20883054802839 42.96472503619181, -93.21397101599686 42.94079013017781, -93.04897386936845 44.793059847123075))"
10C,2022-04-23 20:55:00+00:00,2022-04-23 22:55:00+00:00,0.0,45000.0,"POLYGON ((-90.4822428362452 46.33132451987672, -89.46 45.63, -92.90936603147574 44.63424048677371, -92.96831463286006 45.33079427780004, -90.4822428362452 46.33132451987672))"
12C,2022-04-23 20:55:00+00:00,2022-04-23 22:55:00+00:00,0.0,38000.0,"POLYGON ((-94.70683342072239 42.481910283524115, -96.12307654685264 38.92044066113545, -96.97841432909453 38.92824405714463, -95.74 42.16821373441836, -94.70683342072239 42.481910283524115))"
08C,2022-04-23 20:55:00+00:00,2022-04-23 22:55:00+00:00,0.0,41000.0,"POLYGON ((-97.81138514275473 48.926296066270524, -95.48510724626902 46.810525707394966, -95.03954859981103 45.63967442875844, -98.92331005003258 46.34090850610287, -100.3619185720579 48.510946119355026, -97.81138514275473 48.926296066270524))"
09C,2022-04-23 20:55:00+00:00,2022-04-23 22:55:00+00:00,0.0,34000.0,"POLYGON ((-100.48403808090364 48.47849251551962, -98.84976192745418 46.220402345393104, -99.72857117528795 44.69587209274415, -102.77 46.570858121158196, -100.48403808090364 48.47849251551962))"
10W,2022-04-23 20:55:00+00:00,2022-04-23 22:55:00+00:00,0.0,25000.0,"POLYGON ((-108.25086351515344 40.51610294207374, -106.49113639409043 39.74600166775521, -107.43327188691691 38.75602531899487, -109.30725220485701 39.224833630200656, -108.25086351515344 40.51610294207374))"
16C,2022-04-23 21:55:00+00:00,2022-04-23 23:55:00+00:00,,,"POLYGON ((-91.8039122439296 41.786979034720346, -94.26679765364861 38.56718745480386, -94.27231829753798 38.55919344959989, -95.2047021713935 37.05802476074642, -94.1079425591827 38.44567589583836, -91.6450571494637 41.66546747575485, -95.03480578914886 36.952501212188864, -94.10242191529333 38.45366990104233, -91.8039122439296 41.786979034720346))"
17C,2022-04-23 21:55:00+00:00,2022-04-23 23:55:00+00:00,0.0,42000.0,"POLYGON ((-94.9681392226799 42.60800036434947, -94.26691465981435 41.629354886643505, -96.4076313962207 38.12620694403504, -97.025648140284 39.11949501442071, -94.9681392226799 42.60800036434947))"
15C,2022-04-23 21:55:00+00:00,2022-04-23 23:55:00+00:00,0.0,45000.0,"POLYGON ((-89.43 47.670893132790816, -88.60993681433706 46.215073506095024, -92.41877655881413 43.086384922067914, -92.48886030641775 45.601439179258485, -89.43 47.670893132790816))"
14C,2022-04-23 21:55:00+00:00,2022-04-23 23:55:00+00:00,0.0,38000.0,"POLYGON ((-100.03284974959872 49.076714383174505, -99.21303915744222 46.75075420740385, -100.52017395916542 45.00425750388746, -102.3214959537671 46.73178937909735, -100.03284974959872 49.076714383174505))"
18C,2022-04-23 21:55:00+00:00,2022-04-23 23:55:00+00:00,0.0,29000.0,"POLYGON ((-103.09942124279428 38.96781701377206, -102.08731086663174 38.669026645638255, -102.3915692122941 37.96434050041459, -103.82655157074204 38.75902166027757, -103.09942124279428 38.96781701377206))"
13C,2022-04-23 21:55:00+00:00,2022-04-23 23:55:00+00:00,0.0,41000.0,"POLYGON ((-97.23 49.018155221318054, -96.33152926784989 47.10175654157239, -97.12639772557695 46.28855066957343, -99.21303915744222 46.75075420740385, -100.03284974959872 49.076714383174505, -97.23 49.018155221318054))"
11W,2022-04-23 21:55:00+00:00,2022-04-23 23:55:00+00:00,0.0,25000.0,"POLYGON ((-108.79000000000002 40.05821373441835, -106.2945649557237 39.247480009835776, -107.64480671445996 38.919012766282215, -109.58464801686344 39.31197507819613, -108.79000000000002 40.05821373441835))"
19C,2022-04-23 22:55:00+00:00,2022-04-24 00:55:00+00:00,0.0,43000.0,"POLYGON ((-97.81138514275473 48.926296066270524, -95.28686785736836 49.06419323967243, -94.36940200277765 46.114215193864034, -96.50810815900726 46.5142081244558, -98.92846279115975 47.93688046526573, -97.81138514275473 48.926296066270524))"
25C,2022-04-23 22:55:00+00:00,2022-04-24 00:55:00+00:00,0.0,45000.0,"POLYGON ((-97.33993010486647 37.28864125353105, -96.67267305207153 36.902614605610786, -98.43586743171042 34.297313743428504, -99.33373973754031 34.242430858091616, -97.33993010486647 37.28864125353105))"
20C,2022-04-23 22:55:00+00:00,2022-04-24 00:55:00+00:00,0.0,38000.0,"POLYGON ((-97.81138514275473 48.926296066270524, -98.92846279115975 47.93688046526573, -100.19857089591542 47.527566306781694, -101.77547738840603 49.02751402513396, -97.81138514275473 48.926296066270524))"
21C,2022-04-23 22:55:00+00:00,2022-04-24 00:55:00+00:00,0.0,45000.0,"POLYGON ((-89.43 47.670893132790816, -88.5198571397951 46.662889249355835, -91.6607307217909 45.20726773387885, -91.6878052033783 46.445930440336504, -89.43 47.670893132790816))"
23C,2022-04-23 22:55:00+00:00,2022-04-24 00:55:00+00:00,0.0,45000.0,"POLYGON ((-93.35409394630842 45.87743446378586, -93.06128383400089 44.562450401607215, -93.98653731642716 40.824687516519965, -96.9983263526517 37.55756914692275, -97.41828600053661 38.05729947938742, -93.35409394630842 45.87743446378586))"
24C,2022-04-23 22:55:00+00:00,2022-04-24 00:55:00+00:00,0.0,24000.0,"POLYGON ((-103.18 39.328155221318035, -102.29479694641607 38.917866735622994, -102.85271954645984 38.50729767587208, -103.44655746569246 38.604236742272775, -103.18 39.328155221318035))"
12W,2022-04-23 22:55:00+00:00,2022-04-24 00:55:00+00:00,0.0,25000.0,"POLYGON ((-108.79000000000002 40.05821373441835, -106.2945649557237 39.247480009835776, -107.64480671445996 38.919012766282215, -109.58464801686344 39.31197507819613, -108.79000000000002 40.05821373441835))"
HOTEL 3,2022-04-23 22:55:00+00:00,2022-04-24 02:55:00+00:00,0.0,53000.0,"POLYGON ((-120.05 8, -120.25 3.4, -131.05 3.35, -131.1 6.15, -120.05 8))"
22C,2022-04-23 22:55:00+00:00,2022-04-24 00:55:00+00:00,0.0,45000.0,"POLYGON ((-91.34305566730752 42.610275818703734, -91.16504461414779 42.51910529192583, -93.74623400858623 37.4793160228774, -93.92424506174596 37.5704865496553, -91.34305566730752 42.610275818703734))"
31C,2022-04-23 23:55:00+00:00,2022-04-24 01:55:00+00:00,0.0,39000.0,"POLYGON ((-97.81138514275473 48.926296066270524, -94.3160925893503 48.048423266346695, -94.03 46.682737911472785, -97.47265151736083 47.488536391843574, -100.21495089866578 48.960884473654744, -97.81138514275473 48.926296066270524))"
30C,2022-04-23 23:55:00+00:00,2022-04-24 01:55:00+00:00,0.0,45000.0,"POLYGON ((-96.73838287729184 37.74700775021389, -95.94386493464518 37.74588626897627, -96.61464996668805 36.19717157515946, -98.87298439712576 33.75439460339153, -100.24063157400094 33.24795255537649, -96.73838287729184 37.74700775021389))"
27C,2022-04-23 23:55:00+00:00,2022-04-24 01:55:00+00:00,0.0,38000.0,"POLYGON ((-92.87120882744792 46.60703322818255, -92.79672352213936 44.10061077371012, -94.05894999782589 44.146644230772594, -93.84655648450958 46.04244301229528, -92.87120882744792 46.60703322818255))"
29C,2022-04-23 23:55:00+00:00,2022-04-24 01:55:00+00:00,0.0,45000.0,"POLYGON ((-92.79672352213936 44.10061077371012, -92.82664557032894 41.69173797836738, -95.94386493464518 37.74588626897627, -97.15918293091518 37.74925191990318, -93.84615886922143 44.08077838197554, -92.79672352213936 44.10061077371012))"
26C,2022-04-23 23:55:00+00:00,2022-04-24 01:55:00+00:00,0.0,45000.0,"POLYGON ((-88.18282124250165 48.16325393521218, -87.4 47.847320601627544, -87.58551867732474 46.65726032989205, -91.0839907891358 46.47622017268032, -91.43845866903683 48.02715493620668, -88.18282124250165 48.16325393521218))"
28C,2022-04-23 23:55:00+00:00,2022-04-24 01:55:00+00:00,0.0,45000.0,"POLYGON ((-91.07803254079703 42.6471678066944, -90.89751275047276 42.561071318372996, -93.49626904367584 37.112220264173686, -93.6767888340001 37.19831675249509, -91.07803254079703 42.6471678066944))"
6C,2022-04-24 01:14:00+00:00,2022-04-24 02:55:00+00:00,0.0,38000.0,"POLYGON ((-97.23 49.018155221318054, -94.11457600183326 48.097273481534685, -94.11300950337245 47.32174589486951, -97.19 47.95, -100.21495089866578 48.960884473654744, -97.23 49.018155221318054))"
7C,2022-04-24 01:14:00+00:00,2022-04-24 02:55:00+00:00,0.0,38000.0,"POLYGON ((-90.91594909471894 44.73263441563348, -89.99053804203344 43.95046777056249, -90.16882033440295 42.23275060954026, -91.25117966559704 42.23275060954026, -90.91594909471894 44.73263441563348))"
3C,2022-04-24 01:14:00+00:00,2022-04-24 02:55:00+00:00,0.0,45000.0,"POLYGON ((-92.30429421158331 38.863800426518274, -92.13570578841669 38.75619957348173, -93.24570578841669 37.01705769463994, -93.41429421158331 37.12465854767648, -92.30429421158331 38.863800426518274))"
5C,2022-04-24 01:14:00+00:00,2022-04-24 02:55:00+00:00,0.0,45000.0,"POLYGON ((-95.36042917512835 37.46730181069597, -96.35670613636886 35.319203887459075, -99.47936842599904 33.24795255537649, -100.29 33.70452417705443, -96.69572237042755 37.040839353198294, -95.36042917512835 37.46730181069597))"
4C,2022-04-24 01:14:00+00:00,2022-04-24 02:55:00+00:00,0.0,45000.0,"POLYGON ((-92.32704821407437 44.16147259634377, -92.43438044988316 41.77172970806075, -93.20974347532565 40.59891687122309, -94.81230774942601 40.46041230537348, -93.68327647786064 44.10061077371012, -92.32704821407437 44.16147259634377))"
2C,2022-04-24 01:14:00+00:00,2022-04-24 02:55:00+00:00,0.0,38000.0,"POLYGON ((-92.65013136093893 46.926452409036514, -92.32704821407437 44.16147259634377, -93.68327647786064 44.10061077371012, -93.69059799722235 46.114215193864034, -92.65013136093893 46.926452409036514))"
1C,2022-04-24 01:14:00+00:00,2022-04-24 02:55:00+00:00,0.0,45000.0,"POLYGON ((-88.18282124250165 48.16325393521218, -86.5481759277094 47.73023819407241, -87.58551867732474 46.65726032989205, -90.6452206207638 47.340036453426784, -90.17834925045089 48.167571287151894, -88.18282124250165 48.16325393521218))"
8C,2022-04-24 01:14:00+00:00,2022-04-24 02:55:00+00:00,0.0,45000.0,"POLYGON ((-93.20974347532565 40.59891687122309, -94.34352731848941 39.16199380415305, -96.45246684574691 37.15340977489635, -97.28148558957973 37.984905333503725, -94.81230774942601 40.46041230537348, -93.20974347532565 40.59891687122309))"
9C,2022-04-24 01:14:00+00:00,2022-04-24 02:55:00+00:00,0.0,37000.0,"POLYGON ((-95.7598773462235 47.57762104104076, -94.67276872077458 47.3441931174548, -94.51204737894182 46.34898720878785, -94.99405903323921 46.34594898189536, -95.7598773462235 47.57762104104076))"
14C,2022-04-24 01:55:00+00:00,2022-04-24 03:55:00+00:00,0.0,45000.0,"POLYGON ((-95.40937481249108 37.56051465097644, -95.06164672940815 36.89278720502112, -96.10595025367992 34.96021520741663, -99.3928309392349 33.710766048020446, -100.1563707371147 34.10279505824716, -95.40937481249108 37.56051465097644))"
11C,2022-04-24 01:55:00+00:00,2022-04-24 03:55:00+00:00,0.0,32000.0,"POLYGON ((-95.80296014768005 48.323694102740454, -94.3160925893503 48.048423266346695, -93.66514503673217 45.73459580440702, -94.330376308472 45.183164459063576, -95.80296014768005 48.323694102740454))"
12C,2022-04-24 01:55:00+00:00,2022-04-24 03:55:00+00:00,0.0,43000.0,"POLYGON ((-92.32704821407437 44.16147259634377, -92.0839500685966 41.871952010324634, -93.20974347532565 40.59891687122309, -94.81230774942601 40.46041230537348, -93.68327647786064 44.10061077371012, -92.32704821407437 44.16147259634377))"
10C,2022-04-24 01:55:00+00:00,2022-04-24 03:55:00+00:00,0.0,35000.0,"POLYGON ((-92.2 47.465475822945564, -92.32704821407437 44.16147259634377, -93.68327647786064 44.10061077371012, -93.06875135139347 47.384941917276706, -92.2 47.465475822945564))"
13C,2022-04-24 01:55:00+00:00,2022-04-24 03:55:00+00:00,0.0,45000.0,"POLYGON ((-93.20974347532565 40.59891687122309, -93.94850240249657 39.03264914438195, -95.46458859567758 37.94762798906191, -97.28148558957973 37.984905333503725, -94.81230774942601 40.46041230537348, -93.20974347532565 40.59891687122309))"
17C,2022-04-24 03:17:00+00:00,2022-04-24 04:55:00+00:00,0.0,33000.0,"POLYGON ((-93.24 44.5808581211582, -91.04210297223413 44.21588558881314, -91.25405014072766 42.56469055531478, -92.59 40.56371281826269, -94.0152609530939 40.77158834108658, -93.24 44.5808581211582))"
18C,2022-04-24 03:17:00+00:00,2022-04-24 04:55:00+00:00,0.0,41000.0,"POLYGON ((-94.06969475160663 40.67070790644474, -92.59 40.62910686720918, -93.04920408982481 39.77616884107525, -95.0757855703365 38.07754216105279, -97.33691935874988 38.210865711364015, -94.06969475160663 40.67070790644474))"
20C,2022-04-24 03:17:00+00:00,2022-04-24 04:55:00+00:00,0.0,36000.0,"POLYGON ((-87.86778457966163 47.11758007775863, -87.05766338711264 46.58477197865612, -87.4 45.85089313279083, -88.06569931133264 46.15706385230344, -87.86778457966163 47.11758007775863))"
19C,2022-04-24 03:17:00+00:00,2022-04-24 04:55:00+00:00,0.0,45000.0,"POLYGON ((-95.64491916119842 37.51209190571716, -94.57373928200809 37.1583523586101, -95.34809359777 35.20215949653443, -99.51342413560543 33.6682140965486, -99.68532905472999 34.36851321096221, -95.64491916119842 37.51209190571716))"
16C,2022-04-24 03:17:00+00:00,2022-04-24 04:55:00+00:00,0.0,31000.0,"POLYGON ((-95.79834144547387 48.89992915975619, -94.16425002566397 48.567536900123855, -93.69059799722235 46.114215193864034, -94.51204737894182 46.34898720878785, -95.79834144547387 48.89992915975619))"
15C,2022-04-24 03:17:00+00:00,2022-04-24 04:55:00+00:00,0.0,30000.0,"POLYGON ((-92.88034582589128 48.21585731742002, -91.57054554093321 48.04590618581559, -90.97720087948173 44.26186701468672, -93.24 44.53726208852721, -92.88034582589128 48.21585731742002))"
27C,2022-04-24 03:58:00+00:00,2022-04-24 05:55:00+00:00,0.0,38000.0,"POLYGON ((-91.6146625441865 38.64908122018829, -91.45833755102674 38.52433148466311, -93.32477250197621 36.18548539643725, -93.48109749513597 36.310235131962436, -91.6146625441865 38.64908122018829))"
23C,2022-04-24 03:58:00+00:00,2022-04-24 05:55:00+00:00,0.0,32000.0,"POLYGON ((-89.89617474366992 45.32248572570233, -89.52946195796656 43.95046777056249, -90.71 42.4, -92.05194892276667 40.537667401954664, -94.0152609530939 40.77158834108658, -89.89617474366992 45.32248572570233))"
22C,2022-04-24 03:58:00+00:00,2022-04-24 05:55:00+00:00,0.0,31000.0,"POLYGON ((-94.85920313622685 49.50215796352342, -93.91284242158166 48.56890527028658, -93.32929106200719 47.11280257565062, -94.50031622701702 47.22589881921179, -95.75884472109179 48.882353803395944, -94.85920313622685 49.50215796352342))"
26C,2022-04-24 03:58:00+00:00,2022-04-24 05:55:00+00:00,0.0,43000.0,"POLYGON ((-88.43222549880115 48.16568238901714, -86.71235530808963 46.81851393784562, -87.76485496326784 45.73459580440702, -90.31006318566294 46.215073506095024, -89.88979120946298 48.04174823732892, -88.43222549880115 48.16568238901714))"
24C,2022-04-24 03:58:00+00:00,2022-04-24 05:55:00+00:00,0.0,40000.0,"POLYGON ((-94.06969475160663 40.67070790644474, -91.97025652467435 40.59891687122309, -92.28333654905005 39.89431360337065, -93.28747491570864 38.805143404409364, -97.58 37.41726208852722, -94.06969475160663 40.67070790644474))"
25C,2022-04-24 03:58:00+00:00,2022-04-24 05:55:00+00:00,0.0,45000.0,"POLYGON ((-95.0855124679439 37.79792817001783, -93.74862057514157 37.3592623839089, -96.56647930068637 34.20852210402597, -99.14488870346338 33.79775385358701, -99.54287107148174 34.62239869812676, -95.0855124679439 37.79792817001783))"
21C,2022-04-24 03:58:00+00:00,2022-04-24 05:55:00+00:00,0.0,25000.0,"POLYGON ((-92.90715757841835 48.56890527028658, -91.43845866903683 48.02715493620668, -90.81020095999888 45.36861564463131, -91.47 44.24273791147279, -92.90715757841835 48.56890527028658))"
33C,2022-04-24 04:55:00+00:00,2022-04-24 06:55:00+00:00,0.0,45000.0,"POLYGON ((-91.70457868076973 38.9748437815824, -90.85132041457423 38.859412152131846, -93.04442703864522 36.245185727919136, -93.45563184740719 36.469464816598496, -91.70457868076973 38.9748437815824))"
31C,2022-04-24 04:55:00+00:00,2022-04-24 06:55:00+00:00,0.0,37000.0,"POLYGON ((-93.20974347532565 40.59891687122309, -91.53047426992647 40.310846241647965, -93.91833945825623 36.88797672824774, -97.58 37.75, -93.20974347532565 40.59891687122309))"
28C,2022-04-24 04:55:00+00:00,2022-04-24 06:55:00+00:00,0.0,38000.0,"POLYGON ((-94.41564130418922 48.565621260248705, -90.47397838881594 47.45938232964365, -91.30612305294869 46.541842206218874, -95.02 47.91273791147279, -94.41564130418922 48.565621260248705))"
30C,2022-04-24 04:55:00+00:00,2022-04-24 06:55:00+00:00,0.0,28000.0,"POLYGON ((-90.11715312141445 45.43711182406513, -88.89046788830541 44.55785931295662, -91.44660550826191 40.1572908638282, -93.20974347532565 40.59891687122309, -92.28311731705419 42.7668798752431, -90.11715312141445 45.43711182406513))"
29C,2022-04-24 04:55:00+00:00,2022-04-24 06:55:00+00:00,0.0,45000.0,"POLYGON ((-87.4 47.68095164589114, -86.01267642585115 47.28283756451051, -85.43110189375209 46.722877776546426, -86.91795262105819 46.34898720878785, -87.91461690829058 46.701772796556845, -87.4 47.68095164589114))"
32C,2022-04-24 04:55:00+00:00,2022-04-24 06:55:00+00:00,0.0,45000.0,"POLYGON ((-95.2 37.16, -93.80169521324702 36.864399162009214, -96.42879864896054 33.953102457971305, -99.39259800037578 33.98739430056722, -99.71667682371923 34.839228059388795, -95.2 37.16))"
35C,2022-04-24 05:55:00+00:00,2022-04-24 07:55:00+00:00,0.0,32000.0,"POLYGON ((-88.8311318292084 48.002466271182705, -86.19720350321766 47.161577321033086, -86.50131151070205 46.95987009634879, -87.4 47.36199657594627, -89.43 47.73628718173732, -88.8311318292084 48.002466271182705))"
39C,2022-04-24 05:55:00+00:00,2022-04-24 07:55:00+00:00,0.0,45000.0,"POLYGON ((-99.2326847047168 33.76702845269419, -98.1933604994306 33.18796531182674, -100.71067564188562 31.904001131449082, -101.58382427286602 32.519695425842826, -99.2326847047168 33.76702845269419))"
34C,2022-04-24 05:55:00+00:00,2022-04-24 07:55:00+00:00,0.0,41000.0,"POLYGON ((-95.02 48.91095164589113, -92.70542399816675 48.097273481534685, -93.6568432998053 46.96421738968327, -96.00647988842017 47.57577083515316, -96.70752140506396 48.71752508446327, -95.02 48.91095164589113))"
36C,2022-04-24 05:55:00+00:00,2022-04-24 07:55:00+00:00,0.0,26000.0,"POLYGON ((-91.47 43.57726208852722, -90.60469944007689 43.29221575460944, -89.76 43.21726208852722, -91.44660550826191 40.1572908638282, -92.89879390936423 40.3648719286319, -91.47 43.57726208852722))"
38C,2022-04-24 05:55:00+00:00,2022-04-24 07:55:00+00:00,0.0,45000.0,"POLYGON ((-94.42594059569385 37.412153045848186, -93.48954805360304 37.052482923472624, -95.78000000000002 33.685417309845256, -98.96131489347383 34.11677580134007, -99.71667682371923 34.839228059388795, -94.42594059569385 37.412153045848186))"
37C,2022-04-24 05:55:00+00:00,2022-04-24 07:55:00+00:00,0.0,32000.0,"POLYGON ((-92.89879390936423 40.3648719286319, -91.44660550826191 40.1572908638282, -93.64239263742269 38.26695125345406, -96.96190315725353 36.664515092459496, -97.89943857153754 37.13474789334221, -92.89879390936423 40.3648719286319))"
ALFA 1,2022-04-24 06:25:00+00:00,2022-04-24 10:25:00+00:00,0.0,50000.0,"POLYGON ((-120 11, -120 7, -124 4.15, -126 5.45, -120 11))"
42C,2022-04-24 06:55:00+00:00,2022-04-24 08:55:00+00:00,0.0,45000.0,"POLYGON ((-93.95792571990617 37.35834037981982, -93.17045194639694 37.052482923472624, -95.40598728118714 34.72209398183621, -98.96131489347383 34.11677580134007, -99.05581319254978 34.911354228350376, -93.95792571990617 37.35834037981982))"
41C,2022-04-24 06:55:00+00:00,2022-04-24 08:55:00+00:00,0.0,30000.0,"POLYGON ((-93.67791606279067 40.12490995083311, -92.1307959101752 39.77616884107525, -94.04264740261225 37.91622702658611, -97.5389441311395 36.22206142517619, -98.36018620063044 36.702116066481395, -93.67791606279067 40.12490995083311))"
43C,2022-04-24 06:55:00+00:00,2022-04-24 08:55:00+00:00,0.0,45000.0,"POLYGON ((-99.2326847047168 33.76702845269419, -98.0727344637682 32.865757214318535, -100.49177322296119 32.25712182242798, -100.8134979354332 32.8083576826902, -99.2326847047168 33.76702845269419))"
40C,2022-04-24 06:55:00+00:00,2022-04-24 08:55:00+00:00,0.0,34000.0,"POLYGON ((-97.81138514275473 48.926296066270524, -95.28686785736836 49.06419323967243, -93.87340069733926 48.44173525668605, -95.02 47.58, -97.19 48.28273791147278, -97.81138514275473 48.926296066270524))"
45C,2022-04-24 07:55:00+00:00,2022-04-24 09:55:00+00:00,0.0,30000.0,"POLYGON ((-93.24277049296278 40.12816751779059, -92.1307959101752 39.77616884107525, -94.04264740261225 37.91622702658611, -96.88721950522428 36.34555633780301, -97.92 36.84910686720918, -93.24277049296278 40.12816751779059))"
44C,2022-04-24 07:55:00+00:00,2022-04-24 09:55:00+00:00,0.0,32000.0,"POLYGON ((-97.81138514275473 48.926296066270524, -95.28686785736836 49.06419323967243, -93.91284242158166 48.56890527028658, -94.63797231148106 48.194190685394986, -96.90225910968331 48.41075762279812, -97.81138514275473 48.926296066270524))"
46C,2022-04-24 07:55:00+00:00,2022-04-24 09:55:00+00:00,0.0,45000.0,"POLYGON ((-93.6269430103395 37.59491059880739, -93.17045194639694 37.052482923472624, -94.84714460700164 34.52810126957505, -98.59 33.99, -99.05581319254978 34.911354228350376, -93.6269430103395 37.59491059880739))"
47C,2022-04-24 07:55:00+00:00,2022-04-24 09:55:00+00:00,0.0,45000.0,"POLYGON ((-98.91176217831752 33.87893126217049, -97.38425458222001 32.86952856133956, -100.25477465836737 31.770550636188467, -100.8134979354332 32.8083576826902, -98.91176217831752 33.87893126217049))"
50C,2022-04-24 08:55:00+00:00,2022-04-24 10:55:00+00:00,0.0,45000.0,"POLYGON ((-93.6269430103395 37.59491059880739, -93.17045194639694 37.052482923472624, -93.8831814328102 34.62085722434349, -97.72632266853579 34.017743509894764, -98.97745958808196 34.75791864122066, -93.6269430103395 37.59491059880739))"
48C,2022-04-24 08:55:00+00:00,2022-04-24 10:55:00+00:00,0.0,27000.0,"POLYGON ((-96.64861485724528 48.926296066270524, -95.28686785736836 49.06419323967243, -94.16425002566397 48.567536900123855, -95.02 48.41184477868197, -96.64861485724528 48.926296066270524))"
51C,2022-04-24 08:55:00+00:00,2022-04-24 10:55:00+00:00,0.0,45000.0,"POLYGON ((-98.59 33.99, -97.04 33.369106867209176, -101.77538999944036 31.656403517529085, -102.46818385388161 32.24497781151233, -98.59 33.99))"
49C,2022-04-24 08:55:00+00:00,2022-04-24 10:55:00+00:00,0.0,29000.0,"POLYGON ((-94.88228451487069 38.57602954849358, -93.58793047442701 37.56417448960065, -97.39536187770251 35.800526134617584, -97.92 36.78371281826268, -94.88228451487069 38.57602954849358))"
54C,2022-04-24 09:55:00+00:00,2022-04-24 11:55:00+00:00,0.0,45000.0,"POLYGON ((-98.30544421653377 34.22495394428601, -97.04 33.369106867209176, -101.5007363131614 31.419931804965177, -102.03932827092918 32.31732074554638, -98.30544421653377 34.22495394428601))"
53C,2022-04-24 09:55:00+00:00,2022-04-24 11:55:00+00:00,0.0,45000.0,"POLYGON ((-92.54403326870765 38.194731183142245, -92.36721343452265 37.03775803263106, -94.66144457784915 34.46287254898777, -96.24420123293828 33.88818545115803, -98.16435509971946 35.2076866093756, -92.54403326870765 38.194731183142245))"
52C,2022-04-24 09:55:00+00:00,2022-04-24 11:55:00+00:00,0.0,29000.0,"POLYGON ((-93.59043613028564 39.807351828683814, -92.22 38.81, -94.81361875733047 37.28670656736876, -96.3176168481689 37.7432677027057, -93.59043613028564 39.807351828683814))"
ALFA 2,2022-04-24 10:15:00+00:00,2022-04-24 14:15:00+00:00,0.0,50000.0,"POLYGON ((-120 12.15, -120 6, -125.15 6, -125.3 8, -120 12.15))"
56C,2022-04-24 10:55:00+00:00,2022-04-24 12:55:00+00:00,0.0,45000.0,"POLYGON ((-93.4908605058797 37.66730102458049, -92.5591128840923 37.10282846638978, -94.27 34.890893132790815, -96.42430585506919 34.46241227482925, -97.03296468585495 35.589676096180874, -93.4908605058797 37.66730102458049))"
57C,2022-04-24 10:55:00+00:00,2022-04-24 12:55:00+00:00,0.0,45000.0,"POLYGON ((-99.39259800037578 33.98739430056722, -98.59 32.99178626558165, -101.35314569018058 31.685170580762918, -102.19 32.50910686720918, -99.39259800037578 33.98739430056722))"
55C,2022-04-24 10:55:00+00:00,2022-04-24 12:55:00+00:00,0.0,29000.0,"POLYGON ((-93.25352989354067 39.61696369379181, -92.22 38.81, -94.27975130495624 37.86911354871489, -95.02377724573304 38.75538975209269, -93.25352989354067 39.61696369379181))"
59C,2022-04-24 11:55:00+00:00,2022-04-24 13:55:00+00:00,0.0,45000.0,"POLYGON ((-99.39259800037578 33.98739430056722, -98.22843508842287 32.864381406522625, -100.59962381828926 31.6773229430416, -101.49183278826247 32.596293082068, -99.39259800037578 33.98739430056722))"
58C,2022-04-24 11:55:00+00:00,2022-04-24 13:55:00+00:00,0.0,45000.0,"POLYGON ((-92.9425867053488 37.48670200760065, -92.07420409425838 37.35336186537687, -93.51821534209513 35.13300231982025, -97.04 33.369106867209176, -97.45530307031594 34.44495122397023, -92.9425867053488 37.48670200760065))"
60C,2022-04-24 12:55:00+00:00,2022-04-24 14:55:00+00:00,0.0,45000.0,"POLYGON ((-93.16314483353436 36.56452905517944, -93.45371302520654 35.38725461765392, -95.47196803509443 34.23479133629657, -96.88628549121216 33.974391913160964, -96.59778677994731 34.67923605401065, -93.16314483353436 36.56452905517944))"
61C,2022-04-24 12:55:00+00:00,2022-04-24 14:55:00+00:00,0.0,45000.0,"POLYGON ((-99.08081734060514 33.58011595553255, -98.59 33.267145302895536, -99.92548648162199 32.346416910344146, -100.22479283921767 32.78615553087253, -99.08081734060514 33.58011595553255))"
62C,2022-04-24 13:55:00+00:00,2022-04-24 15:55:00+00:00,0.0,45000.0,"POLYGON ((-92.5957155273074 36.76952000007354, -92.64979561008604 35.601331230795736, -96.36531305069676 34.20737266021801, -96.21190640223001 35.20215949653443, -92.5957155273074 36.76952000007354))"
63C,2022-04-24 13:55:00+00:00,2022-04-24 15:55:00+00:00,0.0,45000.0,"POLYGON ((-98.66664833767128 33.836271351161045, -98.59 32.99178626558165, -99.13324003092005 32.223244372259146, -102.41412453647303 31.5486882144357, -98.66664833767128 33.836271351161045))"
ALFA 3,2022-04-24 14:15:00+00:00,2022-04-24 18:15:00+00:00,0.0,50000.0,"POLYGON ((-120 12.45, -120 4.45, -125.45 5.45, -126.15 8, -120 12.45))"
64C,2022-04-24 14:55:00+00:00,2022-04-24 16:55:00+00:00,0.0,44000.0,"POLYGON ((-93.7394300759744 36.122063633923524, -93.45371302520654 35.38725461765392, -96.74501818978149 33.85634449077845, -97.01546155492593 34.517312945292254, -93.7394300759744 36.122063633923524))"
65C,2022-04-24 14:55:00+00:00,2022-04-24 16:55:00+00:00,0.0,45000.0,"POLYGON ((-98.03261134666779 34.17974396413633, -97.95829739608767 33.18498112909956, -99.30507695439212 32.00821909695236, -101.28052733829858 32.32509051735136, -98.03261134666779 34.17974396413633))"
BRAVO 1,2022-04-24 15:40:00+00:00,2022-04-24 19:40:00+00:00,30000.0,37000.0,"POLYGON ((-162.45 40, -169.15 32, -175 32, -168.3 39.45, -162.45 40))"
66C,2022-04-24 15:55:00+00:00,2022-04-24 17:55:00+00:00,0.0,40000.0,"POLYGON ((-93.54681645824778 36.439634020808136, -93.04560426444117 35.383823107915106, -96.01144957624811 34.388665785407746, -95.62425543975944 35.1573105992013, -93.54681645824778 36.439634020808136))"
68C,2022-04-24 15:55:00+00:00,2022-04-24 17:55:00+00:00,,,"POLYGON ((-88.6391124122236 41.57991299514845, -89.00663039405282 39.81707445604097, -90.42084100020257 38.77937610315193, -88.44840645547015 41.51965324026388, -88.97043641547353 39.86756847544675, -90.53915899979744 38.94062389684807, -89.12494839364768 39.978322249737104, -89.16114237222698 39.92782823033132, -88.6391124122236 41.57991299514845))"
67C,2022-04-24 15:55:00+00:00,2022-04-24 17:55:00+00:00,0.0,45000.0,"POLYGON ((-97.8177362885968 34.42959849629359, -97.40640776209352 33.17614759132981, -99.34586974255024 32.478955039120386, -101.58382427286602 32.519695425842826, -97.8177362885968 34.42959849629359))"
70C,2022-04-24 16:55:00+00:00,2022-04-24 18:55:00+00:00,0.0,45000.0,"POLYGON ((-97.22346514623894 35.27208218485845, -96.05988515987679 33.822993582994904, -98.67674048876654 32.47446493334528, -100.77424882668845 32.795030997392566, -97.22346514623894 35.27208218485845))"
71C,2022-04-24 16:55:00+00:00,2022-04-24 18:55:00+00:00,,,"POLYGON ((-88.27153651924887 43.05053429110707, -88.80502850093788 39.82392160315759, -90.57684037066129 38.65795657200579, -88.2253320714 41.46196330820268, -88.76533207140002 39.87523908287076, -88.0724458486818 43.03148422829466, -88.22045466471646 41.48465602492678, -90.68678336878556 38.82502702769274, -88.91497149906215 39.99099205884455, -88.9546679286 39.93967457913138, -88.41466792859998 41.52639880446329, -88.41954533528353 41.50370608773919, -88.27153651924887 43.05053429110707))"
69C,2022-04-24 16:55:00+00:00,2022-04-24 18:55:00+00:00,0.0,33000.0,"POLYGON ((-93.28895483136887 36.52375437553524, -92.65635745501477 35.61403970264912, -94.76906121898669 34.98006373027597, -95.53024225536493 35.05419910917019, -93.28895483136887 36.52375437553524))"
ALFA 4,2022-04-24 17:45:00+00:00,2022-04-24 21:45:00+00:00,0.0,45000.0,"POLYGON ((-120 12.45, -120 5.3, -126.15 6.15, -126 10.15, -120 12.45))"
73C,2022-04-24 17:55:00+00:00,2022-04-24 19:55:00+00:00,0.0,45000.0,"POLYGON ((-95.21034843262198 35.728036976477895, -96.6136773314642 34.017743509894764, -97.83230865157022 32.86750276830183, -100.42075586730395 32.949320588324674, -97.31051101960233 35.63493625547824, -95.21034843262198 35.728036976477895))"
75C,2022-04-24 17:55:00+00:00,2022-04-24 19:55:00+00:00,0.0,37000.0,"POLYGON ((-87.37273125707605 43.96886364859652, -86.7370334094844 42.65929420601326, -87.07 41.225475822945576, -88.32 41.55, -87.37273125707605 43.96886364859652))"
72C,2022-04-24 17:55:00+00:00,2022-04-24 19:55:00+00:00,0.0,37000.0,"POLYGON ((-93.50111052195068 36.24840607562531, -92.98202410595856 35.862601163817615, -94.12590628676044 35.272273795047624, -95.02654697919009 35.642310891519315, -93.50111052195068 36.24840607562531))"
74C,2022-04-24 17:55:00+00:00,2022-04-24 19:55:00+00:00,0.0,40000.0,"POLYGON ((-89.0591248411414 40.99280486497298, -87.64087300541908 40.55859503686996, -90.48 38.426287181737315, -90.74181225638932 38.655253165980845, -89.0591248411414 40.99280486497298))"
77C,2022-04-24 18:55:00+00:00,2022-04-24 20:55:00+00:00,0.0,45000.0,"POLYGON ((-97.01931771631169 35.869175835046555, -96.09266988900575 35.46442038163358, -96.05988515987679 33.822993582994904, -98.47955100329553 32.472466311721895, -100.1639755120101 33.09445467995339, -97.01931771631169 35.869175835046555))"
79C,2022-04-24 18:55:00+00:00,2022-04-24 20:55:00+00:00,0.0,37000.0,"POLYGON ((-86.71960838364679 44.66403103341253, -85.81645721336143 44.20857399630089, -85.08023836342436 42.91656771571536, -86.67026628007837 42.97726696003643, -86.71960838364679 44.66403103341253))"
76C,2022-04-24 18:55:00+00:00,2022-04-24 20:55:00+00:00,0.0,37000.0,"POLYGON ((-92.98502959711217 36.691666576163676, -93.13048604738496 35.91396942427397, -95.50856687588559 35.383963651460355, -95.43169171678565 36.19946603547955, -92.98502959711217 36.691666576163676))"
78C,2022-04-24 18:55:00+00:00,2022-04-24 20:55:00+00:00,0.0,40000.0,"POLYGON ((-83.89056769804925 42.70276880249909, -84.08877747447316 41.986452093437684, -90.10867958542578 38.859412152131846, -86.89395203858587 42.4673287636335, -83.89056769804925 42.70276880249909))"
GOLF 1,2022-04-24 19:25:00+00:00,2022-04-24 23:25:00+00:00,0.0,37000.0,"POLYGON ((-46.3 38.3, -41 38.15, -42.15 31.3, -48 32.45, -46.3 38.3))"
1E,2022-04-24 19:55:00+00:00,2022-04-24 21:55:00+00:00,0.0,33000.0,"POLYGON ((-84.68928703628106 44.4120917414859, -82.98030535755971 42.798588890249135, -89.18826847650142 39.12471611685555, -88.57418272536233 40.83719241252581, -84.68928703628106 44.4120917414859))"
81C,2022-04-24 19:55:00+00:00,2022-04-24 21:55:00+00:00,0.0,45000.0,"POLYGON ((-92.5957155273074 36.76952000007354, -94.88222130895115 35.38845570333679, -97.58782566612066 32.677805704930506, -100.42075586730395 32.949320588324674, -95.94841719425833 36.5073055265705, -92.5957155273074 36.76952000007354))"
82C,2022-04-24 19:55:00+00:00,2022-04-24 21:55:00+00:00,0.0,41000.0,"POLYGON ((-90.79257669598358 35.01729199628249, -90.74284504029951 34.381371631964186, -91.7964333710089 33.91087326855821, -91.43005871587378 34.9323722435418, -90.79257669598358 35.01729199628249))"
83C,2022-04-24 19:55:00+00:00,2022-04-24 21:55:00+00:00,0.0,45000.0,"POLYGON ((-92.40405681683261 32.392142289384296, -89.21703552780963 29.495436503440857, -89.69716156857484 28.826475479559633, -92.72453996273342 31.720919548725604, -92.40405681683261 32.392142289384296))"
2E,2022-04-24 19:55:00+00:00,2022-04-24 21:55:00+00:00,0.0,38000.0,"POLYGON ((-79.68768989458619 25.577501682120047, -79.09758924613791 25.35262775804929, -79.37781420275081 24.97940855469039, -80.09626723599808 25.399186339543263, -79.68768989458619 25.577501682120047))"
80C,2022-04-24 19:55:00+00:00,2022-04-24 21:55:00+00:00,0.0,45000.0,"POLYGON ((-100.81872833592396 32.12797842725561, -100.73390366242597 31.946857542855284, -101.66749596521345 31.509626560208613, -101.75232063871144 31.69074744460894, -100.81872833592396 32.12797842725561))"
4E,2022-04-24 20:55:00+00:00,2022-04-24 22:55:00+00:00,0.0,33000.0,"POLYGON ((-79.93892118674768 25.672269089729642, -79.25895962679549 25.414440217940218, -78.85801633912979 24.49907333891924, -79.92867945265037 25.031054795294956, -79.93892118674768 25.672269089729642))"
3E,2022-04-24 20:55:00+00:00,2022-04-24 22:55:00+00:00,0.0,40000.0,"POLYGON ((-84.31 46.41, -82.06881186665368 43.72872457663268, -85.81880734923976 40.072011925711486, -90.32867286626913 38.97754306207354, -86.5911670427417 42.82191901484875, -84.31 46.41))"
86C,2022-04-24 20:55:00+00:00,2022-04-24 22:55:00+00:00,0.0,45000.0,"POLYGON ((-91.52899808448849 35.63804157700413, -90.41281426323717 35.37215465634712, -90.64793578108174 33.33212311273057, -91.67491006681706 32.64680614969554, -91.52899808448849 35.63804157700413))"
85C,2022-04-24 20:55:00+00:00,2022-04-24 22:55:00+00:00,0.0,45000.0,"POLYGON ((-92.67068110447975 38.456210444882, -92.07420409425838 37.35336186537687, -94.88222130895115 35.38845570333679, -97.2662348243079 32.40868157310378, -100.42075586730395 32.949320588324674, -92.67068110447975 38.456210444882))"
87C,2022-04-24 20:55:00+00:00,2022-04-24 22:55:00+00:00,0.0,43000.0,"POLYGON ((-92.31976583264029 32.75497176625328, -89.21703552780963 29.495436503440857, -89.69716156857484 28.826475479559633, -93.11504424382109 32.17987635990331, -92.31976583264029 32.75497176625328))"
84C,2022-04-24 20:55:00+00:00,2022-04-24 22:55:00+00:00,0.0,40000.0,"POLYGON ((-99.92333332486584 32.99110073696734, -99.79666667513416 32.83632489955802, -101.52721414238847 31.42006604709234, -101.65388079212015 31.57484188450166, -99.92333332486584 32.99110073696734))"
6E,2022-04-24 21:55:00+00:00,2022-04-24 23:55:00+00:00,0.0,33000.0,"POLYGON ((-80.62107881325234 25.672269089729642, -79.76865652948536 25.60810658510077, -78.60267983213524 24.261108945577764, -80.28562647000876 24.009448607330512, -80.62107881325234 25.672269089729642))"
5E,2022-04-24 21:55:00+00:00,2022-04-24 23:55:00+00:00,0.0,40000.0,"POLYGON ((-83.63336297821478 45.93743028439526, -82.2199397149792 45.26756730455807, -82.06881186665368 43.72872457663268, -84.93875112975239 40.5186115957699, -86.98918763550965 41.768058420767794, -83.63336297821478 45.93743028439526))"
89C,2022-04-24 21:59:00+00:00,2022-04-24 23:55:00+00:00,0.0,45000.0,"POLYGON ((-92.06927821778763 38.6922624889238, -90.64282174964241 38.55247698916536, -93.68433815761743 35.896286975798326, -96.2476913484298 32.86750276830183, -100.28001260696541 32.83222496003222, -92.06927821778763 38.6922624889238))"
91C,2022-04-24 21:59:00+00:00,2022-04-24 23:55:00+00:00,0.0,45000.0,"POLYGON ((-92.18975920650547 33.06778779978601, -89.04093694470487 29.846534814906935, -89.83113513542709 28.944450277758065, -93.50919905695018 32.15482068349432, -92.18975920650547 33.06778779978601))"
92C,2022-04-24 21:59:00+00:00,2022-04-24 23:55:00+00:00,0.0,40000.0,"POLYGON ((-86.98918763550965 41.768058420767794, -85.63074460419574 40.97916072395904, -87.6811520377726 39.48920384382593, -90.48 38.86, -90.48214243740559 39.59259528345068, -86.98918763550965 41.768058420767794))"
90C,2022-04-24 21:59:00+00:00,2022-04-24 23:55:00+00:00,0.0,35000.0,"POLYGON ((-90.95 36.11, -89.98 35.51910686720918, -90.67883479140566 33.45936148209672, -91.30878765631445 32.77255260359794, -90.95 36.11))"
94C,2022-04-24 21:59:00+00:00,2022-04-24 23:55:00+00:00,0.0,38000.0,"POLYGON ((-89.4556416175735 38.52356663512859, -88.60986238591722 38.20357368423071, -89.88362809114045 37.00166093449606, -90.95 36.83285469710447, -89.4556416175735 38.52356663512859))"
93C,2022-04-24 21:59:00+00:00,2022-04-24 23:55:00+00:00,0.0,38000.0,"POLYGON ((-88.12265058634924 30.52532985521802, -87.27210677633968 30.317517752031666, -87.78779633554258 29.52664926055897, -88.36 29.862574363474636, -88.12265058634924 30.52532985521802))"
88C,2022-04-24 21:59:00+00:00,2022-04-24 23:55:00+00:00,0.0,40000.0,"POLYGON ((-100.20275497877246 32.479535570212605, -100.92684469951841 30.96020931727638, -101.93052525190525 31.475471177288785, -100.20275497877246 32.479535570212605))"
8E,2022-04-24 22:55:00+00:00,2022-04-25 00:55:00+00:00,0.0,45000.0,"POLYGON ((-80.8343635575218 25.798949119323996, -79.76865652948536 25.60810658510077, -78.9860466174684 24.617894306950927, -80.28562647000876 24.009448607330512, -80.8343635575218 25.798949119323996))"
7E,2022-04-24 22:55:00+00:00,2022-04-25 00:55:00+00:00,0.0,40000.0,"POLYGON ((-82.84625809298251 45.37095295221505, -82.2199397149792 45.26756730455807, -82.03466563940631 43.25795435511269, -84.04 40.955475822945566, -86.73135517994908 41.641932219960715, -82.84625809298251 45.37095295221505))"
97C,2022-04-24 22:59:00+00:00,2022-04-25 00:55:00+00:00,0.0,38000.0,"POLYGON ((-90.56887264573035 36.236730116465964, -89.75440322473392 35.666293605467956, -90.649018153004 33.58678686205006, -91.63228771258481 33.63709410718481, -90.56887264573035 36.236730116465964))"
99C,2022-04-24 22:59:00+00:00,2022-04-25 00:55:00+00:00,0.0,39000.0,"POLYGON ((-86.73135517994908 41.641932219960715, -85.19 41.31273791147277, -89.41177507363342 38.8551347207555, -90.05269365850437 38.85922152146604, -88.96943097204864 40.687765571974516, -86.73135517994908 41.641932219960715))"
98C,2022-04-24 22:59:00+00:00,2022-04-25 00:55:00+00:00,0.0,43000.0,"POLYGON ((-91.63228771258481 33.63709410718481, -89.04093694470487 29.846534814906935, -89.83113513542709 28.944450277758065, -93.25330862272543 32.29820545222906, -91.63228771258481 33.63709410718481))"
96C,2022-04-24 22:59:00+00:00,2022-04-25 00:55:00+00:00,0.0,45000.0,"POLYGON ((-89.32132814614846 40.09201127760747, -90.05269365850437 38.85922152146604, -95.26714806626936 33.504242729874754, -97.99429550319113 31.91262197178591, -100.08758671936191 32.94091005379595, -89.32132814614846 40.09201127760747))"
95C,2022-04-24 22:59:00+00:00,2022-04-25 00:55:00+00:00,0.0,45000.0,"POLYGON ((-100.45 31.803712818262685, -100.64356757580566 30.969156215415087, -102.13715128433186 30.9472656614796, -100.45 31.803712818262685))"
01C,2022-04-24 22:59:00+00:00,2022-04-25 00:55:00+00:00,0.0,33000.0,"POLYGON ((-88.36 30.73, -87.27210677633968 30.317517752031666, -87.78779633554258 29.52664926055897, -88.36 29.862574363474636, -88.36 30.73))"
02C,2022-04-24 22:59:00+00:00,2022-04-25 00:55:00+00:00,0.0,37000.0,"POLYGON ((-88.86000000000001 38.872574363474634, -88.77142315804572 37.59371337969217, -90.23 36.947145302895535, -91.29535557789849 36.777336718622415, -88.86000000000001 38.872574363474634))"
03C,2022-04-24 22:59:00+00:00,2022-04-25 00:55:00+00:00,0.0,45000.0,"POLYGON ((-101.47803773442364 29.971492633296922, -101.02525913256676 29.894021497776528, -101.07683330979059 29.470298707145993, -101.69249850942846 29.688775455783485, -101.47803773442364 29.971492633296922))"
10E,2022-04-24 23:55:00+00:00,2022-04-25 01:55:00+00:00,0.0,36000.0,"POLYGON ((-80.8343635575218 25.798949119323996, -79.76865652948536 25.60810658510077, -79.72000179692368 24.569293734988953, -80.62095753929755 24.139753076510644, -80.8343635575218 25.798949119323996))"
9E,2022-04-24 23:55:00+00:00,2022-04-25 01:55:00+00:00,0.0,42000.0,"POLYGON ((-82.06881186665368 43.72872457663268, -82.74557111802535 42.39930971080524, -85.19 41.31273791147277, -86.73135517994908 41.641932219960715, -84.08 43.53, -82.06881186665368 43.72872457663268))"
07C,2022-04-25 00:14:00+00:00,2022-04-25 01:55:00+00:00,0.0,45000.0,"POLYGON ((-86.73135517994908 41.641932219960715, -85.19 41.31273791147277, -89.18826847650142 39.12471611685555, -89.32132814614846 40.09201127760747, -86.73135517994908 41.641932219960715))"
06C,2022-04-25 00:14:00+00:00,2022-04-25 01:55:00+00:00,0.0,36000.0,"POLYGON ((-90.88842001156488 32.4275446301404, -89.46733530667773 30.0399310133552, -90.37010077669287 29.415010185149914, -92.82920852467535 32.5175361009145, -90.88842001156488 32.4275446301404))"
05C,2022-04-25 00:14:00+00:00,2022-04-25 01:55:00+00:00,0.0,45000.0,"POLYGON ((-89.32132814614846 40.09201127760747, -89.18826847650142 39.12471611685555, -95.26714806626936 33.504242729874754, -97.49551862203506 32.12091646371472, -100.08758671936191 32.94091005379595, -89.32132814614846 40.09201127760747))"
08C,2022-04-25 00:14:00+00:00,2022-04-25 01:55:00+00:00,0.0,44000.0,"POLYGON ((-88.4505617895641 38.970752393120584, -88.00368451040482 38.39086408740832, -90.63227640371761 36.72440131848143, -92.18551926512717 36.10365722545654, -88.4505617895641 38.970752393120584))"
09C,2022-04-25 00:14:00+00:00,2022-04-25 01:55:00+00:00,0.0,36000.0,"POLYGON ((-90.51118013364265 36.46212312730377, -89.32 36.352737911472786, -90.58744764749972 34.07444073110409, -91.06371269692416 34.292904878023464, -90.37100191551151 35.63804157700413, -90.51118013364265 36.46212312730377))"
04C,2022-04-25 00:14:00+00:00,2022-04-25 01:55:00+00:00,0.0,45000.0,"POLYGON ((-100.33412200887581 32.31313634842084, -100.45 30.936287181737317, -102.35847846128236 30.727213313271182, -100.33412200887581 32.31313634842084))"
10C,2022-04-25 00:14:00+00:00,2022-04-25 01:55:00+00:00,0.0,36000.0,"POLYGON ((-99.82 29.877145302895535, -99.85349460982958 29.024918812780733, -100.51740492862491 28.825497621767806, -101.12294279106492 29.666216683326294, -99.82 29.877145302895535))"
4C,2022-04-25 00:55:00+00:00,2022-04-25 02:55:00+00:00,0.0,45000.0,"POLYGON ((-86.63431200639785 41.53428953031543, -85.19 41.31273791147277, -88.4505617895641 38.970752393120584, -89.32132814614846 40.09201127760747, -86.63431200639785 41.53428953031543))"
1C,2022-04-25 00:55:00+00:00,2022-04-25 02:55:00+00:00,0.0,45000.0,"POLYGON ((-100.83970176945238 31.369410947142324, -100.74633800428342 30.754839688811508, -101.21233756640375 30.281499371429412, -103.23975445537546 30.04341571680442, -101.8916604329872 31.39483107108088, -100.83970176945238 31.369410947142324))"
2E,2022-04-25 00:55:00+00:00,2022-04-25 02:55:00+00:00,0.0,37000.0,"POLYGON ((-80.92230491173005 25.79858926089646, -80.39344768262768 25.69772891429584, -80.28 25.07714530289553, -81.06393734637493 24.864833209594003, -80.92230491173005 25.79858926089646))"
1E,2022-04-25 00:55:00+00:00,2022-04-25 02:55:00+00:00,0.0,33000.0,"POLYGON ((-83.39 44.45, -82.15470910533475 43.667522476320386, -83.82110759796146 40.69049281323777, -85.19 41.26914187884178, -86.59326093204459 41.56522147047156, -83.39 44.45))"
2C,2022-04-25 00:55:00+00:00,2022-04-25 02:55:00+00:00,0.0,45000.0,"POLYGON ((-89.2606133885994 40.04599436659096, -88.04262678764519 38.46392768136429, -94.07000000000001 34.08828375768358, -97.46584173862261 32.06054894745189, -100.33587379914776 32.64507977296659, -89.2606133885994 40.04599436659096))"
5C,2022-04-25 00:55:00+00:00,2022-04-25 02:55:00+00:00,0.0,42000.0,"POLYGON ((-99.50080754022767 29.931779685033224, -99.07334718953754 29.417289366308122, -100.39208054524993 28.558070902739974, -101.12294279106492 29.666216683326294, -99.50080754022767 29.931779685033224))"
3C,2022-04-25 00:55:00+00:00,2022-04-25 02:55:00+00:00,0.0,45000.0,"POLYGON ((-91.53205133312014 34.45698469067944, -90.7678423419095 33.050135283721644, -91.7143426816586 31.851749293192377, -92.74 32.97085812115821, -91.53205133312014 34.45698469067944))"
4E,2022-04-25 01:55:00+00:00,2022-04-25 03:55:00+00:00,0.0,34000.0,"POLYGON ((-81.01914801199159 25.798131783317068, -79.8589472752599 24.877166648114333, -80.28562647000876 24.009448607330512, -81.6603086319212 24.282525914214236, -81.01914801199159 25.798131783317068))"
6C,2022-04-25 01:55:00+00:00,2022-04-25 03:55:00+00:00,0.0,45000.0,"POLYGON ((-100.86490429076673 31.72225441977049, -100.67261176274937 30.908693077753444, -101.44882467988724 29.9464842995664, -103.4075812987304 29.82831901421994, -101.8916604329872 31.39483107108088, -100.86490429076673 31.72225441977049))"
7C,2022-04-25 01:55:00+00:00,2022-04-25 03:55:00+00:00,0.0,45000.0,"POLYGON ((-89.32132814614846 40.09201127760747, -87.5163154895952 38.39086408740832, -94.07000000000001 34.17547582294556, -97.54572122649279 31.424422285093417, -100.84606194345824 32.47615613789508, -89.32132814614846 40.09201127760747))"
8C,2022-04-25 01:55:00+00:00,2022-04-25 03:55:00+00:00,0.0,45000.0,"POLYGON ((-90.9147676044338 34.6980786917871, -90.9803131283207 32.869825214407506, -92.04 31.854524177054437, -91.99323276354895 34.616190891527026, -90.9147676044338 34.6980786917871))"
10C,2022-04-25 01:55:00+00:00,2022-04-25 03:55:00+00:00,0.0,38000.0,"POLYGON ((-98.744340660057 30.977576653494896, -98.06555231490383 30.56990798583969, -100.08658534258933 28.066613842301024, -100.47954528520262 28.74486603371117, -98.744340660057 30.977576653494896))"
3E,2022-04-25 01:55:00+00:00,2022-04-25 03:55:00+00:00,0.0,33000.0,"POLYGON ((-82.07828393112011 26.419040004752354, -81.65661389882676 26.26281468517576, -81.8 25.457425636525368, -82.70534467363578 25.40510014133861, -82.07828393112011 26.419040004752354))"
11C,2022-04-25 01:55:00+00:00,2022-04-25 03:55:00+00:00,0.0,35000.0,"POLYGON ((-91.1059629590289 31.297227652763507, -90.76758414641881 31.299001937126995, -90.83584086981313 30.313203370998824, -91.17195759231964 30.2128051879303, -91.42874707631253 30.747069038399292, -91.1059629590289 31.297227652763507))"
9C,2022-04-25 01:55:00+00:00,2022-04-25 03:55:00+00:00,0.0,45000.0,"POLYGON ((-84.77457677290917 42.56640603327323, -84.43279400006885 42.45676493570908, -86.9654236169465 38.95538729212509, -87.548419530687 38.33050945578071, -89.12667781424177 39.944149562854925, -84.77457677290917 42.56640603327323))"
6E,2022-04-25 02:55:00+00:00,2022-04-25 04:55:00+00:00,0.0,35000.0,"POLYGON ((-81.37674800908502 25.511635231589047, -80.28 24.96815522131804, -80.28562647000876 24.009448607330512, -82.13772611851898 24.46229031708794, -81.37674800908502 25.511635231589047))"
12C,2022-04-25 02:55:00+00:00,2022-04-25 04:55:00+00:00,0.0,45000.0,"POLYGON ((-100.80955113410617 31.242165215042228, -100.59312985355673 30.597714495710978, -101.17634444960974 29.712306022433808, -102.61175755660976 30.18095345480345, -101.81768828425619 31.24093132156994, -100.80955113410617 31.242165215042228))"
13C,2022-04-25 02:55:00+00:00,2022-04-25 04:55:00+00:00,0.0,45000.0,"POLYGON ((-90.87407500764705 38.732004036601296, -89.17912936635557 37.66533816250235, -95.31037583012738 32.88932345993607, -97.04448137796491 32.12091646371472, -101.46695399079593 31.753281987934677, -90.87407500764705 38.732004036601296))"
14C,2022-04-25 02:55:00+00:00,2022-04-25 04:55:00+00:00,0.0,39000.0,"POLYGON ((-90.79257669598358 35.01729199628249, -90.8314975397306 33.26777855606409, -91.74522704989202 33.256039611775975, -91.74899387195534 35.03216431650136, -90.79257669598358 35.01729199628249))"
15C,2022-04-25 02:55:00+00:00,2022-04-25 04:55:00+00:00,0.0,45000.0,"POLYGON ((-84.8735908943859 42.597289809864385, -83.81922440619914 42.209123634998704, -86.64434866244261 39.017861156669376, -88.92312419028445 37.54226254088019, -90.23628930976234 38.398631362713516, -84.8735908943859 42.597289809864385))"
5E,2022-04-25 02:55:00+00:00,2022-04-25 04:55:00+00:00,0.0,41000.0,"POLYGON ((-82.37599283534259 26.307462433703495, -81.78 26.09628718173732, -82.10585886071604 25.257520810066943, -83.26567721648051 25.96906625691275, -82.37599283534259 26.307462433703495))"
16C,2022-04-25 02:55:00+00:00,2022-04-25 04:55:00+00:00,0.0,41000.0,"POLYGON ((-98.12561529316277 30.889785047747328, -97.99973641689019 29.473230702257037, -99.99883715737353 27.989937262150494, -100.51740492862491 28.825497621767806, -98.12561529316277 30.889785047747328))"
17C,2022-04-25 02:55:00+00:00,2022-04-25 04:55:00+00:00,0.0,42000.0,"POLYGON ((-99.42 27.48, -98.18051591411405 26.633385812086665, -98.57250705222148 26.35771296768757, -99.42 27.046287181737316, -99.42 27.48))"
18C,2022-04-25 02:55:00+00:00,2022-04-25 04:55:00+00:00,0.0,40000.0,"POLYGON ((-91.0438770681474 31.574244893662467, -90.72977578842946 31.465119947977836, -91.06226088192999 30.68423859161093, -91.3 30.769141878841786, -91.0438770681474 31.574244893662467))"
22C,2022-04-25 03:55:00+00:00,2022-04-25 05:55:00+00:00,0.0,45000.0,"POLYGON ((-83.5668426666916 42.66245935531938, -85.98884469754398 38.867819563250926, -88.9689784716891 37.66328709864097, -90.48 38.360893132790814, -84.66565285977362 42.532297331438066, -83.5668426666916 42.66245935531938))"
19C,2022-04-25 03:55:00+00:00,2022-04-25 05:55:00+00:00,0.0,45000.0,"POLYGON ((-100.06029823054763 31.369410947142324, -100.35466146440172 30.407906945601354, -101.17634444960974 29.712306022433808, -102.29832307672532 30.360007656547428, -101.74395683108291 31.086989361046843, -100.06029823054763 31.369410947142324))"
21C,2022-04-25 03:55:00+00:00,2022-04-25 05:55:00+00:00,0.0,39000.0,"POLYGON ((-90.54436905709683 35.209694617628415, -90.87824851546583 33.4585633463776, -91.81757510093813 33.574930814846994, -91.45959251106294 35.2660886208464, -90.54436905709683 35.209694617628415))"
23C,2022-04-25 03:55:00+00:00,2022-04-25 05:55:00+00:00,0.0,40000.0,"POLYGON ((-97.75245439593239 30.84092624332239, -97.9304709149763 29.447948339967343, -99.13452847409442 26.864889771757376, -100.47954528520262 28.74486603371117, -97.75245439593239 30.84092624332239))"
7E,2022-04-25 03:55:00+00:00,2022-04-25 05:55:00+00:00,0.0,37000.0,"POLYGON ((-80.87231010541383 25.577501682120047, -80.28 24.64343248463285, -81.8 24.15628718173732, -81.43256818850108 25.390949368690812, -80.87231010541383 25.577501682120047))"
20C,2022-04-25 03:55:00+00:00,2022-04-25 05:55:00+00:00,0.0,45000.0,"POLYGON ((-90.99338358346772 38.69290031307951, -89.31680732010223 37.666479699286946, -93.45332128745908 34.019610033334494, -98.3730108208536 32.04253345908895, -100.33412200887581 32.31313634842084, -90.99338358346772 38.69290031307951))"
HOTEL 1,2022-04-25 04:00:00+00:00,2022-04-25 08:00:00+00:00,30000.0,39000.0,"POLYGON ((-47 45, -40 41.15, -40 37, -53.3 44.45, -47 45))"
8E,2022-04-25 04:55:00+00:00,2022-04-25 06:55:00+00:00,0.0,38000.0,"POLYGON ((-81.13132408181599 25.479191370833874, -80.28 24.635417309845252, -82.31556621708232 24.11856181931795, -81.8 25.08910686720918, -81.13132408181599 25.479191370833874))"
9E,2022-04-25 04:55:00+00:00,2022-04-25 06:55:00+00:00,0.0,39000.0,"POLYGON ((-86.00568799360215 41.53428953031543, -84.58097365354328 40.78739496270854, -85.98884469754398 38.867819563250926, -87.76 37.93, -88.53173152349859 39.12471611685555, -86.00568799360215 41.53428953031543))"
25C,2022-04-25 04:55:00+00:00,2022-04-25 06:55:00+00:00,0.0,40000.0,"POLYGON ((-94.12 36.749106867209186, -91.02896106219391 36.26367898684968, -93.35970038580021 34.09617979979481, -98.89263092342858 31.65281068444806, -100.75024110378601 31.98447010861638, -94.12 36.749106867209186))"
27C,2022-04-25 04:55:00+00:00,2022-04-25 06:55:00+00:00,0.0,45000.0,"POLYGON ((-97.53 30.546368955736394, -97.57856898521712 29.318752834249235, -99.27687093301547 27.172517117193756, -100.47954528520262 28.74486603371117, -97.53 30.546368955736394))"
24C,2022-04-25 04:55:00+00:00,2022-04-25 06:55:00+00:00,0.0,40000.0,"POLYGON ((-88.86000000000001 39.407262088527226, -88.05924998727193 38.164902884468745, -91.24210614304725 36.34492711131926, -94.12 36.91547582294557, -91.07376237268892 39.04949877690833, -88.86000000000001 39.407262088527226))"
26C,2022-04-25 04:55:00+00:00,2022-04-25 06:55:00+00:00,0.0,45000.0,"POLYGON ((-100.149758896214 31.98447010861638, -98.89263092342858 31.65281068444806, -100.77000000000001 29.69273791147279, -102.00990102739007 29.79993238755002, -101.74395683108291 31.086989361046843, -100.149758896214 31.98447010861638))"
28C,2022-04-25 04:55:00+00:00,2022-04-25 06:55:00+00:00,0.0,38000.0,"POLYGON ((-91.0767013373792 36.21216042439382, -90.18366837878978 35.42052854682608, -91.1464306879999 33.45698657745611, -92.98939255724606 34.40069776079328, -91.0767013373792 36.21216042439382))"
10E,2022-04-25 05:55:00+00:00,2022-04-25 07:55:00+00:00,0.0,38000.0,"POLYGON ((-81.13132408181599 25.479191370833874, -80.28 24.635417309845252, -82.31556621708232 24.11856181931795, -81.8 25.08910686720918, -81.13132408181599 25.479191370833874))"
32C,2022-04-25 05:55:00+00:00,2022-04-25 07:55:00+00:00,0.0,45000.0,"POLYGON ((-97.9284583239546 29.829940069245925, -97.97478574416338 28.369529555461696, -99.42 27.14726208852722, -100.40746807628835 28.590985780266138, -97.9284583239546 29.829940069245925))"
31C,2022-04-25 05:55:00+00:00,2022-04-25 07:55:00+00:00,0.0,45000.0,"POLYGON ((-99.9088440199936 31.559864288047677, -99.24014862032445 30.59871439088051, -100.49941861497123 29.595008181510938, -101.83211056267488 29.737792400322206, -100.98896079337126 31.17787315193801, -99.9088440199936 31.559864288047677))"
11E,2022-04-25 05:55:00+00:00,2022-04-25 07:55:00+00:00,0.0,32000.0,"POLYGON ((-84.89446274988823 41.51388889812458, -84.1856375669269 40.55704115919584, -85.93477819273532 38.767299589683255, -87.61920469200656 38.19704852763164, -88.11191335027065 39.210187285409596, -84.89446274988823 41.51388889812458))"
33C,2022-04-25 05:55:00+00:00,2022-04-25 07:55:00+00:00,0.0,44000.0,"POLYGON ((-90.56890117115753 36.41607871991356, -89.69770687193491 35.712725732557736, -90.89631591065421 33.96961292769642, -92.83142100469607 34.899568291695424, -90.56890117115753 36.41607871991356))"
30C,2022-04-25 05:55:00+00:00,2022-04-25 07:55:00+00:00,0.0,45000.0,"POLYGON ((-92.35901190138455 37.67437199343035, -90.36402257489783 36.5791390401417, -96.71434134127256 32.12935950199946, -98.99391375753123 31.303235529630594, -100.75024110378601 31.98447010861638, -92.35901190138455 37.67437199343035))"
29C,2022-04-25 05:55:00+00:00,2022-04-25 07:55:00+00:00,0.0,39000.0,"POLYGON ((-90.48214243740559 39.59259528345068, -88.25219396380571 39.26784713992989, -87.59788647627107 38.23729876066183, -90.95 36.77547582294557, -92.35901190138455 37.67437199343035, -90.48214243740559 39.59259528345068))"
34C,2022-04-25 06:55:00+00:00,2022-04-25 08:55:00+00:00,0.0,39000.0,"POLYGON ((-89.5517258204303 38.85632607147959, -89.04451425747415 36.55395032724735, -90.54691308122061 33.99397898805165, -91.52857899530393 34.899568291695424, -91.77954652287164 36.38376907529102, -89.5517258204303 38.85632607147959))"
12E,2022-04-25 06:55:00+00:00,2022-04-25 08:55:00+00:00,0.0,38000.0,"POLYGON ((-81.13132408181599 25.479191370833874, -80.28 24.635417309845252, -82.31556621708232 24.11856181931795, -81.8 25.08910686720918, -81.13132408181599 25.479191370833874))"
13E,2022-04-25 06:55:00+00:00,2022-04-25 08:55:00+00:00,0.0,32000.0,"POLYGON ((-85.47773190061054 39.97191099467421, -85.87067734532506 38.95075290363385, -87.76 37.264524177054426, -88.73011668599193 37.6076769484504, -88.04374864468373 39.232630007132194, -85.47773190061054 39.97191099467421))"
36C,2022-04-25 06:55:00+00:00,2022-04-25 08:55:00+00:00,0.0,45000.0,"POLYGON ((-100.86490429076673 31.72225441977049, -98.85504110127808 31.41992584276884, -98.86748571452526 29.9922989611131, -100.49941861497123 29.595008181510938, -101.31242492237271 29.82946505737113, -100.86490429076673 31.72225441977049))"
35C,2022-04-25 06:55:00+00:00,2022-04-25 08:55:00+00:00,0.0,45000.0,"POLYGON ((-93.54681645824778 36.439634020808136, -91.90512709527358 36.42454854238829, -91.43005871587378 34.9323722435418, -97.99033620967357 31.403309752157494, -101.17202896709263 31.622645070378994, -93.54681645824778 36.439634020808136))"
37C,2022-04-25 06:55:00+00:00,2022-04-25 08:55:00+00:00,0.0,45000.0,"POLYGON ((-98.16876115196087 29.02486242619867, -97.96268250573681 28.090013686473597, -99.42 27.14726208852722, -100.33560159175852 28.437067538002406, -98.16876115196087 29.02486242619867))"
HOTEL 2,2022-04-25 07:45:00+00:00,2022-04-25 11:45:00+00:00,30000.0,39000.0,"POLYGON ((-44.15 45, -40 44, -40 38.15, -52.45 45, -44.15 45))"
14E,2022-04-25 07:55:00+00:00,2022-04-25 09:55:00+00:00,0.0,32000.0,"POLYGON ((-86.54659989784011 39.924149779426166, -86.10254901476702 38.507754313477484, -87.5507133551767 37.529115827353465, -88.09918209227934 38.0401633692901, -87.76797649628332 39.3228747974882, -86.54659989784011 39.924149779426166))"
40C,2022-04-25 07:55:00+00:00,2022-04-25 09:55:00+00:00,0.0,45000.0,"POLYGON ((-98.98242193513745 31.312908419662534, -98.69571394174415 29.84424576086164, -100.53494229718144 29.564248123733606, -102.38716587833457 30.437511336465015, -100.38529520118048 31.236417626666753, -98.98242193513745 31.312908419662534))"
41C,2022-04-25 07:55:00+00:00,2022-04-25 09:55:00+00:00,0.0,45000.0,"POLYGON ((-98.20672072959013 29.105494893387814, -97.74257510453529 28.01031934978744, -99.42 27.046287181737316, -99.88263518663963 27.888143110410745, -98.20672072959013 29.105494893387814))"
38C,2022-04-25 07:55:00+00:00,2022-04-25 09:55:00+00:00,0.0,39000.0,"POLYGON ((-88.66356709369279 38.63240449095374, -88.73470411380833 36.48914374145989, -90.28 34.125475822945575, -91.34023482709601 35.340840671314346, -90.81105039653666 37.47757326509065, -88.66356709369279 38.63240449095374))"
39C,2022-04-25 07:55:00+00:00,2022-04-25 09:55:00+00:00,0.0,45000.0,"POLYGON ((-90.95 36.94184477868197, -91.45959251106294 35.2660886208464, -96.68363356061322 31.658659501556194, -101.2868222453762 31.68846555646447, -92.93353794394818 36.59081121853718, -90.95 36.94184477868197))"
44C,2022-04-25 08:55:00+00:00,2022-04-25 10:55:00+00:00,,,"POLYGON ((-100.69137584059412 31.28433005594556, -100.58850750288866 31.251515719107562, -100.77000000000001 29.639094718335105, -102.80630239496453 30.588893986127804, -103.71129114223962 30.21433944549974, -100.69137584059412 31.28433005594556))"
15E,2022-04-25 08:55:00+00:00,2022-04-25 10:55:00+00:00,0.0,34000.0,"POLYGON ((-85.87950408307701 40.02599485532941, -86.10254901476702 38.507754313477484, -87.08469575162376 37.70676821432096, -87.25 38.767145302895536, -87.25 39.63457093942091, -85.87950408307701 40.02599485532941))"
45C,2022-04-25 08:55:00+00:00,2022-04-25 10:55:00+00:00,0.0,40000.0,"POLYGON ((-99.62636871375672 31.000555069351446, -98.15070279915912 30.59983285309897, -98.76768666664731 29.750294680984574, -99.82 30.02171624231643, -99.62636871375672 31.000555069351446))"
16E,2022-04-25 08:55:00+00:00,2022-04-25 10:55:00+00:00,0.0,37000.0,"POLYGON ((-82.15226527965021 25.35811317607286, -81.41077795151206 24.94242079322325, -82.30633174969883 24.398154296576635, -82.64732656347714 24.905958970233517, -82.15226527965021 25.35811317607286))"
42C,2022-04-25 08:55:00+00:00,2022-04-25 10:55:00+00:00,0.0,44000.0,"POLYGON ((-87.35212886633497 38.697823880951525, -88.55739457964997 36.27225553280849, -90.28 33.95910686720917, -91.45959251106294 35.2660886208464, -89.8796610192135 38.3878960443224, -87.35212886633497 38.697823880951525))"
46C,2022-04-25 08:55:00+00:00,2022-04-25 10:55:00+00:00,0.0,35000.0,"POLYGON ((-97.87599258993156 28.821542252083713, -97.78825021748051 28.026895518482068, -98.55123165489529 27.79563508947908, -98.46 28.475417309845252, -97.87599258993156 28.821542252083713))"
43C,2022-04-25 08:55:00+00:00,2022-04-25 10:55:00+00:00,0.0,45000.0,"POLYGON ((-90.31026745148384 37.51626790515472, -92.18 34.014524177054426, -97.27 31.160893132790832, -99.86 32.3136310442636, -94.8438734374506 34.918078013398485, -90.31026745148384 37.51626790515472))"
50C,2022-04-25 09:55:00+00:00,2022-04-25 11:55:00+00:00,0.0,32000.0,"POLYGON ((-98.00598879430139 30.788045887132, -98.26827197561913 30.04056049730809, -99.50080754022767 29.931779685033224, -99.04190690953568 30.874309919322872, -98.00598879430139 30.788045887132))"
18E,2022-04-25 09:55:00+00:00,2022-04-25 11:55:00+00:00,0.0,30000.0,"POLYGON ((-83.15779352751315 25.093231182681432, -81.8 24.756368955736395, -82.05826317622365 24.354498769588655, -82.89774879654998 24.586020889740663, -83.15779352751315 25.093231182681432))"
17E,2022-04-25 09:55:00+00:00,2022-04-25 11:55:00+00:00,0.0,30000.0,"POLYGON ((-85.65499763596836 40.626141198285254, -84.47621319106833 40.28918092840811, -85.55652426086432 39.016868325683724, -86.28 39.22089313279082, -85.65499763596836 40.626141198285254))"
49C,2022-04-25 09:55:00+00:00,2022-04-25 11:55:00+00:00,0.0,45000.0,"POLYGON ((-101.16812651666069 31.113332600325847, -100.59864812072149 31.062504521338145, -100.77000000000001 30.191844778681965, -103.06277080962697 29.978674224827614, -103.41488849464936 30.489911477706066, -101.16812651666069 31.113332600325847))"
48C,2022-04-25 09:55:00+00:00,2022-04-25 11:55:00+00:00,0.0,45000.0,"POLYGON ((-93.36010426525934 35.992927494591456, -91.43465701275326 34.42306291183953, -97.30754560406761 30.84092624332239, -99.70956832239567 32.17250074110116, -94.92719039127356 34.1411722960863, -93.36010426525934 35.992927494591456))"
47C,2022-04-25 09:55:00+00:00,2022-04-25 11:55:00+00:00,0.0,44000.0,"POLYGON ((-88.86000000000001 39.07452417705443, -87.25 38.824524177054435, -88.01984939778161 36.578220932134634, -89.98 34.35452417705442, -90.95 36.77547582294557, -88.86000000000001 39.07452417705443))"
52C,2022-04-25 10:55:00+00:00,2022-04-25 12:55:00+00:00,0.0,45000.0,"POLYGON ((-93.55369237067372 34.79967778427974, -91.39029749032743 33.8370566438334, -96.95145801990715 30.378725631603032, -99.0297603520084 31.771427799675823, -93.55369237067372 34.79967778427974))"
19E,2022-04-25 10:55:00+00:00,2022-04-25 12:55:00+00:00,0.0,30000.0,"POLYGON ((-82.71166105579938 25.41072961911324, -82.30787891407311 24.780147440348717, -82.81112116311739 24.20463046264165, -83.32829517781497 25.15526690948867, -82.71166105579938 25.41072961911324))"
51C,2022-04-25 10:55:00+00:00,2022-04-25 12:55:00+00:00,0.0,43000.0,"POLYGON ((-87.31040208744643 38.28206844692847, -88.18530744532066 35.63264639609369, -89.71287437024975 33.92927312269615, -89.98 35.18636895573639, -89.25492411692368 37.984327291508095, -87.31040208744643 38.28206844692847))"
53C,2022-04-25 10:55:00+00:00,2022-04-25 12:55:00+00:00,0.0,45000.0,"POLYGON ((-99.91103920662873 31.17787315193801, -100.11401343231498 29.984849906577576, -102.538802333545 30.02702113079422, -103.59349019726194 30.42685014830444, -101.61906623044611 31.364698776376372, -99.91103920662873 31.17787315193801))"
55C,2022-04-25 11:55:00+00:00,2022-04-25 13:55:00+00:00,0.0,45000.0,"POLYGON ((-93.41166701078076 34.681112093951626, -90.83393282566124 33.64976888747607, -96.75861590814 30.37773447881275, -98.52798954226242 31.208160016832483, -93.41166701078076 34.681112093951626))"
56C,2022-04-25 11:55:00+00:00,2022-04-25 13:55:00+00:00,0.0,45000.0,"POLYGON ((-99.52223097051171 31.2144805931974, -99.82 29.934524177054435, -102.538802333545 30.02702113079422, -103.59349019726194 30.42685014830444, -102.84265917581816 31.067568021638994, -99.52223097051171 31.2144805931974))"
54C,2022-04-25 11:55:00+00:00,2022-04-25 13:55:00+00:00,0.0,38000.0,"POLYGON ((-86.91013761408279 38.20357368423071, -87.89778469886632 35.51071962113872, -89.35973510056975 34.50728358549704, -89.72972013774783 35.22419749065341, -88.26915482639978 38.09487895379488, -86.91013761408279 38.20357368423071))"
57C,2022-04-25 12:55:00+00:00,2022-04-25 14:55:00+00:00,0.0,37000.0,"POLYGON ((-85.82350351542534 39.36618193125963, -86.44 37.096368955736395, -88.8175566141436 34.10444029904697, -89.32 35.35452417705444, -87.43439737751142 38.54437264639376, -85.82350351542534 39.36618193125963))"
59C,2022-04-25 12:55:00+00:00,2022-04-25 14:55:00+00:00,0.0,45000.0,"POLYGON ((-99.54685430981941 31.685170580762918, -99.5473142459251 30.36443442282847, -101.17634444960974 29.712306022433808, -102.538802333545 30.02702113079422, -102.62107565190276 31.07683748048786, -99.54685430981941 31.685170580762918))"
58C,2022-04-25 12:55:00+00:00,2022-04-25 14:55:00+00:00,0.0,45000.0,"POLYGON ((-89.93707830250177 36.01841945391434, -90.649018153004 33.58678686205006, -93.36032108541794 31.84696614422321, -96.95145801990715 30.378725631603032, -98.44269904503261 31.65463822396303, -89.93707830250177 36.01841945391434))"
61C,2022-04-25 13:55:00+00:00,2022-04-25 15:55:00+00:00,0.0,45000.0,"POLYGON ((-89.61003222112043 35.784369232382, -90.35617921768906 33.306271822500285, -93.81888681032521 31.475196610588036, -97.9284583239546 29.829940069245925, -98.24726069029435 31.656276482818313, -89.61003222112043 35.784369232382))"
62C,2022-04-25 13:55:00+00:00,2022-04-25 15:55:00+00:00,0.0,45000.0,"POLYGON ((-99.66411842057006 32.079149805587576, -99.2007154583307 30.377233831140668, -100.88741051376448 29.462175682880737, -102.53276853206532 30.014266797684222, -102.51196509169658 31.115131668758398, -99.66411842057006 32.079149805587576))"
60C,2022-04-25 13:55:00+00:00,2022-04-25 15:55:00+00:00,0.0,35000.0,"POLYGON ((-86.35855722106766 37.84276082397626, -87.0920168853577 36.13929443076551, -88.51 33.32363104426362, -88.45503416342676 35.311040857363004, -87.4626592242545 37.69434414949987, -86.35855722106766 37.84276082397626))"
YANKEE 1,2022-04-25 14:33:00+00:00,2022-04-25 18:35:00+00:00,0.0,43000.0,"POLYGON ((-177.15 22.15, -174.45 21, -179.15 18.3, -179.3 20.15, -177.15 22.15))"
63C,2022-04-25 14:55:00+00:00,2022-04-25 16:55:00+00:00,0.0,45000.0,"POLYGON ((-89.048224619204 35.485428142572246, -90.25834192722428 32.48522587896217, -98.46 28.91714530289553, -102.46957207531297 29.880467546353547, -102.4742845959073 30.949015620762108, -89.048224619204 35.485428142572246))"
64C,2022-04-25 15:55:00+00:00,2022-04-25 17:55:00+00:00,0.0,45000.0,"POLYGON ((-88.45503416342676 35.311040857363004, -91.43634007418522 30.362288468857546, -98.46 28.475417309845252, -102.538802333545 30.02702113079422, -102.80089609602597 30.886209881840895, -88.45503416342676 35.311040857363004))"
65C,2022-04-25 16:55:00+00:00,2022-04-25 18:55:00+00:00,0.0,45000.0,"POLYGON ((-88.45503416342676 35.311040857363004, -89.24504041496903 33.23316220099817, -91.83400626485543 30.287912163885885, -99.965680093625 28.65174496788047, -102.02796151273816 30.1230252703179, -88.45503416342676 35.311040857363004))"
66C,2022-04-25 17:55:00+00:00,2022-04-25 19:55:00+00:00,0.0,45000.0,"POLYGON ((-88.21067442012458 35.296086248612134, -88.90897290102531 33.489360755019305, -91.8434001766788 30.008310933543626, -99.05864037965829 28.248057168535688, -102.6849410858184 30.33484528207487, -88.21067442012458 35.296086248612134))"
INDIA 1,2022-04-25 18:35:00+00:00,2022-04-25 22:35:00+00:00,30000.0,37000.0,"POLYGON ((-61 43.15, -60.3 37, -65.45 35.15, -66.15 42.15, -61 43.15))"
20E,2022-04-25 18:55:00+00:00,2022-04-25 20:55:00+00:00,0.0,32000.0,"POLYGON ((-80.70461838611386 42.14658812612753, -81.43043106454664 40.65070844284583, -83.00183266742879 39.38074186351281, -82.10653349763139 41.88083087863005, -80.70461838611386 42.14658812612753))"
21E,2022-04-25 18:55:00+00:00,2022-04-25 20:55:00+00:00,0.0,28000.0,"POLYGON ((-77.1122665526297 43.15637605948843, -77.97 42.175475822945565, -78.4463844034737 42.18802958541869, -78.1955601379568 42.929101248647214, -77.1122665526297 43.15637605948843))"
68C,2022-04-25 18:55:00+00:00,2022-04-25 20:55:00+00:00,0.0,38000.0,"POLYGON ((-85.70978995831642 36.339555115290295, -86.09137542501622 35.274706015909025, -89.71924940815902 31.48986740793502, -91.13179596163505 32.19840184218151, -88.61704676163279 35.08681842954281, -85.70978995831642 36.339555115290295))"
67C,2022-04-25 18:55:00+00:00,2022-04-25 20:55:00+00:00,0.0,45000.0,"POLYGON ((-93.04243792398498 32.6448138941167, -89.28649121884918 31.296328646015013, -91.3 29.980893132790822, -98.2439503521684 28.603508537447617, -102.538802333545 30.02702113079422, -93.04243792398498 32.6448138941167))"
CHARLIE 1,2022-04-25 19:40:00+00:00,2022-04-25 23:40:00+00:00,0.0,45000.0,"POLYGON ((-127.3 12.15, -120 12, -120 9, -127.3 8.3, -127.3 12.15))"
72C,2022-04-25 19:55:00+00:00,2022-04-25 21:55:00+00:00,0.0,42000.0,"POLYGON ((-101.54051786661634 30.97811108226633, -99.58296709005478 30.39533096916344, -100.61683309493958 29.304587614864637, -102.59613570733227 30.14803577570539, -101.54051786661634 30.97811108226633))"
71C,2022-04-25 19:55:00+00:00,2022-04-25 21:55:00+00:00,0.0,45000.0,"POLYGON ((-96.31 29.338283757683588, -98.13014041441542 27.28492055844674, -98.90151587529454 28.704306192103143, -98.46 29.206287181737324, -96.31 29.338283757683588))"
69C,2022-04-25 19:55:00+00:00,2022-04-25 21:55:00+00:00,0.0,45000.0,"POLYGON ((-94.19543964348306 31.948221909203493, -91.00634079759575 29.86485148460848, -98.46 29.140893132790826, -99.22565175848308 29.637801042878127, -97.68306198905013 31.30641264694936, -94.19543964348306 31.948221909203493))"
70C,2022-04-25 19:55:00+00:00,2022-04-25 21:55:00+00:00,0.0,45000.0,"POLYGON ((-85.73222510669639 35.81792757448312, -88.57267001486544 32.84091084179845, -91.07941294636004 30.018699733930546, -92.2776434054425 30.798693907059313, -88.06571114589123 35.179210967045584, -85.73222510669639 35.81792757448312))"
22E,2022-04-25 19:58:00+00:00,2022-04-25 21:55:00+00:00,0.0,32000.0,"POLYGON ((-80.4395700882026 42.28703542037357, -80.75377302228652 41.23763620947404, -82.80587190461488 39.749100554992324, -81.85 41.85371281826269, -80.4395700882026 42.28703542037357))"
23E,2022-04-25 19:58:00+00:00,2022-04-25 21:55:00+00:00,0.0,36000.0,"POLYGON ((-85.74349678740435 31.15858205427394, -84.96802379938495 30.177245489704976, -85.27598332402995 30.064784393035186, -86.0065606493468 30.82825830528209, -85.74349678740435 31.15858205427394))"
24E,2022-04-25 19:58:00+00:00,2022-04-25 21:55:00+00:00,0.0,30000.0,"POLYGON ((-84.04 39.62452417705443, -83.00183266742879 39.38074186351281, -85.15 35.79184477868197, -86.10078441041736 35.66804004464822, -85.41886734215153 37.792480026001066, -84.04 39.62452417705443))"
26E,2022-04-25 20:55:00+00:00,2022-04-25 22:55:00+00:00,0.0,30000.0,"POLYGON ((-85.74349678740435 31.15858205427394, -84.68523066856352 30.39957196330242, -84.93953621042431 29.887540613061333, -86.0065606493468 30.82825830528209, -85.74349678740435 31.15858205427394))"
25E,2022-04-25 20:55:00+00:00,2022-04-25 22:55:00+00:00,0.0,34000.0,"POLYGON ((-79.27782145403897 42.73728142410839, -78.67091775110816 42.18912424952679, -82.45664716282957 38.749224575848025, -81.40964569102248 42.01455938435454, -79.27782145403897 42.73728142410839))"
27E,2022-04-25 20:55:00+00:00,2022-04-25 22:55:00+00:00,0.0,30000.0,"POLYGON ((-82.59 40.15, -83.40097382900974 38.29630242707246, -84.11 37.861844778681956, -84.94576833930444 38.09829549534103, -83.43719309485924 40.09743354371793, -82.59 40.15))"
73C,2022-04-25 20:55:00+00:00,2022-04-25 22:55:00+00:00,0.0,45000.0,"POLYGON ((-96.90834700221919 31.78682344377124, -94.16734898917797 31.629382887404784, -90 29.85, -97.06910828640608 28.757878939558193, -98.84283005915168 29.63945025158266, -96.90834700221919 31.78682344377124))"
76C,2022-04-25 20:55:00+00:00,2022-04-25 22:55:00+00:00,0.0,45000.0,"POLYGON ((-100.45 30.87089313279082, -99.41705686131941 29.63656417232421, -99.81908771037706 27.832352448892518, -101.04058138502877 29.595008181510938, -102.46607336090584 29.873048685196448, -100.45 30.87089313279082))"
75C,2022-04-25 20:55:00+00:00,2022-04-25 22:55:00+00:00,0.0,45000.0,"POLYGON ((-98.46 29.473631044263605, -97.06910828640608 28.757878939558193, -97.73628050297819 26.688087754764904, -99.42 28.478213734418357, -98.46 29.473631044263605))"
74C,2022-04-25 20:55:00+00:00,2022-04-25 22:55:00+00:00,0.0,45000.0,"POLYGON ((-86.02375254559962 36.9292737958457, -84.91687826687163 35.895629023354104, -88.61786802314349 32.44353573685236, -90 29.85, -92.2776434054425 30.798693907059313, -86.02375254559962 36.9292737958457))"
INDIA 2,2022-04-25 21:20:00+00:00,2022-04-26 01:20:00+00:00,26000.0,42000.0,"POLYGON ((-62.3 42.15, -60.3 37.3, -65.15 35.15, -66.3 40.15, -62.3 42.15))"
CHARLIE 2,2022-04-25 21:25:00+00:00,2022-04-26 01:25:00+00:00,0.0,40000.0,"POLYGON ((-125.45 13.15, -120.15 12.15, -120 8.45, -125.3 8.45, -125.45 13.15))"
31E,2022-04-25 21:55:00+00:00,2022-04-25 23:55:00+00:00,0.0,31000.0,"POLYGON ((-86.68 29.673432484632833, -85.75476593018477 29.165757780119698, -86.68 28.08315215100301, -87.25277072908092 29.626644268814356, -86.68 29.673432484632833))"
29E,2022-04-25 21:55:00+00:00,2022-04-25 23:55:00+00:00,0.0,36000.0,"POLYGON ((-85.59983312185356 31.60459384869084, -84.68523066856352 30.39957196330242, -85.05671299195751 29.78473490538728, -86.36854926349257 30.940277313478457, -85.59983312185356 31.60459384869084))"
77C,2022-04-25 21:55:00+00:00,2022-04-25 23:55:00+00:00,0.0,45000.0,"POLYGON ((-94.24007399850616 31.568018749345676, -90.33464071380915 29.384249635810164, -96.54276886535686 28.555346428855596, -98.22524131691368 29.435339105058752, -96.64381833320779 31.437171228573096, -94.24007399850616 31.568018749345676))"
30E,2022-04-25 21:55:00+00:00,2022-04-25 23:55:00+00:00,0.0,34000.0,"POLYGON ((-82.59 40.64910686720918, -81.97007102379331 40.61891570090371, -83.01103166767426 38.427558092677764, -83.86928161818403 37.49087212796139, -85.33880365827855 37.63863816680658, -82.59 40.64910686720918))"
28E,2022-04-25 21:55:00+00:00,2022-04-25 23:55:00+00:00,0.0,32000.0,"POLYGON ((-78.29866494279787 43.544285639929164, -78.64631552403947 41.836100608636, -82.66996495175383 38.748255313631006, -80.462231765115 42.3272813821997, -79.01443743985531 43.48723584522711, -78.29866494279787 43.544285639929164))"
80C,2022-04-25 21:55:00+00:00,2022-04-25 23:55:00+00:00,0.0,44000.0,"POLYGON ((-100.45 30.87089313279082, -98.75481726216897 30.254493428529763, -100.77 29.36, -101.04058138502877 29.595008181510938, -102.46607336090584 29.873048685196448, -100.45 30.87089313279082))"
78C,2022-04-25 21:55:00+00:00,2022-04-25 23:55:00+00:00,0.0,45000.0,"POLYGON ((-86.68 36.14, -85.15 35.95821373441836, -88.06993387320037 32.63256398647828, -90.2462813237197 29.487330241858594, -91.83400626485543 30.287912163885885, -86.68 36.14))"
79C,2022-04-25 21:55:00+00:00,2022-04-25 23:55:00+00:00,0.0,45000.0,"POLYGON ((-98.84283005915168 29.63945025158266, -96.83503851728094 28.567985602147154, -98.03728810715624 26.50671793071436, -99.81908771037706 27.832352448892518, -100.47954528520262 28.74486603371117, -98.84283005915168 29.63945025158266))"
35E,2022-04-25 22:55:00+00:00,2022-04-26 00:55:00+00:00,0.0,36000.0,"POLYGON ((-86.68 29.673432484632833, -85.75476593018477 29.165757780119698, -86.68 28.08315215100301, -87.25277072908092 29.626644268814356, -86.68 29.673432484632833))"
34E,2022-04-25 22:55:00+00:00,2022-04-26 00:55:00+00:00,0.0,35000.0,"POLYGON ((-82.06998081755158 41.01909137011609, -80.82 40.02, -82.68074602949493 38.23705444012832, -84.04682138313119 38.5070369607615, -82.59 40.58371281826268, -82.06998081755158 41.01909137011609))"
33E,2022-04-25 22:55:00+00:00,2022-04-26 00:55:00+00:00,0.0,31000.0,"POLYGON ((-85.07225982236679 31.380988855197657, -84.68523066856352 30.39957196330242, -85.05671299195751 29.78473490538728, -86.2017584822587 31.238030285347172, -85.07225982236679 31.380988855197657))"
84C,2022-04-25 22:55:00+00:00,2022-04-26 00:55:00+00:00,0.0,45000.0,"POLYGON ((-100.65978853321846 30.597303392786653, -99.69180096064252 30.332804887914524, -99.82 29.877145302895535, -101.00505770281856 29.564248123733606, -102.53276853206532 30.014266797684222, -100.65978853321846 30.597303392786653))"
1W,2022-04-25 22:55:00+00:00,2022-04-26 00:55:00+00:00,0.0,25000.0,"POLYGON ((-118.11203538955132 45.69700961618944, -117.65322489111642 45.10702535290933, -119.30530041167779 44.38759448554796, -119.80868992632496 45.08332124688305, -118.11203538955132 45.69700961618944))"
32E,2022-04-25 22:55:00+00:00,2022-04-26 00:55:00+00:00,0.0,30000.0,"POLYGON ((-76.85010376799912 43.628731024394895, -77.39828160096198 42.54115525356828, -80.82 40.02, -81.43872654740797 40.488923295491006, -79.01443743985531 43.48723584522711, -76.85010376799912 43.628731024394895))"
81C,2022-04-25 22:55:00+00:00,2022-04-26 00:55:00+00:00,0.0,43000.0,"POLYGON ((-95.79337126779116 30.773546836606535, -92.64847669293799 30.952504891110653, -94.76920999790224 28.72908784338094, -96.5777864632944 28.5244548834196, -98.84283005915168 29.63945025158266, -95.79337126779116 30.773546836606535))"
83C,2022-04-25 22:55:00+00:00,2022-04-26 00:55:00+00:00,0.0,45000.0,"POLYGON ((-98.84283005915168 29.63945025158266, -96.5777864632944 28.5244548834196, -98.16954681085284 26.623699920561336, -99.42 27.14726208852722, -100.5518351383374 28.898707942725284, -98.84283005915168 29.63945025158266))"
82C,2022-04-25 22:55:00+00:00,2022-04-26 00:55:00+00:00,0.0,43000.0,"POLYGON ((-86.68 36.14, -85.71395262226457 35.14969752618969, -88.77208472143745 31.08227108564997, -90.2462813237197 29.487330241858594, -92.03195981314778 29.19447143463311, -86.68 36.14))"
38E,2022-04-25 23:55:00+00:00,2022-04-26 01:55:00+00:00,0.0,41000.0,"POLYGON ((-81.55728735867291 40.885362810551285, -80.82 40.02, -83.72428277491134 37.33605812315241, -84.3190106655796 37.4305155174596, -82.59 39.86085812115821, -81.55728735867291 40.885362810551285))"
37E,2022-04-25 23:55:00+00:00,2022-04-26 01:55:00+00:00,0.0,33000.0,"POLYGON ((-84.75991660398796 31.493164173231474, -84.68523066856352 30.39957196330242, -85.0204554601191 30.3982878753664, -85.74349678740435 31.15858205427394, -84.75991660398796 31.493164173231474))"
36E,2022-04-25 23:55:00+00:00,2022-04-26 01:55:00+00:00,0.0,37000.0,"POLYGON ((-76.46383832995865 43.620812944163745, -76.37368908246789 42.85245848497601, -80.82 40.02, -81.85 40.58815522131804, -79.01443743985531 43.48723584522711, -76.46383832995865 43.620812944163745))"
88C,2022-04-25 23:55:00+00:00,2022-04-26 01:55:00+00:00,0.0,41000.0,"POLYGON ((-100.1776144409752 30.72684432285914, -99.28533853559829 30.407906945601354, -99.45305430561322 29.830960657982878, -100.91654238026068 29.667329654168437, -101.44882467988724 29.9464842995664, -100.1776144409752 30.72684432285914))"
85C,2022-04-25 23:55:00+00:00,2022-04-26 01:55:00+00:00,0.0,38000.0,"POLYGON ((-92.64847669293799 30.952504891110653, -94.91416845680416 28.243499346776428, -96.31 27.928155221318043, -98.31394132043172 29.332510241277244, -97.11941951638202 30.73228010495411, -92.64847669293799 30.952504891110653))"
86C,2022-04-25 23:55:00+00:00,2022-04-26 01:55:00+00:00,0.0,45000.0,"POLYGON ((-86.68 36.14, -85.1222339628285 35.89370591873032, -88.36 31.395475822945567, -89.64602028639285 29.722194676553414, -90.75659982332118 30.008310933543626, -86.68 36.14))"
87C,2022-04-25 23:55:00+00:00,2022-04-26 01:55:00+00:00,0.0,45000.0,"POLYGON ((-98.24124241342822 29.178705907425243, -96.31 27.928155221318043, -98.0650625936352 26.173055034308472, -98.92245857122617 26.403183741939042, -100.5518351383374 28.898707942725284, -98.24124241342822 29.178705907425243))"
1E,2022-04-26 00:55:00+00:00,2022-04-26 02:55:00+00:00,0.0,30000.0,"POLYGON ((-75.57692243757415 44.29341081143693, -75.8344515180359 43.04876768707956, -80.29550089668525 40.184793964076796, -81.11125870728523 40.55390148349057, -79.09747835424207 43.512692320613674, -75.57692243757415 44.29341081143693))"
4C,2022-04-26 00:55:00+00:00,2022-04-26 02:55:00+00:00,0.0,35000.0,"POLYGON ((-99.35527079019141 30.43319942851285, -98.22428605825584 29.84424576086164, -98.92857195293236 29.23026818207199, -100.53494229718144 29.564248123733606, -100.77000000000001 29.938283757683575, -99.35527079019141 30.43319942851285))"
2C,2022-04-26 00:55:00+00:00,2022-04-26 02:55:00+00:00,0.0,40000.0,"POLYGON ((-86.68 36.14, -85.1222339628285 35.89370591873032, -87.71259602304839 31.993329976444404, -88.50860879685226 31.037325110449682, -89.48118569360773 31.29765030211519, -86.68 36.14))"
3C,2022-04-26 00:55:00+00:00,2022-04-26 02:55:00+00:00,0.0,45000.0,"POLYGON ((-98.24124241342822 29.178705907425243, -95.52363788459166 27.066975541876868, -97.89351961065984 26.110094613862955, -98.92245857122617 26.403183741939042, -100.08658534258933 28.066613842301024, -98.24124241342822 29.178705907425243))"
1C,2022-04-26 00:55:00+00:00,2022-04-26 02:55:00+00:00,0.0,38000.0,"POLYGON ((-94.07186867438337 30.136494069969416, -94.39425047683054 28.04616856105403, -95.52363788459166 27.066975541876868, -98.31394132043172 29.332510241277244, -96.31012243276145 29.956519387931614, -94.07186867438337 30.136494069969416))"
9C,2022-04-26 01:55:00+00:00,2022-04-26 03:55:00+00:00,0.0,39000.0,"POLYGON ((-87.65093789156711 30.11470971945061, -86.04444113734216 29.492786588926627, -86.68 28.516864969265686, -87.82382247606333 28.330892759492034, -87.65093789156711 30.11470971945061))"
8C,2022-04-26 01:55:00+00:00,2022-04-26 03:55:00+00:00,0.0,42000.0,"POLYGON ((-99.94819903935748 30.332804887914524, -97.88438430987316 30.0728405294609, -97.87487287883147 29.127580541516576, -99.99883715737353 27.989937262150494, -100.83339526059724 29.226418882190558, -99.94819903935748 30.332804887914524))"
2E,2022-04-26 01:55:00+00:00,2022-04-26 03:55:00+00:00,0.0,39000.0,"POLYGON ((-85.07181607095315 31.657616916745877, -84.76066573181107 30.752279591336823, -85.12154200193127 30.397732665893674, -85.51755975092713 30.82481054163949, -85.07181607095315 31.657616916745877))"
6C,2022-04-26 01:55:00+00:00,2022-04-26 03:55:00+00:00,0.0,36000.0,"POLYGON ((-86.68 36.14, -85.1222339628285 35.89370591873032, -87.40551463045553 31.833358741004904, -88.36 30.73, -90 30.349106867209183, -86.68 36.14))"
5C,2022-04-26 01:55:00+00:00,2022-04-26 03:55:00+00:00,0.0,35000.0,"POLYGON ((-93.99580577507679 29.818693376637544, -93.97750880328364 28.292691090479412, -95.52363788459166 27.066975541876868, -97.44 28.73184477868196, -96.31 29.59184477868197, -93.99580577507679 29.818693376637544))"
7C,2022-04-26 01:55:00+00:00,2022-04-26 03:55:00+00:00,0.0,45000.0,"POLYGON ((-97.78715740613077 29.050099161629138, -95.52363788459166 27.066975541876868, -97.20901155940416 25.9835663134633, -98.92245857122617 26.403183741939042, -100.08658534258933 28.066613842301024, -97.78715740613077 29.050099161629138))"
3E,2022-04-26 02:55:00+00:00,2022-04-26 04:55:00+00:00,0.0,25000.0,"POLYGON ((-78.05765675836237 42.928473009159376, -77.52113344352595 42.31053049138898, -78.83 40.32, -79.3568361462121 40.48478133820781, -78.05765675836237 42.928473009159376))"
10C,2022-04-26 02:55:00+00:00,2022-04-26 04:55:00+00:00,0.0,45000.0,"POLYGON ((-94.84451471142265 28.890506448935586, -93.8656034962644 28.53504364351811, -96.09411645212177 25.914327098935846, -97.38 25.92, -95.96118631169823 28.45287102585781, -94.84451471142265 28.890506448935586))"
14C,2022-04-26 02:55:00+00:00,2022-04-26 04:55:00+00:00,0.0,32000.0,"POLYGON ((-87.54479807310904 30.02160816642563, -86.68 29.16631044263607, -86.68 27.33625192953575, -87.8298273107671 28.333201260106424, -87.54479807310904 30.02160816642563))"
11C,2022-04-26 02:55:00+00:00,2022-04-26 04:55:00+00:00,0.0,32000.0,"POLYGON ((-85.39941605801957 36.925461404494385, -84.0478077831917 36.20730666885549, -86.61651678211705 33.90495787585899, -87.36923758300242 31.41637955877519, -89.53851323964713 31.55265062430279, -85.39941605801957 36.925461404494385))"
12C,2022-04-26 02:55:00+00:00,2022-04-26 04:55:00+00:00,0.0,45000.0,"POLYGON ((-97.40295305061021 29.25380946951011, -96.31 27.76178626558165, -97.38 25.92, -98.92245857122617 26.403183741939042, -100.08658534258933 28.066613842301024, -97.40295305061021 29.25380946951011))"
13C,2022-04-26 02:55:00+00:00,2022-04-26 04:55:00+00:00,0.0,39000.0,"POLYGON ((-101.62213768951258 30.942903048752388, -98.92420381391062 30.915265457665612, -97.40295305061021 29.25380946951011, -100.08658534258933 28.066613842301024, -100.77 29.36, -101.62213768951258 30.942903048752388))"
17C,2022-04-26 03:55:00+00:00,2022-04-26 05:55:00+00:00,0.0,45000.0,"POLYGON ((-97.8857575237771 29.638763074626933, -96.40015767798008 27.514100713451217, -97.38 25.92, -98.92245857122617 26.403183741939042, -100.33560159175852 28.437067538002406, -97.8857575237771 29.638763074626933))"
18C,2022-04-26 03:55:00+00:00,2022-04-26 05:55:00+00:00,0.0,39000.0,"POLYGON ((-100.1776144409752 30.72684432285914, -97.8857575237771 29.638763074626933, -100.40746807628835 28.590985780266138, -100.62433957135816 29.05251114857484, -100.81982898076103 30.600944743093184, -100.1776144409752 30.72684432285914))"
16C,2022-04-26 03:55:00+00:00,2022-04-26 05:55:00+00:00,0.0,31000.0,"POLYGON ((-85.39941605801957 36.925461404494385, -83.66996176001429 36.67626420156543, -85.71132999506742 34.76770783890459, -86.73978426134461 34.962369672831116, -85.39941605801957 36.925461404494385))"
15C,2022-04-26 03:55:00+00:00,2022-04-26 05:55:00+00:00,0.0,45000.0,"POLYGON ((-94.39425047683054 28.04616856105403, -95.90024978959222 25.91248758424627, -97.38 25.92, -96.40015767798008 27.514100713451217, -95.11427998141316 27.695978643763755, -94.39425047683054 28.04616856105403))"
19C,2022-04-26 03:55:00+00:00,2022-04-26 05:55:00+00:00,0.0,42000.0,"POLYGON ((-87.33793374546323 29.444992833966868, -86.68 29.16631044263607, -86.68 27.33625192953575, -87.8298273107671 28.333201260106424, -87.33793374546323 29.444992833966868))"
ZULU 1,2022-04-26 04:01:00+00:00,2022-04-26 08:05:00+00:00,0.0,43000.0,"POLYGON ((-178 26.45, -170.3 21, -170.3 20.45, -177.15 17, -179 25.15, -178 26.45))"
JULIETT 1,2022-04-26 04:30:00+00:00,2022-04-26 08:30:00+00:00,0.0,46000.0,"POLYGON ((-95.3 28.15, -93 28.15, -93.45 25, -96.3 26, -95.3 28.15))"
4E,2022-04-26 04:55:00+00:00,2022-04-26 06:55:00+00:00,0.0,33000.0,"POLYGON ((-84.65327581176757 37.02876167759472, -83.77586982940379 36.91888150633264, -85.50280321619773 34.95948990812308, -86.83834088501001 34.92956635204474, -84.65327581176757 37.02876167759472))"
20C,2022-04-26 04:55:00+00:00,2022-04-26 06:55:00+00:00,0.0,45000.0,"POLYGON ((-98.33302788810695 29.372807267868655, -97.09396177944545 27.592886835540096, -97.38 25.92, -98.98711063930139 26.544369055341324, -100.64337466803072 29.09280795353022, -98.33302788810695 29.372807267868655))"
21C,2022-04-26 04:55:00+00:00,2022-04-26 06:55:00+00:00,0.0,38000.0,"POLYGON ((-86.76683515904386 29.433885516354824, -86.59316484095615 29.334695695227285, -87.82927245213817 27.170409082101965, -88.00294277022589 27.269598903229504, -86.76683515904386 29.433885516354824))"
6E,2022-04-26 05:55:00+00:00,2022-04-26 07:55:00+00:00,0.0,34000.0,"POLYGON ((-82.9696886330886 26.082471363350162, -82.34877046593833 26.017738104960138, -82.6876465156075 25.70931751315879, -83.26567721648051 25.96906625691275, -82.9696886330886 26.082471363350162))"
5E,2022-04-26 05:55:00+00:00,2022-04-26 07:55:00+00:00,0.0,30000.0,"POLYGON ((-84.24909339589053 37.29705121201085, -83.43881637968013 37.24941184401323, -85.50280321619773 34.95948990812308, -87.16547408375953 34.598919811549685, -84.24909339589053 37.29705121201085))"
23C,2022-04-26 05:55:00+00:00,2022-04-26 07:55:00+00:00,0.0,35000.0,"POLYGON ((-86.76683515904386 29.433885516354824, -86.59316484095615 29.334695695227285, -87.82927245213817 27.170409082101965, -88.00294277022589 27.269598903229504, -86.76683515904386 29.433885516354824))"
22C,2022-04-26 05:55:00+00:00,2022-04-26 07:55:00+00:00,0.0,41000.0,"POLYGON ((-98.46 30.13910686720918, -97.38 26.75184477868197, -97.38 25.92, -98.92245857122617 26.403183741939042, -100.62433957135816 29.05251114857484, -98.46 30.13910686720918))"
7E,2022-04-26 06:55:00+00:00,2022-04-26 08:55:00+00:00,0.0,39000.0,"POLYGON ((-82.9696886330886 26.082471363350162, -82.46192584628776 25.915018749823794, -83.1272580513645 25.08209383769077, -83.26567721648051 25.96906625691275, -82.9696886330886 26.082471363350162))"
24C,2022-04-26 06:55:00+00:00,2022-04-26 08:55:00+00:00,0.0,42000.0,"POLYGON ((-98.46 30.13910686720918, -97.29632645471655 27.592515801743094, -97.19502348912748 25.919882609626494, -98.92245857122617 26.403183741939042, -101.17634444960974 29.712306022433808, -98.46 30.13910686720918))"
25C,2022-04-26 06:55:00+00:00,2022-04-26 08:55:00+00:00,0.0,31000.0,"POLYGON ((-86.97469838740562 30.21484687132116, -86.68 27.668989841008543, -87.72296114102724 27.04152715334124, -87.77484681867278 29.499047987964754, -86.97469838740562 30.21484687132116))"
ZULU 2,2022-04-26 07:36:00+00:00,2022-04-26 11:40:00+00:00,0.0,43000.0,"POLYGON ((-172.3 22, -174.15 14.45, -178.45 13.15, -176 23.45, -172.3 22))"
NOVEMBER 1,2022-04-26 07:38:00+00:00,2022-04-26 11:40:00+00:00,0.0,46000.0,"POLYGON ((135.15 14, 135.3 12.45, 130.45 11.3, 130.3 13.45, 135.15 14))"
8E,2022-04-26 07:55:00+00:00,2022-04-26 09:55:00+00:00,0.0,39000.0,"POLYGON ((-82.82147967814069 26.138947310243392, -82.46192584628776 25.915018749823794, -83.42363949854274 25.189844720695156, -83.69098303548607 26.373098682536693, -82.82147967814069 26.138947310243392))"
26C,2022-04-26 07:55:00+00:00,2022-04-26 09:55:00+00:00,0.0,45000.0,"POLYGON ((-101.31242492237271 29.82946505737113, -99.38034637978012 29.67703147106246, -95.90024978959222 25.91248758424627, -97.38 25.92, -98.92245857122617 26.403183741939042, -101.31242492237271 29.82946505737113))"
27C,2022-04-26 08:55:00+00:00,2022-04-26 10:55:00+00:00,0.0,31000.0,"POLYGON ((-101.02525913256676 29.894021497776528, -100.53494229718144 29.564248123733606, -100.65282494060628 29.257721711088298, -101.23049976398207 29.52518385684876, -101.02525913256676 29.894021497776528))"
28C,2022-04-26 08:55:00+00:00,2022-04-26 10:55:00+00:00,0.0,45000.0,"POLYGON ((-98.46 28.62800342405374, -96.25484343725542 25.91565662606867, -97.38 25.92, -98.92585072700302 26.410600769141197, -99.42 28.347425636525365, -98.46 28.62800342405374))"
9E,2022-04-26 09:55:00+00:00,2022-04-26 11:55:00+00:00,0.0,30000.0,"POLYGON ((-86.09137542501622 35.274706015909025, -85.22783081622552 35.11368006321059, -86.15906538720938 33.92245771569492, -87.61805150855713 32.37448623374021, -88.40600292280716 32.379387328914525, -86.09137542501622 35.274706015909025))"
29C,2022-04-26 09:55:00+00:00,2022-04-26 11:55:00+00:00,0.0,43000.0,"POLYGON ((-99.0730940857312 27.60690324656741, -97.04195578726753 27.54650673740423, -95.90024978959222 25.91248758424627, -97.38 25.92, -98.85214661324234 26.24921237869783, -99.0730940857312 27.60690324656741))"
NOVEMBER 2,2022-04-26 10:48:00+00:00,2022-04-26 14:50:00+00:00,0.0,46000.0,"POLYGON ((137.15 12.3, 138.3 9.3, 131.45 12, 133.3 14, 137.15 12.3))"
10E,2022-04-26 10:55:00+00:00,2022-04-26 12:55:00+00:00,0.0,31000.0,"POLYGON ((-84.34781308735664 36.568647514169584, -82.70459351014476 36.62962449003041, -87.23159293349036 32.53506400034328, -88.40600292280716 32.379387328914525, -84.34781308735664 36.568647514169584))"
30C,2022-04-26 10:55:00+00:00,2022-04-26 12:55:00+00:00,0.0,41000.0,"POLYGON ((-99.23247284993 27.479874368700138, -96.7780168239361 27.310217183571183, -95.90024978959222 25.91248758424627, -97.38 25.92, -98.75308648715274 26.42285356834863, -99.23247284993 27.479874368700138))"
32C,2022-04-26 11:55:00+00:00,2022-04-26 13:55:00+00:00,0.0,42000.0,"POLYGON ((-98.81657875416015 27.699998215770908, -95.6252841777307 27.289050188125575, -96.09411645212177 25.914327098935846, -97.38 25.92, -98.27354169926986 26.249207067972687, -98.81657875416015 27.699998215770908))"
12E,2022-04-26 11:55:00+00:00,2022-04-26 13:55:00+00:00,0.0,32000.0,"POLYGON ((-82.15226527965021 25.35811317607286, -81.1500602686632 25.176804459684146, -80.62095753929755 24.139753076510644, -81.8 23.924524177054433, -82.15226527965021 25.35811317607286))"
11E,2022-04-26 11:55:00+00:00,2022-04-26 13:55:00+00:00,0.0,31000.0,"POLYGON ((-82.94898922779338 37.406356199840886, -82.42335417092119 36.674922804384515, -86.4710229022998 32.527320017737416, -88.64973307476369 32.07250108539319, -82.94898922779338 37.406356199840886))"
31C,2022-04-26 11:55:00+00:00,2022-04-26 13:55:00+00:00,0.0,32000.0,"POLYGON ((-98.2392296444803 30.10093177842394, -97.50294313868058 29.63656417232421, -98.02444373483362 28.717059469156037, -98.81324294214723 29.512198675941516, -98.2392296444803 30.10093177842394))"
13E,2022-04-26 12:55:00+00:00,2022-04-26 14:55:00+00:00,0.0,30000.0,"POLYGON ((-84.91562256686002 35.42088991178049, -84.20197461730983 35.28477596877902, -84.9950314518809 33.819760926903065, -88.65817976081344 31.3444788351749, -89.28649121884918 31.296328646015013, -84.91562256686002 35.42088991178049))"
34C,2022-04-26 12:55:00+00:00,2022-04-26 14:55:00+00:00,0.0,44000.0,"POLYGON ((-96.2275652615983 27.44903282648202, -95.90024978959222 25.91248758424627, -97.38 25.92, -98.40870393866415 26.29836449827671, -98.10198317606388 27.310217183571183, -96.2275652615983 27.44903282648202))"
33C,2022-04-26 12:55:00+00:00,2022-04-26 14:55:00+00:00,0.0,33000.0,"POLYGON ((-98.46 29.80636895573639, -97.50294313868058 29.63656417232421, -98.02444373483362 28.717059469156037, -98.81324294214723 29.512198675941516, -98.46 29.80636895573639))"
KILO 1,2022-04-26 13:50:00+00:00,2022-04-26 17:50:00+00:00,0.0,40000.0,"POLYGON ((-44.15 32.45, -41.45 30.45, -48.3 25.3, -50.45 27, -44.15 32.45))"
15E,2022-04-26 13:55:00+00:00,2022-04-26 15:55:00+00:00,,,"POLYGON ((-86.5153147985143 30.718491385271978, -86.40263286943842 30.356244889390915, -86.60079408482318 30.099128241351774, -86.69566781753504 30.632046093149693, -86.57201529412562 30.37406667797374, -86.75920591517684 30.22121711063971, -86.56104469979208 30.47833375867885, -86.39166227510488 30.460511970096025, -86.5153147985143 30.718491385271978))"
14E,2022-04-26 13:55:00+00:00,2022-04-26 15:55:00+00:00,0.0,29000.0,"POLYGON ((-85.15 34.46089313279082, -84.44 34.12910686720918, -84.98092536413586 33.510905527783166, -87.97065553335092 31.671438286774364, -88.0740375215245 32.12325240796213, -85.15 34.46089313279082))"
35C,2022-04-26 13:55:00+00:00,2022-04-26 15:55:00+00:00,0.0,44000.0,"POLYGON ((-96.2275652615983 27.44903282648202, -95.90024978959222 25.91248758424627, -97.38 25.92, -98.23679066635434 26.235811923653003, -97.93937219138638 26.82316784838567, -96.2275652615983 27.44903282648202))"
NOVEMBER 3,2022-04-26 14:19:00+00:00,2022-04-26 18:20:00+00:00,0.0,46000.0,"POLYGON ((134.15 14, 138.45 9, 135.45 8.45, 131.15 10.3, 134.15 14))"
16E,2022-04-26 14:55:00+00:00,2022-04-26 16:55:00+00:00,,,"POLYGON ((-86.59992645279121 30.768003504327442, -86.4106066137574 30.440588418043603, -86.58408981474112 29.85277183882381, -86.39997534221257 30.7635815841148, -86.40654124372696 30.466683576774113, -86.7759101852589 29.90938407649747, -86.60242698427517 30.497200655717265, -86.6064923543056 30.471105496986755, -86.59992645279121 30.768003504327442))"
36C,2022-04-26 14:55:00+00:00,2022-04-26 16:55:00+00:00,0.0,45000.0,"POLYGON ((-98.6192288751735 28.18354971880697, -95.48894834335243 26.60803521734189, -95.90024978959222 25.91248758424627, -97.89351961065984 26.110094613862955, -99.20379978862609 27.940947477422903, -98.6192288751735 28.18354971880697))"
LIMA 1,2022-04-26 15:35:00+00:00,2022-04-26 19:35:00+00:00,0.0,45000.0,"POLYGON ((-95.15 27, -93.15 26.3, -94.3 25.15, -96 26, -95.15 27))"
18E,2022-04-26 15:55:00+00:00,2022-04-26 17:55:00+00:00,,,"POLYGON ((-78.33177933065708 38.585988264995606, -82.18543036598835 35.16875662349459, -82.1997421809258 35.15304771259989, -83.91461800078501 32.813060106107315, -82.05273634492498 35.019116064908246, -78.19908530959371 38.436347706409265, -83.75330034984675 32.69483736931036, -82.03842452998754 35.03482497580294, -78.33177933065708 38.585988264995606))"
17E,2022-04-26 15:55:00+00:00,2022-04-26 17:55:00+00:00,0.0,32000.0,"POLYGON ((-85.78203803091989 31.145237279696147, -85.56446082960115 29.33561597820869, -86.68 28.00172775248132, -87.19331025105335 29.75305350671482, -85.78203803091989 31.145237279696147))"
37C,2022-04-26 15:55:00+00:00,2022-04-26 17:55:00+00:00,0.0,45000.0,"POLYGON ((-98.48720888972468 28.278039698772762, -95.31592195356453 26.66934544294576, -95.90024978959222 25.91248758424627, -98.0650625936352 26.173055034308472, -99.20379978862609 27.940947477422903, -98.48720888972468 28.278039698772762))"
20E,2022-04-26 16:55:00+00:00,2022-04-26 18:55:00+00:00,0.0,42000.0,"POLYGON ((-78.79541840783047 38.63635485548896, -78.21147330560862 38.528853531682984, -81.59520284331686 32.56798328452717, -83.99355885217214 32.689531803810546, -82.2020414668479 35.56396162707275, -78.79541840783047 38.63635485548896))"
19E,2022-04-26 16:55:00+00:00,2022-04-26 18:55:00+00:00,0.0,32000.0,"POLYGON ((-85.01033620967358 31.403309752157494, -85.87831824331859 29.136776832549774, -87.85257201725376 27.16138602923509, -87.26573242780971 29.59904276773545, -85.01033620967358 31.403309752157494))"
38C,2022-04-26 16:55:00+00:00,2022-04-26 18:55:00+00:00,0.0,35000.0,"POLYGON ((-98.48720888972468 28.278039698772762, -95.48894834335243 26.60803521734189, -95.90024978959222 25.91248758424627, -98.40870393866415 26.29836449827671, -98.8873085474881 27.949547778573937, -98.48720888972468 28.278039698772762))"
KILO 2,2022-04-26 17:15:00+00:00,2022-04-26 21:15:00+00:00,0.0,38000.0,"POLYGON ((-40 35.15, -40 29.45, -47.45 25.15, -46 31.15, -40 35.15))"
22E,2022-04-26 17:55:00+00:00,2022-04-26 19:55:00+00:00,0.0,41000.0,"POLYGON ((-78.46192302544942 38.829510553520834, -77.87 38.64, -80.21898357519746 34.419732575061474, -82.69022352920695 31.47620698125812, -84.24303548968925 32.6886049528404, -78.46192302544942 38.829510553520834))"
21E,2022-04-26 17:55:00+00:00,2022-04-26 19:55:00+00:00,0.0,33000.0,"POLYGON ((-84.29 31.4936310442636, -86.68 28.334465663954106, -87.62457002576107 28.828408371394563, -86.14407164843098 30.637896907909322, -84.29 31.4936310442636))"
39C,2022-04-26 17:55:00+00:00,2022-04-26 19:55:00+00:00,0.0,33000.0,"POLYGON ((-98.48474945188872 28.300354481657774, -96.64646929264269 27.191886878900338, -95.48894834335243 26.60803521734189, -95.90024978959222 25.91248758424627, -98.75308648715274 26.42285356834863, -98.48474945188872 28.300354481657774))"
NOVEMBER 4,2022-04-26 18:06:00+00:00,2022-04-26 22:05:00+00:00,0.0,48000.0,"POLYGON ((133.15 13.3, 138 8.3, 130.45 8.45, 131 12.3, 133.15 13.3))"
23E,2022-04-26 18:55:00+00:00,2022-04-26 20:55:00+00:00,0.0,45000.0,"POLYGON ((-77.67018166062837 39.27665677773225, -77.50222745330433 37.49986004474372, -81.47105246910289 31.852805846331467, -82.58161091024414 29.190269519176454, -83.7810834197624 32.42279953972168, -77.67018166062837 39.27665677773225))"
25E,2022-04-26 18:55:00+00:00,2022-04-26 20:55:00+00:00,0.0,29000.0,"POLYGON ((-86.32 32.075429060579104, -85.69002447510577 31.997137583186007, -86.32170373451754 31.136188373341735, -86.91860846520416 31.034235567651557, -86.32 32.075429060579104))"
24E,2022-04-26 18:55:00+00:00,2022-04-26 20:55:00+00:00,0.0,26000.0,"POLYGON ((-85.87831824331859 29.136776832549774, -86.68 28.168096708217718, -87.62457002576107 28.828408371394563, -85.87831824331859 29.136776832549774))"
40C,2022-04-26 18:55:00+00:00,2022-04-26 20:55:00+00:00,0.0,33000.0,"POLYGON ((-98.48720888972468 28.278039698772762, -97.08231884220393 27.1310146120481, -95.31592195356453 26.66934544294576, -95.90024978959222 25.91248758424627, -98.76049535191774 26.89024511094774, -98.48720888972468 28.278039698772762))"
DELTA 1,2022-04-26 19:10:00+00:00,2022-04-26 23:10:00+00:00,0.0,50000.0,"POLYGON ((-140 10, -134.3 8.15, -133.45 5.15, -139.45 5, -140 10))"
LIMA 2,2022-04-26 19:30:00+00:00,2022-04-26 23:30:00+00:00,0.0,38000.0,"POLYGON ((-95.3 26.3, -94 26.3, -94.3 25.15, -96 26, -95.3 26.3))"
KILO 3,2022-04-26 19:45:00+00:00,2022-04-26 23:45:00+00:00,0.0,35000.0,"POLYGON ((-40 35.15, -40 28.3, -48.15 24.3, -42.15 33.45, -40 35.15))"
28E,2022-04-26 19:55:00+00:00,2022-04-26 21:55:00+00:00,,,"POLYGON ((-84.46742918106455 31.9173942869078, -86.62743130278164 30.689113247657986, -86.85678650968231 30.54738038049221, -86.10155369445013 31.92422922338584, -86.58744333402356 30.736322588544045, -84.48417072522273 31.718096216924174, -86.20248113250567 31.862438656182956, -86.96192390411903 30.717515997842188, -86.73256869721837 30.859248865007963, -86.77255666597645 30.812039524121904, -86.28666702640302 31.9999461589637, -86.18573958834749 32.061736726166586, -84.46742918106455 31.9173942869078))"
27E,2022-04-26 19:55:00+00:00,2022-04-26 21:55:00+00:00,0.0,28000.0,"POLYGON ((-82.04068453976787 31.373168204009552, -82.10220526304235 28.81449595462681, -83.05 29.6, -82.51 31.25085812115821, -82.04068453976787 31.373168204009552))"
41C,2022-04-26 19:55:00+00:00,2022-04-26 21:55:00+00:00,0.0,33000.0,"POLYGON ((-98.19759769430313 28.17455224056444, -97.19081805137544 27.365511616717818, -95.73799481477053 26.51930474756988, -96.48645830073013 26.249207067972687, -98.81899825776436 27.257410608469883, -98.19759769430313 28.17455224056444))"
26E,2022-04-26 19:55:00+00:00,2022-04-26 21:55:00+00:00,0.0,45000.0,"POLYGON ((-77.87 38.307262088527224, -76.2 37.72184477868197, -80.88323036974548 32.620912569176504, -82.31479452791197 31.539851751283006, -82.53930437815256 32.94089476184316, -77.87 38.307262088527224))"
30E,2022-04-26 20:53:00+00:00,2022-04-26 22:55:00+00:00,0.0,31000.0,"POLYGON ((-82.04068453976787 31.373168204009552, -82.10220526304235 28.81449595462681, -83.05 29.6, -82.51 31.25085812115821, -82.04068453976787 31.373168204009552))"
29E,2022-04-26 20:53:00+00:00,2022-04-26 22:55:00+00:00,0.0,38000.0,"POLYGON ((-77.87 38.307262088527224, -75.95784009817946 37.99622458548752, -80.26628498229014 32.42868141715955, -83.34946255558243 32.07482178501174, -77.87 38.307262088527224))"
31E,2022-04-26 20:53:00+00:00,2022-04-26 22:55:00+00:00,0.0,36000.0,"POLYGON ((-84.37844765119132 32.43322743954524, -84.1399054787398 31.967321951099766, -86.13466574353804 30.358295136734466, -87.22533425646198 30.358295136734466, -84.37844765119132 32.43322743954524))"
42C,2022-04-26 20:55:00+00:00,2022-04-26 22:55:00+00:00,0.0,33000.0,"POLYGON ((-98.3121617852948 28.215586620616307, -97.224792045639 27.43871838206908, -95.45334757949443 26.91284727291372, -96.85470138219479 26.389614256059392, -98.72859045918437 27.22362654902726, -98.3121617852948 28.215586620616307))"
33E,2022-04-26 21:55:00+00:00,2022-04-26 23:55:00+00:00,0.0,25000.0,"POLYGON ((-81.70310673721623 30.740556550058493, -81.77310967771514 29.29836235561977, -83.05 29.6, -81.70310673721623 30.740556550058493))"
32E,2022-04-26 21:55:00+00:00,2022-04-26 23:55:00+00:00,0.0,45000.0,"POLYGON ((-77.87 38.307262088527224, -75.95784009817946 37.99622458548752, -80.26628498229014 32.42868141715955, -83.34946255558243 32.07482178501174, -77.87 38.307262088527224))"
34E,2022-04-26 21:55:00+00:00,2022-04-26 23:55:00+00:00,0.0,40000.0,"POLYGON ((-85.60173365150239 31.20753602418676, -84.84005890197581 31.188257217783516, -85.72911489226969 30.003041815754777, -87.22533425646198 30.358295136734466, -85.60173365150239 31.20753602418676))"
DELTA 2,2022-04-26 22:40:00+00:00,2022-04-27 02:40:00+00:00,0.0,46000.0,"POLYGON ((-132.45 8.3, -132.3 5.3, -138 4.3, -139.3 8.3, -132.45 8.3))"
LIMA 3,2022-04-26 22:45:00+00:00,2022-04-27 02:45:00+00:00,0.0,38000.0,"POLYGON ((-95.3 27.15, -93.45 26.3, -93.45 25, -96 26, -95.3 27.15))"
KILO 4,2022-04-26 22:50:00+00:00,2022-04-27 02:50:00+00:00,0.0,36000.0,"POLYGON ((-40 35.15, -40 27.3, -45.3 25, -40 35.15))"
36E,2022-04-26 22:55:00+00:00,2022-04-27 00:55:00+00:00,0.0,41000.0,"POLYGON ((-85.22815107746712 31.32461769646743, -84.4196243274983 31.392802205184726, -85.27598332402995 30.064784393035186, -87.03601435250275 30.522831882302988, -85.22815107746712 31.32461769646743))"
35E,2022-04-26 22:55:00+00:00,2022-04-27 00:55:00+00:00,0.0,45000.0,"POLYGON ((-75.44312974746015 39.09823337344355, -74.4746670296379 38.48472652688033, -76.18 35.76089313279082, -81.51 30.173631044263608, -82.36952728750863 30.18646741468725, -75.44312974746015 39.09823337344355))"
39E,2022-04-26 23:55:00+00:00,2022-04-27 01:55:00+00:00,0.0,33000.0,"POLYGON ((-81.50640122677366 26.302187394969515, -81.14276486313729 26.302187394969515, -81.14276486313729 25.938551031333148, -81.50640122677366 25.938551031333148, -81.50640122677366 26.302187394969515))"
38E,2022-04-26 23:55:00+00:00,2022-04-27 01:55:00+00:00,0.0,36000.0,"POLYGON ((-83.56966379032643 31.403309752157494, -84.57040945569061 29.93870032634315, -86.9013725093581 30.36869713081615, -85.36901924384196 31.273458639239355, -83.56966379032643 31.403309752157494))"
37E,2022-04-26 23:55:00+00:00,2022-04-27 01:55:00+00:00,0.0,40000.0,"POLYGON ((-75.10217151216268 38.86432813964422, -73.60321938035213 38.15271796951693, -76.55987715820574 34.78869940334471, -81.51 30.00726208852722, -82.36952728750863 30.18646741468725, -75.10217151216268 38.86432813964422))"
1W,2022-04-26 23:55:00+00:00,2022-04-27 01:55:00+00:00,0.0,23000.0,"POLYGON ((-122.58 48.95, -120.75611666828989 48.73453146385207, -121.30000000000001 45.081844778681976, -122.59 44.918155221318045, -122.58 48.95))"
4E,2022-04-27 00:55:00+00:00,2022-04-27 02:55:00+00:00,0.0,33000.0,"POLYGON ((-81.33278978393312 26.36332815362072, -80.57643166148326 25.689049835562784, -81.78 25.66257436347464, -81.33278978393312 26.36332815362072))"
1E,2022-04-27 00:55:00+00:00,2022-04-27 02:55:00+00:00,0.0,30000.0,"POLYGON ((-74.8 38.767262088527225, -73.22698757191851 38.58006038127584, -74.85328456059213 35.8069919907005, -76.18 36.09363104426361, -74.8 38.767262088527225))"
3E,2022-04-27 00:55:00+00:00,2022-04-27 02:55:00+00:00,0.0,33000.0,"POLYGON ((-84.84005890197581 31.188257217783516, -83.4086573994292 31.218523656469078, -84.05657576268013 29.784852534521278, -85.78797301886976 30.508610339738574, -84.84005890197581 31.188257217783516))"
2E,2022-04-27 00:55:00+00:00,2022-04-27 02:55:00+00:00,0.0,36000.0,"POLYGON ((-79.64375069581392 32.88937520203755, -78.45511452833776 32.88000418259385, -80.00960503624667 31.214106549109758, -81.33448613680848 31.698687064975665, -79.64375069581392 32.88937520203755))"
1W,2022-04-27 00:55:00+00:00,2022-04-27 02:55:00+00:00,0.0,23000.0,"POLYGON ((-122.58 48.95, -120.75611666828989 48.73453146385207, -121.30000000000001 45.081844778681976, -122.59 44.918155221318045, -122.58 48.95))"
6E,2022-04-27 01:55:00+00:00,2022-04-27 03:55:00+00:00,0.0,35000.0,"POLYGON ((-86.56945161020802 30.783864277537273, -85.8421788829353 30.783864277537273, -85.8421788829353 30.056591550264546, -86.56945161020802 30.056591550264546, -86.56945161020802 30.783864277537273))"
5E,2022-04-27 01:55:00+00:00,2022-04-27 03:55:00+00:00,0.0,30000.0,"POLYGON ((-73.94250481051172 39.096859376614866, -72.32 39.08994148689969, -74.03382857363717 37.16427249103546, -75.02898968323126 37.42678260589483, -73.94250481051172 39.096859376614866))"
DELTA 3,2022-04-27 02:30:00+00:00,2022-04-27 06:30:00+00:00,0.0,46000.0,"POLYGON ((-133 9.15, -130.45 6, -138 4.15, -139.3 8.15, -133 9.15))"
7E,2022-04-27 02:55:00+00:00,2022-04-27 04:55:00+00:00,0.0,26000.0,"POLYGON ((-73.43177721255861 38.64938004026412, -73.65233779388055 37.726714378314924, -74.49280897406818 38.01364756934029, -73.43177721255861 38.64938004026412))"
8E,2022-04-27 03:55:00+00:00,2022-04-27 05:55:00+00:00,0.0,30000.0,"POLYGON ((-73.03197967198376 38.51359485585971, -71.4849127585348 37.97036505946073, -73.02800505405024 36.32362951557459, -73.76005618686249 37.763948243098106, -73.03197967198376 38.51359485585971))"
9E,2022-04-27 04:55:00+00:00,2022-04-27 06:55:00+00:00,0.0,30000.0,"POLYGON ((-71.32285450924466 39.04571490319168, -71.04770583093143 38.50868431997799, -72.36392147986946 37.132006908298834, -72.99236157714861 37.654728539207106, -71.32285450924466 39.04571490319168))"
1C,2022-04-27 04:55:00+00:00,2022-04-27 06:55:00+00:00,0.0,45000.0,"POLYGON ((-105.97826969980326 32.43446389962778, -105.45558689169123 31.1114966014891, -106.67158887235203 31.81940048805411, -107.83477736903097 31.818686142728733, -107.61 32.28, -105.97826969980326 32.43446389962778))"
2C,2022-04-27 05:55:00+00:00,2022-04-27 07:55:00+00:00,0.0,36000.0,"POLYGON ((-105.22826711046754 32.827380110356025, -105.80088310523847 31.410193658828373, -106.62028242166295 31.819547294354663, -107.61 31.990858121158215, -107.36762373012303 32.484222796746074, -105.22826711046754 32.827380110356025))"
10E,2022-04-27 05:55:00+00:00,2022-04-27 07:55:00+00:00,0.0,33000.0,"POLYGON ((-69.562897803956 40.92613127388506, -68.9478400386136 40.45141312184642, -70.03 38.618096708217735, -71.65941115743767 37.013180675175846, -72.29367851262718 37.07291905053202, -69.562897803956 40.92613127388506))"
12E,2022-04-27 06:55:00+00:00,2022-04-27 08:55:00+00:00,0.0,38000.0,"POLYGON ((-75.40549622175546 34.72043723247394, -75.04956751115576 34.3176554899172, -76.18824930117962 32.92676335171022, -77.87 32.51994148689968, -77.87 32.85267939837247, -75.40549622175546 34.72043723247394))"
11E,2022-04-27 06:55:00+00:00,2022-04-27 08:55:00+00:00,0.0,33000.0,"POLYGON ((-69.01233841374699 40.957173518989755, -68.20543552250395 40.692524107394135, -71.47053046132457 36.94310359825421, -72.29367851262718 37.07291905053202, -69.01233841374699 40.957173518989755))"
14E,2022-04-27 07:55:00+00:00,2022-04-27 09:55:00+00:00,0.0,40000.0,"POLYGON ((-74.74260663020704 35.07494773982172, -73.7612320341291 34.23553982536499, -75.91327822438343 32.68738613299373, -77.68267016581326 32.040179807225364, -78.40326322893375 32.30632635237686, -74.74260663020704 35.07494773982172))"
13E,2022-04-27 07:55:00+00:00,2022-04-27 09:55:00+00:00,0.0,33000.0,"POLYGON ((-68.64357098989562 40.212842630177114, -68.04142167847384 39.7333406427176, -71.47053046132457 36.94310359825421, -72.29367851262718 37.07291905053202, -68.64357098989562 40.212842630177114))"
15E,2022-04-27 08:55:00+00:00,2022-04-27 10:55:00+00:00,0.0,33000.0,"POLYGON ((-69.1213873865366 39.585623900234644, -68.64439000461954 38.65853257062535, -71.28199763060424 36.872727972226556, -72.29367851262718 37.07291905053202, -69.1213873865366 39.585623900234644))"
16E,2022-04-27 08:55:00+00:00,2022-04-27 10:55:00+00:00,0.0,40000.0,"POLYGON ((-73.54185486530858 35.33957493982048, -72.24573377335646 34.85815937689727, -77.7103738594001 30.868429992317218, -79.06831981707582 32.062751988236165, -73.54185486530858 35.33957493982048))"
20E,2022-04-27 09:55:00+00:00,2022-04-27 11:55:00+00:00,0.0,30000.0,"POLYGON ((-79.35777287229027 31.31740558362456, -79.1687042120962 31.25219023472246, -79.85504932343683 29.26237721038803, -80.0441179836309 29.32759255929013, -79.35777287229027 31.31740558362456))"
18E,2022-04-27 09:55:00+00:00,2022-04-27 11:55:00+00:00,0.0,36000.0,"POLYGON ((-69.37932279646193 40.07605437597487, -68.75128834655413 38.86859511961773, -72.23774198935733 36.19529127702852, -72.61424663941315 37.34149420539057, -69.37932279646193 40.07605437597487))"
17E,2022-04-27 09:55:00+00:00,2022-04-27 11:55:00+00:00,0.0,30000.0,"POLYGON ((-68.03789218023333 41.262827174738, -67.15305874683217 41.24417760921642, -67.80440202587403 40.55810345247593, -68.40655729833676 40.75921272945844, -68.03789218023333 41.262827174738))"
19E,2022-04-27 09:55:00+00:00,2022-04-27 11:55:00+00:00,0.0,36000.0,"POLYGON ((-73.54185486530858 35.33957493982048, -72.06182286377172 34.788266872006375, -77.7103738594001 30.868429992317218, -79.44166346475708 31.65893283188886, -73.54185486530858 35.33957493982048))"
MIKE 1,2022-04-27 10:20:00+00:00,2022-04-27 14:20:00+00:00,0.0,38000.0,"POLYGON ((-65.3 39.15, -73.3 31.3, -77.3 32, -69.3 39, -65.3 39.15))"
22E,2022-04-27 10:55:00+00:00,2022-04-27 12:55:00+00:00,0.0,32000.0,"POLYGON ((-79.29592620299704 31.17809716595543, -79.10350979508328 31.12354511773019, -79.47388947324002 29.817139042179832, -79.66630588115378 29.871691090405072, -79.29592620299704 31.17809716595543))"
21E,2022-04-27 10:55:00+00:00,2022-04-27 12:55:00+00:00,0.0,38000.0,"POLYGON ((-77.08076358641217 32.744661602026746, -76.82403370368165 32.208465830153784, -78.2447075771561 31.343728522137184, -78.95554325297286 31.96526723143688, -77.08076358641217 32.744661602026746))"
MIKE 2,2022-04-27 11:10:00+00:00,2022-04-27 15:10:00+00:00,0.0,38000.0,"POLYGON ((-69 38.45, -65.3 38.45, -74.45 30.3, -79 31.3, -73.15 35, -69 38.45))"
24E,2022-04-27 11:55:00+00:00,2022-04-27 13:55:00+00:00,0.0,30000.0,"POLYGON ((-79.19971799904016 31.15082114184281, -78.94948754776438 30.057157658432068, -79.61806802467412 29.291709981274753, -79.66751906326984 30.32708456252836, -79.19971799904016 31.15082114184281))"
23E,2022-04-27 11:55:00+00:00,2022-04-27 13:55:00+00:00,0.0,38000.0,"POLYGON ((-76.96425744252087 32.50218772195476, -76.52533568609658 31.575903377538353, -77.84462178688962 30.988500832891024, -79.29457135854977 31.35073339322147, -76.96425744252087 32.50218772195476))"
26E,2022-04-27 12:55:00+00:00,2022-04-27 14:55:00+00:00,,,"POLYGON ((-83.51188689461642 27.99233405858507, -86.6275756899711 29.91041587935392, -86.72951238308842 29.91214125568262, -89.25223458246451 28.47449432654078, -86.73242431002892 29.740102148633312, -83.61673551467425 27.82202032786446, -89.15320981628768 28.30072984316277, -86.6304876169116 29.738376772304612, -83.51188689461642 27.99233405858507))"
25E,2022-04-27 12:55:00+00:00,2022-04-27 14:55:00+00:00,0.0,38000.0,"POLYGON ((-76.80098737056157 32.165695863888374, -76.71966336557274 31.98297638979604, -79.09571478148501 30.92545354959944, -79.17703878647384 31.10817302369177, -76.80098737056157 32.165695863888374))"
WHISKEY 1,2022-04-27 13:21:00+00:00,2022-04-27 17:15:00+00:00,0.0,54000.0,"POLYGON ((-167.15 8.15, -156.45 7.15, -156.15 4.3, -167 4.45, -167.15 8.15))"
28E,2022-04-27 13:55:00+00:00,2022-04-27 15:55:00+00:00,,,"POLYGON ((-83.63661578373156 27.990466632013216, -86.62597978892005 29.90941254508338, -86.72951238308842 29.91214125568262, -89.25223458246451 28.47449432654078, -86.73402021107997 29.74110548290385, -83.74465620589147 27.822159569833687, -89.15320981628768 28.30072984316277, -86.6304876169116 29.738376772304612, -83.63661578373156 27.990466632013216))"
27E,2022-04-27 13:55:00+00:00,2022-04-27 15:55:00+00:00,0.0,38000.0,"POLYGON ((-78.38237480640707 31.54560030778935, -76.91838019772749 31.842144042814276, -76.87867496851547 31.646124924427262, -78.34266957719505 31.349581189402336, -78.38237480640707 31.54560030778935))"
29E,2022-04-27 14:55:00+00:00,2022-04-27 16:55:00+00:00,0.0,38000.0,"POLYGON ((-79.17888920921413 31.24862789781796, -77.63867840356953 30.920626760895583, -77.68033598322158 30.725013248945277, -79.22054678886619 31.053014385867655, -79.17888920921413 31.24862789781796))"
3C,2022-04-27 14:55:00+00:00,2022-04-27 16:55:00+00:00,0.0,34000.0,"POLYGON ((-107.25362715179014 37.01370250360388, -106.33160333786117 36.93998752579868, -106.30121729307069 36.41405744791971, -107.45637540294464 36.22718064343505, -107.25362715179014 37.01370250360388))"
MIKE 3,2022-04-27 15:05:00+00:00,2022-04-27 19:05:00+00:00,0.0,40000.0,"POLYGON ((-61.3 40.15, -74 30, -78.3 30.45, -66 40.15, -61.3 40.15))"
WHISKEY 2,2022-04-27 15:21:00+00:00,2022-04-27 19:20:00+00:00,0.0,54000.0,"POLYGON ((-165.45 8.3, -157.45 7.45, -156.15 3.45, -166.15 4.15, -165.45 8.3))"
ECHO 1,2022-04-27 15:40:00+00:00,2022-04-27 19:40:00+00:00,,,"POLYGON ((-176.15 43.15, -169.3 40, -171.3 33.3, 178.45 28, 175 28, -177.45 35.3, -176.15 43.15))"
30E,2022-04-27 15:55:00+00:00,2022-04-27 17:55:00+00:00,0.0,34000.0,"POLYGON ((-79.17445552524255 31.247577575311727, -77.51796967913694 30.815079923392847, -77.56849462673216 30.62156705645501, -79.22498047283777 31.05406470837389, -79.17445552524255 31.247577575311727))"
31E,2022-04-27 15:55:00+00:00,2022-04-27 17:55:00+00:00,0.0,28000.0,"POLYGON ((-78.5697200733667 30.26333075020744, -78.39485576796777 30.166261317854367, -79.23718920792832 28.648852095173062, -79.41205351332725 28.745921527526136, -78.5697200733667 30.26333075020744))"
4C,2022-04-27 15:55:00+00:00,2022-04-27 17:55:00+00:00,0.0,35000.0,"POLYGON ((-106.6377847450816 37.68078474673852, -105.82 36.684524177054435, -105.51775118395382 35.5320765522956, -107.13495536269588 36.41784485897429, -107.76962905791136 37.35439155155304, -106.6377847450816 37.68078474673852))"
33E,2022-04-27 16:55:00+00:00,2022-04-27 18:55:00+00:00,0.0,27000.0,"POLYGON ((-78.55191254275235 29.30812458034445, -78.36406036866478 29.239483771123037, -78.72771674132164 28.24425016302216, -78.91556891540921 28.312890972243572, -78.55191254275235 29.30812458034445))"
32E,2022-04-27 16:55:00+00:00,2022-04-27 18:55:00+00:00,0.0,30000.0,"POLYGON ((-79.18186705160413 30.417673957380572, -77.44392399767878 30.712316719959713, -77.41049395375481 30.515130431990084, -79.14843700768016 30.220487669410943, -79.18186705160413 30.417673957380572))"
5C,2022-04-27 16:55:00+00:00,2022-04-27 18:55:00+00:00,0.0,31000.0,"POLYGON ((-107.60747438345764 37.661260121688684, -105.73974608628784 37.503677790132144, -104.87 36.98910686720917, -105.29732671496917 35.967307576394546, -106.69966467634637 36.64088674229378, -107.60747438345764 37.661260121688684))"
7C,2022-04-27 17:55:00+00:00,2022-04-27 19:55:00+00:00,0.0,43000.0,"POLYGON ((-105.13640789962537 33.86343626629382, -105.0081385924455 32.94395603352574, -105.2062204636565 32.91632322155256, -105.33448977083637 33.83580345432064, -105.13640789962537 33.86343626629382))"
6C,2022-04-27 17:55:00+00:00,2022-04-27 19:55:00+00:00,0.0,38000.0,"POLYGON ((-107.03272842754009 39.17278034943397, -104.21969420723278 37.88911341402382, -104.78413056180358 35.65947652264706, -107.42522523782253 36.51684957405823, -107.72428789595735 38.66931252239793, -107.03272842754009 39.17278034943397))"
34E,2022-04-27 17:55:00+00:00,2022-04-27 19:55:00+00:00,0.0,31000.0,"POLYGON ((-78.93100856194437 30.57951227181473, -77.17672267238457 30.38677481867236, -76.91474654356858 29.234438676889393, -78.61144997081928 27.66733116033974, -78.93100856194437 30.57951227181473))"
MIKE 4,2022-04-27 18:25:00+00:00,2022-04-27 22:25:00+00:00,0.0,35000.0,"POLYGON ((-60.45 42, -69.3 31.3, -73.15 31.3, -67 41.3, -60.45 42))"
2W,2022-04-27 18:55:00+00:00,2022-04-27 20:55:00+00:00,,,"POLYGON ((-112.74674234147082 43.06547799015305, -114.31482115597741 42.41427455545862, -114.17798787722093 42.33928921819422, -113.86936835674526 40.589301046011386, -114.23811519838132 42.22956885422211, -112.67003638387473 42.88077228891654, -114.06632895666213 40.55456601930368, -114.3749484771378 42.30455419148651, -112.74674234147082 43.06547799015305))"
36E,2022-04-27 18:55:00+00:00,2022-04-27 20:55:00+00:00,0.0,31000.0,"POLYGON ((-82.16282291865267 27.339048084822917, -81.57002288560334 26.312834645481033, -81.74320491205019 26.212794724870484, -82.33600494509952 27.23900816421237, -82.16282291865267 27.339048084822917))"
10C,2022-04-27 18:55:00+00:00,2022-04-27 20:55:00+00:00,0.0,43000.0,"POLYGON ((-103.87609958557243 36.7254139719943, -104.63928227870083 35.25005345411433, -106.16923286830848 34.81696157077979, -105.22964512773116 36.48946034366828, -103.87609958557243 36.7254139719943))"
9C,2022-04-27 18:55:00+00:00,2022-04-27 20:55:00+00:00,0.0,43000.0,"POLYGON ((-105.13981528329089 33.8788469666187, -104.89017691617914 33.062009216997886, -105.08144402005911 33.00355500437494, -105.33108238717085 33.820392753995755, -105.13981528329089 33.8788469666187))"
35E,2022-04-27 18:55:00+00:00,2022-04-27 20:55:00+00:00,0.0,31000.0,"POLYGON ((-77.17672267238457 30.38677481867236, -76.44429857540733 29.08542510251223, -78.89386582456982 27.733742559785618, -78.62090868383004 30.168248924699977, -77.17672267238457 30.38677481867236))"
8C,2022-04-27 18:55:00+00:00,2022-04-27 20:55:00+00:00,0.0,42000.0,"POLYGON ((-106.43519328554005 38.919012766282215, -103.76064430630014 37.567301418165904, -103.91739474331128 36.64475545995469, -107.21719683825211 36.03095807215375, -107.63697001408345 37.97791842380286, -106.43519328554005 38.919012766282215))"
ALFA 1,2022-04-27 19:10:00+00:00,2022-04-27 23:10:00+00:00,0.0,35000.0,"POLYGON ((-75 31.15, -73.45 30, -76.45 29, -77.15 30.3, -75 31.15))"
ECHO 2,2022-04-27 19:35:00+00:00,2022-04-27 23:35:00+00:00,,,"POLYGON ((-173.3 41.45, -175 34.45, 179.15 30, -173.45 30, -169 33.3, -167 39.45, -173.3 41.45))"
3W,2022-04-27 19:55:00+00:00,2022-04-27 21:55:00+00:00,,,"POLYGON ((-112.67050160333744 42.89559087384937, -112.64495616889883 42.23065333546927, -113.78853169867217 40.469212207454625, -112.4771747846288 42.84435864602355, -112.6321667259369 42.25949048373236, -113.95627963145695 40.57811873180662, -112.81270410168361 42.339559859821264, -112.82549354464554 42.31072271155818, -112.67050160333744 42.89559087384937))"
38E,2022-04-27 19:55:00+00:00,2022-04-27 21:55:00+00:00,0.0,35000.0,"POLYGON ((-82.31948730623438 27.515252387400185, -81.47189497960979 26.38537273143643, -81.63188256910202 26.265356185875124, -82.47947489572661 27.39523584183888, -82.31948730623438 27.515252387400185))"
39E,2022-04-27 19:55:00+00:00,2022-04-27 21:55:00+00:00,0.0,28000.0,"POLYGON ((-80.09 26.24628718173732, -80.28 25.655429060579106, -80.84530087005747 25.28777385273359, -81.32458304495547 26.12036921315133, -80.09 26.24628718173732))"
12C,2022-04-27 19:55:00+00:00,2022-04-27 21:55:00+00:00,0.0,42000.0,"POLYGON ((-98.19373452035047 27.62132626974454, -97.5651705602414 26.320580598400667, -97.67728878619825 26.030346471319337, -98.12426885458959 26.194722247160662, -98.96766111323994 27.645243491090437, -98.19373452035047 27.62132626974454))"
11C,2022-04-27 19:55:00+00:00,2022-04-27 21:55:00+00:00,0.0,38000.0,"POLYGON ((-105.32048675188813 39.296985053348415, -104.87 36.6345709394209, -106.92917307421271 36.34707725125234, -106.72928674241894 37.34652016867031, -106.51488899493089 38.85773968614235, -105.32048675188813 39.296985053348415))"
37E,2022-04-27 19:55:00+00:00,2022-04-27 21:55:00+00:00,0.0,30000.0,"POLYGON ((-77.04413479468433 30.266023031357665, -76.62242876451066 29.02683697822481, -78.56848498931308 28.36706140272879, -78.62090868383004 30.168248924699977, -77.04413479468433 30.266023031357665))"
13C,2022-04-27 19:55:00+00:00,2022-04-27 21:55:00+00:00,0.0,43000.0,"POLYGON ((-103.44066166476637 36.95248331067322, -104.34985580422509 34.92302035033242, -104.25256952339032 33.212125583609, -105.31936818872452 32.74983416596098, -105.43043674626598 35.89493292597631, -103.44066166476637 36.95248331067322))"
BRAVO 1,2022-04-27 20:15:00+00:00,2022-04-28 00:15:00+00:00,0.0,34000.0,"POLYGON ((-40 33.3, -40 27.45, -45.45 24.3, -40 33.3))"
4W,2022-04-27 20:55:00+00:00,2022-04-27 22:55:00+00:00,,,"POLYGON ((-110.79817559010735 43.96225269065196, -112.58781259020012 42.29449790337025, -112.58953242652102 42.29285656802978, -113.82989542642825 41.08061135531148, -112.45146140998543 42.14818195873652, -110.66182440989266 43.81593674601823, -113.69010457357176 40.9375780813587, -112.44974157366453 42.149823294076995, -110.79817559010735 43.96225269065196))"
16C,2022-04-27 20:55:00+00:00,2022-04-27 22:55:00+00:00,,,"POLYGON ((-101.14062217542856 37.25585665345328, -104.57176499402246 36.48030621214212, -104.64203360188903 36.42120919116506, -104.97870155920323 35.612732430165956, -104.78666108933004 35.58170416830045, -104.61468053141358 33.268438448643415, -104.52767082761773 36.28522749856969, -101.09652800902383 37.06077793988085, -104.79407017706536 35.53584775854764, -104.45740221975116 36.344324519546745, -104.8141300890221 33.253610300756115, -104.98611064693856 35.56687602041315, -101.14062217542856 37.25585665345328))"
41E,2022-04-27 20:55:00+00:00,2022-04-27 22:55:00+00:00,0.0,35000.0,"POLYGON ((-82.02372655773932 26.845370942369218, -81.66009019410295 26.845370942369218, -81.66009019410295 26.48173457873285, -82.02372655773932 26.48173457873285, -82.02372655773932 26.845370942369218))"
15C,2022-04-27 20:55:00+00:00,2022-04-27 22:55:00+00:00,0.0,44000.0,"POLYGON ((-98.13260825266795 26.611833935870578, -97.76897188903158 26.611833935870578, -97.76897188903158 26.24819757223421, -98.13260825266795 26.24819757223421, -98.13260825266795 26.611833935870578))"
40E,2022-04-27 20:55:00+00:00,2022-04-27 22:55:00+00:00,0.0,25000.0,"POLYGON ((-79.22138683437119 31.19657097258367, -78.62090868383004 30.168248924699977, -80.16067255454587 30.33307326431446, -80.25764982726768 30.779700634568805, -79.22138683437119 31.19657097258367))"
14C,2022-04-27 20:55:00+00:00,2022-04-27 22:55:00+00:00,0.0,38000.0,"POLYGON ((-104.90699017887188 39.348622653437666, -104.72345100252289 36.607551064996684, -106.97493971727127 34.73249165616256, -106.86637606079684 37.34539175418454, -106.43519328554005 38.919012766282215, -104.90699017887188 39.348622653437666))"
5W,2022-04-27 21:55:00+00:00,2022-04-27 23:55:00+00:00,,,"POLYGON ((-110.8920258769179 43.83270783880173, -112.29772247180084 42.0580616213037, -112.78433375759995 41.99353791459835, -110.7454431322567 43.69664351957149, -112.23757585070565 42.089161774861225, -112.81062326007078 42.19180254094364, -112.32401197427167 42.25632624764899, -112.38415859536686 42.22522609409147, -110.8920258769179 43.83270783880173))"
18C,2022-04-27 21:55:00+00:00,2022-04-27 23:55:00+00:00,0.0,44000.0,"POLYGON ((-99.42 28.347425636525365, -98.3495813800069 28.22896202010349, -97.38 26.64285469710447, -98.18051591411405 26.633385812086665, -99.42 28.347425636525365))"
20C,2022-04-27 21:55:00+00:00,2022-04-27 23:55:00+00:00,0.0,45000.0,"POLYGON ((-104.26137391687324 31.865917858315626, -102.98 30.95, -103.95 30.58914187884179, -104.26137391687324 31.865917858315626))"
43E,2022-04-27 21:55:00+00:00,2022-04-27 23:55:00+00:00,0.0,35000.0,"POLYGON ((-81.05360465960551 27.678859671358637, -80.79299415916647 25.990099428596057, -81.38674750248056 26.17653939656358, -81.80044351103226 27.397996788231897, -81.05360465960551 27.678859671358637))"
19C,2022-04-27 21:55:00+00:00,2022-04-27 23:55:00+00:00,0.0,45000.0,"POLYGON ((-100.48634917971489 38.38086417783985, -100.39377240165999 36.847605391390196, -105.14 34.495417309845244, -104.48825976310918 36.362058323422325, -100.48634917971489 38.38086417783985))"
17C,2022-04-27 21:55:00+00:00,2022-04-27 23:55:00+00:00,0.0,34000.0,"POLYGON ((-103.79371586370708 39.80677905067043, -103.40671508810476 37.32350960301857, -105.9590375637892 35.657227124395575, -105.70241540401487 39.05194490697802, -103.79371586370708 39.80677905067043))"
44E,2022-04-27 22:55:00+00:00,2022-04-28 00:55:00+00:00,0.0,37000.0,"POLYGON ((-80.49 27.68, -80.09 26.824570939420894, -81.8417644450152 26.39642056924798, -81.8986500779675 27.398487322152523, -80.49 27.68))"
45E,2022-04-27 22:55:00+00:00,2022-04-28 00:55:00+00:00,0.0,32000.0,"POLYGON ((-78.78939518499405 29.279942580983505, -77.28887295949077 28.80496079348752, -77.59665235119397 28.701064074312963, -78.66905525749983 28.33198082399619, -78.78939518499405 29.279942580983505))"
23C,2022-04-27 22:55:00+00:00,2022-04-28 00:55:00+00:00,0.0,45000.0,"POLYGON ((-98.10921892872766 28.486585306557085, -97.44 26.901786265581645, -98.76049535191774 26.89024511094774, -99.42 28.478213734418357, -98.10921892872766 28.486585306557085))"
22C,2022-04-27 22:55:00+00:00,2022-04-28 00:55:00+00:00,0.0,45000.0,"POLYGON ((-103.24000000000001 32.70184477868196, -102.01007482866206 30.94637897958997, -103.75730871735631 30.299858854681233, -105.10527405680908 31.81460465390421, -103.24000000000001 32.70184477868196))"
21C,2022-04-27 22:55:00+00:00,2022-04-28 00:55:00+00:00,0.0,45000.0,"POLYGON ((-103.8000217966286 40.62891511548124, -102.29479694641607 38.917866735622994, -97.86394708161087 38.46863072885516, -103.7689686731065 34.17814746467652, -105.57630125074135 36.01213624940599, -103.8000217966286 40.62891511548124))"
6W,2022-04-27 22:55:00+00:00,2022-04-28 00:55:00+00:00,0.0,32000.0,"POLYGON ((-109.93395447284462 45.42043414067266, -109.65811938347083 42.57911219546656, -111.55171828726712 42.196495871658506, -112.45981020906073 45.09625957173742, -109.93395447284462 45.42043414067266))"
ECHO 3,2022-04-27 23:00:00+00:00,2022-04-28 03:00:00+00:00,31000.0,41000.0,"POLYGON ((-169 41.15, -163.45 40.45, -165.3 33.15, -171.45 32.15, -169 41.15))"
48E,2022-04-27 23:55:00+00:00,2022-04-28 01:55:00+00:00,0.0,45000.0,"POLYGON ((-82.74243598196814 29.710295257522464, -81.72396817314421 29.519895535863327, -81.10681145724729 28.74425496922861, -81.99826821594418 28.538412880935688, -82.74243598196814 29.710295257522464))"
46E,2022-04-27 23:55:00+00:00,2022-04-28 01:55:00+00:00,0.0,40000.0,"POLYGON ((-80.42760141937727 27.546419894243538, -80.09 26.68, -81.8417644450152 26.39642056924798, -81.78 26.963712818262685, -80.42760141937727 27.546419894243538))"
47E,2022-04-27 23:55:00+00:00,2022-04-28 01:55:00+00:00,0.0,33000.0,"POLYGON ((-78.78939518499405 29.279942580983505, -77.13475362748383 28.856647138010892, -78.66905525749983 28.33198082399619, -78.78939518499405 29.279942580983505))"
24C,2022-04-27 23:55:00+00:00,2022-04-28 01:55:00+00:00,0.0,45000.0,"POLYGON ((-102.01665154189831 38.7747218329947, -96.97841432909453 38.92824405714463, -101.91 34.36547582294558, -105.51775118395382 35.5320765522956, -102.01665154189831 38.7747218329947))"
25C,2022-04-27 23:55:00+00:00,2022-04-28 01:55:00+00:00,0.0,45000.0,"POLYGON ((-102.86198533025375 32.63796592312447, -101.8161027315283 30.944785814376942, -104.72075403584114 30.297741723080886, -105.72900754996992 31.34824983201551, -102.86198533025375 32.63796592312447))"
26C,2022-04-27 23:55:00+00:00,2022-04-28 01:55:00+00:00,0.0,36000.0,"POLYGON ((-98.10921892872766 28.486585306557085, -97.44 26.901786265581645, -98.76049535191774 26.89024511094774, -99.42 28.478213734418357, -98.10921892872766 28.486585306557085))"
7W,2022-04-27 23:55:00+00:00,2022-04-28 01:55:00+00:00,0.0,30000.0,"POLYGON ((-109.27925929367679 45.61709994685089, -108.3 42.79452417705442, -110.3185303463774 42.5161441778097, -112.37010486339517 44.9424485408571, -109.27925929367679 45.61709994685089))"
1E,2022-04-28 00:55:00+00:00,2022-04-28 02:55:00+00:00,0.0,36000.0,"POLYGON ((-80.4341532014808 26.98626624614, -80.21848021483014 25.933553183998985, -80.87231010541383 25.577501682120047, -81.65603816754435 26.797078632470786, -80.4341532014808 26.98626624614))"
2E,2022-04-28 00:55:00+00:00,2022-04-28 02:55:00+00:00,0.0,37000.0,"POLYGON ((-82.74243598196814 29.710295257522464, -81.72396817314421 29.519895535863327, -81.10681145724729 28.74425496922861, -81.99826821594418 28.538412880935688, -82.74243598196814 29.710295257522464))"
1C,2022-04-28 00:55:00+00:00,2022-04-28 02:55:00+00:00,0.0,45000.0,"POLYGON ((-96.55072191766307 38.92512254310652, -97.72900377053806 36.413514719486, -102.65363598222064 34.436191845769855, -105.14 35.826368955736385, -101.69 38.55815522131804, -96.55072191766307 38.92512254310652))"
2C,2022-04-28 00:55:00+00:00,2022-04-28 02:55:00+00:00,0.0,45000.0,"POLYGON ((-103.24000000000001 32.535475822945564, -102.20405280581647 30.947682516475272, -104.66394439850333 30.552729073728983, -105.72900754996992 31.34824983201551, -103.24000000000001 32.535475822945564))"
3C,2022-04-28 00:55:00+00:00,2022-04-28 02:55:00+00:00,0.0,35000.0,"POLYGON ((-94.46216385267017 42.30246098990214, -95.12565145928465 41.3593704722117, -96.9722514095527 41.5454549045857, -96.78 42.319048354108865, -94.46216385267017 42.30246098990214))"
1W,2022-04-28 00:55:00+00:00,2022-04-28 02:55:00+00:00,0.0,33000.0,"POLYGON ((-109.4979993872156 45.5519605380617, -108.12546070730703 43.15245709978581, -109.78925856072173 42.81483498146188, -112.37010486339517 44.9424485408571, -109.4979993872156 45.5519605380617))"
XRAY 1,2022-04-28 01:48:00+00:00,2022-04-28 05:45:00+00:00,0.0,48000.0,"POLYGON ((-148.3 6.45, -148.3 3, -158 3.15, -157.45 6.45, -148.3 6.45))"
3E,2022-04-28 01:55:00+00:00,2022-04-28 03:55:00+00:00,0.0,38000.0,"POLYGON ((-81.84146050221364 29.405968908645065, -81.2960059567591 29.405968908645065, -81.2960059567591 28.860514363190518, -81.84146050221364 28.860514363190518, -81.84146050221364 29.405968908645065))"
5C,2022-04-28 01:55:00+00:00,2022-04-28 03:55:00+00:00,0.0,45000.0,"POLYGON ((-103.24000000000001 32.44828375768357, -102.51196509169658 31.115131668758398, -104.57019129559214 30.519837543605142, -105.80088310523847 31.410193658828373, -103.24000000000001 32.44828375768357))"
6C,2022-04-28 01:55:00+00:00,2022-04-28 03:55:00+00:00,0.0,37000.0,"POLYGON ((-94.97884769580978 42.09679110225814, -95.3857292546237 41.05880693072547, -97.46375837852499 41.09996744115066, -97.38569457019184 42.091590133027495, -94.97884769580978 42.09679110225814))"
7C,2022-04-28 01:55:00+00:00,2022-04-28 03:55:00+00:00,0.0,29000.0,"POLYGON ((-92.20882798086794 43.68631461268908, -91.12734146732726 42.70592665461004, -91.68883065256296 42.39583648934925, -93.7520631716838 43.39590814358841, -92.20882798086794 43.68631461268908))"
3W,2022-04-28 01:55:00+00:00,2022-04-28 03:55:00+00:00,0.0,30000.0,"POLYGON ((-107.76294412871563 44.80523557635007, -107.2174895832611 44.80523557635007, -107.2174895832611 44.259781030895525, -107.76294412871563 44.259781030895525, -107.76294412871563 44.80523557635007))"
4C,2022-04-28 01:55:00+00:00,2022-04-28 03:55:00+00:00,0.0,45000.0,"POLYGON ((-101.38658702775615 39.154324090087044, -96.62764605456088 39.244141615992575, -99.71667682371923 34.839228059388795, -104.34985580422509 34.92302035033242, -101.38658702775615 39.154324090087044))"
2W,2022-04-28 01:55:00+00:00,2022-04-28 03:55:00+00:00,0.0,35000.0,"POLYGON ((-110.36787048745474 45.28725710356707, -110.28463125361894 44.377666988431095, -112.21 44.09, -112.33191867657547 45.18612569082658, -110.36787048745474 45.28725710356707))"
CHARLIE 1,2022-04-28 02:55:00+00:00,2022-04-28 06:55:00+00:00,0.0,35000.0,"POLYGON ((-40 34, -40 28.3, -45.3 29.45, -40 34))"
11C,2022-04-28 02:55:00+00:00,2022-04-28 04:55:00+00:00,0.0,29000.0,"POLYGON ((-92.20882798086794 43.68631461268908, -91.12734146732726 42.70592665461004, -91.1232817830853 42.09257436004088, -93.89369691952936 43.49753072695137, -92.20882798086794 43.68631461268908))"
8C,2022-04-28 02:55:00+00:00,2022-04-28 04:55:00+00:00,0.0,45000.0,"POLYGON ((-99.80026596911337 39.25921033434689, -97.16405239384201 39.28203722644257, -97.58 37.08452417705444, -100.52268569264815 34.830894812433435, -104.70753831771854 35.30630390607894, -99.80026596911337 39.25921033434689))"
10C,2022-04-28 02:55:00+00:00,2022-04-28 04:55:00+00:00,0.0,42000.0,"POLYGON ((-95.08173984454123 42.01905578771035, -94.85598223949316 41.16662043876397, -96.83039354548018 40.66891277203669, -97.32076768654082 41.69376061398301, -95.08173984454123 42.01905578771035))"
9C,2022-04-28 02:55:00+00:00,2022-04-28 04:55:00+00:00,0.0,45000.0,"POLYGON ((-103.08956035979047 32.17732122887905, -102.84299696391015 30.832287131734926, -104.52806940993159 30.298729706585682, -105.05065600209092 31.23652157106794, -103.08956035979047 32.17732122887905))"
5W,2022-04-28 02:55:00+00:00,2022-04-28 04:55:00+00:00,0.0,33000.0,"POLYGON ((-105.11059076486171 44.93349747805575, -105.85817901510019 43.216559625259684, -108.3 43.12726208852721, -106.96997180582454 44.99366957123421, -105.11059076486171 44.93349747805575))"
4W,2022-04-28 02:55:00+00:00,2022-04-28 04:55:00+00:00,0.0,29000.0,"POLYGON ((-109.81330738628067 45.803788719491365, -109.57687834833983 44.42773991098658, -111.88111487916977 44.324810723765815, -111.89722830836627 45.05713665129762, -109.81330738628067 45.803788719491365))"
4E,2022-04-28 03:55:00+00:00,2022-04-28 05:55:00+00:00,0.0,30000.0,"POLYGON ((-81.37953872997456 29.016982241955883, -80.83408418452002 29.016982241955883, -80.83408418452002 28.471527696501337, -81.37953872997456 28.471527696501337, -81.37953872997456 29.016982241955883))"
12C,2022-04-28 03:55:00+00:00,2022-04-28 05:55:00+00:00,0.0,45000.0,"POLYGON ((-97.09130200425307 39.337719389854165, -97.30211726386068 37.215408246117484, -99.9521564671727 35.03736763495931, -104.09124372654618 35.34498367504383, -99.29645267626333 39.25627327751715, -97.09130200425307 39.337719389854165))"
13C,2022-04-28 03:55:00+00:00,2022-04-28 05:55:00+00:00,0.0,36000.0,"POLYGON ((-102.66340197613764 32.17509589935455, -102.5135883128096 30.783187873855052, -103.95 30.58914187884179, -104.02401775849725 31.590969239072415, -102.66340197613764 32.17509589935455))"
7W,2022-04-28 03:55:00+00:00,2022-04-28 05:55:00+00:00,0.0,33000.0,"POLYGON ((-104.60438400399623 45.98479468529126, -105.8579368283162 43.39590814358841, -107.7494811105509 43.29270251273352, -105.95 45.946287181737326, -104.60438400399623 45.98479468529126))"
14C,2022-04-28 03:55:00+00:00,2022-04-28 05:55:00+00:00,0.0,38000.0,"POLYGON ((-95.48446381083471 41.63083337471376, -94.7240294581597 40.847190840679545, -96.21 40.69910686720918, -96.76589001158213 41.48379438511637, -95.48446381083471 41.63083337471376))"
6W,2022-04-28 03:55:00+00:00,2022-04-28 05:55:00+00:00,0.0,29000.0,"POLYGON ((-109.33601849548428 45.807763834091304, -109.24731299745012 44.73232716896439, -110.73 44.60821373441834, -110.89602956056595 45.23806238880657, -109.33601849548428 45.807763834091304))"
5E,2022-04-28 04:55:00+00:00,2022-04-28 06:55:00+00:00,0.0,31000.0,"POLYGON ((-81.4627325833651 29.606217821017584, -80.1940263266214 28.96492648435812, -80.49 28.25828375768358, -81.49196182281091 28.484590521716775, -81.4627325833651 29.606217821017584))"
15C,2022-04-28 04:55:00+00:00,2022-04-28 06:55:00+00:00,0.0,45000.0,"POLYGON ((-97.70166596088336 38.77626664727024, -97.4431880484259 35.7073085533572, -99.86061622356235 34.72217305448748, -104.16548559878315 35.369686840390514, -101.28256749776635 38.620761285792824, -97.70166596088336 38.77626664727024))"
8W,2022-04-28 04:55:00+00:00,2022-04-28 06:55:00+00:00,0.0,28000.0,"POLYGON ((-106.0461028526027 49.14077078158306, -106.40505504290142 45.610564387615476, -110.73 44.774582690154745, -108.07459007274679 47.06065340571985, -108.60199062061709 48.85245307744807, -106.0461028526027 49.14077078158306))"
9W,2022-04-28 04:55:00+00:00,2022-04-28 06:55:00+00:00,0.0,29000.0,"POLYGON ((-106.84299359943331 44.903461319778565, -105.58897772544731 43.74216648626168, -107.59632456624425 43.99416903845793, -106.84299359943331 44.903461319778565))"
XRAY 2,2022-04-28 05:05:00+00:00,2022-04-28 09:00:00+00:00,0.0,52000.0,"POLYGON ((-154 7.45, -147 7.45, -147.15 3.45, -153.3 3.45, -154 7.45))"
16C,2022-04-28 05:55:00+00:00,2022-04-28 07:55:00+00:00,0.0,29000.0,"POLYGON ((-94.06422480648068 43.30895784757072, -91.40785593383188 42.90902966627135, -92.15961472488823 41.92760480177969, -94.47164203287444 42.665181518393226, -94.06422480648068 43.30895784757072))"
17C,2022-04-28 05:55:00+00:00,2022-04-28 07:55:00+00:00,0.0,31000.0,"POLYGON ((-99.54921368440696 40.22907084465771, -99.10546704478028 38.95642639659408, -99.29431626734129 38.890578305216266, -99.73806290696797 40.163222753279896, -99.54921368440696 40.22907084465771))"
6E,2022-04-28 05:55:00+00:00,2022-04-28 07:55:00+00:00,0.0,39000.0,"POLYGON ((-81.33001737194684 29.760934293773236, -79.77463338462778 29.293358650039814, -79.68772347455695 28.383530149328113, -81.195473751244 28.23251377770355, -81.33001737194684 29.760934293773236))"
18C,2022-04-28 05:55:00+00:00,2022-04-28 07:55:00+00:00,0.0,45000.0,"POLYGON ((-97.62 38.43089313279083, -97.03296468585495 35.589676096180874, -100.52268569264815 34.830894812433435, -102.84543098579177 35.432329150294336, -101.78443193659636 37.915295971585614, -97.62 38.43089313279083))"
19C,2022-04-28 05:55:00+00:00,2022-04-28 07:55:00+00:00,0.0,37000.0,"POLYGON ((-103.80205515830417 30.60732655035264, -103.5944149508087 30.17218604968315, -104.31585227335323 29.530966792072043, -104.66024554462456 30.04341571680442, -103.80205515830417 30.60732655035264))"
21C,2022-04-28 06:55:00+00:00,2022-04-28 08:55:00+00:00,0.0,33000.0,"POLYGON ((-99.56227854363279 40.25428964672844, -98.6536505604204 38.98283924014151, -98.81637006452976 38.86655354462224, -99.72499804774215 40.13800395120917, -99.56227854363279 40.25428964672844))"
7E,2022-04-28 06:55:00+00:00,2022-04-28 08:55:00+00:00,0.0,42000.0,"POLYGON ((-79.87084140091446 29.73994642773686, -79.55298265182502 28.500327787280437, -80.63419626374355 27.987335060327325, -81.33001737194684 29.760934293773236, -79.87084140091446 29.73994642773686))"
20C,2022-04-28 06:55:00+00:00,2022-04-28 08:55:00+00:00,0.0,36000.0,"POLYGON ((-94.31396670389901 43.878872790412736, -90.71 42.2336310442636, -92.85817987012277 42.025502668848375, -95.97496268947664 43.05895483320172, -94.31396670389901 43.878872790412736))"
23C,2022-04-28 06:55:00+00:00,2022-04-28 08:55:00+00:00,0.0,37000.0,"POLYGON ((-103.77186069907647 30.363546013187662, -103.4075812987304 29.82831901421994, -103.95 29.46815522131804, -104.49241870126961 29.82831901421994, -103.77186069907647 30.363546013187662))"
22C,2022-04-28 06:55:00+00:00,2022-04-28 08:55:00+00:00,0.0,45000.0,"POLYGON ((-97.66068817658604 37.90367739562283, -96.96970516087383 36.02789876757129, -101.20949816061096 34.93631439773482, -103.04787283734845 36.18277653225763, -101.78443193659636 37.915295971585614, -97.66068817658604 37.90367739562283))"
24C,2022-04-28 07:55:00+00:00,2022-04-28 09:55:00+00:00,0.0,28000.0,"POLYGON ((-103.39881187611263 44.64717626942552, -102.47368409677321 44.85621539091875, -103.01 43.690858121158215, -103.2931540359169 43.77519543240277, -103.39881187611263 44.64717626942552))"
25C,2022-04-28 07:55:00+00:00,2022-04-28 09:55:00+00:00,0.0,39000.0,"POLYGON ((-95.98081531004769 43.64721617208437, -92.76630308047064 43.49753072695137, -90.89071276818811 42.344533114413075, -91.61 41.95371281826269, -95.20142415734303 42.88302218070683, -95.98081531004769 43.64721617208437))"
26C,2022-04-28 07:55:00+00:00,2022-04-28 09:55:00+00:00,0.0,45000.0,"POLYGON ((-96.90228732221554 37.96936196386311, -96.61466059709414 35.92054325510009, -100.08794879785114 34.77053262075429, -103.25547713298472 36.59166838634925, -101.46303855698478 37.91772658640386, -96.90228732221554 37.96936196386311))"
8E,2022-04-28 07:55:00+00:00,2022-04-28 09:55:00+00:00,0.0,44000.0,"POLYGON ((-78.97913111692964 30.047082757571303, -78.91967636056603 28.244138042531155, -80.56199603519882 27.833686259718892, -81.36292064833088 30.032507950985465, -78.97913111692964 30.047082757571303))"
27C,2022-04-28 07:55:00+00:00,2022-04-28 09:55:00+00:00,0.0,37000.0,"POLYGON ((-103.53975965599138 30.65228215729454, -103.27277957990943 29.7100533582447, -103.95 29.46815522131804, -104.6272204200906 29.7100533582447, -103.95 30.3, -103.53975965599138 30.65228215729454))"
XRAY 3,2022-04-28 08:34:00+00:00,2022-04-28 12:30:00+00:00,0.0,53000.0,"POLYGON ((-153 8.45, -140.45 9.15, -140.3 6.3, -151 4.15, -153 8.45))"
9E,2022-04-28 08:55:00+00:00,2022-04-28 10:55:00+00:00,0.0,41000.0,"POLYGON ((-78.97913111692964 30.047082757571303, -76.62242876451066 29.02683697822481, -80.34580373625643 27.987335060327325, -81.11 29.632737911472784, -78.97913111692964 30.047082757571303))"
30C,2022-04-28 08:55:00+00:00,2022-04-28 10:55:00+00:00,0.0,37000.0,"POLYGON ((-103.53975965599138 30.65228215729454, -102.98 30.450893132790817, -103.4075812987304 29.82831901421994, -103.95 29.301786265581644, -104.31585227335323 29.530966792072043, -103.53975965599138 30.65228215729454))"
29C,2022-04-28 08:55:00+00:00,2022-04-28 10:55:00+00:00,0.0,45000.0,"POLYGON ((-97.7403759433381 37.44248140356762, -97.1591385709576 36.092918688610936, -100.10392497449246 34.3061925323915, -102.86667081059615 36.669528201358446, -101.93683379707139 37.35441774730114, -97.7403759433381 37.44248140356762))"
28C,2022-04-28 08:55:00+00:00,2022-04-28 10:55:00+00:00,0.0,43000.0,"POLYGON ((-95.6215811903356 44.11601976854153, -92.11804654047599 43.43759719505548, -90.71 42.4, -91.61 42.01910686720918, -95.33954149479143 42.92355826658565, -95.6215811903356 44.11601976854153))"
33C,2022-04-28 09:55:00+00:00,2022-04-28 11:55:00+00:00,0.0,37000.0,"POLYGON ((-102.98 30.22714530289553, -103.44284512149574 29.23049317354188, -103.95 29.432574363474636, -103.82219077403596 30.03280563658517, -102.98 30.22714530289553))"
10E,2022-04-28 09:55:00+00:00,2022-04-28 11:55:00+00:00,0.0,43000.0,"POLYGON ((-78.97913111692964 30.047082757571303, -77.33292425561181 28.79014587564077, -78.89386582456982 27.733742559785618, -79.92639534039448 27.678859671358637, -81.18311664392523 29.453684961025417, -78.97913111692964 30.047082757571303))"
31C,2022-04-28 09:55:00+00:00,2022-04-28 11:55:00+00:00,0.0,45000.0,"POLYGON ((-94.31396670389901 43.878872790412736, -91.47 43.24452417705442, -90.71 42.4, -90.94340360303434 41.51807540591529, -95.26005350680897 43.3117804197566, -94.31396670389901 43.878872790412736))"
32C,2022-04-28 09:55:00+00:00,2022-04-28 11:55:00+00:00,0.0,45000.0,"POLYGON ((-101.50666556384506 37.66277740130122, -98.74032871452836 37.36229953977741, -97.34888495720897 36.15763997556041, -99.42756672791393 35.07282674386123, -102.11954172767665 36.652443772251516, -101.50666556384506 37.66277740130122))"
36C,2022-04-28 10:55:00+00:00,2022-04-28 12:55:00+00:00,0.0,43000.0,"POLYGON ((-100.73 37.63085812115821, -98.75626538382585 37.35686722123567, -97.41494731036344 35.940026878078804, -98.57910262339321 35.06409484438911, -101.47953790954672 36.62999983390703, -100.73 37.63085812115821))"
35C,2022-04-28 10:55:00+00:00,2022-04-28 12:55:00+00:00,0.0,30000.0,"POLYGON ((-90.91612823554708 40.51726518646151, -89.61202238257115 39.73757380355236, -91.13173314666444 38.347047334641815, -92.32339585812363 39.925239665507554, -90.91612823554708 40.51726518646151))"
11E,2022-04-28 10:55:00+00:00,2022-04-28 12:55:00+00:00,0.0,45000.0,"POLYGON ((-78.97913111692964 30.047082757571303, -76.80035650834265 28.968014159304357, -78.89386582456982 27.733742559785618, -79.73853118833149 27.677972767282867, -80.40322886812616 29.55280592310109, -78.97913111692964 30.047082757571303))"
34C,2022-04-28 10:55:00+00:00,2022-04-28 12:55:00+00:00,0.0,40000.0,"POLYGON ((-93.33 43.75547582294558, -91.47 43.24452417705442, -90.53840731522934 42.09246193479699, -91.29689515347877 41.28429327756869, -95.13 43.471786265581656, -93.33 43.75547582294558))"
37C,2022-04-28 11:55:00+00:00,2022-04-28 13:55:00+00:00,0.0,38000.0,"POLYGON ((-93.33 43.66828375768358, -91.47 43.33171624231643, -89.88636283459589 41.69388649690689, -91.25382737192201 41.40880020429708, -94.99024629902867 43.1190140364407, -93.33 43.66828375768358))"
38C,2022-04-28 11:55:00+00:00,2022-04-28 13:55:00+00:00,0.0,26000.0,"POLYGON ((-90.12976413834589 40.749827399013654, -89.12667781424177 39.944149562854925, -90.5679855697671 37.780167908982285, -91.49493888751779 39.4491026750839, -91.28000000000002 40.42828375768357, -90.12976413834589 40.749827399013654))"
39C,2022-04-28 11:55:00+00:00,2022-04-28 13:55:00+00:00,0.0,42000.0,"POLYGON ((-100.34285247079407 37.61268342397175, -97.58 37.31628718173732, -96.45019722374622 35.97688566975663, -97.80261404671232 34.99913216218724, -100.59789263709773 36.337853207861116, -100.34285247079407 37.61268342397175))"
12E,2022-04-28 11:55:00+00:00,2022-04-28 13:55:00+00:00,0.0,40000.0,"POLYGON ((-79.5148168257957 29.863520091530443, -76.80035650834265 28.968014159304357, -76.61106191602163 27.910817677605095, -79.73853118833149 27.677972767282867, -80.40322886812616 29.55280592310109, -79.5148168257957 29.863520091530443))"
XRAY 4,2022-04-28 12:08:00+00:00,2022-04-28 16:05:00+00:00,0.0,51000.0,"POLYGON ((-151.15 8.45, -140 8.45, -140 5.15, -151.3 4, -151.15 8.45))"
42C,2022-04-28 12:55:00+00:00,2022-04-28 14:55:00+00:00,0.0,40000.0,"POLYGON ((-99.14454545454545 43.06911639396635, -98.23545454545454 43.06911639396635, -98.23545454545454 42.16002548487544, -99.14454545454545 42.16002548487544, -99.14454545454545 43.06911639396635))"
13E,2022-04-28 12:55:00+00:00,2022-04-28 14:55:00+00:00,0.0,39000.0,"POLYGON ((-78.44146809343414 30.228466654828352, -76.80035650834265 28.968014159304357, -76.61106191602163 27.910817677605095, -79.17496313484394 27.673791862558097, -80.5822297501818 29.107962812107232, -78.44146809343414 30.228466654828352))"
40C,2022-04-28 12:55:00+00:00,2022-04-28 14:55:00+00:00,0.0,42000.0,"POLYGON ((-92.62457509074144 43.9041873385927, -88.49096023089845 41.85728348998199, -90.4738828877305 41.15662162883213, -95.128783973669 42.861614920392995, -92.62457509074144 43.9041873385927))"
41C,2022-04-28 12:55:00+00:00,2022-04-28 14:55:00+00:00,0.0,42000.0,"POLYGON ((-98.87809684274647 36.664515092459496, -96.37666200213931 36.669134327850436, -96.02530920833435 35.73865458811491, -97.36700896671847 34.93866126814074, -99.01158527489102 35.631004248156735, -98.87809684274647 36.664515092459496))"
46C,2022-04-28 13:55:00+00:00,2022-04-28 15:55:00+00:00,,,"POLYGON ((-94.5408170739908 38.5235824659248, -94.82520740627488 38.35578243088591, -94.86569620110814 38.31043961487267, -95.36134640648683 37.20076221041843, -94.72357325829329 38.18353116103846, -94.4391829260092 38.351331196077346, -95.17873466883873 37.11919657259746, -94.68308446346003 38.2288739770517, -94.5408170739908 38.5235824659248))"
45C,2022-04-28 13:55:00+00:00,2022-04-28 15:55:00+00:00,0.0,40000.0,"POLYGON ((-99.06938144916873 43.05808706302515, -98.16029054007782 43.05808706302515, -98.16029054007782 42.14899615393424, -99.06938144916873 42.14899615393424, -99.06938144916873 43.05808706302515))"
43C,2022-04-28 13:55:00+00:00,2022-04-28 15:55:00+00:00,0.0,42000.0,"POLYGON ((-90.49443493562778 43.32634436461357, -89.59 41.73828375768357, -91.43176098277756 41.4645374314086, -94.68286423392634 42.609328892281425, -94.84927083219344 43.017553774527244, -90.49443493562778 43.32634436461357))"
47C,2022-04-28 13:55:00+00:00,2022-04-28 15:55:00+00:00,0.0,30000.0,"POLYGON ((-94.19275730588461 37.01062107196611, -93.2836663967937 37.01062107196611, -93.2836663967937 36.10153016287521, -94.19275730588461 36.10153016287521, -94.19275730588461 37.01062107196611))"
14E,2022-04-28 13:55:00+00:00,2022-04-28 15:55:00+00:00,0.0,39000.0,"POLYGON ((-78.44146809343414 30.228466654828352, -76.08256301267936 28.08789332652287, -79.17496313484394 27.673791862558097, -80.5822297501818 29.107962812107232, -78.44146809343414 30.228466654828352))"
44C,2022-04-28 13:55:00+00:00,2022-04-28 15:55:00+00:00,0.0,42000.0,"POLYGON ((-95.55190228076735 36.66087937318012, -95.47686085900622 35.58477150503226, -96.38817672143227 34.848486326228624, -98.16435509971946 35.2076866093756, -98.06628390399133 36.46755152211803, -95.55190228076735 36.66087937318012))"
49C,2022-04-28 14:55:00+00:00,2022-04-28 16:55:00+00:00,,,"POLYGON ((-94.57091911819784 39.228070312336406, -94.59110946599907 38.30633888131218, -94.90958662053127 37.196345359445345, -94.37667467668619 39.180435273322765, -94.59010901664502 38.31010043108961, -95.10183016333481 37.25150349801385, -94.7833530088026 38.36149701988068, -94.78435345815666 38.35773547010325, -94.57091911819784 39.228070312336406))"
47C,2022-04-28 14:55:00+00:00,2022-04-28 16:55:00+00:00,0.0,40000.0,"POLYGON ((-90.18099916443535 43.242543886775074, -90.29671821691468 42.09257436004088, -92.32600194776566 41.73908353953515, -94.65231643078779 42.49877878169653, -94.29 42.89914187884178, -90.18099916443535 43.242543886775074))"
50C,2022-04-28 14:55:00+00:00,2022-04-28 16:55:00+00:00,0.0,31000.0,"POLYGON ((-93.07572754385068 37.30708061365417, -92.9130965766165 37.190671127372006, -94.05250405352119 35.598851199624036, -94.21513502075537 35.7152606859062, -93.07572754385068 37.30708061365417))"
15E,2022-04-28 14:55:00+00:00,2022-04-28 16:55:00+00:00,0.0,35000.0,"POLYGON ((-78.188866809136 29.660822319875553, -76.61106191602163 27.910817677605095, -79.17496313484394 27.673791862558097, -80.5822297501818 29.107962812107232, -78.188866809136 29.660822319875553))"
48C,2022-04-28 14:55:00+00:00,2022-04-28 16:55:00+00:00,0.0,45000.0,"POLYGON ((-94.8830163154445 36.544756992312, -95.08628697479345 35.38725461765392, -95.85743619184456 34.69627057374492, -97.6 35.2336310442636, -97.84110697535988 36.19626917818363, -94.8830163154445 36.544756992312))"
XRAY 5,2022-04-28 15:19:00+00:00,2022-04-28 19:15:00+00:00,0.0,52000.0,"POLYGON ((-148 8.45, -140 8.45, -140 4.15, -148 4.45, -148 8.45))"
53C,2022-04-28 15:55:00+00:00,2022-04-28 17:55:00+00:00,,,"POLYGON ((-94.47939132463846 39.28961388924999, -94.30658749312434 37.99740005536536, -95.15189657961837 37.04215702215977, -94.2793916138378 39.289273772125824, -94.28147615013685 38.063499980269334, -95.30167360444405 37.174696989091885, -94.45636451795002 38.129940022297475, -94.48147586093751 38.0638400973935, -94.47939132463846 39.28961388924999))"
51C,2022-04-28 15:55:00+00:00,2022-04-28 17:55:00+00:00,0.0,33000.0,"POLYGON ((-94.13900778634613 42.877033390971356, -92.23858383412762 42.75284701939794, -92.1465454408768 41.684729678351424, -94.42867191020488 42.507689210872364, -94.13900778634613 42.877033390971356))"
55C,2022-04-28 15:55:00+00:00,2022-04-28 17:55:00+00:00,0.0,41000.0,"POLYGON ((-97.94282105358867 44.01085253572074, -97.21554832631595 44.01085253572074, -97.21554832631595 43.283579808448, -97.94282105358867 43.283579808448, -97.94282105358867 44.01085253572074))"
54C,2022-04-28 15:55:00+00:00,2022-04-28 17:55:00+00:00,0.0,27000.0,"POLYGON ((-93.18196587051264 37.31362349073562, -92.45469314323992 37.31362349073562, -92.45469314323992 36.58635076346289, -93.18196587051264 36.58635076346289, -93.18196587051264 37.31362349073562))"
16E,2022-04-28 15:55:00+00:00,2022-04-28 17:55:00+00:00,0.0,35000.0,"POLYGON ((-78.188866809136 29.660822319875553, -76.4350886114612 27.970067284132778, -79.05441703746935 27.05824119087265, -80.4067456818193 29.043491787627, -78.188866809136 29.660822319875553))"
52C,2022-04-28 15:55:00+00:00,2022-04-28 17:55:00+00:00,0.0,45000.0,"POLYGON ((-94.69318354175225 36.439634020808136, -94.47407608517135 35.38982840905717, -95.37454609003497 34.84932725030065, -96.84812299224058 35.14300145890824, -97.1591385709576 36.092918688610936, -94.69318354175225 36.439634020808136))"
18E,2022-04-28 16:55:00+00:00,2022-04-28 18:55:00+00:00,0.0,37000.0,"POLYGON ((-80.86836116665978 27.91159693062544, -79.95320087847743 26.87991235660966, -80.10281895725764 26.74719298913785, -81.01797924543999 27.77887756315363, -80.86836116665978 27.91159693062544))"
56C,2022-04-28 16:55:00+00:00,2022-04-28 18:55:00+00:00,0.0,32000.0,"POLYGON ((-94.07520678434182 42.75952662467881, -92.2649624104499 42.123439131804574, -92.3312647760174 41.9347489192334, -94.14150914990933 42.57083641210764, -94.07520678434182 42.75952662467881))"
59C,2022-04-28 16:55:00+00:00,2022-04-28 18:55:00+00:00,0.0,38000.0,"POLYGON ((-99.02740897496346 44.15106265997514, -96.76249854877267 43.748456585381255, -96.79750145122733 43.55154341461874, -99.06241187741813 43.954149489212625, -99.02740897496346 44.15106265997514))"
17E,2022-04-28 16:55:00+00:00,2022-04-28 18:55:00+00:00,0.0,41000.0,"POLYGON ((-76.62242876451066 29.02683697822481, -78.01189746295503 27.428848997638664, -79.2274954426497 26.99572638673913, -80.0564361067391 28.913867138718043, -76.62242876451066 29.02683697822481))"
57C,2022-04-28 16:55:00+00:00,2022-04-28 18:55:00+00:00,0.0,42000.0,"POLYGON ((-93.92924905282418 36.31351527438713, -94.50296263153686 34.928661350811055, -96.53150191425202 35.102357651227884, -95.9961671469739 36.199823218590545, -93.92924905282418 36.31351527438713))"
58C,2022-04-28 16:55:00+00:00,2022-04-28 18:55:00+00:00,0.0,30000.0,"POLYGON ((-94.31008193341823 39.289209490177925, -93.40984639578936 39.185981755880455, -91.8316342939706 36.81262527272227, -93.82736687513187 36.48492528861765, -95.494311111041 36.92435441222165, -94.31008193341823 39.289209490177925))"
20E,2022-04-28 17:55:00+00:00,2022-04-28 19:55:00+00:00,0.0,45000.0,"POLYGON ((-81.26892698522964 28.17663365692586, -79.85712922008003 26.750254820654323, -79.99927524962075 26.609561870277236, -81.41107301477037 28.03594070654877, -81.26892698522964 28.17663365692586))"
60C,2022-04-28 17:55:00+00:00,2022-04-28 19:55:00+00:00,0.0,35000.0,"POLYGON ((-94.23800920478227 43.1291350472937, -91.91540185604752 41.71551935956168, -92.01938344648299 41.54467490149965, -94.34199079521774 42.958290589231666, -94.23800920478227 43.1291350472937))"
63C,2022-04-28 17:55:00+00:00,2022-04-28 19:55:00+00:00,0.0,36000.0,"POLYGON ((-97.74021051997192 44.45260418745749, -96.1399142505498 43.73978173374651, -96.2212925095848 43.55708641646544, -97.82158877900693 44.269908870176415, -97.74021051997192 44.45260418745749))"
64C,2022-04-28 17:55:00+00:00,2022-04-28 19:55:00+00:00,0.0,31000.0,"POLYGON ((-92.85821289679797 40.33414531419717, -90.58185362770668 40.069210665688395, -90.48 39.29371281826268, -92.07746542282433 39.077045837964555, -92.93881327032933 40.01882650389506, -92.85821289679797 40.33414531419717))"
19E,2022-04-28 17:55:00+00:00,2022-04-28 19:55:00+00:00,0.0,35000.0,"POLYGON ((-79.01170039983428 29.283601544713342, -78.01189746295503 27.428848997638664, -79.40038122409572 26.933000350378148, -79.8221676335047 28.26660028191138, -79.01170039983428 29.283601544713342))"
61C,2022-04-28 17:55:00+00:00,2022-04-28 19:55:00+00:00,0.0,42000.0,"POLYGON ((-93.08854246998952 36.24557256233406, -93.83897199837985 35.03631157153431, -95.78000000000002 35.18273791147279, -96.08069191932506 35.96436692098359, -95.3776675682712 36.19929287824785, -93.08854246998952 36.24557256233406))"
62C,2022-04-28 17:55:00+00:00,2022-04-28 19:55:00+00:00,0.0,29000.0,"POLYGON ((-94.09512896634021 39.2882213716973, -91.82620047501297 38.682005218409664, -91.53597742510217 36.5791390401417, -93.6803850755142 36.60211901382818, -94.61994162044762 37.349587941109924, -94.09512896634021 39.2882213716973))"
XRAY 6,2022-04-28 18:51:00+00:00,2022-04-28 22:50:00+00:00,0.0,52000.0,"POLYGON ((-145.45 9, -140.3 8, -142.15 5, -147 5.3, -145.45 9))"
68C,2022-04-28 18:55:00+00:00,2022-04-28 20:55:00+00:00,0.0,32000.0,"POLYGON ((-93.33 37.69273791147278, -92.28348455912015 37.355390086376346, -93.6961265625494 34.918078013398485, -95.34809359777 35.20215949653443, -93.33 37.69273791147278))"
66C,2022-04-28 18:55:00+00:00,2022-04-28 20:55:00+00:00,0.0,32000.0,"POLYGON ((-94.035459513954 43.40473131960684, -92.93610264894431 43.07454258215255, -92.99363323399768 42.88299563808031, -94.09299009900737 43.213184375534595, -94.035459513954 43.40473131960684))"
67C,2022-04-28 18:55:00+00:00,2022-04-28 20:55:00+00:00,0.0,34000.0,"POLYGON ((-93.12805107723334 40.537667401954664, -90.98947762847612 40.38390367443109, -90.87555420367565 39.16601560490579, -93.8737124970061 39.56342119983033, -93.12805107723334 40.537667401954664))"
65C,2022-04-28 18:55:00+00:00,2022-04-28 20:55:00+00:00,0.0,43000.0,"POLYGON ((-97.4795646053125 44.258098427035364, -94.73382576057944 43.90068717822673, -94.7596418495221 43.702360353133145, -97.50538069425517 44.059771601941776, -97.4795646053125 44.258098427035364))"
21E,2022-04-28 19:04:00+00:00,2022-04-28 20:55:00+00:00,0.0,35000.0,"POLYGON ((-79.282603940839 28.73352261360218, -78.01189746295503 27.428848997638664, -79.2274954426497 26.99572638673913, -79.8221676335047 28.26660028191138, -79.282603940839 28.73352261360218))"
22E,2022-04-28 19:04:00+00:00,2022-04-28 20:55:00+00:00,0.0,42000.0,"POLYGON ((-80.83729252560723 27.98624804290298, -79.64090169385672 26.84526824271553, -80.15682081545293 26.06708033017096, -81.73581677550212 27.39763646124585, -80.83729252560723 27.98624804290298))"
24E,2022-04-28 19:55:00+00:00,2022-04-28 21:55:00+00:00,0.0,42000.0,"POLYGON ((-82.42832149922083 28.44403568420533, -80.72044601983394 27.47535525185575, -81.32132621948037 26.938173812553245, -82.79579238767793 28.01217868503657, -82.42832149922083 28.44403568420533))"
69C,2022-04-28 19:55:00+00:00,2022-04-28 21:55:00+00:00,0.0,43000.0,"POLYGON ((-97.4795646053125 44.258098427035364, -94.73382576057944 43.90068717822673, -94.7596418495221 43.702360353133145, -97.50538069425517 44.059771601941776, -97.4795646053125 44.258098427035364))"
70C,2022-04-28 19:55:00+00:00,2022-04-28 21:55:00+00:00,0.0,33000.0,"POLYGON ((-93.12805107723334 40.537667401954664, -90.98947762847612 40.38390367443109, -90.87555420367565 39.16601560490579, -93.8737124970061 39.56342119983033, -93.12805107723334 40.537667401954664))"
10W,2022-04-28 19:55:00+00:00,2022-04-28 21:55:00+00:00,0.0,31000.0,"POLYGON ((-109.93134693701649 43.607220060592184, -108.3 43.02628718173732, -109.56329261320057 41.179808193597914, -109.90909020145612 41.30994223930533, -109.93134693701649 43.607220060592184))"
23E,2022-04-28 19:55:00+00:00,2022-04-28 21:55:00+00:00,0.0,41000.0,"POLYGON ((-78.79928014299323 27.66973798985201, -76.73929057699706 26.640689528657067, -79.23229775313193 26.35909350890834, -80.63132054734965 25.031054795294956, -81.42654794100704 25.761040989273386, -78.79928014299323 27.66973798985201))"
11W,2022-04-28 19:55:00+00:00,2022-04-28 21:55:00+00:00,0.0,27000.0,"POLYGON ((-117.86999999999999 43.421844778681965, -115.75629056175843 42.780649422125734, -116.21348684887673 42.068676240933705, -118.28670024603804 42.46191081262574, -117.86999999999999 43.421844778681965))"
26E,2022-04-28 20:55:00+00:00,2022-04-28 22:55:00+00:00,0.0,32000.0,"POLYGON ((-82.42832149922083 28.44403568420533, -80.55255137627185 27.81355208231688, -81.32132621948037 26.938173812553245, -82.83106965021693 27.854592724480945, -82.42832149922083 28.44403568420533))"
25E,2022-04-28 20:55:00+00:00,2022-04-28 22:55:00+00:00,0.0,43000.0,"POLYGON ((-78.79928014299323 27.66973798985201, -78.22819914450551 26.667863783618706, -79.23229775313193 26.35909350890834, -80.63132054734965 25.031054795294956, -81.78 26.030893132790823, -78.79928014299323 27.66973798985201))"
71C,2022-04-28 20:55:00+00:00,2022-04-28 22:55:00+00:00,0.0,43000.0,"POLYGON ((-97.2812804510347 45.09647552056244, -92.7450564692797 44.51600494576946, -92.84949963690985 42.736069410420534, -97.92956652825612 43.64423989652354, -97.2812804510347 45.09647552056244))"
12W,2022-04-28 20:55:00+00:00,2022-04-28 22:55:00+00:00,0.0,31000.0,"POLYGON ((-110.37463148418965 44.224272709214844, -106.86826580740198 44.126534587961245, -107.77965903333937 41.9653571372671, -111.14837541429382 42.25696431162419, -110.37463148418965 44.224272709214844))"
13W,2022-04-28 20:55:00+00:00,2022-04-28 22:55:00+00:00,0.0,24000.0,"POLYGON ((-117.86999999999999 43.75458269015474, -115.27185263114667 43.54632630744694, -115.84337127598296 42.47203833425863, -117.78373424718373 42.43626272272048, -117.86999999999999 43.75458269015474))"
15W,2022-04-28 21:55:00+00:00,2022-04-28 23:55:00+00:00,0.0,32000.0,"POLYGON ((-112.36009466041119 45.3051676531295, -112.72688545562556 42.404121905373664, -117.18136943021695 42.07679254722871, -116.77278731336335 44.602640700945166, -112.36009466041119 45.3051676531295))"
27E,2022-04-28 21:55:00+00:00,2022-04-28 23:55:00+00:00,0.0,45000.0,"POLYGON ((-82.37697263530053 27.336226627208717, -80.60692552928559 26.870063887745584, -79.2950981061613 27.383627274830932, -78.60052127797117 26.672232476280982, -80.70105272474011 24.877166648114333, -82.37697263530053 27.336226627208717))"
72C,2022-04-28 21:55:00+00:00,2022-04-28 23:55:00+00:00,0.0,45000.0,"POLYGON ((-97.18496037833845 45.413872714911115, -92.80720089669856 44.741848201272596, -91.16058214673588 42.39911777749414, -97.58503731052336 43.05895483320172, -97.18496037833845 45.413872714911115))"
73C,2022-04-28 21:55:00+00:00,2022-04-28 23:55:00+00:00,0.0,45000.0,"POLYGON ((-99.10759960081266 42.59657625916663, -95.87217438463368 42.59911417720099, -97.62 40.09458269015475, -100.34161787620462 39.7386190093792, -99.10759960081266 42.59657625916663))"
14W,2022-04-28 21:55:00+00:00,2022-04-28 23:55:00+00:00,0.0,38000.0,"POLYGON ((-109.45503894538632 45.218733732068394, -104.16593508946131 43.97417310994623, -104.29833049551563 41.56196256517884, -110.02332171821553 42.733672256636176, -109.45503894538632 45.218733732068394))"
17W,2022-04-28 22:55:00+00:00,2022-04-29 00:55:00+00:00,0.0,32000.0,"POLYGON ((-111.52329466286281 45.245400442793986, -111.43606050741332 41.25763530848458, -116.607956812388 42.195774229464945, -116.06626033457827 44.66768265484854, -111.52329466286281 45.245400442793986))"
28E,2022-04-28 22:55:00+00:00,2022-04-29 00:55:00+00:00,0.0,45000.0,"POLYGON ((-81.68186975425486 27.71564427904816, -79.75939584015809 25.32851235785509, -81.28054378176266 25.05966952607401, -82.94567362829717 27.67446409351263, -81.68186975425486 27.71564427904816))"
74C,2022-04-28 22:55:00+00:00,2022-04-29 00:55:00+00:00,0.0,45000.0,"POLYGON ((-97.18496037833845 45.413872714911115, -93.24 45.20273791147278, -90.71 42.73273791147278, -97.26490228280477 43.296049537978774, -97.18496037833845 45.413872714911115))"
75C,2022-04-28 22:55:00+00:00,2022-04-29 00:55:00+00:00,0.0,45000.0,"POLYGON ((-95.87217438463368 42.59911417720099, -97.62 39.76184477868197, -99.47663678912616 38.66935994796152, -101.28256749776635 38.620761285792824, -99.5734327928392 42.44191134138946, -95.87217438463368 42.59911417720099))"
16W,2022-04-28 22:55:00+00:00,2022-04-29 00:55:00+00:00,0.0,35000.0,"POLYGON ((-109.15914296197778 44.88648877910101, -104.16593508946131 43.97417310994623, -104.29833049551563 41.56196256517884, -110.33594191677423 42.579778047213715, -109.15914296197778 44.88648877910101))"
OSCAR 1,2022-04-28 23:35:00+00:00,2022-04-29 03:30:00+00:00,0.0,46000.0,"POLYGON ((-179.45 18.15, -176 17.45, -176.15 16.15, -179.45 16, -179.45 18.15))"
29E,2022-04-28 23:55:00+00:00,2022-04-29 01:55:00+00:00,0.0,45000.0,"POLYGON ((-82.40697330576509 27.092517366629853, -78.97286876565066 26.675630616850057, -79.25895962679549 25.414440217940218, -81.12248353355385 24.84314904610989, -82.40697330576509 27.092517366629853))"
76C,2022-04-28 23:55:00+00:00,2022-04-29 01:55:00+00:00,0.0,45000.0,"POLYGON ((-97.18496037833845 45.413872714911115, -93.51168536713995 45.33079427780004, -90.62357213930117 42.55367246201729, -97.26490228280477 43.296049537978774, -97.18496037833845 45.413872714911115))"
77C,2022-04-28 23:55:00+00:00,2022-04-29 01:55:00+00:00,0.0,45000.0,"POLYGON ((-98.5302152795236 42.587529776009276, -95.64619138195762 42.60200199421707, -96.8634438951276 40.198162970143144, -99.75158142716063 38.234290965643815, -101.99341297224385 39.154324090087044, -98.5302152795236 42.587529776009276))"
19W,2022-04-28 23:55:00+00:00,2022-04-29 01:55:00+00:00,0.0,35000.0,"POLYGON ((-110.36787048745474 45.28725710356707, -110.62126267507642 41.656624311216, -116.143651111858 41.958722131744835, -115.5417350851845 45.23862450712555, -110.36787048745474 45.28725710356707))"
18W,2022-04-28 23:55:00+00:00,2022-04-29 01:55:00+00:00,0.0,40000.0,"POLYGON ((-108.62000000000002 44.97815522131803, -103.3602929059045 43.36464192548287, -104.32547391752873 40.42434146314661, -109.88405808322577 42.579778047213715, -108.62000000000002 44.97815522131803))"
1C,2022-04-29 00:55:00+00:00,2022-04-29 02:55:00+00:00,0.0,45000.0,"POLYGON ((-97.13427997403726 45.41333737639175, -92.8049498061613 45.175858371062084, -91.43603584394322 42.619013867760195, -96.78 43.65, -97.13427997403726 45.41333737639175))"
2C,2022-04-29 00:55:00+00:00,2022-04-29 02:55:00+00:00,0.0,45000.0,"POLYGON ((-97.57918468995231 43.64721617208437, -94.68286423392634 42.609328892281425, -97.35641630636853 39.13415823446904, -101.01258761121163 38.453927803008185, -101.86296108312898 39.44519691823934, -97.57918468995231 43.64721617208437))"
1W,2022-04-29 00:55:00+00:00,2022-04-29 02:55:00+00:00,0.0,40000.0,"POLYGON ((-108.46201435673218 45.5427585172598, -103.58219934317037 44.387487006287905, -103.68659145182802 40.876537950849944, -109.79317489059349 41.58741000007543, -108.46201435673218 45.5427585172598))"
1E,2022-04-29 00:55:00+00:00,2022-04-29 02:55:00+00:00,0.0,41000.0,"POLYGON ((-82.29624253091202 26.72006998443853, -79.06133213016837 26.294299452237617, -79.42867591818403 25.479191370833874, -81.30104037320453 25.414440217940218, -82.29624253091202 26.72006998443853))"
3C,2022-04-29 00:55:00+00:00,2022-04-29 02:55:00+00:00,0.0,36000.0,"POLYGON ((-93.58211133784178 38.97236201089942, -91.82479016354327 38.93666819746116, -91.70115975455683 37.66086322801481, -93.41026466571077 37.513677780321096, -93.58211133784178 38.97236201089942))"
2W,2022-04-29 00:55:00+00:00,2022-04-29 02:55:00+00:00,0.0,35000.0,"POLYGON ((-115.27267182136596 44.76616640822809, -109.74356721580105 44.31163468761854, -110.11 42.08089313279083, -113.57282879423754 42.19452491947021, -115.27267182136596 44.76616640822809))"
2E,2022-04-29 01:55:00+00:00,2022-04-29 03:55:00+00:00,0.0,41000.0,"POLYGON ((-80.161157328266 26.526277407157078, -79.06133213016837 26.294299452237617, -79.24283907503919 24.855209794324182, -80.28 24.96815522131804, -80.161157328266 26.526277407157078))"
4C,2022-04-29 01:55:00+00:00,2022-04-29 03:55:00+00:00,0.0,40000.0,"POLYGON ((-96.21223595222033 45.672269892919324, -91.48 45.23273791147278, -91.83639994231427 42.3944863941665, -96.35605022689397 43.521882293116484, -96.21223595222033 45.672269892919324))"
5C,2022-04-29 01:55:00+00:00,2022-04-29 03:55:00+00:00,0.0,45000.0,"POLYGON ((-97.6996743873965 43.646313446833176, -94.63265329655313 41.99466696862724, -96.55072191766307 38.92512254310652, -101.99341297224385 39.154324090087044, -97.6996743873965 43.646313446833176))"
6C,2022-04-29 01:55:00+00:00,2022-04-29 03:55:00+00:00,0.0,40000.0,"POLYGON ((-91.42817343430868 39.0619990367889, -91.00406609322698 37.412800292515804, -93.18176185207227 37.477548186472404, -93.0739939041142 38.80689172102783, -91.42817343430868 39.0619990367889))"
3W,2022-04-29 01:55:00+00:00,2022-04-29 03:55:00+00:00,0.0,38000.0,"POLYGON ((-103.47683665516482 45.575944741783054, -102.31768377619001 41.09810364779696, -105.55119927071922 41.0324666108411, -108.92517546607021 44.53425061977762, -103.47683665516482 45.575944741783054))"
4W,2022-04-29 01:55:00+00:00,2022-04-29 03:55:00+00:00,0.0,32000.0,"POLYGON ((-110.98132398861445 46.605912001761816, -107.9873896236918 41.90372662162885, -111.32717120576247 42.19452491947021, -114.95364748095912 45.27134601963829, -110.98132398861445 46.605912001761816))"
3E,2022-04-29 02:55:00+00:00,2022-04-29 04:55:00+00:00,0.0,40000.0,"POLYGON ((-80.2215229798468 26.562298839719954, -79.15905003836006 26.67696566493167, -79.08942577615537 25.349494405187173, -80.56141325127675 25.1849103249004, -80.2215229798468 26.562298839719954))"
9C,2022-04-29 02:55:00+00:00,2022-04-29 04:55:00+00:00,0.0,41000.0,"POLYGON ((-103.4090211639174 45.78226306500693, -102.09692492110389 41.09662876162579, -104.5071179279923 39.69225897950646, -107.06 45.172737911472794, -103.4090211639174 45.78226306500693))"
8C,2022-04-29 02:55:00+00:00,2022-04-29 04:55:00+00:00,0.0,35000.0,"POLYGON ((-90.93549276097386 39.21203944064234, -91.00406609322698 37.412800292515804, -93.18222586008588 37.24226740728703, -93.40984639578936 39.185981755880455, -90.93549276097386 39.21203944064234))"
7C,2022-04-29 02:55:00+00:00,2022-04-29 04:55:00+00:00,0.0,45000.0,"POLYGON ((-96.3919135371718 45.980552640464865, -90.12731260818161 45.15748392405804, -91.96643864381306 42.77516488985928, -96.21 39.03541730984525, -101.69 39.057262088527224, -96.3919135371718 45.980552640464865))"
5W,2022-04-29 02:55:00+00:00,2022-04-29 04:55:00+00:00,0.0,30000.0,"POLYGON ((-109.07049917149523 45.040582184668736, -108.84893273204149 41.89728331180715, -112.06436374416229 41.00367418314459, -112.04653676014877 43.97224270375976, -109.07049917149523 45.040582184668736))"
OSCAR 2,2022-04-29 03:15:00+00:00,2022-04-29 07:10:00+00:00,0.0,42000.0,"POLYGON ((-179.3 18.3, -176.15 17.45, -177.3 15.45, -180 15.45, -179.3 18.3))"
12C,2022-04-29 03:55:00+00:00,2022-04-29 05:55:00+00:00,0.0,33000.0,"POLYGON ((-90.87555420367565 39.16601560490579, -90.74376886992056 37.25997471516188, -93.16183429607372 37.415205909392974, -92.9077595971938 39.029286717941666, -90.87555420367565 39.16601560490579))"
4E,2022-04-29 03:55:00+00:00,2022-04-29 05:55:00+00:00,0.0,37000.0,"POLYGON ((-78.97286876565066 26.675630616850057, -79.08942577615537 25.349494405187173, -80.4107954793763 25.917582093100467, -80.4623855340304 26.679514493799267, -78.97286876565066 26.675630616850057))"
10C,2022-04-29 03:55:00+00:00,2022-04-29 05:55:00+00:00,0.0,40000.0,"POLYGON ((-102.22073961092025 45.936441423790576, -101.3596694420067 40.857391004040494, -104.32547391752873 40.42434146314661, -105.95 45.38178626558165, -102.22073961092025 45.936441423790576))"
11C,2022-04-29 03:55:00+00:00,2022-04-29 05:55:00+00:00,0.0,45000.0,"POLYGON ((-97.2812804510347 45.09647552056244, -90.61588188608728 44.64206568747065, -91.83639994231427 42.3944863941665, -95.53149759750342 39.03264914438195, -101.53803838980451 39.27226046564854, -97.2812804510347 45.09647552056244))"
PAPA 1,2022-04-29 04:06:00+00:00,2022-04-29 08:10:00+00:00,0.0,52000.0,"POLYGON ((159 7.15, 164 5.15, 162.45 2.45, 156.45 3.3, 154.45 5.45, 159 7.15))"
16C,2022-04-29 04:55:00+00:00,2022-04-29 06:55:00+00:00,0.0,37000.0,"POLYGON ((-92.43420674036432 39.21050338144842, -90.15997891137573 37.80354545171138, -90.74376886992056 37.25997471516188, -92.99342104423924 37.47017328014338, -93.80742477467024 38.489325327432645, -92.43420674036432 39.21050338144842))"
6W,2022-04-29 04:55:00+00:00,2022-04-29 06:55:00+00:00,0.0,35000.0,"POLYGON ((-107.44566263289163 44.171515435969724, -105.83707897003926 43.99841481046937, -105.8621423429262 42.78255621173641, -107.7494811105509 43.29270251273352, -107.44566263289163 44.171515435969724))"
5E,2022-04-29 04:55:00+00:00,2022-04-29 06:55:00+00:00,0.0,37000.0,"POLYGON ((-80.43442472127845 26.806917804688183, -78.97286876565066 26.675630616850057, -79.06133213016837 26.294299452237617, -80.80475445520202 26.26961929413895, -80.43442472127845 26.806917804688183))"
14C,2022-04-29 04:55:00+00:00,2022-04-29 06:55:00+00:00,0.0,39000.0,"POLYGON ((-96.84927568195764 44.96418929529473, -91.74750392839101 44.438571499359945, -91.75598326556594 42.71359337856477, -96.45610134137418 43.41426038467135, -98.06262923881218 44.02485811131984, -96.84927568195764 44.96418929529473))"
15C,2022-04-29 04:55:00+00:00,2022-04-29 06:55:00+00:00,0.0,45000.0,"POLYGON ((-96.35605022689397 43.521882293116484, -93.48094222702113 41.13246617619712, -96.63651230370213 38.60753164193625, -101.6790381909748 40.1948973195314, -96.35605022689397 43.521882293116484))"
13C,2022-04-29 04:55:00+00:00,2022-04-29 06:55:00+00:00,0.0,42000.0,"POLYGON ((-102.83395560630993 43.672454666253074, -102.36986981391415 40.9073881712952, -104.43462307010435 40.59469147033709, -104.29748034089148 43.031574149230856, -102.83395560630993 43.672454666253074))"
QUEBEC 1,2022-04-29 05:32:00+00:00,2022-04-29 09:35:00+00:00,0.0,55000.0,"POLYGON ((145.3 7, 148.3 5.15, 145.3 2.3, 141.45 3.45, 145.3 7))"
19C,2022-04-29 05:55:00+00:00,2022-04-29 07:55:00+00:00,0.0,38000.0,"POLYGON ((-104.77 40.776287181737324, -103.5831077046974 40.465984036243746, -104.66000000000001 39.52085812115822, -105.18288397038702 39.97480273590499, -104.77 40.776287181737324))"
17C,2022-04-29 05:55:00+00:00,2022-04-29 07:55:00+00:00,0.0,35000.0,"POLYGON ((-107.44566263289163 44.171515435969724, -105.83707897003926 43.99841481046937, -105.8621423429262 42.78255621173641, -107.7494811105509 43.29270251273352, -107.44566263289163 44.171515435969724))"
6E,2022-04-29 05:55:00+00:00,2022-04-29 07:55:00+00:00,0.0,35000.0,"POLYGON ((-79.94710725353906 26.987338198426425, -78.97286876565066 26.675630616850057, -79.06133213016837 26.294299452237617, -80.28 26.132737911472788, -79.94710725353906 26.987338198426425))"
20C,2022-04-29 05:55:00+00:00,2022-04-29 07:55:00+00:00,0.0,39000.0,"POLYGON ((-95.96264739089368 45.055198548580634, -91.20280577758346 44.37080489153317, -91.75598326556594 42.71359337856477, -96.45610134137418 43.41426038467135, -97.60096026152543 44.235283917443205, -95.96264739089368 45.055198548580634))"
23C,2022-04-29 05:55:00+00:00,2022-04-29 07:55:00+00:00,0.0,45000.0,"POLYGON ((-98.8423831518311 37.7432677027057, -97.1918825410097 37.622029892577466, -97.5376956846022 36.476724790327836, -98.87809684274647 36.664515092459496, -98.8423831518311 37.7432677027057))"
18C,2022-04-29 05:55:00+00:00,2022-04-29 07:55:00+00:00,0.0,42000.0,"POLYGON ((-102.83395560630993 43.672454666253074, -102.36986981391415 40.9073881712952, -103.955933965595 40.95246075915879, -103.81940678559239 43.388922083153396, -102.83395560630993 43.672454666253074))"
21C,2022-04-29 05:55:00+00:00,2022-04-29 07:55:00+00:00,0.0,45000.0,"POLYGON ((-96.35605022689397 43.521882293116484, -93.48094222702113 41.13246617619712, -96.63651230370213 38.60753164193625, -101.6790381909748 40.1948973195314, -96.35605022689397 43.521882293116484))"
22C,2022-04-29 05:55:00+00:00,2022-04-29 07:55:00+00:00,0.0,30000.0,"POLYGON ((-92.25989624804141 39.51470968013821, -90.14939936616821 37.82367747486619, -90.23 37.004524177054435, -92.28348455912015 37.355390086376346, -93.50683139934935 38.58423968751526, -92.25989624804141 39.51470968013821))"
7E,2022-04-29 06:55:00+00:00,2022-04-29 08:55:00+00:00,0.0,35000.0,"POLYGON ((-79.94710725353906 26.987338198426425, -78.78669224824179 26.674052879508793, -78.89055775947249 26.229303019077314, -80.09 26.34726208852722, -79.94710725353906 26.987338198426425))"
27C,2022-04-29 06:55:00+00:00,2022-04-29 08:55:00+00:00,0.0,32000.0,"POLYGON ((-92.75729735770827 40.43728967516404, -89.84229937336882 37.542031726042396, -90.23 37.004524177054435, -91.86493596591734 37.35096498799105, -93.50683139934935 38.58423968751526, -92.75729735770827 40.43728967516404))"
26C,2022-04-29 06:55:00+00:00,2022-04-29 08:55:00+00:00,0.0,45000.0,"POLYGON ((-93.66539199648501 42.41730053635912, -93.46034849112066 40.12674230402569, -99.2419520801904 38.937482802290475, -100.54638167157302 40.98615407131566, -97.11136733706935 42.459167432182845, -93.66539199648501 42.41730053635912))"
28C,2022-04-29 06:55:00+00:00,2022-04-29 08:55:00+00:00,0.0,45000.0,"POLYGON ((-99.14581962927335 38.24900732104367, -96.5279945470293 37.74532469243881, -96.82079849392771 36.19558065903491, -98.87809684274647 36.664515092459496, -99.14581962927335 38.24900732104367))"
24C,2022-04-29 06:55:00+00:00,2022-04-29 08:55:00+00:00,0.0,45000.0,"POLYGON ((-101.06479462479172 45.26913094643752, -101.17712729690925 41.8177411357023, -103.18 39.660893132790825, -104.90699017887188 39.348622653437666, -104.50808163593683 45.02909258119478, -101.06479462479172 45.26913094643752))"
25C,2022-04-29 06:55:00+00:00,2022-04-29 08:55:00+00:00,0.0,35000.0,"POLYGON ((-98.27954050931618 45.266259360493386, -91.20280577758346 44.37080489153317, -91.75598326556594 42.71359337856477, -96.45610134137418 43.41426038467135, -97.60096026152543 44.235283917443205, -98.27954050931618 45.266259360493386))"
PAPA 2,2022-04-29 07:33:00+00:00,2022-04-29 11:35:00+00:00,0.0,52000.0,"POLYGON ((160 8, 165 5.45, 163 3.3, 153 5.3, 153.15 7, 160 8))"
ROMEO 1,2022-04-29 07:36:00+00:00,2022-04-29 11:40:00+00:00,0.0,44000.0,"POLYGON ((-178.45 19.3, -174.45 20, -176.15 17, -179.15 17, -178.45 19.3))"
35C,2022-04-29 07:55:00+00:00,2022-04-29 09:55:00+00:00,0.0,45000.0,"POLYGON ((-96.76486451110385 38.650250148577946, -96.06613027455181 36.733948241753836, -97.42143242194587 36.514940033634176, -98.42777053028576 38.023593436432385, -96.76486451110385 38.650250148577946))"
32C,2022-04-29 07:55:00+00:00,2022-04-29 09:55:00+00:00,0.0,45000.0,"POLYGON ((-95.94087627480091 43.033548792623705, -93.10107308931423 41.8476084778528, -92.98930807261867 39.822631401354, -94.92679578150266 39.28985076603339, -98.35000000000001 40.22343248463285, -95.94087627480091 43.033548792623705))"
8E,2022-04-29 07:55:00+00:00,2022-04-29 09:55:00+00:00,0.0,32000.0,"POLYGON ((-79.94710725353906 26.987338198426425, -78.78669224824179 26.674052879508793, -79.17129254390262 25.795796612937057, -80.0952111765831 25.79988323436399, -79.94710725353906 26.987338198426425))"
29C,2022-04-29 07:55:00+00:00,2022-04-29 09:55:00+00:00,0.0,45000.0,"POLYGON ((-104.17049118984905 44.797664501554806, -99.34506006207512 43.798880893317516, -102.30926712472159 40.15673884131869, -104.81288207200771 39.69225897950646, -104.17049118984905 44.797664501554806))"
34C,2022-04-29 07:55:00+00:00,2022-04-29 09:55:00+00:00,0.0,32000.0,"POLYGON ((-92.50691805946069 39.976265407269736, -89.49272395364198 37.07949443936931, -90.46981515099104 37.208641955032, -91.49102152831092 37.66328709864097, -92.41742883427916 38.873500595367005, -92.50691805946069 39.976265407269736))"
30C,2022-04-29 07:55:00+00:00,2022-04-29 09:55:00+00:00,0.0,42000.0,"POLYGON ((-96.30047273361616 45.28756313289555, -96.21279537900803 44.783236385904935, -99.66908294133209 44.03602270900172, -99.79982604083459 45.00425750388746, -96.30047273361616 45.28756313289555))"
31C,2022-04-29 07:55:00+00:00,2022-04-29 09:55:00+00:00,0.0,39000.0,"POLYGON ((-94.7693220164375 45.08425592101803, -91.2923347253463 44.217272575296, -92.19099590490279 43.08435157020045, -96.09023186208181 43.64792627580358, -96.4243897693851 44.264271939311, -94.7693220164375 45.08425592101803))"
33C,2022-04-29 07:55:00+00:00,2022-04-29 09:55:00+00:00,0.0,45000.0,"POLYGON ((-100.37218187108898 40.199795881966224, -97.62 39.42910686720917, -97.86394708161087 38.46863072885516, -100.53489400165141 39.49488440372719, -100.37218187108898 40.199795881966224))"
9E,2022-04-29 08:55:00+00:00,2022-04-29 10:55:00+00:00,0.0,34000.0,"POLYGON ((-79.94710725353906 26.987338198426425, -78.78669224824179 26.674052879508793, -79.17495133486459 25.853591300660053, -79.94787570051727 26.372519595737387, -79.94710725353906 26.987338198426425))"
36C,2022-04-29 08:55:00+00:00,2022-04-29 10:55:00+00:00,0.0,45000.0,"POLYGON ((-103.73288148535933 45.20739128481067, -99.30337784539257 44.13212318423866, -102.16969888251151 40.47395381283711, -104.40967393320794 40.27084662363903, -103.73288148535933 45.20739128481067))"
40C,2022-04-29 08:55:00+00:00,2022-04-29 10:55:00+00:00,0.0,45000.0,"POLYGON ((-98.68623331083765 40.764688550586854, -95.97322728974082 38.26066383426322, -95.63158280574169 36.5073055265705, -97.34607601997946 36.53962901044764, -99.98458730688677 40.38942541845226, -98.68623331083765 40.764688550586854))"
37C,2022-04-29 08:55:00+00:00,2022-04-29 10:55:00+00:00,0.0,32000.0,"POLYGON ((-96.21223595222033 45.672269892919324, -96.13121549064199 45.17150533028373, -99.69437341716463 44.389054200508006, -99.79982604083459 45.00425750388746, -96.21223595222033 45.672269892919324))"
41C,2022-04-29 08:55:00+00:00,2022-04-29 10:55:00+00:00,0.0,29000.0,"POLYGON ((-91.42817343430868 39.0619990367889, -89.80963696027831 37.669254075316225, -90.31026745148384 37.51626790515472, -91.49102152831092 37.66328709864097, -91.91905215196232 38.57433215630024, -91.42817343430868 39.0619990367889))"
38C,2022-04-29 08:55:00+00:00,2022-04-29 10:55:00+00:00,0.0,39000.0,"POLYGON ((-94.4652356907155 44.93864480522928, -91.55860209665151 44.06367070105892, -92.19099590490279 43.08435157020045, -95.63043347174388 43.64423989652354, -95.77827537735641 44.65917040839888, -94.4652356907155 44.93864480522928))"
39C,2022-04-29 08:55:00+00:00,2022-04-29 10:55:00+00:00,0.0,45000.0,"POLYGON ((-95.97496268947664 43.05895483320172, -92.49878149178134 41.51657855579943, -91.97328415287078 39.27085602964243, -95.87956304061456 39.58470851718954, -97.29903819097478 40.1948973195314, -95.97496268947664 43.05895483320172))"
QUEBEC 2,2022-04-29 09:37:00+00:00,2022-04-29 13:35:00+00:00,0.0,55000.0,"POLYGON ((145.3 7, 148.3 5.15, 145.3 2.3, 141.45 3.45, 145.3 7))"
43C,2022-04-29 09:55:00+00:00,2022-04-29 11:55:00+00:00,0.0,35000.0,"POLYGON ((-95.2350403047895 46.34367045615628, -96.43075311141568 44.8446497575362, -98.10008285061079 44.95856578086203, -96.66521412814465 46.442440947143595, -95.2350403047895 46.34367045615628))"
7W,2022-04-29 09:55:00+00:00,2022-04-29 11:55:00+00:00,0.0,30000.0,"POLYGON ((-108.48181818181818 42.77439254529282, -108.11818181818181 42.77439254529282, -108.11818181818181 42.41075618165646, -108.48181818181818 42.41075618165646, -108.48181818181818 42.77439254529282))"
42C,2022-04-29 09:55:00+00:00,2022-04-29 11:55:00+00:00,0.0,45000.0,"POLYGON ((-99.91491388893814 45.8553081296598, -98.53795196151923 45.537517723571696, -100.13678075780425 41.23937735765839, -103.7850534851137 40.349427650101546, -103.91285100555716 42.65771748292251, -99.91491388893814 45.8553081296598))"
45C,2022-04-29 09:55:00+00:00,2022-04-29 11:55:00+00:00,0.0,43000.0,"POLYGON ((-95.31206992896432 41.9377377950307, -92.42791832381235 41.26242932176415, -91.60878250778917 39.234714308624795, -95.59981672197165 39.286838040909956, -96.81201143456727 40.007438518178915, -95.31206992896432 41.9377377950307))"
46C,2022-04-29 09:55:00+00:00,2022-04-29 11:55:00+00:00,0.0,45000.0,"POLYGON ((-97.57310653729905 40.789171009253415, -94.93735259738776 37.91622702658611, -95.49755550152848 36.43492594033711, -96.76935060654878 36.72649455265442, -99.57909645998629 40.513947590780106, -97.57310653729905 40.789171009253415))"
44C,2022-04-29 09:55:00+00:00,2022-04-29 11:55:00+00:00,0.0,32000.0,"POLYGON ((-94.4652356907155 44.93864480522928, -91.55860209665151 44.06367070105892, -92.41877655881413 43.086384922067914, -95.63043347174388 43.64423989652354, -95.56171527936226 44.596521352883094, -94.4652356907155 44.93864480522928))"
8W,2022-04-29 10:55:00+00:00,2022-04-29 12:55:00+00:00,0.0,30000.0,"POLYGON ((-108.37638921844338 43.59354074275412, -107.60171680926568 42.946728832492326, -108.57056178850065 42.39052803328865, -109.03334933429046 43.23635174748596, -108.37638921844338 43.59354074275412))"
50C,2022-04-29 10:55:00+00:00,2022-04-29 12:55:00+00:00,0.0,45000.0,"POLYGON ((-96.40302329466834 41.16809896600609, -93.9257637429164 37.82907258150776, -95.35066965650371 36.552120484636866, -96.67267305207153 36.902614605610786, -98.85201995983138 40.456671218088836, -96.40302329466834 41.16809896600609))"
47C,2022-04-29 10:55:00+00:00,2022-04-29 12:55:00+00:00,0.0,45000.0,"POLYGON ((-98.00317175907664 46.03423677804514, -100.33821617446095 40.660842879782464, -103.29111081805938 40.86429950880138, -103.3602929059045 43.36464192548287, -99.21683068389241 46.00509653020866, -98.00317175907664 46.03423677804514))"
48C,2022-04-29 10:55:00+00:00,2022-04-29 12:55:00+00:00,0.0,35000.0,"POLYGON ((-96.17940988714211 46.55703665589619, -94.99405903323921 46.34594898189536, -96.13121549064199 45.17150533028373, -98.01107471185601 44.8046143530222, -96.17940988714211 46.55703665589619))"
49C,2022-04-29 10:55:00+00:00,2022-04-29 12:55:00+00:00,0.0,37000.0,"POLYGON ((-94.63265329655313 41.99466696862724, -91.94694408877803 40.904686134849726, -92.81334256766058 38.99950145983612, -94.9384171132932 39.22616489972479, -95.95821617446094 40.660842879782464, -94.63265329655313 41.99466696862724))"
10E,2022-04-29 11:55:00+00:00,2022-04-29 13:55:00+00:00,0.0,42000.0,"POLYGON ((-86.29660123866152 30.028038465582657, -85.87028508155257 29.062243671857612, -87.72506694391085 29.39279273508559, -87.53362436133163 30.01179188579318, -86.29660123866152 30.028038465582657))"
53C,2022-04-29 11:55:00+00:00,2022-04-29 13:55:00+00:00,0.0,45000.0,"POLYGON ((-94.18587968288169 41.60473318171505, -91.83031563815412 41.119090631949945, -91.86828518110643 38.141639783397764, -97.62 38.93, -97.98506838174956 40.71158955920409, -94.18587968288169 41.60473318171505))"
54C,2022-04-29 11:55:00+00:00,2022-04-29 13:55:00+00:00,0.0,45000.0,"POLYGON ((-95.49367911332727 38.69935735359934, -94.09775950932449 38.39668094688416, -94.27851964390777 36.55730533533002, -96.26906222697563 37.12127913342688, -96.83011756387464 38.33583614445982, -95.49367911332727 38.69935735359934))"
51C,2022-04-29 11:55:00+00:00,2022-04-29 13:55:00+00:00,0.0,44000.0,"POLYGON ((-99.01733671490122 46.4941298317688, -96.85 46.41726208852722, -99.9378988108869 40.79247686957094, -102.35998884383741 40.627769088074935, -103.44675490829964 43.21063701635652, -99.01733671490122 46.4941298317688))"
52C,2022-04-29 11:55:00+00:00,2022-04-29 13:55:00+00:00,0.0,31000.0,"POLYGON ((-97.03478587185533 46.442440947143595, -94.99405903323921 46.34594898189536, -95.13 45.13547582294557, -98.01107471185601 44.8046143530222, -97.03478587185533 46.442440947143595))"
9W,2022-04-29 11:55:00+00:00,2022-04-29 13:55:00+00:00,0.0,32000.0,"POLYGON ((-108.38793637750446 43.61367123506385, -107.12538575099965 43.3415630812124, -107.8669195418954 42.69065199686028, -108.78339458180584 43.106056321121685, -108.38793637750446 43.61367123506385))"
SIERRA 1,2022-04-29 12:39:00+00:00,2022-04-29 16:40:00+00:00,0.0,44000.0,"POLYGON ((180 17.15, 180 14.3, -175.45 17.45, -177.3 19.3, 180 17.15))"
11E,2022-04-29 12:55:00+00:00,2022-04-29 14:55:00+00:00,0.0,40000.0,"POLYGON ((-87.82382247606333 28.330892759492034, -86.68 28.516864969265686, -86.92369404799447 27.980735016275805, -88.36927992714277 27.635482900077008, -87.82382247606333 28.330892759492034))"
56C,2022-04-29 12:55:00+00:00,2022-04-29 14:55:00+00:00,0.0,45000.0,"POLYGON ((-96.32724969523802 42.84770234845753, -91.75839791651485 41.78703711066481, -91.43956807305895 38.194030970624766, -97.27606917020391 39.04014560264499, -98.56984736142644 40.97909166475509, -96.32724969523802 42.84770234845753))"
10W,2022-04-29 12:55:00+00:00,2022-04-29 14:55:00+00:00,0.0,32000.0,"POLYGON ((-108.3 44.03828375768358, -107.04292102996072 43.99841481046937, -107.01422480648068 43.30895784757072, -107.37141616587238 42.75284701939794, -108.3 44.03828375768358))"
57C,2022-04-29 12:55:00+00:00,2022-04-29 14:55:00+00:00,0.0,45000.0,"POLYGON ((-96.12131409553726 38.83614668254183, -93.20184790370494 38.487549290451355, -93.77194118235272 37.00625442718976, -96.61222047231773 37.42770268714906, -96.12131409553726 38.83614668254183))"
55C,2022-04-29 12:55:00+00:00,2022-04-29 14:55:00+00:00,0.0,45000.0,"POLYGON ((-98.97028254245531 46.74741595367261, -96.16917661475115 46.27740642902013, -100.28451413851656 40.69613889059496, -103.00328056404192 42.24193927774492, -102.79616816717495 44.04346739764671, -98.97028254245531 46.74741595367261))"
61C,2022-04-29 13:55:00+00:00,2022-04-29 15:55:00+00:00,0.0,42000.0,"POLYGON ((-94.96895618059155 34.5706807639092, -94.7124045690182 33.72964285861246, -95.28367619805145 33.50408265482495, -95.51206897698499 34.31544111773251, -94.96895618059155 34.5706807639092))"
60C,2022-04-29 13:55:00+00:00,2022-04-29 15:55:00+00:00,0.0,45000.0,"POLYGON ((-95.77054422283459 38.95349750043532, -92.61188458841984 38.50266285889733, -92.99441206023359 37.24887587051309, -95.53568285788462 37.27017672180945, -95.77054422283459 38.95349750043532))"
11W,2022-04-29 13:55:00+00:00,2022-04-29 15:55:00+00:00,0.0,34000.0,"POLYGON ((-107.632612014961 44.42965428388199, -106.1547923499754 44.204100258945275, -106.05122519690381 43.49047146567881, -106.8641450737814 43.69253164832329, -107.632612014961 44.42965428388199))"
12E,2022-04-29 13:55:00+00:00,2022-04-29 15:55:00+00:00,0.0,40000.0,"POLYGON ((-87.34527037596392 28.574183548540212, -85.50351159900647 27.88122105023299, -86.63224421831302 27.853609008604323, -87.72296114102724 27.04152715334124, -87.34527037596392 28.574183548540212))"
58C,2022-04-29 13:55:00+00:00,2022-04-29 15:55:00+00:00,0.0,45000.0,"POLYGON ((-101.72 44.24815522131804, -97.58503731052336 43.05895483320172, -99.57909645998629 40.513947590780106, -102.65081963877442 42.141691187499916, -101.72 44.24815522131804))"
59C,2022-04-29 13:55:00+00:00,2022-04-29 15:55:00+00:00,0.0,45000.0,"POLYGON ((-94.44954108011106 42.492248581772195, -92.02138498864039 41.646601115385714, -91.32304704344769 38.10071131032931, -96.76456341849571 38.92687836921599, -96.83039354548018 40.66891277203669, -94.44954108011106 42.492248581772195))"
63C,2022-04-29 13:55:00+00:00,2022-04-29 15:55:00+00:00,0.0,30000.0,"POLYGON ((-103.73288148535933 45.20739128481067, -103.01 44.811844778681966, -103.43812088083172 44.10653514647325, -104.29983020489196 44.35477496333659, -103.73288148535933 45.20739128481067))"
62C,2022-04-29 13:55:00+00:00,2022-04-29 15:55:00+00:00,0.0,31000.0,"POLYGON ((-99.45582353319561 46.75357909277887, -96.00080924714672 46.15863221541655, -98.69 43.30184477868196, -100.51268555743486 43.77463421072064, -99.45582353319561 46.75357909277887))"
13E,2022-04-29 14:55:00+00:00,2022-04-29 16:55:00+00:00,0.0,40000.0,"POLYGON ((-87.34527037596392 28.574183548540212, -85.50351159900647 27.88122105023299, -87.59362690402669 26.9215498051789, -88.1126306944033 27.40074488748466, -87.34527037596392 28.574183548540212))"
14E,2022-04-29 14:55:00+00:00,2022-04-29 16:55:00+00:00,0.0,36000.0,"POLYGON ((-80.49 27.84636895573639, -79.05441703746935 27.05824119087265, -79.34523527425056 26.678058003974225, -80.75511762882546 27.444466560901983, -80.49 27.84636895573639))"
65C,2022-04-29 14:55:00+00:00,2022-04-29 16:55:00+00:00,0.0,45000.0,"POLYGON ((-93.07040670078894 42.628590639889815, -91.28000000000002 40.68184477868197, -91.49102152831092 37.66328709864097, -93.90865848378047 37.167589140200334, -95.90302279981269 39.96431259970335, -93.07040670078894 42.628590639889815))"
66C,2022-04-29 14:55:00+00:00,2022-04-29 16:55:00+00:00,0.0,35000.0,"POLYGON ((-93.54961155379007 36.057644937086124, -92.64979561008604 35.601331230795736, -94.78029961419979 34.09617979979481, -94.92719039127356 34.1411722960863, -93.54961155379007 36.057644937086124))"
67C,2022-04-29 14:55:00+00:00,2022-04-29 16:55:00+00:00,0.0,32000.0,"POLYGON ((-99.21303915744222 46.75075420740385, -96.00080924714672 46.15863221541655, -98.69 43.30184477868196, -100.51268555743486 43.77463421072064, -99.21303915744222 46.75075420740385))"
64C,2022-04-29 14:55:00+00:00,2022-04-29 16:55:00+00:00,0.0,45000.0,"POLYGON ((-100.97493993792489 43.798880893317516, -97.58503731052336 43.05895483320172, -98.9726290308528 40.907752625200835, -100.75 41.549106867209176, -100.97493993792489 43.798880893317516))"
12W,2022-04-29 14:55:00+00:00,2022-04-29 16:55:00+00:00,0.0,35000.0,"POLYGON ((-106.17239422728301 44.46080391139157, -105.58897772544731 43.74216648626168, -106.26389690867636 43.69245457181577, -107.23862408096599 44.53245054747168, -106.17239422728301 44.46080391139157))"
15E,2022-04-29 15:55:00+00:00,2022-04-29 17:55:00+00:00,0.0,40000.0,"POLYGON ((-86.68 29.831786265581645, -85.83086723396083 29.097599657211543, -87.59362690402669 26.9215498051789, -88.1126306944033 27.40074488748466, -86.68 29.831786265581645))"
69C,2022-04-29 15:55:00+00:00,2022-04-29 17:55:00+00:00,0.0,45000.0,"POLYGON ((-92.63587439015905 42.5767561466466, -90.74418187366453 40.25767969667828, -91.24696828762742 37.9975922364831, -93.83300979169923 37.1929593035637, -95.02814073580899 39.82391081428245, -92.63587439015905 42.5767561466466))"
72C,2022-04-29 15:55:00+00:00,2022-04-29 17:55:00+00:00,0.0,37000.0,"POLYGON ((-102.09750984787162 40.82000079411434, -101.69 40.11285469710447, -102.61250385347883 40.15861477382064, -102.57491577916609 40.79260750523556, -102.09750984787162 40.82000079411434))"
68C,2022-04-29 15:55:00+00:00,2022-04-29 17:55:00+00:00,0.0,45000.0,"POLYGON ((-99.13413999353527 45.63875880004832, -97.48044897412153 43.136714678458034, -98.8826565167403 41.21279538989302, -101.12058552113884 41.71724054255493, -99.13413999353527 45.63875880004832))"
16E,2022-04-29 15:55:00+00:00,2022-04-29 17:55:00+00:00,0.0,36000.0,"POLYGON ((-80.56199603519882 27.833686259718892, -79.05441703746935 27.05824119087265, -79.34523527425056 26.678058003974225, -80.75511762882546 27.444466560901983, -80.56199603519882 27.833686259718892))"
71C,2022-04-29 15:55:00+00:00,2022-04-29 17:55:00+00:00,0.0,36000.0,"POLYGON ((-104.49395165000278 43.5246841604914, -103.22155692903577 42.350826132649324, -103.95671943595808 42.24193927774492, -105.22218011278568 43.4034771032289, -104.49395165000278 43.5246841604914))"
70C,2022-04-29 15:55:00+00:00,2022-04-29 17:55:00+00:00,0.0,35000.0,"POLYGON ((-105.97019778667713 45.153169888527685, -105.28367543375575 43.99416903845793, -105.58897772544731 43.74216648626168, -106.72953682017501 44.60424098602056, -105.97019778667713 45.153169888527685))"
SIERRA 2,2022-04-29 16:28:00+00:00,2022-04-29 20:25:00+00:00,0.0,44000.0,"POLYGON ((-179.45 18.45, -176.45 18.15, -178 14.45, -179.45 15.3, -179.45 18.45))"
73C,2022-04-29 16:55:00+00:00,2022-04-29 18:55:00+00:00,0.0,41000.0,"POLYGON ((-98.93919202578273 45.25260898860029, -97.00786608323071 43.24907434916208, -98.12742674162733 41.78048472547926, -101.15857064309562 41.35596171164183, -98.93919202578273 45.25260898860029))"
77C,2022-04-29 16:55:00+00:00,2022-04-29 18:55:00+00:00,0.0,37000.0,"POLYGON ((-103.74737912349761 41.097454278963596, -103.12624155904567 40.83277507284669, -103.18 40.16, -104.36964997219901 40.343904188338904, -103.74737912349761 41.097454278963596))"
17E,2022-04-29 16:55:00+00:00,2022-04-29 18:55:00+00:00,0.0,45000.0,"POLYGON ((-87.36084317142596 30.240016139093544, -85.69781876556978 29.216673780951727, -86.45104764094744 27.79359522083806, -88.1126306944033 27.40074488748466, -87.36084317142596 30.240016139093544))"
76C,2022-04-29 16:55:00+00:00,2022-04-29 18:55:00+00:00,0.0,41000.0,"POLYGON ((-101.85298355993945 41.04474182087237, -101.6790381909748 40.1948973195314, -102.30926712472159 40.15673884131869, -102.31768377619001 41.09810364779696, -101.85298355993945 41.04474182087237))"
75C,2022-04-29 16:55:00+00:00,2022-04-29 18:55:00+00:00,0.0,35000.0,"POLYGON ((-104.60892193277017 45.43094321413646, -102.85872966249973 42.07932861820406, -104.93535949700525 42.326516151160604, -106.18911013043432 45.091366878356176, -104.60892193277017 45.43094321413646))"
74C,2022-04-29 16:55:00+00:00,2022-04-29 18:55:00+00:00,0.0,45000.0,"POLYGON ((-93.5998500942925 40.44395847451726, -90.47620108841214 40.10189822653681, -90.61903331809752 37.79669489146906, -93.33 36.69452417705442, -94.34352731848941 39.16199380415305, -93.5998500942925 40.44395847451726))"
82C,2022-04-29 17:55:00+00:00,2022-04-29 19:55:00+00:00,0.0,33000.0,"POLYGON ((-103.68659145182802 40.876537950849944, -102.83375844095434 40.83277507284669, -102.65697790868556 39.992847152478575, -103.93665352467166 40.15753740436445, -103.68659145182802 40.876537950849944))"
83C,2022-04-29 17:55:00+00:00,2022-04-29 19:55:00+00:00,0.0,37000.0,"POLYGON ((-104.47821131115859 40.675365542371104, -104.47179896495061 39.809847981766865, -104.83373535514681 39.75454549534361, -105.35528738654469 40.67159037006339, -104.47821131115859 40.675365542371104))"
18E,2022-04-29 17:55:00+00:00,2022-04-29 19:55:00+00:00,0.0,45000.0,"POLYGON ((-87.36084317142596 30.240016139093544, -85.69781876556978 29.216673780951727, -86.45104764094744 27.79359522083806, -88.1126306944033 27.40074488748466, -87.36084317142596 30.240016139093544))"
78C,2022-04-29 17:55:00+00:00,2022-04-29 19:55:00+00:00,0.0,40000.0,"POLYGON ((-99.29589152681483 44.64141845534644, -98.06262923881218 44.02485811131984, -97.56234153277589 42.464472852289234, -99.31229578633206 42.5680031642247, -99.29589152681483 44.64141845534644))"
81C,2022-04-29 17:55:00+00:00,2022-04-29 19:55:00+00:00,0.0,41000.0,"POLYGON ((-100.61420999961972 42.37730291166018, -99.99 42.07089313279082, -101.69 40.22184477868196, -102.36986981391415 40.9073881712952, -100.61420999961972 42.37730291166018))"
79C,2022-04-29 17:55:00+00:00,2022-04-29 19:55:00+00:00,0.0,45000.0,"POLYGON ((-90.47620108841214 40.10189822653681, -90.02450723902616 39.21203944064234, -92.45022110806437 36.65088556358398, -94.40802657896914 39.90435025851825, -90.47620108841214 40.10189822653681))"
80C,2022-04-29 17:55:00+00:00,2022-04-29 19:55:00+00:00,0.0,35000.0,"POLYGON ((-105.22787146896802 45.14805325743801, -103.33827017740707 44.21481253257027, -104.16593508946131 43.97417310994623, -105.41783496173456 44.82823198632567, -105.22787146896802 45.14805325743801))"
84C,2022-04-29 18:55:00+00:00,2022-04-29 20:55:00+00:00,0.0,31000.0,"POLYGON ((-97.89366040366687 43.9765625970474, -97.23275030476198 42.84770234845753, -98.38739563859771 43.0038686050205, -98.26757873116034 44.082998798421144, -97.89366040366687 43.9765625970474))"
85C,2022-04-29 18:55:00+00:00,2022-04-29 20:55:00+00:00,0.0,45000.0,"POLYGON ((-93.2910363983401 40.349189793754064, -90.40661851073126 40.12335666955101, -89.95183046847771 39.26772236700338, -91.5084309466767 37.66310045552905, -93.63613495529025 38.543536106465275, -93.2910363983401 40.349189793754064))"
87C,2022-04-29 18:55:00+00:00,2022-04-29 20:55:00+00:00,0.0,41000.0,"POLYGON ((-103.05356743938205 41.23354276219702, -102.27340854817199 40.876537950849944, -102.97369194759591 38.733924384156296, -104.51651360720656 39.542779195331384, -104.77 40.63171624231643, -103.05356743938205 41.23354276219702))"
20E,2022-04-29 18:55:00+00:00,2022-04-29 20:55:00+00:00,0.0,40000.0,"POLYGON ((-82.8132702931337 28.027576492495754, -79.57480338772348 26.488071277098406, -80.96142517153505 25.54374708596181, -83.37410889149062 27.653595118851918, -82.8132702931337 28.027576492495754))"
19E,2022-04-29 18:55:00+00:00,2022-04-29 20:55:00+00:00,0.0,45000.0,"POLYGON ((-87.1206652058681 29.907024684205624, -85.16251131067045 29.691641457176388, -85.87981854612578 27.873038097002674, -87.6307966136423 29.190912175467794, -87.1206652058681 29.907024684205624))"
88C,2022-04-29 18:55:00+00:00,2022-04-29 20:55:00+00:00,0.0,34000.0,"POLYGON ((-103.44675490829964 43.21063701635652, -101.81510052645697 42.38736503634406, -102.31768377619001 41.09810364779696, -103.48 42.22273791147278, -103.44675490829964 43.21063701635652))"
86C,2022-04-29 18:55:00+00:00,2022-04-29 20:55:00+00:00,0.0,41000.0,"POLYGON ((-99.99 43.40184477868197, -98.95086352272135 42.93082017708635, -101.19541269311324 40.38942541845226, -102.09692492110389 41.09662876162579, -99.99 43.40184477868197))"
22E,2022-04-29 19:55:00+00:00,2022-04-29 21:55:00+00:00,0.0,45000.0,"POLYGON ((-82.80552509666644 28.177075362226347, -79.94059079506302 26.624596952635187, -81.2355696607407 25.10008101007333, -83.00719977656254 27.90961354889639, -82.80552509666644 28.177075362226347))"
21E,2022-04-29 19:55:00+00:00,2022-04-29 21:55:00+00:00,0.0,45000.0,"POLYGON ((-87.1206652058681 29.907024684205624, -85.16251131067045 29.691641457176388, -85.87981854612578 27.873038097002674, -87.6307966136423 29.190912175467794, -87.1206652058681 29.907024684205624))"
91C,2022-04-29 19:55:00+00:00,2022-04-29 21:55:00+00:00,0.0,38000.0,"POLYGON ((-101.2499025121234 42.945123904023134, -101.91038454136857 37.942751579361754, -104.33140473898345 39.194714966818175, -102.85872966249973 42.07932861820406, -101.2499025121234 42.945123904023134))"
89C,2022-04-29 19:55:00+00:00,2022-04-29 21:55:00+00:00,0.0,43000.0,"POLYGON ((-93.19478455203908 40.31942932210203, -90.27432686533069 40.1640017840607, -89.62540602750163 38.85688616324927, -91.20507588307635 37.984327291508095, -93.33 38.191844778681954, -93.19478455203908 40.31942932210203))"
92C,2022-04-29 19:55:00+00:00,2022-04-29 21:55:00+00:00,0.0,43000.0,"POLYGON ((-101.33034849469558 38.389042075919455, -100.14395784284861 38.10954859313252, -100.14699371461766 37.7275603663689, -101.51206247298504 38.17208297543746, -101.33034849469558 38.389042075919455))"
90C,2022-04-29 19:55:00+00:00,2022-04-29 21:55:00+00:00,0.0,44000.0,"POLYGON ((-100.16000000000001 43.55815522131804, -98.69 43.13547582294557, -100.99323141145027 40.32663446272757, -101.56210118911311 40.79247686957094, -100.16000000000001 43.55815522131804))"
SIERRA 3,2022-04-29 19:59:00+00:00,2022-04-29 23:55:00+00:00,0.0,41000.0,"POLYGON ((-179.45 19.3, -176.3 19, -176.45 17.3, -179.45 17.3, -179.45 19.3))"
24E,2022-04-29 20:55:00+00:00,2022-04-29 22:55:00+00:00,0.0,45000.0,"POLYGON ((-82.68 28.40910686720918, -79.34523527425056 26.678058003974225, -79.76865652948536 25.60810658510077, -81.44773472034979 25.35811317607286, -83.07808045824557 27.556506496066532, -82.68 28.40910686720918))"
23E,2022-04-29 20:55:00+00:00,2022-04-29 22:55:00+00:00,0.0,45000.0,"POLYGON ((-85.36901924384196 31.273458639239355, -85.87981854612578 27.873038097002674, -87.656721967682 28.266506879194484, -87.80987630564246 31.199402798588817, -85.36901924384196 31.273458639239355))"
94C,2022-04-29 20:55:00+00:00,2022-04-29 22:55:00+00:00,0.0,45000.0,"POLYGON ((-97.31621004520306 44.570988476484374, -97.62 39.92821373441836, -96.36303163039172 37.536329464815026, -104.04551674724293 37.61208888668682, -102.4016236448613 42.902433523104975, -97.31621004520306 44.570988476484374))"
93C,2022-04-29 20:55:00+00:00,2022-04-29 22:55:00+00:00,0.0,41000.0,"POLYGON ((-91.28000000000002 40.182737911472785, -88.55297534999694 39.9748775601686, -88.73011668599193 37.6076769484504, -92.16383383771806 37.73628815142214, -91.28000000000002 40.182737911472785))"
DELTA 1,2022-04-29 21:30:00+00:00,2022-04-30 01:30:00+00:00,0.0,45000.0,"POLYGON ((-63 18, -63 15, -65 15, -68 16.15, -63 18))"
95C,2022-04-29 21:55:00+00:00,2022-04-29 23:55:00+00:00,0.0,34000.0,"POLYGON ((-87.33829676780864 40.35523498092752, -87.50150955067419 37.72526275164805, -90.90697566909307 37.88936755407407, -90.90338036628272 39.849391066405474, -87.33829676780864 40.35523498092752))"
26E,2022-04-29 21:55:00+00:00,2022-04-29 23:55:00+00:00,0.0,45000.0,"POLYGON ((-82.68 28.40910686720918, -79.34523527425056 26.678058003974225, -79.76865652948536 25.60810658510077, -81.44773472034979 25.35811317607286, -83.07808045824557 27.556506496066532, -82.68 28.40910686720918))"
25E,2022-04-29 21:55:00+00:00,2022-04-29 23:55:00+00:00,0.0,45000.0,"POLYGON ((-88.25283487334336 32.56981874089525, -85.42119206389131 31.26958298687985, -85.69167217971712 27.877257263148433, -86.68 28.168096708217718, -88.25283487334336 32.56981874089525))"
96C,2022-04-29 21:55:00+00:00,2022-04-29 23:55:00+00:00,0.0,45000.0,"POLYGON ((-97.70513316314491 44.94749811470423, -94.73175056075276 37.808636657037304, -101.94750182605699 37.609450250397586, -102.13919554959946 41.88220138826462, -97.70513316314491 44.94749811470423))"
28E,2022-04-29 22:55:00+00:00,2022-04-30 00:55:00+00:00,0.0,45000.0,"POLYGON ((-82.73393535113526 28.931795049946945, -79.76640498994179 26.679633382888714, -80.15737482756369 25.53281636739097, -81.8 25.312854697104473, -83.02606979274246 27.60288665314583, -82.73393535113526 28.931795049946945))"
27E,2022-04-29 22:55:00+00:00,2022-04-30 00:55:00+00:00,0.0,45000.0,"POLYGON ((-87.33793374546323 29.444992833966868, -85.56446082960115 29.33561597820869, -85.77780627594721 26.7294365227957, -87.13870667933045 28.065120047864205, -87.33793374546323 29.444992833966868))"
97C,2022-04-29 23:25:00+00:00,2022-04-30 00:55:00+00:00,0.0,40000.0,"POLYGON ((-96.4193074767858 35.687213438054386, -97.10299396334354 34.34354792275028, -98.45612618604642 34.2570598298122, -97.95471816902531 35.39948152148817, -96.4193074767858 35.687213438054386))"
98C,2022-04-29 23:25:00+00:00,2022-04-30 00:55:00+00:00,0.0,45000.0,"POLYGON ((-97.7671057582472 44.351628755563894, -94.73175056075276 37.808636657037304, -101.0273006844452 37.68434428413988, -101.97997154413018 41.42548260481389, -97.7671057582472 44.351628755563894))"
99C,2022-04-29 23:25:00+00:00,2022-04-30 01:55:00+00:00,0.0,45000.0,"POLYGON ((-89.47616321301135 40.20893955364961, -89.8862376273111 39.04949877690833, -91.28000000000002 39.184524177054435, -91.36311528603291 40.00367525106616, -89.47616321301135 40.20893955364961))"
30E,2022-04-29 23:55:00+00:00,2022-04-30 01:55:00+00:00,0.0,37000.0,"POLYGON ((-82.73393535113526 28.931795049946945, -79.76640498994179 26.679633382888714, -80.15737482756369 25.53281636739097, -81.8 25.312854697104473, -83.02606979274246 27.60288665314583, -82.73393535113526 28.931795049946945))"
01C,2022-04-29 23:55:00+00:00,2022-04-30 01:55:00+00:00,0.0,45000.0,"POLYGON ((-96.1428926187996 44.465523981683724, -94.10101449796281 37.96267539613876, -100.89944064519753 37.97520347908918, -99.61030182880552 43.23720797067777, -96.1428926187996 44.465523981683724))"
03C,2022-04-29 23:55:00+00:00,2022-04-30 01:55:00+00:00,0.0,36000.0,"POLYGON ((-97.58 38.03914187884179, -95.62101178541381 37.96065557665034, -96.2993914114156 36.60783132832583, -97.92 36.4945709394209, -97.58 38.03914187884179))"
02C,2022-04-29 23:55:00+00:00,2022-04-30 01:55:00+00:00,0.0,45000.0,"POLYGON ((-89.15004925764562 40.27390508621286, -89.21630304501944 39.07162203343535, -90.7433221269754 39.06415897446235, -91.0128922477146 40.0541483694447, -89.15004925764562 40.27390508621286))"
29E,2022-04-29 23:55:00+00:00,2022-04-30 01:55:00+00:00,0.0,37000.0,"POLYGON ((-87.58582946781142 30.72770264484189, -85.83086723396083 29.097599657211543, -85.77780627594721 26.7294365227957, -87.13870667933045 28.065120047864205, -87.58582946781142 30.72770264484189))"
4C,2022-04-30 00:55:00+00:00,2022-04-30 02:55:00+00:00,0.0,38000.0,"POLYGON ((-91.07238193162154 42.51007977247553, -88.17275452363863 41.282773596986154, -88.86000000000001 40.173712818262686, -92.32112213134106 41.29650580853327, -91.07238193162154 42.51007977247553))"
5C,2022-04-30 00:55:00+00:00,2022-04-30 02:55:00+00:00,0.0,40000.0,"POLYGON ((-95.13 44.47, -91.62290321140252 43.642765506544066, -93.02957979609725 42.55534044655743, -94.84927083219344 43.017553774527244, -95.13 44.47))"
2E,2022-04-30 00:55:00+00:00,2022-04-30 02:55:00+00:00,0.0,39000.0,"POLYGON ((-82.89707036674396 28.370944403837704, -80.26211624840968 26.743562906920147, -80.13893324849997 25.49252228283299, -82.71166105579938 25.41072961911324, -83.43306044547168 27.907952943525746, -82.89707036674396 28.370944403837704))"
1E,2022-04-30 00:55:00+00:00,2022-04-30 02:55:00+00:00,0.0,44000.0,"POLYGON ((-87.58582946781142 30.72770264484189, -85.72911489226969 30.003041815754777, -85.87981854612578 27.873038097002674, -87.13870667933045 28.065120047864205, -87.58582946781142 30.72770264484189))"
1C,2022-04-30 00:55:00+00:00,2022-04-30 02:55:00+00:00,0.0,45000.0,"POLYGON ((-95.82938700960149 44.4678660282882, -93.70414918168065 38.52205021385549, -99.55488998428163 38.29617127424581, -99.55233221918127 43.337697862679754, -95.82938700960149 44.4678660282882))"
2C,2022-04-30 00:55:00+00:00,2022-04-30 02:55:00+00:00,0.0,45000.0,"POLYGON ((-90.47620108841214 40.10189822653681, -88.21093839749983 39.73819268457652, -88.16787113366506 38.697823880951525, -90.39806058467182 39.013676277928, -90.47620108841214 40.10189822653681))"
3C,2022-04-30 00:55:00+00:00,2022-04-30 02:55:00+00:00,0.0,45000.0,"POLYGON ((-95.47316860065065 38.58423968751526, -95.79 36.699106867209174, -97.68143659729719 36.810878075481234, -97.37605291838915 38.46863072885516, -95.47316860065065 38.58423968751526))"
8C,2022-04-30 01:55:00+00:00,2022-04-30 03:55:00+00:00,0.0,29000.0,"POLYGON ((-102.30694216182373 40.58689771814034, -99.71126656264443 39.42482545689972, -101.95415152200673 38.19770358309501, -103.39590324680411 39.75910048400522, -102.30694216182373 40.58689771814034))"
4E,2022-04-30 01:55:00+00:00,2022-04-30 03:55:00+00:00,0.0,34000.0,"POLYGON ((-82.28442217086419 27.63502962942426, -79.8272240529298 26.444477171164753, -79.75939584015809 25.32851235785509, -82.84290201139846 25.527518179151137, -83.67431775540796 27.395492887903274, -82.28442217086419 27.63502962942426))"
3E,2022-04-30 01:55:00+00:00,2022-04-30 03:55:00+00:00,0.0,41000.0,"POLYGON ((-87.39409634154572 30.57337477620931, -85.72911489226969 30.003041815754777, -85.96360811662267 28.978394553899797, -87.33793374546323 29.444992833966868, -87.39409634154572 30.57337477620931))"
7C,2022-04-30 01:55:00+00:00,2022-04-30 03:55:00+00:00,0.0,40000.0,"POLYGON ((-93.1504044541085 44.716260039417485, -87.23683959673106 40.25246995648002, -88.60367320552575 37.92698828417791, -94.29 43.441844778681975, -93.1504044541085 44.716260039417485))"
6C,2022-04-30 01:55:00+00:00,2022-04-30 03:55:00+00:00,0.0,45000.0,"POLYGON ((-95.13 45.30184477868196, -92.9438990898424 37.232038793773086, -97.92 36.84910686720918, -99.18401314878406 43.67996850265145, -95.13 45.30184477868196))"
11C,2022-04-30 02:55:00+00:00,2022-04-30 04:55:00+00:00,0.0,29000.0,"POLYGON ((-101.96651326531614 40.53568491182435, -98.83160402733073 39.69733105447769, -100.34099126669213 37.79202598332345, -102.29479694641607 38.917866735622994, -101.96651326531614 40.53568491182435))"
10C,2022-04-30 02:55:00+00:00,2022-04-30 04:55:00+00:00,0.0,36000.0,"POLYGON ((-88.91369834887188 43.30925486933729, -87.23683959673106 40.25246995648002, -89.8640481667409 40.05401870082982, -91.38586530156654 42.39801502377745, -88.91369834887188 43.30925486933729))"
5E,2022-04-30 02:55:00+00:00,2022-04-30 04:55:00+00:00,0.0,41000.0,"POLYGON ((-86.38530161259438 30.21484687132116, -85.21964188647294 28.552661215843553, -87.41633500875962 28.728421947234096, -87.36084317142596 30.240016139093544, -86.38530161259438 30.21484687132116))"
9C,2022-04-30 02:55:00+00:00,2022-04-30 04:55:00+00:00,0.0,45000.0,"POLYGON ((-93.69059799722235 46.114215193864034, -92.67601180891022 36.24132260444729, -97.92 36.68273791147279, -96.81541269311323 40.38942541845226, -99.34506006207512 43.798880893317516, -93.69059799722235 46.114215193864034))"
6E,2022-04-30 03:55:00+00:00,2022-04-30 05:55:00+00:00,0.0,44000.0,"POLYGON ((-86.38530161259438 30.21484687132116, -85.21964188647294 28.552661215843553, -87.41633500875962 28.728421947234096, -87.36084317142596 30.240016139093544, -86.38530161259438 30.21484687132116))"
13C,2022-04-30 03:55:00+00:00,2022-04-30 05:55:00+00:00,0.0,35000.0,"POLYGON ((-88.3445856625503 44.29276316655226, -86.92493349717581 40.292776817663295, -89.15004925764562 40.27390508621286, -90.49443493562778 43.32634436461357, -88.3445856625503 44.29276316655226))"
12C,2022-04-30 03:55:00+00:00,2022-04-30 05:55:00+00:00,0.0,45000.0,"POLYGON ((-91.01517994414209 45.97033685043298, -92.46530114034546 34.44438611884881, -99.01158527489102 35.631004248156735, -95.81475270641053 39.28505953289656, -100.16000000000001 44.88910686720918, -91.01517994414209 45.97033685043298))"
7E,2022-04-30 04:55:00+00:00,2022-04-30 06:55:00+00:00,0.0,45000.0,"POLYGON ((-86.38530161259438 30.21484687132116, -85.69167217971712 27.877257263148433, -86.62263857841727 27.8617961863374, -87.36084317142596 30.240016139093544, -86.38530161259438 30.21484687132116))"
14C,2022-04-30 04:55:00+00:00,2022-04-30 06:55:00+00:00,0.0,45000.0,"POLYGON ((-95.13 45.468213734418356, -91.47 43.91, -91.28 39.85, -93.19152085767034 34.67582201304742, -98.50074717887483 35.8780292857771, -95.19831207879226 39.64202576871947, -99.18401314878406 43.67996850265145, -95.13 45.468213734418356))"
8E,2022-04-30 05:55:00+00:00,2022-04-30 07:55:00+00:00,0.0,45000.0,"POLYGON ((-87.19331025105335 29.75305350671482, -86.16668974894665 29.75305350671482, -85.69167217971712 27.877257263148433, -86.62263857841727 27.8617961863374, -87.19331025105335 29.75305350671482))"
16C,2022-04-30 05:55:00+00:00,2022-04-30 07:55:00+00:00,0.0,45000.0,"POLYGON ((-90.41321137298506 39.84677447610352, -92.61100612804468 35.03216431650136, -97.97772608749166 35.526745683916225, -95.19831207879226 39.64202576871947, -90.41321137298506 39.84677447610352))"
15C,2022-04-30 05:55:00+00:00,2022-04-30 07:55:00+00:00,0.0,39000.0,"POLYGON ((-95.13 45.468213734418356, -91.47 44.409106867209175, -90.41321137298506 39.84677447610352, -95.19831207879226 39.64202576871947, -97.83447533780081 44.496505929184025, -95.13 45.468213734418356))"
17C,2022-04-30 06:55:00+00:00,2022-04-30 08:55:00+00:00,0.0,37000.0,"POLYGON ((-93.96768224771183 45.378838685717334, -90.18530535036984 43.85589556724953, -90.26366256415652 40.64689357465589, -93.65 41.44, -97.93543312059354 45.11249178829109, -93.96768224771183 45.378838685717334))"
9E,2022-04-30 06:55:00+00:00,2022-04-30 08:55:00+00:00,0.0,43000.0,"POLYGON ((-87.19331025105335 29.75305350671482, -86.16668974894665 29.75305350671482, -85.43223124043838 28.08996728339089, -86.68 28.168096708217718, -87.19331025105335 29.75305350671482))"
18C,2022-04-30 06:55:00+00:00,2022-04-30 08:55:00+00:00,0.0,45000.0,"POLYGON ((-93.65 41.44, -89.9251264434277 40.544692326261334, -90.05269365850437 38.85922152146604, -92.92994128412623 34.9323722435418, -97.6 35.4, -93.65 41.44))"
10E,2022-04-30 07:55:00+00:00,2022-04-30 09:55:00+00:00,0.0,43000.0,"POLYGON ((-86.23933479413192 29.907024684205624, -85.87981854612578 27.873038097002674, -86.68 27.668989841008543, -87.19331025105335 29.75305350671482, -86.23933479413192 29.907024684205624))"
19C,2022-04-30 07:55:00+00:00,2022-04-30 09:55:00+00:00,0.0,33000.0,"POLYGON ((-92.87676990922701 45.484247939578786, -91.47 43.91, -90.47620108841214 40.10189822653681, -93.35271878407029 39.53928381200256, -98.81745951356778 44.65059415845533, -92.87676990922701 45.484247939578786))"
20C,2022-04-30 07:55:00+00:00,2022-04-30 09:55:00+00:00,0.0,45000.0,"POLYGON ((-90.47620108841214 40.10189822653681, -89.8862376273111 39.04949877690833, -94.27 34.72452417705442, -97.6 35.4, -94.74 39.29, -90.47620108841214 40.10189822653681))"
12E,2022-04-30 08:55:00+00:00,2022-04-30 10:55:00+00:00,0.0,45000.0,"POLYGON ((-80.23940920493699 26.624596952635187, -79.64220724689848 26.513323578505126, -79.68768989458619 25.577501682120047, -80.4282850330691 25.744599922008263, -80.23940920493699 26.624596952635187))"
11E,2022-04-30 08:55:00+00:00,2022-04-30 10:55:00+00:00,0.0,43000.0,"POLYGON ((-86.23933479413192 29.907024684205624, -85.38186970448257 28.056838583414812, -86.68 27.83535879674493, -87.19331025105335 29.75305350671482, -86.23933479413192 29.907024684205624))"
21C,2022-04-30 08:55:00+00:00,2022-04-30 10:55:00+00:00,0.0,35000.0,"POLYGON ((-92.87676990922701 45.484247939578786, -91.47 43.91, -89.1067431993594 39.27862330318855, -90.78315707398804 39.09489003487298, -95.49067798356249 45.08425592101803, -92.87676990922701 45.484247939578786))"
22C,2022-04-30 08:55:00+00:00,2022-04-30 10:55:00+00:00,0.0,45000.0,"POLYGON ((-92.99281396547619 40.256636194455886, -91.28000000000002 39.184524177054435, -91.08033898078651 38.3878960443224, -93.55369237067372 34.79967778427974, -97.40223534563665 34.67089612929937, -92.99281396547619 40.256636194455886))"
14E,2022-04-30 09:55:00+00:00,2022-04-30 11:55:00+00:00,0.0,43000.0,"POLYGON ((-80.23940920493699 26.624596952635187, -79.64220724689848 26.513323578505126, -79.68768989458619 25.577501682120047, -80.4282850330691 25.744599922008263, -80.23940920493699 26.624596952635187))"
25C,2022-04-30 09:55:00+00:00,2022-04-30 11:55:00+00:00,0.0,45000.0,"POLYGON ((-99.2251125489322 32.69970683790637, -98.14831372914342 32.47783499360039, -99.66553334290995 31.644238337671577, -100.25477465836737 31.770550636188467, -99.2251125489322 32.69970683790637))"
13E,2022-04-30 09:55:00+00:00,2022-04-30 11:55:00+00:00,0.0,45000.0,"POLYGON ((-87.19331025105335 29.75305350671482, -85.43223124043838 28.08996728339089, -86.62263857841727 27.8617961863374, -87.85257201725376 27.16138602923509, -87.19331025105335 29.75305350671482))"
23C,2022-04-30 09:55:00+00:00,2022-04-30 11:55:00+00:00,0.0,35000.0,"POLYGON ((-91.47 43.91, -90.3941993155752 43.35724382604407, -88.86 39.74, -90.23310789530443 39.320855565770316, -93.33 43.09, -91.47 43.91))"
24C,2022-04-30 09:55:00+00:00,2022-04-30 11:55:00+00:00,0.0,45000.0,"POLYGON ((-90.48 38.86, -88.66356709369279 38.63240449095374, -92.18 34.68, -97.40223534563665 34.67089612929937, -94.32712200466142 38.577297393303084, -90.48 38.86))"
DELTA 1,2022-04-30 10:10:00+00:00,2022-04-30 14:10:00+00:00,0.0,39000.0,"POLYGON ((-88 28.3, -86.3 27.3, -86.3 24.15, -89.15 25, -88 28.3))"
FOXTROT 1,2022-04-30 10:50:00+00:00,2022-04-30 14:50:00+00:00,,,"POLYGON ((-172.3 50.45, -176.45 50.15, -178.3 50.3, 174.3 48.45, -171.15 45.3, -170 48.45, -172.3 50.45))"
16E,2022-04-30 10:55:00+00:00,2022-04-30 12:55:00+00:00,0.0,37000.0,"POLYGON ((-80.4623855340304 26.679514493799267, -79.57480338772348 26.488071277098406, -79.75939584015809 25.32851235785509, -80.54081440919313 25.564486356748745, -80.4623855340304 26.679514493799267))"
15E,2022-04-30 10:55:00+00:00,2022-04-30 12:55:00+00:00,0.0,45000.0,"POLYGON ((-86.68 29.998155221318033, -85.50351159900647 27.88122105023299, -87.85257201725376 27.16138602923509, -87.8298273107671 28.333201260106424, -86.68 29.998155221318033))"
26C,2022-04-30 10:55:00+00:00,2022-04-30 12:55:00+00:00,0.0,35000.0,"POLYGON ((-91.47 43.91, -90.3941993155752 43.35724382604407, -88.52582143549566 40.354342655019686, -89.66250296060528 39.991909033510744, -92.27218011278566 43.4034771032289, -91.47 43.91))"
28C,2022-04-30 10:55:00+00:00,2022-04-30 12:55:00+00:00,0.0,33000.0,"POLYGON ((-94.03 46.01726208852722, -94.03 45.51815522131804, -96.21279537900803 44.783236385904935, -96.21223595222033 45.672269892919324, -94.03 46.01726208852722))"
27C,2022-04-30 10:55:00+00:00,2022-04-30 12:55:00+00:00,0.0,45000.0,"POLYGON ((-90.08451116624401 38.98666700716526, -89.6392531877898 37.197960318199954, -91.57307442111752 34.67849588350597, -97.17 34.21, -93.88672059710635 38.739022769220966, -90.08451116624401 38.98666700716526))"
DELTA 2,2022-04-30 11:30:00+00:00,2022-04-30 15:30:00+00:00,0.0,39000.0,"POLYGON ((-88.15 28.45, -86.3 28, -87 24.15, -88.45 24.45, -89.45 26.15, -88.15 28.45))"
18E,2022-04-30 11:55:00+00:00,2022-04-30 13:55:00+00:00,0.0,37000.0,"POLYGON ((-80.83476472574945 26.678058003974225, -79.8272240529298 26.444477171164753, -79.42867591818403 25.479191370833874, -80.63132054734965 25.031054795294956, -80.83476472574945 26.678058003974225))"
17E,2022-04-30 11:55:00+00:00,2022-04-30 13:55:00+00:00,0.0,45000.0,"POLYGON ((-86.68 30.164524177054425, -85.43223124043838 28.08996728339089, -87.85257201725376 27.16138602923509, -87.8298273107671 28.333201260106424, -86.68 30.164524177054425))"
30C,2022-04-30 11:55:00+00:00,2022-04-30 13:55:00+00:00,0.0,45000.0,"POLYGON ((-90.08451116624401 38.98666700716526, -89.32 36.68547582294558, -91.62056113678169 34.48772123099778, -96.96882434302213 34.20983578713338, -93.88672059710635 38.739022769220966, -90.08451116624401 38.98666700716526))"
31C,2022-04-30 11:55:00+00:00,2022-04-30 13:55:00+00:00,0.0,33000.0,"POLYGON ((-94.03 46.35, -92.6921753710142 45.79093389755449, -95.5820588526993 45.23764061786939, -95.79474586637407 45.827003433341865, -94.03 46.35))"
29C,2022-04-30 11:55:00+00:00,2022-04-30 13:55:00+00:00,0.0,28000.0,"POLYGON ((-89.88081116211876 42.142338425455, -88.32 40.71815522131804, -89.02485898630644 39.43247339154707, -90.40979592552496 41.41176676336402, -89.88081116211876 42.142338425455))"
19E,2022-04-30 12:55:00+00:00,2022-04-30 14:55:00+00:00,0.0,45000.0,"POLYGON ((-88.8 31.512574363474634, -85.85278918228488 30.111781474355727, -85.29720566784013 27.885273217313433, -88.36 30.00714530289553, -88.8 31.512574363474634))"
36C,2022-04-30 12:55:00+00:00,2022-04-30 14:55:00+00:00,0.0,45000.0,"POLYGON ((-93.92880740832729 35.17693458974896, -93.86165831520873 34.98854403984436, -96.01435647645576 34.22124584278021, -96.08150556957432 34.40963639268481, -93.92880740832729 35.17693458974896))"
33C,2022-04-30 12:55:00+00:00,2022-04-30 14:55:00+00:00,0.0,41000.0,"POLYGON ((-89.48393455147894 39.36019945397148, -89.29334302222475 39.299578756379425, -90.31786134763813 36.078492194434865, -90.50845287689232 36.13911289202692, -89.48393455147894 39.36019945397148))"
32C,2022-04-30 12:55:00+00:00,2022-04-30 14:55:00+00:00,0.0,28000.0,"POLYGON ((-93.56908317942244 46.109230707347216, -93.0236286339679 46.109230707347216, -93.0236286339679 45.56377616189267, -93.56908317942244 45.56377616189267, -93.56908317942244 46.109230707347216))"
34C,2022-04-30 12:55:00+00:00,2022-04-30 14:55:00+00:00,0.0,32000.0,"POLYGON ((-88.71023825932127 41.03987526381563, -88.51634079880984 40.99084695763224, -88.90639318789336 39.44826526152341, -89.1002906484048 39.4972935677068, -88.71023825932127 41.03987526381563))"
20E,2022-04-30 12:55:00+00:00,2022-04-30 14:55:00+00:00,0.0,43000.0,"POLYGON ((-79.95820533913952 26.797579782734935, -78.61698795307112 25.79054288769907, -80.78269065131138 24.96857646578228, -81.94037902966744 24.89734458233867, -80.80475445520202 26.26961929413895, -79.95820533913952 26.797579782734935))"
35C,2022-04-30 12:55:00+00:00,2022-04-30 14:55:00+00:00,0.0,37000.0,"POLYGON ((-91.07376237268892 39.04949877690833, -92.75134151621953 37.167589140200334, -94.12 36.749106867209186, -92.8605035788015 38.8082515677917, -91.07376237268892 39.04949877690833))"
ECHO 1,2022-04-30 13:20:00+00:00,2022-04-30 17:20:00+00:00,0.0,50000.0,"POLYGON ((-57.05 19.35, -57 18.05, -62.15 18.05, -62.1 18.5, -57.05 19.35))"
39C,2022-04-30 13:55:00+00:00,2022-04-30 15:55:00+00:00,0.0,45000.0,"POLYGON ((-93.49588104373609 35.20125657004262, -93.41135517408017 35.0199960465994, -95.40335759095434 34.09108039831291, -95.48788346061026 34.272340921756125, -93.49588104373609 35.20125657004262))"
37C,2022-04-30 13:55:00+00:00,2022-04-30 15:55:00+00:00,0.0,30000.0,"POLYGON ((-88.5404636754443 42.157811403727, -88.34055995276935 42.15160643308284, -88.41209358474616 39.84702835388147, -88.6119973074211 39.85323332452563, -88.5404636754443 42.157811403727))"
38C,2022-04-30 13:55:00+00:00,2022-04-30 15:55:00+00:00,0.0,34000.0,"POLYGON ((-88.95139558611214 39.49143948189463, -88.76860441388789 39.41027676042178, -89.63351348402472 37.46236594707405, -89.81630465624897 37.5435286685469, -88.95139558611214 39.49143948189463))"
22E,2022-04-30 13:55:00+00:00,2022-04-30 15:55:00+00:00,0.0,43000.0,"POLYGON ((-79.15905003836006 26.67696566493167, -78.43223188454257 25.788324817794567, -81.29212108592688 24.780147440348717, -82.44993973133681 25.176804459684142, -80.80475445520202 26.26961929413895, -79.15905003836006 26.67696566493167))"
21E,2022-04-30 13:55:00+00:00,2022-04-30 15:55:00+00:00,0.0,45000.0,"POLYGON ((-86.81716804619177 30.947568365955668, -85.6102796863575 30.443604545643822, -85.68708019911068 28.34979233986856, -87.48760964470245 28.882623084753575, -86.81716804619177 30.947568365955668))"
FOXTROT 1,2022-04-30 14:50:00+00:00,2022-04-30 18:50:00+00:00,0.0,40000.0,"POLYGON ((-74.55 27.25, -74.3 25.5, -79 25.35, -79 26.55, -74.55 27.25))"
40C,2022-04-30 14:55:00+00:00,2022-04-30 16:55:00+00:00,0.0,28000.0,"POLYGON ((-87.95388863968307 41.37995319934489, -87.51119083917342 40.18458302161593, -87.69874222112148 40.115124551078644, -88.14144002163113 41.310494728807605, -87.95388863968307 41.37995319934489))"
41C,2022-04-30 14:55:00+00:00,2022-04-30 16:55:00+00:00,0.0,30000.0,"POLYGON ((-94.98046809825658 43.21853482215736, -95.00002449980076 43.01949325072405, -96.22847230879665 43.14019174830818, -96.20891590725248 43.339233319741496, -94.98046809825658 43.21853482215736))"
24E,2022-04-30 14:55:00+00:00,2022-04-30 16:55:00+00:00,0.0,43000.0,"POLYGON ((-79.15905003836006 26.67696566493167, -77.50857517828298 25.773734762937877, -81.12248353355385 24.84314904610989, -82.84290201139846 25.527518179151137, -79.15905003836006 26.67696566493167))"
23E,2022-04-30 14:55:00+00:00,2022-04-30 16:55:00+00:00,0.0,45000.0,"POLYGON ((-86.68 31.329106867209173, -85.6102796863575 30.443604545643822, -86.06794981499371 27.86856361718213, -87.48760964470245 28.882623084753575, -86.68 31.329106867209173))"
DELTA 3,2022-04-30 15:05:00+00:00,2022-04-30 19:05:00+00:00,0.0,41000.0,"POLYGON ((-88.05 28.25, -86.35 27.1, -87.35 24.5, -89.3 25.5, -88.05 28.25))"
26E,2022-04-30 15:55:00+00:00,2022-04-30 17:55:00+00:00,,,"POLYGON ((-82.26826418169797 26.43232835957152, -81.95910953354512 26.12730803499697, -80.6023838041021 25.599714234368438, -82.32750772232772 26.241304269746045, -81.95248797624171 26.12499696219909, -80.52989714886554 25.786116178598153, -81.88662287830856 26.313709979226687, -81.89324443561196 26.316021052024567, -82.26826418169797 26.43232835957152))"
27E,2022-04-30 15:55:00+00:00,2022-04-30 17:55:00+00:00,0.0,32000.0,"POLYGON ((-86.23552613153487 41.82351789930984, -85.39631400899786 40.4988864139986, -85.56526174592811 40.39185061537892, -86.40447386846512 41.716482100690165, -86.23552613153487 41.82351789930984))"
25E,2022-04-30 15:55:00+00:00,2022-04-30 17:55:00+00:00,0.0,45000.0,"POLYGON ((-86.97849752670874 31.44447747954094, -85.51755975092713 30.82481054163949, -86.06794981499371 27.86856361718213, -87.84720056099208 29.653057515835197, -87.98666848660484 31.49799042518937, -86.97849752670874 31.44447747954094))"
DELTA 4,2022-04-30 16:05:00+00:00,2022-04-30 20:05:00+00:00,0.0,39000.0,"POLYGON ((-87.5 28.5, -86.15 27.4, -87.1 24.3, -89.2 24.35, -87.5 28.5))"
32E,2022-04-30 16:55:00+00:00,2022-04-30 18:55:00+00:00,,,"POLYGON ((-84.2733096823695 40.26619362301154, -84.51079699219127 39.03864168038928, -84.39886572820409 39.11869739583302, -82.14841940273497 38.80625352718057, -84.31443793738671 39.000653240091545, -84.07695062756494 40.2282051827138, -82.17592287590479 38.608153655995366, -84.4263692013739 38.92059752464781, -84.2733096823695 40.26619362301154))"
ECHO 2,2022-04-30 16:55:00+00:00,2022-04-30 20:55:00+00:00,0.0,47000.0,"POLYGON ((-53 22.4, -54.4 18.05, -62.05 18.1, -62.3 20.05, -53 22.4))"
29E,2022-04-30 16:55:00+00:00,2022-04-30 18:55:00+00:00,0.0,43000.0,"POLYGON ((-81.5518887743559 26.325364458655777, -80.72443998458947 25.633350251902087, -82.83139932814554 24.9737553597421, -83.69098303548607 26.373098682536693, -81.5518887743559 26.325364458655777))"
31E,2022-04-30 16:55:00+00:00,2022-04-30 18:55:00+00:00,0.0,36000.0,"POLYGON ((-86.50468526641373 43.38532274481912, -84.88525870558729 40.629761929924314, -85.05768632324515 40.528427253387406, -86.67711288407159 43.28398806828221, -86.50468526641373 43.38532274481912))"
30E,2022-04-30 16:55:00+00:00,2022-04-30 18:55:00+00:00,0.0,43000.0,"POLYGON ((-82.21077186889195 27.381260390934173, -78.6356625378945 25.88341581537425, -78.71294666386278 25.698951282541188, -82.28805599486023 27.19679585810111, -82.21077186889195 27.381260390934173))"
42C,2022-04-30 16:55:00+00:00,2022-04-30 18:55:00+00:00,0.0,45000.0,"POLYGON ((-93.6310957641152 30.63669633239656, -93.5385201038797 30.459411964411217, -95.17633766894565 29.604164295627545, -95.26891332918115 29.78144866361289, -93.6310957641152 30.63669633239656))"
28E,2022-04-30 16:55:00+00:00,2022-04-30 18:55:00+00:00,0.0,45000.0,"POLYGON ((-87.81503068148606 32.37617093036559, -85.24393305174831 30.715289850329363, -86.06794981499371 27.86856361718213, -87.33578137366585 26.68124313926539, -87.99257532348068 29.960957988443386, -87.81503068148606 32.37617093036559))"
36E,2022-04-30 17:55:00+00:00,2022-04-30 19:55:00+00:00,0.0,35000.0,"POLYGON ((-84.27057646120525 39.420421774018074, -81.8556823294332 38.57719246033538, -81.9216142231964 38.388372478911805, -84.33650835496846 39.231601792594496, -84.27057646120525 39.420421774018074))"
35E,2022-04-30 17:55:00+00:00,2022-04-30 19:55:00+00:00,0.0,35000.0,"POLYGON ((-86.38207331290161 43.53516798463609, -83.74313966762878 39.94836157374942, -83.90423608152312 39.829837544833836, -86.54316972679595 43.4166439557205, -86.38207331290161 43.53516798463609))"
43C,2022-04-30 17:55:00+00:00,2022-04-30 19:55:00+00:00,0.0,45000.0,"POLYGON ((-93.42012308071328 30.75892164727456, -93.31447006886764 30.589105743755656, -95.10636582423267 29.474256194657425, -95.21201883607831 29.644072098176327, -93.42012308071328 30.75892164727456))"
34E,2022-04-30 17:55:00+00:00,2022-04-30 19:55:00+00:00,0.0,45000.0,"POLYGON ((-82.75214953663964 28.06368607775154, -79.57480338772348 26.488071277098406, -81.13132408181599 25.479191370833874, -82.17325249751944 26.17653939656358, -82.75214953663964 28.06368607775154))"
33E,2022-04-30 17:55:00+00:00,2022-04-30 19:55:00+00:00,0.0,45000.0,"POLYGON ((-87.41467402561494 32.597286165297675, -84.57250078367207 30.860926092548294, -86.68 27.502620885272147, -87.48383353268672 28.199594628992333, -87.95092209882255 30.37643658054817, -87.41467402561494 32.597286165297675))"
FOXTROT 2,2022-04-30 18:25:00+00:00,2022-04-30 22:25:00+00:00,0.0,40000.0,"POLYGON ((-75.1 28.2, -74.1 25.5, -79 25.45, -78.5 27, -75.1 28.2))"
41E,2022-04-30 18:55:00+00:00,2022-04-30 20:55:00+00:00,0.0,31000.0,"POLYGON ((-84.86855400914622 42.67223378394862, -83.60232994752161 40.44962129442583, -83.77610776792605 40.350619935165035, -85.04233182955066 42.57323242468782, -84.86855400914622 42.67223378394862))"
40E,2022-04-30 18:55:00+00:00,2022-04-30 20:55:00+00:00,0.0,31000.0,"POLYGON ((-83.32320645595783 39.61230564127499, -81.96792559795261 38.53925945157077, -82.09207440204739 38.38245679074565, -83.4473552600526 39.45550298044987, -83.32320645595783 39.61230564127499))"
39E,2022-04-30 18:55:00+00:00,2022-04-30 20:55:00+00:00,0.0,43000.0,"POLYGON ((-83.76622349056004 30.45777324720465, -82.3473891560279 28.502772008786472, -82.50925384241376 28.385299359624184, -83.92808817694589 30.34030059804236, -83.76622349056004 30.45777324720465))"
44C,2022-04-30 18:55:00+00:00,2022-04-30 20:55:00+00:00,0.0,39000.0,"POLYGON ((-90.81297722713794 37.90032086633606, -90.66173312168706 37.769457500315, -91.87053055986709 36.3724012211771, -92.02177466531796 36.50326458719816, -90.81297722713794 37.90032086633606))"
38E,2022-04-30 18:55:00+00:00,2022-04-30 20:55:00+00:00,0.0,45000.0,"POLYGON ((-82.75214953663964 28.06368607775154, -78.78669224824179 26.674052879508793, -81.30104037320453 25.414440217940218, -82.81444963078893 27.16446955083763, -82.75214953663964 28.06368607775154))"
37E,2022-04-30 18:55:00+00:00,2022-04-30 20:55:00+00:00,0.0,45000.0,"POLYGON ((-87.01981198420354 32.80627745496408, -84.70306198905014 31.30641264694936, -86.27967222137103 27.725182547205588, -88.36 30.73, -87.01981198420354 32.80627745496408))"
DELTA 5,2022-04-30 19:40:00+00:00,2022-04-30 23:40:00+00:00,0.0,41000.0,"POLYGON ((-88.45 29.1, -86.25 27.1, -86.55 24.25, -89.05 24.5, -88.45 29.1))"
45C,2022-04-30 19:55:00+00:00,2022-04-30 21:55:00+00:00,,,"POLYGON ((-90.27859447125549 38.94298299473415, -90.2465343844558 37.69357191493581, -91.25032267203379 36.182228877472674, -90.47842736756364 38.9348090389543, -90.42975173633427 37.74481087525483, -91.41692447948257 36.292880753890564, -90.41313619190458 37.8042237913537, -90.22991884002612 37.75298483103468, -90.27859447125549 38.94298299473415))"
1W,2022-04-30 19:55:00+00:00,2022-04-30 21:55:00+00:00,,,"POLYGON ((-119.02997099762564 45.79946776479945, -119.18219450559174 45.48569752957981, -118.99810663994002 45.47584242314343, -118.04479460171815 42.8208296760687, -119.00225251034048 45.39839988731495, -118.85002900237438 45.712170122534594, -118.23302833777034 42.75324224667659, -119.1863403759922 45.40825499375133, -119.02997099762564 45.79946776479945))"
46C,2022-04-30 19:55:00+00:00,2022-04-30 21:55:00+00:00,,,"POLYGON ((-95.0309004380028 44.56776917170272, -91.7882572412351 43.74404816627527, -91.59593318001106 41.30580055648037, -95.07266018474535 44.37217744500653, -91.70944675730175 43.6541156775511, -91.39655246540181 41.32152730572822, -91.58887652662585 43.75977491552312, -91.6676870105592 43.84970740424729, -95.0309004380028 44.56776917170272))"
44E,2022-04-30 19:55:00+00:00,2022-04-30 21:55:00+00:00,0.0,45000.0,"POLYGON ((-83.59532721633093 30.452208580240132, -82.34410417567086 28.49795638907906, -82.5125388227708 28.390114979331596, -83.76376186343086 30.344367170492667, -83.59532721633093 30.452208580240132))"
47C,2022-04-30 19:55:00+00:00,2022-04-30 21:55:00+00:00,0.0,44000.0,"POLYGON ((-89.04847757427055 42.17473255590149, -88.76103054483998 40.188032278634054, -88.95896945516004 40.15939335789132, -89.24641648459061 42.146093635158756, -89.04847757427055 42.17473255590149))"
48C,2022-04-30 19:55:00+00:00,2022-04-30 21:55:00+00:00,0.0,30000.0,"POLYGON ((-90.15893801825393 43.549306454531546, -89.1907855933347 42.8397535628891, -90.64459181958678 41.515963137385505, -90.86048111343835 42.667034117711864, -90.15893801825393 43.549306454531546))"
43E,2022-04-30 19:55:00+00:00,2022-04-30 21:55:00+00:00,0.0,45000.0,"POLYGON ((-86.27050255731822 30.47643402914033, -85.16251131067045 29.691641457176388, -86.68 27.502620885272147, -89.03180928940711 28.23463979765442, -86.27050255731822 30.47643402914033))"
45E,2022-04-30 19:55:00+00:00,2022-04-30 21:55:00+00:00,0.0,45000.0,"POLYGON ((-82.82450569805664 28.217334330382286, -79.36281421450062 27.675438843385773, -78.80175057032277 25.792527561935092, -81.30104037320453 25.414440217940218, -82.81444963078893 27.16446955083763, -82.82450569805664 28.217334330382286))"
42E,2022-04-30 19:55:00+00:00,2022-04-30 21:55:00+00:00,0.0,45000.0,"POLYGON ((-87.809449757258 32.89982297273524, -86.32 32.88547582294557, -84.35 30.899106867209174, -84.89296286566257 29.928314528563, -88.63438576941655 30.964992691111963, -87.809449757258 32.89982297273524))"
GOLF 1,2022-04-30 20:15:00+00:00,2022-05-01 00:15:00+00:00,0.0,49000.0,"POLYGON ((-65.45 18.15, -64.45 15.45, -66.45 15.3, -68 16, -68 18, -65.45 18.15))"
ECHO 3,2022-04-30 20:50:00+00:00,2022-05-01 00:50:00+00:00,0.0,48000.0,"POLYGON ((-56 22, -53 20, -58 18, -60.15 18, -61 20.45, -56 22))"
48E,2022-04-30 20:55:00+00:00,2022-04-30 22:55:00+00:00,0.0,45000.0,"POLYGON ((-83.59532721633093 30.452208580240132, -82.34410417567086 28.49795638907906, -82.5125388227708 28.390114979331596, -83.76376186343086 30.344367170492667, -83.59532721633093 30.452208580240132))"
2W,2022-04-30 20:55:00+00:00,2022-04-30 22:55:00+00:00,0.0,38000.0,"POLYGON ((-116.2052989668298 46.536413551681285, -116.19 42.71815522131804, -119.46249645972684 42.80357835976502, -119.60248024619429 45.88908995873702, -116.2052989668298 46.536413551681285))"
49E,2022-04-30 20:55:00+00:00,2022-04-30 22:55:00+00:00,0.0,45000.0,"POLYGON ((-82.82450569805664 28.217334330382286, -79.36281421450062 27.675438843385773, -78.80175057032277 25.792527561935092, -81.30104037320453 25.414440217940218, -82.81444963078893 27.16446955083763, -82.82450569805664 28.217334330382286))"
46E,2022-04-30 20:55:00+00:00,2022-04-30 22:55:00+00:00,0.0,45000.0,"POLYGON ((-87.63656013942676 33.41314735839786, -85.94562435103832 33.30250918377004, -83.70363356061323 31.658659501556194, -84.57040945569061 29.93870032634315, -88.36 31.395475822945567, -87.63656013942676 33.41314735839786))"
47E,2022-04-30 20:55:00+00:00,2022-04-30 22:55:00+00:00,0.0,45000.0,"POLYGON ((-86.27050255731822 30.47643402914033, -85.16251131067045 29.691641457176388, -86.68 27.502620885272147, -89.03180928940711 28.23463979765442, -86.27050255731822 30.47643402914033))"
52C,2022-04-30 20:58:00+00:00,2022-04-30 22:55:00+00:00,0.0,40000.0,"POLYGON ((-91.72358385523806 32.408954054406585, -91.65698558046947 30.786195191728435, -93.11 30.573712818262685, -92.82592503352176 31.92741976690927, -91.72358385523806 32.408954054406585))"
50C,2022-04-30 20:58:00+00:00,2022-04-30 22:55:00+00:00,0.0,45000.0,"POLYGON ((-85.19 40.40171624231641, -87.18899572781729 36.54783369772814, -91.94615261259253 36.43783290418763, -89.00445750509857 40.007042921553506, -85.19 40.40171624231641))"
53C,2022-04-30 20:58:00+00:00,2022-04-30 22:55:00+00:00,0.0,42000.0,"POLYGON ((-93.2164321087179 32.768600663783694, -94.44573067583582 30.92442804394434, -96.7199410980242 31.188257217783516, -94.97743252615817 32.880910526810865, -93.2164321087179 32.768600663783694))"
51C,2022-04-30 20:58:00+00:00,2022-04-30 22:55:00+00:00,0.0,45000.0,"POLYGON ((-90.95 35.44452417705444, -91.94417298175732 33.25746531482674, -94.07 33.51, -92.57075327794799 35.44790273046866, -90.95 35.44452417705444))"
49C,2022-04-30 20:58:00+00:00,2022-04-30 22:55:00+00:00,0.0,45000.0,"POLYGON ((-96.94799770918303 45.411176988259584, -89.79505119382708 45.394227663969396, -87.54496470743041 44.36718090029983, -85.19 40.31452417705442, -89.16702465000309 39.9748775601686, -96.94799770918303 45.411176988259584))"
DELTA 6,2022-04-30 21:45:00+00:00,2022-05-01 01:45:00+00:00,0.0,40000.0,"POLYGON ((-88.15 26.45, -85.15 26, -86 24.3, -88.45 24.3, -88.15 26.45))"
52E,2022-04-30 21:55:00+00:00,2022-04-30 23:55:00+00:00,0.0,45000.0,"POLYGON ((-83.72768956500842 31.30444659538292, -82.26481454573779 29.0390426337317, -82.43282912603296 28.930547929675523, -83.89570414530358 31.195951891326743, -83.72768956500842 31.30444659538292))"
56C,2022-04-30 21:55:00+00:00,2022-04-30 23:55:00+00:00,0.0,45000.0,"POLYGON ((-91.66578485882698 36.107871208493016, -89.67748809830222 36.0194695471484, -91.70946616788171 33.18739909442214, -94.07 33.51, -91.66578485882698 36.107871208493016))"
55C,2022-04-30 21:55:00+00:00,2022-04-30 23:55:00+00:00,0.0,45000.0,"POLYGON ((-83.96732575878515 40.42354342176776, -87.06124613905929 36.44607805603683, -91.45879832555669 36.51783488105012, -89.80001556926068 39.73620912368423, -83.96732575878515 40.42354342176776))"
50E,2022-04-30 21:55:00+00:00,2022-04-30 23:55:00+00:00,0.0,45000.0,"POLYGON ((-87.8737017389892 33.940872596078904, -85.03942646782119 33.628554061276965, -83.70363356061323 31.658659501556194, -84.6221308950896 30.164436683270303, -88.8 31.714524177054425, -87.8737017389892 33.940872596078904))"
53E,2022-04-30 21:55:00+00:00,2022-04-30 23:55:00+00:00,0.0,45000.0,"POLYGON ((-82.21747515028663 28.85551202400023, -79.56117451794687 27.14958210160337, -78.80175057032277 25.792527561935092, -81.41077795151206 24.94242079322325, -83.55224347655157 28.22558546196933, -82.21747515028663 28.85551202400023))"
51E,2022-04-30 21:55:00+00:00,2022-04-30 23:55:00+00:00,0.0,45000.0,"POLYGON ((-86.38530161259438 30.21484687132116, -85.16251131067045 29.691641457176388, -84.75074482758868 27.894521238324504, -86.68 27.83535879674493, -86.38530161259438 30.21484687132116))"
54C,2022-04-30 21:55:00+00:00,2022-04-30 23:55:00+00:00,0.0,45000.0,"POLYGON ((-89.9678841631682 45.981801457577205, -87.02260441825707 44.554053908387274, -83.95634311231565 40.443674785098615, -89.94173571889883 39.73497985282954, -95.7663093790772 45.544189428504374, -89.9678841631682 45.981801457577205))"
57C,2022-04-30 21:55:00+00:00,2022-04-30 23:55:00+00:00,0.0,45000.0,"POLYGON ((-94.07 33.51, -91.94417298175732 33.25746531482674, -95.70527783522623 30.086856707329652, -98.10854198009287 30.378725631603032, -94.07 33.51))"
3W,2022-04-30 21:55:00+00:00,2022-04-30 23:55:00+00:00,0.0,38000.0,"POLYGON ((-115.65 46.62815522131803, -115.49417434482193 41.006933283740935, -120.51 41.15904835410887, -120.07369932019924 45.95459132621346, -115.65 46.62815522131803))"
FOXTROT 3,2022-04-30 22:20:00+00:00,2022-05-01 02:20:00+00:00,0.0,38000.0,"POLYGON ((-75.15 28, -73.45 25.3, -79 25.15, -79 26.45, -75.15 28))"
58C,2022-04-30 22:55:00+00:00,2022-05-01 00:55:00+00:00,0.0,45000.0,"POLYGON ((-88.87095459864659 46.037402314545, -84.05454680762823 41.69681983005786, -89.18073696862957 41.46595891017819, -90.84865960972702 42.502143627318425, -93.08314243188617 45.137025240545036, -88.87095459864659 46.037402314545))"
60C,2022-04-30 22:55:00+00:00,2022-05-01 00:55:00+00:00,0.0,45000.0,"POLYGON ((-91.77372430899693 35.83055256653708, -88.94229312806507 35.712725732557736, -95.4773745009366 29.692806479620216, -98.46 30.073712818262685, -96.2509408925276 31.655951148463558, -91.77372430899693 35.83055256653708))"
55E,2022-04-30 22:55:00+00:00,2022-05-01 00:55:00+00:00,0.0,45000.0,"POLYGON ((-86.23933479413192 29.907024684205624, -84.86113196711594 29.3230706897234, -84.75074482758868 27.894521238324504, -86.45104764094744 27.79359522083806, -86.23933479413192 29.907024684205624))"
56E,2022-04-30 22:55:00+00:00,2022-05-01 00:55:00+00:00,0.0,42000.0,"POLYGON ((-82.22053260367906 30.083412642324504, -79.72563644247822 25.798949119323996, -81.41077795151206 24.94242079322325, -83.71993687404334 27.524099066475177, -83.32122903611679 29.835005498836335, -82.22053260367906 30.083412642324504))"
54E,2022-04-30 22:55:00+00:00,2022-05-01 00:55:00+00:00,0.0,45000.0,"POLYGON ((-87.49 34.377262088527225, -85.45843548416774 34.34478974454154, -82.47382758360833 30.336465830354832, -84.6221308950896 30.164436683270303, -88.1079920741774 31.789904925869426, -87.49 34.377262088527225))"
57E,2022-04-30 22:55:00+00:00,2022-05-01 00:55:00+00:00,0.0,35000.0,"POLYGON ((-76.20591680798546 33.76572079614409, -75.29134565535617 33.431553251189904, -76.05057862301025 32.80714986095124, -76.60350539699624 33.28469139114844, -76.20591680798546 33.76572079614409))"
59C,2022-04-30 22:55:00+00:00,2022-05-01 00:55:00+00:00,0.0,45000.0,"POLYGON ((-83.37 41.54452417705443, -85.67344249643658 36.67286716702833, -91.18781996206134 36.57088014937359, -89.11869498533996 41.5119642580819, -83.37 41.54452417705443))"
4W,2022-04-30 22:55:00+00:00,2022-05-01 00:55:00+00:00,0.0,36000.0,"POLYGON ((-115.03836893413886 44.764010162532436, -115.49417434482193 41.006933283740935, -119.40774996145242 41.66119331750057, -119.10194685103438 44.45068491437497, -115.03836893413886 44.764010162532436))"
59E,2022-04-30 23:55:00+00:00,2022-05-01 01:55:00+00:00,0.0,35000.0,"POLYGON ((-85.86397386026239 30.121598034629237, -84.86113196711594 29.3230706897234, -84.93895341632934 27.89157954242784, -86.68 27.83535879674493, -85.86397386026239 30.121598034629237))"
64C,2022-04-30 23:55:00+00:00,2022-05-01 01:55:00+00:00,0.0,45000.0,"POLYGON ((-100.274394917739 29.907150090146033, -99.72894037228447 29.907150090146033, -99.72894037228447 29.361695544691486, -100.274394917739 29.361695544691486, -100.274394917739 29.907150090146033))"
58E,2022-04-30 23:55:00+00:00,2022-05-01 01:55:00+00:00,0.0,45000.0,"POLYGON ((-85.0062509977734 35.077555973533066, -82.51 31.207262088527216, -84.52832190386738 30.463545529362335, -86.18835234089318 34.2561674816533, -85.0062509977734 35.077555973533066))"
61E,2022-04-30 23:55:00+00:00,2022-05-01 01:55:00+00:00,0.0,30000.0,"POLYGON ((-76.20591680798546 33.76572079614409, -75.29134565535617 33.431553251189904, -76.05057862301025 32.80714986095124, -76.60350539699624 33.28469139114844, -76.20591680798546 33.76572079614409))"
60E,2022-04-30 23:55:00+00:00,2022-05-01 01:55:00+00:00,0.0,39000.0,"POLYGON ((-82.06385355345738 29.29661144503285, -78.89055775947249 26.229303019077314, -81.8 24.922737911472787, -83.34001903012133 26.691934619031887, -83.05 29.100893132790826, -82.06385355345738 29.29661144503285))"
61C,2022-04-30 23:55:00+00:00,2022-05-01 01:55:00+00:00,0.0,45000.0,"POLYGON ((-88.29485565100939 46.601187669668604, -85.82073101682452 45.13079651836378, -83.02947849500335 41.59467407715029, -88.98690561589221 41.54807337464175, -92.88144542896363 46.327402895926696, -88.29485565100939 46.601187669668604))"
63C,2022-04-30 23:55:00+00:00,2022-05-01 01:55:00+00:00,0.0,45000.0,"POLYGON ((-89.47682214186807 35.712488029563765, -93.11 30.639106867209186, -96.95145801990715 30.378725631603032, -96.09730095496737 31.65463822396303, -91.18504381987486 35.64865534626332, -89.47682214186807 35.712488029563765))"
62C,2022-04-30 23:55:00+00:00,2022-05-01 01:55:00+00:00,0.0,45000.0,"POLYGON ((-83.02947849500335 41.59467407715029, -85.67344249643658 36.67286716702833, -90.95 36.609106867209185, -88.98690561589221 41.54807337464175, -83.02947849500335 41.59467407715029))"
5W,2022-04-30 23:55:00+00:00,2022-05-01 01:55:00+00:00,0.0,41000.0,"POLYGON ((-115.03836893413886 44.764010162532436, -115.49417434482193 41.006933283740935, -118.98763765276401 40.757720373717476, -119.10194685103438 44.45068491437497, -115.03836893413886 44.764010162532436))"

