label,issue,expire,fl_low,fl_high,polygon
1E,2022-11-01 00:55:00+00:00,2022-11-01 02:55:00+00:00,,,"POLYGON ((-78.80166872808348 36.03988176469549, -79.00036218172642 35.81825522950798, -79.01381559101794 35.79916305937626, -79.74791138841421 34.44511800793873, -78.85144622348105 35.684748535369195, -78.65275276983812 35.9063750705567, -79.57208861158578 34.349795654063385, -78.83799281418952 35.703840705500916, -78.80166872808348 36.03988176469549))"
1C,2022-11-01 00:55:00+00:00,2022-11-01 02:55:00+00:00,0.0,32000.0,"POLYGON ((-103.51659516035193 30.75789165190176, -102.98 30.450893132790817, -103.95 29.301786265581644, -104.6272204200906 29.7100533582447, -103.51659516035193 30.75789165190176))"
4C,2022-11-01 00:55:00+00:00,2022-11-01 02:55:00+00:00,0.0,38000.0,"POLYGON ((-96.85470138219479 26.389614256059392, -96.8250734143528 25.918943496784934, -97.38 25.92, -98.40870393866415 26.29836449827671, -96.85470138219479 26.389614256059392))"
2E,2022-11-01 00:55:00+00:00,2022-11-01 02:55:00+00:00,0.0,45000.0,"POLYGON ((-81.20614069567004 27.0399853224657, -80.7357600598367 26.208197054565407, -81.43813576473457 26.222911517540677, -81.78 26.819141878841787, -81.20614069567004 27.0399853224657))"
2C,2022-11-01 00:55:00+00:00,2022-11-01 02:55:00+00:00,0.0,38000.0,"POLYGON ((-101.04541459660122 30.85748875672594, -99.77476348862295 29.356306330062054, -100.30270032451307 28.95027751999734, -102.38716587833457 30.437511336465015, -101.04541459660122 30.85748875672594))"
3C,2022-11-01 00:55:00+00:00,2022-11-01 02:55:00+00:00,0.0,34000.0,"POLYGON ((-96.6916129298837 29.560860392128248, -96.31 29.338283757683588, -97.07382416902473 29.03447644696247, -97.69373793121541 29.3611732326868, -96.6916129298837 29.560860392128248))"
3E,2022-11-01 01:55:00+00:00,2022-11-01 03:55:00+00:00,,,"POLYGON ((-76.45347392665632 36.443650571619564, -78.69986020227131 36.04738000679066, -78.76907632794179 35.99892525009527, -79.64298941525404 34.48626111723464, -78.6651159362244 35.85042103650278, -76.4187296606094 36.24669160133168, -79.46981289786616 34.386211660337544, -78.59589981055392 35.89887579319817, -76.45347392665632 36.443650571619564))"
7C,2022-11-01 01:55:00+00:00,2022-11-01 03:55:00+00:00,0.0,32000.0,"POLYGON ((-96.31012243276145 29.956519387931614, -96.05782876873732 29.703441750288487, -96.84921685976629 29.229491785461253, -98.05536064479922 29.28646405932242, -96.31012243276145 29.956519387931614))"
6C,2022-11-01 01:55:00+00:00,2022-11-01 03:55:00+00:00,0.0,38000.0,"POLYGON ((-100.99838575502042 30.898270541117668, -99.4114643611765 30.246439889586863, -98.46 28.641786265581647, -99.8542527298541 28.40155436335463, -102.5699963197468 30.596430960522778, -100.99838575502042 30.898270541117668))"
4E,2022-11-01 01:55:00+00:00,2022-11-01 03:55:00+00:00,0.0,42000.0,"POLYGON ((-81.0645142873749 27.167680874440347, -80.737185858328 26.678533547964037, -81.33278978393312 26.36332815362072, -81.78 26.819141878841787, -81.0645142873749 27.167680874440347))"
5C,2022-11-01 01:55:00+00:00,2022-11-01 03:55:00+00:00,0.0,32000.0,"POLYGON ((-103.17272493331518 30.549158601798624, -102.72338761232632 30.415481926530124, -103.63176255662209 29.631784326409623, -104.30409836786232 29.99284205847543, -103.17272493331518 30.549158601798624))"
8C,2022-11-01 01:55:00+00:00,2022-11-01 03:55:00+00:00,0.0,38000.0,"POLYGON ((-96.80920992915023 26.430015754052395, -96.78486419536128 26.14008353136133, -96.89778037669431 25.91920220851464, -97.38 25.92, -97.67728878619825 26.030346471319337, -96.80920992915023 26.430015754052395))"
ECHO 5,2022-11-01 02:45:00+00:00,2022-11-01 06:45:00+00:00,,,"POLYGON ((178.3 45, -175 40.3, 172.45 30.15, 167.3 27.3, 165 30, 178.3 45))"
FOXTROT 5,2022-11-01 02:45:00+00:00,2022-11-01 06:45:00+00:00,0.0,40000.0,"POLYGON ((-56.45 40.15, -47.45 35, -54.45 31.3, -55.15 34, -60.15 36.15, -56.45 40.15))"
DELTA 5,2022-11-01 02:45:00+00:00,2022-11-01 06:45:00+00:00,0.0,52000.0,"POLYGON ((-137.15 11.15, -126.15 10.15, -126.45 8, -139.15 6.15, -137.15 11.15))"
5E,2022-11-01 02:55:00+00:00,2022-11-01 04:55:00+00:00,,,"POLYGON ((-76.36221337305143 36.94149167770838, -78.56918125272288 36.16138626564628, -78.6129815359513 36.13075387772892, -78.98850146720724 35.675729376201794, -78.50252792000394 35.9728197435978, -76.29556004033249 36.7529251556599, -78.83424756803146 35.54842762998803, -78.45872763677552 36.00345213151516, -76.36221337305143 36.94149167770838))"
12C,2022-11-01 02:55:00+00:00,2022-11-01 04:55:00+00:00,0.0,40000.0,"POLYGON ((-97.224792045639 27.43871838206908, -96.08520567672318 25.914248203128036, -97.38 25.92, -97.72654322250287 27.284884539101476, -97.224792045639 27.43871838206908))"
10C,2022-11-01 02:55:00+00:00,2022-11-01 04:55:00+00:00,0.0,38000.0,"POLYGON ((-101.34704831947458 31.048544528952668, -98.46 30.13910686720918, -98.46 29.64, -100.06280859581634 29.61280135552095, -102.75835499451983 30.488696234034407, -101.34704831947458 31.048544528952668))"
9C,2022-11-01 02:55:00+00:00,2022-11-01 04:55:00+00:00,0.0,32000.0,"POLYGON ((-103.20164500548017 30.488696234034407, -102.16297931382807 30.241585849351253, -103.29545604096907 28.915027596438687, -103.95 29.80089313279083, -103.20164500548017 30.488696234034407))"
11C,2022-11-01 02:55:00+00:00,2022-11-01 04:55:00+00:00,0.0,36000.0,"POLYGON ((-98.46 29.64, -98.46 28.97452417705443, -99.42 28.478213734418357, -100.19734294507327 29.35877709847978, -98.46 29.64))"
PAPA 1,2022-11-01 03:26:00+00:00,2022-11-01 07:20:00+00:00,0.0,41000.0,"POLYGON ((-177.45 29, 179.45 18, -175 17, -172.15 27.15, -177.45 29))"
16C,2022-11-01 03:55:00+00:00,2022-11-01 05:55:00+00:00,0.0,38000.0,"POLYGON ((-97.30674208562928 28.017576519544736, -95.8780275270073 27.837084685876338, -96.27016671874976 25.91577412410946, -97.56497651087251 25.919882609626494, -97.30674208562928 28.017576519544736))"
15C,2022-11-01 03:55:00+00:00,2022-11-01 05:55:00+00:00,0.0,36000.0,"POLYGON ((-97.17412572936232 30.252184507793576, -96.50213508679136 29.95498799596341, -98.9857472701459 28.40155436335463, -99.14074085471864 30.010032339611183, -97.17412572936232 30.252184507793576))"
13C,2022-11-01 03:55:00+00:00,2022-11-01 05:55:00+00:00,0.0,34000.0,"POLYGON ((-103.37193059006843 30.298729706585682, -102.46607336090584 29.873048685196448, -103.29545604096907 28.915027596438687, -103.95 29.80089313279083, -103.37193059006843 30.298729706585682))"
14C,2022-11-01 03:55:00+00:00,2022-11-01 05:55:00+00:00,0.0,37000.0,"POLYGON ((-102.13715128433186 30.9472656614796, -99.94890796381131 30.86706873506423, -100.8972913094099 29.62707183384493, -102.65967494833606 30.28177423458166, -102.13715128433186 30.9472656614796))"
DELTA 6,2022-11-01 04:50:00+00:00,2022-11-01 08:50:00+00:00,0.0,50000.0,"POLYGON ((-132.3 10.15, -124.15 9.45, -123.45 8, -132.15 6.45, -132.3 10.15))"
6E,2022-11-01 04:55:00+00:00,2022-11-01 06:55:00+00:00,0.0,41000.0,"POLYGON ((-76.25400119195191 37.759437629843156, -76.79896869249265 36.258405492177125, -78.21234012941083 35.677663676693896, -77.02249638951126 37.734908715085794, -76.25400119195191 37.759437629843156))"
18C,2022-11-01 04:55:00+00:00,2022-11-01 06:55:00+00:00,0.0,37000.0,"POLYGON ((-97.94058048361798 30.73228010495411, -96.81917975859425 30.12340956535689, -97.92110463500133 29.16834839713986, -99.5170469493898 29.25380946951011, -97.94058048361798 30.73228010495411))"
19C,2022-11-01 04:55:00+00:00,2022-11-01 06:55:00+00:00,0.0,41000.0,"POLYGON ((-95.35 29.12815522131804, -95.71529979292204 25.910492292818326, -97.01004771500816 25.919530440197065, -98.00474625301811 27.898849006115082, -95.35 29.12815522131804))"
17C,2022-11-01 04:55:00+00:00,2022-11-01 06:55:00+00:00,0.0,39000.0,"POLYGON ((-100.76249752271063 31.258971372398964, -99.82 30.16628718173732, -102.89423476650951 29.375718716725917, -102.65967494833606 30.28177423458166, -100.76249752271063 31.258971372398964))"
FOXTROT 6,2022-11-01 05:00:00+00:00,2022-11-01 09:00:00+00:00,0.0,40000.0,"POLYGON ((-56 39.15, -45.45 36.3, -54.15 27, -56.3 30.45, -55.3 34.15, -59 36.15, -56 39.15))"
GOLF 1,2022-11-01 05:15:00+00:00,2022-11-01 09:15:00+00:00,0.0,45000.0,"POLYGON ((-95.15 27.15, -93.3 26.45, -94.45 25.3, -96 26, -95.15 27.15))"
22C,2022-11-01 05:55:00+00:00,2022-11-01 07:55:00+00:00,0.0,41000.0,"POLYGON ((-96.16517410460933 28.45251307634666, -94.56734362335169 28.112163378606606, -95.90024978959222 25.91248758424627, -97.19502348912748 25.919882609626494, -99.5931525119043 27.4162262621541, -96.16517410460933 28.45251307634666))"
20C,2022-11-01 05:55:00+00:00,2022-11-01 07:55:00+00:00,0.0,34000.0,"POLYGON ((-100.86179968284802 31.016420160068012, -99.5991452039822 30.138698843516536, -101.30006271233552 29.549952084764303, -102.46607336090584 29.873048685196448, -100.86179968284802 31.016420160068012))"
7E,2022-11-01 05:55:00+00:00,2022-11-01 07:55:00+00:00,0.0,35000.0,"POLYGON ((-76.30121341652611 38.21267439955602, -75.75575887107158 38.21267439955602, -75.75575887107158 37.667219854101475, -76.30121341652611 37.667219854101475, -76.30121341652611 38.21267439955602))"
21C,2022-11-01 05:55:00+00:00,2022-11-01 07:55:00+00:00,0.0,35000.0,"POLYGON ((-97.41162570540979 30.27771955635063, -96.62759522498327 29.42745916883786, -97.13455836056464 28.75749741507897, -99.16144960585363 29.024792285273637, -97.41162570540979 30.27771955635063))"
ECHO 6,2022-11-01 06:00:00+00:00,2022-11-01 10:00:00+00:00,0.0,45000.0,"POLYGON ((177 41, 169.3 30, 173.45 27.3, -176 38.15, 177 41))"
24C,2022-11-01 06:55:00+00:00,2022-11-01 08:55:00+00:00,0.0,40000.0,"POLYGON ((-94.98536704089454 29.19097370021501, -94.56734362335169 28.112163378606606, -99.42 26.980893132790825, -99.76690591426879 27.60690324656741, -94.98536704089454 29.19097370021501))"
8E,2022-11-01 06:55:00+00:00,2022-11-01 08:55:00+00:00,0.0,38000.0,"POLYGON ((-75.51 38.639141878841784, -74.51697460306052 38.56539207632555, -76.24849524988707 36.12641432978681, -78.15327465896912 35.35723326117746, -75.51 38.639141878841784))"
25C,2022-11-01 06:55:00+00:00,2022-11-01 08:55:00+00:00,0.0,40000.0,"POLYGON ((-95.6252841777307 27.289050188125575, -96.09411645212177 25.914327098935846, -97.38 25.92, -97.38 26.49828375768358, -95.6252841777307 27.289050188125575))"
23C,2022-11-01 06:55:00+00:00,2022-11-01 08:55:00+00:00,0.0,33000.0,"POLYGON ((-99.19787994136524 30.819819914120085, -99.6279638327521 30.199160574723766, -101.69249850942846 29.688775455783485, -102.04879973716626 30.61471216305261, -99.19787994136524 30.819819914120085))"
9E,2022-11-01 07:55:00+00:00,2022-11-01 09:55:00+00:00,0.0,40000.0,"POLYGON ((-73.72814891600814 39.09509286846337, -74.32529934192618 37.40287991959156, -76.12055553057371 36.7362686627007, -74.8 38.93363104426361, -73.72814891600814 39.09509286846337))"
27C,2022-11-01 07:55:00+00:00,2022-11-01 09:55:00+00:00,0.0,41000.0,"POLYGON ((-97.01304559912371 29.01284678973706, -94.321384222877 29.075674234898447, -98.99295837641174 26.557120646137072, -99.68577237666182 27.71502876939057, -97.01304559912371 29.01284678973706))"
28C,2022-11-01 07:55:00+00:00,2022-11-01 09:55:00+00:00,0.0,40000.0,"POLYGON ((-95.6252841777307 27.289050188125575, -96.09411645212177 25.914327098935846, -97.05851944539701 25.91964542439938, -97.38 26.49828375768358, -95.6252841777307 27.289050188125575))"
26C,2022-11-01 07:55:00+00:00,2022-11-01 09:55:00+00:00,0.0,35000.0,"POLYGON ((-101.28179406622357 30.65172488477079, -99.82 30.455429060579103, -101.23049976398207 29.52518385684876, -101.59688671760676 30.073039210163714, -101.28179406622357 30.65172488477079))"
DELTA 7,2022-11-01 08:45:00+00:00,2022-11-01 12:45:00+00:00,0.0,48000.0,"POLYGON ((-131.15 10.15, -124.15 9.45, -123.45 8, -130.15 7, -131.15 10.15))"
10E,2022-11-01 08:55:00+00:00,2022-11-01 10:55:00+00:00,0.0,38000.0,"POLYGON ((-73.94250481051172 39.096859376614866, -73.08516236222573 39.08743876924111, -74.17933292253622 37.28366553551537, -75.9067242004336 36.654357961735144, -73.94250481051172 39.096859376614866))"
30C,2022-11-01 08:55:00+00:00,2022-11-01 10:55:00+00:00,0.0,38000.0,"POLYGON ((-93.47527586187198 29.37097004870952, -96.69493740636479 26.173055034308472, -99.20560227319294 27.01872133360537, -99.81908771037706 27.832352448892518, -96.31 29.425475822945575, -93.47527586187198 29.37097004870952))"
FOXTROT 7,2022-11-01 08:55:00+00:00,2022-11-01 12:55:00+00:00,0.0,38000.0,"POLYGON ((-52 40, -44.45 36, -53.15 26.15, -57.45 27.3, -52.45 34.15, -55.45 37.15, -52 40))"
11E,2022-11-01 08:55:00+00:00,2022-11-01 10:55:00+00:00,0.0,37000.0,"POLYGON ((-78.36769250068488 36.090429437616095, -78.20128420664406 35.97948675117654, -78.69679585297959 35.23624489909664, -78.86320414702041 35.3471875855362, -78.36769250068488 36.090429437616095))"
29C,2022-11-01 08:55:00+00:00,2022-11-01 10:55:00+00:00,0.0,30000.0,"POLYGON ((-100.77171072674204 30.7017676424564, -99.75581255831767 30.466418113733972, -100.93587665072302 29.35989739434322, -101.35943157557392 29.86983958551286, -100.77171072674204 30.7017676424564))"
GOLF 2,2022-11-01 09:05:00+00:00,2022-11-01 13:05:00+00:00,0.0,45000.0,"POLYGON ((-94.15 27, -91.45 27, -94 25, -96 26, -94.15 27))"
ECHO 7,2022-11-01 09:40:00+00:00,2022-11-01 13:40:00+00:00,,,"POLYGON ((-175.45 38.15, 178 30, 171.15 30, 176.45 37.45, -175.45 38.15))"
12E,2022-11-01 09:55:00+00:00,2022-11-01 11:55:00+00:00,0.0,41000.0,"POLYGON ((-72.64398082327381 39.23324861016915, -73.3749919320801 37.63022277573181, -75.1599614385435 36.88546799774109, -73.72814891600814 39.09509286846337, -72.64398082327381 39.23324861016915))"
32C,2022-11-01 09:55:00+00:00,2022-11-01 11:55:00+00:00,0.0,37000.0,"POLYGON ((-96.75861590814 30.37773447881275, -94.40727117481036 29.13316059272878, -96.59045318914715 26.623699920561336, -99.20560227319294 27.01872133360537, -99.81908771037706 27.832352448892518, -96.75861590814 30.37773447881275))"
13E,2022-11-01 09:55:00+00:00,2022-11-01 11:55:00+00:00,0.0,39000.0,"POLYGON ((-78.02475731008138 36.21344102261909, -77.88123987640932 36.07414728179709, -78.70824128316397 35.22206937190542, -78.85175871683603 35.36136311272742, -78.02475731008138 36.21344102261909))"
31C,2022-11-01 09:55:00+00:00,2022-11-01 11:55:00+00:00,0.0,29000.0,"POLYGON ((-100.28632421896697 30.765143303423695, -100.0120361672479 30.199160574723766, -100.92333339583068 29.415237226135794, -101.15391416035597 30.160847003883294, -100.28632421896697 30.765143303423695))"
ROMEO 1,2022-11-01 10:40:00+00:00,2022-11-01 14:35:00+00:00,0.0,43000.0,"POLYGON ((-176.15 22.3, -176 24.45, -173.3 24.45, -173 21.15, -176.3 21.3, -176.15 22.3))"
15E,2022-11-01 10:55:00+00:00,2022-11-01 12:55:00+00:00,,,"POLYGON ((-76.32738670077063 36.40075283773422, -76.54552900896492 36.35760042606805, -76.55414838141172 36.35549408198173, -78.56509278566473 35.76839815015659, -76.50671756182275 36.16140238435833, -76.28857525362847 36.204554796024496, -78.50904259362896 35.576412796619515, -76.49809818937595 36.163508728444654, -76.32738670077063 36.40075283773422))"
14E,2022-11-01 10:55:00+00:00,2022-11-01 12:55:00+00:00,0.0,41000.0,"POLYGON ((-73.29947530870179 39.09038250560784, -72.25119473512592 39.09918151101625, -72.60903339892053 37.35904184736853, -73.56735042444014 37.69724202511723, -73.29947530870179 39.09038250560784))"
34C,2022-11-01 10:55:00+00:00,2022-11-01 12:55:00+00:00,0.0,37000.0,"POLYGON ((-96.31012243276145 29.956519387931614, -94.76920999790224 28.72908784338094, -96.59045318914715 26.623699920561336, -99.13452847409442 26.864889771757376, -99.42 27.646368955736392, -96.31012243276145 29.956519387931614))"
16E,2022-11-01 10:55:00+00:00,2022-11-01 12:55:00+00:00,0.0,43000.0,"POLYGON ((-78.78939518499405 29.279942580983505, -77.90381917311599 28.596472303135133, -79.1263583695969 28.171242487101285, -79.6765721614515 28.393211289781295, -78.78939518499405 29.279942580983505))"
33C,2022-11-01 10:55:00+00:00,2022-11-01 12:55:00+00:00,0.0,30000.0,"POLYGON ((-100.77171072674204 30.7017676424564, -99.82 30.6, -99.6279638327521 30.199160574723766, -100.92316690506043 29.304587614864637, -100.77171072674204 30.7017676424564))"
DELTA 8,2022-11-01 11:30:00+00:00,2022-11-01 15:30:00+00:00,0.0,50000.0,"POLYGON ((-129.45 10.15, -123.45 9.45, -123.3 7.45, -129.15 7, -129.45 10.15))"
FOXTROT 8,2022-11-01 11:40:00+00:00,2022-11-01 15:40:00+00:00,0.0,40000.0,"POLYGON ((-55 40, -43.15 37.15, -52.3 25.45, -58 26, -50.3 36, -58 35.3, -55 40))"
17E,2022-11-01 11:55:00+00:00,2022-11-01 13:55:00+00:00,0.0,34000.0,"POLYGON ((-72.06235298049651 38.17645272959873, -72.29367851262718 37.07291905053202, -73.29229546766555 36.225287081814514, -73.1624671194656 37.79439888745279, -72.06235298049651 38.17645272959873))"
35C,2022-11-01 11:55:00+00:00,2022-11-01 13:55:00+00:00,0.0,42000.0,"POLYGON ((-96.05782876873732 29.703441750288487, -94.40727117481036 29.13316059272878, -95.6648007378029 27.37512663884861, -98.6294252327918 26.77192700896978, -99.34813597488193 27.633686417325315, -96.05782876873732 29.703441750288487))"
18E,2022-11-01 11:55:00+00:00,2022-11-01 13:55:00+00:00,0.0,36000.0,"POLYGON ((-76.60021636404366 36.33821361203078, -76.47695024114003 36.1807161106401, -77.80836693854819 35.13867688583003, -77.93163306145182 35.29617438722071, -76.60021636404366 36.33821361203078))"
19E,2022-11-01 11:55:00+00:00,2022-11-01 13:55:00+00:00,0.0,40000.0,"POLYGON ((-78.62368584384397 29.276975590273747, -77.75031234638745 28.648854796028715, -78.82164282836543 28.278570567632865, -79.6765721614515 28.393211289781295, -78.62368584384397 29.276975590273747))"
GOLF 3,2022-11-01 12:45:00+00:00,2022-11-01 16:45:00+00:00,0.0,43000.0,"POLYGON ((-93.45 28.15, -90.15 28, -93.15 24.45, -95.45 26, -95 27.3, -93.45 28.15))"
ECHO 8,2022-11-01 12:50:00+00:00,2022-11-01 16:50:00+00:00,,,"POLYGON ((176.15 34.45, -178.45 33.45, 179.15 30.15, 172.3 30.15, 176.15 34.45))"
23E,2022-11-01 12:55:00+00:00,2022-11-01 14:55:00+00:00,,,"POLYGON ((-77.63152467388666 34.15241888390374, -80.73099892289075 30.6153843409337, -79.29324072548307 32.25625866254888, -77.39416380079281 33.95437878883873, -77.63152467388666 34.15241888390374))"
21E,2022-11-01 12:55:00+00:00,2022-11-01 14:55:00+00:00,0.0,34000.0,"POLYGON ((-76.34731659540074 37.00754974972494, -75.62489870443662 36.69761296233796, -76.18 35.59452417705443, -76.9040314984609 35.669609064995846, -76.34731659540074 37.00754974972494))"
22E,2022-11-01 12:55:00+00:00,2022-11-01 14:55:00+00:00,0.0,36000.0,"POLYGON ((-78.0819286218926 30.3481669607459, -77.33292425561181 28.79014587564077, -78.56848498931308 28.36706140272879, -80.12795919197538 28.44805318334086, -78.0819286218926 30.3481669607459))"
36C,2022-11-01 12:55:00+00:00,2022-11-01 14:55:00+00:00,0.0,43000.0,"POLYGON ((-95.62221533089351 30.195001450539674, -93.61983769755517 29.063081009224742, -94.72092482063596 27.339034912976757, -98.38408498256679 27.094169618315966, -99.42 28.14547582294557, -95.62221533089351 30.195001450539674))"
20E,2022-11-01 12:55:00+00:00,2022-11-01 14:55:00+00:00,0.0,38000.0,"POLYGON ((-70.03 39.978861545211956, -70.03 38.533152151003016, -72.86597049247547 37.55045114356834, -71.81458796682703 39.98392528913027, -70.03 39.978861545211956))"
ROMEO 2,2022-11-01 13:27:00+00:00,2022-11-01 17:25:00+00:00,0.0,40000.0,"POLYGON ((-176.3 21, -176.45 25, -173.15 24.3, -173.15 20.3, -176.3 21))"
25E,2022-11-01 13:55:00+00:00,2022-11-01 15:55:00+00:00,,,"POLYGON ((-77.5325082719661 34.03556973182077, -77.50104025415759 33.65133879550031, -79.32526401719632 32.25628217329277, -77.35058641329229 33.952476787856384, -77.47082603856157 33.689226804505175, -79.44675744467808 32.41515113526689, -77.62253368163935 33.81020775747443, -77.65274789723537 33.77231974846956, -77.5325082719661 34.03556973182077))"
24E,2022-11-01 13:55:00+00:00,2022-11-01 15:55:00+00:00,0.0,38000.0,"POLYGON ((-71.24358492428686 40.09147698976678, -69.36468557608768 40.04842595582746, -67.00761984485005 38.886886920236115, -72.58141744893663 37.314117035316904, -71.24358492428686 40.09147698976678))"
37C,2022-11-01 13:55:00+00:00,2022-11-01 15:55:00+00:00,0.0,42000.0,"POLYGON ((-95.35 30.62547582294557, -93.11 29.308155221318042, -94.98287760533132 27.577120497528707, -98.10198317606388 27.310217183571183, -98.89555626516638 28.717059469156037, -95.35 30.62547582294557))"
26E,2022-11-01 14:55:00+00:00,2022-11-01 16:55:00+00:00,0.0,37000.0,"POLYGON ((-68.34144020317794 39.973481077996794, -67.00761984485005 38.886886920236115, -72.58141744893663 37.314117035316904, -70.03 39.61631044263608, -68.34144020317794 39.973481077996794))"
38C,2022-11-01 14:55:00+00:00,2022-11-01 16:55:00+00:00,0.0,44000.0,"POLYGON ((-94.86832166613982 30.85250522652927, -93.11 28.642679398372472, -94.85175980454865 27.458138957558894, -97.79768115779606 27.1310146120481, -98.46 28.808155221318042, -94.86832166613982 30.85250522652927))"
27E,2022-11-01 14:55:00+00:00,2022-11-01 16:55:00+00:00,0.0,36000.0,"POLYGON ((-73.16169598037425 36.31715559138442, -73.10436966145221 36.125547415257074, -74.67005486262535 35.657117669783645, -74.72738118154739 35.84872584591099, -73.16169598037425 36.31715559138442))"
FOXTROT 9,2022-11-01 15:25:00+00:00,2022-11-01 19:25:00+00:00,0.0,41000.0,"POLYGON ((-49.45 36.3, -46 36.15, -53.45 24.3, -58.15 25.15, -49.45 36.3))"
DELTA 9,2022-11-01 15:25:00+00:00,2022-11-01 19:25:00+00:00,0.0,45000.0,"POLYGON ((-121.15 10.3, -120.3 6.45, -126.3 6.15, -127.45 10, -121.15 10.3))"
28E,2022-11-01 15:55:00+00:00,2022-11-01 17:55:00+00:00,0.0,38000.0,"POLYGON ((-68.34144020317794 39.973481077996794, -66.2842354411571 38.276800460941374, -72.03821629078105 37.15243393012763, -72.72597914373145 37.434453762607674, -68.34144020317794 39.973481077996794))"
39C,2022-11-01 15:55:00+00:00,2022-11-01 17:55:00+00:00,0.0,40000.0,"POLYGON ((-95.26718923442753 30.68828013873573, -93.11 28.642679398372472, -94.85175980454865 27.458138957558894, -97.79768115779606 27.1310146120481, -98.46 28.808155221318042, -95.26718923442753 30.68828013873573))"
30E,2022-11-01 15:55:00+00:00,2022-11-01 17:55:00+00:00,0.0,39000.0,"POLYGON ((-77.46509281385785 28.85059203653664, -77.42058561076514 28.655607142575946, -79.88782985039511 28.092434589964377, -79.93233705348781 28.28741948392507, -77.46509281385785 28.85059203653664))"
29E,2022-11-01 15:55:00+00:00,2022-11-01 17:55:00+00:00,0.0,37000.0,"POLYGON ((-73.16814724285975 36.31498364188098, -73.09791839896671 36.127719364760516, -74.5001938952577 35.601830559707274, -74.57042273915073 35.789094836827736, -73.16814724285975 36.31498364188098))"
HOTEL 1,2022-11-01 16:00:00+00:00,2022-11-01 20:00:00+00:00,0.0,38000.0,"POLYGON ((-69 39.15, -66 38.3, -72.45 34.15, -74 36.45, -69 39.15))"
GOLF 4,2022-11-01 16:15:00+00:00,2022-11-01 20:15:00+00:00,0.0,38000.0,"POLYGON ((-94.45 28.3, -92.3 28.3, -94.3 26, -95.45 26.3, -95.45 26.3, -94.45 28.3))"
ECHO 9,2022-11-01 16:20:00+00:00,2022-11-01 20:20:00+00:00,0.0,46000.0,"POLYGON ((177.15 34, 179.45 33.45, 178.15 30.3, 175.3 30.15, 177.15 34))"
32E,2022-11-01 16:55:00+00:00,2022-11-01 18:55:00+00:00,0.0,37000.0,"POLYGON ((-77.30963848233473 30.50739239400086, -76.97808172116771 28.908957479633735, -77.86366744383696 28.610195383562644, -78.0819286218926 30.3481669607459, -77.30963848233473 30.50739239400086))"
40C,2022-11-01 16:55:00+00:00,2022-11-01 18:55:00+00:00,0.0,35000.0,"POLYGON ((-95.25777176346953 30.967882422264623, -92.45646156159316 28.75503802079858, -94.33009926535189 26.980996567516318, -97.08231884220393 27.1310146120481, -98.75341465741067 28.066613842301024, -95.25777176346953 30.967882422264623))"
31E,2022-11-01 16:55:00+00:00,2022-11-01 18:55:00+00:00,0.0,37000.0,"POLYGON ((-73.18417783122433 36.30728280099672, -73.08188781060213 36.13542020564478, -76.24300200724805 34.25397278713042, -76.34529202787026 34.42583538248236, -73.18417783122433 36.30728280099672))"
41C,2022-11-01 17:55:00+00:00,2022-11-01 19:55:00+00:00,0.0,40000.0,"POLYGON ((-92.45646156159316 28.75503802079858, -95.66178901995272 26.546515973738497, -97.55098844059584 25.9835663134633, -97.80810934579802 26.841598529642358, -96.49977948148504 28.75986743106268, -92.45646156159316 28.75503802079858))"
33E,2022-11-01 17:55:00+00:00,2022-11-01 19:55:00+00:00,0.0,36000.0,"POLYGON ((-73.18875681262833 36.304386657004805, -73.07730882919813 36.13831634963669, -75.88830980155124 34.251884062288184, -75.99975778498144 34.4179543696563, -73.18875681262833 36.304386657004805))"
34E,2022-11-01 17:55:00+00:00,2022-11-01 19:55:00+00:00,0.0,37000.0,"POLYGON ((-77.1672951682293 28.951204253691895, -77.10221208673836 28.76209002232989, -79.09381682885143 28.076685371420282, -79.15889991034237 28.265799602782288, -77.1672951682293 28.951204253691895))"
42C,2022-11-01 18:55:00+00:00,2022-11-01 20:55:00+00:00,0.0,36000.0,"POLYGON ((-97.44 27.567262088527215, -94.72092482063596 27.339034912976757, -95.90024978959222 25.91248758424627, -97.89351961065984 26.110094613862955, -97.44 27.567262088527215))"
FOXTROT 10,2022-11-01 19:15:00+00:00,2022-11-01 23:15:00+00:00,0.0,45000.0,"POLYGON ((-53.3 28.45, -50.45 27.45, -53.15 24.15, -56.3 25, -53.3 28.45))"
DELTA 10,2022-11-01 19:20:00+00:00,2022-11-01 23:20:00+00:00,0.0,44000.0,"POLYGON ((-120 11, -120 8, -126.3 6.15, -126.45 9.45, -120 11))"
ECHO 10,2022-11-01 19:25:00+00:00,2022-11-01 23:25:00+00:00,0.0,28000.0,"POLYGON ((178.3 35.3, 176.15 30.3, 179.45 30.15, -179.15 34.15, 178.3 35.3))"
HOTEL 5,2022-11-01 19:35:00+00:00,2022-11-01 23:35:00+00:00,0.0,42000.0,"POLYGON ((-66.15 38.15, -65.45 37, -72 35, -73.15 36.15, -71 38, -66.15 38.15))"
43C,2022-11-01 19:55:00+00:00,2022-11-01 21:55:00+00:00,0.0,35000.0,"POLYGON ((-97.44 27.068155221318037, -95.45334757949443 26.91284727291372, -95.90024978959222 25.91248758424627, -98.0650625936352 26.173055034308472, -97.44 27.068155221318037))"
SIERRA 1,2022-11-01 20:21:00+00:00,2022-11-02 00:15:00+00:00,,,"POLYGON ((171 33.45, 170.45 21, -179.45 23.45, 175.45 29.45, 177 33.45, 171 33.45))"
2W,2022-11-01 20:55:00+00:00,2022-11-01 22:55:00+00:00,0.0,26000.0,"POLYGON ((-124.86474766179866 39.548512968199766, -124.06453448212848 39.301976039820204, -124.16991650933704 38.34068180518809, -125.23130979313282 38.396835852493865, -124.86474766179866 39.548512968199766))"
3W,2022-11-01 20:55:00+00:00,2022-11-01 22:55:00+00:00,0.0,26000.0,"POLYGON ((-124.84589863880625 43.19392034101728, -124.16806494511293 42.85514563051459, -124.23 41.66821373441836, -125.48860091648449 41.604345589423836, -124.84589863880625 43.19392034101728))"
44C,2022-11-01 20:55:00+00:00,2022-11-01 22:55:00+00:00,0.0,45000.0,"POLYGON ((-96.98729620068332 27.733285913266847, -95.6252841777307 27.289050188125575, -96.09411645212177 25.914327098935846, -96.73704275825123 25.918581713025784, -97.1328219036397 26.454054535705378, -96.98729620068332 27.733285913266847))"
1W,2022-11-01 20:55:00+00:00,2022-11-01 22:55:00+00:00,0.0,28000.0,"POLYGON ((-119.65999999999998 40.10828375768358, -119.7733082692204 38.01134545889224, -121.16011019130644 38.13267146926761, -121.37048500141809 39.820117658231325, -119.65999999999998 40.10828375768358))"
35E,2022-11-01 21:55:00+00:00,2022-11-01 23:55:00+00:00,0.0,38000.0,"POLYGON ((-68.04142167847384 39.7333406427176, -67.15378242906115 39.00836505537713, -70.78573254774315 37.98920689375615, -71.01956956556548 38.453275082292286, -68.04142167847384 39.7333406427176))"
5W,2022-11-01 21:55:00+00:00,2022-11-01 23:55:00+00:00,0.0,25000.0,"POLYGON ((-124.18808400111479 39.752262993445704, -124.31818094215679 38.22179827655059, -125.42546552050237 38.32973220474741, -125.60413952492915 39.6030196222602, -124.18808400111479 39.752262993445704))"
36E,2022-11-01 21:55:00+00:00,2022-11-01 23:55:00+00:00,0.0,41000.0,"POLYGON ((-80.49 27.68, -80.09 26.96914187884179, -80.5390983061433 26.84526824271553, -80.94179508152392 27.513292766566742, -80.49 27.68))"
45C,2022-11-01 21:55:00+00:00,2022-11-01 23:55:00+00:00,0.0,41000.0,"POLYGON ((-95.73799481477053 26.51930474756988, -95.93339333280498 25.91282034522206, -96.57630707338953 25.917783944682284, -95.73799481477053 26.51930474756988))"
4W,2022-11-01 21:55:00+00:00,2022-11-01 23:55:00+00:00,0.0,28000.0,"POLYGON ((-119.30475163936005 38.86162608192732, -119.31797287751647 37.04491982937781, -120.68255795827622 37.095409655207234, -121.03724689833406 38.604858674891595, -119.30475163936005 38.86162608192732))"
ECHO 11,2022-11-01 22:00:00+00:00,2022-11-02 02:00:00+00:00,0.0,42000.0,"POLYGON ((-179.45 36.3, 177.15 30.15, -179.45 30.15, -176.45 32.45, -176.3 36.15, -179.45 36.3))"
37E,2022-11-01 22:55:00+00:00,2022-11-02 00:55:00+00:00,0.0,42000.0,"POLYGON ((-68.04142167847384 39.7333406427176, -67.15378242906115 39.00836505537713, -70.78573254774315 37.98920689375615, -71.01956956556548 38.453275082292286, -68.04142167847384 39.7333406427176))"
7W,2022-11-01 22:55:00+00:00,2022-11-02 00:55:00+00:00,0.0,22000.0,"POLYGON ((-122.95599577358217 43.65857988905533, -122.91 42.48, -124.03783862353313 42.47447091526406, -123.87030778541515 43.64758371587259, -122.95599577358217 43.65857988905533))"
38E,2022-11-01 22:55:00+00:00,2022-11-02 00:55:00+00:00,0.0,34000.0,"POLYGON ((-80.67181818181818 27.428105363555503, -80.30818181818181 27.428105363555503, -80.30818181818181 27.064468999919136, -80.67181818181818 27.064468999919136, -80.67181818181818 27.428105363555503))"
6W,2022-11-01 22:55:00+00:00,2022-11-02 00:55:00+00:00,0.0,22000.0,"POLYGON ((-122.59 45.31628718173732, -122.79056865878793 44.425879711564775, -123.37483439867903 44.387028014799306, -123.33602153034627 45.08886195497384, -122.59 45.31628718173732))"
GOLF 1,2022-11-01 23:05:00+00:00,2022-11-02 03:05:00+00:00,24000.0,35000.0,"POLYGON ((-178.15 50.3, 175.15 48.45, 173.15 46.3, 173.15 46.3, 175.15 44.45, -178.15 50.3))"
DELTA 11,2022-11-01 23:10:00+00:00,2022-11-02 03:10:00+00:00,0.0,48000.0,"POLYGON ((-120 11, -120 7.45, -126.3 6.3, -126.45 9.45, -120 11))"
HOTEL 6,2022-11-01 23:30:00+00:00,2022-11-02 03:30:00+00:00,0.0,40000.0,"POLYGON ((-67.15 39, -70.3 35, -72.45 35, -72.45 36.45, -70.15 38.15, -70.15 38.15, -67.15 39))"
39E,2022-11-01 23:55:00+00:00,2022-11-02 01:55:00+00:00,0.0,45000.0,"POLYGON ((-67.74348959766408 39.492433316895045, -67.15378242906115 39.00836505537713, -70.03 37.952620885272154, -70.03 38.950834619690504, -67.74348959766408 39.492433316895045))"
8W,2022-11-01 23:55:00+00:00,2022-11-02 01:55:00+00:00,0.0,26000.0,"POLYGON ((-124.93857896874697 48.50404267360054, -123.07312257836489 47.94862139447869, -124.15 46.95, -124.93611708643697 48.09513845451993, -124.93857896874697 48.50404267360054))"
JULIETT 1,2022-11-02 00:00:00+00:00,2022-11-02 04:00:00+00:00,0.0,43000.0,"POLYGON ((-49.3 32.3, -48.3 30.3, -50.3 26.45, -54 24, -55.45 24.15, -49.3 32.3))"
SIERRA 2,2022-11-02 00:13:00+00:00,2022-11-02 04:10:00+00:00,,,"POLYGON ((171.45 29.3, 170.15 20, -179.15 22.3, 179.45 29.45, 171.45 29.3))"
2E,2022-11-02 00:55:00+00:00,2022-11-02 02:55:00+00:00,0.0,34000.0,"POLYGON ((-73.91498722514666 35.4745690241172, -72.42995685017227 34.927774552075284, -75.10928185556631 33.36391611371047, -74.88444047953132 35.19421416928657, -73.91498722514666 35.4745690241172))"
1E,2022-11-02 00:55:00+00:00,2022-11-02 02:55:00+00:00,0.0,41000.0,"POLYGON ((-67.74348959766408 39.492433316895045, -67.15378242906115 39.00836505537713, -70.03 38.11898984100855, -70.03 38.950834619690504, -67.74348959766408 39.492433316895045))"
2W,2022-11-02 00:55:00+00:00,2022-11-02 02:55:00+00:00,0.0,25000.0,"POLYGON ((-120.11991219244996 39.88201806379096, -120.41622338253207 38.93933651996635, -121.22205880863024 39.05436435224411, -121.0411331266848 39.711801794040966, -120.11991219244996 39.88201806379096))"
3W,2022-11-02 00:55:00+00:00,2022-11-02 02:55:00+00:00,0.0,25000.0,"POLYGON ((-122.00825777674932 45.339608116500216, -121.85781757862902 44.082665564038244, -122.81723320392065 44.11929250531723, -122.59 45.17171624231642, -122.00825777674932 45.339608116500216))"
1W,2022-11-02 00:55:00+00:00,2022-11-02 02:55:00+00:00,0.0,25000.0,"POLYGON ((-118.98208109624319 37.15368756030334, -117.77 37.27714530289554, -118.27707060749827 35.753834576955356, -119.30484460744617 35.8805256238478, -118.98208109624319 37.15368756030334))"
ECHO 12,2022-11-02 01:50:00+00:00,2022-11-02 05:50:00+00:00,0.0,42000.0,"POLYGON ((-177.45 37.15, 177.45 30, -178.45 30, -175 33.15, -173.45 37, -177.45 37.15))"
4E,2022-11-02 01:55:00+00:00,2022-11-02 03:55:00+00:00,0.0,42000.0,"POLYGON ((-81.49381751577255 27.144533373939556, -81.4081024340886 26.529517657752923, -82.04243512662475 26.29447874667893, -82.29624253091202 26.72006998443853, -81.49381751577255 27.144533373939556))"
3E,2022-11-02 01:55:00+00:00,2022-11-02 03:55:00+00:00,0.0,43000.0,"POLYGON ((-69.1213873865366 39.585623900234644, -67.74348959766408 39.492433316895045, -67.15378242906115 39.00836505537713, -70.03 38.11898984100855, -69.1213873865366 39.585623900234644))"
4W,2022-11-02 01:55:00+00:00,2022-11-02 03:55:00+00:00,0.0,26000.0,"POLYGON ((-117.77 37.27714530289554, -118.27707060749827 35.753834576955356, -119.1 35.624570939420906, -119.09706350695483 36.877810523774116, -117.77 37.27714530289554))"
HOTEL 7,2022-11-02 02:05:00+00:00,2022-11-02 06:05:00+00:00,0.0,40000.0,"POLYGON ((-67 40.3, -65.45 38.15, -68.3 35.15, -71.15 37.45, -67 40.3))"
5W,2022-11-02 02:55:00+00:00,2022-11-02 04:55:00+00:00,0.0,24000.0,"POLYGON ((-118.24878101504174 37.07679488251606, -118.22550906696767 36.18269924888947, -118.78484256656725 36.09441092646959, -118.78009761521623 36.875469644973315, -118.24878101504174 37.07679488251606))"
5E,2022-11-02 02:55:00+00:00,2022-11-02 04:55:00+00:00,0.0,45000.0,"POLYGON ((-81.78 27.10828375768358, -81.55107457835348 26.734271308487628, -82.00811122564411 26.325364458655777, -82.22850556152349 26.695272844460348, -81.78 27.10828375768358))"
GOLF 2,2022-11-02 03:00:00+00:00,2022-11-02 07:00:00+00:00,29000.0,35000.0,"POLYGON ((-178.3 50.15, 175.15 49, 173.45 47.15, 175.45 45.15, -178.3 50.15))"
JULIETT 2,2022-11-02 03:35:00+00:00,2022-11-02 07:35:00+00:00,0.0,45000.0,"POLYGON ((-48.15 34, -46 33, -48 28.15, -54.15 22.3, -56 23.3, -48.15 34))"
HOTEL 8,2022-11-02 03:40:00+00:00,2022-11-02 07:40:00+00:00,0.0,40000.0,"POLYGON ((-66.3 41, -62.3 41, -66.15 35.15, -70.45 37.15, -66.3 41))"
6W,2022-11-02 03:55:00+00:00,2022-11-02 05:55:00+00:00,0.0,25000.0,"POLYGON ((-121.9826551986197 41.08239100248126, -121.61901883498332 41.08239100248126, -121.61901883498332 40.7187546388449, -121.9826551986197 40.7187546388449, -121.9826551986197 41.08239100248126))"
ECHO 13,2022-11-02 05:35:00+00:00,2022-11-02 09:35:00+00:00,0.0,43000.0,"POLYGON ((-174.45 39.3, -171.15 38, -174.15 30, -179.45 30, -179 37.45, -174.45 39.3))"
GOLF 3,2022-11-02 06:55:00+00:00,2022-11-02 10:55:00+00:00,28000.0,35000.0,"POLYGON ((-178 49.45, 177.45 49.3, 174.15 47.15, 177.45 46, -178 49.45))"
JULIETT 3,2022-11-02 07:05:00+00:00,2022-11-02 11:05:00+00:00,0.0,42000.0,"POLYGON ((-48 33.15, -44.3 33, -46.3 27.45, -51.3 22.3, -55.45 23.15, -48 33.15))"
HOTEL 9,2022-11-02 07:15:00+00:00,2022-11-02 11:15:00+00:00,0.0,44000.0,"POLYGON ((-66.3 41, -60.15 41, -63.45 34.45, -68.45 36.15, -66.3 41))"
ECHO 14,2022-11-02 09:15:00+00:00,2022-11-02 13:15:00+00:00,0.0,43000.0,"POLYGON ((-176.45 39.15, -170.15 39.15, -173.15 30, -177.45 30, -176.15 35.3, -176.45 39.15))"
HOTEL 10,2022-11-02 10:35:00+00:00,2022-11-02 14:35:00+00:00,0.0,44000.0,"POLYGON ((-60 41.3, -61.45 33.15, -67.3 33.45, -66.3 41, -60 41.3))"
JULIETT 4,2022-11-02 10:55:00+00:00,2022-11-02 14:55:00+00:00,0.0,42000.0,"POLYGON ((-44.45 32.15, -46.15 27.45, -51.15 22.3, -55.45 23.15, -49 32, -44.45 32.15))"
HOTEL 11,2022-11-02 14:20:00+00:00,2022-11-02 18:20:00+00:00,0.0,37000.0,"POLYGON ((-66.3 39, -59.45 36.3, -61.3 31.3, -66.3 32.45, -66.3 39))"
JULIETT 5,2022-11-02 14:25:00+00:00,2022-11-02 18:25:00+00:00,0.0,47000.0,"POLYGON ((-46 33.15, -43.3 32.45, -46.15 25.45, -51.15 22, -56.15 22.3, -46 33.15))"
7W,2022-11-02 14:55:00+00:00,2022-11-02 16:55:00+00:00,0.0,23000.0,"POLYGON ((-123.99084005645241 42.142956612995164, -123.78699752181551 41.47055593095399, -124.75960759682205 40.83476646458454, -125.46982380069359 41.050664569918844, -123.99084005645241 42.142956612995164))"
JULIETT 6,2022-11-02 18:10:00+00:00,2022-11-02 22:10:00+00:00,0.0,47000.0,"POLYGON ((-41.3 41.15, -42.15 33.15, -46 25.45, -55.15 20, -56.15 22.45, -45 32.45, -45.3 40.15, -41.3 41.15))"
8W,2022-11-02 18:55:00+00:00,2022-11-02 20:55:00+00:00,0.0,23000.0,"POLYGON ((-122.55826032263137 37.84016686420466, -121.2978028546857 37.740168604558804, -121.34445162821876 36.86418151687687, -122.49780910521922 37.19540848127666, -122.55826032263137 37.84016686420466))"
ALFA 1,2022-11-02 19:50:00+00:00,2022-11-02 23:50:00+00:00,0.0,28000.0,"POLYGON ((177.3 41.3, 173.45 38.45, 175.45 37.3, -178.45 37.15, -175.45 40.15, 177.3 41.3))"
9W,2022-11-02 19:55:00+00:00,2022-11-02 21:55:00+00:00,0.0,21000.0,"POLYGON ((-121.71188043231757 38.132478675239334, -120.83104385080844 36.91219837301104, -123.58454932462035 36.69447509299922, -123.61130377599443 37.48946031024057, -121.71188043231757 38.132478675239334))"
10W,2022-11-02 19:55:00+00:00,2022-11-02 21:55:00+00:00,0.0,21000.0,"POLYGON ((-124.15280035985573 42.09126186987816, -123.80538283720387 41.43775163252894, -124.83620542178926 40.477412394264, -125.54598049366398 40.662529217147906, -124.15280035985573 42.09126186987816))"
KILO 1,2022-11-02 20:40:00+00:00,2022-11-03 00:40:00+00:00,0.0,35000.0,"POLYGON ((-63 36, -60 35.45, -60.15 33.3, -62.15 33.3, -63.15 34.3, -63 36))"
JULIETT 7,2022-11-02 21:10:00+00:00,2022-11-03 01:10:00+00:00,0.0,46000.0,"POLYGON ((-40 34.15, -43.15 27.45, -52.15 19.45, -57 21.45, -43.3 34.15, -40 34.15))"
6E,2022-11-02 21:55:00+00:00,2022-11-02 23:55:00+00:00,0.0,45000.0,"POLYGON ((-82.47598538956993 29.598765082791605, -81.12352308752953 28.078713840927172, -80.8343635575218 25.798949119323996, -81.8 25.421844778681965, -82.47598538956993 29.598765082791605))"
7E,2022-11-02 22:55:00+00:00,2022-11-03 00:55:00+00:00,0.0,45000.0,"POLYGON ((-81.80324863503313 29.724853320855093, -80.80060415984191 25.32851235785509, -81.8 25.421844778681965, -82.47598538956993 29.598765082791605, -81.80324863503313 29.724853320855093))"
KILO 2,2022-11-02 23:00:00+00:00,2022-11-03 03:00:00+00:00,0.0,36000.0,"POLYGON ((-60 35.3, -58.3 32.15, -60.3 31.3, -63.15 34.15, -60 35.3))"
ALFA 2,2022-11-02 23:40:00+00:00,2022-11-03 03:40:00+00:00,,,"POLYGON ((178 41.3, -176.3 41.15, 179 38, 176 38, 178 41.3))"
8E,2022-11-02 23:55:00+00:00,2022-11-03 01:55:00+00:00,0.0,45000.0,"POLYGON ((-82.05263603775916 29.868317221036424, -80.80060415984191 25.32851235785509, -81.8 25.25547582294557, -82.47598538956993 29.598765082791605, -82.05263603775916 29.868317221036424))"
11W,2022-11-02 23:55:00+00:00,2022-11-03 01:55:00+00:00,0.0,27000.0,"POLYGON ((-122.24000000000001 41.09821373441836, -121.1502297971497 40.91841127259239, -122.41311209437579 39.04686497215859, -123.10531856973618 39.357294206812206, -122.24000000000001 41.09821373441836))"
1E,2022-11-03 00:55:00+00:00,2022-11-03 02:55:00+00:00,0.0,45000.0,"POLYGON ((-81.71876260562135 28.53947454352679, -80.86573789257835 27.67949318402028, -81.92270298345751 26.83733866428974, -82.30346621446442 27.909488227934716, -81.71876260562135 28.53947454352679))"
1W,2022-11-03 00:55:00+00:00,2022-11-03 02:55:00+00:00,0.0,27000.0,"POLYGON ((-122.24000000000001 41.09821373441836, -121.46431487610998 40.68562801043393, -120.83104385080844 36.91219837301104, -122.62732575108024 39.0482365210442, -122.24000000000001 41.09821373441836))"
3E,2022-11-03 01:55:00+00:00,2022-11-03 03:55:00+00:00,0.0,33000.0,"POLYGON ((-79.22827052570013 32.23799450416415, -78.68281598024559 32.23799450416415, -78.68281598024559 31.692539958709606, -79.22827052570013 31.692539958709606, -79.22827052570013 32.23799450416415))"
2E,2022-11-03 01:55:00+00:00,2022-11-03 03:55:00+00:00,0.0,45000.0,"POLYGON ((-82.28403856995843 29.321176808398157, -81.34 28.54, -81.4363038140103 26.836268948484577, -82.22850556152349 26.695272844460348, -82.28403856995843 29.321176808398157))"
2W,2022-11-03 01:55:00+00:00,2022-11-03 03:55:00+00:00,0.0,27000.0,"POLYGON ((-121.67300456255818 40.09861771427772, -121.6917940071881 38.707046976905815, -122.7115280290567 39.048668351186606, -121.67300456255818 40.09861771427772))"
3W,2022-11-03 01:55:00+00:00,2022-11-03 03:55:00+00:00,0.0,23000.0,"POLYGON ((-110.66526228567976 34.79279316610449, -110.73312732412572 33.86596271581165, -111.82019755718262 33.8305384003159, -110.66526228567976 34.79279316610449))"
4W,2022-11-03 02:55:00+00:00,2022-11-03 04:55:00+00:00,0.0,25000.0,"POLYGON ((-121.67300456255818 40.09861771427772, -120.6271507736348 38.43638086985968, -122.7115280290567 39.048668351186606, -121.67300456255818 40.09861771427772))"
4E,2022-11-03 02:55:00+00:00,2022-11-03 04:55:00+00:00,0.0,45000.0,"POLYGON ((-81.18787848758662 28.595240139205643, -81.29524482197264 26.52918049094965, -82.26475517802736 26.52918049094965, -82.55 27.110858121158213, -81.18787848758662 28.595240139205643))"
5E,2022-11-03 02:55:00+00:00,2022-11-03 04:55:00+00:00,0.0,31000.0,"POLYGON ((-78.99026699257521 32.03125358461039, -78.44481244712068 32.03125358461039, -78.44481244712068 31.485799039155847, -78.99026699257521 31.485799039155847, -78.99026699257521 32.03125358461039))"
5W,2022-11-03 02:55:00+00:00,2022-11-03 04:55:00+00:00,0.0,23000.0,"POLYGON ((-111.21026017411695 38.25291786820385, -108.42167866676778 37.974883684120286, -108.22856096784012 37.00705206328234, -111.21026017411695 38.25291786820385))"
LIMA 1,2022-11-03 03:35:00+00:00,2022-11-03 07:35:00+00:00,0.0,43000.0,"POLYGON ((-45.3 33.15, -42.3 32.15, -47.15 24.15, -49.3 25, -45.3 33.15))"
6E,2022-11-03 03:55:00+00:00,2022-11-03 05:55:00+00:00,0.0,45000.0,"POLYGON ((-82.05272727272727 26.94729821214817, -81.50727272727273 26.94729821214817, -81.50727272727273 26.401843666693622, -82.05272727272727 26.401843666693622, -82.05272727272727 26.94729821214817))"
7E,2022-11-03 03:55:00+00:00,2022-11-03 05:55:00+00:00,0.0,31000.0,"POLYGON ((-78.8716641609899 31.92771759929668, -78.32620961553536 31.92771759929668, -78.32620961553536 31.382263053842134, -78.8716641609899 31.382263053842134, -78.8716641609899 31.92771759929668))"
6W,2022-11-03 03:55:00+00:00,2022-11-03 05:55:00+00:00,0.0,27000.0,"POLYGON ((-121.67300456255818 40.09861771427772, -120.6271507736348 38.43638086985968, -122.7115280290567 39.048668351186606, -121.67300456255818 40.09861771427772))"
8E,2022-11-03 04:55:00+00:00,2022-11-03 06:55:00+00:00,0.0,30000.0,"POLYGON ((-74.47702885257405 35.67489660334179, -74.31958095363107 34.7161654317201, -76.18824930117962 32.92676335171022, -76.74267961425703 33.40369288731016, -74.47702885257405 35.67489660334179))"
9E,2022-11-03 04:55:00+00:00,2022-11-03 06:55:00+00:00,0.0,31000.0,"POLYGON ((-79.34412565937605 32.2998675212049, -77.86242363578312 32.10709887104252, -77.9792078756522 31.108432486859222, -79.34412565937605 32.2998675212049))"
10E,2022-11-03 05:55:00+00:00,2022-11-03 07:55:00+00:00,0.0,32000.0,"POLYGON ((-74.11705479269541 36.242286206557836, -73.72826481178812 35.40721542071722, -76.05057862301025 32.80714986095124, -76.88223535823266 33.52253858704057, -74.11705479269541 36.242286206557836))"
11E,2022-11-03 05:55:00+00:00,2022-11-03 07:55:00+00:00,0.0,32000.0,"POLYGON ((-77.0382851343027 32.656419589869714, -77.90182995378836 30.407647758682796, -79.48256941343203 32.4181997806037, -77.0382851343027 32.656419589869714))"
7W,2022-11-03 05:55:00+00:00,2022-11-03 07:55:00+00:00,0.0,25000.0,"POLYGON ((-110.25285504276299 34.032954070363864, -109.9602061274071 32.856273723351336, -111.1884601240718 32.33497674966727, -111.22261794489685 33.42744888431217, -110.25285504276299 34.032954070363864))"
BRAVO 1,2022-11-03 06:20:00+00:00,2022-11-03 10:20:00+00:00,0.0,50000.0,"POLYGON ((-124.45 17, -122.15 15, -123.45 12.15, -127.45 12.3, -129.3 14.15, -124.45 17))"
12E,2022-11-03 06:55:00+00:00,2022-11-03 08:55:00+00:00,0.0,35000.0,"POLYGON ((-73.29229546766555 36.225287081814514, -76.05057862301025 32.80714986095124, -76.88223535823266 33.52253858704057, -74.11705479269541 36.242286206557836, -73.29229546766555 36.225287081814514))"
13E,2022-11-03 06:55:00+00:00,2022-11-03 08:55:00+00:00,0.0,35000.0,"POLYGON ((-77.0382851343027 32.656419589869714, -77.90182995378836 30.407647758682796, -79.48256941343203 32.4181997806037, -77.0382851343027 32.656419589869714))"
8W,2022-11-03 06:55:00+00:00,2022-11-03 08:55:00+00:00,0.0,27000.0,"POLYGON ((-110.59675214353722 35.05983049380683, -109.14 34.42, -110.68338213556379 32.560913038804934, -111.59882555011325 33.07636575435496, -110.59675214353722 35.05983049380683))"
9W,2022-11-03 06:55:00+00:00,2022-11-03 08:55:00+00:00,0.0,25000.0,"POLYGON ((-120.59418650374674 37.810552671635556, -120.23055014011037 37.810552671635556, -120.23055014011037 37.446916307999196, -120.59418650374674 37.446916307999196, -120.59418650374674 37.810552671635556))"
LIMA 2,2022-11-03 07:00:00+00:00,2022-11-03 11:00:00+00:00,0.0,45000.0,"POLYGON ((-43.45 35.45, -40 35.3, -40 32.3, -48 21.45, -51.3 25, -43.45 35.45))"
14E,2022-11-03 07:55:00+00:00,2022-11-03 09:55:00+00:00,0.0,35000.0,"POLYGON ((-74.7358270502701 36.2513194284173, -73.49845074724051 36.230067480330845, -76.05057862301025 32.80714986095124, -77.18711036928703 32.96475210855679, -74.7358270502701 36.2513194284173))"
15E,2022-11-03 07:55:00+00:00,2022-11-03 09:55:00+00:00,0.0,35000.0,"POLYGON ((-76.89048327355702 32.347912658677075, -77.90182995378836 30.407647758682796, -79.48256941343203 32.4181997806037, -76.89048327355702 32.347912658677075))"
10W,2022-11-03 07:55:00+00:00,2022-11-03 09:55:00+00:00,0.0,30000.0,"POLYGON ((-110.19026318189728 35.058474465504986, -109.14 34.42, -109.9602061274071 32.856273723351336, -111.0232834159991 33.426013939891796, -110.19026318189728 35.058474465504986))"
MIKE 1,2022-11-03 08:50:00+00:00,2022-11-03 12:50:00+00:00,0.0,42000.0,"POLYGON ((-54.15 37, -54.45 32.3, -58.3 29.15, -61 32.15, -61.45 36, -54.15 37))"
16E,2022-11-03 08:55:00+00:00,2022-11-03 10:55:00+00:00,0.0,37000.0,"POLYGON ((-74.94211314614527 36.253622284956656, -73.29229546766555 36.225287081814514, -75.91327822438343 32.68738613299373, -76.88223535823266 33.52253858704057, -74.94211314614527 36.253622284956656))"
17E,2022-11-03 08:55:00+00:00,2022-11-03 10:55:00+00:00,0.0,37000.0,"POLYGON ((-78.76513938306344 32.43785960394257, -76.96425744252087 32.50218772195476, -77.7103738594001 30.868429992317218, -78.93095346765332 31.94397086757049, -78.76513938306344 32.43785960394257))"
11W,2022-11-03 08:55:00+00:00,2022-11-03 10:55:00+00:00,0.0,30000.0,"POLYGON ((-108.98506999174622 34.72731217949309, -110.21112998274515 32.68628639374022, -110.45442502139308 33.02141530526542, -109.88757962797791 34.67239444467471, -108.98506999174622 34.72731217949309))"
19E,2022-11-03 09:55:00+00:00,2022-11-03 11:55:00+00:00,0.0,37000.0,"POLYGON ((-77.87 32.85267939837247, -76.81696033297256 32.19359480289175, -77.7103738594001 30.868429992317218, -79.06831981707582 32.062751988236165, -77.87 32.85267939837247))"
18E,2022-11-03 09:55:00+00:00,2022-11-03 11:55:00+00:00,0.0,37000.0,"POLYGON ((-74.94211314614527 36.253622284956656, -73.29229546766555 36.225287081814514, -75.77634587804195 32.567473258060815, -77.11256866433175 32.810607855650346, -74.94211314614527 36.253622284956656))"
12W,2022-11-03 09:55:00+00:00,2022-11-03 11:55:00+00:00,0.0,30000.0,"POLYGON ((-109.88303998988661 34.16308484286046, -109.44647544762043 33.80479751901619, -109.9602061274071 32.856273723351336, -110.37757509158449 33.17482277103666, -109.88303998988661 34.16308484286046))"
13W,2022-11-03 09:55:00+00:00,2022-11-03 11:55:00+00:00,0.0,25000.0,"POLYGON ((-111.7649970815967 35.95300632423844, -110.30293363836684 34.650076198418006, -111.53895059909276 33.595046651665015, -112.10834937819259 34.39275395200195, -111.7649970815967 35.95300632423844))"
BRAVO 2,2022-11-03 10:10:00+00:00,2022-11-03 14:10:00+00:00,0.0,45000.0,"POLYGON ((-124 17, -123 15, -123.45 12.15, -126.3 13.15, -128.15 14.15, -124 17))"
CHARLIE 1,2022-11-03 10:15:00+00:00,2022-11-03 14:15:00+00:00,0.0,50000.0,"POLYGON ((-134.3 10.45, -126.3 10, -127 7, -139.15 5.45, -140 8.15, -134.3 10.45))"
LIMA 3,2022-11-03 10:45:00+00:00,2022-11-03 14:45:00+00:00,0.0,45000.0,"POLYGON ((-40 39, -40 32.45, -48.15 21.45, -52.15 24, -47 32, -40 39))"
21E,2022-11-03 10:55:00+00:00,2022-11-03 12:55:00+00:00,0.0,37000.0,"POLYGON ((-77.26191260735983 33.11885193382826, -76.59787624662071 31.730388451360884, -77.30963848233473 30.50739239400086, -79.06831981707582 32.062751988236165, -77.26191260735983 33.11885193382826))"
20E,2022-11-03 10:55:00+00:00,2022-11-03 12:55:00+00:00,0.0,37000.0,"POLYGON ((-75.2307883377674 35.93791113212833, -73.91498722514666 35.4745690241172, -75.77634587804195 32.567473258060815, -76.74267961425703 33.40369288731016, -75.2307883377674 35.93791113212833))"
15W,2022-11-03 10:55:00+00:00,2022-11-03 12:55:00+00:00,0.0,25000.0,"POLYGON ((-111.36201176035362 34.86770303400082, -110.22841517179121 34.58809449993688, -111.21267384774085 32.714460004929144, -111.60887001725484 32.68628639374022, -111.36201176035362 34.86770303400082))"
16W,2022-11-03 10:55:00+00:00,2022-11-03 12:55:00+00:00,0.0,25000.0,"POLYGON ((-109.0771817462965 39.593913713040656, -108.79000000000002 39.49371281826269, -109.00254771760582 38.65910817187218, -109.31358431439047 38.64991777110692, -109.0771817462965 39.593913713040656))"
14W,2022-11-03 10:55:00+00:00,2022-11-03 12:55:00+00:00,0.0,30000.0,"POLYGON ((-109.49050919510009 34.419500078631366, -108.81659909224473 34.30892444719656, -109.14 33.986287181737325, -109.63328899114656 34.010100099016526, -109.49050919510009 34.419500078631366))"
MIKE 2,2022-11-03 11:30:00+00:00,2022-11-03 15:30:00+00:00,0.0,42000.0,"POLYGON ((-53 36.45, -53.15 31.3, -57 28.15, -59.3 29, -61.15 35, -53 36.45))"
23E,2022-11-03 11:55:00+00:00,2022-11-03 13:55:00+00:00,0.0,37000.0,"POLYGON ((-77.18711036928703 32.96475210855679, -75.77634587804195 32.567473258060815, -77.57646203349829 30.748220972592204, -79.44166346475708 31.65893283188886, -77.18711036928703 32.96475210855679))"
22E,2022-11-03 11:55:00+00:00,2022-11-03 13:55:00+00:00,0.0,37000.0,"POLYGON ((-75.35471714455537 36.25716535586847, -74.1793894752955 34.596247650832055, -75.29134565535617 33.431553251189904, -77.33697775851961 33.27290691262983, -75.35471714455537 36.25716535586847))"
18W,2022-11-03 11:55:00+00:00,2022-11-03 13:55:00+00:00,0.0,25000.0,"POLYGON ((-111.17496764261425 34.93208949622448, -110.25285504276299 34.032954070363864, -111.21267384774085 32.714460004929144, -111.46836794692577 32.56933870990244, -111.17496764261425 34.93208949622448))"
19W,2022-11-03 11:55:00+00:00,2022-11-03 13:55:00+00:00,0.0,25000.0,"POLYGON ((-108.99538807386843 40.13446326669851, -108.4303319763201 39.72728093306214, -108.64803560342176 38.792781522155394, -109.30482606608953 38.89289226201245, -108.99538807386843 40.13446326669851))"
17W,2022-11-03 11:55:00+00:00,2022-11-03 13:55:00+00:00,0.0,30000.0,"POLYGON ((-109.14 34.42, -108.81659909224473 34.30892444719656, -109.14 33.55257436347463, -109.40657303524696 33.885445795380654, -109.14 34.42))"
24E,2022-11-03 12:55:00+00:00,2022-11-03 14:55:00+00:00,0.0,40000.0,"POLYGON ((-75.35471714455537 36.25716535586847, -74.1793894752955 34.596247650832055, -75.29134565535617 33.431553251189904, -77.33697775851961 33.27290691262983, -75.35471714455537 36.25716535586847))"
25E,2022-11-03 12:55:00+00:00,2022-11-03 14:55:00+00:00,0.0,39000.0,"POLYGON ((-79.36799617291318 31.504854143236706, -77.9792078756522 31.108432486859222, -78.97913111692964 30.047082757571303, -80.07781633330929 30.841531081602895, -79.36799617291318 31.504854143236706))"
20W,2022-11-03 12:55:00+00:00,2022-11-03 14:55:00+00:00,0.0,23000.0,"POLYGON ((-118.81022069409255 35.71493523333193, -117.58829306960652 35.17680099875936, -118.58402263794396 34.237313960376, -119.1 34.980893132790825, -118.81022069409255 35.71493523333193))"
27E,2022-11-03 13:55:00+00:00,2022-11-03 15:55:00+00:00,0.0,36000.0,"POLYGON ((-79.36799617291318 31.504854143236706, -77.30963848233473 30.50739239400086, -78.32667223480911 29.545399506512194, -79.58248396744256 30.32586483156779, -79.36799617291318 31.504854143236706))"
26E,2022-11-03 13:55:00+00:00,2022-11-03 15:55:00+00:00,0.0,43000.0,"POLYGON ((-75.2307883377674 35.93791113212833, -74.03960245309027 34.47617000801013, -76.38097257791527 31.26681110464502, -78.45511452833776 32.88000418259385, -75.2307883377674 35.93791113212833))"
21W,2022-11-03 13:55:00+00:00,2022-11-03 15:55:00+00:00,0.0,25000.0,"POLYGON ((-107.75499362747252 34.718076029484635, -108.20263872022184 33.59492822241103, -110.35163205307423 32.56933870990244, -111.46836794692577 32.56933870990244, -110.22841517179121 34.58809449993688, -107.75499362747252 34.718076029484635))"
CHARLIE 2,2022-11-03 14:00:00+00:00,2022-11-03 18:00:00+00:00,0.0,49000.0,"POLYGON ((-134.3 11.15, -130 10.3, -130 6.45, -139.45 5.3, -139.45 8.45, -134.3 11.15))"
LIMA 4,2022-11-03 14:20:00+00:00,2022-11-03 18:20:00+00:00,0.0,46000.0,"POLYGON ((-40 38.15, -39.45 32, -49.3 20.45, -54.45 22.15, -51.3 30, -40 38.15))"
28E,2022-11-03 14:55:00+00:00,2022-11-03 16:55:00+00:00,0.0,42000.0,"POLYGON ((-75.16936097829462 35.43224824078843, -73.90021744915809 34.35593367745108, -76.38097257791527 31.26681110464502, -78.45511452833776 32.88000418259385, -75.16936097829462 35.43224824078843))"
23W,2022-11-03 14:55:00+00:00,2022-11-03 16:55:00+00:00,0.0,27000.0,"POLYGON ((-108.08769955399181 37.80700127208345, -108.09 36.74, -109.12800296355789 36.73549266106669, -108.93 37.81, -108.08769955399181 37.80700127208345))"
22W,2022-11-03 14:55:00+00:00,2022-11-03 16:55:00+00:00,0.0,25000.0,"POLYGON ((-110.14836582062972 34.415862403462064, -108.13163417937028 34.415862403462064, -108.20263872022184 33.59492822241103, -108.80354278705845 33.19140992094782, -110.91 32.765475822945575, -110.14836582062972 34.415862403462064))"
29E,2022-11-03 14:55:00+00:00,2022-11-03 16:55:00+00:00,0.0,32000.0,"POLYGON ((-79.48331832385135 31.043601327057072, -77.54323215293455 30.71832348992393, -79.26012456264637 29.95114985645965, -79.48331832385135 31.043601327057072))"
MIKE 3,2022-11-03 15:25:00+00:00,2022-11-03 19:25:00+00:00,0.0,39000.0,"POLYGON ((-54.45 34.3, -51.15 33, -55 29, -58.3 30.45, -58.15 33.45, -54.45 34.3))"
30E,2022-11-03 15:55:00+00:00,2022-11-03 17:55:00+00:00,0.0,42000.0,"POLYGON ((-76.18302069669227 34.91145307117172, -72.9355759473845 33.50993307644887, -75.23225273315772 32.08635184588999, -78.76513938306344 32.43785960394257, -76.18302069669227 34.91145307117172))"
24W,2022-11-03 15:55:00+00:00,2022-11-03 17:55:00+00:00,0.0,25000.0,"POLYGON ((-107.58243098479618 36.33001165105741, -108.39094519799548 35.031084431592824, -108.80194948828996 35.08736676521693, -108.59756901520383 36.33001165105741, -107.58243098479618 36.33001165105741))"
25W,2022-11-03 15:55:00+00:00,2022-11-03 17:55:00+00:00,0.0,27000.0,"POLYGON ((-107.5591933686619 38.039943026791114, -107.9514390321599 37.00705206328234, -108.93 37.23171624231643, -108.5913720663912 37.92016546852046, -107.5591933686619 38.039943026791114))"
ALFA 1,2022-11-03 16:40:00+00:00,2022-11-03 20:40:00+00:00,0.0,31000.0,"POLYGON ((-75 35.15, -68.45 33.45, -73.45 30.3, -77.15 31.15, -75 35.15))"
31E,2022-11-03 16:55:00+00:00,2022-11-03 18:55:00+00:00,0.0,42000.0,"POLYGON ((-75.16936097829462 35.43224824078843, -72.9355759473845 33.50993307644887, -74.96235711926563 31.84492408724302, -80.54617241639168 30.336465830354832, -75.16936097829462 35.43224824078843))"
32E,2022-11-03 16:55:00+00:00,2022-11-03 18:55:00+00:00,0.0,26000.0,"POLYGON ((-79.88161041550096 28.84871529436914, -78.04017616835857 28.549753072258635, -79.94710725353906 26.987338198426425, -80.49 27.347262088527216, -79.88161041550096 28.84871529436914))"
26W,2022-11-03 16:55:00+00:00,2022-11-03 18:55:00+00:00,0.0,30000.0,"POLYGON ((-107.13495536269588 36.41784485897429, -107.83595676968059 35.035765667043, -108.27703768166174 35.122821076200836, -108.32692654686963 36.27865000285349, -107.13495536269588 36.41784485897429))"
27W,2022-11-03 16:55:00+00:00,2022-11-03 18:55:00+00:00,0.0,24000.0,"POLYGON ((-112.61502368791979 34.96705787512451, -112.74745402599055 34.165442754876416, -113.85158420051964 34.257298191013675, -113.54 35.04171624231642, -112.61502368791979 34.96705787512451))"
CHARLIE 3,2022-11-03 17:50:00+00:00,2022-11-03 21:50:00+00:00,0.0,49000.0,"POLYGON ((-134 12.15, -130.3 11.15, -130.45 6.15, -139.45 5.15, -140 8.3, -134 12.15))"
34E,2022-11-03 17:55:00+00:00,2022-11-03 19:55:00+00:00,0.0,26000.0,"POLYGON ((-79.282603940839 28.73352261360218, -79.17496313484394 27.673791862558097, -80.09 26.68, -82.89707036674396 28.370944403837704, -79.282603940839 28.73352261360218))"
33E,2022-11-03 17:55:00+00:00,2022-11-03 19:55:00+00:00,0.0,42000.0,"POLYGON ((-75.16936097829462 35.43224824078843, -73.7612320341291 34.23553982536499, -79.5148168257957 29.863520091530443, -80.54617241639168 30.336465830354832, -75.16936097829462 35.43224824078843))"
LIMA 5,2022-11-03 17:55:00+00:00,2022-11-03 21:55:00+00:00,0.0,46000.0,"POLYGON ((-39.45 36.15, -40 31.3, -52 18.3, -56 20.45, -52 30.3, -39.45 36.15))"
29W,2022-11-03 17:55:00+00:00,2022-11-03 19:55:00+00:00,0.0,24000.0,"POLYGON ((-113.03952908177354 35.21005498081446, -112.15551314596377 34.58891997193702, -113.96303471277463 32.98968897595375, -114.6 33.348283757683575, -113.03952908177354 35.21005498081446))"
28W,2022-11-03 17:55:00+00:00,2022-11-03 19:55:00+00:00,0.0,30000.0,"POLYGON ((-107.54878361582846 36.7387746645979, -105.76909089686654 36.486627247183954, -106.82 35.04, -107.87940953191227 35.03539570361483, -107.54878361582846 36.7387746645979))"
36E,2022-11-03 18:55:00+00:00,2022-11-03 20:55:00+00:00,0.0,29000.0,"POLYGON ((-79.09496772306241 28.18234019871833, -79.2950981061613 27.383627274830932, -80.54185196553956 26.035046574174213, -83.2027312069051 28.100013270334887, -79.09496772306241 28.18234019871833))"
35E,2022-11-03 18:55:00+00:00,2022-11-03 20:55:00+00:00,0.0,40000.0,"POLYGON ((-76.64825304536758 35.336854287419605, -73.7612320341291 34.23553982536499, -77.7103738594001 30.868429992317218, -77.87 33.684524177054435, -76.64825304536758 35.336854287419605))"
30W,2022-11-03 18:55:00+00:00,2022-11-03 20:55:00+00:00,0.0,27000.0,"POLYGON ((-111.8878632428397 36.118413646899285, -111.08826780930588 35.2949405769171, -113.6114680138436 33.589610654752754, -114.47 34.43726208852723, -111.8878632428397 36.118413646899285))"
31W,2022-11-03 18:55:00+00:00,2022-11-03 20:55:00+00:00,0.0,27000.0,"POLYGON ((-108.4648474140593 38.44472717134456, -108.09 37.07273791147279, -110.38825051659289 36.822624088727295, -110.30832589589039 38.29201438028418, -108.4648474140593 38.44472717134456))"
1C,2022-11-03 18:55:00+00:00,2022-11-03 20:55:00+00:00,0.0,26000.0,"POLYGON ((-104.43 38.0008581211582, -104.8694312360229 35.125432174486996, -106.82 34.75085812115822, -107.04 37.871716242316424, -104.43 38.0008581211582))"
32W,2022-11-03 18:55:00+00:00,2022-11-03 20:55:00+00:00,0.0,26000.0,"POLYGON ((-111.1259053155294 34.94891417348901, -110.42673661926206 34.75274634570805, -111.51678413828955 32.60969038392485, -112.9765885518125 33.09437580697036, -111.1259053155294 34.94891417348901))"
MIKE 4,2022-11-03 19:10:00+00:00,2022-11-03 23:10:00+00:00,0.0,38000.0,"POLYGON ((-56.3 33.15, -51.45 32.45, -54.3 27.45, -59.45 30.3, -56.3 33.15))"
ALFA 2,2022-11-03 19:20:00+00:00,2022-11-03 23:20:00+00:00,0.0,39000.0,"POLYGON ((-72.45 35, -67.3 33, -73.15 27.3, -77.3 31.3, -72.45 35))"
37E,2022-11-03 19:55:00+00:00,2022-11-03 21:55:00+00:00,0.0,40000.0,"POLYGON ((-76.18 35.26178626558164, -75.25408200029028 34.411943802892225, -76.32629249359711 33.046225507906435, -77.30321449924853 33.87812953217041, -76.18 35.26178626558164))"
38E,2022-11-03 19:55:00+00:00,2022-11-03 21:55:00+00:00,0.0,40000.0,"POLYGON ((-82.9698454404364 28.524515941007245, -80.22488237117453 27.444466560901983, -80.28 26.132737911472788, -82.30380527474698 26.058482039171153, -83.07808045824557 27.556506496066532, -82.9698454404364 28.524515941007245))"
33W,2022-11-03 19:55:00+00:00,2022-11-03 21:55:00+00:00,0.0,30000.0,"POLYGON ((-109.31977314084577 37.936691658143936, -108.47297415907329 36.612052756705, -111.28899209237493 32.86796090445456, -113.68928516224337 32.44837034874208, -114.23877116824897 34.30866643750501, -109.31977314084577 37.936691658143936))"
2C,2022-11-03 19:55:00+00:00,2022-11-03 21:55:00+00:00,0.0,30000.0,"POLYGON ((-104.66000000000001 39.52085812115822, -102.25118316317966 39.38865212174167, -104.8694312360229 35.125432174486996, -106.68441123081139 35.30705692706721, -104.66000000000001 39.52085812115822))"
40E,2022-11-03 20:55:00+00:00,2022-11-03 22:55:00+00:00,0.0,30000.0,"POLYGON ((-82.94683191026505 28.14502412492292, -82.41316808973497 28.14502412492292, -81.92270298345751 26.83733866428974, -82.33784439516555 26.528914736607334, -82.94683191026505 28.14502412492292))"
39E,2022-11-03 20:55:00+00:00,2022-11-03 22:55:00+00:00,0.0,32000.0,"POLYGON ((-76.18 34.92904835410885, -75.25408200029028 34.411943802892225, -77.11256866433175 32.810607855650346, -77.87 32.85267939837247, -76.18 34.92904835410885))"
34W,2022-11-03 20:55:00+00:00,2022-11-03 22:55:00+00:00,0.0,28000.0,"POLYGON ((-111.11174619957555 36.427305832042045, -109.10673479193935 35.91217312117958, -110.91 32.765475822945575, -113.12990807859433 33.80706227448634, -111.11174619957555 36.427305832042045))"
35W,2022-11-03 20:55:00+00:00,2022-11-03 22:55:00+00:00,0.0,30000.0,"POLYGON ((-108.79000000000002 39.78285469710447, -107.40760668744791 39.27287683923395, -108.75861891454387 36.959431665487074, -110.7 37.40800342405375, -108.79000000000002 39.78285469710447))"
LIMA 6,2022-11-03 21:50:00+00:00,2022-11-04 01:50:00+00:00,0.0,43000.0,"POLYGON ((-40 36.3, -40 31.15, -50.45 20.3, -58.45 33.3, -40 36.3))"
41E,2022-11-03 21:55:00+00:00,2022-11-03 23:55:00+00:00,0.0,34000.0,"POLYGON ((-76.18 34.92904835410885, -75.6537279468731 34.33002969055372, -77.11256866433175 32.810607855650346, -77.87 32.85267939837247, -76.18 34.92904835410885))"
36W,2022-11-03 21:55:00+00:00,2022-11-03 23:55:00+00:00,0.0,28000.0,"POLYGON ((-111.27 36.785475822945564, -108.67363403973721 36.26800915270825, -110.91 32.59910686720918, -112.48 34.03452417705443, -111.27 36.785475822945564))"
37W,2022-11-03 21:55:00+00:00,2022-11-03 23:55:00+00:00,0.0,32000.0,"POLYGON ((-106.89 39.72914187884178, -108.09 36.884570939420904, -111.0498529180099 37.75164709244559, -109.84277070823424 39.60537920013276, -106.89 39.72914187884178))"
3C,2022-11-03 22:55:00+00:00,2022-11-04 00:55:00+00:00,0.0,28000.0,"POLYGON ((-104.13996697858795 41.67885264775539, -104.66000000000001 39.310893132790824, -105.61115724129014 38.66609305846425, -105.72 40.840893132790825, -104.13996697858795 41.67885264775539))"
38W,2022-11-03 22:55:00+00:00,2022-11-04 00:55:00+00:00,0.0,28000.0,"POLYGON ((-108.10570444081783 40.262529686495235, -107.34141229978236 38.6848957408834, -108.47424690104945 36.8667160645541, -110.2473302148596 38.772053258281936, -108.10570444081783 40.262529686495235))"
4C,2022-11-03 22:55:00+00:00,2022-11-04 00:55:00+00:00,0.0,30000.0,"POLYGON ((-90.77870825560831 47.864775413130694, -88.32983803789162 46.71300872157083, -88.41495854906412 46.53202668219197, -90.86382876678081 47.68379337375183, -90.77870825560831 47.864775413130694))"
ALFA 3,2022-11-03 23:15:00+00:00,2022-11-04 03:15:00+00:00,0.0,38000.0,"POLYGON ((-72.45 35, -67.45 32.15, -72.15 27.15, -75 28, -75.45 33, -72.45 35))"
5C,2022-11-03 23:55:00+00:00,2022-11-04 01:55:00+00:00,0.0,27000.0,"POLYGON ((-104.13996697858795 41.67885264775539, -104.26055827927468 39.681981261567635, -105.41923039030883 39.21931203506277, -105.08162898780672 40.97429788449089, -104.13996697858795 41.67885264775539))"
39W,2022-11-03 23:55:00+00:00,2022-11-04 01:55:00+00:00,0.0,27000.0,"POLYGON ((-107.76183166438118 40.16615624390183, -107.28732124081768 39.31199020526102, -107.85020952890375 37.200874677498994, -109.94306680905612 39.00577822371747, -107.76183166438118 40.16615624390183))"
1C,2022-11-04 00:55:00+00:00,2022-11-04 02:55:00+00:00,0.0,34000.0,"POLYGON ((-98.0629665905156 42.65929420601324, -98.00734860345707 41.99431405679207, -101.69 39.72273791147279, -101.95521621783257 41.41380559352941, -98.0629665905156 42.65929420601324))"
BRAVO 1,2022-11-04 01:45:00+00:00,2022-11-04 05:45:00+00:00,0.0,41000.0,"POLYGON ((-50.3 34, -49.3 30.3, -54.45 28.15, -56.45 31.3, -50.3 34))"
LIMA 7,2022-11-04 01:50:00+00:00,2022-11-04 05:50:00+00:00,0.0,45000.0,"POLYGON ((-40 36.15, -40 29.45, -42 26, -49.45 22.45, -48.15 30.45, -43.3 36, -40 36.15))"
ALFA 4,2022-11-04 02:20:00+00:00,2022-11-04 06:20:00+00:00,0.0,39000.0,"POLYGON ((-74.3 34, -70.45 33.3, -69 27.45, -72.3 25, -76.45 27.15, -74.3 34))"
2C,2022-11-04 02:22:00+00:00,2022-11-04 03:55:00+00:00,0.0,35000.0,"POLYGON ((-97.10389865862581 43.41426038467135, -96.78 42.81815522131805, -100.75 40.550893132790826, -101.09088958545333 41.664319927645394, -97.10389865862581 43.41426038467135))"
4C,2022-11-04 02:22:00+00:00,2022-11-04 03:55:00+00:00,0.0,27000.0,"POLYGON ((-94.69797390789857 44.775869821668174, -93.71298215159578 43.75719645372574, -95.07571153752134 42.60731562959828, -96.49647155762065 43.85410456963727, -94.69797390789857 44.775869821668174))"
3C,2022-11-04 02:22:00+00:00,2022-11-04 03:55:00+00:00,0.0,28000.0,"POLYGON ((-105.35773681309506 40.029213633370986, -104.31169000983714 39.9201295470629, -105.82 37.92828375768359, -106.1960129813191 39.65924092070402, -105.35773681309506 40.029213633370986))"
5C,2022-11-04 02:22:00+00:00,2022-11-04 03:55:00+00:00,0.0,36000.0,"POLYGON ((-99.3151249067978 38.54081329839, -101.47089474699477 36.872971583400606, -102.01221911235264 37.9767493921094, -99.3151249067978 38.54081329839))"
8C,2022-11-04 02:55:00+00:00,2022-11-04 04:55:00+00:00,0.0,36000.0,"POLYGON ((-99.47663678912616 38.66935994796152, -99.18930544045402 38.4101242937226, -101.35576689834478 37.1667092916066, -101.51206247298504 38.17208297543746, -99.47663678912616 38.66935994796152))"
6C,2022-11-04 02:55:00+00:00,2022-11-04 04:55:00+00:00,0.0,25000.0,"POLYGON ((-93.603230090773 45.484247939578786, -92.12837490962816 44.37868213385438, -95.74 42.00184477868196, -97.62609187862887 43.392204869410456, -93.603230090773 45.484247939578786))"
7C,2022-11-04 02:55:00+00:00,2022-11-04 04:55:00+00:00,0.0,35000.0,"POLYGON ((-98.69 43.13547582294557, -97.56234153277589 42.464472852289234, -101.28256749776635 38.620761285792824, -102.57834095835419 39.96744072484128, -100.4065672071608 42.44191134138946, -98.69 43.13547582294557))"
9C,2022-11-04 03:55:00+00:00,2022-11-04 05:55:00+00:00,0.0,37000.0,"POLYGON ((-92.64800589269332 46.671791215313434, -90.11715312141445 45.43711182406513, -94.70854113881924 42.73657253225889, -96.51398394737532 44.11080770622415, -92.64800589269332 46.671791215313434))"
10C,2022-11-04 03:55:00+00:00,2022-11-04 05:55:00+00:00,0.0,36000.0,"POLYGON ((-97.41524715499072 43.457237689998514, -97.0084777869924 42.104224014909285, -103.01683329184915 38.81436827016613, -101.96510070978405 40.7772018336578, -97.41524715499072 43.457237689998514))"
11C,2022-11-04 03:55:00+00:00,2022-11-04 05:55:00+00:00,0.0,39000.0,"POLYGON ((-97.08791737386731 40.473315796292944, -96.49747854350487 39.66537844554604, -100.65974041658926 38.05354526438552, -101.34490028001638 39.27884007079633, -97.08791737386731 40.473315796292944))"
12C,2022-11-04 04:55:00+00:00,2022-11-04 06:55:00+00:00,0.0,37000.0,"POLYGON ((-92.47665036357643 46.33855008725631, -89.46 45.962737911472786, -93.68227139209547 43.7042826238575, -95.13 44.80273791147279, -92.47665036357643 46.33855008725631))"
13C,2022-11-04 04:55:00+00:00,2022-11-04 06:55:00+00:00,0.0,31000.0,"POLYGON ((-96.28936558357542 44.001876589313746, -95.97496268947664 43.05895483320172, -97.52741235995181 41.63174416760919, -99.01515956548297 41.378084860365036, -96.28936558357542 44.001876589313746))"
CHARLIE 1,2022-11-04 04:55:00+00:00,2022-11-04 08:55:00+00:00,0.0,48000.0,"POLYGON ((-63 17, -63 15.15, -63.15 15, -65 15, -68 16, -63 17))"
14C,2022-11-04 04:55:00+00:00,2022-11-04 06:55:00+00:00,0.0,40000.0,"POLYGON ((-97.62 39.65285469710447, -98.1362972974375 39.09483891790272, -100.44314420956908 38.85910679185866, -99.71126656264443 39.42482545689972, -97.62 39.65285469710447))"
BRAVO 2,2022-11-04 05:40:00+00:00,2022-11-04 09:40:00+00:00,0.0,40000.0,"POLYGON ((-53.3 34.15, -48.3 33.45, -49.15 29.15, -54 27.45, -55.3 29.15, -53.3 34.15))"
LIMA 8,2022-11-04 05:50:00+00:00,2022-11-04 09:50:00+00:00,0.0,45000.0,"POLYGON ((-40 36.15, -40 28.3, -41.15 25.15, -49.15 23, -47.15 31.45, -40 36.15))"
16C,2022-11-04 05:55:00+00:00,2022-11-04 07:55:00+00:00,0.0,34000.0,"POLYGON ((-95.4583785707971 44.234247101353894, -95.13 43.80452417705444, -96.84789503391721 41.98821452767679, -98.05682010427695 41.997687180093926, -95.4583785707971 44.234247101353894))"
17C,2022-11-04 05:55:00+00:00,2022-11-04 07:55:00+00:00,0.0,39000.0,"POLYGON ((-98.09723686822748 40.91860772677332, -96.81541269311323 40.38942541845226, -98.94892829220127 38.187771245522406, -99.95333443615495 37.66277740130122, -100.23000000000002 39.4263689557364, -98.09723686822748 40.91860772677332))"
15C,2022-11-04 05:55:00+00:00,2022-11-04 07:55:00+00:00,0.0,41000.0,"POLYGON ((-91.47091569341235 46.797685123248264, -89.46 45.962737911472786, -92.87437483427594 43.08909620289409, -93.90944408030335 45.33861769343268, -91.47091569341235 46.797685123248264))"
ALFA 5,2022-11-04 06:00:00+00:00,2022-11-04 10:00:00+00:00,0.0,42000.0,"POLYGON ((-74 33.45, -67.45 32, -67.15 24.15, -71 23.3, -76 25.45, -74 33.45))"
20C,2022-11-04 06:55:00+00:00,2022-11-04 08:55:00+00:00,0.0,39000.0,"POLYGON ((-97.07729852373971 42.31417238103907, -96.21 40.53273791147279, -100.17297382906494 36.57492411339965, -99.50096180902521 40.1948973195314, -97.07729852373971 42.31417238103907))"
18C,2022-11-04 06:55:00+00:00,2022-11-04 08:55:00+00:00,0.0,40000.0,"POLYGON ((-89.99269909718213 47.2463797629711, -88.99842448532945 46.397603755053915, -91.9318552926896 43.90906992230621, -92.2 45.968155221318035, -89.99269909718213 47.2463797629711))"
19C,2022-11-04 06:55:00+00:00,2022-11-04 08:55:00+00:00,0.0,33000.0,"POLYGON ((-95.87599912021057 39.968005954347, -95.74456974403935 39.81725344498398, -97.0403984919013 38.6875212456604, -97.17182786807251 38.838273755023415, -95.87599912021057 39.968005954347))"
22C,2022-11-04 07:55:00+00:00,2022-11-04 09:55:00+00:00,0.0,42000.0,"POLYGON ((-96.34199056312308 42.2443818494563, -95.42855976997964 40.934298475774966, -98.53648952788578 39.63227837167451, -98.03529570887618 41.61485342867908, -96.34199056312308 42.2443818494563))"
23C,2022-11-04 07:55:00+00:00,2022-11-04 09:55:00+00:00,0.0,43000.0,"POLYGON ((-97.62 39.92821373441836, -95.59981672197165 39.286838040909956, -99.30615022856105 36.52962951206631, -101.35090834952706 35.52493765759384, -97.62 39.92821373441836))"
21C,2022-11-04 07:55:00+00:00,2022-11-04 09:55:00+00:00,0.0,38000.0,"POLYGON ((-89.43 47.50452417705443, -87.86778457966163 47.11758007775863, -91.25687681390282 43.84613517585438, -90.98492143860588 46.793570104954014, -89.43 47.50452417705443))"
CHARLIE 2,2022-11-04 08:30:00+00:00,2022-11-04 12:30:00+00:00,0.0,45000.0,"POLYGON ((-63 18, -63 15.15, -63.15 15, -65 15, -68 16, -66.15 17.3, -63 18))"
25C,2022-11-04 08:55:00+00:00,2022-11-04 10:55:00+00:00,0.0,36000.0,"POLYGON ((-94.91845024204414 42.7992858034928, -94.26691465981435 41.629354886643505, -98.81188375670474 39.3059558370838, -97.0084777869924 42.104224014909285, -94.91845024204414 42.7992858034928))"
26C,2022-11-04 08:55:00+00:00,2022-11-04 10:55:00+00:00,0.0,41000.0,"POLYGON ((-96.21 40.69910686720918, -95.3374162276969 39.47947554553436, -101.2323543608393 35.28931617397746, -100.65350691199608 36.42475882591666, -96.21 40.69910686720918))"
24C,2022-11-04 08:55:00+00:00,2022-11-04 10:55:00+00:00,0.0,39000.0,"POLYGON ((-88.67115914421588 47.656349139177074, -87.4 47.21742563652537, -89.46 45.48542906057911, -89.46 46.78656751536715, -88.67115914421588 47.656349139177074))"
BRAVO 3,2022-11-04 09:30:00+00:00,2022-11-04 13:30:00+00:00,0.0,43000.0,"POLYGON ((-53.15 33.45, -47 33.3, -47.45 29.45, -50.15 27.45, -56 28.3, -53.15 33.45))"
LIMA 9,2022-11-04 09:40:00+00:00,2022-11-04 13:40:00+00:00,0.0,45000.0,"POLYGON ((-40 34.15, -40 28.3, -41 26.15, -47.15 28, -45.3 32, -40 34.15))"
ALFA 6,2022-11-04 09:45:00+00:00,2022-11-04 13:45:00+00:00,0.0,45000.0,"POLYGON ((-73.45 33.45, -67 30, -66.3 23, -71.15 21.45, -74 23.15, -73.45 33.45))"
28C,2022-11-04 09:55:00+00:00,2022-11-04 11:55:00+00:00,0.0,36000.0,"POLYGON ((-94.7279563901511 43.37769669490784, -93.15650742667654 42.78245880625014, -93.90661383007891 41.90083067810062, -98.03371825682873 39.69779818122586, -94.7279563901511 43.37769669490784))"
27C,2022-11-04 09:55:00+00:00,2022-11-04 11:55:00+00:00,0.0,39000.0,"POLYGON ((-88.05868693035151 47.42406943785064, -86.93221542033838 47.11758007775863, -88.12305990389521 46.34772125416716, -89.46 46.12910686720918, -88.05868693035151 47.42406943785064))"
29C,2022-11-04 09:55:00+00:00,2022-11-04 11:55:00+00:00,0.0,45000.0,"POLYGON ((-95.56271460845785 41.11453911588707, -94.74 39.72371281826268, -100.29 34.80371281826268, -101.13648560145174 35.697866875784605, -97.97899206383806 39.59728348960437, -95.56271460845785 41.11453911588707))"
30C,2022-11-04 09:55:00+00:00,2022-11-04 11:55:00+00:00,0.0,41000.0,"POLYGON ((-101.0165832381627 34.20561736999157, -100.85453973204793 34.08839151053202, -101.56461539385536 33.106840593554125, -101.72665889997013 33.22406645301368, -101.0165832381627 34.20561736999157))"
31C,2022-11-04 10:55:00+00:00,2022-11-04 12:55:00+00:00,0.0,35000.0,"POLYGON ((-93.33 43.92184477868197, -91.47 43.91, -93.33 42.25815522131805, -95.96101156493489 41.16978877008948, -93.33 43.92184477868197))"
32C,2022-11-04 10:55:00+00:00,2022-11-04 12:55:00+00:00,0.0,42000.0,"POLYGON ((-93.65 41.44, -94.40802657896914 39.90435025851825, -100.29 35.20184477868196, -100.39377240165999 36.847605391390196, -96.35077718104719 40.97738419824659, -93.65 41.44))"
33C,2022-11-04 10:55:00+00:00,2022-11-04 12:55:00+00:00,0.0,44000.0,"POLYGON ((-100.69683719818643 34.53633455064004, -100.53128979124368 34.42411130859754, -101.33804645001125 33.23401493941405, -101.503593856954 33.346238181456556, -100.69683719818643 34.53633455064004))"
CHARLIE 3,2022-11-04 11:30:00+00:00,2022-11-04 15:30:00+00:00,0.0,45000.0,"POLYGON ((-63 20.45, -63 15.15, -63.15 15, -65 15, -67.15 15.45, -66 19.45, -63 20.45))"
SIERRA 1,2022-11-04 11:44:00+00:00,2022-11-04 15:40:00+00:00,0.0,57000.0,"POLYGON ((144 12.3, 144.45 14.15, 147.15 14.15, 145.45 12.3, 144 12.3))"
34C,2022-11-04 11:55:00+00:00,2022-11-04 13:55:00+00:00,0.0,35000.0,"POLYGON ((-91.96279912051827 44.26186701468672, -91.29416057166773 43.60245499628869, -92.8994751857398 42.32066250408852, -93.41696290220658 42.93626215142394, -91.96279912051827 44.26186701468672))"
35C,2022-11-04 11:55:00+00:00,2022-11-04 13:55:00+00:00,0.0,44000.0,"POLYGON ((-93.56486961876301 41.59367353777361, -93.36603454183606 40.71562525997064, -99.4886480282956 35.570835321443745, -100.137284693287 37.447946985839714, -95.74 41.17, -93.56486961876301 41.59367353777361))"
36C,2022-11-04 11:55:00+00:00,2022-11-04 13:55:00+00:00,0.0,37000.0,"POLYGON ((-100.1007506433443 34.96317730262576, -99.93957524057868 34.84476070943315, -101.02927303854706 33.36158612430816, -101.19044844131268 33.48000271750077, -100.1007506433443 34.96317730262576))"
38C,2022-11-04 12:55:00+00:00,2022-11-04 14:55:00+00:00,0.0,45000.0,"POLYGON ((-92.70055200234884 42.89727179389724, -91.61 41.52, -99.39259800037578 33.98739430056722, -100.69475799213349 35.60466129276366, -96.36964182850062 41.63885506453588, -92.70055200234884 42.89727179389724))"
37C,2022-11-04 12:55:00+00:00,2022-11-04 14:55:00+00:00,0.0,37000.0,"POLYGON ((-90.18432983950531 45.11656170686517, -89.20561978068615 43.71463773064988, -90.71 42.4, -91.80095761267636 42.72679388210578, -92.59577519351932 43.30895784757072, -90.18432983950531 45.11656170686517))"
BRAVO 4,2022-11-04 13:30:00+00:00,2022-11-04 17:30:00+00:00,0.0,47000.0,"POLYGON ((-49.3 34, -40 30.45, -40 25.45, -51.15 29.15, -53 31.45, -49.3 34))"
ALFA 7,2022-11-04 13:45:00+00:00,2022-11-04 17:45:00+00:00,0.0,45000.0,"POLYGON ((-71.3 32.3, -66 28.15, -65.45 23.45, -72.15 21.45, -75.15 26, -71.3 32.3))"
39C,2022-11-04 13:55:00+00:00,2022-11-04 15:55:00+00:00,0.0,37000.0,"POLYGON ((-89.64109778425063 45.32244665531013, -88.19 44.56, -89.27589307799182 43.19605311331964, -90.4042265182389 43.077620086045435, -91.14211932601057 44.14481368011265, -89.64109778425063 45.32244665531013))"
41C,2022-11-04 13:55:00+00:00,2022-11-04 15:55:00+00:00,0.0,40000.0,"POLYGON ((-91.51407346038582 42.98540958144765, -88.73049320582722 42.24168069927437, -89.59 40.82726208852721, -93.31346268357284 40.824687516519965, -93.30702509057376 42.05431298282869, -91.51407346038582 42.98540958144765))"
40C,2022-11-04 13:55:00+00:00,2022-11-04 15:55:00+00:00,0.0,45000.0,"POLYGON ((-94.18587968288169 41.60473318171505, -93.45989486242229 39.8501142021697, -98.8586000576213 34.52397320083708, -100.15663555744669 36.87394661293221, -96.8922601005477 41.164258187298785, -94.18587968288169 41.60473318171505))"
SIERRA 2,2022-11-04 14:54:00+00:00,2022-11-04 18:50:00+00:00,0.0,59000.0,"POLYGON ((143.45 14.45, 147 15, 146.3 12.3, 143.3 12.3, 143.45 14.45))"
44C,2022-11-04 14:55:00+00:00,2022-11-04 16:55:00+00:00,0.0,43000.0,"POLYGON ((-89.49846556142643 43.088585883258176, -87.91004142033286 41.42193787065022, -89.87166285697703 39.32898979095147, -92.23395187878444 41.04774434142146, -92.28311731705419 42.7668798752431, -89.49846556142643 43.088585883258176))"
42C,2022-11-04 14:55:00+00:00,2022-11-04 16:55:00+00:00,0.0,30000.0,"POLYGON ((-88.28655644606111 46.09189651976792, -87.32334839228129 44.81139906535674, -88.6823316384903 44.206016450992074, -89.90908855105174 44.86058773118486, -88.28655644606111 46.09189651976792))"
43C,2022-11-04 14:55:00+00:00,2022-11-04 16:55:00+00:00,0.0,45000.0,"POLYGON ((-92.9627506093677 41.94909978765986, -92.59 40.13, -98.8586000576213 34.52397320083708, -99.62551341951121 36.54418468651547, -96.12410664619915 41.16936198513087, -92.9627506093677 41.94909978765986))"
CHARLIE 4,2022-11-04 15:30:00+00:00,2022-11-04 19:30:00+00:00,,,"POLYGON ((-67.45 21.15, -63 19.45, -63 16, -68 18, -68 19, -69 19.45, -67.45 21.15))"
45C,2022-11-04 15:55:00+00:00,2022-11-04 17:55:00+00:00,0.0,26000.0,"POLYGON ((-86.89198601082424 45.99594827400767, -86.85529234855152 45.04459804000307, -88.19 44.56, -88.50839856540391 45.626049581068806, -86.89198601082424 45.99594827400767))"
46C,2022-11-04 15:55:00+00:00,2022-11-04 17:55:00+00:00,0.0,42000.0,"POLYGON ((-92.28311731705419 42.7668798752431, -91.44073565600988 41.21246582752687, -99.9078178367905 33.6008801899579, -99.43987105413771 36.69211636156085, -95.2686221611597 41.521963919710615, -92.28311731705419 42.7668798752431))"
47C,2022-11-04 15:55:00+00:00,2022-11-04 17:55:00+00:00,0.0,41000.0,"POLYGON ((-89.20445783865354 44.555509896803734, -86.48456804983549 44.38955264381022, -86.85586344856753 41.60277843542272, -89.03383799106004 39.795195315426405, -91.80095761267636 42.72679388210578, -89.20445783865354 44.555509896803734))"
48C,2022-11-04 16:55:00+00:00,2022-11-04 18:55:00+00:00,0.0,43000.0,"POLYGON ((-91.47 43.24452417705442, -90.36847128643903 41.78467071166242, -100.08526663885834 32.018684600308326, -100.56187223484297 33.06625800447078, -96.66967193563234 39.84616659060083, -91.47 43.24452417705442))"
50C,2022-11-04 16:55:00+00:00,2022-11-04 18:55:00+00:00,0.0,40000.0,"POLYGON ((-96.88469692968405 34.44495122397023, -96.05988515987679 33.822993582994904, -96.64384009575042 32.869375680218205, -97.59730707891978 32.39820072692072, -97.46187526428372 33.2222144348305, -96.88469692968405 34.44495122397023))"
49C,2022-11-04 16:55:00+00:00,2022-11-04 18:55:00+00:00,0.0,40000.0,"POLYGON ((-88.59580067133216 44.559281552199224, -86.48456804983549 44.38955264381022, -86.8647925305505 41.359800079164295, -89.59 40.58171624231642, -90.12924941535616 43.66005633675566, -88.59580067133216 44.559281552199224))"
BRAVO 5,2022-11-04 17:30:00+00:00,2022-11-04 21:30:00+00:00,0.0,47000.0,"POLYGON ((-49 34.45, -42.3 29.45, -46 26.45, -52.15 33, -49 34.45))"
ALFA 8,2022-11-04 17:45:00+00:00,2022-11-04 21:45:00+00:00,0.0,43000.0,"POLYGON ((-70 30, -65.45 25.3, -68.45 22.3, -73.3 20.3, -75.3 25.3, -70 30))"
53C,2022-11-04 17:55:00+00:00,2022-11-04 19:55:00+00:00,0.0,45000.0,"POLYGON ((-96.10313914099379 35.58477150503226, -94.84714460700164 34.52810126957505, -96.12827208388839 32.54835770245518, -97.59730707891978 32.39820072692072, -97.88544553354366 33.39978538573632, -96.10313914099379 35.58477150503226))"
51C,2022-11-04 17:55:00+00:00,2022-11-04 19:55:00+00:00,0.0,43000.0,"POLYGON ((-90.61186723044263 43.801512627072945, -89.88081116211876 42.142338425455, -100.08947320889159 31.49682920279749, -100.56187223484297 33.06625800447078, -95.74 41.66910686720917, -90.61186723044263 43.801512627072945))"
52C,2022-11-04 17:55:00+00:00,2022-11-04 19:55:00+00:00,0.0,45000.0,"POLYGON ((-88.00236484227393 44.61517139780625, -85.83648029682735 44.4651869076861, -86.46898027857797 42.037036268843885, -89.37088185810539 40.75909327891075, -89.91199540969258 43.28276678084267, -88.00236484227393 44.61517139780625))"
SIERRA 3,2022-11-04 18:24:00+00:00,2022-11-04 22:15:00+00:00,0.0,59000.0,"POLYGON ((142.45 15.15, 147 15.3, 145.3 12, 142.3 12, 142.45 15.15))"
55C,2022-11-04 18:55:00+00:00,2022-11-04 20:55:00+00:00,0.0,45000.0,"POLYGON ((-86.71960838364679 44.66403103341253, -84.93158221731998 43.781514836833544, -86.63662608166348 42.00484750987117, -89.14804716639662 41.15915538376166, -89.12176860580935 43.73922838156718, -86.71960838364679 44.66403103341253))"
57C,2022-11-04 18:55:00+00:00,2022-11-04 20:55:00+00:00,0.0,25000.0,"POLYGON ((-101.11760838223219 37.157549252929094, -100.6761507340923 36.80435599287263, -101.33034072075577 34.67478494407264, -102.09169693464729 34.752387628457825, -101.7376563317835 36.78285730826943, -101.11760838223219 37.157549252929094))"
54C,2022-11-04 18:55:00+00:00,2022-11-04 20:55:00+00:00,0.0,44000.0,"POLYGON ((-89.12281672793307 44.279567249255514, -89.59 42.02742563652535, -100.13676573397466 31.48026928987196, -100.46938313466951 32.989668983335854, -95.74 41.17, -89.12281672793307 44.279567249255514))"
56C,2022-11-04 18:55:00+00:00,2022-11-04 20:55:00+00:00,0.0,45000.0,"POLYGON ((-94.61581427427365 36.08300146479337, -94.644767138232 35.08273931479666, -97.27 31.94914187884179, -97.83264566211085 32.590874593384925, -96.06238677840904 35.66542611305917, -94.61581427427365 36.08300146479337))"
CHARLIE 5,2022-11-04 19:30:00+00:00,2022-11-04 23:30:00+00:00,,,"POLYGON ((-56.45 22.45, -58.45 19, -68 16.45, -68 19, -70 20.15, -67.45 22.3, -56.45 22.45))"
58C,2022-11-04 19:55:00+00:00,2022-11-04 21:55:00+00:00,0.0,44000.0,"POLYGON ((-91.3520424726005 42.868779337776765, -91.27305591122197 40.904686134849726, -99.13324003092005 32.223244372259146, -99.15524146576765 35.74960267118773, -96.45838212379537 39.7386190093792, -91.3520424726005 42.868779337776765))"
59C,2022-11-04 19:55:00+00:00,2022-11-04 21:55:00+00:00,0.0,45000.0,"POLYGON ((-89.12393936878233 44.55619440730848, -85.90434891747591 44.054628881073576, -87.5846129824462 41.75428620869469, -91.27305591122197 40.904686134849726, -91.3520424726005 42.868779337776765, -89.12393936878233 44.55619440730848))"
60C,2022-11-04 19:55:00+00:00,2022-11-04 21:55:00+00:00,0.0,45000.0,"POLYGON ((-94.35825256352085 36.710878941177, -94.41409371323955 35.272273795047624, -97.27 30.994524177054426, -98.35792696959226 32.03738773806416, -96.10313914099379 35.58477150503226, -94.35825256352085 36.710878941177))"
1E,2022-11-04 20:55:00+00:00,2022-11-04 22:55:00+00:00,0.0,42000.0,"POLYGON ((-84.75688814729885 46.53646435777024, -82.36672524128886 43.87427940158966, -87.422523094076 42.341935810877445, -90.08367121382138 42.58929839309457, -90.82107507811406 44.427532811382356, -84.75688814729885 46.53646435777024))"
61C,2022-11-04 20:55:00+00:00,2022-11-04 22:55:00+00:00,0.0,40000.0,"POLYGON ((-90.61295178592562 44.16147259634377, -89.75992791845204 41.46728521560334, -95.43821464501731 36.698646392483575, -98.03037535567614 32.86609813104934, -98.36024603752918 38.00209877479093, -90.61295178592562 44.16147259634377))"
62C,2022-11-04 20:55:00+00:00,2022-11-04 22:55:00+00:00,0.0,45000.0,"POLYGON ((-95.55190228076735 36.66087937318012, -93.29482275630536 36.24716639307991, -97.25792428445975 30.144436908809244, -98.31457795581821 32.417864553494894, -95.55190228076735 36.66087937318012))"
DELTA 1,2022-11-04 21:00:00+00:00,2022-11-05 01:00:00+00:00,30000.0,36000.0,"POLYGON ((173 48.15, 171.3 41.15, 165 40, 165 43, 163 46, 173 48.15))"
ALFA 9,2022-11-04 21:25:00+00:00,2022-11-05 01:25:00+00:00,0.0,43000.0,"POLYGON ((-72.3 29.45, -64.15 26.15, -69.3 21.45, -72.3 24.45, -72.3 29.45))"
BRAVO 6,2022-11-04 21:30:00+00:00,2022-11-05 01:30:00+00:00,0.0,45000.0,"POLYGON ((-51.3 33.45, -45.15 32.45, -41.3 25, -47.3 27.3, -52 31.3, -51.3 33.45))"
CHARLIE 6,2022-11-04 21:40:00+00:00,2022-11-05 01:40:00+00:00,,,"POLYGON ((-67 22, -61.15 21.45, -62.15 18.15, -67.15 18.45, -69.15 19.45, -67 22))"
2E,2022-11-04 21:55:00+00:00,2022-11-04 23:55:00+00:00,0.0,42000.0,"POLYGON ((-85.03385482489607 46.40771647121658, -82.84625809298251 45.37095295221505, -82.31931268156929 44.126647723900504, -87.15716509640423 42.78358170104823, -87.32334839228129 44.81139906535674, -85.03385482489607 46.40771647121658))"
63C,2022-11-04 21:55:00+00:00,2022-11-04 23:55:00+00:00,0.0,39000.0,"POLYGON ((-87.76485496326784 45.73459580440702, -88.95339040020131 42.01883198294152, -94.49 37.43815522131804, -97.6 35.566368955736394, -96.45838212379537 39.7386190093792, -87.76485496326784 45.73459580440702))"
64C,2022-11-04 21:55:00+00:00,2022-11-04 23:55:00+00:00,0.0,45000.0,"POLYGON ((-94.10613633572451 37.61213474549222, -92.28348455912015 37.355390086376346, -96.45680641239944 30.757615333493394, -97.81062342931119 31.467860282199958, -97.6 35.566368955736394, -94.10613633572451 37.61213474549222))"
3E,2022-11-04 22:55:00+00:00,2022-11-05 00:55:00+00:00,0.0,35000.0,"POLYGON ((-85.03385482489607 46.40771647121658, -82.84625809298251 45.37095295221505, -82.31931268156929 44.126647723900504, -86.21547473243919 43.47727608896772, -87.21655648450958 46.04244301229528, -85.03385482489607 46.40771647121658))"
65C,2022-11-04 22:55:00+00:00,2022-11-05 00:55:00+00:00,0.0,37000.0,"POLYGON ((-88.19 45.05910686720918, -87.79926700777811 42.76606835496223, -93.33 38.025475822945566, -97.17 34.87547582294557, -95.60458730688676 40.38942541845226, -88.19 45.05910686720918))"
66C,2022-11-04 22:55:00+00:00,2022-11-05 00:55:00+00:00,0.0,45000.0,"POLYGON ((-92.9686807736934 38.21939860491814, -92.5591128840923 37.10282846638978, -95.35 30.62547582294557, -98.24453399394872 30.632722857940212, -96.50192533890073 35.436075154871695, -92.9686807736934 38.21939860491814))"
BRAVO 7,2022-11-04 23:35:00+00:00,2022-11-05 03:35:00+00:00,0.0,43000.0,"POLYGON ((-47.15 34, -44.3 31, -48.3 29.3, -52.45 32.45, -47.15 34))"
4E,2022-11-04 23:55:00+00:00,2022-11-05 01:55:00+00:00,0.0,30000.0,"POLYGON ((-84.21792097729897 46.25625810459913, -82.84625809298251 45.37095295221505, -82.45782097768982 44.44620899295109, -84.76839440130362 43.52793495422814, -85.3206313272914 45.6996651051366, -84.21792097729897 46.25625810459913))"
68C,2022-11-04 23:55:00+00:00,2022-11-05 01:55:00+00:00,0.0,45000.0,"POLYGON ((-92.67068110447975 38.456210444882, -91.98440295104083 36.906692926872545, -94.64571956392722 31.006273804240948, -98.53314014892877 29.486275061855657, -95.97405940430617 37.412153045848186, -92.67068110447975 38.456210444882))"
67C,2022-11-04 23:55:00+00:00,2022-11-05 01:55:00+00:00,0.0,34000.0,"POLYGON ((-87.03514503673219 45.73459580440702, -86.88650195861256 43.421554361752456, -92.67068110447975 38.456210444882, -95.64491916119842 37.51209190571716, -94.31577410463309 41.43808081345296, -87.03514503673219 45.73459580440702))"
2C,2022-11-05 00:55:00+00:00,2022-11-05 02:55:00+00:00,0.0,45000.0,"POLYGON ((-91.70457868076973 38.9748437815824, -93.26436064212679 30.084584806152826, -98.71327927040986 29.105494893387814, -93.98078911594294 38.10292380431452, -91.70457868076973 38.9748437815824))"
1C,2022-11-05 00:55:00+00:00,2022-11-05 02:55:00+00:00,0.0,32000.0,"POLYGON ((-91.47 43.62085812115821, -90.55008739332091 41.15601395753132, -91.70457868076973 38.9748437815824, -95.53470160385379 37.04887929201473, -95.02814073580899 39.82391081428245, -91.47 43.62085812115821))"
ECHO 1,2022-11-05 01:00:00+00:00,2022-11-05 05:00:00+00:00,24000.0,34000.0,"POLYGON ((-154.802729231021 51.46872059675654, -173.952729231021 43.46872059675654, -174.647270768979 45.131279403243454, -155.497270768979 53.131279403243454, -154.802729231021 51.46872059675654))"
CHARLIE 7,2022-11-05 01:20:00+00:00,2022-11-05 05:20:00+00:00,,,"POLYGON ((-69.15 29.15, -61.15 21.3, -62.15 19, -67 18.3, -72.15 21.15, -71.45 27.45, -69.15 29.15))"
4C,2022-11-05 01:55:00+00:00,2022-11-05 03:55:00+00:00,0.0,45000.0,"POLYGON ((-91.03286830212875 39.3886222815668, -91.96166358863567 31.067878012929807, -98.46 28.97452417705443, -93.65305814326457 37.974381778266675, -91.03286830212875 39.3886222815668))"
3C,2022-11-05 01:55:00+00:00,2022-11-05 03:55:00+00:00,0.0,39000.0,"POLYGON ((-89.76 44.215475822945564, -89.59 41.82547582294556, -94.81491821429661 37.032043322811624, -94.89225598500029 39.40754155310549, -93.22024569146909 42.20773023231256, -89.76 44.215475822945564))"
5C,2022-11-05 02:55:00+00:00,2022-11-05 04:55:00+00:00,0.0,29000.0,"POLYGON ((-89.35739558174292 44.554053908387274, -89.144766281776 41.801726601376885, -94.49 38.6027379114728, -92.49161448768545 42.832265369960744, -89.35739558174292 44.554053908387274))"
7C,2022-11-05 02:55:00+00:00,2022-11-05 04:55:00+00:00,0.0,45000.0,"POLYGON ((-93.54681645824778 36.439634020808136, -90.95 36.4427379114728, -92.81366308186142 30.754486775385548, -98.16876115196087 29.02486242619867, -93.54681645824778 36.439634020808136))"
6C,2022-11-05 02:55:00+00:00,2022-11-05 04:55:00+00:00,0.0,34000.0,"POLYGON ((-90.23110472444583 40.17723815414907, -90.95 36.39914187884179, -93.62207506388519 36.41494381466042, -92.24118672967067 40.01882650389506, -90.23110472444583 40.17723815414907))"
BRAVO 8,2022-11-05 03:25:00+00:00,2022-11-05 07:25:00+00:00,0.0,43000.0,"POLYGON ((-46.15 34.45, -43.3 31, -46.3 30, -51.15 31, -53.3 33.45, -46.15 34.45))"
8C,2022-11-05 03:55:00+00:00,2022-11-05 05:55:00+00:00,0.0,45000.0,"POLYGON ((-89.15004925764562 40.27390508621286, -92.63519206600253 30.54805414840389, -98.3495813800069 28.22896202010349, -92.02275439626085 40.12861624469807, -89.15004925764562 40.27390508621286))"
TANGO 1,2022-11-05 04:15:00+00:00,2022-11-05 08:10:00+00:00,0.0,52000.0,"POLYGON ((-178.3 6.15, -167.3 11, -146.45 10.3, -146.3 6, -168.3 5.15, -178.15 2.3, -178.3 6.15))"
10C,2022-11-05 04:55:00+00:00,2022-11-05 06:55:00+00:00,0.0,33000.0,"POLYGON ((-91.07376237268892 39.04949877690833, -90.15574397829279 38.24473038299266, -90.538140537513 36.10929520613403, -92.64979561008604 35.601331230795736, -91.07376237268892 39.04949877690833))"
9C,2022-11-05 04:55:00+00:00,2022-11-05 06:55:00+00:00,0.0,45000.0,"POLYGON ((-90.538140537513 36.10929520613403, -93.49475512420265 30.139439034548282, -98.10921892872766 28.486585306557085, -92.64979561008604 35.601331230795736, -90.538140537513 36.10929520613403))"
ECHO 2,2022-11-05 04:59:00+00:00,2022-11-05 08:59:00+00:00,24000.0,36000.0,"POLYGON ((-152.45 54.45, -153.45 50.45, -170.3 46, -175.3 37, -177.45 39.3, -173.15 50.15, -152.45 54.45))"
CHARLIE 8,2022-11-05 05:14:00+00:00,2022-11-05 09:14:00+00:00,,,"POLYGON ((-70.3 30, -55.3 23.15, -62.3 18, -68 19, -71.45 21.15, -73.3 20.15, -70.3 30))"
UNIFORM 1,2022-11-05 05:54:00+00:00,2022-11-05 09:50:00+00:00,,,"POLYGON ((175 19.45, 176.15 17.3, -175.3 20.15, -169.3 27.45, -175.45 27.45, 179.3 21.3, 175 19.45))"
11C,2022-11-05 05:55:00+00:00,2022-11-05 07:55:00+00:00,0.0,45000.0,"POLYGON ((-89.83193315913948 36.900803767097244, -92.35152330706201 30.952504891110653, -94.54100709987355 29.251685506579413, -97.84064902514227 28.252342220654576, -91.71348640191444 36.36224755172515, -89.83193315913948 36.900803767097244))"
12C,2022-11-05 05:55:00+00:00,2022-11-05 07:55:00+00:00,0.0,33000.0,"POLYGON ((-90.33848014495126 39.846194296047734, -89.38863878685184 39.329889105175454, -89.88362809114045 37.00166093449606, -91.6131724364772 36.32947421129509, -90.33848014495126 39.846194296047734))"
13C,2022-11-05 06:55:00+00:00,2022-11-05 08:55:00+00:00,0.0,45000.0,"POLYGON ((-89.32 37.01821373441836, -91.66565222728326 31.75092049553061, -94.27384345220017 29.0145032395411, -97.29550783166961 28.20733436218424, -91.18781996206134 36.57088014937359, -89.32 37.01821373441836))"
14C,2022-11-05 06:55:00+00:00,2022-11-05 08:55:00+00:00,0.0,32000.0,"POLYGON ((-89.80001556926068 39.73620912368423, -88.86000000000001 39.16171624231642, -89.32 36.88742563652537, -91.15649950413919 36.510521565029414, -89.80001556926068 39.73620912368423))"
VICTOR 1,2022-11-05 07:08:00+00:00,2022-11-05 11:05:00+00:00,0.0,42000.0,"POLYGON ((-166 27.15, -162.3 29.45, -157 25.45, -161 22.45, -166 27.15))"
BRAVO 9,2022-11-05 07:22:00+00:00,2022-11-05 11:22:00+00:00,0.0,37000.0,"POLYGON ((-45.15 36.15, -43.15 31.15, -44.3 30, -52.3 32, -53.45 34.3, -45.15 36.15))"
TANGO 2,2022-11-05 07:44:00+00:00,2022-11-05 11:45:00+00:00,0.0,53000.0,"POLYGON ((-178.3 6.15, -167.3 11, -146.45 10.3, -146.3 6, -168.3 5.15, -178.15 2.3, -178.3 6.15))"
16C,2022-11-05 07:55:00+00:00,2022-11-05 09:55:00+00:00,0.0,32000.0,"POLYGON ((-88.86000000000001 40.405475822945576, -88.04374864468373 39.232630007132194, -88.9225206448524 36.78787103439686, -90.95 36.4427379114728, -88.86000000000001 40.405475822945576))"
17C,2022-11-05 07:55:00+00:00,2022-11-05 09:55:00+00:00,0.0,39000.0,"POLYGON ((-94.64217123126268 29.703441750288487, -95.61037601665682 28.503532253018168, -98.30704593054054 27.57895533621855, -96.8369632215839 28.949977610162957, -94.64217123126268 29.703441750288487))"
15C,2022-11-05 07:55:00+00:00,2022-11-05 09:55:00+00:00,0.0,45000.0,"POLYGON ((-88.9225206448524 36.78787103439686, -91.0073077572899 32.10841313743647, -94.91416845680416 28.243499346776428, -94.64217123126268 29.703441750288487, -90.95 36.4427379114728, -88.9225206448524 36.78787103439686))"
WHISKEY 1,2022-11-05 08:52:00+00:00,2022-11-05 12:50:00+00:00,0.0,52000.0,"POLYGON ((148 6, 152 8.15, 154.3 4, 158.45 3, 158 1.3, 149 3.15, 148 6))"
20C,2022-11-05 08:55:00+00:00,2022-11-05 10:55:00+00:00,0.0,40000.0,"POLYGON ((-94.64217123126268 29.703441750288487, -94.91416845680416 28.243499346776428, -97.224792045639 27.43871838206908, -96.66109485884004 28.8868795036864, -94.64217123126268 29.703441750288487))"
18C,2022-11-05 08:55:00+00:00,2022-11-05 10:55:00+00:00,0.0,45000.0,"POLYGON ((-88.93931042108804 36.14673210533679, -90.67459149857919 31.65225625372726, -94.91416845680416 28.243499346776428, -94.64217123126268 29.703441750288487, -90.95 36.11, -88.93931042108804 36.14673210533679))"
19C,2022-11-05 08:55:00+00:00,2022-11-05 10:55:00+00:00,0.0,34000.0,"POLYGON ((-87.98290294841648 40.93468561586149, -87.25 39.98910686720918, -88.93931042108804 36.14673210533679, -90.95 36.11, -87.98290294841648 40.93468561586149))"
ECHO 3,2022-11-05 08:59:00+00:00,2022-11-05 12:59:00+00:00,24000.0,36000.0,"POLYGON ((-153.15 54.3, -153.45 50.45, -170.3 46, -174.45 43, -177.15 43.45, -173.15 50.15, -153.15 54.3))"
CHARLIE 9,2022-11-05 09:02:00+00:00,2022-11-05 13:02:00+00:00,,,"POLYGON ((-71 29.15, -55.3 23.15, -62.3 18, -68 19, -71.45 21.15, -73.3 20.15, -71 29.15))"
UNIFORM 2,2022-11-05 09:18:00+00:00,2022-11-05 13:15:00+00:00,,,"POLYGON ((175.3 18.45, 176.15 17, -172 20.45, -167.45 28.15, -173.45 28.3, -178.15 22.15, 175.3 18.45))"
VICTOR 2,2022-11-05 09:20:00+00:00,2022-11-05 13:15:00+00:00,0.0,42000.0,"POLYGON ((-164 27.45, -161.3 29.3, -157.3 26.15, -160.45 23.15, -164 27.45))"
22C,2022-11-05 09:55:00+00:00,2022-11-05 11:55:00+00:00,0.0,33000.0,"POLYGON ((-86.9364176364549 41.57734979323077, -86.5869348476267 39.95487784722889, -88.96429174333059 35.01576881035552, -90.54173865027033 34.82770495736234, -86.9364176364549 41.57734979323077))"
21C,2022-11-05 09:55:00+00:00,2022-11-05 11:55:00+00:00,0.0,41000.0,"POLYGON ((-88.96429174333059 35.01576881035552, -90.0353630458397 31.76091924142813, -93.97750880328364 28.292691090479412, -97.44 27.40089313279082, -90.54173865027033 34.82770495736234, -88.96429174333059 35.01576881035552))"
24C,2022-11-05 10:55:00+00:00,2022-11-05 12:55:00+00:00,,,"POLYGON ((-86.41400831019436 39.677200974948434, -86.94417467391638 39.25277901437987, -89.91657440575081 32.493950073927756, -90.40585401381043 32.53643549222531, -86.41400831019436 39.677200974948434))"
23C,2022-11-05 10:55:00+00:00,2022-11-05 12:55:00+00:00,0.0,45000.0,"POLYGON ((-91.01373541497497 32.745037359051025, -89.55252948496737 32.6198164596576, -90.26 31.3, -95.90024978959222 25.91248758424627, -95.95976057971579 28.63221525758191, -91.01373541497497 32.745037359051025))"
BRAVO 10,2022-11-05 11:00:00+00:00,2022-11-05 15:00:00+00:00,0.0,37000.0,"POLYGON ((-45.15 36.15, -42.15 30.15, -43.45 29.15, -53 32, -53.45 34.3, -45.15 36.15))"
TANGO 3,2022-11-05 11:05:00+00:00,2022-11-05 15:00:00+00:00,0.0,53000.0,"POLYGON ((179 8.3, -179.3 3.3, -168.15 5.45, -145.3 6, -145.3 10.3, -168.15 11.45, 179 8.3))"
WHISKEY 2,2022-11-05 11:43:00+00:00,2022-11-05 15:45:00+00:00,0.0,52000.0,"POLYGON ((148 6, 152 8.15, 154.3 4, 158.45 3, 158 1.3, 149 3.15, 148 6))"
25C,2022-11-05 11:55:00+00:00,2022-11-05 13:55:00+00:00,0.0,42000.0,"POLYGON ((-91.01373541497497 32.745037359051025, -89.07932756945114 32.61497343257922, -89.721436937724 31.107876246599915, -95.31592195356453 26.66934544294576, -96.7780168239361 27.310217183571183, -91.01373541497497 32.745037359051025))"
26C,2022-11-05 11:55:00+00:00,2022-11-05 13:55:00+00:00,0.0,32000.0,"POLYGON ((-87.67653795566102 36.4678283683787, -88.3100571187045 33.890538035240816, -89.04264627233411 32.58422190099448, -90.89365027823364 32.7041378292083, -88.96251190169777 36.0194695471484, -87.67653795566102 36.4678283683787))"
VICTOR 3,2022-11-05 12:20:00+00:00,2022-11-05 16:15:00+00:00,0.0,42000.0,"POLYGON ((-163.45 29, -159.3 28.3, -159.3 25.15, -162 24.3, -163.45 29))"
UNIFORM 3,2022-11-05 12:23:00+00:00,2022-11-05 16:20:00+00:00,,,"POLYGON ((178.3 20, 179.45 18, -172.45 20, -167.45 28.3, -173.45 28.45, -176.45 23.15, 178.3 20))"
ECHO 4,2022-11-05 12:59:00+00:00,2022-11-05 16:59:00+00:00,24000.0,36000.0,"POLYGON ((-154.15 54.3, -153.45 50.45, -171.45 45.3, -176.45 36.15, -179.15 37.45, -175.45 50, -154.15 54.3))"
CHARLIE 10,2022-11-05 13:00:00+00:00,2022-11-05 17:00:00+00:00,,,"POLYGON ((-58.3 30.15, -55.15 24, -64 16.45, -68 16.45, -68 19, -73 22.15, -73.3 27.15, -58.3 30.15))"
28C,2022-11-05 13:12:00+00:00,2022-11-05 14:55:00+00:00,0.0,32000.0,"POLYGON ((-87.26620527918679 36.60913747060022, -88.8 32.54636895573639, -90.25137775461174 32.737319286518066, -87.98222664642304 36.45825369066685, -87.26620527918679 36.60913747060022))"
27C,2022-11-05 13:12:00+00:00,2022-11-05 14:55:00+00:00,0.0,42000.0,"POLYGON ((-90.25137775461174 32.737319286518066, -88.8 32.54636895573639, -89.45488213162677 30.319442990420686, -96.00691351284726 26.42285356834863, -96.2275652615983 27.44903282648202, -90.25137775461174 32.737319286518066))"
29C,2022-11-05 13:12:00+00:00,2022-11-05 15:55:00+00:00,0.0,22000.0,"POLYGON ((-90.63523925458499 42.26640955014252, -90.123570648427 41.324745375460154, -90.93267047960187 41.00686855612692, -91.38693908884284 41.92048366683938, -90.63523925458499 42.26640955014252))"
31C,2022-11-05 13:55:00+00:00,2022-11-05 15:55:00+00:00,0.0,32000.0,"POLYGON ((-86.87946769336004 36.57626714693476, -86.44 36.59726208852722, -87.08523353336726 34.709330749724536, -88.43547962085907 32.50680898743518, -89.82051625721934 32.664972838062354, -86.87946769336004 36.57626714693476))"
30C,2022-11-05 13:55:00+00:00,2022-11-05 15:55:00+00:00,0.0,43000.0,"POLYGON ((-90.1 32.76273791147279, -88.43547962085907 32.50680898743518, -90.37010077669287 29.415010185149914, -93.11 27.311727752481332, -95.11427998141316 27.695978643763755, -90.1 32.76273791147279))"
TANGO 4,2022-11-05 14:32:00+00:00,2022-11-05 18:30:00+00:00,,,"POLYGON ((-178.3 9.15, 179 4, -168.45 6, -145.15 6.45, -145 10.45, -167.45 11.15, -178.3 9.15))"
32C,2022-11-05 14:55:00+00:00,2022-11-05 16:55:00+00:00,0.0,44000.0,"POLYGON ((-89.36952542328763 32.682559925262055, -88.25283487334336 32.56981874089525, -90.24540738495882 28.872511729238095, -93.11 27.14535879674494, -93.2567840404492 29.83250860861931, -89.36952542328763 32.682559925262055))"
33C,2022-11-05 14:55:00+00:00,2022-11-05 16:55:00+00:00,0.0,33000.0,"POLYGON ((-86.68 35.80726208852722, -87.08455042424447 33.60619619351798, -88.43547962085907 32.50680898743518, -89.55252948496737 32.6198164596576, -87.95997185477532 35.631330221950975, -86.68 35.80726208852722))"
34C,2022-11-05 14:55:00+00:00,2022-11-05 16:55:00+00:00,0.0,22000.0,"POLYGON ((-88.87417928143108 43.11846282407558, -88.46724547636134 41.282773596986154, -89.59 40.726287181737305, -90.71 42.978283757683585, -88.87417928143108 43.11846282407558))"
BRAVO 11,2022-11-05 15:00:00+00:00,2022-11-05 19:00:00+00:00,0.0,45000.0,"POLYGON ((-53.3 34.3, -45.15 33.45, -44.45 32.15, -48.45 31, -55 32, -53.3 34.3))"
UNIFORM 4,2022-11-05 15:04:00+00:00,2022-11-05 19:00:00+00:00,,,"POLYGON ((178.45 19.45, -180 18, -170.45 21.3, -167.45 29.3, -172.15 29.15, -175.3 23.15, 178.45 19.45))"
VICTOR 4,2022-11-05 15:06:00+00:00,2022-11-05 19:05:00+00:00,0.0,41000.0,"POLYGON ((-163.45 28.3, -161.15 29.3, -159 27.3, -159 25, -160.45 24.3, -163.45 28.3))"
37C,2022-11-05 15:55:00+00:00,2022-11-05 17:55:00+00:00,0.0,22000.0,"POLYGON ((-88.963764317233 43.11796434719761, -88.31276743436567 41.861926530555344, -89.42007208154796 41.46728521560334, -90.24410692200819 43.19605311331964, -88.963764317233 43.11796434719761))"
36C,2022-11-05 15:55:00+00:00,2022-11-05 17:55:00+00:00,0.0,33000.0,"POLYGON ((-86.55151215997991 35.024739655068615, -86.74754370210668 33.36249658462884, -87.49986435291882 32.21452021656015, -89.2195407729077 32.7322276438874, -87.41240651288736 34.863680293164165, -86.55151215997991 35.024739655068615))"
35C,2022-11-05 15:55:00+00:00,2022-11-05 17:55:00+00:00,0.0,44000.0,"POLYGON ((-89.36952542328763 32.682559925262055, -87.49986435291882 32.21452021656015, -90.31778825826322 28.718709245337873, -91.69516255785116 27.758872772446416, -92.19685027122722 28.399676889285463, -89.36952542328763 32.682559925262055))"
38C,2022-11-05 16:55:00+00:00,2022-11-05 18:55:00+00:00,0.0,44000.0,"POLYGON ((-89.73630517398674 32.30214410436453, -88.06182023918656 31.3444788351749, -90.889339922516 27.486935836442697, -91.56385489636386 27.87800241321844, -89.73630517398674 32.30214410436453))"
39C,2022-11-05 16:55:00+00:00,2022-11-05 18:55:00+00:00,0.0,33000.0,"POLYGON ((-86.53018039110596 33.97613108107706, -88.03592898292942 31.397428293023804, -89.9418522382862 32.37457629391113, -88.51 33.7791418788418, -86.53018039110596 33.97613108107706))"
40C,2022-11-05 16:55:00+00:00,2022-11-05 18:55:00+00:00,0.0,24000.0,"POLYGON ((-88.09684820017395 43.17517893425133, -87.07 41.13828375768358, -88.32 40.971716242316425, -89.45733914609572 43.01533407622211, -88.09684820017395 43.17517893425133))"
ECHO 5,2022-11-05 16:59:00+00:00,2022-11-05 20:59:00+00:00,24000.0,36000.0,"POLYGON ((-153.15 55.3, 180 49.15, 178.15 45.45, -177 43.15, -168.45 49, -152 50.15, -153.15 55.3))"
CHARLIE 11,2022-11-05 17:00:00+00:00,2022-11-05 21:00:00+00:00,,,"POLYGON ((-66.15 27.3, -58.3 23, -61.3 18, -63 17.3, -63.15 15.3, -68 16.15, -68 19, -66.15 27.3))"
43C,2022-11-05 17:55:00+00:00,2022-11-05 19:55:00+00:00,0.0,24000.0,"POLYGON ((-87.37273125707605 43.96886364859652, -87.07 41.225475822945576, -87.6957634368387 41.07774256174122, -88.92967158585682 43.58873359749449, -87.37273125707605 43.96886364859652))"
41C,2022-11-05 17:55:00+00:00,2022-11-05 19:55:00+00:00,0.0,44000.0,"POLYGON ((-89.02502139526464 31.918685372356954, -87.23070661195595 31.299398184331373, -90.889339922516 27.486935836442697, -91.82618299562877 27.639619376697883, -89.02502139526464 31.918685372356954))"
42C,2022-11-05 17:55:00+00:00,2022-11-05 19:55:00+00:00,0.0,33000.0,"POLYGON ((-86.37886813347329 33.66890648139667, -87.27844553109385 31.33976061798016, -88.36 31.452854697104474, -86.9 33.67, -86.37886813347329 33.66890648139667))"
VICTOR 5,2022-11-05 18:23:00+00:00,2022-11-05 22:20:00+00:00,0.0,41000.0,"POLYGON ((-161.15 27.3, -159.45 27.45, -159.15 25.45, -160.45 25.3, -161.15 27.3))"
CHARLIE 12,2022-11-05 18:50:00+00:00,2022-11-05 22:50:00+00:00,,,"POLYGON ((-62.3 24.3, -59 22.3, -61.15 18.15, -63.15 17.3, -63 15, -65 14.45, -68 16.15, -68 19.15, -62.3 24.3))"
DELTA 1,2022-11-05 18:50:00+00:00,2022-11-05 22:50:00+00:00,0.0,42000.0,"POLYGON ((-68.3 28, -62.15 25, -71 21.15, -71.45 23.45, -68.3 28))"
44C,2022-11-05 18:55:00+00:00,2022-11-05 20:55:00+00:00,0.0,42000.0,"POLYGON ((-89.09952623415437 31.764826035284266, -86.61901039387087 31.604828217834875, -90.1 27.349941486899677, -92.0873693055967 27.40074488748466, -89.09952623415437 31.764826035284266))"
45C,2022-11-05 18:55:00+00:00,2022-11-05 20:55:00+00:00,0.0,22000.0,"POLYGON ((-85.88141162335073 44.277689270199566, -85.68215659378454 44.260443018647955, -85.86100203763051 42.194147389439756, -86.0602570671967 42.21139364099137, -85.88141162335073 44.277689270199566))"
BRAVO 12,2022-11-05 19:00:00+00:00,2022-11-05 23:00:00+00:00,0.0,46000.0,"POLYGON ((-43.45 34, -43.3 33, -47.45 29.45, -54.45 31.3, -54.15 34, -43.45 34))"
VICTOR 6,2022-11-05 19:19:00+00:00,2022-11-05 23:15:00+00:00,0.0,40000.0,"POLYGON ((-163.15 25.15, -160.3 27.3, -159.3 26.45, -159.45 25.45, -162 23.3, -163.15 25.15))"
46C,2022-11-05 19:55:00+00:00,2022-11-05 21:55:00+00:00,0.0,42000.0,"POLYGON ((-86.60573715557297 30.983683695845393, -89.52345863671283 27.949127622195764, -91.16819071059288 28.23463979765442, -88.77208472143745 31.08227108564997, -86.60573715557297 30.983683695845393))"
47C,2022-11-05 19:55:00+00:00,2022-11-05 21:55:00+00:00,0.0,22000.0,"POLYGON ((-86.63656600441767 44.98320054793591, -85.11869030076903 44.54185388754122, -85.19 41.81184477868196, -86.52629150646334 41.83348224204299, -86.63656600441767 44.98320054793591))"
1E,2022-11-05 19:55:00+00:00,2022-11-05 21:55:00+00:00,0.0,35000.0,"POLYGON ((-82.3842723737945 33.625375714812165, -81.9316583557891 31.97444541569454, -82.12454094866885 31.92156531202616, -82.57715496667426 33.57249561114378, -82.3842723737945 33.625375714812165))"
49C,2022-11-05 20:55:00+00:00,2022-11-05 22:55:00+00:00,0.0,22000.0,"POLYGON ((-85.63813962268033 46.020274672921595, -84.47242047935106 44.76323995603632, -84.60754670381542 41.821325115855664, -85.95341066211259 42.78910564222398, -85.63813962268033 46.020274672921595))"
48C,2022-11-05 20:55:00+00:00,2022-11-05 22:55:00+00:00,0.0,42000.0,"POLYGON ((-88.36 30.73, -87.64663809331013 30.473382534849762, -89.52345863671283 27.949127622195764, -90.53366277448461 28.25707270258019, -88.36 30.73))"
ECHO 6,2022-11-05 20:55:00+00:00,2022-11-06 00:55:00+00:00,25000.0,35000.0,"POLYGON ((-161.4280941935017 50.48948515956255, -166.9780941935017 50.33948515956255, -167.0219058064983 51.96051484043745, -161.47190580649828 52.110514840437446, -161.4280941935017 50.48948515956255))"
2E,2022-11-05 20:55:00+00:00,2022-11-05 22:55:00+00:00,0.0,35000.0,"POLYGON ((-82.31458565036912 33.953909877281205, -81.6508472588323 32.419426498335014, -81.83441090730847 32.34002632857373, -82.49814929884529 33.87450970751992, -82.31458565036912 33.953909877281205))"
FOXTROT 1,2022-11-05 21:30:00+00:00,2022-11-06 01:30:00+00:00,0.0,41000.0,"POLYGON ((-90.45 28.15, -88 28.15, -91.3 25.45, -92.3 25.45, -90.45 28.15))"
DELTA 2,2022-11-05 21:35:00+00:00,2022-11-06 01:35:00+00:00,,,"POLYGON ((-69.45 22.45, -67 22.3, -66.15 20.45, -69 19.45, -71.45 21, -69.45 22.45))"
GOLF 1,2022-11-05 21:40:00+00:00,2022-11-06 01:40:00+00:00,0.0,47000.0,"POLYGON ((-60 27, -55 26.3, -57.45 21.3, -60.15 20.3, -62.45 22.45, -60 27))"
CHARLIE 13,2022-11-05 21:45:00+00:00,2022-11-06 01:45:00+00:00,0.0,50000.0,"POLYGON ((-63 18.45, -63 15.3, -66.3 15.3, -68 16, -67.45 17.3, -63 18.45))"
50C,2022-11-05 21:55:00+00:00,2022-11-05 23:55:00+00:00,0.0,42000.0,"POLYGON ((-88.53869480160148 30.666210954256123, -87.64663809331013 30.473382534849762, -89.03180928940711 28.23463979765442, -90.1 28.181786265581643, -88.53869480160148 30.666210954256123))"
3E,2022-11-05 21:55:00+00:00,2022-11-05 23:55:00+00:00,0.0,35000.0,"POLYGON ((-82.06354442167525 34.31467166040502, -81.62073567924861 32.696074919735736, -81.81364683589814 32.64329911429286, -82.25645557832478 34.26189585496214, -82.06354442167525 34.31467166040502))"
1W,2022-11-05 21:55:00+00:00,2022-11-05 23:55:00+00:00,0.0,28000.0,"POLYGON ((-111.06532124974328 44.058848042794885, -110.7016848861069 44.058848042794885, -110.7016848861069 43.695211679158525, -111.06532124974328 43.695211679158525, -111.06532124974328 44.058848042794885))"
XRAY 1,2022-11-05 22:10:00+00:00,2022-11-06 02:00:00+00:00,23000.0,33000.0,"POLYGON ((176.45 20.45, 179 17.45, -172.45 26.3, -178.15 28.45, 176.45 20.45))"
YANKEE 1,2022-11-05 22:36:00+00:00,2022-11-06 02:30:00+00:00,0.0,44000.0,"POLYGON ((-171 23.15, -168 27.45, -166.15 27, -169.3 22, -171 23.15))"
BRAVO 13,2022-11-05 22:50:00+00:00,2022-11-06 02:50:00+00:00,0.0,46000.0,"POLYGON ((-54.15 33, -42.15 33, -46.45 26.3, -49.45 26.45, -54.15 33))"
51C,2022-11-05 22:55:00+00:00,2022-11-06 00:55:00+00:00,0.0,38000.0,"POLYGON ((-88.44373441184688 30.061812919202236, -88.27626558815312 29.952477686588825, -89.51450295887595 28.055868963380494, -89.6819717825697 28.165204195993905, -88.44373441184688 30.061812919202236))"
4E,2022-11-05 22:55:00+00:00,2022-11-06 00:55:00+00:00,0.0,37000.0,"POLYGON ((-81.9681293048468 34.78879857844941, -81.5742046520117 33.32613152534928, -81.76732350496573 33.27412086650209, -82.16124815780083 34.736787919602214, -81.9681293048468 34.78879857844941))"
5E,2022-11-05 23:55:00+00:00,2022-11-06 01:55:00+00:00,0.0,37000.0,"POLYGON ((-81.83116067799604 35.189762661699724, -81.58040066281677 33.55828537221742, -81.77807930682471 33.52790192765978, -82.02883932200398 35.15937921714208, -81.83116067799604 35.189762661699724))"
2W,2022-11-05 23:55:00+00:00,2022-11-06 01:55:00+00:00,0.0,27000.0,"POLYGON ((-117.11051219479883 47.20589964157993, -115.303555489693 47.224195316108684, -117.53845842520589 45.3007946148915, -118.50085055146059 45.5718241751194, -117.11051219479883 47.20589964157993))"
52C,2022-11-05 23:55:00+00:00,2022-11-06 01:55:00+00:00,0.0,30000.0,"POLYGON ((-88.43682862639682 29.63744312566993, -88.28317137360318 29.509421843595764, -89.20921505753095 28.397940017028834, -89.36287231032459 28.525961299103, -88.43682862639682 29.63744312566993))"
HOTEL 1,2022-11-06 00:15:00+00:00,2022-11-06 04:15:00+00:00,0.0,41000.0,"POLYGON ((-58.45 30.45, -59.45 28.3, -64.15 26.45, -64.15 30.15, -58.45 30.45))"
CHARLIE 14,2022-11-06 00:20:00+00:00,2022-11-06 04:20:00+00:00,0.0,50000.0,"POLYGON ((-62.45 19.3, -61.15 18.15, -66.3 15.3, -68 16, -66.3 18, -62.45 19.3))"
ECHO 7,2022-11-06 00:50:00+00:00,2022-11-06 04:50:00+00:00,24000.0,34000.0,"POLYGON ((-173.33315769238658 48.83876740390071, -177.48315769238658 42.83876740390071, -178.81684230761343 43.76123259609928, -174.66684230761342 49.76123259609928, -173.33315769238658 48.83876740390071))"
1C,2022-11-06 00:55:00+00:00,2022-11-06 02:55:00+00:00,0.0,30000.0,"POLYGON ((-88.43970365721461 29.489254649343287, -88.28029634278539 29.36846844108063, -89.09096977403436 28.298584085794836, -89.25037708846358 28.419370294057494, -88.43970365721461 29.489254649343287))"
XRAY 2,2022-11-06 01:35:00+00:00,2022-11-06 05:30:00+00:00,23000.0,33000.0,"POLYGON ((-177.15 28, 176.3 19.3, 179 17.15, -172.3 25.45, -177.15 28))"
GOLF 2,2022-11-06 01:40:00+00:00,2022-11-06 05:40:00+00:00,0.0,48000.0,"POLYGON ((-56.45 27, -58.45 20.15, -61.45 20.15, -62.15 24.45, -61 26.3, -56.45 27))"
CHARLIE 15,2022-11-06 02:10:00+00:00,2022-11-06 06:10:00+00:00,,,"POLYGON ((-58.45 20.15, -59 18, -61.45 18, -65.3 16.3, -66.3 18, -61.45 20.15, -58.45 20.15))"
YANKEE 2,2022-11-06 02:16:00+00:00,2022-11-06 06:10:00+00:00,0.0,44000.0,"POLYGON ((-170.3 23, -167.45 27.45, -166.15 27, -169 22.15, -170.3 23))"
BRAVO 14,2022-11-06 02:40:00+00:00,2022-11-06 06:40:00+00:00,0.0,46000.0,"POLYGON ((-51 33.15, -46.3 30.3, -46 26.45, -49.45 26.45, -52.3 32.3, -51 33.15))"
HOTEL 2,2022-11-06 03:30:00+00:00,2022-11-06 07:30:00+00:00,0.0,42000.0,"POLYGON ((-57.3 31.3, -59 29, -64 27.45, -64 30.45, -57.3 31.3))"
ECHO 8,2022-11-06 04:48:00+00:00,2022-11-06 08:48:00+00:00,24000.0,34000.0,"POLYGON ((-176 49.15, -172.15 49.15, -174 39.45, -178.3 39.3, -178.15 45.15, -176 49.15))"
CHARLIE 16,2022-11-06 05:28:00+00:00,2022-11-06 09:28:00+00:00,,,"POLYGON ((-62.15 23.3, -62 18, -63 17.3, -63.15 15.45, -67.3 16.3, -66.15 23.15, -62.15 23.3))"
GOLF 3,2022-11-06 05:31:00+00:00,2022-11-06 09:31:00+00:00,0.0,49000.0,"POLYGON ((-60 28, -57 25.45, -57 18.15, -61.45 18, -62.15 23.3, -60 28))"
XRAY 3,2022-11-06 05:31:00+00:00,2022-11-06 09:25:00+00:00,23000.0,33000.0,"POLYGON ((-180 20, -173.3 30, -169.3 30, -172.15 23, -174.45 20.15, -180 20))"
HOTEL 3,2022-11-06 05:33:00+00:00,2022-11-06 09:33:00+00:00,0.0,41000.0,"POLYGON ((-58.3 33.45, -55.3 32, -63.15 25, -66.15 25, -63.15 33, -58.3 33.45))"
YANKEE 3,2022-11-06 05:33:00+00:00,2022-11-06 09:30:00+00:00,0.0,44000.0,"POLYGON ((-176 18, -168 28.15, -162.45 25, -174.15 17.15, -176 18))"
BRAVO 15,2022-11-06 05:39:00+00:00,2022-11-06 09:39:00+00:00,0.0,40000.0,"POLYGON ((-52.3 35.3, -49 34, -47.3 30.3, -48.45 29.15, -54.15 33.45, -52.3 35.3))"
ZULU 1,2022-11-06 06:28:00+00:00,2022-11-06 10:25:00+00:00,0.0,53000.0,"POLYGON ((-171.15 10, -166 15.45, -157.3 9.3, -163.3 4.45, -171.15 10))"
1E,2022-11-06 06:31:00+00:00,2022-11-06 07:55:00+00:00,0.0,20000.0,"POLYGON ((-78.02477461421465 43.50066835119303, -77.86734802842248 43.377311672874356, -78.84616397893396 42.128156334807706, -79.00359056472612 42.25151301312638, -78.02477461421465 43.50066835119303))"
2E,2022-11-06 06:55:00+00:00,2022-11-06 08:55:00+00:00,0.0,20000.0,"POLYGON ((-77.88079994416088 43.60413839163838, -77.72691282222911 43.476393514232065, -78.84793371086415 42.125962235263884, -79.00182083279593 42.2537071126702, -77.88079994416088 43.60413839163838))"
3E,2022-11-06 06:55:00+00:00,2022-11-06 08:55:00+00:00,0.0,25000.0,"POLYGON ((-80.21014433507577 42.358728510605246, -80.07071548851906 42.215342330141894, -80.7671841027316 41.53809564410286, -80.90661294928832 41.68148182456621, -80.21014433507577 42.358728510605246))"
4E,2022-11-06 07:55:00+00:00,2022-11-06 09:55:00+00:00,0.0,24000.0,"POLYGON ((-79.60276524612281 42.57032317213859, -79.46910920594969 42.42154124136325, -80.4451873279326 41.54469594164171, -80.57884336810572 41.693477872417056, -79.60276524612281 42.57032317213859))"
ECHO 9,2022-11-06 08:30:00+00:00,2022-11-06 12:30:00+00:00,24000.0,34000.0,"POLYGON ((-176 49.15, -172.15 49.15, -173.3 43.3, -177.45 43, -178.15 45.15, -176 49.15))"
5E,2022-11-06 08:55:00+00:00,2022-11-06 10:55:00+00:00,0.0,26000.0,"POLYGON ((-79.41828379122093 42.65899328410196, -79.27260291817542 42.521963786442875, -80.21715956347725 41.51777243290778, -80.36284043652276 41.65480193056687, -79.41828379122093 42.65899328410196))"
XRAY 4,2022-11-06 08:55:00+00:00,2022-11-06 12:50:00+00:00,23000.0,33000.0,"POLYGON ((-180 20, -173.3 30, -169.3 30, -172.15 23, -174.45 20.15, -180 20))"
YANKEE 4,2022-11-06 08:56:00+00:00,2022-11-06 12:55:00+00:00,0.0,44000.0,"POLYGON ((-176.3 17.15, -168.15 28.15, -161.45 28, -163.45 22.45, -174.3 16.3, -176.3 17.15))"
CHARLIE 17,2022-11-06 09:25:00+00:00,2022-11-06 13:25:00+00:00,,,"POLYGON ((-56.3 26, -55 18.15, -62.15 18, -63.15 17.15, -65.3 17.3, -67.15 25.3, -56.3 26))"
HOTEL 4,2022-11-06 09:28:00+00:00,2022-11-06 13:28:00+00:00,0.0,44000.0,"POLYGON ((-58 34.45, -56.3 26, -62.15 25.45, -65.3 27, -65.15 32.45, -58 34.45))"
BRAVO 16,2022-11-06 09:30:00+00:00,2022-11-06 13:30:00+00:00,0.0,39000.0,"POLYGON ((-52.15 36, -48.3 35, -47.15 31, -48.45 29.15, -54.15 32.3, -52.15 36))"
ZULU 2,2022-11-06 09:50:00+00:00,2022-11-06 13:45:00+00:00,0.0,53000.0,"POLYGON ((-172.3 10.15, -166 15.15, -156.45 9.15, -163.15 3.45, -172.3 10.15))"
6E,2022-11-06 09:55:00+00:00,2022-11-06 11:55:00+00:00,0.0,25000.0,"POLYGON ((-78.86403596522408 42.7399665340134, -78.7369056138522 42.58557134704157, -80.00441947629491 41.54188931354347, -80.13154982766679 41.6962845005153, -78.86403596522408 42.7399665340134))"
7E,2022-11-06 10:55:00+00:00,2022-11-06 12:55:00+00:00,0.0,26000.0,"POLYGON ((-78.57237524492747 42.9063352522124, -78.44884950672052 42.74904128538459, -79.69028439901639 41.774120475646235, -79.81381013722334 41.93141444247404, -78.57237524492747 42.9063352522124))"
8E,2022-11-06 11:55:00+00:00,2022-11-06 13:55:00+00:00,0.0,26000.0,"POLYGON ((-75.37565573393393 44.55637269382874, -75.21094234724437 44.44292887405323, -76.04163196388066 43.236819098176866, -76.20634535057022 43.35026291795238, -75.37565573393393 44.55637269382874))"
XRAY 5,2022-11-06 12:21:00+00:00,2022-11-06 16:20:00+00:00,20000.0,35000.0,"POLYGON ((-178 20, -173 30, -166 30, -172 20, -178 20))"
YANKEE 5,2022-11-06 12:23:00+00:00,2022-11-06 16:20:00+00:00,0.0,46000.0,"POLYGON ((-170.3 21.15, -165.15 29.3, -161.3 29.15, -165 20.45, -170.3 21.15))"
ZULU 3,2022-11-06 12:24:00+00:00,2022-11-06 16:20:00+00:00,0.0,55000.0,"POLYGON ((-171.45 10, -166.15 15.45, -156.3 9.15, -162.45 3.45, -171.45 10))"
ECHO 10,2022-11-06 12:28:00+00:00,2022-11-06 16:28:00+00:00,24000.0,34000.0,"POLYGON ((-172.15 50.3, -173.3 44, -177.3 43.45, -178.15 45.15, -175.3 50.15, -172.15 50.3))"
CHARLIE 18,2022-11-06 12:47:00+00:00,2022-11-06 16:47:00+00:00,0.0,50000.0,"POLYGON ((-55.45 30.45, -54.45 18.15, -62.15 18, -64 17, -68.15 26, -55.45 30.45))"
HOTEL 5,2022-11-06 12:49:00+00:00,2022-11-06 16:49:00+00:00,0.0,37000.0,"POLYGON ((-58 34.45, -57 30.3, -65.3 27, -65.15 32.45, -58 34.45))"
BRAVO 17,2022-11-06 12:50:00+00:00,2022-11-06 16:50:00+00:00,0.0,44000.0,"POLYGON ((-51 35.45, -48.15 34.45, -47.3 31.3, -50 30.15, -53 32.15, -51 35.45))"
XRAY 6,2022-11-06 15:20:00+00:00,2022-11-06 19:20:00+00:00,20000.0,35000.0,"POLYGON ((-178 20, -173 30, -166 30, -172 20, -178 20))"
YANKEE 6,2022-11-06 15:22:00+00:00,2022-11-06 19:20:00+00:00,0.0,46000.0,"POLYGON ((-169 21.3, -164.15 29.15, -160.45 29, -165 20.45, -169 21.3))"
ZULU 4,2022-11-06 15:23:00+00:00,2022-11-06 19:20:00+00:00,0.0,53000.0,"POLYGON ((-167.15 6.45, -162.3 12.15, -156 8.45, -161.45 3, -167.15 6.45))"
ECHO 11,2022-11-06 16:05:00+00:00,2022-11-06 20:05:00+00:00,24000.0,34000.0,"POLYGON ((-171.5 50.4, -172.55 43.55, -177.25 44.4, -177 50.05, -171.5 50.4))"
CHARLIE 19,2022-11-06 16:25:00+00:00,2022-11-06 20:25:00+00:00,,,"POLYGON ((-57.1 28.3, -57.05 20.45, -64.2 17.5, -69 24.15, -57.1 28.3))"
BRAVO 18,2022-11-06 16:30:00+00:00,2022-11-06 20:30:00+00:00,0.0,42000.0,"POLYGON ((-50.3 34.4, -47.5 33.45, -48 30.55, -52.1 31.1, -50.3 34.4))"
9E,2022-11-06 16:55:00+00:00,2022-11-06 18:55:00+00:00,0.0,38000.0,"POLYGON ((-81.02805176109527 35.34367985040372, -80.66293501559007 34.954379757166066, -82.16000000000001 33.37726208852722, -82.90128283252918 33.96245436956755, -81.02805176109527 35.34367985040372))"
11E,2022-11-06 17:55:00+00:00,2022-11-06 19:55:00+00:00,0.0,34000.0,"POLYGON ((-81.66874200178677 32.62933585885613, -81.03492061669058 32.00627295486928, -82.51 30.874524177054425, -82.51 31.54, -81.66874200178677 32.62933585885613))"
10E,2022-11-06 17:55:00+00:00,2022-11-06 19:55:00+00:00,0.0,40000.0,"POLYGON ((-80.50302189549168 36.68912136919257, -80.41930426264213 35.188842462590735, -81.81241538849542 33.70951325302352, -81.89229667714329 34.24397626731691, -80.50302189549168 36.68912136919257))"
12E,2022-11-06 18:55:00+00:00,2022-11-06 20:55:00+00:00,0.0,40000.0,"POLYGON ((-79.68545685533051 37.602089188954864, -79.04706712177287 37.186176791538415, -81.20279075083928 33.55249591053598, -82.16000000000001 34.04273791147279, -79.68545685533051 37.602089188954864))"
13E,2022-11-06 18:55:00+00:00,2022-11-06 20:55:00+00:00,0.0,38000.0,"POLYGON ((-81.05 33.02815522131803, -81.11 31.827262088527213, -82.50626438462555 30.069454276375353, -82.51 31.04089313279082, -81.05 33.02815522131803))"
YANKEE 7,2022-11-06 19:06:00+00:00,2022-11-06 23:05:00+00:00,0.0,46000.0,"POLYGON ((-168 19.15, -165.15 26.3, -162 26.15, -164.3 20.3, -168 19.15))"
XRAY 7,2022-11-06 19:07:00+00:00,2022-11-06 23:10:00+00:00,20000.0,35000.0,"POLYGON ((-178 20, -173 30, -165 30, -170.3 19.45, -178 20))"
ZULU 5,2022-11-06 19:07:00+00:00,2022-11-06 23:10:00+00:00,0.0,53000.0,"POLYGON ((-167.3 5.45, -164.3 12.45, -156 8.45, -159.15 4, -167.3 5.45))"
15E,2022-11-06 19:55:00+00:00,2022-11-06 21:55:00+00:00,0.0,40000.0,"POLYGON ((-81.38055016556007 33.19172732537133, -80.86794596891563 32.36422386902417, -82.01253570620186 30.339039231886876, -82.51 31.106287181737315, -81.38055016556007 33.19172732537133))"
14E,2022-11-06 19:55:00+00:00,2022-11-06 21:55:00+00:00,0.0,33000.0,"POLYGON ((-80.20877698002205 36.92296967148198, -79.81491451142891 35.99456190870806, -81.11652035003334 33.726415994823874, -82.16000000000001 33.99914187884179, -80.20877698002205 36.92296967148198))"
CHARLIE 20,2022-11-06 20:00:00+00:00,2022-11-07 00:00:00+00:00,,,"POLYGON ((-56.3 30.55, -55.4 19.3, -65.05 17.5, -69.4 27.1, -56.3 30.55))"
16E,2022-11-06 20:55:00+00:00,2022-11-06 22:55:00+00:00,0.0,30000.0,"POLYGON ((-75.93616167004137 43.620812944163745, -75.35363781874884 43.41155545294415, -75.36066325151259 42.90225786765227, -77.49612405899627 41.86195235239819, -75.93616167004137 43.620812944163745))"
17E,2022-11-06 20:55:00+00:00,2022-11-06 22:55:00+00:00,0.0,40000.0,"POLYGON ((-80.8961052029725 34.167314213090926, -81.4829051886112 31.39092814967276, -82.34468533569468 29.34346912376784, -82.66162581913919 32.6861249663803, -80.8961052029725 34.167314213090926))"
2C,2022-11-06 20:55:00+00:00,2022-11-06 22:55:00+00:00,0.0,45000.0,"POLYGON ((-95.35 30.249141878841787, -95.0413231835475 30.07029005201738, -96.05625451998434 29.294027416757487, -96.01746816162839 29.958317864830207, -95.35 30.249141878841787))"
1W,2022-11-06 20:55:00+00:00,2022-11-06 22:55:00+00:00,0.0,21000.0,"POLYGON ((-123.89008093165937 42.47582480045282, -124.23 41.82656751536717, -124.47802070176672 42.46931226645251, -123.89008093165937 42.47582480045282))"
19E,2022-11-06 21:55:00+00:00,2022-11-06 23:55:00+00:00,0.0,42000.0,"POLYGON ((-81.05 34.19273791147278, -81.70276997053787 30.339858628380625, -82.69600381644669 29.726863603209576, -83.10092920006028 32.87980455594683, -81.05 34.19273791147278))"
18E,2022-11-06 21:55:00+00:00,2022-11-06 23:55:00+00:00,0.0,30000.0,"POLYGON ((-74.22471637255688 44.556003452316276, -74.23897121492564 43.51769259553769, -75.5157882501137 43.15796149698998, -75.66825037777551 44.08100975564624, -74.22471637255688 44.556003452316276))"
4C,2022-11-06 21:55:00+00:00,2022-11-06 23:55:00+00:00,0.0,40000.0,"POLYGON ((-89.22013185660191 34.076181336284826, -88.93491143757024 33.8421975075005, -90.1 31.93089313279082, -90.65462072954486 31.958221440750243, -89.22013185660191 34.076181336284826))"
3C,2022-11-06 21:55:00+00:00,2022-11-06 23:55:00+00:00,0.0,45000.0,"POLYGON ((-94.8489425932955 30.8928034780193, -95.18313119468836 29.959894864881214, -95.65799035990253 29.848992039647296, -95.96804018344454 30.17985739263394, -94.8489425932955 30.8928034780193))"
ZULU 6,2022-11-06 22:38:00+00:00,2022-11-07 02:40:00+00:00,0.0,50000.0,"POLYGON ((-163.3 5.15, -162 13.3, -156 8.45, -159.15 4, -163.3 5.15))"
XRAY 8,2022-11-06 22:49:00+00:00,2022-11-07 02:50:00+00:00,20000.0,35000.0,"POLYGON ((-178 20, -173 30, -165 30, -170.3 19.45, -178 20))"
20E,2022-11-06 22:55:00+00:00,2022-11-07 00:55:00+00:00,0.0,30000.0,"POLYGON ((-73.78039188930572 44.90614762885614, -74.32810351912907 43.67102729154567, -76.54565619421254 42.544657047095825, -78.01827289439507 43.119266454048685, -73.78039188930572 44.90614762885614))"
21E,2022-11-06 22:55:00+00:00,2022-11-07 00:55:00+00:00,0.0,42000.0,"POLYGON ((-82.00747355202259 33.4024964429598, -82.41735296960138 27.51757786565173, -83.21020295372809 27.438423671712165, -83.65000000000002 32.19089313279081, -82.00747355202259 33.4024964429598))"
6C,2022-11-06 22:55:00+00:00,2022-11-07 00:55:00+00:00,0.0,42000.0,"POLYGON ((-89.22013185660191 34.076181336284826, -89.06412603044258 33.679767484958724, -89.87485613545012 31.968684986542883, -90.5165036012652 32.07639247097633, -89.22013185660191 34.076181336284826))"
5C,2022-11-06 22:55:00+00:00,2022-11-07 00:55:00+00:00,0.0,45000.0,"POLYGON ((-94.95841113246689 30.95532614923702, -95.0413231835475 30.07029005201738, -95.65799035990253 29.848992039647296, -95.94303063671296 30.469807642584556, -94.95841113246689 30.95532614923702))"
CHARLIE 21,2022-11-06 23:00:00+00:00,2022-11-07 03:00:00+00:00,0.0,50000.0,"POLYGON ((-56.3 31.45, -57.15 19.3, -65.15 18.15, -68 27, -56.3 31.45))"
23E,2022-11-06 23:55:00+00:00,2022-11-07 01:55:00+00:00,0.0,42000.0,"POLYGON ((-82.34111470983488 29.852783030599475, -82.41735296960138 27.51757786565173, -83.21020295372809 27.438423671712165, -83.57932058682388 29.40795004758333, -82.34111470983488 29.852783030599475))"
22E,2022-11-06 23:55:00+00:00,2022-11-07 01:55:00+00:00,0.0,30000.0,"POLYGON ((-73.27716923703778 44.67523841002764, -73.14487864463187 44.087894155476555, -76.84016699842576 42.68764458306936, -76.2 43.991844778681966, -73.27716923703778 44.67523841002764))"
7C,2022-11-06 23:55:00+00:00,2022-11-07 01:55:00+00:00,0.0,42000.0,"POLYGON ((-88.51 34.15547582294558, -89.87485613545012 31.968684986542883, -90.5165036012652 32.07639247097633, -89.22013185660191 34.076181336284826, -88.51 34.15547582294558))"
1E,2022-11-07 00:55:00+00:00,2022-11-07 02:55:00+00:00,0.0,26000.0,"POLYGON ((-72.45 44.81285469710448, -75.40725288646388 43.157263453488675, -76.48122799830158 43.36411052036164, -75.00766549484773 44.70518389526049, -73.90349241978232 44.9070909558987, -72.45 44.81285469710448))"
ZULU 7,2022-11-07 02:05:00+00:00,2022-11-07 06:05:00+00:00,0.0,50000.0,"POLYGON ((-163.15 8.3, -161 13.45, -156 8.45, -159.15 4, -163.15 8.3))"
XRAY 9,2022-11-07 02:08:00+00:00,2022-11-07 06:10:00+00:00,20000.0,35000.0,"POLYGON ((-178 20, -170.45 30.15, -163.15 30, -170.3 19.45, -178 20))"
CHARLIE 22,2022-11-07 02:55:00+00:00,2022-11-07 06:55:00+00:00,0.0,50000.0,"POLYGON ((-58.45 31.15, -57.3 18, -64 18, -67.45 28.3, -58.45 31.15))"
ZULU 8,2022-11-07 05:46:00+00:00,2022-11-07 09:45:00+00:00,0.0,54000.0,"POLYGON ((-164.15 15.15, -159.45 14.3, -157.3 10, -159.15 10, -164 12.45, -164.15 15.15))"
2W,2022-11-07 05:55:00+00:00,2022-11-07 07:55:00+00:00,0.0,30000.0,"POLYGON ((-115.92443287538377 44.01080878220835, -113.5579693608768 42.86641264462645, -115.12327941521872 42.00768656937299, -116.53783717303382 42.934649905339896, -115.92443287538377 44.01080878220835))"
1C,2022-11-07 05:55:00+00:00,2022-11-07 07:55:00+00:00,0.0,45000.0,"POLYGON ((-91.30100352870447 34.67684507488825, -89.78753402285369 33.867935977270314, -90.73453221318049 32.6497099058026, -91.77597232725991 33.053989077133394, -91.30100352870447 34.67684507488825))"
3W,2022-11-07 05:55:00+00:00,2022-11-07 07:55:00+00:00,0.0,25000.0,"POLYGON ((-124.23 39.947145302895535, -123.78475360039153 38.882892665640874, -124.94524749190609 39.038016522050064, -125.16345412103122 39.95062992116556, -124.23 39.947145302895535))"
1W,2022-11-07 05:55:00+00:00,2022-11-07 07:55:00+00:00,0.0,27000.0,"POLYGON ((-116.29165022148095 46.38965532428226, -115.62991686389348 45.1774470696034, -117.09549353438445 44.326623976297554, -117.66557484420605 44.94213618726788, -116.29165022148095 46.38965532428226))"
XRAY 10,2022-11-07 05:57:00+00:00,2022-11-07 10:00:00+00:00,25000.0,42000.0,"POLYGON ((-169 30, -165 30, -167 27, -174 20, -177 20, -176 24, -169 30))"
CHARLIE 23,2022-11-07 06:20:00+00:00,2022-11-07 10:20:00+00:00,,,"POLYGON ((-64.3 29.45, -59.15 26.45, -59 18.15, -65 17.45, -69.15 25.45, -64.3 29.45))"
2C,2022-11-07 06:55:00+00:00,2022-11-07 08:55:00+00:00,0.0,45000.0,"POLYGON ((-90.72839956421892 34.76303402602263, -89.71287437024975 33.92927312269615, -90.51977639751881 32.78222630271398, -91.47645738213365 33.454253637344074, -90.72839956421892 34.76303402602263))"
4W,2022-11-07 06:55:00+00:00,2022-11-07 08:55:00+00:00,0.0,27000.0,"POLYGON ((-115.38982605806194 44.17884220949756, -113.62423110172332 43.57174299630341, -114.90597020847737 42.35191371665664, -116.19 42.88452417705443, -115.38982605806194 44.17884220949756))"
3C,2022-11-07 07:55:00+00:00,2022-11-07 09:55:00+00:00,0.0,45000.0,"POLYGON ((-90.95 35.610893132790835, -88.93491143757024 33.8421975075005, -91.31291992340189 32.26324115302837, -92.51036651765348 33.72090384528462, -90.95 35.610893132790835))"
5W,2022-11-07 07:55:00+00:00,2022-11-07 09:55:00+00:00,0.0,26000.0,"POLYGON ((-115.06640322530716 44.309876129794105, -113.78880075485088 43.68788790794398, -114.90597020847737 42.35191371665664, -116.70915550124242 42.62658509963513, -115.06640322530716 44.309876129794105))"
NOVEMBER 1,2022-11-07 08:23:00+00:00,2022-11-07 12:25:00+00:00,0.0,58000.0,"POLYGON ((149.45 6, 150.3 0.45, 148.3 0.45, 146.15 2.15, 147 5.3, 149.45 6))"
4C,2022-11-07 08:55:00+00:00,2022-11-07 10:55:00+00:00,0.0,45000.0,"POLYGON ((-90.51510597413649 35.756291015815584, -88.51 34.15547582294558, -90.83047457671236 32.682559925262055, -92.18 34.014524177054426, -90.51510597413649 35.756291015815584))"
ZULU 9,2022-11-07 09:28:00+00:00,2022-11-07 13:30:00+00:00,0.0,55000.0,"POLYGON ((-163.3 15, -158 15.45, -157.45 13.3, -161.45 13, -163.3 13.45, -163.3 15))"
XRAY 11,2022-11-07 09:39:00+00:00,2022-11-07 13:40:00+00:00,25000.0,42000.0,"POLYGON ((-169 30, -163 30, -165.3 26, -174 20, -177 20, -176 24, -169 30))"
5C,2022-11-07 09:55:00+00:00,2022-11-07 11:55:00+00:00,0.0,45000.0,"POLYGON ((-89.98 35.598283757683575, -88.75573490766628 33.69421182099819, -90.7678423419095 33.050135283721644, -91.68519083955472 34.270090433322096, -89.98 35.598283757683575))"
6C,2022-11-07 10:55:00+00:00,2022-11-07 12:55:00+00:00,0.0,45000.0,"POLYGON ((-89.98 35.68547582294557, -89.30793402226548 33.48744306994657, -91.49197787346533 32.709812346999655, -91.57307442111752 34.67849588350597, -89.98 35.68547582294557))"
7W,2022-11-07 10:55:00+00:00,2022-11-07 12:55:00+00:00,0.0,25000.0,"POLYGON ((-126.89691172653221 41.46719077260102, -125.45284251088728 41.045569651885316, -125.63903891717077 40.21573765190644, -126.86137173128782 40.64012415363256, -126.89691172653221 41.46719077260102))"
6W,2022-11-07 10:55:00+00:00,2022-11-07 12:55:00+00:00,0.0,26000.0,"POLYGON ((-123.5255116679208 43.5853260488117, -123.49806529986787 42.47849688331057, -124.67396995445752 42.46647376596447, -124.67023604740855 43.509827006868335, -123.5255116679208 43.5853260488117))"
8W,2022-11-07 10:55:00+00:00,2022-11-07 12:55:00+00:00,0.0,25000.0,"POLYGON ((-114.83290004446802 44.796220576486704, -114.54315382011015 44.217658597696136, -115.90694577152206 43.75410579197134, -116.36514145856628 44.50276239947363, -114.83290004446802 44.796220576486704))"
JULIETT 1,2022-11-07 11:00:00+00:00,2022-11-07 15:00:00+00:00,0.0,36000.0,"POLYGON ((-88.15 27.45, -87 27, -88.15 24.3, -90.15 24.3, -90.3 26, -88.15 27.45))"
OSCAR 1,2022-11-07 11:35:00+00:00,2022-11-07 15:35:00+00:00,0.0,53000.0,"POLYGON ((-150.3 9.15, -146 8.45, -147 7, -151 7.45, -150.3 9.15))"
ZULU 10,2022-11-07 11:38:00+00:00,2022-11-07 15:40:00+00:00,0.0,54000.0,"POLYGON ((-164.45 15.15, -157 16.45, -150.15 14.15, -151.45 12.45, -155.3 14.15, -162 12.45, -164.45 15.15))"
NOVEMBER 2,2022-11-07 11:41:00+00:00,2022-11-07 15:45:00+00:00,0.0,58000.0,"POLYGON ((149 6.45, 149.3 0, 148 0, 145.15 2.15, 146 5.3, 149 6.45))"
XRAY 12,2022-11-07 11:47:00+00:00,2022-11-07 15:50:00+00:00,25000.0,42000.0,"POLYGON ((-167 30, -163 30, -165.3 26, -174 20, -177 20, -176 24, -167 30))"
7C,2022-11-07 11:55:00+00:00,2022-11-07 13:55:00+00:00,0.0,45000.0,"POLYGON ((-90.92207376362252 35.33469791163907, -89.16742330401641 35.01729199628249, -90.66043909121097 32.89932298160445, -92.04 33.18547582294557, -90.92207376362252 35.33469791163907))"
9W,2022-11-07 11:55:00+00:00,2022-11-07 13:55:00+00:00,0.0,29000.0,"POLYGON ((-115.28012665989199 41.889068173965995, -114.14804428686593 41.86466928864445, -114.36674798121469 40.537409033020204, -115.8249646451596 40.56483011763162, -115.28012665989199 41.889068173965995))"
8C,2022-11-07 11:55:00+00:00,2022-11-07 13:55:00+00:00,0.0,45000.0,"POLYGON ((-97.44611197479614 30.95892440343763, -96.9006574293416 30.95892440343763, -96.9006574293416 30.413469857983085, -97.44611197479614 30.413469857983085, -97.44611197479614 30.95892440343763))"
9C,2022-11-07 12:55:00+00:00,2022-11-07 14:55:00+00:00,0.0,45000.0,"POLYGON ((-91.24185628176748 34.994743677922806, -89.55090589158073 34.666321994215245, -90.66043909121097 32.89932298160445, -92.04 33.18547582294557, -91.24185628176748 34.994743677922806))"
10W,2022-11-07 12:55:00+00:00,2022-11-07 14:55:00+00:00,0.0,27000.0,"POLYGON ((-115.53733427505163 42.79358003067654, -113.65976138666976 42.222330037359406, -114.96998921333655 40.34166260885679, -116.76485784879205 40.68753694839314, -115.53733427505163 42.79358003067654))"
12W,2022-11-07 12:55:00+00:00,2022-11-07 14:55:00+00:00,0.0,27000.0,"POLYGON ((-125.23274896507364 45.39754013604385, -125.3462347008591 44.190750716989186, -126.39511621288605 44.55620392825565, -126.46211005430924 45.25535318974758, -125.23274896507364 45.39754013604385))"
11W,2022-11-07 12:55:00+00:00,2022-11-07 14:55:00+00:00,0.0,25000.0,"POLYGON ((-114.43646234910183 44.40462214768829, -112.85406855717547 44.27919457369794, -113.84712370527485 42.948774308550135, -114.92702057631232 43.24770048455137, -114.43646234910183 44.40462214768829))"
10C,2022-11-07 12:55:00+00:00,2022-11-07 14:55:00+00:00,0.0,44000.0,"POLYGON ((-97.3267384784259 31.060773159859274, -96.78128393297136 31.060773159859274, -96.78128393297136 30.515318614404727, -97.3267384784259 30.515318614404727, -97.3267384784259 31.060773159859274))"
11C,2022-11-07 13:55:00+00:00,2022-11-07 15:55:00+00:00,0.0,45000.0,"POLYGON ((-91.24904083418144 34.35812375537841, -90.12682729967294 33.76731564919611, -91.33780844147009 33.106255001902255, -91.63228771258481 33.63709410718481, -91.24904083418144 34.35812375537841))"
13W,2022-11-07 13:55:00+00:00,2022-11-07 15:55:00+00:00,0.0,26000.0,"POLYGON ((-115.59207892267989 41.65119516763874, -114.54313496687055 41.31556972340471, -115.61655889114436 39.88570045820868, -116.45782773854957 40.21615461842823, -115.59207892267989 41.65119516763874))"
12C,2022-11-07 13:55:00+00:00,2022-11-07 15:55:00+00:00,0.0,39000.0,"POLYGON ((-93.00628787996203 33.79398115313355, -93.25867281654374 33.258923360253455, -94.55811967935901 33.10013347030385, -94.59016629831731 33.50891308728169, -93.00628787996203 33.79398115313355))"
14W,2022-11-07 13:55:00+00:00,2022-11-07 15:55:00+00:00,0.0,25000.0,"POLYGON ((-112.7694461466927 44.25461222275232, -111.46516146592573 43.386339430535465, -114.0721196069061 42.78592452962344, -113.5031735457575 43.69540142641848, -112.7694461466927 44.25461222275232))"
13C,2022-11-07 14:55:00+00:00,2022-11-07 16:55:00+00:00,0.0,37000.0,"POLYGON ((-90.28 34.29184477868196, -90.87824851546583 33.4585633463776, -92.04 33.01910686720918, -91.4697544847365 34.089732798434284, -90.28 34.29184477868196))"
16W,2022-11-07 14:55:00+00:00,2022-11-07 16:55:00+00:00,0.0,26000.0,"POLYGON ((-111.35032481423693 44.34145239742824, -112.8658026733127 42.32658339972765, -115.33813276955736 43.801512627072945, -114.61188911385148 44.09652328234681, -111.35032481423693 44.34145239742824))"
15W,2022-11-07 14:55:00+00:00,2022-11-07 16:55:00+00:00,0.0,26000.0,"POLYGON ((-114.83195571313408 41.86466928864445, -114.85766344865752 40.72480082703279, -115.61655889114436 39.88570045820868, -116.75313574390808 40.26246991407796, -114.83195571313408 41.86466928864445))"
14C,2022-11-07 14:55:00+00:00,2022-11-07 16:55:00+00:00,0.0,43000.0,"POLYGON ((-96.956535366461 31.548967045717415, -96.67277170438717 31.147473050320073, -97.53 30.235429060579104, -97.65861374033493 30.64706929060161, -96.956535366461 31.548967045717415))"
17W,2022-11-07 14:55:00+00:00,2022-11-07 16:55:00+00:00,0.0,25000.0,"POLYGON ((-124.28205472175883 42.471816975131425, -123.59744031418784 41.96680047832521, -124.52413291778515 41.2038930024257, -125.29183464916893 40.997099062673236, -124.28205472175883 42.471816975131425))"
OSCAR 2,2022-11-07 15:11:00+00:00,2022-11-07 19:15:00+00:00,0.0,56000.0,"POLYGON ((-151.15 9.45, -145.15 8.45, -145.3 6.3, -151.3 7.45, -151.15 9.45))"
XRAY 13,2022-11-07 15:12:00+00:00,2022-11-07 19:15:00+00:00,25000.0,42000.0,"POLYGON ((-166 30, -161 30, -165.3 24.45, -176 18, -176 22.3, -166 30))"
NOVEMBER 3,2022-11-07 15:27:00+00:00,2022-11-07 19:30:00+00:00,0.0,58000.0,"POLYGON ((146 4.15, 147.45 2.3, 147.15 0.15, 143.45 1.45, 144.15 4, 146 4.15))"
19W,2022-11-07 15:55:00+00:00,2022-11-07 17:55:00+00:00,0.0,24000.0,"POLYGON ((-111.88111487916977 44.324810723765815, -111.18954538046002 43.609079620168195, -113.07432939619606 42.38931030457382, -113.68487802645625 43.065401693484795, -111.88111487916977 44.324810723765815))"
20W,2022-11-07 15:55:00+00:00,2022-11-07 17:55:00+00:00,0.0,25000.0,"POLYGON ((-123.5432794152187 42.00768656937299, -124.23 41.0027379114728, -125.24807353567854 40.98387392000348, -124.23 41.83458269015475, -123.5432794152187 42.00768656937299))"
15C,2022-11-07 15:55:00+00:00,2022-11-07 17:55:00+00:00,0.0,36000.0,"POLYGON ((-98.37941587612131 28.356370422382625, -98.01577951248494 28.356370422382625, -98.01577951248494 27.992734058746258, -98.37941587612131 27.992734058746258, -98.37941587612131 28.356370422382625))"
16C,2022-11-07 15:55:00+00:00,2022-11-07 17:55:00+00:00,0.0,45000.0,"POLYGON ((-96.6408285364771 31.879756724646285, -96.42077653969588 31.65718826241764, -97.68491277283363 30.43523353614154, -97.52851279683517 31.12547475303337, -96.6408285364771 31.879756724646285))"
18W,2022-11-07 15:55:00+00:00,2022-11-07 17:55:00+00:00,0.0,23000.0,"POLYGON ((-115.00095607210619 41.11065051024239, -114.63761326983942 40.45004443845696, -116.25220550340889 40.05693399959432, -116.77491202532605 40.30277678560628, -115.00095607210619 41.11065051024239))"
17C,2022-11-07 16:55:00+00:00,2022-11-07 18:55:00+00:00,0.0,45000.0,"POLYGON ((-98.46 28.808155221318042, -98.09649557428806 28.870980160276076, -98.1929908513793 27.897953807176233, -98.6192288751735 28.18354971880697, -98.46 28.808155221318042))"
22W,2022-11-07 16:55:00+00:00,2022-11-07 18:55:00+00:00,0.0,23000.0,"POLYGON ((-111.78108015950518 44.216532069967876, -110.73 43.94273791147278, -112.89915330945678 42.19912394231138, -113.70400029086787 43.18351446147855, -111.78108015950518 44.216532069967876))"
23W,2022-11-07 16:55:00+00:00,2022-11-07 18:55:00+00:00,0.0,25000.0,"POLYGON ((-124.05999999999999 45.24547582294556, -123.68349368740797 44.11906307546192, -124.70525564270093 44.38717963245698, -124.51293649678269 45.34763718745018, -124.05999999999999 45.24547582294556))"
21W,2022-11-07 16:55:00+00:00,2022-11-07 18:55:00+00:00,0.0,22000.0,"POLYGON ((-115.49417434482193 41.006933283740935, -115.07716595600121 40.72251337745525, -115.35027060233423 40.221166031811265, -116.15239268681923 39.97924457731128, -115.49417434482193 41.006933283740935))"
18C,2022-11-07 16:55:00+00:00,2022-11-07 18:55:00+00:00,0.0,44000.0,"POLYGON ((-97.04 32.43628718173731, -95.6958694716869 32.08451498479352, -97.53 30.38, -98.36563244946463 31.092931871627066, -97.04 32.43628718173731))"
ALFA 1,2022-11-07 17:15:00+00:00,2022-11-07 21:15:00+00:00,0.0,47000.0,"POLYGON ((-52.2 32.5, -47.4 31.35, -47.5 28.4, -52.5 31.35, -52.2 32.5))"
BRAVO 1,2022-11-07 17:30:00+00:00,2022-11-07 21:30:00+00:00,0.0,34000.0,"POLYGON ((-87.3 27.1, -86.05 24, -88 24.3, -93 24.35, -91.1 26.4, -87.3 27.1))"
19C,2022-11-07 17:55:00+00:00,2022-11-07 19:55:00+00:00,0.0,45000.0,"POLYGON ((-96.7606117723427 32.6344080894434, -96.20622626148321 32.1613866818594, -97.53 30.38, -98.4927079675789 31.199956969928518, -96.7606117723427 32.6344080894434))"
24W,2022-11-07 17:55:00+00:00,2022-11-07 19:55:00+00:00,0.0,26000.0,"POLYGON ((-124.48888480498817 42.46916363616025, -124.03783862353313 42.47447091526406, -123.91869842875154 40.90486402255473, -125.03749759336831 40.41251482285025, -124.48888480498817 42.46916363616025))"
25W,2022-11-07 17:55:00+00:00,2022-11-07 19:55:00+00:00,0.0,23000.0,"POLYGON ((-111.83738280852575 44.200045020747346, -111.09961898595319 43.72005508952007, -112.74623145678983 41.66535250959308, -113.2042620487179 42.459749492772154, -111.83738280852575 44.200045020747346))"
26W,2022-11-07 17:55:00+00:00,2022-11-07 19:55:00+00:00,0.0,25000.0,"POLYGON ((-123.87230018562956 44.635171290522884, -123.62276679607935 44.11929250531723, -124.2146383344598 44.312763093733906, -124.24769981437043 44.635171290522884, -123.87230018562956 44.635171290522884))"
XRAY 14,2022-11-07 18:27:00+00:00,2022-11-07 22:30:00+00:00,30000.0,40000.0,"POLYGON ((-166 30, -158.45 30, -176.3 16.15, -176 20.45, -166 30))"
OSCAR 3,2022-11-07 18:36:00+00:00,2022-11-07 22:35:00+00:00,0.0,53000.0,"POLYGON ((-151.3 10.15, -144.3 8.45, -145.15 6.15, -152.3 7.15, -151.3 10.15))"
NOVEMBER 4,2022-11-07 18:40:00+00:00,2022-11-07 22:40:00+00:00,0.0,50000.0,"POLYGON ((146.3 5, 148 0.3, 143.45 1.15, 143.15 4.45, 146.3 5))"
CHARLIE 1,2022-11-07 18:50:00+00:00,2022-11-07 22:50:00+00:00,0.0,48000.0,"POLYGON ((-65.45 19.35, -61.55 18.05, -63 17.2, -63.55 15, -67.3 15.45, -65.45 19.35))"
20C,2022-11-07 18:55:00+00:00,2022-11-07 20:55:00+00:00,0.0,45000.0,"POLYGON ((-95.85156491157714 32.864381406522625, -97.53 30.38, -98.85359623152716 30.59642894582137, -98.59087818783965 32.0279606345741, -95.85156491157714 32.864381406522625))"
28W,2022-11-07 18:55:00+00:00,2022-11-07 20:55:00+00:00,0.0,24000.0,"POLYGON ((-111.21539831490394 44.79156296324385, -110.81815656584286 43.76367105795566, -112.45 41.534524177054436, -113.2872004281082 42.39766260020412, -111.21539831490394 44.79156296324385))"
27W,2022-11-07 18:55:00+00:00,2022-11-07 20:55:00+00:00,0.0,28000.0,"POLYGON ((-125.10614935373856 43.123066948648926, -123.32788039309389 42.78592452962344, -123.59744031418784 41.96680047832521, -125.12707133903066 42.269369756067334, -125.10614935373856 43.123066948648926))"
29W,2022-11-07 18:55:00+00:00,2022-11-07 20:55:00+00:00,0.0,24000.0,"POLYGON ((-123.85702862937893 44.57982026148112, -123.77659596001972 43.95267171150999, -124.5197320780156 43.77767286693666, -124.62095585462572 44.41264983675493, -123.85702862937893 44.57982026148112))"
21C,2022-11-07 19:55:00+00:00,2022-11-07 21:55:00+00:00,0.0,45000.0,"POLYGON ((-97.04 33.036368955736386, -95.31037583012738 32.88932345993607, -97.9284583239546 29.829940069245925, -99.13244264681249 31.18639615938597, -97.04 33.036368955736386))"
31W,2022-11-07 19:55:00+00:00,2022-11-07 21:55:00+00:00,0.0,24000.0,"POLYGON ((-123.87265705503647 44.524521876070864, -123.40588116993106 44.06452431584858, -124.59515182070827 43.643774617996215, -123.87265705503647 44.524521876070864))"
30W,2022-11-07 19:55:00+00:00,2022-11-07 21:55:00+00:00,0.0,22000.0,"POLYGON ((-122.93618173663906 39.87661286921238, -122.07503718447514 38.8477401060588, -122.61098409085318 37.87526122202047, -123.66319825152439 38.7426572263769, -122.93618173663906 39.87661286921238))"
ALFA 2,2022-11-07 20:45:00+00:00,2022-11-08 00:45:00+00:00,0.0,45000.0,"POLYGON ((-52.05 33.25, -47.4 31.3, -47.25 28.1, -52.45 31.25, -52.05 33.25))"
22C,2022-11-07 20:55:00+00:00,2022-11-07 22:55:00+00:00,0.0,45000.0,"POLYGON ((-97.17 33.544524177054434, -95.26714806626936 33.504242729874754, -97.17319725084232 30.506848598371693, -99.13244264681249 31.18639615938597, -97.17 33.544524177054434))"
CHARLIE 2,2022-11-07 21:20:00+00:00,2022-11-08 01:20:00+00:00,0.0,49000.0,"POLYGON ((-61.15 31.15, -58.15 29.3, -59 18, -62 18, -67.15 16, -61.15 31.15))"
BRAVO 2,2022-11-07 21:25:00+00:00,2022-11-08 01:25:00+00:00,0.0,36000.0,"POLYGON ((-87.3 27.15, -86 24, -87.45 24.3, -92.45 24.3, -87.3 27.15))"
23C,2022-11-07 21:55:00+00:00,2022-11-07 23:55:00+00:00,0.0,45000.0,"POLYGON ((-96.5256563788426 33.987014576918014, -95.01372854074512 32.95399013768139, -95.77755236012206 32.415829944341056, -97.04 33.15914187884178, -96.5256563788426 33.987014576918014))"
24C,2022-11-07 21:55:00+00:00,2022-11-07 23:55:00+00:00,0.0,45000.0,"POLYGON ((-98.98242193513745 31.312908419662534, -97.62911907587485 31.352815720410444, -98.03274124290867 30.37903769269292, -99.31612089641582 30.59902920451599, -98.98242193513745 31.312908419662534))"
XRAY 15,2022-11-07 22:09:00+00:00,2022-11-08 02:10:00+00:00,30000.0,40000.0,"POLYGON ((-166 30, -158.45 30, -176.3 16.15, -176 20.45, -166 30))"
OSCAR 4,2022-11-07 22:13:00+00:00,2022-11-08 02:15:00+00:00,0.0,53000.0,"POLYGON ((-147.3 9.45, -142.3 8.3, -145.15 6.15, -148.45 7.15, -147.3 9.45))"
26C,2022-11-07 22:55:00+00:00,2022-11-08 00:55:00+00:00,0.0,45000.0,"POLYGON ((-97.95671399586817 31.06995703664485, -98.2392296444803 30.10093177842394, -99.10758736323615 30.34339259729768, -98.744340660057 30.977576653494896, -97.95671399586817 31.06995703664485))"
27C,2022-11-07 22:55:00+00:00,2022-11-08 00:55:00+00:00,0.0,44000.0,"POLYGON ((-88.67673531343073 30.940121326822936, -88.6655160957992 30.74043625187807, -89.9968496289834 30.665635866055215, -90.00806884661492 30.865320941000082, -88.67673531343073 30.940121326822936))"
25C,2022-11-07 22:55:00+00:00,2022-11-08 00:55:00+00:00,0.0,45000.0,"POLYGON ((-96.84740375220677 34.09892778409092, -95.28367619805145 33.50408265482495, -96.00726553623181 32.865757214318535, -97.67768873397448 33.08968278946038, -97.2367939827012 34.07641575796924, -96.84740375220677 34.09892778409092))"
28C,2022-11-07 23:55:00+00:00,2022-11-08 01:55:00+00:00,0.0,42000.0,"POLYGON ((-97.17 34.21, -95.26714806626936 33.504242729874754, -96.30588707258259 33.12252398880869, -97.85070448443852 33.73312081889757, -97.17 34.21))"
29C,2022-11-07 23:55:00+00:00,2022-11-08 01:55:00+00:00,0.0,35000.0,"POLYGON ((-98.15085906545063 30.699832731003127, -98.15054653286761 30.499832975194813, -99.14800841947586 30.498274276592312, -99.14832095205888 30.698274032400626, -98.15085906545063 30.699832731003127))"
30C,2022-11-07 23:55:00+00:00,2022-11-08 01:55:00+00:00,0.0,40000.0,"POLYGON ((-89.78401928224588 30.990210413081154, -88.82747122356649 30.995137665261005, -88.82644102194355 30.795140318567064, -89.78298908062294 30.790213066387214, -89.78401928224588 30.990210413081154))"
OSCAR 5,2022-11-08 00:21:00+00:00,2022-11-08 04:20:00+00:00,0.0,53000.0,"POLYGON ((-146.45 9.45, -141.45 9, -143.15 6.3, -148.15 7.15, -146.45 9.45))"
1C,2022-11-08 00:55:00+00:00,2022-11-08 02:55:00+00:00,0.0,42000.0,"POLYGON ((-96.08803196490558 34.23479133629657, -94.80954859806074 33.762471068875364, -95.93725590170112 33.24716666333695, -96.33498721907586 33.45622861203412, -96.08803196490558 34.23479133629657))"
1W,2022-11-08 00:55:00+00:00,2022-11-08 02:55:00+00:00,0.0,25000.0,"POLYGON ((-120.73501360984764 38.24645852661198, -120.62206655100405 38.08140410559097, -121.2413293252639 37.6576413940483, -121.3542763841075 37.82269581506931, -120.73501360984764 38.24645852661198))"
CHARLIE 3,2022-11-08 01:15:00+00:00,2022-11-08 05:15:00+00:00,0.0,49000.0,"POLYGON ((-61.15 31.15, -58.15 29.3, -59 18, -62 18, -67.15 16, -61.15 31.15))"
BRAVO 3,2022-11-08 01:20:00+00:00,2022-11-08 05:20:00+00:00,0.0,37000.0,"POLYGON ((-94.3 27.45, -89 26.3, -87.45 24.3, -93 24.3, -94.3 27.45))"
2C,2022-11-08 01:55:00+00:00,2022-11-08 03:55:00+00:00,0.0,38000.0,"POLYGON ((-95.94862567250479 34.327207483358215, -95.82265830059637 33.26407257678256, -96.02126900161687 33.24053984553115, -96.14723637352529 34.30367475210681, -95.94862567250479 34.327207483358215))"
2W,2022-11-08 01:55:00+00:00,2022-11-08 03:55:00+00:00,0.0,25000.0,"POLYGON ((-121.23272727272727 38.19186915156906, -120.68727272727274 38.19186915156906, -120.68727272727274 37.64641460611451, -121.23272727272727 37.64641460611451, -121.23272727272727 38.19186915156906))"
XRAY 16,2022-11-08 03:20:00+00:00,2022-11-08 07:20:00+00:00,30000.0,40000.0,"POLYGON ((-164.15 29.15, -157.15 27.45, -176.3 16.15, -176 20.45, -164.15 29.15))"
OSCAR 6,2022-11-08 03:21:00+00:00,2022-11-08 07:20:00+00:00,0.0,53000.0,"POLYGON ((-146 9.3, -140.15 10, -140.15 8.15, -146 7.15, -146 9.3))"
CHARLIE 4,2022-11-08 04:25:00+00:00,2022-11-08 08:25:00+00:00,0.0,48000.0,"POLYGON ((-61.45 27.15, -60 18.15, -62 18, -66 16.45, -65 23.3, -61.45 27.15))"
BRAVO 4,2022-11-08 04:30:00+00:00,2022-11-08 08:30:00+00:00,0.0,35000.0,"POLYGON ((-91.3 26.15, -89.45 24.3, -93 24.3, -95.15 25.45, -91.3 26.15))"
3W,2022-11-08 05:55:00+00:00,2022-11-08 07:55:00+00:00,0.0,25000.0,"POLYGON ((-121.62878296836622 37.257957126512295, -121.01696267851962 36.188013298884904, -122.90200132686333 35.59411140755697, -123.67360490075987 36.642025622554925, -121.62878296836622 37.257957126512295))"
4W,2022-11-08 06:55:00+00:00,2022-11-08 08:55:00+00:00,0.0,25000.0,"POLYGON ((-121.75936935111393 36.96730375774598, -121.36331578903136 36.198650686130755, -122.6157087732683 35.83218570406056, -122.84428685550353 36.65352844977741, -121.75936935111393 36.96730375774598))"
XRAY 17,2022-11-08 07:15:00+00:00,2022-11-08 11:15:00+00:00,,,"POLYGON ((-160 27.3, -173.3 25, 177.3 19, 177.3 14, -160 24.45, -160 27.3))"
5W,2022-11-08 07:55:00+00:00,2022-11-08 09:55:00+00:00,0.0,25000.0,"POLYGON ((-121.62878296836622 37.257957126512295, -121.36331578903136 36.198650686130755, -123.04450872045717 35.474821250425364, -123.39504775707022 36.78301136843148, -121.62878296836622 37.257957126512295))"
6W,2022-11-08 08:55:00+00:00,2022-11-08 10:55:00+00:00,0.0,26000.0,"POLYGON ((-121.79929660708122 37.72925245919289, -121.45357484302923 36.54226971417165, -122.90200132686333 35.59411140755697, -123.58454932462035 36.69447509299922, -121.79929660708122 37.72925245919289))"
8W,2022-11-08 09:55:00+00:00,2022-11-08 11:55:00+00:00,0.0,29000.0,"POLYGON ((-123.5739777932897 39.28488736809971, -122.81781065469856 38.696202995467495, -123.64834620248675 37.82276266988996, -124.45109018592557 38.662028221009024, -123.5739777932897 39.28488736809971))"
7W,2022-11-08 09:55:00+00:00,2022-11-08 11:55:00+00:00,0.0,29000.0,"POLYGON ((-122.13966791626657 37.576267846229086, -121.45357484302923 36.54226971417165, -122.90200132686333 35.59411140755697, -123.58454932462035 36.69447509299922, -122.13966791626657 37.576267846229086))"
PAPA 1,2022-11-08 10:31:00+00:00,2022-11-08 14:30:00+00:00,0.0,52000.0,"POLYGON ((-143.15 10, -140 10.15, -140 9, -141.3 8.15, -143.15 8.45, -143.15 10))"
DELTA 1,2022-11-08 10:40:00+00:00,2022-11-08 14:40:00+00:00,0.0,45000.0,"POLYGON ((-50 35.45, -47 34.3, -48.15 31.45, -51.15 33.45, -50 35.45))"
XRAY 18,2022-11-08 10:44:00+00:00,2022-11-08 14:45:00+00:00,35000.0,42000.0,"POLYGON ((-160 26, -160 24, -176.3 17.45, -178.15 23.3, -176.15 25, -160 26))"
9W,2022-11-08 10:55:00+00:00,2022-11-08 12:55:00+00:00,0.0,28000.0,"POLYGON ((-122.51843308444863 37.96490560487633, -121.36046316894627 37.120875377370275, -122.22502957821145 35.42871824920693, -123.68844224786314 35.94137019302244, -122.51843308444863 37.96490560487633))"
10W,2022-11-08 11:55:00+00:00,2022-11-08 13:55:00+00:00,0.0,27000.0,"POLYGON ((-121.2978028546857 37.740168604558804, -121.2375066162079 34.99916578002591, -123.10533485714495 35.42374568279852, -122.47779588535383 37.525264781543186, -121.2978028546857 37.740168604558804))"
11W,2022-11-08 12:55:00+00:00,2022-11-08 14:55:00+00:00,0.0,26000.0,"POLYGON ((-121.98384536291348 36.78671786168466, -121.2161546370865 36.78671786168466, -121.6 35.16267939837247, -123.3282583934713 35.23574110102974, -121.98384536291348 36.78671786168466))"
3C,2022-11-08 12:55:00+00:00,2022-11-08 14:55:00+00:00,0.0,44000.0,"POLYGON ((-93.97207711587922 37.85995039883316, -93.46871757872795 37.0927866203999, -96.06238677840904 35.66542611305917, -97.07436679613325 37.58294419597288, -93.97207711587922 37.85995039883316))"
QUEBEC 1,2022-11-08 13:24:00+00:00,2022-11-08 17:25:00+00:00,0.0,54000.0,"POLYGON ((136.3 9, 142 8.45, 145.15 5, 140.45 5, 137.45 6.15, 136.3 9))"
FOXTROT 1,2022-11-08 13:45:00+00:00,2022-11-08 17:45:00+00:00,0.0,53000.0,"POLYGON ((-140 11.4, -122.3 11.25, -125.05 7.5, -139.55 8, -140 11.4))"
12W,2022-11-08 13:55:00+00:00,2022-11-08 15:55:00+00:00,0.0,28000.0,"POLYGON ((-122.1733904358538 36.46762451394919, -121.44189843129365 36.35248561277346, -122.53038988283846 34.81189132103291, -123.18659356864084 35.35536407224314, -122.1733904358538 36.46762451394919))"
5C,2022-11-08 13:55:00+00:00,2022-11-08 15:55:00+00:00,0.0,41000.0,"POLYGON ((-95.72976997318081 28.247626044201557, -95.38431108599897 27.93903221923696, -95.78687100982616 27.281574781890285, -95.99644255644549 28.091807728813016, -95.72976997318081 28.247626044201557))"
4C,2022-11-08 13:55:00+00:00,2022-11-08 15:55:00+00:00,0.0,43000.0,"POLYGON ((-94.00414721032011 37.57938910207994, -93.84167049312371 36.949987127099256, -95.95540059761345 36.14456128488537, -96.73854363172346 37.470379459334254, -94.00414721032011 37.57938910207994))"
DELTA 2,2022-11-08 14:20:00+00:00,2022-11-08 18:20:00+00:00,0.0,45000.0,"POLYGON ((-49.5 35.5, -46.55 35.1, -47.45 31.05, -50.1 32.55, -49.5 35.5))"
6C,2022-11-08 14:55:00+00:00,2022-11-08 16:55:00+00:00,0.0,43000.0,"POLYGON ((-93.6269430103395 37.59491059880739, -93.62508697046131 37.12435176671056, -95.86905225411658 36.35367890128505, -96.16838395018881 37.47440063553829, -93.6269430103395 37.59491059880739))"
QUEBEC 2,2022-11-08 15:18:00+00:00,2022-11-08 19:20:00+00:00,0.0,56000.0,"POLYGON ((135.45 9, 141.15 9.15, 143.15 5.3, 139.3 5.3, 137.15 6, 135.45 9))"
7C,2022-11-08 16:55:00+00:00,2022-11-08 18:55:00+00:00,0.0,44000.0,"POLYGON ((-96.78 42.65178626558165, -95.74 42.00184477868196, -97.3307929444443 41.05715772183446, -97.9411100163286 41.25194221092902, -96.78 42.65178626558165))"
13W,2022-11-08 16:55:00+00:00,2022-11-08 18:55:00+00:00,0.0,25000.0,"POLYGON ((-111.57282136441704 40.97661820850097, -110.8803515511227 40.84477876652881, -111.56396419682329 40.080723596750126, -112.5977047164892 40.37778367082961, -111.57282136441704 40.97661820850097))"
FOXTROT 2,2022-11-08 17:20:00+00:00,2022-11-08 21:20:00+00:00,0.0,53000.0,"POLYGON ((-139.55 11.45, -122.15 11.15, -125.15 7.4, -139.5 8, -139.55 11.45))"
8C,2022-11-08 17:55:00+00:00,2022-11-08 19:55:00+00:00,0.0,44000.0,"POLYGON ((-96.34558828971097 42.88064655251599, -95.32886974048144 42.286959382729094, -97.01975920239389 41.372339925088596, -97.5589259849138 41.965508393020215, -96.34558828971097 42.88064655251599))"
ECHO 1,2022-11-08 18:40:00+00:00,2022-11-08 22:40:00+00:00,0.0,50000.0,"POLYGON ((-68 18.5, -65.05 18.4, -65.45 15.2, -68 16.1, -68 18.5))"
9C,2022-11-08 18:55:00+00:00,2022-11-08 20:55:00+00:00,0.0,44000.0,"POLYGON ((-95.13 43.471786265581656, -94.61089715275392 42.84483451117184, -96.9722514095527 41.5454549045857, -96.78 42.65178626558165, -95.13 43.471786265581656))"
14W,2022-11-08 18:55:00+00:00,2022-11-08 20:55:00+00:00,0.0,26000.0,"POLYGON ((-119.54138238361331 37.41394027382941, -118.18672041178584 37.19786444382048, -118.27707060749827 35.753834576955356, -119.68215074539982 36.61278801836591, -119.54138238361331 37.41394027382941))"
QUEBEC 3,2022-11-08 19:15:00+00:00,2022-11-08 23:20:00+00:00,0.0,56000.0,"POLYGON ((138.15 11, 142 5.45, 139 4.45, 136 6.15, 134 10.15, 138.15 11))"
10C,2022-11-08 19:55:00+00:00,2022-11-08 21:55:00+00:00,0.0,44000.0,"POLYGON ((-94.54987938303658 45.24454595962799, -93.97934803370066 43.55873552507589, -96.16793007103568 41.9377377950307, -96.78 42.98452417705444, -94.54987938303658 45.24454595962799))"
15W,2022-11-08 19:55:00+00:00,2022-11-08 21:55:00+00:00,0.0,26000.0,"POLYGON ((-118.98806624864334 36.87710052349026, -117.78881539178627 36.79548280732911, -118.53239696704968 35.669672174557775, -119.41515743343275 36.09441092646959, -118.98806624864334 36.87710052349026))"
11C,2022-11-08 20:55:00+00:00,2022-11-08 22:55:00+00:00,0.0,43000.0,"POLYGON ((-94.56690288128614 44.634593990376196, -93.02429257020208 43.62385986951361, -95.01333969832086 42.386420418758064, -96.40188456222963 42.98154186436794, -94.56690288128614 44.634593990376196))"
FOXTROT 3,2022-11-08 21:20:00+00:00,2022-11-09 01:20:00+00:00,0.0,50000.0,"POLYGON ((-136.45 12.3, -125.3 11.15, -126.45 7.15, -138.3 8.15, -136.45 12.3))"
GOLF 1,2022-11-08 21:30:00+00:00,2022-11-09 01:30:00+00:00,0.0,47000.0,"POLYGON ((-62.45 31.45, -60.45 27.15, -61.45 22.45, -65.15 24.15, -66.3 30.15, -62.45 31.45))"
12C,2022-11-08 21:55:00+00:00,2022-11-08 23:55:00+00:00,0.0,45000.0,"POLYGON ((-94.11134766530036 45.121363411048975, -92.11210466596322 44.09920591152673, -95.42631489328814 41.40485658614403, -96.14475284500926 43.457237689998514, -94.11134766530036 45.121363411048975))"
16W,2022-11-08 21:55:00+00:00,2022-11-08 23:55:00+00:00,0.0,28000.0,"POLYGON ((-121.30707472708215 38.166875129216855, -121.03434745435487 38.166875129216855, -121.03434745435487 37.89414785648959, -121.30707472708215 37.89414785648959, -121.30707472708215 38.166875129216855))"
17W,2022-11-08 21:55:00+00:00,2022-11-08 23:55:00+00:00,0.0,27000.0,"POLYGON ((-115.99504257370232 37.13082240733025, -115.83088916123064 37.016569804848295, -116.3934588293222 36.208292979951636, -116.55761224179388 36.32254558243359, -115.99504257370232 37.13082240733025))"
ECHO 2,2022-11-08 22:35:00+00:00,2022-11-09 02:35:00+00:00,0.0,47000.0,"POLYGON ((-64.45 19.45, -65 15.45, -67.15 15.45, -67.3 19.15, -64.45 19.45))"
13C,2022-11-08 22:55:00+00:00,2022-11-09 00:55:00+00:00,0.0,45000.0,"POLYGON ((-91.81352350830277 45.13479719167947, -91.55860209665151 44.06367070105892, -94.29 42.277262088527216, -95.1941705804489 42.6064451540383, -94.79896325240102 44.70480442254955, -91.81352350830277 45.13479719167947))"
20W,2022-11-08 22:55:00+00:00,2022-11-09 00:55:00+00:00,0.0,26000.0,"POLYGON ((-119.91835446699439 37.62092120817474, -119.72164553300563 37.58478818603421, -119.9280613323206 36.46105622462322, -120.12477026630935 36.49718924676375, -119.91835446699439 37.62092120817474))"
18W,2022-11-08 22:55:00+00:00,2022-11-09 00:55:00+00:00,0.0,31000.0,"POLYGON ((-120.79303554913767 38.95665404891931, -120.69174542996686 37.58190318608274, -120.89120477232578 37.567207242909745, -120.99249489149659 38.941958105746316, -120.79303554913767 38.95665404891931))"
19W,2022-11-08 22:55:00+00:00,2022-11-09 00:55:00+00:00,0.0,28000.0,"POLYGON ((-115.49315273713013 37.962353030218495, -115.31846088493678 37.864973582811686, -115.94047334020391 36.749127161502514, -116.11516519239726 36.84650660890932, -115.49315273713013 37.962353030218495))"
QUEBEC 4,2022-11-08 23:09:00+00:00,2022-11-09 03:20:00+00:00,0.0,56000.0,"POLYGON ((136.15 12, 140.15 6.45, 136.15 5.15, 134.15 8, 133.15 11, 136.15 12))"
14C,2022-11-08 23:55:00+00:00,2022-11-09 01:55:00+00:00,0.0,45000.0,"POLYGON ((-93.35409394630842 45.87743446378586, -90.77722608202583 43.90790735297796, -93.90661383007891 41.90083067810062, -95.0968350122626 43.19538883153018, -95.13 45.30184477868196, -93.35409394630842 45.87743446378586))"
21W,2022-11-08 23:55:00+00:00,2022-11-09 01:55:00+00:00,0.0,29000.0,"POLYGON ((-118.06762197190386 37.764343206001506, -115.13299793914501 37.659446049214516, -115.92319230609489 36.33225021413456, -117.89598020979727 36.41249192510709, -118.06762197190386 37.764343206001506))"
22W,2022-11-08 23:55:00+00:00,2022-11-09 01:55:00+00:00,0.0,25000.0,"POLYGON ((-119.65999999999998 38.365417309845256, -118.82558090776519 37.99528240993996, -119.4040252278835 36.879275114440524, -120.25918347573122 36.526268616759346, -120.66385336497731 37.39434817300271, -119.65999999999998 38.365417309845256))"
1E,2022-11-08 23:55:00+00:00,2022-11-09 01:55:00+00:00,0.0,32000.0,"POLYGON ((-80.28111788812674 29.297441204416582, -80.17569080132787 28.347475588065816, -82.20360289402993 27.706253173281496, -81.56873322948637 29.13324163591779, -80.28111788812674 29.297441204416582))"
3E,2022-11-09 00:55:00+00:00,2022-11-09 02:55:00+00:00,0.0,38000.0,"POLYGON ((-77.17924536115109 30.643087863040467, -76.08256301267936 28.08789332652287, -76.18116293791311 26.62650180355686, -78.04204956315537 26.66531555888638, -77.17924536115109 30.643087863040467))"
2E,2022-11-09 00:55:00+00:00,2022-11-09 02:55:00+00:00,0.0,30000.0,"POLYGON ((-80.88725153524189 27.32651203576478, -79.42827635773726 27.266667586075645, -78.85801633912979 24.49907333891924, -80.70105272474011 24.877166648114333, -80.88725153524189 27.32651203576478))"
1W,2022-11-09 00:55:00+00:00,2022-11-09 02:55:00+00:00,0.0,29000.0,"POLYGON ((-115.75164360595043 37.79644458178781, -115.15999999999998 37.07821373441837, -117.39229602573437 34.47810789255225, -118.07851341520954 35.475696121451776, -115.75164360595043 37.79644458178781))"
1E,2022-11-09 00:55:00+00:00,2022-11-09 02:55:00+00:00,0.0,30000.0,"POLYGON ((-80.75938009047265 28.992860967181922, -80.83729252560723 27.98624804290298, -82.3994811009805 27.455244114619532, -81.6901245225047 28.846232116286966, -80.75938009047265 28.992860967181922))"
1C,2022-11-09 00:55:00+00:00,2022-11-09 02:55:00+00:00,0.0,36000.0,"POLYGON ((-93.44199475351255 45.939576857429024, -91.62428193570065 44.177028778855544, -93.02957979609725 42.55534044655743, -94.47164203287444 42.665181518393226, -94.55294909371823 44.87746236443457, -93.44199475351255 45.939576857429024))"
2W,2022-11-09 00:55:00+00:00,2022-11-09 02:55:00+00:00,0.0,25000.0,"POLYGON ((-119.94358578083012 37.957598533740466, -118.87072760413683 37.99487022602689, -119.277793096361 36.87876840732514, -119.88904462929295 36.746413883207865, -120.45517940242384 37.462948861229144, -119.94358578083012 37.957598533740466))"
GOLF 2,2022-11-09 01:25:00+00:00,2022-11-09 05:25:00+00:00,0.0,46000.0,"POLYGON ((-62.3 31.45, -58.3 24.15, -64.15 24.15, -69 31.45, -62.3 31.45))"
5E,2022-11-09 01:55:00+00:00,2022-11-09 03:55:00+00:00,0.0,40000.0,"POLYGON ((-77.17924536115109 30.643087863040467, -76.08256301267936 28.08789332652287, -76.18116293791311 26.62650180355686, -78.78669224824179 26.674052879508793, -77.17924536115109 30.643087863040467))"
4E,2022-11-09 01:55:00+00:00,2022-11-09 03:55:00+00:00,0.0,36000.0,"POLYGON ((-79.16163806758793 27.500460269641966, -78.85801633912979 24.49907333891924, -80.62095753929755 24.139753076510644, -81.00979633679128 27.488030491583192, -79.16163806758793 27.500460269641966))"
4W,2022-11-09 01:55:00+00:00,2022-11-09 03:55:00+00:00,0.0,29000.0,"POLYGON ((-119.82000000000001 37.71184477868197, -118.85521880190952 37.1944404780911, -119.52676228054315 36.64435809271963, -120.14097053443511 37.49438935890213, -119.82000000000001 37.71184477868197))"
3W,2022-11-09 01:55:00+00:00,2022-11-09 03:55:00+00:00,0.0,30000.0,"POLYGON ((-115.06326422217614 38.899106514925, -114.39509143340712 36.69093959147172, -116.32481109512925 35.067057597104956, -116.91668464578743 36.74455876546626, -115.06326422217614 38.899106514925))"
7E,2022-11-09 02:55:00+00:00,2022-11-09 04:55:00+00:00,0.0,37000.0,"POLYGON ((-77.17924536115109 30.643087863040467, -76.08256301267936 28.08789332652287, -76.18116293791311 26.62650180355686, -78.97286876565066 26.675630616850057, -77.17924536115109 30.643087863040467))"
5W,2022-11-09 02:55:00+00:00,2022-11-09 04:55:00+00:00,0.0,28000.0,"POLYGON ((-114.85000000000001 39.632737911472795, -114.06842417387966 37.63474007060306, -115.40196106768822 34.44811186252935, -117.32702602551919 35.502777772913085, -114.85000000000001 39.632737911472795))"
6W,2022-11-09 02:55:00+00:00,2022-11-09 04:55:00+00:00,0.0,28000.0,"POLYGON ((-119.33656124284494 37.801255147621916, -118.36419192284036 36.87112090665983, -119.28890230813951 35.54351950015818, -120.06023676482921 37.340873449146265, -119.33656124284494 37.801255147621916))"
6E,2022-11-09 02:55:00+00:00,2022-11-09 04:55:00+00:00,0.0,32000.0,"POLYGON ((-79.74584679851922 26.98626624614, -79.67223960418944 24.463082130579462, -80.77496090601463 24.199262682122832, -81.18170436555835 26.75005045068664, -79.74584679851922 26.98626624614))"
7W,2022-11-09 02:55:00+00:00,2022-11-09 04:55:00+00:00,0.0,30000.0,"POLYGON ((-120.6271507736348 38.43638086985968, -120.44082201100778 38.037773733871695, -120.83074266058321 37.73215663339529, -121.10021954568695 37.89704942970224, -120.6271507736348 38.43638086985968))"
QUEBEC 5,2022-11-09 03:12:00+00:00,2022-11-09 07:20:00+00:00,,,"POLYGON ((137.15 12.3, 139.15 10.15, 139.3 7.15, 138.15 6.45, 137 8.45, 135.3 8, 135.45 5.3, 133.15 5, 131.15 11.3, 137.15 12.3))"
8W,2022-11-09 03:55:00+00:00,2022-11-09 05:55:00+00:00,,,"POLYGON ((-114.48177466836596 38.06644084963861, -115.25177466836594 36.287173455307766, -115.25552501705458 36.27703674169598, -115.38724621126282 35.85165786029997, -115.06822533163403 36.20774020669438, -114.29822533163404 37.987007601025226, -115.19619617715362 35.79249803891016, -115.06447498294538 36.21787692030617, -114.48177466836596 38.06644084963861))"
9E,2022-11-09 03:55:00+00:00,2022-11-09 05:55:00+00:00,0.0,37000.0,"POLYGON ((-76.97808172116771 28.908957479633735, -76.08256301267936 28.08789332652287, -76.18116293791311 26.62650180355686, -78.97286876565066 26.675630616850057, -76.97808172116771 28.908957479633735))"
8E,2022-11-09 03:55:00+00:00,2022-11-09 05:55:00+00:00,0.0,32000.0,"POLYGON ((-80.60692552928559 26.870063887745584, -79.53142368096782 26.678907617793083, -78.60267983213524 24.261108945577764, -80.62095753929755 24.139753076510644, -80.60692552928559 26.870063887745584))"
2C,2022-11-09 03:55:00+00:00,2022-11-09 05:55:00+00:00,0.0,41000.0,"POLYGON ((-91.7518293864151 45.3607939403513, -90.1867239604309 44.51066964598057, -92.64657065498042 43.08796648240902, -94.77684165246207 43.854632693075054, -91.7518293864151 45.3607939403513))"
3C,2022-11-09 03:55:00+00:00,2022-11-09 05:55:00+00:00,0.0,33000.0,"POLYGON ((-96.95688605329428 43.95727381978883, -96.86776521365721 43.49626150045209, -99.10759960081266 42.59657625916663, -98.45429500195104 43.86790179066197, -96.95688605329428 43.95727381978883))"
9W,2022-11-09 03:55:00+00:00,2022-11-09 05:55:00+00:00,0.0,28000.0,"POLYGON ((-119.03667319165994 37.993206818939285, -117.89598020979727 36.41249192510709, -118.81022069409255 35.71493523333193, -119.82000000000001 37.37910686720919, -119.03667319165994 37.993206818939285))"
10W,2022-11-09 03:55:00+00:00,2022-11-09 05:55:00+00:00,0.0,30000.0,"POLYGON ((-120.69410811877256 38.71351718420078, -120.17906627650308 38.24079859099177, -120.41236832192855 37.628734489817376, -121.0892573394168 37.73215663339529, -120.69410811877256 38.71351718420078))"
GOLF 3,2022-11-09 04:25:00+00:00,2022-11-09 08:25:00+00:00,0.0,46000.0,"POLYGON ((-62.3 31.45, -58.45 22.45, -66 24.3, -66.45 31.45, -62.3 31.45))"
ROMEO 1,2022-11-09 04:28:00+00:00,2022-11-09 08:25:00+00:00,0.0,54000.0,"POLYGON ((-165.15 13.45, -160 10.15, -160 7.15, -167.15 10.45, -165.15 13.45))"
10E,2022-11-09 04:55:00+00:00,2022-11-09 06:55:00+00:00,0.0,36000.0,"POLYGON ((-76.4350886114612 27.970067284132778, -76.92536262025473 26.644934515787455, -78.97286876565066 26.675630616850057, -77.66284712507748 27.550658532027946, -76.4350886114612 27.970067284132778))"
5C,2022-11-09 04:55:00+00:00,2022-11-09 06:55:00+00:00,0.0,41000.0,"POLYGON ((-95.59626432000985 44.46905155516409, -98.48141178748465 42.53347765447398, -99.10759960081266 42.59657625916663, -98.06262923881218 44.02485811131984, -95.59626432000985 44.46905155516409))"
11W,2022-11-09 04:55:00+00:00,2022-11-09 06:55:00+00:00,0.0,27000.0,"POLYGON ((-112.68913869289145 37.816694430316865, -113.90735798032703 34.95970670843372, -115.85219235235394 34.79848914128156, -114.8703694276507 37.326786125157824, -112.68913869289145 37.816694430316865))"
4C,2022-11-09 04:55:00+00:00,2022-11-09 06:55:00+00:00,0.0,45000.0,"POLYGON ((-90.08020719704525 45.62832198933315, -89.20445783865354 44.555509896803734, -91.69884529404592 43.5090722841733, -94.59329643684558 43.143866648007, -93.80375854611889 44.702635868594314, -90.08020719704525 45.62832198933315))"
11E,2022-11-09 05:55:00+00:00,2022-11-09 07:55:00+00:00,0.0,30000.0,"POLYGON ((-76.4350886114612 27.970067284132778, -76.92536262025473 26.644934515787455, -78.97286876565066 26.675630616850057, -77.66284712507748 27.550658532027946, -76.4350886114612 27.970067284132778))"
6C,2022-11-09 05:55:00+00:00,2022-11-09 07:55:00+00:00,0.0,45000.0,"POLYGON ((-89.46 46.96095164589115, -88.62049711859396 44.4318569983591, -93.33 43.09, -93.5955518886103 44.254625043236224, -89.46 46.96095164589115))"
7C,2022-11-09 05:55:00+00:00,2022-11-09 07:55:00+00:00,0.0,41000.0,"POLYGON ((-95.13 45.30184477868196, -94.47586857709759 43.99756103972062, -97.33684488142256 42.462041123390755, -99.64074369604437 43.18429236797235, -99.51261719865124 44.579175522044686, -95.13 45.30184477868196))"
12E,2022-11-09 06:55:00+00:00,2022-11-09 08:55:00+00:00,0.0,30000.0,"POLYGON ((-76.4350886114612 27.970067284132778, -76.92536262025473 26.644934515787455, -78.97286876565066 26.675630616850057, -77.66284712507748 27.550658532027946, -76.4350886114612 27.970067284132778))"
8C,2022-11-09 06:55:00+00:00,2022-11-09 08:55:00+00:00,0.0,44000.0,"POLYGON ((-89.43 46.839048354108854, -88.36966002755602 44.86726941532978, -92.5310354098717 43.58674115513451, -92.90936603147574 44.63424048677371, -89.43 46.839048354108854))"
9C,2022-11-09 06:55:00+00:00,2022-11-09 08:55:00+00:00,0.0,44000.0,"POLYGON ((-94.03 45.68452417705443, -93.68327647786064 44.10061077371012, -96.29509771719522 43.296049537978774, -99.72027794867908 43.62062502360564, -99.55503962166155 45.413872714911115, -94.03 45.68452417705443))"
12W,2022-11-09 06:55:00+00:00,2022-11-09 08:55:00+00:00,0.0,27000.0,"POLYGON ((-113.14975898769308 40.919395596006495, -111.81244023188165 40.54246872170039, -112.5920935491725 39.14626626946023, -113.85236294809476 39.61408582659102, -113.14975898769308 40.919395596006495))"
QUEBEC 6,2022-11-09 07:02:00+00:00,2022-11-09 11:00:00+00:00,0.0,53000.0,"POLYGON ((130 13.3, 135 12.45, 132.15 7.45, 130 7.3, 130 13.3))"
11C,2022-11-09 07:55:00+00:00,2022-11-09 09:55:00+00:00,0.0,40000.0,"POLYGON ((-94.91655644606111 46.09189651976792, -93.77146650280437 43.857682560182, -97.4697681379182 43.64792627580358, -99.02472100265678 45.22712558541912, -94.91655644606111 46.09189651976792))"
10C,2022-11-09 07:55:00+00:00,2022-11-09 09:55:00+00:00,0.0,44000.0,"POLYGON ((-88.0876446919104 46.81851393784562, -87.75761450331797 44.68651879409954, -91.89578909719401 43.78187514480364, -92.58720538360248 45.059144626634854, -88.0876446919104 46.81851393784562))"
13W,2022-11-09 07:55:00+00:00,2022-11-09 09:55:00+00:00,0.0,26000.0,"POLYGON ((-112.76642441302363 41.96428301674706, -111.41782119443297 41.87702634175134, -111.56396419682329 40.080723596750126, -112.75077473348728 40.25921934592611, -112.76642441302363 41.96428301674706))"
14W,2022-11-09 07:55:00+00:00,2022-11-09 09:55:00+00:00,0.0,26000.0,"POLYGON ((-113.20056027725178 38.392434234923705, -111.70154996140738 38.15905466165997, -112.69817122244908 36.920803284284354, -113.84319147271717 37.17058160629867, -113.20056027725178 38.392434234923705))"
HOTEL 1,2022-11-09 08:05:00+00:00,2022-11-09 12:05:00+00:00,0.0,49000.0,"POLYGON ((-65 18.3, -63.3 17.45, -65.15 15.3, -66 15.45, -66 17.45, -65 18.3))"
ROMEO 2,2022-11-09 08:11:00+00:00,2022-11-09 12:05:00+00:00,0.0,53000.0,"POLYGON ((-163 11.3, -146.3 10, -149.3 5.45, -164 7.3, -163 11.3))"
GOLF 4,2022-11-09 08:20:00+00:00,2022-11-09 12:20:00+00:00,0.0,45000.0,"POLYGON ((-60.3 32, -60 27.3, -66 24, -66 31, -60.3 32))"
12C,2022-11-09 08:55:00+00:00,2022-11-09 10:55:00+00:00,0.0,43000.0,"POLYGON ((-87.4 47.181844778681956, -87.02260441825707 44.554053908387274, -92.31974594798791 43.65217639889698, -92.53577002374668 44.86783602230632, -87.4 47.181844778681956))"
13C,2022-11-09 08:55:00+00:00,2022-11-09 10:55:00+00:00,0.0,43000.0,"POLYGON ((-97.2487968962396 46.08147070221959, -93.06739353465908 46.069322488183865, -92.93060722471458 44.335315251627065, -96.49647155762065 43.85410456963727, -98.74983535886905 45.30871990562062, -97.2487968962396 46.08147070221959))"
14C,2022-11-09 09:55:00+00:00,2022-11-09 11:55:00+00:00,0.0,43000.0,"POLYGON ((-86.5385754007039 46.934993207820334, -86.48570983060846 44.66617976642114, -91.47 43.91, -91.7518293864151 45.3607939403513, -86.5385754007039 46.934993207820334))"
15C,2022-11-09 09:55:00+00:00,2022-11-09 11:55:00+00:00,0.0,43000.0,"POLYGON ((-96.66521412814465 46.442440947143595, -91.92334963642357 46.33855008725631, -91.9318552926896 43.90906992230621, -96.4535537443245 43.88481791871748, -98.37 45.75273791147279, -96.66521412814465 46.442440947143595))"
17C,2022-11-09 10:55:00+00:00,2022-11-09 12:55:00+00:00,0.0,43000.0,"POLYGON ((-90.8623953703453 46.41016915216259, -91.04238518072466 44.03653709829347, -94.63948538071823 43.22429162434285, -95.3567007788968 45.96029077467616, -90.8623953703453 46.41016915216259))"
16C,2022-11-09 10:55:00+00:00,2022-11-09 12:55:00+00:00,0.0,44000.0,"POLYGON ((-85.8286043464388 46.78496429338158, -85.55 44.67, -91.0081447073104 43.90906992230621, -90.64102065695968 45.48515279829484, -85.8286043464388 46.78496429338158))"
HOTEL 2,2022-11-09 11:15:00+00:00,2022-11-09 15:15:00+00:00,0.0,50000.0,"POLYGON ((-65 17.3, -63.3 17.15, -65.15 15, -67.3 15.45, -67 16.45, -65 17.3))"
ROMEO 3,2022-11-09 11:41:00+00:00,2022-11-09 15:40:00+00:00,0.0,53000.0,"POLYGON ((-154 11.3, -146.3 10, -151 6, -159.45 5.3, -154 11.3))"
18C,2022-11-09 11:55:00+00:00,2022-11-09 13:55:00+00:00,0.0,43000.0,"POLYGON ((-84.98110982245025 46.599041882152996, -83.65969272678844 44.910798964906476, -89.76 44.215475822945564, -89.9678841631682 45.981801457577205, -84.98110982245025 46.599041882152996))"
19C,2022-11-09 11:55:00+00:00,2022-11-09 13:55:00+00:00,0.0,43000.0,"POLYGON ((-90.26672832622585 46.783561023151265, -89.76 44.38184477868196, -94.68969165009669 43.700622664498766, -94.47432016105857 46.22180485832793, -90.26672832622585 46.783561023151265))"
GOLF 5,2022-11-09 12:10:00+00:00,2022-11-09 16:10:00+00:00,0.0,46000.0,"POLYGON ((-64.3 30.45, -60.15 30, -64.15 23, -67.15 23.15, -64.3 30.45))"
13E,2022-11-09 12:55:00+00:00,2022-11-09 14:55:00+00:00,0.0,33000.0,"POLYGON ((-76.62242876451066 29.02683697822481, -76.92536262025473 26.644934515787455, -78.70768203712859 27.182633878230448, -78.04017616835857 28.549753072258635, -76.62242876451066 29.02683697822481))"
21C,2022-11-09 12:55:00+00:00,2022-11-09 14:55:00+00:00,0.0,41000.0,"POLYGON ((-89.92157551467054 46.397603755053915, -89.90908855105174 44.86058773118486, -93.24 44.20452417705442, -93.603230090773 45.484247939578786, -89.92157551467054 46.397603755053915))"
22C,2022-11-09 12:55:00+00:00,2022-11-09 14:55:00+00:00,0.0,31000.0,"POLYGON ((-100.10263090704859 47.68084444111873, -95.92699049662752 47.32174589486951, -97.49013026610682 45.67129918929541, -100.67 46.26089313279081, -100.10263090704859 47.68084444111873))"
20C,2022-11-09 12:55:00+00:00,2022-11-09 14:55:00+00:00,0.0,39000.0,"POLYGON ((-84.98110982245025 46.599041882152996, -84.03530252836217 45.948554601355134, -83.65969272678844 44.910798964906476, -89.90908855105174 44.86058773118486, -89.73540501008182 46.09078561690338, -84.98110982245025 46.599041882152996))"
14E,2022-11-09 13:55:00+00:00,2022-11-09 15:55:00+00:00,0.0,31000.0,"POLYGON ((-80.63338686589172 27.372516492034247, -78.88114592700765 27.120543956737375, -79.444141645063 23.953169938557586, -80.4532068212314 24.07469221014595, -80.63338686589172 27.372516492034247))"
24C,2022-11-09 13:55:00+00:00,2022-11-09 15:55:00+00:00,0.0,39000.0,"POLYGON ((-89.46 46.461844778681964, -89.46 44.79815522131804, -92.90936603147574 44.63424048677371, -92.40146707996382 45.45515601276651, -89.46 46.461844778681964))"
23C,2022-11-09 13:55:00+00:00,2022-11-09 15:55:00+00:00,0.0,37000.0,"POLYGON ((-84.75730695094092 46.715812732070496, -84.07103251407551 46.00905146770093, -83.39 45.172854697104476, -89.46 45.19628718173732, -89.46 45.63, -84.75730695094092 46.715812732070496))"
25C,2022-11-09 13:55:00+00:00,2022-11-09 15:55:00+00:00,0.0,30000.0,"POLYGON ((-98.18173589468799 47.669089881291534, -95.88034330468443 46.46926562414684, -95.70705090628176 44.87746236443457, -100.67 46.470858121158216, -98.18173589468799 47.669089881291534))"
HOTEL 3,2022-11-09 14:50:00+00:00,2022-11-09 18:50:00+00:00,0.0,48000.0,"POLYGON ((-66.1 17, -64.1 16.25, -65.1 15, -67.05 15.4, -66.1 17))"
ROMEO 4,2022-11-09 14:53:00+00:00,2022-11-09 18:50:00+00:00,0.0,56000.0,"POLYGON ((-154.15 11, -143.45 10, -144.15 7, -159.3 5.45, -154.15 11))"
15E,2022-11-09 14:55:00+00:00,2022-11-09 16:55:00+00:00,0.0,30000.0,"POLYGON ((-80.49 27.68, -78.88114592700765 27.120543956737375, -79.444141645063 23.953169938557586, -80.4532068212314 24.07469221014595, -80.49 27.68))"
16E,2022-11-09 14:55:00+00:00,2022-11-09 16:55:00+00:00,0.0,38000.0,"POLYGON ((-77.15560432621213 28.84966777351555, -77.66977732238547 26.659491541282645, -78.88114592700765 27.120543956737375, -79.79734241549319 27.423611960799473, -79.09496772306241 28.18234019871833, -77.15560432621213 28.84966777351555))"
26C,2022-11-09 14:55:00+00:00,2022-11-09 16:55:00+00:00,0.0,38000.0,"POLYGON ((-89.46 46.461844778681964, -84.31 46.41, -84.03530252836217 45.948554601355134, -82.84625809298251 45.37095295221505, -89.46 45.130893132790824, -89.46 46.461844778681964))"
28C,2022-11-09 14:55:00+00:00,2022-11-09 16:55:00+00:00,0.0,31000.0,"POLYGON ((-97.19 48.28273791147278, -94.64684083805486 46.96457030034469, -93.66514503673217 45.73459580440702, -94.4652356907155 44.93864480522928, -99.76829805504586 47.011137283424446, -97.19 48.28273791147278))"
27C,2022-11-09 14:55:00+00:00,2022-11-09 16:55:00+00:00,0.0,39000.0,"POLYGON ((-89.46 46.461844778681964, -89.46 44.79815522131804, -91.69675268164205 44.836128210663965, -91.93551871787996 45.66762713171728, -89.46 46.461844778681964))"
SIERRA 1,2022-11-09 15:19:00+00:00,2022-11-09 19:15:00+00:00,0.0,54000.0,"POLYGON ((139.3 12.45, 153 6.3, 148.15 3.15, 135.45 8.15, 139.3 12.45))"
GOLF 6,2022-11-09 15:45:00+00:00,2022-11-09 19:45:00+00:00,0.0,43000.0,"POLYGON ((-62.5 31.15, -57.15 31, -64.1 23.25, -66.05 23.5, -62.5 31.15))"
18E,2022-11-09 15:55:00+00:00,2022-11-09 17:55:00+00:00,0.0,39000.0,"POLYGON ((-77.15560432621213 28.84966777351555, -77.85590869253983 26.662524797668226, -78.88114592700765 27.120543956737375, -79.79734241549319 27.423611960799473, -79.44494193474968 28.058076368529584, -77.15560432621213 28.84966777351555))"
17E,2022-11-09 15:55:00+00:00,2022-11-09 17:55:00+00:00,0.0,30000.0,"POLYGON ((-80.49 27.68, -78.88114592700765 27.120543956737375, -79.444141645063 23.953169938557586, -80.28 24.635417309845252, -80.49 27.68))"
31C,2022-11-09 15:55:00+00:00,2022-11-09 17:55:00+00:00,0.0,30000.0,"POLYGON ((-95.69460320954947 48.653986200346516, -94.49326256917422 47.93172201900709, -93.1434435539389 46.09189651976792, -93.51168536713995 45.33079427780004, -98.78247479593598 47.49325646935719, -95.69460320954947 48.653986200346516))"
30C,2022-11-09 15:55:00+00:00,2022-11-09 17:55:00+00:00,0.0,39000.0,"POLYGON ((-89.46 46.461844778681964, -89.46 44.96452417705444, -92.59152337013853 44.67716115073592, -91.48 45.89821373441836, -89.46 46.461844778681964))"
29C,2022-11-09 15:55:00+00:00,2022-11-09 17:55:00+00:00,0.0,36000.0,"POLYGON ((-89.46 46.461844778681964, -84.31 46.41, -84.03530252836217 45.948554601355134, -82.84625809298251 45.37095295221505, -89.46 44.96452417705444, -89.46 46.461844778681964))"
32C,2022-11-09 15:55:00+00:00,2022-11-09 17:55:00+00:00,0.0,33000.0,"POLYGON ((-86.436447322764 43.16931560818202, -86.32 41.91457093942089, -86.9015121137602 41.76853386208594, -87.36921440666532 42.8397535628891, -86.436447322764 43.16931560818202))"
19E,2022-11-09 16:55:00+00:00,2022-11-09 18:55:00+00:00,0.0,34000.0,"POLYGON ((-80.49 27.68, -78.88114592700765 27.120543956737375, -79.444141645063 23.953169938557586, -81.38674750248056 26.17653939656358, -80.49 27.68))"
20E,2022-11-09 16:55:00+00:00,2022-11-09 18:55:00+00:00,0.0,40000.0,"POLYGON ((-77.15560432621213 28.84966777351555, -77.85590869253983 26.662524797668226, -78.88114592700765 27.120543956737375, -80.49 27.68, -80.09017300608167 28.03234758826255, -77.15560432621213 28.84966777351555))"
36C,2022-11-09 16:55:00+00:00,2022-11-09 18:55:00+00:00,0.0,37000.0,"POLYGON ((-86.04 43.17, -85.79222542524215 42.234278881752736, -86.7958155479664 42.12194342350967, -86.95241587472975 43.16637479174858, -86.04 43.17))"
35C,2022-11-09 16:55:00+00:00,2022-11-09 18:55:00+00:00,0.0,28000.0,"POLYGON ((-95.02 48.91095164589113, -94.10422003081875 48.376907631374365, -92.2 46.46726208852721, -93.18691725449506 45.758675831711265, -97.64783931575221 47.82175529104184, -95.02 48.91095164589113))"
34C,2022-11-09 16:55:00+00:00,2022-11-09 18:55:00+00:00,0.0,40000.0,"POLYGON ((-89.46 46.12910686720918, -89.7309104667453 45.16856344203276, -92.18459729174687 44.89783375507423, -91.48 45.56547582294557, -89.46 46.12910686720918))"
33C,2022-11-09 16:55:00+00:00,2022-11-09 18:55:00+00:00,0.0,31000.0,"POLYGON ((-89.46 46.497425636525364, -84.31 46.41, -84.07103251407551 46.00905146770093, -82.52166304294595 45.060095877470594, -89.46 45.774570939420904, -89.46 46.497425636525364))"
21E,2022-11-09 17:55:00+00:00,2022-11-09 19:55:00+00:00,0.0,33000.0,"POLYGON ((-81.38042069572057 29.535008850182635, -79.55298265182502 28.500327787280437, -78.73022793261835 24.380144620417656, -80.63132054734965 25.031054795294956, -81.38042069572057 29.535008850182635))"
22E,2022-11-09 17:55:00+00:00,2022-11-09 19:55:00+00:00,0.0,41000.0,"POLYGON ((-79.55298265182502 28.500327787280437, -76.61106191602163 27.910817677605095, -77.85590869253983 26.662524797668226, -78.88114592700765 27.120543956737375, -78.98651900960778 25.79427881205052, -79.55298265182502 28.500327787280437))"
37C,2022-11-09 17:55:00+00:00,2022-11-09 19:55:00+00:00,0.0,30000.0,"POLYGON ((-94.16425002566397 48.567536900123855, -92.90715757841835 48.56890527028658, -91.22790927501958 46.795884752640134, -93.52198601082424 45.99594827400767, -94.67276872077458 47.3441931174548, -94.16425002566397 48.567536900123855))"
38C,2022-11-09 17:55:00+00:00,2022-11-09 19:55:00+00:00,0.0,35000.0,"POLYGON ((-86.2801428602049 46.662889249355835, -84.31 46.41, -84.03530252836217 45.948554601355134, -82.84625809298251 45.37095295221505, -90.41160143459608 45.626049581068806, -86.2801428602049 46.662889249355835))"
ROMEO 5,2022-11-09 18:08:00+00:00,2022-11-09 22:00:00+00:00,0.0,54000.0,"POLYGON ((-144.3 9.45, -144.15 7, -159.3 5.3, -160.15 9, -144.3 9.45))"
HOTEL 4,2022-11-09 18:25:00+00:00,2022-11-09 22:25:00+00:00,0.0,49000.0,"POLYGON ((-67.5 20.05, -63.55 16.05, -64.15 15.05, -65.15 15.1, -68 16, -67.5 20.05))"
24E,2022-11-09 18:55:00+00:00,2022-11-09 20:55:00+00:00,0.0,30000.0,"POLYGON ((-77.33292425561181 28.79014587564077, -77.85590869253983 26.662524797668226, -78.88114592700765 27.120543956737375, -78.98651900960778 25.79427881205052, -79.44494193474968 28.058076368529584, -77.33292425561181 28.79014587564077))"
23E,2022-11-09 18:55:00+00:00,2022-11-09 20:55:00+00:00,0.0,29000.0,"POLYGON ((-79.27005623616982 28.120319361713236, -78.85801633912979 24.49907333891924, -80.28 24.46904835410886, -81.25619472525302 26.058482039171153, -80.63419626374355 27.987335060327325, -79.27005623616982 28.120319361713236))"
40C,2022-11-09 18:55:00+00:00,2022-11-09 20:55:00+00:00,0.0,35000.0,"POLYGON ((-86.2801428602049 46.662889249355835, -84.31 46.41, -84.03530252836217 45.948554601355134, -86.91795262105819 46.34898720878785, -86.2801428602049 46.662889249355835))"
39C,2022-11-09 18:55:00+00:00,2022-11-09 20:55:00+00:00,0.0,30000.0,"POLYGON ((-94.0654317861678 48.568140043831896, -92.97303952338999 48.56917334217533, -90.00033051526108 47.23360784133824, -91.60716522361366 46.389552965906915, -93.7877654600073 46.75044396447909, -94.0654317861678 48.568140043831896))"
25E,2022-11-09 19:55:00+00:00,2022-11-09 21:55:00+00:00,0.0,30000.0,"POLYGON ((-80.99049066889721 28.412219359328287, -79.27005623616982 28.120319361713236, -78.85801633912979 24.49907333891924, -79.444141645063 23.953169938557586, -80.8343635575218 25.798949119323996, -80.99049066889721 28.412219359328287))"
27E,2022-11-09 19:55:00+00:00,2022-11-09 21:55:00+00:00,0.0,37000.0,"POLYGON ((-78.98651900960778 25.79427881205052, -78.73022793261835 24.380144620417656, -79.5128567803571 24.10724738331726, -80.28 25.13452417705443, -78.98651900960778 25.79427881205052))"
26E,2022-11-09 19:55:00+00:00,2022-11-09 21:55:00+00:00,0.0,41000.0,"POLYGON ((-77.33292425561181 28.79014587564077, -77.85590869253983 26.662524797668226, -78.88114592700765 27.120543956737375, -78.98651900960778 25.79427881205052, -79.44494193474968 28.058076368529584, -77.33292425561181 28.79014587564077))"
41C,2022-11-09 19:55:00+00:00,2022-11-09 21:55:00+00:00,0.0,29000.0,"POLYGON ((-92.97303952338999 48.56917334217533, -89.43 47.44714530289553, -92.05094785198365 46.69767603200423, -92.2 47.37828375768357, -92.91614346322127 47.76753500330982, -92.97303952338999 48.56917334217533))"
29E,2022-11-09 20:55:00+00:00,2022-11-09 22:55:00+00:00,0.0,41000.0,"POLYGON ((-77.33292425561181 28.79014587564077, -77.85590869253983 26.662524797668226, -78.88114592700765 27.120543956737375, -78.98651900960778 25.79427881205052, -79.55298265182502 28.500327787280437, -77.33292425561181 28.79014587564077))"
28E,2022-11-09 20:55:00+00:00,2022-11-09 22:55:00+00:00,0.0,30000.0,"POLYGON ((-81.51610198412087 29.65230753044143, -79.55298265182502 28.500327787280437, -78.98651900960778 25.79427881205052, -80.28 25.13452417705443, -81.13132408181599 25.479191370833874, -81.51610198412087 29.65230753044143))"
30E,2022-11-09 20:55:00+00:00,2022-11-09 22:55:00+00:00,0.0,33000.0,"POLYGON ((-78.98651900960778 25.79427881205052, -78.60267983213524 24.261108945577764, -79.5128567803571 24.10724738331726, -80.28 25.13452417705443, -78.98651900960778 25.79427881205052))"
42C,2022-11-09 20:55:00+00:00,2022-11-09 22:55:00+00:00,0.0,34000.0,"POLYGON ((-88.90443888935958 47.815874276166795, -91.18224660764913 46.089604009531634, -91.75199410730669 46.671791215313434, -91.33124864860653 47.384941917276706, -90.34728246843116 47.91167113548173, -88.90443888935958 47.815874276166795))"
15W,2022-11-09 20:55:00+00:00,2022-11-09 22:55:00+00:00,0.0,27000.0,"POLYGON ((-111.70887287354826 41.05413733980423, -110.6681314077607 40.54766696095994, -111.78609464240965 37.279973910890256, -114.74501684618512 36.880684313924576, -111.70887287354826 41.05413733980423))"
ROMEO 6,2022-11-09 21:31:00+00:00,2022-11-10 01:25:00+00:00,0.0,50000.0,"POLYGON ((-145 10, -145.45 7.3, -150.45 6.3, -151 10, -145 10))"
TANGO 1,2022-11-09 21:36:00+00:00,2022-11-10 01:35:00+00:00,0.0,55000.0,"POLYGON ((135.15 7.45, 136.45 7.15, 134.45 5.3, 132.3 6, 132.45 7.3, 135.15 7.45))"
31E,2022-11-09 21:55:00+00:00,2022-11-09 23:55:00+00:00,0.0,43000.0,"POLYGON ((-76.53373138802777 29.221986399634837, -77.11144810324207 26.648937268035965, -78.73022793261835 24.380144620417656, -80.96142517153505 25.54374708596181, -80.40322886812616 29.55280592310109, -76.53373138802777 29.221986399634837))"
16W,2022-11-09 21:55:00+00:00,2022-11-09 23:55:00+00:00,0.0,30000.0,"POLYGON ((-111.17033271766472 40.59249689875886, -111.45906417155736 37.68701421784924, -113.54 36.285475822945564, -115.42688131858135 37.42193069666147, -113.15325201878532 40.537409033020204, -111.17033271766472 40.59249689875886))"
32E,2022-11-09 22:55:00+00:00,2022-11-10 00:55:00+00:00,0.0,43000.0,"POLYGON ((-76.99805247085607 30.701322682329018, -77.11144810324207 26.648937268035965, -78.60267983213524 24.261108945577764, -81.49686748526675 25.914901466215348, -80.88998262805318 29.760934293773236, -76.99805247085607 30.701322682329018))"
17W,2022-11-09 22:55:00+00:00,2022-11-10 00:55:00+00:00,0.0,28000.0,"POLYGON ((-111.90596837625645 38.82787174325388, -111.52572713149793 37.43279846685453, -113.54 36.78458269015475, -115.59253288880092 37.17640327388428, -114.39 38.416368955736395, -111.90596837625645 38.82787174325388))"
JULIETT 1,2022-11-09 23:00:00+00:00,2022-11-10 03:00:00+00:00,0.0,45000.0,"POLYGON ((-61.15 30, -57.45 28.45, -62.15 24, -65.15 23.45, -61.15 30))"
33E,2022-11-09 23:55:00+00:00,2022-11-10 01:55:00+00:00,0.0,43000.0,"POLYGON ((-77.30963848233473 30.50739239400086, -77.11144810324207 26.648937268035965, -78.60267983213524 24.261108945577764, -81.44773472034979 25.35811317607286, -81.25645509730782 29.607329850298168, -77.30963848233473 30.50739239400086))"
43C,2022-11-09 23:55:00+00:00,2022-11-10 01:55:00+00:00,0.0,42000.0,"POLYGON ((-92.65850068521723 46.03055104098116, -91.48 45.39910686720918, -93.86112162892957 44.011012766715446, -95.82938700960149 44.4678660282882, -92.65850068521723 46.03055104098116))"
18W,2022-11-09 23:55:00+00:00,2022-11-10 01:55:00+00:00,0.0,25000.0,"POLYGON ((-111.75621548104812 38.709356488328304, -111.45906417155736 37.68701421784924, -112.3 36.69178626558165, -115.55779106423655 36.84786958947697, -114.39 38.25, -111.75621548104812 38.709356488328304))"
1E,2022-11-10 00:55:00+00:00,2022-11-10 02:55:00+00:00,0.0,43000.0,"POLYGON ((-77.17672267238457 30.38677481867236, -76.92536262025473 26.644934515787455, -78.9860466174684 24.617894306950927, -81.28054378176266 25.05966952607401, -82.37741804946413 29.010101918639464, -77.17672267238457 30.38677481867236))"
2C,2022-11-10 00:55:00+00:00,2022-11-10 02:55:00+00:00,0.0,33000.0,"POLYGON ((-96.78 44.648213734418356, -98.69 43.30184477868196, -100.33925630395564 43.18429236797235, -99.69437341716463 44.389054200508006, -96.78 44.648213734418356))"
1C,2022-11-10 00:55:00+00:00,2022-11-10 02:55:00+00:00,0.0,40000.0,"POLYGON ((-89.86036475476371 46.29713715451858, -91.32305984281965 45.16702512806247, -95.43730411193317 43.935321044029074, -96.49647155762065 43.85410456963727, -93.7912913210838 45.94905198899444, -89.86036475476371 46.29713715451858))"
1W,2022-11-10 00:55:00+00:00,2022-11-10 02:55:00+00:00,0.0,28000.0,"POLYGON ((-111.77995118946778 39.70978369304404, -111.5072239167405 39.70978369304404, -111.5072239167405 39.43705642031677, -111.77995118946778 39.43705642031677, -111.77995118946778 39.70978369304404))"
TANGO 2,2022-11-10 00:56:00+00:00,2022-11-10 04:50:00+00:00,0.0,55000.0,"POLYGON ((130 9, 135.15 7.3, 134.45 5.3, 132 5.45, 130 7.3, 130 9))"
2E,2022-11-10 01:55:00+00:00,2022-11-10 03:55:00+00:00,0.0,45000.0,"POLYGON ((-77.17672267238457 30.38677481867236, -76.92536262025473 26.644934515787455, -79.11432033787685 24.736606726236346, -82.04351335843072 26.765038902439734, -81.8730889204524 29.297831298152747, -77.17672267238457 30.38677481867236))"
4C,2022-11-10 01:55:00+00:00,2022-11-10 03:55:00+00:00,0.0,37000.0,"POLYGON ((-96.47042325392452 45.40336992269081, -95.56171527936226 44.596521352883094, -100.828241123569 42.821619203865964, -100.85843046947387 44.38787198011027, -96.47042325392452 45.40336992269081))"
3C,2022-11-10 01:55:00+00:00,2022-11-10 03:55:00+00:00,0.0,43000.0,"POLYGON ((-91.33124864860653 47.384941917276706, -88.60504030478951 46.34367045615628, -95.6215811903356 44.11601976854153, -94.2529387928724 46.413450194546776, -91.33124864860653 47.384941917276706))"
HOTEL 1,2022-11-10 02:00:00+00:00,2022-11-10 06:00:00+00:00,0.0,53000.0,"POLYGON ((-124.3 13.15, -124 7.3, -135.15 9.3, -135.3 11.3, -124.3 13.15))"
JULIETT 2,2022-11-10 02:40:00+00:00,2022-11-10 06:40:00+00:00,0.0,46000.0,"POLYGON ((-59 29.15, -57.3 26.45, -65.3 23.15, -66.15 24.3, -59 29.15))"
3E,2022-11-10 02:55:00+00:00,2022-11-10 04:55:00+00:00,0.0,45000.0,"POLYGON ((-77.17672267238457 30.38677481867236, -76.92536262025473 26.644934515787455, -79.11432033787685 24.736606726236346, -82.40697330576509 27.092517366629853, -81.36292064833088 30.032507950985465, -77.17672267238457 30.38677481867236))"
5C,2022-11-10 02:55:00+00:00,2022-11-10 04:55:00+00:00,0.0,37000.0,"POLYGON ((-90.47397838881594 47.45938232964365, -88.29485565100939 46.601187669668604, -92.57055591969666 45.33861769343268, -93.75093003437351 46.81077718879923, -90.47397838881594 47.45938232964365))"
6C,2022-11-10 02:55:00+00:00,2022-11-10 04:55:00+00:00,0.0,43000.0,"POLYGON ((-93.44199475351255 45.939576857429024, -92.67298079120934 45.03457453862255, -97.57918468995231 43.64721617208437, -102.08625414687522 43.69964336677828, -99.76841028649766 45.05716676175752, -93.44199475351255 45.939576857429024))"
TANGO 3,2022-11-10 03:17:00+00:00,2022-11-10 07:15:00+00:00,0.0,55000.0,"POLYGON ((130 9.3, 132.3 8.45, 133.15 6.3, 133 5, 130 7, 130 9.3))"
4E,2022-11-10 03:55:00+00:00,2022-11-10 05:55:00+00:00,0.0,45000.0,"POLYGON ((-76.81696033297256 32.19359480289175, -76.92536262025473 26.644934515787455, -79.11432033787685 24.736606726236346, -82.15120587910992 27.752354388125248, -81.28763824029171 30.80092654468214, -76.81696033297256 32.19359480289175))"
7C,2022-11-10 03:55:00+00:00,2022-11-10 05:55:00+00:00,0.0,35000.0,"POLYGON ((-88.38602161118408 47.45938232964365, -87.02684329980531 46.96421738968327, -90.34318934055015 45.88127433470031, -90.61531051447716 47.23479363207597, -88.38602161118408 47.45938232964365))"
8C,2022-11-10 03:55:00+00:00,2022-11-10 05:55:00+00:00,0.0,37000.0,"POLYGON ((-93.78897407749616 46.34974679990388, -91.65133295878103 45.87644417776397, -96.09023186208181 43.64792627580358, -101.94772855396265 43.656729138699795, -100.62557960765618 45.39312629184696, -93.78897407749616 46.34974679990388))"
HOTEL 2,2022-11-10 04:30:00+00:00,2022-11-10 08:30:00+00:00,0.0,54000.0,"POLYGON ((-124.15 13.15, -123.3 6.3, -135.15 9.3, -134 11.45, -124.15 13.15))"
JULIETT 3,2022-11-10 04:35:00+00:00,2022-11-10 08:35:00+00:00,0.0,45000.0,"POLYGON ((-61 29.15, -56 27.15, -63.3 23.45, -65 26.15, -61 29.15))"
5E,2022-11-10 04:55:00+00:00,2022-11-10 06:55:00+00:00,0.0,45000.0,"POLYGON ((-76.81696033297256 32.19359480289175, -76.92536262025473 26.644934515787455, -79.08942577615537 25.349494405187173, -82.63659400411322 26.20911029381695, -82.82931890187129 30.060932075241826, -76.81696033297256 32.19359480289175))"
10C,2022-11-10 04:55:00+00:00,2022-11-10 06:55:00+00:00,0.0,40000.0,"POLYGON ((-95.53968377298295 47.22589881921179, -90.01544715405517 46.550898676160344, -96.14475284500926 43.457237689998514, -103.01 44.14636895573639, -102.08459160653351 45.694243703831056, -95.53968377298295 47.22589881921179))"
9C,2022-11-10 04:55:00+00:00,2022-11-10 06:55:00+00:00,0.0,34000.0,"POLYGON ((-91.2553258657493 47.64611072364361, -88.73084624109953 47.69730349224791, -86.36403872349275 47.05120839327068, -89.92157551467054 46.397603755053915, -91.2553258657493 47.64611072364361))"
6E,2022-11-10 05:55:00+00:00,2022-11-10 07:55:00+00:00,0.0,40000.0,"POLYGON ((-77.17672267238457 30.38677481867236, -76.92536262025473 26.644934515787455, -79.08942577615537 25.349494405187173, -82.97790131436908 26.079335843722717, -83.05 30.431844778681963, -77.17672267238457 30.38677481867236))"
11C,2022-11-10 05:55:00+00:00,2022-11-10 07:55:00+00:00,0.0,39000.0,"POLYGON ((-88.73084624109953 47.69730349224791, -85.8286043464388 46.78496429338158, -98.38929439102445 43.63871090709582, -101.90130533805765 45.38726683554298, -101.11767467713561 46.63179243719395, -88.73084624109953 47.69730349224791))"
7E,2022-11-10 06:55:00+00:00,2022-11-10 08:55:00+00:00,0.0,40000.0,"POLYGON ((-82.8068634363989 30.924837411008745, -77.17672267238457 30.38677481867236, -76.92536262025473 26.644934515787455, -79.08942577615537 25.349494405187173, -82.97790131436908 26.079335843722717, -82.8068634363989 30.924837411008745))"
13C,2022-11-10 06:55:00+00:00,2022-11-10 08:55:00+00:00,0.0,32000.0,"POLYGON ((-97.87708430292548 41.73195678964553, -98.35000000000001 40.21541730984526, -99.71875371239672 40.196734219613774, -99.17258764004819 41.63174416760919, -97.87708430292548 41.73195678964553))"
12C,2022-11-10 06:55:00+00:00,2022-11-10 08:55:00+00:00,0.0,43000.0,"POLYGON ((-91.02918521304386 47.713171141741284, -88.74537095512795 46.72414877528793, -97.07729852373971 42.31417238103907, -100.16000000000001 44.223631044263605, -99.82065488123716 46.16863111690094, -91.02918521304386 47.713171141741284))"
TANGO 4,2022-11-10 07:05:00+00:00,2022-11-10 11:00:00+00:00,0.0,54000.0,"POLYGON ((130 9.45, 133.15 9, 134 6.15, 130 7, 130 9.45))"
KILO 1,2022-11-10 07:15:00+00:00,2022-11-10 11:15:00+00:00,0.0,40000.0,"POLYGON ((-77 29.45, -74.45 29, -74.45 24.3, -77 24.3, -77 29.45))"
8E,2022-11-10 07:55:00+00:00,2022-11-10 09:55:00+00:00,0.0,45000.0,"POLYGON ((-77.87 32.020834619690504, -76.92536262025473 26.644934515787455, -78.98651900960778 25.79427881205052, -82.97790131436908 26.079335843722717, -82.8068634363989 30.924837411008745, -77.87 32.020834619690504))"
14C,2022-11-10 07:55:00+00:00,2022-11-10 09:55:00+00:00,0.0,45000.0,"POLYGON ((-91.79840681925181 48.113014139092165, -88.05868693035151 47.42406943785064, -96.26000840016421 42.72658098799276, -98.87789109787154 44.0007984374361, -97.9101909527889 46.187610543353436, -91.79840681925181 48.113014139092165))"
15C,2022-11-10 07:55:00+00:00,2022-11-10 09:55:00+00:00,0.0,42000.0,"POLYGON ((-97.39897225214558 42.08195323227986, -97.84798004016862 40.456671218088836, -98.85201995983138 40.456671218088836, -98.96634137667466 41.56935836135006, -97.39897225214558 42.08195323227986))"
HOTEL 3,2022-11-10 08:20:00+00:00,2022-11-10 12:20:00+00:00,0.0,50000.0,"POLYGON ((-126 12.3, -122.15 9.3, -125.45 6.45, -133.15 8, -133.3 11.45, -126 12.3))"
9E,2022-11-10 08:55:00+00:00,2022-11-10 10:55:00+00:00,0.0,45000.0,"POLYGON ((-77.87 32.020834619690504, -76.92536262025473 26.644934515787455, -78.18613306186202 27.36761851503847, -82.82340328269274 25.585089478633737, -83.81642834450271 30.207915635652693, -77.87 32.020834619690504))"
16C,2022-11-10 08:55:00+00:00,2022-11-10 10:55:00+00:00,0.0,42000.0,"POLYGON ((-89.43 47.670893132790816, -89.18459498991817 46.09078561690338, -96.43159655280688 43.03464805955275, -98.87789109787154 44.0007984374361, -98.87596844980204 45.77180967675428, -89.43 47.670893132790816))"
10E,2022-11-10 09:55:00+00:00,2022-11-10 11:55:00+00:00,0.0,45000.0,"POLYGON ((-77.87 32.020834619690504, -76.92536262025473 26.644934515787455, -78.39258495235237 28.428185245373538, -82.01083045136302 25.050967532639838, -85.0609642775784 30.143408025938317, -77.87 32.020834619690504))"
17C,2022-11-10 09:55:00+00:00,2022-11-10 11:55:00+00:00,0.0,42000.0,"POLYGON ((-89.43 47.73628718173732, -87.00406393288624 45.68148032180372, -97.01092693431714 44.05046695971137, -98.80931339969499 45.72584236102017, -89.43 47.73628718173732))"
11E,2022-11-10 10:55:00+00:00,2022-11-10 12:55:00+00:00,0.0,45000.0,"POLYGON ((-77.87 32.020834619690504, -76.92536262025473 26.644934515787455, -78.39258495235237 28.428185245373538, -82.01083045136302 25.050967532639838, -85.31441910659896 30.39645733599175, -77.87 32.020834619690504))"
18C,2022-11-10 10:55:00+00:00,2022-11-10 12:55:00+00:00,0.0,38000.0,"POLYGON ((-89.80734074500002 47.55455764729145, -88.24308274550495 45.758675831711265, -97.04601605262468 44.11080770622415, -98.87596844980204 45.77180967675428, -89.80734074500002 47.55455764729145))"
19C,2022-11-10 10:55:00+00:00,2022-11-10 12:55:00+00:00,0.0,40000.0,"POLYGON ((-92.66709385190588 44.4596527849349, -92.78279874178801 42.922719488892625, -94.01128599823166 42.81411708630661, -93.54939277528543 44.335315251627065, -92.66709385190588 44.4596527849349))"
TANGO 5,2022-11-10 10:57:00+00:00,2022-11-10 14:55:00+00:00,0.0,58000.0,"POLYGON ((130.15 10.45, 139 7, 138.45 3.45, 130 7, 130.15 10.45))"
KILO 2,2022-11-10 11:05:00+00:00,2022-11-10 15:05:00+00:00,0.0,44000.0,"POLYGON ((-77 29.45, -74.45 28.3, -74.3 25.15, -78 24.3, -77 29.45))"
13E,2022-11-10 11:55:00+00:00,2022-11-10 13:55:00+00:00,0.0,39000.0,"POLYGON ((-86.7413130696485 47.42406943785064, -84.75688814729885 46.53646435777024, -84.49364305466254 46.10244270443589, -87.17757997067326 46.28611756471879, -86.7413130696485 47.42406943785064))"
12E,2022-11-10 11:55:00+00:00,2022-11-10 13:55:00+00:00,0.0,45000.0,"POLYGON ((-79.61802824154267 33.24221389255473, -77.04413479468433 30.266023031357665, -76.92536262025473 26.644934515787455, -83.14827054507217 26.0141478377521, -84.35 30.4, -79.61802824154267 33.24221389255473))"
20C,2022-11-10 11:55:00+00:00,2022-11-10 13:55:00+00:00,0.0,42000.0,"POLYGON ((-88.73084624109953 47.69730349224791, -88.0703678797 46.53904599343952, -91.47 43.410893132790825, -93.75182098489981 43.216559625259684, -93.54037974602575 47.570484993081855, -88.73084624109953 47.69730349224791))"
21C,2022-11-10 11:55:00+00:00,2022-11-10 13:55:00+00:00,0.0,42000.0,"POLYGON ((-95.47599925894791 46.34088575945289, -93.84655648450958 46.04244301229528, -95.8603256126035 43.646313446833176, -97.1064462556755 43.88481791871748, -95.47599925894791 46.34088575945289))"
15E,2022-11-10 12:55:00+00:00,2022-11-10 14:55:00+00:00,0.0,39000.0,"POLYGON ((-86.7413130696485 47.42406943785064, -84.75688814729885 46.53646435777024, -84.49364305466254 46.10244270443589, -87.17757997067326 46.28611756471879, -86.7413130696485 47.42406943785064))"
14E,2022-11-10 12:55:00+00:00,2022-11-10 14:55:00+00:00,0.0,45000.0,"POLYGON ((-80.04 33.38910686720919, -76.89048327355702 32.347912658677075, -76.92536262025473 26.644934515787455, -83.14827054507217 26.0141478377521, -84.49716852693386 30.092507753178154, -80.04 33.38910686720919))"
22C,2022-11-10 12:55:00+00:00,2022-11-10 14:55:00+00:00,0.0,43000.0,"POLYGON ((-88.05753627976183 47.77978614018951, -87.02684329980531 46.96421738968327, -91.47 43.57726208852722, -93.06646829815334 43.55081368546148, -92.57633390676618 47.41420776479196, -88.05753627976183 47.77978614018951))"
23C,2022-11-10 12:55:00+00:00,2022-11-10 14:55:00+00:00,0.0,36000.0,"POLYGON ((-94.54461690829058 46.701772796556845, -93.06594096676079 46.34594898189536, -95.30750010234107 44.16245233421312, -96.21279537900803 44.783236385904935, -94.54461690829058 46.701772796556845))"
16E,2022-11-10 13:55:00+00:00,2022-11-10 15:55:00+00:00,0.0,45000.0,"POLYGON ((-79.66 34.23, -76.89048327355702 32.347912658677075, -76.92536262025473 26.644934515787455, -83.6011659730496 26.454944154176626, -84.29 31.66, -79.66 34.23))"
24C,2022-11-10 13:55:00+00:00,2022-11-10 15:55:00+00:00,0.0,43000.0,"POLYGON ((-89.61979034658033 47.86243336292015, -86.93221542033838 47.11758007775863, -91.81988943021321 43.294643232205715, -96.12313828501595 45.51802367840598, -89.61979034658033 47.86243336292015))"
TANGO 6,2022-11-10 14:44:00+00:00,2022-11-10 18:40:00+00:00,0.0,53000.0,"POLYGON ((130.15 11.3, 133.15 10.45, 134.15 7.45, 131.3 5.45, 130.15 7.3, 130.15 11.3))"
17E,2022-11-10 14:55:00+00:00,2022-11-10 16:55:00+00:00,0.0,45000.0,"POLYGON ((-79.66 34.23, -76.89048327355702 32.347912658677075, -76.92536262025473 26.644934515787455, -83.32829517781497 25.15526690948867, -85.0609642775784 30.143408025938317, -79.66 34.23))"
25C,2022-11-10 14:55:00+00:00,2022-11-10 16:55:00+00:00,0.0,40000.0,"POLYGON ((-93.41 48.57, -88.73084624109953 47.69730349224791, -86.83704062505274 47.270864386580655, -91.95340779785933 42.13431154771673, -95.51361982868782 46.36018276450197, -93.41 48.57))"
KILO 3,2022-11-10 15:05:00+00:00,2022-11-10 19:05:00+00:00,0.0,42000.0,"POLYGON ((-77 30.45, -74 28.15, -73.45 25.3, -77.45 25.3, -77 30.45))"
18E,2022-11-10 15:55:00+00:00,2022-11-10 17:55:00+00:00,0.0,45000.0,"POLYGON ((-78.63504225317969 35.752272268019176, -76.94267660403072 34.02816714527455, -76.92536262025473 26.644934515787455, -83.32829517781497 25.15526690948867, -86.32 32.22, -78.63504225317969 35.752272268019176))"
26C,2022-11-10 15:55:00+00:00,2022-11-10 17:55:00+00:00,0.0,38000.0,"POLYGON ((-93.41 48.57, -88.73084624109953 47.69730349224791, -86.83704062505274 47.270864386580655, -90.71 42.4, -94.7693220164375 45.08425592101803, -93.41 48.57))"
27C,2022-11-10 15:55:00+00:00,2022-11-10 17:55:00+00:00,0.0,32000.0,"POLYGON ((-96.70752140506396 48.71752508446327, -98.37 45.42, -101.72 45.08, -103.58 48.15, -96.70752140506396 48.71752508446327))"
19E,2022-11-10 16:55:00+00:00,2022-11-10 18:55:00+00:00,0.0,45000.0,"POLYGON ((-82.13 36.44, -76.18 36.26, -76.92536262025473 26.644934515787455, -83.32829517781497 25.15526690948867, -86.68 30.83, -82.13 36.44))"
28C,2022-11-10 16:55:00+00:00,2022-11-10 18:55:00+00:00,0.0,42000.0,"POLYGON ((-93.41 48.57, -88.73084624109953 47.69730349224791, -85.65686954054343 46.78413221669182, -90.71 42.4, -94.03 46.35, -93.41 48.57))"
29C,2022-11-10 16:55:00+00:00,2022-11-10 18:55:00+00:00,0.0,29000.0,"POLYGON ((-102.36504910133425 48.960884473654744, -96.70752140506396 48.71752508446327, -98.37 45.42, -101.72 45.08, -102.36504910133425 48.960884473654744))"
20E,2022-11-10 17:55:00+00:00,2022-11-10 19:55:00+00:00,0.0,45000.0,"POLYGON ((-82.13 36.44, -76.18 36.26, -76.92536262025473 26.644934515787455, -83.32829517781497 25.15526690948867, -86.68 30.83, -82.13 36.44))"
30C,2022-11-10 17:55:00+00:00,2022-11-10 19:55:00+00:00,0.0,42000.0,"POLYGON ((-88.73084624109953 47.69730349224791, -85.65686954054343 46.78413221669182, -89.76 43.55, -94.63243786985616 44.82184610149148, -88.73084624109953 47.69730349224791))"
31C,2022-11-10 17:55:00+00:00,2022-11-10 19:55:00+00:00,0.0,29000.0,"POLYGON ((-100.21495089866578 48.960884473654744, -93.58737149190867 48.452222940265166, -94.03 46.35, -100.67 46.76, -100.21495089866578 48.960884473654744))"
34C,2022-11-10 18:55:00+00:00,2022-11-10 20:55:00+00:00,,,"POLYGON ((-93.12061047742215 43.11636947753463, -93.34872705514422 41.554418169005004, -94.34281870046175 39.483148304927894, -92.92791359235814 43.062816601919664, -93.34253292005765 41.57091066750333, -94.52312731535261 39.56968617753951, -93.52903567003509 41.64095604161662, -93.53522980512166 41.624463543118296, -93.12061047742215 43.11636947753463))"
21E,2022-11-10 18:55:00+00:00,2022-11-10 20:55:00+00:00,0.0,45000.0,"POLYGON ((-81.93 35.03, -76.18824930117962 32.92676335171022, -76.92536262025473 26.644934515787455, -83.14827054507217 26.0141478377521, -86.68 30.83, -81.93 35.03))"
32C,2022-11-10 18:55:00+00:00,2022-11-10 20:55:00+00:00,0.0,42000.0,"POLYGON ((-90.34728246843116 47.91167113548173, -84.31 46.41, -88.27052963967621 45.623827631785474, -92.2 46.8, -90.34728246843116 47.91167113548173))"
33C,2022-11-10 18:55:00+00:00,2022-11-10 20:55:00+00:00,0.0,29000.0,"POLYGON ((-97.81138514275473 48.926296066270524, -93.58737149190867 48.452222940265166, -94.03 46.35, -97.33561287903177 46.748972947506594, -97.81138514275473 48.926296066270524))"
KILO 4,2022-11-10 19:05:00+00:00,2022-11-10 23:05:00+00:00,0.0,42000.0,"POLYGON ((-77 31.45, -75.15 30.15, -75.45 26, -78 25.3, -77 31.45))"
23E,2022-11-10 19:55:00+00:00,2022-11-10 21:55:00+00:00,0.0,42000.0,"POLYGON ((-76.18 36.26, -74.74260663020704 35.07494773982172, -77.11144810324207 26.648937268035965, -81.8 24.59, -82.71166105579938 25.41072961911324, -76.18 36.26))"
22E,2022-11-10 19:55:00+00:00,2022-11-10 21:55:00+00:00,0.0,45000.0,"POLYGON ((-76.18 36.26, -82.71166105579938 25.41072961911324, -88.36 30.73, -83.89 35.9, -76.18 36.26))"
35C,2022-11-10 19:55:00+00:00,2022-11-10 21:55:00+00:00,0.0,42000.0,"POLYGON ((-90.34728246843116 47.91167113548173, -86.5385754007039 46.934993207820334, -87.4 46.35, -93.24 44.87, -94.03 47.181844778681956, -90.34728246843116 47.91167113548173))"
36C,2022-11-10 19:55:00+00:00,2022-11-10 21:55:00+00:00,0.0,34000.0,"POLYGON ((-87.4 46.35, -88.19 44.56, -91.61 41.52, -93.12805107723334 40.537667401954664, -93.24 44.87, -87.4 46.35))"
25E,2022-11-10 20:55:00+00:00,2022-11-10 22:55:00+00:00,0.0,42000.0,"POLYGON ((-78.78 35.87, -75.47369288951381 33.49892397615319, -77.11144810324207 26.648937268035965, -80.28 25.8, -81.78 26.53, -78.78 35.87))"
24E,2022-11-10 20:55:00+00:00,2022-11-10 22:55:00+00:00,0.0,45000.0,"POLYGON ((-78.78 35.87, -81.78 26.53, -85.31533768811302 27.88492939681333, -86.60573715557297 30.983683695845393, -84.44 33.63, -78.78 35.87))"
37C,2022-11-10 20:55:00+00:00,2022-11-10 22:55:00+00:00,0.0,34000.0,"POLYGON ((-93.41 48.57, -89.80734074500002 47.55455764729145, -91.48 44.40089313279082, -92.7450564692797 44.51600494576946, -93.41 48.57))"
38C,2022-11-10 20:55:00+00:00,2022-11-10 22:55:00+00:00,0.0,43000.0,"POLYGON ((-89.71384251635831 47.70853370356521, -87.4 46.35, -92.59 39.630893132790824, -93.67791606279067 40.12490995083311, -89.71384251635831 47.70853370356521))"
39C,2022-11-10 20:55:00+00:00,2022-11-10 22:55:00+00:00,0.0,39000.0,"POLYGON ((-96.81063383107376 37.134127902659365, -95.33835327059185 36.89278720502112, -97.6 35.11085812115821, -98.13207440218234 35.398833431131756, -96.81063383107376 37.134127902659365))"
29E,2022-11-10 21:55:00+00:00,2022-11-10 23:55:00+00:00,0.0,40000.0,"POLYGON ((-79.66 35.06184477868195, -76.0565913501922 34.33663054389656, -77.30963848233473 30.50739239400086, -80.9585071305434 33.204978559820304, -79.66 35.06184477868195))"
31E,2022-11-10 21:55:00+00:00,2022-11-10 23:55:00+00:00,0.0,37000.0,"POLYGON ((-78.79928014299323 27.66973798985201, -78.01189746295503 27.428848997638664, -79.65078528567945 24.415309580049954, -79.92867945265037 25.031054795294956, -78.79928014299323 27.66973798985201))"
30E,2022-11-10 21:55:00+00:00,2022-11-10 23:55:00+00:00,0.0,36000.0,"POLYGON ((-83.19585003164126 30.949965644709856, -82.08830545755377 30.338727669926836, -84.631942538442 29.01762300345135, -85.21964188647294 28.552661215843553, -85.6102796863575 30.443604545643822, -83.19585003164126 30.949965644709856))"
27E,2022-11-10 21:55:00+00:00,2022-11-10 23:55:00+00:00,0.0,41000.0,"POLYGON ((-79.51557544084564 31.812969064738827, -77.17672267238457 30.38677481867236, -77.33292425561181 28.79014587564077, -82.05826317622365 24.354498769588655, -82.58067415382567 25.293824767608015, -79.51557544084564 31.812969064738827))"
26E,2022-11-10 21:55:00+00:00,2022-11-10 23:55:00+00:00,0.0,35000.0,"POLYGON ((-82.8968996982793 33.453144051694, -80.9585071305434 33.204978559820304, -83.19585003164126 30.949965644709856, -85.6102796863575 30.443604545643822, -85.78203803091989 31.145237279696147, -82.8968996982793 33.453144051694))"
40C,2022-11-10 21:55:00+00:00,2022-11-10 23:55:00+00:00,0.0,31000.0,"POLYGON ((-91.57054554093321 48.04590618581559, -90.12915375890049 47.69730349224791, -91.04505395286293 45.02650905529743, -92.31897934304033 45.48515279829484, -91.57054554093321 48.04590618581559))"
41C,2022-11-10 21:55:00+00:00,2022-11-10 23:55:00+00:00,0.0,41000.0,"POLYGON ((-90.65515516570113 46.4473160041598, -88.36777151708752 44.252451901671904, -93.43050747301857 38.26523641987832, -93.67791606279067 40.12490995083311, -91.04505395286293 45.02650905529743, -90.65515516570113 46.4473160041598))"
44C,2022-11-10 21:55:00+00:00,2022-11-10 23:55:00+00:00,0.0,27000.0,"POLYGON ((-95.40807616543289 39.94256117660805, -94.98842622358823 39.75085154885125, -96.36303163039172 37.536329464815026, -96.98105680041095 38.219051386100446, -95.40807616543289 39.94256117660805))"
43C,2022-11-10 21:55:00+00:00,2022-11-10 23:55:00+00:00,0.0,37000.0,"POLYGON ((-88.18282124250165 48.16325393521218, -86.01267642585115 47.28283756451051, -89.09976093320796 45.014610217441486, -89.46 45.29726208852722, -88.18282124250165 48.16325393521218))"
32E,2022-11-10 21:55:00+00:00,2022-11-10 23:55:00+00:00,0.0,34000.0,"POLYGON ((-81.84502502192126 30.33957298965284, -82.68 28.48828375768358, -83.36606464886475 28.931795049946945, -82.92240361444468 29.867071240138635, -81.84502502192126 30.33957298965284))"
28E,2022-11-10 21:55:00+00:00,2022-11-10 23:55:00+00:00,0.0,40000.0,"POLYGON ((-81.05 33.13714530289552, -79.77803119258506 32.35546206695541, -79.58358119751045 31.954206494934194, -80.75726741663492 29.606217821017584, -83.10647460758113 31.027479561115904, -81.05 33.13714530289552))"
42C,2022-11-10 21:55:00+00:00,2022-11-10 23:55:00+00:00,0.0,45000.0,"POLYGON ((-96.93798498663966 37.237118069084445, -95.92758967092412 36.4670536312554, -97.6 34.966287181737314, -98.25363613715962 35.176938247943795, -96.93798498663966 37.237118069084445))"
KILO 5,2022-11-10 22:25:00+00:00,2022-11-11 02:25:00+00:00,0.0,41000.0,"POLYGON ((-77 32, -75.45 32, -73.3 26, -77 27.45, -77 32))"
34E,2022-11-10 22:55:00+00:00,2022-11-11 00:55:00+00:00,0.0,40000.0,"POLYGON ((-79.20604317188123 32.18138456379657, -77.17672267238457 30.38677481867236, -79.55067052263696 27.676832485442556, -81.43407684335924 24.58955786045237, -82.12320847320805 26.402256074635797, -79.20604317188123 32.18138456379657))"
33E,2022-11-10 22:55:00+00:00,2022-11-11 00:55:00+00:00,0.0,35000.0,"POLYGON ((-83.88496854811909 33.819760926903065, -81.05 33.360893132790814, -83.33199868027992 30.831525500939293, -86.38530161259438 30.21484687132116, -86.45649057216711 31.290922835561766, -83.88496854811909 33.819760926903065))"
38E,2022-11-10 22:55:00+00:00,2022-11-11 00:55:00+00:00,0.0,37000.0,"POLYGON ((-78.36017565993521 27.306171963528065, -79.11432033787685 24.736606726236346, -80.33635905289492 24.582926252780663, -79.05441703746935 27.05824119087265, -78.36017565993521 27.306171963528065))"
36E,2022-11-10 22:55:00+00:00,2022-11-11 00:55:00+00:00,0.0,35000.0,"POLYGON ((-79.93217154233928 35.185742043016546, -76.18302069669227 34.91145307117172, -77.17672267238457 30.38677481867236, -80.89720924916071 33.55249591053598, -79.93217154233928 35.185742043016546))"
35E,2022-11-10 22:55:00+00:00,2022-11-11 00:55:00+00:00,0.0,38000.0,"POLYGON ((-80.89720924916071 33.55249591053598, -79.76054928927873 32.654407851613115, -79.44166346475708 31.65893283188886, -80.43158422428436 29.88648850803795, -83.63903572242158 30.143408025938317, -80.89720924916071 33.55249591053598))"
49C,2022-11-10 22:55:00+00:00,2022-11-11 00:55:00+00:00,0.0,33000.0,"POLYGON ((-94.26329423986152 41.24736879421303, -91.28000000000002 40.34910686720918, -95.79 36.53273791147279, -97.28337783708129 37.514346567485, -94.26329423986152 41.24736879421303))"
48C,2022-11-10 22:55:00+00:00,2022-11-11 00:55:00+00:00,0.0,40000.0,"POLYGON ((-88.28483756383298 47.845953533032514, -86.01267642585115 47.28283756451051, -88.36777151708752 44.252451901671904, -89.46 45.29726208852722, -88.28483756383298 47.845953533032514))"
46C,2022-11-10 22:55:00+00:00,2022-11-11 00:55:00+00:00,0.0,39000.0,"POLYGON ((-89.46 45.46363104426361, -88.36777151708752 44.252451901671904, -91.28000000000002 40.34910686720918, -93.5998500942925 40.44395847451726, -90.61588188608728 44.64206568747065, -89.46 45.46363104426361))"
45C,2022-11-10 22:55:00+00:00,2022-11-11 00:55:00+00:00,0.0,35000.0,"POLYGON ((-91.57054554093321 48.04590618581559, -90.12915375890049 47.69730349224791, -89.46 45.29726208852722, -90.61588188608728 44.64206568747065, -91.57054554093321 48.04590618581559))"
37E,2022-11-10 22:55:00+00:00,2022-11-11 00:55:00+00:00,0.0,35000.0,"POLYGON ((-83.10647460758113 31.027479561115904, -84.35 29.53257436347463, -84.42570040596127 29.094984097775058, -85.10748027803326 28.795020978525802, -86.42370217611361 30.29548312859381, -83.10647460758113 31.027479561115904))"
47C,2022-11-10 22:55:00+00:00,2022-11-11 00:55:00+00:00,0.0,45000.0,"POLYGON ((-97.19373376342293 37.44268729596522, -95.92758967092412 36.4670536312554, -97.39738595328767 34.99913216218724, -98.25363613715962 35.176938247943795, -97.19373376342293 37.44268729596522))"
42E,2022-11-10 23:55:00+00:00,2022-11-11 01:55:00+00:00,0.0,40000.0,"POLYGON ((-81.28126252892417 34.320898992310774, -75.8551517234846 34.333495027530304, -78.0819286218926 30.3481669607459, -81.65103601290878 33.85854144056521, -81.28126252892417 34.320898992310774))"
41E,2022-11-10 23:55:00+00:00,2022-11-11 01:55:00+00:00,0.0,40000.0,"POLYGON ((-81.05 33.360893132790814, -79.589734327649 31.966962443600607, -80.43158422428436 29.88648850803795, -81.51 30.83910686720918, -83.74714940817547 31.849851312657627, -81.05 33.360893132790814))"
40E,2022-11-10 23:55:00+00:00,2022-11-11 01:55:00+00:00,0.0,42000.0,"POLYGON ((-79.589734327649 31.966962443600607, -76.80035650834265 28.968014159304357, -79.42827635773726 27.266667586075645, -80.1424575669761 27.80689957398064, -80.43158422428436 29.88648850803795, -79.589734327649 31.966962443600607))"
39E,2022-11-10 23:55:00+00:00,2022-11-11 01:55:00+00:00,0.0,31000.0,"POLYGON ((-84.86561000417451 33.98219365129119, -81.65103601290878 33.85854144056521, -81.05 33.360893132790814, -85.99915682857404 30.240016139093544, -86.68 30.83, -84.86561000417451 33.98219365129119))"
50C,2022-11-10 23:55:00+00:00,2022-11-11 01:55:00+00:00,0.0,35000.0,"POLYGON ((-89.46 45.29726208852722, -87.83630742076407 43.94463098084894, -91.02952573007354 40.310846241647965, -94.26329423986152 41.24736879421303, -91.51407346038582 42.98540958144765, -89.46 45.29726208852722))"
53C,2022-11-10 23:55:00+00:00,2022-11-11 01:55:00+00:00,0.0,36000.0,"POLYGON ((-94.26329423986152 41.24736879421303, -91.28000000000002 40.34910686720918, -94.7550808388016 37.51209190571716, -96.63651230370213 38.60753164193625, -94.26329423986152 41.24736879421303))"
52C,2022-11-10 23:55:00+00:00,2022-11-11 01:55:00+00:00,0.0,40000.0,"POLYGON ((-87.4 47.68095164589114, -86.01267642585115 47.28283756451051, -87.924038988155 44.09857518360462, -89.5507959917722 45.47625909779115, -90.17591208310544 46.93790643131056, -87.4 47.68095164589114))"
51C,2022-11-10 23:55:00+00:00,2022-11-11 01:55:00+00:00,0.0,45000.0,"POLYGON ((-96.63651230370213 38.60753164193625, -94.7550808388016 37.51209190571716, -96.35670613636886 35.319203887459075, -97.97772608749166 35.526745683916225, -96.63651230370213 38.60753164193625))"
43E,2022-11-10 23:55:00+00:00,2022-11-11 01:55:00+00:00,0.0,35000.0,"POLYGON ((-83.61061629791001 31.658200469553083, -81.2726043746807 30.5442397950527, -84.54164799514056 29.999161695814482, -85.04526572536226 28.92893129267789, -86.08789322366032 30.317517752031666, -83.61061629791001 31.658200469553083))"
44E,2022-11-10 23:55:00+00:00,2022-11-11 01:55:00+00:00,0.0,34000.0,"POLYGON ((-79.1840131233221 27.67387701752543, -78.73878081580237 27.171523100524404, -79.55225447247375 24.19540677724495, -80.4832550875158 24.08636452877925, -79.1840131233221 27.67387701752543))"
54C,2022-11-10 23:55:00+00:00,2022-11-11 01:55:00+00:00,0.0,30000.0,"POLYGON ((-98.99419232267232 34.790737695500674, -98.25371292074894 34.65737421047307, -99.07421621813721 34.15502678466491, -99.80550798063197 34.20307023616194, -98.99419232267232 34.790737695500674))"
KILO 6,2022-11-11 00:35:00+00:00,2022-11-11 04:35:00+00:00,0.0,43000.0,"POLYGON ((-77 32, -69.15 26.45, -70.15 24.45, -77 29.15, -77 32))"
LIMA 1,2022-11-11 00:45:00+00:00,2022-11-11 04:45:00+00:00,0.0,46000.0,"POLYGON ((-55 28.15, -51.15 25.45, -58.15 24, -62 26, -55 28.15))"
6E,2022-11-11 00:55:00+00:00,2022-11-11 02:55:00+00:00,0.0,38000.0,"POLYGON ((-77.1378234558031 27.731732169128477, -79.444141645063 23.953169938557586, -81.15613847231714 24.00043193986088, -78.79928014299323 27.66973798985201, -77.1378234558031 27.731732169128477))"
4E,2022-11-11 00:55:00+00:00,2022-11-11 02:55:00+00:00,0.0,43000.0,"POLYGON ((-79.66 34.72910686720917, -76.88223535823266 33.52253858704057, -78.0819286218926 30.3481669607459, -82.16000000000001 34.20910686720918, -79.66 34.72910686720917))"
3E,2022-11-11 00:55:00+00:00,2022-11-11 02:55:00+00:00,0.0,42000.0,"POLYGON ((-81.05 33.360893132790814, -79.589734327649 31.966962443600607, -80.16067255454587 30.33307326431446, -81.97006747832259 31.347865617229136, -83.74714940817547 31.849851312657627, -81.05 33.360893132790814))"
2E,2022-11-11 00:55:00+00:00,2022-11-11 02:55:00+00:00,0.0,42000.0,"POLYGON ((-79.589734327649 31.966962443600607, -78.0819286218926 30.3481669607459, -79.74634369811947 26.552253380022083, -80.23148116329597 28.97879293310473, -80.16067255454587 30.33307326431446, -79.589734327649 31.966962443600607))"
1E,2022-11-11 00:55:00+00:00,2022-11-11 02:55:00+00:00,0.0,31000.0,"POLYGON ((-82.16000000000001 34.20910686720918, -81.05 33.360893132790814, -85.99915682857404 30.240016139093544, -86.68 30.83, -86.1980196451252 33.079809490703184, -82.16000000000001 34.20910686720918))"
3C,2022-11-11 00:55:00+00:00,2022-11-11 02:55:00+00:00,0.0,40000.0,"POLYGON ((-86.64502683533627 47.57719434121692, -85.17239128495362 46.99498641907762, -87.83630742076407 43.94463098084894, -89.5507959917722 45.47625909779115, -89.43 47.00541730984524, -86.64502683533627 47.57719434121692))"
4C,2022-11-11 00:55:00+00:00,2022-11-11 02:55:00+00:00,0.0,39000.0,"POLYGON ((-94.26329423986152 41.24736879421303, -91.28000000000002 40.34910686720918, -94.6058430501672 37.62908336415014, -96.2456102046855 38.47625077177771, -94.26329423986152 41.24736879421303))"
1C,2022-11-11 00:55:00+00:00,2022-11-11 02:55:00+00:00,0.0,38000.0,"POLYGON ((-89.09976093320796 45.014610217441486, -87.83630742076407 43.94463098084894, -91.02952573007354 40.310846241647965, -94.26329423986152 41.24736879421303, -92.70055200234884 42.89727179389724, -89.09976093320796 45.014610217441486))"
2C,2022-11-11 00:55:00+00:00,2022-11-11 02:55:00+00:00,0.0,45000.0,"POLYGON ((-96.44088287444356 38.54205367350181, -94.42594059569385 37.412153045848186, -96.59089456106531 34.847309056890715, -97.75562066073927 35.09249033409352, -96.44088287444356 38.54205367350181))"
5E,2022-11-11 00:55:00+00:00,2022-11-11 02:55:00+00:00,0.0,35000.0,"POLYGON ((-83.81840160118972 31.82510780053419, -82.04068453976787 31.373168204009552, -84.96802379938495 30.177245489704976, -85.04526572536226 28.92893129267789, -86.08789322366032 30.317517752031666, -83.81840160118972 31.82510780053419))"
5C,2022-11-11 00:55:00+00:00,2022-11-11 02:55:00+00:00,0.0,28000.0,"POLYGON ((-99.40488641963393 35.404092616899646, -98.25371292074894 34.65737421047307, -98.83718257208102 34.19420719534292, -99.08556375137789 34.39791627721302, -99.40488641963393 35.404092616899646))"
8E,2022-11-11 01:55:00+00:00,2022-11-11 03:55:00+00:00,0.0,42000.0,"POLYGON ((-79.589734327649 31.966962443600607, -78.0819286218926 30.3481669607459, -79.74634369811947 26.552253380022083, -80.23148116329597 28.97879293310473, -80.16067255454587 30.33307326431446, -79.589734327649 31.966962443600607))"
9E,2022-11-11 01:55:00+00:00,2022-11-11 03:55:00+00:00,0.0,42000.0,"POLYGON ((-81.05 33.360893132790814, -79.589734327649 31.966962443600607, -80.16067255454587 30.33307326431446, -81.13821053819136 31.107998669914657, -83.74714940817547 31.849851312657627, -81.05 33.360893132790814))"
12E,2022-11-11 01:55:00+00:00,2022-11-11 03:55:00+00:00,0.0,39000.0,"POLYGON ((-77.51004145035955 28.73039262105773, -76.61106191602163 27.910817677605095, -78.3482983082875 24.022719882865772, -81.15613847231714 24.00043193986088, -77.51004145035955 28.73039262105773))"
7C,2022-11-11 01:55:00+00:00,2022-11-11 03:55:00+00:00,0.0,43000.0,"POLYGON ((-96.2456102046855 38.47625077177771, -94.42594059569385 37.412153045848186, -96.38817672143227 34.848486326228624, -97.6 35.067262088527215, -96.2456102046855 38.47625077177771))"
9C,2022-11-11 01:55:00+00:00,2022-11-11 03:55:00+00:00,0.0,38000.0,"POLYGON ((-93.96272176607532 41.20429447062627, -91.61472521334977 40.46434078096207, -94.7550808388016 37.51209190571716, -96.2456102046855 38.47625077177771, -93.96272176607532 41.20429447062627))"
8C,2022-11-11 01:55:00+00:00,2022-11-11 03:55:00+00:00,0.0,36000.0,"POLYGON ((-86.64502683533627 47.57719434121692, -84.998413233473 46.8785096118707, -87.83831121373156 43.8876816692225, -89.09976093320796 45.014610217441486, -87.67440059614104 45.88855529018949, -86.64502683533627 47.57719434121692))"
10E,2022-11-11 01:55:00+00:00,2022-11-11 03:55:00+00:00,0.0,38000.0,"POLYGON ((-79.66 34.808283757683576, -76.28529439415205 33.010795483456945, -78.48228792066723 30.214796034030904, -82.02656868576544 33.977060591600406, -79.66 34.808283757683576))"
7E,2022-11-11 01:55:00+00:00,2022-11-11 03:55:00+00:00,0.0,30000.0,"POLYGON ((-82.81359583877217 34.533058391638555, -81.05 33.42628718173732, -84.60799364171368 30.934011066828127, -86.68 30.54085812115821, -86.5831347056611 32.75399225160044, -82.81359583877217 34.533058391638555))"
11E,2022-11-11 01:55:00+00:00,2022-11-11 03:55:00+00:00,0.0,33000.0,"POLYGON ((-83.81840160118972 31.82510780053419, -82.3533757381179 31.48457965143489, -84.35 30.68914187884178, -84.76830314484403 31.25019924335483, -83.81840160118972 31.82510780053419))"
10C,2022-11-11 01:55:00+00:00,2022-11-11 03:55:00+00:00,0.0,36000.0,"POLYGON ((-98.48677546409661 35.39675960010366, -98.09056484711306 35.23303295246187, -98.34281742791897 34.19420719534292, -99.08556375137789 34.39791627721302, -98.48677546409661 35.39675960010366))"
6C,2022-11-11 01:55:00+00:00,2022-11-11 03:55:00+00:00,0.0,33000.0,"POLYGON ((-88.75397245773729 44.724589637214784, -87.80615510456111 43.89152174907078, -91.5705223715239 40.38390367443109, -93.79699796532192 41.17277395962155, -91.69884529404592 43.5090722841733, -88.75397245773729 44.724589637214784))"
14E,2022-11-11 02:55:00+00:00,2022-11-11 04:55:00+00:00,0.0,42000.0,"POLYGON ((-79.589734327649 31.966962443600607, -78.0819286218926 30.3481669607459, -79.57307447071443 26.870063887745584, -79.96538687754567 29.295120554181896, -80.43158422428436 29.88648850803795, -79.589734327649 31.966962443600607))"
13E,2022-11-11 02:55:00+00:00,2022-11-11 04:55:00+00:00,0.0,31000.0,"POLYGON ((-82.98791106668718 35.314422610986654, -82.31362233655582 34.01731475321502, -84.64714232130243 31.01448328843411, -86.68 30.497262088527215, -86.9 33.004524177054435, -82.98791106668718 35.314422610986654))"
18E,2022-11-11 02:55:00+00:00,2022-11-11 04:55:00+00:00,0.0,36000.0,"POLYGON ((-77.15560432621213 28.84966777351555, -76.61106191602163 27.910817677605095, -78.3482983082875 24.022719882865772, -81.15613847231714 24.00043193986088, -77.15560432621213 28.84966777351555))"
17E,2022-11-11 02:55:00+00:00,2022-11-11 04:55:00+00:00,0.0,33000.0,"POLYGON ((-83.80078033408729 32.38250001561887, -82.51 31.872737911472793, -82.73300888686596 31.078691792340248, -84.84005890197581 31.188257217783516, -83.80078033408729 32.38250001561887))"
16E,2022-11-11 02:55:00+00:00,2022-11-11 04:55:00+00:00,0.0,38000.0,"POLYGON ((-79.23134079877705 34.58217697920221, -76.60350539699624 33.28469139114844, -76.91474654356858 29.234438676889393, -82.31362233655582 34.01731475321502, -79.23134079877705 34.58217697920221))"
15E,2022-11-11 02:55:00+00:00,2022-11-11 04:55:00+00:00,0.0,42000.0,"POLYGON ((-82.31362233655582 34.01731475321502, -79.589734327649 31.966962443600607, -80.43158422428436 29.88648850803795, -81.4829051886112 31.39092814967276, -83.65000000000002 32.35726208852721, -82.31362233655582 34.01731475321502))"
12C,2022-11-11 02:55:00+00:00,2022-11-11 04:55:00+00:00,0.0,44000.0,"POLYGON ((-96.2456102046855 38.47625077177771, -94.42594059569385 37.412153045848186, -96.7414439012344 34.562177538795545, -96.96970516087383 36.02789876757129, -96.2456102046855 38.47625077177771))"
11C,2022-11-11 02:55:00+00:00,2022-11-11 04:55:00+00:00,0.0,31000.0,"POLYGON ((-88.8392839869712 44.74916463865349, -87.6303284141432 43.58873359749449, -91.61472521334977 40.46434078096207, -93.81905777297887 41.13246617619712, -90.98301053002902 43.55604018676914, -88.8392839869712 44.74916463865349))"
15C,2022-11-11 02:55:00+00:00,2022-11-11 04:55:00+00:00,0.0,25000.0,"POLYGON ((-98.50074717887483 35.8780292857771, -97.97772608749166 35.526745683916225, -98.30544421653377 34.22495394428601, -99.54287107148174 34.62239869812676, -98.50074717887483 35.8780292857771))"
14C,2022-11-11 02:55:00+00:00,2022-11-11 04:55:00+00:00,0.0,35000.0,"POLYGON ((-93.96272176607532 41.20429447062627, -91.61472521334977 40.46434078096207, -94.42594059569385 37.412153045848186, -96.2456102046855 38.47625077177771, -93.96272176607532 41.20429447062627))"
13C,2022-11-11 02:55:00+00:00,2022-11-11 04:55:00+00:00,0.0,37000.0,"POLYGON ((-86.74593770791792 47.41669029233564, -84.31 46.41, -87.71602280477117 43.5275292743392, -88.75397245773729 44.724589637214784, -86.56224390732415 46.34694094880501, -86.74593770791792 47.41669029233564))"
19E,2022-11-11 03:55:00+00:00,2022-11-11 05:55:00+00:00,0.0,31000.0,"POLYGON ((-83.89 35.234524177054425, -82.31362233655582 34.01731475321502, -84.64714232130243 31.01448328843411, -86.8733591844088 31.74823125693894, -83.89 35.234524177054425))"
24E,2022-11-11 03:55:00+00:00,2022-11-11 05:55:00+00:00,0.0,39000.0,"POLYGON ((-76.80035650834265 28.968014159304357, -78.22146177555622 23.903368062802986, -82.44386152768286 24.000431939860878, -79.72563644247822 25.798949119323996, -76.80035650834265 28.968014159304357))"
20E,2022-11-11 03:55:00+00:00,2022-11-11 05:55:00+00:00,0.0,42000.0,"POLYGON ((-79.589734327649 31.966962443600607, -76.80035650834265 28.968014159304357, -79.59564033185141 26.05306360301287, -79.96538687754567 29.295120554181896, -80.35341914619903 30.334910875458505, -79.589734327649 31.966962443600607))"
22E,2022-11-11 03:55:00+00:00,2022-11-11 05:55:00+00:00,0.0,41000.0,"POLYGON ((-79.814575562109 34.53731287252568, -77.18711036928703 32.96475210855679, -78.0819286218926 30.3481669607459, -81.76000800838047 33.70935540766096, -79.814575562109 34.53731287252568))"
16C,2022-11-11 03:55:00+00:00,2022-11-11 05:55:00+00:00,0.0,29000.0,"POLYGON ((-88.19 43.894524177054436, -87.6303284141432 43.58873359749449, -91.61472521334977 40.46434078096207, -93.81905777297887 41.13246617619712, -90.98301053002902 43.55604018676914, -88.19 43.894524177054436))"
17C,2022-11-11 03:55:00+00:00,2022-11-11 05:55:00+00:00,0.0,39000.0,"POLYGON ((-95.97322728974082 38.26066383426322, -93.91161127432188 37.5495776643868, -96.6136773314642 34.017743509894764, -97.24712752758829 34.363680748911186, -95.97322728974082 38.26066383426322))"
23E,2022-11-11 03:55:00+00:00,2022-11-11 05:55:00+00:00,0.0,31000.0,"POLYGON ((-83.7810834197624 32.42279953972168, -82.51 31.829141878841785, -82.51 31.106287181737315, -83.61061629791001 31.658200469553083, -84.76830314484403 31.25019924335483, -83.7810834197624 32.42279953972168))"
21E,2022-11-11 03:55:00+00:00,2022-11-11 05:55:00+00:00,0.0,42000.0,"POLYGON ((-82.29343131423457 33.977060591600406, -79.64820787547548 32.08799134581459, -80.50494831411059 30.336157039169578, -82.00111542142939 31.5389924952312, -83.65000000000002 32.40085812115821, -82.29343131423457 33.977060591600406))"
18C,2022-11-11 03:55:00+00:00,2022-11-11 05:55:00+00:00,0.0,34000.0,"POLYGON ((-84.90753497280724 46.81736050127353, -84.31 46.41, -86.42349524210637 43.837194664144235, -88.75397245773729 44.724589637214784, -87.4 46.35, -84.90753497280724 46.81736050127353))"
20C,2022-11-11 03:55:00+00:00,2022-11-11 05:55:00+00:00,0.0,35000.0,"POLYGON ((-98.25120025419297 36.23889296749306, -97.66681374509768 36.145278499114376, -97.65357608076658 34.043075945595376, -99.6410189280408 34.58958825228857, -98.25120025419297 36.23889296749306))"
19C,2022-11-11 03:55:00+00:00,2022-11-11 05:55:00+00:00,0.0,35000.0,"POLYGON ((-93.79699796532192 41.17277395962155, -91.5705223715239 40.38390367443109, -93.8352395351661 37.52490128626635, -95.77891872100993 38.26294988058969, -93.79699796532192 41.17277395962155))"
KILO 7,2022-11-11 04:25:00+00:00,2022-11-11 08:25:00+00:00,0.0,44000.0,"POLYGON ((-77 32, -69.15 26.15, -70 23.45, -76.45 30, -77 32))"
30E,2022-11-11 04:55:00+00:00,2022-11-11 06:55:00+00:00,0.0,39000.0,"POLYGON ((-76.80035650834265 28.968014159304357, -78.22146177555622 23.903368062802986, -82.44386152768286 24.000431939860878, -79.91042308135889 25.799532939130657, -76.80035650834265 28.968014159304357))"
25E,2022-11-11 04:55:00+00:00,2022-11-11 06:55:00+00:00,0.0,32000.0,"POLYGON ((-84.46748453495468 35.42805227141489, -82.31362233655582 34.01731475321502, -84.29 31.66, -86.32 32.88547582294557, -84.46748453495468 35.42805227141489))"
28E,2022-11-11 04:55:00+00:00,2022-11-11 06:55:00+00:00,0.0,43000.0,"POLYGON ((-79.50542443789098 34.53731287252568, -77.56377482256872 33.73479851961093, -76.80035650834265 28.968014159304357, -81.76000800838047 33.70935540766096, -79.50542443789098 34.53731287252568))"
27E,2022-11-11 04:55:00+00:00,2022-11-11 06:55:00+00:00,0.0,40000.0,"POLYGON ((-82.31362233655582 34.01731475321502, -79.589734327649 31.966962443600607, -80.16067255454587 30.33307326431446, -82.66162581913919 32.6861249663803, -83.22898889644534 33.042219304193864, -82.31362233655582 34.01731475321502))"
26E,2022-11-11 04:55:00+00:00,2022-11-11 06:55:00+00:00,0.0,42000.0,"POLYGON ((-79.589734327649 31.966962443600607, -76.80035650834265 28.968014159304357, -79.91042308135889 25.799532939130657, -79.73853118833149 27.677972767282867, -80.16067255454587 30.33307326431446, -79.589734327649 31.966962443600607))"
21C,2022-11-11 04:55:00+00:00,2022-11-11 06:55:00+00:00,0.0,31000.0,"POLYGON ((-87.924038988155 44.09857518360462, -87.6303284141432 43.58873359749449, -91.61472521334977 40.46434078096207, -93.39700708700587 40.978607142390686, -89.76 43.88273791147279, -87.924038988155 44.09857518360462))"
22C,2022-11-11 04:55:00+00:00,2022-11-11 06:55:00+00:00,0.0,37000.0,"POLYGON ((-95.7613665762566 38.263140596600905, -93.91161127432188 37.5495776643868, -96.08803196490558 34.23479133629657, -97.17 34.21, -95.7613665762566 38.263140596600905))"
23C,2022-11-11 04:55:00+00:00,2022-11-11 06:55:00+00:00,0.0,30000.0,"POLYGON ((-86.71235530808963 46.81851393784562, -84.31 46.41, -84.03530252836217 45.948554601355134, -86.48206002605251 43.93768018229378, -88.19 44.56, -86.71235530808963 46.81851393784562))"
31E,2022-11-11 04:55:00+00:00,2022-11-11 06:55:00+00:00,0.0,30000.0,"POLYGON ((-78.72906639134311 36.83999150704893, -76.45259178796786 35.72542543452163, -81.83928632976563 33.59893566297797, -84.39220881747217 35.49004426213087, -78.72906639134311 36.83999150704893))"
29E,2022-11-11 04:55:00+00:00,2022-11-11 06:55:00+00:00,0.0,32000.0,"POLYGON ((-83.7810834197624 32.42279953972168, -82.51 31.97371281826268, -82.51 31.25085812115821, -84.15962817359359 31.927066021943354, -83.7810834197624 32.42279953972168))"
25C,2022-11-11 04:55:00+00:00,2022-11-11 06:55:00+00:00,0.0,37000.0,"POLYGON ((-97.25477268628487 36.56945808530502, -97.49259624779323 34.09892778409092, -99.76455281254358 34.368877287930665, -98.2521429887302 36.46019047642058, -97.25477268628487 36.56945808530502))"
24C,2022-11-11 04:55:00+00:00,2022-11-11 06:55:00+00:00,0.0,30000.0,"POLYGON ((-93.65 41.15085812115821, -91.5705223715239 40.38390367443109, -93.8352395351661 37.52490128626635, -95.59480644036304 38.264820218020056, -93.65 41.15085812115821))"
33E,2022-11-11 05:55:00+00:00,2022-11-11 07:55:00+00:00,0.0,40000.0,"POLYGON ((-76.49337412248816 35.64477060827414, -77.04413479468433 30.266023031357665, -79.96793375336792 30.330953028327283, -81.79100181380065 33.58211794311643, -76.49337412248816 35.64477060827414))"
35E,2022-11-11 05:55:00+00:00,2022-11-11 07:55:00+00:00,0.0,35000.0,"POLYGON ((-79.96793375336792 30.330953028327283, -77.04413479468433 30.266023031357665, -76.40152707249509 24.28452091982137, -78.3482983082875 24.022719882865772, -81.59071683080413 24.12874107566225, -79.96793375336792 30.330953028327283))"
34E,2022-11-11 05:55:00+00:00,2022-11-11 07:55:00+00:00,0.0,27000.0,"POLYGON ((-79.38802053972258 37.3675485540922, -76.49337412248816 35.64477060827414, -81.79100181380065 33.58211794311643, -84.46748453495468 35.42805227141489, -79.38802053972258 37.3675485540922))"
32E,2022-11-11 05:55:00+00:00,2022-11-11 07:55:00+00:00,0.0,29000.0,"POLYGON ((-84.46748453495468 35.42805227141489, -81.79100181380065 33.58211794311643, -84.29 31.160893132790832, -86.9 33.004524177054435, -84.46748453495468 35.42805227141489))"
26C,2022-11-11 05:55:00+00:00,2022-11-11 07:55:00+00:00,0.0,28000.0,"POLYGON ((-85.7575884613745 46.400866631609055, -85.55 45.33547582294557, -91.61472521334977 40.46434078096207, -93.39700708700587 40.978607142390686, -88.58479919753727 45.37198160444486, -85.7575884613745 46.400866631609055))"
27C,2022-11-11 05:55:00+00:00,2022-11-11 07:55:00+00:00,0.0,31000.0,"POLYGON ((-93.39700708700587 40.978607142390686, -91.61472521334977 40.46434078096207, -95.78000000000002 34.18452417705443, -98.47955100329553 32.472466311721895, -100.10392497449246 34.3061925323915, -93.39700708700587 40.978607142390686))"
MIKE 1,2022-11-11 06:30:00+00:00,2022-11-11 10:30:00+00:00,0.0,42000.0,"POLYGON ((-76.15 27.45, -75.3 22.15, -79 24.45, -78.45 27, -76.15 27.45))"
36E,2022-11-11 06:55:00+00:00,2022-11-11 08:55:00+00:00,0.0,32000.0,"POLYGON ((-85.64999020425351 36.13559036143849, -82.01877411425313 33.59227900136819, -83.87693801094987 31.30641264694936, -87.27913297145858 32.900895637960986, -85.64999020425351 36.13559036143849))"
39E,2022-11-11 06:55:00+00:00,2022-11-11 08:55:00+00:00,0.0,36000.0,"POLYGON ((-76.89048327355702 32.347912658677075, -78.3482983082875 24.022719882865772, -81.41296605564185 24.2365843602959, -79.44166346475708 31.65893283188886, -76.89048327355702 32.347912658677075))"
40E,2022-11-11 06:55:00+00:00,2022-11-11 08:55:00+00:00,0.0,35000.0,"POLYGON ((-81.8730889204524 29.297831298152747, -81.11 28.967262088527214, -82.69302669423489 27.092517366629853, -83.41314469046507 27.079012327272654, -83.2027312069051 28.100013270334887, -81.8730889204524 29.297831298152747))"
37E,2022-11-11 06:55:00+00:00,2022-11-11 08:55:00+00:00,0.0,38000.0,"POLYGON ((-77.82780764812415 36.18458178617897, -76.89048327355702 32.347912658677075, -79.44166346475708 31.65893283188886, -81.11 32.16, -81.97536386964345 33.646195985923384, -77.82780764812415 36.18458178617897))"
29C,2022-11-11 06:55:00+00:00,2022-11-11 08:55:00+00:00,0.0,36000.0,"POLYGON ((-93.39700708700587 40.978607142390686, -91.61472521334977 40.46434078096207, -94.63745896920445 33.97927067191303, -97.95172791611162 32.54835770245518, -98.82454753749143 35.39382082439066, -93.39700708700587 40.978607142390686))"
28C,2022-11-11 06:55:00+00:00,2022-11-11 08:55:00+00:00,0.0,28000.0,"POLYGON ((-87.58344351549043 46.04244301229528, -86.41071296371894 44.4120917414859, -91.61472521334977 40.46434078096207, -93.39700708700587 40.978607142390686, -87.58344351549043 46.04244301229528))"
38E,2022-11-11 06:55:00+00:00,2022-11-11 08:55:00+00:00,0.0,29000.0,"POLYGON ((-81.89910759780476 38.6476998740394, -78.73550339933094 37.41490555667975, -77.95299859324535 36.14379415220809, -81.9995396900626 33.654571347058415, -85.7849360784199 36.136670145363645, -81.89910759780476 38.6476998740394))"
44E,2022-11-11 07:55:00+00:00,2022-11-11 09:55:00+00:00,0.0,36000.0,"POLYGON ((-76.89048327355702 32.347912658677075, -76.7868421747804 27.851344753147554, -78.88114592700765 27.120543956737375, -80.09 27.17910686720918, -79.44166346475708 31.65893283188886, -76.89048327355702 32.347912658677075))"
42E,2022-11-11 07:55:00+00:00,2022-11-11 09:55:00+00:00,0.0,38000.0,"POLYGON ((-77.82780764812415 36.18458178617897, -74.31958095363107 34.7161654317201, -76.89048327355702 32.347912658677075, -79.44166346475708 31.65893283188886, -81.97536386964345 33.646195985923384, -77.82780764812415 36.18458178617897))"
46E,2022-11-11 07:55:00+00:00,2022-11-11 09:55:00+00:00,0.0,35000.0,"POLYGON ((-80.09 27.17910686720918, -78.88114592700765 27.120543956737375, -79.11432033787685 24.736606726236346, -79.5128567803571 24.10724738331726, -81.86993084082431 24.436278990821055, -80.09 27.17910686720918))"
45E,2022-11-11 07:55:00+00:00,2022-11-11 09:55:00+00:00,0.0,32000.0,"POLYGON ((-81.8730889204524 29.297831298152747, -81.11 28.967262088527214, -82.69302669423489 27.092517366629853, -83.41314469046507 27.079012327272654, -83.2027312069051 28.100013270334887, -81.8730889204524 29.297831298152747))"
31C,2022-11-11 07:55:00+00:00,2022-11-11 09:55:00+00:00,0.0,41000.0,"POLYGON ((-92.89879390936423 40.3648719286319, -91.480393942229 39.91349432881043, -93.33101463122763 35.068029229266116, -97.96546372639826 32.246318965309385, -97.92 36.35, -92.89879390936423 40.3648719286319))"
30C,2022-11-11 07:55:00+00:00,2022-11-11 09:55:00+00:00,0.0,27000.0,"POLYGON ((-88.74628425372005 45.62777784416487, -85.91194733349295 45.28425194436748, -91.480393942229 39.91349432881043, -93.05399765492704 40.48199856281222, -88.74628425372005 45.62777784416487))"
41E,2022-11-11 07:55:00+00:00,2022-11-11 09:55:00+00:00,0.0,30000.0,"POLYGON ((-85.7849360784199 36.136670145363645, -82.03725585533314 33.60771219118572, -82.99190034777105 31.94800536386035, -85.97822875241526 32.21954020910824, -87.22139092609677 33.78023403349343, -85.7849360784199 36.136670145363645))"
43E,2022-11-11 07:55:00+00:00,2022-11-11 09:55:00+00:00,0.0,33000.0,"POLYGON ((-78.83 39.886287181737316, -77.95299859324535 36.14379415220809, -81.9995396900626 33.654571347058415, -85.7849360784199 36.136670145363645, -82.37305853341135 38.86014883734912, -78.83 39.886287181737316))"
47E,2022-11-11 08:55:00+00:00,2022-11-11 10:55:00+00:00,0.0,30000.0,"POLYGON ((-86.5194859056348 36.776268624229274, -82.5544786311274 34.4430612191985, -82.66162581913919 32.6861249663803, -85.95714355109449 32.09214832534727, -87.79752155618463 34.09479335616299, -86.5194859056348 36.776268624229274))"
48E,2022-11-11 08:55:00+00:00,2022-11-11 10:55:00+00:00,0.0,37000.0,"POLYGON ((-76.94496343712746 36.512234208800045, -74.03960245309027 34.47617000801013, -76.89048327355702 32.347912658677075, -80.32392449394393 32.15757011615731, -82.5544786311274 34.4430612191985, -76.94496343712746 36.512234208800045))"
52E,2022-11-11 08:55:00+00:00,2022-11-11 10:55:00+00:00,0.0,35000.0,"POLYGON ((-79.96838261465777 27.87002282199564, -78.88114592700765 27.120543956737375, -79.11432033787685 24.736606726236346, -79.5128567803571 24.10724738331726, -82.00928316919587 24.12874107566225, -79.96838261465777 27.87002282199564))"
51E,2022-11-11 08:55:00+00:00,2022-11-11 10:55:00+00:00,0.0,32000.0,"POLYGON ((-81.51 30.00726208852722, -80.75705420755645 29.426869312067325, -82.69302669423489 27.092517366629853, -83.41314469046507 27.079012327272654, -83.2027312069051 28.100013270334887, -81.51 30.00726208852722))"
50E,2022-11-11 08:55:00+00:00,2022-11-11 10:55:00+00:00,0.0,36000.0,"POLYGON ((-76.89048327355702 32.347912658677075, -76.7868421747804 27.851344753147554, -78.88114592700765 27.120543956737375, -79.96838261465777 27.87002282199564, -80.32392449394393 32.15757011615731, -76.89048327355702 32.347912658677075))"
49E,2022-11-11 08:55:00+00:00,2022-11-11 10:55:00+00:00,0.0,31000.0,"POLYGON ((-78.67597391795988 40.20225715039677, -76.94496343712746 36.512234208800045, -82.5544786311274 34.4430612191985, -86.44 36.763631044263605, -83.2188322774304 39.1259946821082, -78.67597391795988 40.20225715039677))"
33C,2022-11-11 08:55:00+00:00,2022-11-11 10:55:00+00:00,0.0,41000.0,"POLYGON ((-92.673458557068 40.28367495524262, -91.28 39.85, -95.34125415367663 32.41861937193263, -97.63423636974137 32.86859529160735, -97.77415749761799 36.232270722458004, -92.673458557068 40.28367495524262))"
32C,2022-11-11 08:55:00+00:00,2022-11-11 10:55:00+00:00,0.0,28000.0,"POLYGON ((-90.15893801825393 43.549306454531546, -88.46282087916711 43.06452949148198, -91.28 39.85, -92.59 40.2745709394209, -90.15893801825393 43.549306454531546))"
53E,2022-11-11 09:55:00+00:00,2022-11-11 11:55:00+00:00,0.0,37000.0,"POLYGON ((-87.01829145522811 37.119599691876296, -81.50085408735501 34.67632171374924, -82.66162581913919 32.6861249663803, -85.90120931136182 32.57223192555957, -88.05919792409836 34.23811184318737, -87.01829145522811 37.119599691876296))"
56E,2022-11-11 09:55:00+00:00,2022-11-11 11:55:00+00:00,0.0,44000.0,"POLYGON ((-76.89048327355702 32.347912658677075, -76.7868421747804 27.851344753147554, -78.88114592700765 27.120543956737375, -79.96838261465777 27.87002282199564, -80.04 32.058155221318046, -76.89048327355702 32.347912658677075))"
54E,2022-11-11 09:55:00+00:00,2022-11-11 11:55:00+00:00,0.0,38000.0,"POLYGON ((-76.94496343712746 36.512234208800045, -74.03960245309027 34.47617000801013, -76.89048327355702 32.347912658677075, -80.04 32.058155221318046, -81.50085408735501 34.67632171374924, -76.94496343712746 36.512234208800045))"
55E,2022-11-11 09:55:00+00:00,2022-11-11 11:55:00+00:00,0.0,30000.0,"POLYGON ((-78.83 40.32, -76.94496343712746 36.512234208800045, -81.50085408735501 34.67632171374924, -87.01829145522811 37.119599691876296, -83.70913291483416 39.674707018512514, -78.83 40.32))"
57E,2022-11-11 09:55:00+00:00,2022-11-11 11:55:00+00:00,0.0,32000.0,"POLYGON ((-81.51 30.00726208852722, -80.70389801587915 29.65230753044143, -82.72322680212012 27.463559637411908, -83.71993687404334 27.524099066475177, -83.34928232570508 28.49658462437962, -81.51 30.00726208852722))"
58E,2022-11-11 09:55:00+00:00,2022-11-11 11:55:00+00:00,0.0,38000.0,"POLYGON ((-79.96838261465777 27.87002282199564, -78.88114592700765 27.120543956737375, -79.11432033787685 24.736606726236346, -78.3482983082875 24.022719882865772, -82.00928316919587 24.12874107566225, -79.96838261465777 27.87002282199564))"
35C,2022-11-11 09:55:00+00:00,2022-11-11 11:55:00+00:00,0.0,37000.0,"POLYGON ((-91.1986150113596 41.646601115385714, -90.21056902795137 40.687765571974516, -95.11365470460609 32.29214430580634, -97.76990830639855 32.61321286290881, -95.46458859567758 37.94762798906191, -91.1986150113596 41.646601115385714))"
34C,2022-11-11 09:55:00+00:00,2022-11-11 11:55:00+00:00,0.0,35000.0,"POLYGON ((-99.31222333815627 32.66981417587036, -98.89263092342858 31.65281068444806, -102.433994757914 30.478289694691373, -102.44125524437848 31.139882937773198, -99.31222333815627 32.66981417587036))"
MIKE 2,2022-11-11 10:20:00+00:00,2022-11-11 14:20:00+00:00,0.0,38000.0,"POLYGON ((-76.45 27.3, -74.45 24.3, -76.3 23, -77.3 23.45, -78.15 27, -76.45 27.3))"
62E,2022-11-11 10:55:00+00:00,2022-11-11 12:55:00+00:00,0.0,38000.0,"POLYGON ((-80.26865272784586 33.35090680421309, -76.89048327355702 32.347912658677075, -76.9624293609499 27.791649315363067, -78.88114592700765 27.120543956737375, -80.22373773091545 27.91502661376889, -80.26865272784586 33.35090680421309))"
60E,2022-11-11 10:55:00+00:00,2022-11-11 12:55:00+00:00,0.0,40000.0,"POLYGON ((-76.5423975196654 37.7521218765947, -75.48162719054064 34.874613397761685, -76.89048327355702 32.347912658677075, -81.05 33.693631044263604, -81.238732309028 35.424938928912816, -76.5423975196654 37.7521218765947))"
61E,2022-11-11 10:55:00+00:00,2022-11-11 12:55:00+00:00,0.0,28000.0,"POLYGON ((-79.74107763869854 41.18197536610685, -76.5423975196654 37.7521218765947, -81.238732309028 35.424938928912816, -86.35855722106766 37.84276082397626, -83.60378680893167 40.28918092840811, -79.74107763869854 41.18197536610685))"
64E,2022-11-11 10:55:00+00:00,2022-11-11 12:55:00+00:00,0.0,38000.0,"POLYGON ((-80.22373773091545 27.91502661376889, -78.88114592700765 27.120543956737375, -79.11432033787685 24.736606726236346, -78.3482983082875 24.022719882865772, -80.4532068212314 24.07469221014595, -80.22373773091545 27.91502661376889))"
59E,2022-11-11 10:55:00+00:00,2022-11-11 12:55:00+00:00,0.0,35000.0,"POLYGON ((-86.35855722106766 37.84276082397626, -81.238732309028 35.424938928912816, -82.46397673233466 33.09480759313287, -85.8054480113155 33.048585591071905, -88.21067442012458 35.296086248612134, -86.35855722106766 37.84276082397626))"
37C,2022-11-11 10:55:00+00:00,2022-11-11 12:55:00+00:00,0.0,40000.0,"POLYGON ((-91.61 41.18726208852723, -89.33807348252316 40.698609860472835, -91.86798820292698 35.29442290760843, -95.47628099917348 32.163249195797896, -97.04 32.87, -91.61 41.18726208852723))"
63E,2022-11-11 10:55:00+00:00,2022-11-11 12:55:00+00:00,0.0,34000.0,"POLYGON ((-81.14301173964905 27.67846918322073, -81.78 26.24085812115821, -83.1272580513645 25.08209383769077, -83.69098303548607 26.373098682536693, -82.39963170078622 27.344594488984107, -81.14301173964905 27.67846918322073))"
36C,2022-11-11 10:55:00+00:00,2022-11-11 12:55:00+00:00,0.0,45000.0,"POLYGON ((-100.10181651411717 32.275314559539424, -99.01838652036086 31.761606542107224, -100.15592064905216 30.599568532994905, -101.59688671760676 30.073039210163714, -101.99511387764633 31.609152538286697, -100.10181651411717 32.275314559539424))"
MIKE 3,2022-11-11 11:15:00+00:00,2022-11-11 15:15:00+00:00,0.0,40000.0,"POLYGON ((-74.3 32, -76.15 26.15, -78.45 26.45, -77 32, -74.3 32))"
66E,2022-11-11 11:55:00+00:00,2022-11-11 13:55:00+00:00,0.0,41000.0,"POLYGON ((-77.57922937636404 39.68946409543577, -74.28936930317946 35.60841081246331, -76.89048327355702 32.347912658677075, -80.04 32.89, -80.95 36.02184477868196, -77.57922937636404 39.68946409543577))"
67E,2022-11-11 11:55:00+00:00,2022-11-11 13:55:00+00:00,0.0,32000.0,"POLYGON ((-81.43925190875267 41.5466036890189, -78.39761147664275 41.046616438994214, -77.57922937636404 39.68946409543577, -80.95 36.02184477868196, -86.35855722106766 37.84276082397626, -81.43925190875267 41.5466036890189))"
68E,2022-11-11 11:55:00+00:00,2022-11-11 13:55:00+00:00,0.0,38000.0,"POLYGON ((-80.04 32.89, -76.89048327355702 32.347912658677075, -76.9624293609499 27.791649315363067, -78.88114592700765 27.120543956737375, -80.22373773091545 27.91502661376889, -80.04 32.89))"
70E,2022-11-11 11:55:00+00:00,2022-11-11 13:55:00+00:00,0.0,34000.0,"POLYGON ((-80.22373773091545 27.91502661376889, -78.88114592700765 27.120543956737375, -79.11432033787685 24.736606726236346, -78.3482983082875 24.022719882865772, -80.4532068212314 24.07469221014595, -80.22373773091545 27.91502661376889))"
39C,2022-11-11 11:55:00+00:00,2022-11-11 13:55:00+00:00,0.0,35000.0,"POLYGON ((-89.87166285697703 39.32898979095147, -92.89024551526352 34.089732798434284, -95.14417166992766 32.41938638276148, -96.67346876065524 32.99679901624816, -93.50683139934935 38.58423968751526, -89.87166285697703 39.32898979095147))"
38C,2022-11-11 11:55:00+00:00,2022-11-11 13:55:00+00:00,0.0,40000.0,"POLYGON ((-96.94029218853008 33.748670967763836, -97.27 32.15910686720918, -99.10383237487044 30.85270571132936, -101.28686303033429 30.4349375706879, -101.8916604329872 31.39483107108088, -96.94029218853008 33.748670967763836))"
65E,2022-11-11 11:55:00+00:00,2022-11-11 13:55:00+00:00,0.0,32000.0,"POLYGON ((-86.25685974575667 37.87675637937844, -80.95 35.91285469710447, -82.85516134320957 33.70805304104184, -86.40631629731334 34.07792820110644, -87.5750639215801 36.136670145363645, -86.25685974575667 37.87675637937844))"
69E,2022-11-11 11:55:00+00:00,2022-11-11 13:55:00+00:00,0.0,36000.0,"POLYGON ((-81.14301173964905 27.67846918322073, -81.78 26.24085812115821, -83.1272580513645 25.08209383769077, -83.69098303548607 26.373098682536693, -82.39963170078622 27.344594488984107, -81.14301173964905 27.67846918322073))"
71E,2022-11-11 12:55:00+00:00,2022-11-11 14:55:00+00:00,0.0,31000.0,"POLYGON ((-86.36400253824851 38.352066166173906, -80.95 36.02184477868196, -82.16000000000001 34.04273791147279, -85.53483547945474 34.19086697356401, -87.7100097957465 36.13559036143849, -86.36400253824851 38.352066166173906))"
74E,2022-11-11 12:55:00+00:00,2022-11-11 14:55:00+00:00,0.0,35000.0,"POLYGON ((-79.76054928927873 32.654407851613115, -76.89048327355702 32.347912658677075, -76.9624293609499 27.791649315363067, -78.53402530115817 27.244510149211685, -79.79734241549319 27.423611960799473, -79.76054928927873 32.654407851613115))"
73E,2022-11-11 12:55:00+00:00,2022-11-11 14:55:00+00:00,0.0,30000.0,"POLYGON ((-79.3759247013076 41.72859974644952, -77.57922937636404 39.68946409543577, -80.95 36.02184477868196, -86.36400253824851 38.352066166173906, -82.8698274287194 41.097151389521855, -79.3759247013076 41.72859974644952))"
76E,2022-11-11 12:55:00+00:00,2022-11-11 14:55:00+00:00,0.0,34000.0,"POLYGON ((-79.79734241549319 27.423611960799473, -78.53402530115817 27.244510149211685, -79.11432033787685 24.736606726236346, -80.01918559080688 25.564486356748745, -79.79734241549319 27.423611960799473))"
72E,2022-11-11 12:55:00+00:00,2022-11-11 14:55:00+00:00,0.0,45000.0,"POLYGON ((-77.57922937636404 39.68946409543577, -73.56735042444014 37.69724202511723, -76.89048327355702 32.347912658677075, -79.76054928927873 32.654407851613115, -80.95 36.02184477868196, -77.57922937636404 39.68946409543577))"
41C,2022-11-11 12:55:00+00:00,2022-11-11 14:55:00+00:00,0.0,33000.0,"POLYGON ((-92.55386366427547 37.61213474549222, -92.41356842856416 35.140892246369134, -94.38634529539391 32.29214430580634, -95.94671552983252 32.48324125542623, -93.6269430103395 37.59491059880739, -92.55386366427547 37.61213474549222))"
40C,2022-11-11 12:55:00+00:00,2022-11-11 14:55:00+00:00,0.0,42000.0,"POLYGON ((-96.94029218853008 33.748670967763836, -96.36401234225892 31.97513444044588, -99.10383237487044 30.85270571132936, -101.44882467988724 29.9464842995664, -102.20405280581647 30.947682516475272, -96.94029218853008 33.748670967763836))"
75E,2022-11-11 12:55:00+00:00,2022-11-11 14:55:00+00:00,0.0,36000.0,"POLYGON ((-82.89448026047619 27.092895913250604, -82.07885964686697 26.640338216811248, -82.70534467363578 25.40510014133861, -83.1272580513645 25.08209383769077, -83.69098303548607 26.373098682536693, -82.89448026047619 27.092895913250604))"
77E,2022-11-11 13:55:00+00:00,2022-11-11 15:55:00+00:00,0.0,45000.0,"POLYGON ((-80.51715050544742 37.153510568155816, -78.66218147675899 37.05759474199591, -76.05057862301025 32.80714986095124, -78.76513938306344 32.43785960394257, -78.61242498927234 34.093090724269146, -80.51715050544742 37.153510568155816))"
78E,2022-11-11 13:55:00+00:00,2022-11-11 15:55:00+00:00,0.0,39000.0,"POLYGON ((-76.05057862301025 32.80714986095124, -76.4350886114612 27.970067284132778, -79.34523527425056 26.678058003974225, -79.33647472704759 29.924948248318806, -78.76513938306344 32.43785960394257, -76.05057862301025 32.80714986095124))"
79E,2022-11-11 13:55:00+00:00,2022-11-11 15:55:00+00:00,0.0,39000.0,"POLYGON ((-78.97286876565066 26.675630616850057, -79.08942577615537 25.349494405187173, -79.88916343653449 25.446556484941148, -79.34523527425056 26.678058003974225, -78.97286876565066 26.675630616850057))"
80E,2022-11-11 13:55:00+00:00,2022-11-11 15:55:00+00:00,0.0,38000.0,"POLYGON ((-72.79933985502997 35.06616814957474, -73.34664915708028 33.87342468343201, -75.25408200029028 34.411943802892225, -72.79933985502997 35.06616814957474))"
42C,2022-11-11 13:55:00+00:00,2022-11-11 15:55:00+00:00,0.0,45000.0,"POLYGON ((-97.26860022383958 33.330906963436576, -96.36401234225892 31.97513444044588, -98.744340660057 30.977576653494896, -101.73128793433634 30.498329877958653, -101.03454960092276 31.368674640918357, -97.26860022383958 33.330906963436576))"
43C,2022-11-11 13:55:00+00:00,2022-11-11 15:55:00+00:00,0.0,29000.0,"POLYGON ((-94.06741070764174 34.98913222470598, -92.67480916044529 34.270090433322096, -94.75 32.130858121158205, -95.77755236012206 32.415829944341056, -94.06741070764174 34.98913222470598))"
81E,2022-11-11 14:55:00+00:00,2022-11-11 16:55:00+00:00,0.0,45000.0,"POLYGON ((-78.85315559844388 37.376704518482875, -76.05057862301025 32.80714986095124, -78.94647245684156 32.50323761372385, -78.02366793173985 34.042494158287965, -79.86700792962317 37.2483469760245, -78.85315559844388 37.376704518482875))"
82E,2022-11-11 14:55:00+00:00,2022-11-11 16:55:00+00:00,0.0,39000.0,"POLYGON ((-76.05057862301025 32.80714986095124, -76.4350886114612 27.970067284132778, -79.34523527425056 26.678058003974225, -78.94647245684156 32.50323761372385, -76.05057862301025 32.80714986095124))"
45C,2022-11-11 14:55:00+00:00,2022-11-11 16:55:00+00:00,0.0,29000.0,"POLYGON ((-92.34231296119181 34.62456749940213, -94.38792297941951 32.112800669471255, -95.43504663368594 32.41814659846743, -93.93345148548069 34.72170140457218, -92.34231296119181 34.62456749940213))"
44C,2022-11-11 14:55:00+00:00,2022-11-11 16:55:00+00:00,0.0,45000.0,"POLYGON ((-97.04 33.30371281826267, -96.55537885791304 32.460156528309916, -97.53 30.813712818262683, -101.15391416035597 30.160847003883294, -101.12727870258328 31.368220793046177, -97.04 33.30371281826267))"
83E,2022-11-11 15:55:00+00:00,2022-11-11 17:55:00+00:00,0.0,45000.0,"POLYGON ((-78.61299207037682 37.2483469760245, -75.29134565535617 33.431553251189904, -78.94647245684156 32.50323761372385, -77.87 34.5163689557364, -79.53465929804534 37.014353223465115, -78.61299207037682 37.2483469760245))"
85E,2022-11-11 15:55:00+00:00,2022-11-11 17:55:00+00:00,0.0,41000.0,"POLYGON ((-82.09751765502585 28.53789820755231, -81.8590860639018 27.143632369639118, -82.80734252391953 26.144323595407585, -83.29955648896772 27.397996788231897, -82.09751765502585 28.53789820755231))"
84E,2022-11-11 15:55:00+00:00,2022-11-11 17:55:00+00:00,0.0,45000.0,"POLYGON ((-75.29134565535617 33.431553251189904, -76.4350886114612 27.970067284132778, -78.8209924521177 29.280485096039094, -78.94647245684156 32.50323761372385, -75.29134565535617 33.431553251189904))"
46C,2022-11-11 15:55:00+00:00,2022-11-11 17:55:00+00:00,0.0,45000.0,"POLYGON ((-96.33498721907586 33.45622861203412, -95.4803928056752 32.67256073786884, -96.636252237194 30.695292284022866, -101.31242492237271 29.82946505737113, -99.86 31.98089313279081, -96.33498721907586 33.45622861203412))"
86E,2022-11-11 15:55:00+00:00,2022-11-11 17:55:00+00:00,0.0,36000.0,"POLYGON ((-79.31279698154296 27.336138004827543, -78.76734243608843 27.336138004827543, -78.76734243608843 26.790683459372996, -79.31279698154296 26.790683459372996, -79.31279698154296 27.336138004827543))"
87E,2022-11-11 15:55:00+00:00,2022-11-11 17:55:00+00:00,0.0,36000.0,"POLYGON ((-75.68018371483936 38.29455206944617, -75.11547916758055 36.88507202788361, -75.8655128890203 37.00018133917448, -76.75791421127902 38.325394994696175, -75.68018371483936 38.29455206944617))"
47C,2022-11-11 15:55:00+00:00,2022-11-11 17:55:00+00:00,0.0,41000.0,"POLYGON ((-99.34692648033523 30.19023577213862, -99.29166585715862 29.637405507134737, -99.82 29.877145302895535, -100.07570018939666 30.065485424354716, -99.34692648033523 30.19023577213862))"
88E,2022-11-11 16:55:00+00:00,2022-11-11 18:55:00+00:00,0.0,44000.0,"POLYGON ((-78.09231674503435 37.242815771409894, -74.47702885257405 35.67489660334179, -75.47369288951381 33.49892397615319, -78.78 36.369106867209176, -78.09231674503435 37.242815771409894))"
91E,2022-11-11 16:55:00+00:00,2022-11-11 18:55:00+00:00,0.0,36000.0,"POLYGON ((-75.83752417634659 38.964365824574294, -73.56735042444014 37.69724202511723, -73.91083226975601 36.2385671361986, -76.58900616105268 38.50620889701939, -75.83752417634659 38.964365824574294))"
90E,2022-11-11 16:55:00+00:00,2022-11-11 18:55:00+00:00,0.0,37000.0,"POLYGON ((-81.90814154706165 28.5388177307741, -81.80044351103226 27.397996788231897, -82.82340328269274 25.585089478633737, -82.94567362829717 27.67446409351263, -81.90814154706165 28.5388177307741))"
89E,2022-11-11 16:55:00+00:00,2022-11-11 18:55:00+00:00,0.0,45000.0,"POLYGON ((-77.87 34.35, -75.29134565535617 33.431553251189904, -77.68695586025213 28.670408845141342, -78.8209924521177 29.280485096039094, -77.87 34.35))"
48C,2022-11-11 16:55:00+00:00,2022-11-11 18:55:00+00:00,0.0,45000.0,"POLYGON ((-95.24388741880288 33.77288515120077, -94.94708650522678 32.41984659497573, -95.87009128315249 31.034913005497554, -100.06280859581634 29.61280135552095, -100.08526663885834 32.018684600308326, -95.24388741880288 33.77288515120077))"
92E,2022-11-11 17:55:00+00:00,2022-11-11 19:55:00+00:00,0.0,45000.0,"POLYGON ((-77.02249638951126 37.734908715085794, -73.91498722514666 35.4745690241172, -75.17879359740719 34.257627423980296, -79.0015058380135 36.788645613707395, -77.02249638951126 37.734908715085794))"
93E,2022-11-11 17:55:00+00:00,2022-11-11 19:55:00+00:00,0.0,40000.0,"POLYGON ((-77.55925001702265 34.964427780843245, -75.17879359740719 34.257627423980296, -77.17924536115109 30.643087863040467, -79.01170039983428 29.283601544713342, -77.55925001702265 34.964427780843245))"
49C,2022-11-11 17:55:00+00:00,2022-11-11 19:55:00+00:00,0.0,45000.0,"POLYGON ((-95.0676369076764 33.50600182421121, -94.40356789128212 32.768600663783694, -94.36124410965009 31.03216934077736, -100.94646703745902 29.423550513639334, -97.26860022383958 33.330906963436576, -95.0676369076764 33.50600182421121))"
94E,2022-11-11 17:55:00+00:00,2022-11-11 19:55:00+00:00,0.0,39000.0,"POLYGON ((-81.17335817425523 29.166418918896415, -81.24222874945647 27.401345267768733, -82.82147967814069 26.138947310243392, -81.83370333121087 28.539107239268716, -81.94944460196048 28.759938847197883, -81.17335817425523 29.166418918896415))"
95E,2022-11-11 18:55:00+00:00,2022-11-11 20:55:00+00:00,0.0,43000.0,"POLYGON ((-77.42037639967373 38.28621569161832, -73.49845074724051 36.230067480330845, -75.40549622175546 34.72043723247394, -78.79869658513489 36.89625769469858, -77.42037639967373 38.28621569161832))"
96E,2022-11-11 18:55:00+00:00,2022-11-11 20:55:00+00:00,0.0,39000.0,"POLYGON ((-77.44072004121696 34.702173615973486, -75.17879359740719 34.257627423980296, -76.74368634706377 32.03923455358845, -77.87 32.51994148689968, -77.44072004121696 34.702173615973486))"
98E,2022-11-11 18:55:00+00:00,2022-11-11 20:55:00+00:00,0.0,34000.0,"POLYGON ((-75.46276611250894 40.17909748376264, -74.11371973543368 38.876685634049686, -74.95696740707328 38.34870127883231, -76.2305806222443 39.49759440435699, -75.46276611250894 40.17909748376264))"
97E,2022-11-11 18:55:00+00:00,2022-11-11 20:55:00+00:00,0.0,38000.0,"POLYGON ((-80.9926588365963 29.40217580878289, -80.9797608066985 27.679138909723793, -81.94702017527639 27.62000264914065, -81.94944460196048 28.759938847197883, -80.9926588365963 29.40217580878289))"
50C,2022-11-11 18:55:00+00:00,2022-11-11 20:55:00+00:00,0.0,42000.0,"POLYGON ((-94.5514964533736 33.675043829419415, -94.25256457190979 30.99318090066168, -100.2723727214914 29.35907655672969, -96.55088835585335 33.27795762192466, -94.5514964533736 33.675043829419415))"
ALFA 1,2022-11-11 19:25:00+00:00,2022-11-11 23:25:00+00:00,0.0,42000.0,"POLYGON ((-76.45 30.15, -74.15 29.45, -74.3 26.3, -78.3 24.45, -76.45 30.15))"
02E,2022-11-11 19:55:00+00:00,2022-11-11 21:55:00+00:00,0.0,33000.0,"POLYGON ((-75.02285893083483 40.578138117800435, -73.43403988304122 39.49739887272761, -74.40459309059578 38.97199834078283, -76.14224048341156 40.22615429304569, -75.02285893083483 40.578138117800435))"
01E,2022-11-11 19:55:00+00:00,2022-11-11 21:55:00+00:00,0.0,35000.0,"POLYGON ((-81.03688335607478 29.453684961025417, -80.814149796856 28.729986895242956, -82.15911154418671 27.718021006822642, -82.03817340311798 28.283548620013455, -81.03688335607478 29.453684961025417))"
99E,2022-11-11 19:55:00+00:00,2022-11-11 21:55:00+00:00,0.0,45000.0,"POLYGON ((-77.28122336364423 38.447522724963704, -73.56735042444014 37.69724202511723, -74.31958095363107 34.7161654317201, -78.09231674503435 37.242815771409894, -77.28122336364423 38.447522724963704))"
51C,2022-11-11 19:55:00+00:00,2022-11-11 21:55:00+00:00,0.0,45000.0,"POLYGON ((-95.8758504922045 33.75752794688896, -94.26953328159313 33.50984006672477, -93.03833641136431 31.067878012929807, -99.6247133900029 29.355108574801317, -95.8758504922045 33.75752794688896))"
03E,2022-11-11 20:55:00+00:00,2022-11-11 22:55:00+00:00,0.0,45000.0,"POLYGON ((-77.04 39.026368955736395, -73.49845074724051 36.230067480330845, -73.7612320341291 34.23553982536499, -77.94910106882634 37.49833195662816, -77.04 39.026368955736395))"
05E,2022-11-11 20:55:00+00:00,2022-11-11 22:55:00+00:00,0.0,38000.0,"POLYGON ((-77.17672267238457 30.38677481867236, -76.80035650834265 28.968014159304357, -78.05829211406056 29.265312143249012, -77.17672267238457 30.38677481867236))"
04E,2022-11-11 20:55:00+00:00,2022-11-11 22:55:00+00:00,0.0,35000.0,"POLYGON ((-80.22373773091545 27.91502661376889, -79.62468306975173 27.35898047564628, -79.88682891835398 26.1523925928314, -81.02094996163994 26.67696566493167, -80.22373773091545 27.91502661376889))"
52C,2022-11-11 20:55:00+00:00,2022-11-11 22:55:00+00:00,0.0,45000.0,"POLYGON ((-94.26953328159313 33.50984006672477, -93.05324656617897 31.72937823056986, -94.8167423007657 30.14992625447171, -98.46 28.641786265581647, -97.45045531342971 31.59620638684762, -94.26953328159313 33.50984006672477))"
06E,2022-11-11 21:55:00+00:00,2022-11-11 23:55:00+00:00,0.0,45000.0,"POLYGON ((-72.84093513924302 39.29978629200471, -72.61449218536606 34.997111206835285, -73.7612320341291 34.23553982536499, -76.18 35.26178626558164, -72.84093513924302 39.29978629200471))"
07E,2022-11-11 21:55:00+00:00,2022-11-11 23:55:00+00:00,0.0,40000.0,"POLYGON ((-79.79410506873485 27.93292726169233, -79.55067052263696 27.676832485442556, -80.01814803446045 26.035046574174213, -80.77597893967912 27.064887284906167, -79.79410506873485 27.93292726169233))"
09E,2022-11-11 21:55:00+00:00,2022-11-11 23:55:00+00:00,0.0,37000.0,"POLYGON ((-75.32 41.56089313279083, -72.78956823987848 41.27197234779366, -73.23596497331097 39.43186283948943, -75.51 38.35, -77.32 37.999106867209186, -75.32 41.56089313279083))"
54C,2022-11-11 21:55:00+00:00,2022-11-11 23:55:00+00:00,0.0,40000.0,"POLYGON ((-97.16385776636847 29.610965159889634, -96.45568136663779 29.067331605068702, -97.57325791437071 28.017576519544736, -99.5409007759733 28.908701497443122, -97.16385776636847 29.610965159889634))"
10E,2022-11-11 21:55:00+00:00,2022-11-11 23:55:00+00:00,0.0,30000.0,"POLYGON ((-78.72169904870017 38.36028231731026, -79.24 37.25, -79.17439951688142 34.39501818957229, -79.66 34.23, -80.71 37.09, -78.72169904870017 38.36028231731026))"
08E,2022-11-11 21:55:00+00:00,2022-11-11 23:55:00+00:00,0.0,38000.0,"POLYGON ((-80.40238919658427 29.911497211776126, -79.72483519862459 29.790776511913705, -80.11235710151831 28.480884096344056, -80.84629666878914 28.539107239268716, -80.40238919658427 29.911497211776126))"
53C,2022-11-11 21:55:00+00:00,2022-11-11 23:55:00+00:00,0.0,45000.0,"POLYGON ((-92.74 32.97085812115821, -92.14006176438073 31.566179927207845, -95.98017222812307 28.759599577919815, -98.46 30.218283757683576, -95.38135630512983 32.197125467509544, -92.74 32.97085812115821))"
11E,2022-11-11 22:55:00+00:00,2022-11-12 00:55:00+00:00,0.0,45000.0,"POLYGON ((-72.32 39.58904835410886, -72.61449218536606 34.997111206835285, -73.7612320341291 34.23553982536499, -75.62489870443662 36.69761296233796, -72.32 39.58904835410886))"
12E,2022-11-11 22:55:00+00:00,2022-11-12 00:55:00+00:00,0.0,41000.0,"POLYGON ((-79.68772347455695 28.383530149328113, -79.09496772306241 28.18234019871833, -79.76865652948536 25.60810658510077, -80.48620572207447 27.032371714733443, -79.68772347455695 28.383530149328113))"
16E,2022-11-11 22:55:00+00:00,2022-11-12 00:55:00+00:00,0.0,35000.0,"POLYGON ((-75.8551517234846 34.333495027530304, -77.18711036928703 32.96475210855679, -77.06397185013083 34.34735883021229, -75.8551517234846 34.333495027530304))"
15E,2022-11-11 22:55:00+00:00,2022-11-12 00:55:00+00:00,0.0,32000.0,"POLYGON ((-79.69526203336449 38.14077334138909, -78.94349474138147 37.484912073908184, -78.44318395178261 34.81922906041311, -79.50654885675395 33.92249458926962, -80.33943452739067 38.03209599200263, -79.69526203336449 38.14077334138909))"
55C,2022-11-11 22:55:00+00:00,2022-11-12 00:55:00+00:00,0.0,45000.0,"POLYGON ((-92.14312468541472 33.25857422352877, -91.47899014614089 32.9893186717509, -91.0073077572899 32.10841313743647, -95.9495057334155 27.990997723205563, -96.636252237194 30.695292284022866, -92.14312468541472 33.25857422352877))"
13E,2022-11-11 22:55:00+00:00,2022-11-12 00:55:00+00:00,0.0,41000.0,"POLYGON ((-79.19971799904016 31.15082114184281, -80.0419443341937 28.908478207695236, -80.49868748802051 29.077308782615507, -79.95363615155655 30.884035478591002, -79.19971799904016 31.15082114184281))"
14E,2022-11-11 22:55:00+00:00,2022-11-12 00:55:00+00:00,0.0,36000.0,"POLYGON ((-74.7788893015733 42.224705800156165, -72.46825950252571 41.53908750687855, -72.53833178527668 40.51909502766785, -74.43000000000002 40.253712818262684, -76.0323032393058 40.69011515630699, -74.7788893015733 42.224705800156165))"
56C,2022-11-11 22:55:00+00:00,2022-11-12 00:55:00+00:00,0.0,31000.0,"POLYGON ((-98.20672072959013 29.105494893387814, -96.80474007645012 28.759099054869413, -97.74195696487438 27.789021212543098, -98.02111673075382 28.409915744927837, -98.20672072959013 29.105494893387814))"
ALFA 2,2022-11-11 23:05:00+00:00,2022-11-12 03:05:00+00:00,0.0,39000.0,"POLYGON ((-76.15 30.45, -73.3 30.3, -74.3 27.45, -77.15 25.45, -77 27.45, -76.15 30.45))"
BRAVO 1,2022-11-11 23:40:00+00:00,2022-11-12 03:40:00+00:00,0.0,44000.0,"POLYGON ((-70.45 37.45, -72 32.45, -73.3 33, -72.45 37.15, -70.45 37.45))"
58C,2022-11-11 23:55:00+00:00,2022-11-12 01:55:00+00:00,,,"POLYGON ((-96.31 28.76, -96.56469374270725 28.75976122990181, -97.73205079221059 28.00649705837337, -99.07163461469344 27.35140065822822, -96.31 28.76))"
22E,2022-11-11 23:55:00+00:00,2022-11-12 01:55:00+00:00,0.0,40000.0,"POLYGON ((-76.64825304536758 35.336854287419605, -75.55804420623159 35.02874193222278, -77.0382851343027 32.656419589869714, -76.64825304536758 35.336854287419605))"
21E,2022-11-11 23:55:00+00:00,2022-11-12 01:55:00+00:00,0.0,33000.0,"POLYGON ((-80.49576852684028 39.03666581518671, -78.46192302544942 38.829510553520834, -78.05947197381934 35.27964005264144, -78.91412712644258 34.48241058059234, -80.53507712525604 37.96955590243658, -80.49576852684028 39.03666581518671))"
20E,2022-11-11 23:55:00+00:00,2022-11-12 01:55:00+00:00,0.0,35000.0,"POLYGON ((-73.8 42.75, -71.43 41.72, -72.57102434695909 40.458612172131694, -74.13303517336047 40.94195006773137, -75.79272549037923 41.70610504230661, -73.8 42.75))"
18E,2022-11-11 23:55:00+00:00,2022-11-12 01:55:00+00:00,0.0,45000.0,"POLYGON ((-79.68772347455695 28.383530149328113, -78.91967636056603 28.244138042531155, -79.92867945265037 25.031054795294956, -80.23289274646095 26.987338198426425, -79.68772347455695 28.383530149328113))"
17E,2022-11-11 23:55:00+00:00,2022-11-12 01:55:00+00:00,0.0,43000.0,"POLYGON ((-71.82137771183156 39.996688755594256, -72.61449218536606 34.997111206835285, -73.7612320341291 34.23553982536499, -75.10832558932798 37.580787207420215, -71.82137771183156 39.996688755594256))"
57C,2022-11-11 23:55:00+00:00,2022-11-12 01:55:00+00:00,0.0,45000.0,"POLYGON ((-91.61979800349016 32.87222388479775, -90.83047457671236 32.682559925262055, -93.65155372956802 29.668326172639098, -95.9495057334155 27.990997723205563, -95.79508348603176 30.88148138018567, -91.61979800349016 32.87222388479775))"
59C,2022-11-11 23:55:00+00:00,2022-11-12 01:55:00+00:00,0.0,28000.0,"POLYGON ((-94.27727728804268 35.942487165542296, -93.55369237067372 34.79967778427974, -95.78000000000002 33.685417309845256, -95.40598728118714 34.72209398183621, -94.27727728804268 35.942487165542296))"
19E,2022-11-11 23:55:00+00:00,2022-11-12 01:55:00+00:00,0.0,43000.0,"POLYGON ((-79.390823296128 31.55265716560049, -79.10488902531782 30.004244923169015, -79.98520785631534 28.747612619445572, -80.1940263266214 28.96492648435812, -79.390823296128 31.55265716560049))"
CHARLIE 1,2022-11-12 00:00:00+00:00,2022-11-12 04:00:00+00:00,0.0,46000.0,"POLYGON ((-53 28.3, -51.15 24.45, -58.3 21.45, -59.3 23, -57.3 27.3, -53 28.3))"
DELTA 1,2022-11-12 00:15:00+00:00,2022-11-12 04:15:00+00:00,0.0,41000.0,"POLYGON ((-178.45 42.15, 174.15 36.45, 176.45 32.3, -175.45 36.45, -178.45 42.15))"
2E,2022-11-12 00:55:00+00:00,2022-11-12 02:55:00+00:00,0.0,40000.0,"POLYGON ((-79.282603940839 28.73352261360218, -78.39258495235237 28.428185245373538, -80.28 24.46904835410886, -79.94710725353906 26.987338198426425, -79.282603940839 28.73352261360218))"
4E,2022-11-12 00:55:00+00:00,2022-11-12 02:55:00+00:00,0.0,34000.0,"POLYGON ((-72.45 43.59089313279083, -70.81851541891974 42.05246211406724, -72.98050946405554 40.9181156410265, -74.02342459964572 41.090838700853276, -73.5418124064722 42.28859411068682, -72.45 43.59089313279083))"
5E,2022-11-12 00:55:00+00:00,2022-11-12 02:55:00+00:00,0.0,36000.0,"POLYGON ((-80.34706880256842 39.370855101234575, -78.28199245776602 39.407805709803895, -77.64742875842444 35.4826757553513, -78.39091744457164 35.10084622141453, -79.64405812365678 38.01784094918022, -80.34706880256842 39.370855101234575))"
1E,2022-11-12 00:55:00+00:00,2022-11-12 02:55:00+00:00,0.0,44000.0,"POLYGON ((-71.50948363432911 40.66248990221089, -70.70844458805594 37.834415251901376, -72.58141744893663 37.314117035316904, -74.04831366555631 38.50937374795807, -71.50948363432911 40.66248990221089))"
1C,2022-11-12 00:55:00+00:00,2022-11-12 02:55:00+00:00,0.0,44000.0,"POLYGON ((-92.19153096921693 32.82731897208351, -90.82636072834498 32.17324839231626, -91.71100757996587 30.8322775347312, -95.59412167759774 27.221068773946314, -95.10883551443149 31.1594157937704, -92.19153096921693 32.82731897208351))"
2C,2022-11-12 00:55:00+00:00,2022-11-12 02:55:00+00:00,0.0,37000.0,"POLYGON ((-97.80279820275854 28.668048782176804, -96.83503851728094 28.567985602147154, -96.52692285178695 28.298712267441747, -98.58080251356293 26.36071197444865, -97.80279820275854 28.668048782176804))"
3E,2022-11-12 00:55:00+00:00,2022-11-12 02:55:00+00:00,0.0,43000.0,"POLYGON ((-79.390823296128 31.55265716560049, -78.48228792066723 30.214796034030904, -79.98520785631534 28.747612619445572, -80.1940263266214 28.96492648435812, -79.390823296128 31.55265716560049))"
6E,2022-11-12 00:55:00+00:00,2022-11-12 02:55:00+00:00,0.0,35000.0,"POLYGON ((-76.18 35.53714530289553, -75.63845269996486 35.190244309850044, -76.64663953131905 33.32162480073113, -76.18 35.53714530289553))"
11E,2022-11-12 01:55:00+00:00,2022-11-12 03:55:00+00:00,0.0,35000.0,"POLYGON ((-77.33700759991169 41.978834425529676, -77.16015659214516 37.192482379673756, -77.8354268847979 35.547964388889966, -80.25093299878887 38.79226214243875, -79.55038778782614 40.82812161316678, -77.33700759991169 41.978834425529676))"
10E,2022-11-12 01:55:00+00:00,2022-11-12 03:55:00+00:00,0.0,36000.0,"POLYGON ((-72.18612757767428 43.628580207365204, -70.61 43.43, -70.36407272607751 42.54930078149215, -72.5196373479584 41.63246398289505, -73.51323475042729 41.68238624963399, -72.18612757767428 43.628580207365204))"
8E,2022-11-12 01:55:00+00:00,2022-11-12 03:55:00+00:00,0.0,45000.0,"POLYGON ((-79.282603940839 28.73352261360218, -78.21648200970473 28.48908274740241, -79.72563644247822 25.798949119323996, -79.94710725353906 26.987338198426425, -79.282603940839 28.73352261360218))"
12E,2022-11-12 01:55:00+00:00,2022-11-12 03:55:00+00:00,0.0,33000.0,"POLYGON ((-73.56735042444014 37.69724202511723, -74.28936930317946 35.60841081246331, -76.46471044237626 33.165535224984644, -78.76513938306344 32.43785960394257, -73.56735042444014 37.69724202511723))"
7E,2022-11-12 01:55:00+00:00,2022-11-12 03:55:00+00:00,0.0,40000.0,"POLYGON ((-70.91550586410024 41.27660732398547, -70.70844458805594 37.834415251901376, -72.58141744893663 37.314117035316904, -73.8994616258299 38.39067563369571, -70.91550586410024 41.27660732398547))"
3C,2022-11-12 01:55:00+00:00,2022-11-12 03:55:00+00:00,0.0,40000.0,"POLYGON ((-91.49197787346533 32.709812346999655, -90.1 32.43, -91.70803822539564 30.12644293632149, -95.11427998141316 27.695978643763755, -96.03298235946008 30.546441932338187, -91.49197787346533 32.709812346999655))"
4C,2022-11-12 01:55:00+00:00,2022-11-12 03:55:00+00:00,0.0,45000.0,"POLYGON ((-96.31012243276145 29.956519387931614, -97.38 26.585475822945575, -98.6294252327918 26.77192700896978, -97.53 29.714524177054436, -96.31012243276145 29.956519387931614))"
9E,2022-11-12 01:55:00+00:00,2022-11-12 03:55:00+00:00,0.0,44000.0,"POLYGON ((-78.83640804659295 31.861952177682728, -78.00985696963181 31.13568258182553, -79.91008345194146 28.189927036944724, -80.1940263266214 28.96492648435812, -78.83640804659295 31.861952177682728))"
CHARLIE 2,2022-11-12 02:15:00+00:00,2022-11-12 06:15:00+00:00,0.0,46000.0,"POLYGON ((-57.15 29.15, -49.3 24.3, -55.45 24.15, -58.15 21.3, -61.3 24.45, -57.15 29.15))"
DELTA 2,2022-11-12 02:15:00+00:00,2022-11-12 06:15:00+00:00,0.0,41000.0,"POLYGON ((-174.3 44.3, 177.45 38, 179 33.15, -174 37.45, -174.3 44.3))"
17E,2022-11-12 02:55:00+00:00,2022-11-12 04:55:00+00:00,0.0,36000.0,"POLYGON ((-76.37544569993669 43.46727613585787, -77.28388858495539 39.26432254531402, -76.96615940864487 36.63287074504286, -79.79662770052309 39.144889334487225, -77.59496228044915 43.24350429963819, -76.37544569993669 43.46727613585787))"
16E,2022-11-12 02:55:00+00:00,2022-11-12 04:55:00+00:00,0.0,31000.0,"POLYGON ((-71.58 43.88547582294556, -70.61 43.76273791147278, -71.09203177573637 41.10468266599343, -72.04594103639866 41.52735268460762, -72.69 42.439106867209176, -71.58 43.88547582294556))"
15E,2022-11-12 02:55:00+00:00,2022-11-12 04:55:00+00:00,0.0,45000.0,"POLYGON ((-78.04244026577516 32.173763670293084, -77.7103738594001 30.868429992317218, -79.61962486186705 27.99561205618871, -79.88161041550096 28.84871529436914, -78.04244026577516 32.173763670293084))"
18E,2022-11-12 02:55:00+00:00,2022-11-12 04:55:00+00:00,0.0,39000.0,"POLYGON ((-77.32 37.00089313279082, -76.9040314984609 35.669609064995846, -76.74267961425703 33.40369288731016, -77.87 32.85267939837247, -78.46326342017949 36.484404997070655, -77.32 37.00089313279082))"
14E,2022-11-12 02:55:00+00:00,2022-11-12 04:55:00+00:00,0.0,41000.0,"POLYGON ((-78.63029664222483 29.27709787387556, -77.86366744383696 28.610195383562644, -79.72563644247822 25.798949119323996, -79.94710725353906 26.987338198426425, -78.63029664222483 29.27709787387556))"
13E,2022-11-12 02:55:00+00:00,2022-11-12 04:55:00+00:00,0.0,41000.0,"POLYGON ((-70.34421761406863 41.51485493478884, -68.80199855429646 38.967778283311084, -72.72597914373145 37.434453762607674, -73.34700633415761 39.8149655787288, -70.34421761406863 41.51485493478884))"
6C,2022-11-12 02:55:00+00:00,2022-11-12 04:55:00+00:00,0.0,43000.0,"POLYGON ((-97.06910828640608 28.757878939558193, -96.40015767798008 27.514100713451217, -97.38 26.585475822945575, -98.10198317606388 27.310217183571183, -97.06910828640608 28.757878939558193))"
5C,2022-11-12 02:55:00+00:00,2022-11-12 04:55:00+00:00,0.0,38000.0,"POLYGON ((-90.6463101163326 33.15277966157111, -90.1 32.43, -91.3 30.19085812115821, -95.26959760376809 27.83597631904846, -96.75806504365775 30.101106567990968, -90.6463101163326 33.15277966157111))"
24E,2022-11-12 03:55:00+00:00,2022-11-12 05:55:00+00:00,0.0,40000.0,"POLYGON ((-76.4494186494299 38.66751107370577, -76.10615866032872 37.877923844248194, -76.20591680798546 33.76572079614409, -78.04244026577516 32.173763670293084, -77.65700306109647 38.63980690402067, -76.4494186494299 38.66751107370577))"
23E,2022-11-12 03:55:00+00:00,2022-11-12 05:55:00+00:00,0.0,34000.0,"POLYGON ((-75.75801429875008 43.927680479879456, -76.81783776381955 40.76084191277084, -76.4494186494299 38.66751107370577, -79.31271810214601 38.65268520873533, -77.51395835793517 42.924383102048786, -75.75801429875008 43.927680479879456))"
22E,2022-11-12 03:55:00+00:00,2022-11-12 05:55:00+00:00,0.0,30000.0,"POLYGON ((-69.51814116294729 44.647163071195976, -69.77402655237435 41.740832278831824, -70.43986183405951 41.40660727876327, -72.69 41.94, -71.0540060445599 44.19767240972523, -69.51814116294729 44.647163071195976))"
20E,2022-11-12 03:55:00+00:00,2022-11-12 05:55:00+00:00,0.0,41000.0,"POLYGON ((-78.24894546662576 29.26951133538124, -77.86366744383696 28.610195383562644, -79.15905003836006 26.67696566493167, -79.82613732429387 26.915037313910055, -78.24894546662576 29.26951133538124))"
19E,2022-11-12 03:55:00+00:00,2022-11-12 05:55:00+00:00,0.0,37000.0,"POLYGON ((-69.24016446808521 41.86551790939236, -69.0410103661272 39.43124456170233, -72.83733237032443 38.44680654051038, -72.32 40.587262088527226, -69.24016446808521 41.86551790939236))"
7C,2022-11-12 03:55:00+00:00,2022-11-12 05:55:00+00:00,0.0,41000.0,"POLYGON ((-90.66043909121097 32.89932298160445, -89.7352766627441 32.556807974973516, -90.26 30.800893132790822, -95.11427998141316 27.695978643763755, -95.62221533089351 30.195001450539674, -90.66043909121097 32.89932298160445))"
8C,2022-11-12 03:55:00+00:00,2022-11-12 05:55:00+00:00,0.0,44000.0,"POLYGON ((-96.31 29.25910686720918, -95.59412167759774 27.221068773946314, -97.72216160078037 26.046931445803562, -98.99295837641174 26.557120646137072, -96.31 29.25910686720918))"
21E,2022-11-12 03:55:00+00:00,2022-11-12 05:55:00+00:00,0.0,40000.0,"POLYGON ((-77.98899967386849 32.15401000109544, -77.77603544266513 30.927212465323862, -79.55948090296553 28.494703860863986, -80.0419443341937 28.908478207695236, -77.98899967386849 32.15401000109544))"
ECHO 1,2022-11-12 04:20:00+00:00,2022-11-12 08:20:00+00:00,0.0,45000.0,"POLYGON ((-74.45 26.3, -73.3 25.3, -75 22, -77 23.15, -74.45 26.3))"
DELTA 3,2022-11-12 04:30:00+00:00,2022-11-12 08:30:00+00:00,0.0,39000.0,"POLYGON ((-172 45.15, -173 37.3, -178.3 34, -179.45 38.45, -172 45.15))"
CHARLIE 3,2022-11-12 04:35:00+00:00,2022-11-12 08:35:00+00:00,0.0,47000.0,"POLYGON ((-54.15 28.45, -49.15 24, -55 24.45, -58.45 21, -61.3 24.3, -54.15 28.45))"
UNIFORM 1,2022-11-12 04:48:00+00:00,2022-11-12 08:48:00+00:00,28000.0,42000.0,"POLYGON ((-155.15 21.3, -143.45 25.3, -140.45 21.45, -154.15 17.45, -155.15 21.3))"
25E,2022-11-12 04:55:00+00:00,2022-11-12 06:55:00+00:00,0.0,42000.0,"POLYGON ((-68.4357977794325 42.445524632846855, -70.03 38.78446566395412, -73.23596497331097 39.43186283948943, -69.86431720089824 42.35449411882638, -68.4357977794325 42.445524632846855))"
26E,2022-11-12 04:55:00+00:00,2022-11-12 06:55:00+00:00,0.0,39000.0,"POLYGON ((-78.05829211406056 29.265312143249012, -77.68695586025213 28.670408845141342, -79.15905003836006 26.67696566493167, -79.69379427792553 27.032371714733443, -78.05829211406056 29.265312143249012))"
28E,2022-11-12 04:55:00+00:00,2022-11-12 06:55:00+00:00,0.0,28000.0,"POLYGON ((-68.87 44.84, -69.00656394754279 43.41879736506861, -70.31456507138988 42.35801780492051, -71.42790859111918 44.01530641658, -70.2776208665951 44.831353799245804, -68.87 44.84))"
29E,2022-11-12 04:55:00+00:00,2022-11-12 06:55:00+00:00,0.0,34000.0,"POLYGON ((-74.72 44.91, -76.81783776381955 40.76084191277084, -76.33318508557308 39.49820803060593, -78.93493879139379 38.63517283797095, -77.51395835793517 42.924383102048786, -74.72 44.91))"
10C,2022-11-12 04:55:00+00:00,2022-11-12 06:55:00+00:00,0.0,45000.0,"POLYGON ((-96.31 28.76, -95.59412167759774 27.221068773946314, -97.72216160078037 26.046931445803562, -98.58080251356293 26.36071197444865, -96.31 28.76))"
9C,2022-11-12 04:55:00+00:00,2022-11-12 06:55:00+00:00,0.0,44000.0,"POLYGON ((-92.5 31.92547582294557, -92.01527432167056 30.732715073732543, -93.11 28.30994148689969, -95.11427998141316 27.695978643763755, -94.72 30.49452417705443, -92.5 31.92547582294557))"
27E,2022-11-12 04:55:00+00:00,2022-11-12 06:55:00+00:00,0.0,40000.0,"POLYGON ((-77.14542774327897 32.87862845857617, -76.76032536806716 32.074336126842205, -79.43046122749278 28.063241310900754, -80.0419443341937 28.908478207695236, -77.14542774327897 32.87862845857617))"
30E,2022-11-12 04:55:00+00:00,2022-11-12 06:55:00+00:00,0.0,40000.0,"POLYGON ((-75.77144370204032 38.55416432200136, -75.63845269996486 35.190244309850044, -76.42264203466598 33.84354530281365, -78.30235113780265 32.269394494928285, -76.80174062131026 37.9077790614298, -75.77144370204032 38.55416432200136))"
VICTOR 1,2022-11-12 05:02:00+00:00,2022-11-12 09:02:00+00:00,0.0,51000.0,"POLYGON ((164.3 22, 168 23.3, 171.15 19, 166.45 17.15, 164.3 22))"
32E,2022-11-12 05:55:00+00:00,2022-11-12 07:55:00+00:00,0.0,35000.0,"POLYGON ((-74.72 44.91, -75.05969216832543 43.15433772319874, -77.54671996942044 38.02473389545863, -79.07881590267706 39.8586178798344, -77.74114679760905 42.92640510357771, -74.72 44.91))"
31E,2022-11-12 05:55:00+00:00,2022-11-12 07:55:00+00:00,0.0,38000.0,"POLYGON ((-70.06965741435305 46.02524614465963, -67.64757739378875 45.73244459232395, -67.33761474463097 42.076523792197506, -68.8813193150752 39.12232121281624, -72.84966435631853 39.920482524080796, -70.06965741435305 46.02524614465963))"
34E,2022-11-12 05:55:00+00:00,2022-11-12 07:55:00+00:00,0.0,44000.0,"POLYGON ((-76.18824930117962 32.92676335171022, -76.9624293609499 27.791649315363067, -79.5128567803571 24.10724738331726, -80.62095753929755 24.139753076510644, -77.87 32.51994148689968, -76.18824930117962 32.92676335171022))"
33E,2022-11-12 05:55:00+00:00,2022-11-12 07:55:00+00:00,0.0,40000.0,"POLYGON ((-75.23344476179192 40.07190117735392, -73.91226270769698 36.86806908720055, -76.18824930117962 32.92676335171022, -77.87 32.51994148689968, -76.54878593963689 39.4992035606567, -75.23344476179192 40.07190117735392))"
12C,2022-11-12 05:55:00+00:00,2022-11-12 07:55:00+00:00,0.0,45000.0,"POLYGON ((-96.45568136663779 29.067331605068702, -95.11427998141316 27.695978643763755, -95.90024978959222 25.91248758424627, -99.04470020707795 25.910492292818326, -96.45568136663779 29.067331605068702))"
11C,2022-11-12 05:55:00+00:00,2022-11-12 07:55:00+00:00,0.0,45000.0,"POLYGON ((-91.88950219180137 32.21250060317271, -90.26 31.3, -93.11 26.97898984100855, -93.94175626817719 26.621887209929668, -95.11427998141316 27.695978643763755, -91.88950219180137 32.21250060317271))"
FOXTROT 1,2022-11-12 05:55:00+00:00,2022-11-12 09:55:00+00:00,0.0,41000.0,"POLYGON ((-94 28.15, -90.45 28.15, -91.3 26.45, -94.15 27, -94.45 27.45, -94 28.15))"
CHARLIE 4,2022-11-12 06:45:00+00:00,2022-11-12 10:45:00+00:00,0.0,46000.0,"POLYGON ((-54.15 27.45, -49 23.45, -55.45 24, -57.15 25.15, -54.15 27.45))"
38E,2022-11-12 06:55:00+00:00,2022-11-12 08:55:00+00:00,0.0,36000.0,"POLYGON ((-76.18824930117962 32.92676335171022, -76.9624293609499 27.791649315363067, -79.5128567803571 24.10724738331726, -80.62095753929755 24.139753076510644, -77.87 32.51994148689968, -76.18824930117962 32.92676335171022))"
35E,2022-11-12 06:55:00+00:00,2022-11-12 08:55:00+00:00,0.0,43000.0,"POLYGON ((-68.53775741464827 46.64179213189323, -67.64757739378875 45.73244459232395, -67.33761474463097 42.076523792197506, -70.03 38.618096708217735, -71.68407446836457 41.25860440113394, -68.53775741464827 46.64179213189323))"
37E,2022-11-12 06:55:00+00:00,2022-11-12 08:55:00+00:00,0.0,45000.0,"POLYGON ((-73.821498767357 39.34784263345476, -73.16997242600482 35.20343812840979, -76.18824930117962 32.92676335171022, -77.87 32.51994148689968, -75.65749518948829 39.096859376614866, -73.821498767357 39.34784263345476))"
14C,2022-11-12 06:55:00+00:00,2022-11-12 08:55:00+00:00,0.0,45000.0,"POLYGON ((-95.78496148271907 28.567985602147154, -94.91416845680416 28.243499346776428, -95.90024978959222 25.91248758424627, -99.04470020707795 25.910492292818326, -96.38420950841589 26.954859640686184, -95.78496148271907 28.567985602147154))"
13C,2022-11-12 06:55:00+00:00,2022-11-12 08:55:00+00:00,0.0,45000.0,"POLYGON ((-92.5 31.592737911472792, -91.00634079759575 29.86485148460848, -93.11 26.97898984100855, -93.94175626817719 26.621887209929668, -94.56734362335169 28.112163378606606, -92.5 31.592737911472792))"
36E,2022-11-12 06:55:00+00:00,2022-11-12 08:55:00+00:00,0.0,32000.0,"POLYGON ((-74.72 44.91, -73.78157592194229 44.6295205859069, -75.68 40.58, -77.99 40.92, -77.86021916304604 42.92728538586901, -74.72 44.91))"
FOXTROT 2,2022-11-12 07:40:00+00:00,2022-11-12 11:40:00+00:00,0.0,44000.0,"POLYGON ((-91.15 28.15, -92.45 26.15, -95.15 26.15, -93.45 28.15, -91.15 28.15))"
39E,2022-11-12 07:55:00+00:00,2022-11-12 09:55:00+00:00,0.0,40000.0,"POLYGON ((-67.15126839184217 44.31770087561696, -67.20588139869567 40.353886757935626, -71.17713667859279 38.76239319143765, -70.99 42.02726208852722, -67.15126839184217 44.31770087561696))"
42E,2022-11-12 07:55:00+00:00,2022-11-12 09:55:00+00:00,0.0,33000.0,"POLYGON ((-77.9792078756522 31.108432486859222, -77.17672267238457 30.38677481867236, -77.1378234558031 27.731732169128477, -79.5128567803571 24.10724738331726, -80.28 24.46904835410886, -77.9792078756522 31.108432486859222))"
41E,2022-11-12 07:55:00+00:00,2022-11-12 09:55:00+00:00,0.0,45000.0,"POLYGON ((-73.6706614384017 39.22931115699623, -72.72597914373145 37.434453762607674, -72.98449992005833 35.13494418784608, -76.45303518777929 31.421377468498545, -78.24940281019201 31.347874173341076, -73.6706614384017 39.22931115699623))"
15C,2022-11-12 07:55:00+00:00,2022-11-12 09:55:00+00:00,0.0,44000.0,"POLYGON ((-92.5 31.592737911472792, -90.84411497756102 31.298678281230448, -91.03571626812398 28.35326538449789, -93.97750880328364 28.292691090479412, -92.5 31.592737911472792))"
16C,2022-11-12 07:55:00+00:00,2022-11-12 09:55:00+00:00,0.0,35000.0,"POLYGON ((-94.40727117481036 29.13316059272878, -95.11427998141316 27.695978643763755, -97.38 25.92, -99.04470020707795 25.910492292818326, -95.78496148271907 28.567985602147154, -94.40727117481036 29.13316059272878))"
40E,2022-11-12 07:55:00+00:00,2022-11-12 09:55:00+00:00,0.0,30000.0,"POLYGON ((-74.8755153787897 44.64276188501165, -73.19662117496912 44.30887435919582, -75.32769676069422 40.69011515630699, -77.07 40.73371281826268, -76.93507188538341 43.378952093494796, -74.8755153787897 44.64276188501165))"
ECHO 2,2022-11-12 08:10:00+00:00,2022-11-12 12:10:00+00:00,0.0,47000.0,"POLYGON ((-74.3 25.45, -73.45 25, -75.15 22, -76.45 23, -74.3 25.45))"
UNIFORM 2,2022-11-12 08:35:00+00:00,2022-11-12 12:35:00+00:00,28000.0,42000.0,"POLYGON ((-155 21, -143 26.3, -140.3 22, -154 17.45, -155 21))"
VICTOR 2,2022-11-12 08:50:00+00:00,2022-11-12 12:50:00+00:00,0.0,51000.0,"POLYGON ((164.45 22.3, 169 24.15, 171.3 19.45, 166.3 17.15, 164.45 22.3))"
45E,2022-11-12 08:55:00+00:00,2022-11-12 10:55:00+00:00,0.0,41000.0,"POLYGON ((-72.84093513924302 39.29978629200471, -71.01956956556548 38.453275082292286, -76.62242876451066 29.02683697822481, -78.44146809343414 30.228466654828352, -72.84093513924302 39.29978629200471))"
46E,2022-11-12 08:55:00+00:00,2022-11-12 10:55:00+00:00,0.0,45000.0,"POLYGON ((-78.24894546662576 29.26951133538124, -76.97808172116771 28.908957479633735, -77.1378234558031 27.731732169128477, -78.3482983082875 24.022719882865772, -80.78887883688262 24.20463046264165, -78.24894546662576 29.26951133538124))"
44E,2022-11-12 08:55:00+00:00,2022-11-12 10:55:00+00:00,0.0,32000.0,"POLYGON ((-73.11040833799446 44.55867021381868, -74.54 41.07, -76.60482225116772 40.651992974182164, -76.46383832995865 43.620812944163745, -74.89883917015136 44.60245020688711, -73.11040833799446 44.55867021381868))"
43E,2022-11-12 08:55:00+00:00,2022-11-12 10:55:00+00:00,0.0,38000.0,"POLYGON ((-67.15126839184217 44.31770087561696, -67.20588139869567 40.353886757935626, -70.03 38.78446566395412, -69.76696206576797 43.17222876969839, -67.15126839184217 44.31770087561696))"
17C,2022-11-12 08:55:00+00:00,2022-11-12 10:55:00+00:00,0.0,41000.0,"POLYGON ((-91.34694045296891 31.92989469933052, -89.53851323964713 31.55265062430279, -91.03571626812398 28.35326538449789, -93.97750880328364 28.292691090479412, -91.34694045296891 31.92989469933052))"
18C,2022-11-12 08:55:00+00:00,2022-11-12 10:55:00+00:00,0.0,32000.0,"POLYGON ((-96.90984507899556 27.428424099833215, -96.08520567672318 25.914248203128036, -99.04470020707795 25.910492292818326, -96.90984507899556 27.428424099833215))"
48E,2022-11-12 09:55:00+00:00,2022-11-12 11:55:00+00:00,0.0,30000.0,"POLYGON ((-74.72 44.91, -72.80830254479194 44.704263400529854, -73.3179769704392 41.467719276829705, -75.5131110721723 40.27246987166337, -75.87620523702529 43.39482580724368, -74.72 44.91))"
49E,2022-11-12 09:55:00+00:00,2022-11-12 11:55:00+00:00,0.0,38000.0,"POLYGON ((-72.84093513924302 39.29978629200471, -70.03 39.117203575426906, -76.26596603578217 29.143777698735065, -78.44146809343414 30.228466654828352, -72.84093513924302 39.29978629200471))"
50E,2022-11-12 09:55:00+00:00,2022-11-12 11:55:00+00:00,0.0,42000.0,"POLYGON ((-78.24894546662576 29.26951133538124, -76.80035650834265 28.968014159304357, -76.7868421747804 27.851344753147554, -78.3482983082875 24.022719882865772, -80.78887883688262 24.20463046264165, -78.24894546662576 29.26951133538124))"
47E,2022-11-12 09:55:00+00:00,2022-11-12 11:55:00+00:00,0.0,40000.0,"POLYGON ((-67.15126839184217 44.31770087561696, -67.20588139869567 40.353886757935626, -69.28322151599643 39.89421515661165, -68.33972243280063 43.91653101480852, -67.15126839184217 44.31770087561696))"
19C,2022-11-12 09:55:00+00:00,2022-11-12 11:55:00+00:00,0.0,38000.0,"POLYGON ((-92.299577213894 29.431667532541404, -91.03571626812398 28.35326538449789, -93.97750880328364 28.292691090479412, -92.299577213894 29.431667532541404))"
20C,2022-11-12 09:55:00+00:00,2022-11-12 11:55:00+00:00,0.0,42000.0,"POLYGON ((-97.06713021558713 27.098102234549955, -96.25484343725542 25.91565662606867, -98.82660666719502 25.91282034522206, -97.06713021558713 27.098102234549955))"
CHARLIE 5,2022-11-12 10:35:00+00:00,2022-11-12 14:35:00+00:00,0.0,46000.0,"POLYGON ((-54.15 27.15, -48 23.3, -49.45 22.15, -54 24.3, -54.15 27.15))"
ECHO 3,2022-11-12 10:40:00+00:00,2022-11-12 14:40:00+00:00,0.0,46000.0,"POLYGON ((-73.15 25.15, -75 22, -77.15 23.3, -76.3 25.15, -73.15 25.15))"
53E,2022-11-12 10:55:00+00:00,2022-11-12 12:55:00+00:00,0.0,38000.0,"POLYGON ((-70.55483673886648 37.52468157415651, -75.09712750263503 31.96570934297392, -76.32629249359711 33.046225507906435, -72.72597914373145 37.434453762607674, -70.55483673886648 37.52468157415651))"
54E,2022-11-12 10:55:00+00:00,2022-11-12 12:55:00+00:00,0.0,42000.0,"POLYGON ((-76.80035650834265 28.968014159304357, -78.60267983213524 24.261108945577764, -80.78887883688262 24.20463046264165, -78.56848498931308 28.36706140272879, -76.80035650834265 28.968014159304357))"
52E,2022-11-12 10:55:00+00:00,2022-11-12 12:55:00+00:00,0.0,30000.0,"POLYGON ((-72.45 44.75547582294557, -70.36572867059888 40.66469026988994, -71.41606548493714 39.22566893325331, -74.19900447552574 41.68431957355361, -74.72 44.91, -72.45 44.75547582294557))"
51E,2022-11-12 10:55:00+00:00,2022-11-12 12:55:00+00:00,0.0,40000.0,"POLYGON ((-67.15126839184217 44.31770087561696, -67.20588139869567 40.353886757935626, -68.40655729833676 40.75921272945844, -67.99528047686636 43.299555223707664, -67.15126839184217 44.31770087561696))"
21C,2022-11-12 10:55:00+00:00,2022-11-12 12:55:00+00:00,0.0,40000.0,"POLYGON ((-92.299577213894 29.431667532541404, -91.16819071059288 28.23463979765442, -93.97750880328364 28.292691090479412, -95.24596869650843 27.814712502074258, -94.84104837561198 28.883088123032397, -92.299577213894 29.431667532541404))"
22C,2022-11-12 10:55:00+00:00,2022-11-12 12:55:00+00:00,0.0,35000.0,"POLYGON ((-95.6252841777307 27.289050188125575, -96.25484343725542 25.91565662606867, -97.82614247470141 26.08529143472486, -97.06713021558713 27.098102234549955, -95.6252841777307 27.289050188125575))"
GOLF 1,2022-11-12 11:50:00+00:00,2022-11-12 15:50:00+00:00,0.0,40000.0,"POLYGON ((-71 39.15, -66.15 38.45, -75.3 29.3, -77.45 30.3, -71 39.15))"
56E,2022-11-12 11:55:00+00:00,2022-11-12 13:55:00+00:00,0.0,42000.0,"POLYGON ((-76.80035650834265 28.968014159304357, -78.60267983213524 24.261108945577764, -80.78887883688262 24.20463046264165, -78.56848498931308 28.36706140272879, -76.80035650834265 28.968014159304357))"
55E,2022-11-12 11:55:00+00:00,2022-11-12 13:55:00+00:00,0.0,35000.0,"POLYGON ((-71.45539831490395 44.79156296324385, -70.03 41.28, -71.09196291774415 39.972310652127504, -73.91133269307454 41.53886109338761, -73.27716923703778 44.67523841002764, -71.45539831490395 44.79156296324385))"
23C,2022-11-12 11:55:00+00:00,2022-11-12 13:55:00+00:00,0.0,37000.0,"POLYGON ((-91.3 29.64815522131804, -91.16819071059288 28.23463979765442, -93.97750880328364 28.292691090479412, -94.321384222877 29.075674234898447, -92.81733287662304 29.524855935199767, -91.3 29.64815522131804))"
UNIFORM 3,2022-11-12 12:25:00+00:00,2022-11-12 16:25:00+00:00,28000.0,42000.0,"POLYGON ((-154.45 20.45, -141.15 26.45, -141 22, -154 18.15, -154.45 20.45))"
VICTOR 3,2022-11-12 12:35:00+00:00,2022-11-12 16:35:00+00:00,0.0,52000.0,"POLYGON ((164.3 22.45, 169 24.15, 171.15 20.15, 166 18.15, 164.3 22.45))"
58E,2022-11-12 12:55:00+00:00,2022-11-12 14:55:00+00:00,0.0,42000.0,"POLYGON ((-77.31302444862477 27.671594119567153, -78.60267983213524 24.261108945577764, -82.31556621708232 24.11856181931795, -78.88114592700765 27.120543956737375, -77.31302444862477 27.671594119567153))"
57E,2022-11-12 12:55:00+00:00,2022-11-12 14:55:00+00:00,0.0,33000.0,"POLYGON ((-70.17918825662127 45.214553795015455, -70.15182350260676 43.42908539255497, -69.40831016320982 40.807758520738055, -72.84844437512128 42.057531819657825, -72.80830254479194 44.704263400529854, -70.17918825662127 45.214553795015455))"
24C,2022-11-12 12:55:00+00:00,2022-11-12 14:55:00+00:00,0.0,38000.0,"POLYGON ((-92.43385434104938 29.55006451683722, -91.05273608073787 29.176628054280616, -91.16819071059288 28.23463979765442, -93.97750880328364 28.292691090479412, -92.43385434104938 29.55006451683722))"
HOTEL 1,2022-11-12 13:20:00+00:00,2022-11-12 17:20:00+00:00,0.0,35000.0,"POLYGON ((-93.15 28.45, -90.15 28.45, -93 24.3, -94.45 25.3, -93.15 28.45))"
59E,2022-11-12 13:55:00+00:00,2022-11-12 15:55:00+00:00,0.0,30000.0,"POLYGON ((-70.44795110290191 45.84036457981038, -69.95980221332287 45.153169888527685, -71.24695623527136 43.61923581156938, -71.75562011949201 43.527275854283864, -71.45539831490395 44.79156296324385, -70.44795110290191 45.84036457981038))"
60E,2022-11-12 13:55:00+00:00,2022-11-12 15:55:00+00:00,0.0,41000.0,"POLYGON ((-79.43506861210086 26.090297738057597, -78.43223188454257 25.788324817794567, -78.60267983213524 24.261108945577764, -79.72000179692368 24.569293734988953, -79.43506861210086 26.090297738057597))"
25C,2022-11-12 13:55:00+00:00,2022-11-12 15:55:00+00:00,0.0,41000.0,"POLYGON ((-92.28846708224806 29.421852890601713, -90.5664912953861 28.7702834963078, -90.91395631607222 28.461950658065916, -93.11 28.405148726949275, -92.28846708224806 29.421852890601713))"
ECHO 4,2022-11-12 14:20:00+00:00,2022-11-12 18:20:00+00:00,0.0,47000.0,"POLYGON ((-75.15 26.45, -72.45 26, -74.15 21.3, -76 23, -75.15 26.45))"
61E,2022-11-12 14:55:00+00:00,2022-11-12 16:55:00+00:00,0.0,32000.0,"POLYGON ((-68.98123752098896 46.35760505208307, -69.08652734737835 44.77612863956059, -71.06817649739322 43.42908539255497, -71.63 45.17267939837248, -70.44795110290191 45.84036457981038, -68.98123752098896 46.35760505208307))"
26C,2022-11-12 14:55:00+00:00,2022-11-12 16:55:00+00:00,0.0,40000.0,"POLYGON ((-91.43380246377761 29.173391202068682, -89.88221174173675 28.718709245337873, -90.1 28.181786265581643, -92.19685027122722 28.399676889285463, -91.43380246377761 29.173391202068682))"
UNIFORM 4,2022-11-12 15:00:00+00:00,2022-11-12 19:00:00+00:00,28000.0,42000.0,"POLYGON ((-154.15 20.3, -141 25, -140.3 21.45, -154 18.15, -154.15 20.3))"
GOLF 2,2022-11-12 15:30:00+00:00,2022-11-12 19:30:00+00:00,0.0,37000.0,"POLYGON ((-69.3 41, -65.15 39, -71.3 33, -75.3 34.45, -69.3 41))"
ECHO 5,2022-11-12 15:35:00+00:00,2022-11-12 19:35:00+00:00,0.0,46000.0,"POLYGON ((-75.3 27, -72.3 25.45, -74.45 21.3, -78.45 24.15, -75.3 27))"
62E,2022-11-12 15:55:00+00:00,2022-11-12 17:55:00+00:00,0.0,33000.0,"POLYGON ((-68.17039509390344 46.27477748064454, -69.31305173048472 44.070611671082986, -70.69789254396647 43.58367127037945, -68.98123752098896 46.35760505208307, -68.17039509390344 46.27477748064454))"
27C,2022-11-12 15:55:00+00:00,2022-11-12 17:55:00+00:00,0.0,39000.0,"POLYGON ((-91.24327227706762 29.1751444707926, -89.74834382435752 29.052207378927378, -89.52345863671283 27.949127622195764, -90.889339922516 27.486935836442697, -91.24327227706762 29.1751444707926))"
63E,2022-11-12 15:55:00+00:00,2022-11-12 17:55:00+00:00,0.0,33000.0,"POLYGON ((-72.47767892223298 36.280332443762696, -72.35582356294576 36.12174091998862, -75.7240076746968 33.533763483895406, -75.84586303398402 33.692355007669484, -72.47767892223298 36.280332443762696))"
INDIA 1,2022-11-12 16:05:00+00:00,2022-11-12 20:05:00+00:00,0.0,47000.0,"POLYGON ((-58 20.45, -56 20.3, -56.15 18, -59 18, -58 20.45))"
HOTEL 2,2022-11-12 16:35:00+00:00,2022-11-12 20:35:00+00:00,0.0,39000.0,"POLYGON ((-91 28.45, -87.3 28.15, -90.3 26, -93 25.45, -91 28.45))"
64E,2022-11-12 16:55:00+00:00,2022-11-12 18:55:00+00:00,0.0,31000.0,"POLYGON ((-68.53775741464827 46.64179213189323, -67.99731065229771 46.61625763663258, -68.0188247006669 45.2359777445495, -69.17668778804715 45.397114453155126, -68.53775741464827 46.64179213189323))"
28C,2022-11-12 16:55:00+00:00,2022-11-12 18:55:00+00:00,0.0,38000.0,"POLYGON ((-89.04765111827678 28.793887402199687, -89.38139280637584 27.641035866419653, -90.889339922516 27.486935836442697, -90.38995650409866 28.564868342620546, -89.04765111827678 28.793887402199687))"
65E,2022-11-12 16:55:00+00:00,2022-11-12 18:55:00+00:00,0.0,33000.0,"POLYGON ((-72.2908735319082 36.280008684839224, -72.18461044680646 36.11057386921781, -74.38372380892778 34.731373440484134, -74.48998689402953 34.90080825610555, -72.2908735319082 36.280008684839224))"
66E,2022-11-12 16:55:00+00:00,2022-11-12 18:55:00+00:00,0.0,34000.0,"POLYGON ((-68.10420771469427 39.80252206693238, -67.96827156391313 39.65582045511162, -68.75203568480734 38.929571599407886, -68.88797183558847 39.076273211228646, -68.10420771469427 39.80252206693238))"
UNIFORM 5,2022-11-12 18:59:00+00:00,2022-11-12 22:55:00+00:00,28000.0,42000.0,"POLYGON ((-153.15 20.15, -140.15 24.15, -140.15 21.3, -153.15 18, -153.15 20.15))"
GOLF 3,2022-11-12 19:20:00+00:00,2022-11-12 23:20:00+00:00,0.0,37000.0,"POLYGON ((-68.15 40, -64.15 39, -71.15 32.15, -72.45 35.15, -68.15 40))"
ECHO 6,2022-11-12 19:25:00+00:00,2022-11-12 23:25:00+00:00,0.0,40000.0,"POLYGON ((-74.45 28, -73 25, -76 22, -78.45 24.3, -77.15 27.15, -74.45 28))"
HOTEL 3,2022-11-12 20:05:00+00:00,2022-11-13 00:05:00+00:00,0.0,36000.0,"POLYGON ((-90.15 28.15, -87.3 27.3, -90 25.45, -92.3 26, -90.15 28.15))"
INDIA 2,2022-11-12 20:05:00+00:00,2022-11-13 00:05:00+00:00,0.0,45000.0,"POLYGON ((-56.15 20.45, -55.3 18, -59.3 18, -58.3 20.45, -56.15 20.45))"
67E,2022-11-12 21:55:00+00:00,2022-11-12 23:55:00+00:00,0.0,45000.0,"POLYGON ((-80.09 27.17910686720918, -80.01918559080688 25.564486356748745, -80.67083656346551 25.446556484941148, -80.95250455735031 26.99572638673913, -80.09 27.17910686720918))"
68E,2022-11-12 22:55:00+00:00,2022-11-13 00:55:00+00:00,0.0,45000.0,"POLYGON ((-79.09496772306241 28.18234019871833, -80.06867079833995 25.338732925408017, -80.80060415984191 25.32851235785509, -80.27339745201733 28.14094605091884, -79.09496772306241 28.18234019871833))"
GOLF 4,2022-11-12 23:15:00+00:00,2022-11-13 03:15:00+00:00,0.0,37000.0,"POLYGON ((-63.3 40.45, -61.3 39.3, -69 34.45, -70.15 36.45, -63.3 40.45))"
69E,2022-11-12 23:55:00+00:00,2022-11-13 01:55:00+00:00,0.0,45000.0,"POLYGON ((-78.91967636056603 28.244138042531155, -79.54085198800843 25.798131783317068, -80.8343635575218 25.798949119323996, -79.95631689135558 28.149539118733205, -78.91967636056603 28.244138042531155))"
INDIA 3,2022-11-13 00:00:00+00:00,2022-11-13 04:00:00+00:00,0.0,45000.0,"POLYGON ((-58.3 20.45, -55.45 20.45, -55.3 18, -59.3 18, -58.3 20.45))"
HOTEL 4,2022-11-13 00:05:00+00:00,2022-11-13 04:05:00+00:00,0.0,36000.0,"POLYGON ((-89.45 28.15, -87.15 27.15, -88 26, -91 26.45, -89.45 28.15))"
1E,2022-11-13 00:55:00+00:00,2022-11-13 02:55:00+00:00,0.0,45000.0,"POLYGON ((-79.14696250387193 28.849917908083896, -78.79928014299323 27.66973798985201, -79.56552150578052 26.20847576277964, -80.42180042746558 26.107340914101695, -79.9082089545008 28.90842135910718, -79.14696250387193 28.849917908083896))"
3E,2022-11-13 01:55:00+00:00,2022-11-13 03:55:00+00:00,0.0,34000.0,"POLYGON ((-84.88357165549728 30.207915635652693, -84.35 29.401786265581645, -85.80676761458878 28.98261148211376, -86.09426757219029 29.59904276773545, -84.88357165549728 30.207915635652693))"
4E,2022-11-13 01:55:00+00:00,2022-11-13 03:55:00+00:00,0.0,35000.0,"POLYGON ((-86.68 28.500834619690497, -85.87981854612578 27.873038097002674, -87.59362690402669 26.9215498051789, -87.98246128308828 27.281125564916028, -86.68 28.500834619690497))"
2E,2022-11-13 01:55:00+00:00,2022-11-13 03:55:00+00:00,0.0,45000.0,"POLYGON ((-78.98711815426667 27.67189156830133, -79.17129254390262 25.795796612937057, -80.01814803446045 26.035046574174213, -80.23289274646095 26.987338198426425, -78.98711815426667 27.67189156830133))"
JULIETT 1,2022-11-13 02:15:00+00:00,2022-11-13 06:15:00+00:00,0.0,41000.0,"POLYGON ((-59.15 30, -53.15 24, -57.15 23.45, -59.3 27, -59.15 30))"
7E,2022-11-13 02:55:00+00:00,2022-11-13 04:55:00+00:00,0.0,34000.0,"POLYGON ((-86.68 28.500834619690497, -85.50351159900647 27.88122105023299, -87.46456756136705 26.801454847773172, -87.98246128308828 27.281125564916028, -86.68 28.500834619690497))"
5E,2022-11-13 02:55:00+00:00,2022-11-13 04:55:00+00:00,0.0,43000.0,"POLYGON ((-78.39258495235237 28.428185245373538, -78.53402530115817 27.244510149211685, -79.06133213016837 26.294299452237617, -80.09 26.34726208852722, -79.27005623616982 28.120319361713236, -78.39258495235237 28.428185245373538))"
6E,2022-11-13 02:55:00+00:00,2022-11-13 04:55:00+00:00,0.0,34000.0,"POLYGON ((-84.5865499996061 30.195332677151505, -83.37027829297747 30.26744615549668, -84.7947855299627 29.464283461005582, -85.17364922592283 29.681826095438794, -84.5865499996061 30.195332677151505))"
INDIA 4,2022-11-13 03:05:00+00:00,2022-11-13 07:05:00+00:00,0.0,45000.0,"POLYGON ((-60.3 23.45, -56.15 20.45, -55.3 18, -61.3 18, -60.3 23.45))"
GOLF 5,2022-11-13 03:10:00+00:00,2022-11-13 07:10:00+00:00,0.0,37000.0,"POLYGON ((-62.3 40.15, -67.3 32.45, -70 32.45, -69.15 38.3, -62.3 40.15))"
8E,2022-11-13 03:55:00+00:00,2022-11-13 05:55:00+00:00,0.0,44000.0,"POLYGON ((-77.68695586025213 28.670408845141342, -78.89055775947249 26.229303019077314, -79.74634369811947 26.552253380022083, -78.91967636056603 28.244138042531155, -77.68695586025213 28.670408845141342))"
9E,2022-11-13 03:55:00+00:00,2022-11-13 05:55:00+00:00,0.0,34000.0,"POLYGON ((-84.86113196711594 29.3230706897234, -84.28195952825253 29.148646149510487, -85.77780627594721 26.7294365227957, -87.59362690402669 26.9215498051789, -84.86113196711594 29.3230706897234))"
10E,2022-11-13 04:55:00+00:00,2022-11-13 06:55:00+00:00,0.0,45000.0,"POLYGON ((-77.51004145035955 28.73039262105773, -78.5495821022675 26.09870623698338, -79.4034547880396 26.42368438524639, -78.74418212207864 28.30571205617317, -77.51004145035955 28.73039262105773))"
11E,2022-11-13 04:55:00+00:00,2022-11-13 06:55:00+00:00,0.0,36000.0,"POLYGON ((-84.54164799514056 29.999161695814482, -83.52220245549222 30.008072588186938, -84.0986323219799 28.675836746172234, -85.10748027803326 28.795020978525802, -84.54164799514056 29.999161695814482))"
12E,2022-11-13 05:55:00+00:00,2022-11-13 07:55:00+00:00,0.0,42000.0,"POLYGON ((-77.90182995378836 30.407647758682796, -76.97808172116771 28.908957479633735, -78.5495821022675 26.09870623698338, -79.57480338772348 26.488071277098406, -77.90182995378836 30.407647758682796))"
13E,2022-11-13 05:55:00+00:00,2022-11-13 07:55:00+00:00,0.0,35000.0,"POLYGON ((-84.54164799514056 29.999161695814482, -83.52220245549222 30.008072588186938, -83.8672255989008 28.88190810744838, -85.10748027803326 28.795020978525802, -84.54164799514056 29.999161695814482))"
JULIETT 2,2022-11-13 06:10:00+00:00,2022-11-13 10:10:00+00:00,0.0,46000.0,"POLYGON ((-57.45 29.3, -54.45 24.3, -56.45 18.3, -63 19.15, -61.15 28.15, -57.45 29.3))"
14E,2022-11-13 06:55:00+00:00,2022-11-13 08:55:00+00:00,0.0,34000.0,"POLYGON ((-78.56848498931308 28.36706140272879, -77.31302444862477 27.671594119567153, -79.11432033787685 24.736606726236346, -79.8589472752599 24.877166648114333, -78.56848498931308 28.36706140272879))"
GOLF 6,2022-11-13 06:55:00+00:00,2022-11-13 10:55:00+00:00,0.0,41000.0,"POLYGON ((-58.45 40.45, -59.3 39.15, -70.45 31.15, -72 36, -69 39.45, -58.45 40.45))"
15E,2022-11-13 07:55:00+00:00,2022-11-13 09:55:00+00:00,0.0,40000.0,"POLYGON ((-79.43506861210086 26.090297738057597, -78.75090465334499 25.219021910030424, -79.58173747224515 24.261294029606137, -82.18703394435816 24.2365843602959, -81.65962097033257 24.89734458233867, -79.43506861210086 26.090297738057597))"
16E,2022-11-13 08:55:00+00:00,2022-11-13 10:55:00+00:00,0.0,41000.0,"POLYGON ((-79.43506861210086 26.090297738057597, -78.75090465334499 25.219021910030424, -79.5128567803571 24.10724738331726, -81.28443378291769 24.11856181931795, -80.49132920166006 25.338732925408017, -79.43506861210086 26.090297738057597))"
17E,2022-11-13 08:55:00+00:00,2022-11-13 10:55:00+00:00,0.0,36000.0,"POLYGON ((-78.05829211406056 29.265312143249012, -77.15560432621213 28.84966777351555, -76.9624293609499 27.791649315363067, -78.36017565993521 27.306171963528065, -78.91967636056603 28.244138042531155, -78.05829211406056 29.265312143249012))"
JULIETT 3,2022-11-13 09:50:00+00:00,2022-11-13 13:50:00+00:00,0.0,48000.0,"POLYGON ((-60 28, -55.3 27, -58 21, -62.45 22, -60 28))"
18E,2022-11-13 09:55:00+00:00,2022-11-13 11:55:00+00:00,0.0,39000.0,"POLYGON ((-79.43506861210086 26.090297738057597, -79.5128567803571 24.10724738331726, -81.28443378291769 24.11856181931795, -80.95267343652286 24.905958970233517, -79.43506861210086 26.090297738057597))"
20E,2022-11-13 09:55:00+00:00,2022-11-13 11:55:00+00:00,0.0,35000.0,"POLYGON ((-78.24894546662576 29.26951133538124, -77.86366744383696 28.610195383562644, -79.15905003836006 26.67696566493167, -79.82613732429387 26.915037313910055, -78.24894546662576 29.26951133538124))"
19E,2022-11-13 09:55:00+00:00,2022-11-13 11:55:00+00:00,0.0,32000.0,"POLYGON ((-84.07805020297604 28.41227188043717, -83.37410889149062 27.653595118851918, -84.2713189869526 26.752784623665224, -85.31533768811302 27.88492939681333, -84.07805020297604 28.41227188043717))"
GOLF 7,2022-11-13 10:40:00+00:00,2022-11-13 14:40:00+00:00,0.0,40000.0,"POLYGON ((-65.45 42.15, -54.45 41, -69 30.3, -71.15 31.3, -65.45 42.15))"
24E,2022-11-13 10:55:00+00:00,2022-11-13 12:55:00+00:00,0.0,27000.0,"POLYGON ((-76.2 36.89, -75.36795729713911 36.887099469221184, -75.45596850153912 35.669609064995846, -76.72525009349638 35.18282238171873, -77.12921166223262 35.93791113212833, -76.2 36.89))"
23E,2022-11-13 10:55:00+00:00,2022-11-13 12:55:00+00:00,0.0,32000.0,"POLYGON ((-83.31996655144955 29.364445634601253, -82.75887385604724 28.98486294275094, -83.02746356631084 27.782231011939242, -83.67431775540796 27.395492887903274, -84.37429917982975 27.899637648122294, -83.31996655144955 29.364445634601253))"
21E,2022-11-13 10:55:00+00:00,2022-11-13 12:55:00+00:00,0.0,31000.0,"POLYGON ((-79.23229775313193 26.35909350890834, -79.11432033787685 24.736606726236346, -79.5128567803571 24.10724738331726, -81.28443378291769 24.11856181931795, -79.23229775313193 26.35909350890834))"
22E,2022-11-13 10:55:00+00:00,2022-11-13 12:55:00+00:00,0.0,32000.0,"POLYGON ((-77.77603544266513 30.927212465323862, -76.91880781336718 27.806506461813772, -78.4369094713202 27.278990576028683, -78.66905525749983 28.33198082399619, -77.77603544266513 30.927212465323862))"
26E,2022-11-13 11:55:00+00:00,2022-11-13 13:55:00+00:00,0.0,39000.0,"POLYGON ((-77.17924536115109 30.643087863040467, -76.08256301267936 28.08789332652287, -78.18613306186202 27.36761851503847, -78.43961397804969 29.273439933692682, -77.17924536115109 30.643087863040467))"
25E,2022-11-13 11:55:00+00:00,2022-11-13 13:55:00+00:00,0.0,41000.0,"POLYGON ((-79.76700584083355 25.990099428596057, -77.70047740192894 25.768728893325953, -76.90199560429659 24.48783804883704, -81.28443378291769 24.11856181931795, -79.76700584083355 25.990099428596057))"
28E,2022-11-13 11:55:00+00:00,2022-11-13 13:55:00+00:00,0.0,29000.0,"POLYGON ((-74.34025527202516 37.9621755102101, -73.76005618686249 37.763948243098106, -74.7358270502701 36.2513194284173, -76.18 35.59452417705443, -76.47267090610369 36.49492515817283, -74.34025527202516 37.9621755102101))"
27E,2022-11-13 11:55:00+00:00,2022-11-13 13:55:00+00:00,0.0,37000.0,"POLYGON ((-81.44155749780687 29.29959058383582, -81.80367645496291 28.13030458025335, -83.13274535024371 27.743285601097245, -83.7418195952968 28.293201900886125, -83.05 29.31085812115821, -81.44155749780687 29.29959058383582))"
KILO 1,2022-11-13 12:40:00+00:00,2022-11-13 16:40:00+00:00,0.0,39000.0,"POLYGON ((-74.45 31.15, -74 29.15, -76.15 27.45, -77.15 29.15, -74.45 31.15))"
JULIETT 4,2022-11-13 12:45:00+00:00,2022-11-13 16:45:00+00:00,0.0,46000.0,"POLYGON ((-57.3 27.3, -53 22.45, -62.3 18, -61.15 26, -57.3 27.3))"
29E,2022-11-13 12:55:00+00:00,2022-11-13 14:55:00+00:00,0.0,38000.0,"POLYGON ((-78.5495821022675 26.09870623698338, -78.60267983213524 24.261108945577764, -81.28443378291769 24.11856181931795, -79.76700584083355 25.990099428596057, -78.5495821022675 26.09870623698338))"
30E,2022-11-13 12:55:00+00:00,2022-11-13 14:55:00+00:00,0.0,35000.0,"POLYGON ((-74.42678068968151 31.360376267781692, -75.9060108127712 28.14646815479941, -77.51004145035955 28.73039262105773, -77.04413479468433 30.266023031357665, -74.42678068968151 31.360376267781692))"
31E,2022-11-13 12:55:00+00:00,2022-11-13 14:55:00+00:00,0.0,39000.0,"POLYGON ((-81.44155749780687 29.29959058383582, -81.80367645496291 28.13030458025335, -82.70051889901949 27.455244114619532, -83.43766853362585 28.18455136631311, -83.05 29.166287181737324, -81.44155749780687 29.29959058383582))"
GOLF 8,2022-11-13 14:20:00+00:00,2022-11-13 18:20:00+00:00,0.0,37000.0,"POLYGON ((-63.15 42.45, -59.3 42.15, -66 33.45, -67.45 38.15, -63.15 42.45))"
32E,2022-11-13 14:55:00+00:00,2022-11-13 16:55:00+00:00,0.0,39000.0,"POLYGON ((-82.46510026734283 29.087582626547857, -81.11 29.010858121158215, -82.46192584628776 25.915018749823794, -83.4499533810049 27.06516498671506, -82.46510026734283 29.087582626547857))"
KILO 2,2022-11-13 15:35:00+00:00,2022-11-13 19:35:00+00:00,0.0,39000.0,"POLYGON ((-73.45 34.15, -71 28.45, -73.15 27.45, -76.45 28.45, -77.15 32.15, -73.45 34.15))"
JULIETT 5,2022-11-13 15:40:00+00:00,2022-11-13 19:40:00+00:00,0.0,44000.0,"POLYGON ((-57 26.15, -53.45 23.15, -55 21.15, -58.45 25.15, -57 26.15))"
FOXTROT 1,2022-11-13 15:50:00+00:00,2022-11-13 19:50:00+00:00,0.0,43000.0,"POLYGON ((-144.15 34.3, -140 34.15, -142 28, -145.3 28.15, -144.15 34.3))"
33E,2022-11-13 15:55:00+00:00,2022-11-13 17:55:00+00:00,0.0,33000.0,"POLYGON ((-82.01334220794992 29.126541383276393, -80.70669581400041 28.946472510167855, -82.43409510354041 25.94030752501014, -82.97790131436908 26.079335843722717, -82.01334220794992 29.126541383276393))"
34E,2022-11-13 15:55:00+00:00,2022-11-13 17:55:00+00:00,0.0,33000.0,"POLYGON ((-79.57480338772348 26.488071277098406, -78.89055775947249 26.229303019077314, -78.22146177555622 23.903368062802986, -80.4532068212314 24.07469221014595, -79.57480338772348 26.488071277098406))"
KILO 3,2022-11-13 16:25:00+00:00,2022-11-13 20:25:00+00:00,0.0,43000.0,"POLYGON ((-75.15 35.3, -70.45 31.15, -75 23.15, -78 26.45, -75.15 35.3))"
36E,2022-11-13 16:55:00+00:00,2022-11-13 18:55:00+00:00,0.0,45000.0,"POLYGON ((-78.89055775947249 26.229303019077314, -78.24448646434863 25.021872645707138, -79.444141645063 23.953169938557586, -81.15613847231714 24.00043193986088, -78.89055775947249 26.229303019077314))"
35E,2022-11-13 16:55:00+00:00,2022-11-13 18:55:00+00:00,0.0,30000.0,"POLYGON ((-80.87508171576158 29.50424862835611, -80.72131036228609 27.884262034170376, -82.68366577917753 24.91936699856372, -82.98258805437648 26.464371337069764, -81.80728988864105 28.948108210164353, -80.87508171576158 29.50424862835611))"
38E,2022-11-13 17:55:00+00:00,2022-11-13 19:55:00+00:00,0.0,38000.0,"POLYGON ((-79.06133213016837 26.294299452237617, -78.24748309105148 25.785873384016092, -79.5128567803571 24.10724738331726, -80.88520341449002 24.587236694214244, -79.06133213016837 26.294299452237617))"
37E,2022-11-13 17:55:00+00:00,2022-11-13 19:55:00+00:00,0.0,37000.0,"POLYGON ((-80.40322886812616 29.55280592310109, -80.63419626374355 27.987335060327325, -81.42932947736301 27.676832485442556, -81.865850203144 28.729986895242956, -80.40322886812616 29.55280592310109))"
39E,2022-11-13 17:55:00+00:00,2022-11-13 19:55:00+00:00,0.0,36000.0,"POLYGON ((-81.73581677550212 27.39763646124585, -81.4363038140103 26.836268948484577, -82.4778783865866 25.201840925930934, -82.98258805437648 26.464371337069764, -81.73581677550212 27.39763646124585))"
40E,2022-11-13 17:55:00+00:00,2022-11-13 19:55:00+00:00,0.0,34000.0,"POLYGON ((-74.26265418727576 34.67944401081923, -74.12310554832905 34.53617441401614, -75.97603820037564 32.73136561003535, -76.11558683932235 32.87463520683844, -74.26265418727576 34.67944401081923))"
GOLF 9,2022-11-13 18:20:00+00:00,2022-11-13 22:20:00+00:00,0.0,37000.0,"POLYGON ((-64.15 41, -60.45 39.45, -69.45 28.3, -72.45 30.15, -64.15 41))"
KILO 4,2022-11-13 18:25:00+00:00,2022-11-13 22:25:00+00:00,,,"POLYGON ((-70.45 38, -69.15 37.15, -73 31.45, -75.3 24, -78 25.45, -75.45 33.45, -70.45 38))"
45E,2022-11-13 18:55:00+00:00,2022-11-13 20:55:00+00:00,0.0,32000.0,"POLYGON ((-69.00656394754279 43.41879736506861, -67.33761474463097 42.076523792197506, -68.60808196405806 40.825551519565714, -70.15459068880261 42.61164160157595, -69.00656394754279 43.41879736506861))"
42E,2022-11-13 18:55:00+00:00,2022-11-13 20:55:00+00:00,0.0,41000.0,"POLYGON ((-77.48365624185666 26.656215834631062, -79.444141645063 23.953169938557586, -80.51930286779827 24.58458406935596, -78.60052127797117 26.672232476280982, -77.48365624185666 26.656215834631062))"
41E,2022-11-13 18:55:00+00:00,2022-11-13 20:55:00+00:00,0.0,43000.0,"POLYGON ((-79.96538687754567 29.295120554181896, -79.8221676335047 28.26660028191138, -81.2414688116685 27.677972767282867, -81.69035522229053 28.666883625402374, -79.96538687754567 29.295120554181896))"
44E,2022-11-13 18:55:00+00:00,2022-11-13 20:55:00+00:00,0.0,34000.0,"POLYGON ((-73.14070499440271 35.24409069947139, -73.00976490605643 35.09291301175303, -75.86102159333153 32.62334353913861, -75.99196168167781 32.77452122685697, -73.14070499440271 35.24409069947139))"
43E,2022-11-13 18:55:00+00:00,2022-11-13 20:55:00+00:00,0.0,33000.0,"POLYGON ((-81.21645367947438 26.84381870321576, -81.14695505164231 26.65628219815752, -82.34124352142655 26.213694181174375, -82.41074214925862 26.401230686232616, -81.21645367947438 26.84381870321576))"
FOXTROT 2,2022-11-13 19:30:00+00:00,2022-11-13 23:30:00+00:00,0.0,46000.0,"POLYGON ((-142.3 33.3, -139.45 33.3, -140.15 27.15, -143.15 28, -142.3 33.3))"
KILO 5,2022-11-13 19:40:00+00:00,2022-11-13 23:40:00+00:00,,,"POLYGON ((-69.3 39.3, -68 38.3, -72.45 30.3, -76 22.3, -79.3 25, -75.45 33.45, -69.3 39.3))"
48E,2022-11-13 19:55:00+00:00,2022-11-13 21:55:00+00:00,0.0,30000.0,"POLYGON ((-67.88660764654234 44.12990272278268, -66.91752166152592 42.19342457874979, -67.81663788602349 41.25879991802975, -69.55732132244157 43.10682280853754, -67.88660764654234 44.12990272278268))"
47E,2022-11-13 19:55:00+00:00,2022-11-13 21:55:00+00:00,0.0,37000.0,"POLYGON ((-79.17129254390262 25.795796612937057, -78.58191699383015 25.1534967816859, -79.444141645063 23.953169938557586, -81.15613847231714 24.00043193986088, -79.17129254390262 25.795796612937057))"
46E,2022-11-13 19:55:00+00:00,2022-11-13 21:55:00+00:00,0.0,38000.0,"POLYGON ((-79.33647472704759 29.924948248318806, -79.92639534039448 27.678859671358637, -81.49381751577255 27.144533373939556, -81.34 28.706368955736387, -79.33647472704759 29.924948248318806))"
49E,2022-11-13 19:55:00+00:00,2022-11-13 21:55:00+00:00,0.0,32000.0,"POLYGON ((-69.11437873907855 39.45557498683278, -68.94107548259694 39.35574522527404, -69.9433483717592 37.615811633698286, -70.1166516282408 37.71564139525702, -69.11437873907855 39.45557498683278))"
51E,2022-11-13 20:55:00+00:00,2022-11-13 22:55:00+00:00,0.0,37000.0,"POLYGON ((-79.08942577615537 25.349494405187173, -78.24448646434863 25.021872645707138, -79.444141645063 23.953169938557586, -81.15613847231714 24.00043193986088, -79.08942577615537 25.349494405187173))"
50E,2022-11-13 20:55:00+00:00,2022-11-13 22:55:00+00:00,0.0,41000.0,"POLYGON ((-79.20241947668596 29.286447168852742, -79.73853118833149 27.677972767282867, -81.35531693024825 27.35898047564628, -80.96442417672466 28.992511342353758, -79.20241947668596 29.286447168852742))"
52E,2022-11-13 20:55:00+00:00,2022-11-13 22:55:00+00:00,0.0,31000.0,"POLYGON ((-67.28119506732186 40.41967316472353, -67.13056773006947 40.288100351147726, -69.95468633137381 37.05498969980229, -70.1053136686262 37.18656251337809, -67.28119506732186 40.41967316472353))"
54E,2022-11-13 21:55:00+00:00,2022-11-13 23:55:00+00:00,0.0,33000.0,"POLYGON ((-67.20588139869567 40.353886757935626, -67.00761984485005 38.886886920236115, -68.56609569777747 38.503830832121295, -68.49223994299751 40.09325997119907, -67.20588139869567 40.353886757935626))"
53E,2022-11-13 21:55:00+00:00,2022-11-13 23:55:00+00:00,0.0,45000.0,"POLYGON ((-80.34691107954761 29.297831298152747, -78.8209924521177 29.280485096039094, -79.36281421450062 27.675438843385773, -80.77654521196041 26.42368438524639, -81.63729701654249 26.83733866428974, -80.34691107954761 29.297831298152747))"
GOLF 10,2022-11-13 22:15:00+00:00,2022-11-14 02:15:00+00:00,0.0,37000.0,"POLYGON ((-58 43.15, -57.3 40.15, -67.15 31.45, -69.3 32, -65.3 40.15, -58 43.15))"
KILO 6,2022-11-13 22:35:00+00:00,2022-11-14 02:35:00+00:00,0.0,50000.0,"POLYGON ((-72.3 36.3, -68.45 35.3, -72.45 23.3, -79 24.3, -72.3 36.3))"
55E,2022-11-13 22:55:00+00:00,2022-11-14 00:55:00+00:00,0.0,40000.0,"POLYGON ((-79.96538687754567 29.295120554181896, -78.8209924521177 29.280485096039094, -79.40038122409572 26.933000350378148, -80.48376056546543 26.326535858892065, -81.25188172531213 26.99958848212218, -79.96538687754567 29.295120554181896))"
56E,2022-11-13 22:55:00+00:00,2022-11-14 00:55:00+00:00,0.0,33000.0,"POLYGON ((-66.93193646781027 41.238457112729044, -67.00761984485005 38.886886920236115, -68.48813708160996 38.34907719221371, -66.93193646781027 41.238457112729044))"
57E,2022-11-13 23:55:00+00:00,2022-11-14 01:55:00+00:00,0.0,40000.0,"POLYGON ((-78.63029664222483 29.27709787387556, -79.05441703746935 27.05824119087265, -80.48376056546543 26.326535858892065, -81.25188172531213 26.99958848212218, -79.3931486732552 29.289021921839478, -78.63029664222483 29.27709787387556))"
GOLF 11,2022-11-14 00:10:00+00:00,2022-11-14 04:10:00+00:00,0.0,37000.0,"POLYGON ((-55 43.3, -56.3 40.3, -66.15 33.15, -67.3 35.3, -63.45 40.45, -55 43.3))"
KILO 7,2022-11-14 00:15:00+00:00,2022-11-14 04:15:00+00:00,0.0,50000.0,"POLYGON ((-71.45 35.45, -64.45 32.3, -71.45 23.15, -77.45 24.45, -71.45 35.45))"
1E,2022-11-14 00:55:00+00:00,2022-11-14 02:55:00+00:00,0.0,36000.0,"POLYGON ((-79.3931486732552 29.289021921839478, -77.51004145035955 28.73039262105773, -79.34523527425056 26.678058003974225, -80.13819957253443 26.107340914101695, -81.09129487440971 26.783011200950792, -79.3931486732552 29.289021921839478))"
HOTEL 1,2022-11-14 01:00:00+00:00,2022-11-14 05:00:00+00:00,0.0,50000.0,"POLYGON ((-139.45 9.3, -132.15 9, -133.15 6, -139.3 6.45, -139.45 9.3))"
2E,2022-11-14 02:55:00+00:00,2022-11-14 04:55:00+00:00,0.0,35000.0,"POLYGON ((-78.32667223480911 29.545399506512194, -76.62242876451066 29.02683697822481, -78.98711815426667 27.67189156830133, -80.05492341585561 28.601548608159696, -78.32667223480911 29.545399506512194))"
3E,2022-11-14 03:55:00+00:00,2022-11-14 05:55:00+00:00,0.0,40000.0,"POLYGON ((-78.8209924521177 29.280485096039094, -78.56848498931308 28.36706140272879, -80.1424575669761 27.80689957398064, -80.05492341585561 28.601548608159696, -78.8209924521177 29.280485096039094))"
KILO 8,2022-11-14 04:10:00+00:00,2022-11-14 08:10:00+00:00,0.0,47000.0,"POLYGON ((-69 35.3, -64 33.3, -72.45 23.3, -77 24.45, -69 35.3))"
4E,2022-11-14 04:55:00+00:00,2022-11-14 06:55:00+00:00,0.0,35000.0,"POLYGON ((-78.24894546662576 29.26951133538124, -77.83746882689503 27.489862605286607, -80.09017300608167 28.03234758826255, -80.05492341585561 28.601548608159696, -78.24894546662576 29.26951133538124))"
HOTEL 2,2022-11-14 04:55:00+00:00,2022-11-14 08:55:00+00:00,0.0,50000.0,"POLYGON ((-132.3 10, -132.3 6.45, -139.3 6.45, -139.45 9.45, -132.3 10))"
5E,2022-11-14 05:55:00+00:00,2022-11-14 07:55:00+00:00,0.0,32000.0,"POLYGON ((-77.15560432621213 28.84966777351555, -77.33292425561181 28.79014587564077, -79.92639534039448 27.678859671358637, -80.05492341585561 28.601548608159696, -77.15560432621213 28.84966777351555))"
LIMA 1,2022-11-14 06:25:00+00:00,2022-11-14 10:25:00+00:00,0.0,47000.0,"POLYGON ((-63.15 33.25, -59.45 31.4, -58.2 27.05, -65.05 19, -66.2 19.25, -63.15 33.25))"
6E,2022-11-14 06:55:00+00:00,2022-11-14 08:55:00+00:00,0.0,29000.0,"POLYGON ((-76.62242876451066 29.02683697822481, -76.80035650834265 28.968014159304357, -79.44494193474968 28.058076368529584, -79.41794339793215 28.61699225679675, -76.62242876451066 29.02683697822481))"
XRAY 1,2022-11-14 07:16:00+00:00,2022-11-14 11:15:00+00:00,0.0,52000.0,"POLYGON ((169.15 26.3, 173.3 26.15, 169.3 20.45, 165.3 17.45, 163.3 19.45, 169.15 26.3))"
7E,2022-11-14 07:55:00+00:00,2022-11-14 09:55:00+00:00,0.0,32000.0,"POLYGON ((-75.55061458542029 29.374816151941708, -75.9060108127712 28.14646815479941, -79.79410506873485 27.93292726169233, -79.41794339793215 28.61699225679675, -75.55061458542029 29.374816151941708))"
HOTEL 3,2022-11-14 08:30:00+00:00,2022-11-14 12:30:00+00:00,0.0,50000.0,"POLYGON ((-132 10.2, -132.05 7.1, -139.55 6.2, -139.55 10, -132 10.2))"
8E,2022-11-14 08:55:00+00:00,2022-11-14 10:55:00+00:00,0.0,31000.0,"POLYGON ((-75.72975539756071 29.317413992142935, -77.31302444862477 27.671594119567153, -79.61962486186705 27.99561205618871, -79.55298265182502 28.500327787280437, -75.72975539756071 29.317413992142935))"
9E,2022-11-14 09:55:00+00:00,2022-11-14 11:55:00+00:00,0.0,28000.0,"POLYGON ((-76.62242876451066 29.02683697822481, -76.61106191602163 27.910817677605095, -79.36281421450062 27.675438843385773, -79.55298265182502 28.500327787280437, -76.62242876451066 29.02683697822481))"
LIMA 2,2022-11-14 10:00:00+00:00,2022-11-14 14:00:00+00:00,0.0,47000.0,"POLYGON ((-55.25 39.1, -57.55 27, -61.45 22.1, -66.45 22.25, -61.2 37.35, -55.25 39.1))"
XRAY 2,2022-11-14 10:37:00+00:00,2022-11-14 14:35:00+00:00,0.0,51000.0,"POLYGON ((164 20.15, 165 26.3, 165 30, 175 25.45, 166.15 17.3, 164 20.15))"
10E,2022-11-14 10:55:00+00:00,2022-11-14 12:55:00+00:00,0.0,24000.0,"POLYGON ((-79.14696250387193 28.849917908083896, -78.04017616835857 28.549753072258635, -78.79928014299323 27.66973798985201, -80.27339745201733 28.14094605091884, -79.14696250387193 28.849917908083896))"
11E,2022-11-14 11:55:00+00:00,2022-11-14 13:55:00+00:00,0.0,24000.0,"POLYGON ((-76.62242876451066 29.02683697822481, -78.79928014299323 27.66973798985201, -80.27339745201733 28.14094605091884, -79.282603940839 28.73352261360218, -76.62242876451066 29.02683697822481))"
HOTEL 4,2022-11-14 12:05:00+00:00,2022-11-14 16:05:00+00:00,0.0,50000.0,"POLYGON ((-132.2 11.3, -130.25 7.15, -140 6.55, -139.55 10.35, -132.2 11.3))"
12E,2022-11-14 12:55:00+00:00,2022-11-14 14:55:00+00:00,0.0,25000.0,"POLYGON ((-76.80035650834265 28.968014159304357, -76.61106191602163 27.910817677605095, -79.36281421450062 27.675438843385773, -79.41794339793215 28.61699225679675, -76.80035650834265 28.968014159304357))"
XRAY 3,2022-11-14 13:29:00+00:00,2022-11-14 17:25:00+00:00,0.0,50000.0,"POLYGON ((164.3 19.45, 166.3 33.15, 172.45 30.45, 174.45 25.45, 166.3 17.45, 164.3 19.45))"
LIMA 3,2022-11-14 13:50:00+00:00,2022-11-14 17:50:00+00:00,0.0,46000.0,"POLYGON ((-54.3 40.3, -59 24.45, -62 22, -65.3 26.45, -60 38, -54.3 40.3))"
13E,2022-11-14 13:55:00+00:00,2022-11-14 15:55:00+00:00,0.0,26000.0,"POLYGON ((-78.05829211406056 29.265312143249012, -77.1378234558031 27.731732169128477, -80.14326693490337 27.552235232348945, -80.46252484971338 28.85551202400023, -78.05829211406056 29.265312143249012))"
XRAY 4,2022-11-14 14:32:00+00:00,2022-11-14 18:30:00+00:00,0.0,50000.0,"POLYGON ((164.3 19.45, 165 30, 167.3 33.15, 173 30.45, 174.15 25, 165.15 17.3, 164.3 19.45))"
14E,2022-11-14 14:55:00+00:00,2022-11-14 16:55:00+00:00,0.0,26000.0,"POLYGON ((-78.63029664222483 29.27709787387556, -77.68695586025213 28.670408845141342, -78.89386582456982 27.733742559785618, -80.22373773091545 27.91502661376889, -80.5822297501818 29.107962812107232, -78.63029664222483 29.27709787387556))"
HOTEL 5,2022-11-14 15:20:00+00:00,2022-11-14 19:20:00+00:00,0.0,52000.0,"POLYGON ((-132 11.3, -128.45 7, -140 8.15, -140 9.45, -139.45 9.45, -135.15 11.15, -132 11.3))"
LIMA 4,2022-11-14 16:45:00+00:00,2022-11-14 20:45:00+00:00,0.0,46000.0,"POLYGON ((-53.15 40.45, -59 25, -63 22.15, -67.15 24.3, -58.45 37.3, -53.15 40.45))"
1C,2022-11-14 16:55:00+00:00,2022-11-14 18:55:00+00:00,0.0,31000.0,"POLYGON ((-97.3453371503311 33.48444916676013, -94.35956735928576 32.95980087922701, -94.99563474524291 31.394987737935168, -96.54966379032642 31.403309752157494, -97.68621182124798 32.012246792286305, -97.3453371503311 33.48444916676013))"
2C,2022-11-14 16:55:00+00:00,2022-11-14 18:55:00+00:00,0.0,35000.0,"POLYGON ((-94.86928718457517 31.46732365748213, -94.00153872867722 30.455321410040522, -95.05785123087625 29.34485827928602, -96.17056413645045 30.66330160295102, -94.86928718457517 31.46732365748213))"
4C,2022-11-14 17:55:00+00:00,2022-11-14 19:55:00+00:00,0.0,37000.0,"POLYGON ((-94.19543964348306 31.948221909203493, -93.21729669720771 31.00334123033534, -95.6648007378029 27.37512663884861, -97.08231884220393 27.1310146120481, -97.40295305061021 29.25380946951011, -94.19543964348306 31.948221909203493))"
3C,2022-11-14 17:55:00+00:00,2022-11-14 19:55:00+00:00,0.0,36000.0,"POLYGON ((-95.45139443398276 33.006262503210436, -93.43463510314271 32.00091514507543, -95.04965583786851 31.804825488468147, -96.48269292108023 32.39820072692072, -95.45139443398276 33.006262503210436))"
XRAY 5,2022-11-14 18:22:00+00:00,2022-11-14 22:30:00+00:00,0.0,50000.0,"POLYGON ((172.15 29.45, 165.15 17, 162.45 19.3, 168 26.3, 168 29.3, 172.15 29.45))"
HOTEL 6,2022-11-14 18:30:00+00:00,2022-11-14 22:30:00+00:00,0.0,52000.0,"POLYGON ((-133 11.15, -122.15 9, -122 7, -139.3 8.15, -138.3 10.3, -133 11.15))"
ALFA 1,2022-11-14 18:50:00+00:00,2022-11-14 22:50:00+00:00,0.0,43000.0,"POLYGON ((168.15 35.3, 171 32.45, 167 28.45, 165.15 30, 168.15 35.3))"
6C,2022-11-14 18:55:00+00:00,2022-11-14 20:55:00+00:00,0.0,37000.0,"POLYGON ((-97.53 30.813712818262683, -95.73628592920286 30.76083345169468, -93.11 28.549719666370162, -97.07067046360774 26.58750164639214, -98.1529887932075 29.52899664818102, -97.53 30.813712818262683))"
5C,2022-11-14 18:55:00+00:00,2022-11-14 20:55:00+00:00,0.0,36000.0,"POLYGON ((-94.46906508805087 33.50936027002112, -92.3053759533362 31.259853371484805, -94.17227936058497 29.753723960894575, -95.61507942448084 30.838570209934346, -95.59278718736687 33.123042573428044, -94.46906508805087 33.50936027002112))"
LIMA 5,2022-11-14 19:25:00+00:00,2022-11-14 23:25:00+00:00,0.0,46000.0,"POLYGON ((-54.45 36.45, -59.3 23.3, -67 22, -67 24.45, -59.3 35.3, -54.45 36.45))"
7C,2022-11-14 19:55:00+00:00,2022-11-14 21:55:00+00:00,0.0,41000.0,"POLYGON ((-93.81 32.33628718173732, -91.77909315163836 31.98546591870242, -92.75647006925514 29.83284510912899, -93.69800872839353 29.627554340421668, -96.17614455485284 31.268058395632615, -93.81 32.33628718173732))"
8C,2022-11-14 19:55:00+00:00,2022-11-14 21:55:00+00:00,0.0,36000.0,"POLYGON ((-96.45680641239944 30.757615333493394, -93.11 28.30994148689969, -96.32512154323537 26.857295350419385, -97.6943482415169 29.637801042878127, -96.45680641239944 30.757615333493394))"
HOTEL 7,2022-11-14 20:35:00+00:00,2022-11-15 00:35:00+00:00,0.0,52000.0,"POLYGON ((-137.15 10.3, -122.15 9.15, -122.3 5.45, -130.15 8, -136.45 8.45, -137.15 10.3))"
ALFA 2,2022-11-14 20:40:00+00:00,2022-11-15 00:40:00+00:00,0.0,44000.0,"POLYGON ((168.15 35.3, 172 33.45, 172.15 29.45, 167 29.3, 168.15 35.3))"
10C,2022-11-14 20:55:00+00:00,2022-11-14 22:55:00+00:00,0.0,43000.0,"POLYGON ((-95.49766144015928 31.157663216393814, -92.31360642950564 28.446843926913996, -96.64646929264269 27.191886878900338, -97.35194681227343 30.316212650355922, -95.49766144015928 31.157663216393814))"
9C,2022-11-14 20:55:00+00:00,2022-11-14 22:55:00+00:00,0.0,35000.0,"POLYGON ((-92.31976583264029 32.75497176625328, -90.88842001156488 32.4275446301404, -91.8434001766788 30.008310933543626, -93.2567840404492 29.83250860861931, -94.00345373263033 30.903349058535504, -92.31976583264029 32.75497176625328))"
11C,2022-11-14 21:55:00+00:00,2022-11-14 23:55:00+00:00,0.0,44000.0,"POLYGON ((-92.59516544037785 32.048217220072466, -90.75659982332118 30.008310933543626, -91.16819071059288 28.23463979765442, -96.09307714821306 28.298712267441747, -95.83787866791457 32.03332276963507, -92.59516544037785 32.048217220072466))"
12C,2022-11-14 21:55:00+00:00,2022-11-14 23:55:00+00:00,0.0,35000.0,"POLYGON ((-90.12790971995601 33.15249732626285, -89.7787580842627 30.310930216173375, -90.71067169548469 30.102763848205786, -92.5856976612266 32.327821641001485, -90.12790971995601 33.15249732626285))"
XRAY 6,2022-11-14 22:20:00+00:00,2022-11-15 02:30:00+00:00,0.0,50000.0,"POLYGON ((170.15 29, 172.45 24.3, 168.3 22, 168.45 26.3, 170.15 29))"
HOTEL 8,2022-11-14 22:40:00+00:00,2022-11-15 02:40:00+00:00,0.0,52000.0,"POLYGON ((-120.15 12.3, -120.15 9.45, -124.45 6.15, -129.3 7.15, -129.15 10, -120.15 12.3))"
13C,2022-11-14 22:55:00+00:00,2022-11-15 00:55:00+00:00,0.0,44000.0,"POLYGON ((-94.50834317974414 32.21531509356282, -88.8 31.94628718173732, -90.28936323748421 28.77916843878565, -96.05883859152364 28.22550341932625, -94.50834317974414 32.21531509356282))"
LIMA 6,2022-11-14 23:20:00+00:00,2022-11-15 03:20:00+00:00,0.0,46000.0,"POLYGON ((-53.3 34, -59.45 22.3, -67.45 21.15, -60.3 33.3, -53.3 34))"
14C,2022-11-14 23:55:00+00:00,2022-11-15 01:55:00+00:00,0.0,45000.0,"POLYGON ((-93.58401521974237 32.30868235179021, -88.0740375215245 32.12325240796213, -89.56349146831214 28.708368653238324, -95.64277059200786 28.17015933080258, -93.58401521974237 32.30868235179021))"
2C,2022-11-15 00:55:00+00:00,2022-11-15 02:55:00+00:00,0.0,42000.0,"POLYGON ((-92.28302653340697 32.724220643578406, -87.1069888419436 31.94093634802107, -87.14744500844196 30.99513566739584, -89.78350418143441 30.890211739734184, -92.85993823561927 31.566179927207845, -92.28302653340697 32.724220643578406))"
1C,2022-11-15 00:55:00+00:00,2022-11-15 02:55:00+00:00,0.0,45000.0,"POLYGON ((-88.71809830092981 30.85684178724237, -88.36 29.73178626558165, -95.59412167759774 27.221068773946314, -94.63853513333643 30.212755377217896, -88.71809830092981 30.85684178724237))"
YANKEE 1,2022-11-15 01:48:00+00:00,2022-11-15 05:55:00+00:00,0.0,52000.0,"POLYGON ((164 9, 168 8.15, 167.45 5.45, 165.3 6, 163.15 8.3, 164 9))"
3C,2022-11-15 01:55:00+00:00,2022-11-15 03:55:00+00:00,0.0,45000.0,"POLYGON ((-86.90994995414293 32.218629997188195, -87.64663809331013 30.473382534849762, -91.16819071059288 28.23463979765442, -94.56734362335169 28.112163378606606, -92.57435854838928 31.106273720115034, -86.90994995414293 32.218629997188195))"
HOTEL 9,2022-11-15 02:35:00+00:00,2022-11-15 06:35:00+00:00,0.0,52000.0,"POLYGON ((-120 12.3, -120.15 9, -124.15 7.15, -130 6.15, -130.3 10, -120 12.3))"
ZULU 1,2022-11-15 02:35:00+00:00,2022-11-15 06:40:00+00:00,0.0,52000.0,"POLYGON ((142.3 7.3, 146.45 6.15, 149.45 4, 145.3 2, 142 4.15, 142.3 7.3))"
5C,2022-11-15 02:55:00+00:00,2022-11-15 04:55:00+00:00,0.0,45000.0,"POLYGON ((-89.53956090878901 32.89932298160445, -88.8 31.714524177054425, -89.89974262124393 31.42683058754843, -90.6913197043047 32.428618839435295, -89.53956090878901 32.89932298160445))"
4C,2022-11-15 02:55:00+00:00,2022-11-15 04:55:00+00:00,0.0,45000.0,"POLYGON ((-88.36 31.395475822945567, -88.0656003938633 30.114848192734076, -91.03571626812398 28.35326538449789, -94.39425047683054 28.04616856105403, -92.57782880204253 29.947926880086285, -88.36 31.395475822945567))"
LIMA 7,2022-11-15 03:15:00+00:00,2022-11-15 07:15:00+00:00,0.0,45000.0,"POLYGON ((-63 29.15, -56 29.15, -60.3 22.15, -66.45 22, -63 29.15))"
MIKE 1,2022-11-15 03:55:00+00:00,2022-11-15 07:55:00+00:00,0.0,43000.0,"POLYGON ((-89.3 28.15, -91.45 26.15, -95 26.15, -94 28.15, -89.3 28.15))"
6C,2022-11-15 03:55:00+00:00,2022-11-15 05:55:00+00:00,0.0,45000.0,"POLYGON ((-90 30.182737911472785, -88.36 29.89815522131804, -90.46191404164996 28.410989377318607, -93.90639357049436 28.446843926913996, -90 30.182737911472785))"
7C,2022-11-15 03:55:00+00:00,2022-11-15 05:55:00+00:00,0.0,35000.0,"POLYGON ((-87.91126960438054 31.651457958013992, -87.06749249477605 30.829423366698553, -88.36 29.89815522131804, -90 30.349106867209183, -87.91126960438054 31.651457958013992))"
9C,2022-11-15 04:55:00+00:00,2022-11-15 06:55:00+00:00,0.0,37000.0,"POLYGON ((-86.02098960612913 31.604828217834875, -87.22533425646198 30.358295136734466, -89.25111192859042 30.40862244644479, -87.50811427913604 31.533211565618476, -86.02098960612913 31.604828217834875))"
8C,2022-11-15 04:55:00+00:00,2022-11-15 06:55:00+00:00,0.0,45000.0,"POLYGON ((-89.45488213162677 30.319442990420686, -87.36084317142596 30.240016139093544, -89.66633722551538 28.25707270258019, -93.90639357049436 28.446843926913996, -89.45488213162677 30.319442990420686))"
10C,2022-11-15 05:55:00+00:00,2022-11-15 07:55:00+00:00,0.0,45000.0,"POLYGON ((-90.52782476944105 30.477725406782344, -86.9013725093581 30.36869713081615, -87.656721967682 28.266506879194484, -92.24249119671636 28.292691090479412, -90.52782476944105 30.477725406782344))"
11C,2022-11-15 05:55:00+00:00,2022-11-15 07:55:00+00:00,0.0,31000.0,"POLYGON ((-88.8 32.54636895573639, -86.04116958947043 32.45497533058373, -86.82781555292371 30.522506328476403, -90.29545087551398 30.46449064253503, -88.8 32.54636895573639))"
HOTEL 10,2022-11-15 06:10:00+00:00,2022-11-15 10:10:00+00:00,0.0,55000.0,"POLYGON ((-120 13.5, -120 8.2, -124 7.25, -123.35 12.05, -120 13.5))"
NOVEMBER 1,2022-11-15 06:19:00+00:00,2022-11-15 10:20:00+00:00,0.0,44000.0,"POLYGON ((172 29.45, 176 28.45, 169.15 22, 169 23.45, 172 29.45))"
13C,2022-11-15 06:55:00+00:00,2022-11-15 08:55:00+00:00,0.0,32000.0,"POLYGON ((-88.51 33.49, -85.77380703960866 32.409826023812435, -86.14407164843098 30.637896907909322, -88.94063193555549 30.728707724630137, -88.51 33.49))"
12C,2022-11-15 06:55:00+00:00,2022-11-15 08:55:00+00:00,0.0,45000.0,"POLYGON ((-89.96387705301328 30.684840624391917, -86.14407164843098 30.637896907909322, -87.31116183087472 28.13246539142291, -92.19685027122722 28.399676889285463, -89.96387705301328 30.684840624391917))"
MIKE 2,2022-11-15 07:30:00+00:00,2022-11-15 11:30:00+00:00,0.0,45000.0,"POLYGON ((-89.05 28.15, -90.15 26.5, -93.1 26.45, -91.35 28.15, -89.05 28.15))"
15C,2022-11-15 07:55:00+00:00,2022-11-15 09:55:00+00:00,0.0,34000.0,"POLYGON ((-87.14625195012803 33.87421016201342, -84.44 33.63, -85.27598332402995 30.064784393035186, -87.15418475342834 30.42022791390091, -89.73541195388178 32.73615654371511, -87.14625195012803 33.87421016201342))"
14C,2022-11-15 07:55:00+00:00,2022-11-15 09:55:00+00:00,0.0,45000.0,"POLYGON ((-89.31778929735192 30.436449738544702, -85.6102796863575 30.443604545643822, -86.68 28.168096708217718, -91.43225822797524 27.997007400801074, -89.31778929735192 30.436449738544702))"
17C,2022-11-15 08:55:00+00:00,2022-11-15 10:55:00+00:00,0.0,31000.0,"POLYGON ((-87.05355002086738 33.97731489692558, -84.44 33.63, -84.12959054430938 29.93870032634315, -87.08949744268179 30.47643402914033, -87.05355002086738 33.97731489692558))"
16C,2022-11-15 08:55:00+00:00,2022-11-15 10:55:00+00:00,0.0,45000.0,"POLYGON ((-88.28605102700416 30.57627416398669, -85.6102796863575 30.443604545643822, -85.52267579251338 28.365575969794424, -91.03571626812398 28.35326538449789, -88.28605102700416 30.57627416398669))"
BRAVO 1,2022-11-15 09:35:00+00:00,2022-11-15 13:35:00+00:00,0.0,46000.0,"POLYGON ((-56.1 34.2, -54.2 32.15, -61.45 26.2, -64.15 27.4, -56.1 34.2))"
HOTEL 11,2022-11-15 09:50:00+00:00,2022-11-15 13:50:00+00:00,0.0,55000.0,"POLYGON ((-120.05 14.45, -120 7.2, -125.5 6.1, -124 12.55, -120.05 14.45))"
18C,2022-11-15 09:55:00+00:00,2022-11-15 11:55:00+00:00,0.0,45000.0,"POLYGON ((-85.51755975092713 30.82481054163949, -85.50351159900647 27.88122105023299, -90.53366277448461 28.25707270258019, -88.43418520965294 30.883683779755334, -85.51755975092713 30.82481054163949))"
NOVEMBER 2,2022-11-15 10:00:00+00:00,2022-11-15 14:00:00+00:00,0.0,38000.0,"POLYGON ((172.45 28.45, 175 28, 170.3 22.3, 168.15 23, 172.45 28.45))"
OSCAR 1,2022-11-15 10:03:00+00:00,2022-11-15 14:05:00+00:00,0.0,52000.0,"POLYGON ((142.3 8.45, 147.3 7, 145.15 4.45, 140.3 7.45, 142.3 8.45))"
1E,2022-11-15 10:55:00+00:00,2022-11-15 12:55:00+00:00,0.0,27000.0,"POLYGON ((-79.90862449648827 32.62279901513675, -79.4548903759778 31.6865391421801, -80.42238148341836 30.72277461805062, -81.23061992507269 32.05771568599224, -79.90862449648827 32.62279901513675))"
19C,2022-11-15 10:55:00+00:00,2022-11-15 12:55:00+00:00,0.0,45000.0,"POLYGON ((-85.24393305174831 30.715289850329363, -84.10663405095258 29.213816273932444, -86.68 27.502620885272147, -90.1 28.181786265581643, -88.36 30.73, -85.24393305174831 30.715289850329363))"
MIKE 3,2022-11-15 11:05:00+00:00,2022-11-15 15:05:00+00:00,0.0,45000.0,"POLYGON ((-90.15 28.2, -86.4 28, -92.45 24.55, -93.4 25.45, -90.15 28.2))"
2E,2022-11-15 11:55:00+00:00,2022-11-15 13:55:00+00:00,0.0,29000.0,"POLYGON ((-79.90862449648827 32.62279901513675, -79.390823296128 31.55265716560049, -80.67471900662852 31.052936123936856, -81.24108961851785 32.42706472045257, -79.90862449648827 32.62279901513675))"
20C,2022-11-15 11:55:00+00:00,2022-11-15 13:55:00+00:00,0.0,45000.0,"POLYGON ((-85.06468176276314 30.65272130238764, -84.12244060010649 28.6545665186507, -86.68 27.502620885272147, -89.66633722551538 28.25707270258019, -87.81522181644986 30.258299661579724, -85.06468176276314 30.65272130238764))"
OSCAR 2,2022-11-15 12:31:00+00:00,2022-11-15 16:35:00+00:00,0.0,52000.0,"POLYGON ((141.15 9.45, 144.15 8, 143.15 6.3, 139.45 8.45, 141.15 9.45))"
3E,2022-11-15 12:55:00+00:00,2022-11-15 14:55:00+00:00,0.0,31000.0,"POLYGON ((-80.83248743182492 32.88750085565589, -78.85129679023204 32.8843771033571, -78.65728330880478 31.705967249332993, -81.21304447229758 30.954484094797632, -80.83248743182492 32.88750085565589))"
4E,2022-11-15 12:55:00+00:00,2022-11-15 14:55:00+00:00,0.0,43000.0,"POLYGON ((-86.68 30.83, -84.71621490712701 29.630964751439436, -84.5625264528548 27.89720728744805, -87.72296114102724 27.04152715334124, -88.35044641608883 28.531968360228927, -86.68 30.83))"
NOVEMBER 3,2022-11-15 13:26:00+00:00,2022-11-15 17:30:00+00:00,0.0,36000.0,"POLYGON ((173.3 28.15, 175.3 27.45, 172 25, 171 25.45, 173.3 28.15))"
HOTEL 12,2022-11-15 13:30:00+00:00,2022-11-15 17:30:00+00:00,0.0,45000.0,"POLYGON ((-120.15 15.3, -120.15 7.3, -125.3 5.45, -127.3 10.45, -120.15 15.3))"
MIKE 4,2022-11-15 13:40:00+00:00,2022-11-15 17:40:00+00:00,0.0,41000.0,"POLYGON ((-86.15 28.15, -84.3 27.15, -91 25, -92.45 25.45, -86.15 28.15))"
MIKE 5,2022-11-15 13:40:00+00:00,2022-11-15 17:40:00+00:00,,,"POLYGON ((-86.15 28.15, -84.3 27.15, -91 25, -92.45 25.45, -86.15 28.15))"
6E,2022-11-15 13:55:00+00:00,2022-11-15 15:55:00+00:00,0.0,45000.0,"POLYGON ((-86.32170373451754 31.136188373341735, -83.87788237514063 29.990242575605, -83.7342443244253 27.518716560187617, -87.69079127845237 27.011719601091386, -88.57843583608553 28.618154234164834, -86.32170373451754 31.136188373341735))"
5E,2022-11-15 13:55:00+00:00,2022-11-15 15:55:00+00:00,0.0,34000.0,"POLYGON ((-78.32769177521668 33.42691662199826, -78.38501580971713 31.467382158990375, -80.93169454244625 30.338727669926836, -80.62674480501212 33.506354079500696, -78.32769177521668 33.42691662199826))"
7E,2022-11-15 14:55:00+00:00,2022-11-15 16:55:00+00:00,0.0,32000.0,"POLYGON ((-79.09400914924477 33.75813539531054, -77.86242363578312 32.10709887104252, -79.60689771374795 30.58562877061297, -80.79946739632095 30.083412642324504, -80.56416961577376 32.349828748247305, -79.09400914924477 33.75813539531054))"
8E,2022-11-15 15:55:00+00:00,2022-11-15 17:55:00+00:00,0.0,32000.0,"POLYGON ((-80.40587287355741 34.48241058059234, -77.33697775851961 33.27290691262983, -77.84462178688962 30.988500832891024, -80.16067255454587 30.33307326431446, -80.40587287355741 34.48241058059234))"
9E,2022-11-15 15:55:00+00:00,2022-11-15 17:55:00+00:00,0.0,45000.0,"POLYGON ((-86.13466574353804 30.358295136734466, -84.05657576268013 29.784852534521278, -84.95429285689976 26.488098979713477, -87.46456756136705 26.801454847773172, -86.13466574353804 30.358295136734466))"
11E,2022-11-15 16:55:00+00:00,2022-11-15 18:55:00+00:00,0.0,45000.0,"POLYGON ((-85.31441910659896 30.39645733599175, -83.40399618355332 29.726863603209576, -84.44235905752623 26.686919362684904, -87.0790215331483 26.440472877302494, -85.31441910659896 30.39645733599175))"
10E,2022-11-15 16:55:00+00:00,2022-11-15 18:55:00+00:00,0.0,36000.0,"POLYGON ((-78.42978815379023 34.539726855997316, -76.81696033297256 32.19359480289175, -80.16067255454587 30.33307326431446, -79.84604696694495 34.293526190676616, -78.42978815379023 34.539726855997316))"
12E,2022-11-15 17:55:00+00:00,2022-11-15 19:55:00+00:00,0.0,38000.0,"POLYGON ((-79.33647843848225 34.340225165169514, -77.51978372421385 34.34950138738246, -77.08076358641217 32.744661602026746, -79.80606713232613 30.41816319091198, -80.27127338822628 31.44164094522357, -79.33647843848225 34.340225165169514))"
13E,2022-11-15 17:55:00+00:00,2022-11-15 19:55:00+00:00,0.0,41000.0,"POLYGON ((-83.90257612885816 28.350267115996676, -83.92864455277763 26.88389790060833, -87.0790215331483 26.440472877302494, -86.68 28.334465663954106, -83.90257612885816 28.350267115996676))"
14E,2022-11-15 18:55:00+00:00,2022-11-15 20:55:00+00:00,0.0,42000.0,"POLYGON ((-78.44318395178261 34.81922906041311, -76.66098951172519 34.34405756847523, -76.74368634706377 32.03923455358845, -79.17517895295909 31.146933214688314, -80.04 32.058155221318046, -78.44318395178261 34.81922906041311))"
15E,2022-11-15 18:55:00+00:00,2022-11-15 20:55:00+00:00,0.0,43000.0,"POLYGON ((-85.0768766276345 28.86093881581106, -83.34112614395275 28.98486294275094, -84.10008087615607 26.81844441120513, -86.64794932366954 25.812347276991883, -85.0768766276345 28.86093881581106))"
CHARLIE 1,2022-11-15 19:35:00+00:00,2022-11-15 23:35:00+00:00,27000.0,39000.0,"POLYGON ((-61.15 43.15, -57 39.45, -61 37, -67 39, -67 41.45, -61.15 43.15))"
16E,2022-11-15 19:55:00+00:00,2022-11-15 21:55:00+00:00,0.0,42000.0,"POLYGON ((-77.87 35.18184477868196, -76.86263919408498 35.16937105211427, -76.74368634706377 32.03923455358845, -79.60689771374795 30.58562877061297, -80.02519000488448 31.773369501996388, -77.87 35.18184477868196))"
17E,2022-11-15 19:55:00+00:00,2022-11-15 21:55:00+00:00,0.0,42000.0,"POLYGON ((-84.45706232193841 29.083248092671557, -83.05 28.768155221318043, -84.10008087615607 26.81844441120513, -86.64794932366954 25.812347276991883, -84.45706232193841 29.083248092671557))"
19E,2022-11-15 20:55:00+00:00,2022-11-15 22:55:00+00:00,0.0,41000.0,"POLYGON ((-84.45706232193841 29.083248092671557, -83.62131887702573 27.906801511507688, -84.69855232557946 25.64445489589272, -86.64794932366954 25.812347276991883, -84.45706232193841 29.083248092671557))"
18E,2022-11-15 20:55:00+00:00,2022-11-15 22:55:00+00:00,0.0,40000.0,"POLYGON ((-76.64825304536758 35.336854287419605, -76.67065906260929 31.884832305941785, -79.22138683437119 31.19657097258367, -78.24290960421781 34.47676820911989, -76.64825304536758 35.336854287419605))"
22E,2022-11-15 21:55:00+00:00,2022-11-15 23:55:00+00:00,0.0,40000.0,"POLYGON ((-83.4287863364506 28.79806567002973, -83.59941969077893 27.008802494670114, -85.15504335111066 27.375802718372192, -85.16953517585583 28.661082221159027, -83.4287863364506 28.79806567002973))"
21E,2022-11-15 21:55:00+00:00,2022-11-15 23:55:00+00:00,0.0,40000.0,"POLYGON ((-77.87 32.90429060579106, -76.95201633446364 32.47662885145246, -78.2447075771561 31.343728522137184, -78.83640804659295 31.861952177682728, -77.87 32.90429060579106))"
20E,2022-11-15 21:55:00+00:00,2022-11-15 23:55:00+00:00,0.0,33000.0,"POLYGON ((-76.55987715820574 34.78869940334471, -76.74267961425703 33.40369288731016, -77.87 33.351786265581644, -78.2730204230628 34.349339694185325, -76.55987715820574 34.78869940334471))"
DELTA 1,2022-11-15 22:20:00+00:00,2022-11-16 02:20:00+00:00,,,"POLYGON ((178.45 39, -176.45 37.3, 179.3 31.45, 176.3 31.45, 178.45 39))"
24E,2022-11-15 22:55:00+00:00,2022-11-16 00:55:00+00:00,0.0,37000.0,"POLYGON ((-77.87 32.90429060579106, -76.95201633446364 32.47662885145246, -78.36252219180106 31.447590748595843, -78.83640804659295 31.861952177682728, -77.87 32.90429060579106))"
23E,2022-11-15 22:55:00+00:00,2022-11-16 00:55:00+00:00,0.0,39000.0,"POLYGON ((-76.55987715820574 34.78869940334471, -76.02243555084308 33.699426699793655, -77.41230822478333 33.42691662199826, -77.87 34.35, -76.55987715820574 34.78869940334471))"
25E,2022-11-15 22:55:00+00:00,2022-11-16 00:55:00+00:00,0.0,36000.0,"POLYGON ((-83.34928232570508 28.49658462437962, -83.75700985156293 26.949144266785538, -85.54768302221822 27.36795836815504, -84.07805020297604 28.41227188043717, -83.34928232570508 28.49658462437962))"
27E,2022-11-15 23:55:00+00:00,2022-11-16 01:55:00+00:00,0.0,41000.0,"POLYGON ((-77.87 32.75971966637016, -76.95201633446364 32.47662885145246, -78.12715295816544 31.239758908611993, -78.83640804659295 31.861952177682728, -77.87 32.75971966637016))"
28E,2022-11-15 23:55:00+00:00,2022-11-16 01:55:00+00:00,0.0,39000.0,"POLYGON ((-84.07805020297604 28.41227188043717, -83.34928232570508 28.49658462437962, -83.73133591168641 26.336271200575712, -84.40914502331523 27.262553444255794, -84.07805020297604 28.41227188043717))"
26E,2022-11-15 23:55:00+00:00,2022-11-16 01:55:00+00:00,0.0,35000.0,"POLYGON ((-76.55987715820574 34.78869940334471, -76.02243555084308 33.699426699793655, -77.41230822478333 33.42691662199826, -77.4669795769372 34.349339694185325, -76.55987715820574 34.78869940334471))"
1E,2022-11-16 00:55:00+00:00,2022-11-16 02:55:00+00:00,0.0,35000.0,"POLYGON ((-75.48162719054064 34.874613397761685, -75.65632359998345 33.566027191238696, -76.88223535823266 33.52253858704057, -77.06397185013083 34.34735883021229, -75.48162719054064 34.874613397761685))"
2E,2022-11-16 00:55:00+00:00,2022-11-16 02:55:00+00:00,0.0,41000.0,"POLYGON ((-76.18824930117962 32.92676335171022, -77.44288425641814 30.62787477486037, -78.38501580971713 31.467382158990375, -77.18711036928703 32.96475210855679, -76.18824930117962 32.92676335171022))"
3E,2022-11-16 00:55:00+00:00,2022-11-16 02:55:00+00:00,0.0,39000.0,"POLYGON ((-83.85617200763923 28.891721265929558, -83.05 28.768155221318043, -83.75700985156293 26.949144266785538, -84.40914502331523 27.262553444255794, -83.85617200763923 28.891721265929558))"
4E,2022-11-16 01:55:00+00:00,2022-11-16 03:55:00+00:00,0.0,40000.0,"POLYGON ((-83.85617200763923 28.891721265929558, -82.68663535408376 28.830980964979066, -83.24091393609818 27.143632369639118, -84.10008087615607 26.81844441120513, -83.85617200763923 28.891721265929558))"
DELTA 2,2022-11-16 02:10:00+00:00,2022-11-16 06:10:00+00:00,,,"POLYGON ((-178.45 37.3, -175.45 37.15, -177.15 34, 179.15 30.45, 176.3 30.45, -178.45 37.3))"
5E,2022-11-16 02:55:00+00:00,2022-11-16 04:55:00+00:00,0.0,40000.0,"POLYGON ((-82.68663535408376 28.830980964979066, -82.94625565677595 27.046518748822265, -83.89254467656914 27.4590305874276, -83.41336464591623 28.830980964979066, -82.68663535408376 28.830980964979066))"
6E,2022-11-16 02:55:00+00:00,2022-11-16 04:55:00+00:00,0.0,40000.0,"POLYGON ((-74.74260663020704 35.07494773982172, -75.65632359998345 33.566027191238696, -77.02217490022191 33.641227356518534, -76.18 34.92904835410885, -74.74260663020704 35.07494773982172))"
7E,2022-11-16 03:55:00+00:00,2022-11-16 05:55:00+00:00,0.0,43000.0,"POLYGON ((-82.37741804946413 29.010101918639464, -82.55 27.4, -83.89254467656914 27.4590305874276, -83.41336464591623 28.830980964979066, -82.37741804946413 29.010101918639464))"
QUEBEC 1,2022-11-16 04:54:00+00:00,2022-11-16 08:55:00+00:00,0.0,54000.0,"POLYGON ((-167.3 9.3, -162.15 8.3, -163.3 5.45, -168.3 7.15, -167.3 9.3))"
ROMEO 1,2022-11-16 04:56:00+00:00,2022-11-16 09:00:00+00:00,0.0,54000.0,"POLYGON ((-179.45 8.3, -176.45 9.45, -175 6.15, -178.45 5.15, -179.45 8.3))"
SIERRA 1,2022-11-16 04:58:00+00:00,2022-11-16 09:00:00+00:00,0.0,54000.0,"POLYGON ((155.3 8.45, 167.3 6.3, 163.15 3.3, 152.45 4.3, 155.3 8.45))"
8E,2022-11-16 05:55:00+00:00,2022-11-16 07:55:00+00:00,0.0,37000.0,"POLYGON ((-75.42523937369991 35.644259667027725, -74.31471401118571 34.71201081880977, -75.94403379326634 34.33491921597224, -75.42523937369991 35.644259667027725))"
9E,2022-11-16 06:55:00+00:00,2022-11-16 08:55:00+00:00,0.0,40000.0,"POLYGON ((-74.66500063800791 35.74109072870559, -73.16997242600482 35.20343812840979, -75.25408200029028 34.411943802892225, -74.66500063800791 35.74109072870559))"
QUEBEC 2,2022-11-16 08:33:00+00:00,2022-11-16 12:35:00+00:00,0.0,54000.0,"POLYGON ((-167.45 9.3, -160.3 9.15, -161.45 5.3, -168.3 7.15, -167.45 9.3))"
ROMEO 2,2022-11-16 08:34:00+00:00,2022-11-16 12:35:00+00:00,0.0,54000.0,"POLYGON ((175 8, 176.45 3.3, -173.45 7.15, -176.3 10.45, 175 8))"
SIERRA 2,2022-11-16 08:34:00+00:00,2022-11-16 12:35:00+00:00,0.0,54000.0,"POLYGON ((154.15 8.3, 164.45 6.45, 166 3, 152.45 3.15, 154.15 8.3))"
10E,2022-11-16 08:55:00+00:00,2022-11-16 10:55:00+00:00,0.0,35000.0,"POLYGON ((-73.60321938035213 38.15271796951693, -72.72597914373145 37.434453762607674, -74.94211314614527 36.253622284956656, -73.60321938035213 38.15271796951693))"
11E,2022-11-16 09:55:00+00:00,2022-11-16 11:55:00+00:00,0.0,37000.0,"POLYGON ((-72.64304587494642 38.379696802941126, -72.61449218536606 34.997111206835285, -76.59787624662071 31.730388451360884, -77.87 33.019048354108854, -72.64304587494642 38.379696802941126))"
ECHO 1,2022-11-16 10:30:00+00:00,2022-11-16 14:30:00+00:00,0.0,37000.0,"POLYGON ((-70.2 38.05, -70.15 35, -72.35 35.15, -72.35 37.15, -70.2 38.05))"
13E,2022-11-16 10:55:00+00:00,2022-11-16 12:55:00+00:00,0.0,39000.0,"POLYGON ((-74.4601793343904 34.835922168434095, -75.29134565535617 33.431553251189904, -77.86242363578312 32.10709887104252, -78.0589769386579 32.874382425693476, -74.4601793343904 34.835922168434095))"
14E,2022-11-16 10:55:00+00:00,2022-11-16 12:55:00+00:00,0.0,36000.0,"POLYGON ((-68.8813193150752 39.12232121281624, -68.64439000461954 38.65853257062535, -68.2562438062542 37.88450991432861, -70.03 38.618096708217735, -68.8813193150752 39.12232121281624))"
12E,2022-11-16 10:55:00+00:00,2022-11-16 12:55:00+00:00,0.0,37000.0,"POLYGON ((-71.85990688590313 38.96380153665317, -71.4849127585348 37.97036505946073, -73.17035179369353 36.44423637183433, -73.88878353051349 37.04470211969614, -71.85990688590313 38.96380153665317))"
QUEBEC 3,2022-11-16 11:52:00+00:00,2022-11-16 15:55:00+00:00,0.0,54000.0,"POLYGON ((-168 10, -161 8.45, -162 6.3, -168 8.15, -168 10))"
ROMEO 3,2022-11-16 11:53:00+00:00,2022-11-16 15:55:00+00:00,0.0,54000.0,"POLYGON ((175.3 8.45, 177 5.15, -178.45 5.45, -175.45 11.15, 175.3 8.45))"
SIERRA 3,2022-11-16 11:54:00+00:00,2022-11-16 15:55:00+00:00,0.0,54000.0,"POLYGON ((151 9.3, 164 6.15, 164.15 3, 151 3.3, 151 9.3))"
15E,2022-11-16 11:55:00+00:00,2022-11-16 13:55:00+00:00,0.0,37000.0,"POLYGON ((-70.03 39.78267939837248, -68.56609569777747 38.503830832121295, -72.60903339892053 37.35904184736853, -72.44912037204143 38.31226701060093, -70.03 39.78267939837248))"
16E,2022-11-16 11:55:00+00:00,2022-11-16 13:55:00+00:00,0.0,40000.0,"POLYGON ((-75.17879359740719 34.257627423980296, -74.8803724193057 33.63990760342029, -78.80012971878273 30.107787329002303, -79.22138683437119 31.19657097258367, -75.17879359740719 34.257627423980296))"
17E,2022-11-16 12:55:00+00:00,2022-11-16 14:55:00+00:00,0.0,37000.0,"POLYGON ((-68.64357098989562 40.212842630177114, -68.64439000461954 38.65853257062535, -72.43731817834639 37.19360502431225, -71.41606548493714 39.22566893325331, -68.64357098989562 40.212842630177114))"
18E,2022-11-16 12:55:00+00:00,2022-11-16 14:55:00+00:00,0.0,41000.0,"POLYGON ((-74.4601793343904 34.835922168434095, -73.48445029602838 33.994284181857886, -78.44146809343414 30.228466654828352, -79.46768669100513 30.73768433205955, -74.4601793343904 34.835922168434095))"
FOXTROT 1,2022-11-16 13:10:00+00:00,2022-11-16 17:10:00+00:00,0.0,38000.0,"POLYGON ((-73.45 35, -71.15 33.45, -76.45 29.3, -78.45 31.15, -73.45 35))"
ECHO 2,2022-11-16 13:15:00+00:00,2022-11-16 17:15:00+00:00,0.0,40000.0,"POLYGON ((-69 40, -65.15 38.45, -68.15 34.45, -72.3 37.3, -69 40))"
19E,2022-11-16 13:55:00+00:00,2022-11-16 15:55:00+00:00,0.0,40000.0,"POLYGON ((-67.20588139869567 40.353886757935626, -67.00761984485005 38.886886920236115, -71.29315592314053 37.90104363007683, -70.03 39.94904835410886, -67.20588139869567 40.353886757935626))"
20E,2022-11-16 13:55:00+00:00,2022-11-16 15:55:00+00:00,0.0,40000.0,"POLYGON ((-73.35575740293993 35.27164877728828, -71.87822401535959 34.71809822715865, -77.90182995378836 30.407647758682796, -79.06831981707582 32.062751988236165, -73.35575740293993 35.27164877728828))"
SIERRA 4,2022-11-16 14:13:00+00:00,2022-11-16 18:15:00+00:00,0.0,54000.0,"POLYGON ((149.45 11.3, 165.45 5, 163.3 3.15, 148 8.45, 149.45 11.3))"
21E,2022-11-16 14:55:00+00:00,2022-11-16 16:55:00+00:00,0.0,45000.0,"POLYGON ((-66.93193646781027 41.238457112729044, -67.15378242906115 39.00836505537713, -70.78573254774315 37.98920689375615, -69.25427352668612 40.68918018809671, -66.93193646781027 41.238457112729044))"
22E,2022-11-16 14:55:00+00:00,2022-11-16 16:55:00+00:00,0.0,44000.0,"POLYGON ((-74.03960245309027 34.47617000801013, -72.79932035487352 33.38846856851845, -77.90182995378836 30.407647758682796, -77.87 32.68631044263608, -74.03960245309027 34.47617000801013))"
GOLF 1,2022-11-16 15:05:00+00:00,2022-11-16 19:05:00+00:00,0.0,38000.0,"POLYGON ((-143.45 39, -141.3 39, -141.3 34.15, -144 34, -143.45 39))"
23E,2022-11-16 15:55:00+00:00,2022-11-16 17:55:00+00:00,0.0,44000.0,"POLYGON ((-66.93193646781027 41.238457112729044, -67.15378242906115 39.00836505537713, -70.03 38.28535879674494, -69.25427352668612 40.68918018809671, -66.93193646781027 41.238457112729044))"
24E,2022-11-16 15:55:00+00:00,2022-11-16 17:55:00+00:00,0.0,45000.0,"POLYGON ((-75.29134565535617 33.431553251189904, -74.42678068968151 31.360376267781692, -77.90182995378836 30.407647758682796, -77.87 32.68631044263608, -75.29134565535617 33.431553251189904))"
FOXTROT 2,2022-11-16 16:30:00+00:00,2022-11-16 20:30:00+00:00,0.0,39000.0,"POLYGON ((-74 34.15, -72 33.3, -76.3 29.45, -78.15 30.45, -74 34.15))"
ECHO 3,2022-11-16 16:35:00+00:00,2022-11-16 20:35:00+00:00,0.0,42000.0,"POLYGON ((-66.45 40.45, -62.3 39.45, -67.45 34.3, -70.3 37, -66.45 40.45))"
25E,2022-11-16 16:55:00+00:00,2022-11-16 18:55:00+00:00,0.0,38000.0,"POLYGON ((-66.93193646781027 41.238457112729044, -67.00761984485005 38.886886920236115, -68.64439000461954 38.65853257062535, -68.25917232993609 41.266430811375514, -66.93193646781027 41.238457112729044))"
GOLF 2,2022-11-16 18:30:00+00:00,2022-11-16 22:30:00+00:00,0.0,38000.0,"POLYGON ((-139.45 40.45, -139.3 34.3, -143 34.15, -143 40.15, -139.45 40.45))"
ECHO 4,2022-11-16 18:40:00+00:00,2022-11-16 22:40:00+00:00,0.0,42000.0,"POLYGON ((-66.45 40.3, -62 39.15, -67.15 33.3, -70.15 36.45, -66.45 40.3))"
HOTEL 1,2022-11-16 20:20:00+00:00,2022-11-17 00:20:00+00:00,0.0,35000.0,"POLYGON ((-170 35.15, -168.3 33, -171.45 32.15, -173.45 33.15, -170 35.15))"
HOTEL 2,2022-11-16 21:50:00+00:00,2022-11-17 01:50:00+00:00,0.0,34000.0,"POLYGON ((-169.45 34.15, -167.15 32.3, -171.3 30.15, -173 32.45, -169.45 34.15))"
GOLF 3,2022-11-16 22:20:00+00:00,2022-11-17 02:20:00+00:00,0.0,38000.0,"POLYGON ((-138.3 43.3, -138.3 37, -142 35.15, -141.45 43.3, -138.3 43.3))"
ECHO 5,2022-11-16 22:35:00+00:00,2022-11-17 02:35:00+00:00,0.0,43000.0,"POLYGON ((-65 39, -60.15 38.3, -60.15 35.3, -63.45 34.45, -69.15 35.45, -65 39))"
26E,2022-11-16 23:55:00+00:00,2022-11-17 01:55:00+00:00,0.0,39000.0,"POLYGON ((-79.32462136062779 28.6973868113496, -79.8854672053243 27.899987103820507, -80.49 27.969141878841786, -80.0419443341937 28.908478207695236, -79.32462136062779 28.6973868113496))"
1E,2022-11-17 00:55:00+00:00,2022-11-17 02:55:00+00:00,0.0,44000.0,"POLYGON ((-78.05829211406056 29.265312143249012, -79.27005623616982 28.120319361713236, -80.12795919197538 28.44805318334086, -79.01170039983428 29.283601544713342, -78.05829211406056 29.265312143249012))"
GOLF 4,2022-11-17 02:15:00+00:00,2022-11-17 06:15:00+00:00,0.0,37000.0,"POLYGON ((-140.45 42, -138.45 37, -141 35.45, -143 40, -140.45 42))"
ECHO 6,2022-11-17 02:25:00+00:00,2022-11-17 06:25:00+00:00,0.0,43000.0,"POLYGON ((-61.3 38.45, -58.45 36.15, -60.15 35.3, -68.45 34.3, -68.45 35, -61.3 38.45))"
2E,2022-11-17 04:55:00+00:00,2022-11-17 06:55:00+00:00,0.0,43000.0,"POLYGON ((-79.14696250387193 28.849917908083896, -78.04017616835857 28.549753072258635, -78.88114592700765 27.120543956737375, -79.62468306975173 27.35898047564628, -79.14696250387193 28.849917908083896))"
3E,2022-11-17 05:55:00+00:00,2022-11-17 07:55:00+00:00,0.0,44000.0,"POLYGON ((-78.59707264143053 28.444196731358623, -78.43555630354216 28.326245586408156, -79.56014352491253 26.786292670240297, -79.7216598628009 26.904243815190764, -78.59707264143053 28.444196731358623))"
4E,2022-11-17 06:55:00+00:00,2022-11-17 08:55:00+00:00,0.0,45000.0,"POLYGON ((-77.51004145035955 28.73039262105773, -77.66284712507748 27.550658532027946, -79.7176144659696 26.679514493799267, -78.21648200970473 28.48908274740241, -77.51004145035955 28.73039262105773))"
INDIA 1,2022-11-17 07:00:00+00:00,2022-11-17 11:00:00+00:00,0.0,42000.0,"POLYGON ((-68.4 35.4, -68.1 33.4, -74.25 30.45, -75.3 31.45, -68.4 35.4))"
TANGO 1,2022-11-17 07:45:00+00:00,2022-11-17 11:45:00+00:00,0.0,57000.0,"POLYGON ((133.3 4.15, 135.15 8, 140.15 5, 138.45 3.15, 133.3 4.15))"
5E,2022-11-17 07:55:00+00:00,2022-11-17 09:55:00+00:00,0.0,41000.0,"POLYGON ((-77.33292425561181 28.79014587564077, -77.1091949927443 27.63896474448772, -80.01814803446045 26.035046574174213, -78.74418212207864 28.30571205617317, -77.33292425561181 28.79014587564077))"
ALFA 1,2022-11-17 08:10:00+00:00,2022-11-17 12:10:00+00:00,0.0,31000.0,"POLYGON ((-141.3 44.3, -138.35 43.55, -138.45 40.3, -139.55 40.25, -141.3 44.3))"
6E,2022-11-17 08:55:00+00:00,2022-11-17 10:55:00+00:00,0.0,43000.0,"POLYGON ((-78.21648200970473 28.48908274740241, -77.48803233666251 27.611235972021877, -79.57480338772348 26.488071277098406, -78.74418212207864 28.30571205617317, -78.21648200970473 28.48908274740241))"
BRAVO 1,2022-11-17 09:20:00+00:00,2022-11-17 13:20:00+00:00,0.0,55000.0,"POLYGON ((-136.55 10.35, -127.05 9.45, -130.45 7.2, -139.1 6.2, -136.55 10.35))"
8E,2022-11-17 09:55:00+00:00,2022-11-17 11:55:00+00:00,0.0,43000.0,"POLYGON ((-80.48460022741382 42.019835657126166, -80.43831867178075 41.752772033639545, -81.92393048930565 41.55354249711418, -81.62728776560701 41.82048442348325, -80.48460022741382 42.019835657126166))"
7E,2022-11-17 09:55:00+00:00,2022-11-17 11:55:00+00:00,0.0,17000.0,"POLYGON ((-78.88949804712256 27.117547263438386, -78.5879179705453 27.225337714382924, -79.83556001541055 25.633350251902087, -79.60460878549193 26.67917511534555, -78.88949804712256 27.117547263438386))"
TANGO 2,2022-11-17 10:45:00+00:00,2022-11-17 14:45:00+00:00,0.0,57000.0,"POLYGON ((132.3 7, 136 7, 141 3.3, 132.3 3.3, 132.3 7))"
10E,2022-11-17 10:55:00+00:00,2022-11-17 12:55:00+00:00,0.0,16000.0,"POLYGON ((-79.39684133330823 42.394122022123135, -78.57777140889057 42.354699990732904, -78.84494376232313 41.985216662428414, -79.92979994705793 42.130087327119824, -79.39684133330823 42.394122022123135))"
9E,2022-11-17 10:55:00+00:00,2022-11-17 12:55:00+00:00,0.0,37000.0,"POLYGON ((-79.05441703746935 27.05824119087265, -78.60052127797117 26.672232476280982, -79.59857482846496 25.54374708596181, -79.76700584083355 25.990099428596057, -79.05441703746935 27.05824119087265))"
JULIETT 1,2022-11-17 11:55:00+00:00,2022-11-17 15:55:00+00:00,0.0,38000.0,"POLYGON ((-67.5 36.4, -64.5 35.5, -71.1 31, -72.55 32.35, -67.5 36.4))"
BRAVO 2,2022-11-17 13:05:00+00:00,2022-11-17 17:05:00+00:00,0.0,55000.0,"POLYGON ((-137.3 11, -130.15 11, -131 6.15, -138.15 6.45, -137.3 11))"
UNIFORM 1,2022-11-17 13:55:00+00:00,2022-11-17 17:55:00+00:00,0.0,55000.0,"POLYGON ((166 9.3, 172 10.15, 172.45 7.15, 168 7, 166 9.3))"
CHARLIE 1,2022-11-17 14:20:00+00:00,2022-11-17 18:20:00+00:00,0.0,36000.0,"POLYGON ((-53 43.15, -50 41.3, -55.15 38.3, -58.15 39, -53 43.15))"
JULIETT 2,2022-11-17 14:20:00+00:00,2022-11-17 18:20:00+00:00,0.0,45000.0,"POLYGON ((-59 38.15, -67.15 32, -71.3 32.45, -65 37.45, -59 38.15))"
BRAVO 3,2022-11-17 16:50:00+00:00,2022-11-17 20:50:00+00:00,0.0,46000.0,"POLYGON ((-136.3 11, -132.45 10.45, -133.45 6.15, -137.15 6.45, -136.3 11))"
JULIETT 3,2022-11-17 16:55:00+00:00,2022-11-17 20:55:00+00:00,0.0,45000.0,"POLYGON ((-61.3 40.15, -56.3 37.15, -65.45 34, -67.3 35.45, -61.3 40.15))"
CHARLIE 2,2022-11-17 17:00:00+00:00,2022-11-17 21:00:00+00:00,0.0,35000.0,"POLYGON ((-51.15 42.3, -48.3 40.3, -53 39, -55 40, -51.15 42.3))"
UNIFORM 2,2022-11-17 17:41:00+00:00,2022-11-17 21:35:00+00:00,0.0,55000.0,"POLYGON ((167 10.15, 173.3 10, 173.3 8, 167.15 7, 167 10.15))"
JULIETT 4,2022-11-17 19:50:00+00:00,2022-11-17 23:50:00+00:00,0.0,46000.0,"POLYGON ((-56.45 43.3, -53.15 38, -62.15 35, -64.15 38.15, -56.45 43.3))"
UNIFORM 3,2022-11-17 21:33:00+00:00,2022-11-18 01:30:00+00:00,0.0,51000.0,"POLYGON ((169.15 10.3, 174 9.45, 173.45 8, 169.45 7.45, 169.15 10.3))"
JULIETT 5,2022-11-17 23:10:00+00:00,2022-11-18 03:10:00+00:00,0.0,44000.0,"POLYGON ((-53.3 44.3, -47.45 40, -61.15 32.45, -63.15 36.3, -53.3 44.3))"
11E,2022-11-17 23:55:00+00:00,2022-11-18 01:55:00+00:00,0.0,18000.0,"POLYGON ((-79.34544335469818 42.59047853527242, -79.26997546954021 42.45703483955865, -79.51024341501987 42.189338699515176, -79.92979994705793 42.130087327119824, -80.14042991179741 42.28703542037357, -79.34544335469818 42.59047853527242))"
1E,2022-11-18 00:55:00+00:00,2022-11-18 02:55:00+00:00,0.0,18000.0,"POLYGON ((-78.65 42.93, -78.49952921046187 42.662768940527485, -79.26997546954021 42.45703483955865, -79.01418582379955 42.8187723506438, -78.65 42.93))"
VICTOR 1,2022-11-18 01:30:00+00:00,2022-11-18 05:25:00+00:00,0.0,52000.0,"POLYGON ((-148.3 8.45, -143.45 7.45, -145.15 5.3, -151.3 6.3, -148.3 8.45))"
2E,2022-11-18 01:55:00+00:00,2022-11-18 03:55:00+00:00,0.0,20000.0,"POLYGON ((-78.65 42.93, -78.49952921046187 42.662768940527485, -78.97002453045978 42.45703483955865, -79.53593722603625 42.49593220675092, -78.65 42.93))"
WHISKEY 1,2022-11-18 01:57:00+00:00,2022-11-18 05:50:00+00:00,0.0,45000.0,"POLYGON ((-151.3 26.3, -149 24.45, -154.3 20.45, -156.3 22.15, -151.3 26.3))"
JULIETT 6,2022-11-18 02:40:00+00:00,2022-11-18 06:40:00+00:00,0.0,44000.0,"POLYGON ((-46.15 45, -46.45 40.15, -59.3 32.45, -59.15 37, -50.45 45, -46.15 45))"
3E,2022-11-18 02:55:00+00:00,2022-11-18 04:55:00+00:00,0.0,18000.0,"POLYGON ((-78.93016805200175 43.134113280480015, -78.28450334764955 43.04006908087078, -78.05765675836237 42.928473009159376, -78.78938762417602 42.8276882687985, -78.93016805200175 43.134113280480015))"
VICTOR 2,2022-11-18 03:21:00+00:00,2022-11-18 07:20:00+00:00,0.0,51000.0,"POLYGON ((-148 8.45, -144 7.45, -144.3 6, -150 6.15, -148 8.45))"
WHISKEY 2,2022-11-18 03:25:00+00:00,2022-11-18 07:20:00+00:00,0.0,43000.0,"POLYGON ((-152.15 26, -149.45 24.3, -154 20.3, -157 22.45, -152.15 26))"
4E,2022-11-18 03:55:00+00:00,2022-11-18 05:55:00+00:00,0.0,16000.0,"POLYGON ((-78.22904665389244 43.235912473246714, -77.91769996711591 43.14897095013616, -77.86021916304604 42.92728538586901, -78.78938762417602 42.8276882687985, -78.65 43.219141878841796, -78.22904665389244 43.235912473246714))"
WHISKEY 3,2022-11-18 04:35:00+00:00,2022-11-18 08:35:00+00:00,0.0,45000.0,"POLYGON ((-158 22.15, -153 27.15, -149 24.45, -154.3 20.45, -158 22.15))"
5E,2022-11-18 04:55:00+00:00,2022-11-18 06:55:00+00:00,0.0,16000.0,"POLYGON ((-77.91769996711591 43.14897095013616, -78.05765675836237 42.928473009159376, -79.12 42.47914187884178, -79.19578598123849 42.76272676686376, -78.36983194799826 43.134113280480015, -77.91769996711591 43.14897095013616))"
WHISKEY 4,2022-11-18 05:39:00+00:00,2022-11-18 09:39:00+00:00,0.0,45000.0,"POLYGON ((-158.15 21.45, -152.3 27.3, -148 26, -155.3 20.15, -158.15 21.45))"
6E,2022-11-18 05:55:00+00:00,2022-11-18 07:55:00+00:00,0.0,22000.0,"POLYGON ((-78.28450334764955 43.04006908087078, -78.37168578509146 42.72520803462129, -79.39684133330823 42.394122022123135, -79.19578598123849 42.76272676686376, -78.72572556041403 43.06354120970256, -78.28450334764955 43.04006908087078))"
JULIETT 7,2022-11-18 06:20:00+00:00,2022-11-18 10:20:00+00:00,0.0,47000.0,"POLYGON ((-48.15 45, -40.4 45, -55.3 34.35, -57.4 36.35, -48.15 45))"
VICTOR 3,2022-11-18 06:45:00+00:00,2022-11-18 10:45:00+00:00,0.0,52000.0,"POLYGON ((-155.15 9, -150.3 7.45, -145.3 8.45, -145.3 6.15, -155.45 6.45, -155.15 9))"
7E,2022-11-18 06:55:00+00:00,2022-11-18 08:55:00+00:00,0.0,22000.0,"POLYGON ((-78.10126472951701 43.09466645665294, -78.37168578509146 42.72520803462129, -79.26997546954021 42.45703483955865, -79.19578598123849 42.76272676686376, -78.10126472951701 43.09466645665294))"
8E,2022-11-18 07:55:00+00:00,2022-11-18 09:55:00+00:00,0.0,20000.0,"POLYGON ((-78.65 42.93, -77.86021916304604 42.92728538586901, -79.12 42.47914187884178, -79.34544335469818 42.59047853527242, -78.65 42.93))"
XRAY 1,2022-11-18 08:13:00+00:00,2022-11-18 12:13:00+00:00,0.0,57000.0,"POLYGON ((130 12.3, 132 12.15, 135.45 7.3, 130.15 8, 130 12.3))"
WHISKEY 5,2022-11-18 08:50:00+00:00,2022-11-18 12:50:00+00:00,0.0,43000.0,"POLYGON ((-156 23.45, -151.15 27.45, -147 26.3, -153.3 21.15, -156 23.45))"
KILO 1,2022-11-18 08:55:00+00:00,2022-11-18 12:55:00+00:00,0.0,43000.0,"POLYGON ((-46.25 23.45, -44.3 20.25, -47.4 19.3, -50.3 21.5, -46.25 23.45))"
9E,2022-11-18 08:55:00+00:00,2022-11-18 10:55:00+00:00,0.0,22000.0,"POLYGON ((-75.57692243757415 44.29341081143693, -75.18229105937851 44.10766218489574, -75.77744839950984 43.46590624216903, -76.2 43.59371281826268, -75.57692243757415 44.29341081143693))"
JULIETT 8,2022-11-18 09:55:00+00:00,2022-11-18 13:55:00+00:00,0.0,46000.0,"POLYGON ((-46.35 44.2, -42.5 43.4, -52.05 36.5, -54.05 37.4, -46.35 44.2))"
VICTOR 4,2022-11-18 10:15:00+00:00,2022-11-18 14:15:00+00:00,0.0,52000.0,"POLYGON ((-155.15 9.15, -151.3 8.15, -151.15 6.45, -155.3 6.3, -155.15 9.15))"
10E,2022-11-18 10:55:00+00:00,2022-11-18 12:55:00+00:00,0.0,21000.0,"POLYGON ((-75.9 44.51815522131805, -75.16357668523212 44.140609575795345, -76.2 43.82547582294556, -76.64198570124994 43.927680479879456, -75.9 44.51815522131805))"
XRAY 2,2022-11-18 11:25:00+00:00,2022-11-18 15:25:00+00:00,0.0,56000.0,"POLYGON ((130 12.3, 132.15 12.15, 133.15 9.15, 130 9, 130 12.3))"
WHISKEY 6,2022-11-18 12:10:00+00:00,2022-11-18 16:10:00+00:00,0.0,42000.0,"POLYGON ((-157.3 22.45, -151 28.3, -146.45 26.45, -154.3 20.3, -157.3 22.45))"
JULIETT 9,2022-11-18 13:30:00+00:00,2022-11-18 17:30:00+00:00,0.0,41000.0,"POLYGON ((-46 41.45, -43.15 40.45, -50 36, -53.3 36.45, -46 41.45))"
WHISKEY 7,2022-11-18 14:38:00+00:00,2022-11-18 18:38:00+00:00,0.0,40000.0,"POLYGON ((-156.3 21, -157.45 23, -150 29.15, -146.3 26.45, -154.3 20.3, -156.3 21))"
JULIETT 10,2022-11-18 17:30:00+00:00,2022-11-18 21:30:00+00:00,0.0,34000.0,"POLYGON ((-45.15 41.15, -42.45 41, -48.15 36.3, -51.3 37, -45.15 41.15))"
WHISKEY 8,2022-11-18 18:30:00+00:00,2022-11-18 22:25:00+00:00,0.0,40000.0,"POLYGON ((-157.45 23, -152 27.45, -150 26.3, -156.3 21, -157.45 23))"
1C,2022-11-18 19:55:00+00:00,2022-11-18 21:55:00+00:00,0.0,28000.0,"POLYGON ((-95.27401847859961 28.464971197387587, -95.22083551538749 28.272171891310055, -96.92265567488357 27.802731203075748, -96.9758386380957 27.99553050915328, -95.27401847859961 28.464971197387587))"
LIMA 1,2022-11-18 20:40:00+00:00,2022-11-19 00:40:00+00:00,0.0,40000.0,"POLYGON ((-44.3 22.45, -46 19.45, -50.45 18.45, -51.3 20.45, -44.3 22.45))"
2C,2022-11-18 20:55:00+00:00,2022-11-18 22:55:00+00:00,0.0,25000.0,"POLYGON ((-96.97575559125502 28.408129155372855, -95.0964806644469 28.41198085835328, -95.09607075157727 28.21198127842512, -96.9753456783854 28.208129575444694, -96.97575559125502 28.408129155372855))"
MIKE 1,2022-11-19 02:45:00+00:00,2022-11-19 06:45:00+00:00,0.0,43000.0,"POLYGON ((-50.45 23.3, -45.45 21, -46 18, -50 18, -52.45 19.15, -50.45 23.3))"
DELTA 1,2022-11-19 05:20:00+00:00,2022-11-19 09:20:00+00:00,0.0,51000.0,"POLYGON ((-128 10.3, -121.15 10.3, -120.45 9.15, -123 7.45, -127.45 8, -128 10.3))"
MIKE 2,2022-11-19 05:45:00+00:00,2022-11-19 09:45:00+00:00,0.0,40000.0,"POLYGON ((-47.15 23.15, -44.3 19.45, -48 18.15, -53.15 18.15, -52 22.45, -47.15 23.15))"
1C,2022-11-19 07:55:00+00:00,2022-11-19 09:55:00+00:00,0.0,28000.0,"POLYGON ((-99.83270351189772 27.866081842828, -99.46906714826135 27.866081842828, -99.46906714826135 27.502445479191632, -99.83270351189772 27.502445479191632, -99.83270351189772 27.866081842828))"
DELTA 2,2022-11-19 08:35:00+00:00,2022-11-19 12:35:00+00:00,0.0,51000.0,"POLYGON ((-128.3 11, -120.15 10.45, -120 8.3, -124 7.3, -128.15 8, -128.3 11))"
2C,2022-11-19 08:55:00+00:00,2022-11-19 10:55:00+00:00,,,"POLYGON ((-97.32852951429534 28.115743770368006, -99.0626772967595 27.508062539494855, -99.36365383360852 27.483463976477243, -97.28321001552926 27.92094607266192, -99.04816330437939 27.510331371676585, -99.37994534761437 27.68279933854679, -99.07896881076535 27.707397901564402, -99.09348280314546 27.70512906938267, -97.32852951429534 28.115743770368006))"
MIKE 3,2022-11-19 09:10:00+00:00,2022-11-19 13:10:00+00:00,0.0,41000.0,"POLYGON ((-44.45 24.3, -45.3 19.3, -49 18.15, -55 18.15, -53.15 23.15, -44.45 24.3))"
3C,2022-11-19 09:55:00+00:00,2022-11-19 11:55:00+00:00,0.0,33000.0,"POLYGON ((-100.00241217696558 28.089873337893525, -97.89766961609472 28.165166427354766, -97.89051957691062 27.965294275868704, -99.99526213778148 27.890001186407464, -100.00241217696558 28.089873337893525))"
4C,2022-11-19 09:55:00+00:00,2022-11-19 11:55:00+00:00,,,"POLYGON ((-95.94911833464582 28.73102708797357, -96.25295957178865 28.756501686975184, -96.31189462014451 28.74311628856859, -97.51476212974627 28.037832840424656, -96.26966930634477 28.557200947460593, -95.96582806920193 28.531726348458978, -97.41360176759066 27.865302897723254, -96.2107342579889 28.570586345867188, -95.94911833464582 28.73102708797357))"
ALFA 1,2022-11-19 10:05:00+00:00,2022-11-19 14:05:00+00:00,0.0,43000.0,"POLYGON ((-93.45 28, -91 27.45, -93.3 24.45, -95.3 25.45, -93.45 28))"
5C,2022-11-19 10:55:00+00:00,2022-11-19 12:55:00+00:00,,,"POLYGON ((-95.88457225487068 28.85718977262489, -97.38182311195264 27.903611871112176, -99.55508408203809 27.689825212018373, -96.30520765500879 28.57235212445293, -97.33813508908656 27.918632315553662, -95.84400244907442 28.661347767790243, -96.33840065803517 28.558930314800566, -99.57466384815496 27.888864486431263, -97.4014028780695 28.102651145525066, -97.44509090093558 28.08763070108358, -96.4121634668578 28.741350509982848, -96.37897046383142 28.75477231963521, -95.88457225487068 28.85718977262489))"
DELTA 3,2022-11-19 11:40:00+00:00,2022-11-19 15:40:00+00:00,0.0,52000.0,"POLYGON ((-122 11.15, -120.15 11, -120 8.15, -122.15 8.3, -126 7.45, -127.15 10.3, -122 11.15))"
6C,2022-11-19 11:55:00+00:00,2022-11-19 13:55:00+00:00,,,"POLYGON ((-96.17973856688607 28.78453723408361, -97.35539687370725 27.95541205190253, -99.55288607826304 27.6900659966465, -96.08751803701173 28.607067873714858, -97.32127449560356 27.965956224296473, -99.57686185193 27.888623701803137, -97.37937264737421 28.15396975705917, -97.4134950254779 28.143425584665227, -96.17973856688607 28.78453723408361))"
7C,2022-11-19 11:55:00+00:00,2022-11-19 13:55:00+00:00,0.0,32000.0,"POLYGON ((-95.02633289324083 29.07232463075377, -94.66269652960446 29.07232463075377, -94.66269652960446 28.708688267117402, -95.02633289324083 28.708688267117402, -95.02633289324083 29.07232463075377))"
8C,2022-11-19 12:55:00+00:00,2022-11-19 14:55:00+00:00,,,"POLYGON ((-100.36970038826348 29.419517839533235, -99.1950513073214 27.849245082969425, -99.2959009752163 27.887163057422466, -97.46077494031283 28.27691292653275, -99.35520076248552 27.72944461548021, -100.5298498434276 29.29971737204402, -97.41922505968716 28.081276510137453, -99.25435109459063 27.69152664102717, -100.36970038826348 29.419517839533235))"
9C,2022-11-19 12:55:00+00:00,2022-11-19 14:55:00+00:00,0.0,36000.0,"POLYGON ((-94.84104837561198 28.883088123032397, -96.31 28.094524177054435, -97.22295008799442 28.360944475598025, -96.38273277943362 28.913685398404944, -94.84104837561198 28.883088123032397))"
10C,2022-11-19 13:55:00+00:00,2022-11-19 15:55:00+00:00,0.0,30000.0,"POLYGON ((-97.07382416902473 29.03447644696247, -96.63982777187694 28.759599577919815, -96.97555063482021 28.308129365408774, -97.44 28.62285469710447, -97.07382416902473 29.03447644696247))"
ALFA 2,2022-11-19 14:00:00+00:00,2022-11-19 18:00:00+00:00,0.0,44000.0,"POLYGON ((-92.3 27.3, -90.3 26.3, -91.15 24.3, -93.15 24.3, -95.3 26, -92.3 27.3))"
DELTA 4,2022-11-19 15:35:00+00:00,2022-11-19 19:35:00+00:00,0.0,48000.0,"POLYGON ((-124 11.3, -120.15 11.15, -120 7.45, -123.3 7.45, -124 11.3))"
ALFA 3,2022-11-19 17:55:00+00:00,2022-11-19 21:55:00+00:00,0.0,43000.0,"POLYGON ((-90.15 28.15, -88.15 27.3, -90.45 24.3, -93.15 24.3, -94 26.45, -90.15 28.15))"
11C,2022-11-19 17:55:00+00:00,2022-11-19 19:55:00+00:00,0.0,33000.0,"POLYGON ((-96.80920992915023 26.430015754052395, -96.73704275825123 25.918581713025784, -97.23142534329033 25.975249155120245, -96.80920992915023 26.430015754052395))"
DELTA 5,2022-11-19 18:15:00+00:00,2022-11-19 22:15:00+00:00,0.0,48000.0,"POLYGON ((-120 11.15, -120 7.3, -140 8, -139.45 10.15, -120 11.15))"
12C,2022-11-19 18:55:00+00:00,2022-11-19 20:55:00+00:00,0.0,36000.0,"POLYGON ((-95.6252841777307 27.289050188125575, -96.09411645212177 25.914327098935846, -97.23142534329033 25.975249155120245, -96.63558377104299 27.182078294097543, -95.6252841777307 27.289050188125575))"
ECHO 1,2022-11-19 19:05:00+00:00,2022-11-19 23:05:00+00:00,0.0,44000.0,"POLYGON ((-45.45 27, -46 18.15, -54.45 18, -53.15 22.3, -45.45 27))"
13C,2022-11-19 19:55:00+00:00,2022-11-19 21:55:00+00:00,0.0,37000.0,"POLYGON ((-95.040822867339 27.629581148473864, -96.09411645212177 25.914327098935846, -97.23142534329033 25.975249155120245, -96.63558377104299 27.182078294097543, -95.74839876496817 27.556745661338606, -95.040822867339 27.629581148473864))"
14C,2022-11-19 20:55:00+00:00,2022-11-19 22:55:00+00:00,0.0,38000.0,"POLYGON ((-95.040822867339 27.629581148473864, -96.09411645212177 25.914327098935846, -96.73704275825123 25.918581713025784, -96.52151852735827 27.079143580199624, -95.74839876496817 27.556745661338606, -95.040822867339 27.629581148473864))"
ECHO 2,2022-11-19 21:20:00+00:00,2022-11-20 01:20:00+00:00,0.0,44000.0,"POLYGON ((-50.45 22.45, -50.45 22.45, -48.3 22.3, -47 18, -51.3 18, -50.45 22.45))"
FOXTROT 1,2022-11-19 21:20:00+00:00,2022-11-20 01:20:00+00:00,,,"POLYGON ((-178.3 34, 179.15 30, 175 30, 177.15 33.15, -178.3 34))"
GOLF 1,2022-11-19 22:40:00+00:00,2022-11-20 02:40:00+00:00,0.0,46000.0,"POLYGON ((-94.45 27.45, -92.45 27.3, -93.15 26.15, -95 25.3, -96 26, -94.45 27.45))"
15C,2022-11-19 22:55:00+00:00,2022-11-20 00:55:00+00:00,0.0,32000.0,"POLYGON ((-97.17319299687898 28.13502423335529, -96.49876810933789 27.8968028609315, -97.01137644586525 26.97710893728381, -97.79768115779606 27.1310146120481, -97.17319299687898 28.13502423335529))"
ECHO 3,2022-11-20 01:00:00+00:00,2022-11-20 05:00:00+00:00,0.0,44000.0,"POLYGON ((-51 21.3, -48.15 20.15, -47.15 18, -51 18, -52 20.3, -51 21.3))"
GOLF 2,2022-11-20 02:00:00+00:00,2022-11-20 06:00:00+00:00,0.0,45000.0,"POLYGON ((-93.45 27.45, -91.45 27, -92.45 25, -94.45 25.3, -93.45 27.45))"
ECHO 4,2022-11-20 04:30:00+00:00,2022-11-20 08:30:00+00:00,0.0,43000.0,"POLYGON ((-51.3 22, -49 21, -47.15 18, -50 18, -52.3 20.45, -51.3 22))"
GOLF 3,2022-11-20 05:25:00+00:00,2022-11-20 09:25:00+00:00,0.0,43000.0,"POLYGON ((-93 27.3, -89.45 26.15, -91 24.3, -93.15 24.45, -94.15 25.15, -93 27.3))"
ECHO 5,2022-11-20 07:00:00+00:00,2022-11-20 11:00:00+00:00,0.0,40000.0,"POLYGON ((-48.3 21, -44.45 19, -45 18.15, -50.3 18.15, -51.15 20.3, -48.3 21))"
HOTEL 1,2022-11-20 07:05:00+00:00,2022-11-20 11:05:00+00:00,0.0,30000.0,"POLYGON ((-62.15 41.45, -62 40.3, -66.45 39.45, -67 41, -62.15 41.45))"
GOLF 4,2022-11-20 08:00:00+00:00,2022-11-20 12:00:00+00:00,0.0,45000.0,"POLYGON ((-92.15 26.3, -86 25.3, -85.15 24, -86 24, -88 24.3, -93 24.45, -92.15 26.3))"
GOLF 5,2022-11-20 10:30:00+00:00,2022-11-20 14:30:00+00:00,0.0,4800.0,"POLYGON ((-87.3 27.15, -84.15 26.15, -84.15 24, -86.15 24, -87.45 24.3, -90 24.3, -87.3 27.15))"
1E,2022-11-20 12:55:00+00:00,2022-11-20 14:55:00+00:00,0.0,40000.0,"POLYGON ((-83.69361648555666 24.676977295196473, -81.9072867269252 24.421814269697734, -81.93556807195405 24.223823952956337, -83.72189783058552 24.478986978455076, -83.69361648555666 24.676977295196473))"
2E,2022-11-20 13:55:00+00:00,2022-11-20 15:55:00+00:00,0.0,44000.0,"POLYGON ((-81.8 24.59, -81.8 24.090893132790825, -83.14679317876859 24.07469221014595, -83.08069713220173 24.58458406935596, -81.8 24.59))"
GOLF 6,2022-11-20 14:10:00+00:00,2022-11-20 18:10:00+00:00,0.0,5000.0,"POLYGON ((-87.45 26.45, -84.3 26.15, -83.45 24, -86.15 24, -87.45 24.3, -89.3 24.45, -87.45 26.45))"
YANKEE 1,2022-11-20 14:49:00+00:00,2022-11-20 18:45:00+00:00,0.0,42000.0,"POLYGON ((169.15 26.3, 170.3 30, 176.45 30, 172.45 26, 169.15 26.3))"
3E,2022-11-20 15:55:00+00:00,2022-11-20 17:55:00+00:00,0.0,43000.0,"POLYGON ((-82.13841375684022 24.716954899720363, -81.59071683080413 24.12874107566225, -82.44386152768286 24.000431939860878, -82.89774879654998 24.586020889740663, -82.13841375684022 24.716954899720363))"
4E,2022-11-20 16:55:00+00:00,2022-11-20 18:55:00+00:00,0.0,43000.0,"POLYGON ((-82.53184114465463 24.588231466088477, -81.8 24.59, -81.59071683080413 24.12874107566225, -82.44386152768286 24.000431939860878, -82.53184114465463 24.588231466088477))"
5E,2022-11-20 17:55:00+00:00,2022-11-20 19:55:00+00:00,0.0,43000.0,"POLYGON ((-81.8 24.59, -81.28443378291769 24.11856181931795, -82.31556621708232 24.11856181931795, -82.71479658550999 24.587236694214244, -81.8 24.59))"
GOLF 7,2022-11-20 18:10:00+00:00,2022-11-20 22:10:00+00:00,0.0,45000.0,"POLYGON ((-86.15 25.45, -83.15 25.3, -82.45 24, -85.45 24, -87.3 24.15, -86.15 25.45))"
YANKEE 2,2022-11-20 18:33:00+00:00,2022-11-20 22:30:00+00:00,0.0,45000.0,"POLYGON ((176.45 31, 171.15 26.45, 176.45 25.45, -179.15 31, 176.45 31))"
6E,2022-11-20 18:55:00+00:00,2022-11-20 20:55:00+00:00,0.0,44000.0,"POLYGON ((-81.8 24.59, -81.15613847231714 24.00043193986088, -82.31556621708232 24.11856181931795, -82.3488831197342 24.589005191708285, -81.8 24.59))"
7E,2022-11-20 19:55:00+00:00,2022-11-20 21:55:00+00:00,0.0,45000.0,"POLYGON ((-81.50648438301508 24.479065869222808, -81.24015940975418 24.07783217284944, -82.04234390433587 24.055542043719065, -82.24007899110359 24.423386294777707, -81.50648438301508 24.479065869222808))"
8E,2022-11-20 20:55:00+00:00,2022-11-20 22:55:00+00:00,0.0,44000.0,"POLYGON ((-80.28 24.801786265581647, -80.4532068212314 24.07469221014595, -82.07870782025289 23.9749247783217, -82.13772611851898 24.46229031708794, -80.28 24.801786265581647))"
9E,2022-11-20 21:55:00+00:00,2022-11-20 23:55:00+00:00,0.0,38000.0,"POLYGON ((-80.63132054734965 25.031054795294956, -80.4532068212314 24.07469221014595, -82.07870782025289 23.9749247783217, -81.94037902966744 24.89734458233867, -80.63132054734965 25.031054795294956))"
GOLF 8,2022-11-20 22:05:00+00:00,2022-11-21 02:05:00+00:00,0.0,46000.0,"POLYGON ((-83.3 25.3, -83 24, -85.45 24, -83.3 25.3))"
YANKEE 3,2022-11-20 22:05:00+00:00,2022-11-21 02:05:00+00:00,0.0,45000.0,"POLYGON ((179.45 32, 175.3 27.45, 179.15 25.15, -175.15 32, 179.45 32))"
10E,2022-11-20 22:55:00+00:00,2022-11-21 00:55:00+00:00,0.0,44000.0,"POLYGON ((-80.28 25.07714530289553, -80.62904358868819 24.14288289400962, -81.21348709891636 24.367565699915158, -81.21141014158597 24.810154482990676, -80.28 25.07714530289553))"
INDIA 1,2022-11-20 23:45:00+00:00,2022-11-21 03:45:00+00:00,0.0,45000.0,"POLYGON ((-55.15 37.45, -50.45 37.15, -53 33.45, -58.15 36, -55.15 37.45))"
YANKEE 4,2022-11-21 01:23:00+00:00,2022-11-21 05:20:00+00:00,,,"POLYGON ((178.15 27.15, -178.15 27, 180 22.15, 176.3 22.15, 178.15 27.15))"
YANKEE 5,2022-11-21 03:26:00+00:00,2022-11-21 07:25:00+00:00,,,"POLYGON ((178.3 27, -178.3 25.3, 178.45 22.45, 176 22.45, 178.3 27))"
1C,2022-11-21 07:55:00+00:00,2022-11-21 09:55:00+00:00,0.0,35000.0,"POLYGON ((-99.85349460982958 29.024918812780733, -98.46 28.77257436347464, -99.42 27.19085812115821, -100.51740492862491 28.825497621767806, -99.85349460982958 29.024918812780733))"
2C,2022-11-21 08:55:00+00:00,2022-11-21 10:55:00+00:00,0.0,27000.0,"POLYGON ((-97.89334460687716 29.24975250295831, -97.68992172679538 28.22572831405855, -97.88608860717633 28.18675967228591, -98.08951148725812 29.210783861185668, -97.89334460687716 29.24975250295831))"
HOTEL 1,2022-11-21 09:45:00+00:00,2022-11-21 13:45:00+00:00,29000.0,37000.0,"POLYGON ((165 41.45, 169.45 39.15, 169.3 35.45, 165 37, 165 41.45))"
1E,2022-11-21 11:55:00+00:00,2022-11-21 13:55:00+00:00,0.0,45000.0,"POLYGON ((-79.64554821730074 25.27519354275272, -79.55888168754213 25.094946732463054, -80.80274238440299 24.496871848769906, -80.8894089141616 24.677118659059573, -79.64554821730074 25.27519354275272))"
HOTEL 2,2022-11-21 12:30:00+00:00,2022-11-21 16:30:00+00:00,27000.0,39000.0,"POLYGON ((165 43, 171.3 40.3, 170.15 37.3, 165 39, 165 43))"
2E,2022-11-21 12:55:00+00:00,2022-11-21 14:55:00+00:00,0.0,42000.0,"POLYGON ((-79.88916343653449 25.446556484941148, -79.11432033787685 24.736606726236346, -80.28562647000876 24.009448607330512, -81.12248353355385 24.84314904610989, -79.88916343653449 25.446556484941148))"
3E,2022-11-21 13:55:00+00:00,2022-11-21 15:55:00+00:00,0.0,45000.0,"POLYGON ((-79.99858674872327 25.1849103249004, -79.58173747224515 24.261294029606137, -81.15613847231714 24.00043193986088, -81.41077795151206 24.94242079322325, -79.99858674872327 25.1849103249004))"
4E,2022-11-21 14:55:00+00:00,2022-11-21 16:55:00+00:00,0.0,40000.0,"POLYGON ((-79.99858674872327 25.1849103249004, -79.5128567803571 24.10724738331726, -81.15613847231714 24.00043193986088, -81.41077795151206 24.94242079322325, -79.99858674872327 25.1849103249004))"
3C,2022-11-21 14:55:00+00:00,2022-11-21 16:55:00+00:00,0.0,30000.0,"POLYGON ((-95.93044200102048 28.759469726378548, -95.37794551960326 27.93332117316752, -96.2275652615983 27.44903282648202, -96.5988116816614 28.144873699561114, -95.93044200102048 28.759469726378548))"
HOTEL 3,2022-11-21 15:35:00+00:00,2022-11-21 19:35:00+00:00,28000.0,38000.0,"POLYGON ((163.45 44.45, 168.3 44, 176.3 39, 176 34.45, 165 36.15, 165 43, 163.45 44.45))"
ALFA 1,2022-11-21 15:55:00+00:00,2022-11-21 19:55:00+00:00,0.0,28000.0,"POLYGON ((-176 36.45, 180 34, -178.45 32.3, -172.45 36.3, -176 36.45))"
5E,2022-11-21 15:55:00+00:00,2022-11-21 17:55:00+00:00,,,"POLYGON ((-81.37029849627213 24.589390304002688, -80.02024879885101 25.232499993889057, -82.0166918581821 24.392495330419795, -82.08332517505106 24.482930146166765, -81.37029849627213 24.589390304002688))"
4C,2022-11-21 15:55:00+00:00,2022-11-21 17:55:00+00:00,0.0,31000.0,"POLYGON ((-95.35 29.627262088527218, -94.14072206785194 28.89571439440994, -96.91915929766373 27.708021420033184, -97.01304559912371 29.01284678973706, -95.35 29.627262088527218))"
HOTEL 4,2022-11-21 18:40:00+00:00,2022-11-21 22:40:00+00:00,25000.0,38000.0,"POLYGON ((163.45 44.45, 169.15 43.45, 177.3 38.3, 177.45 35.3, 165.15 37.45, 165 43, 163.45 44.45))"
5C,2022-11-21 18:55:00+00:00,2022-11-21 20:55:00+00:00,0.0,29000.0,"POLYGON ((-94.52991598859232 29.241871360836555, -93.80353351672373 28.668950387233526, -95.09627570801209 28.3119810683892, -95.32053692452018 28.7563963177493, -94.52991598859232 29.241871360836555))"
6E,2022-11-21 20:55:00+00:00,2022-11-21 22:55:00+00:00,0.0,45000.0,"POLYGON ((-81.8 25.08910686720918, -80.28 24.801786265581647, -80.62095753929755 24.139753076510644, -82.44386152768286 24.000431939860878, -81.8 25.08910686720918))"
BRAVO 1,2022-11-22 02:45:00+00:00,2022-11-22 06:45:00+00:00,0.0,48000.0,"POLYGON ((-169.45 44, -149 42.45, -163.15 31.15, -171.45 31.3, -167.15 36.15, -171 39, -169.45 44))"
ZULU 1,2022-11-22 02:45:00+00:00,2022-11-22 06:40:00+00:00,0.0,40000.0,"POLYGON ((155 27, 165 27, 163 23.45, 155 22.45, 155 27))"
BRAVO 2,2022-11-22 04:35:00+00:00,2022-11-22 08:35:00+00:00,0.0,47000.0,"POLYGON ((-167.15 44.3, -148 42.3, -161.45 33.15, -170.3 31, -165.45 36, -169 38.3, -167.15 44.3))"
ZULU 2,2022-11-22 06:15:00+00:00,2022-11-22 10:15:00+00:00,0.0,47000.0,"POLYGON ((157.45 27, 165.3 27, 156.3 19.45, 155 21, 155 23.45, 157.45 27))"
ZULU 3,2022-11-22 10:24:00+00:00,2022-11-22 14:15:00+00:00,0.0,45000.0,"POLYGON ((159.45 27, 165.15 27, 156.45 20.45, 155.15 22.45, 159.45 27))"
1E,2022-11-22 10:55:00+00:00,2022-11-22 12:55:00+00:00,0.0,42000.0,"POLYGON ((-78.9928836365937 26.769018952132857, -78.9220059124384 26.581999305521702, -80.05456113792235 26.15277735843174, -80.12543886207766 26.339797005042897, -78.9928836365937 26.769018952132857))"
JULIETT 1,2022-11-22 11:20:00+00:00,2022-11-22 15:20:00+00:00,0.0,42000.0,"POLYGON ((-86.15 26.3, -83.45 26.15, -83 24, -86 24, -87.3 24.3, -86.15 26.3))"
ZULU 4,2022-11-22 13:51:00+00:00,2022-11-22 17:50:00+00:00,0.0,47000.0,"POLYGON ((161 27, 165 27, 165 29, 167.3 28, 160.15 22.45, 158.3 23.45, 161 27))"
JULIETT 2,2022-11-22 14:35:00+00:00,2022-11-22 18:35:00+00:00,,,"POLYGON ((-91.45 26.15, -83.3 26, -83 24, -86 23.45, -87.45 24.15, -89 24.3, -94 24.45, -91.45 26.15))"
ZULU 5,2022-11-22 15:21:00+00:00,2022-11-22 19:20:00+00:00,0.0,47000.0,"POLYGON ((161.15 27, 165 27, 165 29.3, 168 28.15, 160.45 22.45, 159.45 24, 161.15 27))"
2E,2022-11-22 16:55:00+00:00,2022-11-22 18:55:00+00:00,0.0,39000.0,"POLYGON ((-80.70389801587915 29.65230753044143, -78.56848498931308 28.36706140272879, -78.18613306186202 27.36761851503847, -80.48620572207447 27.032371714733443, -81.195473751244 28.23251377770355, -80.70389801587915 29.65230753044143))"
3E,2022-11-22 17:55:00+00:00,2022-11-22 19:55:00+00:00,0.0,45000.0,"POLYGON ((-80.5679002798478 29.76946774451852, -78.39258495235237 28.428185245373538, -78.53402530115817 27.244510149211685, -80.48620572207447 27.032371714733443, -80.98964477770947 28.666883625402374, -80.5679002798478 29.76946774451852))"
ZULU 6,2022-11-22 18:34:00+00:00,2022-11-22 22:30:00+00:00,0.0,47000.0,"POLYGON ((169 30, 162.15 23.15, 161 24, 162.45 26.45, 165 26.45, 165 29.45, 169 30))"
JULIETT 3,2022-11-22 18:50:00+00:00,2022-11-22 22:50:00+00:00,0.0,45900.0,"POLYGON ((-91.45 26.15, -90 26.15, -90.15 24.3, -93.3 24.45, -91.45 26.15))"
4E,2022-11-22 18:55:00+00:00,2022-11-22 20:55:00+00:00,0.0,45000.0,"POLYGON ((-80.29494797216884 30.00336883085377, -78.21648200970473 28.48908274740241, -79.69379427792553 27.032371714733443, -80.83673306509662 27.552235232348945, -80.96442417672466 28.992511342353758, -80.29494797216884 30.00336883085377))"
KILO 1,2022-11-22 19:05:00+00:00,2022-11-22 23:05:00+00:00,0.0,45000.0,"POLYGON ((-86.45 26.15, -84.3 26.15, -84 24, -85.45 23.3, -87.45 24.3, -86.45 26.15))"
6E,2022-11-22 19:55:00+00:00,2022-11-22 21:55:00+00:00,0.0,42000.0,"POLYGON ((-79.99961217094679 27.04121493540629, -79.93213505526234 26.852941626467118, -81.09992359779298 26.434406450008343, -81.16740071347743 26.622679758947516, -79.99961217094679 27.04121493540629))"
5E,2022-11-22 19:55:00+00:00,2022-11-22 21:55:00+00:00,0.0,39000.0,"POLYGON ((-79.96793375336792 30.330953028327283, -78.21648200970473 28.48908274740241, -79.42827635773726 27.266667586075645, -80.86573789257835 27.67949318402028, -80.96442417672466 28.992511342353758, -79.96793375336792 30.330953028327283))"
8E,2022-11-22 20:55:00+00:00,2022-11-22 22:55:00+00:00,0.0,31000.0,"POLYGON ((-80.02205880362675 27.029802064493705, -79.90968842258238 26.864354497379704, -80.63058208121204 26.37473052450574, -80.74295246225641 26.54017809161974, -80.02205880362675 27.029802064493705))"
7E,2022-11-22 20:55:00+00:00,2022-11-22 22:55:00+00:00,0.0,42000.0,"POLYGON ((-79.96793375336792 30.330953028327283, -78.21648200970473 28.48908274740241, -79.42827635773726 27.266667586075645, -80.86573789257835 27.67949318402028, -80.96442417672466 28.992511342353758, -79.96793375336792 30.330953028327283))"
CHARLIE 1,2022-11-22 21:30:00+00:00,2022-11-23 01:30:00+00:00,0.0,45000.0,"POLYGON ((165.15 34.15, 170.3 33.15, 168.45 30, 165.15 30, 165.15 34.15))"
9E,2022-11-22 21:55:00+00:00,2022-11-22 23:55:00+00:00,0.0,42000.0,"POLYGON ((-80.54913735233855 27.35330387567014, -80.00368280688402 27.35330387567014, -80.00368280688402 26.807849330215593, -80.54913735233855 26.807849330215593, -80.54913735233855 27.35330387567014))"
ZULU 7,2022-11-22 22:04:00+00:00,2022-11-23 02:00:00+00:00,0.0,46000.0,"POLYGON ((169.3 30, 169.15 27.45, 163.15 25, 163.15 27, 165 27, 165 30, 169.3 30))"
KILO 2,2022-11-22 22:48:00+00:00,2022-11-23 02:48:00+00:00,0.0,44000.0,"POLYGON ((-85.45 26, -84 25.3, -85 24, -86 24, -87.15 24.3, -85.45 26))"
JULIETT 4,2022-11-22 22:49:00+00:00,2022-11-23 02:49:00+00:00,0.0,45000.0,"POLYGON ((-91.15 26.3, -89.15 26.15, -90.15 24.45, -94 25, -91.15 26.3))"
10E,2022-11-22 22:55:00+00:00,2022-11-23 00:55:00+00:00,,,"POLYGON ((-79.74012763529514 26.97039417922205, -80.17296312476756 27.648183194755305, -80.15733808799622 27.598702474981298, -80.12275161490683 26.802689093269404, -80.34152453122488 27.54054002380083, -79.90868904175245 26.862751008267576, -80.32256309490683 26.794007361862942, -80.35714956799622 27.590020743574836, -79.74012763529514 26.97039417922205))"
11E,2022-11-22 22:55:00+00:00,2022-11-23 00:55:00+00:00,0.0,33000.0,"POLYGON ((-81.13366215563521 26.52854310447793, -80.46373276400192 25.399186339543263, -81.02004213063793 25.521504637156102, -81.65661389882676 26.26281468517576, -81.13366215563521 26.52854310447793))"
12E,2022-11-22 23:55:00+00:00,2022-11-23 01:55:00+00:00,0.0,44000.0,"POLYGON ((-79.36616103822128 28.16542101104668, -79.1908117073878 28.06923051163923, -80.31550451913034 26.018985080467235, -80.49085384996383 26.115175579874684, -79.36616103822128 28.16542101104668))"
LIMA 1,2022-11-23 00:30:00+00:00,2022-11-23 04:30:00+00:00,0.0,42000.0,"POLYGON ((-60.45 30.15, -59.3 28.3, -67.15 27.15, -67 28.15, -60.45 30.15))"
1E,2022-11-23 00:55:00+00:00,2022-11-23 02:55:00+00:00,0.0,44000.0,"POLYGON ((-77.68695586025213 28.670408845141342, -77.83746882689503 27.489862605286607, -79.34523527425056 26.678058003974225, -80.27521865206346 27.218719930888287, -79.55298265182502 28.500327787280437, -77.68695586025213 28.670408845141342))"
CHARLIE 2,2022-11-23 01:28:00+00:00,2022-11-23 05:28:00+00:00,0.0,45000.0,"POLYGON ((165.15 35.15, 172 34, 171 30, 165.15 30, 165.15 35.15))"
3E,2022-11-23 01:55:00+00:00,2022-11-23 03:55:00+00:00,0.0,40000.0,"POLYGON ((-80.5366970986973 26.099914941343926, -80.47827097378637 25.908639255675595, -81.38231952306349 25.632493057160765, -81.44074564797442 25.823768742829095, -80.5366970986973 26.099914941343926))"
2E,2022-11-23 01:55:00+00:00,2022-11-23 03:55:00+00:00,0.0,44000.0,"POLYGON ((-78.74418212207864 28.30571205617317, -78.36017565993521 27.306171963528065, -79.57307447071443 26.870063887745584, -80.09 27.17910686720918, -79.79410506873485 27.93292726169233, -78.74418212207864 28.30571205617317))"
ZULU 8,2022-11-23 01:56:00+00:00,2022-11-23 05:55:00+00:00,0.0,47000.0,"POLYGON ((165 30, 168.3 30, 166.3 25.3, 164 25.15, 165 26.45, 165 30))"
MIKE 1,2022-11-23 02:05:00+00:00,2022-11-23 06:05:00+00:00,0.0,35000.0,"POLYGON ((-43.3 44.45, -41.15 44.45, -44.3 39.45, -49.45 38.3, -43.3 44.45))"
5E,2022-11-23 02:55:00+00:00,2022-11-23 04:55:00+00:00,0.0,35000.0,"POLYGON ((-80.69763847042714 26.17113846783712, -80.5454065624227 26.04142553021975, -81.09152021657307 25.400503158976967, -81.24375212457751 25.530216096594337, -80.69763847042714 26.17113846783712))"
4E,2022-11-23 02:55:00+00:00,2022-11-23 04:55:00+00:00,0.0,40000.0,"POLYGON ((-77.51004145035955 28.73039262105773, -77.48803233666251 27.611235972021877, -79.57307447071443 26.870063887745584, -79.73853118833149 27.677972767282867, -77.51004145035955 28.73039262105773))"
MIKE 2,2022-11-23 03:35:00+00:00,2022-11-23 07:35:00+00:00,0.0,34000.0,"POLYGON ((-40 45, -42.15 40, -46.3 38.3, -42 44.45, -40 45))"
6E,2022-11-23 03:55:00+00:00,2022-11-23 05:55:00+00:00,0.0,40000.0,"POLYGON ((-78.74418212207864 28.30571205617317, -78.01189746295503 27.428848997638664, -79.57307447071443 26.870063887745584, -79.73853118833149 27.677972767282867, -78.74418212207864 28.30571205617317))"
CHARLIE 3,2022-11-23 04:30:00+00:00,2022-11-23 08:30:00+00:00,0.0,44000.0,"POLYGON ((166.45 37.3, 173.15 35.45, 174.3 30, 166 30, 166.45 37.3))"
ZULU 9,2022-11-23 05:07:00+00:00,2022-11-23 09:00:00+00:00,0.0,46000.0,"POLYGON ((164.45 26, 166.15 30, 170 30, 166.3 25.3, 164.45 26))"
8E,2022-11-23 05:13:00+00:00,2022-11-23 06:55:00+00:00,0.0,32000.0,"POLYGON ((-80.67245023142877 30.33733124562165, -80.04533213853725 30.215820689740948, -80.61266541516184 29.29907881838295, -80.67245023142877 30.33733124562165))"
7E,2022-11-23 05:13:00+00:00,2022-11-23 06:55:00+00:00,0.0,35000.0,"POLYGON ((-76.62242876451066 29.02683697822481, -76.4350886114612 27.970067284132778, -79.57307447071443 26.870063887745584, -79.27005623616982 28.120319361713236, -76.62242876451066 29.02683697822481))"
10E,2022-11-23 05:55:00+00:00,2022-11-23 07:55:00+00:00,0.0,30000.0,"POLYGON ((-80.67245023142877 30.33733124562165, -80.00247177828565 30.33135375666221, -80.11534877712033 29.296315376177343, -80.64977293384091 29.465185793605794, -80.67245023142877 30.33733124562165))"
11E,2022-11-23 05:55:00+00:00,2022-11-23 07:55:00+00:00,0.0,32000.0,"POLYGON ((-80.23886556185559 28.21403789833526, -79.58228296182843 28.008989685015926, -80.49 27.68, -80.23886556185559 28.21403789833526))"
9E,2022-11-23 05:55:00+00:00,2022-11-23 07:55:00+00:00,0.0,35000.0,"POLYGON ((-76.44429857540733 29.08542510251223, -75.9060108127712 28.14646815479941, -79.2274954426497 26.99572638673913, -78.39258495235237 28.428185245373538, -76.44429857540733 29.08542510251223))"
12E,2022-11-23 06:55:00+00:00,2022-11-23 08:55:00+00:00,0.0,40000.0,"POLYGON ((-76.44429857540733 29.08542510251223, -75.9060108127712 28.14646815479941, -78.53402530115817 27.244510149211685, -78.04017616835857 28.549753072258635, -76.44429857540733 29.08542510251223))"
13E,2022-11-23 06:55:00+00:00,2022-11-23 08:55:00+00:00,0.0,32000.0,"POLYGON ((-80.14593503855053 31.332856137251873, -79.22138683437119 31.19657097258367, -80.29494797216884 30.00336883085377, -80.73893125273166 30.337738102426655, -80.14593503855053 31.332856137251873))"
15E,2022-11-23 07:55:00+00:00,2022-11-23 09:55:00+00:00,0.0,35000.0,"POLYGON ((-79.853938560634 31.711192093884115, -78.48059817118452 31.551344910482587, -80.00247177828565 30.33135375666221, -80.73400419422445 30.614333829394287, -79.853938560634 31.711192093884115))"
16E,2022-11-23 07:55:00+00:00,2022-11-23 09:55:00+00:00,0.0,30000.0,"POLYGON ((-78.74418212207864 28.30571205617317, -78.79928014299323 27.66973798985201, -80.09017300608167 28.03234758826255, -78.74418212207864 28.30571205617317))"
14E,2022-11-23 07:55:00+00:00,2022-11-23 09:55:00+00:00,0.0,36000.0,"POLYGON ((-76.44429857540733 29.08542510251223, -75.72926575578354 28.204816450031025, -77.31302444862477 27.671594119567153, -77.33292425561181 28.79014587564077, -76.44429857540733 29.08542510251223))"
ZULU 10,2022-11-23 08:23:00+00:00,2022-11-23 12:20:00+00:00,0.0,48000.0,"POLYGON ((164.15 25, 168 30, 174.3 30, 168.45 22.15, 164.15 25))"
CHARLIE 4,2022-11-23 08:30:00+00:00,2022-11-23 12:30:00+00:00,0.0,45000.0,"POLYGON ((172.3 38.15, 174.3 30, 167.15 30, 167 35.15, 172.3 38.15))"
19E,2022-11-23 09:18:00+00:00,2022-11-23 10:55:00+00:00,0.0,40000.0,"POLYGON ((-78.2557369869606 27.711700630674123, -77.71028244150607 27.711700630674123, -77.71028244150607 27.166246085219576, -78.2557369869606 27.166246085219576, -78.2557369869606 27.711700630674123))"
18E,2022-11-23 09:18:00+00:00,2022-11-23 10:55:00+00:00,0.0,39000.0,"POLYGON ((-79.79343929207461 28.291618810744065, -79.51049382958965 27.676555728962477, -80.18803942109867 27.79032241124884, -79.79343929207461 28.291618810744065))"
17E,2022-11-23 09:18:00+00:00,2022-11-23 10:55:00+00:00,0.0,33000.0,"POLYGON ((-78.93095346765332 31.94397086757049, -79.60689771374795 30.58562877061297, -80.43158422428436 29.88648850803795, -80.14593503855053 31.332856137251873, -78.93095346765332 31.94397086757049))"
20E,2022-11-23 09:55:00+00:00,2022-11-23 11:55:00+00:00,0.0,34000.0,"POLYGON ((-78.459325072573 32.32679622829023, -76.63346725282302 31.80598163346689, -80.40238919658427 29.911497211776126, -80.1525116992762 31.338573509909736, -78.459325072573 32.32679622829023))"
21E,2022-11-23 09:55:00+00:00,2022-11-23 11:55:00+00:00,0.0,38000.0,"POLYGON ((-79.41794339793215 28.61699225679675, -75.9060108127712 28.14646815479941, -78.01189746295503 27.428848997638664, -80.1424575669761 27.80689957398064, -79.41794339793215 28.61699225679675))"
NOVEMBER 1,2022-11-23 10:29:00+00:00,2022-11-23 14:25:00+00:00,0.0,56000.0,"POLYGON ((146.15 8.45, 148.3 13.15, 151.45 12.15, 148.45 7.45, 146.15 8.45))"
OSCAR 1,2022-11-23 10:31:00+00:00,2022-11-23 14:30:00+00:00,0.0,51000.0,"POLYGON ((-168 11.3, -160.3 9.3, -152 11, -150.15 8.3, -161 4.15, -169.45 8.3, -168 11.3))"
23E,2022-11-23 10:55:00+00:00,2022-11-23 12:55:00+00:00,0.0,33000.0,"POLYGON ((-79.41794339793215 28.61699225679675, -77.86366744383696 28.610195383562644, -77.83746882689503 27.489862605286607, -80.1424575669761 27.80689957398064, -79.41794339793215 28.61699225679675))"
22E,2022-11-23 10:55:00+00:00,2022-11-23 12:55:00+00:00,0.0,36000.0,"POLYGON ((-76.05057862301025 32.80714986095124, -76.38097257791527 31.26681110464502, -79.33647472704759 29.924948248318806, -80.43725182003493 30.71762234720427, -76.05057862301025 32.80714986095124))"
ZULU 11,2022-11-23 11:49:00+00:00,2022-11-23 15:50:00+00:00,0.0,50000.0,"POLYGON ((164.15 25, 168 30, 174.3 30, 168.45 22.15, 164.15 25))"
24E,2022-11-23 11:55:00+00:00,2022-11-23 13:55:00+00:00,0.0,33000.0,"POLYGON ((-76.05057862301025 32.80714986095124, -76.38097257791527 31.26681110464502, -77.44288425641814 30.62787477486037, -79.22138683437119 31.19657097258367, -76.05057862301025 32.80714986095124))"
25E,2022-11-23 11:55:00+00:00,2022-11-23 13:55:00+00:00,0.0,35000.0,"POLYGON ((-78.56848498931308 28.36706140272879, -77.66284712507748 27.550658532027946, -79.40038122409572 26.933000350378148, -79.79410506873485 27.93292726169233, -78.56848498931308 28.36706140272879))"
26E,2022-11-23 12:55:00+00:00,2022-11-23 14:55:00+00:00,0.0,37000.0,"POLYGON ((-77.01629362621286 32.61066164346116, -76.50734414187342 31.537502064174127, -77.77603544266513 30.927212465323862, -77.98899967386849 32.15401000109544, -77.01629362621286 32.61066164346116))"
27E,2022-11-23 12:55:00+00:00,2022-11-23 14:55:00+00:00,0.0,36000.0,"POLYGON ((-78.91967636056603 28.244138042531155, -77.83746882689503 27.489862605286607, -79.53142368096782 26.678907617793083, -79.79410506873485 27.93292726169233, -78.91967636056603 28.244138042531155))"
ALFA 1,2022-11-23 13:40:00+00:00,2022-11-23 17:40:00+00:00,0.0,44000.0,"POLYGON ((-85.45 26.15, -85 25, -87.15 24.15, -88.45 25, -85.45 26.15))"
28E,2022-11-23 13:55:00+00:00,2022-11-23 15:55:00+00:00,0.0,33000.0,"POLYGON ((-77.01629362621286 32.61066164346116, -76.44455460409972 31.403216008071325, -77.54323215293455 30.71832348992393, -78.30235113780265 32.269394494928285, -77.01629362621286 32.61066164346116))"
29E,2022-11-23 13:55:00+00:00,2022-11-23 15:55:00+00:00,0.0,38000.0,"POLYGON ((-78.21648200970473 28.48908274740241, -77.48803233666251 27.611235972021877, -79.57480338772348 26.488071277098406, -79.73853118833149 27.677972767282867, -78.21648200970473 28.48908274740241))"
30E,2022-11-23 13:55:00+00:00,2022-11-23 15:55:00+00:00,0.0,33000.0,"POLYGON ((-78.25703945270125 32.877349384187006, -78.38501580971713 31.467382158990375, -80.73893125273166 30.337738102426655, -80.68617845248335 31.04326247893941, -78.25703945270125 32.877349384187006))"
NOVEMBER 2,2022-11-23 14:14:00+00:00,2022-11-23 18:05:00+00:00,0.0,59000.0,"POLYGON ((144.45 10.45, 149.45 14.3, 151.45 13.45, 148.15 8, 144.45 10.45))"
OSCAR 2,2022-11-23 14:14:00+00:00,2022-11-23 18:10:00+00:00,0.0,49000.0,"POLYGON ((-168.15 8, -167.45 11.3, -158 9.3, -151.45 11.3, -149.45 8.3, -162.15 3.45, -168.15 8))"
ZULU 12,2022-11-23 14:14:00+00:00,2022-11-23 18:10:00+00:00,0.0,46000.0,"POLYGON ((164.15 22, 168.15 30, 175 30, 168.3 20.45, 164.15 22))"
31E,2022-11-23 14:55:00+00:00,2022-11-23 16:55:00+00:00,0.0,38000.0,"POLYGON ((-78.21648200970473 28.48908274740241, -77.48803233666251 27.611235972021877, -79.57480338772348 26.488071277098406, -79.56117451794687 27.14958210160337, -78.21648200970473 28.48908274740241))"
ALFA 2,2022-11-23 17:10:00+00:00,2022-11-23 21:10:00+00:00,0.0,43000.0,"POLYGON ((-85.3 25.3, -84.45 24, -85.45 24, -87.3 24.3, -88 25.15, -85.3 25.3))"
32E,2022-11-23 17:55:00+00:00,2022-11-23 19:55:00+00:00,0.0,32000.0,"POLYGON ((-80.15614644654264 29.29661144503285, -78.73820847810669 29.198283840659172, -79.61962486186705 27.99561205618871, -80.12795919197538 28.44805318334086, -80.15614644654264 29.29661144503285))"
NOVEMBER 3,2022-11-23 17:56:00+00:00,2022-11-23 22:00:00+00:00,0.0,53000.0,"POLYGON ((145.45 12.15, 149.3 15, 151.15 14, 148 9.45, 145.45 12.15))"
ZULU 13,2022-11-23 17:58:00+00:00,2022-11-23 22:00:00+00:00,0.0,47000.0,"POLYGON ((163.15 20.3, 168 28.15, 174 28.3, 173.15 25.3, 170.3 24.45, 167.15 19, 163.15 20.3))"
BRAVO 1,2022-11-23 18:00:00+00:00,2022-11-23 22:00:00+00:00,0.0,43000.0,"POLYGON ((-65.15 32.15, -59.3 32.15, -60 29.3, -66.3 29.45, -65.15 32.15))"
OSCAR 3,2022-11-23 18:00:00+00:00,2022-11-23 22:00:00+00:00,0.0,48000.0,"POLYGON ((-166.15 11.3, -156.3 9.3, -156.15 6, -160.45 6, -163.15 3.3, -169.45 7.45, -166.15 11.3))"
33E,2022-11-23 18:56:00+00:00,2022-11-23 20:55:00+00:00,0.0,32000.0,"POLYGON ((-80.15614644654264 29.29661144503285, -78.43961397804969 29.273439933692682, -79.36281421450062 27.675438843385773, -80.05492341585561 28.601548608159696, -80.15614644654264 29.29661144503285))"
34E,2022-11-23 19:55:00+00:00,2022-11-23 21:55:00+00:00,0.0,32000.0,"POLYGON ((-78.8209924521177 29.280485096039094, -79.17496313484394 27.673791862558097, -79.98167398304726 28.75500478886092, -79.77463338462778 29.293358650039814, -78.8209924521177 29.280485096039094))"
35E,2022-11-23 20:55:00+00:00,2022-11-23 22:55:00+00:00,0.0,35000.0,"POLYGON ((-78.8209924521177 29.280485096039094, -78.42362850705831 27.66467111678521, -79.42827635773726 27.266667586075645, -79.88161041550096 28.84871529436914, -78.8209924521177 29.280485096039094))"
NOVEMBER 4,2022-11-23 21:50:00+00:00,2022-11-24 01:50:00+00:00,0.0,50000.0,"POLYGON ((146.15 13.3, 150.15 16, 152 13.45, 147.45 11.15, 146.15 13.3))"
ZULU 14,2022-11-23 21:51:00+00:00,2022-11-24 01:50:00+00:00,0.0,47000.0,"POLYGON ((162.45 20.15, 167 26.15, 170.45 27.15, 170.3 24, 166.15 19, 162.45 20.15))"
OSCAR 4,2022-11-23 21:52:00+00:00,2022-11-24 01:50:00+00:00,0.0,48000.0,"POLYGON ((-166.3 8.45, -160.3 10.15, -157.45 7.15, -166 6, -166.3 8.45))"
36E,2022-11-23 21:55:00+00:00,2022-11-23 23:55:00+00:00,0.0,36000.0,"POLYGON ((-77.67703490491333 29.25610225681296, -77.66284712507748 27.550658532027946, -79.16163806758793 27.500460269641966, -79.282603940839 28.73352261360218, -77.67703490491333 29.25610225681296))"
37E,2022-11-23 22:55:00+00:00,2022-11-24 00:55:00+00:00,0.0,37000.0,"POLYGON ((-77.29585037846218 29.245810877021633, -77.66284712507748 27.550658532027946, -80.09 26.68, -79.27005623616982 28.120319361713236, -79.41794339793215 28.61699225679675, -77.29585037846218 29.245810877021633))"
38E,2022-11-23 23:55:00+00:00,2022-11-24 01:55:00+00:00,0.0,38000.0,"POLYGON ((-77.29585037846218 29.245810877021633, -77.66284712507748 27.550658532027946, -79.74634369811947 26.552253380022083, -78.87476656062871 29.082299484726555, -77.29585037846218 29.245810877021633))"
1C,2022-11-24 00:55:00+00:00,2022-11-24 02:55:00+00:00,0.0,33000.0,"POLYGON ((-95.78000000000002 33.685417309845256, -96.54966379032642 31.403309752157494, -98.17598765774108 31.97513444044588, -97.04 33.53547582294557, -95.78000000000002 33.685417309845256))"
ZULU 15,2022-11-24 01:25:00+00:00,2022-11-24 05:20:00+00:00,0.0,46000.0,"POLYGON ((163.45 20.3, 168.15 26.3, 171.3 25.3, 165.45 19.15, 163.45 20.3))"
2C,2022-11-24 01:55:00+00:00,2022-11-24 03:55:00+00:00,0.0,37000.0,"POLYGON ((-95.78000000000002 35.34910686720918, -95.45139443398276 33.006262503210436, -97.27 31.66, -98.03511129653663 33.79775385358701, -95.78000000000002 35.34910686720918))"
3C,2022-11-24 02:55:00+00:00,2022-11-24 04:55:00+00:00,0.0,35000.0,"POLYGON ((-94.35825256352085 36.710878941177, -94.6242549929556 33.69976654940333, -97.27 31.66, -97.98804611641441 33.988534277029245, -94.35825256352085 36.710878941177))"
4C,2022-11-24 03:55:00+00:00,2022-11-24 05:55:00+00:00,0.0,37000.0,"POLYGON ((-94.35825256352085 36.710878941177, -94.6242549929556 33.69976654940333, -97.27 31.66, -97.98804611641441 33.988534277029245, -94.35825256352085 36.710878941177))"
5C,2022-11-24 04:55:00+00:00,2022-11-24 06:55:00+00:00,0.0,37000.0,"POLYGON ((-93.33 37.36, -93.35970038580021 34.09617979979481, -97.53 31.04547582294557, -98.18869484734235 33.9893485621589, -93.33 37.36))"
7C,2022-11-24 05:55:00+00:00,2022-11-24 07:55:00+00:00,0.0,32000.0,"POLYGON ((-98.52798954226242 31.208160016832483, -97.04670875087716 31.19869088221955, -97.16385776636847 29.610965159889634, -98.07716994084831 29.63945025158266, -98.52798954226242 31.208160016832483))"
6C,2022-11-24 05:55:00+00:00,2022-11-24 07:55:00+00:00,0.0,36000.0,"POLYGON ((-93.0330569896605 37.59491059880739, -92.18 35.67821373441835, -94.75 32.08726208852722, -97.99033620967357 31.403309752157494, -97.6 35.4, -93.0330569896605 37.59491059880739))"
8C,2022-11-24 06:55:00+00:00,2022-11-24 08:55:00+00:00,0.0,36000.0,"POLYGON ((-94.49 37.77089313279083, -91.86493596591734 37.35096498799105, -92.2575652039583 34.8336803206645, -94.38531729466497 32.54680817755604, -97.72884994172492 34.399733526641995, -94.49 37.77089313279083))"
9C,2022-11-24 06:55:00+00:00,2022-11-24 08:55:00+00:00,0.0,34000.0,"POLYGON ((-97.3557218809157 34.14619337455214, -95.31037583012738 32.88932345993607, -97.16385776636847 29.610965159889634, -98.34901924384195 31.273458639239355, -97.3557218809157 34.14619337455214))"
DELTA 1,2022-11-24 07:55:00+00:00,2022-11-24 11:55:00+00:00,26000.0,39000.0,"POLYGON ((176 49, 171.45 43.3, 165 43, 163 46, 176 49))"
10C,2022-11-24 07:55:00+00:00,2022-11-24 09:55:00+00:00,0.0,35000.0,"POLYGON ((-93.43050747301857 38.26523641987832, -91.70115975455683 37.66086322801481, -91.89741702910396 35.78793167730311, -95.40598728118714 34.72209398183621, -97.01931771631169 35.869175835046555, -93.43050747301857 38.26523641987832))"
11C,2022-11-24 07:55:00+00:00,2022-11-24 09:55:00+00:00,0.0,36000.0,"POLYGON ((-92.90040748893706 35.266088620846396, -92.81627329840998 33.413681600069445, -96.81917975859425 30.12340956535689, -98.35792696959226 32.03738773806416, -97.32341513666928 33.90249466098179, -92.90040748893706 35.266088620846396))"
CHARLIE 1,2022-11-24 08:55:00+00:00,2022-11-24 12:55:00+00:00,27000.0,45000.0,"POLYGON ((-48 45, -40 45, -40 39.45, -47.15 40, -48 45))"
12C,2022-11-24 08:55:00+00:00,2022-11-24 10:55:00+00:00,0.0,30000.0,"POLYGON ((-93.00618568755917 38.55269463572637, -90.82828597773091 38.139055752315244, -91.38489402586352 35.756291015815584, -93.36010426525934 35.992927494591456, -93.00618568755917 38.55269463572637))"
13C,2022-11-24 08:55:00+00:00,2022-11-24 10:55:00+00:00,0.0,36000.0,"POLYGON ((-96.56647930068637 34.20852210402597, -93.12409498489298 34.02793518745835, -95.72031558994289 30.728006638343636, -97.53 30.879106867209178, -97.83230865157022 32.86750276830183, -96.56647930068637 34.20852210402597))"
DELTA 2,2022-11-24 09:30:00+00:00,2022-11-24 13:30:00+00:00,26000.0,39000.0,"POLYGON ((176 49, 171.45 43.3, 166.45 42.3, 168.45 47.15, 176 49))"
14C,2022-11-24 09:55:00+00:00,2022-11-24 11:55:00+00:00,0.0,36000.0,"POLYGON ((-93.04560426444117 35.383823107915106, -92.41098153465896 34.21866716963083, -95.645785444445 30.574489178409628, -98.744340660057 30.977576653494896, -96.56647930068637 34.20852210402597, -93.04560426444117 35.383823107915106))"
1E,2022-11-24 10:55:00+00:00,2022-11-24 12:55:00+00:00,0.0,28000.0,"POLYGON ((-79.34412565937605 32.2998675212049, -78.38501580971713 31.467382158990375, -80.16067255454587 30.33307326431446, -80.6947182537145 31.806399583874523, -79.34412565937605 32.2998675212049))"
15C,2022-11-24 10:55:00+00:00,2022-11-24 12:55:00+00:00,0.0,35000.0,"POLYGON ((-92.75549882678258 35.14921248092541, -92.43327468292627 33.874443603693884, -95.57149091752618 30.420929395179435, -98.34901924384195 31.273458639239355, -97.04 33.369106867209176, -92.75549882678258 35.14921248092541))"
16C,2022-11-24 11:55:00+00:00,2022-11-24 13:55:00+00:00,0.0,36000.0,"POLYGON ((-94.27 34.66714530289552, -92.98393639554804 33.05530755196311, -94.83933379061473 31.057717878216724, -99.48407935094784 30.599568532994905, -97.40640776209352 33.17614759132981, -94.27 34.66714530289552))"
CHARLIE 2,2022-11-24 12:55:00+00:00,2022-11-24 16:55:00+00:00,27000.0,45000.0,"POLYGON ((-47 45, -40 45, -40 40.45, -45.15 41.45, -47 45))"
17C,2022-11-24 12:55:00+00:00,2022-11-24 14:55:00+00:00,0.0,42000.0,"POLYGON ((-93.41166701078076 34.681112093951626, -93.11504424382109 32.17987635990331, -99.34143101478287 29.318752834249235, -101.47719140418367 29.61280135552095, -96.01144957624811 34.388665785407746, -93.41166701078076 34.681112093951626))"
DELTA 3,2022-11-24 13:30:00+00:00,2022-11-24 17:30:00+00:00,,,"POLYGON ((-178.45 50.15, 179.45 46.15, 170.3 43.15, 171.15 47.45, -178.45 50.15))"
18C,2022-11-24 13:55:00+00:00,2022-11-24 15:55:00+00:00,0.0,42000.0,"POLYGON ((-95.78000000000002 34.51726208852722, -92.17419952018068 33.72928289715903, -93.81 31.77178626558165, -99.41705686131941 29.63656417232421, -100.47601721315364 29.97449712472496, -95.78000000000002 34.51726208852722))"
19C,2022-11-24 14:55:00+00:00,2022-11-24 16:55:00+00:00,0.0,42000.0,"POLYGON ((-95.57872945500056 34.44913557828336, -92.22132718345625 33.258923360253455, -93.81 32.04714530289553, -99.07604894312156 29.859875949310247, -100.05703290994522 30.39533096916344, -95.57872945500056 34.44913557828336))"
20C,2022-11-24 14:55:00+00:00,2022-11-24 16:55:00+00:00,0.0,36000.0,"POLYGON ((-98.37626705029692 28.325335642019308, -98.32289570971687 28.132588398187675, -99.58108316082833 27.7841987162815, -99.63445450140837 27.976945960113135, -98.37626705029692 28.325335642019308))"
23C,2022-11-24 15:55:00+00:00,2022-11-24 17:55:00+00:00,0.0,34000.0,"POLYGON ((-99.45534594706761 32.132886452416315, -99.29956791081558 32.007454385457905, -99.86414915009546 31.306283154747675, -100.01992718634749 31.431715221706085, -99.45534594706761 32.132886452416315))"
22C,2022-11-24 15:55:00+00:00,2022-11-24 17:55:00+00:00,0.0,33000.0,"POLYGON ((-97.77635556625432 28.665157482031667, -97.7335724138685 28.46978705982827, -99.39860842380709 28.105169486002776, -99.44139157619291 28.300539908206172, -97.77635556625432 28.665157482031667))"
21C,2022-11-24 15:55:00+00:00,2022-11-24 17:55:00+00:00,0.0,42000.0,"POLYGON ((-95.03313513848774 34.59304849848453, -92.4578664434295 33.494962870291, -93.08090477926518 32.5132209682483, -98.75481726216897 30.254493428529763, -100.0926857540749 30.36443442282847, -95.03313513848774 34.59304849848453))"
25C,2022-11-24 16:55:00+00:00,2022-11-24 18:55:00+00:00,,,"POLYGON ((-98.43737104084869 29.402492345039164, -96.70564310314931 28.797069706840606, -96.26226967027227 28.590393835078018, -98.4826289591513 29.207680330956578, -96.68602241951527 28.79030015871354, -96.17777038470157 28.77166675290647, -96.62114381757861 28.978342624669057, -96.64076450121266 28.985112172796125, -98.43737104084869 29.402492345039164))"
24C,2022-11-24 16:55:00+00:00,2022-11-24 18:55:00+00:00,0.0,42000.0,"POLYGON ((-93.41166701078076 34.681112093951626, -92.19153096921693 32.82731897208351, -98.10854198009287 30.378725631603032, -99.67159344348612 30.907325547131478, -98.67674048876654 32.47446493334528, -93.41166701078076 34.681112093951626))"
26C,2022-11-24 16:55:00+00:00,2022-11-24 18:55:00+00:00,0.0,41000.0,"POLYGON ((-94.03685186389514 30.569992761859517, -90.67164966356192 29.178786073129128, -93.11 28.30994148689969, -95.75591718433901 29.606456054048326, -94.03685186389514 30.569992761859517))"
28C,2022-11-24 17:55:00+00:00,2022-11-24 19:55:00+00:00,0.0,45000.0,"POLYGON ((-96.12181683250827 29.260547722450468, -96.11805840155827 29.06058304007682, -97.87299366335647 29.027598200329752, -97.87675209430647 29.2275628827034, -96.12181683250827 29.260547722450468))"
29C,2022-11-24 17:55:00+00:00,2022-11-24 19:55:00+00:00,0.0,44000.0,"POLYGON ((-93.3960144136897 30.938557994968775, -90.37010077669287 29.415010185149914, -93.11 28.30994148689969, -95.70436877194646 29.832192574955673, -93.3960144136897 30.938557994968775))"
27C,2022-11-24 17:55:00+00:00,2022-11-24 19:55:00+00:00,0.0,42000.0,"POLYGON ((-92.98922648406473 34.67732604716009, -91.20457265651062 33.774904836200875, -96.17056413645045 30.66330160295102, -100.17667565264215 30.472180254601373, -99.63473336114166 32.018684600308326, -92.98922648406473 34.67732604716009))"
ECHO 1,2022-11-24 18:40:00+00:00,2022-11-24 22:40:00+00:00,0.0,51000.0,"POLYGON ((-120.15 12, -120 7, -128.45 5.3, -128.45 9.15, -120.15 12))"
31C,2022-11-24 18:55:00+00:00,2022-11-24 20:55:00+00:00,0.0,45000.0,"POLYGON ((-96.23989932951147 30.275343160522098, -95.64214876912374 29.34485827928602, -97.15018204726874 28.514516068949963, -97.09130304724613 29.457037933844333, -96.23989932951147 30.275343160522098))"
32C,2022-11-24 18:55:00+00:00,2022-11-24 20:55:00+00:00,0.0,45000.0,"POLYGON ((-94.72 30.49452417705443, -92.39722771572859 30.392741474644307, -94.1880401868522 29.19447143463311, -95.56944537883241 29.498703567718135, -94.72 30.49452417705443))"
30C,2022-11-24 18:55:00+00:00,2022-11-24 20:55:00+00:00,0.0,43000.0,"POLYGON ((-91.24185628176748 34.994743677922806, -90.56278850984367 33.69496043993733, -95.89573158510613 30.429438006359266, -100.59312985355673 30.597714495710978, -99.86 32.48, -91.24185628176748 34.994743677922806))"
34C,2022-11-24 19:55:00+00:00,2022-11-24 21:55:00+00:00,0.0,40000.0,"POLYGON ((-99.25061686533047 32.989668983335854, -97.13962817359358 31.927066021943354, -99.31612089641582 30.59902920451599, -99.77272129741671 31.368220793046177, -99.25061686533047 32.989668983335854))"
33C,2022-11-24 19:55:00+00:00,2022-11-24 21:55:00+00:00,0.0,45000.0,"POLYGON ((-90.38629507567961 35.01932298495471, -92.39722771572859 30.392741474644307, -95.17135684729308 28.755227741662534, -98.31394132043172 29.332510241277244, -93.76237065163932 34.124440010838626, -90.38629507567961 35.01932298495471))"
36C,2022-11-24 20:55:00+00:00,2022-11-24 22:55:00+00:00,0.0,40000.0,"POLYGON ((-98.89495167084866 33.37480363990927, -96.81376517569211 32.40868157310378, -99.03424247622289 29.638763074626933, -99.67060623126986 31.36764383058726, -98.89495167084866 33.37480363990927))"
37C,2022-11-24 20:55:00+00:00,2022-11-24 22:55:00+00:00,0.0,43000.0,"POLYGON ((-91.6860921257889 30.47943134191858, -90.35488374882522 29.976858819699675, -92.45646156159316 28.75503802079858, -92.7033548973466 29.78645152874501, -91.6860921257889 30.47943134191858))"
35C,2022-11-24 20:55:00+00:00,2022-11-24 22:55:00+00:00,0.0,45000.0,"POLYGON ((-91.80560346025295 34.80676119181843, -89.98 34.52089313279082, -92.96321595955078 29.83250860861931, -94.91310007556963 29.03705019452595, -98.10675705785278 29.512198675941516, -91.80560346025295 34.80676119181843))"
38C,2022-11-24 21:55:00+00:00,2022-11-24 23:55:00+00:00,0.0,45000.0,"POLYGON ((-90.28 33.46, -92.96321595955078 29.83250860861931, -94.91310007556963 29.03705019452595, -95.89573158510613 30.429438006359266, -92.74 33.26, -90.28 33.46))"
39C,2022-11-24 21:55:00+00:00,2022-11-24 23:55:00+00:00,0.0,35000.0,"POLYGON ((-98.28504832915135 33.37480363990927, -96.71434134127256 32.12935950199946, -96.64205478624446 30.0586646257856, -98.46 29.64, -99.82 30.6, -98.28504832915135 33.37480363990927))"
40C,2022-11-24 21:55:00+00:00,2022-11-24 23:55:00+00:00,0.0,45000.0,"POLYGON ((-91.6860921257889 30.47943134191858, -90.35488374882522 29.976858819699675, -92.45646156159316 28.75503802079858, -92.7033548973466 29.78645152874501, -91.6860921257889 30.47943134191858))"
FOXTROT 1,2022-11-24 22:55:00+00:00,2022-11-25 02:55:00+00:00,21000.0,35000.0,"POLYGON ((-149 39, -146 38.3, -148.3 34.45, -150.3 31.15, -154.45 32.15, -152.3 37.15, -149 39))"
43C,2022-11-24 22:55:00+00:00,2022-11-25 00:55:00+00:00,0.0,43000.0,"POLYGON ((-90.49876177016506 31.095324935448467, -89.66501926360621 30.787492533675188, -90.76785045023713 29.571154413946605, -91.3 30.335429060579102, -90.49876177016506 31.095324935448467))"
42C,2022-11-24 22:55:00+00:00,2022-11-25 00:55:00+00:00,0.0,35000.0,"POLYGON ((-97.32341513666928 33.90249466098179, -96.03298235946008 30.546441932338187, -97.53 29.880893132790824, -99.4623855590248 30.72684432285914, -97.32341513666928 33.90249466098179))"
41C,2022-11-24 22:55:00+00:00,2022-11-25 00:55:00+00:00,0.0,45000.0,"POLYGON ((-93.11504424382109 32.17987635990331, -91.0073077572899 32.10841313743647, -92.96321595955078 29.83250860861931, -95.55089171359393 28.757878939558193, -95.73405650370285 29.95944308566203, -93.11504424382109 32.17987635990331))"
44C,2022-11-24 23:55:00+00:00,2022-11-25 01:55:00+00:00,0.0,43000.0,"POLYGON ((-93.70635578495093 31.156029810061813, -92.14239327723354 30.952823544322086, -92.98239627933837 29.87280603402329, -95.65034951652919 28.75839833109169, -95.70289590016299 29.652848529458563, -93.70635578495093 31.156029810061813))"
45C,2022-11-24 23:55:00+00:00,2022-11-25 01:55:00+00:00,0.0,33000.0,"POLYGON ((-97.04 32.87, -96.03298235946008 30.546441932338187, -97.53 30.047262088527216, -99.2706297577235 31.069408782565183, -97.04 32.87))"
46C,2022-11-24 23:55:00+00:00,2022-11-25 01:55:00+00:00,0.0,40000.0,"POLYGON ((-89.98532779361153 31.064426437582185, -89.25701726296049 31.045249547713563, -90.35488374882522 29.976858819699675, -91.16365992581477 30.362288468857546, -89.98532779361153 31.064426437582185))"
2C,2022-11-25 00:55:00+00:00,2022-11-25 02:55:00+00:00,0.0,30000.0,"POLYGON ((-97.23672544526966 32.46914751661967, -95.32056182797831 31.669742553949188, -96.90929720084088 30.59983285309897, -98.05225982236678 31.380988855197657, -97.23672544526966 32.46914751661967))"
3C,2022-11-25 00:55:00+00:00,2022-11-25 02:55:00+00:00,0.0,45000.0,"POLYGON ((-89.79187607817776 31.133176234794302, -88.98011084388914 30.507226227474334, -91.49180279511282 30.0791612479224, -91.10661166184339 30.880555753753114, -89.79187607817776 31.133176234794302))"
4C,2022-11-25 00:55:00+00:00,2022-11-25 02:55:00+00:00,0.0,30000.0,"POLYGON ((-103.6 35.18, -101.35451348198062 33.88975763982219, -101.91 33.200893132790824, -104.17241273863914 34.70808852006273, -103.6 35.18))"
1C,2022-11-25 00:55:00+00:00,2022-11-25 02:55:00+00:00,0.0,43000.0,"POLYGON ((-93.21729669720771 31.00334123033534, -91.71100757996587 30.8322775347312, -92.96321595955078 29.83250860861931, -94.98536704089454 29.19097370021501, -95.17270199551376 29.896214669760766, -93.21729669720771 31.00334123033534))"
7C,2022-11-25 01:55:00+00:00,2022-11-25 03:55:00+00:00,0.0,41000.0,"POLYGON ((-88.8 31.80171624231642, -88.36 30.73, -90.68147342436443 30.257240831979, -90.57226617224086 31.18897241278164, -88.8 31.80171624231642))"
5C,2022-11-25 01:55:00+00:00,2022-11-25 03:55:00+00:00,0.0,45000.0,"POLYGON ((-93.11 30.805475822945567, -92.53287004757625 30.138737836651895, -94.91416845680416 28.243499346776428, -95.35 29.294524177054427, -93.11 30.805475822945567))"
8C,2022-11-25 01:55:00+00:00,2022-11-25 03:55:00+00:00,0.0,30000.0,"POLYGON ((-103.31297002938366 34.944379882662474, -101.60167608029161 34.31443726603373, -101.681641233936 33.238675042336375, -103.26643523981288 34.14633648612905, -103.31297002938366 34.944379882662474))"
6C,2022-11-25 01:55:00+00:00,2022-11-25 03:55:00+00:00,0.0,33000.0,"POLYGON ((-97.4200945212602 31.967321951099766, -94.72 31.16, -96.41038043141998 29.57375484141141, -98.60319358760056 30.757615333493394, -97.4200945212602 31.967321951099766))"
FOXTROT 2,2022-11-25 02:15:00+00:00,2022-11-25 06:15:00+00:00,26000.0,41000.0,"POLYGON ((-148 40, -143.15 35.3, -149 30.45, -152.3 34.45, -148 40))"
10C,2022-11-25 02:55:00+00:00,2022-11-25 04:55:00+00:00,0.0,31000.0,"POLYGON ((-97.27 31.66, -94.72 31.16, -96.31 29.19371281826269, -98.24549608152638 30.991413935956988, -97.27 31.66))"
11C,2022-11-25 02:55:00+00:00,2022-11-25 04:55:00+00:00,0.0,45000.0,"POLYGON ((-88.0116356153903 32.10092122867913, -88.36 30.73, -90 30.428283757683577, -90.26 31.3, -88.0116356153903 32.10092122867913))"
12C,2022-11-25 02:55:00+00:00,2022-11-25 04:55:00+00:00,0.0,27000.0,"POLYGON ((-103.36763057742664 34.718663082252085, -101.48403889577132 34.05219171842209, -101.681641233936 33.238675042336375, -103.54874212777925 33.90974659870893, -103.36763057742664 34.718663082252085))"
9C,2022-11-25 02:55:00+00:00,2022-11-25 04:55:00+00:00,0.0,43000.0,"POLYGON ((-93.11 30.47273791147279, -92.40089692444066 29.88342798996715, -95.11427998141316 27.695978643763755, -95.17135684729308 28.755227741662534, -93.11 30.47273791147279))"
GOLF 1,2022-11-25 03:55:00+00:00,2022-11-25 07:55:00+00:00,0.0,43000.0,"POLYGON ((-120.15 13, -120.15 9.45, -122 9.45, -122.45 12.3, -120.15 13))"
14C,2022-11-25 03:55:00+00:00,2022-11-25 05:55:00+00:00,0.0,45000.0,"POLYGON ((-87.85454408090588 32.04452043292187, -88.36 30.73, -89.67890101227466 30.517442239622948, -89.12516467039455 31.711751551147827, -87.85454408090588 32.04452043292187))"
13C,2022-11-25 03:55:00+00:00,2022-11-25 05:55:00+00:00,0.0,45000.0,"POLYGON ((-93.11 30.14, -91.55539111628119 29.945486617907925, -95.26959760376809 27.83597631904846, -94.52991598859232 29.241871360836555, -93.11 30.14))"
15C,2022-11-25 03:55:00+00:00,2022-11-25 05:55:00+00:00,0.0,30000.0,"POLYGON ((-103.36763057742664 34.718663082252085, -101.48403889577132 34.05219171842209, -101.681641233936 33.238675042336375, -103.54874212777925 33.90974659870893, -103.36763057742664 34.718663082252085))"
16C,2022-11-25 04:55:00+00:00,2022-11-25 06:55:00+00:00,0.0,45000.0,"POLYGON ((-92.7745568091543 31.02442689702429, -91.3 29.814524177054434, -95.11427998141316 27.695978643763755, -94.84104837561198 28.883088123032397, -92.7745568091543 31.02442689702429))"
17C,2022-11-25 04:55:00+00:00,2022-11-25 06:55:00+00:00,0.0,45000.0,"POLYGON ((-87.49986435291882 32.21452021656015, -87.77936806444451 30.728707724630137, -90 30.182737911472785, -88.8 31.88089313279082, -87.49986435291882 32.21452021656015))"
19C,2022-11-25 05:55:00+00:00,2022-11-25 07:55:00+00:00,0.0,45000.0,"POLYGON ((-88.26426509233373 33.69421182099819, -85.21 32.47171624231643, -86.68 30.6854290605791, -90.0637023889716 29.716418580801147, -88.26426509233373 33.69421182099819))"
1E,2022-11-25 05:55:00+00:00,2022-11-25 07:55:00+00:00,0.0,45000.0,"POLYGON ((-87.19331025105335 29.75305350671482, -84.93326234313339 29.169065141989194, -86.95104442911648 26.31991601602935, -87.72296114102724 27.04152715334124, -87.19331025105335 29.75305350671482))"
18C,2022-11-25 05:55:00+00:00,2022-11-25 07:55:00+00:00,0.0,45000.0,"POLYGON ((-91.76169524609807 32.2844122343806, -90.11146107879333 30.992504756746637, -92.24249119671636 28.292691090479412, -94.98287760533132 27.577120497528707, -95.35 29.96, -91.76169524609807 32.2844122343806))"
FOXTROT 3,2022-11-25 06:15:00+00:00,2022-11-25 10:15:00+00:00,26000.0,41000.0,"POLYGON ((-142.3 45.3, -139.45 42.3, -148.45 32, -151.45 34, -142.3 45.3))"
PAPA 1,2022-11-25 06:51:00+00:00,2022-11-25 10:55:00+00:00,0.0,55000.0,"POLYGON ((142 14.15, 144.15 13.45, 141.15 10, 138.3 11.3, 142 14.15))"
20C,2022-11-25 06:55:00+00:00,2022-11-25 08:55:00+00:00,0.0,45000.0,"POLYGON ((-91.35419219433754 32.518139442935905, -89.80786344175891 30.250559319055892, -91.92390204981227 28.50374976485027, -94.49327970476419 28.083961709858862, -94.03356693938133 29.804818258630387, -91.35419219433754 32.518139442935905))"
2E,2022-11-25 06:55:00+00:00,2022-11-25 08:55:00+00:00,0.0,45000.0,"POLYGON ((-86.68 30.164524177054425, -84.71621490712701 29.630964751439436, -86.47946496012229 25.880808862601217, -87.46456756136705 26.801454847773172, -86.68 30.164524177054425))"
21C,2022-11-25 06:55:00+00:00,2022-11-25 08:55:00+00:00,0.0,44000.0,"POLYGON ((-86.71544957575553 33.60619619351798, -84.51551862203509 32.12091646371472, -88.72742467651932 29.960957988443386, -88.72448294771131 32.53368237205261, -86.71544957575553 33.60619619351798))"
GOLF 2,2022-11-25 07:55:00+00:00,2022-11-25 11:55:00+00:00,0.0,52000.0,"POLYGON ((-120 15, -120 10.45, -130 4, -133.45 7.45, -120 15))"
3E,2022-11-25 07:55:00+00:00,2022-11-25 09:55:00+00:00,0.0,45000.0,"POLYGON ((-86.38530161259438 30.21484687132116, -84.35 29.73452417705442, -85.8035731575662 26.152699047847012, -87.33578137366585 26.68124313926539, -86.38530161259438 30.21484687132116))"
22C,2022-11-25 07:55:00+00:00,2022-11-25 09:55:00+00:00,0.0,45000.0,"POLYGON ((-90.33463297153475 31.453683299092617, -89.28932830451531 30.102763848205786, -92.2175387169117 27.281125564916028, -94.74064956887278 28.177940597052682, -90.33463297153475 31.453683299092617))"
23C,2022-11-25 07:55:00+00:00,2022-11-25 09:55:00+00:00,0.0,45000.0,"POLYGON ((-86.1980196451252 33.079809490703184, -83.9288286615761 32.454410225148024, -87.91977605708156 29.807027638847178, -89.0401522108739 30.140023192072924, -86.1980196451252 33.079809490703184))"
4E,2022-11-25 08:55:00+00:00,2022-11-25 10:55:00+00:00,0.0,45000.0,"POLYGON ((-85.72911489226969 30.003041815754777, -83.58868559156559 29.128350165705992, -85.8035731575662 26.152699047847012, -87.46456756136705 26.801454847773172, -85.72911489226969 30.003041815754777))"
24C,2022-11-25 08:55:00+00:00,2022-11-25 10:55:00+00:00,0.0,45000.0,"POLYGON ((-90.4085389212067 30.992504756746637, -89.46936934992422 29.657939352814758, -92.73543243863294 26.801454847773172, -93.11 29.141786265581647, -90.4085389212067 30.992504756746637))"
5E,2022-11-25 09:55:00+00:00,2022-11-25 11:55:00+00:00,0.0,45000.0,"POLYGON ((-85.16251131067045 29.691641457176388, -82.68 28.741844778681966, -84.95429285689976 26.488098979713477, -87.46456756136705 26.801454847773172, -85.16251131067045 29.691641457176388))"
25C,2022-11-25 09:55:00+00:00,2022-11-25 11:55:00+00:00,0.0,45000.0,"POLYGON ((-89.71201448424335 30.82827374498559, -89.57087705355593 29.36995977389581, -93.11 26.64625192953576, -92.60016230244482 29.063081009224742, -89.71201448424335 30.82827374498559))"
PAPA 2,2022-11-25 10:02:00+00:00,2022-11-25 14:05:00+00:00,0.0,55000.0,"POLYGON ((139 14.45, 143.15 14.15, 140.3 10.15, 137.3 10.45, 139 14.45))"
FOXTROT 4,2022-11-25 10:15:00+00:00,2022-11-25 14:15:00+00:00,26000.0,41000.0,"POLYGON ((-140.15 46, -138.15 43, -148.15 31, -150.45 33.45, -140.15 46))"
HOTEL 1,2022-11-25 10:55:00+00:00,2022-11-25 14:55:00+00:00,0.0,45000.0,"POLYGON ((-90.3 28.15, -93 25.15, -94.3 26, -93 28.15, -90.3 28.15))"
26C,2022-11-25 10:55:00+00:00,2022-11-25 12:55:00+00:00,0.0,45000.0,"POLYGON ((-89.78350418143441 30.890211739734184, -87.91375506429314 29.794273484968834, -91.83072007285722 27.635482900077008, -93.11 28.116006848107485, -89.78350418143441 30.890211739734184))"
6E,2022-11-25 10:55:00+00:00,2022-11-25 12:55:00+00:00,0.0,45000.0,"POLYGON ((-85.73542997423891 28.828408371394563, -84.18606389676764 27.90181228263276, -84.95429285689976 26.488098979713477, -87.33578137366585 26.68124313926539, -85.73542997423891 28.828408371394563))"
GOLF 3,2022-11-25 11:55:00+00:00,2022-11-25 15:55:00+00:00,0.0,52000.0,"POLYGON ((-120 15, -120 10.45, -129.45 4, -140 6.45, -140 9.3, -131.45 8.45, -120 15))"
28C,2022-11-25 11:55:00+00:00,2022-11-25 13:55:00+00:00,0.0,32000.0,"POLYGON ((-100.33412200887581 32.31313634842084, -98.2148777297038 31.988470197374934, -98.71327927040986 29.105494893387814, -100.18645493357589 28.847595102875545, -101.47803773442364 29.971492633296922, -100.33412200887581 32.31313634842084))"
8E,2022-11-25 11:55:00+00:00,2022-11-25 13:55:00+00:00,0.0,41000.0,"POLYGON ((-77.4669795769372 34.349339694185325, -76.60350539699624 33.28469139114844, -78.79928014299323 27.66973798985201, -80.5679002798478 29.76946774451852, -79.48968410151325 33.07979535164336, -77.4669795769372 34.349339694185325))"
7E,2022-11-25 11:55:00+00:00,2022-11-25 13:55:00+00:00,0.0,45000.0,"POLYGON ((-84.86113196711594 29.3230706897234, -83.08068661098241 28.26234197614724, -84.95429285689976 26.488098979713477, -87.72296114102724 27.04152715334124, -84.86113196711594 29.3230706897234))"
27C,2022-11-25 11:55:00+00:00,2022-11-25 13:55:00+00:00,0.0,45000.0,"POLYGON ((-89.32770451625778 30.726410429325952, -87.19331025105335 29.75305350671482, -90.1 28.181786265581643, -93.11 28.143572531163294, -89.32770451625778 30.726410429325952))"
9E,2022-11-25 12:55:00+00:00,2022-11-25 14:55:00+00:00,0.0,44000.0,"POLYGON ((-85.80676761458878 28.98261148211376, -83.48538984229353 28.67706062448368, -83.92864455277763 26.88389790060833, -87.33578137366585 26.68124313926539, -85.80676761458878 28.98261148211376))"
10E,2022-11-25 12:55:00+00:00,2022-11-25 14:55:00+00:00,0.0,43000.0,"POLYGON ((-76.72525009349638 35.18282238171873, -76.02243555084308 33.699426699793655, -78.74418212207864 28.30571205617317, -79.96538687754567 29.295120554181896, -78.93700344819342 33.26716295831988, -76.72525009349638 35.18282238171873))"
29C,2022-11-25 12:55:00+00:00,2022-11-25 14:55:00+00:00,0.0,45000.0,"POLYGON ((-88.13672707888432 31.19092359563577, -87.84720056099208 29.653057515835197, -89.5947954092635 28.10311866850767, -92.24249119671636 28.292691090479412, -88.13672707888432 31.19092359563577))"
31C,2022-11-25 13:55:00+00:00,2022-11-25 15:55:00+00:00,0.0,44000.0,"POLYGON ((-95.9169413663424 28.420132971291444, -95.77379126906507 28.28046175145898, -96.99555516694846 27.028266624633723, -97.13870526422579 27.167937844466188, -95.9169413663424 28.420132971291444))"
30C,2022-11-25 13:55:00+00:00,2022-11-25 15:55:00+00:00,0.0,45000.0,"POLYGON ((-88.36 30.73, -87.77484681867278 29.499047987964754, -89.5947954092635 28.10311866850767, -92.24249119671636 28.292691090479412, -88.36 30.73))"
FOXTROT 5,2022-11-25 14:15:00+00:00,2022-11-25 18:15:00+00:00,28000.0,39000.0,"POLYGON ((-138.45 43.45, -137.3 42.15, -148.3 32.15, -149.45 34, -138.45 43.45))"
HOTEL 2,2022-11-25 14:55:00+00:00,2022-11-25 18:55:00+00:00,0.0,46000.0,"POLYGON ((-92.45 28.15, -89.3 28.15, -93.15 25.15, -95 25.45, -92.45 28.15))"
33C,2022-11-25 14:55:00+00:00,2022-11-25 16:55:00+00:00,0.0,44000.0,"POLYGON ((-95.3930694037494 28.825236999448894, -95.24800444529097 28.687555636049705, -97.64934165634585 26.157439183350693, -97.79440661480427 26.29512054674988, -95.3930694037494 28.825236999448894))"
32C,2022-11-25 14:55:00+00:00,2022-11-25 16:55:00+00:00,0.0,43000.0,"POLYGON ((-87.64663809331013 30.473382534849762, -87.70271283051545 29.344999420502862, -89.5947954092635 28.10311866850767, -91.30037076406397 28.11588683181027, -89.95371867628029 29.487330241858594, -87.64663809331013 30.473382534849762))"
GOLF 4,2022-11-25 15:55:00+00:00,2022-11-25 19:55:00+00:00,0.0,52000.0,"POLYGON ((-121 14.3, -120.3 9.45, -132.3 4.3, -140 6.15, -139.45 9.3, -133 8.45, -121 14.3))"
11E,2022-11-25 15:55:00+00:00,2022-11-25 17:55:00+00:00,0.0,45000.0,"POLYGON ((-76.18 34.92904835410885, -73.7612320341291 34.23553982536499, -76.74368634706377 32.03923455358845, -77.87 32.85267939837247, -76.18 34.92904835410885))"
34C,2022-11-25 15:55:00+00:00,2022-11-25 17:55:00+00:00,0.0,41000.0,"POLYGON ((-94.98536704089454 29.19097370021501, -94.14072206785194 28.89571439440994, -97.55080385777075 25.856233288375403, -98.23679066635434 26.235811923653003, -94.98536704089454 29.19097370021501))"
QUEBEC 1,2022-11-25 16:29:00+00:00,2022-11-25 20:25:00+00:00,0.0,53000.0,"POLYGON ((145 18.45, 146.3 16.15, 145.3 15, 142.3 16.3, 142.45 18.15, 145 18.45))"
12E,2022-11-25 16:55:00+00:00,2022-11-25 18:55:00+00:00,0.0,45000.0,"POLYGON ((-75.45596850153912 35.669609064995846, -73.7612320341291 34.23553982536499, -76.81696033297256 32.19359480289175, -77.18711036928703 32.96475210855679, -75.45596850153912 35.669609064995846))"
35C,2022-11-25 16:55:00+00:00,2022-11-25 18:55:00+00:00,0.0,45000.0,"POLYGON ((-94.67505309718783 29.370077028106515, -93.76353843840683 28.75503802079858, -96.32512154323537 26.857295350419385, -97.08231884220393 27.1310146120481, -94.67505309718783 29.370077028106515))"
13E,2022-11-25 17:55:00+00:00,2022-11-25 19:55:00+00:00,0.0,44000.0,"POLYGON ((-74.47702885257405 35.67489660334179, -73.7612320341291 34.23553982536499, -76.05057862301025 32.80714986095124, -76.46471044237626 33.165535224984644, -74.47702885257405 35.67489660334179))"
36C,2022-11-25 17:55:00+00:00,2022-11-25 19:55:00+00:00,0.0,45000.0,"POLYGON ((-94.17227936058497 29.753723960894575, -93.76353843840683 28.75503802079858, -96.72271189284375 26.50671793071436, -96.57295406945944 27.57895533621855, -94.17227936058497 29.753723960894575))"
38C,2022-11-25 18:55:00+00:00,2022-11-25 20:55:00+00:00,,,"POLYGON ((-95.6030505110528 29.872305616171527, -96.51633416420604 28.948652961410218, -96.53785385468908 28.91602521511058, -97.61550544355059 26.267032436066746, -96.37411678891597 28.80803213021654, -95.46083313576273 29.731684784977848, -97.43024868729445 26.191667097472344, -96.35259709843294 28.840659876516177, -95.6030505110528 29.872305616171527))"
14E,2022-11-25 18:55:00+00:00,2022-11-25 20:55:00+00:00,0.0,42000.0,"POLYGON ((-73.29229546766555 36.225287081814514, -74.20321198508454 33.021772604324156, -75.63977936421509 32.44741231928447, -76.46471044237626 33.165535224984644, -73.29229546766555 36.225287081814514))"
37C,2022-11-25 18:55:00+00:00,2022-11-25 20:55:00+00:00,0.0,45000.0,"POLYGON ((-93.68712995242373 30.138737836651895, -93.11 29.141786265581647, -96.38420950841589 26.954859640686184, -96.57295406945944 27.57895533621855, -93.68712995242373 30.138737836651895))"
GOLF 5,2022-11-25 19:55:00+00:00,2022-11-25 23:55:00+00:00,0.0,52000.0,"POLYGON ((-127.15 11.45, -122.15 8.3, -128.15 5.45, -137.45 4.3, -138.3 9.15, -132.3 8.3, -127.15 11.45))"
41C,2022-11-25 19:55:00+00:00,2022-11-25 21:55:00+00:00,0.0,36000.0,"POLYGON ((-96.1029907066435 30.01014347909708, -95.93194561661328 29.906492250563332, -97.35447745498489 27.559032506891334, -97.52552254501511 27.662683735425084, -96.1029907066435 30.01014347909708))"
40C,2022-11-25 19:55:00+00:00,2022-11-25 21:55:00+00:00,0.0,45000.0,"POLYGON ((-96.11729014682578 26.472407277583134, -95.95831047238764 26.35105875836867, -96.3360839681277 25.85613465255433, -96.49506364256584 25.977483171768796, -96.11729014682578 26.472407277583134))"
39C,2022-11-25 19:55:00+00:00,2022-11-25 21:55:00+00:00,0.0,43000.0,"POLYGON ((-92.40089692444066 29.88342798996715, -93.11 28.143572531163294, -95.59412167759774 27.221068773946314, -96.31 27.928155221318043, -94.81878765677166 29.767934630286774, -92.40089692444066 29.88342798996715))"
QUEBEC 2,2022-11-25 20:12:00+00:00,2022-11-26 00:10:00+00:00,0.0,52000.0,"POLYGON ((142.3 18.45, 145.15 18.45, 146.3 18, 146 15.3, 143.15 15.45, 142.15 17.15, 142.3 18.45))"
44C,2022-11-25 20:55:00+00:00,2022-11-25 22:55:00+00:00,,,"POLYGON ((-96.62296813563964 28.90847412379263, -97.20494687207584 27.8838911754394, -97.42840306521532 27.71677058207975, -96.46803049163344 28.782005445971578, -97.1873698402845 27.900737879636647, -97.54818664563885 27.8769326682953, -97.32473045249937 28.04405326165495, -97.3423074842907 28.0272065574577, -96.62296813563964 28.90847412379263))"
43C,2022-11-25 20:55:00+00:00,2022-11-25 22:55:00+00:00,0.0,44000.0,"POLYGON ((-96.32512154323537 26.857295350419385, -95.31592195356453 26.66934544294576, -95.53035642193852 25.908262357574902, -96.27016671874976 25.91577412410946, -96.32512154323537 26.857295350419385))"
42C,2022-11-25 20:55:00+00:00,2022-11-25 22:55:00+00:00,0.0,45000.0,"POLYGON ((-94.27786274972168 30.23701489156094, -92.75498991222597 30.01218912597088, -93.11 28.143572531163294, -95.8780275270073 27.837084685876338, -96.0422135367056 28.5244548834196, -94.27786274972168 30.23701489156094))"
46C,2022-11-25 21:55:00+00:00,2022-11-25 23:55:00+00:00,0.0,43000.0,"POLYGON ((-95.040822867339 27.629581148473864, -95.61196062219695 25.909275225517405, -96.95276250310923 24.98441299330404, -96.40766272627792 26.9761169943968, -95.040822867339 27.629581148473864))"
45C,2022-11-25 21:55:00+00:00,2022-11-25 23:55:00+00:00,0.0,43000.0,"POLYGON ((-96.31 29.75821373441836, -92.67233460550203 29.217044952265425, -92.02331061961289 28.465932883794697, -97.83804421273247 27.54650673740423, -96.31 29.75821373441836))"
47C,2022-11-25 22:55:00+00:00,2022-11-26 00:55:00+00:00,0.0,45000.0,"POLYGON ((-96.31 29.75821373441836, -92.67233460550203 29.217044952265425, -92.02331061961289 28.465932883794697, -97.83804421273247 27.54650673740423, -96.31 29.75821373441836))"
48C,2022-11-25 22:55:00+00:00,2022-11-26 00:55:00+00:00,0.0,45000.0,"POLYGON ((-94.22136997788162 27.979957013594845, -95.34542041148606 25.90579781062176, -96.72923812990678 25.330347071202542, -95.9495057334155 27.990997723205563, -94.22136997788162 27.979957013594845))"
49C,2022-11-25 22:55:00+00:00,2022-11-26 00:55:00+00:00,0.0,30000.0,"POLYGON ((-102.19 32.01, -100.45 31.37, -99.82 30.6, -100.77000000000001 30.191844778681965, -102.98 30.95, -102.96224345147176 32.104979459096896, -102.19 32.01))"
QUEBEC 3,2022-11-25 23:49:00+00:00,2022-11-26 03:50:00+00:00,0.0,52000.0,"POLYGON ((142.3 18.45, 145.15 18.45, 146.3 18, 146 15.3, 143.15 15.45, 142.15 17.15, 142.3 18.45))"
ALFA 1,2022-11-25 23:55:00+00:00,2022-11-26 03:55:00+00:00,,,"POLYGON ((177.15 34, -180 33.3, 178 30, 174.3 30, 177.15 34))"
51C,2022-11-25 23:55:00+00:00,2022-11-26 01:55:00+00:00,0.0,45000.0,"POLYGON ((-94.56734362335169 28.112163378606606, -95.68024184984624 25.27344403199783, -96.86648038934017 26.110094613862955, -95.9495057334155 27.990997723205563, -94.56734362335169 28.112163378606606))"
52C,2022-11-25 23:55:00+00:00,2022-11-26 01:55:00+00:00,0.0,30000.0,"POLYGON ((-100.22519284524951 31.830918703017723, -99.82 30.6, -100.2399372876645 29.549952084764303, -101.27054920329921 30.66154296484334, -101.22939376873013 31.36764383058726, -100.22519284524951 31.830918703017723))"
50C,2022-11-25 23:55:00+00:00,2022-11-26 01:55:00+00:00,0.0,45000.0,"POLYGON ((-97.12237399713786 30.026445469614444, -92.299577213894 29.431667532541404, -91.84955358391116 28.531968360228927, -97.44 27.9, -97.12237399713786 30.026445469614444))"
2C,2022-11-26 00:55:00+00:00,2022-11-26 02:55:00+00:00,0.0,39000.0,"POLYGON ((-93.11 28.549719666370162, -96.09411645212177 25.914327098935846, -96.93385752529858 26.08529143472486, -96.31 28.32628718173732, -93.11 28.549719666370162))"
3C,2022-11-26 00:55:00+00:00,2022-11-26 02:55:00+00:00,0.0,30000.0,"POLYGON ((-99.86 32.48, -99.34692648033523 30.19023577213862, -100.96118999224991 29.760562060568724, -101.86612090242099 31.341757485981578, -99.86 32.48))"
1C,2022-11-26 00:55:00+00:00,2022-11-26 02:55:00+00:00,0.0,45000.0,"POLYGON ((-95.26718923442753 30.68828013873573, -91.84955358391116 28.531968360228927, -96.52692285178695 28.298712267441747, -97.12237399713786 30.026445469614444, -95.26718923442753 30.68828013873573))"
INDIA 1,2022-11-26 01:00:00+00:00,2022-11-26 05:00:00+00:00,29000.0,39000.0,"POLYGON ((-46.45 31.3, -43.45 29, -50.3 21.15, -54.3 24.45, -46.45 31.3))"
4C,2022-11-26 01:55:00+00:00,2022-11-26 03:55:00+00:00,0.0,45000.0,"POLYGON ((-94.80426841489385 30.429438006359266, -91.67557902191953 28.59778243474089, -96.08520567672318 25.914248203128036, -98.09649557428806 28.870980160276076, -94.80426841489385 30.429438006359266))"
5C,2022-11-26 01:55:00+00:00,2022-11-26 03:55:00+00:00,0.0,30000.0,"POLYGON ((-99.31222333815627 32.66981417587036, -98.82909601567157 30.408013300001226, -99.82 30.100893132790823, -100.76780519622311 32.15840686504874, -99.31222333815627 32.66981417587036))"
INDIA 2,2022-11-26 02:40:00+00:00,2022-11-26 06:40:00+00:00,29000.0,39000.0,"POLYGON ((-43.15 35.45, -40.3 33, -46.45 24.15, -50.3 26, -43.15 35.45))"
6C,2022-11-26 02:55:00+00:00,2022-11-26 04:55:00+00:00,0.0,39000.0,"POLYGON ((-96.31012243276145 29.956519387931614, -94.33009926535189 26.980996567516318, -96.88891394701311 24.843241788946777, -97.6943482415169 29.637801042878127, -96.31012243276145 29.956519387931614))"
7C,2022-11-26 02:55:00+00:00,2022-11-26 04:55:00+00:00,0.0,31000.0,"POLYGON ((-98.94575117331155 32.795030997392566, -98.24453399394872 30.632722857940212, -99.70867607748526 28.09452142081679, -100.77 29.36, -99.86 32.48, -98.94575117331155 32.795030997392566))"
ALFA 2,2022-11-26 03:55:00+00:00,2022-11-26 07:55:00+00:00,0.0,44000.0,"POLYGON ((-178.45 36, 173.45 30.15, 176.15 30, -176.45 33, -176.3 35.45, -178.45 36))"
9C,2022-11-26 03:55:00+00:00,2022-11-26 05:55:00+00:00,0.0,37000.0,"POLYGON ((-98.59 33.99, -98.02444373483362 28.717059469156037, -99.42 27.48, -100.77 29.36, -99.86 32.48, -98.59 33.99))"
8C,2022-11-26 03:55:00+00:00,2022-11-26 05:55:00+00:00,0.0,45000.0,"POLYGON ((-96.17056413645045 30.66330160295102, -93.97750880328364 28.292691090479412, -95.17388864993673 25.075686334588067, -97.38 25.92, -98.10675705785278 29.512198675941516, -96.17056413645045 30.66330160295102))"
TANGO 1,2022-11-26 04:33:00+00:00,2022-11-26 08:30:00+00:00,0.0,56000.0,"POLYGON ((133.3 14, 136.3 14.15, 135.15 12, 133.3 12.3, 133.3 14))"
10C,2022-11-26 04:55:00+00:00,2022-11-26 06:55:00+00:00,0.0,45000.0,"POLYGON ((-99.82 30.6, -94.80426841489385 30.429438006359266, -93.97750880328364 28.292691090479412, -95.34542041148606 25.90579781062176, -97.38 25.92, -100.77 29.36, -99.82 30.6))"
INDIA 3,2022-11-26 05:50:00+00:00,2022-11-26 09:50:00+00:00,29000.0,39000.0,"POLYGON ((-40 36.45, -40 31.3, -47.15 23, -50 24, -40 36.45))"
12C,2022-11-26 05:55:00+00:00,2022-11-26 07:55:00+00:00,0.0,35000.0,"POLYGON ((-99.2282267770388 32.25712182242798, -97.78603822055454 27.592886835540096, -99.42 27.48, -100.77 29.36, -99.99077983744208 32.21280008803832, -99.2282267770388 32.25712182242798))"
14C,2022-11-26 05:55:00+00:00,2022-11-26 07:55:00+00:00,0.0,30000.0,"POLYGON ((-98.74623035296969 36.0705276888365, -99.07421621813721 34.15502678466491, -102.96389115680486 34.39771036148948, -102.39720156103232 35.90100927862318, -98.74623035296969 36.0705276888365))"
1E,2022-11-26 05:55:00+00:00,2022-11-26 07:55:00+00:00,0.0,30000.0,"POLYGON ((-80.23148116329597 28.97879293310473, -77.33292425561181 28.79014587564077, -79.05441703746935 27.05824119087265, -79.95631689135558 28.149539118733205, -80.23148116329597 28.97879293310473))"
11C,2022-11-26 05:55:00+00:00,2022-11-26 07:55:00+00:00,0.0,43000.0,"POLYGON ((-99.13324003092005 32.223244372259146, -95.88646819119171 31.15474239179492, -94.07093098050963 26.74170788992153, -97.38 25.92, -99.13324003092005 32.223244372259146))"
13C,2022-11-26 05:55:00+00:00,2022-11-26 07:55:00+00:00,0.0,32000.0,"POLYGON ((-95.88646819119171 31.15474239179492, -91.3 30.48, -93.90639357049436 28.446843926913996, -94.56734362335169 28.112163378606606, -95.88646819119171 31.15474239179492))"
2E,2022-11-26 06:55:00+00:00,2022-11-26 08:55:00+00:00,0.0,36000.0,"POLYGON ((-77.68695586025213 28.670408845141342, -79.05441703746935 27.05824119087265, -79.95631689135558 28.149539118733205, -79.55298265182502 28.500327787280437, -77.68695586025213 28.670408845141342))"
18C,2022-11-26 06:55:00+00:00,2022-11-26 08:55:00+00:00,0.0,30000.0,"POLYGON ((-100.64575567690669 36.59222707141659, -100.11572438597068 35.878653405358904, -103.27006109576786 34.85216939819043, -102.51237985749506 35.99272132538199, -100.64575567690669 36.59222707141659))"
17C,2022-11-26 06:55:00+00:00,2022-11-26 08:55:00+00:00,0.0,35000.0,"POLYGON ((-94.05769235839675 31.82990200716841, -92.02331061961289 28.465932883794697, -94.56734362335169 28.112163378606606, -95.88646819119171 31.15474239179492, -94.05769235839675 31.82990200716841))"
16C,2022-11-26 06:55:00+00:00,2022-11-26 08:55:00+00:00,0.0,36000.0,"POLYGON ((-99.15812776515703 33.06625800447078, -97.83804421273247 27.54650673740423, -99.20560227319294 27.01872133360537, -100.77 29.36, -100.01043167760433 32.17250074110116, -99.15812776515703 33.06625800447078))"
15C,2022-11-26 06:55:00+00:00,2022-11-26 08:55:00+00:00,0.0,45000.0,"POLYGON ((-99.15812776515703 33.06625800447078, -95.88646819119171 31.15474239179492, -94.07093098050963 26.74170788992153, -97.38 25.92, -99.15812776515703 33.06625800447078))"
TANGO 2,2022-11-26 07:21:00+00:00,2022-11-26 11:20:00+00:00,0.0,56000.0,"POLYGON ((132.15 13.3, 136.15 17, 137 16.3, 134.15 12.45, 132.15 13.3))"
ALFA 3,2022-11-26 07:55:00+00:00,2022-11-26 11:55:00+00:00,0.0,44000.0,"POLYGON ((-176.45 38, 177 33.15, 177.15 30.15, -173.15 35.15, -176.45 38))"
3E,2022-11-26 07:55:00+00:00,2022-11-26 09:55:00+00:00,0.0,31000.0,"POLYGON ((-77.86366744383696 28.610195383562644, -76.9624293609499 27.791649315363067, -79.42827635773726 27.266667586075645, -79.8221676335047 28.26660028191138, -77.86366744383696 28.610195383562644))"
21C,2022-11-26 07:55:00+00:00,2022-11-26 09:55:00+00:00,0.0,41000.0,"POLYGON ((-94.30603082177385 31.512259913371345, -92.38492925237696 28.600959686264062, -94.59037090046141 27.219809247872945, -96.0808613819834 31.152843948094596, -94.30603082177385 31.512259913371345))"
20C,2022-11-26 07:55:00+00:00,2022-11-26 09:55:00+00:00,0.0,42000.0,"POLYGON ((-97.72632266853579 34.017743509894764, -97.29550783166961 28.20733436218424, -99.20560227319294 27.01872133360537, -100.77 29.36, -99.51342413560543 33.6682140965486, -97.72632266853579 34.017743509894764))"
19C,2022-11-26 07:55:00+00:00,2022-11-26 09:55:00+00:00,0.0,45000.0,"POLYGON ((-97.63423636974137 32.86859529160735, -96.62146975111584 32.51638078898611, -94.59037090046141 27.219809247872945, -97.01004771500816 25.919530440197065, -97.63423636974137 32.86859529160735))"
4E,2022-11-26 08:55:00+00:00,2022-11-26 10:55:00+00:00,0.0,34000.0,"POLYGON ((-79.68772347455695 28.383530149328113, -78.56848498931308 28.36706140272879, -76.9624293609499 27.791649315363067, -79.2274954426497 26.99572638673913, -79.68772347455695 28.383530149328113))"
22C,2022-11-26 08:55:00+00:00,2022-11-26 10:55:00+00:00,0.0,45000.0,"POLYGON ((-97.58782566612066 32.677805704930506, -95.80205953072348 31.53747738328739, -94.39425047683054 28.04616856105403, -97.01004771500816 25.919530440197065, -97.58782566612066 32.677805704930506))"
24C,2022-11-26 08:55:00+00:00,2022-11-26 10:55:00+00:00,0.0,35000.0,"POLYGON ((-95.80205953072348 31.53747738328739, -92.85913353701471 31.13216737841999, -93.11 28.642679398372472, -94.39425047683054 28.04616856105403, -95.80205953072348 31.53747738328739))"
23C,2022-11-26 08:55:00+00:00,2022-11-26 10:55:00+00:00,0.0,38000.0,"POLYGON ((-97.6 34.90089313279083, -97.17319299687898 28.13502423335529, -99.42 27.812737911472787, -98.99130515265765 33.9893485621589, -97.6 34.90089313279083))"
UNIFORM 1,2022-11-26 08:57:00+00:00,2022-11-26 12:55:00+00:00,0.0,59000.0,"POLYGON ((132.45 12, 134.45 11.45, 134.45 10.3, 133 10.15, 132.45 12))"
INDIA 4,2022-11-26 09:50:00+00:00,2022-11-26 13:50:00+00:00,29000.0,39000.0,"POLYGON ((-40 32.3, -40 28.45, -47.15 20.15, -47.45 23.45, -40 32.3))"
26C,2022-11-26 09:55:00+00:00,2022-11-26 11:55:00+00:00,0.0,37000.0,"POLYGON ((-98.78924160548745 33.58914083079105, -97.04 32.87, -96.76780974868475 28.925203122343977, -98.46 28.77257436347464, -98.78924160548745 33.58914083079105))"
25C,2022-11-26 09:55:00+00:00,2022-11-26 11:55:00+00:00,0.0,45000.0,"POLYGON ((-95.4803928056752 32.67256073786884, -93.90639357049436 28.446843926913996, -95.90024978959222 25.91248758424627, -96.8250734143528 25.918943496784934, -97.04448137796491 32.12091646371472, -95.4803928056752 32.67256073786884))"
27C,2022-11-26 09:55:00+00:00,2022-11-26 11:55:00+00:00,0.0,31000.0,"POLYGON ((-92.79988211775628 31.8744716170871, -92.5 30.760893132790827, -94.28961956858002 29.57375484141141, -94.72 30.660893132790825, -92.79988211775628 31.8744716170871))"
29C,2022-11-26 10:55:00+00:00,2022-11-26 12:55:00+00:00,0.0,39000.0,"POLYGON ((-98.45696524459963 33.722796087143564, -95.01372854074512 32.95399013768139, -96.1213911097752 28.359170723477217, -98.46 29.64, -98.45696524459963 33.722796087143564))"
28C,2022-11-26 10:55:00+00:00,2022-11-26 12:55:00+00:00,0.0,45000.0,"POLYGON ((-95.49766144015928 31.157663216393814, -93.48101024629364 30.90800287171403, -93.11 29.141786265581647, -95.90024978959222 25.91248758424627, -96.64010132378722 25.918121787845177, -95.49766144015928 31.157663216393814))"
JULIETT 1,2022-11-26 11:05:00+00:00,2022-11-26 15:05:00+00:00,0.0,45000.0,"POLYGON ((-94 28.3, -90.3 28.15, -93.15 24.3, -95.45 26, -95 27.45, -94 28.3))"
31C,2022-11-26 11:55:00+00:00,2022-11-26 13:55:00+00:00,0.0,39000.0,"POLYGON ((-98.43697859494392 33.682495447604516, -95.05376835309352 33.03445552378545, -96.09307714821306 28.298712267441747, -97.94058048361798 30.73228010495411, -98.43697859494392 33.682495447604516))"
30C,2022-11-26 11:55:00+00:00,2022-11-26 13:55:00+00:00,0.0,45000.0,"POLYGON ((-95.49766144015928 31.157663216393814, -93.48101024629364 30.90800287171403, -92.67233460550203 29.217044952265425, -95.90024978959222 25.91248758424627, -96.64010132378722 25.918121787845177, -95.49766144015928 31.157663216393814))"
UNIFORM 2,2022-11-26 12:20:00+00:00,2022-11-26 16:20:00+00:00,0.0,57000.0,"POLYGON ((132.3 13, 135 13, 135 10.45, 132.45 10.45, 132.3 13))"
33C,2022-11-26 12:55:00+00:00,2022-11-26 14:55:00+00:00,0.0,34000.0,"POLYGON ((-98.73208032563304 34.10755899080383, -94.99511292242823 33.82489832260137, -95.95890514115996 28.8868795036864, -98.77140752299898 32.0933119476073, -98.73208032563304 34.10755899080383))"
32C,2022-11-26 12:55:00+00:00,2022-11-26 14:55:00+00:00,0.0,45000.0,"POLYGON ((-95.49766144015928 31.157663216393814, -92.14813132561663 30.136494069969416, -92.19685027122722 28.399676889285463, -94.56734362335169 28.112163378606606, -95.95890514115996 28.8868795036864, -95.49766144015928 31.157663216393814))"
INDIA 5,2022-11-26 13:50:00+00:00,2022-11-26 17:50:00+00:00,29000.0,39000.0,"POLYGON ((-40 28.15, -40 23.3, -45.15 19.45, -47.45 22, -40 28.15))"
34C,2022-11-26 13:55:00+00:00,2022-11-26 15:55:00+00:00,0.0,45000.0,"POLYGON ((-93.99959199237763 31.41266170720523, -92.08867435558442 30.906422997902656, -92.24249119671636 28.292691090479412, -94.39425047683054 28.04616856105403, -96.03298235946008 30.546441932338187, -93.99959199237763 31.41266170720523))"
35C,2022-11-26 14:55:00+00:00,2022-11-26 16:55:00+00:00,0.0,45000.0,"POLYGON ((-92.59516544037785 32.048217220072466, -91.52268679975741 30.940925488822053, -91.16819071059288 28.23463979765442, -94.39425047683054 28.04616856105403, -95.30325027510317 31.158685545666113, -92.59516544037785 32.048217220072466))"
JULIETT 2,2022-11-26 15:05:00+00:00,2022-11-26 19:05:00+00:00,0.0,47000.0,"POLYGON ((-89 28.15, -90.15 24.3, -93 24.3, -94.15 25, -93.3 28.15, -89 28.15))"
BRAVO 1,2022-11-26 15:10:00+00:00,2022-11-26 19:10:00+00:00,0.0,50000.0,"POLYGON ((-120.15 15.15, -120 7, -125.15 6.3, -130.15 10.45, -120.15 15.15))"
36C,2022-11-26 15:55:00+00:00,2022-11-26 17:55:00+00:00,0.0,45000.0,"POLYGON ((-92.93758580746363 32.8591452077371, -90.7406490484782 31.70801383062494, -90.47727622864093 28.37807481163178, -93.95118732543922 28.725889458662216, -94.72 30.870858121158207, -92.93758580746363 32.8591452077371))"
CHARLIE 1,2022-11-26 16:25:00+00:00,2022-11-26 20:25:00+00:00,,,"POLYGON ((-175.15 39.3, -178.45 37, 179.15 31.45, -175.3 32.45, -175.15 39.3))"
37C,2022-11-26 16:55:00+00:00,2022-11-26 18:55:00+00:00,0.0,45000.0,"POLYGON ((-92.18975920650547 33.06778779978601, -90.0353630458397 31.76091924142813, -90.1 28.348155221318038, -93.90639357049436 28.446843926913996, -94.42044253202285 31.774472985301784, -92.18975920650547 33.06778779978601))"
38C,2022-11-26 17:55:00+00:00,2022-11-26 19:55:00+00:00,0.0,45000.0,"POLYGON ((-92.31963602725068 32.9063703385024, -90.64747051503262 32.6198164596576, -88.89962923593602 28.11588683181027, -92.24249119671636 28.292691090479412, -93.49475512420265 30.139439034548282, -92.31963602725068 32.9063703385024))"
39C,2022-11-26 18:55:00+00:00,2022-11-26 20:55:00+00:00,0.0,45000.0,"POLYGON ((-91.81757510093813 33.574930814846994, -89.71899743046258 32.98817263217928, -88.89962923593602 28.11588683181027, -91.16819071059288 28.23463979765442, -92.64847669293799 30.952504891110653, -91.81757510093813 33.574930814846994))"
JULIETT 3,2022-11-26 19:05:00+00:00,2022-11-26 23:05:00+00:00,0.0,46000.0,"POLYGON ((-92.15 28.15, -88 28.15, -90 24.3, -93 24.3, -92 26.15, -92.15 28.15))"
KILO 1,2022-11-26 19:50:00+00:00,2022-11-26 23:50:00+00:00,0.0,48000.0,"POLYGON ((-52.45 36.15, -45 30.3, -56 25, -60.3 28.3, -52.45 36.15))"
40C,2022-11-26 19:55:00+00:00,2022-11-26 21:55:00+00:00,0.0,45000.0,"POLYGON ((-89.0778766102819 32.144413883393696, -88.89962923593602 28.11588683181027, -92.19685027122722 28.399676889285463, -91.74001902142996 31.90482411935296, -89.0778766102819 32.144413883393696))"
41C,2022-11-26 20:55:00+00:00,2022-11-26 22:55:00+00:00,0.0,45000.0,"POLYGON ((-90.64747051503262 32.6198164596576, -88.98213197685651 32.44353573685236, -88.36 29.232679398372472, -89.03180928940711 28.23463979765442, -91.16819071059288 28.23463979765442, -90.64747051503262 32.6198164596576))"
42C,2022-11-26 21:55:00+00:00,2022-11-26 23:55:00+00:00,0.0,43000.0,"POLYGON ((-90.1 32.09726208852722, -88.42621631038375 31.610923479170477, -87.6307966136423 29.190912175467794, -88.35044641608883 28.531968360228927, -91.03571626812398 28.35326538449789, -90.1 32.09726208852722))"
JULIETT 4,2022-11-26 22:50:00+00:00,2022-11-27 02:50:00+00:00,0.0,48000.0,"POLYGON ((-90.3 28.15, -88 28, -87.3 27.3, -86.45 27, -87.15 25.3, -91.45 25.3, -90.3 28.15))"
43C,2022-11-26 22:55:00+00:00,2022-11-27 00:55:00+00:00,0.0,45000.0,"POLYGON ((-88.24568083542877 31.908223781997542, -86.95333077212157 30.59443181186036, -87.48383353268672 28.199594628992333, -90.53366277448461 28.25707270258019, -89.87058799212693 31.29941256508346, -88.24568083542877 31.908223781997542))"
KILO 2,2022-11-26 23:40:00+00:00,2022-11-27 03:40:00+00:00,0.0,48000.0,"POLYGON ((-46 38, -42.45 36.15, -44.45 30, -56.15 26.15, -58 28, -46 38))"
44C,2022-11-26 23:55:00+00:00,2022-11-27 01:55:00+00:00,0.0,43000.0,"POLYGON ((-88.36 31.728213734418365, -86.68 30.83, -86.68 28.168096708217718, -90.1 28.348155221318038, -89.71201448424335 30.82827374498559, -88.36 31.728213734418365))"
1C,2022-11-27 00:55:00+00:00,2022-11-27 02:55:00+00:00,0.0,39000.0,"POLYGON ((-87.22523196645838 31.898439406737257, -86.45104764094744 27.79359522083806, -89.16428373187601 28.35326538449789, -88.65817976081344 31.3444788351749, -87.22523196645838 31.898439406737257))"
2C,2022-11-27 01:55:00+00:00,2022-11-27 03:55:00+00:00,0.0,45000.0,"POLYGON ((-87.2612358328858 30.82870258450018, -86.68 28.168096708217718, -89.03180928940711 28.23463979765442, -88.36 30.8963689557364, -87.2612358328858 30.82870258450018))"
JULIETT 5,2022-11-27 02:40:00+00:00,2022-11-27 06:40:00+00:00,0.0,45000.0,"POLYGON ((-89.45 28.15, -88 28.15, -87.3 27.3, -86.15 27.15, -87.15 26.15, -90.3 26.15, -89.45 28.15))"
4C,2022-11-27 02:55:00+00:00,2022-11-27 04:55:00+00:00,0.0,35000.0,"POLYGON ((-90.73509092986318 37.50294730781047, -90.23 37.09171624231643, -90.95 36.11, -91.58683389145921 36.61945456933378, -92.05686677254812 37.35317730086255, -90.73509092986318 37.50294730781047))"
3C,2022-11-27 02:55:00+00:00,2022-11-27 04:55:00+00:00,0.0,45000.0,"POLYGON ((-87.71259602304839 31.993329976444404, -86.61901039387087 31.604828217834875, -86.68 28.168096708217718, -89.03180928940711 28.23463979765442, -87.71259602304839 31.993329976444404))"
KILO 3,2022-11-27 03:35:00+00:00,2022-11-27 07:35:00+00:00,0.0,48000.0,"POLYGON ((-46.15 39.15, -41.45 37.3, -44 29.3, -56.15 26, -57.3 27, -47.45 33.45, -46.15 39.15))"
7C,2022-11-27 03:55:00+00:00,2022-11-27 05:55:00+00:00,0.0,45000.0,"POLYGON ((-87.19331025105335 29.75305350671482, -86.02206625453677 29.444992833966868, -87.98246128308828 27.281125564916028, -88.63614510363612 27.87800241321844, -87.19331025105335 29.75305350671482))"
5C,2022-11-27 03:55:00+00:00,2022-11-27 05:55:00+00:00,0.0,45000.0,"POLYGON ((-87.22523196645838 31.898439406737257, -85.94685617538487 31.450926878077023, -86.68 30.330893132790813, -88.1388533192434 30.268697876454265, -87.22523196645838 31.898439406737257))"
6C,2022-11-27 03:55:00+00:00,2022-11-27 05:55:00+00:00,0.0,35000.0,"POLYGON ((-91.20507588307635 37.984327291508095, -89.32 36.352737911472786, -90.38062277967303 35.91765186208282, -91.86493596591734 37.35096498799105, -91.20507588307635 37.984327291508095))"
2E,2022-11-27 04:55:00+00:00,2022-11-27 06:55:00+00:00,0.0,45000.0,"POLYGON ((-87.06339876133848 30.028038465582657, -85.29034616553308 29.578814822750168, -87.22308274277363 28.098107193817892, -88.27609795018772 28.50374976485027, -87.06339876133848 30.028038465582657))"
1E,2022-11-27 04:55:00+00:00,2022-11-27 06:55:00+00:00,0.0,39000.0,"POLYGON ((-87.04469471153226 31.963265228540692, -85.94685617538487 31.450926878077023, -86.68 30.330893132790813, -87.22533425646198 30.358295136734466, -87.04469471153226 31.963265228540692))"
8C,2022-11-27 04:55:00+00:00,2022-11-27 06:55:00+00:00,0.0,41000.0,"POLYGON ((-90.48 38.86, -88.49982072569345 37.339472839695034, -89.32 36.68547582294558, -91.81581535591985 38.040775832978476, -90.48 38.86))"
JULIETT 6,2022-11-27 05:40:00+00:00,2022-11-27 09:40:00+00:00,0.0,45000.0,"POLYGON ((-87.3 27.3, -84.3 27.3, -85.15 26.15, -87.15 25.3, -87.3 27.3))"
4E,2022-11-27 05:55:00+00:00,2022-11-27 07:55:00+00:00,0.0,45000.0,"POLYGON ((-85.18980147557981 31.338508877722262, -85.29459532992047 26.354539790314085, -87.48383353268672 28.199594628992333, -86.82781555292371 30.522506328476403, -85.18980147557981 31.338508877722262))"
5E,2022-11-27 05:55:00+00:00,2022-11-27 07:55:00+00:00,0.0,44000.0,"POLYGON ((-80.07781633330929 30.841531081602895, -78.62090868383004 30.168248924699977, -79.09496772306241 28.18234019871833, -80.23148116329597 28.97879293310473, -80.07781633330929 30.841531081602895))"
3E,2022-11-27 05:55:00+00:00,2022-11-27 07:55:00+00:00,0.0,43000.0,"POLYGON ((-86.68048016577929 34.70732305395598, -84.80974829817337 33.756783329198136, -84.68091304833499 31.659404218433295, -87.36084317142596 30.240016139093544, -86.68048016577929 34.70732305395598))"
9C,2022-11-27 05:55:00+00:00,2022-11-27 07:55:00+00:00,0.0,36000.0,"POLYGON ((-90.97247982556395 40.08487597832706, -86.97783019987484 38.18208204377095, -86.9722187610599 36.374926721293015, -91.26673311134608 38.60268992551462, -90.97247982556395 40.08487597832706))"
6E,2022-11-27 06:55:00+00:00,2022-11-27 08:55:00+00:00,0.0,41000.0,"POLYGON ((-86.73978426134461 34.962369672831116, -84.9952099668973 34.652491948389375, -84.29 31.66, -86.53123473644543 31.137324773728583, -86.73978426134461 34.962369672831116))"
7E,2022-11-27 06:55:00+00:00,2022-11-27 08:55:00+00:00,0.0,45000.0,"POLYGON ((-84.65066312875568 31.53215948732113, -84.23641934355521 27.389859576766643, -86.68 27.668989841008543, -86.95467383835194 31.06499154321589, -84.65066312875568 31.53215948732113))"
8E,2022-11-27 06:55:00+00:00,2022-11-27 08:55:00+00:00,0.0,38000.0,"POLYGON ((-79.77520385406847 30.328550203727264, -78.62090868383004 30.168248924699977, -78.91967636056603 28.244138042531155, -80.0564361067391 28.913867138718043, -79.77520385406847 30.328550203727264))"
10C,2022-11-27 06:55:00+00:00,2022-11-27 08:55:00+00:00,0.0,36000.0,"POLYGON ((-90.60581727463766 40.83719241252581, -86.18184944829446 38.569032170249805, -85.85598104936543 36.137177784925875, -91.36274391450976 39.696265700442524, -90.60581727463766 40.83719241252581))"
KILO 4,2022-11-27 07:35:00+00:00,2022-11-27 11:35:00+00:00,0.0,50000.0,"POLYGON ((-43.45 40.3, -40.3 38.45, -40.3 29.45, -57.45 24.3, -58.3 25, -44.45 35, -43.45 40.3))"
11E,2022-11-27 07:55:00+00:00,2022-11-27 09:55:00+00:00,0.0,32000.0,"POLYGON ((-80.00247177828565 30.33135375666221, -79.26012456264637 29.95114985645965, -79.32462136062779 28.6973868113496, -80.1940263266214 28.96492648435812, -80.00247177828565 30.33135375666221))"
10E,2022-11-27 07:55:00+00:00,2022-11-27 09:55:00+00:00,0.0,45000.0,"POLYGON ((-84.603464633539 31.548967045717415, -84.0154830170113 27.3923425453098, -86.68 28.08315215100301, -86.44139153479586 31.034235567651557, -84.603464633539 31.548967045717415))"
9E,2022-11-27 07:55:00+00:00,2022-11-27 09:55:00+00:00,0.0,41000.0,"POLYGON ((-85.15 35.62547582294558, -83.92834700221921 31.78682344377124, -86.40532616164806 31.06499154321589, -86.09137542501622 35.274706015909025, -85.15 35.62547582294558))"
11C,2022-11-27 07:55:00+00:00,2022-11-27 09:55:00+00:00,0.0,35000.0,"POLYGON ((-88.16487179988064 40.55483194364069, -85.15199982931661 38.666203929371676, -84.87755619122086 36.77285820568842, -89.65659421561587 39.482605931564024, -88.16487179988064 40.55483194364069))"
14E,2022-11-27 08:55:00+00:00,2022-11-27 10:55:00+00:00,0.0,36000.0,"POLYGON ((-79.83499177045343 30.329325843648846, -79.26012456264637 29.95114985645965, -79.32462136062779 28.6973868113496, -80.1940263266214 28.96492648435812, -79.83499177045343 30.329325843648846))"
12E,2022-11-27 08:55:00+00:00,2022-11-27 10:55:00+00:00,0.0,40000.0,"POLYGON ((-85.64999020425351 36.13559036143849, -83.89 35.9, -83.41480669351985 31.855149422615753, -86.12929338804406 31.299398184331373, -85.64999020425351 36.13559036143849))"
13E,2022-11-27 08:55:00+00:00,2022-11-27 10:55:00+00:00,0.0,44000.0,"POLYGON ((-84.29 31.66, -84.2371486005722 27.32825693463806, -86.68 27.668989841008543, -86.26748063707046 31.182268496522102, -84.29 31.66))"
12C,2022-11-27 08:55:00+00:00,2022-11-27 10:55:00+00:00,0.0,36000.0,"POLYGON ((-88.32 41.38363104426361, -84.04 39.62452417705443, -84.11 37.69547582294557, -90.66283405694777 40.31893318260444, -88.32 41.38363104426361))"
16E,2022-11-27 09:55:00+00:00,2022-11-27 11:55:00+00:00,0.0,44000.0,"POLYGON ((-83.23335365495568 31.79263154739396, -84.44235905752623 26.686919362684904, -86.3107854181942 25.949075650522037, -85.78203803091989 31.145237279696147, -83.23335365495568 31.79263154739396))"
15E,2022-11-27 09:55:00+00:00,2022-11-27 11:55:00+00:00,0.0,41000.0,"POLYGON ((-84.42645233611516 36.41475897846102, -82.46836065699482 34.324437121226616, -83.23335365495568 31.79263154739396, -85.78203803091989 31.145237279696147, -84.42645233611516 36.41475897846102))"
17E,2022-11-27 09:55:00+00:00,2022-11-27 11:55:00+00:00,0.0,35000.0,"POLYGON ((-80.00960503624667 31.214106549109758, -78.97913111692964 30.047082757571303, -78.8209924521177 29.280485096039094, -80.34691107954761 29.297831298152747, -80.00960503624667 31.214106549109758))"
13C,2022-11-27 09:55:00+00:00,2022-11-27 11:55:00+00:00,0.0,35000.0,"POLYGON ((-85.90864482005092 41.641932219960715, -82.03 39.249106867209186, -83.07389097721506 37.92184827117966, -87.94591366695231 40.55669237705705, -85.90864482005092 41.641932219960715))"
19E,2022-11-27 10:55:00+00:00,2022-11-27 12:55:00+00:00,0.0,44000.0,"POLYGON ((-82.37179445556173 31.657566315973042, -84.61320126728499 26.62084945254564, -85.69167217971712 27.877257263148433, -85.07181607095315 31.657616916745877, -82.37179445556173 31.657566315973042))"
18E,2022-11-27 10:55:00+00:00,2022-11-27 12:55:00+00:00,0.0,37000.0,"POLYGON ((-83.89 35.40089313279081, -82.16 33.71, -82.90040970420019 31.5394070077945, -85.62918498458123 31.629916575488494, -83.89 35.40089313279081))"
20E,2022-11-27 10:55:00+00:00,2022-11-27 12:55:00+00:00,0.0,36000.0,"POLYGON ((-78.7939420029141 31.825042268081663, -78.43961397804969 29.273439933692682, -80.22598631268453 29.61542223753737, -79.44166346475708 31.65893283188886, -78.7939420029141 31.825042268081663))"
14C,2022-11-27 10:55:00+00:00,2022-11-27 12:55:00+00:00,0.0,34000.0,"POLYGON ((-85.47682010427697 41.997687180093926, -81.43872654740797 40.488923295491006, -83.33727961300407 37.28216488874069, -86.48991528594024 41.462464732408684, -85.47682010427697 41.997687180093926))"
KILO 5,2022-11-27 11:35:00+00:00,2022-11-27 15:35:00+00:00,0.0,50000.0,"POLYGON ((-40.3 39.45, -40 38.45, -40 30, -57.3 23, -58.3 24.15, -43 34.45, -40.3 39.45))"
23E,2022-11-27 11:55:00+00:00,2022-11-27 13:55:00+00:00,0.0,41000.0,"POLYGON ((-78.114134192269 31.228223940412413, -78.05829211406056 29.265312143249012, -80.22598631268453 29.61542223753737, -79.89775140197627 30.903112759593455, -78.114134192269 31.228223940412413))"
22E,2022-11-27 11:55:00+00:00,2022-11-27 13:55:00+00:00,0.0,36000.0,"POLYGON ((-83.85617200763923 28.891721265929558, -83.05 28.768155221318043, -83.67431775540796 27.395492887903274, -85.50351159900647 27.88122105023299, -83.85617200763923 28.891721265929558))"
21E,2022-11-27 11:55:00+00:00,2022-11-27 13:55:00+00:00,0.0,39000.0,"POLYGON ((-82.90914956966219 35.46790226524021, -81.93 35.03, -83.05 29.6, -84.35 29.401786265581645, -85.19598765774109 31.97513444044588, -82.90914956966219 35.46790226524021))"
24E,2022-11-27 11:55:00+00:00,2022-11-27 13:55:00+00:00,0.0,32000.0,"POLYGON ((-84.57676272840867 42.71227819161395, -80.67892236130145 41.18197536610685, -82.61059008506699 37.36127071755901, -86.32 41.77, -84.57676272840867 42.71227819161395))"
15C,2022-11-27 11:55:00+00:00,2022-11-27 13:55:00+00:00,0.0,32000.0,"POLYGON ((-88.97931538661662 40.96738476634084, -86.44481168599935 39.41247347431365, -88.4505617895641 38.970752393120584, -91.36274391450976 39.696265700442524, -88.97931538661662 40.96738476634084))"
28E,2022-11-27 12:55:00+00:00,2022-11-27 14:55:00+00:00,0.0,32000.0,"POLYGON ((-84.36819935495399 31.722328652197703, -84.21180064504603 31.597671347802297, -86.60180064504603 28.599107256488875, -86.75819935495399 28.72376456088428, -84.36819935495399 31.722328652197703))"
27E,2022-11-27 12:55:00+00:00,2022-11-27 14:55:00+00:00,0.0,32000.0,"POLYGON ((-84.10442165611117 42.85877154208716, -80.61719736081176 41.135967286279325, -82.03454971030648 37.77646570735486, -86.11 42.47, -84.10442165611117 42.85877154208716))"
26E,2022-11-27 12:55:00+00:00,2022-11-27 14:55:00+00:00,0.0,41000.0,"POLYGON ((-76.38968157471629 33.83174298847364, -78.05829211406056 29.265312143249012, -79.33647472704759 29.924948248318806, -78.43678550075148 33.87812953217041, -76.38968157471629 33.83174298847364))"
25E,2022-11-27 12:55:00+00:00,2022-11-27 14:55:00+00:00,0.0,37000.0,"POLYGON ((-82.32246737155367 35.797894555340335, -81.238732309028 35.424938928912816, -82.77877096388322 29.835005498836335, -84.00667713570911 29.596569750314284, -84.29 32.15910686720918, -82.32246737155367 35.797894555340335))"
16C,2022-11-27 12:55:00+00:00,2022-11-27 14:55:00+00:00,0.0,30000.0,"POLYGON ((-88.72995857966713 41.42193787065022, -84.86318554706232 38.712476341668044, -85.47457910984734 37.24443338509137, -90.68104821354848 39.65745773947696, -88.72995857966713 41.42193787065022))"
30E,2022-11-27 13:55:00+00:00,2022-11-27 15:55:00+00:00,,,"POLYGON ((-77.65914954718181 34.17877984972564, -79.32210248623156 32.28243671209721, -79.33932577092673 32.25472142245969, -80.43156030969031 29.613696607567007, -79.17173077638918 32.15057182336983, -77.50877783733944 34.046914960998265, -80.24674203045758 29.537262298114662, -79.154507491694 32.17828711300735, -77.65914954718181 34.17877984972564))"
29E,2022-11-27 13:55:00+00:00,2022-11-27 15:55:00+00:00,0.0,34000.0,"POLYGON ((-81.93 35.69547582294558, -80.66126769097201 35.424938928912816, -80.7176024686307 34.728663000002335, -81.93 35.03, -81.93 35.69547582294558))"
LIMA 1,2022-11-27 14:00:00+00:00,2022-11-27 18:00:00+00:00,0.0,36000.0,"POLYGON ((-43 45, -43 39.3, -44.3 36, -49.15 36, -49.45 43.15, -43 45))"
VICTOR 1,2022-11-27 14:21:00+00:00,2022-11-27 18:30:00+00:00,0.0,52000.0,"POLYGON ((-144 10.3, -142.15 8, -146.45 7.15, -151.15 5.15, -152.15 6.45, -148.15 9.15, -144 10.3))"
31E,2022-11-27 14:55:00+00:00,2022-11-27 16:55:00+00:00,0.0,27000.0,"POLYGON ((-76.75411854403478 34.421277803593085, -76.038094564698 33.804477122717486, -76.16862646787727 33.65294685428111, -76.88465044721406 34.26974753515671, -76.75411854403478 34.421277803593085))"
KILO 6,2022-11-27 15:15:00+00:00,2022-11-27 19:15:00+00:00,0.0,45000.0,"POLYGON ((-40 36, -40 31, -56.15 21.45, -57.3 24.45, -40 36))"
33E,2022-11-27 15:55:00+00:00,2022-11-27 17:55:00+00:00,0.0,33000.0,"POLYGON ((-78.48674459208283 33.32901827030263, -78.31205368816228 33.23163712178086, -78.98760127530731 32.0197802025402, -79.16229217922786 32.117161351061974, -78.48674459208283 33.32901827030263))"
32E,2022-11-27 15:55:00+00:00,2022-11-27 17:55:00+00:00,0.0,40000.0,"POLYGON ((-78.28258424235908 31.408409854552804, -77.73712969690455 31.408409854552804, -77.73712969690455 30.862955309098258, -78.28258424235908 30.862955309098258, -78.28258424235908 31.408409854552804))"
MIKE 1,2022-11-27 16:00:00+00:00,2022-11-27 20:00:00+00:00,0.0,45000.0,"POLYGON ((-84.33896113243674 25.804049057241304, -87.33896113243674 24.104049057241305, -87.56103886756327 24.495950942758697, -84.56103886756327 26.195950942758696, -84.33896113243674 25.804049057241304))"
34E,2022-11-27 16:55:00+00:00,2022-11-27 18:55:00+00:00,0.0,33000.0,"POLYGON ((-81.72120515137127 30.47784129452936, -81.60849344125435 30.312626070041656, -82.53204527964388 29.68256847450662, -82.6447569897608 29.847783698994323, -81.72120515137127 30.47784129452936))"
35E,2022-11-27 16:55:00+00:00,2022-11-27 18:55:00+00:00,0.0,41000.0,"POLYGON ((-77.13734629488509 34.13845830413425, -76.99020075481788 34.003002813148, -78.54292506818926 32.31627563802196, -78.69007060825648 32.45173112900821, -77.13734629488509 34.13845830413425))"
DELTA 1,2022-11-27 17:30:00+00:00,2022-11-27 21:30:00+00:00,34000.0,42000.0,"POLYGON ((-178.45 39.3, 177.15 37.3, 179.3 30, -174.15 30, -178.45 39.3))"
LIMA 2,2022-11-27 17:45:00+00:00,2022-11-27 21:45:00+00:00,0.0,34000.0,"POLYGON ((-43.3 45, -41.45 40, -43.15 36.15, -47 36.15, -47.45 44, -43.3 45))"
38E,2022-11-27 17:55:00+00:00,2022-11-27 19:55:00+00:00,0.0,33000.0,"POLYGON ((-81.51537129136082 39.796618767808106, -80.61374285924815 38.74289830454381, -81.6281137340946 37.94488486428437, -82.42155861466743 38.4426642611594, -81.51537129136082 39.796618767808106))"
37E,2022-11-27 17:55:00+00:00,2022-11-27 19:55:00+00:00,0.0,44000.0,"POLYGON ((-76.72241295217452 34.406326373640866, -76.56618245401452 34.281458317498874, -78.22423588872265 32.20696046685729, -78.38046638688265 32.33182852299928, -76.72241295217452 34.406326373640866))"
36E,2022-11-27 17:55:00+00:00,2022-11-27 19:55:00+00:00,0.0,38000.0,"POLYGON ((-81.11 32.49273791147279, -81.4323491733922 31.153479891253944, -81.15334387111835 30.46684937365633, -81.91746169427603 29.986446481500316, -82.51 31.207262088527216, -81.11 32.49273791147279))"
VICTOR 2,2022-11-27 18:23:00+00:00,2022-11-27 22:20:00+00:00,0.0,50000.0,"POLYGON ((-150.45 8.3, -148.15 10.45, -144 9.3, -147.3 6.15, -151.3 4.3, -153.45 7, -150.45 8.3))"
KILO 7,2022-11-27 18:55:00+00:00,2022-11-27 22:55:00+00:00,0.0,44000.0,"POLYGON ((-40 37.3, -40 31, -49.45 23.3, -56 23.3, -40 37.3))"
41E,2022-11-27 18:55:00+00:00,2022-11-27 20:55:00+00:00,0.0,35000.0,"POLYGON ((-80.73823988707707 40.662818959703685, -79.88548747037726 39.310502681590606, -81.26050635550381 38.047048979591054, -81.89873219240646 38.852153739196474, -80.73823988707707 40.662818959703685))"
40E,2022-11-27 18:55:00+00:00,2022-11-27 20:55:00+00:00,,,"POLYGON ((-81.26982525328066 30.527263694704825, -81.56891949793233 30.30916120154327, -81.5957563474838 30.279799928193437, -82.86263210212711 28.1676838455042, -81.45108050206768 30.14756302378865, -81.15198625741601 30.365665516950205, -82.69111940715952 28.064808214449243, -81.42424365251621 30.17692429713848, -81.26982525328066 30.527263694704825))"
39E,2022-11-27 18:55:00+00:00,2022-11-27 20:55:00+00:00,0.0,41000.0,"POLYGON ((-76.25804524564349 34.33943617623588, -75.32964868748161 34.56621388586957, -76.96425744252087 32.50218772195476, -77.87 32.51994148689968, -77.16250051869676 33.759758054480585, -76.25804524564349 34.33943617623588))"
43E,2022-11-27 19:55:00+00:00,2022-11-27 21:55:00+00:00,,,"POLYGON ((-75.59365326148831 38.516429600597704, -75.59865123396163 38.15310464825387, -78.58014475914679 35.791532428289464, -75.4263467385117 38.40684617407037, -75.57708803435267 38.17670186415638, -78.70432488290548 35.94831028662181, -75.72283135772032 38.30988250658622, -75.74439455732929 38.286285290683715, -75.59365326148831 38.516429600597704))"
45E,2022-11-27 19:55:00+00:00,2022-11-27 21:55:00+00:00,,,"POLYGON ((-81.26477512445679 29.455592515047247, -82.87832751393114 28.105028067333468, -82.87993290010785 28.103655244989735, -83.21191649734907 27.813638419878764, -82.74995787664122 27.951661720887923, -81.13640548716687 29.302226168601702, -83.08033608770573 27.663017718120685, -82.74835249046451 27.953034543231656, -81.26477512445679 29.455592515047247))"
42E,2022-11-27 19:55:00+00:00,2022-11-27 21:55:00+00:00,0.0,38000.0,"POLYGON ((-79.33052996772314 40.826660698838374, -79.30704907230884 39.16198947379283, -80.40136780837939 38.67433077492514, -80.6529756002905 40.327290143314926, -79.33052996772314 40.826660698838374))"
44E,2022-11-27 19:55:00+00:00,2022-11-27 21:55:00+00:00,0.0,43000.0,"POLYGON ((-76.37158947890458 34.850221536084156, -75.40549622175546 34.72043723247394, -76.18824930117962 32.92676335171022, -77.0382851343027 32.656419589869714, -76.37158947890458 34.850221536084156))"
DELTA 2,2022-11-27 20:45:00+00:00,2022-11-28 00:45:00+00:00,34000.0,42000.0,"POLYGON ((-178.3 39.45, 177.45 38, -178 30, -172.15 31.3, -178.3 39.45))"
LIMA 3,2022-11-27 20:50:00+00:00,2022-11-28 00:50:00+00:00,0.0,32000.0,"POLYGON ((-46.3 45, -40.15 44.45, -40 38.15, -44 35.3, -46.3 45))"
49E,2022-11-27 20:55:00+00:00,2022-11-27 22:55:00+00:00,0.0,42000.0,"POLYGON ((-81.98680969238747 29.12824477082549, -81.86256196823886 28.971520480927943, -83.953359154937 27.313980400361025, -84.07760687908561 27.47070469025857, -81.98680969238747 29.12824477082549))"
46E,2022-11-27 20:55:00+00:00,2022-11-27 22:55:00+00:00,0.0,38000.0,"POLYGON ((-79.58365152245655 41.29887548691612, -78.58395243070035 41.317364779799306, -78.28199245776602 39.407805709803895, -79.64418251170602 39.26203785952223, -79.58365152245655 41.29887548691612))"
48E,2022-11-27 20:55:00+00:00,2022-11-27 22:55:00+00:00,0.0,41000.0,"POLYGON ((-75.71174695463243 35.336854287419605, -74.74260663020704 35.07494773982172, -75.47369288951381 33.49892397615319, -76.32629249359711 33.046225507906435, -75.71174695463243 35.336854287419605))"
47E,2022-11-27 20:55:00+00:00,2022-11-27 22:55:00+00:00,0.0,36000.0,"POLYGON ((-74.9982402313539 39.16349886665429, -74.15687025253986 39.09823337344355, -74.728787310883 38.09273766515285, -75.95784009817946 37.99622458548752, -74.9982402313539 39.16349886665429))"
51E,2022-11-27 21:55:00+00:00,2022-11-27 23:55:00+00:00,0.0,43000.0,"POLYGON ((-82.01857831817856 28.832192077450088, -81.8803108857424 28.68768561694568, -83.82876862189997 26.823352026264, -83.96703605433612 26.96785848676841, -82.01857831817856 28.832192077450088))"
52E,2022-11-27 21:55:00+00:00,2022-11-27 23:55:00+00:00,0.0,38000.0,"POLYGON ((-75.16989303214795 38.23885866138208, -74.86279839627842 37.837080098416116, -76.58500079685288 37.19606128966609, -76.02848614379884 37.93994712682875, -75.16989303214795 38.23885866138208))"
1W,2022-11-27 21:55:00+00:00,2022-11-27 23:55:00+00:00,0.0,25000.0,"POLYGON ((-122.2465842142839 48.415251202530435, -121.5468774216351 47.94862139447869, -121.71570315073521 47.60444267963832, -122.31 47.72914187884178, -122.2465842142839 48.415251202530435))"
50E,2022-11-27 21:55:00+00:00,2022-11-27 23:55:00+00:00,0.0,33000.0,"POLYGON ((-78.80362523795387 41.95428316922093, -76.10498693911258 41.46910784946981, -76.01843064247474 41.19432818612055, -78.52248237824826 40.084310874339245, -78.80362523795387 41.95428316922093))"
53E,2022-11-27 21:55:00+00:00,2022-11-27 23:55:00+00:00,0.0,37000.0,"POLYGON ((-73.97284822843903 39.4661787527754, -73.29947530870179 39.09038250560784, -73.60321938035213 38.15271796951693, -74.19765686993121 38.62788282615555, -73.97284822843903 39.4661787527754))"
ECHO 1,2022-11-27 22:30:00+00:00,2022-11-28 02:30:00+00:00,0.0,44000.0,"POLYGON ((165 36.15, 170.3 35.45, 172.15 31.15, 169 30.45, 169 30.45, 165 33.3, 165 36.15))"
KILO 8,2022-11-27 22:50:00+00:00,2022-11-28 02:50:00+00:00,0.0,44000.0,"POLYGON ((-40 36.15, -40 30, -47.45 22.45, -53 24.15, -40 36.15))"
54E,2022-11-27 22:55:00+00:00,2022-11-28 00:55:00+00:00,0.0,34000.0,"POLYGON ((-75.32 42.3491418788418, -74.96082616318564 41.94878968283984, -77.28892525976109 40.700492740249885, -77.43353792653143 41.67473011674794, -75.32 42.3491418788418))"
55E,2022-11-27 22:55:00+00:00,2022-11-28 00:55:00+00:00,0.0,44000.0,"POLYGON ((-81.53394667955602 28.880699559839908, -81.39860631501053 28.733448122751188, -83.23266677024937 27.047743619501073, -83.36800713479487 27.194995056589793, -81.53394667955602 28.880699559839908))"
56E,2022-11-27 22:55:00+00:00,2022-11-28 00:55:00+00:00,0.0,42000.0,"POLYGON ((-74.63663146546216 38.79247601683188, -72.83733237032443 38.44680654051038, -73.45582336805289 38.033461230211444, -75.51 38.35, -74.63663146546216 38.79247601683188))"
57E,2022-11-27 23:55:00+00:00,2022-11-28 01:55:00+00:00,0.0,41000.0,"POLYGON ((-74.05354482864784 39.819391714234854, -72.32 39.32971966637017, -72.58546813903706 38.359722892611025, -74.28488371000715 38.932890646361344, -74.05354482864784 39.819391714234854))"
DELTA 3,2022-11-28 00:40:00+00:00,2022-11-28 04:40:00+00:00,25000.0,42000.0,"POLYGON ((-173.3 42.45, -169.3 31.3, -175 30.15, -179 41, -173.3 42.45))"
1E,2022-11-28 00:55:00+00:00,2022-11-28 02:55:00+00:00,0.0,41000.0,"POLYGON ((-72.6105286929075 40.38536928672967, -70.60952911831642 40.210004657923406, -71.32285450924466 39.04571490319168, -73.30068779445538 39.81452571486635, -72.6105286929075 40.38536928672967))"
3E,2022-11-28 00:55:00+00:00,2022-11-28 02:55:00+00:00,0.0,30000.0,"POLYGON ((-72.33150021738584 41.82879203625116, -71.55471417807927 40.91747037888307, -73.41859853473623 40.51881716953719, -73.54998110136748 41.03049031926762, -72.33150021738584 41.82879203625116))"
2E,2022-11-28 00:55:00+00:00,2022-11-28 02:55:00+00:00,0.0,45000.0,"POLYGON ((-74.10202207210175 35.54163455364396, -73.7612320341291 34.23553982536499, -76.05057862301025 32.80714986095124, -76.32629249359711 33.046225507906435, -74.10202207210175 35.54163455364396))"
5E,2022-11-28 01:55:00+00:00,2022-11-28 03:55:00+00:00,0.0,32000.0,"POLYGON ((-71.26579386328805 42.155214698261986, -70.89455124121595 41.552780620483766, -72.32 41.209141878841784, -72.33150021738584 41.82879203625116, -71.26579386328805 42.155214698261986))"
4E,2022-11-28 01:55:00+00:00,2022-11-28 03:55:00+00:00,0.0,40000.0,"POLYGON ((-69.14449413589978 41.27660732398547, -70.03 39.94904835410886, -72.32 39.75541730984526, -71.43 41.05452417705443, -69.14449413589978 41.27660732398547))"
ECHO 2,2022-11-28 02:25:00+00:00,2022-11-28 06:25:00+00:00,0.0,46000.0,"POLYGON ((171.15 37, 171.45 34, 165 32.15, 165 36.3, 171.15 37))"
KILO 9,2022-11-28 02:30:00+00:00,2022-11-28 06:30:00+00:00,0.0,44000.0,"POLYGON ((-40 35.15, -40 29.45, -47.15 24, -49.45 25.15, -40 35.15))"
8E,2022-11-28 02:55:00+00:00,2022-11-28 04:55:00+00:00,0.0,38000.0,"POLYGON ((-71.74597426191013 38.064031378814235, -70.84402661573738 38.10549398389934, -72.15601258253236 37.195387859482025, -73.11910792440466 37.75887070735413, -71.74597426191013 38.064031378814235))"
9E,2022-11-28 02:55:00+00:00,2022-11-28 04:55:00+00:00,0.0,43000.0,"POLYGON ((-82.50249666405159 27.19682332927521, -82.34883947087127 27.068801975650352, -82.90575945778632 26.400360660257334, -83.05941665096664 26.528382013882194, -82.50249666405159 27.19682332927521))"
7E,2022-11-28 02:55:00+00:00,2022-11-28 04:55:00+00:00,0.0,36000.0,"POLYGON ((-78.84634792096554 30.19504222611226, -78.74149242273865 30.02473272992491, -80.06292102800688 29.211160628083668, -80.16777652623378 29.38147012427102, -78.84634792096554 30.19504222611226))"
6E,2022-11-28 02:55:00+00:00,2022-11-28 04:55:00+00:00,0.0,38000.0,"POLYGON ((-70.99 42.859106867209185, -67.59541230998616 41.2543491535426, -68.34144020317794 39.973481077996794, -71.82137771183156 39.996688755594256, -70.99 42.859106867209185))"
11E,2022-11-28 03:55:00+00:00,2022-11-28 05:55:00+00:00,0.0,38000.0,"POLYGON ((-77.96382502863393 31.10191354462589, -77.82181147188406 30.961086879184837, -79.54706124629918 29.221296648554226, -79.68907480304905 29.36212331399528, -77.96382502863393 31.10191354462589))"
13E,2022-11-28 03:55:00+00:00,2022-11-28 05:55:00+00:00,0.0,45000.0,"POLYGON ((-82.43896082968621 27.065053458926524, -82.28848925170789 26.933302541583554, -83.19044142749135 25.903190798241265, -83.34091300546967 26.034941715584235, -82.43896082968621 27.065053458926524))"
12E,2022-11-28 03:55:00+00:00,2022-11-28 05:55:00+00:00,,,"POLYGON ((-70.03 40.331077957660646, -71.70850157557263 39.783830362514166, -73.89363159839992 38.3860148463623, -73.74192943116311 38.75343111714843, -70.03 40.331077957660646))"
10E,2022-11-28 03:55:00+00:00,2022-11-28 05:55:00+00:00,0.0,36000.0,"POLYGON ((-68.10988681648425 42.67593578581702, -68.25917232993609 41.266430811375514, -70.03 40.78089313279082, -69.77402655237435 41.740832278831824, -68.10988681648425 42.67593578581702))"
DELTA 4,2022-11-28 04:35:00+00:00,2022-11-28 08:35:00+00:00,25000.0,42000.0,"POLYGON ((-174.15 40.45, -167.45 30, -173 30, -177.45 39.45, -174.15 40.45))"
15E,2022-11-28 04:55:00+00:00,2022-11-28 06:55:00+00:00,0.0,36000.0,"POLYGON ((-70.03 40.26800342405375, -69.37932279646193 40.07605437597487, -68.54668902174221 38.46537394804564, -71.24555373716045 37.883766594615054, -70.03 40.26800342405375))"
14E,2022-11-28 04:55:00+00:00,2022-11-28 06:55:00+00:00,0.0,38000.0,"POLYGON ((-78.12715295816544 31.239758908611993, -77.54323215293455 30.71832348992393, -78.62368584384397 29.276975590273747, -79.45231884681894 29.289765609581387, -78.12715295816544 31.239758908611993))"
18E,2022-11-28 05:55:00+00:00,2022-11-28 07:55:00+00:00,0.0,38000.0,"POLYGON ((-81.78 27.10828375768358, -82.10317097335238 26.529635772066744, -83.26567721648051 25.96906625691275, -83.4644366210495 26.579207539541148, -81.78 27.10828375768358))"
16E,2022-11-28 05:55:00+00:00,2022-11-28 07:55:00+00:00,0.0,45000.0,"POLYGON ((-76.23755242463437 30.957558516288046, -78.89386582456982 27.733742559785618, -79.41794339793215 28.61699225679675, -77.7103738594001 30.868429992317218, -76.23755242463437 30.957558516288046))"
17E,2022-11-28 05:55:00+00:00,2022-11-28 07:55:00+00:00,0.0,37000.0,"POLYGON ((-66.91752166152592 42.19342457874979, -67.44761832863367 39.250770910865164, -68.72302320957851 38.813181894151555, -67.96483656380428 41.89831437055153, -66.91752166152592 42.19342457874979))"
KILO 10,2022-11-28 06:20:00+00:00,2022-11-28 10:20:00+00:00,0.0,47000.0,"POLYGON ((-40 33.3, -39.45 27.15, -43.15 23.45, -51.15 24.45, -40 33.3))"
ECHO 3,2022-11-28 06:25:00+00:00,2022-11-28 10:25:00+00:00,0.0,45000.0,"POLYGON ((169 42.15, 174.15 34.45, 168 33, 165.3 35.15, 169 42.15))"
20E,2022-11-28 06:55:00+00:00,2022-11-28 08:55:00+00:00,0.0,34000.0,"POLYGON ((-81.2414688116685 27.677972767282867, -81.00979633679128 27.488030491583192, -83.32829517781497 25.15526690948867, -83.8612390655358 26.21748090730025, -81.2414688116685 27.677972767282867))"
19E,2022-11-28 06:55:00+00:00,2022-11-28 08:55:00+00:00,0.0,45000.0,"POLYGON ((-76.30914570201803 31.112204662807493, -77.66284712507748 27.550658532027946, -79.17496313484394 27.673791862558097, -77.57646203349829 30.748220972592204, -76.30914570201803 31.112204662807493))"
ALFA 1,2022-11-28 07:50:00+00:00,2022-11-28 11:50:00+00:00,0.0,35000.0,"POLYGON ((-67.3 38.45, -65.45 37.45, -69 35.45, -70.45 37.3, -67.3 38.45))"
BRAVO 1,2022-11-28 07:50:00+00:00,2022-11-28 11:50:00+00:00,0.0,42000.0,"POLYGON ((-74.15 33.3, -71 33.15, -77 28.15, -78 30.15, -74.15 33.3))"
21E,2022-11-28 07:55:00+00:00,2022-11-28 09:55:00+00:00,0.0,43000.0,"POLYGON ((-76.69680370748752 31.94017464209455, -74.98181380653922 31.86239012460938, -78.5879179705453 27.225337714382924, -79.1840131233221 27.67387701752543, -76.69680370748752 31.94017464209455))"
DELTA 5,2022-11-28 08:00:00+00:00,2022-11-28 12:00:00+00:00,23000.0,35000.0,"POLYGON ((-171.45 42.45, -164.15 30.15, -171.45 30, -177 41.3, -171.45 42.45))"
23E,2022-11-28 08:55:00+00:00,2022-11-28 10:55:00+00:00,0.0,31000.0,"POLYGON ((-81.59227644692044 26.825388848108663, -81.50987270978652 26.643153768866593, -83.07655257224712 25.934726631258613, -83.15895630938104 26.116961710500682, -81.59227644692044 26.825388848108663))"
22E,2022-11-28 08:55:00+00:00,2022-11-28 10:55:00+00:00,0.0,38000.0,"POLYGON ((-78.0819286218926 30.3481669607459, -76.7868421747804 27.851344753147554, -78.89386582456982 27.733742559785618, -78.91967636056603 28.244138042531155, -78.0819286218926 30.3481669607459))"
KILO 11,2022-11-28 10:20:00+00:00,2022-11-28 14:20:00+00:00,0.0,47000.0,"POLYGON ((-46.3 28.15, -42 28.15, -44.45 24, -48.45 24.15, -46.3 28.15))"
CHARLIE 1,2022-11-28 10:55:00+00:00,2022-11-28 14:55:00+00:00,0.0,35000.0,"POLYGON ((-92.45 27.3, -91 27, -92 25, -94.15 26, -92.45 27.3))"
BRAVO 2,2022-11-28 11:45:00+00:00,2022-11-28 15:45:00+00:00,0.0,38000.0,"POLYGON ((-73 33, -69.45 32.45, -75.3 27.3, -77 30, -73 33))"
DELTA 6,2022-11-28 11:55:00+00:00,2022-11-28 15:55:00+00:00,21000.0,35000.0,"POLYGON ((-172.3 45.15, -164.45 30.45, -169 30.3, -173 32.45, -177.15 44.15, -172.3 45.15))"
24E,2022-11-28 11:55:00+00:00,2022-11-28 13:55:00+00:00,0.0,33000.0,"POLYGON ((-77.86366744383696 28.610195383562644, -76.9624293609499 27.791649315363067, -77.66284712507748 27.550658532027946, -80.49 27.68, -80.20078323475343 28.294518877577687, -77.86366744383696 28.610195383562644))"
26E,2022-11-28 12:55:00+00:00,2022-11-28 14:55:00+00:00,0.0,30000.0,"POLYGON ((-82.4263378443648 26.52854310447793, -82.70534467363578 25.40510014133861, -83.27538339444109 25.136042973770163, -83.69098303548607 26.373098682536693, -82.4263378443648 26.52854310447793))"
25E,2022-11-28 12:55:00+00:00,2022-11-28 14:55:00+00:00,0.0,34000.0,"POLYGON ((-77.86366744383696 28.610195383562644, -76.7868421747804 27.851344753147554, -77.66284712507748 27.550658532027946, -79.36281421450062 27.675438843385773, -79.55298265182502 28.500327787280437, -77.86366744383696 28.610195383562644))"
CHARLIE 2,2022-11-28 13:15:00+00:00,2022-11-28 17:15:00+00:00,0.0,37000.0,"POLYGON ((-89 28, -88 26.15, -92.3 25.3, -93.15 26.3, -89 28))"
27E,2022-11-28 13:55:00+00:00,2022-11-28 15:55:00+00:00,0.0,34000.0,"POLYGON ((-82.58791845969203 26.527723619743426, -81.43813576473457 26.222911517540677, -83.27538339444109 25.136042973770163, -83.69098303548607 26.373098682536693, -82.58791845969203 26.527723619743426))"
28E,2022-11-28 14:55:00+00:00,2022-11-28 16:55:00+00:00,0.0,35000.0,"POLYGON ((-82.98258805437648 26.464371337069764, -82.08740564373687 25.861840458951395, -83.1272580513645 25.08209383769077, -83.69098303548607 26.373098682536693, -82.98258805437648 26.464371337069764))"
BRAVO 3,2022-11-28 15:00:00+00:00,2022-11-28 19:00:00+00:00,0.0,38000.0,"POLYGON ((-64.45 38.45, -59.15 38.3, -70.45 30, -73 32, -64.45 38.45))"
DELTA 7,2022-11-28 15:55:00+00:00,2022-11-28 19:55:00+00:00,21000.0,33000.0,"POLYGON ((-172 47.15, -166 33.3, -173 33, -178 43.3, -172 47.15))"
29E,2022-11-28 15:55:00+00:00,2022-11-28 17:55:00+00:00,0.0,31000.0,"POLYGON ((-82.52463188490344 26.251443369981946, -82.08740564373687 25.861840458951395, -83.42363949854274 25.189844720695156, -83.80395292100026 26.269910764870556, -82.52463188490344 26.251443369981946))"
30E,2022-11-28 16:55:00+00:00,2022-11-28 18:55:00+00:00,0.0,31000.0,"POLYGON ((-82.46565559203661 26.273695139628867, -82.20358956357671 25.607146818438366, -82.95265767807834 25.466454751550327, -83.14827054507217 26.0141478377521, -82.46565559203661 26.273695139628867))"
CHARLIE 3,2022-11-28 17:15:00+00:00,2022-11-28 21:15:00+00:00,0.0,38000.0,"POLYGON ((-87.45 27.45, -87.15 25.3, -92.3 25.15, -93.45 26, -87.45 27.45))"
BRAVO 4,2022-11-28 19:00:00+00:00,2022-11-28 23:00:00+00:00,0.0,38000.0,"POLYGON ((-64.3 38.3, -57.45 38.3, -68 30.15, -71.45 31, -64.3 38.3))"
XRAY 1,2022-11-28 20:58:00+00:00,2022-11-29 00:55:00+00:00,0.0,54000.0,"POLYGON ((138.3 14, 145 12.3, 144.3 8.15, 137.15 7.15, 138.3 14))"
CHARLIE 4,2022-11-28 21:15:00+00:00,2022-11-29 01:15:00+00:00,0.0,38000.0,"POLYGON ((-88.45 26.45, -87.3 25.3, -91.15 25, -93.45 26, -88.45 26.45))"
XRAY 2,2022-11-28 22:41:00+00:00,2022-11-29 02:35:00+00:00,0.0,54000.0,"POLYGON ((138.15 13.3, 144.3 12.3, 143.3 8.3, 136.45 6.45, 138.15 13.3))"
YANKEE 1,2022-11-28 23:56:00+00:00,2022-11-29 03:50:00+00:00,0.0,48000.0,"POLYGON ((174.15 27, 178.3 25.3, 175.15 18.15, 170.15 18.3, 174.15 27))"
FOXTROT 1,2022-11-29 00:40:00+00:00,2022-11-29 04:40:00+00:00,0.0,48000.0,"POLYGON ((-121 10, -120.3 6.45, -127.45 6, -128 8.3, -121 10))"
GOLF 1,2022-11-29 01:55:00+00:00,2022-11-29 05:55:00+00:00,0.0,42000.0,"POLYGON ((-51.15 43, -48.45 41.15, -54.15 38.45, -56.15 39.45, -51.15 43))"
HOTEL 1,2022-11-29 01:55:00+00:00,2022-11-29 05:55:00+00:00,0.0,34000.0,"POLYGON ((-60 37.45, -58.45 37, -64.3 32, -69.3 30, -70.3 30.3, -60 37.45))"
XRAY 3,2022-11-29 02:17:00+00:00,2022-11-29 06:10:00+00:00,0.0,55000.0,"POLYGON ((139.3 12.45, 143.15 11.45, 142 7.3, 134.45 5.45, 135.15 9, 139.3 12.45))"
ZULU 1,2022-11-29 02:24:00+00:00,2022-11-29 06:20:00+00:00,0.0,48000.0,"POLYGON ((-169.45 16.45, -167.15 16.15, -168.15 12.15, -171.15 12.45, -169.45 16.45))"
YANKEE 2,2022-11-29 03:15:00+00:00,2022-11-29 07:10:00+00:00,0.0,48000.0,"POLYGON ((176.3 28.15, 170.45 18.45, 176 17.15, -179.3 27.15, 176.3 28.15))"
ZULU 2,2022-11-29 03:18:00+00:00,2022-11-29 07:15:00+00:00,0.0,48000.0,"POLYGON ((-169.45 17, -167.3 16, -168.15 12, -171.3 12.3, -169.45 17))"
XRAY 4,2022-11-29 03:22:00+00:00,2022-11-29 07:20:00+00:00,0.0,55000.0,"POLYGON ((139.15 11.3, 143 11, 140.3 4.3, 136.15 3.45, 132.15 7.15, 139.15 11.3))"
FOXTROT 2,2022-11-29 04:35:00+00:00,2022-11-29 08:35:00+00:00,0.0,48000.0,"POLYGON ((-122 9.45, -121.45 6.45, -128 5.45, -128 8.45, -122 9.45))"
HOTEL 2,2022-11-29 04:50:00+00:00,2022-11-29 08:50:00+00:00,0.0,34000.0,"POLYGON ((-58.45 37.3, -57 36.15, -63.3 31.3, -67.15 30.15, -68.15 30.45, -58.45 37.3))"
HOTEL 3,2022-11-29 05:55:00+00:00,2022-11-29 09:55:00+00:00,0.0,40000.0,"POLYGON ((-57.15 38.45, -54.3 37, -65.3 30, -67.45 30.45, -57.15 38.45))"
1E,2022-11-29 05:55:00+00:00,2022-11-29 07:55:00+00:00,0.0,40000.0,"POLYGON ((-87.48383353268672 28.199594628992333, -86.68 28.168096708217718, -85.12715133198182 27.888382245393466, -86.68 27.33625192953575, -87.48383353268672 28.199594628992333))"
XRAY 5,2022-11-29 06:40:00+00:00,2022-11-29 10:40:00+00:00,0.0,53000.0,"POLYGON ((130 10, 134.45 12.3, 141.45 11.45, 139.45 3.3, 132.45 3.3, 130 7, 130 10))"
YANKEE 3,2022-11-29 06:42:00+00:00,2022-11-29 10:40:00+00:00,0.0,47000.0,"POLYGON ((170.3 19.3, 175 16.45, -175.3 30, 180 30, 170.3 19.3))"
2E,2022-11-29 06:55:00+00:00,2022-11-29 08:55:00+00:00,0.0,38000.0,"POLYGON ((-85.36157341431154 28.24423513939324, -84.5625264528548 27.89720728744805, -86.64794932366954 25.812347276991883, -87.48383353268672 28.199594628992333, -85.36157341431154 28.24423513939324))"
FOXTROT 3,2022-11-29 07:30:00+00:00,2022-11-29 11:30:00+00:00,0.0,45000.0,"POLYGON ((-120 10.3, -120 5.45, -128.45 5, -132.3 9, -120 10.3))"
HOTEL 4,2022-11-29 07:35:00+00:00,2022-11-29 11:35:00+00:00,0.0,41000.0,"POLYGON ((-53 40.3, -50.3 38.15, -65.45 28.45, -69 30, -53 40.3))"
3E,2022-11-29 07:55:00+00:00,2022-11-29 09:55:00+00:00,0.0,38000.0,"POLYGON ((-85.36157341431154 28.24423513939324, -84.75074482758868 27.894521238324504, -86.64794932366954 25.812347276991883, -87.59362690402669 26.9215498051789, -85.36157341431154 28.24423513939324))"
NOVEMBER 1,2022-11-29 08:34:00+00:00,2022-11-29 12:30:00+00:00,,,"POLYGON ((-162.15 15.45, -152 16, -154.45 7.45, -162.45 5.15, -165.15 8, -164.15 9.45, -160.3 9.45, -160 12, -163 13.45, -162.15 15.45))"
4E,2022-11-29 08:55:00+00:00,2022-11-29 10:55:00+00:00,0.0,40000.0,"POLYGON ((-85.36157341431154 28.24423513939324, -84.75074482758868 27.894521238324504, -86.64794932366954 25.812347276991883, -87.85257201725376 27.16138602923509, -85.36157341431154 28.24423513939324))"
5E,2022-11-29 09:55:00+00:00,2022-11-29 11:55:00+00:00,0.0,41000.0,"POLYGON ((-85.29071092064703 28.398466564250135, -84.93895341632934 27.89157954242784, -86.95104442911648 26.31991601602935, -87.98246128308828 27.281125564916028, -85.29071092064703 28.398466564250135))"
XRAY 6,2022-11-29 10:32:00+00:00,2022-11-29 14:30:00+00:00,0.0,50000.0,"POLYGON ((130 12.45, 138.45 14.3, 140.3 12.15, 136 4.15, 132.3 4, 130 7, 130 12.45))"
6E,2022-11-29 10:55:00+00:00,2022-11-29 12:55:00+00:00,0.0,41000.0,"POLYGON ((-86.68 28.66720357542689, -84.93895341632934 27.89157954242784, -86.95104442911648 26.31991601602935, -87.59362690402669 26.9215498051789, -86.68 28.66720357542689))"
HOTEL 5,2022-11-29 11:25:00+00:00,2022-11-29 15:25:00+00:00,0.0,39000.0,"POLYGON ((-52 40.45, -49 38.45, -63.45 29, -68.15 30, -52 40.45))"
FOXTROT 6,2022-11-29 11:25:00+00:00,2022-11-29 15:25:00+00:00,0.0,44000.0,"POLYGON ((-120.15 10.15, -120 6.45, -131 5.45, -132.15 9.15, -120.15 10.15))"
7E,2022-11-29 11:55:00+00:00,2022-11-29 13:55:00+00:00,0.0,40000.0,"POLYGON ((-87.33793374546323 29.444992833966868, -84.93895341632934 27.89157954242784, -86.95104442911648 26.31991601602935, -87.46456756136705 26.801454847773172, -87.33793374546323 29.444992833966868))"
NOVEMBER 2,2022-11-29 12:21:00+00:00,2022-11-29 16:20:00+00:00,0.0,52000.0,"POLYGON ((-161 16, -152.15 16.15, -154.3 10, -159.3 10.3, -161 16))"
1C,2022-11-29 12:55:00+00:00,2022-11-29 14:55:00+00:00,0.0,38000.0,"POLYGON ((-93.38333448159365 35.38676079764235, -92.18 34.390858121158196, -92.51608684166601 32.68507839270892, -94.07000000000001 34.23285469710447, -93.38333448159365 35.38676079764235))"
8E,2022-11-29 12:55:00+00:00,2022-11-29 14:55:00+00:00,0.0,41000.0,"POLYGON ((-87.33793374546323 29.444992833966868, -84.93895341632934 27.89157954242784, -86.95104442911648 26.31991601602935, -87.46456756136705 26.801454847773172, -87.33793374546323 29.444992833966868))"
9E,2022-11-29 13:55:00+00:00,2022-11-29 15:55:00+00:00,0.0,37000.0,"POLYGON ((-86.68 28.833572531163288, -84.18606389676764 27.90181228263276, -86.2877168443178 26.526140576793306, -86.96646788719625 27.997559479124334, -86.68 28.833572531163288))"
2C,2022-11-29 13:55:00+00:00,2022-11-29 15:55:00+00:00,0.0,36000.0,"POLYGON ((-91.52899808448849 35.63804157700413, -90.8314975397306 33.26777855606409, -91.76023416735974 32.75497176625328, -93.45371302520654 35.38725461765392, -91.52899808448849 35.63804157700413))"
XRAY 7,2022-11-29 14:19:00+00:00,2022-11-29 18:15:00+00:00,0.0,51000.0,"POLYGON ((129.45 12, 140.45 15, 142 12.45, 131.3 5.15, 130 7, 129.45 12))"
10E,2022-11-29 14:55:00+00:00,2022-11-29 16:55:00+00:00,0.0,37000.0,"POLYGON ((-85.87831824331859 29.136776832549774, -84.93895341632934 27.89157954242784, -86.11794819648138 26.594107774010954, -87.72296114102724 27.04152715334124, -85.87831824331859 29.136776832549774))"
3C,2022-11-29 14:55:00+00:00,2022-11-29 16:55:00+00:00,0.0,44000.0,"POLYGON ((-89.89149435279164 36.20964549582819, -90.1391808852124 33.34227975861782, -92.04 33.18547582294557, -92.39141112664508 36.10136698379441, -89.89149435279164 36.20964549582819))"
HOTEL 6,2022-11-29 15:15:00+00:00,2022-11-29 19:15:00+00:00,0.0,38000.0,"POLYGON ((-52 41.3, -48.3 38.3, -58.3 30.45, -60.3 32, -52 41.3))"
FOXTROT 7,2022-11-29 15:15:00+00:00,2022-11-29 19:15:00+00:00,0.0,45000.0,"POLYGON ((-120.15 10.3, -120 7.15, -133.45 5.45, -134 9.45, -120.15 10.3))"
INDIA 1,2022-11-29 15:40:00+00:00,2022-11-29 19:40:00+00:00,0.0,38000.0,"POLYGON ((-58.15 38.45, -56.45 36.45, -60 35.15, -61.3 36.3, -58.15 38.45))"
11E,2022-11-29 15:55:00+00:00,2022-11-29 17:55:00+00:00,0.0,37000.0,"POLYGON ((-85.80676761458878 28.98261148211376, -84.93895341632934 27.89157954242784, -87.20726660704777 26.560915532948524, -87.13870667933045 28.065120047864205, -85.80676761458878 28.98261148211376))"
5C,2022-11-29 15:55:00+00:00,2022-11-29 17:55:00+00:00,0.0,33000.0,"POLYGON ((-92.27546003726658 31.720919548725604, -92.14086646298527 31.13216737841999, -93.11 30.639106867209186, -93.40207839396585 31.57518423005951, -92.27546003726658 31.720919548725604))"
4C,2022-11-29 15:55:00+00:00,2022-11-29 17:55:00+00:00,0.0,45000.0,"POLYGON ((-91.8316342939706 36.81262527272227, -88.9225206448524 36.78787103439686, -89.07732553456908 33.959271652571935, -91.49197787346533 32.709812346999655, -91.8316342939706 36.81262527272227))"
7C,2022-11-29 16:55:00+00:00,2022-11-29 18:55:00+00:00,0.0,33000.0,"POLYGON ((-91.55724564216146 32.11016899973447, -91.42874707631253 30.747069038399292, -93.11 30.14, -92.04 32.230858121158214, -91.55724564216146 32.11016899973447))"
12E,2022-11-29 16:55:00+00:00,2022-11-29 18:55:00+00:00,0.0,37000.0,"POLYGON ((-86.68 28.168096708217718, -85.69167217971712 27.877257263148433, -87.0790215331483 26.440472877302494, -86.96646788719625 27.997559479124334, -86.68 28.168096708217718))"
6C,2022-11-29 16:55:00+00:00,2022-11-29 18:55:00+00:00,0.0,45000.0,"POLYGON ((-90.52818959004591 37.904906418108176, -87.76 37.43089313279082, -88.08853786590034 33.13636413219181, -90.87824851546583 33.4585633463776, -90.52818959004591 37.904906418108176))"
XRAY 8,2022-11-29 17:50:00+00:00,2022-11-29 21:45:00+00:00,0.0,49000.0,"POLYGON ((130.15 14, 140.15 14.15, 138.45 10.15, 130.15 7, 130.15 14))"
11C,2022-11-29 17:55:00+00:00,2022-11-29 19:55:00+00:00,0.0,45000.0,"POLYGON ((-91.82351181248184 31.258228469130618, -91.61032021212012 30.590282465627805, -92.91885081516868 29.739163146498836, -93.11 30.573712818262685, -91.82351181248184 31.258228469130618))"
8C,2022-11-29 17:55:00+00:00,2022-11-29 19:55:00+00:00,0.0,34000.0,"POLYGON ((-88.1139364009425 38.59730284095887, -87.01031514185668 36.028896466630485, -90.15653150353305 35.019872191951904, -90.26804286968031 38.459109544199876, -88.1139364009425 38.59730284095887))"
10C,2022-11-29 17:55:00+00:00,2022-11-29 19:55:00+00:00,0.0,37000.0,"POLYGON ((-93.59034705745859 33.34310067429865, -90.57560808976149 32.59508149655363, -91.77909315163836 31.98546591870242, -94.43393357421398 32.3089555776188, -93.59034705745859 33.34310067429865))"
14E,2022-11-29 17:55:00+00:00,2022-11-29 19:55:00+00:00,0.0,28000.0,"POLYGON ((-86.32 32.22, -87.04779526586864 30.060955930196414, -88.21233616818324 30.422506660920455, -88.36 31.395475822945567, -86.32 32.22))"
13E,2022-11-29 17:55:00+00:00,2022-11-29 19:55:00+00:00,0.0,37000.0,"POLYGON ((-86.68 28.00172775248132, -85.77780627594721 26.7294365227957, -87.0790215331483 26.440472877302494, -87.59362690402669 26.9215498051789, -86.68 28.00172775248132))"
9C,2022-11-29 17:55:00+00:00,2022-11-29 19:55:00+00:00,0.0,45000.0,"POLYGON ((-86.68 36.14, -86.68048016577929 34.70732305395598, -89.53956090878901 32.89932298160445, -91.57307442111752 34.67849588350597, -86.68 36.14))"
JULIETT 1,2022-11-29 18:05:00+00:00,2022-11-29 22:05:00+00:00,0.0,39000.0,"POLYGON ((-46.3 22.3, -41.3 20.45, -45 18, -48.15 20, -46.3 22.3))"
ALFA 1,2022-11-29 18:30:00+00:00,2022-11-29 22:30:00+00:00,33000.0,41000.0,"POLYGON ((173.45 48.3, 170.15 39.15, 166 39.3, 167.15 47, 173.45 48.3))"
HOTEL 7,2022-11-29 18:45:00+00:00,2022-11-29 22:45:00+00:00,0.0,38000.0,"POLYGON ((-50.15 42, -47.3 38.3, -55.45 31.15, -58.45 32.3, -58.3 37.15, -50.15 42))"
15C,2022-11-29 18:55:00+00:00,2022-11-29 20:55:00+00:00,0.0,45000.0,"POLYGON ((-91.43723615679224 32.00742589936598, -90.7364958185656 30.890211739734184, -91.91852657563555 30.257240831979, -92.81213433476859 31.1489730065952, -91.43723615679224 32.00742589936598))"
14C,2022-11-29 18:55:00+00:00,2022-11-29 20:55:00+00:00,0.0,41000.0,"POLYGON ((-89.32 35.586287181737326, -88.26426509233373 33.69421182099819, -94.56400591768889 31.10458106550859, -93.87589538461891 32.9035488910513, -89.32 35.586287181737326))"
16E,2022-11-29 18:55:00+00:00,2022-11-29 20:55:00+00:00,0.0,39000.0,"POLYGON ((-87.05373176885418 31.597988300097793, -86.53218444707629 30.522506328476403, -89.07336190668987 30.473382534849762, -89.28649121884918 31.296328646015013, -87.05373176885418 31.597988300097793))"
15E,2022-11-29 18:55:00+00:00,2022-11-29 20:55:00+00:00,0.0,37000.0,"POLYGON ((-86.68 27.83535879674493, -85.77780627594721 26.7294365227957, -86.47946496012229 25.880808862601217, -87.59362690402669 26.9215498051789, -86.68 27.83535879674493))"
12C,2022-11-29 18:55:00+00:00,2022-11-29 20:55:00+00:00,0.0,34000.0,"POLYGON ((-87.16768379505679 39.336266073903914, -86.05607781037553 36.802048501812344, -88.49723748604505 36.01719017602668, -88.86000000000001 39.07452417705443, -87.16768379505679 39.336266073903914))"
13C,2022-11-29 18:55:00+00:00,2022-11-29 20:55:00+00:00,0.0,42000.0,"POLYGON ((-86.05607781037553 36.802048501812344, -85.58249297139706 35.312156366970754, -88.2271126872129 33.724960074409616, -89.32 35.520893132790825, -86.05607781037553 36.802048501812344))"
FOXTROT 8,2022-11-29 19:10:00+00:00,2022-11-29 23:10:00+00:00,0.0,43000.0,"POLYGON ((-133.15 9.45, -124 9.3, -124 6.3, -133.45 6.15, -133.15 9.45))"
18E,2022-11-29 19:55:00+00:00,2022-11-29 21:55:00+00:00,0.0,45000.0,"POLYGON ((-88.8 31.94628718173732, -86.05993996640778 31.685469018992666, -87.45548952842962 30.55106553975586, -88.83773652293246 31.138033765174722, -88.8 31.94628718173732))"
19C,2022-11-29 19:55:00+00:00,2022-11-29 21:55:00+00:00,0.0,45000.0,"POLYGON ((-89.96929197841183 32.16280021821631, -89.92160924168732 31.29955641401914, -91.76415913018687 30.313203370998824, -92.18713295677873 31.37027093176612, -89.96929197841183 32.16280021821631))"
17E,2022-11-29 19:55:00+00:00,2022-11-29 21:55:00+00:00,0.0,37000.0,"POLYGON ((-86.68 27.83535879674493, -85.60743254375953 26.796796401847086, -86.47946496012229 25.880808862601217, -87.85257201725376 27.16138602923509, -86.68 27.83535879674493))"
16C,2022-11-29 19:55:00+00:00,2022-11-29 21:55:00+00:00,0.0,31000.0,"POLYGON ((-86.7661300911586 41.76913706561058, -85.15195212232553 37.02544489105832, -87.63549639063797 36.454544372483575, -88.26199880883401 39.547463740248915, -86.7661300911586 41.76913706561058))"
17C,2022-11-29 19:55:00+00:00,2022-11-29 21:55:00+00:00,0.0,45000.0,"POLYGON ((-85.15195212232553 37.02544489105832, -84.86208747525016 35.194941841013836, -92.7745568091543 31.02442689702429, -92.74 33.26, -88.49723748604505 36.01719017602668, -85.15195212232553 37.02544489105832))"
18C,2022-11-29 19:55:00+00:00,2022-11-29 21:55:00+00:00,0.0,41000.0,"POLYGON ((-92.87547576982467 32.0279791098017, -92.6946240466638 31.259853371484805, -95.20347920398022 29.652509198242285, -95.44040800762237 31.41266170720523, -92.87547576982467 32.0279791098017))"
21E,2022-11-29 20:55:00+00:00,2022-11-29 22:55:00+00:00,0.0,30000.0,"POLYGON ((-87.85069193788175 29.660476257162006, -86.68 29.239719666370156, -86.68 28.950577787528363, -88.36 29.284290605791067, -87.85069193788175 29.660476257162006))"
20C,2022-11-29 20:55:00+00:00,2022-11-29 22:55:00+00:00,0.0,29000.0,"POLYGON ((-85.69626129752876 42.16257253701347, -84.78118362031987 37.24941184401323, -87.17722168761414 36.30494796256127, -86.17101972142203 42.037036268843885, -85.69626129752876 42.16257253701347))"
22C,2022-11-29 20:55:00+00:00,2022-11-29 22:55:00+00:00,0.0,45000.0,"POLYGON ((-92.86211053787243 33.15771321846031, -92.69334516746193 30.85915684243694, -95.22193902193689 30.22707034419768, -94.87123939896402 32.522169051708694, -92.86211053787243 33.15771321846031))"
20E,2022-11-29 20:55:00+00:00,2022-11-29 22:55:00+00:00,0.0,45000.0,"POLYGON ((-86.32 32.386368955736394, -85.23448536954447 31.833358741004904, -87.82462426596634 30.53790127796301, -88.8 31.714524177054425, -86.32 32.386368955736394))"
19E,2022-11-29 20:55:00+00:00,2022-11-29 22:55:00+00:00,0.0,37000.0,"POLYGON ((-86.45104764094744 27.79359522083806, -85.77780627594721 26.7294365227957, -87.0790215331483 26.440472877302494, -87.46456756136705 26.801454847773172, -86.45104764094744 27.79359522083806))"
23C,2022-11-29 20:55:00+00:00,2022-11-29 22:55:00+00:00,0.0,45000.0,"POLYGON ((-89.34485676027391 32.18782798091745, -89.17378368961624 31.61092347917047, -91.22624047802472 30.326274371675705, -91.66565222728326 31.75092049553061, -89.34485676027391 32.18782798091745))"
21C,2022-11-29 20:55:00+00:00,2022-11-29 22:55:00+00:00,0.0,45000.0,"POLYGON ((-84.68905721250233 37.219594591654314, -84.32375220629717 35.546297049271175, -92.7745568091543 31.02442689702429, -92.74899524583412 34.20811332302595, -84.68905721250233 37.219594591654314))"
XRAY 9,2022-11-29 21:42:00+00:00,2022-11-30 01:40:00+00:00,0.0,54000.0,"POLYGON ((130.3 14, 139.3 13, 137.3 10, 130.15 7.45, 130.3 14))"
22E,2022-11-29 21:55:00+00:00,2022-11-29 23:55:00+00:00,0.0,38000.0,"POLYGON ((-85.45335756783228 32.84530945069597, -85.7191941651467 31.70744244644544, -87.6872603286564 30.728265205535713, -88.5394899059505 31.84546736801354, -85.45335756783228 32.84530945069597))"
25C,2022-11-29 21:55:00+00:00,2022-11-29 23:55:00+00:00,0.0,45000.0,"POLYGON ((-89.85831659715177 32.2253150046079, -88.95781107799881 31.23976606688423, -90.94301441953051 30.786195191728435, -90.88673470777476 31.51977834549802, -89.85831659715177 32.2253150046079))"
24C,2022-11-29 21:55:00+00:00,2022-11-29 23:55:00+00:00,0.0,45000.0,"POLYGON ((-84.35071838181597 37.49087212796139, -84.54100810230926 34.95848012104866, -94.80426841489385 30.429438006359266, -95.07875589034991 31.03216934077736, -91.24185628176748 34.994743677922806, -84.35071838181597 37.49087212796139))"
JULIETT 2,2022-11-29 22:05:00+00:00,2022-11-30 02:05:00+00:00,0.0,39000.0,"POLYGON ((-44.15 22.3, -41.3 20.45, -45 18, -48.15 18, -47.45 21.45, -44.15 22.3))"
ALFA 2,2022-11-29 22:30:00+00:00,2022-11-30 02:30:00+00:00,33000.0,42000.0,"POLYGON ((173.45 48.3, 170.3 40.3, 166.3 40.3, 166.15 47, 173.45 48.3))"
23E,2022-11-29 22:55:00+00:00,2022-11-30 00:55:00+00:00,0.0,38000.0,"POLYGON ((-86.56221491049843 32.42422333324176, -85.7191941651467 31.70744244644544, -87.73703509969927 30.949812240483475, -87.85454408090588 32.04452043292187, -86.56221491049843 32.42422333324176))"
26C,2022-11-29 22:55:00+00:00,2022-11-30 00:55:00+00:00,0.0,45000.0,"POLYGON ((-83.62557581926235 37.95124979729648, -83.86216225640253 34.88971008063144, -91.34368771493612 31.67745238013773, -95.10883551443149 31.1594157937704, -89.69946131675825 35.892068692773385, -83.62557581926235 37.95124979729648))"
27C,2022-11-29 22:55:00+00:00,2022-11-30 00:55:00+00:00,0.0,45000.0,"POLYGON ((-87.70336354801594 32.757256911758596, -87.71259602304839 31.993329976444404, -90.26 31.133631044263613, -90.4095112152725 31.607323181546302, -87.70336354801594 32.757256911758596))"
FOXTROT 9,2022-11-29 23:10:00+00:00,2022-11-30 03:10:00+00:00,0.0,40000.0,"POLYGON ((-122 9.3, -123.45 6.45, -129.3 6.3, -129.3 9.3, -122 9.3))"
30C,2022-11-29 23:55:00+00:00,2022-11-30 01:55:00+00:00,0.0,25000.0,"POLYGON ((-89.76 42.97171624231642, -88.69806028860178 42.812555413537126, -89.0502358616541 40.749827399013654, -89.97404803629246 41.159362209808826, -89.76 42.97171624231642))"
29C,2022-11-29 23:55:00+00:00,2022-11-30 01:55:00+00:00,0.0,45000.0,"POLYGON ((-87.8475721868518 32.70837151409634, -87.1069888419436 31.94093634802107, -89.94773382775917 31.18897241278164, -90.06492211538914 31.700551042226287, -87.8475721868518 32.70837151409634))"
26E,2022-11-29 23:55:00+00:00,2022-11-30 01:55:00+00:00,0.0,42000.0,"POLYGON ((-87.33793374546323 29.444992833966868, -85.95008380351696 29.290904068838216, -86.68 28.334465663954106, -87.41633500875962 28.728421947234096, -87.33793374546323 29.444992833966868))"
24E,2022-11-29 23:55:00+00:00,2022-11-30 01:55:00+00:00,0.0,38000.0,"POLYGON ((-86.59883041052957 32.45497533058373, -85.19598765774109 31.97513444044588, -85.94685617538487 31.450926878077023, -87.40551463045553 31.833358741004904, -86.59883041052957 32.45497533058373))"
25E,2022-11-29 23:55:00+00:00,2022-11-30 01:55:00+00:00,0.0,45000.0,"POLYGON ((-83.06804787767447 37.02544489105832, -83.13344689215997 35.642958140829585, -84.44 34.29547582294557, -87.09990368630436 33.66983909469433, -87.06436622495158 36.92836605612156, -83.06804787767447 37.02544489105832))"
28C,2022-11-29 23:55:00+00:00,2022-11-30 01:55:00+00:00,0.0,45000.0,"POLYGON ((-87.06436622495158 36.92836605612156, -87.09990368630436 33.66983909469433, -90.4095112152725 31.607323181546302, -94.18005595053121 31.349873633731026, -94.38634529539391 32.29214430580634, -87.06436622495158 36.92836605612156))"
1E,2022-11-30 00:55:00+00:00,2022-11-30 02:55:00+00:00,0.0,42000.0,"POLYGON ((-87.08469575162376 37.70676821432096, -82.13 36.87371281826269, -83.42418871102818 34.59770989280981, -86.9 33.38085812115821, -87.08469575162376 37.70676821432096))"
3E,2022-11-30 00:55:00+00:00,2022-11-30 02:55:00+00:00,0.0,34000.0,"POLYGON ((-88.03592898292942 31.397428293023804, -86.87410103170498 31.23055375274987, -86.744519175697 30.963550147044366, -88.19181319020318 30.72989157356831, -88.03592898292942 31.397428293023804))"
2C,2022-11-30 00:55:00+00:00,2022-11-30 02:55:00+00:00,0.0,45000.0,"POLYGON ((-86.5831347056611 32.75399225160044, -86.68128772911716 31.91280465427178, -89.63326529222525 31.51977834549802, -89.73788330839787 32.12280046977368, -86.5831347056611 32.75399225160044))"
2E,2022-11-30 00:55:00+00:00,2022-11-30 02:55:00+00:00,0.0,38000.0,"POLYGON ((-87.33793374546323 29.444992833966868, -85.95008380351696 29.290904068838216, -86.68 28.66720357542689, -87.41633500875962 28.728421947234096, -87.33793374546323 29.444992833966868))"
1C,2022-11-30 00:55:00+00:00,2022-11-30 02:55:00+00:00,0.0,45000.0,"POLYGON ((-87.01829145522811 37.119599691876296, -86.9 33.337262088527226, -89.87485613545012 31.968684986542883, -93.22117777636873 31.51265379423271, -94.0078578070473 32.769844516237846, -87.01829145522811 37.119599691876296))"
3C,2022-11-30 00:55:00+00:00,2022-11-30 02:55:00+00:00,0.0,24000.0,"POLYGON ((-87.924038988155 44.09857518360462, -87.9 41.99, -89.11869498533996 41.5119642580819, -89.33675112025554 43.42188502607326, -87.924038988155 44.09857518360462))"
5E,2022-11-30 01:55:00+00:00,2022-11-30 03:55:00+00:00,0.0,39000.0,"POLYGON ((-86.51532802374402 31.819151320733045, -86.48589896829502 31.23055375274987, -88.00208056053474 31.03619032655954, -87.97056399146943 31.53081580977956, -86.51532802374402 31.819151320733045))"
4E,2022-11-30 01:55:00+00:00,2022-11-30 03:55:00+00:00,0.0,42000.0,"POLYGON ((-85.50956685926978 38.233545128717, -81.25370560056652 37.088758978259456, -82.85516134320957 33.70805304104184, -86.94997552489423 31.997137583186007, -86.77466325231116 37.040180657195684, -85.50956685926978 38.233545128717))"
5C,2022-11-30 01:55:00+00:00,2022-11-30 03:55:00+00:00,0.0,28000.0,"POLYGON ((-86.7891672859189 44.55143788671401, -87.43419620944036 43.37155981411079, -88.28 42.787262088527214, -88.19 44.39363104426362, -86.7891672859189 44.55143788671401))"
4C,2022-11-30 01:55:00+00:00,2022-11-30 03:55:00+00:00,0.0,45000.0,"POLYGON ((-87.01829145522811 37.119599691876296, -87.106593793031 32.21756446569643, -91.1517789625367 30.78732594917064, -94.93221288579696 32.48353553466704, -87.01829145522811 37.119599691876296))"
OSCAR 1,2022-11-30 02:05:00+00:00,2022-11-30 06:00:00+00:00,0.0,50000.0,"POLYGON ((-144 9.45, -140.15 9.3, -140.15 7, -145.3 5.3, -144 9.45))"
KILO 1,2022-11-30 02:54:00+00:00,2022-11-30 07:00:00+00:00,36000.0,42000.0,"POLYGON ((161.59 51.2, 167.01 47.01, 163.03 45.38, 159.08 50.02, 161.59 51.2))"
6E,2022-11-30 02:55:00+00:00,2022-11-30 04:55:00+00:00,0.0,36000.0,"POLYGON ((-84.35563007973929 39.13014397910839, -81.09291417685539 36.78270216372839, -82.64262185206745 33.87503675075433, -86.95304979958053 32.43972275364451, -86.95430077698154 37.33780220092306, -84.35563007973929 39.13014397910839))"
7E,2022-11-30 02:55:00+00:00,2022-11-30 04:55:00+00:00,0.0,39000.0,"POLYGON ((-86.25450835476792 32.353549252562374, -86.07887206614436 32.01531686856868, -87.30361852842692 31.049806323466374, -87.26380991150467 31.884542177958284, -86.25450835476792 32.353549252562374))"
6C,2022-11-30 02:55:00+00:00,2022-11-30 04:55:00+00:00,0.0,45000.0,"POLYGON ((-87.03232871443458 37.399095692685854, -87.04876587493278 32.47257695195589, -92.14813132561663 30.136494069969416, -93.96091411508219 32.462499738357806, -87.03232871443458 37.399095692685854))"
7C,2022-11-30 02:55:00+00:00,2022-11-30 04:55:00+00:00,0.0,26000.0,"POLYGON ((-85.55 45.66821373441835, -86.3927424669127 43.784281109779194, -87.46633292278821 43.7053378381942, -87.18719869889159 45.26149156774827, -85.55 45.66821373441835))"
OSCAR 2,2022-11-30 03:26:00+00:00,2022-11-30 07:20:00+00:00,0.0,51000.0,"POLYGON ((-143.45 10, -140.15 9.45, -140.15 7, -144.3 6, -143.45 10))"
9E,2022-11-30 03:55:00+00:00,2022-11-30 05:55:00+00:00,0.0,39000.0,"POLYGON ((-85.69559390936605 32.64015007667887, -85.21 32.47171624231643, -86.68 31.40828375768357, -86.83265471082865 32.21896547650789, -85.69559390936605 32.64015007667887))"
8E,2022-11-30 03:55:00+00:00,2022-11-30 05:55:00+00:00,0.0,41000.0,"POLYGON ((-83.43719309485924 40.09743354371793, -80.55171359491706 36.239644002920905, -84.01578687303541 32.816802691898275, -87.04876587493278 32.47257695195589, -86.97783019987484 38.18208204377095, -83.43719309485924 40.09743354371793))"
9C,2022-11-30 03:55:00+00:00,2022-11-30 05:55:00+00:00,0.0,26000.0,"POLYGON ((-85.55 45.66821373441835, -85.55 44.00452417705443, -86.57183952163146 44.091009324912, -86.55474972059689 45.37147468749988, -85.55 45.66821373441835))"
10C,2022-11-30 03:55:00+00:00,2022-11-30 05:55:00+00:00,0.0,45000.0,"POLYGON ((-89.82197082311362 32.19441329504309, -89.17378368961624 31.61092347917047, -92.40089692444066 29.88342798996715, -92.962298581276 30.447327082863428, -89.82197082311362 32.19441329504309))"
8C,2022-11-30 03:55:00+00:00,2022-11-30 05:55:00+00:00,0.0,45000.0,"POLYGON ((-86.97783019987484 38.18208204377095, -86.87911717164472 32.689333003984295, -93.33196875464965 31.963166444608426, -93.58401521974237 32.30868235179021, -86.97783019987484 38.18208204377095))"
13C,2022-11-30 04:55:00+00:00,2022-11-30 06:55:00+00:00,0.0,45000.0,"POLYGON ((-89.85831659715177 32.2253150046079, -88.8 31.657145302895533, -92.07271792725749 30.201097483101673, -92.24256616422711 30.725478807447846, -89.85831659715177 32.2253150046079))"
12C,2022-11-30 04:55:00+00:00,2022-11-30 06:55:00+00:00,0.0,26000.0,"POLYGON ((-87.10606822617224 39.757043713252216, -86.59250819140651 38.97700621853641, -88.90534241498477 36.82068588643704, -89.58866496262625 37.157123086039334, -87.10606822617224 39.757043713252216))"
10E,2022-11-30 04:55:00+00:00,2022-11-30 06:55:00+00:00,0.0,40000.0,"POLYGON ((-81.85 40.75452417705443, -79.68985823594602 35.81436884787738, -85.7666408155912 31.74823125693894, -87.04876587493278 32.47257695195589, -87.00824635032804 38.515820689814504, -81.85 40.75452417705443))"
11C,2022-11-30 04:55:00+00:00,2022-11-30 06:55:00+00:00,0.0,45000.0,"POLYGON ((-87.00824635032804 38.515820689814504, -86.87911717164472 32.689333003984295, -92.59516544037785 32.048217220072466, -92.82920852467535 32.5175361009145, -87.00824635032804 38.515820689814504))"
12E,2022-11-30 05:55:00+00:00,2022-11-30 07:55:00+00:00,0.0,44000.0,"POLYGON ((-83.51286014873551 35.592728336080675, -81.15209676304758 34.7891334718863, -83.65 32.69, -85.30905910747241 31.655951148463558, -85.48481663625537 34.29170878433805, -83.51286014873551 35.592728336080675))"
14C,2022-11-30 05:55:00+00:00,2022-11-30 07:55:00+00:00,0.0,45000.0,"POLYGON ((-85.48481663625537 34.29170878433805, -85.40712046785421 32.649146453484825, -88.8 32.38, -92.28192324146045 32.3153142031313, -90.6489108918399 33.766135444757815, -85.48481663625537 34.29170878433805))"
15C,2022-11-30 05:55:00+00:00,2022-11-30 07:55:00+00:00,0.0,26000.0,"POLYGON ((-85.48553725011176 41.51388889812458, -84.04 40.86828375768358, -87.16341036304374 36.927806541108936, -89.0665585512661 36.224187830021364, -85.48553725011176 41.51388889812458))"
16C,2022-11-30 05:55:00+00:00,2022-11-30 07:55:00+00:00,0.0,45000.0,"POLYGON ((-87.11179226739677 32.49415792830608, -89.66501926360621 30.787492533675188, -91.87646408777253 31.037195015520858, -91.40794814055783 32.29711938969625, -87.11179226739677 32.49415792830608))"
17C,2022-11-30 05:55:00+00:00,2022-11-30 07:55:00+00:00,0.0,45000.0,"POLYGON ((-87.06124613905929 36.44607805603683, -85.50280321619773 34.95948990812308, -85.93335246448397 33.998190643556406, -90.6489108918399 33.766135444757815, -87.06124613905929 36.44607805603683))"
11E,2022-11-30 05:55:00+00:00,2022-11-30 07:55:00+00:00,0.0,32000.0,"POLYGON ((-81.68099373956632 41.112466263231795, -80.95519553633221 38.906880597650655, -83.65282335389878 36.360881953482156, -85.55599738723137 34.95932449239075, -87.1189897732137 36.49212224709734, -81.68099373956632 41.112466263231795))"
18C,2022-11-30 05:55:00+00:00,2022-11-30 07:55:00+00:00,0.0,42000.0,"POLYGON ((-91.78270330279229 31.00334123033534, -89.57586240851258 30.70998279621176, -93.11 28.642679398372472, -93.64217119795745 29.947926880086285, -91.78270330279229 31.00334123033534))"
LIMA 1,2022-11-30 06:45:00+00:00,2022-11-30 10:45:00+00:00,0.0,42000.0,"POLYGON ((-46 23.15, -44.15 19.3, -47.15 18.15, -49.3 22.15, -46 23.15))"
KILO 2,2022-11-30 06:48:00+00:00,2022-11-30 10:50:00+00:00,36000.0,42000.0,"POLYGON ((163.43 52.05, 168.46 47.33, 163.04 45.4, 159.04 50, 163.43 52.05))"
21C,2022-11-30 06:55:00+00:00,2022-11-30 08:55:00+00:00,0.0,45000.0,"POLYGON ((-86.32 32.50914187884179, -88.48908335278634 30.99706840559298, -91.87646408777253 31.037195015520858, -90.6138450169969 32.428957050977296, -86.32 32.50914187884179))"
14E,2022-11-30 06:55:00+00:00,2022-11-30 08:55:00+00:00,0.0,40000.0,"POLYGON ((-82.98791106668718 35.314422610986654, -81.1823975313693 34.728663000002335, -82.31252644797742 33.4024964429598, -85.07181607095315 31.657616916745877, -85.53483547945474 34.19086697356401, -82.98791106668718 35.314422610986654))"
13E,2022-11-30 06:55:00+00:00,2022-11-30 08:55:00+00:00,0.0,31000.0,"POLYGON ((-83.00183266742879 39.38074186351281, -80.55581748829395 39.26203785952223, -83.30560813046887 36.369149992920995, -85.55599738723137 34.95932449239075, -86.68 36.47273791147279, -83.00183266742879 39.38074186351281))"
23C,2022-11-30 06:55:00+00:00,2022-11-30 08:55:00+00:00,0.0,45000.0,"POLYGON ((-89.54240207820213 31.043338094458317, -92.03195981314778 29.19447143463311, -93.64217119795745 29.947926880086285, -91.78270330279229 31.00334123033534, -89.54240207820213 31.043338094458317))"
20C,2022-11-30 06:55:00+00:00,2022-11-30 08:55:00+00:00,0.0,25000.0,"POLYGON ((-84.56220555439282 41.448866503434914, -83.87835291982744 41.28663895758564, -85.58 38.1, -87.63549639063797 36.454544372483575, -88.3659775125879 36.33456103280137, -84.56220555439282 41.448866503434914))"
19C,2022-11-30 06:55:00+00:00,2022-11-30 08:55:00+00:00,0.0,45000.0,"POLYGON ((-85.53483547945474 34.19086697356401, -85.21 33.05, -86.32 32.55273791147278, -91.67594318316742 32.392142289384296, -90.12682729967294 33.76731564919611, -85.53483547945474 34.19086697356401))"
22C,2022-11-30 06:55:00+00:00,2022-11-30 08:55:00+00:00,0.0,41000.0,"POLYGON ((-86.68 36.47273791147279, -85.55599738723137 34.95932449239075, -85.53483547945474 34.19086697356401, -90.12682729967294 33.76731564919611, -86.68 36.47273791147279))"
17E,2022-11-30 07:55:00+00:00,2022-11-30 09:55:00+00:00,0.0,30000.0,"POLYGON ((-83.65 32.69, -85.66985624481356 30.826081272898357, -86.9175942870379 30.625328996307235, -85.21 32.47171624231643, -83.65 32.69))"
24C,2022-11-30 07:55:00+00:00,2022-11-30 09:55:00+00:00,0.0,45000.0,"POLYGON ((-85.05755310301515 34.139603072925894, -85.21 33.05, -86.32 32.50914187884179, -90.6138450169969 32.428957050977296, -88.51 33.6345709394209, -85.05755310301515 34.139603072925894))"
26C,2022-11-30 07:55:00+00:00,2022-11-30 09:55:00+00:00,0.0,45000.0,"POLYGON ((-86.32 32.50914187884179, -88.12164147584747 30.934236433895936, -91.87646408777253 31.037195015520858, -90.1 32.43, -86.32 32.50914187884179))"
28C,2022-11-30 07:55:00+00:00,2022-11-30 09:55:00+00:00,0.0,45000.0,"POLYGON ((-91.87646408777253 31.037195015520858, -88.98296490030073 30.949812240483475, -93.11 28.549719666370162, -94.79445604851396 28.198301738072974, -91.87646408777253 31.037195015520858))"
16E,2022-11-30 07:55:00+00:00,2022-11-30 09:55:00+00:00,0.0,35000.0,"POLYGON ((-83.61208893331282 35.314422610986654, -81.1823975313693 34.728663000002335, -81.85602326766535 33.09480759313287, -85.21 32.38452417705443, -85.15 34.294524177054434, -83.61208893331282 35.314422610986654))"
15E,2022-11-30 07:55:00+00:00,2022-11-30 09:55:00+00:00,0.0,30000.0,"POLYGON ((-82.27334087515185 38.2886323563011, -81.70190800387401 37.587567600330026, -83.61208893331282 35.314422610986654, -85.15 34.46089313279082, -86.48951746746428 36.20351588313664, -82.27334087515185 38.2886323563011))"
27C,2022-11-30 07:55:00+00:00,2022-11-30 09:55:00+00:00,0.0,40000.0,"POLYGON ((-86.48951746746428 36.20351588313664, -85.15 34.46089313279082, -85.00826235240366 34.099264778247814, -88.51 33.6563689557364, -86.48951746746428 36.20351588313664))"
25C,2022-11-30 07:55:00+00:00,2022-11-30 09:55:00+00:00,0.0,26000.0,"POLYGON ((-84.16710352574297 41.2938247518765, -83.09668298363431 41.07113321727705, -84.27172838545715 39.019217061816114, -86.44 36.59726208852722, -87.41386784239167 36.72597107132902, -84.16710352574297 41.2938247518765))"
30C,2022-11-30 08:55:00+00:00,2022-11-30 10:55:00+00:00,0.0,45000.0,"POLYGON ((-85.15 34.23714530289554, -85.40712046785421 32.649146453484825, -89.58615498300308 32.428957050977296, -87.59483790823707 33.66805598375878, -85.15 34.23714530289554))"
19E,2022-11-30 08:55:00+00:00,2022-11-30 10:55:00+00:00,0.0,41000.0,"POLYGON ((-82.33634477620306 35.029322733500365, -81.48924891038993 32.92795959095838, -85.43668804384119 32.58868016710795, -85.15130964829672 34.216170565571424, -82.33634477620306 35.029322733500365))"
18E,2022-11-30 08:55:00+00:00,2022-11-30 10:55:00+00:00,0.0,32000.0,"POLYGON ((-84.11 37.03, -82.13 36.44, -82.33634477620306 35.029322733500365, -85.15 34.12815522131804, -87.77062388423693 33.742472734514195, -84.11 37.03))"
31C,2022-11-30 08:55:00+00:00,2022-11-30 10:55:00+00:00,0.0,45000.0,"POLYGON ((-91.3 30.979106867209182, -88.08561423058345 30.964992691111963, -93.11 28.476310442636077, -93.90639357049436 28.446843926913996, -91.3 30.979106867209182))"
29C,2022-11-30 08:55:00+00:00,2022-11-30 10:55:00+00:00,0.0,45000.0,"POLYGON ((-85.43668804384119 32.58868016710795, -87.45497568008889 30.827693507021543, -91.3 30.979106867209182, -89.50868029569529 32.428618839435295, -85.43668804384119 32.58868016710795))"
20E,2022-11-30 09:55:00+00:00,2022-11-30 11:55:00+00:00,0.0,32000.0,"POLYGON ((-84.1271766461012 36.360881953482156, -81.00883112144778 36.04560488726442, -82.69292777233419 34.69849476116072, -86.47766966726513 33.31635925235381, -86.9 33.503631044263614, -84.1271766461012 36.360881953482156))"
21E,2022-11-30 09:55:00+00:00,2022-11-30 11:55:00+00:00,0.0,42000.0,"POLYGON ((-82.7404269213381 34.5077202774099, -82.16 33.71, -84.29 32.15910686720918, -86.47766966726513 33.31635925235381, -82.7404269213381 34.5077202774099))"
32C,2022-11-30 09:55:00+00:00,2022-11-30 11:55:00+00:00,0.0,45000.0,"POLYGON ((-86.9 33.503631044263614, -84.9082685187687 32.43481681288036, -87.2612358328858 30.82870258450018, -90.88899242003411 30.8322775347312, -86.9 33.503631044263614))"
33C,2022-11-30 09:55:00+00:00,2022-11-30 11:55:00+00:00,0.0,45000.0,"POLYGON ((-87.45497568008889 30.827693507021543, -93.11 28.30994148689969, -93.90639357049436 28.446843926913996, -90.88899242003411 30.8322775347312, -87.45497568008889 30.827693507021543))"
KILO 3,2022-11-30 10:45:00+00:00,2022-11-30 14:45:00+00:00,29000.0,39000.0,"POLYGON ((168.45 51.15, 170 47.45, 165.3 46.45, 161.45 50.45, 168.45 51.15))"
24E,2022-11-30 10:55:00+00:00,2022-11-30 12:55:00+00:00,0.0,34000.0,"POLYGON ((-84.36819935495399 32.01147053103949, -84.21180064504603 31.886813226644087, -86.60180064504603 28.88824913533066, -86.75819935495399 29.012906439726066, -84.36819935495399 32.01147053103949))"
22E,2022-11-30 10:55:00+00:00,2022-11-30 12:55:00+00:00,0.0,37000.0,"POLYGON ((-80.87403961636336 36.04668111441483, -81.93 34.45171624231644, -85.68714789065889 32.88311670880168, -86.76745729085373 33.402796946539354, -82.50971811126553 36.13271655800803, -80.87403961636336 36.04668111441483))"
23E,2022-11-30 10:55:00+00:00,2022-11-30 12:55:00+00:00,0.0,45000.0,"POLYGON ((-82.16000000000001 34.20910686720918, -82.16 33.71, -83.09379898678641 32.21820922497397, -83.87378817875202 32.012246792286305, -85.57622164933318 32.92213152705868, -82.16000000000001 34.20910686720918))"
35C,2022-11-30 10:55:00+00:00,2022-11-30 12:55:00+00:00,0.0,45000.0,"POLYGON ((-90.26 30.634524177054434, -88.1388533192434 30.268697876454265, -92.24249119671636 28.292691090479412, -94.04870196712392 27.91352960498772, -90.26 30.634524177054434))"
34C,2022-11-30 10:55:00+00:00,2022-11-30 12:55:00+00:00,0.0,45000.0,"POLYGON ((-86.74754370210668 33.36249658462884, -83.87378817875202 32.012246792286305, -88.0656003938633 30.114848192734076, -90.26 30.634524177054434, -86.74754370210668 33.36249658462884))"
27E,2022-11-30 11:55:00+00:00,2022-11-30 13:55:00+00:00,0.0,34000.0,"POLYGON ((-84.55867008980488 31.325849534701796, -84.40964955785412 31.19245957609504, -86.60548973402463 28.739311868804094, -86.75451026597538 28.87270182741085, -84.55867008980488 31.325849534701796))"
37C,2022-11-30 11:55:00+00:00,2022-11-30 13:55:00+00:00,,,"POLYGON ((-89.87653836713581 30.10779247315422, -88.13088124207039 30.53244898954161, -92.81543093382392 29.52083144033291, -93.11 29.52599161966277, -89.87653836713581 30.10779247315422))"
26E,2022-11-30 11:55:00+00:00,2022-11-30 13:55:00+00:00,0.0,44000.0,"POLYGON ((-80.37751804714729 34.718088020957396, -80.62323180648023 34.21218728841783, -81.41287774722005 32.77445916717388, -83.70363356061323 31.658659501556194, -85.21 32.38452417705443, -80.37751804714729 34.718088020957396))"
25E,2022-11-30 11:55:00+00:00,2022-11-30 13:55:00+00:00,0.0,31000.0,"POLYGON ((-80.8058434722763 35.30755524761043, -80.37751804714729 34.718088020957396, -85.21 32.38452417705443, -86.01691774581529 32.834458328288214, -84.57910135959607 34.488099469985336, -80.8058434722763 35.30755524761043))"
36C,2022-11-30 11:55:00+00:00,2022-11-30 13:55:00+00:00,0.0,45000.0,"POLYGON ((-86.01691774581529 32.834458328288214, -83.70363356061323 31.658659501556194, -87.6798477891261 30.140023192072924, -89.63010584854739 30.618008933250724, -86.01691774581529 32.834458328288214))"
29E,2022-11-30 12:55:00+00:00,2022-11-30 14:55:00+00:00,0.0,33000.0,"POLYGON ((-84.12129850773118 31.52576891307133, -83.97935198338791 31.384874682434067, -86.60902673782837 28.73555973278884, -86.75097326217164 28.876453963426105, -84.12129850773118 31.52576891307133))"
28E,2022-11-30 12:55:00+00:00,2022-11-30 14:55:00+00:00,0.0,42000.0,"POLYGON ((-79.60039479535489 35.922068034594325, -78.21234012941083 35.677663676693896, -81.69956121452608 32.158633175643814, -83.70363356061323 31.658659501556194, -85.5117314812313 32.43481681288036, -79.60039479535489 35.922068034594325))"
38C,2022-11-30 12:55:00+00:00,2022-11-30 14:55:00+00:00,0.0,45000.0,"POLYGON ((-85.43668804384119 32.58868016710795, -83.70363356061323 31.658659501556194, -86.68 29.998155221318033, -89.25111192859042 30.40862244644479, -85.43668804384119 32.58868016710795))"
39C,2022-11-30 12:55:00+00:00,2022-11-30 14:55:00+00:00,0.0,45000.0,"POLYGON ((-89.07336190668987 30.473382534849762, -86.68 29.998155221318033, -92.24249119671636 28.292691090479412, -93.11 28.30994148689969, -89.07336190668987 30.473382534849762))"
31E,2022-11-30 13:55:00+00:00,2022-11-30 15:55:00+00:00,0.0,33000.0,"POLYGON ((-85.29034616553308 29.578814822750168, -84.8576514431711 29.33048925226135, -85.16953517585583 28.661082221159027, -86.68 29.095148726949265, -85.29034616553308 29.578814822750168))"
30E,2022-11-30 13:55:00+00:00,2022-11-30 15:55:00+00:00,0.0,35000.0,"POLYGON ((-79.98 36.05, -75.77248316067647 35.45790944207776, -80.79483475337032 32.0489595223025, -83.57352262782743 30.674328323125007, -84.89170109160077 32.93894592447128, -79.98 36.05))"
41C,2022-11-30 13:55:00+00:00,2022-11-30 15:55:00+00:00,0.0,41000.0,"POLYGON ((-88.98011084388914 30.507226227474334, -87.91375506429314 29.794273484968834, -91.37409969268957 28.049477710986, -92.3543965037356 28.53504364351811, -88.98011084388914 30.507226227474334))"
40C,2022-11-30 13:55:00+00:00,2022-11-30 15:55:00+00:00,0.0,45000.0,"POLYGON ((-84.84377835066681 32.92213152705868, -83.6638881053447 30.9864105292458, -87.33793374546323 29.444992833966868, -89.07336190668987 30.473382534849762, -84.84377835066681 32.92213152705868))"
32E,2022-11-30 14:55:00+00:00,2022-11-30 16:55:00+00:00,0.0,35000.0,"POLYGON ((-78.78 35.87, -76.18 35.26178626558164, -80.20535714427434 31.83844689022277, -83.33199868027992 30.831525500939293, -84.84377835066681 32.92213152705868, -78.78 35.87))"
33E,2022-11-30 14:55:00+00:00,2022-11-30 16:55:00+00:00,0.0,33000.0,"POLYGON ((-84.07786910491039 30.164436683270303, -85.50351159900647 27.88122105023299, -86.68 28.66720357542689, -85.16251131067045 29.691641457176388, -84.07786910491039 30.164436683270303))"
43C,2022-11-30 14:55:00+00:00,2022-11-30 16:55:00+00:00,0.0,45000.0,"POLYGON ((-87.97291012078095 30.72942565123441, -87.6307966136423 29.190912175467794, -90.53366277448461 28.25707270258019, -91.03571626812398 28.35326538449789, -87.97291012078095 30.72942565123441))"
42C,2022-11-30 14:55:00+00:00,2022-11-30 16:55:00+00:00,0.0,45000.0,"POLYGON ((-84.84377835066681 32.92213152705868, -83.33199868027992 30.831525500939293, -87.55909620170776 29.036786611670212, -87.97291012078095 30.72942565123441, -84.84377835066681 32.92213152705868))"
35E,2022-11-30 15:55:00+00:00,2022-11-30 17:55:00+00:00,0.0,45000.0,"POLYGON ((-80.89720924916071 33.55249591053598, -80.14593503855053 31.332856137251873, -85.36157341431154 28.24423513939324, -86.95467383835194 31.06499154321589, -80.89720924916071 33.55249591053598))"
34E,2022-11-30 15:55:00+00:00,2022-11-30 17:55:00+00:00,0.0,25000.0,"POLYGON ((-77.32311726161191 35.42472301366244, -76.37158947890458 34.850221536084156, -79.87361724218674 31.095213549427644, -80.34119816074363 32.27481902758643, -77.32311726161191 35.42472301366244))"
45C,2022-11-30 15:55:00+00:00,2022-11-30 17:55:00+00:00,0.0,44000.0,"POLYGON ((-86.87374682925993 30.82985584104606, -85.95008380351696 29.290904068838216, -89.66633722551538 28.25707270258019, -90.53366277448461 28.25707270258019, -86.87374682925993 30.82985584104606))"
44C,2022-11-30 15:55:00+00:00,2022-11-30 17:55:00+00:00,0.0,37000.0,"POLYGON ((-86.68 28.500834619690497, -84.60570371767538 28.59693179113031, -85.12715133198182 27.888382245393466, -86.62263857841727 27.8617961863374, -86.68 28.500834619690497))"
36E,2022-11-30 16:55:00+00:00,2022-11-30 18:55:00+00:00,0.0,24000.0,"POLYGON ((-76.61571688978401 35.90628668667937, -76.18302069669227 34.91145307117172, -77.87 32.85267939837247, -76.61571688978401 35.90628668667937))"
37E,2022-11-30 16:55:00+00:00,2022-11-30 18:55:00+00:00,0.0,45000.0,"POLYGON ((-80.89720924916071 33.55249591053598, -81.23672402003552 30.57499714509143, -84.65138307742073 28.178709376166992, -86.14407164843098 30.637896907909322, -80.89720924916071 33.55249591053598))"
46C,2022-11-30 16:55:00+00:00,2022-11-30 18:55:00+00:00,0.0,37000.0,"POLYGON ((-85.66430339525179 28.674167851148454, -84.42961398290998 28.535605062299076, -84.95429285689976 26.488098979713477, -86.68 27.502620885272147, -85.66430339525179 28.674167851148454))"
47C,2022-11-30 16:55:00+00:00,2022-11-30 18:55:00+00:00,0.0,40000.0,"POLYGON ((-86.14407164843098 30.637896907909322, -85.0768766276345 28.86093881581106, -89.03180928940711 28.23463979765442, -89.66633722551538 28.25707270258019, -86.14407164843098 30.637896907909322))"
38E,2022-11-30 17:55:00+00:00,2022-11-30 19:55:00+00:00,0.0,42000.0,"POLYGON ((-81.33676963025454 32.620912569176504, -80.68617845248335 31.04326247893941, -84.95429285689976 26.488098979713477, -86.8203062841394 27.848114006676866, -84.29 31.66, -81.33676963025454 32.620912569176504))"
39E,2022-11-30 17:55:00+00:00,2022-11-30 19:55:00+00:00,0.0,35000.0,"POLYGON ((-84.8856627940191 30.58990711197348, -85.96360811662267 28.978394553899797, -87.48383353268672 28.199594628992333, -89.66633722551538 28.25707270258019, -84.8856627940191 30.58990711197348))"
ROMEO 1,2022-11-30 18:24:00+00:00,2022-11-30 22:20:00+00:00,28000.0,36000.0,"POLYGON ((173.45 29.45, 169.15 25, 169.45 19, -178.3 28.15, 173.45 29.45))"
SIERRA 1,2022-11-30 18:34:00+00:00,2022-11-30 22:30:00+00:00,0.0,51000.0,"POLYGON ((-173.45 24.45, 173.15 16, 176 15, -176.45 18, -171.45 23.15, -173.45 24.45))"
41E,2022-11-30 18:55:00+00:00,2022-11-30 20:55:00+00:00,0.0,37000.0,"POLYGON ((-81.21304447229758 30.954484094797632, -80.79946739632095 30.083412642324504, -82.68 28.741844778681966, -84.45706232193841 29.083248092671557, -81.21304447229758 30.954484094797632))"
42E,2022-11-30 18:55:00+00:00,2022-11-30 20:55:00+00:00,0.0,25000.0,"POLYGON ((-78.22272011451275 32.24017317440624, -77.68267016581326 32.040179807225364, -78.114134192269 31.228223940412413, -79.22138683437119 31.19657097258367, -78.22272011451275 32.24017317440624))"
40E,2022-11-30 18:55:00+00:00,2022-11-30 20:55:00+00:00,0.0,43000.0,"POLYGON ((-85.00517657939814 29.015021064877867, -82.68 28.741844778681966, -84.95429285689976 26.488098979713477, -87.20726660704777 26.560915532948524, -85.00517657939814 29.015021064877867))"
MIKE 1,2022-11-30 19:55:00+00:00,2022-11-30 23:55:00+00:00,0.0,43000.0,"POLYGON ((-51 27, -45.15 26.3, -44.3 23, -47 21.15, -52.15 23.3, -51 27))"
44E,2022-11-30 19:55:00+00:00,2022-11-30 21:55:00+00:00,0.0,39000.0,"POLYGON ((-79.90358992038874 27.080576602942866, -79.83556001541055 25.633350251902087, -80.91633422082246 24.91936699856372, -81.84190837592114 26.663552760551035, -79.90358992038874 27.080576602942866))"
43E,2022-11-30 19:55:00+00:00,2022-11-30 21:55:00+00:00,0.0,35000.0,"POLYGON ((-81.51 30.34, -80.29494797216884 30.00336883085377, -85.29459532992047 26.354539790314085, -85.54768302221822 27.36795836815504, -84.631942538442 29.01762300345135, -81.51 30.34))"
46E,2022-11-30 20:55:00+00:00,2022-11-30 22:55:00+00:00,0.0,40000.0,"POLYGON ((-81.9494296854414 27.17741500641899, -79.63071362833516 27.088168999721773, -80.0352948498954 25.265531115424707, -81.06393734637493 24.864833209594003, -81.9494296854414 27.17741500641899))"
45E,2022-11-30 20:55:00+00:00,2022-11-30 22:55:00+00:00,0.0,32000.0,"POLYGON ((-82.6983549824623 29.292855333611957, -81.83370333121087 28.539107239268716, -84.78975815191164 26.55227449852987, -84.63187190950045 27.177042360253463, -82.6983549824623 29.292855333611957))"
ROMEO 2,2022-11-30 21:42:00+00:00,2022-12-01 01:40:00+00:00,28000.0,36000.0,"POLYGON ((174.45 29.45, 169.15 24.45, 168.15 18.3, 171.3 18, -179.3 27.45, 174.45 29.45))"
SIERRA 2,2022-11-30 21:46:00+00:00,2022-12-01 01:45:00+00:00,0.0,48000.0,"POLYGON ((-173.15 25, -171 23.45, -176.15 18.3, -179 19.3, -173.15 25))"
49E,2022-11-30 21:55:00+00:00,2022-11-30 23:55:00+00:00,0.0,26000.0,"POLYGON ((-73.74317354575751 43.69540142641848, -72.45 43.511716242316425, -73.10031925237894 41.63258624080009, -75.04550354531358 41.855218157373116, -73.74317354575751 43.69540142641848))"
48E,2022-11-30 21:55:00+00:00,2022-11-30 23:55:00+00:00,0.0,43000.0,"POLYGON ((-79.57307447071443 26.870063887745584, -80.28 24.96815522131804, -81.28054378176266 25.05966952607401, -81.78 26.862737911472784, -79.57307447071443 26.870063887745584))"
47E,2022-11-30 21:55:00+00:00,2022-11-30 23:55:00+00:00,0.0,31000.0,"POLYGON ((-81.51 29.840893132790825, -81.07276925330468 28.304457281261847, -85.63411036968587 26.22017846150807, -84.93895341632934 27.89157954242784, -81.51 29.840893132790825))"
52E,2022-11-30 22:55:00+00:00,2022-12-01 00:55:00+00:00,0.0,26000.0,"POLYGON ((-73.01540553565094 43.67969126589484, -71.38161274863444 43.21982860157552, -71.60909968955694 41.775185928083744, -73.8 42.027145302895526, -73.01540553565094 43.67969126589484))"
51E,2022-11-30 22:55:00+00:00,2022-12-01 00:55:00+00:00,0.0,31000.0,"POLYGON ((-80.737185858328 26.678533547964037, -80.21354611862225 26.412814336910078, -80.28 25.07714530289553, -81.21141014158597 24.810154482990676, -81.53379442271535 25.99552441694599, -80.737185858328 26.678533547964037))"
50E,2022-11-30 22:55:00+00:00,2022-12-01 00:55:00+00:00,0.0,31000.0,"POLYGON ((-82.68 28.741844778681966, -81.34 27.874524177054433, -84.1202517009255 25.97955169702576, -85.97283976696822 26.085021561822884, -82.68 28.741844778681966))"
53E,2022-11-30 23:55:00+00:00,2022-12-01 01:55:00+00:00,,,"POLYGON ((-82.77285989128288 27.982482043360122, -82.97902296078928 27.134651227483108, -83.15264282412542 27.069886828564282, -82.87177379134545 27.79551634626573, -82.91424505636347 27.220972807377795, -82.70383295151231 27.794771410773926, -82.93698821486215 27.709033090580196, -83.22254280207778 27.25727410956878, -83.04892293874164 27.322038508487605, -83.11370084316745 27.235716928592918, -83.07122957814943 27.810260467480855, -83.00601515463272 27.89674372316639, -82.77285989128288 27.982482043360122))"
54E,2022-11-30 23:55:00+00:00,2022-12-01 01:55:00+00:00,0.0,34000.0,"POLYGON ((-80.5390983061433 26.84526824271553, -79.98356833851676 25.689049835562784, -81.00505915516791 24.58791335094612, -81.47259435626313 25.861840458951395, -80.5390983061433 26.84526824271553))"
55E,2022-11-30 23:55:00+00:00,2022-12-01 01:55:00+00:00,0.0,27000.0,"POLYGON ((-71.58707904900125 44.70013696172611, -70.61 44.44199657594626, -70.03 41.28, -72.58974221783053 40.715231012778716, -71.58707904900125 44.70013696172611))"

