URGENT,AIRCRAFT,REPORT,TURBULENCE,PRODUCT_ID,FL,LAT,LON,datetime,turbulence_intensity,turb_label,Plane Weight,sample_weight
F,E145,ROA UA /OV ROA270002/TM 1225/FL050/TP E145/TB SEV 040-060,SEV 040-060,202501011200-KMSC-UBUS01-PIREP,5000.0,37.31724016,-80.01559592877916,2025-01-01 12:25:00,5.0,1,M,0.8
T,E145,ROA UUA /OV ROA207002/TM 1225/FL050/TP E145/TB SEV 040-060,SEV 040-060,202501011200-KMSC-UBUS01-PIREP,5000.0,37.28753753680703,-79.99270897480552,2025-01-01 12:25:00,5.0,1,M,0.8
T,PA28,BJC UUA /OV 2NM N OF BJC/TM 1928/FL065/TP PA28/TB SEV TB,SEV TB,202501011900-KMSC-UBUS01-PIREP,6500.0,39.90881,-105.11719,2025-01-01 19:28:00,5.0,1,L,0.6
T,C25M,FNL UUA /OV FNL /TM 2013 /FL110 /TP C25M /WV 00000KT /TB SEV,SEV,202501012000-KMSC-UBUS01-PIREP,11000.0,40.45183,-105.01134,2025-01-01 20:13:00,5.0,1,U,0.6
T,C560,AEJ UUA /OV AEJ/TM 2220/FL190/TP C560/TB SEV SFC-170 DURC/RM ZDVWC-26,SEV SFC-170 DURC,202501012200-KMSC-UBUS01-PIREP,19000.0,38.81416,-106.12069,2025-01-01 22:20:00,5.0,1,M,0.8
T,B60T,BJC UUA /OV BJC360005/TM 2319/FL100/TP B60T/TB SEV,SEV,202501012300-KMSC-UBUS01-PIREP,10000.0,39.992150083340086,-105.11719,2025-01-01 23:19:00,5.0,1,U,0.6
T,C210,FOT UUA /OV FOT140020/TM 0014/FL080/TP C210/TB SEV/RM ZSE,SEV,202501020000-KMSC-UBUS01-PIREP,8000.0,40.29853116907302,-123.85067658019769,2025-01-02 00:14:00,5.0,1,L,0.6
T,PA31,HEF UUA /OV CSN/TM 1825/FL070/TP PA31/TB SEV 070,SEV 070,202501021800-KMSC-UBUS01-PIREP,7000.0,38.64,-77.87,2025-01-02 18:25:00,5.0,1,L,0.6
T,PA32,HPN UUA /OV HPN310015/TM 1906/FL030/TP PA32/TB SEV,SEV,202501021900-KMSC-UBUS01-PIREP,3000.0,41.22764991888375,-73.96153343602201,2025-01-02 19:06:00,5.0,1,L,0.6
T,PC12,APA UUA /OV DEN225030/TM 2103/FL150/TP PC12/TB SEV 150-140/RM DURD,SEV 150-140,202501022100-KMSC-UBUS01-PIREP,15000.0,39.479217971553446,-105.11794305436553,2025-01-02 21:03:00,5.0,1,L,0.6
F,C340,DEN UA /OV 35SW DEN/TM 2138/FL140/TP C340/TB SEV,SEV,202501022100-KMSC-UBUS01-PIREP,14000.0,39.42028763347903,-105.19468356342644,2025-01-02 21:38:00,5.0,1,L,0.6
F,E75L,DEN UA /OV 35SW DEN/TM 2142/FL140/TP E75L/TB SEV-EXTREME,SEV-EXTREME,202501022100-KMSC-UBUS01-PIREP,14000.0,39.42028763347903,-105.19468356342644,2025-01-02 21:42:00,5.0,1,U,0.6
F,PA46,DEN UA /OV 35SW DEN/TM 2146/FL150/TP PA46/TB SEV,SEV,202501022100-KMSC-UBUS01-PIREP,15000.0,39.42028763347903,-105.19468356342644,2025-01-02 21:46:00,5.0,1,L,0.6
T,C441,DEN UUA /OV 25SW/TM 2246/FL150/TP C441/TB SEV,SEV,202501022200-KMSC-UBUS01-PIREP,15000.0,39.8328,-104.6575,2025-01-02 22:46:00,5.0,1,L,0.6
T,B763,BHM UUA /OV VUZ120050/TM 1526/FL360/TP B763/TB SEV/RM NO INJURIES NO DAMAGE ZTLFD-02,SEV,202501031500-KMSC-UBUS01-PIREP,36000.0,33.25329958329959,-86.03277135204755,2025-01-03 15:26:00,5.0,1,H,1.0
T,C525,CHA UUA /OV CHA020010/TM 1735/FL040/TP C525/TB SEV DURD 040,SEV DURD 040,202501031700-KMSC-UBUS01-PIREP,4000.0,35.19190812266072,-85.13418608152749,2025-01-03 17:35:00,5.0,1,L,0.6
T,E75L,DEN UUA /OV 10E/TM 2113/FL100/TP E75L/TB SEV,SEV,202501032100-KMSC-UBUS01-PIREP,10000.0,39.8328,-104.6575,2025-01-03 21:13:00,5.0,1,U,0.6
T,PA34,RNO UUA /OV RTS360005/TM 2130/FL150/TP PA34/TB SEV,SEV,202501032100-KMSC-UBUS01-PIREP,15000.0,39.75154008334008,-119.8764,2025-01-03 21:30:00,5.0,1,L,0.6
T,P28,RMG UUA /OV RMG305015/TM 2141/FL065/TP P28/TB SEV CHOP/IC ZTLFD-05,SEV CHOP,202501032100-KMSC-UBUS01-PIREP,6500.0,34.491185724022216,-85.40916915122217,2025-01-03 21:41:00,5.0,1,L,0.6
F,SR22,ATL UA /OV HRS040015/TM 0002/FL072/TP SR22/TB SEV/IC ZTLFD-49,SEV,202501040000-KMSC-UBUS01-PIREP,7200.0,35.13152662319523,-83.72395305986429,2025-01-04 00:02:00,5.0,1,L,0.6
T,SR22,ATL UUA /OV HRS040015/TM 0002/FL072/TP SR22/TB SEV/IC ZTLFD-49,SEV,202501040000-KMSC-UBUS01-PIREP,7200.0,35.13152662319523,-83.72395305986429,2025-01-04 00:02:00,5.0,1,L,0.6
T,B38M,LGC UUA /OV LGC146020/TM 0133/FL370/TP B38M/TB SEV/IC ZTLFD-08,SEV,202501040100-KMSC-UBUS01-PIREP,37000.0,32.73249175844481,-84.85031597434786,2025-01-04 01:33:00,5.0,1,U,0.6
T,C182,SBA UUA /OV IZA/TM 1755/FL075/TP C182/TB SEV 075,SEV 075,202501041700-KMSC-UBUS01-PIREP,7500.0,34.60681,-120.07556,2025-01-04 17:55:00,5.0,1,L,0.6
T,PC12,COS UUA /OV BRK236049/TM 2057/FL220/TP PC12/TB SEV /RM ZDVWC-26,SEV,202501042100-KMSC-UBUS01-PIREP,22000.0,38.48328880485133,-105.50052998706909,2025-01-04 20:57:00,5.0,1,L,0.6
F,A332,UUA /OV 4554N05813W /TM 2259 /FL280 /TP A332 /TB SEV TURB,SEV TURB,202501042334-CYXU-UACN01-PIREP,28000.0,45.9,-58.2166,2025-01-04 22:59:00,5.0,1,H,1.0
T,GLF5,PUB UUA /OV PUB099012/TM 2310/FL490/TP GLF5/TB SEV/RM ZDVWC-46,SEV,202501042300-KMSC-UBUS01-PIREP,49000.0,38.258710572751085,-104.2466322520795,2025-01-04 23:10:00,5.0,1,M,0.8
F,C208,CXF UA /OV CXF/TM 0232/FL040/TP C208/WV 08256KT/TB SEV 030-040/RM SEVERE TURBULENCE DURD /ZAN/,SEV 030-040,202501050200-KMSC-UBUS01-PIREP,4000.0,67.25,-150.2,2025-01-05 02:32:00,5.0,1,L,0.6
T,E145,HEZ UUA /OV HEZ315020/TM 2318/FL330/TP E145/TB SEV TURB FFL330/RM ZHU,SEV TURB FFL330,202501052300-KMSC-UBUS01-PIREP,33000.0,31.849381352297694,-91.57413756075329,2025-01-05 23:18:00,5.0,1,M,0.8
T,C25B,BNA UUA /OV 8 NE BNA/TM 2340/FL040/TP C25B/TB SEV 040,SEV 040,202501060000-KMSC-UBUS01-PIREP,4000.0,36.21317854091908,-86.57244673173305,2025-01-05 23:40:00,5.0,1,U,0.6
T,CRJ9,SFZ UUA /OV PUT/TM 0022/FL320/TP CRJ9/TB SEV TURB 320-330,SEV TURB 320-330,202501060000-KMSC-UBUS01-PIREP,32000.0,41.96,-71.84,2025-01-06 00:22:00,5.0,1,U,0.6
T,B738,BUF UUA /OV BUF360020/TM 0317/FL360/TP B738/TB SEV FL360-380/RM ZOB,SEV FL360-380,202501060300-KMSC-UBUS01-PIREP,36000.0,43.274160333360335,-78.7358,2025-01-06 03:17:00,5.0,1,M,0.8
T,B738,BUF UUA /OV BUF360020/TM 0317/FL360/TP B738/TB SEV FL360-380,SEV FL360-380,202501060300-KMSC-UBUS01-PIREP,36000.0,43.274160333360335,-78.7358,2025-01-06 03:17:00,5.0,1,M,0.8
T,PA32,BIH UUA /OV O26/TM 1605/FL130/TP PA32/TB SEV BLO 130/RM COR SA-ID AND MSG TYPE AND TURB. ZLA CWSU,SEV BLO 130,202501061600-KMSC-UBUS01-PIREP,13000.0,36.58,-118.04,2025-01-06 16:05:00,5.0,1,L,0.6
T,GLEX,ORF UUA /OV 3539N04844W/TM 1844/FL360/TP GLEX/TB SEV 360-380,SEV 360-380,202501061900-KMSC-UBUS01-PIREP,36000.0,35.65,-48.7333,2025-01-06 18:44:00,5.0,1,M,0.8
T,A320,SFZ UUA /OV PUT270015/TM 2027/FL230/TP A320/TB SEV 190-230,SEV 190-230,202501062000-KMSC-UBUS01-PIREP,23000.0,41.96,-72.17622416273184,2025-01-06 20:27:00,5.0,1,M,0.8
F,PA23,UUA /OV CYME 090040 /TM 2030 /FL005 /TP PA23 /TB SEV /RM L LVL WS,SEV,202501062041-CYQB-UACN01-PIREP,500.0,48.86,-66.43659449922013,2025-01-06 20:30:00,5.0,1,L,0.6
T,BE10,ANC UUA /OV TED205016/TM 2137/FL047/TP BE10/TB SEV /IC NEG/RM DURD,SEV,202501062100-KMSC-UBUS01-PIREP,4700.0,60.92829834718912,-150.22372962221004,2025-01-06 21:37:00,5.0,1,L,0.6
T,B748,ANC UUA /OV TED250003/TM 2156/FL080/TP B748/TB SEV/IC NEG/RM DURD,SEV,202501062200-KMSC-UBUS01-PIREP,8000.0,61.15289760765075,-150.08744343527593,2025-01-06 21:56:00,5.0,1,U,0.6
T,GL5T,ORF UUA /OV 3934N07225W/TM 2208/FL190/TP GL5T/TB SEV,SEV,202501062200-KMSC-UBUS01-PIREP,19000.0,39.5666,-72.4166,2025-01-06 22:08:00,5.0,1,U,0.6
T,A390,ANC UUA /OV TED060050/TM 0100/FL360/TP A390/TB SEV/RM SEV AT FL340 /ZAN/,SEV,202501070100-KMSC-UBUS01-PIREP,36000.0,61.58670041670042,-148.49326073806307,2025-01-07 01:00:00,5.0,1,U,0.6
T,B38M,ECG UUA /OV ECG135234/TM 0137/FL340/TP B38M/TB SEV,SEV,202501070100-KMSC-UBUS01-PIREP,34000.0,33.499760178116915,-72.7513878442727,2025-01-07 01:37:00,5.0,1,U,0.6
F,B737,UUA /OV 6145N13930W /TM 0310 /FL300 /TP B737 /TB SEV,SEV,202501070328-CYEG-UACN01-PIREP,30000.0,61.75,-139.5,2025-01-07 03:10:00,5.0,1,M,0.8
T,P212,ANC UUA /OV TED075002/TM 0511/FL010/TP P212/TB SEV/RM PITCHED A/C 90 DEGREES DURC,SEV,202501070500-KMSC-UBUS01-PIREP,1000.0,61.17862800031554,-149.9232241709304,2025-01-07 05:11:00,5.0,1,U,0.6
T,B777,ANC UUA /OV TED049060/TM 0545/FL310/TP B777/TB SEV/RM DURC 280-310 /ZAN/,SEV,202501070500-KMSC-UBUS01-PIREP,31000.0,61.826112169825,-148.42477553178955,2025-01-07 05:45:00,5.0,1,H,1.0
T,B752,ALB UUA /OV ALB/TM 1242/FL005/TP B752/TB SEV/RM LLWS +/-8 FINAL RWY 28,SEV,202501071200-KMSC-UBUS01-PIREP,500.0,42.75757,-73.80361,2025-01-07 12:42:00,5.0,1,M,0.8
T,BE50,IAD UUA /OV AML190025/TM 1734/FL060/TP BE50/TB SEV,SEV,202501071700-KMSC-UBUS01-PIREP,6000.0,38.51963019895001,-77.56301702445242,2025-01-07 17:34:00,5.0,1,L,0.6
T,P28A,CNO UUA /OV CNO/TM 1800/FL014/TP P28A/TB SEV/RM IN PATTERN,SEV,202501071800-KMSC-UBUS01-PIREP,1400.0,33.97528,-117.63611,2025-01-07 18:00:00,5.0,1,L,0.6
T,GLF5,MMU UUA /OV MMU24005/TM 2007/FL040/TP GLF5/TB SEV,SEV,202501072000-KMSC-UBUS01-PIREP,4000.0,40.79935,-74.41487,2025-01-07 20:07:00,5.0,1,M,0.8
F,COZY,ONT UA /OV ONT09007/TM 2015/FL080/TP COZY/TB SEV,SEV,202501072000-KMSC-UBUS01-PIREP,8000.0,34.056,-117.60119,2025-01-07 20:15:00,5.0,1,L,0.6
T,TBM9,SBA UUA /OV RZS300035/TM 2127/FL130/TP TBM9/TB SEV/RM CWSU ZLA,SEV,202501072100-KMSC-UBUS01-PIREP,13000.0,34.80169029169029,-120.38311365934872,2025-01-07 21:27:00,5.0,1,U,0.6
T,A319,BUR UUA /OV BUR/TM 2149/FL060/TP A319/TB SEV,SEV,202501072100-KMSC-UBUS01-PIREP,6000.0,34.20067,-118.35867,2025-01-07 21:49:00,5.0,1,M,0.8
T,M600,MER UUA /OV PXN080014/TM 2350/FL095/TP M600/TB SEV/RM DURD,SEV,202501072300-KMSC-UBUS01-PIREP,9500.0,36.76052119007612,-120.49330270217528,2025-01-07 23:50:00,5.0,1,U,0.6
T,KC135,LKV UUA /OV LKV/TM 0150/FL220/TP KC135/TB SEV/RM ZSE,SEV,202501080200-KMSC-UBUS01-PIREP,22000.0,42.16111,-120.39908,2025-01-08 01:50:00,5.0,1,U,0.6
T,F15,LKV UUA /OV LKV330030/TM 0211/FL220/TP F15/TB SEV 220/RM ZSE,SEV 220,202501080200-KMSC-UBUS01-PIREP,22000.0,42.59415777595615,-120.73637073202994,2025-01-08 02:11:00,5.0,1,M,0.8
F,BE9L,ELP UA /OV ELP090005/TM 0220/FL070/TP BE9L/TB SEV CONS CAT/RM ZAB/FDCS,SEV CONS CAT,202501080200-KMSC-UBUS01-PIREP,7000.0,31.81111,-106.27775867109396,2025-01-08 02:20:00,5.0,1,L,0.6
F,RV10,STS UA /OV KSTS115012/TM 0251/FL026/TP RV10/TB SEV/RM MOD-SEV TURB REPORTED 12-15M SE KSTS @026,SEV,202501080200-KMSC-UBUS01-PIREP,2600.0,38.41920293122917,-122.57933271311634,2025-01-08 02:51:00,5.0,1,U,0.6
T,A306,BUR UUA /OV BUR085025/TM 0405/FL090/TP A306/TB SEV/RM REPORTED BY HEAVY UPS JET,SEV,202501080400-KMSC-UBUS01-PIREP,9000.0,34.236987834320786,-117.8567623773244,2025-01-08 04:05:00,5.0,1,H,1.0
T,GLF5,BUR UUA /OV BUR/TM 1444/FL050/TP GLF5/TB SEV DURC AOB 060,SEV DURC AOB 060,202501081400-KMSC-UBUS01-PIREP,5000.0,34.20067,-118.35867,2025-01-08 14:44:00,5.0,1,M,0.8
T,GLF5,BUR UUA /OV BUR/TM 1444/FL050/TP GLF5/TB SEV BLO 060/RM DURC. COR TURB. ZLA CWSU,SEV BLO 060,202501081500-KMSC-UBUS01-PIREP,5000.0,34.20067,-118.35867,2025-01-08 14:44:00,5.0,1,M,0.8
F,B737,ONT UA /OV ONT26005/TM 1506/FL030/TP B737/TB SEV/RM ON FINAL FOR ONT,SEV,202501081500-KMSC-UBUS01-PIREP,3000.0,34.056,-117.60119,2025-01-08 15:06:00,5.0,1,M,0.8
T,B737,POC UUA /OV ONT260005/TM 1506/FL030/TP B737/TB SEV/RM DURD ON FINAL FOR ONT. COR SA-ID AND MSG TYPE AND LOCTN. ZLA CWSU,SEV,202501081500-KMSC-UBUS01-PIREP,3000.0,34.04152814640138,-117.70025443985392,2025-01-08 15:06:00,5.0,1,M,0.8
T,B737,PSG UUA /OV LVD324027/TM 1626/FL210/TP B737/TB SEV/RM DURD/ ZAN,SEV,202501081600-KMSC-UBUS01-PIREP,21000.0,56.83408713616766,-133.5588875160923,2025-01-08 16:26:00,5.0,1,M,0.8
T,B737,BUR UUA /OV VNY/TM 1741/FL050/TP B737/TB SEV,SEV,202501081700-KMSC-UBUS01-PIREP,5000.0,34.20972,-118.48917,2025-01-08 17:41:00,5.0,1,M,0.8
T,B737,VNY UUA /OV VNY/TM 1741/FL050/TP B737/TB SEV/RM COR SA-ID. ZLA CWSU,SEV,202501081800-KMSC-UBUS01-PIREP,5000.0,34.20972,-118.48917,2025-01-08 17:41:00,5.0,1,M,0.8
T,A321,SPS UUA /OV KUDD/TM 1803/FL5500/TP A321/TB SEV TURB,SEV TURB,202501081800-KMSC-UBUS01-PIREP,55000.0,33.74,-116.27,2025-01-08 18:03:00,5.0,1,M,0.8
T,A321,PSP UUA /OV KUDD/TM 1803/FL055/TP A321/TB SEV/RM COR SA-ID AND ALT. ZLA CWSU,SEV,202501081900-KMSC-UBUS01-PIREP,5500.0,33.74,-116.27,2025-01-08 18:03:00,5.0,1,M,0.8
T,GLF5,LFT UUA /OV KLLA225010/TM 1955/FL390/TP GLF5/TB SEV 390-365/RM ZHU,SEV 390-365,202501082000-KMSC-UBUS01-PIREP,39000.0,29.54213932385115,-92.5056314945917,2025-01-08 19:55:00,5.0,1,M,0.8
F,GLEX,BUR UA /OV VNY330008/TM 2113/FL060/TP GLEX/TB SEV BLO 060,SEV BLO 060,202501082100-KMSC-UBUS01-PIREP,6000.0,34.325199406921634,-118.5697906279068,2025-01-08 21:13:00,5.0,1,M,0.8
T,GLF4,MLB UUA /OV MLB070140/TM 2125/FL410/TP GLF4/TB SEV,SEV,202501082100-KMSC-UBUS01-PIREP,41000.0,28.90086164296496,-78.15939316824135,2025-01-08 21:25:00,5.0,1,M,0.8
T,A330,CYS UUA /OV CYS220018/TM 0245/FL370/TP A330/TB SEV TURB/RM ZDVWC-14,SEV TURB,202501090200-KMSC-UBUS01-PIREP,37000.0,40.92580805216572,-105.06660705210103,2025-01-09 02:45:00,5.0,1,L,0.6
T,E170,HPN UUA /OV KHPN130010/TM 0332/FL020/TP E170/TB SEV,SEV,202501090300-KMSC-UBUS01-PIREP,2000.0,40.95980005407751,-73.53814437598533,2025-01-09 03:32:00,5.0,1,U,0.6
T,BE20,GDP UUA /OV SFL040025/TM 0501/FL240/TP BE20/TB SEV/RM ZAB/FDCS,SEV,202501090500-KMSC-UBUS01-PIREP,24000.0,32.069211038658715,-104.77501303702988,2025-01-09 05:01:00,5.0,1,M,0.8
T,BE9L,WRL UUA /OV WRL260022/TM 0610/FL200/TP BE9L/TB SEV/RM LOST 900FT /ZLC,SEV,202501090600-KMSC-UBUS01-PIREP,20000.0,43.90203384416609,-108.45256353598954,2025-01-09 06:10:00,5.0,1,L,0.6
T,B767,PUC UUA /OV PUC360005/TM 0620/FL360/TP B767/TB SEV /ZLC,SEV,202501090700-KMSC-UBUS01-PIREP,36000.0,39.69251008334008,-110.75472,2025-01-09 06:20:00,5.0,1,H,1.0
F,B350,VNY UA /OV VNY280005/TM 1547/FL050/TP B350/TB SEV SFC-060,SEV SFC-060,202501091500-KMSC-UBUS01-PIREP,5000.0,34.22419185359861,-118.58841477426915,2025-01-09 15:47:00,5.0,1,M,0.8
T,M20P,SJC UUA /OV SJC010007/TM 1548/FL012/TP M20P/TB EXTRM/RM DURC. EXTRM TURB GOING THROUGH COYOTE HILLS,EXTRM,202501091500-KMSC-UBUS01-PIREP,1200.0,37.474303544294,-121.89892999894812,2025-01-09 15:48:00,7.0,1,L,0.6
T,E55P,BUR UUA /OV BUR100008/TM 1902/FL060/TP E55P/TB SEV/RM AIRCRAFT HAD TO DIVERT DUE TO SEVERE TURB,SEV,202501091900-KMSC-UBUS01-PIREP,6000.0,34.17751503424222,-118.1998954089515,2025-01-09 19:02:00,5.0,1,U,0.6
T,C68A,LIT UUA /OV LIT020025/TM 1909/FL390/TP C68A/TB SEV/RM NO INJURIES NO DAMAGE. ZME,SEV,202501091900-KMSC-UBUS01-PIREP,39000.0,35.11887030665179,-92.06232122734184,2025-01-09 19:09:00,5.0,1,U,0.6
T,E145,DEN UUA /OV DEN230050/TM 1917/FL160/TP E145/TB SEV,SEV,202501091900-KMSC-UBUS01-PIREP,16000.0,39.29710027038751,-105.48886864321388,2025-01-09 19:17:00,5.0,1,M,0.8
F,BE20,PSP UA /OV BNG PASS/TM 2000/FL120/TP BE20/TB SEV,SEV,202501092000-KMSC-UBUS01-PIREP,12000.0,33.92,-116.85,2025-01-09 20:00:00,5.0,1,M,0.8
T,BE99,SJC UUA /OV SJC040004/TM 2005/FL034/TP BE99/TB EXTRM,EXTRM,202501092000-KMSC-UBUS01-PIREP,3400.0,37.4104737661854,-121.87050258387016,2025-01-09 20:05:00,7.0,1,L,0.6
F,HDJT,ONT UA /OV ONT09015/TM 2027/FL100/TP HDJT/TB SEV/RM NO INJURIES,SEV,202501092000-KMSC-UBUS01-PIREP,10000.0,34.056,-117.60119,2025-01-09 20:27:00,5.0,1,U,0.6
T,B737,GRK UUA /OV AGJ180010/TM 2027/FL260/TP B737/TB SEV/RM ZHU,SEV,202501092000-KMSC-UBUS01-PIREP,26000.0,31.07,-97.83,2025-01-09 20:27:00,5.0,1,M,0.8
T,B737,GRK UUA /OV AGJ180025/TM 2050/FL270/TP B737/TB SEV FL270-290/RM ZHU,SEV FL270-290,202501092000-KMSC-UBUS01-PIREP,27000.0,31.07,-97.83,2025-01-09 20:50:00,5.0,1,M,0.8
T,B738,GRK UUA /OV KAGJ045010/TM 2119/FL240/TP B738/TB SEV/RM ZHU,SEV,202501092100-KMSC-UBUS01-PIREP,24000.0,31.07,-97.83,2025-01-09 21:19:00,5.0,1,M,0.8
T,PC12,VCT UUA /OV VCT/TM 2135/FL125/TP PC12/TB EXTRM/RM ZHU,EXTRM,202501092100-KMSC-UBUS01-PIREP,12500.0,28.8614,-96.9303,2025-01-09 21:35:00,7.0,1,L,0.6
T,C25B,AUS UUA /OV CWK315055/TM 2152/FL130/TP C25B/TB SEV 130-110/RM ZHU,SEV 130-110,202501092200-KMSC-UBUS01-PIREP,13000.0,31.028233718818672,-98.28140957543992,2025-01-09 21:52:00,5.0,1,U,0.6
F,E145,ONT UA /OV ONT09520/TM 2201/FL120/TP E145/WV -20KTS/TB SEV/RM UP AND DOWN DRAFTS,SEV,202501092200-KMSC-UBUS01-PIREP,12000.0,34.056,-117.60119,2025-01-09 22:01:00,5.0,1,M,0.8
T,C68A,LSB UUA /OV SSO320090/TM 2229/FL400/TP C68A/TB SEV/RM ZAB/FDCS,SEV,202501092200-KMSC-UBUS01-PIREP,40000.0,33.419159739171384,-110.40040471014348,2025-01-09 22:29:00,5.0,1,U,0.6
T,E175,ONT UUA /OV KONT/TM 2255/FL080/TP E175/TB SEV 040-080/RM DURC. COR ALT AND TURB. ZLA CWSU,SEV 040-080,202501092300-KMSC-UBUS01-PIREP,8000.0,34.056,-117.60119,2025-01-09 22:55:00,5.0,1,U,0.6
T,E300,VGT UUA /OV LAS281010/TM 2324/FL060/TP E300/TB SEV 060-080,SEV 060-080,202501092300-KMSC-UBUS01-PIREP,6000.0,36.10370407515344,-115.36582742050348,2025-01-09 23:24:00,5.0,1,L,0.6
F,PA46,LAS UA /OV LAS238028/TM 0003/FL110/TP PA46/TB SEV,SEV,202501100000-KMSC-UBUS01-PIREP,11000.0,35.82458431238962,-115.65306749912295,2025-01-10 00:03:00,5.0,1,L,0.6
T,PA46,LAS UUA /OV LAS238028/TM 0003/FL110/TP PA46/TB SEV/RM COR MSG TYPE. ZLA CWSU,SEV,202501100100-KMSC-UBUS01-PIREP,11000.0,35.82458431238962,-115.65306749912295,2025-01-10 00:03:00,5.0,1,L,0.6
T,C25B,L08 UUA /OV JLI360010/TM 0022/FL105/TP C25B/TB SEV 095-105/RM COR SA-ID AND TURB. ZLA CWSU,SEV 095-105,202501100000-KMSC-UBUS01-PIREP,10500.0,33.30668016668017,-116.59,2025-01-10 00:22:00,5.0,1,U,0.6
T,C25B,L08 UUA /OV JLI/TM 0026/FL120/TP C25B/TB SEV 120-090/RM COR SA-ID AND MSG TYPE. ZLA CWSU,SEV 120-090,202501100100-KMSC-UBUS01-PIREP,12000.0,33.14,-116.59,2025-01-10 00:26:00,5.0,1,U,0.6
T,B462,ONT UUA /OV ONT 5 N/TM 0115/FL065/TP B462/TB SEV,SEV,202501100100-KMSC-UBUS01-PIREP,6500.0,34.056,-117.60119,2025-01-10 01:15:00,5.0,1,M,0.8
T,B462,ONT UUA /OV ONT350005/TM 0115/FL065/TP B462/TB SEV/RM COR LOCTN. ZLA CWSU,SEV,202501100100-KMSC-UBUS01-PIREP,6500.0,34.138073960209994,-117.61865773357502,2025-01-10 01:15:00,5.0,1,M,0.8
F,BE20,FVE UA /OV CYES/TM 0120/FL032/TP BE20/TB SEV 020-032/RM DURD,SEV 020-032,202501100100-KMSC-UBUS01-PIREP,3200.0,47.49,-68.48,2025-01-10 01:20:00,5.0,1,M,0.8
T,BE20,FVE UUA /OV CYES/TM 0120/FL032/TP BE20/TB SEV 020-032/RM DURD,SEV 020-032,202501100100-KMSC-UBUS01-PIREP,3200.0,47.49,-68.48,2025-01-10 01:20:00,5.0,1,M,0.8
F,C208,VNY UA /OV VNY/TM 0140/FL070/TP C208/TB SEV,SEV,202501100100-KMSC-UBUS01-PIREP,7000.0,34.20972,-118.48917,2025-01-10 01:40:00,5.0,1,L,0.6
T,C208,VNY UUA /OV VNY/TM 0140/FL070/TP C208/TB SEV/RM COR MSG TYPE. ZLA CWSU,SEV,202501100200-KMSC-UBUS01-PIREP,7000.0,34.20972,-118.48917,2025-01-10 01:40:00,5.0,1,L,0.6
T,GLF4,AJO UUA /OV PDZ/TM 0151/FL080/TP GLF4/TB SEV/RM COR SA-ID AND MSG TYPE. ZLA CWSU,SEV,202501100200-KMSC-UBUS01-PIREP,8000.0,33.92,-117.53,2025-01-10 01:51:00,5.0,1,M,0.8
T,A320,MEI UUA /OV MEI315040/TM 0156/FL200/TP A320/TB SEV/RM NO DAMAGE NO INJURIES/ZME,SEV,202501100200-KMSC-UBUS01-PIREP,20000.0,32.8061927045954,-89.30903156902929,2025-01-10 01:56:00,5.0,1,M,0.8
T,B788,ORF UUA /OV 3221N06814W/TM 0236/FL390/TP B788/TB SEV,SEV,202501100200-KMSC-UBUS01-PIREP,39000.0,32.35,-68.2333,2025-01-10 02:36:00,5.0,1,U,0.6
T,BE9L,SNA UUA /OV SNA360005/TM 0255/FL045/TP BE9L/TB OCNL SEV 045/RM DURD,OCNL SEV 045,202501100300-KMSC-UBUS01-PIREP,4500.0,33.75901008334008,-117.86822,2025-01-10 02:55:00,5.0,1,L,0.6
T,A321,CRS UUA /OV CQY255010/TM 0257/FL340/TP A321/TB SEV 330-338/RM DURC,SEV 330-338,202501100300-KMSC-UBUS01-PIREP,34000.0,32.14685999842231,-96.41024378014788,2025-01-10 02:57:00,5.0,1,M,0.8
T,B738,TME UUA /OV IDU135015/TM 0321/FL270/TP B738/TB SEV 270-295/RM ZHU,SEV 270-295,202501100300-KMSC-UBUS01-PIREP,27000.0,29.783208985776724,-96.35594152010374,2025-01-10 03:21:00,5.0,1,M,0.8
T,SW4,LVS UUA /OV FTI047070/TM 0324/FL160/TP SW4/TB SEV CAT/RM ZAB/FDCS,SEV CAT,202501100300-KMSC-UBUS01-PIREP,16000.0,36.45572920231572,-104.08975403440824,2025-01-10 03:24:00,5.0,1,M,0.8
T,B763,RIV UUA /OV HDF/TM 0350/FL100/TP B763/TB SEV/RM COR SA-ID AND MSG TYPE. ZLA CWSU,SEV,202501100300-KMSC-UBUS01-PIREP,10000.0,33.78,-117.19,2025-01-10 03:50:00,5.0,1,H,1.0
T,B737,SNA UUA /OV SNA100008/TM 0413/FL050/TP B737/TB OCNL SEV BLO 080/RM DURD,OCNL SEV BLO 080,202501100400-KMSC-UBUS01-PIREP,5000.0,33.652515034242214,-117.71042143152314,2025-01-10 04:13:00,5.0,1,M,0.8
T,B737,ONT UUA /OV ONT/TM 0422/FL100/TP B737/TB SEV 100-070/RM SWA4626 DURD LAX RWY 25L. COR SA-ID AND TURB. ZLA CWSU,SEV 100-070,202501100400-KMSC-UBUS01-PIREP,10000.0,34.056,-117.60119,2025-01-10 04:22:00,5.0,1,M,0.8
F,E75L,BUR UA /OV FIM/TM 0425/FL110/TP E75L/TB SEV 110-050/RM ROKKR/IVINS ARRIVAL,SEV 110-050,202501100400-KMSC-UBUS01-PIREP,11000.0,34.36,-118.88,2025-01-10 04:25:00,5.0,1,U,0.6
F,B739,DFW UA /OV GYI180005/TM 1355/FL240/TP B739/TB SEV/RM NO INJURIES NO ISSUES. ZFW,SEV,202501101400-KMSC-UBUS01-PIREP,24000.0,33.630769916659915,-96.67367,2025-01-10 13:55:00,5.0,1,M,0.8
T,B739,DFW UUA /OV GYI180005/TM 1355/FL240/TP B739/TB SEV/RM NO INJURIES NO ISSUES. ZFW,SEV,202501101400-KMSC-UBUS01-PIREP,24000.0,33.630769916659915,-96.67367,2025-01-10 13:55:00,5.0,1,M,0.8
T,B737,DFW UUA /OV BYP260025/TM 1358/FL240/TP B737/TB SEV CAT 240-250/RM DURC ZFW,SEV CAT 240-250,202501101400-KMSC-UBUS01-PIREP,24000.0,33.46764073200692,-96.72234511843104,2025-01-10 13:58:00,5.0,1,M,0.8
T,C425,SJT UUA /OV SJT/TM 1615/FL240/TP C425/TB SEV/RM ZFW,SEV,202501101600-KMSC-UBUS01-PIREP,24000.0,31.35167,-100.495,2025-01-10 16:15:00,5.0,1,L,0.6
T,GLEX,MIA UUA /OV 2958N04328W/TM 1729/FL410/TP GLEX/TB SEV,SEV,202501101700-KMSC-UBUS01-PIREP,41000.0,29.9666,-43.4666,2025-01-10 17:29:00,5.0,1,M,0.8
T,B737,DFW UUA /OV JEN180030/TM 1750/FL190/TP B737/TB SEV CAT 230-190/RM DURD ZFW,SEV CAT 230-190,202501101700-KMSC-UBUS01-PIREP,19000.0,31.65995949995949,-97.88,2025-01-10 17:50:00,5.0,1,M,0.8
T,PC12,ACT UUA /OV ACT020025/TM 1859/FL190/TP PC12/TB SEV/RM ZFW,SEV,202501101900-KMSC-UBUS01-PIREP,19000.0,32.00954030665179,-97.0609371492284,2025-01-10 18:59:00,5.0,1,L,0.6
T,LJ60,CMH UUA /OV CMH/TM 2123/FL240/TP LJ60/TB SEV -500FT LOSS,SEV -500FT LOSS,202501102100-KMSC-UBUS01-PIREP,24000.0,39.99139,-82.88083,2025-01-10 21:23:00,5.0,1,M,0.8
T,GLF6,AVP UUA /OV LBZ305020/TM 0112/FL270/TP GLF6/TB SEV CAT 250-270,SEV CAT 250-270,202501110100-KMSC-UBUS01-PIREP,27000.0,41.33347,-75.72267,2025-01-11 01:12:00,5.0,1,U,0.6
T,B39B,RIC UUA /OV 25 S FAK/TM 0230/FL350/TP B39B/TB SEV,SEV,202501110200-KMSC-UBUS01-PIREP,35000.0,37.11329958329959,-77.83,2025-01-11 02:30:00,5.0,1,U,0.6
F,B738,DCA UA /OV 15 SW DCA /TM 0404/FL190/TP B738/TB SEV 190,SEV 190,202501110400-KMSC-UBUS01-PIREP,19000.0,38.67040898577672,-77.26154811521391,2025-01-11 04:04:00,5.0,1,M,0.8
T,B738,DCA UUA /OV 15 SW DCA/TM 0404/FL190/TP B738/TB SEV 190,SEV 190,202501110400-KMSC-UBUS01-PIREP,19000.0,38.67040898577672,-77.26154811521391,2025-01-11 04:04:00,5.0,1,M,0.8
T,A320,DFW UUA /OV BYP010025/TM 0425/FL260/TP A320/TB SEV/RM DURD SMOOTH LEAVING FL2401 ZFW,SEV,202501110400-KMSC-UBUS01-PIREP,26000.0,33.95036980104999,-96.14318627180052,2025-01-11 04:25:00,5.0,1,M,0.8
T,B737,DFW UUA /OV FUZ230035/TM 0427/FL290/TP B737/TB SEV/RM ZFW,SEV,202501110400-KMSC-UBUS01-PIREP,29000.0,32.51501018927126,-97.712199184832,2025-01-11 04:27:00,5.0,1,M,0.8
T,E170,SAT UUA /OV SAT135050/TM 0440/FL240/TP E170/TB SEV 240-230/RM 50SE SAT E170 RPTD SEV TURB FL240-FL230 AT 0440Z KZHU,SEV 240-230,202501110400-KMSC-UBUS01-PIREP,24000.0,28.944386619255752,-97.79247117409496,2025-01-11 04:40:00,5.0,1,U,0.6
T,E75L,RNO UUA /OV RNO180040/TM 0455/FL140/TP E75L/TB SEV/RM DURD,SEV,202501110500-KMSC-UBUS01-PIREP,14000.0,38.81716933327934,-119.77111,2025-01-11 04:55:00,5.0,1,U,0.6
F,A343,UUA /OV 50N030W /TM 0703 /FL375 /TP A343 /TB SEV /RM 100NM PRIOR T050N030W,SEV,202501110707-CYQX-UACN01-PIREP,37500.0,50.0,-30.0,2025-01-11 07:03:00,5.0,1,H,1.0
T,737,ACY UUA /OV ACY/TM 0705/FL200/TP 737/TB SEV CONS 220-200,SEV CONS 220-200,202501110700-KMSC-UBUS01-PIREP,20000.0,39.45758,-74.57717,2025-01-11 07:05:00,5.0,1,M,0.8
F,B738,ACY UA /OV ACY/TM 0708/FL200/TP B738/TB SEV/RM CMP808,SEV,202501110700-KMSC-UBUS01-PIREP,20000.0,39.45758,-74.57717,2025-01-11 07:08:00,5.0,1,M,0.8
T,A321,SJT UUA /OV SJT352037/TM 0958/FL350/TP A321/WV 22066KT/TB SEV/RM ZFW,SEV,202501111000-KMSC-UBUS01-PIREP,35000.0,31.9623847729968,-100.5955051189567,2025-01-11 09:58:00,5.0,1,M,0.8
T,B737,SJT UUA /OV SJT360020/TM 1030/FL350/TP B737/TB SEV/RM 20N SJT B737 RPRT SEVERE TURB FL350 AT 1030Z KZHU,SEV,202501111100-KMSC-UBUS01-PIREP,35000.0,31.68503033336033,-100.495,2025-01-11 10:30:00,5.0,1,M,0.8
F,B747,UUA /OV 6120N14000W /TM 1445 /FL380 /TP B747 /TB SEV CAT,SEV CAT,202501111502-CYEG-UACN01-PIREP,38000.0,61.3333,-140.0,2025-01-11 14:45:00,5.0,1,H,1.0
T,B747,YAK UUA /OV YAK325115/TM 1454/FL380/TP B747/TB SEV/RM SHORT AND MOMENTARILY /ZAN/,SEV,202501111400-KMSC-UBUS01-PIREP,38000.0,61.07016859170262,-141.82622814038476,2025-01-11 14:54:00,5.0,1,H,1.0
T,C172,PSP UUA /OV KPSP/TM 1605/FL065/TP C172/TB SEV TURB/RM SEV TURB OVER KPSP 6 500-8 500 FT,SEV TURB,202501111600-KMSC-UBUS01-PIREP,6500.0,33.82967,-116.50669,2025-01-11 16:05:00,5.0,1,L,0.6
F,SL62,VNY UA /OV VNY300008/TM 1702/FL090/TP SL62/TB SEV BLO 090,SEV BLO 090,202501111700-KMSC-UBUS01-PIREP,9000.0,34.27639206667207,-118.62880902367267,2025-01-11 17:02:00,5.0,1,,0.6
T,B752,MCN UUA /OV MCN090010/TM 1709/FL240/TP B752/TB SEV CAT 240-200/RM DURD +/- 40KT NO DAMAGE/INJURIES ZTLFD-20,SEV CAT 240-200,202501111700-KMSC-UBUS01-PIREP,24000.0,32.69285,-83.45115333912563,2025-01-11 17:09:00,5.0,1,M,0.8
T,C25B,BNA UUA /OV BNA270060/TM 1727/FL360/TP C25B/TB EXTRM 360-370 CLIMBING/RM ZME,EXTRM 360-370 CLIMBING,202501111700-KMSC-UBUS01-PIREP,36000.0,36.11889,-87.92720721770735,2025-01-11 17:27:00,7.0,1,U,0.6
T,C68A,DBN UUA /OV DBN305035/TM 1737/FL230/TP C68A/TB EXTRM/RM NO DAMAGE OR INJURIES SPD +30-20 ZTLFD-19,EXTRM,202501111700-KMSC-UBUS01-PIREP,23000.0,32.899030056051835,-83.5522982815294,2025-01-11 17:37:00,7.0,1,U,0.6
F,SR22,VNY UA /OV VNY090002/TM 1755/FL050/TP SR22/TB SEV/RM PILOT REPORTS +/- 50 KTS OVER VNY AT 050,SEV,202501111800-KMSC-UBUS01-PIREP,5000.0,34.20972,-118.4488596860466,2025-01-11 17:55:00,5.0,1,L,0.6
T,M20P,RDM UUA /OV DSD320030/TM 1842/FL100/TP M20P/TB SEV/RM ...ZSE,SEV,202501111800-KMSC-UBUS01-PIREP,10000.0,44.63305324639046,-121.74872115832991,2025-01-11 18:42:00,5.0,1,L,0.6
T,PA44,SLI UUA /OV SLI215004 /TM 2011 /FL030 /TP PA44 /TA 12 /WV 06036KT /TB SEV,SEV,202501112000-KMSC-UBUS01-PIREP,3000.0,33.7353854402886,-118.0980141684942,2025-01-11 20:11:00,5.0,1,L,0.6
F,C172,BJC UA /OV BJC270005/TM 2150/FL070/TP C172/TB SEV/RM 100FT/SEC DWNDRFT,SEV,202501112100-KMSC-UBUS01-PIREP,7000.0,39.90881,-105.22583779275728,2025-01-11 21:50:00,5.0,1,L,0.6
T,B737,YAK UUA /OV YAK335095/TM 2215/FL290/TP B737/TB SEV 290-310/RM REPORT WAS GIVEN TO CZEG  CONFIRMED BY PILOT WHEN BACK ON ZAN FREQUENCY  LOCATION NEAR AIRSPACE BOUNDARY ZAN,SEV 290-310,202501112200-KMSC-UBUS01-PIREP,29000.0,60.93510356356462,-140.9785205903096,2025-01-11 22:15:00,5.0,1,M,0.8
F,PA31,ONT UA /OV ONT02010/TM 2310/FL070/TP PA31/TB SEV,SEV,202501112300-KMSC-UBUS01-PIREP,7000.0,34.056,-117.60119,2025-01-11 23:10:00,5.0,1,L,0.6
F,PC12,ONT UA /OV 5NM EAST OF ONT/TM 2355/FL070/TP PC12/TB SEV/RM 070-050,SEV,202501120000-KMSC-UBUS01-PIREP,7000.0,34.056,-117.60119,2025-01-11 23:55:00,5.0,1,L,0.6
T,C176,ONT UUA /OV 02015/TM 0040/FL030/TP C176/TB SEV SURFACE-030,SEV SURFACE-030,202501120000-KMSC-UBUS01-PIREP,3000.0,34.056,-117.60119,2025-01-12 00:40:00,5.0,1,,0.6
F,PA32,SBA UA /OV RZS/TM 0044/FL075/TP PA32/TB SEV,SEV,202501120000-KMSC-UBUS01-PIREP,7500.0,34.51,-119.77,2025-01-12 00:44:00,5.0,1,L,0.6
T,BCS3,FAI UUA /OV FAI180045 /TM 1055 /FL115 /TP BCS3 /TB SEV /RM FAIATCT (AKFSS),SEV,202501121100-KMSC-UBUS01-PIREP,11500.0,64.05993924993925,-147.85,2025-01-12 10:55:00,5.0,1,U,0.6
T,BCS3,FAI UUA /OV FAI180045 /TM 1055 /FL115 /TP BCS3 /TB SEV /RM FAI ATCT (AKFSS,SEV,202501121105-KWBC-UBUS35-PIRUS,11500.0,64.05993924993925,-147.85,2025-01-12 10:55:00,5.0,1,U,0.6
T,B748,ANC UUA /OV ANC/TM 1320/FL010/TP B748/TB SEV 040-010,SEV 040-010,202501121300-KMSC-UBUS01-PIREP,1000.0,61.17,-149.99,2025-01-12 13:20:00,5.0,1,U,0.6
T,B748,PANC UUA /OV TED250005/TM 1412/FL060/TP B748/TB SEV SFC-015/RM DURC DEP RY15,SEV SFC-015,202501121400-KMSC-UBUS01-PIREP,6000.0,61.14149601275125,-150.15240572545986,2025-01-12 14:12:00,5.0,1,U,0.6
T,B748,ANC UUA /OV ANC/TM 1413/FL010/TP B748/TB SEV SFC-015/RM DURD RY 15,SEV SFC-015,202501121400-KMSC-UBUS01-PIREP,1000.0,61.17,-149.99,2025-01-12 14:13:00,5.0,1,U,0.6
F,B747,ANC UA /OV TED330005/TM 1545/FL040/TP B747/TB SEV TURB/RM SEV TURB BLO 050,SEV TURB,202501121500-KMSC-UBUS01-PIREP,4000.0,61.24217462932602,-150.0764142815786,2025-01-12 15:45:00,5.0,1,H,1.0
F,B748,ANC UA /OV TED280010/TM 1545/FL150/TP B748/WX -RA/TB SEV TURB 030-080 / MOD 080-120/IC NONE,SEV TURB 030-080,202501121500-KMSC-UBUS01-PIREP,15000.0,61.19894370719723,-150.33040581787833,2025-01-12 15:45:00,5.0,1,U,0.6
F,B748,ANC UA /OV TED330005/TM 1545/FL030/TP B748/TB OCNL SEV BLO 080/RM DURC RWY 33 DEPARTING ANC ZAN,OCNL SEV BLO 080,202501121600-KMSC-UBUS01-PIREP,3000.0,61.24217462932602,-150.0764142815786,2025-01-12 15:45:00,5.0,1,U,0.6
T,B77L,FAI UUA /OV FAI180030/TM 1627/FL090/TP B77L/TB SEV/RM /ZAN,SEV,202501121600-KMSC-UBUS01-PIREP,9000.0,64.3099594999595,-147.85,2025-01-12 16:27:00,5.0,1,U,0.6
F,B777,ANC UA /OV TED330010/TM 1629/FL050/TP B777/TB SEV TURB 100-050/RM DURD,SEV TURB 100-050,202501121600-KMSC-UBUS01-PIREP,5000.0,61.31434925865205,-150.1628285631572,2025-01-12 16:29:00,5.0,1,H,1.0
T,B77L,FAI UUA /OV FAI180045-FAI180035 /TM 1630 /FL090 /TP B77L /TB SEV 090-075 /RM DURD 090-075 +45KTS AND TB MOD 075-030 - FAI ATCT (AKFSS,SEV 090-075,202501121645-KWBC-UBAK90-PIREP,9000.0,64.05993924993925,-147.85,2025-01-12 16:30:00,5.0,1,U,0.6
F,B77L,ANC UA /OV TED330003/TM 1658/FL005/TP B77L/TB SEV 100-050/ MOD TURB 050-018/ LGT TURB 018-005/ NEG TURB BLO 005/RM DURD ARR ANC RWY 15,SEV 100-050,202501121700-KMSC-UBUS01-PIREP,500.0,61.21330477759562,-150.04184856894716,2025-01-12 16:58:00,5.0,1,U,0.6
T,B777,ORT UUA /OV ORT/TM 1756/FL330/TP B777/TB SEV/RM FL310 OCNL LGT ZAN,SEV,202501121700-KMSC-UBUS01-PIREP,33000.0,62.96,-141.92,2025-01-12 17:56:00,5.0,1,H,1.0
T,C421,L35 UUA /OV PSP305025/TM 1845/FL110/TP C421/TB SEV/RM COR SA-ID AND MSG TYPE AND LOCTN AND TURB. ZLA CWSU,SEV,202501121900-KMSC-UBUS01-PIREP,11000.0,34.068679540037024,-116.9175995031084,2025-01-12 18:45:00,5.0,1,L,0.6
T,SF50,SNA UUA /OV SNA195002/TM 2024/FL010/TP SF50/TB SEV/RM DURD ON FINAL. LLWS -12 KT. PLANE BANKED 30 DEG. COR LOCTN AND TURB AND RMK. ZLA CWSU,SEV,202501122000-KMSC-UBUS01-PIREP,1000.0,33.64346986445469,-117.8785878293268,2025-01-12 20:24:00,5.0,1,U,0.6
T,B747,GKN UUA /OV GKN078056/TM 2225/FL350/TP B747/TB SEV/RM LGT 310 TO 330. ZAN,SEV,202501122200-KMSC-UBUS01-PIREP,35000.0,62.344066629569454,-143.4956057333191,2025-01-12 22:25:00,5.0,1,H,1.0
F,C421,RHV UA /OV SJC036004/TM 0124/FL020/TP C421/TB SEV 020,SEV 020,202501130100-KMSC-UBUS01-PIREP,2000.0,37.413338834987805,-121.8751162151024,2025-01-13 01:24:00,5.0,1,L,0.6
T,B747,YAK UUA /OV YAK350085/TM 0324/FL380/TP B747/TB SEV,SEV,202501130300-KMSC-UBUS01-PIREP,38000.0,60.89525732356996,-140.1447348085006,2025-01-13 03:24:00,5.0,1,H,1.0
F,B763,UUA /OV 55N040W /TM 1254 /FL340 /TP B763 /TB SEV /RM MOD OCNL SEVBTWN 38W-42W  RTE: 55N030W/1200 55N040W/1254 NEXT 54N050W,SEV,202501131418-CYQX-UACN01-PIREP,34000.0,55.0,-40.0,2025-01-13 12:54:00,5.0,1,H,1.0
F,B788,UUA /OV 52N030W /TM 1434 /FL350 /TP B788 /TB SEV,SEV,202501131444-CYQX-UACN01-PIREP,35000.0,52.0,-30.0,2025-01-13 14:34:00,5.0,1,U,0.6
T,BE33,LCQ UUA /OV LCQ307033/TM 1813/FL050/TP BE33/SK IMC/TB SEV,SEV,202501131800-KMSC-UBUS01-PIREP,5000.0,30.51312507361972,-83.0850778039225,2025-01-13 18:13:00,5.0,1,L,0.6
T,C172,SHD UUA /OV W13 /TM 0320 /FL033 /TP C172 /WV 00000KT /TB SEV,SEV,202501140300-KMSC-UBUS01-PIREP,3300.0,38.0769,-78.9444,2025-01-14 03:20:00,5.0,1,L,0.6
T,B747,PASY UUA /OV SYA248464/TM 0537/FL310/TP B747/TB SEV/RM F290 LGT ZAN,SEV,202501140500-KMSC-UBUS01-PIREP,31000.0,49.81280769044551,162.27405402744935,2025-01-14 05:37:00,5.0,1,H,1.0
T,LJ55,CGI UUA /OV CGI180020/TM 1717/FL360/TP LJ55/TB SEV/RM NO DAMAGES NO INJURIES ZME,SEV,202501141700-KMSC-UBUS01-PIREP,36000.0,36.89195966663967,-89.57075,2025-01-14 17:17:00,5.0,1,M,0.8
T,RV7A,ONT UUA /OV ONT/TM 1718/FL080/TP RV7A/TB SEV 080,SEV 080,202501141700-KMSC-UBUS01-PIREP,8000.0,34.056,-117.60119,2025-01-14 17:18:00,5.0,1,U,0.6
T,TBM9,SAN UUA /OV JLI220010/TM 1745/FL100/TP TBM9/TB SEV 100,SEV 100,202501141900-KMSC-UBUS01-PIREP,10000.0,33.01231558453652,-116.71795315682192,2025-01-14 17:45:00,5.0,1,U,0.6
T,C172,SNA UUA /OV KSNA05010/TM 0120/FL050/TP C172/TB CONS SEV TURB,CONS SEV TURB,202501150100-KMSC-UBUS01-PIREP,5000.0,33.67567,-117.86822,2025-01-15 01:20:00,5.0,1,L,0.6
T,B739,GLS UUA /OV VUH135070/TM 0100/FL320/TP B739/TB SEV/RM ZHU,SEV,202501160100-KMSC-UBUS01-PIREP,32000.0,28.44497526695805,-93.9242236420869,2025-01-16 01:00:00,5.0,1,M,0.8
T,B739,GLS UUA /OV VUH135100/TM 0109/FL320/TP B739/TB SEV/RM ZHU,SEV,202501160100-KMSC-UBUS01-PIREP,32000.0,28.0913932385115,-93.518890917267,2025-01-16 01:09:00,5.0,1,M,0.8
T,C172,PDX UUA /OV PDX/TM 0128/FL025/TP C172/TB SEV 025,SEV 025,202501160100-KMSC-UBUS01-PIREP,2500.0,45.59083,-122.60028,2025-01-16 01:28:00,5.0,1,L,0.6
F,S22T,MSO UA /OV MSO330017/TM 2319/FL090/TP S22T/TB SEV TURB,SEV TURB,202501162300-KMSC-UBUS01-PIREP,9000.0,47.16619373970848,-114.29993242390856,2025-01-16 23:19:00,5.0,1,U,0.6
T,C208,JCT UUA /OV JCT045030/TM 1458/FL073/TP C208/TB SEV FL080-073/RM DOWN DRAFT. -700FT. ZHU,SEV FL080-073,202501171500-KMSC-UBUS01-PIREP,7300.0,30.864412028446548,-99.35597978701446,2025-01-17 14:58:00,5.0,1,L,0.6
F,PA28,UES UA /OV 5SW UES/TM 1700/FL030/TP PA28/TB SEV CHOP AT 030,SEV CHOP AT 030,202501171700-KMSC-UBUS01-PIREP,3000.0,42.98209966192557,-88.31769093410233,2025-01-17 17:00:00,5.0,1,L,0.6
F,HUSK,MHV UA /OV MHV275006/TM 2054/FL085/TP HUSK/TB SEV,SEV,202501172100-KMSC-UBUS01-PIREP,8500.0,35.067716280236986,-118.27371059001672,2025-01-17 20:54:00,5.0,1,L,0.6
T,P28A,SLR UUA /OV SLR /TM 0006 /FL035 /TP P28A /TB SEV,SEV,202501180000-KMSC-UBUS01-PIREP,3500.0,33.16,-95.62,2025-01-18 00:06:00,5.0,1,L,0.6
F,BE99,MHV UA /OV MHV180005/TM 0135/FL060/TP BE99/TB SEV,SEV,202501180100-KMSC-UBUS01-PIREP,6000.0,34.975659916659914,-118.152,2025-01-18 01:35:00,5.0,1,L,0.6
T,PC12,SAV UUA /OV SAV330035/TM 1531/FL220/TP PC12/TB SEV/RM 500FT LOSS,SEV,202501181500-KMSC-UBUS01-PIREP,22000.0,32.636589915282165,-81.5467515590686,2025-01-18 15:31:00,5.0,1,L,0.6
T,B738,ILM UUA /OV ILM175185/TM 1810/FL350/TP B738/TB SEV,SEV,202501181800-KMSC-UBUS01-PIREP,35000.0,31.19815088100914,-77.57478924069383,2025-01-18 18:10:00,5.0,1,M,0.8
T,A359,MIA UUA /OV 2817N06257W/TM 1900/FL390/TP A359/TB SEV/RM ABV 380 SEV 380 AND BLW LGT TO MOD,SEV,202501181900-KMSC-UBUS01-PIREP,39000.0,28.2833,-62.95,2025-01-18 19:00:00,5.0,1,U,0.6
T,C550,MGM UUA /OV MGM005040/TM 0126/FL110/TP C550/TB SEV CAT 110/RM NO DAMAGE OR INJURIES ZTLFD-13,SEV CAT 110,202501190100-KMSC-UBUS01-PIREP,11000.0,32.96482359329532,-86.32522331942562,2025-01-19 01:26:00,5.0,1,L,0.6
T,A321,CRG UUA /OV CRG/TM 0427/FL300/TP A321/TB SEV,SEV,202501190400-KMSC-UBUS01-PIREP,30000.0,30.3361,-81.5147,2025-01-19 04:27:00,5.0,1,M,0.8
T,C560,CHS UUA /OV CHS330040/TM 0525/FL140/TP C560/TB SEV 140-130,SEV 140-130,202501190500-KMSC-UBUS01-PIREP,14000.0,33.4759970346082,-80.43753093988681,2025-01-19 05:25:00,5.0,1,M,0.8
T,A319,POU UUA /OV IGN/TM 0059/FL230/TP A319/TB SEV CAT,SEV CAT,202501200100-KMSC-UBUS01-PIREP,23000.0,41.67,-73.82,2025-01-20 00:59:00,5.0,1,M,0.8
T,B77W,BOS UUA /OV BOS090015/TM 0120/FL330/TP B77W/TB SEV,SEV,202501200100-KMSC-UBUS01-PIREP,33000.0,42.36057,-70.67137061395962,2025-01-20 01:20:00,5.0,1,U,0.6
T,GFL6,GON UUA /OV GON180015/TM 0120/FL240/TP GFL6/TB SEV CAT,SEV CAT,202501200100-KMSC-UBUS01-PIREP,24000.0,41.07997974997975,-72.05,2025-01-20 01:20:00,5.0,1,U,0.6
T,GLF6,JPX UUA /OV HTO090010/TM 0122/FL230/TP GLF6/TB SEV 230-210/RM DURD,SEV 230-210,202501200100-KMSC-UBUS01-PIREP,23000.0,40.96,-72.02928050911689,2025-01-20 01:22:00,5.0,1,U,0.6
T,B772,ORF UUA /OV 34N06525W/TM 0602/FL350/TP B772/TB SEV,SEV,202501200600-KMSC-UBUS01-PIREP,35000.0,0.5666,-65.4166,2025-01-20 06:02:00,5.0,1,H,1.0
F,E55P,BUR UA /OV FIM/TM 1628/FL100/TP E55P/TB SEV BLO 100,SEV BLO 100,202501201600-KMSC-UBUS01-PIREP,10000.0,34.36,-118.88,2025-01-20 16:28:00,5.0,1,U,0.6
T,E55P,CMA UUA /OV FIM/TM 1628/FL100/TP E55P/TB SEV BLO 100/RM COR SA-ID AND MSG TYPE. ZLA CWSU,SEV BLO 100,202501201700-KMSC-UBUS01-PIREP,10000.0,34.36,-118.88,2025-01-20 16:28:00,5.0,1,U,0.6
T,B739,PTV UUA /OV TTE/TM 1646/FL290/TP B739/TB SEV CAT/RM COR SA-ID. ZLA CWSU,SEV CAT,202501201700-KMSC-UBUS01-PIREP,29000.0,35.91,-119.02,2025-01-20 16:46:00,5.0,1,M,0.8
F,C25B,VNY UA /OV VNY290008/TM 1732/FL050/TP C25B/TB SEV/RM -500' LOSS IN ALTITUDE OVER TERRAIN,SEV,202501201700-KMSC-UBUS01-PIREP,5000.0,34.255326379598,-118.64068721825429,2025-01-20 17:32:00,5.0,1,U,0.6
T,C25B,VNY UUA /OV VNY290008/TM 1732/FL050/TP C25B/TB SEV/RM -500 FT ALT OVER TERRAIN. COR MSG TYPE. ZLA CWSU,SEV,202501201700-KMSC-UBUS01-PIREP,5000.0,34.255326379598,-118.64068721825429,2025-01-20 17:32:00,5.0,1,U,0.6
T,C25C,L08 UUA /OV JLI/TM 1846/FL120/TP C25C/TB SEV 120-090/RM COR SA-ID AND MSG TYPE. ZLA CWSU,SEV 120-090,202501201900-KMSC-UBUS01-PIREP,12000.0,33.14,-116.59,2025-01-20 18:46:00,5.0,1,U,0.6
F,DA40,HWD UA /OV HWD100002/TM 1850/FL008/TP DA40/TB SEV 008/RM SEV TURB AND LLWS +/- 15 KTS REPORTED 2NM E OF HWD AIRPORT,SEV 008,202501201800-KMSC-UBUS01-PIREP,800.0,37.65303516856056,-122.07969612953836,2025-01-20 18:50:00,5.0,1,L,0.6
T,P28A,SEE UUA /OV JLI170025/TM 1857/FL090/TP P28A/TB SEV/RM COR SA-ID AND MSG TYPE AND LOCTN. ZLA CWSU,SEV,202501201900-KMSC-UBUS01-PIREP,9000.0,32.72963019895001,-116.50358408215236,2025-01-20 18:57:00,5.0,1,L,0.6
F,C310,BUR UA /OV BUR090010/TM 2015/FL065/TP C310/TB SEV/RM +/- 20KTS,SEV,202501202000-KMSC-UBUS01-PIREP,6500.0,34.20067,-118.1571400686976,2025-01-20 20:15:00,5.0,1,L,0.6
T,M20P,LSB UUA /OV LSB270015 /TM 0000 /FL105 /TP M20P /TB SEV /RM SEV TURB 30 MIN AGO,SEV,202501210000-KMSC-UBUS01-PIREP,10500.0,32.3334639,-108.98763850238564,2025-01-21 00:00:00,5.0,1,L,0.6
F,A320,ONT UA /OV 15NM NORTHEAST OF ONT/TM 0045/FL080/TP A320/TB SEV,SEV,202501210000-KMSC-UBUS01-PIREP,8000.0,39.11,-75.58,2025-01-21 00:45:00,5.0,1,M,0.8
T,PA46,BUR UUA /OV VNY040005/TM 0055/FL070/TP PA46/TB MOS - SEV TURB/RM DURC 070-080,MOS - SEV TURB,202501210100-KMSC-UBUS01-PIREP,7000.0,34.27356220773174,-118.42439257412046,2025-01-21 00:55:00,5.0,1,L,0.6
F,SR22,ONT UA /OV 10NM NORTH OF POM/TM 0131/FL090/TP SR22/TB SEV,SEV,202501210100-KMSC-UBUS01-PIREP,9000.0,34.056,-117.60119,2025-01-21 01:31:00,5.0,1,L,0.6
F,SR20,BUR UA /OV BUR 5N/TM 0348/FL070/TP SR20/TB SEV,SEV,202501210300-KMSC-UBUS01-PIREP,7000.0,34.20067,-118.35867,2025-01-21 03:48:00,5.0,1,L,0.6
T,787,BOS UUA /OV 4217N04354W/TM 0625/FL400/TP 787/TB SEV,SEV,202501210600-KMSC-UBUS01-PIREP,40000.0,42.2833,-43.9,2025-01-21 06:25:00,5.0,1,U,0.6
T,B739,PHX UUA /OV 15 N PXR/TM 0627/FL290/TP B739/TB SEV/RM ZAB/FDCS,SEV,202501210600-KMSC-UBUS01-PIREP,29000.0,33.68002025002025,-111.97,2025-01-21 06:27:00,5.0,1,M,0.8
T,PA44,PHX UUA /OV PXR323040/TM 0719/FL095/TP PA44/TB SEV,SEV,202501210700-KMSC-UBUS01-PIREP,9500.0,33.96246679972553,-112.45078358094594,2025-01-21 07:19:00,5.0,1,L,0.6
T,BE9L,SAN UUA /OV JLI180020/TM 1420/FL100/TP BE9L/TB SEV 100,SEV 100,202501211400-KMSC-UBUS01-PIREP,10000.0,32.80663966663967,-116.59,2025-01-21 14:20:00,5.0,1,L,0.6
T,C425,BWG UUA /OV BWG090020/TM 1737/FL180/TP C425/TB SEV 180/RM ZME,SEV 180,202501211700-KMSC-UBUS01-PIREP,18000.0,36.96453,-86.00245219232103,2025-01-21 17:37:00,5.0,1,L,0.6
F,H25B,ABY UA /OV PZD360025/TM 2025/FL400/TP H25B/TB SEV CAT/RM NO DAMAGES OR INJURIES REPORTED ZTLFD 27,SEV CAT,202501212000-KMSC-UBUS01-PIREP,40000.0,32.07670041670042,-84.29,2025-01-21 20:25:00,5.0,1,M,0.8
T,C17,LNS UUA /OV LRP/TM 2032/FL180/TP C17/TB CONS SEV/RM SEV TURB BETWEEN 160-180,CONS SEV,202501212000-KMSC-UBUS01-PIREP,18000.0,40.12,-76.29,2025-01-21 20:32:00,5.0,1,L,0.6
T,BE40,CSV UUA /OV HCH200020/TM 2109/FL160/TP BE40/TB SEV 140-160/RM DURD NO DAMAGES OR INJURIES ZTLFD 41,SEV 140-160,202501212100-KMSC-UBUS01-PIREP,16000.0,35.46674375467857,-85.12054043158689,2025-01-21 21:09:00,5.0,1,M,0.8
T,H25,ABY UUA /OV PZD360025/TM 2127/FL400/TP H25/TB SEV CAT/RM NO DAMAGES,SEV CAT,202501212100-KMSC-UBUS01-PIREP,40000.0,32.07670041670042,-84.29,2025-01-21 21:27:00,5.0,1,M,0.8
T,A38M,WRB UUA /OV DBN045030/TM 2128/FL390/TP A38M/TB SEV/RM + 1000 FT NO DAMAGES OR INJURIES REPORTED ZTLFD23,SEV,202501212100-KMSC-UBUS01-PIREP,39000.0,32.917998728446555,-82.56573870254664,2025-01-21 21:28:00,5.0,1,U,0.6
T,PA32,DEN UUA /OV DEN330045/TM 2137/FL085/TP PA32/TB SEV/RM 135-085,SEV,202501212100-KMSC-UBUS01-PIREP,8500.0,40.48237166393422,-105.14587360913816,2025-01-21 21:37:00,5.0,1,L,0.6
T,B38M,CAE UUA /OV CAE170050/TM 2201/FL370/TP B38M/TB SEV/RM FL360-370,SEV,202501212200-KMSC-UBUS01-PIREP,37000.0,33.12116039790002,-80.94365712946204,2025-01-21 22:01:00,5.0,1,U,0.6
T,C208,AQH UUA /OV AQH-PTU /TM 2235 /FL015 /TP C208 /TB OCNL SEV /RM CONSMOD TB OCNL SEV (AKFSS),OCNL SEV,202501212200-KMSC-UBUS01-PIREP,1500.0,59.38,-161.82999999999998,2025-01-21 22:35:00,5.0,1,L,0.6
T,C208,AQH UUA /OV AQH-PTU /TM 2235 /FL015 /TP C208 /TB OCNL SEV /RM CONS MOD TB OCNL SEV (AKFSS,OCNL SEV,202501212245-KWBC-UBUS35-PIRUS,1500.0,59.38,-161.82999999999998,2025-01-21 22:35:00,5.0,1,L,0.6
T,P28A,COS UUA /OV 4 S COS/TM 2242/FL072/TP P28A/TB SEV TURB IN PATTERN AT COS,SEV TURB IN PATTERN AT COS,202501212200-KMSC-UBUS01-PIREP,7200.0,38.73913793332793,-104.70078,2025-01-21 22:42:00,5.0,1,L,0.6
T,A319,AVP UUA /OV LVZ/TM 2308/FL270/TP A319/TB SEV,SEV,202501212300-KMSC-UBUS01-PIREP,27000.0,41.27,-75.69,2025-01-21 23:08:00,5.0,1,M,0.8
T,BE9L,BJC UUA /OV BJC180010/TM 2320/FL105/TP BE9L/TB SEV,SEV,202501212300-KMSC-UBUS01-PIREP,10500.0,39.74212983331984,-105.11719,2025-01-21 23:20:00,5.0,1,L,0.6
T,BE9L,DEN UUA /OV DEN260010/TM 2320/FL110/TP BE9L/TB SEV 110-SFC/RM DURD,SEV 110-SFC,202501212300-KMSC-UBUS01-PIREP,11000.0,39.80385629280277,-104.87125738517592,2025-01-21 23:20:00,5.0,1,L,0.6
T,B38M,DEN UUA /OV 30 SW DEN/TM 2325/FL140/TP B38M/TB SEV TB,SEV TB,202501212300-KMSC-UBUS01-PIREP,14000.0,39.479217971553446,-105.11794305436553,2025-01-21 23:25:00,5.0,1,U,0.6
T,C750,DEN UUA /OV DEN240014/TM 0021/FL070/TP C750/TB SEV,SEV,202501220000-KMSC-UBUS01-PIREP,7000.0,39.71612388332388,-104.92066512572096,2025-01-22 00:21:00,5.0,1,M,0.8
T,LJ60,ILM UUA /OV ILM030005/TM 0045/FL380/TP LJ60/TB SEV TURB 380,SEV TURB 380,202501220100-KMSC-UBUS01-PIREP,38000.0,34.342174629326024,-77.8495760135583,2025-01-22 00:45:00,5.0,1,M,0.8
T,GLF,ILM UUA /OV ILM070023/TM 0103/FL380/TP GLF/TB SEV,SEV,202501220100-KMSC-UBUS01-PIREP,38000.0,34.401118341344244,-77.46407595867718,2025-01-22 01:03:00,5.0,1,M,0.8
F,A338,UUA /OV 4557N05830W /TM 0307 /FL350 /TP A338 /TB SEV 320-350,SEV 320-350,202501220310-CYXU-UACN01-PIREP,35000.0,45.95,-58.5,2025-01-22 03:07:00,5.0,1,U,0.6
T,B789,ORF UUA /OV 3800N05548W/TM 0525/FL370/TP B789/TB SEV,SEV,202501220500-KMSC-UBUS01-PIREP,37000.0,38.0,-55.8,2025-01-22 05:25:00,5.0,1,U,0.6
F,B39M,ILG UA /OV DQO24036/TM 0921/FL270/TP B39M/TB SEV 270-230,SEV 270-230,202501220900-KMSC-UBUS01-PIREP,27000.0,39.68,-75.61,2025-01-22 09:21:00,5.0,1,U,0.6
T,B788,BOS UUA /OV 4345N05220W/TM 0933/FL400/TP B788/TB SEV,SEV,202501220900-KMSC-UBUS01-PIREP,40000.0,43.75,-52.3333,2025-01-22 09:33:00,5.0,1,U,0.6
T,A332,BOS UUA /OV 4326N04829W/TM 1112/FL390/TP A332/TB SEV,SEV,202501221100-KMSC-UBUS01-PIREP,39000.0,43.4333,-48.4833,2025-01-22 11:12:00,5.0,1,H,1.0
T,B77L,ILG UUA /OV DQO230015/TM 1128/FL270/TP B77L/TB SEV/RM SEV FL270-20,SEV,202501221100-KMSC-UBUS01-PIREP,27000.0,39.51929008111625,-75.85885788568135,2025-01-22 11:28:00,5.0,1,U,0.6
T,CRJ7,RIC UUA /OV 30N RIC /TM 1139/FL290/TP CRJ7/TB SEV CAT 290,SEV CAT 290,202501221100-KMSC-UBUS01-PIREP,29000.0,38.011540500040496,-77.32336,2025-01-22 11:39:00,5.0,1,M,0.8
T,B763,RDU UUA /OV RDU270050-KRDU /TM 1141 /FL260 /TP B763 /TB SEV 260-120 /RM DURD KRDU ALDAN4 ARRIVAL,SEV 260-120,202501221100-KMSC-UBUS01-PIREP,26000.0,35.8922,-79.81063565932413,2025-01-22 11:41:00,5.0,1,H,1.0
T,CRJ7,DOV UUA /OV ENO230005/TM 1211/FL250/TP CRJ7/TB SEV CONS 250,SEV CONS 250,202501221200-KMSC-UBUS01-PIREP,25000.0,39.17643002703875,-75.60241814999127,2025-01-22 12:11:00,5.0,1,M,0.8
T,B38M,ILG UUA /OV DQO190025/TM 1226/FL290/TP B38M/TB CON SEV,CON SEV,202501221200-KMSC-UBUS01-PIREP,29000.0,39.26963019895001,-75.70401917154803,2025-01-22 12:26:00,5.0,1,U,0.6
F,B38M,ILG UA /OV DQO190025/TM 1226/FL290/TP B38M/TB SEV CON 290,SEV CON 290,202501221200-KMSC-UBUS01-PIREP,29000.0,39.26963019895001,-75.70401917154803,2025-01-22 12:26:00,5.0,1,U,0.6
T,B38M,RIC UUA /OV RIC354020/TM 1229/FL240/TP B38M/TB SEV 240CONS,SEV 240CONS,202501221200-KMSC-UBUS01-PIREP,24000.0,37.84303415057412,-77.36728873865957,2025-01-22 12:29:00,5.0,1,U,0.6
F,B38M,RIC UA /OV RIC354020/TM 1229/FL240/TP B38M/TB CONS SEV,CONS SEV,202501221200-KMSC-UBUS01-PIREP,24000.0,37.84303415057412,-77.36728873865957,2025-01-22 12:29:00,5.0,1,U,0.6
T,C550,CHO UUA /OV GVE/TM 1258/FL230/TP C550/TB SEV,SEV,202501221300-KMSC-UBUS01-PIREP,23000.0,38.156,-78.1658,2025-01-22 12:58:00,5.0,1,L,0.6
T,B738,BLM UUA /OV RBV200025/TM 1350/FL230/TP B738/TB SEV/RM SEV TURB FL230,SEV,202501221300-KMSC-UBUS01-PIREP,23000.0,39.80842969334821,-74.68659423576541,2025-01-22 13:50:00,5.0,1,M,0.8
T,B738,TTN UUA /OV RBV2000025/TM 1354/FL230/TP B738/TB SEV 235-250/RM NO INJURIES NO DAMAGE REPORTED,SEV 235-250,202501221400-KMSC-UBUS01-PIREP,23000.0,40.27682,-74.81588,2025-01-22 13:54:00,5.0,1,M,0.8
T,B738,EWR UUA /OV RBV200025/TM 1354/FL230/TP B738/TB SEV 235-250,SEV 235-250,202501221400-KMSC-UBUS01-PIREP,23000.0,39.80842969334821,-74.68659423576541,2025-01-22 13:54:00,5.0,1,M,0.8
T,C56X,ACY UUA /OV ACY050010/TM 1528/FL220/TP C56X/TB SEV,SEV,202501221500-KMSC-UBUS01-PIREP,22000.0,39.5647199459225,-74.41179609504177,2025-01-22 15:28:00,5.0,1,M,0.8
T,F900,BOS UUA /OV 4042N046074W/TM 1541/FL380/TP F900/TB SEV,SEV,202501221500-KMSC-UBUS01-PIREP,38000.0,42.36057,-71.00973,2025-01-22 15:41:00,5.0,1,M,0.8
T,C172,CNO UUA /OV CNO RY26R 1 MF/TM 1721/FL011/TP C172/TB MD-SEV TB,MD-SEV TB,202501221700-KMSC-UBUS01-PIREP,1100.0,33.97528,-117.63611,2025-01-22 17:21:00,5.0,1,L,0.6
T,P28A,SNA UUA /OV ELB/TM 1910/FL045/TP P28A/SK SKC/TB SEV/RM COR MSG TYPE. ZLA CWSU,SEV,202501222000-KMSC-UBUS01-PIREP,4500.0,33.68,-117.73,2025-01-22 19:10:00,5.0,1,L,0.6
T,C152,VNY UUA /OV VNY270015/TM 1948/FL040/TP C152/TB SEV TURB,SEV TURB,202501221900-KMSC-UBUS01-PIREP,4000.0,34.20972,-118.79149735465047,2025-01-22 19:48:00,5.0,1,L,0.6
T,C152,VNY UUA /OV VNY270015/TM 1948/FL040/TP C152/TB SEV/RM COR MSG TYPE. ZLA CWSU,SEV,202501222000-KMSC-UBUS01-PIREP,4000.0,34.20972,-118.79149735465047,2025-01-22 19:48:00,5.0,1,L,0.6
F,EPC,BUR UA /OV LHS180010/TM 2100/FL090/TP EPC/TB SEV BLO 090,SEV BLO 090,202501222100-KMSC-UBUS01-PIREP,9000.0,34.513319833319834,-118.58,2025-01-22 21:00:00,5.0,1,U,0.6
F,COZY,BUR UA /OV BUR360005/TM 2117/FL050/TP COZY/TB SEV,SEV,202501222100-KMSC-UBUS01-PIREP,5000.0,34.284010083340085,-118.35867,2025-01-22 21:17:00,5.0,1,L,0.6
F,C208,BUR UA /OV BUR360008/TM 0130/FL080/TP C208/TB SEV BLO 080,SEV BLO 080,202501230100-KMSC-UBUS01-PIREP,8000.0,34.334014133344134,-118.35867,2025-01-23 01:30:00,5.0,1,L,0.6
T,BE55,VNY UUA /OV VNY30008/TM 1600/FL030/TP BE55/TB SEV/RM TB SEV,SEV,202501231600-KMSC-UBUS01-PIREP,3000.0,34.20972,-118.48917,2025-01-23 16:00:00,5.0,1,L,0.6
T,BE55,VNY UUA /OV VNY300008/TM 1600/FL030/TP BE55/TB SEV/RM COR LOCTN. ZLA CWSU,SEV,202501231600-KMSC-UBUS01-PIREP,3000.0,34.27639206667207,-118.62880902367267,2025-01-23 16:00:00,5.0,1,L,0.6
T,C310,PHX UUA /OV PAN090010/TM 1626/FL105/TP C310/TB SEV,SEV,202501231600-KMSC-UBUS01-PIREP,10500.0,34.2568364,-111.13759141893686,2025-01-23 16:26:00,5.0,1,L,0.6
T,C310,PAN UUA /OV PAN090010/TM 1626/FL105/TP C310/TB SEV/RM ZAB/FDCS,SEV,202501231600-KMSC-UBUS01-PIREP,10500.0,34.2568364,-111.13759141893686,2025-01-23 16:26:00,5.0,1,L,0.6
T,AS50,VNY UUA /OV VNY340005/TM 1849/FL040/TP AS50/TB SEV,SEV,202501231800-KMSC-UBUS01-PIREP,4000.0,34.28803406133036,-118.5236373483896,2025-01-23 18:49:00,5.0,1,L,0.6
T,PC12,PHX UUA /OV PXR280006/TM 1954/FL105/TP PC12/TB SEV,SEV,202501232000-KMSC-UBUS01-PIREP,10500.0,33.44736622431834,-112.0880128560658,2025-01-23 19:54:00,5.0,1,L,0.6
F,C208,BUR UA /OV 10 W VNY/TM 2132/FL080/TP C208/TB SEV TURB,SEV TURB,202501232100-KMSC-UBUS01-PIREP,8000.0,34.20972,-118.69072156976698,2025-01-23 21:32:00,5.0,1,L,0.6
T,PA31,PHD UUA /OV CTW055020/TM 0038/FL095/TP PA31/TB EXTRM TURB/RM NO DAMAGE NO INJURIES ZOB,EXTRM TURB,202501240000-KMSC-UBUS01-PIREP,9500.0,40.42120763202961,-81.12232110770087,2025-01-24 00:38:00,7.0,1,L,0.6
F,PC24,BJC UA /OV REDZN/TM 1625/FL120/TP PC24/TB SEV,SEV,202501241600-KMSC-UBUS01-PIREP,12000.0,45.18,-109.26,2025-01-24 16:25:00,5.0,1,U,0.6
T,C172,CHD UUA /OV CHD180015/TM 1640/FL035/TP C172/TB SEV TURB,SEV TURB,202501241600-KMSC-UBUS01-PIREP,3500.0,33.019979749979754,-111.81,2025-01-24 16:40:00,5.0,1,L,0.6
T,PC24,DEN UUA /OV DEN320025/TM 1645/FL120/TP PC24/TB SEV,SEV,202501241600-KMSC-UBUS01-PIREP,12000.0,40.15201103865871,-105.00630056094656,2025-01-24 16:45:00,5.0,1,U,0.6
F,C172,ONT UA /OV 20NM NORTHWEST OF ONT/TM 0205/FL080/TP C172/TB SEV /IC MOD 066/RM DOWNDRAFT AT 074,SEV,202501260200-KMSC-UBUS01-PIREP,8000.0,41.98,-73.96,2025-01-26 02:05:00,5.0,1,L,0.6
F,C172,ONT UA /OV 20NM NORTHEAST/TM 0206/FL070/TP C172/TA -2/TB SEV/IC MOD RIME/RM CORRECTION.DOWNDRAFT AT 074 THEN PICKED UP ICING ON THE DESCEND TO 060,SEV,202501260200-KMSC-UBUS01-PIREP,7000.0,41.98,-73.96,2025-01-26 02:06:00,5.0,1,L,0.6
F,B38M,KLAX UA /OV LAX29515/TM 0218/FL080/TP B38M/TB SEV,SEV,202501260200-KMSC-UBUS01-PIREP,8000.0,33.93816,-118.38653,2025-01-26 02:18:00,5.0,1,U,0.6
T,P46T,PBI UUA /OV PBI025043/TM 1526/FL100/TP P46T/TB SEV,SEV,202501261500-KMSC-UBUS01-PIREP,10000.0,27.33427319192925,-79.76039172965108,2025-01-26 15:26:00,5.0,1,L,0.6
T,EC35,EKN UUA /OV EKN122031 /TM 1657 /FL055 /TP EC35 /TB SEV /RM NO INJURIES,SEV,202501261700-KMSC-UBUS01-PIREP,5500.0,38.61146620300279,-79.28984170821896,2025-01-26 16:57:00,5.0,1,L,0.6
T,C25B,LEB UUA /OV KLEB/TM 1822/FL125/TP C25B/TB SEV 040-060/RM DURC OFF KLEB,SEV 040-060,202501261800-KMSC-UBUS01-PIREP,12500.0,43.62611,-72.30419,2025-01-26 18:22:00,5.0,1,U,0.6
T,P28,OAK UUA /OV OAK110017/TM 1945/FL030/TP P28/TB SEV,SEV,202501261900-KMSC-UBUS01-PIREP,3000.0,37.624366443354255,-121.88409669278958,2025-01-26 19:45:00,5.0,1,L,0.6
T,B738,DMN UUA /OV DMN/TM 0506/FL300/TP B738/TB SEV/RM ZAB/FDCS,SEV,202501270500-KMSC-UBUS01-PIREP,30000.0,32.26231,-107.72064,2025-01-27 05:06:00,5.0,1,M,0.8
T,A320,DFW UUA /OV CVE360040/TM 1630/FL330/TP A320/TB SEV 330-320/RM ZFW,SEV 330-320,202501271600-KMSC-UBUS01-PIREP,33000.0,33.556720666720665,-96.9,2025-01-27 16:30:00,5.0,1,M,0.8
T,PA31,LEB UUA /OV LEB/TM 1927/FL050/TP PA31/TB SEV 050-035/RM DURD,SEV 050-035,202501271900-KMSC-UBUS01-PIREP,5000.0,43.62611,-72.30419,2025-01-27 19:27:00,5.0,1,L,0.6
T,C402,SLK UUA /OV SLK/TM 2323/FL060/TP C402/TB SEV/RM DURD,SEV,202501272300-KMSC-UBUS01-PIREP,6000.0,44.38531,-74.20619,2025-01-27 23:23:00,5.0,1,L,0.6
T,C402,LEB UUA /OV LEB/TM 2344/FL060/TP C402/TB CONT SEV 060,CONT SEV 060,202501272300-KMSC-UBUS01-PIREP,6000.0,43.62611,-72.30419,2025-01-27 23:44:00,5.0,1,L,0.6
T,DA42,RUT UUA /OV RUT210010/TM 2357/FL050/TP DA42/TB CONT SEV 050,CONT SEV 050,202501280000-KMSC-UBUS01-PIREP,5000.0,43.38565074134795,-73.0649496431579,2025-01-27 23:57:00,5.0,1,U,0.6
T,PC12,BED UUA /OV BED/TM 1608/FL020/TP PC12/TB SEV BLO 020/RM LLWS +/-10KT SFC-020 DURD RY 29,SEV BLO 020,202501281600-KMSC-UBUS01-PIREP,2000.0,42.46995,-71.28903,2025-01-28 16:08:00,5.0,1,L,0.6
T,B763,EWR UUA /OV TEB330020/TM 1615/FL060/TP B763/TB SEV/RM DURD 060-050 SEVERE TURBULENCE REPORTED ON ARRIVAL TO EWR,SEV,202501281600-KMSC-UBUS01-PIREP,6000.0,41.1476885173041,-74.27654256981383,2025-01-28 16:15:00,5.0,1,H,1.0
T,C172,SBY UUA /OV KSBY /TM 1657 /FL035 /TP C172 /TB SEV,SEV,202501281600-KMSC-UBUS01-PIREP,3500.0,38.3405,-75.5103,2025-01-28 16:57:00,5.0,1,L,0.6
F,CL30,POU UA /OV HUO/TM 1729/FL060/TP CL30/TB SEV,SEV,202501281700-KMSC-UBUS01-PIREP,6000.0,41.41,-74.59,2025-01-28 17:29:00,5.0,1,U,0.6
T,CL30,POU UUA /OV HUO/TM 1729/FL060/TP CL30/TB SEV,SEV,202501281700-KMSC-UBUS01-PIREP,6000.0,41.41,-74.59,2025-01-28 17:29:00,5.0,1,U,0.6
F,B767,POU UA /OV HUO110012/TM 1732/FL070/TP B767/TB SEV,SEV,202501281700-KMSC-UBUS01-PIREP,7000.0,41.341590430603,-74.33939354605262,2025-01-28 17:32:00,5.0,1,H,1.0
T,B763,POU UUA /OV HUO110012/TM 1732/FL070/TP B763/TB SEV CAT,SEV CAT,202501281700-KMSC-UBUS01-PIREP,7000.0,41.341590430603,-74.33939354605262,2025-01-28 17:32:00,5.0,1,H,1.0
F,BE33,SBY UA /OV KSBY180009/TM 1805/FL065/TP BE33/TB EXTRM,EXTRM,202501281800-KMSC-UBUS01-PIREP,6500.0,38.190487849987846,-75.5103,2025-01-28 18:05:00,7.0,1,L,0.6
T,C310,RIC UUA /OV W75/TM 1815/FL045/TP C310/TB SEV/RM NO INJURIES OR DAMAGE TO AIRCRAFT  STRONG UPDRAFT CAUSED A SUDDEN 1 000' GAIN,SEV,202501281800-KMSC-UBUS01-PIREP,4500.0,37.6024,-76.4467,2025-01-28 18:15:00,5.0,1,L,0.6
T,BE20,CKB UUA /OV 2G4/TM 1849/FL058/TP BE20/TB SEV/RM +/- 10 LLWS ON FINAL. MOD-SEV TURB DURC SFC-058,SEV,202501281800-KMSC-UBUS01-PIREP,5800.0,39.5802778,-79.3394167,2025-01-28 18:49:00,5.0,1,M,0.8
T,DA40,SVC UUA /OV SVC203031/TM 2158/FL090/TP DA40/TB CONS SEV CAT 080-100/RM ZAB/FDCS,CONS SEV CAT 080-100,202501282200-KMSC-UBUS01-PIREP,9000.0,32.1609173025496,-108.39613831468051,2025-01-28 21:58:00,5.0,1,L,0.6
T,SR22,AVL UUA /OV SOT180020/TM 2202/FL080/TP SR22/TB SEV/RM NO DAMAGES OR INJURIES REPORTED ZTLFD 49,SEV,202501282200-KMSC-UBUS01-PIREP,8000.0,35.45663966663967,-83.05,2025-01-28 22:02:00,5.0,1,L,0.6
T,K100,LYH UUA /OV LYH360005/TM 1500/FL050/TP K100/TB SEV,SEV,202501291500-KMSC-UBUS01-PIREP,5000.0,37.40414008334008,-79.2067,2025-01-29 15:00:00,5.0,1,U,0.6
T,CRJ9,CHO UUA /OV CHO 230@15/TM 1549/FL070/TP CRJ9/TB MDT-SEV 070-050,MDT-SEV 070-050,202501291500-KMSC-UBUS01-PIREP,7000.0,38.13864,-78.45286,2025-01-29 15:49:00,5.0,1,U,0.6
F,PC12,HPN UA /OV BREEZY/TM 1603/FL120/TP PC12/TB MDT-SEV/RM 120-130,MDT-SEV,202501291600-KMSC-UBUS01-PIREP,12000.0,41.06694,-73.7075,2025-01-29 16:03:00,5.0,1,L,0.6
T,C172,CDW UUA /OV KCDW/TM 1618/FL025/TP C172/TB SEV 025,SEV 025,202501291600-KMSC-UBUS01-PIREP,2500.0,40.87639,-74.28306,2025-01-29 16:18:00,5.0,1,L,0.6
F,C182,BDL UA /OV BDL270008/TM 1707/FL035/TP C182/TB SEV,SEV,202501291700-KMSC-UBUS01-PIREP,3500.0,41.9381,-72.86175795990296,2025-01-29 17:07:00,5.0,1,L,0.6
F,SR22,CHO UA /OV CHO040004/TM 1846/FL080/TP SR22/TB MDT-SEV,MDT-SEV,202501291800-KMSC-UBUS01-PIREP,8000.0,38.1897137661854,-78.39837181371398,2025-01-29 18:46:00,5.0,1,L,0.6
T,SR22,CHO UUA /OV CHO040004/TM 1846/FL080/TP SR22/TB MDT-SEV,MDT-SEV,202501291800-KMSC-UBUS01-PIREP,8000.0,38.1897137661854,-78.39837181371398,2025-01-29 18:46:00,5.0,1,L,0.6
T,C56X,BDL UUA /OV BDL/TM 1911/FL010/TP C56X/TB SEV/RM INTERMITTENT MOD TO SEV TURB DURD RY33,SEV,202501291900-KMSC-UBUS01-PIREP,1000.0,41.9381,-72.6825,2025-01-29 19:11:00,5.0,1,M,0.8
T,C172,ORD UUA /OV OQW230006/TM 2043/FL050/TP C172/TB SEV,SEV,202501292000-KMSC-UBUS01-PIREP,5000.0,41.9857160324465,-90.83317090299457,2025-01-29 20:43:00,5.0,1,L,0.6
T,PAY3,MDT UUA /OV HGR/TM 2052/FL050/TP PAY3/TB SEV,SEV,202501292000-KMSC-UBUS01-PIREP,5000.0,39.70778,-77.72972,2025-01-29 20:52:00,5.0,1,L,0.6
F,C82R,HKY UA /OV BZM313021/TM 2356/FL080/TP C82R/TB SEV/RM NO DAMAGES OR INJURIES. LOST 1000FT IN ALTITUDE. GAINED 800FT AFTER CORRECTING. STRONG UP AND DOWN DRAFTS. ZTLFD-45,SEV,202501300000-KMSC-UBUS01-PIREP,8000.0,36.10871876069472,-81.55590669032605,2025-01-29 23:56:00,5.0,1,L,0.6
T,C82R,HKY UUA /OV BZM313021/TM 2356/FL080/TP C82R/TB SEV/RM NO DAMAGES OR INJURIES. LOST 1000FT IN ALTITUDE. GAINED 800FT AFTER CORRECTING. STRONG UP AND DOWN DRAFTS. ZTLFD-45,SEV,202501300000-KMSC-UBUS01-PIREP,8000.0,36.10871876069472,-81.55590669032605,2025-01-29 23:56:00,5.0,1,L,0.6
T,C172,MRI UUA /OV TED107040/TM 0044/FL020/TP C172/WV 250040/TB SEV,SEV,202501300000-KMSC-UBUS01-PIREP,2000.0,60.975069742097,-148.66778578469214,2025-01-30 00:44:00,5.0,1,L,0.6
T,E170,MLC UUA /OV MLC065025/TM 0131/FL220/TP E170/TB SEV/RM ZFW,SEV,202501300100-KMSC-UBUS01-PIREP,22000.0,35.058325205772555,-95.3226853752617,2025-01-30 01:31:00,5.0,1,U,0.6
T,LJ60,CNU UUA /OV CNU220015/TM 0139/FL300/TP LJ60/TB SEV 335-325/RM ZKC FDC ZZ,SEV 335-325,202501300100-KMSC-UBUS01-PIREP,30000.0,37.47875337680477,-95.68720432599336,2025-01-30 01:39:00,5.0,1,M,0.8
T,A319,HRO UUA /OV HRO045032/TM 0225/FL270/TP A319/TB SEV/RM NO DAMAGE/NO INJURIES. ZME,SEV,202501300200-KMSC-UBUS01-PIREP,27000.0,36.63867416367632,-92.68698580610788,2025-01-30 02:25:00,5.0,1,M,0.8
T,A320,TBN UUA /OV DGD150015/TM 0228/FL270/TP A320/TB SEV/RM ZKC FDC ZZ,SEV,202501300200-KMSC-UBUS01-PIREP,27000.0,36.80347611202193,-92.72342917091768,2025-01-30 02:28:00,5.0,1,M,0.8
T,B787,DFW UUA /OV DFW/TM 0416/FL150/TP B787/TB SEV 140-170/RM ZFW,SEV 140-170,202501300400-KMSC-UBUS01-PIREP,15000.0,32.89683,-97.038,2025-01-30 04:16:00,5.0,1,U,0.6
T,A319,FSM UUA /OV FSM315036/TM 0555/FL210/TP A319/TB SEV CONS 210-230 LOSS/GAIN 150FT/RM ZME,SEV CONS 210-230 LOSS,202501300600-KMSC-UBUS01-PIREP,21000.0,35.760878434135854,-94.88756113297627,2025-01-30 05:55:00,5.0,1,M,0.8
T,MD11,TUL UUA /OV TUL/TM 1036/FL340/TP MD11/TB SEV/RM ZKC FDC,SEV,202501301000-KMSC-UBUS01-PIREP,34000.0,36.19839,-95.88811,2025-01-30 10:36:00,5.0,1,H,1.0
T,B738,AUS UUA /OV 15 S AUS/TM 1427/FL030/TP B738/TB SEV TURB/RM NO INJURIES OR DAMAGE REPORTED.,SEV TURB,202501301400-KMSC-UBUS01-PIREP,3000.0,29.93301974997975,-97.67987,2025-01-30 14:27:00,5.0,1,M,0.8
T,B738,AUS UUA /OV 15 S AUS/TM 1427/FL030/TP B738/TB SEV TURB/RM NO INJURIES OR DAMAGE REPORTED,SEV TURB,202501301435-KWBC-UBUS35-PIRUS,3000.0,29.93301974997975,-97.67987,2025-01-30 14:27:00,5.0,1,M,0.8
T,PA24,LNS UUA /OV CKZ-LNS /TM 1720 /FL045 /TP PA24 /WX FV99SM /TA 26 /TB OCNL SEV /IC NEG /RM DURC,OCNL SEV,202501301700-KMSC-UBUS01-PIREP,4500.0,40.2547372,-75.7924561,2025-01-30 17:20:00,5.0,1,L,0.6
T,CL60,ASE UUA /OV DBL137044/TM 1749/FL170/TP CL60/TB SEV/RM WINDSHEAR UNKN SPD FLUCTUATION ZDVWC-26,SEV,202501301700-KMSC-UBUS01-PIREP,17000.0,38.90363050969262,-106.25235148293808,2025-01-30 17:49:00,5.0,1,M,0.8
T,A321,N38 UUA /OV SFK270015/TM 1828/FL350/TP A321/TB SEV CAT,SEV CAT,202501301800-KMSC-UBUS01-PIREP,35000.0,41.7,-77.75486132366679,2025-01-30 18:28:00,5.0,1,M,0.8
T,A321,ELM UUA /OV SFK/TM 1828/FL350/TP A321/TB SEV/RM QUICK JOLT OF SEVERE FOLLOWED BY MODERATE TURB,SEV,202501301800-KMSC-UBUS01-PIREP,35000.0,41.7,-77.42,2025-01-30 18:28:00,5.0,1,M,0.8
T,E545,DKK UUA /OV DKK180020/TM 1948/FL220/TP E545/TB SEV 220/RM DURD INTO BUF,SEV 220,202501311800-KMSC-UBUS01-PIREP,22000.0,42.15997966663967,-79.27204,2025-01-30 19:48:00,5.0,1,U,0.6
T,B737,PUB UUA /OV PUB270025/TM 2110/FL330/TP B737/TB CONT MOF BORDERLINE SEV/RM ZDVWC-29,CONT MOF BORDERLINE SEV,202501302100-KMSC-UBUS01-PIREP,33000.0,38.29,-105.02923665001852,2025-01-30 21:10:00,5.0,1,M,0.8
T,A320,TOP UUA /OV TOP200030/TM 2137/FL210/TP A320/TB SEV 210-170/RM ZKCFDC,SEV 210-170,202501302100-KMSC-UBUS01-PIREP,21000.0,38.60011563201785,-95.84028476995452,2025-01-30 21:37:00,5.0,1,M,0.8
T,BE20,EMP UUA /OV EMP/TM 2145/FL210/TP BE20/TB SEV/RM ZKCFDC,SEV,202501302100-KMSC-UBUS01-PIREP,21000.0,38.33056,-96.18972,2025-01-30 21:45:00,5.0,1,M,0.8
T,PAY2,EMP UUA /OV EMP040020/TM 2145/FL190/TP PAY2/TB SEV/RM ZKCFDC,SEV,202501302100-KMSC-UBUS01-PIREP,19000.0,38.585928830926974,-95.91655909703827,2025-01-30 21:45:00,5.0,1,L,0.6
F,E170,MLU UA /OV MLU300020/TM 2251/FL340/TP E170/TB SEV 340/RM ZFW,SEV 340,202501302200-KMSC-UBUS01-PIREP,34000.0,32.67754016668017,-92.38003801535324,2025-01-30 22:51:00,5.0,1,U,0.6
F,E170,MLU UA /OV MLU320020/TM 2301/FL360/TP E170/TB SEV 360/RM ZFW,SEV 360,202501302300-KMSC-UBUS01-PIREP,36000.0,32.76622883092698,-92.29179000850807,2025-01-30 23:01:00,5.0,1,U,0.6
T,CRJ2,TUL UUA /OV TUL350050/TM 2321/FL200/TP CRJ2/TB SEV CAT /RM DURD CONDITIONS IMPROVE BELOW FL180 ZKCFDC ZZ,SEV CAT,202501302300-KMSC-UBUS01-PIREP,20000.0,37.01912960209998,-96.0674441725153,2025-01-30 23:21:00,5.0,1,M,0.8
T,C560,ITH UUA /OV ITH/TM 0021/FL250/TP C560/TB SEV CAT 250/RM ZOB,SEV CAT 250,202501310000-KMSC-UBUS01-PIREP,25000.0,42.4910278,-76.4584444,2025-01-31 00:21:00,5.0,1,M,0.8
T,C560,ITH UUA /OV ITH/TM 0021/FL250/TP C560/TB CONS SEV CAT 250/RM SMOOTH AT FL230 NO DAMAGE OR INJURY,CONS SEV CAT 250,202501310000-KMSC-UBUS01-PIREP,25000.0,42.4910278,-76.4584444,2025-01-31 00:21:00,5.0,1,M,0.8
T,C560,ITH UUA /OV ITH/TM 0021/FL250/TP C560/TB SEV CAT/RM NO INJ/DMG ZOB,SEV CAT,202501310500-KMSC-UBUS01-PIREP,25000.0,42.4910278,-76.4584444,2025-01-31 00:21:00,5.0,1,M,0.8
T,E75L,GWO UUA /OV SQS315040/TM 0124/FL360/TP E75L/TB SEV/RM +/-1000FT/ZME,SEV,202501310100-KMSC-UBUS01-PIREP,36000.0,33.9314427045954,-90.8450954384208,2025-01-31 01:24:00,5.0,1,U,0.6
T,A359,ORF UUA /OV 3424N05908W/TM 0517/FL390/TP A359/TB SEV,SEV,202501310500-KMSC-UBUS01-PIREP,39000.0,34.4,-59.1333,2025-01-31 05:17:00,5.0,1,U,0.6
T,MU2,STL UUA /OV TOY020030/TM 1033/FL140/TP MU2/TB SEV/RM ZKCFDC,SEV,202501311000-KMSC-UBUS01-PIREP,14000.0,39.20988436798216,-89.70073679300127,2025-01-31 10:33:00,5.0,1,L,0.6
F,E75L,OXI UA /OV OXI200010/TM 1216/FL190/TP E75L/TB SEV,SEV,202501311200-KMSC-UBUS01-PIREP,19000.0,41.17356627733928,-86.74072348997196,2025-01-31 12:16:00,5.0,1,U,0.6
F,E75L,OXI UA /OV OXI200010/TM 1216/FL190/TP E75L/TB SEV 200-170,SEV 200-170,202501311200-KMSC-UBUS01-PIREP,19000.0,41.17356627733928,-86.74072348997196,2025-01-31 12:16:00,5.0,1,U,0.6
T,C172,BZN UUA /OV 9S5090003 /TM 1552 /FL050 /TP C172 /TB SEV,SEV,202501311500-KMSC-UBUS01-PIREP,5000.0,45.8827,-111.49006847581836,2025-01-31 15:52:00,5.0,1,L,0.6
T,C41,MPG UUA /OV AIR26020/TM 1604/FL190/TP C41/TB SEV CAT/IC RIME 190/RM NO DAMAGE OR INJURIES / ZOB,SEV CAT,202501311600-KMSC-UBUS01-PIREP,19000.0,40.02,-80.82,2025-01-31 16:04:00,5.0,1,U,0.6
F,UNKN,ACV UA /OV ACV/TM 1618/FL020/TP UNKN/TB SEV/RM DURD RWY 32 020-015...ZSE,SEV,202501311600-KMSC-UBUS01-PIREP,2000.0,40.97811,-124.10861,2025-01-31 16:18:00,5.0,1,U,0.6
T,C550,ELZ UUA /OV ELZ31010/TM 1735/FL290/TP C550/TB SEV/RM ZOB,SEV,202501311800-KMSC-UBUS01-PIREP,29000.0,42.1077634,-77.9842252,2025-01-31 17:35:00,5.0,1,L,0.6
T,CL30,ELZ UUA /OV KELZ/TM 1756/FL230/TP CL30/TB SEV/RM ZOB,SEV,202501311800-KMSC-UBUS01-PIREP,23000.0,42.1077634,-77.9842252,2025-01-31 17:56:00,5.0,1,U,0.6
T,C525,DUJ UUA /OV CIP180040/TM 1757/FL100/TP C525/TB SEV/RM NO DAMAGE NO INJURIES,SEV,202501311800-KMSC-UBUS01-PIREP,10000.0,40.48327933327933,-79.46,2025-01-31 17:57:00,5.0,1,L,0.6
T,CRJ9,ELM UUA /OV ULW/TM 1758/FL260/TP CRJ9/TB SEV,SEV,202501311800-KMSC-UBUS01-PIREP,26000.0,42.09,-77.02,2025-01-31 17:58:00,5.0,1,U,0.6
T,B350,BFD UUA /OV TDT/TM 1803/FL160/TP B350/TB SEV/RM ZOB,SEV,202501311800-KMSC-UBUS01-PIREP,16000.0,41.71,-79.42,2025-01-31 18:03:00,5.0,1,M,0.8
T,E75L,LOZ UUA /OV AZQ090038/TM 1831/FL330/TP E75L/TB SEV/RM NO DAMAGE AND NO INJURIES +/ 45 KTS,SEV,202501311800-KMSC-UBUS01-PIREP,33000.0,37.39,-82.4628090637116,2025-01-31 18:31:00,5.0,1,U,0.6
T,A332,MIA UUA /OV 2558M05334W/TM 1850/FL400/TP A332/TB SEV,SEV,202501311900-KMSC-UBUS01-PIREP,40000.0,25.78805,-80.31693,2025-01-31 18:50:00,5.0,1,H,1.0
T,A332,MIA UUA /OV 2558N 5334W /TM 1850/FL400/TP A332/TB SEV,SEV,202501311900-KMSC-UBUS01-PIREP,40000.0,25.9666,-53.5666,2025-01-31 18:50:00,5.0,1,H,1.0
T,A332,MIA UUA /OV 2558N5334W/TM 1850/FL400/TP A332/TB SEV,SEV,202501311900-KMSC-UBUS01-PIREP,40000.0,25.9666,-53.5666,2025-01-31 18:50:00,5.0,1,H,1.0
T,B737,RIC UUA /OV BRV230012/TM 2110/FL140/TP B737/TB SEV,SEV,202501312100-KMSC-UBUS01-PIREP,14000.0,38.211432064893,-77.54534974170372,2025-01-31 21:10:00,5.0,1,M,0.8
T,B737,IAD UUA /OV BRV220008/TM 2113/FL140/TP B737/TA B737/TB SEV,SEV,202501312100-KMSC-UBUS01-PIREP,14000.0,38.23785246762922,-77.4592785974761,2025-01-31 21:13:00,5.0,1,M,0.8
F,TBM9,LYH UA /OV 20 N LYH/TM 2158/FL130/TP TBM9/TB SEV,SEV,202501312200-KMSC-UBUS01-PIREP,13000.0,37.65416033336033,-79.2067,2025-01-31 21:58:00,5.0,1,U,0.6
F,C56X,RIC UA /OV 25 NW RIC/TM 2200/FL120/TP C56X/TB MDT-SEV,MDT-SEV,202501312200-KMSC-UBUS01-PIREP,12000.0,37.75050954003702,-77.75367719484723,2025-01-31 22:00:00,5.0,1,M,0.8
T,TBM9,CHO UUA /OV 15 NW FVX/TM 2204/FL080/TP TBM9/SK BASES 065 OVC /TA MINUS 5/WV PLUS AND MINUS 25KTS /TB MDT-SEV/IC LIGHT CLEAR,MDT-SEV,202501312200-KMSC-UBUS01-PIREP,8000.0,37.50093572402221,-78.6954697262293,2025-01-31 22:04:00,5.0,1,U,0.6
T,SF50,RGA UUA /OV RGA120015/TM 2319/FL109/TP SF50/TB SEV 125-115,SEV 125-115,202501312300-KMSC-UBUS01-PIREP,10900.0,37.50648987498988,-84.058995400199,2025-01-31 23:19:00,5.0,1,U,0.6
T,E145,RIC UUA /OV FAK030030/TM 2345/FL160/TP E145/TB SEV,SEV,202501312300-KMSC-UBUS01-PIREP,16000.0,37.96304777595615,-77.51472966206718,2025-01-31 23:45:00,5.0,1,M,0.8
T,P28A,SLC UUA /OV HIF196005/TM 2355/FL060/TP P28A/TB SEV,SEV,202501312300-KMSC-UBUS01-PIREP,6000.0,41.04382837014887,-112.00353513632837,2025-01-31 23:55:00,5.0,1,L,0.6
F,E75L,SBN UA /OV GSH270015/TM 1906/FL140/TP E75L/TB NEG/IC NEG,NEG,202501021900-KMSC-UBUS01-PIREP,14000.0,41.52722,-86.1261855503342,2025-01-02 19:06:00,0.0,0,U,0.6
F,P46T,C75 UA /OV BDF340030/TM 1350/FL270/TP P46T/TA M40/TB LGT CHOP/IC NEG,LGT CHOP,202501311300-KMSC-UBUS01-PIREP,27000.0,41.62988436798215,-89.81716124120182,2025-01-31 13:50:00,1.0,0,L,0.6
F,B738,BDL UA /OV BDL310010/TM 2239/FL062/TP B738/TB INTMT LGT CHOP/RM DURC,INTMT LGT CHOP,202501042200-KMSC-UBUS01-PIREP,6200.0,42.045239945922496,-72.85414945508565,2025-01-04 22:39:00,1.0,0,M,0.8
F,B350,AHN UA /OV AHN/TM 1846/FL200/TP B350/TB NEG 0-200/IC NEG/RM ZTLFD-16,NEG 0-200,202501121800-KMSC-UBUS01-PIREP,20000.0,33.9486,-83.32635,2025-01-12 18:46:00,0.0,0,M,0.8
F,B190,CDB UA /OV CDB330010-CDB /TM 1845 /FL000 /TP B190 /TB NEG /IC LGTRIME 200-160/NEG BLO /RM DURD NEG LLWS RWY IN SIGHT 005 (AKFSS),NEG,202501241800-KMSC-UBUS01-PIREP,0.0,55.34434925865205,-162.866027864167,2025-01-24 18:45:00,0.0,0,M,0.8
F,A321,PIA UA /OV PIA180020/TM 1624/FL340/TP A321/TB CONS LGT CHOP,CONS LGT CHOP,202501281600-KMSC-UBUS01-PIREP,34000.0,40.33413966663967,-89.6839,2025-01-28 16:24:00,1.0,0,M,0.8
F,A321,SYR UA /OV SYR/TM 1205/FL110/TP A321/SK OVC-TOP110/TB LGT BLO 110/IC NEG,LGT BLO 110,202501281200-KMSC-UBUS01-PIREP,11000.0,43.11119,-76.10631,2025-01-28 12:05:00,1.0,0,M,0.8
F,B712,GZH UA /OV MVC/TM 1243/FL250/TP B712/TB NEG/RM ZTLFD-11,NEG,202501241200-KMSC-UBUS01-PIREP,25000.0,31.45,-87.35,2025-01-24 12:43:00,0.0,0,M,0.8
F,E190,BDR UA /OV BDR/TM 1209/FL210/TP E190/TB OCNL LGT CHOP,OCNL LGT CHOP,202501291200-KMSC-UBUS01-PIREP,21000.0,41.15833,-73.12889,2025-01-29 12:09:00,1.0,0,U,0.6
F,A320,CLT UA /OV CLT/TM 1855/FL170/TP A320/TB LGT/RM ZTLFD-29,LGT,202501061900-KMSC-UBUS01-PIREP,17000.0,35.22255,-80.95431,2025-01-06 18:55:00,1.0,0,M,0.8
F,P28A,BJC UA /OV BJC FA 30R/TM 1839/FL060/TP P28A/TB LGT CHOP/RM NEG LLWS,LGT CHOP,202501111800-KMSC-UBUS01-PIREP,6000.0,39.90881,-105.11719,2025-01-11 18:39:00,1.0,0,L,0.6
F,E75S,ALB UA /OV CAM/TM 2357/FL290/TP E75S/TB CONS LGT CHOP 290,CONS LGT CHOP 290,202501310000-KMSC-UBUS01-PIREP,29000.0,42.99,-73.34,2025-01-30 23:57:00,1.0,0,U,0.6
F,B739,UES UA /OV BAE/TM 0314/FL300/TP B739/TB CONS LGT CHOP,CONS LGT CHOP,202501140300-KMSC-UBUS01-PIREP,30000.0,43.12,-88.28,2025-01-14 03:14:00,1.0,0,M,0.8
F,B738,CYS UA /OV CYS270020/TM 2337/FL250/TP B738/TB CONS LGT CHOP/RM ZDVWC-34,CONS LGT CHOP,202501022300-KMSC-UBUS01-PIREP,25000.0,41.15564,-105.2532239054393,2025-01-02 23:37:00,1.0,0,M,0.8
F,P28A,LUF UA /OV E63-E25 /TM 1809 /FL045 /TP P28A /TB OCNL LGT CHOP BLO 045 /RM DURD,OCNL LGT CHOP BLO 045,202501101800-KMSC-UBUS01-PIREP,4500.0,33.465,-112.73,2025-01-10 18:09:00,1.0,0,L,0.6
F,B787,SIT UA /OV BKA199158/TM 1018/FL360/TP B787/TB NEG/RM SMOOTH/ ZAN,NEG,202501161000-KMSC-UBUS01-PIREP,36000.0,54.36993273827461,-137.11835527675478,2025-01-16 10:18:00,0.0,0,U,0.6
F,BE99,RIL UA /OV KRIL/TM 1526/FL001/TP BE99/SK SKC/TB NEG/IC NEG/RM ZDVWC-11,NEG,202501141500-KMSC-UBUS01-PIREP,100.0,39.52631,-107.72694,2025-01-14 15:26:00,0.0,0,L,0.6
F,DH8D,BTT UA /OV BTT010060/TM 0045/FL250/TP DH8D/TB LGT CHOP/RM LENTICULAR CLOUD /ZAN/,LGT CHOP,202501150100-KMSC-UBUS01-PIREP,25000.0,67.89488752251997,-151.07718353464452,2025-01-15 00:45:00,1.0,0,M,0.8
F,B39M,LAR UA /OV MBW/TM 1714/FL350/TP B39M/TB NEG/RM ZDVWC-,NEG,202501311700-KMSC-UBUS01-PIREP,35000.0,41.85,-106.0,2025-01-31 17:14:00,0.0,0,U,0.6
F,C208,OTH UA /OV OTH/TM 1720/FL030/TP C208/SK 013 BASE/TB LGT CHOP/RM 030-010 DURD VOR-B...ZSE,LGT CHOP,202501031700-KMSC-UBUS01-PIREP,3000.0,43.419462,-124.243737,2025-01-03 17:20:00,1.0,0,L,0.6
F,A320,MBPV UA /OV PVN335090/TM 2303/FL380/TP A320/TB OCNL LGT CHOP,OCNL LGT CHOP,202501272300-KMSC-UBUS01-PIREP,38000.0,23.129571797061217,-72.94266640844674,2025-01-27 23:03:00,1.0,0,M,0.8
F,E75,CRW UA /OV AZQ/TM 1833/FL330/TP E75/TB NEG,NEG,202501281800-KMSC-UBUS01-PIREP,33000.0,37.39,-83.26,2025-01-28 18:33:00,0.0,0,U,0.6
F,PC12,BTV UA /OV BTV/TM 1423/FL210/TP PC12/TA M27/TB LGT CHOP/IC NEG,LGT CHOP,202501111400-KMSC-UBUS01-PIREP,21000.0,44.47,-73.15,2025-01-11 14:23:00,1.0,0,L,0.6
F,B777,SUX UA /OV SUX/TM 0945/FL370/TP B777/TB INTMT LGT CHOP,INTMT LGT CHOP,202501051000-KMSC-UBUS01-PIREP,37000.0,42.391678,-96.379478,2025-01-05 09:45:00,1.0,0,H,1.0
F,414,FMM UA /OV FMM/TM 1600/FL250/TP 414/TB NEG/IC NEG/RM VMC. ZDVWC-15,NEG,202501261600-KMSC-UBUS01-PIREP,25000.0,40.334,-103.8041,2025-01-26 16:00:00,0.0,0,U,0.6
F,CRJ7,TTF UA /OV CRL108025/TM 1223/FL070/TP CRJ7/SK TOP 070/TB NEG/IC NEG/RM ZOB,NEG,202501131200-KMSC-UBUS01-PIREP,7000.0,41.92123248967645,-82.92629859149376,2025-01-13 12:23:00,0.0,0,M,0.8
F,B737,RQB UA /OV RQB/TM 1803/FL370/TP B737/TB CONS LGT,CONS LGT,202501301800-KMSC-UBUS01-PIREP,37000.0,43.72263,-85.50407,2025-01-30 18:03:00,1.0,0,M,0.8
F,B752,IND UA /OV LCK/TM 1735/FL180/TP B752/TB NEG,NEG,202501121700-KMSC-UBUS01-PIREP,18000.0,39.81378,-82.92781,2025-01-12 17:35:00,0.0,0,M,0.8
F,B38M,FOD UA /OV FOD/TM 1310/FL390/TP B38M/TB OCNL-CONS LGT CHOP,OCNL-CONS LGT CHOP,202501291300-KMSC-UBUS01-PIREP,39000.0,42.549741,-94.203203,2025-01-29 13:10:00,1.0,0,U,0.6
F,H25B,PBI UA /OV PBI260050/TM 2242/FL220/TP H25B/SK IMC 150 /TB LGT CHOP`/IC NEG,LGT CHOP`,202501202200-KMSC-UBUS01-PIREP,22000.0,26.539981464013845,-81.0179758886061,2025-01-20 22:42:00,1.0,0,M,0.8
F,GLF4,DTW UA /OV PTK120010/TM 2011/FL030/TP GLF4/WX VMC/TB NEG/IC NEG,NEG,202501152000-KMSC-UBUS01-PIREP,3000.0,42.58215991665992,-83.2237726679267,2025-01-15 20:11:00,0.0,0,M,0.8
F,A20N,GRD UA /OV GRD/TM 1553/FL230/TP A20N/TB OCNL LGT CHOP/IC NEG/RM ZTLFD 31,OCNL LGT CHOP,202501161600-KMSC-UBUS01-PIREP,23000.0,34.25,-82.16,2025-01-16 15:53:00,1.0,0,U,0.6
F,CRJ7,SYR UA /OV SYR/TM 1935/FL060/TP CRJ7/SK OVC060-TOP068/TA M09/TB NEG/IC TRACE RIME 068-060,NEG,202501121900-KMSC-UBUS01-PIREP,6000.0,43.11119,-76.10631,2025-01-12 19:35:00,0.0,0,M,0.8
F,C130,CEZ UA /OV DVC/TM 2246/FL260/TP C130/TB NEG/RM ZDVWC,NEG,202501082255-KWBC-UBUS31-PRCUS,26000.0,37.81,-108.93,2025-01-08 22:46:00,0.0,0,M,0.8
T,CL60,BED UUA /OV BED/TM 2144/FL010/TP CL60/TB LGT CHOP/RM LLWS +10 010-008/+5KT BLO 008 DURD RY 29,LGT CHOP,202501262100-KMSC-UBUS01-PIREP,1000.0,42.46995,-71.28903,2025-01-26 21:44:00,1.0,0,M,0.8
F,B763,IND UA /OV FLM170025/TM 1122/FL150/TP B763/TB NEG 240-150,NEG 240-150,202501211100-KMSC-UBUS01-PIREP,15000.0,38.23963019895001,-84.2173476107623,2025-01-21 11:22:00,0.0,0,H,1.0
F,B737,DBQ UA /OV DBQ/TM 2336/FL400/TP B737/TB CONS LGT/RM LGT WAVE ACTION +20 KTS,CONS LGT,202501282300-KMSC-UBUS01-PIREP,40000.0,42.39835,-90.709143,2025-01-28 23:36:00,1.0,0,M,0.8
F,B789,JMS UA /OV JMS/TM 0046/FL370/TP B789/TB CONS LGT CHOP,CONS LGT CHOP,202501290000-KMSC-UBUS01-PIREP,37000.0,46.93,-98.68,2025-01-29 00:46:00,1.0,0,U,0.6
F,C25A,LCI UA /OV LCI/TM 1507/FL320/TP C25A/TB NEG 240-320 DURC,NEG 240-320 DURC,202501151500-KMSC-UBUS01-PIREP,32000.0,43.57348238,-71.42154495,2025-01-15 15:07:00,0.0,0,L,0.6
F,A321,AND UA /OV ELW/TM 0027/FL260/TP A321/TB LGT CHOP/IC NEG/RM ZTLFD-32,LGT CHOP,202501190000-KMSC-UBUS01-PIREP,26000.0,34.42,-82.78,2025-01-19 00:27:00,1.0,0,M,0.8
F,A320,ALS UA /OV ALS095055/TM 2328/FL360/TP A320/TB CONS LGT CHOP/RM LGT MTN WAVE +/-10KT ZDVWC,CONS LGT CHOP,202501172345-KWBC-UBUS31-PRCUS,36000.0,37.35899076449428,-104.7112011612851,2025-01-17 23:28:00,1.0,0,M,0.8
F,B739,CTJ UA /OV CTJ/TM 2249/FL180/TP B739/TB OCNL LGT CHOP/RM ZTLFD 04,OCNL LGT CHOP,202501072300-KMSC-UBUS01-PIREP,18000.0,33.6316964,-85.1522641,2025-01-07 22:49:00,1.0,0,M,0.8
F,A319,DEN UA /OV DEN/TM 0331/FL070/TP A319/TB NEG TB ON FINAL RWY35L,NEG TB ON FINAL RWY35L,202501260300-KMSC-UBUS01-PIREP,7000.0,39.8328,-104.6575,2025-01-26 03:31:00,0.0,0,M,0.8
F,PC12,ICR UA /OV ISD300020/TM 2127/FL080/TP PC12/SK BASE080-TOP137/TA M08/TB LGT CHOP/IC MOD RIME,LGT CHOP,202501152100-KMSC-UBUS01-PIREP,8000.0,43.65668016668017,-100.15793343313372,2025-01-15 21:27:00,1.0,0,L,0.6
F,B737,ALB UA /OV ALB 100005/TM 2120/FL010/TP B737/WV +/- 8 KTS/TB LGT CHOP/RM DURD RWY28,LGT CHOP,202501092100-KMSC-UBUS01-PIREP,1000.0,42.74309814640139,-73.69182807184764,2025-01-09 21:20:00,1.0,0,M,0.8
F,B752,MBG UA /OV DPR/TM 1438/FL340/TP B752/TB NEG,NEG,202501201400-KMSC-UBUS01-PIREP,34000.0,45.08,-101.72,2025-01-20 14:38:00,0.0,0,M,0.8
F,C525,CPR UA /OV CPR030007/TM 1840/FL110/TP C525/WX IMC/TA M12/TB LGT CHOP/IC NEG/RM DURC,LGT CHOP,202501171800-KMSC-UBUS01-PIREP,11000.0,43.00904448105644,-106.38477192849614,2025-01-17 18:40:00,1.0,0,L,0.6
F,F2TH,BUF UA /OV BUF240020/TM 0959/FL120/TP F2TH/TB NEG/IC NEG/RM ZOB,NEG,202501201000-KMSC-UBUS01-PIREP,12000.0,42.77411983331984,-79.1301656471434,2025-01-20 09:59:00,0.0,0,M,0.8
F,B737,ASE UA /OV DBL/TM 2326/FL360/TP B737/TB INTMT LGT CHOP/RM ZDVWC-,INTMT LGT CHOP,202501272300-KMSC-UBUS01-PIREP,36000.0,39.44,-106.9,2025-01-27 23:26:00,1.0,0,M,0.8
F,B190,JNU UA /OV JNU /TM 1946 /FL060 /TP B190 /TB LGT CHOP /RM DURC TO THE WEST TB UP TO 060 (JNUT) (AKFSS,LGT CHOP,202501311955-KWBC-UBUS31-PRCUS,6000.0,58.35,-134.57,2025-01-31 19:46:00,1.0,0,M,0.8
F,E170,TRI UA /OV HMV271035/TM 1225/FL280/TP E170/TB CONS LGT CHOP/RM ZTLFD-42,CONS LGT CHOP,202501181200-KMSC-UBUS01-PIREP,28000.0,36.45018139504877,-82.85505497603212,2025-01-18 12:25:00,1.0,0,U,0.6
F,B738,ATL UA /OV ATL350060/TM 1521/FL360/TP B738/TB OCNL LGT CHOP/RM ZTLFD-40,OCNL LGT CHOP,202501281500-KMSC-UBUS01-PIREP,36000.0,34.61498752251997,-84.65037062411207,2025-01-28 15:21:00,1.0,0,M,0.8
F,B738,RKS UA /OV OCS109153/TM 1503/FL230/TP B738/TB NEG/RM ZDVWC,NEG,202501241510-KWBC-UBUS31-PRCUS,23000.0,40.75973395996471,-105.79600926524542,2025-01-24 15:03:00,0.0,0,M,0.8
F,GLF5,MDQ UA /OV RQZ090040/TM 1316/FL410/TP GLF5/TB NEG/RM MOSTLY SMOOTH ZTLFD 02,NEG,202501301300-KMSC-UBUS01-PIREP,41000.0,34.8,-85.8180639239438,2025-01-30 13:16:00,0.0,0,M,0.8
F,C172,PAQ UA /OV PAQ270003 /TM 2049 /FL015 /TP C172 /TB CONS LGT-OCNLMOD CHOP /RM 005 SMTH AIR DURC (AKFSS),CONS LGT-OCNLMOD CHOP,202501182000-KMSC-UBUS01-PIREP,1500.0,61.59,-149.18509960199356,2025-01-18 20:49:00,1.0,0,L,0.6
F,B74,MGM UA /OV MGM/TM 1208/FL350/TP B74/TB NEG/RM ZTLFD-08,NEG,202501171200-KMSC-UBUS01-PIREP,35000.0,32.30064,-86.39397,2025-01-17 12:08:00,0.0,0,U,0.6
F,PC12,FAR UA /OV FAR125040/TM 0128/FL153/TP PC12/SK BASE120-TOP140 / BASE150-TOP153/TA M10/TB NEG/IC LGT-MOD MX 120-140 / 150-153,NEG,202501170100-KMSC-UBUS01-PIREP,15300.0,46.54286473594077,-96.01142574614808,2025-01-17 01:28:00,0.0,0,L,0.6
F,B738,GAG UA /OV MMB/TM 0057/FL310/TP B738/TB LGT CHOP/RM ZKC FDC ZZ,LGT CHOP,202501230100-KMSC-UBUS01-PIREP,31000.0,36.34,-99.88,2025-01-23 00:57:00,1.0,0,M,0.8
F,B77W,PASY UA /OV 5305N17315W/TM 0306/FL320/TP B77W/TB NEG/RM ZAN,NEG,202501130300-KMSC-UBUS01-PIREP,32000.0,53.833,-173.25,2025-01-13 03:06:00,0.0,0,U,0.6
F,E75S,BGM UA /OV DNY/TM 2025/FL270/TP E75S/TB CONT LGT CHOP,CONT LGT CHOP,202501052000-KMSC-UBUS01-PIREP,27000.0,42.18,-74.96,2025-01-05 20:25:00,1.0,0,U,0.6
F,B38M,HON UA /OV HON/TM 1605/FL380/TP B38M/TB LGT CHOP,LGT CHOP,202501211600-KMSC-UBUS01-PIREP,38000.0,44.38519,-98.22856,2025-01-21 16:05:00,1.0,0,U,0.6
F,C402,AVP UA /OV AVP070020/TM 1645/FL060/TP C402/SK VMC @ 060/TB LGT CHOP/IC NEG,LGT CHOP,202501181600-KMSC-UBUS01-PIREP,6000.0,41.447485948995,-75.30548364696034,2025-01-18 16:45:00,1.0,0,L,0.6
F,B762,SDF UA /OV IIU360030/TM 2225/FL180/TP B762/TB NEG,NEG,202501242200-KMSC-UBUS01-PIREP,18000.0,38.6000405000405,-85.58,2025-01-24 22:25:00,0.0,0,H,1.0
F,B39M,SYI UA /OV SYI090020/TM 2319/FL320/TP B39M/TB OCNL LGT CHOP/RM ZME,OCNL LGT CHOP,202501152300-KMSC-UBUS01-PIREP,32000.0,35.5594,-86.03272128433451,2025-01-15 23:19:00,1.0,0,U,0.6
F,B739,AHN UA /OV AHN180020/TM 1919/FL210/TP B739/TB NEG/RM ZTLFD-49,NEG,202501111900-KMSC-UBUS01-PIREP,21000.0,33.61523966663967,-83.32635,2025-01-11 19:19:00,0.0,0,M,0.8
F,B38M,CMH UA /OV MXQ310015/TM 0037/FL340/TP B38M/TB LGT CHOP,LGT CHOP,202501090000-KMSC-UBUS01-PIREP,34000.0,39.59070991888375,-84.04796264191747,2025-01-09 00:37:00,1.0,0,U,0.6
F,B739,LBL UA /OV LBL/TM 1651/FL350/TP B739/TB INTMT LGT CHOP/RM /ZKC FDC/AF,INTMT LGT CHOP,202501101600-KMSC-UBUS01-PIREP,35000.0,37.04422,-100.95986,2025-01-10 16:51:00,1.0,0,M,0.8
F,E75S,YNG UA /OV YNG/TM 2340/FL330/TP E75S/TB CONS LGT CHOP/RM ZOB,CONS LGT CHOP,202501042300-KMSC-UBUS01-PIREP,33000.0,41.25444,-80.67389,2025-01-04 23:40:00,1.0,0,U,0.6
F,B738,PWK UA /OV EON/TM 1703/FL160/TP B738/TB NEG,NEG,202501291700-KMSC-UBUS01-PIREP,16000.0,41.27,-87.79,2025-01-29 17:03:00,0.0,0,M,0.8
F,B350,AHN UA /OV AHN/TM 1340/FL190/TP B350/TB NEG/RM ZTLFD-16,NEG,202501281300-KMSC-UBUS01-PIREP,19000.0,33.9486,-83.32635,2025-01-28 13:40:00,0.0,0,M,0.8
F,B752,MYNN UA /OV ZQA020100/TM 1655/FL370/TP B752/TB NEG,NEG,202501171600-KMSC-UBUS01-PIREP,37000.0,26.566281226607178,-76.82098659734686,2025-01-17 16:55:00,0.0,0,M,0.8
F,B788,OMN UA /OV OMN100135/TM 0025/FL370/TP B788/TB NEG,NEG,202501170000-KMSC-UBUS01-PIREP,37000.0,28.90981995283738,-78.57251704987425,2025-01-17 00:25:00,0.0,0,U,0.6
F,A306,SDF UA /OV IIU190010/TM 2258/FL110/TP A306/SK SKC/TB NEG CHOP/IC NEG,NEG CHOP,202501222300-KMSC-UBUS01-PIREP,11000.0,37.93585207958001,-85.61678030128218,2025-01-22 22:58:00,0.0,0,H,1.0
F,E75L,DSV UA /OV GEE150020/TM 1600/FL280/TP E75L/TB CONS LGT/RM ZOB,CONS LGT,202501091600-KMSC-UBUS01-PIREP,28000.0,42.5413014826959,-77.5027214701297,2025-01-09 16:00:00,1.0,0,U,0.6
F,B737,ATL UA /OV ATL020079/TM 2304/FL150/TP B737/SK TOP110/TB LGT CHOP/IC NEG/RM ZTLFD 41,LGT CHOP,202501062300-KMSC-UBUS01-PIREP,15000.0,34.86746216901967,-83.90090815178611,2025-01-06 23:04:00,1.0,0,M,0.8
F,E75L,SPA UA /OV SPA/TM 1302/FL340/TP E75L/TB OCNL LGT/RM ZTLFD 32,OCNL LGT,202501021300-KMSC-UBUS01-PIREP,34000.0,34.9157222,-81.9565,2025-01-02 13:02:00,1.0,0,U,0.6
F,B737,LEX UA /OV FLM/TM 0149/FL370/TP B737/TB NEG,NEG,202501230100-KMSC-UBUS01-PIREP,37000.0,38.65,-84.31,2025-01-23 01:49:00,0.0,0,M,0.8
F,B738,SDF UA /OV IIU330040/TM 2239/FL360/TP B738/TB CONS LGT,CONS LGT,202501262200-KMSC-UBUS01-PIREP,36000.0,38.6773970346082,-86.0036186267698,2025-01-26 22:39:00,1.0,0,M,0.8
F,GLF6,ORD UA /OV ORD045020/TM 0011/FL030/TP GLF6/SK BKN040-TOP045/TB NEG/IC NEG,NEG,202501020000-KMSC-UBUS01-PIREP,3000.0,42.223261352297705,-87.61479772316392,2025-01-02 00:11:00,0.0,0,U,0.6
F,B737,JNU UA /OV JNU /TM 2104 /FL090 /TP B737 /TA UNKN /TB NEG /IC LGTRIME 090-030 /RM DURD RY26 BROKE OUT 008 JNUT (AKFSS),NEG,202501172100-KMSC-UBUS01-PIREP,9000.0,58.35,-134.57,2025-01-17 21:04:00,0.0,0,M,0.8
F,C68A,CSG UA /OV CSG090030/TM 1826/FL430/TP C68A/TB CONS LGT/RM ZTLFD-27,CONS LGT,202501211800-KMSC-UBUS01-PIREP,43000.0,32.51611,-84.34922121049374,2025-01-21 18:26:00,1.0,0,U,0.6
F,B38M,CAK UA /OV BSV280010/TM 2204/FL170/TP B38M/L/TB OCNL LGT CHOP 210-170/IC NEG/RM ZOB,OCNL LGT CHOP 210-170,202501122200-KMSC-UBUS01-PIREP,17000.0,40.76894370719723,-81.64664575880622,2025-01-12 22:04:00,1.0,0,U,0.6
F,SF34,FAI UA /OV PAFA180003 /TM 2130 /FL018 /TP SF34 /WX -SN /TA M20 /TBNEG /RM DURC TOP A018 FAI ATCT (AKFSS),NEG,202501292200-KMSC-UBUS01-PIREP,1800.0,64.75388594999595,-147.87611,2025-01-29 21:30:00,0.0,0,M,0.8
F,A333,HYS UA /OV HYS150030/TM 2058/FL390/TP A333/TB LGT/RM ZKC/FDC/CW,LGT,202501152100-KMSC-UBUS01-PIREP,39000.0,38.40917222404385,-98.95216865614576,2025-01-15 20:58:00,1.0,0,H,1.0
F,B752,BHM UA /OV VUZ/TM 1839/FL340/TP B752/TB OCNL LGT CHOP/RM ZTLFD-03,OCNL LGT CHOP,202501011800-KMSC-UBUS01-PIREP,34000.0,33.67,-86.9,2025-01-01 18:39:00,1.0,0,M,0.8
F,B738,DEN UA /OV DEN311060/TM 2222/FL240/TP B738/SK SKC/TB OCNL LGT CHOP BLO 260/IC NEG/RM ZDVWC-,OCNL LGT CHOP BLO 260,202501232200-KMSC-UBUS01-PIREP,24000.0,40.48891216982499,-105.64038064411878,2025-01-23 22:22:00,1.0,0,M,0.8
F,C56X,CEZ UA /OV DVC260025/TM 1546/FL400/TP C56X/TB NEG/RM ZDVWC-24,NEG,202501211500-KMSC-UBUS01-PIREP,40000.0,37.73764073200692,-109.44942386610457,2025-01-21 15:46:00,0.0,0,M,0.8
F,B78M,SGJ UA /OV SGJ/TM 1251/FL390/TP B78M/TB INTMT LGT CHOP,INTMT LGT CHOP,202501131200-KMSC-UBUS01-PIREP,39000.0,29.95925,-81.33972,2025-01-13 12:51:00,1.0,0,U,0.6
F,GLF5,AHN UA /OV AHN270020/TM 1214/FL180/TP GLF5/TB CONS LGT CHOP /IC NEG/RM ZTLFD-49,CONS LGT CHOP,202501061200-KMSC-UBUS01-PIREP,18000.0,33.9486,-83.72821221190149,2025-01-06 12:14:00,1.0,0,M,0.8
F,B787,CLT UA /OV CLT168020/TM 1009/FL380/TP B787/TB NEG/RM ZTLFD 33,NEG,202501311000-KMSC-UBUS01-PIREP,38000.0,34.896474389743766,-80.86946731895847,2025-01-31 10:09:00,0.0,0,U,0.6
F,E75L,MKG UA /OV MKG270025/TM 1427/FL120/TP E75L/TB NEG/IC NEG/RM SMOOTH,NEG,202501121400-KMSC-UBUS01-PIREP,12000.0,43.17111,-86.80802964423798,2025-01-12 14:27:00,0.0,0,U,0.6
F,E75L,HYR UA /OV HYR/TM 2002/FL360/TP E75L/TB CONS LGT CHOP,CONS LGT CHOP,202501042000-KMSC-UBUS01-PIREP,36000.0,46.02528,-91.44425,2025-01-04 20:02:00,1.0,0,U,0.6
F,C208,BET UA /OV BET/TM 2048/FL040/TP C208/TA M10/TB NEG/IC NEG/RM ZAN,NEG,202501252000-KMSC-UBUS01-PIREP,4000.0,60.77,-161.83,2025-01-25 20:48:00,0.0,0,L,0.6
F,A319,DRO UA /OV DRO/TM 2102/FL230/TP A319/TB OCNL LGT CHOP/IC NEG/RM DURC ZDVWC-36,OCNL LGT CHOP,202501062100-KMSC-UBUS01-PIREP,23000.0,37.15152,-107.75377,2025-01-06 21:02:00,1.0,0,M,0.8
F,170,TTF UA /OV CRL/TM 2350/FL350/TP 170/TB CONS LGT 350/RM ZOB,CONS LGT 350,202501182300-KMSC-UBUS01-PIREP,35000.0,42.05,-83.46,2025-01-18 23:50:00,1.0,0,U,0.6
F,A321,UES UA /OV CGT/TM 1126/FL350/TP A321/TB OCNL LGT CHOP,OCNL LGT CHOP,202501271100-KMSC-UBUS01-PIREP,35000.0,41.51,-87.57,2025-01-27 11:26:00,1.0,0,M,0.8
F,B737,MTJ UA /OV MTJ240040/TM 1742/FL370/TP B737/TB OCNL LGT CHOP/RM ZVDWC-65,OCNL LGT CHOP,202501111700-KMSC-UBUS01-PIREP,37000.0,38.17163966663967,-108.63533682738095,2025-01-11 17:42:00,1.0,0,M,0.8
F,P28A,MWA UA /OV MWA/TM 1757/FL040/TP P28A/TB NEG/RM ZKCFDC,NEG,202501021700-KMSC-UBUS01-PIREP,4000.0,37.75497,-89.01108,2025-01-02 17:57:00,0.0,0,L,0.6
F,CRJ9,SAV UA /OV SAV360060/TM 1851/FL200/TP CRJ9/TA M22/TB LGT/IC LGT CLR,LGT,202501241800-KMSC-UBUS01-PIREP,20000.0,33.131448510081,-81.20230227,2025-01-24 18:51:00,1.0,0,U,0.6
F,B190,RAP UA /OV RAP/TM 1500/FL210/TP B190/TB OCNL LGT CHOP/RM ZDVWC-31,OCNL LGT CHOP,202501291500-KMSC-UBUS01-PIREP,21000.0,44.04533,-103.05736,2025-01-29 15:00:00,1.0,0,M,0.8
F,A319,DEN UA /OV DEN210068/TM 1402/FL270/TP A319/TB LGT/RM ZDVWC-26,LGT,202501221400-KMSC-UBUS01-PIREP,27000.0,38.85122504116607,-105.3954867871421,2025-01-22 14:02:00,1.0,0,M,0.8
F,E75L,ALB UA /OV ALB/TM 1507/FL035/TP E75L/SK BASES035/TB NEG/IC NEG/RM DURD RNAV 28,NEG,202501051500-KMSC-UBUS01-PIREP,3500.0,42.75757,-73.80361,2025-01-05 15:07:00,0.0,0,U,0.6
F,A321,SDF UA /OV EWO110050/TM 2207/FL300/TP A321/TB CONS LGT CHOP,CONS LGT CHOP,202501192200-KMSC-UBUS01-PIREP,30000.0,37.34496012751252,-84.69114871711317,2025-01-19 22:07:00,1.0,0,M,0.8
F,B748,"ANC UA /OV TED160015/TM 0044/FL095/TP B748/TB NEG/IC NEG/RM DURC  ""GUSTY WINDS DEPARTING RWY 25L""",NEG,202501230000-KMSC-UBUS01-PIREP,9500.0,60.93505781600893,-149.81266745017464,2025-01-23 00:44:00,0.0,0,U,0.6
F,A321,BDL UA /OV BDL/TM 1457/FL160/TP A321/TB CONS LGT CHOP 160/RM BORDERING ON MOD CHOP,CONS LGT CHOP 160,202501061500-KMSC-UBUS01-PIREP,16000.0,41.9381,-72.6825,2025-01-06 14:57:00,1.0,0,M,0.8
F,A306,EVV UA /OV MYS335035/TM 2059/FL250/TP A306/TB NEG,NEG,202501212100-KMSC-UBUS01-PIREP,25000.0,38.418722365523806,-86.55240498028176,2025-01-21 20:59:00,0.0,0,H,1.0
F,B38M,MYNN UA /OV ZQA250050/TM 2007/FL340/TP B38M/TB CONS LGT CHOP 340,CONS LGT CHOP 340,202501252000-KMSC-UBUS01-PIREP,34000.0,24.71496012751252,-78.31410006016193,2025-01-25 20:07:00,1.0,0,U,0.6
F,PC12,DLH UA /OV DLH230025/TM 1229/FL120/TP PC12/SK SKC/TA M29/TB NEG,NEG,202501211200-KMSC-UBUS01-PIREP,12000.0,46.57423013519376,-92.66031493052355,2025-01-21 12:29:00,0.0,0,L,0.6
F,PC12,IMT UA /OV IMT/TM 2128/FL150/TP PC12/TB CONS LGT 150-140/ INTMT LGT 105,CONS LGT 150-140,202501172100-KMSC-UBUS01-PIREP,15000.0,45.81836,-88.11456,2025-01-17 21:28:00,1.0,0,L,0.6
F,B738,LEX UA /OV FFT/TM 2156/FL360/TP B738/TB OCNL LGT,OCNL LGT,202501012200-KMSC-UBUS01-PIREP,36000.0,38.18472,-84.90333,2025-01-01 21:56:00,1.0,0,M,0.8
F,E75S,BUF UA /OV BUF100005/TM 2124/FL340/TP E75S/TB CONS LGT 340/RM ZOB,CONS LGT 340,202501312100-KMSC-UBUS01-PIREP,34000.0,42.92632814640139,-78.62368598315611,2025-01-31 21:24:00,1.0,0,U,0.6
F,E75L,MPG UA /OV AIR085015/TM 1526/FL340/TP E75L/TB CONS LGT CHOP/RM ZOB,CONS LGT CHOP,202501311500-KMSC-UBUS01-PIREP,34000.0,40.04179070059247,-80.4947684304737,2025-01-31 15:26:00,1.0,0,U,0.6
F,E170,FSD UA /OV FSD340030/TM 1548/FL360/TP E170/TB LGT,LGT,202501051500-KMSC-UBUS01-PIREP,36000.0,44.04682436798216,-96.98968436749364,2025-01-05 15:48:00,1.0,0,U,0.6
F,E145,GSO UA /OV GSO/TM 1847/FL220/TP E145/TB NEG/RM ZTLFD-,NEG,202501011800-KMSC-UBUS01-PIREP,22000.0,36.0975,-79.94361,2025-01-01 18:47:00,0.0,0,M,0.8
F,CRJ2,JOT UA /OV JOT175020/TM 2210/FL180/TP CRJ2/TB CONS LGT CHOP,CONS LGT CHOP,202501222200-KMSC-UBUS01-PIREP,18000.0,41.18559820335234,-88.13680636100764,2025-01-22 22:10:00,1.0,0,M,0.8
F,B739,DEN UA /OV DEN320040/TM 2232/FL210/TP B739/TB LGT 240-210/RM DURD,LGT 240-210,202501112200-KMSC-UBUS01-PIREP,21000.0,40.34353766185394,-105.2155808975145,2025-01-11 22:32:00,1.0,0,M,0.8
F,A321,ATL UA /OV ATL340075/TM 2346/FL350/TP A321/TB LGT CONS CHOP 350/RM ZTLFD-36,LGT CONS CHOP 350,202501292300-KMSC-UBUS01-PIREP,35000.0,34.804810919955386,-84.9553049191904,2025-01-29 23:46:00,1.0,0,M,0.8
F,MULTIPLE,JXN UA /OV JXN/TM 1806/FL170/TP MULTIPLE/TB LGT CAT/RM IN CLIMB AND UP ZOB,LGT CAT,202501101800-KMSC-UBUS01-PIREP,17000.0,42.25979,-84.4594,2025-01-10 18:06:00,1.0,0,U,0.6
F,A319,CLT UA /OV CLT/TM 1755/FL180/TP A319/TB NEG/RM ZTLFD-29,NEG,202501091800-KMSC-UBUS01-PIREP,18000.0,35.22255,-80.95431,2025-01-09 17:55:00,0.0,0,M,0.8
F,A320,CLT UA /OV CLT070050/TM 1522/FL190/TP A320/TB LGT/RM ZTLFD-29,LGT,202501211500-KMSC-UBUS01-PIREP,19000.0,35.507589872487486,-79.99565730244309,2025-01-21 15:22:00,1.0,0,M,0.8
F,E170,FLO UA /OV FLO304033/TM 1852/FL230/TP E170/TB CONS LGT CHOP,CONS LGT CHOP,202501181800-KMSC-UBUS01-PIREP,23000.0,34.492941008977674,-80.2751403331372,2025-01-18 18:52:00,1.0,0,U,0.6
F,B767,CDH UA /OV MON350010/TM 1046/FL340/TP B767/TB CONS LGT/RM ZFW,CONS LGT,202501061000-KMSC-UBUS01-PIREP,34000.0,33.724147920419995,-91.75473353046593,2025-01-06 10:46:00,1.0,0,H,1.0
F,E125,GSO UA /OV GSO180010/TM 1639/FL200/TP E125/TB NEG/IC NEG/RM ZTLFD-29,NEG,202501091600-KMSC-UBUS01-PIREP,20000.0,35.93081983331983,-79.94361,2025-01-09 16:39:00,0.0,0,M,0.8
F,TBM7,RYV UA /OV RYV/TM 1905/FL150/TP TBM7/TA M27/TB NEG/IC TRACE RIME,NEG,202501081900-KMSC-UBUS01-PIREP,15000.0,43.16964,-88.72322,2025-01-08 19:05:00,0.0,0,L,0.6
F,B739,GRR UA /OV PMM005015/TM 1456/FL240/TP B739/TB NEG,NEG,202501301500-KMSC-UBUS01-PIREP,24000.0,42.719068847485744,-86.08045853365373,2025-01-30 14:56:00,0.0,0,M,0.8
F,B738,ACY UA /OV ZIZZI/TM 2326/FL190/TP B738/TB LGT,LGT,202501202300-KMSC-UBUS01-PIREP,19000.0,39.45758,-74.57717,2025-01-20 23:26:00,1.0,0,M,0.8
F,B737,TCC UA /OV TCC010035/TM 0142/FL380/TP B737/TB OCNL LGT CHOP/RM ZAB/FDCS,OCNL LGT CHOP,202501090100-KMSC-UBUS01-PIREP,38000.0,35.75729772146998,-103.4792444095544,2025-01-09 01:42:00,1.0,0,M,0.8
F,B737,DEN UA /OV DEN285035/TM 1628/FL380/TP B737/TB NEG/RM MOD MTW +/-100FPM +/-20KT ZDVWC-,NEG,202501261600-KMSC-UBUS01-PIREP,38000.0,39.98379000552191,-105.39130639413597,2025-01-26 16:28:00,0.0,0,M,0.8
F,B38M,HVE UA /OV HVE171056/TM 2356/FL250/TP B38M/TB LGT CHOP/IC NEG/RM ZDVWC-36,LGT CHOP,202501090000-KMSC-UBUS01-PIREP,25000.0,37.49608287946465,-110.51763414443307,2025-01-08 23:56:00,1.0,0,U,0.6
F,A320,DAY UA /OV ROD030015/TM 1330/FL360/TP A320/TB NEG,NEG,202501231300-KMSC-UBUS01-PIREP,36000.0,40.50652388797807,-83.87611273544336,2025-01-23 13:30:00,0.0,0,M,0.8
F,CRJ2,MIE UA /OV MIE/TM 1806/FL280/TP CRJ2/TB OCNL LGT 280,OCNL LGT 280,202501311800-KMSC-UBUS01-PIREP,28000.0,40.24247,-85.39575,2025-01-31 18:06:00,1.0,0,M,0.8
F,B737,SUS UA /OV FTZ/TM 1942/FL150/TP B737/TB NEG/IC NEG/RM ZKC FDC,NEG,202501151900-KMSC-UBUS01-PIREP,15000.0,38.69,-90.97,2025-01-15 19:42:00,0.0,0,M,0.8
F,A359,ATL UA /OV RMG270030/TM 2239/FL180/TP A359/TB LGT/IC NEG,LGT,202501102200-KMSC-UBUS01-PIREP,18000.0,34.34778,-85.76675861664353,2025-01-10 22:39:00,1.0,0,U,0.6
F,CRJ2,JOT UA /OV JOT/TM 2015/FL150/TP CRJ2/SK TOP150/TA M07/TB NEG 080-150/ LGT CHOP 160-ABV/IC NEG/RM DURC,NEG 080-150,202501102000-KMSC-UBUS01-PIREP,15000.0,41.51769,-88.17561,2025-01-10 20:15:00,0.0,0,M,0.8
F,A20N,CEW UA /OV CEW275030/TM 1218/FL390/TP A20N/TB OCNL LGT CHOP,OCNL LGT CHOP,202501051200-KMSC-UBUS01-PIREP,39000.0,30.823581401184946,-87.09981064502149,2025-01-05 12:18:00,1.0,0,U,0.6
F,B737,FMN UA /OV RSK/TM 0117/FL380/TP B737/TB OCNL LGT CHOP/RM ZDVWC-37,OCNL LGT CHOP,202501020100-KMSC-UBUS01-PIREP,38000.0,36.75,-108.1,2025-01-02 01:17:00,1.0,0,M,0.8
F,B73M,MFD UA /OV MFD/TM 2308/FL340/TP B73M/TB INTMT LGT CHOP/RM ZOB,INTMT LGT CHOP,202501292300-KMSC-UBUS01-PIREP,34000.0,40.82,-82.52,2025-01-29 23:08:00,1.0,0,U,0.6
F,A306,JFZ UA /OV HMV020015/TM 1118/FL200/TP A306/TB NEG/IC NEG/RM ZTLFD 43,NEG,202501091100-KMSC-UBUS01-PIREP,20000.0,36.67494218399108,-82.02370520786481,2025-01-09 11:18:00,0.0,0,H,1.0
F,C25B,ATL UA /OV ATL180030/TM 2324/FL170/TP C25B/SK OVC-TOP190/TA M07/TB NEG/IC LGT RIME 170-178/RM ZTLFD-22,NEG,202501052300-KMSC-UBUS01-PIREP,17000.0,33.1300594999595,-84.4418,2025-01-05 23:24:00,0.0,0,U,0.6
F,B737,SDF UA /OV IIU350030/TM 0022/FL190/TP B737/TB NEG CLR DURD,NEG CLR DURD,202501230000-KMSC-UBUS01-PIREP,19000.0,38.59244376125999,-85.69034090384652,2025-01-23 00:22:00,0.0,0,M,0.8
F,A321,MLB UA /OV MLB/TM 1438/FL350/TP A321/TB NEG,NEG,202501231500-KMSC-UBUS01-PIREP,35000.0,28.10275,-80.64526,2025-01-23 14:38:00,0.0,0,M,0.8
F,B737,JNU UA /OV JNU /TM 1615 /FL070 /TP B737 /SK BKNUNKN-TOP070 /TB LGT CHOP /IC NEG /RM DURC RY08 (AKFSS,LGT CHOP,202501231625-KWBC-UBAK90-PIREP,7000.0,58.35,-134.57,2025-01-23 16:15:00,1.0,0,M,0.8
F,B748,BET UA /OV BET357095/TM 1729/FL360/TP B748/TB NEG/RM ZAN,NEG,202501221700-KMSC-UBUS01-PIREP,36000.0,62.351291504393984,-161.9997095022375,2025-01-22 17:29:00,0.0,0,U,0.6
F,SF50,BRD UA /OV BRD/TM 2213/FL090/TP SF50/SK SKC/TB NEG/IC NEG,NEG,202501192200-KMSC-UBUS01-PIREP,9000.0,46.40472,-94.13083,2025-01-19 22:13:00,0.0,0,U,0.6
F,B738,PIA UA /OV PIA020025/TM 2322/FL150/TP B738/TB LGT CHOP/IC NEG 240-120,LGT CHOP,202501052300-KMSC-UBUS01-PIREP,15000.0,41.05907030665179,-89.4960039355645,2025-01-05 23:22:00,1.0,0,M,0.8
F,C402,ALB UA /OV ALB130045/TM 1352/FL080/TP C402/TA M10/TB NEG/IC TRACE RIME,NEG,202501111400-KMSC-UBUS01-PIREP,8000.0,42.27544024334876,-73.02105185932429,2025-01-11 13:52:00,0.0,0,L,0.6
F,B763,FSD UA /OV FSD/TM 2254/FL360/TP B763/TB CONS LGT 380/ MOD 370/ NEG,CONS LGT 380,202501032200-KMSC-UBUS01-PIREP,36000.0,43.57694,-96.75361,2025-01-03 22:54:00,1.0,0,H,1.0
F,B738,CLT UA /OV CLT270035/TM 1216/FL360/TP B738/TB OCNL LGT CHOP/RM ZTLFD-32,OCNL LGT CHOP,202501181200-KMSC-UBUS01-PIREP,36000.0,35.22255,-81.66843382458491,2025-01-18 12:16:00,1.0,0,M,0.8
F,B752,OMN UA /OV OMN/TM 1102/FL370/TP B752/TB NEG,NEG,202501151100-KMSC-UBUS01-PIREP,37000.0,29.30056,-81.11361,2025-01-15 11:02:00,0.0,0,M,0.8
F,CRJ9,GAD UA /OV GAD/TM 1604/FL320/TP CRJ9/TB NEG/IC NEG/RM ZTLFD 03,NEG,202501161600-KMSC-UBUS01-PIREP,32000.0,33.97265,-86.08908,2025-01-16 16:04:00,0.0,0,U,0.6
F,21F,ORL UA /OV ORL160030/TM 1202/FL330/TP 21F/TB OCNL LGT 330-340,OCNL LGT 330-340,202501271200-KMSC-UBUS01-PIREP,33000.0,28.075575632017845,-81.13824911040068,2025-01-27 12:02:00,1.0,0,,0.6
F,RV12,RMG UA /OV RMG/TM 1341/FL045/TP RV12/SK SKC/WX NEG FU/TA 01/WV 28033KT/TB NEG/IC NEG/RM ZTLFD-05,NEG,202501161300-KMSC-UBUS01-PIREP,4500.0,34.34778,-85.16111,2025-01-16 13:41:00,0.0,0,U,0.6
F,PC24,BAF UA /OV BAF/TM 1302/FL400/TP PC24/TB OCNL LGT CHOP 400,OCNL LGT CHOP 400,202501261300-KMSC-UBUS01-PIREP,40000.0,42.15778,-72.71611,2025-01-26 13:02:00,1.0,0,U,0.6
F,PA46,LAR UA /OV MBW090040/TM 1835/FL240/TP PA46/TB NEG/RM ZDVWC,NEG,202501291840-KWBC-UBWY90-PIREP,24000.0,41.85,-105.10494564855122,2025-01-29 18:35:00,0.0,0,L,0.6
F,B738,DBQ UA /OV DBQ360035/TM 1452/FL320/TP B738/TB OCNL LGT CHOP,OCNL LGT CHOP,202501041400-KMSC-UBUS01-PIREP,32000.0,42.98173058338058,-90.709143,2025-01-04 14:52:00,1.0,0,M,0.8
F,C208,HLA UA /OV HLA090045/TM 0053/FL090/TP C208/TB NEG/IC NEG/RM DURC /ZAN/,NEG,202501230000-KMSC-UBUS01-PIREP,9000.0,65.69,-154.528019979958,2025-01-23 00:53:00,0.0,0,L,0.6
F,C172,DBQ UA /OV DBQ360055/TM 2207/FL050/TP C172/TB NEG/IC NEG,NEG,202501022200-KMSC-UBUS01-PIREP,5000.0,43.315090916740914,-90.709143,2025-01-02 22:07:00,0.0,0,L,0.6
F,B748,MKE UA /OV MKE090010/TM 0737/FL120/TP B748/TB NEG,NEG,202501310700-KMSC-UBUS01-PIREP,12000.0,42.94721,-87.66901917911301,2025-01-31 07:37:00,0.0,0,U,0.6
F,B752,AZO UA /OV AZO/TM 1658/FL360/TP B752/TB CONS LGT CHOP,CONS LGT CHOP,202501271700-KMSC-UBUS01-PIREP,36000.0,42.23472,-85.55194,2025-01-27 16:58:00,1.0,0,M,0.8
F,B350,EVV UA /OV PXV150045/TM 1420/FL230/TP B350/TB INTMT LGT CHOP/IC NEG,INTMT LGT CHOP,202501231400-KMSC-UBUS01-PIREP,23000.0,37.28042833606578,-87.28453311079525,2025-01-23 14:20:00,1.0,0,M,0.8
F,B737,ATL UA /OV ODF025020/TM 1319/FL300/TP B737/SK SKC-TOP 20/TB NEG/IC ZTLFD-50,NEG,202501271300-KMSC-UBUS01-PIREP,30000.0,35.00212706601361,-83.12863810039732,2025-01-27 13:19:00,0.0,0,M,0.8
F,A20N,ORD UA /OV MDW180020/TM 1951/FL040/TP A20N/TB LGT CHOP,LGT CHOP,202501311900-KMSC-UBUS01-PIREP,4000.0,41.45260966663967,-87.75242,2025-01-31 19:51:00,1.0,0,U,0.6
F,MD11,MIE UA /OV MIE150020/TM 2222/FL390/TP MD11/TB OCNL LGT CHOP,OCNL LGT CHOP,202501242200-KMSC-UBUS01-PIREP,39000.0,39.9537714826959,-85.1773871390451,2025-01-24 22:22:00,1.0,0,H,1.0
F,C208,ENA UA /OV ENA012008 /TM 0900 /FL025 /TP C208 /WX FV10SM /WV13025KT /TB LGT CHOP /RM (AKFSS),LGT CHOP,202501170900-KMSC-UBUS01-PIREP,2500.0,60.70043024410249,-151.18357739227787,2025-01-17 09:00:00,1.0,0,L,0.6
F,B737,RMG UA /OV RMG270035/TM 1300/FL370/TP B737/TB LGT OCNL CHOP/IC ZTLFD-02,LGT OCNL CHOP,202501041300-KMSC-UBUS01-PIREP,37000.0,34.34778,-85.86770005275078,2025-01-04 13:00:00,1.0,0,M,0.8
F,B739,GUC UA /OV HBU148046/TM 1822/FL340/TP B739/TB CONS LGT/RM ZDVWC-37,CONS LGT,202501041800-KMSC-UBUS01-PIREP,34000.0,37.799777129107305,-106.5211929125984,2025-01-04 18:22:00,1.0,0,M,0.8
F,R22,MRI UA /OV MRI050003/TM 2125/FL010/TP R22/TB CONT LGT 013-010,CONT LGT 013-010,202501172100-KMSC-UBUS01-PIREP,1000.0,61.24214198377675,-149.76046248508845,2025-01-17 21:25:00,1.0,0,L,0.6
F,B737,LIT UA /OV LIT085025/TM 1745/FL370/TP B737/TB CONS LGT CHOP/RM ZME,CONS LGT CHOP,202501111700-KMSC-UBUS01-PIREP,37000.0,34.76361783432078,-91.730646006277,2025-01-11 17:45:00,1.0,0,M,0.8
F,A320,FLL UA /OV FLL275004/TM 1653/FL016/TP A320/WX 4SM/TB NEG,NEG,202501171600-KMSC-UBUS01-PIREP,1600.0,26.084522613491327,-80.23617768233443,2025-01-17 16:53:00,0.0,0,M,0.8
F,B737,IRK UA /OV MCM/TM 1455/FL350/TP B737/TB LGT CONS CHOP/RM ZKC FDC ZZ,LGT CONS CHOP,202501241400-KMSC-UBUS01-PIREP,35000.0,39.65,-92.48,2025-01-24 14:55:00,1.0,0,M,0.8
F,BE20,LAR UA /OV MBW/TM 1448/FL190/TP BE20/TB NEG/RM ZDVWC-22,NEG,202501281400-KMSC-UBUS01-PIREP,19000.0,41.85,-106.0,2025-01-28 14:48:00,0.0,0,M,0.8
F,A20N,DEN UA /OV DEN231064/TM 2132/FL240/TP A20N/SK SKC/TB NEG/IC NEG/RM ZDVWC,NEG,202501102140-KWBC-UBCO90-PIREP,24000.0,39.16147054287735,-105.73707355526794,2025-01-10 21:32:00,0.0,0,U,0.6
F,LJ35,COS UA /OV BRK320025/TM 2247/FL180/TP LJ35/TB ONCL LGT CHOP/RM ZDVWC,ONCL LGT CHOP,202501222255-KWBC-UBCO90-PIREP,18000.0,39.25921103865871,-104.97436654048168,2025-01-22 22:47:00,1.0,0,M,0.8
F,B737,FAM UA /OV FAM140010/TM 1558/FL300/TP B737/TB OCNL LGT CHOP/RM FDC ZKC ZZ,OCNL LGT CHOP,202501181600-KMSC-UBUS01-PIREP,30000.0,37.633345584536514,-90.2930878889098,2025-01-18 15:58:00,1.0,0,M,0.8
F,A321,ZZV UA /OV ZZV/TM 1830/FL260/TP A321/TB NEG,NEG,202501311800-KMSC-UBUS01-PIREP,26000.0,39.94445,-81.89209,2025-01-31 18:30:00,0.0,0,M,0.8
F,E170,HYR UA /OV HYR/TM 0328/FL240/TP E170/TB NEG,NEG,202501060300-KMSC-UBUS01-PIREP,24000.0,46.02528,-91.44425,2025-01-06 03:28:00,0.0,0,U,0.6
F,HDJT,GZH UA /OV MVC300040/TM 2148/FL340/TP HDJT/TB INTMT OCNL LGT CHOP/RM ZTLFD-11,INTMT OCNL LGT CHOP,202501272100-KMSC-UBUS01-PIREP,34000.0,31.78336033336033,-88.02682554618657,2025-01-27 21:48:00,1.0,0,U,0.6
F,A321,ATL UA /OV BZM040036/TM 1314/FL340/TP A321/TB LGT,LGT,202501121300-KMSC-UBUS01-PIREP,34000.0,36.32966389566855,-80.76402727964609,2025-01-12 13:14:00,1.0,0,M,0.8
F,LJ31,CMH UA /OV APE/TM 0536/FL360/TP LJ31/TB CONS LGT CHOP,CONS LGT CHOP,202501100600-KMSC-UBUS01-PIREP,36000.0,40.15,-82.59,2025-01-10 05:36:00,1.0,0,M,0.8
F,C68A,SYR UA /OV SYR070030/TM 1815/FL150/TP C68A/SK TOPS 130/TA M03/TB NEG/IC TRACE MIX,NEG,202501251800-KMSC-UBUS01-PIREP,15000.0,43.28221392349249,-75.46265819260279,2025-01-25 18:15:00,0.0,0,U,0.6
F,C525,SRQ UA /OV SRQ280040/TM 1400/FL400/TP C525/TB LGT CHOP/RM 300-400,LGT CHOP,202501121400-KMSC-UBUS01-PIREP,40000.0,27.517164828788925,-83.29817810138755,2025-01-12 14:00:00,1.0,0,L,0.6
F,E75S,LSE UA /OV ODI360020/TM 0026/FL290/TP E75S/TB NEG,NEG,202501160000-KMSC-UBUS01-PIREP,29000.0,44.24336033336033,-91.47,2025-01-16 00:26:00,0.0,0,U,0.6
F,A21N,RID UA /OV RID/TM 2358/FL380/TP A21N/TB NEG,NEG,202502010000-KMSC-UBUS01-PIREP,38000.0,39.7572,-84.8428,2025-01-31 23:58:00,0.0,0,U,0.6
F,C700,DNL UA /OV IRQ/TM 1439/FL410/TP C700/TB OCNL LGT/RM ZTLFD-23,OCNL LGT,202501201400-KMSC-UBUS01-PIREP,41000.0,33.71,-82.16,2025-01-20 14:39:00,1.0,0,U,0.6
F,S22T,SLK UA /OV SLK175015/TM 1550/FL100/TP S22T/TB NEG/IC NEG,NEG,202501091605-KWBC-UBNY90-PIREP,10000.0,44.13624115251425,-74.17569865692583,2025-01-09 15:50:00,0.0,0,U,0.6
F,B738,ATL UA /OV ATL/TM 1528/FL320/TP B738/TB CONS LGT CHOP/RM ZTLFD-22,CONS LGT CHOP,202501021500-KMSC-UBUS01-PIREP,32000.0,33.6301,-84.4418,2025-01-02 15:28:00,1.0,0,M,0.8
F,B752,BUF UA /OV BUF200030/TM 0312/FL170/TP B752/SK BASE010-TOP160/TB OCNL LGT CHOP/RM ZOB,OCNL LGT CHOP,202501290300-KMSC-UBUS01-PIREP,17000.0,42.47091563201785,-78.96942073659032,2025-01-29 03:12:00,1.0,0,M,0.8
F,A320,PKB UA /OV CKB360011/TM 1822/FL320/TP A320/TB NEG,NEG,202501131800-KMSC-UBUS01-PIREP,32000.0,39.479988183348176,-80.22808,2025-01-13 18:22:00,0.0,0,M,0.8
F,B737,CHS UA /OV CHS/TM 0800/FL360/TP B737/TB NEG,NEG,202501160800-KMSC-UBUS01-PIREP,36000.0,32.8986,-80.0405,2025-01-16 08:00:00,0.0,0,M,0.8
F,E145,HSV UA /OV HSV045030/TM 1615/FL110/TP E145/SK SKC/TB NEG CHOP/RM ZME,NEG CHOP,202501061600-KMSC-UBUS01-PIREP,11000.0,34.99747202844655,-86.35632813961975,2025-01-06 16:15:00,0.0,0,M,0.8
F,C208,OME UA /OV OME091008 /TM 0142 /FL040 /TP C208 /SK OVC040-TOP055 /TA M11 /TB NEG /IC LGT /RM (AKFSS,NEG,202501090155-KWBC-UBUS31-PRCUS,4000.0,64.50767282398886,-165.13019932222244,2025-01-09 01:42:00,0.0,0,L,0.6
F,B752,CRW UA /OV HVQ/TM 0650/FL380/TP B752/TB OCNL LGT CHOP,OCNL LGT CHOP,202501300700-KMSC-UBUS01-PIREP,38000.0,38.35,-81.77,2025-01-30 06:50:00,1.0,0,M,0.8
F,B739,ABR UA /OV ABR170040/TM 2256/FL350/TP B739/TB NEG,NEG,202501252300-KMSC-UBUS01-PIREP,35000.0,44.79340831832002,-98.25496843543152,2025-01-25 22:56:00,0.0,0,M,0.8
F,C208,RWL UA /OV RWL/TM 1647/FL120/TP C208/SK TOP085/TB NEG/IC NEG/RM ZDVWC-21,NEG,202501071600-KMSC-UBUS01-PIREP,12000.0,41.8056,-107.19994,2025-01-07 16:47:00,0.0,0,L,0.6
F,A21N,FOD UA /OV FOD290050/TM 1454/FL340/TP A21N/TB CONS LGT,CONS LGT,202501261400-KMSC-UBUS01-PIREP,34000.0,42.834780872487485,-95.26625534135628,2025-01-26 14:54:00,1.0,0,U,0.6
F,A320,MPG UA /OV AIR/TM 1647/FL350/TP A320/TB NEG CHOP/RM ZOB,NEG CHOP,202501041600-KMSC-UBUS01-PIREP,35000.0,40.02,-80.82,2025-01-04 16:47:00,0.0,0,M,0.8
F,B739,SDF UA /OV FRH/TM 1216/FL350/TP B739/TB LGT CHOP,LGT CHOP,202501241200-KMSC-UBUS01-PIREP,35000.0,38.5062222,-86.6369444,2025-01-24 12:16:00,1.0,0,M,0.8
F,2170,1A5 UA /OV ODF020030/TM 0054/FL240/TP 2170/TB OCNL LGT CHOP 240/RM ZTLFD-50,OCNL LGT CHOP 240,202501120000-KMSC-UBUS01-PIREP,24000.0,35.16988436798216,-83.09197815108156,2025-01-12 00:54:00,1.0,0,,0.6
F,A321,CLT UA /OV CLT090020/TM 2011/FL170/TP A321/TB NEG/RM ZTLFD-29,NEG,202501222000-KMSC-UBUS01-PIREP,17000.0,35.22255,-80.54623924309435,2025-01-22 20:11:00,0.0,0,M,0.8
F,BCS3,MYGF UA /OV ZFP030100/TM 2153/FL330/TP BCS3/TB LGT CHOP,LGT CHOP,202501162100-KMSC-UBUS01-PIREP,33000.0,27.943492586520488,-77.8487575880884,2025-01-16 21:53:00,1.0,0,U,0.6
F,B739,ANC UA /OV TED230014/TM 0255/FL110/TP B739/TB NEG/IC NEG/RM DURC SOUTHBOUND,NEG,202501100200-KMSC-UBUS01-PIREP,11000.0,61.020004075708506,-150.36070420917267,2025-01-10 02:55:00,0.0,0,M,0.8
F,MI S,MKE UA /OV BAE090055/TM 1424/FL340/TP MI S/TB CONS LGT CHOP,CONS LGT CHOP,202501221400-KMSC-UBUS01-PIREP,34000.0,43.12,-87.02405929572653,2025-01-22 14:24:00,1.0,0,,0.6
F,BE55,MML UA /OV MML/TM 1854/FL040/TP BE55/SK SCT040/TB NEG/IC NEG/RM DURD,NEG,202501131800-KMSC-UBUS01-PIREP,4000.0,44.45,-95.82,2025-01-13 18:54:00,0.0,0,L,0.6
F,A332,LIH UA /OV LIH/TM 1725/FL320/TP A332/TB CONT LGT TURB,CONT LGT TURB,202501251700-KMSC-UBUS01-PIREP,32000.0,21.97,-159.33,2025-01-25 17:25:00,1.0,0,H,1.0
F,B738,MCK UA /OV MCK/TM 1621/FL330/TP B738/TB OCNL LGT CHOP/RM ZDVWC-08,OCNL LGT CHOP,202501051600-KMSC-UBUS01-PIREP,33000.0,40.20628,-100.59208,2025-01-05 16:21:00,1.0,0,M,0.8
F,B737,BKW UA /OV HCH060040/TM 1304/FL300/TP B737/TB NEG,NEG,202501041300-KMSC-UBUS01-PIREP,30000.0,36.11336033336033,-84.2682782702235,2025-01-04 13:04:00,0.0,0,M,0.8
F,SW4,SNY UA /OV SNY285025/TM 0227/FL160/TP SW4/TB NEG/RM ZDVWC-21,NEG,202501240200-KMSC-UBUS01-PIREP,16000.0,41.209240003944224,-103.51886247167124,2025-01-24 02:27:00,0.0,0,M,0.8
F,H25B,HTS UA /OV YRK/TM 1237/FL390/TP H25B/TB NEG,NEG,202501041300-KMSC-UBUS01-PIREP,39000.0,38.64,-82.98,2025-01-04 12:37:00,0.0,0,M,0.8
F,A320,ORF UA /OV ORF/TM 0013/FL330/TP A320/TB CONS LGT,CONS LGT,202501220000-KMSC-UBUS01-PIREP,33000.0,36.90333,-76.19222,2025-01-22 00:13:00,1.0,0,M,0.8
F,B737,GJT UA /OV JNC148013/TM 2252/FL360/TP B737/TB NEG/RM ZDVWC-04,NEG,202501182200-KMSC-UBUS01-PIREP,36000.0,38.87624136257381,-108.64212216979934,2025-01-18 22:52:00,0.0,0,M,0.8
F,B738,CSV UA /OV HCH/TM 1116/FL270/TP B738/TB CONS LGT CHOP/RM ZTLFD-37,CONS LGT CHOP,202501281100-KMSC-UBUS01-PIREP,27000.0,35.78,-84.98,2025-01-28 11:16:00,1.0,0,M,0.8
F,B737,SDF UA /OV IIU/TM 1401/FL300/TP B737/L/TB NEG,NEG,202501301400-KMSC-UBUS01-PIREP,30000.0,38.1,-85.58,2025-01-30 14:01:00,0.0,0,M,0.8
F,B38M,PIR UA /OV PIR250020/TM 1018/FL370/TP B38M/TB NEG,NEG,202501171000-KMSC-UBUS01-PIREP,37000.0,44.268674051005,-100.72428432290234,2025-01-17 10:18:00,0.0,0,U,0.6
F,A21N,CVG UA /OV CVG110030/TM 2359/FL300/TP A21N/TB CONS LGT CHOP,CONS LGT CHOP,202501020000-KMSC-UBUS01-PIREP,30000.0,38.87203607650751,-84.0666734325236,2025-01-01 23:59:00,1.0,0,U,0.6
T,B737,KTN UUA /OV KTN /TM 1659 /FL025 /TP B737 /TB LGT /RM +/-10KT LLWSBLO 025 DURD RWY 11 (AKFSS),LGT,202501151700-KMSC-UBUS01-PIREP,2500.0,55.35,-131.71,2025-01-15 16:59:00,1.0,0,M,0.8
F,A321,GNV UA /OV GNV200025/TM 1606/FL340/TP A321/TB CONS LGT,CONS LGT,202501221600-KMSC-UBUS01-PIREP,34000.0,29.300129693348207,-82.44008054834991,2025-01-22 16:06:00,1.0,0,M,0.8
F,B738,CPR UA /OV DDY115055/TM 0339/FL340/TP B738/TB CONS LGT CHOP/RM ZDVWC-,CONS LGT CHOP,202501030300-KMSC-UBUS01-PIREP,34000.0,42.70256854730038,-105.14228884394004,2025-01-03 03:39:00,1.0,0,M,0.8
F,B752,HDN UA /OV HDN/TM 2113/FL160/TP B752/SK SKC/TB NEG BLO 160/IC NEG/RM ZDVWC,NEG BLO 160,202501302120-KWBC-UBCO90-PIREP,16000.0,40.48,-107.22,2025-01-30 21:13:00,0.0,0,M,0.8
F,B737,ZZV UA /OV ZZV/TM 1211/FL380/TP B737/TB INTMT LGT CHOP 380,INTMT LGT CHOP 380,202501141200-KMSC-UBUS01-PIREP,38000.0,39.94445,-81.89209,2025-01-14 12:11:00,1.0,0,M,0.8
F,B77W,MHT UA /OV MHT/TM 1239/FL340/TP B77W/TB NEG,NEG,202501061200-KMSC-UBUS01-PIREP,34000.0,42.93281,-71.43575,2025-01-06 12:39:00,0.0,0,U,0.6
F,BCS3,BFF UA /OV BFF066099/TM 0040/FL360/TP BCS3/TB NEG/RM ZDVWC-35,NEG,202501150000-KMSC-UBUS01-PIREP,36000.0,42.54519982148177,-101.57113904974528,2025-01-15 00:40:00,0.0,0,U,0.6
F,A321,ELP UA /OV EWM270015/TM 1855/FL330/TP A321/TB LGT/RM ZAB/FDCS,LGT,202501301800-KMSC-UBUS01-PIREP,33000.0,31.95,-106.56465791407793,2025-01-30 18:55:00,1.0,0,M,0.8
F,A319,C75 UA /OV BDF360020/TM 1600/FL370/TP A319/TB OCNL LGT/RM MTN WAVE,OCNL LGT,202501301600-KMSC-UBUS01-PIREP,37000.0,41.49336033336033,-89.59,2025-01-30 16:00:00,1.0,0,M,0.8
F,B739,EVV UA /OV CCT/TM 2138/FL330/TP B739/TB NEG,NEG,202501242100-KMSC-UBUS01-PIREP,33000.0,37.38,-87.26,2025-01-24 21:38:00,0.0,0,M,0.8
F,B738,POU UA /OV IGN/TM 1058/FL340/TP B738/TB NEG/RM Q75 AIRWAY,NEG,202501111100-KMSC-UBUS01-PIREP,34000.0,41.67,-73.82,2025-01-11 10:58:00,0.0,0,M,0.8
F,CL35,ALS UA /OV ALS073037/TM 2108/FL400/TP CL35/TB NEG/RM ZDVWC-,NEG,202501182100-KMSC-UBUS01-PIREP,40000.0,37.619200488560274,-105.11860987740772,2025-01-18 21:08:00,0.0,0,U,0.6
F,B350,LOZ UA /OV AZQ030045/TM 2040/FL200/TP B350/TB NEG,NEG,202501312000-KMSC-UBUS01-PIREP,20000.0,38.03957166393422,-82.78797905088187,2025-01-31 20:40:00,0.0,0,M,0.8
F,B737,OMA UA /OV OVR120040/TM 2205/FL230/TP B737/TB CONS LGT CHOP 230-290,CONS LGT CHOP 230-290,202501142200-KMSC-UBUS01-PIREP,23000.0,40.83663966663967,-94.97295968335396,2025-01-14 22:05:00,1.0,0,M,0.8
F,A21N,PUB UA /OV PUB351023/TM 1636/FL290/TP A21N/TB CONS LGT CHOP/RM ZDVWC-28,CONS LGT CHOP,202501301600-KMSC-UBUS01-PIREP,29000.0,38.66864453164845,-104.57473792995938,2025-01-30 16:36:00,1.0,0,U,0.6
F,B737,MGM UA /OV MGM/TM 1832/FL370/TP B737/TB NEG/RM ZTLFD 12,NEG,202501151800-KMSC-UBUS01-PIREP,37000.0,32.30064,-86.39397,2025-01-15 18:32:00,0.0,0,M,0.8
F,E170,SPA UA /OV SPA/TM 1756/FL340/TP E170/TB NEG/IC ZTLFD-32,NEG,202501261700-KMSC-UBUS01-PIREP,34000.0,34.9157222,-81.9565,2025-01-26 17:56:00,0.0,0,U,0.6
F,B39M,BWG UA /OV BWG270020/TM 2111/FL350/TP B39M/TB CONS LGT CHOP/RM ZME,CONS LGT CHOP,202501032100-KMSC-UBUS01-PIREP,35000.0,36.96453,-86.83688780767896,2025-01-03 21:11:00,1.0,0,U,0.6
F,PC12,ANC UA /OV TED 260020/TM 0000/FL050/TP PC12/TB NEG/IC NEG/RM DURD INBOUND TO MRI FROM THE WEST,NEG,202501120000-KMSC-UBUS01-PIREP,5000.0,61.11211258560554,-150.67081163575668,2025-01-12 00:00:00,0.0,0,L,0.6
F,CRJ9,GSH UA /OV GSH/TM 1156/FL140/TP CRJ9/TA M26/TB NEG/IC LGT RIME 140-160,NEG,202501231100-KMSC-UBUS01-PIREP,14000.0,41.52722,-85.79222,2025-01-23 11:56:00,0.0,0,U,0.6
F,A321,ORF UA /OV ORF/TM 0220/FL370/TP A321/TB INTMT LGT,INTMT LGT,202501220200-KMSC-UBUS01-PIREP,37000.0,36.90333,-76.19222,2025-01-22 02:20:00,1.0,0,M,0.8
F,B190,LGU UA /OV MLD170020/TM 0153/FL140/TP B190/TA M04/TB LGT CHOP/IC LGT RIME /ZLC,LGT CHOP,202501110100-KMSC-UBUS01-PIREP,14000.0,41.83829415916001,-112.21853000772786,2025-01-11 01:53:00,1.0,0,M,0.8
F,TBM9,AVL UA /OV SUG015020/TM 1535/FL310/TP TBM9/TB NEG/RM ZTLFD 42,NEG,202501221500-KMSC-UBUS01-PIREP,31000.0,35.73200135545308,-82.1641384309166,2025-01-22 15:35:00,0.0,0,U,0.6
F,DA62,RHI UA /OV RHI/TM 2124/FL080/TP DA62/TB NEG/IC NEG/RM LT SNOW,NEG,202501262100-KMSC-UBUS01-PIREP,8000.0,45.63119,-89.46747,2025-01-26 21:24:00,0.0,0,U,0.6
F,B762,ASE UA /OV DBL/TM 1414/FL340/TP B762/TB OCNL LGT CHOP/RM ZDVWC-04,OCNL LGT CHOP,202501171400-KMSC-UBUS01-PIREP,34000.0,39.44,-106.9,2025-01-17 14:14:00,1.0,0,H,1.0
F,B737,CSV UA /OV HCH/TM 2110/FL320/TP B737/TB OCNL LGT CHOP/IC ZTLFD-37,OCNL LGT CHOP,202501112100-KMSC-UBUS01-PIREP,32000.0,35.78,-84.98,2025-01-11 21:10:00,1.0,0,M,0.8
F,B39M,ONL UA /OV ONL290015/TM 2156/FL370/TP B39M/TB LGT/RM MTN WAVE +/-500FT,LGT,202501172200-KMSC-UBUS01-PIREP,37000.0,42.55523196174624,-99.00656768382244,2025-01-17 21:56:00,1.0,0,U,0.6
F,TBM8,TPL UA /OV TPL090010 /TM 1547 /FL270 /TP TBM8 /TB NEG /RM SMOOTH,NEG,202501111500-KMSC-UBUS01-PIREP,27000.0,31.1525,-97.2130131772411,2025-01-11 15:47:00,0.0,0,U,0.6
F,A320,SJU UA /OV SJU304029/TM 1322/FL060/TP A320/WX -RA/TB LGT,LGT,202501271300-KMSC-UBUS01-PIREP,6000.0,18.70029846243492,-66.42239851311844,2025-01-27 13:22:00,1.0,0,M,0.8
F,A319,ORD UA /OV ORD090010/TM 0237/FL180/TP A319/TB NEG,NEG,202501290200-KMSC-UBUS01-PIREP,18000.0,41.98754,-87.70768361651606,2025-01-29 02:37:00,0.0,0,M,0.8
F,B738,CVG UA /OV CVG/TM 1539/FL320/TP B738/TB OCNL LGT CHOP,OCNL LGT CHOP,202501051600-KMSC-UBUS01-PIREP,32000.0,39.04306,-84.67167,2025-01-05 15:39:00,1.0,0,M,0.8
F,B738,BHM UA /OV VUZ/TM 1512/FL300/TP B738/TB CONS LGT CHOP/RM ZTLFD-06,CONS LGT CHOP,202501101500-KMSC-UBUS01-PIREP,30000.0,33.67,-86.9,2025-01-10 15:12:00,1.0,0,M,0.8
F,B190,FAI UA /OV PAFA225007 /TM 0318 /FL050 /TP B190 /SK FEW-SCT030 /TB CONS LGT CHOP BLO 050 /RM FAI ATCT (AKFSS,CONS LGT CHOP BLO 050,202501280330-KWBC-UBAK90-PIREP,5000.0,64.7213875266958,-148.06990612948547,2025-01-28 03:18:00,1.0,0,M,0.8
F,A320,SAV UA /OV SAV/TM 2101/FL370/TP A320/TB NEG,NEG,202501122100-KMSC-UBUS01-PIREP,37000.0,32.13136751,-81.20230227,2025-01-12 21:01:00,0.0,0,M,0.8
F,C212,SVA UA /OV SVA /TM 1859 /FL020 /TP C212 /WV 06030KT /TB NEG /RM (AKFSS,NEG,202501041905-KWBC-UBUS31-PRCUS,2000.0,63.68,-170.49,2025-01-04 18:59:00,0.0,0,M,0.8
F,CRJ2,ORD UA /OV EON/TM 1538/FL170/TP CRJ2/TB NEG,NEG,202501161500-KMSC-UBUS01-PIREP,17000.0,41.27,-87.79,2025-01-16 15:38:00,0.0,0,M,0.8
F,B737,AHN UA /OV AHN/TM 1459/FL380/TP B737/TB NEG/RM ZTLFD-23,NEG,202501031500-KMSC-UBUS01-PIREP,38000.0,33.9486,-83.32635,2025-01-03 14:59:00,0.0,0,M,0.8
F,B39M,FRM UA /OV FRM/TM 0029/FL340/TP B39M/TB NEG,NEG,202501240000-KMSC-UBUS01-PIREP,34000.0,43.64394,-94.41561,2025-01-24 00:29:00,0.0,0,U,0.6
F,C700,WRB UA /OV MCN190015/TM 2214/FL410/TP C700/TB INTMT LGT CHOP/RM ZTLFD 27,INTMT LGT CHOP,202501212200-KMSC-UBUS01-PIREP,41000.0,32.446628119370004,-83.70079826735345,2025-01-21 22:14:00,1.0,0,U,0.6
F,B350,HDN UA /OV CHE205025/TM 1651/FL210/TP B350/TB OCNL LGT CHOP/RM ZDVWC-,OCNL LGT CHOP,202501131600-KMSC-UBUS01-PIREP,21000.0,40.142341167483,-107.54166274654436,2025-01-13 16:51:00,1.0,0,M,0.8
F,B738,HTS UA /OV ECB135015/TM 1313/FL280/TP B738/TB CONS LGT CHOP,CONS LGT CHOP,202501301300-KMSC-UBUS01-PIREP,28000.0,37.98320898577672,-82.6851575541524,2025-01-30 13:13:00,1.0,0,M,0.8
F,A320,MWC UA /OV BAE/TM 1147/FL310/TP A320/TB NEG 310,NEG 310,202501031100-KMSC-UBUS01-PIREP,31000.0,43.12,-88.28,2025-01-03 11:47:00,0.0,0,M,0.8
F,B738,SKX UA /OV CIM100025/TM 0055/FL370/TP B738/TB LGT CHOP/RM MTN WAVE+/-15KTS ZDVWC,LGT CHOP,202501180105-KWBC-UBUS31-PRCUS,37000.0,36.41764073200692,-104.35956482679693,2025-01-18 00:55:00,1.0,0,M,0.8
F,A321,SRQ UA /OV SRQ285185/TM 1427/FL270/TP A321/TB CONS LGT CHOP,CONS LGT CHOP,202501031400-KMSC-UBUS01-PIREP,27000.0,28.199480029187256,-85.91353045377092,2025-01-03 14:27:00,1.0,0,M,0.8
F,CRJ7,BCK UA /OV KBCK/TM 0430/FL230/TP CRJ7/TB CONS LGT CHOP 250-360,CONS LGT CHOP 250-360,202501180400-KMSC-UBUS01-PIREP,23000.0,44.2507,-90.8553,2025-01-18 04:30:00,1.0,0,M,0.8
F,A321,LSB UA /OV SSO066056/TM 1538/FL290/TP A321/TB LGT/RM ZAB/FDCS,LGT,202501231500-KMSC-UBUS01-PIREP,29000.0,32.64965161619172,-108.25152024160836,2025-01-23 15:38:00,1.0,0,M,0.8
F,B734,PIT UA /OV PIT/TM 0504/FL320/TP B734/TB NEG/RM ZOB,NEG,202501110500-KMSC-UBUS01-PIREP,32000.0,40.49147,-80.23286,2025-01-11 05:04:00,0.0,0,M,0.8
F,B737,EVV UA /OV PXV/TM 0039/FL350/TP B737/TB NEG,NEG,202501300000-KMSC-UBUS01-PIREP,35000.0,37.93,-87.76,2025-01-30 00:39:00,0.0,0,M,0.8
F,E75L,TYS UA /OV VXV305030/TM 1941/FL330/TP E75L/TB LGT CHOP/IC ZTLFD-39,LGT CHOP,202501251900-KMSC-UBUS01-PIREP,33000.0,36.18681144804442,-84.3956643725254,2025-01-25 19:41:00,1.0,0,U,0.6
F,A319,DSM UA /OV DSM270040/TM 2327/FL170/TP A319/SK SKC/TB OCNL LGT CHOP/IC NEG,OCNL LGT CHOP,202501022300-KMSC-UBUS01-PIREP,17000.0,41.53395,-94.5437814542072,2025-01-02 23:27:00,1.0,0,M,0.8
F,E75S,BEH UA /OV ELX/TM 1813/FL170/TP E75S/TB NEG/IC NEG,NEG,202501281800-KMSC-UBUS01-PIREP,17000.0,42.14,-86.12,2025-01-28 18:13:00,0.0,0,U,0.6
F,B738,SEA UA /OV OLM110012/TM 2201/FL180/TP B738/TB LGT 180-120/RM DURD HAWKZ ARRIVAL,LGT 180-120,202501072200-KMSC-UBUS01-PIREP,18000.0,46.90489043060301,-122.62784495502108,2025-01-07 22:01:00,1.0,0,M,0.8
F,CRJ7,ART UA /OV ART/TM 1529/FL300/TP CRJ7/TB OCNL LGT CHOP,OCNL LGT CHOP,202501051500-KMSC-UBUS01-PIREP,30000.0,43.98883,-76.0262,2025-01-05 15:29:00,1.0,0,M,0.8
F,A321,STL UA /OV FTZ300015/TM 0006/FL340/TP A321/TB CONS LGT CHOP/RM ZKC/FDC/CW,CONS LGT CHOP,202501160000-KMSC-UBUS01-PIREP,34000.0,38.815010125010126,-91.24740285044594,2025-01-16 00:06:00,1.0,0,M,0.8
F,AT46,PNS UA /OV PNS160008/TM 1228/FL017/TP AT46/SK CLR/TB LGT CHOP BELOW 040/RM DURD,LGT CHOP BELOW 040,202501121200-KMSC-UBUS01-PIREP,1700.0,30.352757501871427,-87.13402152837746,2025-01-12 12:28:00,1.0,0,U,0.6
F,B38M,ILM UA /OV ILM190100/TM 1221/FL340/TP B38M/TB NEG/IC NEG,NEG,202501251200-KMSC-UBUS01-PIREP,34000.0,32.62852079580005,-78.25024133425211,2025-01-25 12:21:00,0.0,0,U,0.6
F,E75L,MKG UA /OV MKG/TM 0058/FL110/TP E75L/TB NEG/IC NEG,NEG,202501070000-KMSC-UBUS01-PIREP,11000.0,43.17111,-86.23667,2025-01-07 00:58:00,0.0,0,U,0.6
F,B737,SJN UA /OV ZUN270015/TM 1543/FL400/TP B737/TB CONS LGT CHOP/RM ZAB/FDCS,CONS LGT CHOP,202501141500-KMSC-UBUS01-PIREP,40000.0,35.08,-109.09551736204436,2025-01-14 15:43:00,1.0,0,M,0.8
F,E75L,FAR UA /OV FAR140020/TM 1320/FL290/TP E75L/TB CONS LGT CHOP,CONS LGT CHOP,202501101300-KMSC-UBUS01-PIREP,29000.0,46.66991116907303,-96.49735437085816,2025-01-10 13:20:00,1.0,0,U,0.6
F,PC12,THA UA /OV THA/TM 1912/FL100/TP PC12/SK IMC/TB NEG/IC NEG/RM ZME,NEG,202501051900-KMSC-UBUS01-PIREP,10000.0,35.38,-86.2467,2025-01-05 19:12:00,0.0,0,L,0.6
F,B763,TVC UA /OV TVC/TM 1645/FL300/TP B763/TB NEG,NEG,202501041600-KMSC-UBUS01-PIREP,30000.0,44.74164,-85.58236,2025-01-04 16:45:00,0.0,0,H,1.0
F,E55P,FAY UA /OV FAY/TM 1309/FL190/TP E55P/TB NEG,NEG,202501131300-KMSC-UBUS01-PIREP,19000.0,34.99122,-78.88028,2025-01-13 13:09:00,0.0,0,U,0.6
F,F900,LOZ UA /OV LVT360040/TM 1934/FL340/TP F900/TB CONS LGT CHOP,CONS LGT CHOP,202501161900-KMSC-UBUS01-PIREP,34000.0,37.24672066672066,-85.17,2025-01-16 19:34:00,1.0,0,M,0.8
F,B737,OME UA /OV OME /TM 1835 /FL008-000 /TP B737 /SK OVC008 /TB LGT /ICLGT RIME /RM DURD RWY 28 OME /BA RWY 28 BA MEDIUM WET SN (AKFSS),LGT,202501131800-KMSC-UBUS01-PIREP,800.0,64.51,-165.44,2025-01-13 18:35:00,1.0,0,M,0.8
F,B737,CKV UA /OV CKV/TM 1535/FL260/TP B737/TB NEG/RM ZME,NEG,202501261500-KMSC-UBUS01-PIREP,26000.0,36.62188,-87.41495,2025-01-26 15:35:00,0.0,0,M,0.8
F,B38M,MDQ UA /OV RQZ360005/TM 1242/FL350/TP B38M/TB LGT OCNL CHOP/RM ZTLFD-06,LGT OCNL CHOP,202501081200-KMSC-UBUS01-PIREP,35000.0,34.88334008334008,-86.63,2025-01-08 12:42:00,1.0,0,U,0.6
F,DH8D,LEB UA /OV LEB200030/TM 2311/FL240/TP DH8D/TB OCNL LGT CHOP,OCNL LGT CHOP,202501112300-KMSC-UBUS01-PIREP,24000.0,43.15622563201784,-72.54045738424601,2025-01-11 23:11:00,1.0,0,M,0.8
F,B39M,SDF UA /OV MYS180015/TM 0119/FL280/TP B39M/TB NEG,NEG,202501260100-KMSC-UBUS01-PIREP,28000.0,37.63997974997975,-86.24,2025-01-26 01:19:00,0.0,0,U,0.6
F,C172,ARB UA /OV KARB180001/TM 2205/FL018/TP C172/SK BKN025/TB NEG,NEG,202501022200-KMSC-UBUS01-PIREP,1800.0,42.207291983331984,-83.73972,2025-01-02 22:05:00,0.0,0,L,0.6
F,B737,LEX UA /OV HYK002031/TM 1306/FL170/TP B737/TB LGT CHOP /IC NEG,LGT CHOP,202501121300-KMSC-UBUS01-PIREP,17000.0,38.486393751841135,-84.44712531752849,2025-01-12 13:06:00,1.0,0,M,0.8
F,B744,BET UA /OV BET041058/TM 1422/FL350/TP B744/TB OCNL LGT/RM /ZAN/,OCNL LGT,202501111500-KMSC-UBUS01-PIREP,35000.0,61.49961168803458,-160.5311670397851,2025-01-11 14:22:00,1.0,0,H,1.0
F,B737,TLH UA /OV SZW/TM 0453/FL380/TP B737/TB NEG,NEG,202501230500-KMSC-UBUS01-PIREP,38000.0,30.56,-84.37,2025-01-23 04:53:00,0.0,0,M,0.8
F,C172,HTS UA /OV HTS/TM 1600/FL018/TP C172/TB LGT CHOP,LGT CHOP,202501021600-KMSC-UBUS01-PIREP,1800.0,38.365,-82.555,2025-01-02 16:00:00,1.0,0,L,0.6
F,A320,CTY UA /OV CTY/TM 1227/FL380/TP A320/TB NEG,NEG,202501111200-KMSC-UBUS01-PIREP,38000.0,29.63553,-83.10475,2025-01-11 12:27:00,0.0,0,M,0.8
F,CRJ9,RMG UA /OV RMG/TM 1337/FL080/TP CRJ9/TB NEG/IC ZTLFD-05,NEG,202501271300-KMSC-UBUS01-PIREP,8000.0,34.34778,-85.16111,2025-01-27 13:37:00,0.0,0,U,0.6
F,B737,TLH UA /OV TLH/TM 1145/FL370/TP B737/TB CONS LGT CHOP,CONS LGT CHOP,202501091100-KMSC-UBUS01-PIREP,37000.0,30.39354,-84.35135,2025-01-09 11:45:00,1.0,0,M,0.8
F,F90,MKO UA /OV MKO/TM 1227/FL390/TP F90/TB SMOOTH AT 390 LGT CHOP 350 /RM EASTBOUND TO F81 ZFW,SMOOTH AT 390 LGT CHOP 350,202501241200-KMSC-UBUS01-PIREP,39000.0,35.65667,-95.36139,2025-01-24 12:27:00,1.0,0,M,0.8
F,SF50,LAF UA /OV BVT/TM 1721/FL300/TP SF50/TB NEG,NEG,202501161700-KMSC-UBUS01-PIREP,30000.0,40.56,-87.07,2025-01-16 17:21:00,0.0,0,U,0.6
F,A319,FQD UA /OV SPA/TM 1238/FL230/TP A319/TB NEG/RM ZTLFD 31,NEG,202501151200-KMSC-UBUS01-PIREP,23000.0,34.9157222,-81.9565,2025-01-15 12:38:00,0.0,0,M,0.8
F,B39M,DIK UA /OV DIK/TM 0047/FL350/TP B39M/TB NEG,NEG,202501150000-KMSC-UBUS01-PIREP,35000.0,46.79733,-102.80186,2025-01-15 00:47:00,0.0,0,U,0.6
F,A319,AKO UA /OV AKO030025/TM 2310/FL350/TP A319/TB CONS LGT CHOP/RM ZDVWC,CONS LGT CHOP,202501302320-KWBC-UBCO90-PIREP,35000.0,40.53650314663012,-102.94934546456692,2025-01-30 23:10:00,1.0,0,M,0.8
F,B738,JST UA /OV JST180020/TM 1227/FL360/TP B738/TB CONS LGT CHOP/RM ZOB,CONS LGT CHOP,202501281200-KMSC-UBUS01-PIREP,36000.0,39.98274966663967,-78.83394,2025-01-28 12:27:00,1.0,0,M,0.8
F,C208,PAHO UA /OV PAHO045011 /TM 2024 /FL038 /TP C208 /TB LGT /RM (AKFSS,LGT,202501292030-KWBC-UBUS31-PRCUS,3800.0,59.77520674376374,-151.22003044210985,2025-01-29 20:24:00,1.0,0,L,0.6
F,B752,HLC UA /OV HLC111009/TM 2259/FL390/TP B752/TB CONS LGT CHOP/RM ZDVWC-18,CONS LGT CHOP,202501182300-KMSC-UBUS01-PIREP,39000.0,39.32180045339327,-99.64854582603,2025-01-18 22:59:00,1.0,0,M,0.8
F,A321,SRQ UA /OV SRQ285185/TM 1119/FL370/TP A321/SK SKC/TB OCNL LGT/IC NEG,OCNL LGT,202501181100-KMSC-UBUS01-PIREP,37000.0,28.199480029187256,-85.91353045377092,2025-01-18 11:19:00,1.0,0,M,0.8
F,A319,PGA UA /OV TBC240015/TM 2155/FL330/TP A319/TB CONS LGT CHOP/RM ZDVWC-23,CONS LGT CHOP,202501202100-KMSC-UBUS01-PIREP,33000.0,35.99498987498987,-111.53804670975003,2025-01-20 21:55:00,1.0,0,M,0.8
F,A321,ALS UA /OV ALS/TM 2331/FL320/TP A321/TB NEG/RM ZDVWC,NEG,202501202340-KWBC-UBUS31-PRCUS,32000.0,37.43889,-105.86139,2025-01-20 23:31:00,0.0,0,M,0.8
F,BE36,SPI UA /OV DBQ350020/TM 2158/FL040/TP BE36/TB NEG/IC NEG,NEG,202501092200-KMSC-UBUS01-PIREP,4000.0,42.72664584083999,-90.78753080364793,2025-01-09 21:58:00,0.0,0,L,0.6
F,B739,HNL UA /OV DRAYK/TM 0227/FL330/TP B739/TB CONS LGT,CONS LGT,202501050200-KMSC-UBUS01-PIREP,33000.0,36.6206,-116.0278,2025-01-05 02:27:00,1.0,0,M,0.8
F,B739,HTS UA /OV ECB150040/TM 2106/FL350/TP B739/TB CONS LGT CHOP,CONS LGT CHOP,202501242100-KMSC-UBUS01-PIREP,35000.0,37.5826029653918,-82.4860330182469,2025-01-24 21:06:00,1.0,0,M,0.8
F,A20N,TLH UA /OV TLH145080/TM 0718/FL350/TP A20N/TB LGT CHOP,LGT CHOP,202501200700-KMSC-UBUS01-PIREP,35000.0,29.301248805772094,-83.46466266872434,2025-01-20 07:18:00,1.0,0,U,0.6
F,CRJ2,DRO UA /OV DRO/TM 2209/FL120/TP CRJ2/TB NEG/IC NEG/RM ZDVWC-36,NEG,202501152200-KMSC-UBUS01-PIREP,12000.0,37.15152,-107.75377,2025-01-15 22:09:00,0.0,0,M,0.8
F,E545,TUL UA /OV TUL/TM 1905/FL420/TP E545/TB NEG/RM ZKC FDC,NEG,202501311900-KMSC-UBUS01-PIREP,42000.0,36.19839,-95.88811,2025-01-31 19:05:00,0.0,0,U,0.6
F,CRJ2,VOK UA /OV VOK/TM 1211/FL230/TP CRJ2/TB NEG,NEG,202501151200-KMSC-UBUS01-PIREP,23000.0,43.93924,-90.25316,2025-01-15 12:11:00,0.0,0,M,0.8
F,B738,LBB UA /OV LBB055035/TM 1545/FL380/TP B738/TB CONS LGT/RM ZAB/FDCS,CONS LGT,202501231500-KMSC-UBUS01-PIREP,38000.0,33.99825335605183,-101.24861933897652,2025-01-23 15:45:00,1.0,0,M,0.8
F,A321,AMG UA /OV AMG185030/TM 1614/FL350/TP A321/TB LGT,LGT,202501101600-KMSC-UBUS01-PIREP,35000.0,31.03792230502851,-82.55769320533321,2025-01-10 16:14:00,1.0,0,M,0.8
F,A21N,SJN UA /OV SJN230020/TM 2130/FL310/TP A21N/TB LGT CHOP/RM ZAB/FDCS,LGT CHOP,202501032100-KMSC-UBUS01-PIREP,31000.0,34.30572010815501,-109.6899405519609,2025-01-03 21:30:00,1.0,0,U,0.6
F,B737,FAI UA /OV FAI180035 /TM 1103 /FL130 /TP B737 /TB LGT 130-040 /RMDURD FAI APCH (AKFSS),LGT 130-040,202501071100-KMSC-UBUS01-PIREP,13000.0,64.22661941661941,-147.85,2025-01-07 11:03:00,1.0,0,M,0.8
F,B737,RMG UA /OV RMG/TM 1207/FL215/TP B737/TB NEG/IC ZTLFD-05,NEG,202501041200-KMSC-UBUS01-PIREP,21500.0,34.34778,-85.16111,2025-01-04 12:07:00,0.0,0,M,0.8
F,R752,SYR UA /OV SYR250030/TM 1035/FL130/TP R752/TB LGT CHOP,LGT CHOP,202501291000-KMSC-UBUS01-PIREP,13000.0,42.94016607650751,-76.7499618073972,2025-01-29 10:35:00,1.0,0,,0.6
F,B712,HUF UA /OV TTH360010/TM 1306/FL290/TP B712/TB NEG,NEG,202501291300-KMSC-UBUS01-PIREP,29000.0,39.65668016668017,-87.25,2025-01-29 13:06:00,0.0,0,M,0.8
F,A321,PSK UA /OV PSK/TM 2030/FL360/TP A321/TB OCNL CONS LGT/IC ZTLFD-15,OCNL CONS LGT,202501112000-KMSC-UBUS01-PIREP,36000.0,37.13735,-80.67848,2025-01-11 20:30:00,1.0,0,M,0.8
F,A321,LIC UA /OV HGO/TM 2346/FL360/TP A321/TB NEG/RM ZDVWC,NEG,202501152355-KWBC-UBCO90-PIREP,36000.0,38.81,-103.63,2025-01-15 23:46:00,0.0,0,M,0.8
F,BE10,MRI UA /OV MRI/TM 2337/FL012/TP BE10/TB LGT BLO 060/IC NEG,LGT BLO 060,202501272300-KMSC-UBUS01-PIREP,1200.0,61.21,-149.84,2025-01-27 23:37:00,1.0,0,L,0.6
F,A321,MLB UA /OV MLB340030/TM 1253/FL370/TP A321/TB OCNL LGT CHOP,OCNL LGT CHOP,202501081300-KMSC-UBUS01-PIREP,37000.0,28.572634367982157,-80.83914175709495,2025-01-08 12:53:00,1.0,0,M,0.8
F,A321,IGQ UA /OV CGT/TM 1743/FL220/TP A321/TB CONS LGT CHOP,CONS LGT CHOP,202501301700-KMSC-UBUS01-PIREP,22000.0,41.51,-87.57,2025-01-30 17:43:00,1.0,0,M,0.8
F,M600,ORL UA /OV ORL180020/TM 2100/FL220/TP M600/SK SKC/TB NEG,NEG,202501242100-KMSC-UBUS01-PIREP,22000.0,28.212099666639663,-81.33294,2025-01-24 21:00:00,0.0,0,U,0.6
F,K35R,GUS UA /OV GUS/TM 1604/FL110/TP K35R/TA M24/TB NEG/IC LGT RIME,NEG,202501231600-KMSC-UBUS01-PIREP,11000.0,40.64809,-86.15212,2025-01-23 16:04:00,0.0,0,H,1.0
F,B739,ATL UA /OV HCH/TM 2352/FL270/TP B739/TB NEG,NEG,202501170000-KMSC-UBUS01-PIREP,27000.0,35.78,-84.98,2025-01-16 23:52:00,0.0,0,M,0.8
F,B737,BIE UA /OV PWE/TM 1318/FL380/TP B737/SK UNKN/TB LGT/RM ZKC FDC,LGT,202501261300-KMSC-UBUS01-PIREP,38000.0,40.2,-96.21,2025-01-26 13:18:00,1.0,0,M,0.8
F,CRJ9,LOZ UA /OV AZQ/TM 2140/FL270/TP CRJ9/TB LGT CHOP,LGT CHOP,202501012100-KMSC-UBUS01-PIREP,27000.0,37.39,-83.26,2025-01-01 21:40:00,1.0,0,U,0.6
F,C56X,BHM UA /OV VUZ150035/TM 1332/FL200/TP C56X/TB OCNL LGT CHOP/RM ZTLFD-13,OCNL LGT CHOP,202501081300-KMSC-UBUS01-PIREP,20000.0,33.16477759471783,-86.54951371465899,2025-01-08 13:32:00,1.0,0,M,0.8
F,B737,IND UA /OV VHP/TM 2358/FL390/TP B737/TB NEG,NEG,202502010000-KMSC-UBUS01-PIREP,39000.0,39.81,-86.37,2025-01-31 23:58:00,0.0,0,M,0.8
F,C252,AVL UA /OV SOT090015/TM 1439/FL370/TP C252/TB CONS LGT CHOP/RM ZTLFD-15,CONS LGT CHOP,202501031400-KMSC-UBUS01-PIREP,37000.0,35.79,-82.7417766763753,2025-01-03 14:39:00,1.0,0,U,0.6
F,LJ45,DSM UA /OV DSM243034/TM 1729/FL250/TP LJ45/TB CONS LGT CHOP,CONS LGT CHOP,202501151700-KMSC-UBUS01-PIREP,25000.0,41.27666787862948,-94.32766593569372,2025-01-15 17:29:00,1.0,0,M,0.8
F,M600,CEZ UA /OV CEZ/TM 1854/FL230/TP M600/TB NEG /RM ZDVWC-36,NEG,202501151800-KMSC-UBUS01-PIREP,23000.0,37.303,-108.62806,2025-01-15 18:54:00,0.0,0,U,0.6
F,B38M,CEW UA /OV CEW160217/TM 2033/FL320/TP B38M/TB NEG,NEG,202501302000-KMSC-UBUS01-PIREP,32000.0,27.38116973826242,-85.08010069439453,2025-01-30 20:33:00,0.0,0,U,0.6
F,BCS3,RWF UA /OV RWF/TM 0300/FL360/TP BCS3/TB OCNL LGT,OCNL LGT,202501040300-KMSC-UBUS01-PIREP,36000.0,44.54689,-95.082,2025-01-04 03:00:00,1.0,0,U,0.6
F,B737,VIH UA /OV VIH160030/TM 1943/FL340/TP B737/TB NEG/RM ZKC FDC,NEG,202501151900-KMSC-UBUS01-PIREP,34000.0,37.66011563201785,-91.5525815530484,2025-01-15 19:43:00,0.0,0,M,0.8
F,PC12,ATL UA /OV HRS/TM 2051/FL150/TP PC12/TB NEG/IC ZTLFD-49,NEG,202501182000-KMSC-UBUS01-PIREP,15000.0,34.94,-83.92,2025-01-18 20:51:00,0.0,0,L,0.6
F,B737,ATL UA /OV ATL350040/TM 1209/FL150/TP B737/TB NEG/IC NEG/RM ZTLFD-41,NEG,202501061200-KMSC-UBUS01-PIREP,15000.0,34.28669168167998,-84.58084708274139,2025-01-06 12:09:00,0.0,0,M,0.8
F,A320,LWD UA /OV LMN/TM 0126/FL320/TP A320/TB NEG,NEG,202501100100-KMSC-UBUS01-PIREP,32000.0,40.6,-93.97,2025-01-10 01:26:00,0.0,0,M,0.8
F,B777,CVG UA /OV CVG035035/TM 1341/FL250/TP B777/TB NEG,NEG,202501291400-KMSC-UBUS01-PIREP,25000.0,39.520937397474704,-84.24084074574652,2025-01-29 13:41:00,0.0,0,H,1.0
F,A321,YKN UA /OV YKN/TM 0844/FL330/TP A321/TB CONS LGT CHOP,CONS LGT CHOP,202501240800-KMSC-UBUS01-PIREP,33000.0,42.91669,-97.38594,2025-01-24 08:44:00,1.0,0,M,0.8
F,A320,CHA UA /OV GQO150040/TM 1958/FL320/TP A320/TB NEG/IC ZTLFD-37,NEG,202501032000-KMSC-UBUS01-PIREP,32000.0,34.382602965391804,-84.74324091591454,2025-01-03 19:58:00,0.0,0,M,0.8
F,PC12,GAL UA /OV GAL /TM 1450 /FL270 /TP PC12 /TA M50 /WV 27077KT /TB LGT /RM (AKFSS,LGT,202501311500-KWBC-UBUS31-PRCUS,27000.0,64.73,-156.93,2025-01-31 14:50:00,1.0,0,L,0.6
F,C25A,MYGF UA /OV ZFP322031/TM 1536/FL340/TP C25A/TB OCNL LGT CHOP,OCNL LGT CHOP,202501071500-KMSC-UBUS01-PIREP,34000.0,26.90717186764649,-79.13546464786606,2025-01-07 15:36:00,1.0,0,L,0.6
F,A21N,RSW UA /OV RSW/TM 1055/FL330/TP A21N/SK OVC/TB LGT CONS,LGT CONS,202501221100-KWBC-UBUS31-PRCUS,33000.0,26.53806,-81.75673,2025-01-22 10:55:00,1.0,0,U,0.6
F,C56X,CEW UA /OV CEW/TM 0510/FL390/TP C56X/TB OCNL LGT,OCNL LGT,202501040500-KMSC-UBUS01-PIREP,39000.0,30.78,-86.52,2025-01-04 05:10:00,1.0,0,M,0.8
F,A321,IND UA /OV AZQ080055/TM 1512/FL370/TP A321/TB CONS LGT,CONS LGT,202501111500-KMSC-UBUS01-PIREP,37000.0,37.54919038958477,-82.12370026821493,2025-01-11 15:12:00,1.0,0,M,0.8
F,B737,DEN UA /OV DEN270020/TM 2217/FL380/TP B737/TB NEG/RM ZDVWC-,NEG,202501232200-KMSC-UBUS01-PIREP,38000.0,39.8328,-105.09160987478948,2025-01-23 22:17:00,0.0,0,M,0.8
F,A21N,MSN UA /OV MSN250020/TM 1344/FL340/TP A21N/TB INTMT LGT CHOP,INTMT LGT CHOP,202501161300-KMSC-UBUS01-PIREP,34000.0,43.02654405100501,-89.77458727446947,2025-01-16 13:44:00,1.0,0,U,0.6
F,B763,DBQ UA /OV DBQ/TM 2235/FL370/TP B763/TB NEG,NEG,202501252200-KMSC-UBUS01-PIREP,37000.0,42.39835,-90.709143,2025-01-25 22:35:00,0.0,0,H,1.0
F,A10,PGA UA /OV TBC/TM 2152/FL260/TP A10/TB NEG/RM ZDVWC-68,NEG,202501062100-KMSC-UBUS01-PIREP,26000.0,36.12,-111.27,2025-01-06 21:52:00,0.0,0,L,0.6
F,CL35,MDW UA /OV KMDW180015/TM 1300/FL100/TP CL35/TB NEG/IC NEG/RM DURC IMC,NEG,202501101300-KMSC-UBUS01-PIREP,10000.0,41.53594974997975,-87.75242,2025-01-10 13:00:00,0.0,0,U,0.6
F,A319,EEO UA /OV EKR/TM 0204/FL360/TP A319/TB LGT CHOP/RM ZDVWC-03,LGT CHOP,202501260200-KMSC-UBUS01-PIREP,36000.0,40.07,-107.92,2025-01-26 02:04:00,1.0,0,M,0.8
F,B738,ALS UA /OV ALS/TM 0105/FL340/TP B738/TB NEG/RM ZDVWC,NEG,202501020135-KWBC-UBCO90-PIREP,34000.0,37.43889,-105.86139,2025-01-02 01:05:00,0.0,0,M,0.8
F,B737,CEW UA /OV CEW360020/TM 2201/FL360/TP B737/TB NEG CAT,NEG CAT,202501092200-KMSC-UBUS01-PIREP,36000.0,31.113360333360333,-86.52,2025-01-09 22:01:00,0.0,0,M,0.8
F,E75L,VIH UA /OV VIH120025/TM 1321/FL330/TP E75L/TB NEG CHOP 330/RM /ZKC/FDC/XJ,NEG CHOP 330,202501281300-KMSC-UBUS01-PIREP,33000.0,37.92164979164979,-91.31123097234229,2025-01-28 13:21:00,0.0,0,U,0.6
F,B39M,SYI UA /OV SYI/TM 1335/FL320/TP B39M/TB LGT CHOP INTMT/RM ZME,LGT CHOP INTMT,202501301300-KMSC-UBUS01-PIREP,32000.0,35.5594,-86.4425,2025-01-30 13:35:00,1.0,0,U,0.6
F,B757,HLC UA /OV HLC275025/TM 1922/FL370/TP B757/TB NEG/RM SUPER SMOOTH ZDVWC-18,NEG,202501081900-KMSC-UBUS01-PIREP,37000.0,39.411877834320784,-100.3667348278888,2025-01-08 19:22:00,0.0,0,M,0.8
F,A320,SJT UA /OV SJT/TM 1405/FL340/TP A320/TB LGT CONS CHOP/RM ZFW,LGT CONS CHOP,202501271400-KMSC-UBUS01-PIREP,34000.0,31.35167,-100.495,2025-01-27 14:05:00,1.0,0,M,0.8

