URGENT,AIRCRAFT,REPORT,TURBULENCE,PRODUCT_ID,FL,LAT,LON,datetime,turbulence_intensity,turb_label,in_sigmet,Plane Weight,sample_weight
F,PC12,HTS UA /OV YRK/TM 2303/FL160/TP PC12/TB NEG,NEG,202502092300-KMSC-UBUS01-PIREP,16000.0,38.64,-82.98,2025-02-09 23:03:00+00:00,0.0,0,0,L,0.6
T,B38M,GPI UUA /OV GPI20040/TM 2129/FL280/TP B38M/TB SEV /ZLC,SEV,202502272100-KMSC-UBUS01-PIREP,28000.0,48.3042,-114.2636,2025-02-27 21:29:00+00:00,5.0,1,0,U,0.6
F,C206,RZT UA /OV RZT /TM 2243/FL060/TP C206/SK SKC/TA M01/TB NEG /IC NEG,NEG,202502072300-KMSC-UBUS01-PIREP,6000.0,39.4404,-83.0231,2025-02-07 22:43:00+00:00,0.0,0,0,L,0.6
F,B739,TYS UA /OV VXV265028/TM 1233/FL370/TP B739/TB NEG/RM ZTLFD-40,NEG,202502251200-KMSC-UBUS01-PIREP,37000.0,35.859324025560724,-84.4639563154443,2025-02-25 12:33:00+00:00,0.0,0,0,M,0.8
T,C208,IAD UUA /OV FDK030016/TM 2034/FL070/TP C208/TB SEV 070,SEV 070,202502172000-KMSC-UBUS01-PIREP,7000.0,39.64853881384328,-77.20170490081675,2025-02-17 20:34:00+00:00,5.0,1,0,L,0.6
T,GLF5,PVU UUA /OV FFU320030/TM 2328/FL200/TP GLF5/TB SEV 170-200/RM /ZLC,SEV 170-200,202502072300-KMSC-UBUS01-PIREP,20000.0,40.65305324639046,-112.36125417834364,2025-02-07 23:28:00+00:00,5.0,1,1,M,0.8
F,B38M,JHW UA /OV JHW170023/TM 2107/FL290/TP B38M/TB CONS LGT 290/RM ZOB,CONS LGT 290,202502082100-KMSC-UBUS01-PIREP,29000.0,41.77584978303401,-79.16823374287931,2025-02-08 21:07:00+00:00,1.0,0,0,U,0.6
T,CRJ9,CMH UUA /OV ROD090030/TM 1306/FL260/TP CRJ9/TB SEV 260-290,SEV 260-290,202502161300-KMSC-UBUS01-PIREP,26000.0,40.29,-83.38445094177341,2025-02-16 13:06:00+00:00,5.0,1,0,U,0.6
F,B38M,ORD UA /OV PMM360010/TM 1948/FL250/TP B38M/TB NEG 320-250,NEG 320-250,202502131900-KMSC-UBUS01-PIREP,25000.0,42.636680166680165,-86.11,2025-02-13 19:48:00+00:00,0.0,0,0,U,0.6
T,CL35,UTS UUA /OV LOA360015/TM 2130/FL310/TP CL35/TB SEV/RM ZHU,SEV,202502122100-KMSC-UBUS01-PIREP,31000.0,31.37002025002025,-95.97,2025-02-12 21:30:00+00:00,5.0,1,0,U,0.6
F,B77W,AUG UA /OV AUG/TM 1924/FL360/TP B77W/TB NEG 320-360,NEG 320-360,202502161900-KMSC-UBUS01-PIREP,36000.0,44.32,-69.8,2025-02-16 19:24:00+00:00,0.0,0,0,U,0.6
T,B767,BOI UUA /OV BOI220035/TM 0236/FL320/TP B767/TB SEV/RM 50KT WINDSHIFT FL270-320 /ZLC,SEV,202502070200-KMSC-UBUS01-PIREP,32000.0,43.1197745458778,-116.7580922028974,2025-02-07 02:36:00+00:00,5.0,1,0,H,1.0
F,A21N,ABY UA /OV PZD045040/TM 1246/FL340/TP A21N/TA M49/TB CONS LGT CAT/IC ZTLFD-22,CONS LGT CAT,202502161200-KMSC-UBUS01-PIREP,34000.0,32.1314427045954,-83.73612896150924,2025-02-16 12:46:00+00:00,1.0,0,0,U,0.6
T,B738,RNO UUA /OV FMG200032/TM 1343/FL370/TP B738/TB SEV CAT/RM POCKET JUST SOUTHEAST OF LAKE TAHOE,SEV CAT,202502221300-KMSC-UBUS01-PIREP,37000.0,39.0287900074857,-119.89651957198564,2025-02-22 13:43:00+00:00,5.0,1,0,M,0.8
F,B737,MCK UA /OV HCT020003/TM 1850/FL290/TP B737/TB LGT CHOP/RM ZDVWC,LGT CHOP,202502191855-KWBC-UBNE90-PIREP,29000.0,40.49698843679822,-100.89752560834322,2025-02-19 18:50:00+00:00,1.0,0,0,M,0.8
T,PA46,BOS UUA /OV BOS330030/TM 1330/FL050/TP PA46/TB SEV,SEV,202502141300-KMSC-UBUS01-PIREP,5000.0,42.79361777595615,-71.34808938604039,2025-02-14 13:30:00+00:00,5.0,1,0,L,0.6
T,C150,MLJ UUA /OV MLJ180010/TM 1838/FL035/TP C150/TB SEV,SEV,202502171800-KMSC-UBUS01-PIREP,3500.0,32.98748653331983,-83.2406944,2025-02-17 18:38:00+00:00,5.0,1,0,L,0.6
F,C208,BFD UA /OV BFD/TM 0101/FL045/TP C208/SK 004 BASE/TB NEG/IC NEG/RM DURD ZOB,NEG,202502010100-KMSC-UBUS01-PIREP,4500.0,41.80307,-78.64012,2025-02-01 01:01:00+00:00,0.0,0,0,L,0.6
F,B753,SDF UA /OV IIU/TM 1308/FL340/TP B753/SK SKC/TB NEG,NEG,202502181300-KMSC-UBUS01-PIREP,34000.0,38.1,-85.58,2025-02-18 13:08:00+00:00,0.0,0,0,M,0.8
T,A320,DAY UUA /OV DAY/TM 1312/FL250/TP A320/TB SEV 250 +/-20KTS DURC 230-290,SEV 250 +,202502161300-KMSC-UBUS01-PIREP,25000.0,39.90611,-84.21861,2025-02-16 13:12:00+00:00,5.0,1,0,M,0.8
T,UNKN,EFK UUA /OV CYUL/TM 1520/FL250/TP UNKN/TB SEV 230-250/RM REPORTED BY CYUL APPROACH,SEV 230-250,202502271500-KMSC-UBUS01-PIREP,25000.0,45.46827,-73.74139,2025-02-27 15:20:00+00:00,5.0,1,0,U,0.6
T,C56X,AVL UUA /OV SOT200020/TM 1359/FL170/TP C56X/TB SEV/RM ZTLFD-49,SEV,202502201400-KMSC-UBUS01-PIREP,17000.0,35.476743754678566,-83.19055811376325,2025-02-20 13:59:00+00:00,5.0,1,0,M,0.8
F,C402,BIL UA /OV BIL330080/TM 0100/FL075/TP C402/TB SEV,SEV,202502010100-KMSC-UBUS01-PIREP,7500.0,46.96169406921639,-109.49864954798568,2025-02-01 01:00:00+00:00,5.0,1,0,L,0.6
F,B764,LAA UA /OV LAA060040/TM 0053/FL280/TP B764/TB CONS LGT CHOP/RM ZDVWC,CONS LGT CHOP,202502100100-KWBC-UBCO90-PIREP,28000.0,38.40336033336033,-101.95463202655384,2025-02-10 00:53:00+00:00,1.0,0,0,H,1.0
T,C25B,DTW UUA /OV DXO100080/TM 1554/FL280/TP C25B/TB SEV 280/RM DURC ZOB,SEV 280,202502161500-KMSC-UBUS01-PIREP,28000.0,41.97845034242215,-81.5970746658014,2025-02-16 15:54:00+00:00,5.0,1,0,U,0.6
T,P28A,SJC UUA /OV SJC300005/TM 2110/FL040/TP P28A/TB SEV,SEV,202502062100-KMSC-UBUS01-PIREP,4000.0,37.401070041670046,-122.01522342280091,2025-02-06 21:10:00+00:00,5.0,1,0,L,0.6
T,PA46,ASE UUA /OV KASE250030/TM 2315/FL170/TP PA46/TB SEV,SEV,202502052300-KMSC-UBUS01-PIREP,17000.0,39.05214607650751,-107.4754059386858,2025-02-05 23:15:00+00:00,5.0,1,0,L,0.6
F,A333,MLT UA /OV MLT/TM 1443/FL380/TP A333/TB NEG,NEG,202502111400-KMSC-UBUS01-PIREP,38000.0,45.64784,-68.68556,2025-02-11 14:43:00+00:00,0.0,0,0,H,1.0
T,CRJ9,LFI UUA /OV CCV/TM 0021/FL270/TP CRJ9/TB SEV 270,SEV 270,202502280000-KMSC-UBUS01-PIREP,27000.0,37.35,-76.0,2025-02-28 00:21:00+00:00,5.0,1,0,U,0.6
F,C56X,FAT UA /OV FAT080056/TM 2207/FL370/TP C56X/TB SEV,SEV,202502022200-KMSC-UBUS01-PIREP,37000.0,36.942084760304496,-118.5717136922163,2025-02-02 22:07:00+00:00,5.0,1,0,M,0.8
F,B739,ABR UA /OV ABR/TM 1410/FL290/TP B739/TB LGT CHOP,LGT CHOP,202502281400-KMSC-UBUS01-PIREP,29000.0,45.45,-98.42,2025-02-28 14:10:00+00:00,1.0,0,0,M,0.8
T,B77W,SEA UUA /OV 4335N12849W/TM 0818/FL280/TP B77W/TB SEV,SEV,202502220800-KMSC-UBUS01-PIREP,28000.0,43.5833,-128.8166,2025-02-22 08:18:00+00:00,5.0,1,0,U,0.6
F,B738,MEM UA /OV MEM180010/TM 2210/FL320/TP B738/TB NEG/RM ZME,NEG,202502132200-KMSC-UBUS01-PIREP,32000.0,34.89442983331983,-89.985,2025-02-13 22:10:00+00:00,0.0,0,0,M,0.8
T,M600,CSV UUA /OV HCH01722/TM 2342/FL260/TP M600/TB SEV CHOP 260-240/RM ZTLFD-37,SEV CHOP 260-240,202502232300-KMSC-UBUS01-PIREP,26000.0,35.78,-84.98,2025-02-23 23:42:00+00:00,5.0,1,0,U,0.6
T,BE9L,FMN UUA /OV RSK230030/TM 2005/FL130/TP BE9L/TB SEV/RM ZDVWC-36,SEV,202502072000-KMSC-UBUS01-PIREP,13000.0,36.42858016223251,-108.57806729942908,2025-02-07 20:05:00+00:00,5.0,1,0,L,0.6
F,B737,GJT UA /OV JNC180020/TM 0117/FL300/TP B737/TB INTMT LGT CHOP/RM ZDVWC-,INTMT LGT CHOP,202502180100-KMSC-UBUS01-PIREP,30000.0,38.72663966663967,-108.79,2025-02-18 01:17:00+00:00,1.0,0,0,M,0.8
F,C172,PMD UA /OV PMD240018/TM 1733/FL055/TP C172/TB SEV,SEV,202502271800-KMSC-UBUS01-PIREP,5500.0,34.47937784998785,-118.4003186694066,2025-02-27 17:33:00+00:00,5.0,1,0,L,0.6
T,E170,PRX UUA /OV PRX200030/TM 1835/FL350/TP E170/TB SEV/RM ZFW,SEV,202502151800-KMSC-UBUS01-PIREP,35000.0,33.166725632017844,-95.65616749356002,2025-02-15 18:35:00+00:00,5.0,1,1,U,0.6
F,B737,MCI UA /OV MCI070080/TM 1311/FL400/TP B737/TB LGT CHOP/RM ZKCFDC,LGT CHOP,202502021300-KMSC-UBUS01-PIREP,40000.0,39.75367379597998,-93.09473567006432,2025-02-02 13:11:00+00:00,1.0,0,0,M,0.8
F,E145,VJI UA /OV GZG090010/TM 2338/FL270/TP E145/TB LGT CHOP/RM ZTLFD-43,LGT CHOP,202502232300-KMSC-UBUS01-PIREP,27000.0,36.83,-81.87175849714448,2025-02-23 23:38:00+00:00,1.0,0,0,M,0.8
T,B737,MEM UUA /OV MEM270015/TM 1903/FL250/TP B737/TB OCNL SEV/RM ZME,OCNL SEV,202502231900-KMSC-UBUS01-PIREP,25000.0,35.06111,-90.29044665552158,2025-02-23 19:03:00+00:00,5.0,1,0,M,0.8
T,B737,GLD UUA /OV GLD254049/TM 0223/FL300/TP B737/TB SEV,SEV,202502180200-KMSC-UBUS01-PIREP,30000.0,39.1420979259868,-102.7088486096648,2025-02-18 02:23:00+00:00,5.0,1,0,M,0.8
T,BE40,FSM UUA /OV FSM135035/TM 1854/FL380/TP BE40/TB SEV/RM +/-2000FT ZME,SEV,202502151900-KMSC-UBUS01-PIREP,38000.0,34.92406763347903,-93.86176667627304,2025-02-15 18:54:00+00:00,5.0,1,1,M,0.8
T,PA34,DEN UUA /OV BJC130010/TM 2003/FL090/TP PA34/TB SEV/RM MOD MTN WV,SEV,202502012000-KMSC-UBUS01-PIREP,9000.0,39.80167005407751,-104.95073192420227,2025-02-01 20:03:00+00:00,5.0,1,0,L,0.6
F,A319,EVV UA /OV PXV/TM 2241/FL330/TP A319/TB NEG/IC NEG,NEG,202502262200-KMSC-UBUS01-PIREP,33000.0,37.93,-87.76,2025-02-26 22:41:00+00:00,0.0,0,0,M,0.8
F,A319,ALO UA /OV ALO094029/TM 2315/FL270/TP A319/TB NEG,NEG,202502232300-KMSC-UBUS01-PIREP,27000.0,42.52064664005499,-91.74670236046656,2025-02-23 23:15:00+00:00,0.0,0,0,M,0.8
T,GLF6,CPR UUA /OV DDY018077/TM 1243/FL450/TP GLF6/TB SEV/RM ZDVWC-32 SEV MTN WAVE AC BRIEFLY UNCONTROLLABLE,SEV,202502011200-KMSC-UBUS01-PIREP,45000.0,44.31062139166918,-105.7369163790517,2025-02-01 12:43:00+00:00,5.0,1,0,U,0.6
F,A319,MBPV UA /OV PVN272064/TM 1940/FL360/TP A319/TB OCNL LGT CHOP,OCNL LGT CHOP,202502191900-KMSC-UBUS01-PIREP,36000.0,21.80722914513553,-73.4079767632158,2025-02-19 19:40:00+00:00,1.0,0,0,M,0.8
F,P28R,ALM UA /OV FLY-ALM /TM 1820 /FL105 /TP P28R /TB NEG /RM PRETTY SMTH,NEG,202502251800-KMSC-UBUS01-PIREP,10500.0,35.89282,-105.28024,2025-02-25 18:20:00+00:00,0.0,0,0,L,0.6
T,C172,EVV UUA /OV 15 S EVV/TM 1836/FL030/TP C172/TB SEV TURB /RM NO INJURIES OR DAMAGE,SEV TURB,202502261800-KMSC-UBUS01-PIREP,3000.0,37.79407974997975,-87.5205,2025-02-26 18:36:00+00:00,5.0,1,0,L,0.6
T,PC12,DEN UUA /OV 20 NW KBJC/TM 2114/FL125/TP PC12/TB SEV,SEV,202502132100-KMSC-UBUS01-PIREP,12500.0,40.10001763202962,-105.47318624617846,2025-02-13 21:14:00+00:00,5.0,1,0,L,0.6
F,CL60,LIT UA /OV LIT095045/TM 1455/FL360/TP CL60/TB CONS LGT CHOP/RM ZME,CONS LGT CHOP,202502131500-KMSC-UBUS01-PIREP,36000.0,34.66192789822259,-91.32657881129862,2025-02-13 14:55:00+00:00,1.0,0,0,M,0.8
T,PC12,CNM UUA /OV CNM210020/TM 0910/FL130/TP PC12/TB SEV TURB/RM ZAB FDCS,SEV TURB,202502070900-KMSC-UBUS01-PIREP,13000.0,32.048771482695905,-104.46055513318136,2025-02-07 09:10:00+00:00,5.0,1,0,L,0.6
F,737,BTT UA /OV BTT223046/TM 1945/FL310/TP 737/TB LGT/RM SMOOTH /ZAN,LGT,202502011900-KMSC-UBUS01-PIREP,31000.0,66.34925007831501,-152.8533477814144,2025-02-01 19:45:00+00:00,1.0,0,0,M,0.8
T,M600,CSV UUA /OV HCH01722/TM 2342/FL260/TP M600/TB SEV TURB 260-240/RM ZTLFD-37,SEV TURB 260-240,202502240000-KMSC-UBUS01-PIREP,26000.0,35.78,-84.98,2025-02-23 23:42:00+00:00,5.0,1,0,U,0.6
F,GLF6,BDR UA /OV BDR010001/TM 0137/FL130/TP GLF6/TB CONS LGT CHOP,CONS LGT CHOP,202502070100-KMSC-UBUS01-PIREP,13000.0,41.174744792042,-73.12504567179477,2025-02-07 01:37:00+00:00,1.0,0,0,U,0.6
T,S22T,ABQ UUA /OV ABQ270040/TM 1916/FL115/TP S22T/TB SEV/RM ZAB/FDCS,SEV,202502091900-KMSC-UBUS01-PIREP,11500.0,35.0419,-107.42983285015244,2025-02-09 19:16:00+00:00,5.0,1,0,U,0.6
T,C172,FNL UUA /OV FNL/TM 2110/FL060/TP C172/TB SEV 060/RM 1500 FOOT PER MINUTE UPDRAFT FOLLOWED BY 1000 FOOT PER MINUTE DOWNDRAFT ON 1/4NM DEPARTURE RY15,SEV 060,202502072115-KWBC-UBUS35-PIRUS,6000.0,40.45183,-105.01134,2025-02-07 21:10:00+00:00,5.0,1,0,L,0.6
F,C560,GRD UA /OV GRD/TM 2041/FL330/TP C560/TB NEG/IC NEG/RM ZTLFD-32,NEG,202502122000-KMSC-UBUS01-PIREP,33000.0,34.25,-82.16,2025-02-12 20:41:00+00:00,0.0,0,0,M,0.8
F,E75L,SDF UA /OV IIU325030/TM 1553/FL190/TP E75L/TA M6/TB LGT CHOP/IC LGT RIME 190-210,LGT CHOP,202502021600-KMSC-UBUS01-PIREP,19000.0,38.509609197835466,-85.94446649347182,2025-02-02 15:53:00+00:00,1.0,0,0,U,0.6
T,GLF5,EWR UUA /OV EWR 220010/TM 1653/FL060/TP GLF5/TB SEV,SEV,202502071600-KMSC-UBUS01-PIREP,6000.0,40.55503558453652,-74.31060388548876,2025-02-07 16:53:00+00:00,5.0,1,0,M,0.8
F,CRJ7,DAY UA /OV ROD/TM 1624/FL310/TP CRJ7/TB NEG,NEG,202502021600-KMSC-UBUS01-PIREP,31000.0,40.29,-84.04,2025-02-02 16:24:00+00:00,0.0,0,0,M,0.8
F,C56X,CRW UA /OV HNN/TM 2300/FL400/TP C56X/TB OCNL LGT CHOP,OCNL LGT CHOP,202502132300-KMSC-UBUS01-PIREP,40000.0,38.75,-82.03,2025-02-13 23:00:00+00:00,1.0,0,0,M,0.8
T,GLF6,ASE UUA /OV HBU175030/TM 2220/FL470/TP GLF6/TB SEV TURB/RM MTN WAVE .79M -.9M ZDVWC-38,SEV TURB,202502022200-KMSC-UBUS01-PIREP,47000.0,37.95186230502851,-106.9843512230392,2025-02-02 22:20:00+00:00,5.0,1,0,U,0.6
F,BL8,CHO UA /OV 5 E OMH/TM 1400/FL065/TP BL8/TB SEV,SEV,202502071400-KMSC-UBUS01-PIREP,6500.0,38.24719,-77.9394912368457,2025-02-07 14:00:00+00:00,5.0,1,0,L,0.6
T,A321,PHX UUA /OV PXR035045/TM 2235/FL180/TP A321/TB SEV,SEV,202502142200-KMSC-UBUS01-PIREP,18000.0,34.0444137967532,-111.45449791429756,2025-02-14 22:35:00+00:00,5.0,1,0,M,0.8
F,C525,GZH UA /OV MVC/TM 1644/FL155/TP C525/SK TOP 155/TB NEG 155/IC NEG 155/RM DURC TO FL230 ZTLFD-13,NEG 155,202502111600-KMSC-UBUS01-PIREP,15500.0,31.45,-87.35,2025-02-11 16:44:00+00:00,0.0,0,0,L,0.6
F,B752,RST UA /OV RST/TM 1337/FL340/TP B752/TB OCNL LGT CHOP,OCNL LGT CHOP,202502151300-KMSC-UBUS01-PIREP,34000.0,43.9041,-92.4916,2025-02-15 13:37:00+00:00,1.0,0,0,M,0.8
F,A319,TRI UA /OV HMV270030/TM 1508/FL200/TP A319/TB LGT CHOP/RM ZTLFD 45,LGT CHOP,202502121500-KMSC-UBUS01-PIREP,20000.0,36.44,-82.75157036191858,2025-02-12 15:08:00+00:00,1.0,0,0,M,0.8
T,C172,DEN UUA /OV CFO090017 /TM 1821 /FL065 /TP C172 /TB SEV CHOP,SEV CHOP,202502031800-KMSC-UBUS01-PIREP,6500.0,39.7841,-104.1688679033386,2025-02-03 18:21:00+00:00,5.0,1,0,L,0.6
F,C56X,CRG UA /OV CRG045030/TM 1158/FL340/TP C56X/TB NEG,NEG,202502131200-KMSC-UBUS01-PIREP,34000.0,30.689682028446548,-81.10502412425714,2025-02-13 11:58:00+00:00,0.0,0,0,M,0.8
F,CRJ7,RIC UA /OV HPW250022/TM 1950/FL160/TP CRJ7/TB SEV CAT 160,SEV CAT 160,202502161900-KMSC-UBUS01-PIREP,16000.0,37.20458245610551,-77.55335123732553,2025-02-16 19:50:00+00:00,5.0,1,0,M,0.8
F,B738,DPA UA /OV DPA/TM 1325/FL160/TP B738/TB LGT CHOP 160-190,LGT CHOP 160-190,202502021300-KMSC-UBUS01-PIREP,16000.0,41.90778,-88.24861,2025-02-02 13:25:00+00:00,1.0,0,0,M,0.8
F,GLF5,COS UA /OV BRK278015/TM 1853/FL430/TP GLF5/TB SEV CLEAR AIR TURB 430/RM ZDVWC-46,SEV CLEAR AIR TURB 430,202502071900-KMSC-UBUS01-PIREP,43000.0,38.97479609349813,-104.94831527289236,2025-02-07 18:53:00+00:00,5.0,1,0,M,0.8
F,B737,DTW UA /OV 15 SE DTW/TM 2306/FL120/TP B737/TA M10/TB LGT/IC LGT RIME/RM DURD,LGT,202502262300-KMSC-UBUS01-PIREP,12000.0,42.05320898577672,-83.09123931416104,2025-02-26 23:06:00+00:00,1.0,0,0,M,0.8
F,E545,SRQ UA /OV SRQ290240/TM 0529/FL410/TP E545/TB NEG,NEG,202502050625-KWBC-UBFL90-PIREP,41000.0,28.76958138793993,-86.79273601281932,2025-02-05 05:29:00+00:00,0.0,0,0,U,0.6
T,BE55,L35 UUA /OV HEC210040/TM 2004/FL110/TP BE55/TB SEV/RM COR SA-ID. ZLA CWSU,SEV,202502062000-KMSC-UBUS01-PIREP,11000.0,34.2226029653918,-116.86596803802809,2025-02-06 20:04:00+00:00,5.0,1,0,L,0.6
F,C208,FAT UA /OV FAT090085/TM 1745/FL070/TP C208/TB SEV,SEV,202502071700-KMSC-UBUS01-PIREP,7000.0,36.78,-117.9505026139868,2025-02-07 17:45:00+00:00,5.0,1,0,L,0.6
T,B767,MJX UUA /OV CYN045030/TM 1920/FL100/TP B767/TB SEV/RM LEAVING 100 DESCENDING,SEV,202502201900-KMSC-UBUS01-PIREP,10000.0,40.17358202844655,-73.969642720998,2025-02-20 19:20:00+00:00,5.0,1,0,H,1.0
T,BE20,KTN UUA /OV KTN295019 /TM 0400 /FL057 /TP BE20 /TB SEV /RM SEVERE TURBULENCE AT RUYOC Y11 APPROACH (AKFSS,SEV,202502260410-KWBC-UBAK90-PIREP,5700.0,55.48383995638714,-132.21481880263732,2025-02-26 04:00:00+00:00,5.0,1,0,M,0.8
T,E145,LCH UUA /OV LCH180030/TM 0125/FL260/TP E145/TB SEV TURB/RM ZHU,SEV TURB,202502190100-KMSC-UBUS01-PIREP,26000.0,29.6254603499595,-93.2277037,2025-02-19 01:25:00+00:00,5.0,1,1,M,0.8
T,GLF6,LWT UUA /OV LWT186041/TM 2007/FL430/TP GLF6/TB SEV/ZLC,SEV,202502012000-KMSC-UBUS01-PIREP,43000.0,46.36960499132306,-109.57152823182358,2025-02-01 20:07:00+00:00,5.0,1,0,U,0.6
F,B38M,CEZ UA /OV DVC/TM 1755/FL370/TP B38M/TB NEG/RM ZDVWC-38,NEG,202502031800-KMSC-UBUS01-PIREP,37000.0,37.81,-108.93,2025-02-03 17:55:00+00:00,0.0,0,0,U,0.6
F,U2,NID UA /OV NID360065/TM 2010/FL580/TP U2/TB SEV,SEV,202502072000-KMSC-UBUS01-PIREP,58000.0,36.76892108342109,-117.692,2025-02-07 20:10:00+00:00,5.0,1,0,U,0.6
F,B737,LNK UA /OV LNK/TM 0207/FL380/TP B737/TB CONS LGT/ OCNL MOD CHOP,CONS LGT,202502140200-KMSC-UBUS01-PIREP,38000.0,40.831178,-96.763275,2025-02-14 02:07:00+00:00,1.0,0,0,M,0.8
F,C172,EST UA /OV KEST /TM 2115 /FL045 /TP C172 /SK SKC /WX FV99SM /TA 10 /TB NEG /RM DURC,NEG,202502132100-KMSC-UBUS01-PIREP,4500.0,43.400849,-94.747643,2025-02-13 21:15:00+00:00,0.0,0,0,L,0.6
T,C182,W99 UUA /OV LDN270015/TM 1819/FL075/TP C182/TB OCNL SEV CAT,OCNL SEV CAT,202502071800-KMSC-UBUS01-PIREP,7500.0,38.85,-78.5310364489649,2025-02-07 18:19:00+00:00,5.0,1,0,L,0.6
F,B738,IND UA /OV VHP/TM 2303/FL230/TP B738/TB NEG,NEG,202502212300-KMSC-UBUS01-PIREP,23000.0,39.81,-86.37,2025-02-21 23:03:00+00:00,0.0,0,0,M,0.8
F,B788,UUA /OV 62N043W /TM 1300 /FL380 /TP B788 /TB SEV TURB,SEV TURB,202502111347-CYQX-UACN01-PIREP,38000.0,62.0,-43.0,2025-02-11 13:00:00+00:00,5.0,1,0,U,0.6
T,BE20,KTN UUA /OV ANN314026/TM 0404/FL040/TP BE20/TA UNKN/TB SEV 050-040/IC MOD MIX/RM DURD APPCH RWY 11  ZAN,SEV 050-040,202502260400-KMSC-UBUS01-PIREP,4000.0,55.34104300973208,-132.1140432065082,2025-02-26 04:04:00+00:00,5.0,1,0,M,0.8
T,BE9L,PSP UUA /OV PSP20010/TM 0056/FL120/TP BE9L/TB SEV TURB,SEV TURB,202502150000-KMSC-UBUS01-PIREP,12000.0,33.82967,-116.50669,2025-02-15 00:56:00+00:00,5.0,1,0,L,0.6
F,P28A,VGT UA /OV LAS315010/TM 1738/FL037/TP P28A/TB NEG/RM COR LOCTN AND TURB. ZLA CWSU,NEG,202502111700-KMSC-UBUS01-PIREP,3700.0,36.18976067614885,-115.30921686830776,2025-02-11 17:38:00+00:00,0.0,0,0,L,0.6
F,A321,TIF UA /OV TDD250040/TM 0022/FL280/TP A321/TB OCNL LGT CHOP/RM ZDVWC-33,OCNL LGT CHOP,202502200000-KMSC-UBUS01-PIREP,28000.0,41.75196810201001,-101.5627908748397,2025-02-20 00:22:00+00:00,1.0,0,0,M,0.8
T,A20N,PBI UUA /OV PBI073051/TM 0619/FL260/TP A20N/TB SEV 260-240/RM DURD,SEV 260-240,202502250600-KMSC-UBUS01-PIREP,26000.0,26.93323607882633,-79.18957038293401,2025-02-25 06:19:00+00:00,5.0,1,1,U,0.6
F,A333,UUA /OV 4450N04400W /TM 0355 /FL350 /TP A333 /TB SEV,SEV,202502100359-CYQX-UACN01-PIREP,35000.0,44.8333,-44.0,2025-02-10 03:55:00+00:00,5.0,1,0,H,1.0
T,E75L,DEN UUA /OV DEN330035/TM 0140/FL167/TP E75L/TB SEV/RM 167-130 DURING DECENT,SEV,202502250100-KMSC-UBUS01-PIREP,16700.0,40.33802240528217,-105.0373461404408,2025-02-25 01:40:00+00:00,5.0,1,0,U,0.6
T,PC12,IPL UUA /OV IPL090010-IPL /TM 2243 /FL075 /TP PC12 /TB SEV /RM LLWS +/- 20 KTS DOWNDRAFT 1000 FT UPDRAFTS 1000FT,SEV,202502142200-KMSC-UBUS01-PIREP,7500.0,32.83422,-115.38036859666404,2025-02-14 22:43:00+00:00,5.0,1,0,L,0.6
T,C25B,VAD UUA /OV OTK090015/TM 1544/FL290/TP C25B/TB EXTRM CAT,EXTRM CAT,202502131500-KMSC-UBUS01-PIREP,29000.0,30.78,-82.98898728625431,2025-02-13 15:44:00+00:00,7.0,1,1,U,0.6
F,A343,SDF UA /OV IIU/TM 0004/FL350/TP A343/TB NEG,NEG,202502280000-KMSC-UBUS01-PIREP,35000.0,38.1,-85.58,2025-02-28 00:04:00+00:00,0.0,0,0,H,1.0
T,BT36,DGW UUA /OV IIP125035/TM 1942/FL230/TP BT36/TB SEV TURB/RM KNOCKED AUTOPILOT OFF ACFT CLIMBED TO FL234,SEV TURB,202502011900-KMSC-UBUS01-PIREP,23000.0,42.34538664394817,-104.57996045686646,2025-02-01 19:42:00+00:00,5.0,1,0,U,0.6
T,BE40,ILM UUA /OV ILM190154/TM 2257/FL330/TP BE40/TB SEV CAT,SEV CAT,202502132300-KMSC-UBUS01-PIREP,33000.0,31.74212202553208,-78.43937165474826,2025-02-13 22:57:00+00:00,5.0,1,1,M,0.8
F,A320,CEW UA /OV CEW/TM 0857/FL350/TP A320/TB NEG,NEG,202502230800-KMSC-UBUS01-PIREP,35000.0,30.78,-86.52,2025-02-23 08:57:00+00:00,0.0,0,0,M,0.8
F,MULT,DSM UA /OV DSM090020/TM 1454/FL300/TP MULT/TB NEG CHOP,NEG CHOP,202502071400-KMSC-UBUS01-PIREP,30000.0,41.53395,-93.2077802728964,2025-02-07 14:54:00+00:00,0.0,0,0,U,0.6
T,P28A,SHD UUA /OV MOL340045/TM 1256/FL070/TP P28A/TB SEV CAT/RM SEV MTN WAVE,SEV CAT,202502281300-KMSC-UBUS01-PIREP,7000.0,38.60482655197323,-79.43510589196902,2025-02-28 12:56:00+00:00,5.0,1,0,L,0.6
F,A306,LOZ UA /OV AZQ160030/TM 1018/FL350/TP A306/TB LGT,LGT,202502061000-KMSC-UBUS01-PIREP,35000.0,36.92011563201785,-83.0447457697732,2025-02-06 10:18:00+00:00,1.0,0,1,H,1.0
F,CRJ7,ORD UA /OV ORD320025/TM 0034/FL100/TP CRJ7/TA M06/TB NEG/IC NEG/RM IMC,NEG,202502250000-KMSC-UBUS01-PIREP,10000.0,42.30675103865872,-88.2922869920512,2025-02-25 00:34:00+00:00,0.0,0,0,M,0.8
F,C172,FNL UA /OV FNL180003/TM 2042/FL060/TP C172/TB SEV,SEV,202502072000-KMSC-UBUS01-PIREP,6000.0,40.40182594999595,-105.01134,2025-02-07 20:42:00+00:00,5.0,1,0,L,0.6
T,EC30,BOS UUA /OV KBOS330004/TM 1807/FL008/TP EC30/TB SEV/RM ON HAMPS HELI ROUTE NW BOUND BOS,SEV,202502141800-KMSC-UBUS01-PIREP,800.0,42.41830970346082,-71.0548445848054,2025-02-14 18:07:00+00:00,5.0,1,0,L,0.6
F,A359,UUA /OV 4826N06357W /TM 1807 /FL400 /TP A359 /TB SEV,SEV,202502161811-CYXU-UACN01-PIREP,40000.0,48.4333,-63.95,2025-02-16 18:07:00+00:00,5.0,1,0,U,0.6
F,B737,ORD UA /OV ORD130045/TM 1306/FL070/TP B737/SK OVC074/TB LGT CHOP/IC NEG,LGT CHOP,202502081300-KMSC-UBUS01-PIREP,7000.0,41.50541024334876,-87.15890786819175,2025-02-08 13:06:00+00:00,1.0,0,0,M,0.8
F,BE9L,CPR UA /OV DDY257068/TM 0744/FL150/TP BE9L/TB NEG/IC NEG/RM ZDVWC-34,NEG,202502050700-KMSC-UBUS01-PIREP,15000.0,42.83503482121618,-107.79225998679148,2025-02-05 07:44:00+00:00,0.0,0,0,L,0.6
F,A321,OXI UA /OV OXI270012/TM 0449/FL120/TP A321/TB CONS LGT CHOP,CONS LGT CHOP,202502130500-KMSC-UBUS01-PIREP,12000.0,41.3301944,-86.93116847290135,2025-02-13 04:49:00+00:00,1.0,0,0,M,0.8
F,BE36,WJF UA /OV L00/TM 2245/FL095/TP BE36/TB SEV/RM UPDRAFTS AND DOWNDRAFTS 2000,SEV,202502112300-KWBC-UBUS31-PRCUS,9500.0,34.87,-118.2,2025-02-11 22:45:00+00:00,5.0,1,0,L,0.6
F,A319,DSM UA /OV DSM360040/TM 0158/FL320/TP A319/TB CONS LGT CHOP/ OCNL MOD CHOP,CONS LGT CHOP,202502150200-KMSC-UBUS01-PIREP,32000.0,42.20067066672066,-93.653114,2025-02-15 01:58:00+00:00,1.0,0,0,M,0.8
F,B788,UUA /OV 61N045W /TM 1251 /FL380 /TP B788 /TB SEV,SEV,202502111300-CYQX-UACN01-PIREP,38000.0,61.0,-45.0,2025-02-11 12:51:00+00:00,5.0,1,0,U,0.6
F,B764,ORD UA /OV VIO160020/TM 2110/FL350/TP B764/TB NEG,NEG,202502062100-KMSC-UBUS01-PIREP,35000.0,41.98754,-87.93193,2025-02-06 21:10:00+00:00,0.0,0,0,H,1.0
F,CL30,SDF UA /OV IIU/TM 1644/FL140/TP CL30/TB OCNL LGT CHOP 140-180,OCNL LGT CHOP 140-180,202502261600-KMSC-UBUS01-PIREP,14000.0,38.1,-85.58,2025-02-26 16:44:00+00:00,1.0,0,0,U,0.6
F,A320,MBS UA /OV MBS/TM 2212/FL360/TP A320/TB CONS LGT,CONS LGT,202502242200-KMSC-UBUS01-PIREP,36000.0,43.53,-84.08,2025-02-24 22:12:00+00:00,1.0,0,0,M,0.8
F,E55P,DWH UA /OV 15 NW DWH/TM 1516/FL022/TP E55P/TB EXTRM TURB,EXTRM TURB,202502121500-KMSC-UBUS01-PIREP,2200.0,30.211435724022213,-95.7928903748836,2025-02-12 15:16:00+00:00,7.0,1,1,U,0.6
T,P28A,ILG UUA /OV KILG/TM 0345/FL018/TP P28A/TB SEV BLO 018/RM LLWS +/- 10 KT BLO 018 DURD RWY 27,SEV BLO 018,202502140300-KMSC-UBUS01-PIREP,1800.0,39.67278,-75.60083,2025-02-14 03:45:00+00:00,5.0,1,0,L,0.6
T,C172,BJC UUA /OV BJC1800005/TM 1722/FL072/TP C172/TB SEV,SEV,202502071700-KMSC-UBUS01-PIREP,7200.0,39.90881,-105.11719,2025-02-07 17:22:00+00:00,5.0,1,0,L,0.6
F,E75L,GNV UA /OV TAY/TM 1707/FL200/TP E75L/TB NEG,NEG,202502081700-KMSC-UBUS01-PIREP,20000.0,30.5,-82.55,2025-02-08 17:07:00+00:00,0.0,0,0,U,0.6
T,B739,SEA UUA /OV SEA130060/TM 0226/FL190/TP B739/TB SEV CONS 200-170/RM ZSE,SEV CONS 200-170,202502240200-KMSC-UBUS01-PIREP,19000.0,46.801850324465015,-121.18158179827802,2025-02-24 02:26:00+00:00,5.0,1,0,M,0.8
F,C680,RIL UA /OV RIL070020/TM 2230/FL127/TP C680/SK BASE 140/TB CONS LGT/RM ZDVWC,CONS LGT,202502072240-KWBC-UBUS31-PRCUS,12700.0,39.640325948995,-107.32081646848654,2025-02-07 22:30:00+00:00,1.0,0,0,U,0.6
T,B748,MFD UUA /OV MFD280018/TM 1342/FL230/TP B748/TB SEV/RM NO DAMAGES OR INJURES ZOB,SEV,202502161300-KMSC-UBUS01-PIREP,23000.0,40.87209867295502,-82.9104323086618,2025-02-16 13:42:00+00:00,5.0,1,0,U,0.6
T,B38M,BUF UUA /OV BUF250025/TM 1539/FL255/TP B38M/TB SEV/RM NO INJURIES OR DAMAGE DURC ZOB,SEV,202502161500-KMSC-UBUS01-PIREP,25500.0,42.79828006375626,-79.27068974874857,2025-02-16 15:39:00+00:00,5.0,1,0,U,0.6
T,E55P,DWH UUA /OV 15 NW DWH/TM 1516/FL022/TP E55P/TB EXTRM TURB,EXTRM TURB,202502121500-KMSC-UBUS01-PIREP,2200.0,30.211435724022213,-95.7928903748836,2025-02-12 15:16:00+00:00,7.0,1,1,U,0.6
F,A321,CMI UA /OV CMI290005/TM 0036/FL340/TP A321/TB NEG,NEG,202502120000-KMSC-UBUS01-PIREP,34000.0,40.06090398724875,-88.37778029483401,2025-02-12 00:36:00+00:00,0.0,0,0,M,0.8
T,E545,SLC UUA /OV TCH180022/TM 1556/FL130/TP E545/TB SEV TURB/RM DURD,SEV TURB,202502071600-KMSC-UBUS01-PIREP,13000.0,40.48330363330364,-111.98,2025-02-07 15:56:00+00:00,5.0,1,0,U,0.6
T,SR22,RNO UUA /OV FMG150025/TM 0235/FL120/TP SR22/TB SEV,SEV,202502080200-KMSC-UBUS01-PIREP,12000.0,39.16912685336988,-119.38986837293112,2025-02-08 02:35:00+00:00,5.0,1,0,L,0.6
T,A333,ORF UUA /OV 3656N07156W/TM 0140/FL300/TP A333/TB SEV,SEV,202502280100-KMSC-UBUS01-PIREP,30000.0,36.9333,-71.9333,2025-02-28 01:40:00+00:00,5.0,1,1,H,1.0
T,C172,PSP UUA /OV PSP305002/TM 2355/FL036/TP C172/TB EXTRM/RM COR LOCTN. ZLA CWSU,EXTRM,202502070000-KMSC-UBUS01-PIREP,3600.0,33.84879076320296,-116.53956276024869,2025-02-06 23:55:00+00:00,7.0,1,0,L,0.6
T,C172,BJC UUA /OV BJC360008/TM 1531/FL075/TP C172/TB SEV,SEV,202502021500-KMSC-UBUS01-PIREP,7500.0,40.04215413334413,-105.11719,2025-02-02 15:31:00+00:00,5.0,1,0,L,0.6
F,B739,AKO UA /OV AKO270027/TM 2214/FL360/TP B739/TB NEG/RM ZDVWC-16,NEG,202502202200-KMSC-UBUS01-PIREP,36000.0,40.17563,-103.81102859653548,2025-02-20 22:14:00+00:00,0.0,0,0,M,0.8
T,LJ45,PIE UUA /OV PIE260060/TM 1928/FL350/TP LJ45/TB SEV 350,SEV 350,202502221900-KMSC-UBUS01-PIREP,35000.0,27.736337756816614,-83.8019446276573,2025-02-22 19:28:00+00:00,5.0,1,0,M,0.8
T,E75L,DEN UUA /OV 40SW DEN/TM 2146/FL180/TP E75L/TB SEV/RM DURD 180-170,SEV,202502072100-KMSC-UBUS01-PIREP,18000.0,39.3613572954046,-105.27142407248736,2025-02-07 21:46:00+00:00,5.0,1,0,U,0.6
F,A319,MTJ UA /OV MTJ/TM 0436/FL160/TP A319/SK SKC/TB NEG BLO 160/IC NEG/RM ZDVWC-,NEG BLO 160,202502210400-KMSC-UBUS01-PIREP,16000.0,38.505,-107.8975,2025-02-21 04:36:00+00:00,0.0,0,0,M,0.8
F,BE36,WJF UA /OV L00/TM 2245/FL095/TP BE36/TB SEV/RM UPDRAFTS AND DOWNDRAFTS 2000',SEV,202502112200-KMSC-UBUS01-PIREP,9500.0,34.87,-118.2,2025-02-11 22:45:00+00:00,5.0,1,0,L,0.6
F,A321,GLD UA /OV GLD020009/TM 1728/FL350/TP A321/TB LGT CHOP/RM ZDVWC-17,LGT CHOP,202502201700-KMSC-UBUS01-PIREP,35000.0,39.50818531039465,-101.62696419549292,2025-02-20 17:28:00+00:00,1.0,0,0,M,0.8
F,E170,FWA UA /OV II74/TM 1435/FL180/TP E170/TA M06/TB NEG/IC LGT RIME/RM DURD WATSN4 STAR,NEG,202502231400-KMSC-UBUS01-PIREP,18000.0,41.55,-86.05,2025-02-23 14:35:00+00:00,0.0,0,0,U,0.6
T,S22T,BJC UUA /OV BJC/TM 0109/FL080/TP S22T/TB SEV 100-063,SEV 100-063,202502030100-KMSC-UBUS01-PIREP,8000.0,39.90881,-105.11719,2025-02-03 01:09:00+00:00,5.0,1,0,U,0.6
T,C172,DEN UUA /OV BJC330007/TM 0042/FL075/TP C172/TB SEV,SEV,202502010000-KMSC-UBUS01-PIREP,7500.0,40.00985448105644,-105.1932434549301,2025-02-01 00:42:00+00:00,5.0,1,0,L,0.6
F,B38M,BHM UA /OV VUZ/TM 1606/FL380/TP B38M/TA M31/WV 25119/TB LGT CHOP/RM ZTLFD 02,LGT CHOP,202502121600-KMSC-UBUS01-PIREP,38000.0,33.67,-86.9,2025-02-12 16:06:00+00:00,1.0,0,0,U,0.6
T,C172,ARB UUA /OV ARB060001/TM 1752/FL013/TP C172/TB CONS SEV CAT BLO 018,CONS SEV CAT BLO 018,202502281700-KMSC-UBUS01-PIREP,1300.0,42.23229400833401,-83.72022713675476,2025-02-28 17:52:00+00:00,5.0,1,0,L,0.6
F,BE20,GPI UA /OV GPI/TM 1728/FL120/TP BE20/TA M12/TB LGT CHOP/IC TRACE DURC/ZLC,LGT CHOP,202502041700-KMSC-UBUS01-PIREP,12000.0,48.3042,-114.2636,2025-02-04 17:28:00+00:00,1.0,0,0,M,0.8
F,B744,MDO UA /OV MDO115058/TM 1539/FL340/TP B744/TB NEG/RM ZAN,NEG,202502261500-KMSC-UBUS01-PIREP,34000.0,59.03143592260767,-144.57675274206636,2025-02-26 15:39:00+00:00,0.0,0,0,H,1.0
F,A321,HKY UA /OV HRS/TM 1354/FL360/TP A321/TB INTMT LGT CHOP/RM ZTLFD 40,INTMT LGT CHOP,202502191300-KMSC-UBUS01-PIREP,36000.0,34.94,-83.92,2025-02-19 13:54:00+00:00,1.0,0,0,M,0.8
T,PA46,JAX UUA /OV TAY010020/TM 1730/FL120/TP PA46/TB SEV/RM NO DAMAGE/ NO INJURIES,SEV,202502231700-KMSC-UBUS01-PIREP,12000.0,30.828295840839992,-82.48281632394522,2025-02-23 17:30:00+00:00,5.0,1,0,L,0.6
T,SR2,VRB UUA /OV TRV270010/TM 1957/FL085/TP SR2/TB SEV,SEV,202502022000-KMSC-UBUS01-PIREP,8500.0,27.68,-80.6782209575069,2025-02-02 19:57:00+00:00,5.0,1,0,U,0.6
F,B38M,ASE UA /OV DBL240020/TM 2316/FL350/TP B38M/TB NEG/RM ZDVWC-04,NEG,202502062300-KMSC-UBUS01-PIREP,35000.0,39.27331983331983,-107.27382125912736,2025-02-06 23:16:00+00:00,0.0,0,0,U,0.6
T,BE9L,ABQ UUA /OV ABQ284073/TM 2236/FL170/TP BE9L/TB CONS SEV CAT/RM ZAB/FDCS,CONS SEV CAT,202502112200-KMSC-UBUS01-PIREP,17000.0,35.33626214773958,-108.05751222379104,2025-02-11 22:36:00+00:00,5.0,1,0,L,0.6
T,M20T,LAS UUA /OV LAS165017/TM 2245/FL065/TP M20T/TB SEV,SEV,202502072200-KMSC-UBUS01-PIREP,6500.0,35.79819884786488,-115.0726664472284,2025-02-07 22:45:00+00:00,5.0,1,0,L,0.6
T,A21N,ORF UUA /OV 3257N06837W/TM 1810/FL360/TP A21N/TB SEV,SEV,202502241800-KMSC-UBUS01-PIREP,36000.0,32.95,-68.6166,2025-02-24 18:10:00+00:00,5.0,1,0,U,0.6
F,A21N,IND UA /OV VHP030015/TM 0135/FL300/TP A21N/TB NEG,NEG,202502280100-KMSC-UBUS01-PIREP,30000.0,40.02652388797807,-86.20726280193435,2025-02-28 01:35:00+00:00,0.0,0,0,U,0.6
T,C206,BDU UUA /OV OVR BDU/TM 1820/FL110/TP C206/TB SEV TURB/RM SFC-110,SEV TURB,202502021800-KMSC-UBUS01-PIREP,11000.0,41.17,-95.74,2025-02-02 18:20:00+00:00,5.0,1,0,L,0.6
F,B77W,UUA /OV 4953N06039W /TM 1520 /FL340 /TP B77W /TB SEV,SEV,202502161529-CYXU-UACN01-PIREP,34000.0,49.8833,-60.65,2025-02-16 15:20:00+00:00,5.0,1,0,U,0.6
F,B77W,EHM UA /OV EHM236075/TM 1222/FL330/TP B77W/TB LGT CHOP/RM ZAN,LGT CHOP,202502181200-KMSC-UBUS01-PIREP,33000.0,57.94095225232347,-164.051456176102,2025-02-18 12:22:00+00:00,1.0,0,0,U,0.6
T,SR20,TYS UUA /OV 23 MI NW/TM 2102/FL050/TP SR20/TB SEV TURB,SEV TURB,202502132100-KMSC-UBUS01-PIREP,5000.0,35.8181,-83.9858,2025-02-13 21:02:00+00:00,5.0,1,0,L,0.6
T,B789,BOS UUA /OV 44N050W/TM 0501/FL330/TP B789/TB SEV,SEV,202502270500-KMSC-UBUS01-PIREP,33000.0,44.0,-50.0,2025-02-27 05:01:00+00:00,5.0,1,0,U,0.6
T,C56X,JAC UUA /OV KJAC110010/TM 1427/FL170/TP C56X/TB SEV /ZLC,SEV,202502251400-KMSC-UBUS01-PIREP,17000.0,43.55580202550251,-110.5206580909772,2025-02-25 14:27:00+00:00,5.0,1,0,M,0.8
F,B737,4CR UA /OV CNX094075/TM 2133/FL340/TP B737/SK TOP315/TB NEG/RM ZAB/FDCS,NEG,202502182100-KMSC-UBUS01-PIREP,34000.0,34.28279734496981,-104.16916626506456,2025-02-18 21:33:00+00:00,0.0,0,0,M,0.8
F,C68A,GJT UA /OV JNC210017/TM 2247/FL430/TP C68A/TB CONS LGT CHOP/RM ZDVWC-04,CONS LGT CHOP,202502132200-KMSC-UBUS01-PIREP,43000.0,38.81460626029152,-108.97246053133344,2025-02-13 22:47:00+00:00,1.0,0,0,U,0.6
F,B763,AVL UA /OV SUG035020/TM 1400/FL190/TP B763/TB LGT 240-200/RM ZTLFD-44,LGT 240-200,202502191400-KMSC-UBUS01-PIREP,19000.0,35.68307279855697,-82.03539708846644,2025-02-19 14:00:00+00:00,1.0,0,0,H,1.0
F,HDJT,LEX UA /OV HYK/TM 2004/FL310/TP HDJT/WX IMC/TB NEG/IC NEG,NEG,202502052000-KMSC-UBUS01-PIREP,31000.0,37.97,-84.47,2025-02-05 20:04:00+00:00,0.0,0,0,U,0.6
F,E75L,PKB UA /OV JPU200035/TM 1559/FL250/TP E75L/TB LGT CHOP,LGT CHOP,202502021600-KMSC-UBUS01-PIREP,25000.0,38.89180157068749,-81.62835870416255,2025-02-02 15:59:00+00:00,1.0,0,0,U,0.6
F,B350,RME UA /OV UCA/TM 1935/FL200/TP B350/TB CONS LGT CAT 200,CONS LGT CAT 200,202502061900-KMSC-UBUS01-PIREP,20000.0,43.14511,-75.38386,2025-02-06 19:35:00+00:00,1.0,0,0,M,0.8
T,BE30,FMN UUA /OV RSK240030/TM 2250/FL140/TP BE30/TB SEV/RM ZDVWC-36,SEV,202502052200-KMSC-UBUS01-PIREP,14000.0,36.49997974997975,-108.64046267124984,2025-02-05 22:50:00+00:00,5.0,1,1,L,0.6
F,B739,CEZ UA /OV DVC082007/TM 1648/FL250/TP B739/TB LGT CHOP 250/RM ZDVWC-36,LGT CHOP 250,202502261600-KMSC-UBUS01-PIREP,25000.0,37.8262381769658,-108.78375492545804,2025-02-26 16:48:00+00:00,1.0,0,0,M,0.8
T,BE20,BOI UUA /OV BOI100005/TM 0009/FL050/TP BE20/TB SEV/RM DURD.,SEV,202502050000-KMSC-UBUS01-PIREP,5000.0,43.55219814640139,-116.1272878090958,2025-02-05 00:09:00+00:00,5.0,1,0,M,0.8
F,PC12,FSD UA /OV FSD/TM 0626/FL090/TP PC12/TB SEV 090,SEV 090,202502080700-KMSC-UBUS01-PIREP,9000.0,43.57694,-96.75361,2025-02-08 06:26:00+00:00,5.0,1,0,L,0.6
F,B38M,EGE UA /OV RLG023045/TM 2301/FL230/TP B38M/SK TOP230/TB NEG/RM DURD. ZDVWC-13,NEG,202502072300-KMSC-UBUS01-PIREP,23000.0,40.6904345608151,-106.05742156615158,2025-02-07 23:01:00+00:00,0.0,0,0,U,0.6
T,C56X,MIA UUA /OV DHP300040/TM 2350/FL080/TP C56X/TB SEV/RM DURD CURRT OPF,SEV,202502102300-KMSC-UBUS01-PIREP,8000.0,26.133360333360333,-80.99132510944865,2025-02-10 23:50:00+00:00,5.0,1,0,M,0.8
F,CRJ9,ATL UA /OV GRD/TM 1411/FL190/TP CRJ9/TB NEG/RM ZTLFD 31,NEG,202502231400-KMSC-UBUS01-PIREP,19000.0,34.25,-82.16,2025-02-23 14:11:00+00:00,0.0,0,0,U,0.6
F,B737,BJI UA /OV BJI/TM 1722/FL380/TP B737/TB CONS LGT CHOP,CONS LGT CHOP,202502211700-KMSC-UBUS01-PIREP,38000.0,47.50943,-94.93372,2025-02-21 17:22:00+00:00,1.0,0,0,M,0.8
F,SR20,SDF UA /OV EWO180015/TM 2026/FL070/TP SR20/TB NEG/IC NEG,NEG,202502132000-KMSC-UBUS01-PIREP,7000.0,37.37997974997975,-85.68,2025-02-13 20:26:00+00:00,0.0,0,0,L,0.6
F,B767,AKO UA /OV TXC270020/TM 1558/FL410/TP B767/TB NEG/RM ZDVWC-,NEG,202502211600-KMSC-UBUS01-PIREP,41000.0,39.7,-103.6432733638506,2025-02-21 15:58:00+00:00,0.0,0,0,H,1.0
F,B738,BHM UA /OV VUZ/TM 2333/FL360/TP B738/TB NEG/IC ZTLFD-02,NEG,202502142300-KMSC-UBUS01-PIREP,36000.0,33.67,-86.9,2025-02-14 23:33:00+00:00,0.0,0,0,M,0.8
F,B737,HUF UA /OV TTH230010/TM 1157/FL390/TP B737/TB CONS LGT CHOP/RM DURC FL380-FL400,CONS LGT CHOP,202502021200-KMSC-UBUS01-PIREP,39000.0,39.382860054077504,-87.41545098789187,2025-02-02 11:57:00+00:00,1.0,0,0,M,0.8
F,B763,JFZ UA /OV HMV030015/TM 2007/FL290/TP B763/TB NEG/IC NEG/RM ZTLFD 43,NEG,202502042000-KMSC-UBUS01-PIREP,29000.0,36.65652388797807,-81.97460740952035,2025-02-04 20:07:00+00:00,0.0,0,0,H,1.0
F,GLF4,SLC UA /OV KSLC250010/TM 2218/FL100/TP GLF4/SK OVC081-TOP120/SKC/TA M12/WV 31325KT/TB LGT CHOP 080-120/IC TRACE RIME 105-120/RM DURC ARCHZ1,LGT CHOP 080-120,202502182200-KMSC-UBUS01-PIREP,10000.0,40.722992025502506,-112.17684541110314,2025-02-18 22:18:00+00:00,1.0,0,0,M,0.8
T,B788,MLS UUA /OV MLS150035/TM 0943/FL370/TP B788/TB SEV /ZLC,SEV,202502231000-KMSC-UBUS01-PIREP,37000.0,45.92274759471783,-105.4630602364698,2025-02-23 09:43:00+00:00,5.0,1,0,U,0.6
F,E75,BDR UA /OV BDR/TM 1154/FL150/TP E75/SK TOP 150/TB OCNL LGT CHOP 150 ABV,OCNL LGT CHOP 150 ABV,202502061200-KMSC-UBUS01-PIREP,15000.0,41.15833,-73.12889,2025-02-06 11:54:00+00:00,1.0,0,0,U,0.6
T,S22T,BNA UUA /OV 15SW BNA/TM 0029/FL035/TP S22T/TB SEV TURB 035-033,SEV TURB 035-033,202502070000-KMSC-UBUS01-PIREP,3500.0,35.942098985776724,-86.90802612800056,2025-02-07 00:29:00+00:00,5.0,1,0,U,0.6
F,B763,ALB UA /OV ALB/TM 1458/FL160/TP B763/TB OCNL LGT CHOP,OCNL LGT CHOP,202502201500-KMSC-UBUS01-PIREP,16000.0,42.75757,-73.80361,2025-02-20 14:58:00+00:00,1.0,0,0,H,1.0
F,TBM9,LAR UA /OV LAR110030/TM 2234/FL220/TP TBM9/TB NEG/RM ZDVWC-22,NEG,202502192200-KMSC-UBUS01-PIREP,22000.0,41.14103607650751,-105.0494260331935,2025-02-19 22:34:00+00:00,0.0,0,0,U,0.6
T,B190,AFK UUA /OV PWE/TM 0329/FL080/TP B190/TB EXTRM,EXTRM,202502260300-KMSC-UBUS01-PIREP,8000.0,40.2,-96.21,2025-02-26 03:29:00+00:00,7.0,1,0,M,0.8
T,E170,ERI UUA /OV ERI350020/TM 1539/FL310/TP E170/TB SEV/RM NO INJURIES DO DAMAGE DURC,SEV,202502161500-KMSC-UBUS01-PIREP,31000.0,42.40829584083999,-80.25799332874317,2025-02-16 15:39:00+00:00,5.0,1,0,U,0.6
F,E170,CLT UA /OV CLT360025/TM 1403/FL060/TP E170/TB SEV,SEV,202502161400-KMSC-UBUS01-PIREP,6000.0,35.63925041670041,-80.95431,2025-02-16 14:03:00+00:00,5.0,1,1,U,0.6
F,C172,UUA /OV CYBW 360015 /TM 0320 /FL060 /TP C172 /TB SEV,SEV,202502230326-CYEG-UACN01-PIREP,6000.0,51.35308025002025,-114.37444,2025-02-23 03:20:00+00:00,5.0,1,0,L,0.6
T,BE20,HDN UUA /OV 33V076024/TM 2337/FL150/TP BE20/TB SEV/RM ONE POCKET / ZDVWC-13,SEV,202502132300-KMSC-UBUS01-PIREP,15000.0,40.84707659651713,-105.75913276112269,2025-02-13 23:37:00+00:00,5.0,1,0,M,0.8
T,PRM1,PSP UUA /OV PSP/TM 0052/FL070/TP PRM1/TB SEV 050-070,SEV 050-070,202502120000-KMSC-UBUS01-PIREP,7000.0,33.82967,-116.50669,2025-02-12 00:52:00+00:00,5.0,1,0,L,0.6
F,A321,LAA UA /OV LAA/TM 2043/FL260/TP A321/TB CONS LGT CHOP/RM ZDVWC-,CONS LGT CHOP,202502142000-KMSC-UBUS01-PIREP,26000.0,38.07,-102.68806,2025-02-14 20:43:00+00:00,1.0,0,0,M,0.8
F,C172,JAX UA /OV 25 W SGJ/TM 2017/FL050/TP C172/WX +RA/TB LGT,LGT,202502112000-KMSC-UBUS01-PIREP,5000.0,29.95925,-81.82068682063802,2025-02-11 20:17:00+00:00,1.0,0,0,L,0.6
T,BCS3,ERI UUA /OV ERI350040/TM 1343/FL300/TP BCS3/TB SEV/RM NO DAMAGES OR INJURIES ZOB,SEV,202502161300-KMSC-UBUS01-PIREP,30000.0,42.73659168167998,-80.33598665748633,2025-02-16 13:43:00+00:00,5.0,1,0,U,0.6
F,A21N,SUX UA /OV SUX/TM 2321/FL320/TP A21N/TB CONS LGT CHOP,CONS LGT CHOP,202502262300-KMSC-UBUS01-PIREP,32000.0,42.391678,-96.379478,2025-02-26 23:21:00+00:00,1.0,0,0,U,0.6
F,CRJ2,BMG UA /OV OOM/TM 1258/FL210/TP CRJ2/TA M26/TB CONS LGT CHOP/IC TRACE-LGT CLR 210-24,CONS LGT CHOP,202502021300-KMSC-UBUS01-PIREP,21000.0,39.14,-86.61,2025-02-02 12:58:00+00:00,1.0,0,0,M,0.8
F,A320,HDN UA /OV HDN/TM 0330/FL100/TP A320/TB LGT CHOP BLO 100/IC NEG/RM 5KT TAILWIND RWY 10  BA GOOD  SN COVERING RWY BUT GRANULATED NOT SLIPPERY ZDVWC-,LGT CHOP BLO 100,202502120300-KMSC-UBUS01-PIREP,10000.0,40.48,-107.22,2025-02-12 03:30:00+00:00,1.0,0,0,M,0.8
T,BE9L,HLN UUA /OV HLN070040/TM 1655/FL220/TP BE9L/TB SEV/RM MTN WAVE +-20KT /ZLC,SEV,202502241600-KMSC-UBUS01-PIREP,22000.0,46.83363189798999,-111.05166775849032,2025-02-24 16:55:00+00:00,5.0,1,0,L,0.6
T,PA28,SIY UUA /OV FJS070025/TM 2057/FL095/TP PA28/TB SEV/RM ...ZSE,SEV,202502222100-KMSC-UBUS01-PIREP,9500.0,41.59251993624375,-122.28758143925889,2025-02-22 20:57:00+00:00,5.0,1,0,L,0.6
F,A320,OWA UA /OV OWA/TM 0203/FL150/TP A320/TB LGT/IC NEG,LGT,202502080200-KMSC-UBUS01-PIREP,15000.0,44.12333,-93.26056,2025-02-08 02:03:00+00:00,1.0,0,0,M,0.8
F,B190,SVA UA /OV SVA/TM 1915/FL050/TP B190/TB NEG/IC NEG/RM DURC /ZAN/,NEG,202502281900-KMSC-UBUS01-PIREP,5000.0,63.68,-170.49,2025-02-28 19:15:00+00:00,0.0,0,0,M,0.8
F,A320,GRR UA /OV VIO/TM 1501/FL330/TP A320/TB CONS LGT CHOP,CONS LGT CHOP,202502121500-KMSC-UBUS01-PIREP,33000.0,42.88210929,-85.5229853,2025-02-12 15:01:00+00:00,1.0,0,0,M,0.8
F,PA24,HTS UA /OV HTS/TM 1820/FL080/TP PA24/SK TOP 060/TB NEG,NEG,202502171800-KMSC-UBUS01-PIREP,8000.0,38.365,-82.555,2025-02-17 18:20:00+00:00,0.0,0,0,L,0.6
T,B789,ORF UUA /OV 3820N05341W/TM 2025/FL350/TP B789/TB SEV,SEV,202502112000-KMSC-UBUS01-PIREP,35000.0,38.3333,-53.6833,2025-02-11 20:25:00+00:00,5.0,1,0,U,0.6
T,BE36,PIE UUA /OV PIE270085/TM 1754/FL100/TP BE36/TB SEV 100-110,SEV 100-110,202502161700-KMSC-UBUS01-PIREP,10000.0,27.91,-84.29068711924414,2025-02-16 17:54:00+00:00,5.0,1,1,L,0.6
F,A321,SKX UA /OV TAS180030/TM 1555/FL3210/TP A321/TB SEV CAT TURB/RM ZAB FDCS,SEV CAT TURB,202502131500-KMSC-UBUS01-PIREP,32100.0,36.1099594999595,-105.91,2025-02-13 15:55:00+00:00,5.0,1,0,M,0.8
F,B38M,RST UA /OV RST/TM 1244/FL370/TP B38M/TB CONS LGT 270-350/RM DURC OFF MSP,CONS LGT 270-350,202502051200-KMSC-UBUS01-PIREP,37000.0,43.9041,-92.4916,2025-02-05 12:44:00+00:00,1.0,0,0,U,0.6
T,GLF6,CPR UUA /OV DDY018077/TM 1243/FL450/TP GLF6/TB SEV/RM ZDVWC-32 SEV MTN WAVE M.93 TO M.85 30 DEGREE ANGLE UP SUPPLEMENTAL PIREP,SEV,202502011300-KMSC-UBUS01-PIREP,45000.0,44.31062139166918,-105.7369163790517,2025-02-01 12:43:00+00:00,5.0,1,0,U,0.6
F,G280,GAD UA /OV GAD030030/TM 1336/FL410/TP G280/TB CONS LGT/RM ZTLFD-02,CONS LGT,202502121300-KMSC-UBUS01-PIREP,41000.0,34.40569777595615,-85.78759812220858,2025-02-12 13:36:00+00:00,1.0,0,0,U,0.6
T,PA46,DEN UUA /OV 35 SW DEN/TM 1839/FL130/TP PA46/TB SEV TURB/RM 130-110,SEV TURB,202502021800-KMSC-UBUS01-PIREP,13000.0,39.42028763347903,-105.19468356342644,2025-02-02 18:39:00+00:00,5.0,1,0,L,0.6
T,B763,FSM UUA /OV FSM020010/TM 1628/FL350/TP B763/TB EXTRM/RM NO DAMAGE-NO INJURES. +400FT. ZME,EXTRM,202502151600-KMSC-UBUS01-PIREP,35000.0,35.49320812266072,-94.2975574600262,2025-02-15 16:28:00+00:00,7.0,1,0,H,1.0
F,A211N,CMI UA /OV CMI200015/TM 1834/FL350/TP A211N/TB OCNL LGT,OCNL LGT,202502151800-KMSC-UBUS01-PIREP,35000.0,39.79745781600893,-88.38718094861466,2025-02-15 18:34:00+00:00,1.0,0,0,U,0.6
T,PA46,MTJ UUA /OV MTJ014042/TM 2318/FL170/TP PA46/TB SEV/IC NO/RM ZDVWC-12,SEV,202502052300-KMSC-UBUS01-PIREP,17000.0,39.1842620242159,-107.6810816047654,2025-02-05 23:18:00+00:00,5.0,1,0,L,0.6
F,B738,HDN UA /OV CHE090045/TM 1530/FL220/TP B738/TB NEG/RM SMOOTH DURD ZDVWC,NEG,202502071540-KWBC-UBUS31-PRCUS,22000.0,40.52,-106.32331063626474,2025-02-07 15:30:00+00:00,0.0,0,0,M,0.8
F,B737,PUB UA /OV PUB350010/TM 2250/FL370/TP B737/TB OCNL LGT CHOP/RM ZDVWC-30,OCNL LGT CHOP,202502172200-KMSC-UBUS01-PIREP,37000.0,38.45414792041999,-104.5352063889148,2025-02-17 22:50:00+00:00,1.0,0,0,M,0.8
F,B737,EEO UA /OV EKR/TM 2349/FL300/TP B737/TB NEG/RM ZDVWC-03,NEG,202502182300-KMSC-UBUS01-PIREP,30000.0,40.07,-107.92,2025-02-18 23:49:00+00:00,0.0,0,0,M,0.8
F,B752,DBN UA /OV DBN250020/TM 1353/FL220/TP B752/TB NEG/IC NEG/RM ZTLFD-19,NEG,202502121300-KMSC-UBUS01-PIREP,22000.0,32.450400751005006,-83.35696875672421,2025-02-12 13:53:00+00:00,0.0,0,0,M,0.8
F,A321,ILM UA /OV ILM190175/TM 1319/FL350/TP A321/TB LGT CHOP,LGT CHOP,202502211300-KMSC-UBUS01-PIREP,35000.0,31.397411392650085,-78.5129223349412,2025-02-21 13:19:00+00:00,1.0,0,0,M,0.8
T,B747,HNL UUA /OV HNL029212/TM 0515/FL340/TP B747/TB SEV TURB,SEV TURB,202502050500-KMSC-UBUS01-PIREP,34000.0,24.40057328163636,-156.0811404057829,2025-02-05 05:15:00+00:00,5.0,1,0,H,1.0
F,B38M,BDL UA /OV KBDL240015/TM 1601/FL040/TP B38M/WV 23056KT/TB NEG,NEG,202502271600-KMSC-UBUS01-PIREP,4000.0,41.81308987498987,-72.97357865082476,2025-02-27 16:01:00+00:00,0.0,0,0,U,0.6
T,E55P,BJC UUA /OV BJC FA 12L/TM 2019/FL070/TP E55P/TB SEV/RM LLWS +-15KT DURD 070-SFC,SEV,202502022000-KMSC-UBUS01-PIREP,7000.0,39.90881,-105.11719,2025-02-02 20:19:00+00:00,5.0,1,0,U,0.6
F,B737,CVG UA /OV CVG290010/TM 2149/FL280/TP B737/TB NEG,NEG,202502062200-KMSC-UBUS01-PIREP,28000.0,39.10006797449749,-84.87333552249214,2025-02-06 21:49:00+00:00,0.0,0,0,M,0.8
F,E170,TLH UA /OV TLH/TM 1351/FL070/TP E170/SK IMC/WX 2 1/2/TB SEV 070,SEV 070,202502191300-KMSC-UBUS01-PIREP,7000.0,30.39354,-84.35135,2025-02-19 13:51:00+00:00,5.0,1,0,U,0.6
F,P28B,LNP UA /OV LNP350015/TM 1849/FL080/TP P28B/SK TOP 060 OVC/TA M10/TB NEG CHOP/RM CLEAR ABOVE,NEG CHOP,202502211800-KMSC-UBUS01-PIREP,8000.0,37.23375188063,-82.58435325884908,2025-02-21 18:49:00+00:00,0.0,0,0,L,0.6
F,E145,IND UA /OV BLF270030/TM 1700/FL210/TP E145/TB LGT,LGT,202502111700-KMSC-UBUS01-PIREP,21000.0,37.2958,-81.83627227982977,2025-02-11 17:00:00+00:00,1.0,0,0,M,0.8
T,C441,TOR UUA /OV EAN/TM 1325/FL060/TP C441/TB SEV/RM ZDVWC-22,SEV,202502041300-KMSC-UBUS01-PIREP,6000.0,42.0555,-104.9286,2025-02-04 13:25:00+00:00,5.0,1,0,L,0.6
F,CRJ7,BMI UA /OV BMI/TM 2319/FL300/TP CRJ7/TB OCNL LGT CHOP,OCNL LGT CHOP,202502142300-KMSC-UBUS01-PIREP,30000.0,40.47711,-88.91592,2025-02-14 23:19:00+00:00,1.0,0,0,M,0.8
F,A321,GUC UA /OV HBU260040/TM 1634/FL300/TP A321/TB CONS LGT /RM ZDVWC-04,CONS LGT,202502021600-KMSC-UBUS01-PIREP,30000.0,38.33422517121108,-107.87839718445656,2025-02-02 16:34:00+00:00,1.0,0,0,M,0.8
F,B737,SDF UA /OV HFY/TM 0329/FL390/TP B737/TB NEG,NEG,202502140300-KMSC-UBUS01-PIREP,39000.0,39.6276,-86.088,2025-02-14 03:29:00+00:00,0.0,0,0,M,0.8
T,C172,OFK UUA /OV OFK/TM 0054/FL038/TP C172/TB EXTRM,EXTRM,202502260100-KMSC-UBUS01-PIREP,3800.0,41.98546,-97.43511,2025-02-26 00:54:00+00:00,7.0,1,0,L,0.6
F,A321,ATL UA /OV ELW/TM 2200/FL320/TP A321/TB LGT/IC NEG/RM ZTLFD 32,LGT,202502212200-KMSC-UBUS01-PIREP,32000.0,34.42,-82.78,2025-02-21 22:00:00+00:00,1.0,0,0,M,0.8
F,A21N,BJI UA /OV BJI/TM 1104/FL350/TP A21N/TB LGT CHOP,LGT CHOP,202502211100-KMSC-UBUS01-PIREP,35000.0,47.50943,-94.93372,2025-02-21 11:04:00+00:00,1.0,0,0,U,0.6
T,E170,BMG UUA /OV OOM09020/TM 0550/FL340/TP E170/TB SEV/RM BTWN FL330 AND FL340,SEV,202502140600-KMSC-UBUS01-PIREP,34000.0,39.14,-86.61,2025-02-14 05:50:00+00:00,5.0,1,0,U,0.6
T,B763,MEM UUA /OV MEM045025/TM 1028/FL145/TP B763/TB SEV 145-155/RM ZME,SEV 145-155,202502121000-KMSC-UBUS01-PIREP,14500.0,35.35576169037213,-89.62502766431658,2025-02-12 10:28:00+00:00,5.0,1,0,H,1.0
F,CL30,TIP UA /OV RBS180015/TM 1816/FL220/TP CL30/TB INTMT LGT CHOP/IC NEG,INTMT LGT CHOP,202502121800-KMSC-UBUS01-PIREP,22000.0,40.32997974997975,-88.16,2025-02-12 18:16:00+00:00,1.0,0,0,U,0.6
F,E170,SGF UA /OV SGF/TM 1158/FL340/TP E170/TB NEG CHOP 340/RM ZKC FDC,NEG CHOP 340,202502181200-KMSC-UBUS01-PIREP,34000.0,37.2397,-93.3897,2025-02-18 11:58:00+00:00,0.0,0,0,U,0.6
F,GLF5,HTS UA /OV AZQ280030/TM 1834/FL450/TP GLF5/TB CONS LGT CHOP,CONS LGT CHOP,202502241800-KMSC-UBUS01-PIREP,45000.0,37.476831121591694,-83.87979985370096,2025-02-24 18:34:00+00:00,1.0,0,0,M,0.8
F,B77L,UUA /OV 5930N05230W /TM 1820 /FL340 /TP B77L /TB SEV,SEV,202502151849-CYQX-UACN01-PIREP,34000.0,59.5,-52.5,2025-02-15 18:20:00+00:00,5.0,1,0,U,0.6
T,C172,SJC UUA /OV SJC297014/TM 0022/FL040/TP C172/TB SEV/RM DURD,SEV,202502030000-KMSC-UBUS01-PIREP,4000.0,37.46533969703492,-122.1860035944142,2025-02-03 00:22:00+00:00,5.0,1,0,L,0.6
F,A35K,UUA /OV 62N042W /TM 1950 /FL360 /TP A35K /TB SEV /RM TURB SEV FORAPRX 5 MINS,SEV,202502111953-CYQX-UACN01-PIREP,36000.0,62.0,-42.0,2025-02-11 19:50:00+00:00,5.0,1,0,U,0.6
T,F2TH,DEN UUA /OV DEN180040/TM 1959/FL150/TP F2TH/TB SEV 120-150 DURC,SEV 120-150 DURC,202502022000-KMSC-UBUS01-PIREP,15000.0,39.166079333279335,-104.6575,2025-02-02 19:59:00+00:00,5.0,1,0,M,0.8
T,A21N,HRO UUA /OV HRO360010/TM 1755/FL300/TP A21N/TB SEV/RM ZME,SEV,202502151800-KMSC-UBUS01-PIREP,30000.0,36.42820016668016,-93.15473,2025-02-15 17:55:00+00:00,5.0,1,1,U,0.6
F,B767,CHA UA /OV GQO/TM 1030/FL350/TP B767/TB LGT CONS 350/RM ZTLFD-37,LGT CONS 350,202502251000-KMSC-UBUS01-PIREP,35000.0,34.96,-85.15,2025-02-25 10:30:00+00:00,1.0,0,0,H,1.0
F,C700,CLT UA /OV CLT040050/TM 0042/FL200/TP C700/TB NEG/IC NEG/RM ZTLFD 31,NEG,202502180100-KMSC-UBUS01-PIREP,20000.0,35.860972077317435,-80.2985529339641,2025-02-18 00:42:00+00:00,0.0,0,0,U,0.6
T,C182,ONT UUA /OV 15 NE ONT/TM 1956/FL100/TP C182/TB SEV TURB/RM SEV TURB 080-100 UDDFS,SEV TURB,202502061900-KMSC-UBUS01-PIREP,10000.0,34.232791014223274,-117.38780072585722,2025-02-06 19:56:00+00:00,5.0,1,0,L,0.6
F,C425,RST UA /OV RST210015/TM 0146/FL220/TP C425/TB NEG,NEG,202502060100-KMSC-UBUS01-PIREP,22000.0,43.68757611202193,-92.66510432520197,2025-02-06 01:46:00+00:00,0.0,0,0,L,0.6
T,B738,CRP UUA /OV KCRP130015/TM 1743/FL270/TP B738/TB SEV/RM ZHU,SEV,202502191700-KMSC-UBUS01-PIREP,27000.0,27.61235008111625,-97.29631685950524,2025-02-19 17:43:00+00:00,5.0,1,0,M,0.8
F,B739,DBN UA /OV DBN090012/TM 2112/FL350/TP B739/TB NEG/RM ZTLFD-23,NEG,202502052100-KMSC-UBUS01-PIREP,35000.0,32.5644167,-82.74795064737428,2025-02-05 21:12:00+00:00,0.0,0,1,M,0.8
T,PA46,DEN UUA /OV DEN270012/TM 2014/FL135/TP PA46/TB SEV,SEV,202502022000-KMSC-UBUS01-PIREP,13500.0,39.8328,-104.91796592487368,2025-02-02 20:14:00+00:00,5.0,1,0,L,0.6
T,BE9L,BJC UUA /OV 12 N BJC/TM 1815/FL080/TP BE9L/TB SEV TURB/RM 080-110,SEV TURB,202502021800-KMSC-UBUS01-PIREP,8000.0,40.1088262000162,-105.11719,2025-02-02 18:15:00+00:00,5.0,1,0,L,0.6
T,PA31,GSO UUA /OV MWK270020/TM 1420/FL055/TP PA31/TB SEV/RM NO INJURIES/DAMAGE,SEV,202502281400-KMSC-UBUS01-PIREP,5500.0,36.46,-80.96448709224144,2025-02-28 14:20:00+00:00,5.0,1,0,L,0.6
F,P28R,PSP UA /OV 10W TRM/TM 2304/FL095/TP P28R/TB SEV,SEV,202502062300-KMSC-UBUS01-PIREP,9500.0,33.62667,-116.35984708838738,2025-02-06 23:04:00+00:00,5.0,1,0,L,0.6
F,RV14,4BM UA /OV EIK210065 /TM 1834 /FL130 /TP RV14 /SK SKC /WX FV99SM /TA M03 /WV 33020KT /TB NEG /IC NEG,NEG,202502231800-KMSC-UBUS01-PIREP,13000.0,39.07195481876168,-105.7552338100489,2025-02-23 18:34:00+00:00,0.0,0,0,U,0.6
F,V172,SME UA /OV SME180015/TM 2150/FL045/TP V172/SK SKC/TB NEG/RM VIS 10,NEG,202502172100-KMSC-UBUS01-PIREP,4500.0,36.80355974997975,-84.61564,2025-02-17 21:50:00+00:00,0.0,0,0,U,0.6
F,B738,KTN UA /OV ANN021071/TM 1651/FL370/TP B738/TB OCNL LGT CHOP/RM /ZAN,OCNL LGT CHOP,202502201600-KMSC-UBUS01-PIREP,37000.0,56.14482632179505,-130.82986070151827,2025-02-20 16:51:00+00:00,1.0,0,0,M,0.8
T,GLF6,BED UUA /OV BED/TM 0246/FL001/TP GLF6/TB SEV/RM LLWS +/-20 KT AND SEV TURB SHORT FINAL RY29,SEV,202502180200-KMSC-UBUS01-PIREP,100.0,42.46995,-71.28903,2025-02-18 02:46:00+00:00,5.0,1,0,U,0.6
F,B38M,GJT UA /OV JNC/TM 0848/FL370/TP B38M/TB CONS LGT CHOP/RM ZDVWC-34,CONS LGT CHOP,202502190800-KMSC-UBUS01-PIREP,37000.0,39.06,-108.79,2025-02-19 08:48:00+00:00,1.0,0,0,U,0.6
T,E170,LPR UUA /OV DJB160020/TM 1449/FL270/TP E170/TB SEV 270-280/RM DURC,SEV 270-280,202502161500-KMSC-UBUS01-PIREP,27000.0,41.046743754678566,-82.00809470314123,2025-02-16 14:49:00+00:00,5.0,1,0,U,0.6
F,BE30,CMH UA /OV CMH/TM 1432/FL070/TP BE30/TB NEG/IC NEG,NEG,202502011400-KMSC-UBUS01-PIREP,7000.0,39.99139,-82.88083,2025-02-01 14:32:00+00:00,0.0,0,0,L,0.6
F,CRJ7,GUC UA /OV HBU/TM 1435/FL350/TP CRJ7/TB LGT/RM ZDVWC-25,LGT,202502161400-KMSC-UBUS01-PIREP,35000.0,38.45,-107.04,2025-02-16 14:35:00+00:00,1.0,0,0,M,0.8
F,A35K,UUA /OV 62N040W /TM 1105 /FL390 /TP A35K /TB SEV TURB /RM SEV MNTWAVE,SEV TURB,202502251108-CYQX-UACN01-PIREP,39000.0,62.0,-40.0,2025-02-25 11:05:00+00:00,5.0,1,0,U,0.6
T,CRJ2,CMH UUA /OV ROD/TM 1831/FL280/TP CRJ2/TB SEV,SEV,202502081800-KMSC-UBUS01-PIREP,28000.0,40.29,-84.04,2025-02-08 18:31:00+00:00,5.0,1,1,M,0.8
T,B738,LPR UUA /OV DJB240020/TM 1305/FL240/TP B738/TB SEV 245-285 DURC/RM ZOB,SEV 245-285 DURC,202502161300-KMSC-UBUS01-PIREP,24000.0,41.19331983331983,-82.54463771393675,2025-02-16 13:05:00+00:00,5.0,1,0,M,0.8
F,A319,CRW UA /OV HVQ/TM 1829/FL280/TP A319/TB NEG,NEG,202502181900-KMSC-UBUS01-PIREP,28000.0,38.35,-81.77,2025-02-18 18:29:00+00:00,0.0,0,0,M,0.8
F,P46T,COS UA /OV BRK270045/TM 0204/FL190/TP P46T/TB OCNL LGT /RM ZDVWC-,OCNL LGT,202502090200-KMSC-UBUS01-PIREP,19000.0,38.94,-105.59433061796148,2025-02-09 02:04:00+00:00,1.0,0,0,L,0.6
F,V744,FAI UA /OV FAI112137/TM 2119/FL330/TP V744/TB NEG/RM DURC EASTBOUND FAI-ORT ZAN,NEG,202502072100-KMSC-UBUS01-PIREP,33000.0,63.954578994808266,-142.87552863108442,2025-02-07 21:19:00+00:00,0.0,0,0,U,0.6
T,A321,EEN UUA /OV EEN160020/TM 0959/FL230/TP A321/TB SEV/RM DURD JFUND FL235-190,SEV,202502011000-KMSC-UBUS01-PIREP,23000.0,42.586743754678565,-72.11435594258884,2025-02-01 09:59:00+00:00,5.0,1,1,M,0.8
T,C206,BDL UUA /OV HFD220005/TM 2220/FL040/TP C206/TB SEV BLO 040/RM DURD,SEV BLO 040,202502042200-KMSC-UBUS01-PIREP,4000.0,41.67287779226825,-72.72122924355071,2025-02-04 22:20:00+00:00,5.0,1,0,L,0.6
F,P28A,BIL UA /OV BIL090007/TM 2030/FL045/TP P28A/WV 270017KTG023/TB LGT/RM FINAL RWY 28R  +- 5KT WS,LGT,202502262000-KMSC-UBUS01-PIREP,4500.0,45.8069,-108.3748213291025,2025-02-26 20:30:00+00:00,1.0,0,0,L,0.6
F,BE20,DUT UA /OV DUT /TM 2150 /FL045 /TP BE20 /SK SCT020-TOP045 /TB NEG/RM SN SQUALLS N-NW (AKFSS),NEG,202502252100-KMSC-UBUS01-PIREP,4500.0,53.89,-166.54,2025-02-25 21:50:00+00:00,0.0,0,0,M,0.8
F,B737,CDV UA /OV CDV /TM 2051 /FL100 /TP B737 /TA M22 /TB NEG /IC LGT RIME 100-140 /RM DURD (AKFSS,NEG,202502252055-KWBC-UBUS31-PRCUS,10000.0,60.49,-145.47,2025-02-25 20:51:00+00:00,0.0,0,0,M,0.8
T,C206,DEN UUA /OV 30 W DEN/TM 1808/FL090/TP C206/TB SEV TURB/RM 110-070,SEV TURB,202502021800-KMSC-UBUS01-PIREP,9000.0,39.8328,-105.30866481218422,2025-02-02 18:08:00+00:00,5.0,1,0,L,0.6
T,BE20,BOI UUA /OV BOI100005/TM 0009/FL050/TP BE20/TB SEV/RM DURD,SEV,202502050015-KWBC-UBID91-PIREP,5000.0,43.55219814640139,-116.1272878090958,2025-02-05 00:09:00+00:00,5.0,1,0,M,0.8
F,E55P,SDF UA /OV MXQ225010/TM 1254/FL430/TP E55P/TB CONS LGT CHOP,CONS LGT CHOP,202502021300-KMSC-UBUS01-PIREP,43000.0,39.31213932385115,-83.95258998539465,2025-02-02 12:54:00+00:00,1.0,0,0,U,0.6
F,A321,CSV UA /OV HCH290040/TM 2011/FL350/TP A321/TB CONS LGT CAT/RM ZTLFD-36,CONS LGT CAT,202502272000-KMSC-UBUS01-PIREP,35000.0,36.00803189798999,-85.75226332461078,2025-02-27 20:11:00+00:00,1.0,0,0,M,0.8
T,B763,SMQ UUA /OV SBJ100005/TM 0419/FL170/TP B763/TB SEV CAT 080-170,SEV CAT 080-170,202502010400-KMSC-UBUS01-PIREP,17000.0,40.56552814640138,-74.63193662869783,2025-02-01 04:19:00+00:00,5.0,1,1,H,1.0
F,C212,ENA UA /OV ENA300020/TM 2100/FL120/TP C212/TA M20/TB NEG/IC NEG/RM DURD /ZAN/,NEG,202502282100-KMSC-UBUS01-PIREP,12000.0,60.736680166680166,-151.82755007285712,2025-02-28 21:00:00+00:00,0.0,0,0,M,0.8
F,SR22,PSK UA /OV PSK/TM 1754/FL130/TP SR22/SK TOP 120/TB NEG/IC NEG/RM ZTLFD-45,NEG,202502271700-KMSC-UBUS01-PIREP,13000.0,37.13735,-80.67848,2025-02-27 17:54:00+00:00,0.0,0,0,L,0.6
F,E145,DBQ UA /OV DBQ/TM 2114/FL080/TP E145/TB NEG/IC NEG,NEG,202502022100-KMSC-UBUS01-PIREP,8000.0,42.39835,-90.709143,2025-02-02 21:14:00+00:00,0.0,0,0,M,0.8
T,A321,CHS UUA /OV CHS360070/TM 2054/FL210/TP A321/TB SEV,SEV,202502192000-KMSC-UBUS01-PIREP,21000.0,34.06536116676117,-80.0405,2025-02-19 20:54:00+00:00,5.0,1,0,M,0.8
T,E55P,BJC UUA /OV BJC/TM 2112/FL120/TP E55P/TB SEV,SEV,202502022100-KMSC-UBUS01-PIREP,12000.0,39.90881,-105.11719,2025-02-02 21:12:00+00:00,5.0,1,0,U,0.6
T,PC12,GEG UUA /OV SFF040010/TM 0503/FL060/TP PC12/TB SEV 060/RM DURD,SEV 060,202502250500-KMSC-UBUS01-PIREP,6000.0,47.81050441546349,-117.1634178524379,2025-02-25 05:03:00+00:00,5.0,1,0,L,0.6
T,C25B,GUC UUA /OV HBU207020/TM 1501/FL434/TP C25B/TB SEV TURB 434/RM MOD AT TURB AT 450 DURD ZDVWC-25,SEV TURB 434,202502051500-KMSC-UBUS01-PIREP,43400.0,38.15297376807034,-107.23324805048875,2025-02-05 15:01:00+00:00,5.0,1,0,U,0.6
T,B737,ASE UUA /OV DBL085030/TM 2320/FL240/TP B737/TB SEV/RM DURC FL240-260 / ZDVWC-05,SEV,202502202300-KMSC-UBUS01-PIREP,24000.0,39.483581401184935,-106.2549864332802,2025-02-20 23:20:00+00:00,5.0,1,0,M,0.8
T,SF50,RSW UUA /OV RSW030024/TM 1733/FL060/TP SF50/TB SEV,SEV,202502031700-KMSC-UBUS01-PIREP,6000.0,26.88449822076492,-81.53315772603382,2025-02-03 17:33:00+00:00,5.0,1,0,U,0.6
F,A20N,UUA /OV 58N050W /TM 1802 /FL350 /TP A20N /TB SEV /RM SEV TURB 220 NMEAST OF 58N050W,SEV,202502151755-CYQX-UACN01-PIREP,35000.0,58.0,-50.0,2025-02-14 18:02:00+00:00,5.0,1,0,U,0.6
F,C210,UUA /OV CFR7 270005 /TM 2017 /FL065 /TP C210 /TB SEV /RM RPT AT 1945CCA,SEV,202502222018-CYEG-UACN01-PIREP,6500.0,51.65,-115.37431904411392,2025-02-22 20:17:00+00:00,5.0,1,0,L,0.6
F,PA46,CGI UA /OV CGI090015/TM 2111/FL100/TP PA46/TA M05/TB NEG/IC NEG/RM ZME,NEG,202502182100-KMSC-UBUS01-PIREP,10000.0,37.22532,-89.25675781702543,2025-02-18 21:11:00+00:00,0.0,0,0,L,0.6
F,E170,PRX UA /OV PRX200030/TM 1835/FL350/TP E170/TB SEV/RM ZFW,SEV,202502151800-KMSC-UBUS01-PIREP,35000.0,33.166725632017844,-95.65616749356002,2025-02-15 18:35:00+00:00,5.0,1,1,U,0.6
F,B738,FRM UA /OV FRM/TM 1333/FL340/TP B738/TB NEG,NEG,202502051300-KMSC-UBUS01-PIREP,34000.0,43.64394,-94.41561,2025-02-05 13:33:00+00:00,0.0,0,0,M,0.8
F,A21N,VLA UA /OV VLA/TM 1336/FL260/TP A21N/TB LGT CHOP 260/RM /ZKCFDC,LGT CHOP 260,202502101300-KMSC-UBUS01-PIREP,26000.0,38.99,-89.16,2025-02-10 13:36:00+00:00,1.0,0,0,U,0.6
T,E170,ERI UUA /OV ERI320035/TM 1531/FL270/TP E170/TB SEV 270/RM CORRECTION FROM MOD TB LLWS +/-10 KTS -100FT NO INJURIES NO DAMAGE ZOB,SEV 270,202502161500-KMSC-UBUS01-PIREP,27000.0,42.52689545412221,-80.68523423596378,2025-02-16 15:31:00+00:00,5.0,1,0,U,0.6
F,B737,MCK UA /OV MCK260070/TM 0251/FL250/TP B737/TB NEG/RM ZDVWC-19,NEG,202502250200-KMSC-UBUS01-PIREP,25000.0,40.00367404961938,-102.09659409254016,2025-02-25 02:51:00+00:00,0.0,0,0,M,0.8
F,C25B,CPR UA /OV CPR035003/TM 1515/FL065/TP C25B/TB OCNL LGT TURB/RM BLO 065,OCNL LGT TURB,202502271500-KMSC-UBUS01-PIREP,6500.0,42.948960919783545,-106.42526206541535,2025-02-27 15:15:00+00:00,1.0,0,0,U,0.6
F,A319,1A5 UA /OV ODF/TM 1256/FL180/TP A319/TB NEG/RM ZTLFD-49,NEG,202502211300-KMSC-UBUS01-PIREP,18000.0,34.7,-83.3,2025-02-21 12:56:00+00:00,0.0,0,0,M,0.8
T,P28R,TRM UUA /OV TRM260010/TM 2304/FL095/TP P28R/TB SEV/RM COR SA-ID AND MSG TYPE AND LOCTN. ZLA CWSU,SEV,202502070000-KMSC-UBUS01-PIREP,9500.0,33.59772629280277,-116.3568059486193,2025-02-06 23:04:00+00:00,5.0,1,0,L,0.6
F,B737,BWI UA /OV BAL280010/TM 2037/FL090/TP B737/WX CLR/TB LGT CHOP,LGT CHOP,202502172000-KMSC-UBUS01-PIREP,9000.0,39.19894370719723,-76.87172855349638,2025-02-17 20:37:00+00:00,1.0,0,0,M,0.8
F,PC12,VGT UA /OV LAS337007/TM 0247/FL025/TP PC12/TB SEV/RM SEV TURB ON FINAL RWY 30L,SEV,202502150200-KMSC-UBUS01-PIREP,2500.0,36.17930093168235,-115.21980256000336,2025-02-15 02:47:00+00:00,5.0,1,0,L,0.6
F,B738,CHS UA /OV CHS340030/TM 1945/FL370/TP B738/TB CONS LGT CHOP,CONS LGT CHOP,202502111900-KMSC-UBUS01-PIREP,37000.0,33.368484367982155,-80.24418886844721,2025-02-11 19:45:00+00:00,1.0,0,0,M,0.8
F,FA50,HDN UA /OV CHE277012/TM 1705/FL100/TP FA50/TB NEG/IC NEG/RM ZDVWC,NEG,202502201710-KWBC-UBCO90-PIREP,10000.0,40.54437584296637,-107.57115592822424,2025-02-20 17:05:00+00:00,0.0,0,0,M,0.8
T,E75L,CAK UUA /OV ACO360020/TM 1521/FL250/TP E75L/TB SEV CAT 250/RM NO DAMAGE OR INJURIES ZOB,SEV CAT 250,202502161500-KMSC-UBUS01-PIREP,25000.0,41.44336033336033,-81.2,2025-02-16 15:21:00+00:00,5.0,1,0,U,0.6
T,PC12,RUT UUA /OV RUT/TM 0135/FL040/TP PC12/TB SEV/RM LLWS +/-20 KTS,SEV,202502140100-KMSC-UBUS01-PIREP,4000.0,43.53,-72.95,2025-02-14 01:35:00+00:00,5.0,1,0,L,0.6
F,P28A,AMG UA /OV AMG140010/TM 1806/FL030/TP P28A/SK TOP 025 OVC/TB NEG/IC NEG,NEG,202502081800-KMSC-UBUS01-PIREP,3000.0,31.40837558453651,-82.3808547976593,2025-02-08 18:06:00+00:00,0.0,0,0,L,0.6
F,SW4,LAR UA /OV LAR114013/TM 1439/FL200/TP SW4/SK TOP 220/TB NEG/RM ZDVWC-,NEG,202502251400-KMSC-UBUS01-PIREP,20000.0,41.22392658909836,-105.41146086812483,2025-02-25 14:39:00+00:00,0.0,0,0,M,0.8
F,CRJ2,LAR UA /OV MBW340030/TM 0131/FL200/TP CRJ2/TA M17/TB LGT/IC TRACE RIME/RM ZDVWC-21,LGT,202502020100-KMSC-UBUS01-PIREP,20000.0,42.31988436798216,-106.22959496317507,2025-02-02 01:31:00+00:00,1.0,0,0,M,0.8
F,B764,PGA UA /OV TBC/TM 0727/FL370/TP B764/TB LGT CHOP/RM ZDVWC-24,LGT CHOP,202502270700-KMSC-UBUS01-PIREP,37000.0,36.12,-111.27,2025-02-27 07:27:00+00:00,1.0,0,0,H,1.0
F,SB20,PTH UA /OV PDN258077/TM 0047/FL290/TP SB20/TB SEV 290 / MOD-SEV 300/RM SEVERE TURBULENCE /ZAN/,SEV 290,202502100000-KMSC-UBUS01-PIREP,29000.0,56.68315838434201,-160.95190416613832,2025-02-10 00:47:00+00:00,5.0,1,0,M,0.8
F,A21N,LEX UA /OV FLM/TM 1251/FL250/TP A21N/TB NEG,NEG,202502051300-KMSC-UBUS01-PIREP,25000.0,38.65,-84.31,2025-02-05 12:51:00+00:00,0.0,0,0,U,0.6
F,B744,BOS UA /OV 4047N06827W/TM 1402/FL340/TP B744/TB SEV,SEV,202502071400-KMSC-UBUS01-PIREP,34000.0,40.7833,-68.45,2025-02-07 14:02:00+00:00,5.0,1,0,H,1.0
F,P28A,SFB UA /OV SFB18004/TM 2003/FL012/TP P28A/SK FEW025/TB NEG,NEG,202502032000-KMSC-UBUS01-PIREP,1200.0,28.77972,-81.24361,2025-02-03 20:03:00+00:00,0.0,0,0,L,0.6
F,B737,YAK UA /OV YAK/TM 0605/FL270/TP B737/TB LGT CHOP 270/RM 380 SMOOTH DURC ZAN,LGT CHOP 270,202502260600-KMSC-UBUS01-PIREP,27000.0,59.5,-139.66,2025-02-26 06:05:00+00:00,1.0,0,0,M,0.8
T,C172,MOB UUA /OV BFM35010/TM 2306/FL040/TP C172/TB OCNL SEV,OCNL SEV,202502112300-KMSC-UBUS01-PIREP,4000.0,30.62678,-88.06808,2025-02-11 23:06:00+00:00,5.0,1,0,L,0.6
F,BE20,SDF UA /OV IIU010010/TM 2309/FL230/TP BE20/TB LGT CHOP,LGT CHOP,202502212300-KMSC-UBUS01-PIREP,23000.0,38.26414792042,-85.54321969871782,2025-02-21 23:09:00+00:00,1.0,0,0,M,0.8
F,CRJ9,LNN UA /OV CXR011032/TM 1630/FL315/TP CRJ9/TB OCNL LGT 315/RM DURC ZOB,OCNL LGT 315,202502161600-KMSC-UBUS01-PIREP,31500.0,42.04357690417549,-81.02407142120768,2025-02-16 16:30:00+00:00,1.0,0,0,U,0.6
F,B38M,EEO UA /OV EKR070020/TM 0343/FL340/TP B38M/TB OCNL LGT CHOP/RM ZDVWC-03,OCNL LGT CHOP,202502230300-KMSC-UBUS01-PIREP,34000.0,40.184015948995,-107.51065306505136,2025-02-23 03:43:00+00:00,1.0,0,0,U,0.6
T,CRJ9,ORF UUA /OV WAIKS/TM 1948/FL160/TP CRJ9/TB SEV 160,SEV 160,202502161900-KMSC-UBUS01-PIREP,16000.0,36.90333,-76.19222,2025-02-16 19:48:00+00:00,5.0,1,0,U,0.6
F,B738,BHM UA /OV VUZ/TM 1705/FL320/TP B738/TB NEG/RM ZTLFD-03,NEG,202502251700-KMSC-UBUS01-PIREP,32000.0,33.67,-86.9,2025-02-25 17:05:00+00:00,0.0,0,0,M,0.8
F,B739,SEA UA /OV SEA160010/TM 0503/FL070/TP B739/TB LGT CHOP 020-070/RM DURC,LGT CHOP 020-070,202502220500-KMSC-UBUS01-PIREP,7000.0,47.28806187733928,-122.23007628688914,2025-02-22 05:03:00+00:00,1.0,0,0,M,0.8
F,B789,PASY UA /OV 5703N16830W/TM 0326/FL380/TP B789/TB OCNL LGT/RM FL390 SMOOTH /ZAN,OCNL LGT,202502010300-KMSC-UBUS01-PIREP,38000.0,57.5,-168.5,2025-02-01 03:26:00+00:00,1.0,0,0,U,0.6
F,CRJ7,PIH UA /OV KPIH/TM 1949/FL070/TP CRJ7/SK OVC050-070/TA M04/TB NEG/IC LGT RIME 050-070/RM DURD,NEG,202502201900-KMSC-UBUS01-PIREP,7000.0,42.90981,-112.59592,2025-02-20 19:49:00+00:00,0.0,0,0,M,0.8
F,LNC4,ORD UA /OV BVT/TM 1238/FL170/TP LNC4/SK OVC TOP 080/TA M16/TB NEG/IC NEG,NEG,202502161200-KMSC-UBUS01-PIREP,17000.0,40.56,-87.07,2025-02-16 12:38:00+00:00,0.0,0,0,L,0.6
F,C750,MDQ UA /OV RQZ195040/TM 1345/FL430/TP C750/TB NEG/RM SMOOTH ZTLFD-02,NEG,202502051300-KMSC-UBUS01-PIREP,43000.0,34.15599728909384,-86.84014451988915,2025-02-05 13:45:00+00:00,0.0,0,0,M,0.8
T,C182,SDB UUA /OV GMN326010/TM 1640/FL065/TP C182/TB SEV/RM UDDFS +/-1500 FT. COR SA-ID. ZLA CWSU,SEV,202502031700-KMSC-UBUS01-PIREP,6500.0,34.93818412077759,-118.97350722295064,2025-02-03 16:40:00+00:00,5.0,1,0,L,0.6
T,B789,BOS UUA /OV 4210N05238W/TM 1300/FL400/TP B789/TB SEV,SEV,202502131300-KMSC-UBUS01-PIREP,40000.0,42.1666,-52.6333,2025-02-13 13:00:00+00:00,5.0,1,0,U,0.6
T,C17,MAF UUA /OV MAF120030/TM 0208/FL370/TP C17/TB SEV/RM ZFW,SEV,202502240200-KMSC-UBUS01-PIREP,37000.0,31.696594749979752,-101.69710826481705,2025-02-24 02:08:00+00:00,5.0,1,0,L,0.6
F,CL60,BMG UA /OV OOM/TM 1102/FL130/TP CL60/TB NEG,NEG,202502031100-KMSC-UBUS01-PIREP,13000.0,39.14,-86.61,2025-02-03 11:02:00+00:00,0.0,0,0,M,0.8
F,A321,TAD UA /OV TBE/TM 2118/FL360/TP A321/TB NEG/RM ZDVWC,NEG,202502232125-KWBC-UBCO90-PIREP,36000.0,37.27,-103.6,2025-02-23 21:18:00+00:00,0.0,0,0,M,0.8
T,BE58,L35 UUA /OV L35/TM 2000/FL110/TP BE58/TB SEV,SEV,202502062000-KMSC-UBUS01-PIREP,11000.0,34.2637778,-116.8560278,2025-02-06 20:00:00+00:00,5.0,1,0,L,0.6
T,B77W,BOS UUA /OV 4122N06522W/TM 1917/FL330/TP B77W/TB SEV,SEV,202502111900-KMSC-UBUS01-PIREP,33000.0,41.3666,-65.3666,2025-02-11 19:17:00+00:00,5.0,1,1,U,0.6
F,A20N,PUB UA /OV PUB180045/TM 1254/FL340/TP A20N/TB OCNL LGT CHOP/RM ZDVWC-,OCNL LGT CHOP,202502261300-KMSC-UBUS01-PIREP,34000.0,37.53993924993925,-104.49833,2025-02-26 12:54:00+00:00,1.0,0,0,U,0.6
F,C150,IYS UA /OV BGQ-IYS /TM 0455 /FL035 /TP C150 /TB LGT /RM (AKFSS,LGT,202502110505-KWBC-UBUS31-PRCUS,3500.0,61.55,-149.67000000000002,2025-02-11 04:55:00+00:00,1.0,0,0,L,0.6
T,B190,DEN UUA /OV 50NW DEN/TM 0305/FL150/TP B190/TB SEV,SEV,202502250300-KMSC-UBUS01-PIREP,15000.0,40.31081908007404,-105.5465049784496,2025-02-25 03:05:00+00:00,5.0,1,0,M,0.8
F,PC24,TYS UA /OV HMV090015/TM 1707/FL200/TP PC24/TB INTM LGT/IC NEG/RM INTMT LIGHT TURB DURC ZTLFD-45,INTM LGT,202502151700-KMSC-UBUS01-PIREP,20000.0,36.44,-81.8192148190407,2025-02-15 17:07:00+00:00,1.0,0,0,U,0.6
F,E55P,DAY UA /OV FFO/TM 1752/FL410/TP E55P/TB LGT CHOP/RM BORDERLINE LGT TURB,LGT CHOP,202502131700-KMSC-UBUS01-PIREP,41000.0,39.82611,-84.04833,2025-02-13 17:52:00+00:00,1.0,0,0,U,0.6
T,C525,RSW UUA /OV RSW070023/TM 0130/FL090/TP C525/TB SEV,SEV,202502140100-KMSC-UBUS01-PIREP,9000.0,26.66917834134425,-81.35405900255485,2025-02-14 01:30:00+00:00,5.0,1,1,L,0.6
F,B789,UUA /OV 60N040W /TM 1109 /FL390 /TP B789 /TB SEV TURB /RM SEV MNTWAVE,SEV TURB,202502251110-CYQX-UACN01-PIREP,39000.0,60.0,-40.0,2025-02-25 11:09:00+00:00,5.0,1,0,U,0.6
F,A319,PKB UA /OV JPU/TM 1933/FL360/TP A319/TB NEG,NEG,202502171900-KMSC-UBUS01-PIREP,36000.0,39.44,-81.37,2025-02-17 19:33:00+00:00,0.0,0,0,M,0.8
T,C182,BJC UUA /OV BJC/TM 1802/FL065/TP C182/TB SEV/RM 6 MILES NORTH BJC AIRPORT,SEV,202502031800-KMSC-UBUS01-PIREP,6500.0,39.90881,-105.11719,2025-02-03 18:02:00+00:00,5.0,1,0,L,0.6
F,LJ45,LOZ UA /OV LOZ210020/TM 1404/FL430/TP LJ45/TB NEG,NEG,202502151400-KMSC-UBUS01-PIREP,43000.0,36.79830148269591,-84.28594550143735,2025-02-15 14:04:00+00:00,0.0,0,1,M,0.8
F,G280,AGS UA /OV AGS/TM 1758/FL180/TP G280/TB NEG /RM ZTLFD-19,NEG,202502191800-KMSC-UBUS01-PIREP,18000.0,33.36994,-81.9645,2025-02-19 17:58:00+00:00,0.0,0,0,U,0.6
F,E170,DKK UA /OV DKK270070/TM 1546/FL310/TP E170/TB SEV 310/RM NO DAMGE OR INJURIES ZOB,SEV 310,202502161500-KMSC-UBUS01-PIREP,31000.0,42.49334,-80.85439829854829,2025-02-16 15:46:00+00:00,5.0,1,0,U,0.6
F,BE20,CSV UA /OV HCH/TM 1328/FL100/TP BE20/SK IMC/WX -RA/TA 3/TB LGT CHOP/IC NEG/RM ZTLFD-41,LGT CHOP,202502111300-KMSC-UBUS01-PIREP,10000.0,35.78,-84.98,2025-02-11 13:28:00+00:00,1.0,0,0,M,0.8
T,P28A,DEN UUA /OV 3 N OF KBJC/TM 2117/FL095/TP P28A/TB SEV,SEV,202502132100-KMSC-UBUS01-PIREP,9500.0,39.95881405000405,-105.11719,2025-02-13 21:17:00+00:00,5.0,1,0,L,0.6
F,G280,SDF UA /OV MYS/TM 1835/FL255/TP G280/SK SKC/TB OCNL LGT CHOP/IC NEG DURC,OCNL LGT CHOP,202502061800-KMSC-UBUS01-PIREP,25500.0,37.89,-86.24,2025-02-06 18:35:00+00:00,1.0,0,0,U,0.6
T,C30J,ALS UUA /OV ALS060025/TM 2245/FL090/TP C30J/TB SEV/RM ZDVWC-41 SEV TB FROM 090-125,SEV,202502132300-KMSC-UBUS01-PIREP,9000.0,37.64724020835021,-105.40689106092144,2025-02-13 22:45:00+00:00,5.0,1,0,U,0.6
F,B737,PUB UA /OV PUB257076/TM 0212/FL320/TP B737/TB LGT CHOP/RM ZDVWC-25,LGT CHOP,202502220200-KMSC-UBUS01-PIREP,32000.0,38.00503891782985,-106.07092062279932,2025-02-22 02:12:00+00:00,1.0,0,0,M,0.8
F,B738,LOZ UA /OV LOZ028022/TM 1319/FL360/TP B738/TB INTMT LGT CHOP,INTMT LGT CHOP,202502251300-KMSC-UBUS01-PIREP,36000.0,37.41077367428468,-83.86119326358687,2025-02-25 13:19:00+00:00,1.0,0,0,M,0.8
F,P28A,BCE UA /OV KFFZ-38U194005 /TM 1603 /FL085 /TP P28A /SK SKC /TB NEG /RM SMTH,NEG,202502161600-KMSC-UBUS01-PIREP,8500.0,37.70639,-112.14556,2025-02-16 16:03:00+00:00,0.0,0,0,L,0.6
T,B747,BET UUA /OV BET087146/TM 0030/FL340/TP B747/TB SEV/RM ZAN,SEV,202502120000-KMSC-UBUS01-PIREP,34000.0,60.89736114228513,-156.8533207308171,2025-02-12 00:30:00+00:00,5.0,1,0,H,1.0
F,B38M,EVV UA /OV LWV320020/TM 1652/FL300/TP B38M/TB CONS LGT,CONS LGT,202502251600-KMSC-UBUS01-PIREP,30000.0,39.019648830926975,-87.88031348105915,2025-02-25 16:52:00+00:00,1.0,0,0,U,0.6
T,PC12,DEN UUA /OV DEN220025/TM 2008/FL180/TP PC12/TB SEV,SEV,202502082000-KMSC-UBUS01-PIREP,18000.0,39.51358896134128,-105.00630056094656,2025-02-08 20:08:00+00:00,5.0,1,0,L,0.6
T,C68A,SAV UUA /OV SAV340045/TM 1923/FL180/TP C68A/TB SEV,SEV,202502131900-KMSC-UBUS01-PIREP,18000.0,32.83619406197323,-81.50523865769743,2025-02-13 19:23:00+00:00,5.0,1,0,U,0.6
T,B39M,SEA UUA /OV SEA280050/TM 2325/FL310/TP B39M/TB SEV 310-285/RM ...ZSE,SEV 310-285,202502222300-KMSC-UBUS01-PIREP,31000.0,47.58940853598616,-123.52794036744328,2025-02-22 23:25:00+00:00,5.0,1,0,U,0.6
F,B737,BKW UA /OV AZQ/TM 1810/FL360/TP B737/TB CONS LGT CHOP,CONS LGT CHOP,202502061800-KMSC-UBUS01-PIREP,36000.0,37.39,-83.26,2025-02-06 18:10:00+00:00,1.0,0,0,M,0.8
T,BCS3,MJX UUA /OV CYN090015/TM 0027/FL240/TP BCS3/TB SEV,SEV,202502090000-KMSC-UBUS01-PIREP,24000.0,39.82,-74.1044782462491,2025-02-09 00:27:00+00:00,5.0,1,0,U,0.6
F,PA44,RDM UA /OV DSD360010 /TM 0530 /FL035 /TP PA44 /TA UNKN /TB NEG /IC NEG,NEG,202502240600-KMSC-UBUS01-PIREP,3500.0,44.416680166680166,-121.3,2025-02-24 05:30:00+00:00,0.0,0,0,L,0.6
F,B350,UUA /OV CYUL /TM 1416 /FL230 /TP B350 /TB SEV 230-250,SEV 230-250,202502271422-CYQB-UACN01-PIREP,23000.0,45.46827,-73.74139,2025-02-27 14:16:00+00:00,5.0,1,0,M,0.8
T,P28A,WJF UUA /OV OV LHS/TM 2155/FL095/TP P28A/TB SEV,SEV,202502282100-KMSC-UBUS01-PIREP,9500.0,34.74106,-118.21864,2025-02-28 21:55:00+00:00,5.0,1,0,L,0.6
F,PC12,CYS UA /OV CYS275032/TM 0201/FL240/TP PC12/TB CONS LGT CHOP/RM SMOOTHED OUT LEAVING 230. ZDVWC,CONS LGT CHOP,202502270210-KWBC-UBUS31-PRCUS,24000.0,41.2021268279306,-105.51618054905286,2025-02-27 02:01:00+00:00,1.0,0,0,L,0.6
T,C172,PSP UUA /OV PSP/TM 0029/FL035/TP C172/TB SEV 035,SEV 035,202502120000-KMSC-UBUS01-PIREP,3500.0,33.82967,-116.50669,2025-02-12 00:29:00+00:00,5.0,1,0,L,0.6
T,B747,MFD UUA /OV MFD/TM 1341/FL230/TP B747/TB SEV +/-1500FT,SEV +,202502161300-KMSC-UBUS01-PIREP,23000.0,40.82,-82.52,2025-02-16 13:41:00+00:00,5.0,1,0,H,1.0
T,BE33,FLO UUA /OV DLC110012/TM 1659/FL100/TP BE33/TB SEV,SEV,202502161700-KMSC-UBUS01-PIREP,10000.0,34.371590430603,-79.13209961758567,2025-02-16 16:59:00+00:00,5.0,1,1,L,0.6
F,B737,IND UA /OV SGH/TM 1142/FL360/TP B737/TB NEG,NEG,202502101100-KMSC-UBUS01-PIREP,36000.0,39.8402903,-83.8401601,2025-02-10 11:42:00+00:00,0.0,0,0,M,0.8
F,P28A,ABQ UA /OV ABQ086040/TM 1720/FL085/TP P28A/TB SEV MOUNTAIN WAVE/RM THROUGH THE CANYON,SEV MOUNTAIN WAVE,202502231700-KMSC-UBUS01-PIREP,8500.0,35.08840808268276,-105.80315082374231,2025-02-23 17:20:00+00:00,5.0,1,0,L,0.6
F,A350,OME UA /OV OME272093/TM 0655/FL350/TP A350/TB NEG/RM ZAN,NEG,202502150700-KMSC-UBUS01-PIREP,35000.0,64.56409860152507,-169.03978724859545,2025-02-15 06:55:00+00:00,0.0,0,0,H,1.0
F,CRJ2,CPR UA /OV CPR035005/TM 1300/FL061/TP CRJ2/SK OVC056-TOP061/TB LGT CHOP/IC NEG/RM DURC,LGT CHOP,202502071300-KMSC-UBUS01-PIREP,6100.0,42.97626819963924,-106.39915677569226,2025-02-07 13:00:00+00:00,1.0,0,0,M,0.8
F,TEX2,CEW UA /OV CEW075015/TM 2123/FL120/TP TEX2/SK SKC/TB NEG,NEG,202502112100-KMSC-UBUS01-PIREP,12000.0,30.844710002366536,-86.23890330401457,2025-02-11 21:23:00+00:00,0.0,0,0,L,0.6
F,B737,MGM UA /OV MGM340020/TM 2044/FL380/TP B737/TB LGT CONS 380/RM ZTLFD-08,LGT CONS 380,202502262000-KMSC-UBUS01-PIREP,38000.0,32.613896245321435,-86.52885927293802,2025-02-26 20:44:00+00:00,1.0,0,0,M,0.8
F,B738,OMA UA /OV OMA/TM 1336/FL360/TP B738/TB NEG,NEG,202502041300-KMSC-UBUS01-PIREP,36000.0,41.31028,-95.89917,2025-02-04 13:36:00+00:00,0.0,0,0,M,0.8
F,A321,IOW UA /OV IOW270030/TM 1327/FL340/TP A321/TB CONS LGT,CONS LGT,202502121300-KMSC-UBUS01-PIREP,34000.0,41.63939,-92.21362739910413,2025-02-12 13:27:00+00:00,1.0,0,0,M,0.8
T,B737,PMD UUA /OV PMD/TM 0226/FL100/TP B737/TB SEV/RM COR MSG TYPE. ZLA CWSU,SEV,202502120200-KMSC-UBUS01-PIREP,10000.0,34.62939,-118.08455,2025-02-12 02:26:00+00:00,5.0,1,0,M,0.8
F,E175,MBS UA /OV MBS045020/TM 1504/FL360/TP E175/TB LGT CHOP,LGT CHOP,202502271500-KMSC-UBUS01-PIREP,36000.0,43.7657213522977,-83.7548733113123,2025-02-27 15:04:00+00:00,1.0,0,0,U,0.6
T,TBM9,TPA UUA /OV TPA055030/TM 2010/FL110/TP TBM9/TB EXTRM,EXTRM,202502192000-KMSC-UBUS01-PIREP,11000.0,28.248711448044425,-82.07655275510525,2025-02-19 20:10:00+00:00,7.0,1,0,U,0.6
F,B39M,MYNN UA /OV ZQA263071/TM 1724/FL340/TP B39M/TB LGT CHOP,LGT CHOP,202502181700-KMSC-UBUS01-PIREP,34000.0,24.855776262448995,-78.74603662084078,2025-02-18 17:24:00+00:00,1.0,0,0,U,0.6
T,GLF5,ALS UUA /OV ALS095035/TM 2148/FL430/TP GLF5/TB SEV MTW/RM +/-400FT +/-.05M ZDVWC-46,SEV MTW,202502052100-KMSC-UBUS01-PIREP,43000.0,37.3880450319509,-105.12945164809052,2025-02-05 21:48:00+00:00,5.0,1,0,M,0.8
F,A35K,UUA /OV 60N048W /TM 1218 /FL360 /TP A35K /TB SEV /RM MOD MTN WAVE60N044W  ALSO CONS MOD  OCNL SEV TURB UT - 48W F360. F370 STILL SOMETURN  SMOOTH F380,SEV,202502191221-CYQX-UACN01-PIREP,36000.0,60.0,-48.0,2025-02-19 12:18:00+00:00,5.0,1,0,U,0.6
T,B78X,ORF UUA /OV 3630N053W/TM 1447/FL360/TP B78X/TB SEV,SEV,202502121400-KMSC-UBUS01-PIREP,36000.0,36.5,-0.8833,2025-02-12 14:47:00+00:00,5.0,1,0,U,0.6
F,LF5,VNY UA /OV VNY/TM 1430/FL030/TP LF5/SK OVC018-TOP027/WX UNKN/TA UNKN/WV UNKN/TB NEG/RM COR SKY AND REMOVED SFC OBS. ZLA CWSU,NEG,202502041400-KMSC-UBUS01-PIREP,3000.0,34.20972,-118.48917,2025-02-04 14:30:00+00:00,0.0,0,0,U,0.6
F,GLF4,ASE UA /OV DBL020010/TM 0025/FL430/TP GLF4/TB OCNL LGT /RM ZDVWC-05,OCNL LGT,202502010000-KMSC-UBUS01-PIREP,43000.0,39.59662812266072,-106.82618322738212,2025-02-01 00:25:00+00:00,1.0,0,0,M,0.8
F,A320,GXY UA /OV GLL286010/TM 1918/FL240/TP A320/TB NEG/IC NEG/RM DURC. ZDVWC-,NEG,202502281900-KMSC-UBUS01-PIREP,24000.0,40.54594328041086,-104.76070752591455,2025-02-28 19:18:00+00:00,0.0,0,0,M,0.8
F,B739,COU UA /OV HLV/TM 1325/FL280/TP B739/TB CONS LGT/RM ZKC FDC,CONS LGT,202502051300-KMSC-UBUS01-PIREP,28000.0,39.11,-92.13,2025-02-05 13:25:00+00:00,1.0,0,0,M,0.8
F,C56X,GAD UA /OV GAD/TM 1624/FL400/TP C56X/TB NEG/IC ZTLFD-02,NEG,202502091600-KMSC-UBUS01-PIREP,40000.0,33.97265,-86.08908,2025-02-09 16:24:00+00:00,0.0,0,0,M,0.8
F,C560,CAD UA /OV CAD/TM 1506/FL280/TP C560/TB LGT,LGT,202502161500-KMSC-UBUS01-PIREP,28000.0,44.27533,-85.41892,2025-02-16 15:06:00+00:00,1.0,0,0,M,0.8
F,B738,LAA UA /OV LAA/TM 1430/FL380/TP B738/TB OCNL LGT CHOP/RM ZDVWC,OCNL LGT CHOP,202502191435-KWBC-UBCO90-PIREP,38000.0,38.07,-102.68806,2025-02-19 14:30:00+00:00,1.0,0,0,M,0.8
F,B737,SRQ UA /OV SRQ294047/TM 1144/FL360/TP B737/TB OCNL LGT CHOP,OCNL LGT CHOP,202502271100-KMSC-UBUS01-PIREP,36000.0,27.720026177875187,-83.36472080299558,2025-02-27 11:44:00+00:00,1.0,0,0,M,0.8
F,G737,JNU UA /OV JNU /TM 1612 /FL005 /TP G737 /SK SCT005 /TB NEG /IC NEG/RM MULTIPLE SCT LAYERS ABOVE (AKFSS),NEG,202502191600-KMSC-UBUS01-PIREP,500.0,58.35,-134.57,2025-02-19 16:12:00+00:00,0.0,0,0,U,0.6
F,P28A,DVT UA /OV E63-DVT /TM 0223 /FL065 /TP P28A /TB NEG,NEG,202502220200-KMSC-UBUS01-PIREP,6500.0,33.324155000000005,-112.37628,2025-02-22 02:23:00+00:00,0.0,0,0,L,0.6
F,A321,LOZ UA /OV AZQ355025/TM 1710/FL340/TP A321/TB CONS LGT CHOP OCNL LGT CAT,CONS LGT CHOP OCNL LGT CAT,202502251700-KMSC-UBUS01-PIREP,34000.0,37.805114745809576,-83.30571037379205,2025-02-25 17:10:00+00:00,1.0,0,0,M,0.8
T,B738,DEN UUA /OV DEN225045/TM 1925/FL185/TP B738/TB SEV 185-175,SEV 185-175,202502111900-KMSC-UBUS01-PIREP,18500.0,39.30242695733018,-105.34816458154828,2025-02-11 19:25:00+00:00,5.0,1,0,M,0.8
T,CRJ9,SGH UUA /OV SGH/TM 1303/FL230/TP CRJ9/TB SEV 220-240 +/-30-40KTS +/-1500FPM CLIMB RATE,SEV 220-240 +,202502161300-KMSC-UBUS01-PIREP,23000.0,39.8402903,-83.8401601,2025-02-16 13:03:00+00:00,5.0,1,0,U,0.6
F,CL35,ASE UA /OV DBL/TM 2035/FL190/TP CL35/SK BKN190/TA M24/TB NEG/IC NEG,NEG,202502162000-KMSC-UBUS01-PIREP,19000.0,39.44,-106.9,2025-02-16 20:35:00+00:00,0.0,0,0,U,0.6
F,PC12,CGC UA /OV CGC/TM 0421/FL220/TP PC12/TB NEG,NEG,202502060500-KMSC-UBUS01-PIREP,22000.0,28.8672778,-82.5713056,2025-02-06 04:21:00+00:00,0.0,0,0,L,0.6
F,A21N,MSP UA /OV MSP/TM 1755/FL330/TP A21N/TB NEG,NEG,202502281800-KMSC-UBUS01-PIREP,33000.0,44.88537,-93.23131,2025-02-28 17:55:00+00:00,0.0,0,0,U,0.6
F,C172,LEE UA /OV LEE170004/TM 1452/FL020/TP C172/TB NEG,NEG,202502091400-KMSC-UBUS01-PIREP,2000.0,28.754340831832003,-81.79678578401807,2025-02-09 14:52:00+00:00,0.0,0,0,L,0.6
F,B737,BRW UA /OV SCC-BRW /TM 2107 /FL050 /TP B737 /SK SKC /WX FV10SM /TB NEG /IC NEG /RM (AKFSS,NEG,202502262115-KWBC-UBAK90-PIREP,5000.0,70.735,-152.61,2025-02-26 21:07:00+00:00,0.0,0,0,M,0.8
T,C525,RSW UUA /OV LBV180010/TM 0130/FL090/TP C525/TB SEV CAT,SEV CAT,202502140100-KMSC-UBUS01-PIREP,9000.0,26.663319833319832,-81.39,2025-02-14 01:30:00+00:00,5.0,1,1,L,0.6
F,B38M,RWF UA /OV RWF180020/TM 0012/FL380/TP B38M/TB OCNL LGT CHOP 180-330/NEG ABV 330,OCNL LGT CHOP 180-330,202502260000-KMSC-UBUS01-PIREP,38000.0,44.21352966663967,-95.082,2025-02-26 00:12:00+00:00,1.0,0,0,U,0.6
T,B77W,SEA UUA /OV 4556N13051W/TM 0910/FL320/TP B77W/TB SEV,SEV,202502220900-KMSC-UBUS01-PIREP,32000.0,45.9333,-130.85,2025-02-22 09:10:00+00:00,5.0,1,0,U,0.6
F,F2TH,DFW UA /OV FUZ180030/TM 1309/FL090/TP F2TH/TB OCNL LGT 090-150/RM ZFW,OCNL LGT 090-150,202502231300-KMSC-UBUS01-PIREP,9000.0,32.3899594999595,-97.18,2025-02-23 13:09:00+00:00,1.0,0,0,M,0.8
F,A320,SYR UA /OV SYR180010/TM 1650/FL100/TP A320/TB LGT TURN BLO 100/RM ALL ARRIVALS REPORTING LGT TURB BLO 100,LGT TURN BLO 100,202502071700-KMSC-UBUS01-PIREP,10000.0,42.94450983331984,-76.10631,2025-02-07 16:50:00+00:00,1.0,0,0,M,0.8
T,SW3,FLG UUA /OV FLG160035/TM 2240/FL260/TP SW3/TB SEV CAT/RM ZAB/FDCS,SEV CAT,202502142200-KMSC-UBUS01-PIREP,26000.0,34.59208157068748,-111.42822236818633,2025-02-14 22:40:00+00:00,5.0,1,1,L,0.6
F,B39M,BMG UA /OV OOM180030/TM 1047/FL370/TP B39M/TB CONS LGT CHOP,CONS LGT CHOP,202502121000-KMSC-UBUS01-PIREP,37000.0,38.6399594999595,-86.61,2025-02-12 10:47:00+00:00,1.0,0,0,U,0.6
T,A332,ALB UUA /OV ALB/TM 1940/FL400/TP A332/TB SEV 400/RM MORE THAN MODERATE TURB ACCORDING TO PILOT NO DAMAGE NO INJURY,SEV 400,202502121900-KMSC-UBUS01-PIREP,40000.0,42.75757,-73.80361,2025-02-12 19:40:00+00:00,5.0,1,0,H,1.0
T,BN38M,DKK UUA /OV DKK340020/TM 1544/FL230/TP BN38M/TB SEV 230-310/RM NO DAMAGES OR INJUURIES,SEV 230-310,202502161500-KMSC-UBUS01-PIREP,23000.0,42.80659624532144,-79.42666811773202,2025-02-16 15:44:00+00:00,5.0,1,0,U,0.6
F,A320,MKT UA /OV MKT360020/TM 2208/FL180/TP A320/TA UNKN/TB OCNL LGT CHOP/IC NEG/RM DURC,OCNL LGT CHOP,202502242200-KMSC-UBUS01-PIREP,18000.0,44.55336033336033,-93.92,2025-02-24 22:08:00+00:00,1.0,0,0,M,0.8
T,B39M,GTF UUA /OV GTF160025/TM 1659/FL345/TP B39M/TB OCNL SEV 345-325/RM NO INJURIES OR DAMAGE /ZLC,OCNL SEV 345-325,202502241700-KMSC-UBUS01-PIREP,34500.0,47.08172969334821,-111.17135101490813,2025-02-24 16:59:00+00:00,5.0,1,0,U,0.6
T,B777,FOT UUA /OV FOT290130/TM 0841/FL280/TP B777/TB SEV 280-320/RM RPTD BY MULTIPLE HEAVY A/C...ZSE,SEV 280-320,202502220800-KMSC-UBUS01-PIREP,28000.0,41.29500366846746,-126.81258927624302,2025-02-22 08:41:00+00:00,5.0,1,0,H,1.0
T,CRJ9,DTW UUA /OV DXO/TM 2128/FL270/TP CRJ9/TB SEV,SEV,202502112100-KMSC-UBUS01-PIREP,27000.0,42.21,-83.37,2025-02-11 21:28:00+00:00,5.0,1,0,U,0.6
T,E75S,BNA UUA /OV 15E BNA /TM 0020/FL105/TP E75S/TB SEV TURB 105-115,SEV TURB 105-115,202502120000-KMSC-UBUS01-PIREP,10500.0,36.11889,-86.37966069557316,2025-02-12 00:20:00+00:00,5.0,1,0,U,0.6
F,CRJ9,CLT UA /OV CLT/TM 1728/FL270/TP CRJ9/TB NEG/IC ZTLFD-28,NEG,202502081700-KMSC-UBUS01-PIREP,27000.0,35.22255,-80.95431,2025-02-08 17:28:00+00:00,0.0,0,0,U,0.6
F,E75S,ALB UA /OV CAM/TM 1206/FL290/TP E75S/TB CONT LGT,CONT LGT,202502111200-KMSC-UBUS01-PIREP,29000.0,42.99,-73.34,2025-02-11 12:06:00+00:00,1.0,0,0,U,0.6
F,B738,MWC UA /OV BAE/TM 1412/FL320/TP B738/TB NEG,NEG,202502121400-KMSC-UBUS01-PIREP,32000.0,43.12,-88.28,2025-02-12 14:12:00+00:00,0.0,0,0,M,0.8
T,PC12,SEA UUA /OV BFI315004/TM 2021/FL018/TP PC12/TB MDT - SEV @ FAF/RM DURD ILS RWY14R @ BFI,MDT - SEV @ FAF,202502192000-KMSC-UBUS01-PIREP,1800.0,47.57714427045954,-122.36982225378898,2025-02-19 20:21:00+00:00,5.0,1,0,L,0.6
F,A320,ALB UA /OV ALB350035/TM 2059/FL240/TP A320/TB CONS LGT CAT,CONS LGT CAT,202502122100-KMSC-UBUS01-PIREP,24000.0,43.33208772146998,-73.94158118922216,2025-02-12 20:59:00+00:00,1.0,0,0,M,0.8
F,B38M,MOT UA /OV MOT/TM 0108/FL330/TP B38M/TB NEG,NEG,202502030100-KMSC-UBUS01-PIREP,33000.0,48.25938,-101.28033,2025-02-03 01:08:00+00:00,0.0,0,0,U,0.6
F,B737,IND UA /OV SHB/TM 1259/FL280/TP B737/TB LGT CHOP,LGT CHOP,202502211300-KMSC-UBUS01-PIREP,28000.0,39.63,-85.82,2025-02-21 12:59:00+00:00,1.0,0,0,M,0.8
T,C25B,BHM UUA /OV VUZ270040/TM 1352/FL410/TP C25B/TB SEV CAT/RM NO DAMAGES OR INJURIES LOSS OF 500FT ZTLFD-02,SEV CAT,202502121300-KMSC-UBUS01-PIREP,41000.0,33.67,-87.70111150935091,2025-02-12 13:52:00+00:00,5.0,1,0,U,0.6
F,SW4,LBF UA /OV LBF/TM 0220/FL180/TP SW4/SK SCT120/TA M10/TB NEG 001-180/IC LGT RIME 120/RM ZDVWC-19,NEG 001-180,202502210200-KMSC-UBUS01-PIREP,18000.0,41.12191,-100.66896,2025-02-21 02:20:00+00:00,0.0,0,0,M,0.8
T,A21,GTF UUA /OV GTF280025/TM 2230/FL310/TP A21/TB SEV /ZLC,SEV,202502272300-KMSC-UBUS01-PIREP,31000.0,47.54565926799308,-111.98931545587392,2025-02-27 22:30:00+00:00,5.0,1,0,U,0.6
F,B738,MLP UA /OV MLP173035/TM 0432/FL320/TP B738/TB NEG/RM ...ZSE,NEG,202502150400-KMSC-UBUS01-PIREP,32000.0,46.87578584702334,-115.5659627526538,2025-02-15 04:32:00+00:00,0.0,0,0,M,0.8
F,BE20,ACY UA /OV 10 E OF SIE/TM 2029/FL070/TP BE20/TB SEV 070/RM SEV DESCENDING BELOW 070,SEV 070,202502042000-KMSC-UBUS01-PIREP,7000.0,39.1,-74.58521881531516,2025-02-04 20:29:00+00:00,5.0,1,0,M,0.8
T,C310,GUP UUA /OV ZUN090035/TM 2157/FL115/TP C310/TB SEV CAT/RM +25KTS - ZAB/FDCS,SEV CAT,202502102200-KMSC-UBUS01-PIREP,11500.0,35.08,-108.07712615522983,2025-02-10 21:57:00+00:00,5.0,1,0,L,0.6
F,B777,TTF UA /OV CRL251026/TM 0800/FL360/TP B777/TB NEG/RM ZOB,NEG,202502230800-KMSC-UBUS01-PIREP,36000.0,41.908909038948245,-84.0118174476457,2025-02-23 08:00:00+00:00,0.0,0,0,H,1.0
F,B752,GAD UA /OV GAD/TM 1456/FL320/TP B752/TB OCNL LGT /RM ZTLFD 03,OCNL LGT,202502191400-KMSC-UBUS01-PIREP,32000.0,33.97265,-86.08908,2025-02-19 14:56:00+00:00,1.0,0,0,M,0.8
T,B772,ORF UUA /OV 3721N0523W/TM 1523/FL340/TP B772/TB SEV,SEV,202502121500-KMSC-UBUS01-PIREP,34000.0,37.35,-5.3833,2025-02-12 15:23:00+00:00,5.0,1,0,H,1.0
F,E170,LNK UA /OV LNK/TM 0308/FL260/TP E170/TB CONS LGT CHOP 250-260 OCNL LGT CHOP 240,CONS LGT CHOP 250-260 OCNL LGT CHOP 240,202502020300-KMSC-UBUS01-PIREP,26000.0,40.831178,-96.763275,2025-02-02 03:08:00+00:00,1.0,0,0,U,0.6
T,A320,SJC UUA /OV SJC120010/TM 2155/FL030/TP A320/SK BKN042/WX FV03SM/TA 15/TB SEV 030-040/RM DURD,SEV 030-040,202502042200-KMSC-UBUS01-PIREP,3000.0,37.27605991665992,-121.74281315439814,2025-02-04 21:55:00+00:00,5.0,1,0,M,0.8
T,H,ANC UUA /OV JOH027130/TM 0502/FL330/TP H/B744/TB SEV 330/LGT CHOP 310/RM /ZAN,SEV 330,202502150500-KMSC-UBUS01-PIREP,33000.0,62.410670507542825,-144.60350888771416,2025-02-15 05:02:00+00:00,5.0,1,0,L,0.6
T,BE9L,DEN UUA /OV DEN320040/TM 2225/FL160/TP BE9L/TB SEV,SEV,202502062200-KMSC-UBUS01-PIREP,16000.0,40.34353766185394,-105.2155808975145,2025-02-06 22:25:00+00:00,5.0,1,0,L,0.6
F,B737,UUA /OV CYYC 225020 /TM 1840 /FL120 /TP B737 /TB SEV /RM MOD TURBBLW A140,SEV,202502271850-CYEG-UACN01-PIREP,12000.0,50.878168647702296,-114.39576737662726,2025-02-27 18:40:00+00:00,5.0,1,0,M,0.8
T,C172,FNL UUA /OV FNL/TM 2110/FL060/TP C172/TB SEV 060/RM 1500 FOOT PER MINUTE UPDRAFT FOLLOWED BY 1000 FOOT PER MINUTE DOWNDRAFT ON 1/4NM DEPARTURE RY15.,SEV 060,202502072100-KMSC-UBUS01-PIREP,6000.0,40.45183,-105.01134,2025-02-07 21:10:00+00:00,5.0,1,0,L,0.6
T,B77W,BCE UUA /OV BCE/TM 0050/FL310/TP B77W/TB SEV/RM /ZLC,SEV,202502230000-KMSC-UBUS01-PIREP,31000.0,37.70639,-112.14556,2025-02-23 00:50:00+00:00,5.0,1,0,U,0.6
T,E170,MFD UUA /OV MFD035020/TM 1345/FL300/TP E170/TB SEV 255-210/RM ZOB,SEV 255-210,202502161400-KMSC-UBUS01-PIREP,30000.0,41.093072798556975,-82.26733616614389,2025-02-16 13:45:00+00:00,5.0,1,0,U,0.6
F,A21N,OLY UA /OV BIB360015/TM 1545/FL280/TP A21N/TB NEG/RM /ZKC FDC/AF,NEG,202502201500-KMSC-UBUS01-PIREP,28000.0,39.17002025002025,-88.48,2025-02-20 15:45:00+00:00,0.0,0,0,U,0.6
T,PC12,GUC UUA /OV HBU160030/TM 1919/FL230/TP PC12/TA M31/TB SEV/IC LT-MOD RIME/RM ZDVWC-12,SEV,202502141900-KMSC-UBUS01-PIREP,23000.0,37.98011563201785,-106.82162078513706,2025-02-14 19:19:00+00:00,5.0,1,0,L,0.6
T,M20P,DSM UUA /OV KDSM340010/TM 2108/FL035/TP M20P/TB SEV,SEV,202502012100-KMSC-UBUS01-PIREP,3500.0,41.69057812266072,-93.72927055258586,2025-02-01 21:08:00+00:00,5.0,1,0,L,0.6
T,C182,BFL UUA /OV GMN326010/TM 1640/FL065/TP C182/TB SEV 065/RM UDDF +/-1500 FT,SEV 065,202502031600-KMSC-UBUS01-PIREP,6500.0,34.93818412077759,-118.97350722295064,2025-02-03 16:40:00+00:00,5.0,1,0,L,0.6
F,PA32,NID UA /OV NID300008/TM 2153/FL085/TP PA32/TB SEV,SEV,202502022100-KMSC-UBUS01-PIREP,8500.0,35.75217206667207,-117.8341755404994,2025-02-02 21:53:00+00:00,5.0,1,0,L,0.6
T,SH36,CRW UUA /OV CRW150015/TM 1224/FL050/TP SH36/TB SEV,SEV,202502151200-KMSC-UBUS01-PIREP,5000.0,38.16287611202193,-81.43053137306417,2025-02-15 12:24:00+00:00,5.0,1,0,M,0.8
T,B350,AMG UUA /OV AMG090030/TM 1610/FL270/TP B350/TB SEV/RM ALT LOSS 200FT,SEV,202502131600-KMSC-UBUS01-PIREP,27000.0,31.53606,-81.91987226467478,2025-02-13 16:10:00+00:00,5.0,1,1,M,0.8
F,C210,UA /OV CFR7 270005 /TM 2017 /FL065 /TP C210 /TB SEV /RM RPT AT 1945,SEV,202502222018-CYEG-UACN10-PIREP,6500.0,51.65,-115.37431904411392,2025-02-22 20:17:00+00:00,5.0,1,0,L,0.6
F,P28A,LIC UA /OV KAPA-KLIC /TM 2232 /FL095 /TP P28A /TB NEG BLO 095 /RM DURD,NEG BLO 095,202502132200-KMSC-UBUS01-PIREP,9500.0,39.42239,-104.25793,2025-02-13 22:32:00+00:00,0.0,0,0,L,0.6
F,B39M,DLL UA /OV DLL/TM 2025/FL350/TP B39M/TB NEG,NEG,202502052000-KMSC-UBUS01-PIREP,35000.0,43.522,-89.771,2025-02-05 20:25:00+00:00,0.0,0,0,U,0.6
T,B787,MNZ UUA /OV MNZ/TM 1535/FL220/TP B787/TB SEV MTN WAVE 220-300/RM REPORTED AS WS 30-40KT GAIN 220-300 ZFW,SEV MTN WAVE 220-300,202502191500-KMSC-UBUS01-PIREP,22000.0,31.6659264,-98.1486375,2025-02-19 15:35:00+00:00,5.0,1,0,U,0.6
F,CRJ9,ATL UA /OV ATL270030/TM 2139/FL180/TP CRJ9/SK SKC/TB NEG/IC NEG/RM DURC ZTLFD-04,NEG,202502242100-KMSC-UBUS01-PIREP,18000.0,33.6301,-85.04235517689371,2025-02-24 21:39:00+00:00,0.0,0,0,U,0.6
T,SW4,DEN UUA /OV 45NW DEN/TM 1905/FL130/TP SW4/TB SEV,SEV,202502081900-KMSC-UBUS01-PIREP,13000.0,40.26301717206664,-105.45760448060464,2025-02-08 19:05:00+00:00,5.0,1,0,M,0.8
T,PC12,RNO UUA /OV KRNO140015/TM 1757/FL090/TP PC12/TB OCNL SEV 090,OCNL SEV 090,202502051700-KMSC-UBUS01-PIREP,9000.0,39.29236337680477,-119.56288350248025,2025-02-05 17:57:00+00:00,5.0,1,0,L,0.6
T,BE36,BJC UUA /OV BJC31025/TM 0033/FL144/TP BE36/TB SEV,SEV,202502230000-KMSC-UBUS01-PIREP,14400.0,39.90881,-105.11719,2025-02-23 00:33:00+00:00,5.0,1,0,L,0.6
F,CRJ2,DBQ UA /OV DBQ290015/TM 1819/FL310/TP CRJ2/TB CONS LGT CHOP,CONS LGT CHOP,202502081800-KMSC-UBUS01-PIREP,31000.0,42.48386196174624,-91.02728817853244,2025-02-08 18:19:00+00:00,1.0,0,0,M,0.8
F,A35K,BET UA /OV BET068137/TM 2345/FL360/TP A35K/TB NEG/RM SMOOTH /ZAN,NEG,202502072300-KMSC-UBUS01-PIREP,36000.0,61.62542100519174,-157.49420422010064,2025-02-07 23:45:00+00:00,0.0,0,0,U,0.6
F,A306,DKK UA /OV DKK/TM 1541/FL300/TP A306/TB CONS LGT CHOP 300/RM ZOB,CONS LGT CHOP 300,202502121500-KMSC-UBUS01-PIREP,30000.0,42.49334,-79.27204,2025-02-12 15:41:00+00:00,1.0,0,0,H,1.0
F,B77W,UUA /OV 60N048W /TM 1255 /FL340 /TP B77W /TB SEV,SEV,202502161310-CYQX-UACN01-PIREP,34000.0,60.0,-48.0,2025-02-16 12:55:00+00:00,5.0,1,0,U,0.6
F,B772,DEN UA /OV DEN225070/TM 1256/FL250/TP B772/SK SKC/TB NEG/IC NEG/RM DURD DEN SSKII ZDVWC-26,NEG,202502271300-KMSC-UBUS01-PIREP,25000.0,39.00777526695805,-105.73186712685288,2025-02-27 12:56:00+00:00,0.0,0,0,H,1.0
T,S22T,SIT UUA /OV BKA355025 /TM 2348 /FL045 /TP S22T /TB SEV 045 /RM MOD CHOP 030 (AKFSS,SEV 045,202502032355-KWBC-UBAK90-PIREP,4500.0,57.27511474580957,-135.61643263241567,2025-02-03 23:48:00+00:00,5.0,1,0,U,0.6
F,E75S,DUJ UA /OV CIP/TM 1221/FL270/TP E75S/TB LGT TURB/RM ZOB,LGT TURB,202502251200-KMSC-UBUS01-PIREP,27000.0,41.15,-79.46,2025-02-25 12:21:00+00:00,1.0,0,0,U,0.6
F,E170,PIR UA /OV PIR160020/TM 1430/FL280/TP E170/TB OCNL LGT CHOP,OCNL LGT CHOP,202502231400-KMSC-UBUS01-PIREP,28000.0,44.06943375467856,-100.126436633211,2025-02-23 14:30:00+00:00,1.0,0,0,U,0.6
F,CRJ7,ILG UA /OV DQO050005/TM 1941/FL190/TP CRJ7/TB SEV/RM PHLBO4 DURING DESCENT,SEV,202502161900-KMSC-UBUS01-PIREP,19000.0,39.73356997296125,-75.52704737143955,2025-02-16 19:41:00+00:00,5.0,1,0,M,0.8
F,UNKN,MTJ UA /OV MTJ140045/TM 1603/FL160/TP UNKN/TB LGT/RM ZDVWC-12,LGT,202502051600-KMSC-UBUS01-PIREP,16000.0,37.93042013041431,-107.2814021181068,2025-02-05 16:03:00+00:00,1.0,0,0,U,0.6
T,B737,IGM UUA /OV PGS320020/TM 1750/FL350/TP B737/TB SEV CONS 290-310/RM ZAB/FDCS,SEV CONS 290-310,202502271800-KMSC-UBUS01-PIREP,35000.0,35.87536883092697,-113.80360013238084,2025-02-27 17:50:00+00:00,5.0,1,0,M,0.8
F,A20N,GRI UA /OV GRI/TM 1511/FL300/TP A20N/TB CONS LGT CHOP,CONS LGT CHOP,202502061500-KMSC-UBUS01-PIREP,30000.0,40.96754,-98.30964,2025-02-06 15:11:00+00:00,1.0,0,0,U,0.6
F,B38M,ARG UA /OV ARG180040/TM 2243/FL370/TP B38M/TB CONS LGT/RM ZME,CONS LGT,202502182200-KMSC-UBUS01-PIREP,37000.0,35.45794933327934,-90.92511,2025-02-18 22:43:00+00:00,1.0,0,0,U,0.6
T,E75L,SEA UUA /OV SEA112040/TM 0224/FL200/TP E75L/TB SEV TURB/RM ISOLATED POCKET @200,SEV TURB,202502240200-KMSC-UBUS01-PIREP,20000.0,47.19493204227979,-121.4003212649997,2025-02-24 02:24:00+00:00,5.0,1,0,U,0.6
F,CL35,FLL UA /OV FLL045013/TM 0041/FL060/TP CL35/TB SEV,SEV,202502190000-KMSC-UBUS01-PIREP,6000.0,26.231930638993507,-79.99164478799801,2025-02-19 00:41:00+00:00,5.0,1,0,U,0.6
T,A321,EEN UUA /OV EEN180015/TM 0930/FL190/TP A321/TB SEV TURB SMOOTHER BELOW FL180,SEV TURB SMOOTHER BELOW FL180,202502010900-KMSC-UBUS01-PIREP,19000.0,42.64997974997975,-72.27,2025-02-01 09:30:00+00:00,5.0,1,1,M,0.8
T,A319,DEN UUA /OV DEN260025/TM 0420/FL180/TP A319/TB SEV/RM + - 40KTS,SEV,202502240400-KMSC-UBUS01-PIREP,18000.0,39.76044073200692,-105.1918934629398,2025-02-24 04:20:00+00:00,5.0,1,0,M,0.8
F,B737,CVG UA /OV CVG/TM 1321/FL370/TP B737/TB NEG 370,NEG 370,202502071300-KMSC-UBUS01-PIREP,37000.0,39.04306,-84.67167,2025-02-07 13:21:00+00:00,0.0,0,0,M,0.8
F,CRJ7,BHM UA /OV KBHM/TM 1607/FL015/TP CRJ7/SK OVC015/WX 10/TA 21/WV 22008/TB NEG/IC NEG,NEG,202502081600-KMSC-UBUS01-PIREP,1500.0,33.56546,-86.74488,2025-02-08 16:07:00+00:00,0.0,0,0,M,0.8
F,BE30,BFF UA /OV BFF360025/TM 1901/FL260/TP BE30/WX VMC/TB NEG/RM ZDVWC-31,NEG,202502031900-KMSC-UBUS01-PIREP,26000.0,42.29073041670041,-103.59564,2025-02-03 19:01:00+00:00,0.0,0,0,L,0.6
F,EC35,MRB UA /OV 10W MRB/TM 1605/FL020/TP EC35/SK OVC035/WX 10/TA 3.3/WV 320/08G18/TB SEV/IC NA/RM 10 NM W MRB EC35 REPORTS SEVERE TURBULENCE AT 2000 FEET,SEV,202502091600-KMSC-UBUS01-PIREP,2000.0,39.4019,-78.20037786207193,2025-02-09 16:05:00+00:00,5.0,1,0,L,0.6
T,B737,ARG UUA /OV ARG270030/TM 0745/FL375/TP B737/TB OCNL SEV 375-350/RM ZME,OCNL SEV 375-350,202502200700-KMSC-UBUS01-PIREP,37500.0,36.12467,-91.544174183758,2025-02-20 07:45:00+00:00,5.0,1,0,M,0.8
F,GLEX,FMN UA /OV RSK270050/TM 1738/FL410/TP GLEX/TB NEG/RM ZDVWC-24,NEG,202502071700-KMSC-UBUS01-PIREP,41000.0,36.75,-109.14012089577685,2025-02-07 17:38:00+00:00,0.0,0,0,M,0.8
F,BCS1,LOZ UA /OV LOZ090002/TM 2003/FL370/TP BCS1/TB LGT,LGT,202502192000-KMSC-UBUS01-PIREP,37000.0,37.087,-84.03521089971252,2025-02-19 20:03:00+00:00,1.0,0,0,U,0.6
F,E170,CVN UA /OV TXO290035/TM 0412/FL330/TP E170/TB SEV CONS CAT TURB FL330-310/RM REPORTED AT FL330/AIRCRAFT DESCENDED TO FL310- AND SAID SEV TURB CONTINUED ZAB FDCS,SEV CONS CAT TURB FL330-310,202502180400-KMSC-UBUS01-PIREP,33000.0,34.69952791074124,-103.50518748813109,2025-02-18 04:12:00+00:00,5.0,1,0,U,0.6
F,A320,LEX UA /OV FLM245010/TM 1925/FL300/TP A320/TB LGT CHOP,LGT CHOP,202502061900-KMSC-UBUS01-PIREP,30000.0,38.57955791769098,-84.50342922680073,2025-02-06 19:25:00+00:00,1.0,0,0,M,0.8
T,B739,FLG UUA /OV FLG150025/TM 1448/FL250/TP B739/TB OCNL SEV/RM ZAB/FDCS,OCNL SEV,202502151400-KMSC-UBUS01-PIREP,25000.0,34.77940685336988,-111.41743380374064,2025-02-15 14:48:00+00:00,5.0,1,0,M,0.8
F,B777,AVP UA /OV LVZ324021/TM 0040/FL330/TP B777/TB SEV,SEV,202502090000-KMSC-UBUS01-PIREP,33000.0,41.55317888368596,-75.96373452951126,2025-02-09 00:40:00+00:00,5.0,1,0,H,1.0
T,LJ60,GCN UUA /OV GCN180010/TM 2106/FL270/TP LJ60/TB OCNL SEV CAT/RM ZAB/FDCS,OCNL SEV CAT,202502282100-KMSC-UBUS01-PIREP,27000.0,35.77942983331983,-112.15472,2025-02-28 21:06:00+00:00,5.0,1,0,M,0.8
T,C25C,SWF UUA /OV 5 N SWF/TM 1600/FL050/TP C25C/TB SEV,SEV,202502181600-KMSC-UBUS01-PIREP,5000.0,41.58745008334008,-74.10483,2025-02-18 16:00:00+00:00,5.0,1,0,U,0.6
T,E170,MRY UUA /OV MRY/TM 2017/FL030/TP E170/TB SEV BLO 030/RM DURD,SEV BLO 030,202502062000-KMSC-UBUS01-PIREP,3000.0,36.59037195,-121.84879526,2025-02-06 20:17:00+00:00,5.0,1,0,U,0.6
F,AA320,MSN UA /OV MSN210016/TM 1453/FL300/TP AA320/TB CONS LGT CHOP,CONS LGT CHOP,202502051500-KMSC-UBUS01-PIREP,30000.0,42.90960118615672,-89.52802370362105,2025-02-05 14:53:00+00:00,1.0,0,0,U,0.6
F,BE20,BOI UA /OV DURD/TM 0009/FL050/TP BE20/SK BKN075 OVC090/TB SEV BLO 050,SEV BLO 050,202502050000-KMSC-UBUS01-PIREP,5000.0,43.56667,-116.24056,2025-02-05 00:09:00+00:00,5.0,1,0,M,0.8
T,TBM8,DEN UUA /OV DEN29622/TM 0039/FL080/TP TBM8/TB SEV TB,SEV TB,202502030000-KMSC-UBUS01-PIREP,8000.0,39.8328,-104.6575,2025-02-03 00:39:00+00:00,5.0,1,0,U,0.6
F,B752,MCK UA /OV HCT035027/TM 2151/FL360/TP B752/TB NEG/RM ZDVWC-09,NEG,202502052100-KMSC-UBUS01-PIREP,36000.0,40.81864827805192,-100.58078888759935,2025-02-05 21:51:00+00:00,0.0,0,0,M,0.8
T,H,MYNN UUA /OV ZQA212020/TM 1232/FL350/TP H/B763/TB SEV/RM 335-350,SEV,202502251200-KMSC-UBUS01-PIREP,35000.0,24.7172944039597,-77.64491619194452,2025-02-25 12:32:00+00:00,5.0,1,1,L,0.6
F,GA7X,SBN UA /OV GSH070010/TM 2059/FL150/TP GA7X/TB NEG,NEG,202502262100-KMSC-UBUS01-PIREP,15000.0,41.584227974497495,-85.58300335783616,2025-02-26 20:59:00+00:00,0.0,0,0,U,0.6
T,CRJ9,PSK UUA /OV PSK230030/TM 1615/FL103/TP CRJ9/TB SEV/RM NO DAMAGE NO INJURIES ZTLFD-45,SEV,202502161600-KMSC-UBUS01-PIREP,10300.0,36.815930162232505,-81.15898400403579,2025-02-16 16:15:00+00:00,5.0,1,0,U,0.6
T,B737,ORF UUA /OV 3507N/06015W/TM 1625/FL370/TP B737/TB SEV,SEV,202502121600-KMSC-UBUS01-PIREP,37000.0,36.90333,-76.19222,2025-02-12 16:25:00+00:00,5.0,1,0,M,0.8
T,TBM,BJC UUA /OV BJC/TM 2136/FL070/TP TBM/TB SEV/RM 4-6 MILES NORTH BJC AIRPORT 070,SEV,202502022100-KMSC-UBUS01-PIREP,7000.0,39.90881,-105.11719,2025-02-02 21:36:00+00:00,5.0,1,0,L,0.6
F,E75L,SKW UA /OV TED292062/TM 1647/FL200/TP E75L/WX TOP250/TA M45 AT FL250/TB LGT CHOP/RM DURC 200-250 /ZAN,LGT CHOP,202502161600-KMSC-UBUS01-PIREP,20000.0,61.557124834466336,-151.97702378175487,2025-02-16 16:47:00+00:00,1.0,0,0,U,0.6
T,PC12,CPR UUA /OV CPR160025/TM 2219/FL110/TP PC12/TB SEV/RM OVER CASPER MOUNTAIN,SEV,202502212200-KMSC-UBUS01-PIREP,11000.0,42.51642969334821,-106.26983967977596,2025-02-21 22:19:00+00:00,5.0,1,0,L,0.6
F,A320,ETB UA /OV BAE360040/TM 1344/FL170/TP A320/TB NEG 130-170/IC NEG,NEG 130-170,202502021300-KMSC-UBUS01-PIREP,17000.0,43.78672066672066,-88.28,2025-02-02 13:44:00+00:00,0.0,0,0,M,0.8
T,A321,SRQ UUA /OV SRQ090005/TM 0031/FL310/TP A321/TB EXTRM,EXTRM,202502250000-KMSC-UBUS01-PIREP,31000.0,27.40139,-82.46473785856865,2025-02-25 00:31:00+00:00,7.0,1,0,M,0.8
F,B789,BET UA /OV BET289040/TM 0101/FL360/TP B789/TB NEG/RM SMOOTH /ZAN/,NEG,202502230100-KMSC-UBUS01-PIREP,36000.0,60.9870630170027,-163.12095899356066,2025-02-23 01:01:00+00:00,0.0,0,0,U,0.6
T,SR22,JFZ UUA /OV HMV260021/TM 0320/FL065/TP SR22/TB SEV/RM NO DAMAGES OR INJURIES REPORTED ZTLFD 44,SEV,202502280300-KMSC-UBUS01-PIREP,6500.0,36.37921821488581,-82.55848911802202,2025-02-28 03:20:00+00:00,5.0,1,0,L,0.6
F,B753,ATL UA /OV GSU015046/TM 1925/FL370/TP B753/TB CONS LGT CHOP/RM ZTLFD 40,CONS LGT CHOP,202502231900-KMSC-UBUS01-PIREP,37000.0,33.6301,-84.4418,2025-02-23 19:25:00+00:00,1.0,0,0,M,0.8
T,DA40,PHX UUA /OV PXR240015/TM 2130/FL045/TP DA40/TB SEV TURB,SEV TURB,202502142100-KMSC-UBUS01-PIREP,4500.0,33.30498987498987,-112.22944690985,2025-02-14 21:30:00+00:00,5.0,1,0,L,0.6
F,E75L,DEN UA /OV FQF/TM 1809/FL340/TP E75L/TB NEG/RM ZDVWC,NEG,202502071815-KWBC-UBCO90-PIREP,34000.0,39.69,-104.62,2025-02-07 18:09:00+00:00,0.0,0,0,U,0.6
F,B190,IND UA /OV SHB090080/TM 0004/FL170/TP B190/TB NEG/IC NEG,NEG,202502180000-KMSC-UBUS01-PIREP,17000.0,39.63,-84.0886613491524,2025-02-18 00:04:00+00:00,0.0,0,0,M,0.8
F,B737,YAK UA /OV YAK180065/TM 1659/FL330/TP B737/TB LGT/RM ZAN,LGT,202502071700-KMSC-UBUS01-PIREP,33000.0,58.41657891657891,-139.66,2025-02-07 16:59:00+00:00,1.0,0,0,M,0.8
T,BE40,MSY UUA /OV KLEV180020/TM 1258/FL400/TP BE40/TB SEV/RM TOPS FL420 ZHU,SEV,202502131300-KMSC-UBUS01-PIREP,40000.0,28.846639666639668,-90.1,2025-02-13 12:58:00+00:00,5.0,1,0,M,0.8
T,BE35,L35 UUA /OV HEC210035/TM 2022/FL110/TP BE35/TB SEV/RM COR SA-ID. ZLA CWSU,SEV,202502062000-KMSC-UBUS01-PIREP,11000.0,34.29477759471783,-116.81522203327458,2025-02-06 20:22:00+00:00,5.0,1,0,L,0.6
F,PC12,LOZ UA /OV FGX/TM 1219/FL190/TP PC12/TB NEG,NEG,202502141200-KMSC-UBUS01-PIREP,19000.0,38.5418,-83.7434,2025-02-14 12:19:00+00:00,0.0,0,0,L,0.6
T,SR20,TCL UUA /OV OKW170015/TM 1634/FL060/TP SR20/TB SEV/RM NO DAMAGES OR INJURIES REPORTED ZTLFD 13,SEV,202502121600-KMSC-UBUS01-PIREP,6000.0,32.993778119370006,-87.19809122005509,2025-02-12 16:34:00+00:00,5.0,1,1,L,0.6
F,B38M,EKN UA /OV EKN/TM 1238/FL240/TP B38M/TB LGT CAT,LGT CAT,202502151200-KMSC-UBUS01-PIREP,24000.0,38.88528,-79.85278,2025-02-15 12:38:00+00:00,1.0,0,0,U,0.6
T,C25B,BHM UUA /OV BHM270030/TM 1353/FL410/TP C25B/TB CONS SEV 410/RM ZME,CONS SEV 410,202502121300-KMSC-UBUS01-PIREP,41000.0,33.56546,-87.344985230233,2025-02-12 13:53:00+00:00,5.0,1,0,U,0.6
F,A21N,ATL UA /OV CLT090045/TM 1700/FL340/TP A21N/TB NEG/RM ZTLFD 33,NEG,202502071700-KMSC-UBUS01-PIREP,34000.0,35.22255,-80.03615079696227,2025-02-07 17:00:00+00:00,0.0,0,0,U,0.6
T,C152,1F0 UUA /OV ADM230008/TM 1906/FL030/TP C152/TB SEV/RM GAIN OF 700 FEET -ZFW,SEV,202502011900-KMSC-UBUS01-PIREP,3000.0,34.217488043262,-97.1431552902268,2025-02-01 19:06:00+00:00,5.0,1,0,L,0.6
F,E135,CRW UA /OV HVQ/TM 1208/FL220/TP E135/TB OCNL LGT CHOP,OCNL LGT CHOP,202502191200-KMSC-UBUS01-PIREP,22000.0,38.35,-81.77,2025-02-19 12:08:00+00:00,1.0,0,0,M,0.8
F,CRJ2,LXV UA /OV LXV111004/TM 1735/FL260/TP CRJ2/SK SKC/TB NEG/IC NEG/RM ZDVWC-26,NEG,202502111700-KMSC-UBUS01-PIREP,26000.0,39.20416686817478,-106.23575764412249,2025-02-11 17:35:00+00:00,0.0,0,0,M,0.8
T,EPIC,DEN UUA /OV DEN312055/TM 2136/FL140/TP EPIC/TB SEV,SEV,202502062100-KMSC-UBUS01-PIREP,14000.0,40.446219405492826,-105.5446678946307,2025-02-06 21:36:00+00:00,5.0,1,0,U,0.6
F,C510,GTF UA /OV GTF180010/TM 1453/FL120/TP C510/TB NEG/RM DURC,NEG,202502221400-KMSC-UBUS01-PIREP,12000.0,47.30661983331984,-111.3822,2025-02-22 14:53:00+00:00,0.0,0,0,U,0.6
T,B737,LOZ UUA /OV LVT/TM 1520/FL370/TP B737/TB SEV,SEV,202502021500-KMSC-UBUS01-PIREP,37000.0,36.58,-85.17,2025-02-02 15:20:00+00:00,5.0,1,0,M,0.8
T,C182,DGW UUA /OV DGW045011 /TM 1519 /FL065 /TP C182 /TB SEV 065-068 /RM UDDF +1500/-1000,SEV 065-068,202502141500-KMSC-UBUS01-PIREP,6500.0,42.92683674376374,-105.2091425533654,2025-02-14 15:19:00+00:00,5.0,1,0,L,0.6
T,S22T,SIT UUA /OV BKA355025 /TM 2348 /FL045 /TP S22T /TB SEV 045 /RM MODCHOP 030 (AKFSS),SEV 045,202502032300-KMSC-UBUS01-PIREP,4500.0,57.27511474580957,-135.61643263241567,2025-02-03 23:48:00+00:00,5.0,1,0,U,0.6
F,B757,CTY UA /OV CTY270015/TM 0440/FL350/TP B757/TB NEG CHOP,NEG CHOP,202502020400-KMSC-UBUS01-PIREP,35000.0,29.63553,-83.39239791657837,2025-02-02 04:40:00+00:00,0.0,0,0,M,0.8
F,C172,ANC UA /OV TED145010 /TM 0115 /FL015 /TP C172 /TB LGT /RM (AKFSS),LGT,202502110100-KMSC-UBUS01-PIREP,1500.0,61.03346360072151,-149.79173921728926,2025-02-11 01:15:00+00:00,1.0,0,0,L,0.6
F,E170,MFD UA /OV MFD035020/TM 1345/FL300/TP E170/TB SEV 255-310/RM ZOB,SEV 255-310,202502161400-KMSC-UBUS01-PIREP,30000.0,41.093072798556975,-82.26733616614389,2025-02-16 13:45:00+00:00,5.0,1,0,U,0.6
F,C172,ONT UA /OV 5NM WEST OF PDZ/TM 1850/FL030/TP C172/TB SEV,SEV,202502181900-KMSC-UBUS01-PIREP,3000.0,34.056,-117.60119,2025-02-18 18:50:00+00:00,5.0,1,0,L,0.6
T,BE36,ATL UUA /OV ATL265045/TM 1845/FL090/TP BE36/TB SEV/RM ZTLFD-04,SEV,202502051900-KMSC-UBUS01-PIREP,9000.0,33.564727898222586,-85.33920482469959,2025-02-05 18:45:00+00:00,5.0,1,0,L,0.6
F,A321,SRQ UA /OV SRQ305215/TM 0758/FL300/TP A321/TB NEG,NEG,202502180800-KMSC-UBUS01-PIREP,30000.0,29.45687204431838,-85.86511893187654,2025-02-18 07:58:00+00:00,0.0,0,0,M,0.8
F,A21N,LIC UA /OV HGO/TM 1557/FL320/TP A21N/TB NEG/RM ZVDWC-,NEG,202502101600-KMSC-UBUS01-PIREP,32000.0,38.81,-103.63,2025-02-10 15:57:00+00:00,0.0,0,0,U,0.6
T,A320,TRI UUA /OV HMV180015/TM 2344/FL350/TP A320/TB SEV CHOP 260-240/RM ZTLFD-41,SEV CHOP 260-240,202502232300-KMSC-UBUS01-PIREP,35000.0,36.18997974997975,-82.13,2025-02-23 23:44:00+00:00,5.0,1,0,M,0.8
F,SF50,EVV UA /OV PXV085015/TM 1131/FL300/TP SF50/TB NEG,NEG,202502251100-KMSC-UBUS01-PIREP,30000.0,37.95179070059247,-87.4442282705707,2025-02-25 11:31:00+00:00,0.0,0,0,U,0.6
F,E170,CVG UA /OV CVG280010/TM 1241/FL320/TP E170/SK TOP 320/TB CONS LGT CHOP,CONS LGT CHOP,202502021200-KMSC-UBUS01-PIREP,32000.0,39.072003707197226,-84.8830175892781,2025-02-02 12:41:00+00:00,1.0,0,0,U,0.6
F,A321,CLT UA /OV CLT/TM 1509/FL290/TP A321/TB NEG/RM ZTLFD-33,NEG,202502111500-KMSC-UBUS01-PIREP,29000.0,35.22255,-80.95431,2025-02-11 15:09:00+00:00,0.0,0,0,M,0.8
T,B738,DLS UUA /OV LTJ330040/TM 1621/FL300/TP B738/TB SEV/RM MOD 310-320 ZSE,SEV,202502251600-KMSC-UBUS01-PIREP,30000.0,46.2873970346082,-121.57739500800326,2025-02-25 16:21:00+00:00,5.0,1,0,M,0.8
T,CRJ9,TRI UUA /OV VJI090010/TM 1617/FL100/TP CRJ9/TB SEV 100,SEV 100,202502161600-KMSC-UBUS01-PIREP,10000.0,36.6871,-81.82547608903515,2025-02-16 16:17:00+00:00,5.0,1,0,U,0.6
T,PC12,PSP UUA /OV TRM36015/TM 2037/FL080/TP PC12/TB SEV TURB,SEV TURB,202502142000-KMSC-UBUS01-PIREP,8000.0,33.62667,-116.15967,2025-02-14 20:37:00+00:00,5.0,1,0,L,0.6
F,CRJ9,EVV UA /OV PXV085035/TM 0100/FL320/TP CRJ9/TB OCNL LGT CHOP,OCNL LGT CHOP,202502140100-KMSC-UBUS01-PIREP,32000.0,37.9808449680491,-87.0231992979983,2025-02-14 01:00:00+00:00,1.0,0,0,U,0.6
F,B190,HDN UA /OV HDN/TM 0223/FL120/TP B190/SK BASE110/TB NEG/IC NEG/RM ZDVWC,NEG,202502220230-KWBC-UBCO90-PIREP,12000.0,40.48,-107.22,2025-02-22 02:23:00+00:00,0.0,0,0,M,0.8
T,C172,LOZ UUA /OV ECB250020/TM 1840/FL050/TP C172/TB OCNL SEV,OCNL SEV,202502101800-KMSC-UBUS01-PIREP,5000.0,38.045984051005,-83.30839864421026,2025-02-10 18:40:00+00:00,5.0,1,0,L,0.6
F,B737,LOZ UA /OV LOZ030030/TM 0148/FL340/TP B737/TB CONS LGT CHOP,CONS LGT CHOP,202502190200-KMSC-UBUS01-PIREP,34000.0,37.52004777595615,-83.76358174784397,2025-02-19 01:48:00+00:00,1.0,0,0,M,0.8
T,C172,BJC UUA /OV BJC340007/TM 0043/FL070/TP C172/TB SEV,SEV,202502010000-KMSC-UBUS01-PIREP,7000.0,40.01844968586251,-105.1692136271112,2025-02-01 00:43:00+00:00,5.0,1,0,L,0.6
F,E75S,GRR UA /OV VIO080020/TM 1422/FL300/TP E75S/TB CONS LGT CHOP,CONS LGT CHOP,202502241400-KMSC-UBUS01-PIREP,30000.0,42.88210929,-85.5229853,2025-02-24 14:22:00+00:00,1.0,0,0,U,0.6
F,GLF5,GUC UA /OV HBU/TM 1839/FL450/TP GLF5/TB EXTRM/RM INSTANT 1000 FOOT DROP +/- 30KTS ZDVWC-65,EXTRM,202502071800-KMSC-UBUS01-PIREP,45000.0,38.45,-107.04,2025-02-07 18:39:00+00:00,7.0,1,0,M,0.8
T,C680,GNV UUA /OV GNV310028/TM 1834/FL330/TP C680/TB SEV,SEV,202502161800-KMSC-UBUS01-PIREP,33000.0,29.991691848582995,-82.68757176007365,2025-02-16 18:34:00+00:00,5.0,1,1,U,0.6
T,HELO,SLC UUA /OV TCH240020/TM 0820/FL050/TP HELO/TB SEV/RM VFR SQUAKING 1200 WHEN ENCOUNTERED,SEV,202502030800-KMSC-UBUS01-PIREP,5000.0,40.68331983331984,-112.36166201392876,2025-02-03 08:20:00+00:00,5.0,1,0,U,0.6
F,E75L,LEX UA /OV HYK111039/TM 2027/FL340/TP E75L/TB OCNL-INTMT LGT CHOP,OCNL-INTMT LGT CHOP,202502102000-KMSC-UBUS01-PIREP,34000.0,37.73704196470414,-83.70017756924616,2025-02-10 20:27:00+00:00,1.0,0,0,U,0.6
F,B753,CEZ UA /OV DVC061050/TM 1940/FL350/TP B753/TB NEG CHOP/RM ZDVWC,NEG CHOP,202502061950-KWBC-UBUS31-PRCUS,35000.0,38.21404074155405,-108.00738673205196,2025-02-06 19:40:00+00:00,0.0,0,0,M,0.8
F,CL35,HDN UA /OV CHE090045/TM 2040/FL410/TP CL35/TB CONS LGT CHOP/RM LGT MTW +/-10KT. ZDVWC-34,CONS LGT CHOP,202502012000-KMSC-UBUS01-PIREP,41000.0,40.52,-106.32331063626474,2025-02-01 20:40:00+00:00,1.0,0,0,U,0.6
F,E75L,OMA UA /OV OMA270015/TM 1313/FL150/TP E75L/TB NEG/IC NEG/RM DURC,NEG,202502141300-KMSC-UBUS01-PIREP,15000.0,41.31028,-96.23202186706692,2025-02-14 13:13:00+00:00,0.0,0,0,U,0.6
T,PC12,HDN UUA /OV CHE010045/TM 0115/FL185/TP PC12/TB SEV/RM DURC FL185-FL220. IMPROVED ABOVE FL220. ZDVWC-77,SEV,202502080100-KMSC-UBUS01-PIREP,18500.0,41.25866564188998,-107.13866319006404,2025-02-08 01:15:00+00:00,5.0,1,0,L,0.6
F,B738,GFL UA /OV GFL/TM 1433/FL360/TP B738/TB OCNL LGT CHOP,OCNL LGT CHOP,202502091400-KMSC-UBUS01-PIREP,36000.0,43.34122,-73.61031,2025-02-09 14:33:00+00:00,1.0,0,0,M,0.8
F,B38M,SME UA /OV HCH330015/TM 1451/FL400/TP B38M/TB NEG,NEG,202502081400-KMSC-UBUS01-PIREP,40000.0,35.99652388797807,-85.13409227460296,2025-02-08 14:51:00+00:00,0.0,0,0,U,0.6
T,B77W,BCE UUA /OV BCE/TM 0050/FL290/TP B77W/TB SEV/RM /ZLC,SEV,202502230000-KMSC-UBUS01-PIREP,29000.0,37.70639,-112.14556,2025-02-23 00:50:00+00:00,5.0,1,0,U,0.6
T,LJ45,GTF UUA /OV GTF290045/TM 2241/FL430/TP LJ45/TB SEV/RM MTW +/-200FT +/-20KT /ZLC,SEV,202502012200-KMSC-UBUS01-PIREP,43000.0,47.729835885238735,-112.4249450858187,2025-02-01 22:41:00+00:00,5.0,1,0,M,0.8
F,SR22,PVU UA /OV FFU200030/TM 1534/FL120/TP SR22/TA M07/TB LGT CAT/IC LGT MIX/ZLC,LGT CAT,202502071500-KMSC-UBUS01-PIREP,12000.0,39.80011563201785,-112.16414466657794,2025-02-07 15:34:00+00:00,1.0,0,0,L,0.6
F,A320,CEZ UA /OV DVC280010/TM 2343/FL330/TP A320/TB OCNL LGT CHOP/RM ZDVWC-37,OCNL LGT CHOP,202502032300-KMSC-UBUS01-PIREP,33000.0,37.83894370719723,-109.13776954644185,2025-02-03 23:43:00+00:00,1.0,0,0,M,0.8
T,BE20,KTN UUA /OV KTN295019 /TM 0400 /FL057 /TP BE20 /TB SEV /RM SEVERETURBULENCE AT RUYOC Y11 APPROACH (AKFSS),SEV,202502260400-KMSC-UBUS01-PIREP,5700.0,55.48383995638714,-132.21481880263732,2025-02-26 04:00:00+00:00,5.0,1,0,M,0.8
T,LJ60,ABQ UUA /OV CNX080015/TM 0032/FL400/TP LJ60/TB SEV MTN WAVE +/-2000 FT/MIN +/-50KT/RM ZAB/FDCS,SEV MTN WAVE +,202502150000-KMSC-UBUS01-PIREP,40000.0,34.41341556079585,-105.3816971942224,2025-02-15 00:32:00+00:00,5.0,1,0,M,0.8
F,B3XM,BIG UA /OV BIG100050/TM 1956/FL330/TP B3XM/TB CONS LGT CHOP/RM ZAN,CONS LGT CHOP,202502262000-KMSC-UBUS01-PIREP,33000.0,63.84528146401384,-143.84842148104852,2025-02-26 19:56:00+00:00,1.0,0,0,U,0.6
F,B752,SDF UA /OV IIU/TM 0101/FL370/TP B752/TB NEG,NEG,202502140100-KMSC-UBUS01-PIREP,37000.0,38.1,-85.58,2025-02-14 01:01:00+00:00,0.0,0,0,M,0.8
F,B738,PGA UA /OV TBC/TM 1922/FL370/TP B738/TB OCNL LGT CHOP/RM ZDVWC-24,OCNL LGT CHOP,202502161900-KMSC-UBUS01-PIREP,37000.0,36.12,-111.27,2025-02-16 19:22:00+00:00,1.0,0,0,M,0.8
F,A21N,BGR UA /OV BGR/TM 1404/FL340/TP A21N/TB NEG,NEG,202502141400-KMSC-UBUS01-PIREP,34000.0,44.80744,-68.82814,2025-02-14 14:04:00+00:00,0.0,0,0,U,0.6
T,E35L,EGE UUA /OV RLG359050/TM 0051/FL390/TP E35L/TB SEV TURB /RM ZDVWC-14,SEV TURB,202502230000-KMSC-UBUS01-PIREP,39000.0,40.83327390241724,-106.4589869533032,2025-02-23 00:51:00+00:00,5.0,1,0,U,0.6
T,E55P,DAY UUA /OV ROD/TM 1423/FL300/TP E55P/TB SEV,SEV,202502161400-KMSC-UBUS01-PIREP,30000.0,40.29,-84.04,2025-02-16 14:23:00+00:00,5.0,1,0,U,0.6
F,B787,AKN UA /OV AKN144046/TM 1413/FL350/TP B787/TB CONS LGT/RM ZAN,CONS LGT,202502191400-KMSC-UBUS01-PIREP,35000.0,58.049703397640286,-155.77326739590652,2025-02-19 14:13:00+00:00,1.0,0,0,U,0.6
F,D328,MLI UA /OV MZV/TM 1813/FL240/TP D328/TB OCNL LGT CHOP,OCNL LGT CHOP,202502181800-KMSC-UBUS01-PIREP,24000.0,41.32,-90.64,2025-02-18 18:13:00+00:00,1.0,0,0,M,0.8
T,C182,ONT UUA /OV ONT035015/TM 1956/FL100/TP C182/TB SEV 080-100/RM UDDFS. COR LOCTN AND TURB. ZLA CWSU,SEV 080-100,202502062000-KMSC-UBUS01-PIREP,10000.0,34.26080459891773,-117.42809724700312,2025-02-06 19:56:00+00:00,5.0,1,0,L,0.6
F,A320,RAP UA /OV RAP090040/TM 1611/FL350/TP A320/TB NEG,NEG,202502071600-KMSC-UBUS01-PIREP,35000.0,44.04533,-102.12980024659744,2025-02-07 16:11:00+00:00,0.0,0,0,M,0.8
F,E75L,EAR UA /OV EAR/TM 0003/FL320/TP E75L/TB NEG/RM ZDVWC-09,NEG,202502200000-KMSC-UBUS01-PIREP,32000.0,40.72703,-99.00678,2025-02-20 00:03:00+00:00,0.0,0,0,U,0.6
T,M600,CSV UUA /OV HCH/TM 2345/FL260/TP M600/TB SEV /RM ZTLFD-37,SEV,202502232300-KMSC-UBUS01-PIREP,26000.0,35.78,-84.98,2025-02-23 23:45:00+00:00,5.0,1,0,U,0.6
T,TBM8,BJC UUA /OV BJC320015/TM 1919/FL125/TP TBM8/TB SEV/RM DURD,SEV,202502021900-KMSC-UBUS01-PIREP,12500.0,40.10033662319523,-105.32670236501252,2025-02-02 19:19:00+00:00,5.0,1,0,U,0.6
F,B737,VJI UA /OV HMV045025/TM 1437/FL260/TP B737/TB NEG/IC NEG/RM SMOOTH ZTLFD 43,NEG,202502121400-KMSC-UBUS01-PIREP,26000.0,36.734651690372125,-81.76373615175233,2025-02-12 14:37:00+00:00,0.0,0,0,M,0.8
F,B77L,OME UA /OV OME148030/TM 0220/FL320/TP B77L/TB NEG/RM ZAN,NEG,202502070200-KMSC-UBUS01-PIREP,32000.0,64.08594160593955,-164.82427116941614,2025-02-07 02:20:00+00:00,0.0,0,0,U,0.6
F,A359,UUA /OV 51N033W /TM 1938 /FL370 /TP A359 /TB SEV,SEV,202502141940-CYQX-UACN01-PIREP,37000.0,51.0,-33.0,2025-02-14 19:38:00+00:00,5.0,1,0,U,0.6
T,C172,TIP UUA /OV RBS355020/TM 1240/FL060/TP C172/TB SEV,SEV,202502261200-KMSC-UBUS01-PIREP,6000.0,40.91209179664766,-88.19825454607094,2025-02-26 12:40:00+00:00,5.0,1,1,L,0.6
F,A20N,MFD UA /OV MFD040015/TM 1455/FL275/TP A20N /TB SEV/RM DURD NO INJURIES ZOB,SEV,202502161500-KMSC-UBUS01-PIREP,27500.0,41.01152662319523,-82.30763617428418,2025-02-16 14:55:00+00:00,5.0,1,0,U,0.6
F,A21N,GUC UA /OV HBU/TM 2024/FL380/TP A21N/TB OCNL LGT CHOP/RM ZDVWC-65,OCNL LGT CHOP,202502022000-KMSC-UBUS01-PIREP,38000.0,38.45,-107.04,2025-02-02 20:24:00+00:00,1.0,0,0,U,0.6
F,PC12,MSS UA /OV MSS/TM 2134/FL070/TP PC12/SK BASE040 TOP070/TA M12/TB NEG/IC LGT CLR/RM DURC 040-070,NEG,202502232100-KMSC-UBUS01-PIREP,7000.0,44.93583,-74.84556,2025-02-23 21:34:00+00:00,0.0,0,0,L,0.6
F,B739,DTW UA /OV Y47/TM 0136/FL115/TP B739/SK OVC110/TB LGT TURB,LGT TURB,202502090100-KMSC-UBUS01-PIREP,11500.0,42.5,-83.62,2025-02-09 01:36:00+00:00,1.0,0,0,M,0.8
F,B737,BIG UA /OV BIG330020/TM 1638/FL240/TP B737/TB NEG/IC NEG/RM DURC ZAN,NEG,202502111600-KMSC-UBUS01-PIREP,24000.0,64.2786985173041,-146.1000901268754,2025-02-11 16:38:00+00:00,0.0,0,0,M,0.8
F,A319,SBS UA /OV BQZ140020/TM 1816/FL130/TP A319/TA M08/TB CONS LGT CHOP/IC LGT RIME 145-170/RM DURD ZDVWC-77,CONS LGT CHOP,202502071800-KMSC-UBUS01-PIREP,13000.0,40.20463116907303,-106.58837115549234,2025-02-07 18:16:00+00:00,1.0,0,0,M,0.8
T,BE9L,ELP UUA /OV ELP030022/TM 1515/FL080/TP BE9L/TB SEV/RM CLIMBING OUT OF ELP ZAB/FDCS,SEV,202502121500-KMSC-UBUS01-PIREP,8000.0,32.12867836903451,-106.16007307640668,2025-02-12 15:15:00+00:00,5.0,1,1,L,0.6
T,B77W,BGM UUA /OV HNK230050/TM 0049/FL330/TP B77W/TB SEV,SEV,202502090000-KMSC-UBUS01-PIREP,33000.0,41.52430027038751,-76.17989290768784,2025-02-09 00:49:00+00:00,5.0,1,0,U,0.6
F,B763,IND UA /OV SHB050020/TM 0959/FL210/TP B763/TB NEG/IC NEG,NEG,202502061000-KMSC-UBUS01-PIREP,21000.0,39.844279891845,-85.48842941184027,2025-02-06 09:59:00+00:00,0.0,0,0,H,1.0
T,A319,HDN UUA /OV CHE/TM 2125/FL210/TP A319/TB SEV/RM FL200-210 / ZDVWC-13,SEV,202502072100-KMSC-UBUS01-PIREP,21000.0,40.52,-107.31,2025-02-07 21:25:00+00:00,5.0,1,0,M,0.8
F,EPIC,OLV UA /OV OLV/TM 2204/FL005/TP EPIC/TB LGT BLO 005/RM LLWS +/-5 KT SFC-005 DURD RY36 OLV,LGT BLO 005,202502202200-KMSC-UBUS01-PIREP,500.0,34.97875,-89.7868611,2025-02-20 22:04:00+00:00,1.0,0,0,U,0.6
F,PC12,YKM UA /OV YKM/TM 1721/FL045/TP PC12/SK OVC025-TOP045/TB NEG/IC NEG/RM DURC,NEG,202502051700-KMSC-UBUS01-PIREP,4500.0,46.56817,-120.54406,2025-02-05 17:21:00+00:00,0.0,0,0,L,0.6
T,E170,CVN UUA /OV TXO290035/TM 0412/FL330/TP E170/TB SEV CONS CAT TURB FL330-310/RM REPORTED AT FL330/AIRCRAFT DESCENDED TO FL310- RPRT SEV TURB CONTINUED ZAB FDCS,SEV CONS CAT TURB FL330-310,202502180400-KMSC-UBUS01-PIREP,33000.0,34.69952791074124,-103.50518748813109,2025-02-18 04:12:00+00:00,5.0,1,0,U,0.6
F,CRJ2,JVL UA /OV JVL270025/TM 1645/FL210/TP CRJ2/TB CONS LGT CHOP,CONS LGT CHOP,202502121600-KMSC-UBUS01-PIREP,21000.0,42.62025,-89.60783844278019,2025-02-12 16:45:00+00:00,1.0,0,0,M,0.8
F,E55P,ELP UA /OV 5 MILES WEST OF KELP/TM 0028/FL090/TP E55P/TB SEV,SEV,202502120000-KMSC-UBUS01-PIREP,9000.0,31.81111,-106.37583,2025-02-12 00:28:00+00:00,5.0,1,0,U,0.6
T,B39M,DEN UUA /OV DEN283014/TM 1917/FL122/TP B39M/TB SEV/RM DURC 122-140,SEV,202502021900-KMSC-UBUS01-PIREP,12200.0,39.88529283092608,-104.95358856677578,2025-02-02 19:17:00+00:00,5.0,1,0,U,0.6
T,PC12,RNO UUA /OV RNO170060/TM 0500/FL075/TP PC12/TB SEV/RM DURD,SEV,202502070500-KMSC-UBUS01-PIREP,7500.0,38.49900247748003,-119.54610160661228,2025-02-07 05:00:00+00:00,5.0,1,0,L,0.6
T,PC12,VRB UUA /OV TRV170005/TM 1841/FL085/TP PC12/TB SEV/RM 085-070 DURD,SEV,202502101800-KMSC-UBUS01-PIREP,8500.0,27.597926039790003,-80.4736578868651,2025-02-10 18:41:00+00:00,5.0,1,0,L,0.6
T,P28A,BJC UUA /OV BJC FA 30R/TM 1755/FL063/TP P28A/TB SEV,SEV,202502251700-KMSC-UBUS01-PIREP,6300.0,39.90881,-105.11719,2025-02-25 17:55:00+00:00,5.0,1,0,L,0.6
F,B738,CTY UA /OV CTY045039/TM 1211/FL390/TP B738/TB CONS LGT CHOP,CONS LGT CHOP,202502231200-KMSC-UBUS01-PIREP,39000.0,30.095186636980515,-82.57591573974244,2025-02-23 12:11:00+00:00,1.0,0,0,M,0.8
T,E145,FLO UUA /OV FLO350020/TM 0013/FL140/TP E145/TB EXTRM/RM ON MLLET ARRIVAL,EXTRM,202502100000-KMSC-UBUS01-PIREP,14000.0,34.513655840839995,-79.79386790512645,2025-02-10 00:13:00+00:00,7.0,1,0,M,0.8

