label,issue,expire,fl_low,fl_high,polygon
3C,2019-03-01 00:55:00+00:00,2019-03-01 02:55:00+00:00,,,"POLYGON ((-93.4719007127077 29.95346144639734, -97.39392010457345 28.06904682301738, -97.44879035276622 27.99791411469436, -97.82257922372575 26.06676183653868, -97.30730496209063 27.88877531364144, -93.38528557022487 29.77318993702139, -97.62622358485739 26.02875574380878, -97.25243471389786 27.95990802196446, -93.4719007127077 29.95346144639734))"
1C,2019-03-01 00:55:00+00:00,2019-03-01 02:55:00+00:00,0.0,36000.0,"POLYGON ((-88.24568083542877 31.908223781997542, -87.84720056099208 29.653057515835197, -91.65623743728003 30.35218257689585, -92.72453996273342 31.720919548725604, -88.24568083542877 31.908223781997542))"
1W,2019-03-01 00:55:00+00:00,2019-03-01 02:55:00+00:00,0.0,25000.0,"POLYGON ((-110.62126267507642 41.656624311216, -110.93724996619623 40.3918695669992, -111.72923674302328 40.38861284325409, -111.81948811905576 41.7277035974375, -110.62126267507642 41.656624311216))"
1E,2019-03-01 00:55:00+00:00,2019-03-01 02:55:00+00:00,0.0,24000.0,"POLYGON ((-82.81528022046534 32.784111044085996, -82.76695704495405 32.59003664930784, -83.98899350067803 32.2857580648061, -84.03731667618932 32.47983245958426, -82.81528022046534 32.784111044085996))"
4C,2019-03-01 00:55:00+00:00,2019-03-01 02:55:00+00:00,0.0,25000.0,"POLYGON ((-86.84112372229619 33.84891782623828, -86.71291779559105 33.695414600351384, -87.20308871303511 33.28602374649973, -87.33129463974025 33.43952697238662, -86.84112372229619 33.84891782623828))"
2C,2019-03-01 00:55:00+00:00,2019-03-01 02:55:00+00:00,0.0,36000.0,"POLYGON ((-91.42804240768035 30.2128051879303, -91.68205693394701 29.67804627407629, -92.85547450044682 29.605489984089015, -92.60848580083716 30.13904690905821, -91.42804240768035 30.2128051879303))"
6C,2019-03-01 01:55:00+00:00,2019-03-01 03:55:00+00:00,0.0,34000.0,"POLYGON ((-91.6860921257889 30.47943134191858, -90.76599373514455 30.287912163885885, -91.73913048246769 29.557034999705913, -91.6860921257889 30.47943134191858))"
5C,2019-03-01 01:55:00+00:00,2019-03-01 03:55:00+00:00,0.0,36000.0,"POLYGON ((-90.2822331381461 32.49353548409263, -87.04469471153226 31.963265228540692, -87.77484681867278 29.499047987964754, -92.32006935307021 31.32354132677871, -90.2822331381461 32.49353548409263))"
7C,2019-03-01 01:55:00+00:00,2019-03-01 03:55:00+00:00,,,"POLYGON ((-93.28118588226192 29.96981690000927, -97.13830389873797 27.85911716249463, -97.18788950878097 27.79321346523166, -97.59230757286458 25.98449741318808, -97.04229457246896 27.68366856811619, -93.18517655599291 29.79436830563083, -97.39712702650958 25.94085621333558, -96.99270896242597 27.74957226537915, -93.28118588226192 29.96981690000927))"
2E,2019-03-01 01:55:00+00:00,2019-03-01 03:55:00+00:00,0.0,25000.0,"POLYGON ((-81.4253624123665 32.37025576333137, -81.42650069619029 32.17025900258277, -83.16691211386161 32.18016457383329, -83.16577383003782 32.38016133458189, -81.4253624123665 32.37025576333137))"
8C,2019-03-01 01:55:00+00:00,2019-03-01 03:55:00+00:00,0.0,32000.0,"POLYGON ((-86.39439530444581 33.767693661544655, -86.36334096250077 33.57011930124868, -87.00716008006161 33.46892510278322, -87.03821442200665 33.66649946307919, -86.39439530444581 33.767693661544655))"
10C,2019-03-01 02:55:00+00:00,2019-03-01 04:55:00+00:00,,,"POLYGON ((-92.88247004577254 29.99186546090035, -97.07775482134451 27.83884080387623, -97.1303365524398 27.76855067823455, -97.47824020159482 25.93867786900609, -96.98643788034545 27.66090481458071, -92.79115310477347 29.81392947160484, -97.28175979840518 25.90132213099392, -96.93385614925016 27.73119494022239, -92.88247004577254 29.99186546090035))"
9C,2019-03-01 02:55:00+00:00,2019-03-01 04:55:00+00:00,0.0,36000.0,"POLYGON ((-89.2195407729077 32.7322276438874, -86.47000501972626 31.912501634697623, -87.26573242780971 29.59904276773545, -92.22407093160261 31.494986579544367, -89.2195407729077 32.7322276438874))"
3E,2019-03-01 02:55:00+00:00,2019-03-01 04:55:00+00:00,0.0,27000.0,"POLYGON ((-85.5576666026078 33.816242604532, -85.52745360421268 33.618537837953205, -86.56432843579796 33.460083906038776, -86.59454143419308 33.65778867261757, -85.5576666026078 33.816242604532))"
2W,2019-03-01 02:55:00+00:00,2019-03-01 04:55:00+00:00,0.0,25000.0,"POLYGON ((-111.76555960017113 41.68682054366364, -111.16154560100793 41.460485295863094, -111.45160164267608 40.682818109458275, -112.15642812379696 40.79454064033601, -111.76555960017113 41.68682054366364))"
12C,2019-03-01 03:55:00+00:00,2019-03-01 05:55:00+00:00,,,"POLYGON ((-91.61264597740004 30.33517805825506, -96.15434694765365 28.43958592246721, -96.20521521274738 28.39213708837877, -97.41203723152096 25.98618533671805, -96.07731249871206 28.25501698229507, -91.53561152845845 30.15060911808292, -97.23326625239191 25.89651406472279, -96.02644423361834 28.30246581638351, -91.61264597740004 30.33517805825506))"
11C,2019-03-01 03:55:00+00:00,2019-03-01 05:55:00+00:00,0.0,35000.0,"POLYGON ((-88.73781309887326 33.028676706281004, -85.90444814733226 31.866398006836835, -87.23070661195595 31.299398184331373, -89.34716512665663 32.56981874089525, -88.73781309887326 33.028676706281004))"
13C,2019-03-01 03:55:00+00:00,2019-03-01 05:55:00+00:00,0.0,36000.0,"POLYGON ((-86.48625317074008 30.82985584104606, -86.16668974894665 29.75305350671482, -87.26573242780971 29.59904276773545, -87.06749249477605 30.829423366698553, -86.48625317074008 30.82985584104606))"
14C,2019-03-01 03:55:00+00:00,2019-03-01 05:55:00+00:00,0.0,27000.0,"POLYGON ((-87.08523496797193 33.822137212840445, -87.03594957120563 33.62830494084842, -87.96531116289654 33.391997775302045, -88.01459655966283 33.58583004729407, -87.08523496797193 33.822137212840445))"
3W,2019-03-01 03:55:00+00:00,2019-03-01 05:55:00+00:00,0.0,24000.0,"POLYGON ((-111.91052648858451 42.032759502825655, -109.98645407450434 41.58595319010004, -111.02441755140252 40.84605727400881, -111.84506301749705 40.74769422607394, -111.91052648858451 42.032759502825655))"
4E,2019-03-01 04:55:00+00:00,2019-03-01 06:55:00+00:00,0.0,35000.0,"POLYGON ((-86.68 30.99636895573639, -85.9621051396941 31.08268770101597, -85.5945779841221 29.88434846892559, -86.68 29.499048354108847, -86.68 30.99636895573639))"
16C,2019-03-01 04:55:00+00:00,2019-03-01 06:55:00+00:00,,,"POLYGON ((-91.48612080964158 30.26304704009272, -95.89932394623622 28.45711098514717, -95.95199599507332 28.40700564148393, -97.09817357548656 25.96196970059945, -95.82357816333595 28.27200945524311, -91.4103750267413 30.07794551018866, -96.9170836949121 25.87707885802187, -95.77090611449886 28.32211479890636, -91.48612080964158 30.26304704009272))"
17C,2019-03-01 04:55:00+00:00,2019-03-01 06:55:00+00:00,0.0,34000.0,"POLYGON ((-87.42936443909261 33.768567029001765, -86.7476403029771 33.82488162444953, -86.73117515784533 33.62556052923934, -87.41289929396083 33.56924593379157, -87.42936443909261 33.768567029001765))"
15C,2019-03-01 04:55:00+00:00,2019-03-01 06:55:00+00:00,0.0,35000.0,"POLYGON ((-88.19010003143603 33.37893910074856, -85.69002447510577 31.997137583186007, -86.68 31.263712818262675, -88.70810105364012 33.08914383656015, -88.19010003143603 33.37893910074856))"
4W,2019-03-01 04:55:00+00:00,2019-03-01 06:55:00+00:00,0.0,25000.0,"POLYGON ((-107.82580386259862 40.352832073735, -107.153963047503 39.23524706109339, -109.05254690161586 38.855251072109645, -108.79000000000002 39.638283757683574, -107.82580386259862 40.352832073735))"
18C,2019-03-01 05:55:00+00:00,2019-03-01 07:55:00+00:00,0.0,36000.0,"POLYGON ((-86.34716941713357 33.47776880447618, -84.706211821248 32.012246792286305, -86.45649057216711 31.290922835561766, -88.35785766438907 33.18249722053309, -86.34716941713357 33.47776880447618))"
5E,2019-03-01 05:55:00+00:00,2019-03-01 07:55:00+00:00,0.0,36000.0,"POLYGON ((-86.44139153479586 31.034235567651557, -84.88722829561283 31.147473050320073, -84.73175354494207 29.59804805122651, -86.68 29.528861545211946, -86.44139153479586 31.034235567651557))"
PAPA 1,2019-03-01 06:38:00+00:00,2019-03-01 10:35:00+00:00,0.0,36000.0,"POLYGON ((-143.5 30, -140 30, -144 27, -143.5 30))"
QUEBEC 1,2019-03-01 06:42:00+00:00,2019-03-01 10:40:00+00:00,0.0,59000.0,"POLYGON ((151.2 4.5, 158.2 3.1, 152.2 1, 150.2 3.4, 151.2 4.5))"
6E,2019-03-01 06:55:00+00:00,2019-03-01 08:55:00+00:00,0.0,35000.0,"POLYGON ((-86.75883953617101 33.5522791228222, -85.05861344642477 32.74249876404603, -83.75888529016513 29.852783030599475, -85.83086723396083 29.097599657211543, -86.75883953617101 33.5522791228222))"
19C,2019-03-01 06:55:00+00:00,2019-03-01 08:55:00+00:00,0.0,35000.0,"POLYGON ((-87.11546707905786 34.83676055110143, -87.98666848660484 31.49799042518937, -89.6163673221271 29.849445554122916, -91.13179596163505 32.19840184218151, -87.11546707905786 34.83676055110143))"
7E,2019-03-01 07:55:00+00:00,2019-03-01 09:55:00+00:00,0.0,35000.0,"POLYGON ((-86.30029492453903 33.66855187122524, -84.4786179370797 32.79319822755399, -83.34469733030697 30.21449395784311, -84.86113196711594 29.3230706897234, -86.30029492453903 33.66855187122524))"
20C,2019-03-01 07:55:00+00:00,2019-03-01 09:55:00+00:00,0.0,35000.0,"POLYGON ((-88.60433217443463 31.979150389351314, -87.8554425978026 30.729024170647723, -88.83370002953548 30.320231335058207, -89.90224339911194 30.992822764892995, -88.60433217443463 31.979150389351314))"
8E,2019-03-01 08:55:00+00:00,2019-03-01 10:55:00+00:00,0.0,33000.0,"POLYGON ((-84.3826149165062 32.942538733280855, -82.9031058313305 29.907328867299743, -84.00667713570911 29.596569750314284, -85.3501628122811 32.932280991152325, -84.3826149165062 32.942538733280855))"
22C,2019-03-01 08:55:00+00:00,2019-03-01 10:55:00+00:00,0.0,38000.0,"POLYGON ((-88.94077154874232 29.463773658659793, -88.76774177202475 27.997007400801074, -91.95691798744568 27.520243119050857, -92.38492925237696 28.600959686264062, -88.94077154874232 29.463773658659793))"
21C,2019-03-01 08:55:00+00:00,2019-03-01 10:55:00+00:00,0.0,35000.0,"POLYGON ((-87.85454408090588 32.04452043292187, -86.5243642700526 30.88523188368875, -88.61603713288844 30.195484128068205, -89.48071124066651 31.021022279865452, -87.85454408090588 32.04452043292187))"
MIKE 1,2019-03-01 09:04:00+00:00,2019-03-01 09:55:00+00:00,1000.0,6000.0,"POLYGON ((-164.22 76.28, -161.33 78.22, -156.26 78.27, -157.3 76.42, -164.22 76.28))"
9E,2019-03-01 09:55:00+00:00,2019-03-01 11:55:00+00:00,0.0,32000.0,"POLYGON ((-83.08043900062775 33.388250343201264, -81.86665612888166 30.46684937365633, -83.05 30.09910686720918, -84.19907079993975 32.87980455594683, -83.08043900062775 33.388250343201264))"
24C,2019-03-01 09:55:00+00:00,2019-03-01 11:55:00+00:00,0.0,39000.0,"POLYGON ((-88.80022394291844 29.807027638847178, -88.00314972877277 28.399676889285463, -93.11 27.478096708217727, -94.04841832680896 28.138501521682947, -88.80022394291844 29.807027638847178))"
23C,2019-03-01 09:55:00+00:00,2019-03-01 11:55:00+00:00,0.0,35000.0,"POLYGON ((-86.86390286775867 32.02783520270292, -85.71128912687138 30.826396151860205, -87.36084317142596 30.240016139093544, -87.94791527856255 31.08227108564997, -86.86390286775867 32.02783520270292))"
PAPA 2,2019-03-01 10:04:00+00:00,2019-03-01 14:05:00+00:00,0.0,35000.0,"POLYGON ((-138.1 31, -138.1 27.4, -142.3 30, -138.1 31))"
QUEBEC 2,2019-03-01 10:33:00+00:00,2019-03-01 14:35:00+00:00,0.0,60000.0,"POLYGON ((150 5, 158.5 3.4, 152.2 1, 149.1 3.4, 150 5))"
25C,2019-03-01 10:55:00+00:00,2019-03-01 12:55:00+00:00,0.0,41000.0,"POLYGON ((-88.72742467651932 29.960957988443386, -87.41633500875962 28.728421947234096, -93.11 27.14535879674494, -94.11912400662607 27.9842755622766, -88.72742467651932 29.960957988443386))"
11E,2019-03-01 10:55:00+00:00,2019-03-01 12:55:00+00:00,,,"POLYGON ((-83.57812496019879 32.92698365067211, -83.48385944492178 32.54265840625285, -82.48869454720723 31.27202137329303, -83.72187503980125 32.78793001133, -83.47700664316376 32.5347913543678, -82.33123886408875 31.39534090886502, -83.32640376180329 32.66597794182485, -83.3332565635613 32.67384499370991, -83.57812496019879 32.92698365067211))"
10E,2019-03-01 10:55:00+00:00,2019-03-01 12:55:00+00:00,0.0,35000.0,"POLYGON ((-84.16137079025954 35.36542949053553, -83.3 34.7, -84.5629218828327 33.732166305391836, -85.52281251257966 34.652748465185745, -84.16137079025954 35.36542949053553))"
HOTEL 1,2019-03-01 11:45:00+00:00,2019-03-01 15:45:00+00:00,0.0,40000.0,"POLYGON ((-89.45 29, -88.15 28.15, -92.3 26, -93.45 27.45, -89.45 29))"
12E,2019-03-01 11:55:00+00:00,2019-03-01 13:55:00+00:00,0.0,34000.0,"POLYGON ((-84.20197461730983 35.28477596877902, -83.4432938588723 34.81755678922991, -84.28652215200228 33.93731504050098, -85.30479003310272 34.652491948389375, -84.20197461730983 35.28477596877902))"
26C,2019-03-01 11:55:00+00:00,2019-03-01 13:55:00+00:00,0.0,38000.0,"POLYGON ((-87.64663809331013 30.473382534849762, -86.68 29.16631044263607, -89.16428373187601 28.35326538449789, -89.95371867628029 29.487330241858594, -87.64663809331013 30.473382534849762))"
13E,2019-03-01 11:55:00+00:00,2019-03-01 13:55:00+00:00,,,"POLYGON ((-83.47811189877832 32.96752785094597, -82.59255463341816 31.81848022775259, -82.29035778735201 31.3764063015619, -83.61836709398894 32.82494987152265, -82.58012759760531 31.80362467229046, -82.12524852051573 31.48927317006095, -82.42744536658185 31.93134709625164, -82.4398724023947 31.94620265171377, -83.47811189877832 32.96752785094597))"
ROMEO 1,2019-03-01 11:59:00+00:00,2019-03-01 16:00:00+00:00,0.0,55000.0,"POLYGON ((-180 3.3, -178 3.3, -180 -5, -180 3.3))"
BRAVO 1,2019-03-01 12:45:00+00:00,2019-03-01 16:45:00+00:00,0.0,30000.0,"POLYGON ((-138.15 30.45, -137.15 29, -140 27.45, -140 30, -138.15 30.45))"
15E,2019-03-01 12:55:00+00:00,2019-03-01 14:55:00+00:00,0.0,32000.0,"POLYGON ((-80.74550266016612 33.244805478483684, -80.02519000488448 31.773369501996388, -81.40881801168469 31.544829034357047, -82.2039421215556 32.53729710843544, -80.74550266016612 33.244805478483684))"
14E,2019-03-01 12:55:00+00:00,2019-03-01 14:55:00+00:00,0.0,34000.0,"POLYGON ((-84.0945428491913 31.65985105393622, -83.57845799806871 30.397732665893674, -85.02789656995888 29.81004636605923, -85.9050243199111 30.827693507021543, -84.0945428491913 31.65985105393622))"
27C,2019-03-01 12:55:00+00:00,2019-03-01 14:55:00+00:00,0.0,38000.0,"POLYGON ((-86.36926638469437 30.718979358702562, -85.52302715820731 29.372487430799108, -88.8814312782986 28.731886461250607, -88.16770941817326 30.329159843570622, -86.36926638469437 30.718979358702562))"
28C,2019-03-01 13:55:00+00:00,2019-03-01 15:55:00+00:00,0.0,42000.0,"POLYGON ((-85.51755975092713 30.82481054163949, -85.95008380351696 29.290904068838216, -88.1766893803871 28.465932883794697, -86.95333077212157 30.59443181186036, -85.51755975092713 30.82481054163949))"
QUEBEC 3,2019-03-01 14:31:00+00:00,2019-03-01 18:30:00+00:00,0.0,60000.0,"POLYGON ((149.1 5.2, 155.4 5.2, 152.2 0.5, 148.3 3.4, 149.1 5.2))"
SIERRA 1,2019-03-01 14:35:00+00:00,2019-03-01 18:35:00+00:00,0.0,54000.0,"POLYGON ((-153.4 7, -155.1 3.4, -169.2 5.5, -153.4 7))"
20E,2019-03-01 14:55:00+00:00,2019-03-01 16:55:00+00:00,,,"POLYGON ((-82.01301134393407 33.92822905730416, -81.03444359855769 33.72025563628146, -80.30352598863617 32.76501411764045, -82.02190743525276 33.72842700636561, -80.959473467862 33.68112263912018, -80.1446896359261 32.88655017425643, -80.87560724584762 33.84179169289744, -80.95057737654331 33.88092469005873, -82.01301134393407 33.92822905730416))"
21E,2019-03-01 14:55:00+00:00,2019-03-01 16:55:00+00:00,0.0,24000.0,"POLYGON ((-83.08436794596106 35.13772848636435, -82.53891340050653 35.13772848636435, -82.53891340050653 34.592273940909806, -83.08436794596106 34.592273940909806, -83.08436794596106 35.13772848636435))"
19E,2019-03-01 14:55:00+00:00,2019-03-01 16:55:00+00:00,0.0,42000.0,"POLYGON ((-86.05638147157309 31.049806323466374, -84.03148720316483 31.12547475303337, -84.35 29.67714530289553, -88.42718474088122 28.561035739589954, -86.05638147157309 31.049806323466374))"
ROMEO 2,2019-03-01 14:57:00+00:00,2019-03-01 19:00:00+00:00,0.0,55000.0,"POLYGON ((-180 3.3, 180 -5, -174.2 -5, -174.2 -2.3, -178 2, -180 3.3))"
HOTEL 2,2019-03-01 15:05:00+00:00,2019-03-01 19:05:00+00:00,0.0,42000.0,"POLYGON ((-89.45 28.45, -88.3 28, -92.15 26.3, -92.15 28.3, -89.45 28.45))"
BRAVO 2,2019-03-01 15:10:00+00:00,2019-03-01 19:10:00+00:00,0.0,30000.0,"POLYGON ((-136.3 32, -135.15 29, -137.15 28, -139 29, -139.15 31.45, -136.3 32))"
23E,2019-03-01 15:55:00+00:00,2019-03-01 17:55:00+00:00,,,"POLYGON ((-81.07877876220947 34.10211918363876, -80.92443986729204 33.7949574393736, -80.14155049409523 32.87668903192131, -81.17584382265134 33.92725245140699, -80.89687511035189 33.77240244320274, -79.98935591977305 33.00644577181136, -80.77224529296986 33.92471417926365, -80.79981004991001 33.94726917543451, -81.07877876220947 34.10211918363876))"
22E,2019-03-01 15:55:00+00:00,2019-03-01 17:55:00+00:00,0.0,41000.0,"POLYGON ((-84.29 31.66, -82.97931546023214 31.373168204009552, -83.66580228855543 29.81987826050759, -85.67114760504852 28.689031193880513, -87.97441691541736 28.38867769506501, -84.29 31.66))"
25E,2019-03-01 16:55:00+00:00,2019-03-01 18:55:00+00:00,,,"POLYGON ((-80.9151515415314 35.21769069712902, -79.69581220269791 34.21741298133166, -79.83879455823505 33.08372552309167, -81.03709087862262 35.05916373390271, -79.85599590392374 34.1506625217087, -80.0372226235955 33.10875156707204, -79.89424026805835 34.24243902531204, -79.73405656683252 34.309189484935, -80.9151515415314 35.21769069712902))"
24E,2019-03-01 16:55:00+00:00,2019-03-01 18:55:00+00:00,0.0,45000.0,"POLYGON ((-83.74714940817547 31.849851312657627, -82.31479452791197 31.539851751283006, -86.256065104017 27.863833893012767, -87.48383353268672 28.199594628992333, -83.74714940817547 31.849851312657627))"
26E,2019-03-01 16:55:00+00:00,2019-03-01 18:55:00+00:00,0.0,26000.0,"POLYGON ((-81.82678883510992 35.608829558080394, -81.28133428965539 35.608829558080394, -81.28133428965539 35.06337501262585, -81.82678883510992 35.06337501262585, -81.82678883510992 35.608829558080394))"
27E,2019-03-01 17:55:00+00:00,2019-03-01 19:55:00+00:00,0.0,43000.0,"POLYGON ((-82.51 32.205475822945566, -81.92041024332828 30.69228113154956, -86.44416353188068 27.858848997755988, -86.68 28.66720357542689, -82.51 32.205475822945566))"
29E,2019-03-01 17:55:00+00:00,2019-03-01 19:55:00+00:00,0.0,34000.0,"POLYGON ((-84.88250503757196 34.930367606755475, -84.76647743007656 34.76746397174724, -86.03696190192325 33.86256535717087, -86.15298950941865 34.02546899217911, -84.88250503757196 34.930367606755475))"
28E,2019-03-01 17:55:00+00:00,2019-03-01 19:55:00+00:00,0.0,25000.0,"POLYGON ((-81.22258677292183 35.72395981996843, -79.64072068380139 35.38168992666061, -79.41331048476839 34.02529866195088, -81.30379902497359 35.18948553552862, -81.22258677292183 35.72395981996843))"
QUEBEC 4,2019-03-01 18:24:00+00:00,2019-03-01 22:25:00+00:00,0.0,54000.0,"POLYGON ((155.3 5.2, 157 1.2, 148.3 4, 149.5 5.2, 155.3 5.2))"
SIERRA 2,2019-03-01 18:29:00+00:00,2019-03-01 22:30:00+00:00,0.0,51000.0,"POLYGON ((-155 6.5, -155.4 4.1, -161.2 6.2, -155 6.5))"
ROMEO 3,2019-03-01 18:34:00+00:00,2019-03-01 22:35:00+00:00,,,"POLYGON ((-179.5 5, 178.4 3.3, 180 3.3, 180 -5, -176 -5, -175.1 -2, -178.3 4.2, -179.5 5))"
30E,2019-03-01 18:55:00+00:00,2019-03-01 20:55:00+00:00,0.0,44000.0,"POLYGON ((-82.02098488455984 32.475071589244095, -81.36199399665252 30.64732641695025, -84.5625264528548 27.89720728744805, -86.68 27.668989841008543, -82.02098488455984 32.475071589244095))"
31E,2019-03-01 19:55:00+00:00,2019-03-01 21:55:00+00:00,0.0,41000.0,"POLYGON ((-81.65354711017595 31.967837904366018, -80.20535714427434 31.83844689022277, -83.34928232570508 28.49658462437962, -86.68 27.668989841008543, -81.65354711017595 31.967837904366018))"
32E,2019-03-01 19:55:00+00:00,2019-03-01 21:55:00+00:00,0.0,33000.0,"POLYGON ((-74.28203726214586 36.31109509641204, -74.13407313462402 36.176534266425385, -75.87005172950542 34.267638800978915, -76.01801585702727 34.40219963096557, -74.28203726214586 36.31109509641204))"
33E,2019-03-01 20:55:00+00:00,2019-03-01 22:55:00+00:00,0.0,40000.0,"POLYGON ((-81.3052012941837 31.759151669168812, -80.3902964602713 31.5445985851847, -81.60733458483817 29.29907881838295, -82.69620998016548 29.906212118931226, -81.3052012941837 31.759151669168812))"
35E,2019-03-01 20:55:00+00:00,2019-03-01 22:55:00+00:00,0.0,34000.0,"POLYGON ((-83.43502368791978 34.96705787512451, -82.6539170865973 34.117926715564735, -84.57330600625582 33.897060808331815, -83.43502368791978 34.96705787512451))"
34E,2019-03-01 20:55:00+00:00,2019-03-01 22:55:00+00:00,0.0,33000.0,"POLYGON ((-74.60477819931052 35.76739277181214, -74.46583843509791 35.62353262472287, -75.87456391116004 34.26298914242761, -76.01350367537265 34.40684928951688, -74.60477819931052 35.76739277181214))"
29C,2019-03-01 20:55:00+00:00,2019-03-01 22:55:00+00:00,0.0,42000.0,"POLYGON ((-87.89910763936292 30.99495497655065, -87.88698011512703 30.79532300727742, -89.65895550148826 30.687676549038574, -89.67108302572416 30.8873085183118, -87.89910763936292 30.99495497655065))"
38E,2019-03-01 21:55:00+00:00,2019-03-01 23:55:00+00:00,0.0,34000.0,"POLYGON ((-83.38779118252783 35.49004426213087, -81.93 34.596287181737324, -83.79669447090009 33.84963530548145, -84.92217035681216 33.7950395861881, -83.38779118252783 35.49004426213087))"
37E,2019-03-01 21:55:00+00:00,2019-03-01 23:55:00+00:00,0.0,33000.0,"POLYGON ((-74.4452331174855 35.70602219982807, -74.29903561696766 35.569544029990055, -75.52086758602249 34.26069895871881, -75.66706508654033 34.39717712855683, -74.4452331174855 35.70602219982807))"
36E,2019-03-01 21:55:00+00:00,2019-03-01 23:55:00+00:00,0.0,40000.0,"POLYGON ((-79.51914252228829 31.82038900581271, -80.5209223852766 29.809842758570777, -81.99826821594418 28.538412880935688, -81.11 31.58171624231642, -79.51914252228829 31.82038900581271))"
30C,2019-03-01 21:55:00+00:00,2019-03-01 23:55:00+00:00,0.0,42000.0,"POLYGON ((-84.30694231978252 31.61398339990715, -84.27305768021749 31.416874721251062, -88.84761508241489 30.63046983131968, -88.88149972197992 30.827578509975766, -84.30694231978252 31.61398339990715))"
31C,2019-03-01 22:55:00+00:00,2019-03-02 00:55:00+00:00,0.0,34000.0,"POLYGON ((-85.1033216045014 31.476042343774466, -85.04119804023217 31.285935366620848, -87.97328928907426 30.32778032219284, -88.03541285334349 30.51788729934646, -85.1033216045014 31.476042343774466))"
39E,2019-03-01 23:01:00+00:00,2019-03-02 00:55:00+00:00,0.0,42000.0,"POLYGON ((-80.04 31.72541730984526, -77.9792078756522 31.108432486859222, -80.84082276137545 29.064448955009638, -80.04 31.72541730984526))"
40E,2019-03-01 23:01:00+00:00,2019-03-02 00:55:00+00:00,0.0,36000.0,"POLYGON ((-74.4452331174855 35.70602219982807, -74.29903561696766 35.569544029990055, -75.52086758602249 34.26069895871881, -75.66706508654033 34.39717712855683, -74.4452331174855 35.70602219982807))"
41E,2019-03-01 23:01:00+00:00,2019-03-02 00:55:00+00:00,0.0,37000.0,"POLYGON ((-80.99138356717967 35.13646422064095, -80.90861643282034 34.95439390051725, -83.25861643282033 33.88611014283369, -83.34138356717966 34.068180462957386, -80.99138356717967 35.13646422064095))"
INDIA 1,2019-03-01 23:20:00+00:00,2019-03-02 03:20:00+00:00,0.0,38000.0,"POLYGON ((-86.45 28.3, -85.3 27.15, -87.15 25.3, -88.3 26.3, -86.45 28.3))"
42E,2019-03-01 23:55:00+00:00,2019-03-02 01:55:00+00:00,0.0,42000.0,"POLYGON ((-77.87 32.85267939837247, -77.7103738594001 30.868429992317218, -79.20241947668596 29.286447168852742, -79.44166346475708 31.65893283188886, -77.87 32.85267939837247))"
43E,2019-03-01 23:55:00+00:00,2019-03-02 01:55:00+00:00,0.0,36000.0,"POLYGON ((-74.44348369811902 35.70784931918189, -74.30078503633413 35.567716910636236, -76.57529020042661 33.2515585964583, -76.7179888622115 33.391691005003956, -74.44348369811902 35.70784931918189))"
44E,2019-03-01 23:55:00+00:00,2019-03-02 01:55:00+00:00,0.0,37000.0,"POLYGON ((-80.50445301008776 35.11296027178812, -80.41694397070555 34.9331209879083, -82.48623925012524 33.926210605518285, -82.57374828950745 34.1060498893981, -80.50445301008776 35.11296027178812))"
1E,2019-03-02 00:55:00+00:00,2019-03-02 02:55:00+00:00,0.0,43000.0,"POLYGON ((-77.11256866433175 32.810607855650346, -77.30963848233473 30.50739239400086, -79.20241947668596 29.286447168852742, -78.7939420029141 31.825042268081663, -77.11256866433175 32.810607855650346))"
2E,2019-03-02 00:55:00+00:00,2019-03-02 02:55:00+00:00,0.0,40000.0,"POLYGON ((-73.74040464456037 36.305260338553396, -73.60052895160011 36.162310030687735, -76.57670168483892 33.2501496467983, -76.71657737779918 33.39309995466396, -73.74040464456037 36.305260338553396))"
3E,2019-03-02 00:55:00+00:00,2019-03-02 02:55:00+00:00,0.0,37000.0,"POLYGON ((-79.09027488159798 35.42750925187338, -79.01226515152378 35.24335040192653, -82.36736260957011 33.822130367427135, -82.44537233964431 34.00628921737399, -79.09027488159798 35.42750925187338))"
5E,2019-03-02 01:55:00+00:00,2019-03-02 03:55:00+00:00,,,"POLYGON ((-75.28800143251208 36.31975235487743, -76.7272369215409 34.266041194949, -77.28577474202945 33.83551429186612, -75.1337645803902 36.19242995524746, -76.71116815479277 34.28158188335512, -77.40787406065508 33.99391806830833, -76.84933624016652 34.42444497139122, -76.86540500691464 34.4089042829851, -75.28800143251208 36.31975235487743))"
6E,2019-03-02 01:55:00+00:00,2019-03-02 03:55:00+00:00,,,"POLYGON ((-81.85797322994128 34.93191279055555, -80.93042007561264 33.9688304460805, -81.02754180302216 33.99626084061668, -79.7526081047011 34.32678151691275, -81.0744736157301 33.8300912029673, -82.00202677005873 34.79317354744234, -79.70241818999952 34.1331814847272, -80.97735188832058 33.80266080843112, -81.85797322994128 34.93191279055555))"
4E,2019-03-02 01:55:00+00:00,2019-03-02 03:55:00+00:00,0.0,40000.0,"POLYGON ((-76.52590620834101 33.21813110615115, -76.44455460409972 31.403216008071325, -79.12084108063333 29.285263146677547, -78.14557601385394 32.21179886030837, -76.52590620834101 33.21813110615115))"
1C,2019-03-02 01:55:00+00:00,2019-03-02 03:55:00+00:00,0.0,39000.0,"POLYGON ((-87.30247542660382 29.71341663218056, -87.20306603155802 29.539871905448152, -89.23633898640487 28.37517829469971, -89.33574838145067 28.54872302143212, -87.30247542660382 29.71341663218056))"
7E,2019-03-02 02:55:00+00:00,2019-03-02 04:55:00+00:00,,,"POLYGON ((-77.43907914095887 33.37712895935576, -80.26749562546593 29.23101363268367, -80.94787445277433 28.47284109998748, -77.27847413003634 33.25793990588785, -80.26161893033121 29.23820831733327, -81.09672607342742 28.60641952275459, -80.41634724611902 29.36459205545078, -80.42222394125373 29.35739737080117, -77.43907914095887 33.37712895935576))"
8E,2019-03-02 02:55:00+00:00,2019-03-02 04:55:00+00:00,,,"POLYGON ((-75.24766083745426 36.91811673613423, -75.48525210762476 35.66720078536142, -80.74474207416844 31.45069768704565, -75.0586616441398 36.85270033966911, -75.45330258783684 35.71251494215382, -80.86984222790707 31.6067423970956, -75.61035226136339 35.82324549541136, -75.6423017811513 35.77793133861895, -75.24766083745426 36.91811673613423))"
2C,2019-03-02 02:55:00+00:00,2019-03-02 04:55:00+00:00,0.0,40000.0,"POLYGON ((-86.71788768378981 29.621406255579657, -86.6421123162102 29.436316834844234, -89.24815600013797 28.369405947698205, -89.32393136771758 28.554495368433628, -86.71788768378981 29.621406255579657))"
10E,2019-03-02 03:55:00+00:00,2019-03-02 05:55:00+00:00,0.0,39000.0,"POLYGON ((-73.86081020638845 34.38935671608586, -73.79759897212425 34.19960862027777, -77.24373920389415 33.05158773200493, -77.30695043815835 33.24133582781302, -73.86081020638845 34.38935671608586))"
9E,2019-03-02 03:55:00+00:00,2019-03-02 05:55:00+00:00,0.0,37000.0,"POLYGON ((-77.48539199212772 30.69505460696139, -77.36902595930587 30.532392544988408, -79.83184496684065 28.770528260293144, -79.94821099966249 28.933190322266125, -77.48539199212772 30.69505460696139))"
3C,2019-03-02 03:55:00+00:00,2019-03-02 05:55:00+00:00,0.0,40000.0,"POLYGON ((-86.68 29.81800342405373, -86.68 28.227723090423897, -88.8814312782986 28.731886461250607, -86.68 29.81800342405373))"
JULIETT 1,2019-03-02 04:10:00+00:00,2019-03-02 08:10:00+00:00,0.0,35000.0,"POLYGON ((-74 35, -72.15 34.45, -75.15 31.3, -76.45 32, -74 35))"
12E,2019-03-02 04:55:00+00:00,2019-03-02 06:55:00+00:00,0.0,39000.0,"POLYGON ((-73.98537786678759 34.492625130586674, -73.9148756432231 34.30546360550082, -77.24009370924401 33.05288101736605, -77.3105959328085 33.2400425424519, -73.98537786678759 34.492625130586674))"
11E,2019-03-02 04:55:00+00:00,2019-03-02 06:55:00+00:00,0.0,37000.0,"POLYGON ((-78.66265756780966 29.39063695317547, -78.56642743945524 29.215309367220232, -80.0642420373411 28.393220303366437, -80.16047216569552 28.568547889321675, -78.66265756780966 29.39063695317547))"
4C,2019-03-02 04:55:00+00:00,2019-03-02 06:55:00+00:00,0.0,37000.0,"POLYGON ((-86.16497385184493 29.70828717036555, -86.04948468999325 29.54500136726316, -87.75426091752489 28.339243279777317, -87.86975007937657 28.502529082879708, -86.16497385184493 29.70828717036555))"
13E,2019-03-02 05:55:00+00:00,2019-03-02 07:55:00+00:00,0.0,39000.0,"POLYGON ((-73.98537786678759 34.492625130586674, -73.9148756432231 34.30546360550082, -77.24009370924401 33.05288101736605, -77.3105959328085 33.2400425424519, -73.98537786678759 34.492625130586674))"
14E,2019-03-02 06:55:00+00:00,2019-03-02 08:55:00+00:00,0.0,33000.0,"POLYGON ((-70.06900114865923 38.377439795888414, -69.99099885134078 38.19327779760146, -71.06275964029918 37.739330704866674, -71.14076193761763 37.92349270315363, -70.06900114865923 38.377439795888414))"
JULIETT 2,2019-03-02 07:15:00+00:00,2019-03-02 11:15:00+00:00,0.0,40000.0,"POLYGON ((-70 34.45, -72 31.45, -76.3 32, -73.45 34.3, -70 34.45))"
15E,2019-03-02 07:55:00+00:00,2019-03-02 09:55:00+00:00,0.0,33000.0,"POLYGON ((-68.85427274713996 39.0968672643259, -68.78573477325585 38.90897754631063, -70.87739943702042 38.14598498017259, -70.94593741090452 38.33387469818786, -68.85427274713996 39.0968672643259))"
16E,2019-03-02 09:55:00+00:00,2019-03-02 11:55:00+00:00,0.0,37000.0,"POLYGON ((-85.59530528846774 31.963265228540692, -83.29080948912768 31.537628073776222, -84.64342423731986 29.784852534521278, -86.13466574353804 30.358295136734466, -85.59530528846774 31.963265228540692))"
17E,2019-03-02 10:55:00+00:00,2019-03-02 12:55:00+00:00,0.0,37000.0,"POLYGON ((-81.36989218354584 31.62546963664202, -82.85834930308643 30.000560721170046, -85.85278918228488 30.111781474355727, -86.48589896829502 31.23055375274987, -81.36989218354584 31.62546963664202))"
JULIETT 3,2019-03-02 11:00:00+00:00,2019-03-02 15:00:00+00:00,0.0,35000.0,"POLYGON ((-69.3 34, -71.15 31.45, -74.15 32, -72 34, -69.3 34))"
18E,2019-03-02 11:55:00+00:00,2019-03-02 13:55:00+00:00,0.0,37000.0,"POLYGON ((-80.85010781645416 31.62546963664202, -81.2726043746807 30.5442397950527, -84.70445597556143 30.092840146821096, -86.08155446890615 31.33976061798016, -80.85010781645416 31.62546963664202))"
TANGO 1,2019-03-02 12:51:00+00:00,2019-03-02 16:50:00+00:00,0.0,54000.0,"POLYGON ((-166.3 5.5, -167.2 0.3, -174 0.5, -174.2 4.2, -166.3 5.5))"
20E,2019-03-02 12:55:00+00:00,2019-03-02 14:55:00+00:00,0.0,35000.0,"POLYGON ((-87.21592835156902 30.637896907909322, -86.14407164843098 30.637896907909322, -85.43079153839311 29.45442529643398, -87.26573242780971 29.59904276773545, -87.21592835156902 30.637896907909322))"
19E,2019-03-02 12:55:00+00:00,2019-03-02 14:55:00+00:00,0.0,37000.0,"POLYGON ((-80.56416961577376 32.349828748247305, -80.43725182003493 30.71762234720427, -83.98378509287298 29.630964751439436, -85.42341662632886 30.777611824452634, -80.56416961577376 32.349828748247305))"
5C,2019-03-02 13:55:00+00:00,2019-03-02 15:55:00+00:00,,,"POLYGON ((-88.19900520938795 30.34446181880015, -89.8023275959702 28.84663725732782, -90.24360947108586 28.7226309582343, -88.07582304546811 30.18689864260715, -89.76778999920008 28.86412668739924, -90.29771644146545 28.91517299457012, -89.85643456634979 29.03917929366364, -89.89097216311991 29.02168986359223, -88.19900520938795 30.34446181880015))"
21E,2019-03-02 13:55:00+00:00,2019-03-02 15:55:00+00:00,0.0,38000.0,"POLYGON ((-80.04 32.224524177054434, -79.17517895295909 31.146933214688314, -80.54617241639168 30.336465830354832, -81.2599073414579 31.85250184019409, -80.04 32.224524177054434))"
22E,2019-03-02 13:55:00+00:00,2019-03-02 15:55:00+00:00,0.0,41000.0,"POLYGON ((-81.88164564820035 31.759763950263547, -81.70310673721623 30.740556550058493, -83.66580228855543 29.81987826050759, -85.12647737217256 30.674328323125007, -81.88164564820035 31.759763950263547))"
23E,2019-03-02 13:55:00+00:00,2019-03-02 15:55:00+00:00,0.0,36000.0,"POLYGON ((-86.21416849172532 30.66319184487032, -85.05671299195751 29.78473490538728, -87.78779633554258 29.52664926055897, -86.21416849172532 30.66319184487032))"
JULIETT 4,2019-03-02 14:45:00+00:00,2019-03-02 18:45:00+00:00,0.0,35000.0,"POLYGON ((-67 41.15, -65.15 37.45, -69 31.15, -72 31.45, -68 37, -68.45 40, -67 41.15))"
6C,2019-03-02 14:55:00+00:00,2019-03-02 16:55:00+00:00,,,"POLYGON ((-88.19900520938795 30.34446181880015, -89.81227209180052 28.84438273320797, -90.22924636322274 28.77197502849219, -88.07582304546811 30.18689864260715, -89.76778999920008 28.86412668739924, -90.26346434194168 28.96902611306772, -89.84649007051947 29.0414338177835, -89.89097216311991 29.02168986359223, -88.19900520938795 30.34446181880015))"
25E,2019-03-02 14:55:00+00:00,2019-03-02 16:55:00+00:00,0.0,39000.0,"POLYGON ((-81.52528174628551 31.806399583874523, -80.68617845248335 31.04326247893941, -82.09332286429088 29.596569750314284, -84.8856627940191 30.58990711197348, -81.52528174628551 31.806399583874523))"
26E,2019-03-02 14:55:00+00:00,2019-03-02 16:55:00+00:00,0.0,39000.0,"POLYGON ((-85.6102796863575 30.443604545643822, -84.35 29.73452417705442, -87.33793374546323 29.444992833966868, -85.6102796863575 30.443604545643822))"
24E,2019-03-02 14:55:00+00:00,2019-03-02 16:55:00+00:00,0.0,40000.0,"POLYGON ((-80.42691481417194 32.158165128937725, -79.1946198615429 32.17156211359507, -79.13637678397943 31.016813286645604, -80.00247177828565 30.33135375666221, -80.42691481417194 32.158165128937725))"
TANGO 2,2019-03-02 15:20:00+00:00,2019-03-02 19:20:00+00:00,0.0,54000.0,"POLYGON ((-171.2 5.2, -166.3 4, -167.2 0.3, -175.1 1, -171.2 5.2))"
UNIFORM 1,2019-03-02 15:21:00+00:00,2019-03-02 19:25:00+00:00,0.0,52000.0,"POLYGON ((152.4 5.2, 158.4 3.1, 158 1, 150.4 4, 152.4 5.2))"
29E,2019-03-02 15:55:00+00:00,2019-03-02 17:55:00+00:00,0.0,39000.0,"POLYGON ((-85.31441910659896 30.39645733599175, -83.94229171860809 30.046444963365285, -84.78878348330078 29.47703734748007, -87.6307966136423 29.190912175467794, -85.31441910659896 30.39645733599175))"
27E,2019-03-02 15:55:00+00:00,2019-03-02 17:55:00+00:00,0.0,38000.0,"POLYGON ((-78.459325072573 32.32679622829023, -78.32622315747224 30.26697360283813, -79.66751906326984 30.32708456252836, -79.51914252228829 31.82038900581271, -78.459325072573 32.32679622829023))"
28E,2019-03-02 15:55:00+00:00,2019-03-02 17:55:00+00:00,0.0,42000.0,"POLYGON ((-80.85010781645416 31.62546963664202, -80.16995835777594 30.333168275404088, -82.43419771144458 29.81987826050759, -84.35 30.54457093942089, -80.85010781645416 31.62546963664202))"
7C,2019-03-02 15:55:00+00:00,2019-03-02 17:55:00+00:00,0.0,28000.0,"POLYGON ((-88.59097944971751 28.717364403789986, -88.56589222245356 28.51894406453968, -90.46473261500896 28.278864642006628, -90.48981984227291 28.477284981256933, -88.59097944971751 28.717364403789986))"
32E,2019-03-02 16:55:00+00:00,2019-03-02 18:55:00+00:00,,,"POLYGON ((-84.31128419304054 30.21310661729231, -84.66955540437559 30.36354651019397, -84.70995340940009 30.3713310246138, -88.11449500222821 30.31405178683043, -84.7469870182945 30.17914383893914, -84.38871580695945 30.02870394603748, -88.11113060609813 30.11408008673594, -84.70658901327 30.17135932451931, -84.31128419304054 30.21310661729231))"
31E,2019-03-02 16:55:00+00:00,2019-03-02 18:55:00+00:00,0.0,37000.0,"POLYGON ((-80.14593503855053 31.332856137251873, -78.97913111692964 30.047082757571303, -82.34111470983488 29.852783030599475, -83.57845799806871 30.397732665893674, -80.14593503855053 31.332856137251873))"
30E,2019-03-02 16:55:00+00:00,2019-03-02 18:55:00+00:00,0.0,35000.0,"POLYGON ((-77.7103738594001 30.868429992317218, -77.17924536115109 30.643087863040467, -78.44146809343414 30.228466654828352, -78.93100856194437 30.57951227181473, -77.7103738594001 30.868429992317218))"
35E,2019-03-02 17:55:00+00:00,2019-03-02 19:55:00+00:00,0.0,37000.0,"POLYGON ((-82.51 30.708155221318037, -81.23803447707469 30.104437359612987, -83.05 29.6, -86.68 29.499048354108847, -82.51 30.708155221318037))"
34E,2019-03-02 17:55:00+00:00,2019-03-02 19:55:00+00:00,0.0,31000.0,"POLYGON ((-79.4548903759778 31.6865391421801, -79.26012456264637 29.95114985645965, -80.89235195713002 30.117248978038266, -81.18726228979746 31.007434505643168, -79.4548903759778 31.6865391421801))"
33E,2019-03-02 17:55:00+00:00,2019-03-02 19:55:00+00:00,0.0,44000.0,"POLYGON ((-76.44455460409972 31.403216008071325, -77.08063722734195 30.299309943458585, -78.9551138178474 29.28270511117371, -78.2447075771561 31.343728522137184, -76.44455460409972 31.403216008071325))"
VICTOR 1,2019-03-02 18:08:00+00:00,2019-03-02 22:05:00+00:00,28000.0,34000.0,"POLYGON ((-154.1 28.3, -154.3 23.1, -164 22.5, -163.1 28.3, -154.1 28.3))"
VICTOR 2,2019-03-02 18:20:00+00:00,2019-03-02 22:20:00+00:00,27000.0,34000.0,"POLYGON ((-161.3 27.5, -151 27.4, -150.3 22.4, -161.5 23.2, -161.3 27.5))"
KILO 1,2019-03-02 18:30:00+00:00,2019-03-02 22:30:00+00:00,0.0,44000.0,"POLYGON ((-72.3 35, -70 33.45, -70 31.15, -76.45 27.45, -78.45 28.45, -79 30.15, -76.45 32.3, -72.3 35))"
36E,2019-03-02 18:55:00+00:00,2019-03-02 20:55:00+00:00,0.0,36000.0,"POLYGON ((-81.92041024332828 30.69228113154956, -80.79946739632095 30.083412642324504, -84.93326234313339 29.169065141989194, -86.68 29.499048354108847, -81.92041024332828 30.69228113154956))"
UNIFORM 2,2019-03-02 18:56:00+00:00,2019-03-02 22:55:00+00:00,0.0,54000.0,"POLYGON ((152 5.5, 159.1 3.2, 151 3.3, 152 5.5))"
38E,2019-03-02 19:55:00+00:00,2019-03-02 21:55:00+00:00,0.0,38000.0,"POLYGON ((-83.55262557721359 29.856372626758127, -83.47057215338175 29.673979546742817, -84.30897328808408 29.296806884046084, -84.39102671191591 29.479199964061394, -83.55262557721359 29.856372626758127))"
37E,2019-03-02 19:55:00+00:00,2019-03-02 21:55:00+00:00,0.0,45000.0,"POLYGON ((-81.81987352763177 30.45028451606194, -81.27359392894607 30.135333188193844, -82.21866413285036 29.597409719271507, -83.17759638555533 29.867071240138635, -81.81987352763177 30.45028451606194))"
1W,2019-03-02 19:55:00+00:00,2019-03-02 21:55:00+00:00,0.0,28000.0,"POLYGON ((-119.52451680704213 37.63186565545839, -119.41769977166307 37.462779520743474, -120.82572615638091 36.57328491845318, -120.93254319175998 36.7423710531681, -119.52451680704213 37.63186565545839))"
39E,2019-03-02 20:55:00+00:00,2019-03-02 22:55:00+00:00,0.0,45000.0,"POLYGON ((-81.81987352763177 30.45028451606194, -81.04650163152301 30.17320795838266, -81.5702270661591 29.465185793605794, -83.05 29.88914187884179, -81.81987352763177 30.45028451606194))"
40E,2019-03-02 20:55:00+00:00,2019-03-02 22:55:00+00:00,0.0,38000.0,"POLYGON ((-83.22482954350954 29.699529375740326, -83.20771026897677 29.500263396608233, -84.78622589269631 29.364650471439536, -84.80334516722908 29.56391645057163, -83.22482954350954 29.699529375740326))"
2W,2019-03-02 20:55:00+00:00,2019-03-02 22:55:00+00:00,0.0,29000.0,"POLYGON ((-119.9071870993649 37.651828258383354, -119.73281290063511 37.5538811358256, -120.2326626113341 36.66400412349113, -120.4070368100639 36.76195124604889, -119.9071870993649 37.651828258383354))"
42E,2019-03-02 21:55:00+00:00,2019-03-02 23:55:00+00:00,0.0,32000.0,"POLYGON ((-86.51578319981567 30.874197826487297, -84.57878218919438 30.703854821839364, -84.5963028932741 30.50462373759659, -86.53330390389539 30.67496674224452, -86.51578319981567 30.874197826487297))"
41E,2019-03-02 21:55:00+00:00,2019-03-02 23:55:00+00:00,0.0,40000.0,"POLYGON ((-83.22482954350954 29.699529375740326, -83.20771026897677 29.500263396608233, -84.78622589269631 29.364650471439536, -84.80334516722908 29.56391645057163, -83.22482954350954 29.699529375740326))"
3W,2019-03-02 21:55:00+00:00,2019-03-02 23:55:00+00:00,0.0,28000.0,"POLYGON ((-119.7460763586649 37.38105741902443, -118.68351549347312 36.214692671046265, -118.83136277614335 36.08000346952278, -119.89392364133512 37.246368217500944, -119.7460763586649 37.38105741902443))"
VICTOR 3,2019-03-02 21:59:00+00:00,2019-03-03 02:00:00+00:00,0.0,24000.0,"POLYGON ((-149 26.4, -148 24.5, -154.3 21, -156 22.3, -149 26.4))"
KILO 2,2019-03-02 22:10:00+00:00,2019-03-03 02:10:00+00:00,0.0,38000.0,"POLYGON ((-76.15 32.15, -69.45 31.15, -69.45 31.15, -77.45 27.3, -78.45 30.15, -76.15 32.15))"
44E,2019-03-02 22:55:00+00:00,2019-03-03 00:55:00+00:00,,,"POLYGON ((-81.1480693431658 32.08501329991117, -82.56899187190817 31.28656851191027, -86.66392565642305 30.61966249018152, -81.0719306568342 31.90007303808671, -82.54699687231933 31.29279800348247, -86.69607434357697 30.81706173515038, -82.60114055906209 31.48396775687914, -82.62313555865093 31.47773826530693, -81.1480693431658 32.08501329991117))"
45E,2019-03-02 22:55:00+00:00,2019-03-03 00:55:00+00:00,0.0,38000.0,"POLYGON ((-76.77993474350278 30.024120720087836, -76.62242876451066 29.02683697822481, -78.74418212207864 28.30571205617317, -78.63029664222483 29.27709787387556, -76.77993474350278 30.024120720087836))"
43E,2019-03-02 22:55:00+00:00,2019-03-03 00:55:00+00:00,,,"POLYGON ((-80.97755301048127 29.44166692232771, -82.77908539738621 29.69874995531836, -82.82709338315907 29.69383839431771, -83.26517384839609 29.53608254076443, -82.80733964694699 29.50075577009628, -81.00580726004205 29.24367273710563, -83.19741212641115 29.34791147754365, -82.75933166117413 29.50566733109693, -80.97755301048127 29.44166692232771))"
4W,2019-03-02 22:55:00+00:00,2019-03-03 00:55:00+00:00,0.0,28000.0,"POLYGON ((-119.45206100913913 37.45890350394073, -118.63262341676942 35.83105577447259, -118.81126616571778 35.741129314249946, -119.63070375808749 37.36897704371809, -119.45206100913913 37.45890350394073))"
46E,2019-03-02 23:55:00+00:00,2019-03-03 01:55:00+00:00,0.0,38000.0,"POLYGON ((-77.03561934029354 30.265706210256884, -76.89559691331935 30.1228996279707, -78.9040659808923 28.15358764779498, -79.04408840786648 28.296394230081162, -77.03561934029354 30.265706210256884))"
47E,2019-03-02 23:55:00+00:00,2019-03-03 01:55:00+00:00,0.0,37000.0,"POLYGON ((-82.2567757459392 31.105352760819347, -82.24685057796896 30.90559918502967, -85.83324395441181 30.727401840988225, -85.84316912238205 30.927155416777904, -82.2567757459392 31.105352760819347))"
6W,2019-03-02 23:55:00+00:00,2019-03-03 01:55:00+00:00,0.0,27000.0,"POLYGON ((-114.75759180071645 36.97989051594106, -112.59023701635826 37.254615153237935, -112.5650871072956 37.05620274920497, -114.73244189165379 36.78147811190809, -114.75759180071645 36.97989051594106))"
5W,2019-03-02 23:55:00+00:00,2019-03-03 01:55:00+00:00,0.0,28000.0,"POLYGON ((-118.54192390053302 37.38410528933583, -118.44210713937869 35.69951607458639, -120.07491951960655 36.67527328912401, -118.54192390053302 37.38410528933583))"
1E,2019-03-03 00:55:00+00:00,2019-03-03 02:55:00+00:00,0.0,36000.0,"POLYGON ((-84.35297653053935 30.789097570355313, -81.51297653053936 30.873668509776223, -81.50702346946065 30.67375712674916, -84.34702346946064 30.58918618732825, -84.35297653053935 30.789097570355313))"
1W,2019-03-03 00:55:00+00:00,2019-03-03 02:55:00+00:00,0.0,32000.0,"POLYGON ((-114.39306241804782 37.193385581611885, -111.66155763895921 37.27707492977605, -111.65543280286357 37.07716873581798, -114.38693758195218 36.993479387653814, -114.39306241804782 37.193385581611885))"
2E,2019-03-03 01:55:00+00:00,2019-03-03 03:55:00+00:00,0.0,31000.0,"POLYGON ((-83.05214640291862 31.729856691630072, -80.82431893136628 30.92641482844762, -82.28106874726835 30.337738102426655, -84.92866041971038 30.39872461181551, -83.05214640291862 31.729856691630072))"
WHISKEY 1,2019-03-03 03:26:00+00:00,2019-03-03 07:25:00+00:00,0.0,53000.0,"POLYGON ((-151.1 8, -147.4 6, -158.4 5.5, -151.1 8))"
3E,2019-03-03 04:18:00+00:00,2019-03-03 05:55:00+00:00,0.0,39000.0,"POLYGON ((-78.22681679166993 32.27010783062901, -78.06433523603795 32.15348988998773, -79.41881360753283 30.266320971893617, -79.58129516316481 30.382938912534893, -78.22681679166993 32.27010783062901))"
4E,2019-03-03 04:55:00+00:00,2019-03-03 06:55:00+00:00,0.0,39000.0,"POLYGON ((-78.2312599071814 32.26335727789704, -78.05989212052648 32.1602404427197, -79.48441378386944 29.792856648703776, -79.65578157052435 29.89597348388113, -78.2312599071814 32.26335727789704))"
5E,2019-03-03 05:55:00+00:00,2019-03-03 07:55:00+00:00,,,"POLYGON ((-77.56544385508174 33.71127859257057, -79.48704852291284 32.45920408303411, -79.52651991780955 32.40936321803773, -80.55207870917253 29.56733053345666, -79.37786508435754 32.29163625573651, -77.45626041652643 33.54371076527296, -80.36395248082381 29.49944443615183, -79.33839368946083 32.34147712073289, -77.56544385508174 33.71127859257057))"
6E,2019-03-03 06:55:00+00:00,2019-03-03 08:55:00+00:00,0.0,39000.0,"POLYGON ((-76.05057862301025 32.80714986095124, -77.86765492547005 29.260842426016588, -80.0485238224346 29.677802702842087, -78.04244026577516 32.173763670293084, -76.05057862301025 32.80714986095124))"
1C,2019-03-03 06:55:00+00:00,2019-03-03 08:55:00+00:00,0.0,30000.0,"POLYGON ((-89.00756164173386 35.4047741872693, -88.61704676163279 35.08681842954281, -89.59489033265385 34.25086561920501, -92.31622576310302 33.61220381536558, -93.21646486679604 34.21292315909901, -89.00756164173386 35.4047741872693))"
2C,2019-03-03 06:55:00+00:00,2019-03-03 08:55:00+00:00,0.0,28000.0,"POLYGON ((-94.86839657057737 33.23081290740657, -94.61853002538984 32.68706403797045, -95.06606642578602 32.3089555776188, -95.54356136195696 32.69413878844873, -94.86839657057737 33.23081290740657))"
WHISKEY 2,2019-03-03 07:14:00+00:00,2019-03-03 11:15:00+00:00,0.0,53000.0,"POLYGON ((-151.1 8, -147.4 6, -158.4 5.5, -151.1 8))"
XRAY 1,2019-03-03 07:22:00+00:00,2019-03-03 11:25:00+00:00,0.0,51000.0,"POLYGON ((148.1 6, 154.5 4.3, 152.2 1.3, 148.5 2.5, 148.1 6))"
3C,2019-03-03 07:55:00+00:00,2019-03-03 09:55:00+00:00,,,"POLYGON ((-86.31982445434609 36.97480172213881, -87.33866360057435 34.95209904049924, -87.2491186047095 35.00711310829596, -89.66532291398883 35.01278912529025, -89.68214982707832 35.01140332297423, -92.0049692339368 34.62058408692717, -87.16004343677359 34.86212772793915, -86.14120429054533 36.88483040957871, -89.66579274191778 34.81278967713671, -87.24958843263845 34.80711366014243, -91.97178523568678 34.42335624340566, -89.6489658288283 34.81417547945273, -86.31982445434609 36.97480172213881))"
7E,2019-03-03 07:55:00+00:00,2019-03-03 09:55:00+00:00,0.0,40000.0,"POLYGON ((-76.05057862301025 32.80714986095124, -78.05829211406056 29.265312143249012, -79.96538687754567 29.295120554181896, -77.0382851343027 32.656419589869714, -76.05057862301025 32.80714986095124))"
8E,2019-03-03 07:55:00+00:00,2019-03-03 09:55:00+00:00,0.0,29000.0,"POLYGON ((-84.35015934822098 29.198861418252587, -84.349840651779 28.998861672171305, -86.67984065177902 28.995148853908624, -86.680159348221 29.195148599989906, -84.35015934822098 29.198861418252587))"
4C,2019-03-03 07:55:00+00:00,2019-03-03 09:55:00+00:00,0.0,31000.0,"POLYGON ((-94.41677914545014 33.509516924713786, -94.12808794282336 32.880248046427575, -94.92126385743892 32.4198841603668, -95.35896950526971 32.929672374570146, -94.41677914545014 33.509516924713786))"
5C,2019-03-03 08:55:00+00:00,2019-03-03 10:55:00+00:00,,,"POLYGON ((-86.62294775891294 35.94848296125217, -88.71650169936795 33.71407263423069, -90.32060970512303 34.69758719001584, -87.42433670656699 34.74621685647706, -88.5985686179328 33.72390340254655, -86.47341042773246 35.81567262060273, -87.41523133440975 34.75523271700933, -90.21607012911873 34.86809078836156, -88.61196212336365 33.88457623257641, -88.72989520479881 33.87474546426054, -87.555663293433 34.89705891819104, -87.56476866559024 34.88804305765877, -86.62294775891294 35.94848296125217))"
9E,2019-03-03 08:55:00+00:00,2019-03-03 10:55:00+00:00,0.0,40000.0,"POLYGON ((-76.88223535823266 33.52253858704057, -76.05057862301025 32.80714986095124, -77.29585037846218 29.245810877021633, -80.0485238224346 29.677802702842087, -76.88223535823266 33.52253858704057))"
6C,2019-03-03 08:55:00+00:00,2019-03-03 10:55:00+00:00,0.0,37000.0,"POLYGON ((-92.92994128412623 34.9323722435418, -92.32285262399317 34.56227602094432, -93.2164321087179 32.768600663783694, -94.38531729466497 32.54680817755604, -94.8052086053976 33.25316055484376, -92.92994128412623 34.9323722435418))"
10E,2019-03-03 08:55:00+00:00,2019-03-03 10:55:00+00:00,0.0,35000.0,"POLYGON ((-84.12463646869216 29.308365742316187, -84.11769824764755 29.10848612582482, -87.49946492820885 28.991098244244665, -87.50640314925346 29.19097786073603, -84.12463646869216 29.308365742316187))"
11E,2019-03-03 08:55:00+00:00,2019-03-03 10:55:00+00:00,0.0,28000.0,"POLYGON ((-83.25901400701655 30.00627818981491, -82.71355946156201 30.00627818981491, -82.71355946156201 29.460823644360364, -83.25901400701655 29.460823644360364, -83.25901400701655 30.00627818981491))"
7C,2019-03-03 08:55:00+00:00,2019-03-03 10:55:00+00:00,0.0,33000.0,"POLYGON ((-94.88571117094955 32.09911861728763, -94.0341591451189 31.459755169871865, -94.15424320233035 31.299818247294123, -95.00579522816099 31.939181694709887, -94.88571117094955 32.09911861728763))"
12E,2019-03-03 09:55:00+00:00,2019-03-03 11:55:00+00:00,0.0,39000.0,"POLYGON ((-75.47369288951381 33.49892397615319, -76.91474654356858 29.234438676889393, -79.77463338462778 29.293358650039814, -77.26191260735983 33.11885193382826, -75.47369288951381 33.49892397615319))"
13E,2019-03-03 09:55:00+00:00,2019-03-03 11:55:00+00:00,0.0,31000.0,"POLYGON ((-87.1206652058681 29.907024684205624, -84.00667713570911 29.596569750314284, -83.98945761020958 28.77320915271947, -86.68 28.334465663954106, -87.1206652058681 29.907024684205624))"
10C,2019-03-03 09:55:00+00:00,2019-03-03 11:55:00+00:00,0.0,36000.0,"POLYGON ((-94.47054752288118 32.65497295701891, -92.82920852467535 32.5175361009145, -93.48101024629364 30.90800287171403, -94.57071281542481 31.46732365748213, -94.47054752288118 32.65497295701891))"
9C,2019-03-03 09:55:00+00:00,2019-03-03 11:55:00+00:00,0.0,38000.0,"POLYGON ((-91.26278797123997 35.49477284765312, -91.06371269692416 34.292904878023464, -92.04 32.85273791147279, -94.09055605187983 33.004968777591145, -94.35295326288814 33.744959830582474, -91.26278797123997 35.49477284765312))"
8C,2019-03-03 09:55:00+00:00,2019-03-03 11:55:00+00:00,0.0,30000.0,"POLYGON ((-90.11555526591948 35.287056983055166, -88.14165911498998 34.92956635204474, -87.86169503459205 34.40275374160239, -89.94583556249304 34.127383281648946, -90.11555526591948 35.287056983055166))"
LIMA 1,2019-03-03 10:10:00+00:00,2019-03-03 14:10:00+00:00,0.0,35000.0,"POLYGON ((-73.15 33.15, -69.3 31, -77 29.3, -77.15 32.15, -73.15 33.15))"
WHISKEY 3,2019-03-03 10:19:00+00:00,2019-03-03 14:20:00+00:00,0.0,49000.0,"POLYGON ((-152.3 8.2, -148.5 6.2, -148.2 5.3, -152.5 1.5, -156.5 6.5, -152.3 8.2))"
14C,2019-03-03 10:55:00+00:00,2019-03-03 12:55:00+00:00,,,"POLYGON ((-95.95236596704979 34.89561246404373, -96.99135346543069 34.11995677375503, -97.31690165164629 33.96200349393578, -95.85886487359264 34.71881442807524, -96.98825526961345 34.1215270408625, -97.40420635346895 34.14194206411922, -97.07865816725335 34.29989534393847, -97.0817563630706 34.29832507683099, -95.95236596704979 34.89561246404373))"
14E,2019-03-03 10:55:00+00:00,2019-03-03 12:55:00+00:00,0.0,36000.0,"POLYGON ((-77.14498795407901 31.837907326729614, -76.91474654356858 29.234438676889393, -79.58388697946158 29.291325761486394, -79.07573000332502 30.888122664194505, -77.14498795407901 31.837907326729614))"
15E,2019-03-03 10:55:00+00:00,2019-03-03 12:55:00+00:00,0.0,30000.0,"POLYGON ((-87.1206652058681 29.907024684205624, -83.98378509287298 29.630964751439436, -83.98945761020958 28.77320915271947, -86.68 28.500834619690497, -87.1206652058681 29.907024684205624))"
11C,2019-03-03 10:55:00+00:00,2019-03-03 12:55:00+00:00,0.0,36000.0,"POLYGON ((-90.73307569561622 35.272342997925655, -89.98 34.52089313279082, -91.47899014614089 32.9893186717509, -93.33687531458527 33.25857422352877, -93.35970038580021 34.09617979979481, -90.73307569561622 35.272342997925655))"
13C,2019-03-03 10:55:00+00:00,2019-03-03 12:55:00+00:00,0.0,29000.0,"POLYGON ((-87.35495982706455 34.97705784735314, -87.36579633397596 34.60770986931668, -88.91177169526134 34.29075006222954, -89.09736455539952 35.01680489941045, -87.35495982706455 34.97705784735314))"
12C,2019-03-03 10:55:00+00:00,2019-03-03 12:55:00+00:00,0.0,38000.0,"POLYGON ((-92.51608684166601 32.68507839270892, -92.65634194000658 31.315230290109554, -93.34560428298352 31.257232010844838, -93.87569791431133 32.63641672031332, -92.51608684166601 32.68507839270892))"
18C,2019-03-03 11:55:00+00:00,2019-03-03 13:55:00+00:00,,,"POLYGON ((-95.66681998836827 34.85169476361265, -95.85519416320778 34.63682825049581, -95.85726319340058 34.63439070475985, -97.11726319340058 33.10094225409603, -95.70480583679225 34.50498231283396, -95.51643166195274 34.7198488259508, -96.96273680659944 32.97397140790609, -95.70273680659945 34.50741985856992, -95.66681998836827 34.85169476361265))"
17E,2019-03-03 11:55:00+00:00,2019-03-03 13:55:00+00:00,0.0,30000.0,"POLYGON ((-86.68 29.831786265581645, -84.35 29.568155221318033, -83.98945761020958 28.77320915271947, -85.29071092064703 28.398466564250135, -86.68 29.831786265581645))"
15C,2019-03-03 11:55:00+00:00,2019-03-03 13:55:00+00:00,0.0,39000.0,"POLYGON ((-92.93896036246021 33.25984157835248, -91.31291992340189 32.26324115302837, -92.13989614926606 31.386831377906535, -93.04051957604888 31.449869188631517, -92.93896036246021 33.25984157835248))"
16E,2019-03-03 11:55:00+00:00,2019-03-03 13:55:00+00:00,0.0,36000.0,"POLYGON ((-77.01629362621286 32.61066164346116, -77.46403610756488 29.25048516002328, -79.78382318143825 29.29344974687121, -79.32693983154887 31.418743335496558, -77.01629362621286 32.61066164346116))"
16C,2019-03-03 11:55:00+00:00,2019-03-03 13:55:00+00:00,0.0,39000.0,"POLYGON ((-90.77246597714634 33.867935977270314, -90.08196648581345 33.05914401581503, -94.07000000000001 33.365429060579096, -92.51370851603767 34.011713549241755, -90.77246597714634 33.867935977270314))"
17C,2019-03-03 11:55:00+00:00,2019-03-03 13:55:00+00:00,0.0,29000.0,"POLYGON ((-89.98 35.30914187884179, -89.32 35.44171624231643, -89.66368408934581 33.96961292769642, -90.18168192011139 34.619134527242096, -89.98 35.30914187884179))"
21C,2019-03-03 12:55:00+00:00,2019-03-03 14:55:00+00:00,,,"POLYGON ((-94.29033973722277 35.25073097551773, -94.41144039379279 33.54228357599619, -97.00979017573044 32.71885337662975, -94.09274627771073 35.21979839143454, -94.34285348830633 33.62214496365782, -97.07020982426957 32.90950873603621, -94.47186004233191 33.73293893540265, -94.54044694781837 33.65307754774101, -94.29033973722277 35.25073097551773))"
19C,2019-03-03 12:55:00+00:00,2019-03-03 14:55:00+00:00,0.0,37000.0,"POLYGON ((-91.24904083418144 34.35812375537841, -89.36333266268447 34.19292537773713, -90.56001243083526 31.91447106896978, -92.27546003726658 31.720919548725604, -91.24904083418144 34.35812375537841))"
18E,2019-03-03 12:55:00+00:00,2019-03-03 14:55:00+00:00,0.0,35000.0,"POLYGON ((-77.01629362621286 32.61066164346116, -77.46403610756488 29.25048516002328, -79.78382318143825 29.29344974687121, -79.32693983154887 31.418743335496558, -77.01629362621286 32.61066164346116))"
20C,2019-03-03 12:55:00+00:00,2019-03-03 14:55:00+00:00,0.0,30000.0,"POLYGON ((-88.24173160806004 35.321059560716975, -88.01759765874752 34.70886293204526, -89.00541241690564 34.684150070406005, -89.32585965296889 35.23954622541642, -88.24173160806004 35.321059560716975))"
LIMA 2,2019-03-03 13:20:00+00:00,2019-03-03 17:20:00+00:00,0.0,38000.0,"POLYGON ((-64.45 33.45, -64 31, -77 28.45, -77 32, -64.45 33.45))"
24C,2019-03-03 13:55:00+00:00,2019-03-03 15:55:00+00:00,,,"POLYGON ((-94.03299715221912 33.79160998781743, -94.26961117391576 33.58530041789759, -94.28248157628417 33.57176401453633, -95.01594782680884 32.63957725117285, -94.13817302896854 33.43455555379658, -93.9015590072719 33.64086512371642, -94.8587688771248 32.51590519379437, -94.12530262660013 33.44809195715784, -94.03299715221912 33.79160998781743))"
19E,2019-03-03 13:55:00+00:00,2019-03-03 15:55:00+00:00,0.0,35000.0,"POLYGON ((-77.01629362621286 32.61066164346116, -77.46403610756488 29.25048516002328, -79.78382318143825 29.29344974687121, -79.32693983154887 31.418743335496558, -77.01629362621286 32.61066164346116))"
23C,2019-03-03 13:55:00+00:00,2019-03-03 15:55:00+00:00,0.0,24000.0,"POLYGON ((-86.54344969983092 35.87279013985722, -86.51120969988423 35.03804078497704, -88.54516630971017 34.70545188710929, -88.66130169463467 35.79689759183511, -86.54344969983092 35.87279013985722))"
22C,2019-03-03 13:55:00+00:00,2019-03-03 15:55:00+00:00,0.0,43000.0,"POLYGON ((-88.87904013171683 33.79613482268741, -89.62613935779306 32.26313805935371, -91.55920144265181 31.588524353010826, -90.14695863351707 33.72706126753961, -88.87904013171683 33.79613482268741))"
WHISKEY 4,2019-03-03 14:02:00+00:00,2019-03-03 18:05:00+00:00,0.0,49000.0,"POLYGON ((-153.2 8, -148.4 5.3, -151.1 3.2, -156.5 6.5, -153.2 8))"
YANKEE 1,2019-03-03 14:04:00+00:00,2019-03-03 18:05:00+00:00,,,"POLYGON ((-143.3 9.1, -140 8.5, -140 5.5, -144 5.4, -143.3 9.1))"
ZULU 1,2019-03-03 14:09:00+00:00,2019-03-03 18:10:00+00:00,0.0,55000.0,"POLYGON ((162.3 5.1, 164.4 4, 160 0, 153 2.5, 162.3 5.1))"
YANKEE 2,2019-03-03 14:45:00+00:00,2019-03-03 18:45:00+00:00,0.0,49000.0,"POLYGON ((-143.3 9.1, -140 8.5, -140 5.5, -144 5.4, -143.3 9.1))"
NOVEMBER 1,2019-03-03 14:48:00+00:00,2019-03-03 18:50:00+00:00,0.0,42000.0,"POLYGON ((169.2 30.1, 178.3 30, 174.3 25.4, 165.3 25.2, 169.2 30.1))"
26C,2019-03-03 14:55:00+00:00,2019-03-03 16:55:00+00:00,,,"POLYGON ((-94.04601746679752 33.55930846699985, -93.94943040517511 32.74449210022996, -94.94944090206631 32.24486440765511, -93.84645991770195 33.54601243003492, -93.89434596864211 32.82730030651369, -95.0388295780959 32.42377685718751, -94.0388190812047 32.92340454976235, -94.09390351773769 32.84059634347862, -94.04601746679752 33.55930846699985))"
20E,2019-03-03 14:55:00+00:00,2019-03-03 16:55:00+00:00,0.0,39000.0,"POLYGON ((-77.01629362621286 32.61066164346116, -77.46403610756488 29.25048516002328, -79.78382318143825 29.29344974687121, -79.32693983154887 31.418743335496558, -77.01629362621286 32.61066164346116))"
25C,2019-03-03 14:55:00+00:00,2019-03-03 16:55:00+00:00,0.0,43000.0,"POLYGON ((-88.51 33.923712818262686, -88.4832982468959 32.490254030303184, -90.7406490484782 31.70801383062494, -89.66368408934581 33.96961292769642, -88.51 33.923712818262686))"
21E,2019-03-03 15:55:00+00:00,2019-03-03 17:55:00+00:00,0.0,37000.0,"POLYGON ((-76.74368634706377 32.03923455358845, -76.80035650834265 28.968014159304357, -78.8209924521177 29.280485096039094, -79.22138683437119 31.19657097258367, -76.74368634706377 32.03923455358845))"
22E,2019-03-03 15:55:00+00:00,2019-03-03 17:55:00+00:00,0.0,29000.0,"POLYGON ((-75.8551517234846 34.333495027530304, -75.10928185556631 33.36391611371047, -76.05057862301025 32.80714986095124, -77.18711036928703 32.96475210855679, -75.8551517234846 34.333495027530304))"
27C,2019-03-03 15:55:00+00:00,2019-03-03 17:55:00+00:00,0.0,39000.0,"POLYGON ((-87.79752155618463 34.09479335616299, -87.05355002086738 33.97731489692558, -86.32 33.05184477868196, -90.39750696975285 31.182286127478125, -90.800750591841 31.48986740793502, -87.79752155618463 34.09479335616299))"
28C,2019-03-03 15:55:00+00:00,2019-03-03 17:55:00+00:00,,,"POLYGON ((-93.80410137204906 32.99566082398269, -93.89356653589795 32.63515214098042, -94.80439725883943 32.2489594276189, -93.66320868177466 32.85371277071233, -93.86215630156428 32.65624429735146, -94.8824694804465 32.43309179363133, -93.97163875750502 32.81928450699285, -94.00304899183868 32.79819235062181, -93.80410137204906 32.99566082398269))"
23E,2019-03-03 16:55:00+00:00,2019-03-03 18:55:00+00:00,0.0,37000.0,"POLYGON ((-76.74368634706377 32.03923455358845, -76.91474654356858 29.234438676889393, -78.44146809343414 30.228466654828352, -79.00439548084312 30.31611391255295, -76.74368634706377 32.03923455358845))"
29C,2019-03-03 16:55:00+00:00,2019-03-03 18:55:00+00:00,0.0,34000.0,"POLYGON ((-86.55151215997991 35.024739655068615, -85.21 33.54910686720919, -85.5912341250672 32.47257695195589, -87.45529129684807 33.85975904923094, -87.28761594794281 34.70983268657083, -86.55151215997991 35.024739655068615))"
30C,2019-03-03 16:55:00+00:00,2019-03-03 18:55:00+00:00,,,"POLYGON ((-87.0854885693765 33.70597501139139, -89.96103088420779 31.20709909543369, -92.81415583311335 30.04711101407094, -86.96224805175679 33.54845747326682, -89.9370735799257 31.22097672233023, -92.88948174216887 30.23238380598859, -90.03635679326331 31.39237188735134, -90.0603140975454 31.3784942604548, -87.0854885693765 33.70597501139139))"
24E,2019-03-03 17:55:00+00:00,2019-03-03 19:55:00+00:00,0.0,37000.0,"POLYGON ((-76.74368634706377 32.03923455358845, -76.91474654356858 29.234438676889393, -78.44146809343414 30.228466654828352, -79.00439548084312 30.31611391255295, -76.74368634706377 32.03923455358845))"
32C,2019-03-03 17:55:00+00:00,2019-03-03 19:55:00+00:00,,,"POLYGON ((-88.65594147640834 32.29681342309052, -88.56862884853446 30.8294701523937, -91.5071026937733 30.18477421815232, -88.45600360801828 32.29182856766283, -88.49009002285 30.92465448982503, -91.54996291079445 30.38012774844266, -88.6114890655556 31.02482368268405, -88.69002789124006 30.92963934525272, -88.65594147640834 32.29681342309052))"
31C,2019-03-03 17:55:00+00:00,2019-03-03 19:55:00+00:00,0.0,43000.0,"POLYGON ((-84.64027219531641 34.03053718139686, -84.33711049815281 32.6881272418963, -86.32398564749725 30.522831882302988, -88.45762488332016 32.37953735756091, -87.26981960889404 33.97613108107706, -84.64027219531641 34.03053718139686))"
ZULU 2,2019-03-03 17:59:00+00:00,2019-03-03 22:10:00+00:00,0.0,57000.0,"POLYGON ((160 4.4, 159.5 -0.1, 152.1 0.1, 152.3 3, 160 4.4))"
NOVEMBER 2,2019-03-03 18:37:00+00:00,2019-03-03 22:50:00+00:00,0.0,33000.0,"POLYGON ((169 28.4, 176.4 28.3, 174 22.5, 165.5 23.3, 169 28.4))"
33C,2019-03-03 18:55:00+00:00,2019-03-03 20:55:00+00:00,,,"POLYGON ((-86.77720646743477 32.298366141518, -88.4144830969959 30.7867475391173, -91.37874794985655 30.17574170967445, -86.65454136721577 32.14040009077207, -88.37333853369442 30.80570554288249, -91.4191239234726 30.37162376795074, -88.45485907061195 30.98262959739359, -88.49600363391342 30.9636715936284, -86.77720646743477 32.298366141518))"
25E,2019-03-03 18:55:00+00:00,2019-03-03 20:55:00+00:00,0.0,34000.0,"POLYGON ((-83.09713425512354 35.100530560570405, -83.82177987649227 32.68988295053615, -86.9208058348533 31.70744244644544, -87.29520197803024 32.86797295169385, -83.09713425512354 35.100530560570405))"
26E,2019-03-03 18:55:00+00:00,2019-03-03 20:55:00+00:00,0.0,44000.0,"POLYGON ((-84.89383535740684 32.16971493790312, -83.82008339601205 31.493164173231474, -84.81536006097136 30.565149913835874, -86.34327727025729 30.829564570585955, -84.89383535740684 32.16971493790312))"
34C,2019-03-03 19:55:00+00:00,2019-03-03 21:55:00+00:00,,,"POLYGON ((-86.4643529711235 32.35780098157783, -86.84790340148125 30.88908047896453, -91.28373934171168 30.15805512686623, -86.27675855626336 32.28845881898338, -86.77036685233949 30.95307849613299, -91.31626065828831 30.3553933237976, -86.88042471805788 31.0864186758959, -86.95796126719964 31.02242065872744, -86.4643529711235 32.35780098157783))"
28E,2019-03-03 19:55:00+00:00,2019-03-03 21:55:00+00:00,0.0,41000.0,"POLYGON ((-82.66162581913919 32.6861249663803, -81.47363332409036 32.28681342894249, -84.49809797611508 30.707326216639554, -85.49207857834335 31.511455019267643, -82.66162581913919 32.6861249663803))"
27E,2019-03-03 19:55:00+00:00,2019-03-03 21:55:00+00:00,0.0,40000.0,"POLYGON ((-82.50799555535994 35.49919474902198, -82.75998423473963 33.708549679135686, -85.41476803354162 31.898439406737257, -86.87911717164472 32.689333003984295, -85.5787838196562 34.60632367559116, -82.50799555535994 35.49919474902198))"
35C,2019-03-03 20:55:00+00:00,2019-03-03 22:55:00+00:00,,,"POLYGON ((-88.34314737411255 30.84155621587377, -89.81516673505205 30.13736298062354, -89.84934514508926 30.11055415387585, -90.47297007424672 29.34988043375828, -89.72885728463713 29.95694491398642, -88.25683792369763 30.66113814923665, -90.31830380375737 29.22308002061654, -89.69467887459992 29.98375374073411, -88.34314737411255 30.84155621587377))"
30E,2019-03-03 20:55:00+00:00,2019-03-03 22:55:00+00:00,0.0,41000.0,"POLYGON ((-81.35449733983387 33.244805478483684, -80.69148906145887 32.512233527247155, -82.69046952353217 31.603539941970286, -85.51755975092713 30.82481054163949, -83.65000000000002 33.18910686720917, -81.35449733983387 33.244805478483684))"
31E,2019-03-03 20:55:00+00:00,2019-03-03 22:55:00+00:00,0.0,41000.0,"POLYGON ((-75.71174695463243 35.336854287419605, -74.92750143497929 33.29601366051396, -77.87 32.353572531163294, -77.33697775851961 33.27290691262983, -75.71174695463243 35.336854287419605))"
29E,2019-03-03 20:55:00+00:00,2019-03-03 22:55:00+00:00,0.0,40000.0,"POLYGON ((-84.5626304698596 33.52771237459173, -84.29 32.238283757683575, -88.00435107120887 30.42283381076965, -88.36 31.163712818262688, -84.5626304698596 33.52771237459173))"
CHARLIE 1,2019-03-03 21:45:00+00:00,2019-03-04 01:45:00+00:00,0.0,35000.0,"POLYGON ((-133.3 28, -132 26, -135.45 24, -135.45 26.45, -133.3 28))"
ZULU 3,2019-03-03 21:51:00+00:00,2019-03-04 02:10:00+00:00,0.0,57000.0,"POLYGON ((160.1 4.5, 160 0, 153.4 0, 154.1 4.3, 160.1 4.5))"
36C,2019-03-03 21:55:00+00:00,2019-03-03 23:55:00+00:00,,,"POLYGON ((-88.21013245712624 30.81918580578763, -89.74733442725481 30.04580252645887, -89.78821359816519 30.00779824242813, -90.18582272272033 29.34296488086444, -89.65744732363488 29.8671399713366, -88.1202453535063 30.64052325066535, -90.01417727727966 29.24031089380365, -89.61656815272451 29.90514425536734, -88.21013245712624 30.81918580578763))"
34E,2019-03-03 21:55:00+00:00,2019-03-03 23:55:00+00:00,0.0,40000.0,"POLYGON ((-75.45596850153912 35.669609064995846, -73.90021744915809 34.35593367745108, -78.5209752779558 31.586746864214856, -77.87 33.351786265581644, -75.45596850153912 35.669609064995846))"
32E,2019-03-03 21:55:00+00:00,2019-03-03 23:55:00+00:00,0.0,40000.0,"POLYGON ((-84.2401891898608 33.629839338040235, -83.80078033408729 32.38250001561887, -87.1206652058681 29.907024684205624, -87.94791527856255 31.08227108564997, -84.2401891898608 33.629839338040235))"
33E,2019-03-03 21:55:00+00:00,2019-03-03 23:55:00+00:00,0.0,42000.0,"POLYGON ((-81.05 33.86, -80.74650910264015 32.466161993525596, -82.51 31.54, -84.15677281840354 30.800556209068866, -83.71583597221503 32.82354894391199, -81.05 33.86))"
35E,2019-03-03 22:55:00+00:00,2019-03-04 00:55:00+00:00,0.0,45000.0,"POLYGON ((-83.34529456525038 33.304451717436464, -83.05696451031078 32.6886049528404, -86.16668974894665 29.75305350671482, -87.58582946781142 30.72770264484189, -83.34529456525038 33.304451717436464))"
36E,2019-03-03 22:55:00+00:00,2019-03-04 00:55:00+00:00,0.0,45000.0,"POLYGON ((-81.05 33.86, -79.88083935285518 32.94522411329334, -81.83149102543187 31.538208894580187, -83.6638183332078 31.437171228573096, -82.3206671859884 33.76522091965033, -81.05 33.86))"
37C,2019-03-03 22:55:00+00:00,2019-03-04 00:55:00+00:00,0.0,45000.0,"POLYGON ((-87.30315478067612 30.4125757418417, -87.24105877200324 30.222459762221632, -89.35433047527543 29.53221931911532, -89.41642648394831 29.722335298735388, -87.30315478067612 30.4125757418417))"
37E,2019-03-03 23:55:00+00:00,2019-03-04 01:55:00+00:00,0.0,45000.0,"POLYGON ((-82.16 33.71, -82.58457935085218 31.386273483615398, -86.09426757219029 29.59904276773545, -86.68 30.330893132790813, -82.16 33.71))"
38E,2019-03-03 23:55:00+00:00,2019-03-04 01:55:00+00:00,0.0,45000.0,"POLYGON ((-80.76588199274183 34.094955545070995, -79.30571980103298 33.142522346807496, -80.81118198831533 31.544829034357047, -82.58457935085218 31.386273483615398, -81.76000800838047 33.70935540766096, -80.76588199274183 34.094955545070995))"
38C,2019-03-03 23:55:00+00:00,2019-03-04 01:55:00+00:00,0.0,42000.0,"POLYGON ((-86.72299554714334 30.34200125173573, -86.63700445285667 30.1614312328971, -88.89794745426381 29.084724456981533, -88.98393854855048 29.265294475820163, -86.72299554714334 30.34200125173573))"
1E,2019-03-04 00:55:00+00:00,2019-03-04 02:55:00+00:00,0.0,45000.0,"POLYGON ((-82.16000000000001 32.84257436347463, -82.3805408452762 31.272802511892483, -85.98181874002594 29.358899501781377, -86.36006551529388 30.161776107662387, -82.16000000000001 32.84257436347463))"
2E,2019-03-04 00:55:00+00:00,2019-03-04 02:55:00+00:00,0.0,45000.0,"POLYGON ((-79.98 35.32714530289552, -78.3628830406722 33.94010269119731, -80.50958226921593 31.6474457429948, -82.3533757381179 31.48457965143489, -82.16 33.71, -79.98 35.32714530289552))"
1C,2019-03-04 00:55:00+00:00,2019-03-04 02:55:00+00:00,0.0,44000.0,"POLYGON ((-86.26444568979319 29.9892990977144, -86.20217030412955 29.79924180019482, -88.41312246169156 29.074787122089955, -88.4753978473552 29.264844419609535, -86.26444568979319 29.9892990977144))"
5E,2019-03-04 01:55:00+00:00,2019-03-04 03:55:00+00:00,0.0,38000.0,"POLYGON ((-75.59991116145608 35.78803390368189, -74.28936930317946 35.60841081246331, -76.05057862301025 32.80714986095124, -77.26191260735983 33.11885193382826, -75.59991116145608 35.78803390368189))"
4E,2019-03-04 01:55:00+00:00,2019-03-04 03:55:00+00:00,0.0,40000.0,"POLYGON ((-78.590474957368 35.806184476368664, -77.68396927036605 34.28619263783678, -80.00960503624667 31.214106549109758, -82.51 30.874524177054425, -81.05 33.86, -78.590474957368 35.806184476368664))"
3E,2019-03-04 01:55:00+00:00,2019-03-04 03:55:00+00:00,0.0,45000.0,"POLYGON ((-81.79308518582808 32.158165128937725, -82.72972170702252 30.26744615549668, -85.91936077838503 29.22498324452863, -86.68 29.528861545211946, -81.79308518582808 32.158165128937725))"
7E,2019-03-04 02:55:00+00:00,2019-03-04 04:55:00+00:00,0.0,40000.0,"POLYGON ((-79.0563360166105 34.228520994242764, -77.87 33.351786265581644, -79.44166346475708 31.65893283188886, -81.11 32.16, -79.85682430954624 32.95353314540227, -79.0563360166105 34.228520994242764))"
8E,2019-03-04 02:55:00+00:00,2019-03-04 04:55:00+00:00,0.0,45000.0,"POLYGON ((-76.18 36.26, -74.10202207210175 35.54163455364396, -75.91327822438343 32.68738613299373, -78.43678550075148 33.87812953217041, -76.18 36.26))"
6E,2019-03-04 02:55:00+00:00,2019-03-04 04:55:00+00:00,0.0,45000.0,"POLYGON ((-82.17074225822093 31.539552217572492, -81.67751287630418 30.339893247068673, -85.16953517585583 28.661082221159027, -86.04444113734216 29.492786588926627, -82.17074225822093 31.539552217572492))"
9E,2019-03-04 03:55:00+00:00,2019-03-04 05:55:00+00:00,0.0,45000.0,"POLYGON ((-75.87898647825861 37.50438920196992, -72.67399383088501 36.208824888541756, -75.10928185556631 33.36391611371047, -77.18711036928703 32.96475210855679, -78.10008412916451 33.888669840789085, -75.87898647825861 37.50438920196992))"
10E,2019-03-04 03:55:00+00:00,2019-03-04 05:55:00+00:00,0.0,44000.0,"POLYGON ((-78.25703945270125 32.877349384187006, -77.86242363578312 32.10709887104252, -79.00325341711344 30.733837539856523, -79.30992859183051 32.63321123966971, -78.25703945270125 32.877349384187006))"
12E,2019-03-04 03:55:00+00:00,2019-03-04 05:55:00+00:00,0.0,39000.0,"POLYGON ((-79.89002798325157 28.851859291279634, -79.32462136062779 28.6973868113496, -79.05188220525251 27.596261572695692, -79.88791182958683 27.457399585828217, -79.89002798325157 28.851859291279634))"
11E,2019-03-04 03:55:00+00:00,2019-03-04 05:55:00+00:00,0.0,45000.0,"POLYGON ((-82.27063139888412 31.335322846315652, -81.1535322962497 30.64619790517832, -83.30318093042153 29.065495284061925, -85.16953517585583 28.661082221159027, -82.27063139888412 31.335322846315652))"
15E,2019-03-04 04:55:00+00:00,2019-03-04 06:55:00+00:00,,,"POLYGON ((-77.7816561436388 34.11532236436873, -79.37149378733781 32.70635781518712, -79.39112340749155 32.68262365156186, -80.75517068422818 30.38841602430325, -79.2388433425854 32.55667862656361, -77.64900569888638 33.96564317574522, -80.58326099916829 30.28620516293026, -79.21921372243166 32.58041279018887, -77.7816561436388 34.11532236436873))"
14E,2019-03-04 04:55:00+00:00,2019-03-04 06:55:00+00:00,0.0,45000.0,"POLYGON ((-73.70437737629756 36.86390153510433, -72.46795419287882 36.20263089346184, -72.61449218536606 34.997111206835285, -76.81696033297256 32.19359480289175, -77.87 33.51815522131804, -73.70437737629756 36.86390153510433))"
16E,2019-03-04 04:55:00+00:00,2019-03-04 06:55:00+00:00,0.0,45000.0,"POLYGON ((-81.62735007678712 30.291009089173812, -81.5206843483913 30.121827463735976, -84.27579669345043 28.384782649693662, -84.38246242184626 28.5539642751315, -81.62735007678712 30.291009089173812))"
17E,2019-03-04 04:55:00+00:00,2019-03-04 06:55:00+00:00,0.0,38000.0,"POLYGON ((-79.10687135863984 28.800606085388043, -79.08403373270913 27.675907153643777, -79.28399251393508 27.671846881407085, -79.30683013986578 28.79654581315135, -79.10687135863984 28.800606085388043))"
13E,2019-03-04 04:55:00+00:00,2019-03-04 06:55:00+00:00,0.0,28000.0,"POLYGON ((-74.3303454824663 39.1438432965021, -74.15191891984756 39.053488652171765, -75.10442711652544 37.172536492390556, -75.28285367914418 37.26289113672089, -74.3303454824663 39.1438432965021))"
19E,2019-03-04 05:55:00+00:00,2019-03-04 07:55:00+00:00,0.0,45000.0,"POLYGON ((-72.43731817834639 37.19360502431225, -72.61449218536606 34.997111206835285, -76.81696033297256 32.19359480289175, -77.33697775851961 33.27290691262983, -72.43731817834639 37.19360502431225))"
18E,2019-03-04 05:55:00+00:00,2019-03-04 07:55:00+00:00,0.0,29000.0,"POLYGON ((-73.04646431200956 40.077285807786296, -72.89184372537312 39.95042969170119, -74.29972864263937 38.234406857782346, -74.4543492292758 38.361262973867454, -73.04646431200956 40.077285807786296))"
22E,2019-03-04 05:55:00+00:00,2019-03-04 07:55:00+00:00,0.0,37000.0,"POLYGON ((-78.54904909261866 29.315127246275267, -78.36692381879847 29.23248110519222, -79.09295048641201 27.632553946983908, -79.2750757602322 27.715200088066954, -78.54904909261866 29.315127246275267))"
21E,2019-03-04 05:55:00+00:00,2019-03-04 07:55:00+00:00,0.0,45000.0,"POLYGON ((-81.25486824495007 30.31312602849025, -81.14678411961614 30.14484702846114, -83.99254822811803 28.317037708694833, -84.10063235345196 28.485316708723943, -81.25486824495007 30.31312602849025))"
20E,2019-03-04 05:55:00+00:00,2019-03-04 07:55:00+00:00,0.0,45000.0,"POLYGON ((-77.22141589625976 32.94363461679652, -77.06943959029819 32.813622300355824, -79.25661031190938 30.256955856147325, -79.40858661787095 30.386968172588023, -77.22141589625976 32.94363461679652))"
DELTA 1,2019-03-04 06:40:00+00:00,2019-03-04 10:40:00+00:00,0.0,33000.0,"POLYGON ((-132.3 31.3, -129.45 28.15, -135.45 24, -138.15 25.3, -132.3 31.3))"
24E,2019-03-04 06:55:00+00:00,2019-03-04 08:55:00+00:00,0.0,45000.0,"POLYGON ((-72.67399383088501 36.208824888541756, -72.61449218536606 34.997111206835285, -77.7103738594001 30.868429992317218, -77.86242363578312 32.10709887104252, -72.67399383088501 36.208824888541756))"
23E,2019-03-04 06:55:00+00:00,2019-03-04 08:55:00+00:00,0.0,31000.0,"POLYGON ((-72.40624666106362 40.247756699392525, -72.23375333893637 40.146533906398545, -73.17572426110617 38.54132534707709, -73.34821758323342 38.64254814007107, -72.40624666106362 40.247756699392525))"
25E,2019-03-04 06:55:00+00:00,2019-03-04 08:55:00+00:00,0.0,42000.0,"POLYGON ((-80.84303978656897 30.05265538168216, -80.7383462512322 29.882246274945782, -84.09998473056498 27.81697040051812, -84.20467826590175 27.9873795072545, -80.84303978656897 30.05265538168216))"
27E,2019-03-04 07:55:00+00:00,2019-03-04 09:55:00+00:00,0.0,45000.0,"POLYGON ((-72.00776677003088 36.83103045050032, -71.23248499934851 36.158057573082864, -76.52533568609658 31.575903377538353, -77.50317978545469 31.973007508938025, -72.00776677003088 36.83103045050032))"
26E,2019-03-04 07:55:00+00:00,2019-03-04 09:55:00+00:00,0.0,30000.0,"POLYGON ((-71.87798704045707 40.06125935318262, -71.751188893197 39.90659122507792, -72.6416411761681 39.176591443689254, -72.76843932342817 39.33125957179396, -71.87798704045707 40.06125935318262))"
28E,2019-03-04 07:55:00+00:00,2019-03-04 09:55:00+00:00,0.0,43000.0,"POLYGON ((-82.02659505554432 28.634316948410785, -81.96994137634404 28.44250881346059, -84.12400465863323 27.806270886411212, -84.1806583378335 27.998079021361406, -82.02659505554432 28.634316948410785))"
MIKE 1,2019-03-04 08:45:00+00:00,2019-03-04 12:45:00+00:00,0.0,40000.0,"POLYGON ((-69.45 39.3, -66.3 37.45, -76.15 29.45, -78 32, -69.45 39.3))"
29E,2019-03-04 08:55:00+00:00,2019-03-04 10:55:00+00:00,0.0,45000.0,"POLYGON ((-72.67399383088501 36.208824888541756, -72.79933985502997 35.06616814957474, -76.81696033297256 32.19359480289175, -75.83923781537374 33.63286179856822, -72.67399383088501 36.208824888541756))"
30E,2019-03-04 08:55:00+00:00,2019-03-04 10:55:00+00:00,0.0,43000.0,"POLYGON ((-81.96831950062683 28.415028550833856, -81.92545982928645 28.21967490082292, -83.80373869986107 27.807589357123707, -83.84659837120145 28.002943007134643, -81.96831950062683 28.415028550833856))"
32E,2019-03-04 09:55:00+00:00,2019-03-04 11:55:00+00:00,0.0,41000.0,"POLYGON ((-81.72018864641737 28.327584143956766, -81.65599531589388 28.138166044725725, -83.10064868498196 27.648576551481725, -83.16484201550546 27.837994650712766, -81.72018864641737 28.327584143956766))"
31E,2019-03-04 09:55:00+00:00,2019-03-04 11:55:00+00:00,0.0,45000.0,"POLYGON ((-73.46007272898507 35.36555617437941, -73.33601550362175 35.20868104940685, -76.88998772178198 32.39819128896618, -77.0140449471453 32.55506641393874, -73.46007272898507 35.36555617437941))"
DELTA 2,2019-03-04 10:30:00+00:00,2019-03-04 14:30:00+00:00,0.0,38000.0,"POLYGON ((-133.45 29.45, -132.15 28, -136.45 25, -137.3 26, -133.45 29.45))"
33E,2019-03-04 10:55:00+00:00,2019-03-04 12:55:00+00:00,0.0,39000.0,"POLYGON ((-81.61765322062072 28.101789722550304, -81.56364011031931 27.909221334917323, -82.99906323759176 27.50660245932934, -83.05307634789317 27.69917084696232, -81.61765322062072 28.101789722550304))"
MIKE 2,2019-03-04 12:25:00+00:00,2019-03-04 16:25:00+00:00,0.0,37000.0,"POLYGON ((-68.3 39.3, -66 37, -73.45 30, -76.3 32.15, -68.3 39.3))"
DELTA 3,2019-03-04 12:30:00+00:00,2019-03-04 16:30:00+00:00,0.0,34000.0,"POLYGON ((-133 31.15, -131.15 28.3, -135.3 25.45, -136.45 27.15, -133 31.15))"
MIKE 3,2019-03-04 16:10:00+00:00,2019-03-04 20:10:00+00:00,0.0,40000.0,"POLYGON ((-65.45 40, -63.45 38.15, -66.45 33, -76.15 30, -77 31.15, -65.45 40))"
DELTA 4,2019-03-04 16:17:00+00:00,2019-03-04 20:17:00+00:00,0.0,35000.0,"POLYGON ((-132.3 31.3, -132.3 27.45, -136 26.15, -136 28.15, -132.3 31.3))"
DELTA 5,2019-03-04 19:00:00+00:00,2019-03-04 23:00:00+00:00,0.0,35000.0,"POLYGON ((-132 31, -127 30.3, -129.45 28.15, -135.3 26, -137 27.3, -132 31))"
MIKE 4,2019-03-04 19:05:00+00:00,2019-03-04 23:05:00+00:00,0.0,40000.0,"POLYGON ((-62.3 41.15, -59.3 40, -65.15 33.3, -74 30.3, -75 31.3, -62.3 41.15))"
34E,2019-03-04 20:55:00+00:00,2019-03-04 22:55:00+00:00,0.0,42000.0,"POLYGON ((-79.32462136062779 28.6973868113496, -80.68908821711774 26.90004226192626, -81.46899570065575 27.197492708541496, -80.11235710151831 28.480884096344056, -79.32462136062779 28.6973868113496))"
35E,2019-03-04 21:55:00+00:00,2019-03-04 23:55:00+00:00,0.0,42000.0,"POLYGON ((-78.32667223480911 29.545399506512194, -77.15560432621213 28.84966777351555, -80.09 26.68, -81.18265758450679 27.423611960799473, -78.32667223480911 29.545399506512194))"
DELTA 6,2019-03-04 22:45:00+00:00,2019-03-05 02:45:00+00:00,0.0,35000.0,"POLYGON ((-130.3 31.3, -128 31.15, -135.15 26.3, -136.15 27, -130.3 31.3))"
MIKE 5,2019-03-04 23:00:00+00:00,2019-03-05 03:00:00+00:00,0.0,42000.0,"POLYGON ((-57.15 42.45, -56.3 38.45, -67 31.45, -70.45 32.15, -57.15 42.45))"
1E,2019-03-05 00:55:00+00:00,2019-03-05 02:55:00+00:00,0.0,38000.0,"POLYGON ((-76.62242876451066 29.02683697822481, -77.83746882689503 27.489862605286607, -79.15905003836006 26.67696566493167, -79.55067052263696 27.676832485442556, -78.56848498931308 28.36706140272879, -76.62242876451066 29.02683697822481))"
MIKE 6,2019-03-05 01:15:00+00:00,2019-03-05 05:15:00+00:00,0.0,42000.0,"POLYGON ((-58.15 39.3, -54.15 38.3, -72 28.45, -75.15 29.3, -58.15 39.3))"
2E,2019-03-05 01:55:00+00:00,2019-03-05 03:55:00+00:00,0.0,38000.0,"POLYGON ((-76.62242876451066 29.02683697822481, -76.4350886114612 27.970067284132778, -77.83746882689503 27.489862605286607, -78.04017616835857 28.549753072258635, -76.62242876451066 29.02683697822481))"
DELTA 7,2019-03-05 02:30:00+00:00,2019-03-05 06:30:00+00:00,0.0,35000.0,"POLYGON ((-130 32, -127.3 31.3, -134.15 27, -135.15 27.45, -130 32))"
3E,2019-03-05 02:55:00+00:00,2019-03-05 04:55:00+00:00,0.0,38000.0,"POLYGON ((-76.62242876451066 29.02683697822481, -76.4350886114612 27.970067284132778, -78.01189746295503 27.428848997638664, -78.91967636056603 28.244138042531155, -76.62242876451066 29.02683697822481))"
4E,2019-03-05 03:55:00+00:00,2019-03-05 05:55:00+00:00,0.0,38000.0,"POLYGON ((-76.62242876451066 29.02683697822481, -76.4350886114612 27.970067284132778, -78.79928014299323 27.66973798985201, -78.91967636056603 28.244138042531155, -76.62242876451066 29.02683697822481))"
MIKE 7,2019-03-05 05:20:00+00:00,2019-03-05 09:20:00+00:00,0.0,42000.0,"POLYGON ((-58.15 39, -55 37.3, -63.3 33, -65.3 34.3, -58.15 39))"
ECHO 1,2019-03-05 06:10:00+00:00,2019-03-05 10:10:00+00:00,0.0,34000.0,"POLYGON ((-125.3 32.3, -131 28.3, -133.3 28.15, -130.3 31.45, -125.3 32.3))"
FOXTROT 1,2019-03-05 09:00:00+00:00,2019-03-05 13:00:00+00:00,21000.0,38000.0,"POLYGON ((-127.3 45.15, -126.45 39.15, -130.45 35.45, -135.15 42.15, -127.3 45.15))"
MIKE 8,2019-03-05 09:05:00+00:00,2019-03-05 13:05:00+00:00,0.0,41000.0,"POLYGON ((-57.45 38.45, -54.3 37.15, -64.3 32.15, -65.45 34.15, -57.45 38.45))"
ECHO 2,2019-03-05 09:05:00+00:00,2019-03-05 13:05:00+00:00,0.0,38000.0,"POLYGON ((-124.15 34.15, -129.45 28.45, -131.45 29.15, -127.45 34.15, -124.15 34.15))"
ECHO 3,2019-03-05 12:35:00+00:00,2019-03-05 16:35:00+00:00,0.0,38000.0,"POLYGON ((-126.45 33.3, -123.3 33.15, -129 26.45, -131.3 27.3, -126.45 33.3))"
FOXTROT 2,2019-03-05 12:40:00+00:00,2019-03-05 16:40:00+00:00,19000.0,35000.0,"POLYGON ((-128 47, -126.45 39.3, -130.15 35.3, -135.3 43.45, -128 47))"
FOXTROT 3,2019-03-05 13:48:00+00:00,2019-03-05 17:48:00+00:00,19000.0,35000.0,"POLYGON ((-126.3 45.15, -126.3 38.3, -130.15 35.3, -134.45 39.15, -132.15 44, -126.3 45.15))"
ECHO 4,2019-03-05 16:16:00+00:00,2019-03-05 20:16:00+00:00,0.0,38000.0,"POLYGON ((-124.15 36, -122.45 33.45, -127.45 27, -130 27.3, -124.15 36))"
FOXTROT 4,2019-03-05 17:25:00+00:00,2019-03-05 21:25:00+00:00,19000.0,35000.0,"POLYGON ((-127.45 47.15, -126.45 36.3, -130.15 35.3, -132.15 42, -127.45 47.15))"
ALFA 1,2019-03-05 18:40:00+00:00,2019-03-05 22:40:00+00:00,0.0,40000.0,"POLYGON ((-73 31.15, -73.15 29.15, -77.15 28.15, -77 30, -73 31.15))"
5E,2019-03-05 19:55:00+00:00,2019-03-05 21:55:00+00:00,,,"POLYGON ((-79.6907422764537 26.77181582074376, -79.89734538182064 26.68685510473777, -79.94997641842517 26.63656143564889, -80.28292503790166 25.9211052250051, -79.82128051522155 26.50188446904318, -79.61467740985461 26.58684518504917, -80.10159809809352 25.83672192748827, -79.76864947861702 26.55217813813206, -79.6907422764537 26.77181582074376))"
ECHO 5,2019-03-05 20:07:00+00:00,2019-03-06 00:07:00+00:00,0.0,35000.0,"POLYGON ((-124 35.15, -122 32.3, -126.15 28.15, -128 28.15, -124 35.15))"
ALFA 2,2019-03-05 20:10:00+00:00,2019-03-06 00:10:00+00:00,0.0,40000.0,"POLYGON ((-71.15 32.45, -69.45 30.3, -76.45 27.45, -75.3 32.15, -71.15 32.45))"
6E,2019-03-05 20:55:00+00:00,2019-03-05 22:55:00+00:00,,,"POLYGON ((-79.71083663938899 26.76070172360425, -79.95857500341883 25.81276263524116, -80.07329964295171 25.77022065464753, -79.70559072683166 26.54526490856432, -79.89723887107901 25.8788845881318, -79.59458304691933 26.59795928218869, -79.74356841716158 26.49153292920152, -80.14283635140158 25.95774304311876, -80.0281117118687 26.0002850237124, -80.08944784420852 25.93416307082176, -79.89779969996117 26.60054339125428, -79.85982200963124 26.65427537061708, -79.71083663938899 26.76070172360425))"
7E,2019-03-05 21:55:00+00:00,2019-03-05 23:55:00+00:00,,,"POLYGON ((-79.52109624884945 26.76162186666728, -79.74231846963194 26.61289156592569, -79.77691574962574 26.57267521964996, -80.12239514501532 25.84256152455061, -79.63073061404624 26.44691521072477, -79.40950839326375 26.59564551146635, -79.94161272944201 25.75701786190116, -79.59613333405244 26.4871315570005, -79.52109624884945 26.76162186666728))"
8E,2019-03-05 22:55:00+00:00,2019-03-06 00:55:00+00:00,0.0,43000.0,"POLYGON ((-77.85590869253983 26.662524797668226, -77.86991804172246 25.835119484715428, -79.25895962679549 25.414440217940218, -79.54085198800843 25.798131783317068, -77.85590869253983 26.662524797668226))"
1W,2019-03-05 22:55:00+00:00,2019-03-06 00:55:00+00:00,0.0,33000.0,"POLYGON ((-120.6339178981789 35.212810856853594, -119.69259427834417 34.66368047612246, -121.86740251054931 32.727366258383775, -122.35342543101132 33.59139093577108, -120.6339178981789 35.212810856853594))"
9E,2019-03-05 23:55:00+00:00,2019-03-06 01:55:00+00:00,0.0,42000.0,"POLYGON ((-77.48365624185666 26.656215834631062, -77.36216510745611 25.63536063253931, -78.75090465334499 25.219021910030424, -79.17129254390262 25.795796612937057, -77.48365624185666 26.656215834631062))"
2W,2019-03-05 23:55:00+00:00,2019-03-06 01:55:00+00:00,0.0,34000.0,"POLYGON ((-120.6990787923579 34.18814615015155, -120.15280477877891 33.740877070360895, -122.00419499507474 32.60729090825817, -122.53581273414842 33.523730074357665, -120.6990787923579 34.18814615015155))"
ALFA 3,2019-03-06 00:10:00+00:00,2019-03-06 04:10:00+00:00,0.0,39000.0,"POLYGON ((-65.15 37.3, -63.3 33.45, -73.3 28.3, -71.45 32, -65.15 37.3))"
GOLF 1,2019-03-06 00:50:00+00:00,2019-03-06 04:50:00+00:00,0.0,36000.0,"POLYGON ((-178.3 41.3, 172.3 31.3, 177 31, -175 41, -178.3 41.3))"
1W,2019-03-06 00:55:00+00:00,2019-03-06 02:55:00+00:00,0.0,33000.0,"POLYGON ((-120.89429693008124 34.886857027368826, -119.53948259256798 34.048668548278926, -122.14062096674814 32.48706770270348, -122.53581273414842 33.523730074357665, -120.89429693008124 34.886857027368826))"
BRAVO 1,2019-03-06 00:55:00+00:00,2019-03-06 04:55:00+00:00,0.0,41000.0,"POLYGON ((-73.45 28.3, -71.45 28, -78 24, -79.3 25.15, -73.45 28.3))"
HOTEL 1,2019-03-06 01:00:00+00:00,2019-03-06 05:00:00+00:00,0.0,37000.0,"POLYGON ((-123 34, -121.3 31.45, -123.45 30, -125 32, -123 34))"
ALFA 4,2019-03-06 01:40:00+00:00,2019-03-06 05:40:00+00:00,0.0,42000.0,"POLYGON ((-63.3 39, -58.3 35.3, -71.45 28, -73.45 28.3, -72.15 31.15, -63.3 39))"
2W,2019-03-06 01:55:00+00:00,2019-03-06 03:55:00+00:00,0.0,42000.0,"POLYGON ((-120.97497042178854 35.42871824920693, -119.6928792916616 34.356270882999425, -122.00419499507474 32.60729090825817, -122.99926054690033 34.46750480684917, -120.97497042178854 35.42871824920693))"
3W,2019-03-06 02:55:00+00:00,2019-03-06 04:55:00+00:00,0.0,43000.0,"POLYGON ((-120.0573529460707 36.41864880374059, -118.04282155273307 34.69792001213981, -121.11698124661253 31.735859240862766, -122.99926054690033 34.46750480684917, -120.0573529460707 36.41864880374059))"
4W,2019-03-06 03:55:00+00:00,2019-03-06 05:55:00+00:00,0.0,43000.0,"POLYGON ((-119.19604277725573 36.87836902289658, -117.21104154512558 35.052361949387304, -121.18939156995835 31.58132845865995, -122.99926054690033 34.46750480684917, -119.19604277725573 36.87836902289658))"
ALFA 5,2019-03-06 04:10:00+00:00,2019-03-06 08:10:00+00:00,0.0,43000.0,"POLYGON ((-59.3 42, -53.45 37.45, -71.15 27.3, -72.45 28.15, -63.3 39.3, -59.3 42))"
HOTEL 2,2019-03-06 04:15:00+00:00,2019-03-06 08:15:00+00:00,0.0,37000.0,"POLYGON ((-122.45 34, -121.15 31.45, -124.45 29, -125 31.45, -122.45 34))"
BRAVO 2,2019-03-06 04:20:00+00:00,2019-03-06 08:20:00+00:00,0.0,40000.0,"POLYGON ((-72.45 28.15, -71.15 27.15, -77.15 23.3, -78.45 24.3, -72.45 28.15))"
5W,2019-03-06 04:55:00+00:00,2019-03-06 06:55:00+00:00,0.0,39000.0,"POLYGON ((-119.05393999217347 36.62287163896603, -116.61449243284726 34.49249253115523, -121.45842476919216 31.30458630742744, -122.53581273414842 33.523730074357665, -119.05393999217347 36.62287163896603))"
6W,2019-03-06 05:55:00+00:00,2019-03-06 07:55:00+00:00,0.0,39000.0,"POLYGON ((-118.54750421721447 37.74277004355624, -117.7137609769311 37.11445180737615, -115.44700925528272 34.79580328576796, -121.1886512783752 31.316898858231216, -122.99926054690033 34.46750480684917, -118.54750421721447 37.74277004355624))"
8W,2019-03-06 06:55:00+00:00,2019-03-06 08:55:00+00:00,0.0,35000.0,"POLYGON ((-123.81505910082004 39.900728329478476, -122.22 38.22910686720918, -123.3282583934713 35.23574110102974, -124.62959411168383 36.655083509343505, -125.23130979313282 38.396835852493865, -123.81505910082004 39.900728329478476))"
7W,2019-03-06 06:55:00+00:00,2019-03-06 08:55:00+00:00,0.0,35000.0,"POLYGON ((-119.09094044551395 38.452667932125124, -115.30534224813984 35.962271594149165, -116.16 34.12910686720918, -121.1886512783752 31.316898858231216, -122.99926054690033 34.46750480684917, -119.09094044551395 38.452667932125124))"
10W,2019-03-06 07:55:00+00:00,2019-03-06 09:55:00+00:00,0.0,35000.0,"POLYGON ((-124.07517171494611 40.55225587913676, -120.95412169597198 39.52282488679779, -120.36204165583088 38.09905793183348, -123.46950570853494 35.11595355636899, -125.23130979313282 38.396835852493865, -124.07517171494611 40.55225587913676))"
9W,2019-03-06 07:55:00+00:00,2019-03-06 09:55:00+00:00,0.0,35000.0,"POLYGON ((-119.25482054290377 37.95460394943232, -114.42670466028875 36.66597598908256, -115.89019223585952 34.32810739733369, -121.1886512783752 31.316898858231216, -122.99926054690033 34.46750480684917, -119.25482054290377 37.95460394943232))"
ALFA 6,2019-03-06 08:05:00+00:00,2019-03-06 12:05:00+00:00,0.0,41000.0,"POLYGON ((-57 41.45, -53.15 38.45, -68.45 28.15, -70.15 29.45, -57 41.45))"
11W,2019-03-06 08:55:00+00:00,2019-03-06 10:55:00+00:00,0.0,37000.0,"POLYGON ((-120.1197434432033 37.62702067502916, -113.83072156721605 37.172729973422385, -115.56057353217882 33.628554061276965, -120.22251956670125 30.156173199423687, -122.99926054690033 34.46750480684917, -120.1197434432033 37.62702067502916))"
12W,2019-03-06 08:55:00+00:00,2019-03-06 10:55:00+00:00,0.0,35000.0,"POLYGON ((-124.23 41.0027379114728, -120.95412169597198 39.52282488679779, -120.21135577672219 38.21584640495068, -123.61033801888408 34.99600264946782, -125.23130979313282 38.396835852493865, -124.23 41.0027379114728))"
14W,2019-03-06 09:55:00+00:00,2019-03-06 11:55:00+00:00,0.0,35000.0,"POLYGON ((-123.89110300860034 41.28432661393719, -121.0411331266848 39.711801794040966, -119.33656124284494 37.801255147621916, -122.99926054690033 34.46750480684917, -125.23130979313282 38.396835852493865, -123.89110300860034 41.28432661393719))"
13W,2019-03-06 09:55:00+00:00,2019-03-06 11:55:00+00:00,0.0,35000.0,"POLYGON ((-119.04881396500134 37.13217850288846, -113.3292337791634 36.8620217167325, -114.90498550264877 33.38445058510662, -120.22251956670125 30.156173199423687, -122.99926054690033 34.46750480684917, -119.04881396500134 37.13217850288846))"
15W,2019-03-06 10:55:00+00:00,2019-03-06 12:55:00+00:00,0.0,35000.0,"POLYGON ((-112.61918563749238 37.074748825105246, -114.21809632524888 33.53794613474229, -120.22251956670125 30.156173199423687, -122.71791432559375 33.455802321515215, -119.05393999217347 36.62287163896603, -112.61918563749238 37.074748825105246))"
16W,2019-03-06 10:55:00+00:00,2019-03-06 12:55:00+00:00,0.0,33000.0,"POLYGON ((-123.89110300860034 41.28432661393719, -120.93510497288065 40.09267828999023, -119.52494980305532 37.114917003952115, -122.53581273414842 33.523730074357665, -125.23130979313282 38.396835852493865, -123.89110300860034 41.28432661393719))"
ALFA 7,2019-03-06 11:50:00+00:00,2019-03-06 15:50:00+00:00,0.0,41000.0,"POLYGON ((-60.45 36.45, -58.3 35.45, -65.45 30, -66.3 31.3, -60.45 36.45))"
19W,2019-03-06 11:55:00+00:00,2019-03-06 13:55:00+00:00,0.0,34000.0,"POLYGON ((-113.98886376079429 37.48078966150074, -111.90182877755092 36.920803284284354, -114.40214219295271 32.769844516237846, -116.95089218017073 32.54440915836616, -115.9847334327212 36.542878782015435, -113.98886376079429 37.48078966150074))"
17W,2019-03-06 11:55:00+00:00,2019-03-06 13:55:00+00:00,0.0,34000.0,"POLYGON ((-118.85521880190952 37.1944404780911, -115.9847334327212 36.542878782015435, -116.95089218017073 32.54440915836616, -120.09006412333024 30.27691199085849, -122.53581273414842 33.523730074357665, -118.85521880190952 37.1944404780911))"
18W,2019-03-06 11:55:00+00:00,2019-03-06 13:55:00+00:00,0.0,31000.0,"POLYGON ((-123.97642095443483 41.130838309340355, -121.23060024987727 40.41396313203845, -119.37673842127437 37.23210031618331, -122.79755624391929 34.47264874389646, -124.80831042992723 39.592610795306506, -123.97642095443483 41.130838309340355))"
21W,2019-03-06 12:55:00+00:00,2019-03-06 14:55:00+00:00,0.0,30000.0,"POLYGON ((-123.97642095443483 41.130838309340355, -120.93510497288065 40.09267828999023, -118.85521880190952 37.1944404780911, -122.19230531974344 34.48609190861283, -123.97990391955334 40.20861456261333, -123.97642095443483 41.130838309340355))"
22W,2019-03-06 12:55:00+00:00,2019-03-06 14:55:00+00:00,0.0,30000.0,"POLYGON ((-114.39 37.08541730984525, -111.66799938465638 36.88786862493667, -114.40214219295271 32.769844516237846, -116.95089218017073 32.54440915836616, -115.9847334327212 36.542878782015435, -114.39 37.08541730984525))"
20W,2019-03-06 12:55:00+00:00,2019-03-06 14:55:00+00:00,0.0,33000.0,"POLYGON ((-118.85521880190952 37.1944404780911, -115.9847334327212 36.542878782015435, -116.95089218017073 32.54440915836616, -120.09006412333024 30.27691199085849, -122.53581273414842 33.523730074357665, -118.85521880190952 37.1944404780911))"
23W,2019-03-06 13:55:00+00:00,2019-03-06 15:55:00+00:00,0.0,30000.0,"POLYGON ((-118.34259902434891 35.73230303694751, -116.46000000000001 34.467262088527214, -116.46370065233103 33.014808717995884, -120.67736038781615 32.66216769478, -119.91296492949606 34.627557382065696, -118.34259902434891 35.73230303694751))"
24W,2019-03-06 14:55:00+00:00,2019-03-06 16:55:00+00:00,0.0,31000.0,"POLYGON ((-118.43 34.59547582294557, -117.20641592448828 34.54305274381464, -116.7150314518809 33.819760926903065, -118.96048481391604 32.85292500041165, -119.77000000000001 33.511786265581634, -118.43 34.59547582294557))"
ALFA 8,2019-03-06 15:19:00+00:00,2019-03-06 19:19:00+00:00,0.0,38000.0,"POLYGON ((-57.3 39.15, -55.15 38.3, -62.15 31.15, -65 31.3, -57.3 39.15))"
25W,2019-03-06 15:55:00+00:00,2019-03-06 17:55:00+00:00,0.0,28000.0,"POLYGON ((-117.34027384625493 34.79683093317365, -117.07863648781588 34.28729644294751, -118.6950603438698 33.39545106859858, -118.59108188477836 33.98522005244896, -118.43 34.508283757683586, -117.34027384625493 34.79683093317365))"
ALFA 9,2019-03-06 19:01:00+00:00,2019-03-06 23:01:00+00:00,0.0,38000.0,"POLYGON ((-56.3 39.3, -53.3 38.15, -62.45 29.15, -64.15 30, -56.3 39.3))"
26W,2019-03-06 20:55:00+00:00,2019-03-06 22:55:00+00:00,0.0,30000.0,"POLYGON ((-120.01524836063992 38.86162608192732, -119.15014754540199 37.099422115446494, -120.96000000000001 37.34085812115821, -120.01524836063992 38.86162608192732))"
27W,2019-03-06 21:55:00+00:00,2019-03-06 23:55:00+00:00,0.0,31000.0,"POLYGON ((-120.0682305954927 38.760757739196734, -118.36419192284036 36.87112090665983, -119.5826470539293 36.41864880374059, -120.76575464994995 37.69350748723317, -120.0682305954927 38.760757739196734))"
28W,2019-03-06 21:55:00+00:00,2019-03-06 23:55:00+00:00,0.0,30000.0,"POLYGON ((-120.70398847140333 39.8572915230453, -120.31786356951692 39.01700358338174, -121.40925158124237 38.17278340897637, -122.02428457142203 39.69910090961909, -120.70398847140333 39.8572915230453))"
ALFA 10,2019-03-06 22:15:00+00:00,2019-03-07 02:15:00+00:00,0.0,40000.0,"POLYGON ((-53.45 38.45, -51.3 38.15, -59.3 31.45, -60.3 32.3, -53.45 38.45))"
29W,2019-03-06 22:55:00+00:00,2019-03-07 00:55:00+00:00,0.0,32000.0,"POLYGON ((-120.14881770848635 38.60674035121867, -118.32743939056574 36.922741844377406, -119.1 35.6463689557364, -120.96 37.63, -120.14881770848635 38.60674035121867))"
30W,2019-03-06 22:55:00+00:00,2019-03-07 00:55:00+00:00,0.0,35000.0,"POLYGON ((-121.1060551933663 40.094471104779956, -120.0558731316812 39.222645846782434, -120.9962786201216 38.43869708118724, -122.37344346760257 39.99769628291964, -121.1060551933663 40.094471104779956))"
31W,2019-03-06 23:55:00+00:00,2019-03-07 01:55:00+00:00,0.0,34000.0,"POLYGON ((-120.1933042932026 39.93769362381347, -119.40058229159538 37.680663107086176, -120.2049498131128 37.18606151539586, -121.70861510432337 39.68987370273578, -120.1933042932026 39.93769362381347))"
1W,2019-03-07 00:55:00+00:00,2019-03-07 02:55:00+00:00,0.0,29000.0,"POLYGON ((-120.0578334329517 39.40198803851311, -119.24775244424274 37.9907539648352, -120.06023676482921 37.340873449146265, -120.76228521684378 38.69203418600417, -120.0578334329517 39.40198803851311))"
CHARLIE 1,2019-03-07 05:10:00+00:00,2019-03-07 09:10:00+00:00,0.0,40000.0,"POLYGON ((-50.15 40, -47.15 39.15, -57.45 29.15, -59 30, -50.15 40))"
3W,2019-03-07 18:55:00+00:00,2019-03-07 20:55:00+00:00,0.0,25000.0,"POLYGON ((-108.10410561633866 38.836688501779705, -107.68808112728746 37.93707371006387, -109.06955057575661 37.54278529362973, -109.31980100071588 38.11604026172126, -108.10410561633866 38.836688501779705))"
2W,2019-03-07 18:55:00+00:00,2019-03-07 20:55:00+00:00,0.0,25000.0,"POLYGON ((-107.30000000000001 40.23085812115822, -106.74727157245992 39.17278034943397, -108.8611158862756 38.92641225326298, -109.4334118223132 39.916609914752655, -107.30000000000001 40.23085812115822))"
5W,2019-03-07 19:55:00+00:00,2019-03-07 21:55:00+00:00,0.0,26000.0,"POLYGON ((-108.00106352932244 38.80267101878243, -107.7850094298476 37.859429187678685, -109.37458667975343 37.456240960788776, -109.52943783186964 38.27904810513437, -108.00106352932244 38.80267101878243))"
4W,2019-03-07 19:55:00+00:00,2019-03-07 21:55:00+00:00,0.0,26000.0,"POLYGON ((-106.42460910732795 40.516697048376514, -106.45915761099958 39.43920525845151, -108.00106352932244 38.80267101878243, -108.79000000000002 39.72547582294557, -106.42460910732795 40.516697048376514))"
6W,2019-03-07 20:55:00+00:00,2019-03-07 22:55:00+00:00,0.0,24000.0,"POLYGON ((-107.30000000000001 40.02089313279083, -106.95887714553982 38.296267131604445, -108.33056216813037 38.27904810513437, -108.79000000000002 39.72547582294557, -107.30000000000001 40.02089313279083))"
7W,2019-03-07 21:55:00+00:00,2019-03-07 23:55:00+00:00,0.0,24000.0,"POLYGON ((-107.51704207757514 40.11909791463329, -107.28536670646191 39.13264799224758, -108.79 39.06, -109.0771817462965 39.593913713040656, -107.51704207757514 40.11909791463329))"
8W,2019-03-07 22:55:00+00:00,2019-03-08 00:55:00+00:00,0.0,27000.0,"POLYGON ((-107.03382741446923 39.70704387090178, -107.04 38.88371281826269, -108.5259281111796 39.264156856283584, -108.50281825370352 39.593913713040656, -107.03382741446923 39.70704387090178))"
1C,2019-03-07 23:55:00+00:00,2019-03-08 01:55:00+00:00,0.0,34000.0,"POLYGON ((-103.18 39.58171624231642, -103.18 39.292574363474635, -104.2173590284072 38.69050698890986, -104.44518446159417 39.409102956380764, -103.18 39.58171624231642))"
1C,2019-03-08 00:55:00+00:00,2019-03-08 02:55:00+00:00,0.0,34000.0,"POLYGON ((-103.18 39.328155221318035, -102.69 39.03184477868197, -103.82655157074204 38.75902166027757, -103.90076960969118 39.21931203506277, -103.18 39.328155221318035))"
2C,2019-03-08 01:55:00+00:00,2019-03-08 03:55:00+00:00,0.0,30000.0,"POLYGON ((-103.18 39.16178626558164, -101.99341297224385 39.154324090087044, -102.01665154189831 38.7747218329947, -102.69 38.865475822945584, -103.18 39.16178626558164))"
3C,2019-03-08 03:55:00+00:00,2019-03-08 05:55:00+00:00,0.0,30000.0,"POLYGON ((-97.92 37.015475822945575, -96.52444204560375 36.78596614588535, -96.96970516087383 36.02789876757129, -97.84110697535988 36.19626917818363, -97.92 37.015475822945575))"
4C,2019-03-08 04:55:00+00:00,2019-03-08 06:55:00+00:00,0.0,31000.0,"POLYGON ((-98.19667178310355 36.88394649635953, -96.81063383107376 37.134127902659365, -96.68574932532937 36.19666281867707, -97.66681374509768 36.145278499114376, -98.19667178310355 36.88394649635953))"
ALFA 1,2019-03-08 05:45:00+00:00,2019-03-08 09:45:00+00:00,27000.0,37000.0,"POLYGON ((173.15 47.15, 171.15 43.45, 171.3 37.45, -170 40, -170.45 46.45, 173.15 47.15))"
5C,2019-03-08 07:55:00+00:00,2019-03-08 09:55:00+00:00,0.0,32000.0,"POLYGON ((-96.28064931887539 36.132885652530206, -95.12495274673479 36.076767986578304, -95.1346528057728 35.87700335293496, -96.2903493779134 35.933121018886865, -96.28064931887539 36.132885652530206))"
BRAVO 1,2019-03-08 09:30:00+00:00,2019-03-08 13:30:00+00:00,0.0,50000.0,"POLYGON ((-140 7, -136 6.45, -135.15 3.3, -140 3.3, -140 7))"
ALFA 2,2019-03-08 09:45:00+00:00,2019-03-08 13:45:00+00:00,27000.0,37000.0,"POLYGON ((-167.15 49, 174.15 47.45, 173 37.15, -168.45 36.15, -162.15 40.3, -167.15 49))"
BRAVO 2,2019-03-08 12:05:00+00:00,2019-03-08 16:05:00+00:00,0.0,50000.0,"POLYGON ((-140 7.15, -137.15 7.15, -137 3.3, -140 3.3, -140 7.15))"
ALFA 2,2019-03-08 13:45:00+00:00,2019-03-08 17:45:00+00:00,,,"POLYGON ((-178 49, -166 47.45, -157.3 39, -163.45 34.15, -173.15 40.15, 176.15 41.45, -178 49))"
1W,2019-03-08 14:55:00+00:00,2019-03-08 16:55:00+00:00,0.0,23000.0,"POLYGON ((-112.35823313351196 39.18226078178724, -111.48749467439 38.6720360755808, -112.49440276250004 37.7535071421462, -113.33079902367598 38.24523983824482, -112.35823313351196 39.18226078178724))"
1E,2019-03-08 14:55:00+00:00,2019-03-08 16:55:00+00:00,0.0,36000.0,"POLYGON ((-85.32640215710461 34.95987247653014, -85.15 34.526287181737324, -86.28215427954264 34.17960074839759, -86.20837451608762 34.9554093653378, -85.32640215710461 34.95987247653014))"
2W,2019-03-08 15:55:00+00:00,2019-03-08 17:55:00+00:00,0.0,21000.0,"POLYGON ((-110.13 39.30815522131804, -109.11515258594072 38.44472717134456, -110.71055929483303 37.194640547869625, -111.715792570022 37.87956058656707, -110.13 39.30815522131804))"
2E,2019-03-08 15:55:00+00:00,2019-03-08 17:55:00+00:00,0.0,32000.0,"POLYGON ((-86.67488364358707 34.98391324116465, -85.32640215710461 34.95987247653014, -85.15 34.381716242316436, -86.56500115621841 34.33737970113504, -86.67488364358707 34.98391324116465))"
3E,2019-03-08 16:55:00+00:00,2019-03-08 18:55:00+00:00,0.0,35000.0,"POLYGON ((-83.43502368791978 34.96705787512451, -83.43415468025522 34.432794157208384, -86.28215427954264 34.17960074839759, -86.51120969988423 35.03804078497704, -83.43502368791978 34.96705787512451))"
ALFA 3,2019-03-08 17:45:00+00:00,2019-03-08 21:45:00+00:00,,,"POLYGON ((-159.15 53.45, -151.45 49, -149.45 42.15, -157.15 32.15, -161.45 40.3, -170 45.45, -177.45 42.15, -179.45 44, -174.15 50.3, -168.15 51.3, -159.15 53.45))"
4E,2019-03-08 17:55:00+00:00,2019-03-08 19:55:00+00:00,0.0,36000.0,"POLYGON ((-82.99765747557409 35.896699340569896, -82.92834937819258 34.39275395200195, -84.0703542080769 33.93613191391191, -85.2173965168044 34.82641524374998, -82.99765747557409 35.896699340569896))"
3W,2019-03-08 18:55:00+00:00,2019-03-08 20:55:00+00:00,0.0,30000.0,"POLYGON ((-112.79591448050836 41.101798344470176, -112.18339436198664 40.913488121181615, -112.72499095085337 39.29980230090268, -113.50763705190525 39.61408582659102, -112.79591448050836 41.101798344470176))"
4W,2019-03-08 19:55:00+00:00,2019-03-08 21:55:00+00:00,0.0,30000.0,"POLYGON ((-112.79591448050836 41.101798344470176, -111.98 40.85, -112.51 39.632737911472795, -113.27655889114436 39.88570045820868, -112.79591448050836 41.101798344470176))"
5E,2019-03-08 19:55:00+00:00,2019-03-08 21:55:00+00:00,0.0,37000.0,"POLYGON ((-83.89 35.321716242316434, -83.5480717366719 34.49529428123557, -85.76981903105084 34.44728709878532, -85.80013646964753 34.736966725914996, -83.89 35.321716242316434))"
6E,2019-03-08 19:55:00+00:00,2019-03-08 21:55:00+00:00,0.0,31000.0,"POLYGON ((-82.29343131423457 33.977060591600406, -80.98327123221209 33.99354816110133, -81.05 33.5708581211582, -82.03725585533314 33.60771219118572, -82.29343131423457 33.977060591600406))"
ALFA 4,2019-03-08 20:30:00+00:00,2019-03-09 00:30:00+00:00,,,"POLYGON ((-155.3 55, -150.45 53.3, -143 41.15, -149.45 30.45, -155.15 35.3, -154.45 45.45, -161.15 47.45, -167.15 48.15, -168 51.15, -160 53.3, -155.3 55))"
7E,2019-03-08 20:55:00+00:00,2019-03-08 22:55:00+00:00,0.0,37000.0,"POLYGON ((-83.06848649969443 35.89720252945267, -82.49057799744574 34.69732405193179, -86.00392282612805 34.25116009552428, -86.08409087283432 34.63808667098187, -83.06848649969443 35.89720252945267))"
6W,2019-03-08 20:55:00+00:00,2019-03-08 22:55:00+00:00,0.0,27000.0,"POLYGON ((-108.93 38.24371281826269, -107.88947428448434 38.17030325390115, -108.47423868329976 37.0460646693539, -109.57252676500633 37.297114299375934, -108.93 38.24371281826269))"
5W,2019-03-08 20:55:00+00:00,2019-03-08 22:55:00+00:00,0.0,27000.0,"POLYGON ((-109.607130984751 39.97284798551628, -109.25997838952722 39.86011304947791, -109.48020739381064 39.27926864310407, -110.13 39.417145302895534, -109.607130984751 39.97284798551628))"
8W,2019-03-08 21:55:00+00:00,2019-03-08 23:55:00+00:00,0.0,29000.0,"POLYGON ((-108.93 37.643631044263614, -108.33815383298757 37.33795286300999, -108.67363403973721 36.26800915270825, -109.25023455863605 35.793216921809304, -108.93 37.643631044263614))"
8E,2019-03-08 21:55:00+00:00,2019-03-08 23:55:00+00:00,0.0,39000.0,"POLYGON ((-86.86433975294516 35.21953952060868, -85.63991322336713 35.124991739217634, -85.96211969310653 34.68066972886043, -87.16460467758301 34.82021746900625, -86.86433975294516 35.21953952060868))"
7W,2019-03-08 21:55:00+00:00,2019-03-08 23:55:00+00:00,0.0,24000.0,"POLYGON ((-112.33256102391779 40.73881301824929, -111.83430641521862 40.58277588413342, -112.16425134981591 39.41013890142716, -112.77498153385855 39.504154298453315, -112.33256102391779 40.73881301824929))"
10W,2019-03-08 22:55:00+00:00,2019-03-09 00:55:00+00:00,0.0,26000.0,"POLYGON ((-109.12800296355789 36.73549266106669, -108.52839139207346 36.38627272218537, -109.14 35.584582690154754, -109.78368787925523 35.879260345684685, -109.12800296355789 36.73549266106669))"
9E,2019-03-08 22:55:00+00:00,2019-03-09 00:55:00+00:00,0.0,40000.0,"POLYGON ((-83.89 35.46628718173732, -83.9515797057067 34.91956699875251, -85.15 34.526287181737324, -87.49 34.71, -87.49 35.143712818262685, -83.89 35.46628718173732))"
9W,2019-03-08 22:55:00+00:00,2019-03-09 00:55:00+00:00,0.0,29000.0,"POLYGON ((-109.87615442429383 40.059993976113255, -109.68611677410597 39.997658660993544, -110.08009152141835 38.79657328797779, -110.27012917160621 38.858908603097504, -109.87615442429383 40.059993976113255))"
ALFA 5,2019-03-08 23:00:00+00:00,2019-03-09 03:00:00+00:00,28000.0,35000.0,"POLYGON ((-158 54.15, -150.45 45.3, -156 44.3, -166 51.45, -158 54.15))"
10E,2019-03-08 23:55:00+00:00,2019-03-09 01:55:00+00:00,0.0,39000.0,"POLYGON ((-84.87819575343714 35.49396241541209, -83.0506993225797 34.90420053168644, -84.2397278046836 34.03053718139686, -86.03145997581602 33.66696250843496, -87.11553846840633 35.016109146470505, -84.87819575343714 35.49396241541209))"
11W,2019-03-08 23:55:00+00:00,2019-03-09 01:55:00+00:00,0.0,28000.0,"POLYGON ((-114.53038321490045 37.98278398076569, -114.11025259337013 37.715402326195125, -114.8081090209314 37.44785780951047, -115.03632643004353 37.73708646947189, -114.53038321490045 37.98278398076569))"
1E,2019-03-09 00:55:00+00:00,2019-03-09 02:55:00+00:00,0.0,43000.0,"POLYGON ((-84.07959668242836 35.83618431218009, -82.30483061803413 34.90209013842887, -83.3 33.86815522131804, -86.71517615385714 33.73352912350108, -88.61704676163279 35.08681842954281, -84.07959668242836 35.83618431218009))"
1W,2019-03-09 00:55:00+00:00,2019-03-09 02:55:00+00:00,0.0,28000.0,"POLYGON ((-107.49916594151914 37.20910582017988, -106.39858193468459 37.15758965012762, -108.3102850733341 32.86627297652416, -109.52240403123595 33.650879076981504, -107.49916594151914 37.20910582017988))"
1C,2019-03-09 00:55:00+00:00,2019-03-09 02:55:00+00:00,0.0,36000.0,"POLYGON ((-103.62801927099223 41.62277246833145, -103.86249015212839 40.82000079411434, -104.77 40.776287181737324, -104.99198574480951 41.61048600477381, -103.62801927099223 41.62277246833145))"
2E,2019-03-09 01:55:00+00:00,2019-03-09 03:55:00+00:00,0.0,43000.0,"POLYGON ((-83.06637415550192 35.160892080146894, -83.68365668006162 33.93087282029132, -85.90051148385722 33.66597752548649, -88.06571114589123 35.179210967045584, -83.06637415550192 35.160892080146894))"
3E,2019-03-09 02:55:00+00:00,2019-03-09 04:55:00+00:00,0.0,37000.0,"POLYGON ((-87.49 35.20910686720918, -83.7311116509389 35.05216375048904, -83.15995371187611 33.70597143669105, -84.83962012960005 33.629357355313466, -87.89476646663272 34.709330749724536, -87.49 35.20910686720918))"
4E,2019-03-09 03:55:00+00:00,2019-03-09 05:55:00+00:00,0.0,39000.0,"POLYGON ((-86.68 35.30815522131804, -84.23837307613235 35.014740996347896, -83.15995371187611 33.70597143669105, -86.51403025039139 34.437925929927665, -86.68 35.30815522131804))"
5E,2019-03-09 04:55:00+00:00,2019-03-09 06:55:00+00:00,0.0,30000.0,"POLYGON ((-83.45430762327618 34.39249289424904, -82.52899818619936 33.58211794311643, -83.26844907484815 33.45794791023677, -83.86913033129986 34.228112336584026, -83.45430762327618 34.39249289424904))"
2C,2019-03-09 04:55:00+00:00,2019-03-09 06:55:00+00:00,0.0,32000.0,"POLYGON ((-103.99321109902964 35.94789102965843, -105.16019368043676 34.41476845635759, -106.42878124291643 33.98294861016559, -105.37373442158462 35.19865911159894, -103.99321109902964 35.94789102965843))"
3C,2019-03-09 04:55:00+00:00,2019-03-09 06:55:00+00:00,0.0,42000.0,"POLYGON ((-87.81640095001096 35.752622829259515, -86.99290485450508 35.52477240044752, -87.86453292094211 34.83676055110143, -88.96429174333059 35.01576881035552, -87.81640095001096 35.752622829259515))"
6E,2019-03-09 04:55:00+00:00,2019-03-09 06:55:00+00:00,0.0,37000.0,"POLYGON ((-85.67920207933685 34.95885230078638, -84.90114973308627 34.75529183661584, -84.70744938272809 34.16397713970385, -85.89286641270606 34.34437067255721, -85.67920207933685 34.95885230078638))"
8E,2019-03-09 05:55:00+00:00,2019-03-09 07:55:00+00:00,0.0,37000.0,"POLYGON ((-86.09137542501622 35.274706015909025, -84.05012420864756 34.95237052994372, -84.13193273380537 34.24443827871876, -86.00392282612805 34.25116009552428, -86.09137542501622 35.274706015909025))"
7E,2019-03-09 05:55:00+00:00,2019-03-09 07:55:00+00:00,0.0,28000.0,"POLYGON ((-82.52999376981634 34.01613024745819, -82.16000000000001 33.42085812115821, -82.80059928688696 33.487046010123095, -83.3 34.12171624231643, -82.52999376981634 34.01613024745819))"
4C,2019-03-09 05:55:00+00:00,2019-03-09 07:55:00+00:00,0.0,30000.0,"POLYGON ((-103.18980044783244 35.98070764706325, -103.80207226401325 34.77913353408629, -104.73547782201624 34.857924506557275, -104.04229401361651 36.21051310667024, -103.18980044783244 35.98070764706325))"
10E,2019-03-09 06:55:00+00:00,2019-03-09 08:55:00+00:00,0.0,37000.0,"POLYGON ((-86.09137542501622 35.274706015909025, -84.05012420864756 34.95237052994372, -84.13193273380537 34.24443827871876, -86.00392282612805 34.25116009552428, -86.09137542501622 35.274706015909025))"
6C,2019-03-09 06:55:00+00:00,2019-03-09 08:55:00+00:00,0.0,35000.0,"POLYGON ((-98.43697859494392 33.682495447604516, -97.88544553354366 33.39978538573632, -98.24615686832351 32.479773779653975, -99.49507320044479 32.60680696138301, -98.43697859494392 33.682495447604516))"
9E,2019-03-09 06:55:00+00:00,2019-03-09 08:55:00+00:00,0.0,28000.0,"POLYGON ((-82.22661139844254 33.84354826265068, -81.91480280176559 33.50530345252594, -82.5273606340091 33.40277453763842, -82.68137445476825 33.70890482608766, -82.22661139844254 33.84354826265068))"
5C,2019-03-09 06:55:00+00:00,2019-03-09 08:55:00+00:00,0.0,28000.0,"POLYGON ((-103.47508505460782 35.07770875869441, -102.6376295006216 34.9005318111442, -103.75476484491301 33.33700027887002, -104.46002016812076 33.395222368140615, -103.47508505460782 35.07770875869441))"
7C,2019-03-09 07:55:00+00:00,2019-03-09 09:55:00+00:00,0.0,28000.0,"POLYGON ((-102.9893644098633 35.17846766053683, -101.4845886907951 34.98249073929103, -102.27895543722724 33.57211815047471, -103.42519330595988 33.334279764057946, -102.9893644098633 35.17846766053683))"
10C,2019-03-09 07:55:00+00:00,2019-03-09 09:55:00+00:00,0.0,30000.0,"POLYGON ((-96.21107170779872 38.187771245522406, -95.0757855703365 38.07754216105279, -95.78005837955239 37.349587941109924, -96.61222047231773 37.42770268714906, -96.21107170779872 38.187771245522406))"
9C,2019-03-09 07:55:00+00:00,2019-03-09 09:55:00+00:00,0.0,35000.0,"POLYGON ((-100.8882366413984 32.475820289140486, -100.22231534279041 32.172799470628696, -100.76249752271063 31.258971372398964, -101.70990830196244 31.600187002408777, -100.8882366413984 32.475820289140486))"
8C,2019-03-09 07:55:00+00:00,2019-03-09 09:55:00+00:00,0.0,44000.0,"POLYGON ((-97.47104760578156 35.928611930466275, -96.74377487850884 35.928611930466275, -96.74377487850884 35.20133920319354, -97.47104760578156 35.20133920319354, -97.47104760578156 35.928611930466275))"
13C,2019-03-09 08:55:00+00:00,2019-03-09 10:55:00+00:00,0.0,45000.0,"POLYGON ((-100.24063157400094 33.24795255537649, -98.59 32.82541730984526, -100.06029823054763 31.369410947142324, -101.42423305205998 31.36631853452987, -100.24063157400094 33.24795255537649))"
11C,2019-03-09 08:55:00+00:00,2019-03-09 10:55:00+00:00,0.0,28000.0,"POLYGON ((-100.29 35.20184477868196, -101.681641233936 33.238675042336375, -102.47253701512264 33.22816109639338, -101.78391626888026 35.17227411089642, -100.29 35.20184477868196))"
11E,2019-03-09 08:55:00+00:00,2019-03-09 10:55:00+00:00,0.0,36000.0,"POLYGON ((-85.99494352033665 36.01362046864942, -84.36684844116687 35.58677508097189, -84.41756919377747 35.393313443289856, -86.04566427294725 35.82015883096739, -85.99494352033665 36.01362046864942))"
14C,2019-03-09 08:55:00+00:00,2019-03-09 10:55:00+00:00,0.0,45000.0,"POLYGON ((-95.42812373254102 39.06667196808214, -93.97845646767567 38.43486546631844, -94.50178814866086 36.55607561742066, -96.81063383107376 37.134127902659365, -95.42812373254102 39.06667196808214))"
12C,2019-03-09 08:55:00+00:00,2019-03-09 10:55:00+00:00,0.0,45000.0,"POLYGON ((-96.06613027455181 36.733948241753836, -94.65780304611069 36.248796386933066, -95.78000000000002 34.994570939420896, -97.6 35.83371281826268, -96.06613027455181 36.733948241753836))"
15C,2019-03-09 09:55:00+00:00,2019-03-09 11:55:00+00:00,0.0,28000.0,"POLYGON ((-99.56631148413335 35.72476941049912, -100.70336386541864 33.1830360781015, -101.91 33.200893132790824, -101.02853584547647 35.28846140497736, -99.56631148413335 35.72476941049912))"
17C,2019-03-09 09:55:00+00:00,2019-03-09 11:55:00+00:00,0.0,45000.0,"POLYGON ((-98.73208032563304 34.10755899080383, -96.73466284966891 33.48444916676013, -98.89263092342858 31.65281068444806, -100.45 31.869106867209172, -98.73208032563304 34.10755899080383))"
18C,2019-03-09 09:55:00+00:00,2019-03-09 11:55:00+00:00,0.0,45000.0,"POLYGON ((-94.5747494064236 39.5972932120436, -93.50369904681344 39.42054656084466, -93.90865848378047 37.167589140200334, -95.82626071799193 37.1583523586101, -94.5747494064236 39.5972932120436))"
16C,2019-03-09 09:55:00+00:00,2019-03-09 11:55:00+00:00,0.0,45000.0,"POLYGON ((-95.92560532254139 37.157788153265045, -93.83300979169923 37.1929593035637, -95.40768087781868 34.542750790713086, -97.39536187770251 35.800526134617584, -95.92560532254139 37.157788153265045))"
CHARLIE 2,2019-03-09 10:40:00+00:00,2019-03-09 14:40:00+00:00,,,"POLYGON ((-151.3 56, -141.3 50.15, -146.15 48.15, -155.3 53, -151.3 56))"
CHARLIE 1,2019-03-09 10:40:00+00:00,2019-03-09 14:40:00+00:00,27000.0,40000.0,"POLYGON ((-151.3 56, -142.3 51.3, -146.3 49.15, -155 53.45, -151.3 56))"
22C,2019-03-09 10:55:00+00:00,2019-03-09 12:55:00+00:00,0.0,45000.0,"POLYGON ((-95.78000000000002 35.51547582294557, -93.89232097129909 35.51674590119786, -95.78000000000002 33.685417309845256, -97.17 34.21, -95.78000000000002 35.51547582294557))"
20C,2019-03-09 10:55:00+00:00,2019-03-09 12:55:00+00:00,0.0,45000.0,"POLYGON ((-97.72884994172492 34.399733526641995, -95.78000000000002 33.685417309845256, -97.82565865872743 32.12935950199946, -99.49610426774726 32.35214309648804, -97.72884994172492 34.399733526641995))"
21C,2019-03-09 10:55:00+00:00,2019-03-09 12:55:00+00:00,0.0,45000.0,"POLYGON ((-94.74 40.288213734418356, -92.80759364064288 40.12979638728143, -91.97645765806085 38.348631814718374, -95.68528416504195 38.08124514264615, -94.74 40.288213734418356))"
19C,2019-03-09 10:55:00+00:00,2019-03-09 12:55:00+00:00,0.0,45000.0,"POLYGON ((-91.93810855671393 38.2753956002558, -93.73799157310455 35.38883386226597, -96.77789624485031 35.67384282016477, -95.3373858800176 37.9903229881252, -91.93810855671393 38.2753956002558))"
24C,2019-03-09 11:55:00+00:00,2019-03-09 13:55:00+00:00,0.0,42000.0,"POLYGON ((-93.65 40.608155221318036, -91.02952573007354 40.310846241647965, -90.97905614135281 38.25584298855346, -94.6859488127263 38.33350377710828, -93.65 40.608155221318036))"
23C,2019-03-09 11:55:00+00:00,2019-03-09 13:55:00+00:00,0.0,45000.0,"POLYGON ((-94.6859488127263 38.33350377710828, -91.40108650897163 38.04622367236579, -95.65720841777913 32.09841439108952, -99.63473336114166 32.018684600308326, -97.01546155492593 34.517312945292254, -94.6859488127263 38.33350377710828))"
25C,2019-03-09 11:55:00+00:00,2019-03-09 13:55:00+00:00,0.0,40000.0,"POLYGON ((-90.47281398260259 38.130866430544664, -89.49272395364198 37.07949443936931, -91.45959251106294 35.2660886208464, -92.46976516870606 36.23866657088971, -90.47281398260259 38.130866430544664))"
CHARLIE 3,2019-03-09 12:05:00+00:00,2019-03-09 16:05:00+00:00,26000.0,40000.0,"POLYGON ((-149 55.45, -140.3 53.45, -137.15 46.15, -143.45 46.15, -149 55.45))"
12E,2019-03-09 12:55:00+00:00,2019-03-09 14:55:00+00:00,0.0,42000.0,"POLYGON ((-88.08020189528952 37.314745089157235, -85.22570957964277 36.33828634798752, -85.4630986656228 35.57441874148439, -88.58727546766781 36.60598089917474, -88.08020189528952 37.314745089157235))"
27C,2019-03-09 12:55:00+00:00,2019-03-09 14:55:00+00:00,0.0,40000.0,"POLYGON ((-93.31346268357284 40.824687516519965, -90.47620108841214 40.10189822653681, -90.97905614135281 38.25584298855346, -93.64239263742269 38.26695125345406, -93.31346268357284 40.824687516519965))"
26C,2019-03-09 12:55:00+00:00,2019-03-09 14:55:00+00:00,0.0,45000.0,"POLYGON ((-93.64239263742269 38.26695125345406, -90.82828597773091 38.139055752315244, -94.35582833007234 32.41938638276148, -99.16724166426272 31.889897624369862, -95.47686085900622 35.58477150503226, -93.64239263742269 38.26695125345406))"
28C,2019-03-09 12:55:00+00:00,2019-03-09 14:55:00+00:00,0.0,35000.0,"POLYGON ((-90.26804286968031 38.459109544199876, -88.40355483946252 37.417106741880495, -89.69770687193491 35.712725732557736, -91.77954652287164 36.38376907529102, -90.26804286968031 38.459109544199876))"
29C,2019-03-09 13:55:00+00:00,2019-03-09 15:55:00+00:00,0.0,45000.0,"POLYGON ((-94.27851964390777 36.55730533533002, -91.24210614304725 36.34492711131926, -92.4578664434295 33.494962870291, -98.4927079675789 31.199956969928518, -95.2098522625778 34.37810492329278, -94.27851964390777 36.55730533533002))"
30C,2019-03-09 13:55:00+00:00,2019-03-09 15:55:00+00:00,0.0,37000.0,"POLYGON ((-91.02952573007354 40.310846241647965, -89.16702465000309 39.9748775601686, -91.24210614304725 36.34492711131926, -94.19910309177428 36.40367885366363, -91.02952573007354 40.310846241647965))"
13E,2019-03-09 13:55:00+00:00,2019-03-09 15:55:00+00:00,0.0,36000.0,"POLYGON ((-87.68998567219933 37.79641311015978, -84.94349428070365 36.75045636747314, -84.96079793270965 35.89524712175755, -88.17633467044563 37.12786629354949, -87.68998567219933 37.79641311015978))"
31C,2019-03-09 13:55:00+00:00,2019-03-09 15:55:00+00:00,0.0,41000.0,"POLYGON ((-89.51982751896608 39.226989699703566, -87.68998567219933 37.79641311015978, -88.9892590377204 36.13019599780699, -90.95 36.68828375768358, -89.51982751896608 39.226989699703566))"
14E,2019-03-09 14:55:00+00:00,2019-03-09 16:55:00+00:00,0.0,41000.0,"POLYGON ((-87.4607500127281 38.164902884468745, -84.73518726978337 37.028360110876726, -84.84114987287845 36.43954698374954, -88.0006467716323 37.46863966968255, -87.4607500127281 38.164902884468745))"
32C,2019-03-09 14:55:00+00:00,2019-03-09 16:55:00+00:00,0.0,45000.0,"POLYGON ((-93.54681645824778 36.439634020808136, -91.10823342157205 36.417305870181714, -89.51871640721949 34.09689507789444, -98.21596814226127 30.966411962913288, -94.27 34.72452417705442, -93.54681645824778 36.439634020808136))"
34C,2019-03-09 14:55:00+00:00,2019-03-09 16:55:00+00:00,0.0,45000.0,"POLYGON ((-89.26051482420326 39.86664577758475, -87.4607500127281 38.164902884468745, -88.73470411380833 36.48914374145989, -90.82074681221022 37.19796031819995, -89.26051482420326 39.86664577758475))"
33C,2019-03-09 14:55:00+00:00,2019-03-09 16:55:00+00:00,0.0,37000.0,"POLYGON ((-90.21056902795137 40.687765571974516, -89.16702465000309 39.9748775601686, -91.24210614304725 36.34492711131926, -93.54681645824778 36.439634020808136, -90.21056902795137 40.687765571974516))"
35C,2019-03-09 14:55:00+00:00,2019-03-09 16:55:00+00:00,0.0,23000.0,"POLYGON ((-97.84114559119274 40.44390727081465, -94.74 40.01285469710447, -96.31917804619069 38.92278134796634, -97.88358369363148 39.13415823446904, -97.84114559119274 40.44390727081465))"
CHARLIE 4,2019-03-09 15:10:00+00:00,2019-03-09 19:10:00+00:00,0.0,26000.0,"POLYGON ((-147.3 55.45, -137 53.15, -134.15 51.3, -131.15 47.15, -132.45 42.15, -138.3 41.3, -147.3 55.45))"
39C,2019-03-09 15:55:00+00:00,2019-03-09 17:55:00+00:00,0.0,28000.0,"POLYGON ((-97.46313411997491 41.37659536304719, -94.81230774942601 40.46041230537348, -95.53149759750342 39.03264914438195, -97.62 39.76184477868197, -97.46313411997491 41.37659536304719))"
37C,2019-03-09 15:55:00+00:00,2019-03-09 17:55:00+00:00,0.0,45000.0,"POLYGON ((-92.38270865526083 38.50247719091719, -89.9336951695636 37.43434763840233, -89.75831165430297 36.37212576384307, -92.30517462608387 36.532074730485625, -92.38270865526083 38.50247719091719))"
36C,2019-03-09 15:55:00+00:00,2019-03-09 17:55:00+00:00,0.0,45000.0,"POLYGON ((-92.28932923227913 36.5482291312977, -89.5575434376016 36.480880923760125, -88.51 34.32184477868197, -97.94058048361798 30.73228010495411, -92.75549882678258 35.14921248092541, -92.28932923227913 36.5482291312977))"
38C,2019-03-09 15:55:00+00:00,2019-03-09 17:55:00+00:00,0.0,45000.0,"POLYGON ((-89.9251264434277 40.544692326261334, -84.49442474155559 36.90204625391, -87.82751932455459 36.516536783670084, -91.89596673129236 38.194731183142245, -89.9251264434277 40.544692326261334))"
40C,2019-03-09 15:55:00+00:00,2019-03-09 17:55:00+00:00,0.0,31000.0,"POLYGON ((-86.91428885410875 35.179210967045584, -86.71544957575553 33.60619619351798, -88.22864570020822 33.25440066662654, -88.23561062577686 34.45306037257408, -86.91428885410875 35.179210967045584))"
41C,2019-03-09 16:55:00+00:00,2019-03-09 18:55:00+00:00,0.0,45000.0,"POLYGON ((-91.53597742510217 36.5791390401417, -88.3659775125879 36.33456103280137, -87.64547745650499 35.01731111553729, -97.60391652977185 30.533684072068866, -92.33542045976957 34.98731122595057, -91.53597742510217 36.5791390401417))"
42C,2019-03-09 16:55:00+00:00,2019-03-09 18:55:00+00:00,0.0,45000.0,"POLYGON ((-91.28000000000002 39.51726208852721, -88.73011668599193 37.6076769484504, -88.73470411380833 36.48914374145989, -90.95 36.4427379114728, -91.28000000000002 39.51726208852721))"
44C,2019-03-09 16:55:00+00:00,2019-03-09 18:55:00+00:00,0.0,28000.0,"POLYGON ((-96.16793007103568 41.9377377950307, -94.29 41.94452417705443, -94.09913246252593 38.14201787786918, -95.03957082487167 37.46730181069597, -96.16793007103568 41.9377377950307))"
45C,2019-03-09 16:55:00+00:00,2019-03-09 18:55:00+00:00,0.0,33000.0,"POLYGON ((-86.68 35.417145302895534, -86.41760411875258 33.835038169134656, -88.34994766351647 33.43457220760764, -88.91177169526134 34.29075006222954, -86.68 35.417145302895534))"
43C,2019-03-09 16:55:00+00:00,2019-03-09 18:55:00+00:00,0.0,43000.0,"POLYGON ((-89.59 41.16, -84.36679719785455 37.23417781871326, -87.06124613905929 36.44607805603683, -90.87555420367565 39.16601560490579, -89.59 41.16))"
2W,2019-03-09 16:55:00+00:00,2019-03-09 18:55:00+00:00,0.0,23000.0,"POLYGON ((-125.62940645551514 40.21892226780561, -124.44752268665877 40.269096836025675, -123.96010889495757 39.26926936856949, -124.94524749190609 39.038016522050064, -125.62940645551514 40.21892226780561))"
DELTA 1,2019-03-09 17:00:00+00:00,2019-03-09 21:00:00+00:00,0.0,32000.0,"POLYGON ((-60.3 41.45, -59 38.45, -65 36, -66.15 39, -60.3 41.45))"
49C,2019-03-09 17:55:00+00:00,2019-03-09 19:55:00+00:00,0.0,27000.0,"POLYGON ((-94.27319482272104 40.96774907931428, -93.53931131617017 37.35981559490887, -95.12571330478038 38.268285055886736, -95.33875371239671 40.196734219613774, -94.27319482272104 40.96774907931428))"
47C,2019-03-09 17:55:00+00:00,2019-03-09 19:55:00+00:00,0.0,45000.0,"POLYGON ((-90.32867286626913 38.97754306207354, -87.92076347166014 37.62248069672481, -87.26620527918679 36.60913747060022, -90.51118013364265 36.46212312730377, -90.32867286626913 38.97754306207354))"
46C,2019-03-09 17:55:00+00:00,2019-03-09 19:55:00+00:00,0.0,45000.0,"POLYGON ((-87.1189897732137 36.49212224709734, -86.36709514549491 35.52477240044752, -96.99444768509619 30.56990798583969, -90.95 35.44452417705444, -90.95 36.4427379114728, -87.1189897732137 36.49212224709734))"
50C,2019-03-09 17:55:00+00:00,2019-03-09 19:55:00+00:00,0.0,31000.0,"POLYGON ((-86.17628231519406 35.73003501507558, -85.52281251257966 34.652748465185745, -87.03336859831062 33.93706070001702, -87.97841872394504 34.8750008503467, -86.17628231519406 35.73003501507558))"
48C,2019-03-09 17:55:00+00:00,2019-03-09 19:55:00+00:00,0.0,43000.0,"POLYGON ((-87.64087300541908 40.55859503686996, -84.36679719785455 37.23417781871326, -86.30206125346417 36.662787873560376, -91.28000000000002 39.560858121158205, -87.64087300541908 40.55859503686996))"
51C,2019-03-09 18:55:00+00:00,2019-03-09 20:55:00+00:00,0.0,45000.0,"POLYGON ((-84.695817020496 36.55799405122124, -89.5452115586431 33.203164668818594, -96.56577826585406 30.376460168604456, -90.99570825666942 35.01576881035552, -90.51118013364265 36.46212312730377, -84.695817020496 36.55799405122124))"
53C,2019-03-09 18:55:00+00:00,2019-03-09 20:55:00+00:00,0.0,45000.0,"POLYGON ((-85.71943231053254 40.81281257039232, -83.72428277491134 37.33605812315241, -85.77358535709826 36.7068367539493, -88.26686120773596 37.76293716980787, -89.37088185810539 40.75909327891075, -85.71943231053254 40.81281257039232))"
52C,2019-03-09 18:55:00+00:00,2019-03-09 20:55:00+00:00,0.0,45000.0,"POLYGON ((-89.383153203426 37.94360218405091, -85.77358535709826 36.7068367539493, -90.74350049586081 36.510521565029414, -89.383153203426 37.94360218405091))"
54C,2019-03-09 18:55:00+00:00,2019-03-09 20:55:00+00:00,0.0,30000.0,"POLYGON ((-92.59 40.56371281826269, -92.65585278967987 37.57938910207994, -95.00154353232433 38.43486546631844, -95.37621325762628 40.501593805399324, -92.59 40.56371281826269))"
CHARLIE 5,2019-03-09 19:00:00+00:00,2019-03-09 23:00:00+00:00,26000.0,41000.0,"POLYGON ((-137 53.15, -133.3 51, -128 48.15, -133 40.45, -137.45 41, -139 49.3, -137 53.15))"
55C,2019-03-09 19:55:00+00:00,2019-03-09 21:55:00+00:00,0.0,45000.0,"POLYGON ((-86.91632679447427 37.92698828417791, -84.35071838181597 37.49087212796139, -88.06993387320037 32.63256398647828, -96.41856106979485 30.33768868937079, -88.7416525013627 35.548046167180445, -86.91632679447427 37.92698828417791))"
57C,2019-03-09 19:55:00+00:00,2019-03-09 21:55:00+00:00,0.0,45000.0,"POLYGON ((-90.37835762490597 41.74552928982422, -84.57743636095928 41.169381362501596, -83.14329496713495 37.3444191708102, -87.12723753617452 37.92830588633819, -90.37835762490597 41.74552928982422))"
58C,2019-03-09 19:55:00+00:00,2019-03-09 21:55:00+00:00,0.0,30000.0,"POLYGON ((-92.42791832381235 41.26242932176415, -90.63132713373089 38.97754306207354, -92.7342362570836 37.82907258150776, -94.11823770129733 41.0861259439731, -92.42791832381235 41.26242932176415))"
3W,2019-03-09 19:55:00+00:00,2019-03-09 21:55:00+00:00,0.0,23000.0,"POLYGON ((-125.63903891717077 40.21573765190644, -124.03378115898741 39.6357227513558, -124.34109205552863 39.045101611117175, -125.75418689904643 39.48347771577088, -125.63903891717077 40.21573765190644))"
56C,2019-03-09 19:55:00+00:00,2019-03-09 21:55:00+00:00,0.0,42000.0,"POLYGON ((-88.60986238591722 38.20357368423071, -88.55568738927158 36.63094493403919, -89.88362809114045 37.00166093449606, -88.60986238591722 38.20357368423071))"
DELTA 2,2019-03-09 20:40:00+00:00,2019-03-10 00:40:00+00:00,0.0,32000.0,"POLYGON ((-60 42.45, -57.3 38.45, -62 37, -64.15 40, -60 42.45))"
61C,2019-03-09 20:55:00+00:00,2019-03-09 22:55:00+00:00,0.0,42000.0,"POLYGON ((-87.07 41.225475822945576, -83.78787569063459 40.75084200960281, -82.61059008506699 37.36127071755901, -85.33880365827855 37.63863816680658, -87.07 41.225475822945576))"
62C,2019-03-09 20:55:00+00:00,2019-03-09 22:55:00+00:00,0.0,30000.0,"POLYGON ((-91.40491307069205 41.45615108199767, -89.31662728040386 39.38618129629181, -91.62007555013886 38.33789878705725, -93.02680517727897 40.96774907931428, -91.40491307069205 41.45615108199767))"
60C,2019-03-09 20:55:00+00:00,2019-03-09 22:55:00+00:00,0.0,45000.0,"POLYGON ((-85.58 37.76726208852721, -83.86928161818403 37.49087212796139, -87.6019803548748 33.079809490703184, -95.89573158510613 30.429438006359266, -88.45503416342676 35.311040857363004, -85.58 37.76726208852721))"
15E,2019-03-09 21:55:00+00:00,2019-03-09 23:55:00+00:00,0.0,34000.0,"POLYGON ((-84.15681001037596 41.61909373901535, -81.70190800387401 37.587567600330026, -83.70714819342305 37.797846403413594, -85.85110989637992 40.97811165055879, -84.15681001037596 41.61909373901535))"
63C,2019-03-09 21:55:00+00:00,2019-03-09 23:55:00+00:00,0.0,45000.0,"POLYGON ((-85.58 37.76726208852721, -83.72428413252216 37.15670951823564, -86.52086702854142 32.900895637960986, -95.26718923442753 30.68828013873573, -88.7416525013627 35.548046167180445, -85.58 37.76726208852721))"
64C,2019-03-09 21:55:00+00:00,2019-03-09 23:55:00+00:00,0.0,26000.0,"POLYGON ((-90.123570648427 41.324745375460154, -89.07711042050333 40.14049679423239, -90.48 38.28171624231642, -91.61 40.94171624231643, -90.123570648427 41.324745375460154))"
DELTA 3,2019-03-09 22:45:00+00:00,2019-03-10 02:45:00+00:00,0.0,30000.0,"POLYGON ((-58.15 41, -59.3 38.45, -61.45 38.15, -60.45 40.3, -58.15 41))"
16E,2019-03-09 22:55:00+00:00,2019-03-10 00:55:00+00:00,0.0,28000.0,"POLYGON ((-83.09668298363431 41.07113321727705, -81.08321371775355 38.58753458744913, -82.35376669395632 38.1347321418727, -84.2921243093654 40.75084200960281, -83.09668298363431 41.07113321727705))"
17E,2019-03-09 22:55:00+00:00,2019-03-10 00:55:00+00:00,0.0,45000.0,"POLYGON ((-83.71527602259764 38.697518366774, -82.38289515388303 37.77326041842145, -85.48995281269573 32.8144059451283, -86.87911717164472 32.689333003984295, -86.97047136811534 35.90436769261744, -83.71527602259764 38.697518366774))"
65C,2019-03-09 22:55:00+00:00,2019-03-10 00:55:00+00:00,0.0,45000.0,"POLYGON ((-87.01829145522811 37.119599691876296, -86.91428885410875 35.179210967045584, -87.95831287271236 33.297777165858435, -95.26718923442753 30.68828013873573, -89.41563094290318 35.209694617628415, -87.01829145522811 37.119599691876296))"
66C,2019-03-09 22:55:00+00:00,2019-03-10 00:55:00+00:00,0.0,26000.0,"POLYGON ((-88.52225186126552 42.17932273021383, -87.07 40.393631044263614, -90.08592499235297 38.732004036601296, -90.40979592552496 41.41176676336402, -88.52225186126552 42.17932273021383))"
19E,2019-03-09 23:55:00+00:00,2019-03-10 01:55:00+00:00,0.0,45000.0,"POLYGON ((-83.04933759290485 39.79616819855009, -82.13 36.93910686720918, -85.21 32.88363104426361, -86.9 33.17089313279082, -86.88355589291147 37.28209881891041, -83.04933759290485 39.79616819855009))"
68C,2019-03-09 23:55:00+00:00,2019-03-10 01:55:00+00:00,0.0,26000.0,"POLYGON ((-88.15885529199107 42.45082511371609, -86.06573078268006 41.30860390915242, -89.19815581004606 38.8529941574701, -90.06130501466006 41.5119642580819, -88.15885529199107 42.45082511371609))"
67C,2019-03-09 23:55:00+00:00,2019-03-10 01:55:00+00:00,0.0,45000.0,"POLYGON ((-87.01829145522811 37.119599691876296, -86.91428885410875 35.179210967045584, -87.94880662078909 33.018171193646076, -94.72 30.660893132790825, -89.41826134972968 34.82770495736234, -87.01829145522811 37.119599691876296))"
18E,2019-03-09 23:55:00+00:00,2019-03-10 01:55:00+00:00,0.0,26000.0,"POLYGON ((-82.04279173390432 41.41983908558856, -79.92848446068302 38.85454957986091, -81.63844138533256 38.4426642611594, -83.37 41.34257436347463, -82.04279173390432 41.41983908558856))"
2E,2019-03-10 00:55:00+00:00,2019-03-10 02:55:00+00:00,0.0,38000.0,"POLYGON ((-83.57489194801664 40.6419933037123, -81.4403234739822 38.55751690824934, -82.9255125619023 34.82676076472563, -86.9 33.503631044263614, -86.88355589291147 37.28209881891041, -83.57489194801664 40.6419933037123))"
1C,2019-03-10 00:55:00+00:00,2019-03-10 02:55:00+00:00,0.0,45000.0,"POLYGON ((-87.01540082678063 36.73761094631314, -86.91428885410875 35.179210967045584, -86.9 33.17089313279082, -94.72 30.660893132790825, -87.95997185477532 35.631330221950975, -87.01540082678063 36.73761094631314))"
1E,2019-03-10 00:55:00+00:00,2019-03-10 02:55:00+00:00,0.0,24000.0,"POLYGON ((-81.62728776560701 41.82048442348325, -79.36308756236039 39.909864210883164, -80.49583573844865 39.216014412527755, -82.42836755895556 41.41855179079693, -81.62728776560701 41.82048442348325))"
2C,2019-03-10 00:55:00+00:00,2019-03-10 02:55:00+00:00,0.0,32000.0,"POLYGON ((-87.2067375596379 42.49905987712549, -85.01292847530978 41.0351895023557, -88.54418016272585 38.54077060973039, -89.12510016989137 39.53524386369776, -87.64087300541908 40.55859503686996, -87.2067375596379 42.49905987712549))"
3E,2019-03-10 01:55:00+00:00,2019-03-10 03:55:00+00:00,0.0,45000.0,"POLYGON ((-82.46310661243255 41.227369939608515, -79.85293119743156 39.370855101234575, -82.9255125619023 34.82676076472563, -87.12828046576399 33.20867528053094, -87.11505811146993 35.78629015129647, -82.46310661243255 41.227369939608515))"
4C,2019-03-10 01:55:00+00:00,2019-03-10 03:55:00+00:00,0.0,36000.0,"POLYGON ((-86.60299776653815 40.91198437153536, -85.6640185078576 40.188940709799034, -88.0856026224886 38.54437264639376, -88.86000000000001 38.90815522131804, -86.60299776653815 40.91198437153536))"
3C,2019-03-10 01:55:00+00:00,2019-03-10 03:55:00+00:00,0.0,45000.0,"POLYGON ((-86.93251194413321 35.935280543978266, -87.16427246016745 33.13545384250937, -88.9895428366904 33.323101374957666, -91.67504296037868 32.826154719778366, -86.93251194413321 35.935280543978266))"
4E,2019-03-10 02:55:00+00:00,2019-03-10 04:55:00+00:00,0.0,45000.0,"POLYGON ((-81.2269939646964 40.94775026199233, -82.7114084512464 35.96802465736739, -86.9 33.67, -86.99290485450508 35.52477240044752, -83.80045586891734 38.31068550399571, -82.59 40.815475822945565, -81.2269939646964 40.94775026199233))"
6C,2019-03-10 02:55:00+00:00,2019-03-10 04:55:00+00:00,0.0,34000.0,"POLYGON ((-85.44478663911559 41.44083525882216, -84.04 40.78910686720918, -86.49420277600515 38.89934000200661, -87.84586007168704 39.297477307934656, -85.44478663911559 41.44083525882216))"
5C,2019-03-10 02:55:00+00:00,2019-03-10 04:55:00+00:00,0.0,44000.0,"POLYGON ((-86.99290485450508 35.52477240044752, -86.97636362559864 33.5162716364347, -89.87254180680469 32.89091044801956, -90.67883479140566 33.45936148209672, -86.99290485450508 35.52477240044752))"
5E,2019-03-10 03:55:00+00:00,2019-03-10 05:55:00+00:00,0.0,45000.0,"POLYGON ((-81.85 41.42, -79.8045050931297 40.70195609992357, -81.83841931164244 36.20436382266914, -86.97663705057394 33.82368123504988, -87.05883554853216 35.06216346737892, -82.33069687238108 38.51433298328035, -81.85 41.42))"
8C,2019-03-10 03:55:00+00:00,2019-03-10 05:55:00+00:00,0.0,32000.0,"POLYGON ((-84.7633387355324 41.74774307865043, -83.61784518120302 41.05776200715545, -85.00384768845916 39.25488779012915, -87.46557725310471 39.48980095968229, -84.7633387355324 41.74774307865043))"
7C,2019-03-10 03:55:00+00:00,2019-03-10 05:55:00+00:00,0.0,45000.0,"POLYGON ((-87.11553846840633 35.016109146470505, -86.96658024664939 33.80354828967026, -88.67005233648354 33.43457220760764, -89.91108910816011 33.766135444757815, -87.11553846840633 35.016109146470505))"
6E,2019-03-10 04:55:00+00:00,2019-03-10 06:55:00+00:00,0.0,42000.0,"POLYGON ((-78.1707343182923 42.57607502234312, -80.80307592546124 36.047187081794455, -86.9 33.67, -86.92776930745075 34.89970959924097, -82.94898922779338 37.406356199840886, -80.29 42.02, -78.1707343182923 42.57607502234312))"
9C,2019-03-10 04:55:00+00:00,2019-03-10 06:55:00+00:00,0.0,42000.0,"POLYGON ((-87.11553846840633 35.016109146470505, -86.96658024664939 33.80354828967026, -89.90247785486775 32.83054441092996, -89.78753402285369 33.867935977270314, -87.11553846840633 35.016109146470505))"
10C,2019-03-10 04:55:00+00:00,2019-03-10 06:55:00+00:00,0.0,26000.0,"POLYGON ((-83.73002220299182 42.09878672858431, -82.81392045833073 41.415977310537095, -83.50714572460622 39.87986550880892, -86.14729208276385 39.617697307861214, -83.73002220299182 42.09878672858431))"
ECHO 1,2019-03-10 05:05:00+00:00,2019-03-10 09:05:00+00:00,0.0,42000.0,"POLYGON ((-54.3 34, -51 33.45, -54.15 26.15, -57.45 26.45, -54.3 34))"
FOXTROT 1,2019-03-10 05:10:00+00:00,2019-03-10 09:10:00+00:00,27000.0,41000.0,"POLYGON ((-56.45 44.15, -58 32, -61.45 31.45, -65.15 42.15, -56.45 44.15))"
8E,2019-03-10 05:55:00+00:00,2019-03-10 07:55:00+00:00,0.0,25000.0,"POLYGON ((-81.85 41.42, -81.93703734750947 40.14816621941935, -84.50027586492577 39.93616369038091, -84.04 40.955475822945566, -81.85 41.42))"
7E,2019-03-10 05:55:00+00:00,2019-03-10 07:55:00+00:00,0.0,45000.0,"POLYGON ((-83.89 35.9, -83.6744874380977 34.82676076472563, -86.9 33.503631044263614, -86.93035976389048 34.51771980044433, -83.89 35.9))"
11C,2019-03-10 05:55:00+00:00,2019-03-10 07:55:00+00:00,0.0,43000.0,"POLYGON ((-87.00353740718643 34.54305803125178, -86.9 33.67, -88.0304571633096 33.323101374957666, -88.26426509233373 33.69421182099819, -87.00353740718643 34.54305803125178))"
PAPA 1,2019-03-10 06:17:00+00:00,2019-03-10 10:05:00+00:00,27000.0,42000.0,"POLYGON ((-139.1 27.2, -132.2 23.5, -132.4 21.4, -147.4 21.5, -157.2 20.5, -158.4 23, -139.1 27.2))"
9E,2019-03-10 06:55:00+00:00,2019-03-10 08:55:00+00:00,0.0,40000.0,"POLYGON ((-82.7114084512464 35.96802465736739, -81.93 35.03, -85.18058708077817 33.8824610586817, -85.52451168213575 34.83209163508337, -82.7114084512464 35.96802465736739))"
10E,2019-03-10 06:55:00+00:00,2019-03-10 08:55:00+00:00,0.0,28000.0,"POLYGON ((-81.71346047513374 41.5221464530948, -81.3571701003362 40.42767224422808, -82.59 40.15, -82.73678188242228 41.139962653251594, -81.71346047513374 41.5221464530948))"
ECHO 2,2019-03-10 07:10:00+00:00,2019-03-10 11:10:00+00:00,0.0,45000.0,"POLYGON ((-56.3 35.45, -49 35.3, -52.45 25.45, -58.45 26.15, -56.3 35.45))"
11E,2019-03-10 07:55:00+00:00,2019-03-10 09:55:00+00:00,0.0,42000.0,"POLYGON ((-83.57802538269017 35.28477596877902, -83.37729635475833 34.54627071049212, -84.44 34.12910686720918, -84.96230695400033 35.02352230822331, -83.57802538269017 35.28477596877902))"
ECHO 3,2019-03-10 09:00:00+00:00,2019-03-10 13:00:00+00:00,0.0,45000.0,"POLYGON ((-56 36.15, -48.3 35.45, -52 26, -58.45 26.15, -56 36.15))"
FOXTROT 2,2019-03-10 09:00:00+00:00,2019-03-10 13:00:00+00:00,26000.0,41000.0,"POLYGON ((-53.3 44.45, -57.15 32, -60.45 31.45, -64.45 42.3, -53.3 44.45))"
PAPA 2,2019-03-10 09:58:00+00:00,2019-03-10 13:55:00+00:00,27000.0,42000.0,"POLYGON ((-138.3 28.1, -132.4 21.4, -157.2 20.4, -160.1 23.2, -160.1 23.2, -151.1 27.1, -138.3 28.1))"
12C,2019-03-10 10:55:00+00:00,2019-03-10 12:55:00+00:00,0.0,28000.0,"POLYGON ((-102.19 32.73285469710447, -100.17705463391474 32.59025250094931, -100.45 31.803712818262685, -102.19 32.01, -102.19 32.73285469710447))"
ECHO 4,2019-03-10 11:15:00+00:00,2019-03-10 15:15:00+00:00,0.0,45000.0,"POLYGON ((-54.45 36, -48 35.3, -51.3 25.45, -57.45 26.3, -54.45 36))"
FOXTROT 3,2019-03-10 11:15:00+00:00,2019-03-10 15:15:00+00:00,26000.0,41000.0,"POLYGON ((-53.15 45, -51.3 45, -56 32, -60.15 31.45, -62.15 43, -53.15 45))"
12E,2019-03-10 12:55:00+00:00,2019-03-10 14:55:00+00:00,0.0,36000.0,"POLYGON ((-74.47702885257405 35.67489660334179, -74.1793894752955 34.596247650832055, -75.17879359740719 34.257627423980296, -75.16936097829462 35.43224824078843, -74.47702885257405 35.67489660334179))"
13C,2019-03-10 12:55:00+00:00,2019-03-10 14:55:00+00:00,0.0,35000.0,"POLYGON ((-99.49768465720959 32.172799470628696, -99.22300898764706 31.10977313324061, -100.95796183177853 31.36899918822688, -100.71067564188562 31.904001131449082, -99.49768465720959 32.172799470628696))"
PAPA 3,2019-03-10 13:45:00+00:00,2019-03-10 17:45:00+00:00,27000.0,42000.0,"POLYGON ((-139.2 27.4, -132.3 26.1, -133 22, -149 21.3, -157.1 21.1, -159.1 23.1, -139.2 27.4))"
13E,2019-03-10 13:55:00+00:00,2019-03-10 15:55:00+00:00,0.0,37000.0,"POLYGON ((-74.11705479269541 36.242286206557836, -73.54185486530858 35.33957493982048, -75.25408200029028 34.411943802892225, -75.16936097829462 35.43224824078843, -74.11705479269541 36.242286206557836))"
14C,2019-03-10 13:55:00+00:00,2019-03-10 15:55:00+00:00,0.0,33000.0,"POLYGON ((-101.40004647894882 32.28417793378543, -99.99077983744208 32.21280008803832, -99.94203816822147 31.36899918822688, -101.70990830196244 31.600187002408777, -101.40004647894882 32.28417793378543))"
14E,2019-03-10 14:55:00+00:00,2019-03-10 16:55:00+00:00,0.0,38000.0,"POLYGON ((-73.49845074724051 36.230067480330845, -73.54185486530858 35.33957493982048, -74.60118707224883 34.955516670633756, -74.66500063800791 35.74109072870559, -73.49845074724051 36.230067480330845))"
15C,2019-03-10 14:55:00+00:00,2019-03-10 16:55:00+00:00,0.0,30000.0,"POLYGON ((-99.49507320044479 32.60680696138301, -99.41172469265085 31.55697504783061, -101.17202896709263 31.622645070378994, -100.84606194345824 32.47615613789508, -99.49507320044479 32.60680696138301))"
ECHO 5,2019-03-10 14:55:00+00:00,2019-03-10 18:55:00+00:00,0.0,45000.0,"POLYGON ((-47.45 45, -46.15 33.3, -50.15 25.3, -55.3 26.15, -53 32, -54 38.3, -47.45 45))"
PAPA 4,2019-03-10 15:16:00+00:00,2019-03-10 19:15:00+00:00,0.0,27000.0,"POLYGON ((-139.1 27.4, -132.3 26.1, -133 22, -157 21.1, -151 27.1, -139.1 27.4))"
PAPA 5,2019-03-10 15:28:00+00:00,2019-03-10 19:15:00+00:00,,,"POLYGON ((-139.1 27.4, -132.3 26.1, -133 22, -157 21.1, -151 27.1, -139.1 27.4))"
PAPA 6,2019-03-10 15:37:00+00:00,2019-03-10 19:15:00+00:00,,,"POLYGON ((-139.1 27.4, -132.3 26.1, -133 22, -157 21.1, -151 27.1, -139.1 27.4))"
17E,2019-03-10 15:55:00+00:00,2019-03-10 17:55:00+00:00,,,"POLYGON ((-80.45801559499817 29.53338748480424, -80.57678099273527 29.49118984509517, -80.45801559499817 29.53338748480424, -80.39859576117452 29.55444669461332, -80.45801559499817 29.53338748480424))"
15E,2019-03-10 15:55:00+00:00,2019-03-10 17:55:00+00:00,0.0,38000.0,"POLYGON ((-73.49845074724051 36.230067480330845, -73.54185486530858 35.33957493982048, -74.60118707224883 34.955516670633756, -74.47702885257405 35.67489660334179, -73.49845074724051 36.230067480330845))"
16E,2019-03-10 15:55:00+00:00,2019-03-10 17:55:00+00:00,0.0,36000.0,"POLYGON ((-78.95554325297286 31.96526723143688, -78.71753971984795 31.75852631188312, -79.26323854219324 31.28479790917351, -79.390823296128 31.55265716560049, -78.95554325297286 31.96526723143688))"
18E,2019-03-10 16:55:00+00:00,2019-03-10 18:55:00+00:00,0.0,38000.0,"POLYGON ((-73.70437737629756 36.86390153510433, -72.88006515612935 36.21466566920305, -73.35575740293993 35.27164877728828, -74.88444047953132 35.19421416928657, -73.70437737629756 36.86390153510433))"
19E,2019-03-10 16:55:00+00:00,2019-03-10 18:55:00+00:00,0.0,36000.0,"POLYGON ((-79.50005438534882 30.324629942214255, -79.10488902531782 30.004244923169015, -79.41519412349672 29.897873042671513, -80.04533213853725 30.215820689740948, -79.50005438534882 30.324629942214255))"
20E,2019-03-10 17:55:00+00:00,2019-03-10 19:55:00+00:00,0.0,38000.0,"POLYGON ((-73.70463030094238 36.2344941975834, -73.08616631909956 36.2201531071537, -73.35575740293993 35.27164877728828, -74.28936930317946 35.60841081246331, -73.70463030094238 36.2344941975834))"
22E,2019-03-10 17:55:00+00:00,2019-03-10 19:55:00+00:00,0.0,34000.0,"POLYGON ((-85.31441910659896 30.39645733599175, -84.54288829931808 30.399858288582664, -85.2968089984912 29.573100777403145, -86.68 29.665417309845242, -85.31441910659896 30.39645733599175))"
21E,2019-03-10 17:55:00+00:00,2019-03-10 19:55:00+00:00,0.0,37000.0,"POLYGON ((-78.459325072573 32.32679622829023, -77.87 32.615148726949265, -78.14557601385394 32.21179886030837, -78.61649783822287 32.384003383515086, -78.459325072573 32.32679622829023))"
ECHO 6,2019-03-10 18:30:00+00:00,2019-03-10 22:30:00+00:00,0.0,45000.0,"POLYGON ((-42.3 45, -43.45 35.45, -48.3 26, -55 24.45, -51.3 38.3, -47.3 44.45, -42.3 45))"
24E,2019-03-10 18:55:00+00:00,2019-03-10 20:55:00+00:00,0.0,35000.0,"POLYGON ((-76.0565913501922 34.33663054389656, -75.45232160042883 34.326234603038515, -76.60350539699624 33.28469139114844, -76.88223535823266 33.52253858704057, -76.0565913501922 34.33663054389656))"
25E,2019-03-10 18:55:00+00:00,2019-03-10 20:55:00+00:00,0.0,27000.0,"POLYGON ((-84.17167809613261 30.463545529362335, -84.71621490712701 29.630964751439436, -86.09426757219029 29.59904276773545, -85.12154200193127 30.397732665893674, -84.17167809613261 30.463545529362335))"
23E,2019-03-10 18:55:00+00:00,2019-03-10 20:55:00+00:00,0.0,38000.0,"POLYGON ((-73.70463030094238 36.2344941975834, -72.88006515612935 36.21466566920305, -73.16997242600482 35.20343812840979, -74.28936930317946 35.60841081246331, -73.70463030094238 36.2344941975834))"
26E,2019-03-10 19:55:00+00:00,2019-03-10 21:55:00+00:00,0.0,38000.0,"POLYGON ((-73.49845074724051 36.230067480330845, -72.88006515612935 36.21466566920305, -72.98449992005833 35.13494418784608, -73.54185486530858 35.33957493982048, -73.49845074724051 36.230067480330845))"
27E,2019-03-10 19:55:00+00:00,2019-03-10 21:55:00+00:00,0.0,39000.0,"POLYGON ((-75.50530265528657 34.92243248202061, -75.37301908870302 34.65447635935465, -76.26289423560397 33.78623143484558, -76.46921819718192 34.342022807857745, -75.50530265528657 34.92243248202061))"
28E,2019-03-10 19:55:00+00:00,2019-03-10 21:55:00+00:00,0.0,29000.0,"POLYGON ((-86.939166566373 31.36400668781387, -84.76830314484403 31.25019924335483, -84.58754254123424 30.604239279717977, -87.3007501397762 30.60722036465612, -86.939166566373 31.36400668781387))"
31E,2019-03-10 20:55:00+00:00,2019-03-10 22:55:00+00:00,0.0,36000.0,"POLYGON ((-86.38150247329128 31.44447747954094, -84.29 31.327262088527213, -84.35 30.4, -87.39409634154572 30.57337477620931, -86.38150247329128 31.44447747954094))"
29E,2019-03-10 20:55:00+00:00,2019-03-10 22:55:00+00:00,0.0,28000.0,"POLYGON ((-72.88006515612935 36.21466566920305, -72.98449992005833 35.13494418784608, -74.60118707224883 34.955516670633756, -74.3232960069668 36.24565132680632, -72.88006515612935 36.21466566920305))"
30E,2019-03-10 20:55:00+00:00,2019-03-10 22:55:00+00:00,0.0,28000.0,"POLYGON ((-75.50530265528657 34.92243248202061, -75.30719794254544 34.52044492607428, -75.94404088803616 33.670987685102816, -77.47171582675779 33.54795664995691, -75.50530265528657 34.92243248202061))"
16C,2019-03-10 20:55:00+00:00,2019-03-10 22:55:00+00:00,0.0,28000.0,"POLYGON ((-98.84134227655854 33.67449608882441, -98.73714093441636 33.50378557275769, -100.28377312807667 32.55972451493323, -100.38797447021885 32.73043503099995, -98.84134227655854 33.67449608882441))"
34E,2019-03-10 21:55:00+00:00,2019-03-10 23:55:00+00:00,0.0,43000.0,"POLYGON ((-83.74937657068881 31.467860282199958, -83.81642834450271 30.207915635652693, -86.95333077212157 30.59443181186036, -86.38150247329128 31.44447747954094, -83.74937657068881 31.467860282199958))"
32E,2019-03-10 21:55:00+00:00,2019-03-10 23:55:00+00:00,0.0,34000.0,"POLYGON ((-73.17035179369353 36.44423637183433, -72.79933985502997 35.06616814957474, -74.31958095363107 34.7161654317201, -74.66500063800791 35.74109072870559, -73.17035179369353 36.44423637183433))"
33E,2019-03-10 21:55:00+00:00,2019-03-10 23:55:00+00:00,0.0,34000.0,"POLYGON ((-74.47702885257405 35.67489660334179, -74.03960245309027 34.47617000801013, -76.18824930117962 32.92676335171022, -77.41230822478333 33.42691662199826, -74.47702885257405 35.67489660334179))"
17C,2019-03-10 21:55:00+00:00,2019-03-10 23:55:00+00:00,0.0,28000.0,"POLYGON ((-98.39069364861277 33.873732086018656, -98.29731438239892 33.69686967440622, -100.01094386510502 32.792112907840384, -100.10432313131886 32.96897531945282, -98.39069364861277 33.873732086018656))"
35E,2019-03-10 22:55:00+00:00,2019-03-11 00:55:00+00:00,0.0,36000.0,"POLYGON ((-72.60903339892053 37.35904184736853, -72.98449992005833 35.13494418784608, -77.32395241270709 31.905583005762985, -78.76513938306344 32.43785960394257, -72.60903339892053 37.35904184736853))"
36E,2019-03-10 22:55:00+00:00,2019-03-11 00:55:00+00:00,0.0,42000.0,"POLYGON ((-86.05993996640778 31.685469018992666, -83.6638183332078 31.437171228573096, -83.51193618424661 30.39732483122391, -86.61566010748807 30.69641796906288, -86.05993996640778 31.685469018992666))"
18C,2019-03-10 22:55:00+00:00,2019-03-11 00:55:00+00:00,0.0,30000.0,"POLYGON ((-86.57910914962716 32.52278592596467, -86.5453206713697 32.325660740518856, -90.72375480934947 31.609451237902036, -90.75754328760694 31.806576423347842, -86.57910914962716 32.52278592596467))"
19C,2019-03-10 22:55:00+00:00,2019-03-11 00:55:00+00:00,0.0,32000.0,"POLYGON ((-86.68 29.673432484632833, -85.85706596126884 29.091038052490347, -87.37302220029235 28.156549301228807, -88.27609795018772 28.50374976485027, -86.68 29.673432484632833))"
QUEBEC 1,2019-03-10 23:54:00+00:00,2019-03-11 03:54:00+00:00,0.0,56000.0,"POLYGON ((159 5.45, 170 5.45, 159 3.3, 159 5.45))"
38E,2019-03-10 23:55:00+00:00,2019-03-11 01:55:00+00:00,0.0,34000.0,"POLYGON ((-83.56570449680888 31.91262197178591, -82.68105505848018 30.368014129630584, -84.88357165549728 30.207915635652693, -86.32 31.55452417705443, -83.56570449680888 31.91262197178591))"
37E,2019-03-10 23:55:00+00:00,2019-03-11 01:55:00+00:00,0.0,24000.0,"POLYGON ((-72.60903339892053 37.35904184736853, -72.79933985502997 35.06616814957474, -77.32395241270709 31.905583005762985, -78.40326322893375 32.30632635237686, -72.60903339892053 37.35904184736853))"
21C,2019-03-10 23:55:00+00:00,2019-03-11 01:55:00+00:00,0.0,28000.0,"POLYGON ((-86.68 29.673432484632833, -85.91936077838503 29.22498324452863, -88.14226741337457 27.427926627258042, -88.12517537346132 28.446296890053762, -86.68 29.673432484632833))"
20C,2019-03-10 23:55:00+00:00,2019-03-11 01:55:00+00:00,0.0,28000.0,"POLYGON ((-86.2010552498173 32.586313609117575, -86.17659083437499 32.387815517496854, -89.89199322267187 31.929901051818437, -89.91645763811418 32.128399143439154, -86.2010552498173 32.586313609117575))"
1E,2019-03-11 00:55:00+00:00,2019-03-11 02:55:00+00:00,0.0,24000.0,"POLYGON ((-72.60903339892053 37.35904184736853, -72.79933985502997 35.06616814957474, -77.32395241270709 31.905583005762985, -78.40326322893375 32.30632635237686, -72.60903339892053 37.35904184736853))"
2E,2019-03-11 00:55:00+00:00,2019-03-11 02:55:00+00:00,0.0,36000.0,"POLYGON ((-82.99190034777105 31.94800536386035, -82.86866219205109 31.232818074528947, -84.28576824264653 30.533550418455523, -85.83882009327844 31.810179613637978, -82.99190034777105 31.94800536386035))"
1C,2019-03-11 00:55:00+00:00,2019-03-11 02:55:00+00:00,0.0,24000.0,"POLYGON ((-87.86606432072752 32.143854636872234, -87.84302384108425 31.945186228971508, -94.58888820568602 31.16283763006121, -94.61192868532929 31.361506037961938, -87.86606432072752 32.143854636872234))"
4E,2019-03-11 01:55:00+00:00,2019-03-11 03:55:00+00:00,0.0,36000.0,"POLYGON ((-83.34946255558243 32.07482178501174, -82.92253743608212 31.186415761406696, -83.93933426818892 30.752279591336823, -85.94685617538487 31.450926878077023, -83.34946255558243 32.07482178501174))"
3E,2019-03-11 01:55:00+00:00,2019-03-11 03:55:00+00:00,0.0,34000.0,"POLYGON ((-75.23509099008442 37.204439060243125, -72.60903339892053 37.35904184736853, -72.79933985502997 35.06616814957474, -77.87 31.85446566395411, -75.23509099008442 37.204439060243125))"
2C,2019-03-11 01:55:00+00:00,2019-03-11 03:55:00+00:00,0.0,25000.0,"POLYGON ((-87.11601004909173 32.04052860586067, -87.09796763479548 31.84134409018146, -94.59138723835953 31.162579576171968, -94.60942965265578 31.36176409185118, -87.11601004909173 32.04052860586067))"
GOLF 1,2019-03-11 02:45:00+00:00,2019-03-11 06:45:00+00:00,0.0,40000.0,"POLYGON ((-70.45 38.3, -67.45 37.3, -70.3 35.15, -74.15 36, -70.45 38.3))"
5E,2019-03-11 02:55:00+00:00,2019-03-11 04:55:00+00:00,0.0,29000.0,"POLYGON ((-69.28322151599643 39.89421515661165, -67.59529795631192 39.37169576780594, -72.58141744893663 37.314117035316904, -71.49640913152929 39.379985001950274, -69.28322151599643 39.89421515661165))"
6E,2019-03-11 02:55:00+00:00,2019-03-11 04:55:00+00:00,0.0,32000.0,"POLYGON ((-72.60903339892053 37.35904184736853, -72.79933985502997 35.06616814957474, -76.89048327355702 32.347912658677075, -75.14841046736677 36.255570941751046, -72.60903339892053 37.35904184736853))"
4C,2019-03-11 02:55:00+00:00,2019-03-11 04:55:00+00:00,0.0,29000.0,"POLYGON ((-98.35187700775941 35.14300145890824, -96.65765342065781 33.637943910746515, -99.12911595926192 32.73255585949597, -99.8868833867596 34.36933919929304, -98.35187700775941 35.14300145890824))"
7E,2019-03-11 02:55:00+00:00,2019-03-11 04:55:00+00:00,0.0,30000.0,"POLYGON ((-83.65000000000002 32.256287181737314, -82.51 31.25085812115821, -83.99331079392786 30.70619674323574, -85.07693125775516 31.934211071424663, -83.65000000000002 32.256287181737314))"
3C,2019-03-11 02:55:00+00:00,2019-03-11 04:55:00+00:00,0.0,24000.0,"POLYGON ((-87.11438660626237 32.04066233802911, -87.09959107762484 31.841210358013026, -93.9298981908077 31.334531986165675, -93.94469371944524 31.53398396618176, -87.11438660626237 32.04066233802911))"
DELTA 1,2019-03-11 03:15:00+00:00,2019-03-11 07:15:00+00:00,0.0,35000.0,"POLYGON ((-180 42.45, 176.3 42.3, 173.15 39.3, 177.15 39.15, -180 42.45))"
9E,2019-03-11 03:55:00+00:00,2019-03-11 05:55:00+00:00,0.0,40000.0,"POLYGON ((-72.60903339892053 37.35904184736853, -72.79933985502997 35.06616814957474, -76.89048327355702 32.347912658677075, -75.14841046736677 36.255570941751046, -72.60903339892053 37.35904184736853))"
8E,2019-03-11 03:55:00+00:00,2019-03-11 05:55:00+00:00,0.0,29000.0,"POLYGON ((-68.19116852601938 39.85350746690818, -67.15378242906115 39.00836505537713, -71.4849127585348 37.97036505946073, -70.03 39.4499414868997, -68.19116852601938 39.85350746690818))"
10E,2019-03-11 03:55:00+00:00,2019-03-11 05:55:00+00:00,0.0,30000.0,"POLYGON ((-82.96288950184722 32.6881272418963, -82.31608628592302 31.139155243532617, -83.99331079392786 30.70619674323574, -84.94756588680032 32.51546039157564, -82.96288950184722 32.6881272418963))"
6C,2019-03-11 03:55:00+00:00,2019-03-11 05:55:00+00:00,0.0,29000.0,"POLYGON ((-97.73619751907961 35.667055914515764, -95.35896950526971 32.929672374570146, -97.23672544526966 32.46914751661967, -99.93970013629612 34.36950101367681, -97.73619751907961 35.667055914515764))"
5C,2019-03-11 03:55:00+00:00,2019-03-11 05:55:00+00:00,0.0,25000.0,"POLYGON ((-90.22951853952537 32.26279314362817, -86.43950966716065 32.217708478358965, -86.44188863128622 32.01772262753524, -90.23189750365094 32.06280729280445, -90.22951853952537 32.26279314362817))"
HOTEL 1,2019-03-11 04:40:00+00:00,2019-03-11 08:40:00+00:00,32000.0,42000.0,"POLYGON ((-49.15 37, -47.15 36, -49.15 28.15, -51.45 26.3, -52 34, -49.15 37))"
11E,2019-03-11 04:55:00+00:00,2019-03-11 06:55:00+00:00,0.0,40000.0,"POLYGON ((-67.20588139869567 40.353886757935626, -67.15378242906115 39.00836505537713, -70.03 38.45172775248133, -70.03 39.61631044263608, -67.20588139869567 40.353886757935626))"
7C,2019-03-11 04:55:00+00:00,2019-03-11 06:55:00+00:00,0.0,28000.0,"POLYGON ((-97.4431880484259 35.7073085533572, -94.99511292242823 33.82489832260137, -97.58782566612066 32.677805704930506, -99.54287107148174 34.62239869812676, -97.4431880484259 35.7073085533572))"
12E,2019-03-11 05:55:00+00:00,2019-03-11 07:55:00+00:00,0.0,40000.0,"POLYGON ((-67.20588139869567 40.353886757935626, -67.15378242906115 39.00836505537713, -70.03 38.28535879674494, -70.03 39.4499414868997, -67.20588139869567 40.353886757935626))"
8C,2019-03-11 05:55:00+00:00,2019-03-11 07:55:00+00:00,0.0,33000.0,"POLYGON ((-97.6 35.4, -95.26714806626936 33.504242729874754, -101.64507134293633 32.19983554356206, -99.54287107148174 34.62239869812676, -97.6 35.4))"
GOLF 2,2019-03-11 06:25:00+00:00,2019-03-11 10:25:00+00:00,0.0,40000.0,"POLYGON ((-62.3 41.3, -70.15 33.3, -74.15 35.45, -66.3 41.15, -62.3 41.3))"
9C,2019-03-11 06:55:00+00:00,2019-03-11 08:55:00+00:00,0.0,33000.0,"POLYGON ((-97.6 35.4, -95.26714806626936 33.504242729874754, -101.64507134293633 32.19983554356206, -99.54287107148174 34.62239869812676, -97.6 35.4))"
13E,2019-03-11 07:55:00+00:00,2019-03-11 09:55:00+00:00,0.0,35000.0,"POLYGON ((-72.67399383088501 36.208824888541756, -72.79933985502997 35.06616814957474, -75.29134565535617 33.431553251189904, -76.25804524564349 34.33943617623588, -72.67399383088501 36.208824888541756))"
10C,2019-03-11 07:55:00+00:00,2019-03-11 09:55:00+00:00,0.0,32000.0,"POLYGON ((-97.17 34.70910686720918, -95.78000000000002 33.851786265581644, -100.84606194345824 32.47615613789508, -100.05986189824452 33.90866967949095, -97.17 34.70910686720918))"
HOTEL 2,2019-03-11 08:35:00+00:00,2019-03-11 12:35:00+00:00,32000.0,42000.0,"POLYGON ((-50.45 35, -48.45 34.3, -49.15 28.15, -51.45 26.3, -53.3 31.3, -50.45 35))"
14E,2019-03-11 08:55:00+00:00,2019-03-11 10:55:00+00:00,0.0,37000.0,"POLYGON ((-72.67399383088501 36.208824888541756, -72.79933985502997 35.06616814957474, -76.89048327355702 32.347912658677075, -78.65320077223997 32.882346770485604, -72.67399383088501 36.208824888541756))"
11C,2019-03-11 08:55:00+00:00,2019-03-11 10:55:00+00:00,0.0,30000.0,"POLYGON ((-95.94286575474865 34.905216376494735, -95.78000000000002 33.98257436347464, -100.33587379914776 32.64507977296659, -100.29 33.64714530289553, -95.94286575474865 34.905216376494735))"
15E,2019-03-11 09:55:00+00:00,2019-03-11 11:55:00+00:00,0.0,40000.0,"POLYGON ((-72.67399383088501 36.208824888541756, -72.79933985502997 35.06616814957474, -76.81696033297256 32.19359480289175, -78.45511452833776 32.88000418259385, -72.67399383088501 36.208824888541756))"
12C,2019-03-11 09:55:00+00:00,2019-03-11 11:55:00+00:00,0.0,30000.0,"POLYGON ((-95.63644427163892 34.967556319267224, -95.18094779438684 33.88704725062193, -100.40777666184373 32.66981417587036, -100.29 33.53815522131804, -95.63644427163892 34.967556319267224))"
GOLF 3,2019-03-11 10:20:00+00:00,2019-03-11 14:20:00+00:00,0.0,40000.0,"POLYGON ((-70.45 37.15, -67.15 36.15, -75.45 32, -78 32.3, -70.45 37.15))"
13C,2019-03-11 10:55:00+00:00,2019-03-11 12:55:00+00:00,0.0,28000.0,"POLYGON ((-95.21941606925651 34.65771311087037, -94.99511292242823 33.82489832260137, -99.63241328063809 32.94091005379595, -99.72308159869397 33.89812855337828, -95.21941606925651 34.65771311087037))"
14C,2019-03-11 10:55:00+00:00,2019-03-11 12:55:00+00:00,0.0,36000.0,"POLYGON ((-92.32853935571114 31.35986197492552, -87.03595965200552 31.236161070801888, -87.0406328789594 31.036215675881582, -92.33321258266503 31.159916580005213, -92.32853935571114 31.35986197492552))"
15C,2019-03-11 11:55:00+00:00,2019-03-11 13:55:00+00:00,0.0,26000.0,"POLYGON ((-94.6568185671898 34.62085722434349, -94.46906508805087 33.50936027002112, -99.15812776515703 33.06625800447078, -99.19195388358558 33.988534277029245, -94.6568185671898 34.62085722434349))"
16C,2019-03-11 11:55:00+00:00,2019-03-11 13:55:00+00:00,0.0,34000.0,"POLYGON ((-91.8264279421293 31.358185941026814, -86.68291612964747 31.508241229579767, -86.67708387035255 31.308326285787373, -91.82059568283438 31.15827099723442, -91.8264279421293 31.358185941026814))"
INDIA 1,2019-03-11 12:15:00+00:00,2019-03-11 16:15:00+00:00,0.0,38000.0,"POLYGON ((-44.45 27.45, -43 27.3, -45.45 24.3, -46.3 25.45, -44.45 27.45))"
18C,2019-03-11 12:55:00+00:00,2019-03-11 14:55:00+00:00,0.0,42000.0,"POLYGON ((-85.77609713224133 32.02783520270292, -86.14407164843098 30.637896907909322, -90.79856306227603 31.107876246599915, -90.67459149857919 31.65225625372726, -85.77609713224133 32.02783520270292))"
17C,2019-03-11 12:55:00+00:00,2019-03-11 14:55:00+00:00,0.0,30000.0,"POLYGON ((-98.03261134666779 34.17974396413633, -92.18734790595039 33.44977821270282, -92.04 32.52, -95.47628099917348 32.163249195797896, -97.77411292741742 33.12252398880869, -98.03261134666779 34.17974396413633))"
19C,2019-03-11 13:55:00+00:00,2019-03-11 15:55:00+00:00,,,"POLYGON ((-86.9040546841798 36.08451005491368, -87.80829865132209 34.97012243511587, -87.73673063543299 35.0069281279638, -90.11609160152138 34.86189545793202, -90.1578767758345 34.84987893396782, -92.5513238658365 33.54492417413321, -87.65299431132992 34.84410433332252, -86.74875034418763 35.95849195312033, -90.1039232933074 34.6622659704428, -87.72456232721902 34.80729864047458, -92.45558520899628 33.3693277345724, -90.06213811899428 34.67428249440701, -86.9040546841798 36.08451005491368))"
16E,2019-03-11 13:55:00+00:00,2019-03-11 15:55:00+00:00,0.0,35000.0,"POLYGON ((-85.84723003376524 32.05314522476477, -85.35566849887559 30.396147802657314, -87.14583150827468 30.66319184487032, -87.1069888419436 31.94093634802107, -85.84723003376524 32.05314522476477))"
20C,2019-03-11 13:55:00+00:00,2019-03-11 15:55:00+00:00,0.0,30000.0,"POLYGON ((-89.2033903426067 33.48806919222871, -89.73541195388178 32.73615654371511, -90.88673470777476 31.51977834549802, -93.44652269758586 32.46279365383779, -93.05905869989982 33.14894267623448, -89.2033903426067 33.48806919222871))"
GOLF 4,2019-03-11 14:10:00+00:00,2019-03-11 18:10:00+00:00,0.0,35000.0,"POLYGON ((-70 35.3, -67.45 34.3, -74.3 31.3, -75.45 32.45, -70 35.3))"
21C,2019-03-11 14:55:00+00:00,2019-03-11 16:55:00+00:00,,,"POLYGON ((-86.42987189209425 36.10541455150234, -87.70297454070686 34.90096715253155, -87.63797384180555 34.92825553023281, -89.98372413789029 34.84083591158872, -89.9978259176956 34.83930363865478, -92.04255011834498 34.46887991994676, -87.56552486712366 34.75568264808641, -86.29242221851105 35.9601300470572, -89.97627586210972 34.64097465174105, -87.63052556602497 34.72839427038515, -92.0068982829538 34.27208320596698, -89.96217408230441 34.642506924675, -86.42987189209425 36.10541455150234))"
17E,2019-03-11 14:55:00+00:00,2019-03-11 16:55:00+00:00,0.0,33000.0,"POLYGON ((-86.63537217853386 32.10895861398745, -85.07693125775516 31.934211071424663, -85.12209123547656 30.121104752485802, -86.9175942870379 30.625328996307235, -86.63537217853386 32.10895861398745))"
22C,2019-03-11 14:55:00+00:00,2019-03-11 16:55:00+00:00,0.0,33000.0,"POLYGON ((-89.2033903426067 33.48806919222871, -89.73541195388178 32.73615654371511, -91.56566842991552 32.35313497831424, -93.81 32.62542906057911, -93.93770040784429 33.242797373864356, -89.2033903426067 33.48806919222871))"
23C,2019-03-11 15:55:00+00:00,2019-03-11 17:55:00+00:00,0.0,38000.0,"POLYGON ((-89.07732553456908 33.959271652571935, -88.0740375215245 32.12325240796213, -93.04051957604888 31.449869188631517, -93.81 32.10452417705443, -91.81757510093813 33.574930814846994, -89.07732553456908 33.959271652571935))"
INDIA 2,2019-03-11 15:55:00+00:00,2019-03-11 19:55:00+00:00,0.0,37000.0,"POLYGON ((-45.3 28.15, -43.15 26, -44.3 24.45, -46.15 27.15, -45.3 28.15))"
18E,2019-03-11 15:55:00+00:00,2019-03-11 17:55:00+00:00,0.0,36000.0,"POLYGON ((-86.63537217853386 32.10895861398745, -85.07693125775516 31.934211071424663, -85.12209123547656 30.121104752485802, -86.9175942870379 30.625328996307235, -86.63537217853386 32.10895861398745))"
24C,2019-03-11 16:55:00+00:00,2019-03-11 18:55:00+00:00,0.0,38000.0,"POLYGON ((-87.45283058286643 33.47776880447618, -87.40551463045553 31.833358741004904, -89.53851323964713 31.55265062430279, -93.08090477926518 32.5132209682483, -92.55631835308691 33.1961983103448, -87.45283058286643 33.47776880447618))"
25C,2019-03-11 17:55:00+00:00,2019-03-11 19:55:00+00:00,0.0,35000.0,"POLYGON ((-85.76132089629678 33.239787958019946, -86.04260906201154 31.98441576179149, -88.73333151339516 31.49799042518937, -90.5165036012652 32.07639247097633, -89.99874222940363 33.22440102820553, -85.76132089629678 33.239787958019946))"
26C,2019-03-11 17:55:00+00:00,2019-03-11 19:55:00+00:00,0.0,36000.0,"POLYGON ((-91.55283241819053 32.92797032397529, -91.20120282755943 31.628518958466078, -94.72 31.59371281826268, -94.75 32.85371281826268, -91.55283241819053 32.92797032397529))"
28C,2019-03-11 18:55:00+00:00,2019-03-11 20:55:00+00:00,0.0,37000.0,"POLYGON ((-90.1 32.71914187884178, -90.29577456960696 32.02915009762879, -94.45991605071438 31.694003299933556, -94.59167566436739 32.47522591714499, -90.1 32.71914187884178))"
27C,2019-03-11 18:55:00+00:00,2019-03-11 20:55:00+00:00,0.0,31000.0,"POLYGON ((-86.72628806906181 33.66987849673068, -84.11958324648415 33.518936915098514, -84.60421210874945 31.770264942648335, -89.13915201631758 31.004297915632254, -89.27359992398888 32.21313976840256, -86.72628806906181 33.66987849673068))"
19E,2019-03-11 19:55:00+00:00,2019-03-11 21:55:00+00:00,0.0,35000.0,"POLYGON ((-84.6610654592526 32.857797460585665, -83.78959743869139 32.57228206399099, -84.35 30.899106867209174, -87.58582946781142 30.72770264484189, -88.06182023918656 31.3444788351749, -84.6610654592526 32.857797460585665))"
29C,2019-03-11 19:55:00+00:00,2019-03-11 21:55:00+00:00,0.0,37000.0,"POLYGON ((-90.1 32.71914187884178, -90.29577456960696 32.02915009762879, -94.45991605071438 31.694003299933556, -94.12729807533603 32.65895023154708, -90.1 32.71914187884178))"
30C,2019-03-11 20:55:00+00:00,2019-03-11 22:55:00+00:00,0.0,34000.0,"POLYGON ((-100.98966684848821 33.378251633396644, -101.60140557692912 32.00864110351755, -102.60461000055965 31.656403517529085, -102.61221994908841 33.10980723833875, -100.98966684848821 33.378251633396644))"
20E,2019-03-11 20:55:00+00:00,2019-03-11 22:55:00+00:00,0.0,43000.0,"POLYGON ((-83.99355885217214 32.689531803810546, -83.10647460758113 31.027479561115904, -87.58084798368242 31.004297915632247, -83.99355885217214 32.689531803810546))"
21E,2019-03-11 21:55:00+00:00,2019-03-11 23:55:00+00:00,0.0,45000.0,"POLYGON ((-82.8592924196491 32.68751994342753, -82.51 30.541786265581642, -88.49669076750325 30.61228775923751, -82.8592924196491 32.68751994342753))"
31C,2019-03-11 21:55:00+00:00,2019-03-11 23:55:00+00:00,0.0,38000.0,"POLYGON ((-102.46548651801938 33.88975763982219, -99.98370340516372 33.75479823389349, -101.46292510865332 32.262593899407236, -102.46675933192144 31.77441821727351, -102.46548651801938 33.88975763982219))"
1W,2019-03-11 22:55:00+00:00,2019-03-12 00:55:00+00:00,0.0,29000.0,"POLYGON ((-108.13121875708359 33.98294861016559, -106.72722040223528 33.469777282119665, -108.163718281165 31.80822845687134, -108.89592435964427 32.396811210894214, -108.13121875708359 33.98294861016559))"
22E,2019-03-11 22:55:00+00:00,2019-03-12 00:55:00+00:00,0.0,45000.0,"POLYGON ((-81.96385003543395 32.15713304388993, -82.1800441985721 30.338291980661136, -86.68 30.54085812115821, -81.96385003543395 32.15713304388993))"
32C,2019-03-11 22:55:00+00:00,2019-03-12 00:55:00+00:00,0.0,38000.0,"POLYGON ((-100.6402998637039 34.36950101367681, -101.24148580249981 32.33842242248976, -102.87767125668796 32.17616781074921, -103.64765920698238 34.220715682389084, -100.6402998637039 34.36950101367681))"
33C,2019-03-11 23:55:00+00:00,2019-03-12 01:55:00+00:00,0.0,44000.0,"POLYGON ((-100.29 34.70273791147278, -100.59088404073808 32.73255585949597, -102.4163910612882 32.470913742071424, -103.83236942257335 34.718663082252085, -100.29 34.70273791147278))"
2W,2019-03-11 23:55:00+00:00,2019-03-12 01:55:00+00:00,0.0,35000.0,"POLYGON ((-107.74185453227575 34.20137749246861, -107.05031299086005 33.74090368461795, -108.02582276691757 31.92639642774462, -108.86648126834025 32.269389926524006, -107.74185453227575 34.20137749246861))"
23E,2019-03-11 23:55:00+00:00,2019-03-12 01:55:00+00:00,0.0,45000.0,"POLYGON ((-81.11 32.16, -81.51 30.34, -86.68 30.396287181737318, -81.11 32.16))"
1C,2019-03-12 00:55:00+00:00,2019-03-12 02:55:00+00:00,0.0,40000.0,"POLYGON ((-103.6 36.01184477868196, -99.33421214816913 35.262818755692706, -100.1639755120101 33.09445467995339, -102.56860829460385 32.77796287137032, -103.6 36.01184477868196))"
1W,2019-03-12 00:55:00+00:00,2019-03-12 02:55:00+00:00,0.0,32000.0,"POLYGON ((-109.06296191902668 34.266270964440494, -106.89581444153963 34.04793473795517, -108.73904187238982 31.1929948630206, -110.08313843673078 31.391467531074888, -109.06296191902668 34.266270964440494))"
1E,2019-03-12 00:55:00+00:00,2019-03-12 02:55:00+00:00,0.0,44000.0,"POLYGON ((-81.2403232861581 31.892800918720877, -81.39167390520274 30.237719641684702, -83.84715583375296 30.399036922623505, -81.2403232861581 31.892800918720877))"
2W,2019-03-12 00:55:00+00:00,2019-03-12 02:55:00+00:00,0.0,30000.0,"POLYGON ((-109.27701192482864 37.14165837155819, -107.25362715179014 37.01370250360388, -108.39094519799548 35.031084431592824, -110.1490748132186 34.836960280432116, -109.27701192482864 37.14165837155819))"
2E,2019-03-12 01:55:00+00:00,2019-03-12 03:55:00+00:00,0.0,43000.0,"POLYGON ((-81.06313426475023 31.261469868961925, -80.96736396224087 29.868317221036424, -82.36952728750863 30.18646741468725, -81.06313426475023 31.261469868961925))"
2C,2019-03-12 01:55:00+00:00,2019-03-12 03:55:00+00:00,0.0,38000.0,"POLYGON ((-99.68934031530874 36.276181889688075, -97.22313426137583 32.93353324758834, -100.95787089743938 32.85723857488899, -103.72855803176625 36.10255368419148, -99.68934031530874 36.276181889688075))"
3W,2019-03-12 01:55:00+00:00,2019-03-12 03:55:00+00:00,0.0,32000.0,"POLYGON ((-109.54335750480129 34.419337961027644, -106.89581444153963 34.04793473795517, -108.73904187238982 31.1929948630206, -110.08313843673078 31.391467531074888, -109.54335750480129 34.419337961027644))"
4W,2019-03-12 01:55:00+00:00,2019-03-12 03:55:00+00:00,0.0,30000.0,"POLYGON ((-107.08563397518712 37.06773690591868, -107.87940953191227 35.03539570361483, -109.41000155583454 34.95396845119715, -108.93 37.23171624231643, -107.08563397518712 37.06773690591868))"
4C,2019-03-12 02:55:00+00:00,2019-03-12 04:55:00+00:00,0.0,35000.0,"POLYGON ((-102.83012800212262 37.002837505533414, -99.68902835333594 36.40351477504035, -100.29 35.035475822945564, -103.31130352764696 35.414939055870995, -102.83012800212262 37.002837505533414))"
5W,2019-03-12 02:55:00+00:00,2019-03-12 04:55:00+00:00,0.0,28000.0,"POLYGON ((-109.70725122802965 33.94812610438755, -107.58679722923333 33.89444331704203, -108.73904187238982 31.1929948630206, -110.5373327339606 31.330929419644484, -109.70725122802965 33.94812610438755))"
3E,2019-03-12 02:55:00+00:00,2019-03-12 04:55:00+00:00,0.0,36000.0,"POLYGON ((-81.0342090034957 30.748047266865303, -80.63921471539524 29.708082745823734, -81.63786086167751 30.0728055370253, -81.0342090034957 30.748047266865303))"
3C,2019-03-12 02:55:00+00:00,2019-03-12 04:55:00+00:00,0.0,40000.0,"POLYGON ((-97.77735965479839 35.39987037985315, -97.04 33.15914187884178, -100.8134979354332 32.8083576826902, -100.4244842232101 34.637058787802104, -97.77735965479839 35.39987037985315))"
6W,2019-03-12 02:55:00+00:00,2019-03-12 04:55:00+00:00,0.0,30000.0,"POLYGON ((-107.08563397518712 37.06773690591868, -107.87940953191227 35.03539570361483, -109.78937208796074 34.63958504294886, -108.93 37.23171624231643, -107.08563397518712 37.06773690591868))"
5C,2019-03-12 03:55:00+00:00,2019-03-12 05:55:00+00:00,0.0,44000.0,"POLYGON ((-96.53150191425202 35.102357651227884, -96.47674616855943 33.33930182712991, -99.55602448798989 33.09445467995339, -99.355382525289 34.68478507578556, -96.53150191425202 35.102357651227884))"
7W,2019-03-12 03:55:00+00:00,2019-03-12 05:55:00+00:00,0.0,30000.0,"POLYGON ((-108.3969600101134 34.16308484286046, -107.58679722923333 33.89444331704203, -107.50727307900323 32.81867836231473, -108.5597938725929 32.856273723351336, -108.3969600101134 34.16308484286046))"
6C,2019-03-12 03:55:00+00:00,2019-03-12 05:55:00+00:00,0.0,35000.0,"POLYGON ((-101.0391891586869 36.90641376679203, -99.49776619213179 36.646073617019944, -99.7431032998919 36.072789570428604, -101.0098041930244 35.79950469048305, -101.0391891586869 36.90641376679203))"
7C,2019-03-12 04:55:00+00:00,2019-03-12 06:55:00+00:00,0.0,40000.0,"POLYGON ((-97.17 34.643712818262685, -96.84148841533171 33.27054178323852, -99.52961694779302 33.147399759721594, -98.92628707925105 34.65737421047307, -97.17 34.643712818262685))"
8C,2019-03-12 05:55:00+00:00,2019-03-12 07:55:00+00:00,0.0,40000.0,"POLYGON ((-96.65345507133063 35.71464630311198, -96.12170260391234 33.18498112909956, -98.28504832915135 33.37480363990927, -98.54654492866938 35.71464630311198, -96.65345507133063 35.71464630311198))"
9C,2019-03-12 06:55:00+00:00,2019-03-12 08:55:00+00:00,0.0,42000.0,"POLYGON ((-95.7112575616402 36.046269320109936, -95.46665037808015 33.502163881353276, -97.85070448443852 33.73312081889757, -97.74453267894421 35.51755458119784, -95.7112575616402 36.046269320109936))"
10C,2019-03-12 07:55:00+00:00,2019-03-12 09:55:00+00:00,0.0,42000.0,"POLYGON ((-96.08069191932506 35.96436692098359, -94.34824593682939 35.54367966436716, -94.80954859806074 33.762471068875364, -96.60414113318079 33.73813637090367, -96.08069191932506 35.96436692098359))"
11C,2019-03-12 08:55:00+00:00,2019-03-12 10:55:00+00:00,0.0,40000.0,"POLYGON ((-93.82736687513187 36.48492528861765, -93.67093491194913 33.50936027002112, -95.78000000000002 33.851786265581644, -95.17150600779054 36.19840899062863, -93.82736687513187 36.48492528861765))"
12C,2019-03-12 09:55:00+00:00,2019-03-12 11:55:00+00:00,0.0,35000.0,"POLYGON ((-94.45869078518865 35.45351998875949, -92.90040748893706 35.266088620846396, -93.33045140193926 33.762471068875364, -95.18094779438684 33.88704725062193, -94.45869078518865 35.45351998875949))"
JULIETT 1,2019-03-12 10:42:00+00:00,2019-03-12 14:42:00+00:00,0.0,40000.0,"POLYGON ((-70.15 31.3, -69.3 30, -77 29.15, -78.15 30, -70.15 31.3))"
14C,2019-03-12 10:55:00+00:00,2019-03-12 12:55:00+00:00,0.0,38000.0,"POLYGON ((-100.78640376847284 30.59642894582137, -100.0926857540749 30.36443442282847, -100.47954528520262 28.74486603371117, -101.12315459761675 29.486868173005195, -100.78640376847284 30.59642894582137))"
13C,2019-03-12 10:55:00+00:00,2019-03-12 12:55:00+00:00,0.0,32000.0,"POLYGON ((-91.97718400000207 35.080530685903334, -92.44739069304111 34.14544297272229, -94.33707034956592 34.04397844518966, -94.00032222998817 34.85543517509248, -91.97718400000207 35.080530685903334))"
15C,2019-03-12 11:55:00+00:00,2019-03-12 13:55:00+00:00,0.0,36000.0,"POLYGON ((-100.37555507587953 31.216273627371617, -99.4623855590248 30.72684432285914, -100.40746807628835 28.590985780266138, -100.96088704314941 29.359864120564456, -100.37555507587953 31.216273627371617))"
19C,2019-03-12 12:55:00+00:00,2019-03-12 14:55:00+00:00,,,"POLYGON ((-95.86698948142039 36.32873464873665, -94.42451733736999 35.47590683997273, -94.43538120390727 35.4814648709855, -92.51565443741667 34.64289622869312, -94.52630370455663 35.30374547539011, -95.96877584860702 36.15657328415403, -92.59571307152875 34.45961880208496, -94.51543983801935 35.29818744437734, -95.86698948142039 36.32873464873665))"
18C,2019-03-12 12:55:00+00:00,2019-03-12 14:55:00+00:00,0.0,39000.0,"POLYGON ((-98.6320054529707 37.74532469243881, -97.47981379936958 36.702116066481395, -98.07747679570892 36.042486788311784, -100.97 36.707262088527216, -98.6320054529707 37.74532469243881))"
17C,2019-03-12 12:55:00+00:00,2019-03-12 14:55:00+00:00,0.0,37000.0,"POLYGON ((-104.62 33.672737911472794, -103.88191207882944 33.592485202118255, -104.47196410991613 31.3748989476661, -105.55843088958137 31.56329708580392, -104.62 33.672737911472794))"
4E,2019-03-12 12:55:00+00:00,2019-03-12 14:55:00+00:00,0.0,36000.0,"POLYGON ((-77.62857352415205 28.79583241669047, -77.16667480044191 28.9514154803884, -77.10283245452575 28.761878795633386, -77.56473117823589 28.606295731935457, -77.62857352415205 28.79583241669047))"
16C,2019-03-12 12:55:00+00:00,2019-03-12 14:55:00+00:00,0.0,28000.0,"POLYGON ((-100.0120361672479 30.199160574723766, -99.82 30.16628718173732, -100.15566722478216 29.579892089021953, -100.41705720893509 29.666216683326294, -100.0120361672479 30.199160574723766))"
20C,2019-03-12 12:55:00+00:00,2019-03-12 14:55:00+00:00,0.0,29000.0,"POLYGON ((-102.38724166447312 35.60043766094593, -102.20542348265494 35.60043766094593, -102.20542348265494 35.41861947912774, -102.38724166447312 35.41861947912774, -102.38724166447312 35.60043766094593))"
JULIETT 2,2019-03-12 13:20:00+00:00,2019-03-12 17:20:00+00:00,0.0,43000.0,"POLYGON ((-70.3 30.3, -69 28.45, -76.15 27.45, -77.15 29.15, -70.3 30.3))"
ROMEO 1,2019-03-12 13:37:00+00:00,2019-03-12 17:35:00+00:00,0.0,56000.0,"POLYGON ((167.2 4.5, 167.2 3.3, -180 4.5, 167.2 4.5))"
26C,2019-03-12 13:55:00+00:00,2019-03-12 15:55:00+00:00,0.0,29000.0,"POLYGON ((-98.89263092342858 31.65281068444806, -98.44269904503261 31.65463822396303, -98.52798954226242 31.208160016832483, -99.13244264681249 31.18639615938597, -98.89263092342858 31.65281068444806))"
22C,2019-03-12 13:55:00+00:00,2019-03-12 15:55:00+00:00,0.0,38000.0,"POLYGON ((-104.06215907831603 34.25688988270601, -103.3982368712152 34.30772979278121, -104.32143378759756 31.483421317719415, -105.01987389219816 31.368121387453883, -104.06215907831603 34.25688988270601))"
24C,2019-03-12 13:55:00+00:00,2019-03-12 15:55:00+00:00,,,"POLYGON ((-95.81792623818696 36.44031598805699, -94.21835604090987 35.47563236239586, -94.2323948082948 35.482659859469, -92.48178331283353 34.77218952997148, -94.32164395909012 35.30436763760414, -95.92121415636721 36.26905126326526, -92.55699369624392 34.58686981103347, -94.30760519170519 35.297340140531, -95.81792623818696 36.44031598805699))"
23C,2019-03-12 13:55:00+00:00,2019-03-12 15:55:00+00:00,0.0,39000.0,"POLYGON ((-97.99168657164813 38.929410680677314, -96.5710122761696 37.4137413568798, -97.39536187770251 35.800526134617584, -100.24554298911904 37.03779776082166, -97.99168657164813 38.929410680677314))"
25C,2019-03-12 13:55:00+00:00,2019-03-12 15:55:00+00:00,0.0,30000.0,"POLYGON ((-101.7309090909091 36.103763788013566, -101.5490909090909 36.103763788013566, -101.5490909090909 35.92194560619538, -101.7309090909091 35.92194560619538, -101.7309090909091 36.103763788013566))"
29C,2019-03-12 14:55:00+00:00,2019-03-12 16:55:00+00:00,0.0,33000.0,"POLYGON ((-94.8830163154445 36.544756992312, -93.82912378816934 36.014366277059125, -94.11320771535303 35.69730859080518, -95.17150600779054 36.19840899062863, -94.8830163154445 36.544756992312))"
28C,2019-03-12 14:55:00+00:00,2019-03-12 16:55:00+00:00,0.0,40000.0,"POLYGON ((-98.38246012859362 39.51573339487693, -95.36042917512835 37.46730181069597, -96.36281469230929 36.38963652114734, -99.40004872876624 37.26127423068664, -98.38246012859362 39.51573339487693))"
27C,2019-03-12 14:55:00+00:00,2019-03-12 16:55:00+00:00,0.0,40000.0,"POLYGON ((-103.74372208916489 35.06227445743401, -102.84 34.83273791147279, -103.37870040896122 31.98756535250064, -104.33043514958486 32.247349795247345, -103.74372208916489 35.06227445743401))"
30C,2019-03-12 14:55:00+00:00,2019-03-12 16:55:00+00:00,0.0,34000.0,"POLYGON ((-97.38425458222001 32.86952856133956, -96.88107378904945 32.81457460956457, -97.04 32.58085812115821, -97.51618308980215 32.703122937839986, -97.38425458222001 32.86952856133956))"
32C,2019-03-12 14:55:00+00:00,2019-03-12 16:55:00+00:00,0.0,29000.0,"POLYGON ((-93.38333448159365 35.38676079764235, -92.42923999045814 34.8842007209623, -92.88320360655288 34.677980824440674, -93.77949560924868 35.22303331895126, -93.38333448159365 35.38676079764235))"
31C,2019-03-12 14:55:00+00:00,2019-03-12 16:55:00+00:00,0.0,33000.0,"POLYGON ((-98.3730108208536 32.04253345908895, -98.11922346030411 31.65718826241764, -98.2890591074724 31.655951148463558, -98.98242193513745 31.312908419662534, -98.3730108208536 32.04253345908895))"
ROMEO 2,2019-03-12 15:32:00+00:00,2019-03-12 19:35:00+00:00,0.0,56000.0,"POLYGON ((166.3 5.2, 178.2 4.5, 167 3.3, 166.3 5.2))"
33C,2019-03-12 15:55:00+00:00,2019-03-12 17:55:00+00:00,0.0,40000.0,"POLYGON ((-101.84435553366866 35.69052683524906, -102.51863359060624 32.677407531962324, -103.71267677531277 32.03510067073677, -103.21076695745933 34.192758149477946, -103.39592552442757 35.58052753395074, -101.84435553366866 35.69052683524906))"
39C,2019-03-12 15:55:00+00:00,2019-03-12 17:55:00+00:00,0.0,26000.0,"POLYGON ((-107.38999486616244 37.78164653295627, -107.04 37.72714530289553, -107.44788021809492 37.2494153324735, -107.81190134761187 37.27394192601544, -107.38999486616244 37.78164653295627))"
35C,2019-03-12 15:55:00+00:00,2019-03-12 17:55:00+00:00,0.0,34000.0,"POLYGON ((-94.12 36.25, -93.29481744226602 35.97053807292037, -93.38333448159365 35.38676079764235, -94.37286428229764 36.04527947421946, -94.12 36.25))"
36C,2019-03-12 15:55:00+00:00,2019-03-12 17:55:00+00:00,0.0,30000.0,"POLYGON ((-97.10596998213867 33.00354882484096, -96.56203090360304 33.035066262352245, -96.79713379715986 32.665311071042176, -97.28286620284015 32.665311071042176, -97.10596998213867 33.00354882484096))"
41C,2019-03-12 15:55:00+00:00,2019-03-12 17:55:00+00:00,0.0,30000.0,"POLYGON ((-100.55983705803853 34.903969006029456, -100.08794879785114 34.77053262075429, -100.29 34.5145709394209, -100.6629176740479 34.67611637782653, -100.55983705803853 34.903969006029456))"
40C,2019-03-12 15:55:00+00:00,2019-03-12 17:55:00+00:00,0.0,33000.0,"POLYGON ((-97.26100793616195 39.59728348960437, -96.49747854350487 39.66537844554604, -97.10370270256252 39.09483891790272, -97.47722229149217 39.19704546601324, -97.26100793616195 39.59728348960437))"
38C,2019-03-12 15:55:00+00:00,2019-03-12 17:55:00+00:00,0.0,29000.0,"POLYGON ((-92.80542916263457 35.189541308570945, -92.24738598993083 34.81354759952805, -92.5316060899 34.67949519828053, -92.99481792173897 34.95391627588608, -92.80542916263457 35.189541308570945))"
34C,2019-03-12 15:55:00+00:00,2019-03-12 17:55:00+00:00,0.0,40000.0,"POLYGON ((-97.47829368137049 38.66278192047909, -94.99062518750894 37.56051465097644, -95.40845858460116 36.506076726741604, -98.2664433325619 37.017332345092775, -97.47829368137049 38.66278192047909))"
37C,2019-03-12 15:55:00+00:00,2019-03-12 17:55:00+00:00,0.0,32000.0,"POLYGON ((-97.87383535740682 32.16971493790312, -97.75253162402399 32.068001113887796, -97.89917146352288 31.879756724646285, -98.2890591074724 31.655951148463558, -97.87383535740682 32.16971493790312))"
44C,2019-03-12 16:55:00+00:00,2019-03-12 18:55:00+00:00,0.0,34000.0,"POLYGON ((-92.98202410595856 35.862601163817615, -92.27421922468707 35.65703212667444, -92.57075327794799 35.44790273046866, -93.1333981384234 35.76668576354224, -92.98202410595856 35.862601163817615))"
45C,2019-03-12 16:55:00+00:00,2019-03-12 18:55:00+00:00,0.0,28000.0,"POLYGON ((-96.77491362197713 33.40398534612547, -96.08227754895289 33.19830344073301, -96.2423934521241 33.14409540790052, -96.79601118593702 33.0742174826618, -96.77491362197713 33.40398534612547))"
46C,2019-03-12 16:55:00+00:00,2019-03-12 18:55:00+00:00,0.0,35000.0,"POLYGON ((-96.3543006434302 39.932777965445695, -96.0656993565698 39.932777965445695, -96.21 39.477145302895536, -96.95816602142415 39.43927361495495, -96.3543006434302 39.932777965445695))"
47C,2019-03-12 16:55:00+00:00,2019-03-12 18:55:00+00:00,0.0,29000.0,"POLYGON ((-100.29 35.237425636525366, -99.88392761702887 35.17072819612951, -99.79216475351761 34.777901998547975, -100.29 34.94828375768358, -100.29 35.237425636525366))"
43C,2019-03-12 16:55:00+00:00,2019-03-12 18:55:00+00:00,0.0,42000.0,"POLYGON ((-97.10370270256252 39.09483891790272, -94.49 37.836287181737326, -94.25767852061372 36.517053486995216, -98.22201501336033 37.237118069084445, -97.10370270256252 39.09483891790272))"
42C,2019-03-12 16:55:00+00:00,2019-03-12 18:55:00+00:00,0.0,42000.0,"POLYGON ((-103.1872906418283 36.457883827292854, -100.97 36.46171624231643, -101.84360317081853 33.566416102457005, -102.64204465211111 33.084475024991576, -102.12990146569587 35.123036978887406, -103.1872906418283 36.457883827292854))"
50C,2019-03-12 17:55:00+00:00,2019-03-12 19:55:00+00:00,0.0,35000.0,"POLYGON ((-99.88 35.50815522131804, -97.52204212006656 35.24627006805452, -97.83299103328152 34.93866126814074, -99.82201038260493 35.291341611505835, -99.88 35.50815522131804))"
49C,2019-03-12 17:55:00+00:00,2019-03-12 19:55:00+00:00,0.0,38000.0,"POLYGON ((-96.21 39.62171624231643, -93.39948167152906 37.22641353248747, -93.33 36.78171624231642, -97.45088977866443 37.647702447855806, -96.21 39.62171624231643))"
48C,2019-03-12 17:55:00+00:00,2019-03-12 19:55:00+00:00,0.0,44000.0,"POLYGON ((-101.51334735467466 37.03876122800186, -100.01783900434967 36.607053226856394, -100.77449201936804 34.20307023616194, -102.04258850829414 33.43279686624084, -101.57210754717046 35.42354717448059, -101.51334735467466 37.03876122800186))"
53C,2019-03-12 18:55:00+00:00,2019-03-12 20:55:00+00:00,0.0,41000.0,"POLYGON ((-99.68902835333594 36.40351477504035, -97.92 35.85089313279082, -98.41638819607472 35.39725360267512, -99.82201038260493 35.291341611505835, -99.68902835333594 36.40351477504035))"
54C,2019-03-12 18:55:00+00:00,2019-03-12 20:55:00+00:00,0.0,33000.0,"POLYGON ((-105.67380124125921 35.658822183906025, -105.9535638081779 34.32132231764426, -106.94654390937923 33.94738633652917, -106.82 35.618283757683585, -105.67380124125921 35.658822183906025))"
52C,2019-03-12 18:55:00+00:00,2019-03-12 20:55:00+00:00,0.0,35000.0,"POLYGON ((-94.74 38.856287181737315, -92.78434448075375 37.35874677808657, -92.98502959711217 36.691666576163676, -97.07209355636786 37.914886043485225, -96.50498968752493 38.924696392381875, -94.74 38.856287181737315))"
51C,2019-03-12 18:55:00+00:00,2019-03-12 20:55:00+00:00,0.0,43000.0,"POLYGON ((-100.80000485272443 37.78641311762497, -99.46359483039151 37.14067747100759, -99.9521564671727 35.03736763495931, -101.2661664374604 33.91963088968546, -100.80000485272443 37.78641311762497))"
8W,2019-03-12 18:55:00+00:00,2019-03-12 20:55:00+00:00,0.0,26000.0,"POLYGON ((-112.21254597400946 34.165442754876416, -111.50031362751704 33.42891638106592, -111.88782124613252 33.16279758694038, -112.66180689181944 33.64964788230482, -112.21254597400946 34.165442754876416))"
SIERRA 1,2019-03-12 19:17:00+00:00,2019-03-12 23:15:00+00:00,0.0,56000.0,"POLYGON ((-175.1 7, -173.1 6, -178 2.5, -175.1 7))"
56C,2019-03-12 19:55:00+00:00,2019-03-12 21:55:00+00:00,,,"POLYGON ((-100.1474177372623 39.10526086734057, -100.2346977037882 37.91896208587451, -100.0983639812931 34.52773056081183, -100.3576257731628 34.36998140346618, -100.1474177372623 39.10526086734057))"
61C,2019-03-12 19:55:00+00:00,2019-03-12 21:55:00+00:00,0.0,29000.0,"POLYGON ((-107.75499362747252 34.718076029484635, -107.98838037561995 33.866197425802795, -108.43192176354616 33.82975271345669, -108.2048174200188 34.73477841975422, -107.75499362747252 34.718076029484635))"
55C,2019-03-12 19:55:00+00:00,2019-03-12 21:55:00+00:00,0.0,35000.0,"POLYGON ((-94.49 38.76910686720919, -92.70207428009383 37.35834037981982, -93.01219216111737 36.74475392361326, -95.54949252698144 38.26523641987832, -94.94172145534311 38.62205792988006, -94.49 38.76910686720919))"
57C,2019-03-12 19:55:00+00:00,2019-03-12 21:55:00+00:00,0.0,41000.0,"POLYGON ((-99.25385570039397 37.910780542758076, -97.09376428761767 36.34715600899554, -99.5723277770109 34.95611303170029, -99.25385570039397 37.910780542758076))"
58C,2019-03-12 19:55:00+00:00,2019-03-12 21:55:00+00:00,0.0,33000.0,"POLYGON ((-105.86933499957229 36.24601020043358, -106.28 31.82, -107.06316757549875 31.81760199578816, -106.94490359092086 36.352503916803194, -105.86933499957229 36.24601020043358))"
59C,2019-03-12 19:55:00+00:00,2019-03-12 21:55:00+00:00,0.0,30000.0,"POLYGON ((-107.65160860792656 36.38627272218537, -108.03912959361297 35.0339026771734, -108.67172095954493 35.34133994259472, -108.40527924650114 36.124763385262376, -107.65160860792656 36.38627272218537))"
62C,2019-03-12 19:55:00+00:00,2019-03-12 21:55:00+00:00,0.0,34000.0,"POLYGON ((-97.09578914673249 35.8078626223629, -96.77789624485031 35.67384282016477, -96.89057278608281 35.397926119161184, -97.27183214767301 35.5102062470261, -97.09578914673249 35.8078626223629))"
60C,2019-03-12 19:55:00+00:00,2019-03-12 21:55:00+00:00,0.0,38000.0,"POLYGON ((-103.48655811288438 34.276996175919535, -103.57883726638748 33.88440912565845, -104.1282242119776 33.74794040362666, -103.64765920698238 34.220715682389084, -103.48655811288438 34.276996175919535))"
9W,2019-03-12 19:55:00+00:00,2019-03-12 21:55:00+00:00,0.0,26000.0,"POLYGON ((-112.27908957585319 34.299136502125464, -111.22233230424959 33.15082066716555, -111.41111512346225 32.91737503352733, -112.51229304582586 33.83793708502407, -112.27908957585319 34.299136502125464))"
64C,2019-03-12 20:55:00+00:00,2019-03-12 22:55:00+00:00,0.0,40000.0,"POLYGON ((-99.2419520801904 38.937482802290475, -96.52444204560375 36.78596614588535, -99.5723277770109 34.95611303170029, -99.2419520801904 38.937482802290475))"
63C,2019-03-12 20:55:00+00:00,2019-03-12 22:55:00+00:00,0.0,35000.0,"POLYGON ((-94.16284493748114 38.884367130175114, -92.74838872567811 37.5495776643868, -93.09116251271224 36.89864465938136, -95.12571330478038 38.268285055886736, -94.94172145534311 38.62205792988006, -94.16284493748114 38.884367130175114))"
65C,2019-03-12 20:55:00+00:00,2019-03-12 22:55:00+00:00,0.0,37000.0,"POLYGON ((-103.6 34.89085812115821, -102.9746956909629 34.76705842913415, -103.21076695745933 34.192758149477946, -103.64765920698238 34.220715682389084, -103.6 34.89085812115821))"
66C,2019-03-12 20:55:00+00:00,2019-03-12 22:55:00+00:00,0.0,40000.0,"POLYGON ((-105.54357612821939 36.81541292581162, -106.21479513470314 31.953549512726294, -107.68077272334106 34.080755212366526, -108.29604415795991 36.33912364258454, -105.54357612821939 36.81541292581162))"
10W,2019-03-12 20:55:00+00:00,2019-03-12 22:55:00+00:00,0.0,24000.0,"POLYGON ((-112.10834937819259 34.39275395200195, -111.21723192661409 33.704040797218944, -111.38145744246174 33.20706345439435, -112.51229304582586 33.83793708502407, -112.10834937819259 34.39275395200195))"
ECHO 1,2019-03-12 21:35:00+00:00,2019-03-13 01:35:00+00:00,25000.0,37000.0,"POLYGON ((171 47, 165 44.3, 165 39.45, -174.3 42.15, -176.3 45.3, 171 47))"
67C,2019-03-12 21:55:00+00:00,2019-03-12 23:55:00+00:00,0.0,35000.0,"POLYGON ((-94.28168792120775 39.64202576871947, -92.55386366427547 37.61213474549222, -93.01219216111737 36.74475392361326, -95.2 36.66089313279082, -95.19831207879226 39.64202576871947, -94.28168792120775 39.64202576871947))"
68C,2019-03-12 21:55:00+00:00,2019-03-12 23:55:00+00:00,0.0,40000.0,"POLYGON ((-98.21115973087534 38.73750735147415, -95.54949252698144 38.26523641987832, -95.5850817857034 37.032043322811624, -99.13446017673844 35.06473933972422, -98.21115973087534 38.73750735147415))"
69C,2019-03-12 21:55:00+00:00,2019-03-12 23:55:00+00:00,0.0,37000.0,"POLYGON ((-102.87509163559662 35.76604885183411, -102.84 34.666368955736395, -103.83236942257335 34.718663082252085, -103.67804210254239 35.33367985968133, -102.87509163559662 35.76604885183411))"
70C,2019-03-12 21:55:00+00:00,2019-03-12 23:55:00+00:00,0.0,42000.0,"POLYGON ((-105.82 37.35, -105.4105687639771 35.125432174486996, -105.59944182967038 31.818189202264005, -106.12290369104471 31.764578602120114, -107.68077272334106 34.080755212366526, -107.96260233041335 36.63770497800162, -105.82 37.35))"
76C,2019-03-12 22:55:00+00:00,2019-03-13 00:55:00+00:00,,,"POLYGON ((-104.7595295820168 33.56047991700953, -104.6502340330518 33.1054395990301, -104.8217406922187 33.1490450612626, -105.960122671642 31.88635272943101, -105.9827869711019 31.84395551109194, -106.0527467677994 31.56786215620411, -104.8447031622612 33.05873030889935, -104.9539987112262 33.51377062687878, -105.8115784825176 31.75243251483527, -104.6731965030943 33.01512484666685, -105.8588739797553 31.51873637828651, -105.7889141830578 31.79482973317434, -104.7595295820168 33.56047991700953))"
75C,2019-03-12 22:55:00+00:00,2019-03-13 00:55:00+00:00,0.0,32000.0,"POLYGON ((-94.34040081730656 38.15226434338206, -92.22 37.81178626558165, -92.09707481737732 36.48654279794418, -94.43830478675301 36.864399162009214, -94.49 37.60452417705444, -94.34040081730656 38.15226434338206))"
72C,2019-03-12 22:55:00+00:00,2019-03-13 00:55:00+00:00,0.0,41000.0,"POLYGON ((-96.62764605456088 39.244141615992575, -94.95886131276737 37.62087097863539, -98.35621354149416 35.99628408131475, -97.45560060445166 39.23729470163559, -96.62764605456088 39.244141615992575))"
73C,2019-03-12 22:55:00+00:00,2019-03-13 00:55:00+00:00,0.0,35000.0,"POLYGON ((-103.20678890097034 35.94789102965843, -103.19290676423967 35.179318954279736, -104.00709323576032 35.179318954279736, -103.99321109902964 35.94789102965843, -103.20678890097034 35.94789102965843))"
71C,2019-03-12 22:55:00+00:00,2019-03-13 00:55:00+00:00,0.0,32000.0,"POLYGON ((-93.46700381163896 40.40332400489701, -93.12161597563495 39.71987241196215, -93.99283279622813 39.287612313698084, -94.81162047317973 39.423544214488686, -95.02814073580899 39.82391081428245, -93.46700381163896 40.40332400489701))"
74C,2019-03-12 22:55:00+00:00,2019-03-13 00:55:00+00:00,0.0,38000.0,"POLYGON ((-105.09256251456112 37.34777287873483, -105.14 34.937145302895516, -105.48368012446501 34.05260664690216, -106.66498277762626 33.78962331931047, -107.15513606760713 34.37170741710814, -108.02084062434417 36.87354613762352, -105.09256251456112 37.34777287873483))"
ECHO 2,2019-03-12 23:00:00+00:00,2019-03-13 03:00:00+00:00,25000.0,37000.0,"POLYGON ((171.45 47.45, 165 44.3, 165 39.45, -166.3 40.3, -172.15 47.15, 171.45 47.45))"
KILO 1,2019-03-12 23:05:00+00:00,2019-03-13 03:05:00+00:00,0.0,41000.0,"POLYGON ((-59 36.15, -54.45 35.15, -68 25.15, -71.15 26.45, -59 36.15))"
80C,2019-03-12 23:55:00+00:00,2019-03-13 01:55:00+00:00,,,"POLYGON ((-105.5391311373597 37.34966798805875, -105.0089685833302 35.40207905368634, -105.323209187462 35.2988711828576, -105.3936141318657 35.5742900943568, -105.1477190055901 36.48967820486649, -105.5391311373597 37.34966798805875))"
77C,2019-03-12 23:55:00+00:00,2019-03-13 01:55:00+00:00,0.0,36000.0,"POLYGON ((-93.44516551445084 41.376151593862346, -92.75729735770827 40.43728967516404, -92.83813028587102 39.66861966646503, -93.97355288643035 39.8757013530499, -95.12565145928465 41.3593704722117, -93.44516551445084 41.376151593862346))"
78C,2019-03-12 23:55:00+00:00,2019-03-13 01:55:00+00:00,0.0,38000.0,"POLYGON ((-95.49367911332727 38.69935735359934, -94.408734245819 38.42367687629749, -94.49 37.60452417705444, -96.37666200213931 36.669134327850436, -98.0787253042685 36.65730495210532, -96.16838395018881 37.47440063553829, -95.49367911332727 38.69935735359934))"
81C,2019-03-12 23:55:00+00:00,2019-03-13 01:55:00+00:00,0.0,33000.0,"POLYGON ((-94.0661874238136 38.26923779493943, -92.22 37.97815522131804, -91.8316342939706 36.81262527272227, -93.90865848378047 37.167589140200334, -94.1683375779416 37.654739755511116, -94.0661874238136 38.26923779493943))"
82C,2019-03-12 23:55:00+00:00,2019-03-13 01:55:00+00:00,,,"POLYGON ((-105.0438004174322 35.35239275324727, -103.6079674308405 31.83026779929806, -104.2167219035622 30.38877254212483, -104.6019322603031 33.07936887998241, -103.7840567162356 31.81486221861541, -105.2361995825678 35.29777992274848, -104.6141646933538 33.10637192801486, -104.4009661753181 30.46658030732321, -103.7922117025964 31.90807556449644, -103.6161224172013 31.92348114517909, -104.4339979612688 33.18798780654609, -104.4217655282181 33.16098475851364, -105.0438004174322 35.35239275324727))"
79C,2019-03-12 23:55:00+00:00,2019-03-13 01:55:00+00:00,0.0,38000.0,"POLYGON ((-102.83555615231641 36.64417179489657, -103.0693695575413 35.17884289149405, -103.9537554934282 35.17948572615507, -103.6 36.537145302895524, -102.83555615231641 36.64417179489657))"
4C,2019-03-13 00:55:00+00:00,2019-03-13 02:55:00+00:00,,,"POLYGON ((-103.8825579983262 35.0660266729444, -104.47295905634 33.24575558993639, -104.2327876629381 30.44919569590255, -104.5863108248165 33.56518253694523, -104.4678622567872 33.22171066790854, -103.7030166245195 34.97790803081009, -104.4020036873818 33.55372474223716, -104.0335211627699 30.46630890456502, -104.2736925561718 33.26286879859887, -104.2787893557246 33.28691372062671, -104.3972379237539 33.6303855896634, -104.5815450611885 33.64184338437147, -103.8825579983262 35.0660266729444))"
1C,2019-03-13 00:55:00+00:00,2019-03-13 02:55:00+00:00,0.0,38000.0,"POLYGON ((-93.33500251724523 41.674852522770095, -92.59 40.4627379114728, -92.83813028587102 39.66861966646503, -95.40482350963279 40.55469215517877, -97.9411100163286 41.25194221092902, -93.33500251724523 41.674852522770095))"
2C,2019-03-13 00:55:00+00:00,2019-03-13 02:55:00+00:00,0.0,34000.0,"POLYGON ((-95.94386493464518 37.74588626897627, -94.87781773391886 37.77438494881977, -94.69318354175225 36.439634020808136, -96.37666200213931 36.669134327850436, -99.43987105413771 36.69211636156085, -99.37438886261234 37.46653735327298, -95.94386493464518 37.74588626897627))"
5C,2019-03-13 00:55:00+00:00,2019-03-13 02:55:00+00:00,0.0,34000.0,"POLYGON ((-94.891745282205 39.17226081686377, -92.81992444986113 38.33789878705725, -91.42849394206678 37.031282275620306, -93.52321465553622 37.29617616699439, -94.65150496863855 37.96247935218371, -94.891745282205 39.17226081686377))"
3C,2019-03-13 00:55:00+00:00,2019-03-13 02:55:00+00:00,0.0,38000.0,"POLYGON ((-102.63847823835643 36.937772132122646, -102.9893644098633 35.17846766053683, -105.14 34.99452417705442, -104.7109850579772 36.79730441391463, -102.63847823835643 36.937772132122646))"
9C,2019-03-13 01:55:00+00:00,2019-03-13 03:55:00+00:00,,,"POLYGON ((-102.8655970097898 34.35647104703408, -102.2653248086802 33.61251156373604, -102.4291623298737 33.60072649998898, -103.3260118042361 32.08846633533167, -103.3300376302478 32.08096803805588, -104.1315409344198 30.42241928640918, -102.4209762425951 33.48692242758072, -103.0212484437047 34.23088191087876, -103.1539881957639 31.98644732667046, -102.2571387214016 33.49870749132778, -103.9514656739243 30.33539687229956, -103.1499623697522 31.99394562394625, -102.8655970097898 34.35647104703408))"
7C,2019-03-13 01:55:00+00:00,2019-03-13 03:55:00+00:00,0.0,38000.0,"POLYGON ((-99.3274612446203 38.550655827398984, -94.10613633572451 37.61213474549222, -93.6803850755142 36.60211901382818, -96.52444204560375 36.78596614588535, -99.88 37.33821373441835, -99.3274612446203 38.550655827398984))"
6C,2019-03-13 01:55:00+00:00,2019-03-13 03:55:00+00:00,0.0,38000.0,"POLYGON ((-91.92538979438874 41.75485131226059, -92.43587092420485 40.2475385508534, -94.42759648121597 40.849165488669634, -94.85598223949316 41.16662043876397, -93.82066699677566 41.747283978816064, -91.92538979438874 41.75485131226059))"
10C,2019-03-13 01:55:00+00:00,2019-03-13 03:55:00+00:00,0.0,32000.0,"POLYGON ((-93.73466581861939 38.85579128560341, -92.67068110447975 38.456210444882, -91.58110626214004 37.216607091004114, -93.18222586008588 37.24226740728703, -94.0661874238136 38.26923779493943, -93.73466581861939 38.85579128560341))"
8C,2019-03-13 01:55:00+00:00,2019-03-13 03:55:00+00:00,0.0,41000.0,"POLYGON ((-102.09505085193331 37.727931947387354, -102.26576850604208 34.969221540844885, -104.67517256730102 34.7368741775676, -103.8090331057151 37.259816261304, -102.09505085193331 37.727931947387354))"
KILO 2,2019-03-13 02:45:00+00:00,2019-03-13 06:45:00+00:00,0.0,41000.0,"POLYGON ((-55.3 37.3, -52.45 36.3, -66.45 25, -69 26.15, -55.3 37.3))"
14C,2019-03-13 02:55:00+00:00,2019-03-13 04:55:00+00:00,,,"POLYGON ((-102.663674732769 34.48017392226622, -102.0187923612363 33.60112672636252, -102.1834856906003 33.59613552772757, -103.1844551386248 32.04249355273976, -103.1916974781789 32.02911611497408, -103.9918766118702 30.23763326002582, -102.1800516829648 33.48282443916717, -102.8249340544975 34.36187163507088, -103.0163278016253 31.93417366281432, -102.0153583536008 33.48781563780213, -103.8092645957625 30.15606824563173, -103.0090854620713 31.94755110058, -102.663674732769 34.48017392226622))"
12C,2019-03-13 02:55:00+00:00,2019-03-13 04:55:00+00:00,0.0,40000.0,"POLYGON ((-99.04542849406843 38.87198347317891, -97.02884026912469 38.73750735147415, -97.7403759433381 37.44248140356762, -99.37438886261234 37.46653735327298, -99.04542849406843 38.87198347317891))"
13C,2019-03-13 02:55:00+00:00,2019-03-13 04:55:00+00:00,0.0,39000.0,"POLYGON ((-101.57355849665785 37.91698936812068, -102.4552775052322 35.28726475362841, -103.88869647235303 35.414939055870995, -103.13692761798923 37.84622915819548, -101.57355849665785 37.91698936812068))"
11C,2019-03-13 02:55:00+00:00,2019-03-13 04:55:00+00:00,0.0,37000.0,"POLYGON ((-93.65542221739128 42.137678612479895, -91.35306402302874 41.980829874724655, -91.61 41.02089313279083, -93.81905777297887 41.13246617619712, -94.09385426429756 41.43914701819818, -93.65542221739128 42.137678612479895))"
15C,2019-03-13 02:55:00+00:00,2019-03-13 04:55:00+00:00,0.0,33000.0,"POLYGON ((-93.64239263742269 38.26695125345406, -92.55386366427547 37.61213474549222, -92.5591128840923 37.10282846638978, -93.56883748728775 36.89864465938136, -94.42594059569385 37.412153045848186, -93.64239263742269 38.26695125345406))"
19C,2019-03-13 03:55:00+00:00,2019-03-13 05:55:00+00:00,,,"POLYGON ((-101.7389095132721 35.47218463410556, -102.1374954844385 31.99862960470504, -103.6335812788696 30.15140156235289, -101.811809224465 33.6252450694341, -102.1170145722735 32.04263150095301, -101.5410904867279 35.44272902789658, -101.8110904867279 33.62945325322849, -103.7890010056097 30.27727732864658, -102.2929152111786 32.12450537099873, -102.3133961233436 32.08050347475077, -102.008190775535 33.66311704323186, -102.0089095132721 33.65890885943747, -101.7389095132721 35.47218463410556))"
17C,2019-03-13 03:55:00+00:00,2019-03-13 05:55:00+00:00,0.0,43000.0,"POLYGON ((-98.81188375670474 39.3059558370838, -96.62764605456088 39.244141615992575, -97.41828600053661 38.05729947938742, -98.94892829220127 38.187771245522406, -98.81188375670474 39.3059558370838))"
20C,2019-03-13 03:55:00+00:00,2019-03-13 05:55:00+00:00,0.0,31000.0,"POLYGON ((-92.64700626739189 38.809222910990734, -91.91905215196232 38.57433215630024, -92.07420409425838 37.35336186537687, -92.91137942485842 37.3592623839089, -93.77611730141368 37.712085859526454, -92.64700626739189 38.809222910990734))"
18C,2019-03-13 03:55:00+00:00,2019-03-13 05:55:00+00:00,0.0,43000.0,"POLYGON ((-102.29479694641607 38.917866735622994, -100.55605810569212 38.644723941847474, -102.11954172767665 36.652443772251516, -103.12580721069573 36.33682047036333, -102.29479694641607 38.917866735622994))"
16C,2019-03-13 03:55:00+00:00,2019-03-13 05:55:00+00:00,0.0,34000.0,"POLYGON ((-90.71 42.4, -91.20232602097151 41.21259694127821, -92.87861459690326 41.437423625752295, -92.9627506093677 41.94909978765986, -90.71 42.4))"
26C,2019-03-13 04:55:00+00:00,2019-03-13 06:55:00+00:00,,,"POLYGON ((-100.8479618864874 41.16687290628254, -103.3122288424297 40.22705477262982, -104.8465578814813 41.07080171440057, -100.7888480962482 40.97580862442025, -103.2344859491205 40.21914745454285, -104.7501858851021 41.24605136008892, -103.2158568460505 40.40230441831817, -103.2935997393597 40.41021173640515, -100.8479618864874 41.16687290628254))"
25C,2019-03-13 04:55:00+00:00,2019-03-13 06:55:00+00:00,0.0,22000.0,"POLYGON ((-91.58752017443607 40.08487597832706, -91.07070918014108 37.667016371402305, -91.58110626214004 37.216607091004114, -92.62418464408016 38.040775832978476, -92.67516884235984 39.16204101951247, -91.58752017443607 40.08487597832706))"
24C,2019-03-13 04:55:00+00:00,2019-03-13 06:55:00+00:00,0.0,45000.0,"POLYGON ((-101.16239918021087 36.97617797881557, -100.19368851586664 35.72476941049912, -102.00990102739007 29.79993238755002, -102.70949642533014 29.848483223811545, -103.28603676392001 35.79441544762327, -101.16239918021087 36.97617797881557))"
21C,2019-03-13 04:55:00+00:00,2019-03-13 06:55:00+00:00,0.0,22000.0,"POLYGON ((-88.91975519977423 42.64764707816552, -89.18247935497511 41.03194779435294, -90.47620108841214 40.10189822653681, -92.63138385051435 41.19713552493705, -92.53221051056437 42.49900961081331, -88.91975519977423 42.64764707816552))"
23C,2019-03-13 04:55:00+00:00,2019-03-13 06:55:00+00:00,0.0,43000.0,"POLYGON ((-100.7487334373556 39.42482545689972, -100.85976722930391 38.02215589252711, -104.14493028727843 37.25875130686152, -103.64185965177249 38.90073672242917, -100.7487334373556 39.42482545689972))"
22C,2019-03-13 04:55:00+00:00,2019-03-13 06:55:00+00:00,0.0,43000.0,"POLYGON ((-99.71921656765328 39.92010612626391, -96.49747854350487 39.66537844554604, -96.76486451110385 38.650250148577946, -98.13388682001312 38.76289750034191, -99.71921656765328 39.92010612626391))"
32C,2019-03-13 05:55:00+00:00,2019-03-13 07:55:00+00:00,,,"POLYGON ((-100.8153297894253 41.17129346983213, -103.0293340434693 41.2394107880986, -103.0313351932717 41.23945231551151, -104.7972978311516 41.25842076913839, -103.0354844473543 41.03950537913713, -100.8214801933103 40.97138806087066, -104.7994459354319 41.0584323053511, -103.033483297552 41.03946385172422, -100.8153297894253 41.17129346983213))"
27C,2019-03-13 05:55:00+00:00,2019-03-13 07:55:00+00:00,0.0,24000.0,"POLYGON ((-88.60110220166237 42.88426878015464, -88.5734159882184 41.088606068255814, -89.59 40.49452417705442, -91.69523610459778 41.6736734493593, -91.19062324471503 42.75192148043822, -88.60110220166237 42.88426878015464))"
31C,2019-03-13 05:55:00+00:00,2019-03-13 07:55:00+00:00,0.0,22000.0,"POLYGON ((-91.28000000000002 40.51547582294557, -90.15008780344714 39.474357431332706, -90.61903331809752 37.79669489146906, -92.22 37.97815522131804, -92.30188155505861 38.963676329022434, -91.28000000000002 40.51547582294557))"
28C,2019-03-13 05:55:00+00:00,2019-03-13 07:55:00+00:00,0.0,43000.0,"POLYGON ((-97.34561511660537 40.194451492259766, -95.08460833365532 39.17884188210968, -96.50498968752493 38.924696392381875, -98.14869799574696 39.337719389854165, -97.34561511660537 40.194451492259766))"
30C,2019-03-13 05:55:00+00:00,2019-03-13 07:55:00+00:00,0.0,45000.0,"POLYGON ((-100.29872728347469 37.25941115779838, -98.85524360757178 33.45545042611089, -101.08950007157628 30.027449896017245, -101.84683123928569 29.742949417867504, -102.69180069793336 37.256531488502496, -100.29872728347469 37.25941115779838))"
29C,2019-03-13 05:55:00+00:00,2019-03-13 07:55:00+00:00,0.0,45000.0,"POLYGON ((-98.35000000000001 40.51257436347464, -100.85976722930391 38.02215589252711, -103.0819029174621 38.50603118757541, -100.72404297197792 40.30214985368256, -98.35000000000001 40.51257436347464))"
38C,2019-03-13 06:55:00+00:00,2019-03-13 08:55:00+00:00,,,"POLYGON ((-100.5631680151785 41.26384192396928, -103.1729960372048 42.07064913984541, -103.2439166903928 42.06614449620737, -104.8799577154466 41.32237489670741, -103.2320661863762 41.87957136123975, -100.6222381643498 41.07276414536362, -104.7971865582421 41.14030640537784, -103.1611455331882 41.8840760048778, -100.5631680151785 41.26384192396928))"
35C,2019-03-13 06:55:00+00:00,2019-03-13 08:55:00+00:00,0.0,45000.0,"POLYGON ((-100.43912376604078 40.814300245341244, -99.58854351861606 39.87734114716339, -100.47507264700144 38.7986277239824, -103.01413670981476 39.85247164237417, -100.43912376604078 40.814300245341244))"
37C,2019-03-13 06:55:00+00:00,2019-03-13 08:55:00+00:00,0.0,22000.0,"POLYGON ((-90.36433381314544 40.56919116641662, -88.55506460898596 39.50431915799651, -90.55443304538477 38.28437682959165, -91.4713192263066 38.21939860491814, -91.7373489965223 39.49617779744893, -90.36433381314544 40.56919116641662))"
36C,2019-03-13 06:55:00+00:00,2019-03-13 08:55:00+00:00,0.0,45000.0,"POLYGON ((-101.57355849665785 37.91698936812068, -98.74032871452836 37.36229953977741, -98.59 32.99178626558165, -100.77 29.36, -101.83211056267488 29.737792400322206, -101.57355849665785 37.91698936812068))"
34C,2019-03-13 06:55:00+00:00,2019-03-13 08:55:00+00:00,0.0,43000.0,"POLYGON ((-94.91460800351501 42.41730053635912, -94.98842622358823 39.75085154885125, -97.62 39.92821373441836, -99.73586358180314 40.72720967161105, -94.91460800351501 42.41730053635912))"
33C,2019-03-13 06:55:00+00:00,2019-03-13 08:55:00+00:00,0.0,24000.0,"POLYGON ((-91.01226018242757 42.93386958018479, -88.50591002982006 42.71907850452585, -88.32 41.26085812115821, -89.31927950262106 40.95522834343825, -91.33606429386849 41.72412976082981, -91.01226018242757 42.93386958018479))"
40C,2019-03-13 07:55:00+00:00,2019-03-13 09:55:00+00:00,0.0,43000.0,"POLYGON ((-94.12985513352812 42.72752923037666, -94.12788178373465 39.758965403599206, -98.09723686822748 40.91860772677332, -98.60637307719314 41.84083127931265, -94.12985513352812 42.72752923037666))"
42C,2019-03-13 07:55:00+00:00,2019-03-13 09:55:00+00:00,0.0,45000.0,"POLYGON ((-99.77647609140726 38.90619643610983, -97.45530307031594 34.44495122397023, -100.50066585862653 29.124448292480693, -101.47719140418367 29.61280135552095, -101.33034849469558 38.389042075919455, -99.77647609140726 38.90619643610983))"
41C,2019-03-13 07:55:00+00:00,2019-03-13 09:55:00+00:00,0.0,45000.0,"POLYGON ((-100.47194728474457 42.92191548287576, -98.66243546964549 41.14429536350664, -99.63608630949078 39.06748970489262, -103.33366402628106 40.04225772717701, -103.04714899444285 42.65771748292251, -100.47194728474457 42.92191548287576))"
39C,2019-03-13 07:55:00+00:00,2019-03-13 09:55:00+00:00,0.0,24000.0,"POLYGON ((-89.76 43.4054290605791, -87.6752763559411 42.39048007853385, -88.51317892131797 41.54983834816765, -90.13654142096091 41.567621272117705, -90.34889386663792 42.28878296639833, -89.76 43.4054290605791))"
43C,2019-03-13 07:55:00+00:00,2019-03-13 09:55:00+00:00,0.0,22000.0,"POLYGON ((-89.61202238257115 39.73757380355236, -88.86000000000001 39.16171624231642, -89.4556416175735 38.52356663512859, -90.62156804334174 38.592782134362395, -91.13643082315136 39.582779069827716, -89.61202238257115 39.73757380355236))"
47C,2019-03-13 09:00:00+00:00,2019-03-13 10:55:00+00:00,0.0,35000.0,"POLYGON ((-100.31240752634595 39.41367586655019, -97.01931771631169 35.869175835046555, -101.0668240222753 34.81808302325164, -101.57355849665785 37.91698936812068, -100.31240752634595 39.41367586655019))"
45C,2019-03-13 09:00:00+00:00,2019-03-13 10:55:00+00:00,0.0,42000.0,"POLYGON ((-97.09578914673249 35.8078626223629, -96.88107378904945 32.81457460956457, -100.58030849248179 28.959167454004582, -101.14154671898021 34.880067519061825, -97.09578914673249 35.8078626223629))"
46C,2019-03-13 09:00:00+00:00,2019-03-13 10:55:00+00:00,0.0,26000.0,"POLYGON ((-91.49746289146161 40.2504960032215, -88.16297794382697 39.95921881845106, -87.64564777320861 39.18264680100069, -88.18551146650078 38.73063456762337, -89.92302321506419 38.85867735263903, -91.49746289146161 40.2504960032215))"
44C,2019-03-13 09:00:00+00:00,2019-03-13 10:55:00+00:00,0.0,44000.0,"POLYGON ((-93.1041991104986 42.689078737606685, -95.16384470607835 41.16856447908933, -99.3640869544205 39.53342462730328, -101.46791737386731 40.473315796292944, -100.4043942742643 42.262569925678875, -93.1041991104986 42.689078737606685))"
48C,2019-03-13 09:55:00+00:00,2019-03-13 11:55:00+00:00,0.0,39000.0,"POLYGON ((-100.25128814916161 43.03081913894418, -92.28311731705419 42.7668798752431, -99.15570727406134 39.25506480840629, -100.62630373001285 39.131994522088945, -100.25128814916161 43.03081913894418))"
51C,2019-03-13 09:55:00+00:00,2019-03-13 11:55:00+00:00,0.0,35000.0,"POLYGON ((-98.51843031911221 38.22069658208942, -96.36002649131596 36.0076474131216, -98.82454753749143 35.39382082439066, -100.5353267996363 37.85617295886651, -98.51843031911221 38.22069658208942))"
49C,2019-03-13 09:55:00+00:00,2019-03-13 11:55:00+00:00,0.0,40000.0,"POLYGON ((-96.36002649131596 36.0076474131216, -96.2476913484298 32.86750276830183, -99.34143101478287 29.318752834249235, -100.5518351383374 28.898707942725284, -98.82454753749143 35.39382082439066, -96.36002649131596 36.0076474131216))"
50C,2019-03-13 09:55:00+00:00,2019-03-13 11:55:00+00:00,0.0,36000.0,"POLYGON ((-90.10099784323266 39.625187728246765, -88.55404117788518 39.30328706357889, -88.59478569044865 39.107481331548485, -90.14174235579613 39.42938199621636, -90.10099784323266 39.625187728246765))"
55C,2019-03-13 10:55:00+00:00,2019-03-13 12:55:00+00:00,0.0,32000.0,"POLYGON ((-96.3176168481689 37.7432677027057, -96.10809675674936 36.81439993308308, -99.2922670283863 36.809126975663226, -99.88644150334216 37.91698936812068, -96.3176168481689 37.7432677027057))"
53C,2019-03-13 10:55:00+00:00,2019-03-13 12:55:00+00:00,0.0,40000.0,"POLYGON ((-96.10809675674936 36.81439993308308, -95.73455624607473 33.23966253602434, -98.73007270315655 29.404445190405358, -100.0989708229346 28.770118416071504, -99.2922670283863 36.809126975663226, -96.10809675674936 36.81439993308308))"
52C,2019-03-13 10:55:00+00:00,2019-03-13 12:55:00+00:00,0.0,35000.0,"POLYGON ((-100.25128814916161 43.03081913894418, -93.41696290220658 42.93626215142394, -98.61235394543912 39.244141615992575, -101.08520305358392 38.917866735622994, -100.25128814916161 43.03081913894418))"
54C,2019-03-13 10:55:00+00:00,2019-03-13 12:55:00+00:00,0.0,33000.0,"POLYGON ((-90.51366731851463 39.946701654688866, -87.79888258860375 39.58778465943831, -87.8250961415322 39.389509977134026, -90.53988087144309 39.74842697238458, -90.51366731851463 39.946701654688866))"
59C,2019-03-13 12:20:00+00:00,2019-03-13 13:55:00+00:00,0.0,30000.0,"POLYGON ((-98.68927808233695 38.92512254310652, -96.44088287444356 38.54205367350181, -95.60356303891807 37.92784318440137, -99.2922670283863 36.809126975663226, -99.88644150334216 37.91698936812068, -98.68927808233695 38.92512254310652))"
56C,2019-03-13 12:20:00+00:00,2019-03-13 13:55:00+00:00,0.0,30000.0,"POLYGON ((-100.5165270174106 43.49103491467323, -93.41696290220658 42.93626215142394, -98.35000000000001 40.21541730984526, -100.68811341142981 39.61202672807144, -100.5165270174106 43.49103491467323))"
57C,2019-03-13 12:20:00+00:00,2019-03-13 13:55:00+00:00,0.0,40000.0,"POLYGON ((-96.0940458238549 37.86249922665505, -94.75 33.08547582294557, -98.46 29.473631044263605, -99.60845674039682 29.63505248351929, -99.2922670283863 36.809126975663226, -96.0940458238549 37.86249922665505))"
58C,2019-03-13 12:20:00+00:00,2019-03-13 13:55:00+00:00,0.0,31000.0,"POLYGON ((-90.20558832207023 40.27392793235652, -87.59914587385413 39.58608858149099, -87.65017867860533 39.392709025076094, -90.25662112682143 40.080548375941625, -90.20558832207023 40.27392793235652))"
60C,2019-03-13 12:20:00+00:00,2019-03-13 13:55:00+00:00,0.0,41000.0,"POLYGON ((-94.5999463189845 32.255425751514466, -94.4167400405038 32.17520443561118, -95.4939014166773 29.715225752516275, -95.677107695158 29.795447068419556, -94.5999463189845 32.255425751514466))"
65C,2019-03-13 12:55:00+00:00,2019-03-13 14:55:00+00:00,,,"POLYGON ((-92.81182929717524 33.44121196344945, -94.79182929717524 31.39703090711646, -94.81198004515363 31.36669547641008, -95.41733721498336 29.94766637296858, -94.64817070282476 31.25788275488566, -92.66817070282475 33.30206381121864, -95.2333771246761 29.86918908215054, -94.62801995484637 31.28821818559204, -92.81182929717524 33.44121196344945))"
63C,2019-03-13 12:55:00+00:00,2019-03-13 14:55:00+00:00,0.0,37000.0,"POLYGON ((-95.60458730688676 40.38942541845226, -94.49 37.60452417705444, -95.494311111041 36.92435441222165, -97.62 39.76184477868197, -95.60458730688676 40.38942541845226))"
61C,2019-03-13 12:55:00+00:00,2019-03-13 14:55:00+00:00,0.0,36000.0,"POLYGON ((-95.18094779438684 33.88704725062193, -94.75 32.08726208852722, -98.46 28.97452417705443, -99.22565175848308 29.637801042878127, -97.47572722839885 33.59480051591332, -95.18094779438684 33.88704725062193))"
67C,2019-03-13 12:55:00+00:00,2019-03-13 14:55:00+00:00,0.0,33000.0,"POLYGON ((-102.7503532087865 38.87323488067185, -102.20489866333197 38.87323488067185, -102.20489866333197 38.327780335217305, -102.7503532087865 38.327780335217305, -102.7503532087865 38.87323488067185))"
66C,2019-03-13 12:55:00+00:00,2019-03-13 14:55:00+00:00,0.0,30000.0,"POLYGON ((-88.86116246715706 39.83999324312227, -87.39509424098483 39.857036956374486, -87.39276930667071 39.657050470129946, -88.85883753284294 39.64000675687773, -88.86116246715706 39.83999324312227))"
64C,2019-03-13 12:55:00+00:00,2019-03-13 14:55:00+00:00,0.0,33000.0,"POLYGON ((-98.68521639489282 41.46588580928281, -97.21422508871284 40.61370776078979, -97.31448093338669 40.44065064418162, -98.78547223956667 41.29282869267465, -98.68521639489282 41.46588580928281))"
62C,2019-03-13 12:55:00+00:00,2019-03-13 14:55:00+00:00,0.0,40000.0,"POLYGON ((-95.25254063001309 36.19879858813759, -92.66628738458486 34.51305911215252, -92.79775569339368 34.16730342774377, -94.75 31.986287181737314, -95.79 35.91085812115821, -95.25254063001309 36.19879858813759))"
68C,2019-03-13 13:55:00+00:00,2019-03-13 15:55:00+00:00,0.0,36000.0,"POLYGON ((-95.94671552983252 32.48324125542623, -95.10883551443149 31.1594157937704, -98.09649557428806 28.870980160276076, -98.63673326408035 29.57621619695494, -97.5711969890565 32.27446611431656, -95.94671552983252 32.48324125542623))"
70C,2019-03-13 13:55:00+00:00,2019-03-13 15:55:00+00:00,0.0,37000.0,"POLYGON ((-94.5476158166436 42.148595528958744, -94.6058430501672 37.62908336415014, -96.33689217727876 38.922976622584734, -96.42781812891101 40.199795881966224, -95.08173984454123 42.01905578771035, -94.5476158166436 42.148595528958744))"
73C,2019-03-13 13:55:00+00:00,2019-03-13 15:55:00+00:00,0.0,35000.0,"POLYGON ((-103.34586329018525 39.85247164237417, -101.99341297224385 39.154324090087044, -102.93460050215498 38.66086163624919, -103.90076960969118 39.21931203506277, -103.34586329018525 39.85247164237417))"
72C,2019-03-13 13:55:00+00:00,2019-03-13 15:55:00+00:00,0.0,41000.0,"POLYGON ((-94.3776293483607 34.124440010838626, -93.0206178942635 33.024403432418154, -94.58189559925312 29.957772380150647, -94.99563122805353 29.832192574955673, -95.30456035651694 31.948221909203493, -94.3776293483607 34.124440010838626))"
69C,2019-03-13 13:55:00+00:00,2019-03-13 15:55:00+00:00,0.0,40000.0,"POLYGON ((-93.82912378816934 36.014366277059125, -92.18 35.844582690154745, -92.04 33.01910686720918, -93.0206178942635 33.024403432418154, -94.30030638634494 33.97090183154191, -93.82912378816934 36.014366277059125))"
71C,2019-03-13 13:55:00+00:00,2019-03-13 15:55:00+00:00,0.0,33000.0,"POLYGON ((-98.21008397693831 42.237542946105776, -96.28926490899204 40.54201185864414, -96.42161955017295 40.39207104045952, -98.34243861811922 42.08760212792116, -98.21008397693831 42.237542946105776))"
1W,2019-03-13 13:55:00+00:00,2019-03-13 15:55:00+00:00,0.0,28000.0,"POLYGON ((-112.35723220240854 34.89669475527492, -111.62995947513582 34.89669475527492, -111.62995947513582 34.16942202800219, -112.35723220240854 34.16942202800219, -112.35723220240854 34.89669475527492))"
76C,2019-03-13 14:55:00+00:00,2019-03-13 16:55:00+00:00,0.0,30000.0,"POLYGON ((-95.74 41.835475822945575, -94.06087521282147 41.566603174929845, -92.88805881764726 37.00625442718976, -93.90865848378047 37.167589140200334, -96.98685190466568 40.78561883257088, -95.74 41.835475822945575))"
74C,2019-03-13 14:55:00+00:00,2019-03-13 16:55:00+00:00,0.0,32000.0,"POLYGON ((-95.59278718736687 33.123042573428044, -95.10883551443149 31.1594157937704, -98.2439503521684 28.603508537447617, -98.63673326408035 29.57621619695494, -96.96406592775993 33.02368194409851, -95.59278718736687 33.123042573428044))"
78C,2019-03-13 14:55:00+00:00,2019-03-13 16:55:00+00:00,0.0,35000.0,"POLYGON ((-94.94119011628467 30.31229084207838, -94.35096847175011 30.39094910831151, -95.05785123087625 29.34485827928602, -95.56944537883241 29.498703567718135, -94.94119011628467 30.31229084207838))"
75C,2019-03-13 14:55:00+00:00,2019-03-13 16:55:00+00:00,0.0,35000.0,"POLYGON ((-94.87989573474069 35.992927494591456, -94.12 35.917262088527224, -93.35970038580021 34.09617979979481, -95.10883551443149 31.1594157937704, -95.29509642113297 32.22782617150699, -94.87989573474069 35.992927494591456))"
79C,2019-03-13 14:55:00+00:00,2019-03-13 16:55:00+00:00,0.0,33000.0,"POLYGON ((-103.78165904164582 39.96744072484128, -101.85403800745225 39.082474833154116, -102.44539949784503 38.66086163624919, -104.43 38.78910686720918, -103.78165904164582 39.96744072484128))"
77C,2019-03-13 14:55:00+00:00,2019-03-13 16:55:00+00:00,0.0,28000.0,"POLYGON ((-98.0955819841915 42.38777299526026, -96.26351821229595 41.25358999077806, -96.36879237554736 41.08353896740061, -98.2008561474429 42.21772197188281, -98.0955819841915 42.38777299526026))"
2W,2019-03-13 14:55:00+00:00,2019-03-13 16:55:00+00:00,0.0,28000.0,"POLYGON ((-111.94314116807345 34.6934230374782, -111.39768662261892 34.6934230374782, -111.39768662261892 34.14796849202365, -111.94314116807345 34.14796849202365, -111.94314116807345 34.6934230374782))"
TANGO 1,2019-03-13 15:17:00+00:00,2019-03-13 19:15:00+00:00,25000.0,40000.0,"POLYGON ((-142.5 28.2, -162.3 15.3, -164.2 18.3, -142.5 28.2))"
80C,2019-03-13 15:55:00+00:00,2019-03-13 17:55:00+00:00,0.0,35000.0,"POLYGON ((-95.93725590170112 33.24716666333695, -95.2072418460442 33.341405152695316, -95.13396917822615 31.512259913371345, -96.31 29.59184477868197, -98.16876115196087 29.02486242619867, -95.93725590170112 33.24716666333695))"
81C,2019-03-13 15:55:00+00:00,2019-03-13 17:55:00+00:00,0.0,31000.0,"POLYGON ((-104.66000000000001 40.099141878841785, -103.74749614652119 40.15861477382064, -103.77415083405428 38.79931592504298, -104.57149763955343 38.55704743528232, -104.66000000000001 40.099141878841785))"
82C,2019-03-13 16:55:00+00:00,2019-03-13 18:55:00+00:00,0.0,35000.0,"POLYGON ((-94.66859394435299 33.50856061925483, -94.52488065368709 31.958685063739296, -96.05782876873732 29.703441750288487, -97.50294313868058 29.63656417232421, -95.93725590170112 33.24716666333695, -94.66859394435299 33.50856061925483))"
83C,2019-03-13 16:55:00+00:00,2019-03-13 18:55:00+00:00,0.0,26000.0,"POLYGON ((-94.01310973413271 42.40521179052705, -92.9627506093677 41.94909978765986, -93.26429964289952 41.43935589274887, -94.19892691068577 41.8476084778528, -94.01310973413271 42.40521179052705))"
3W,2019-03-13 16:55:00+00:00,2019-03-13 18:55:00+00:00,0.0,28000.0,"POLYGON ((-112.27190362497603 34.3988779785031, -110.79281404912284 34.29231583985228, -110.80718595087716 34.092832887097, -112.28627552673035 34.199395025747826, -112.27190362497603 34.3988779785031))"
85C,2019-03-13 17:55:00+00:00,2019-03-13 19:55:00+00:00,0.0,28000.0,"POLYGON ((-103.83305880452733 40.158165569947, -103.64942762974422 38.03274323767305, -104.67181607057074 37.82863647896074, -105.52628413629293 39.80677905067043, -103.83305880452733 40.158165569947))"
84C,2019-03-13 17:55:00+00:00,2019-03-13 19:55:00+00:00,0.0,35000.0,"POLYGON ((-94.07000000000001 33.84273791147278, -93.96091411508219 32.462499738357806, -95.35 30.292737911472788, -97.17412572936232 30.252184507793576, -95.93725590170112 33.24716666333695, -94.07000000000001 33.84273791147278))"
TANGO 2,2019-03-13 18:48:00+00:00,2019-03-13 22:50:00+00:00,0.0,25000.0,"POLYGON ((-143.5 29.1, -140.3 27.5, -154.1 20.3, -156.3 22.2, -143.5 29.1))"
87C,2019-03-13 18:55:00+00:00,2019-03-13 20:55:00+00:00,0.0,28000.0,"POLYGON ((-104.91032606679207 40.27084662363903, -103.58299269136381 40.286635452725825, -103.86260263971643 39.55259915939778, -105.41923039030883 39.21931203506277, -104.91032606679207 40.27084662363903))"
86C,2019-03-13 18:55:00+00:00,2019-03-13 20:55:00+00:00,0.0,35000.0,"POLYGON ((-92.92534298724674 34.42306291183953, -93.36032108541794 31.84696614422321, -94.81878765677166 29.767934630286774, -95.92608206591001 29.95874695152936, -95.46665037808015 33.502163881353276, -92.92534298724674 34.42306291183953))"
89C,2019-03-13 19:55:00+00:00,2019-03-13 21:55:00+00:00,0.0,37000.0,"POLYGON ((-92.39141112664508 36.10136698379441, -91.34023482709601 35.340840671314346, -92.63191112654536 32.51861404163612, -94.43814721203358 33.38212208118899, -92.39141112664508 36.10136698379441))"
88C,2019-03-13 19:55:00+00:00,2019-03-13 21:55:00+00:00,0.0,40000.0,"POLYGON ((-94.38997357598612 33.39893878894439, -92.55435896006598 32.51895342802501, -95.35 29.526287181737317, -95.22555502693164 32.585081841040164, -94.38997357598612 33.39893878894439))"
UNIFORM 1,2019-03-13 20:17:00+00:00,2019-03-13 22:50:00+00:00,0.0,25000.0,"POLYGON ((-163.3 18.2, -162 16.5, -174.5 12, -175.4 14.2, -163.3 18.2))"
90C,2019-03-13 20:55:00+00:00,2019-03-13 22:55:00+00:00,0.0,42000.0,"POLYGON ((-93.7341518585449 32.92368203182003, -92.76708007659813 32.26324115302837, -94.77391793409 29.95874695152936, -95.35 30.62547582294557, -94.45034416213147 31.804825488468147, -93.7341518585449 32.92368203182003))"
91C,2019-03-13 20:55:00+00:00,2019-03-13 22:55:00+00:00,0.0,35000.0,"POLYGON ((-90.95 35.27815522131805, -92.5856976612266 32.327821641001485, -94.43814721203358 33.38212208118899, -93.33101463122763 35.068029229266116, -90.95 35.27815522131805))"
92C,2019-03-13 21:55:00+00:00,2019-03-13 23:55:00+00:00,0.0,42000.0,"POLYGON ((-93.51818632451413 33.31777623852337, -92.31976583264029 32.75497176625328, -93.82277228427141 30.392741474644307, -94.94212584025742 30.698694659328147, -94.45034416213147 31.804825488468147, -93.51818632451413 33.31777623852337))"
93C,2019-03-13 21:55:00+00:00,2019-03-13 23:55:00+00:00,0.0,35000.0,"POLYGON ((-92.98202410595856 35.862601163817615, -90.95 35.610893132790835, -92.31976583264029 32.75497176625328, -93.99350577970831 33.66368137791016, -92.98202410595856 35.862601163817615))"
TANGO 3,2019-03-13 22:44:00+00:00,2019-03-14 02:45:00+00:00,25000.0,40000.0,"POLYGON ((-143.2 28.1, -139.5 26.4, -153.4 19.2, -156 21.1, -143.2 28.1))"
UNIFORM 2,2019-03-13 22:46:00+00:00,2019-03-14 02:45:00+00:00,25000.0,40000.0,"POLYGON ((-162.4 17.3, -174.1 11.1, -174.5 13.3, -162.4 17.3))"
95C,2019-03-13 22:55:00+00:00,2019-03-14 00:55:00+00:00,0.0,35000.0,"POLYGON ((-92.79345155051917 35.79699467114139, -90.793000372768 35.802487692064524, -91.2770612786174 33.45600939913174, -93.83969361365506 33.97090183154191, -92.79345155051917 35.79699467114139))"
96C,2019-03-13 22:55:00+00:00,2019-03-14 00:55:00+00:00,0.0,26000.0,"POLYGON ((-99.64756183524906 41.95466768348639, -97.32076768654082 41.69376061398301, -97.22090354001371 40.513947590780106, -99.28318301495011 40.192652318548085, -100.43912376604078 40.814300245341244, -99.64756183524906 41.95466768348639))"
94C,2019-03-13 22:55:00+00:00,2019-03-14 00:55:00+00:00,0.0,43000.0,"POLYGON ((-93.30580047981931 33.72928289715903, -91.47645738213365 33.454253637344074, -93.21729669720771 31.00334123033534, -94.54025999141898 31.223541819355635, -93.62733377439761 32.706200814372764, -93.30580047981931 33.72928289715903))"
UNIFORM 3,2019-03-13 23:00:00+00:00,2019-03-14 03:00:00+00:00,,,"POLYGON ((-162.4 17.3, -162.4 17.3, -174.1 11.1, -162.4 17.3))"
LIMA 1,2019-03-13 23:10:00+00:00,2019-03-14 03:10:00+00:00,0.0,40000.0,"POLYGON ((-55.45 30, -53.15 29.15, -58.15 20.15, -61.45 21, -60 26, -55.45 30))"
97C,2019-03-13 23:55:00+00:00,2019-03-14 01:55:00+00:00,0.0,45000.0,"POLYGON ((-91.89741702910396 35.78793167730311, -89.98 35.352737911472786, -92.63744892994825 31.14228624262458, -93.99959199237763 31.41266170720523, -93.53092325936785 32.53440927700298, -91.89741702910396 35.78793167730311))"
98C,2019-03-13 23:55:00+00:00,2019-03-14 01:55:00+00:00,0.0,25000.0,"POLYGON ((-98.69 42.47, -96.84789503391721 41.98821452767679, -96.62401776050685 41.16662043876397, -98.60276313177252 40.91860772677332, -99.45856059027645 41.3746803667142, -98.69 42.47))"
1C,2019-03-14 00:55:00+00:00,2019-03-14 02:55:00+00:00,0.0,45000.0,"POLYGON ((-91.56778457425219 36.10841422826572, -89.51019137508287 36.083516545278805, -91.48483455962217 32.048217220072466, -93.25330862272543 32.29820545222906, -92.38231070388889 34.67983287365655, -91.56778457425219 36.10841422826572))"
2C,2019-03-14 00:55:00+00:00,2019-03-14 02:55:00+00:00,0.0,28000.0,"POLYGON ((-98.31092335212189 43.137210162919644, -96.32724969523802 42.84770234845753, -96.45213416197984 41.38911072022567, -98.07665905514108 41.58413135746189, -99.08198438305267 42.46933217596956, -98.31092335212189 43.137210162919644))"
LIMA 2,2019-03-14 01:40:00+00:00,2019-03-14 05:40:00+00:00,0.0,42000.0,"POLYGON ((-52.3 32, -49 31, -57.15 20, -61.15 20.3, -60.15 25.3, -52.3 32))"
4C,2019-03-14 01:55:00+00:00,2019-03-14 03:55:00+00:00,0.0,27000.0,"POLYGON ((-98.15944103666924 43.641705690060455, -95.93390812137113 43.392204869410456, -96.16793007103568 41.9377377950307, -98.00734860345707 41.99431405679207, -98.77652497309047 42.623672382288014, -98.15944103666924 43.641705690060455))"
3C,2019-03-14 01:55:00+00:00,2019-03-14 03:55:00+00:00,0.0,45000.0,"POLYGON ((-90.95 36.4427379114728, -88.74850564720835 36.20964549582819, -90.82636072834498 32.17324839231626, -92.63191112654536 32.51861404163612, -92.38231070388889 34.67983287365655, -90.95 36.4427379114728))"
TANGO 4,2019-03-14 02:09:00+00:00,2019-03-14 06:10:00+00:00,25000.0,40000.0,"POLYGON ((-138.3 29.5, -153 19, -154.4 20.2, -138.3 29.5))"
UNIFORM 4,2019-03-14 02:10:00+00:00,2019-03-14 06:10:00+00:00,25000.0,35000.0,"POLYGON ((-164 18.1, -173 9.4, -173 13.1, -164 18.1))"
5C,2019-03-14 02:55:00+00:00,2019-03-14 04:55:00+00:00,0.0,43000.0,"POLYGON ((-89.25492411692368 37.984327291508095, -87.92076347166014 37.62248069672481, -90.50773560870421 32.99867694333922, -92.54103963753978 33.25984157835248, -92.02572922923206 34.372492966763645, -89.25492411692368 37.984327291508095))"
6C,2019-03-14 02:55:00+00:00,2019-03-14 04:55:00+00:00,0.0,23000.0,"POLYGON ((-97.84774010986139 43.96338077120431, -95.8603256126035 43.646313446833176, -96.17485263840608 42.572452027108, -97.11136733706935 42.459167432182845, -98.42913647727863 42.93082017708635, -97.84774010986139 43.96338077120431))"
LIMA 3,2019-03-14 03:40:00+00:00,2019-03-14 07:40:00+00:00,0.0,42000.0,"POLYGON ((-52.3 32, -49 31, -57.15 20, -63.3 21, -61.15 24.3, -52.3 32))"
7C,2019-03-14 03:55:00+00:00,2019-03-14 05:55:00+00:00,0.0,43000.0,"POLYGON ((-89.45593390677304 37.412800292515804, -88.31692852072202 36.852745154288755, -89.22013185660191 34.076181336284826, -92.18 34.18089313279082, -91.26278797123997 35.49477284765312, -89.45593390677304 37.412800292515804))"
8C,2019-03-14 04:55:00+00:00,2019-03-14 06:55:00+00:00,0.0,38000.0,"POLYGON ((-87.36955658640663 38.23603748005488, -87.6681418686348 35.80398580554524, -90.76121683834131 33.62504559393723, -91.97718400000207 35.080530685903334, -88.60986238591722 38.20357368423071, -87.36955658640663 38.23603748005488))"
UNIFORM 5,2019-03-14 05:38:00+00:00,2019-03-14 09:35:00+00:00,25000.0,38000.0,"POLYGON ((-158.2 18.5, -172.5 10.2, -173 12.4, -158.2 18.5))"
9C,2019-03-14 05:55:00+00:00,2019-03-14 07:55:00+00:00,0.0,38000.0,"POLYGON ((-88.05749703939473 39.991909033510744, -86.52667279207166 39.25862348859314, -87.26620527918679 36.60913747060022, -89.89499523901863 34.2279306828508, -91.43005871587378 34.9323722435418, -88.05749703939473 39.991909033510744))"
10C,2019-03-14 05:55:00+00:00,2019-03-14 07:55:00+00:00,0.0,32000.0,"POLYGON ((-86.67422030429019 43.359251808692186, -85.7990263464567 40.78739496270854, -86.1137124198276 40.02729141237866, -87.85972422967023 42.99189667584264, -86.67422030429019 43.359251808692186))"
11C,2019-03-14 05:55:00+00:00,2019-03-14 07:55:00+00:00,0.0,41000.0,"POLYGON ((-96.42222694047233 32.93880684023378, -96.28076937293348 32.79742170457237, -97.19927121623057 31.878449311011085, -97.34072878376942 32.01983444667249, -96.42222694047233 32.93880684023378))"
TANGO 5,2019-03-14 05:59:00+00:00,2019-03-14 10:00:00+00:00,25000.0,40000.0,"POLYGON ((-139 28.3, -139.2 24.4, -153 18.4, -154.3 21.2, -139 28.3))"
13C,2019-03-14 06:55:00+00:00,2019-03-14 08:55:00+00:00,,,"POLYGON ((-94.36707983865212 35.30235179643371, -94.87495023651205 32.49960526964893, -97.36833840967722 30.50810646098004, -94.17292016134788 35.25437242889819, -94.8402785133147 32.55375153871585, -97.49315464058677 30.66437836664939, -94.9997664674216 32.65587717531829, -95.03443819061894 32.60173090625137, -94.36707983865212 35.30235179643371))"
12C,2019-03-14 06:55:00+00:00,2019-03-14 08:55:00+00:00,0.0,35000.0,"POLYGON ((-88.05749703939473 39.991909033510744, -85.87067734532506 38.95075290363385, -86.44 37.429106867209185, -89.89499523901863 34.2279306828508, -91.43005871587378 34.9323722435418, -88.05749703939473 39.991909033510744))"
TANGO 6,2019-03-14 07:09:00+00:00,2019-03-14 10:00:00+00:00,25000.0,40000.0,"POLYGON ((-139 28.3, -153 18.4, -154.3 21.2, -139 28.3))"
LIMA 4,2019-03-14 07:21:00+00:00,2019-03-14 11:21:00+00:00,0.0,42000.0,"POLYGON ((-51.15 31.15, -49.3 28.15, -57.3 20, -62 22, -51.15 31.15))"
15C,2019-03-14 07:55:00+00:00,2019-03-14 09:55:00+00:00,,,"POLYGON ((-94.36707983865212 35.30235179643371, -94.87495023651205 32.49960526964893, -97.36833840967722 30.50810646098004, -94.17292016134788 35.25437242889819, -94.8402785133147 32.55375153871585, -97.49315464058677 30.66437836664939, -94.9997664674216 32.65587717531829, -95.03443819061894 32.60173090625137, -94.36707983865212 35.30235179643371))"
14C,2019-03-14 07:55:00+00:00,2019-03-14 09:55:00+00:00,0.0,35000.0,"POLYGON ((-88.05749703939473 39.991909033510744, -85.87067734532506 38.95075290363385, -86.44 37.429106867209185, -89.89499523901863 34.2279306828508, -91.43005871587378 34.9323722435418, -88.05749703939473 39.991909033510744))"
16C,2019-03-14 07:55:00+00:00,2019-03-14 09:55:00+00:00,,,"POLYGON ((-93.38838354629014 43.3769503993875, -93.12349286670009 42.93871158846498, -91.89240068307484 41.51839999089648, -93.50641082038653 43.21548968413647, -93.10694168925133 42.92347900797763, -91.74127105408093 41.6493955451728, -92.97236323770618 43.06970714274131, -92.98891441515494 43.08493972322866, -93.38838354629014 43.3769503993875))"
19C,2019-03-14 08:55:00+00:00,2019-03-14 10:55:00+00:00,0.0,30000.0,"POLYGON ((-93.68327647786064 44.10061077371012, -91.47 43.410893132790825, -91.83639994231427 42.3944863941665, -93.1692193744205 42.97224670648903, -93.68327647786064 44.10061077371012))"
18C,2019-03-14 08:55:00+00:00,2019-03-14 10:55:00+00:00,,,"POLYGON ((-91.50881408191603 36.17497806613638, -94.63100275853792 32.31710575528813, -97.4720799701872 30.29848147359965, -91.3584730866036 36.0430781604182, -94.6137522906945 32.33267432882938, -97.5879200298128 30.46151852640035, -94.74684281816353 32.48014280808881, -94.76409328600694 32.46457423454756, -91.50881408191603 36.17497806613638))"
17C,2019-03-14 08:55:00+00:00,2019-03-14 10:55:00+00:00,0.0,39000.0,"POLYGON ((-86.92493349717581 40.292776817663295, -85.91894478008291 37.988863050796425, -89.27388502271297 35.0179551114764, -89.32 36.59828375768359, -86.92493349717581 40.292776817663295))"
UNIFORM 6,2019-03-14 09:35:00+00:00,2019-03-14 13:35:00+00:00,25000.0,38000.0,"POLYGON ((-156.4 19, -169.2 11, -170 13, -156.4 19))"
20C,2019-03-14 09:55:00+00:00,2019-03-14 11:55:00+00:00,0.0,36000.0,"POLYGON ((-85.34555068897622 40.86225474201676, -83.62936245475711 39.015106850771055, -89.16742330401641 35.01729199628249, -89.32 36.68547582294558, -85.34555068897622 40.86225474201676))"
21C,2019-03-14 09:55:00+00:00,2019-03-14 11:55:00+00:00,,,"POLYGON ((-91.22627296729749 36.32710776196184, -93.75302041315638 32.57618348598524, -98.32940273727192 29.40309110662871, -91.06536097813714 36.20833347289027, -93.72954400541983 32.59897496813018, -98.44336191095917 29.56744835999016, -93.86697958684363 32.74054073934668, -93.89045599458018 32.71774925720175, -91.22627296729749 36.32710776196184))"
22C,2019-03-14 09:55:00+00:00,2019-03-14 11:55:00+00:00,0.0,24000.0,"POLYGON ((-92.80956135810067 44.56250745748204, -90.49984764325482 43.76891978980694, -91.47 43.33171624231643, -93.02429257020208 43.62385986951361, -92.80956135810067 44.56250745748204))"
24C,2019-03-14 10:55:00+00:00,2019-03-14 12:55:00+00:00,,,"POLYGON ((-90.16721473698325 37.83753644065007, -92.54057744991037 33.23768881281914, -95.45243942061161 29.83082458443884, -89.99311975609004 37.7390938806072, -92.52954713506703 33.2534397500394, -95.60447377181815 29.96076901892222, -92.69261180111691 33.36763324730253, -92.70364211596025 33.35188231008227, -90.16721473698325 37.83753644065007))"
25C,2019-03-14 10:55:00+00:00,2019-03-14 12:55:00+00:00,0.0,25000.0,"POLYGON ((-91.98131516815157 45.251829765536336, -89.76 44.548213734418354, -90.39823139419065 43.73922838156718, -92.5814129928778 44.397534794234275, -91.98131516815157 45.251829765536336))"
23C,2019-03-14 10:55:00+00:00,2019-03-14 12:55:00+00:00,0.0,33000.0,"POLYGON ((-87.25 38.65815522131805, -86.36400253824851 38.352066166173906, -86.76118568404817 37.54438857382035, -88.84207181843277 36.94128541037553, -87.25 38.65815522131805))"
1E,2019-03-14 10:55:00+00:00,2019-03-14 12:55:00+00:00,0.0,30000.0,"POLYGON ((-83.29197196771374 39.62053315547586, -82.7465174222592 39.62053315547586, -82.7465174222592 39.075078610021315, -83.29197196771374 39.075078610021315, -83.29197196771374 39.62053315547586))"
LIMA 5,2019-03-14 11:07:00+00:00,2019-03-14 15:07:00+00:00,0.0,42000.0,"POLYGON ((-51 31, -49.3 28.15, -54.3 22, -59.45 22.15, -51 31))"
27C,2019-03-14 11:55:00+00:00,2019-03-14 13:55:00+00:00,,,"POLYGON ((-90.18191110791292 37.46246198193967, -92.47929906756215 33.13057695908832, -96.16097183213395 28.84948693949654, -90.00915674941831 37.36168533969995, -92.4687409739961 33.1453919066477, -96.31261000349647 28.97989347685502, -92.63093723892467 33.2609834964468, -92.64149533249072 33.24616854888742, -90.18191110791292 37.46246198193967))"
28C,2019-03-14 11:55:00+00:00,2019-03-14 13:55:00+00:00,,,"POLYGON ((-93.45704547895392 45.03386353340277, -91.17826305885701 44.80047802961724, -88.67350990929098 44.45994764015426, -93.46003659938307 44.83388590165717, -91.16628718078194 44.79957766085311, -88.64656703271167 44.6581245343716, -91.1513201822777 44.99865492383458, -91.16329606035278 44.99955529259871, -93.45704547895392 45.03386353340277))"
2E,2019-03-14 11:55:00+00:00,2019-03-14 13:55:00+00:00,0.0,30000.0,"POLYGON ((-83.00692263509804 40.15550539663091, -82.4614680896435 40.15550539663091, -82.4614680896435 39.61005085117636, -83.00692263509804 39.61005085117636, -83.00692263509804 40.15550539663091))"
26C,2019-03-14 11:55:00+00:00,2019-03-14 13:55:00+00:00,0.0,37000.0,"POLYGON ((-86.28 38.997145302895525, -87.08469575162376 37.70676821432096, -90.23 37.09171624231643, -89.9666164165323 38.69290031307951, -86.28 38.997145302895525))"
29C,2019-03-14 11:55:00+00:00,2019-03-14 13:55:00+00:00,0.0,25000.0,"POLYGON ((-92.75874398849702 37.93409941806041, -92.60628561977812 37.804652727073076, -93.08585286854758 37.239833032720625, -93.23831123726647 37.36927972370796, -92.75874398849702 37.93409941806041))"
30C,2019-03-14 12:55:00+00:00,2019-03-14 14:55:00+00:00,0.0,31000.0,"POLYGON ((-85.9751523226841 39.484319441164665, -85.90637555986719 38.71436989484397, -87.67911357750936 38.08367721669331, -87.55384523953317 39.2543226859481, -85.9751523226841 39.484319441164665))"
31C,2019-03-14 12:55:00+00:00,2019-03-14 14:55:00+00:00,,,"POLYGON ((-87.4936551834935 39.65197990850357, -90.21740847266884 33.60528666833682, -94.99010871372273 29.77487224721956, -87.31373484141247 39.56463764779638, -90.19003982895948 33.6396046443145, -95.11529176838506 29.93085045988212, -90.34259152733117 33.76126488099938, -90.36996017104052 33.72694690502169, -87.4936551834935 39.65197990850357))"
3E,2019-03-14 12:55:00+00:00,2019-03-14 14:55:00+00:00,0.0,35000.0,"POLYGON ((-81.94381144186423 40.8763487902353, -81.75618855813576 40.80708369439755, -82.20891777630493 39.580746526540295, -82.3965406600334 39.650011622378045, -81.94381144186423 40.8763487902353))"
32C,2019-03-14 12:55:00+00:00,2019-03-14 14:55:00+00:00,0.0,30000.0,"POLYGON ((-90.39409737224166 39.800012134958834, -89.84864282678713 39.800012134958834, -89.84864282678713 39.25455758950429, -90.39409737224166 39.25455758950429, -90.39409737224166 39.800012134958834))"
33C,2019-03-14 12:55:00+00:00,2019-03-14 14:55:00+00:00,0.0,25000.0,"POLYGON ((-91.93769524113502 38.85548454380712, -91.76018545088517 38.76334185898922, -92.5137107116864 37.3117007302645, -92.69122050193624 37.4038434150824, -91.93769524113502 38.85548454380712))"
UNIFORM 7,2019-03-14 13:36:00+00:00,2019-03-14 17:35:00+00:00,25000.0,38000.0,"POLYGON ((-149 22.5, -159.2 13, -160.4 15, -149 22.5))"
34C,2019-03-14 13:55:00+00:00,2019-03-14 15:55:00+00:00,,,"POLYGON ((-89.40334199525542 35.85198824461072, -92.9738068713549 30.12952448760844, -95.88312110084321 28.67007897344251, -89.23665800474457 35.74146020605314, -92.93530388935997 30.163644263784, -95.97279912736421 28.84884656435121, -93.0634848978759 30.30829207851714, -93.10198787987082 30.27417230234158, -89.40334199525542 35.85198824461072))"
35C,2019-03-14 13:55:00+00:00,2019-03-14 15:55:00+00:00,0.0,41000.0,"POLYGON ((-87.38078521094157 40.79486564346044, -86.4613217403901 40.74940521341606, -86.28 38.88815522131803, -89.46523198348113 35.90227178704809, -90.12629585690362 36.107180886248464, -87.38078521094157 40.79486564346044))"
4E,2019-03-14 13:55:00+00:00,2019-03-14 15:55:00+00:00,0.0,28000.0,"POLYGON ((-81.22597044587653 41.2475342754786, -81.05396020955948 41.14549272216746, -81.8073049666674 39.875588398942945, -81.97931520298445 39.977629952254084, -81.22597044587653 41.2475342754786))"
36C,2019-03-14 13:55:00+00:00,2019-03-14 15:55:00+00:00,0.0,25000.0,"POLYGON ((-91.2589026636 39.121490929428525, -91.0775907748345 39.03707529703566, -91.6387471257006 37.8317971396112, -91.8200590144661 37.91621277200406, -91.2589026636 39.121490929428525))"
LIMA 6,2019-03-14 14:45:00+00:00,2019-03-14 18:45:00+00:00,0.0,41000.0,"POLYGON ((-51.45 28.3, -47.3 26.15, -56 20.15, -59 22, -51.45 28.3))"
37C,2019-03-14 14:55:00+00:00,2019-03-14 16:55:00+00:00,,,"POLYGON ((-89.10933725874901 35.8411079182076, -92.96860887021523 30.13232712350761, -95.79011974796514 28.50171855756192, -88.9468166412706 35.72454442094349, -92.93738557587619 30.16062653443074, -95.89019377676546 28.67488087667227, -93.06868289901556 30.30548944261796, -93.0999061933546 30.27719003169484, -89.10933725874901 35.8411079182076))"
39C,2019-03-14 14:55:00+00:00,2019-03-14 16:55:00+00:00,0.0,25000.0,"POLYGON ((-90.87617762613698 39.442321213587284, -90.5125412625006 39.442321213587284, -90.5125412625006 39.078684849950925, -90.87617762613698 39.078684849950925, -90.87617762613698 39.442321213587284))"
38C,2019-03-14 14:55:00+00:00,2019-03-14 16:55:00+00:00,0.0,41000.0,"POLYGON ((-86.46774464568983 41.50277286803265, -85.19 40.6908581211582, -85.86329577533824 38.63392560823894, -88.32499999589767 36.34784649060978, -89.8282078715469 36.42783842551992, -86.46774464568983 41.50277286803265))"
40C,2019-03-14 14:55:00+00:00,2019-03-14 16:55:00+00:00,0.0,31000.0,"POLYGON ((-88.59491116312238 41.63219348558924, -88.4023428731014 41.578180027281206, -88.89685654768456 39.815144374881335, -89.08942483770554 39.86915783318937, -88.59491116312238 41.63219348558924))"
43C,2019-03-14 15:55:00+00:00,2019-03-14 17:55:00+00:00,,,"POLYGON ((-89.84656453144194 41.10477524487023, -89.1324634148754 39.76897310329207, -90.28408413896383 38.82529876858093, -90.01729271267274 41.00060284865309, -89.28120916907756 39.79423523884995, -90.41084746613734 38.97999543591383, -89.25922674204891 39.92366977062497, -89.11048098784676 39.89840763506709, -89.84656453144194 41.10477524487023))"
45C,2019-03-14 15:55:00+00:00,2019-03-14 17:55:00+00:00,0.0,31000.0,"POLYGON ((-84.8636102420227 42.317667541141574, -85.4836347390498 39.46260786396473, -87.25 39.323631044263614, -86.02389893118016 42.31626285847444, -84.8636102420227 42.317667541141574))"
5E,2019-03-14 15:55:00+00:00,2019-03-14 17:55:00+00:00,0.0,26000.0,"POLYGON ((-80.8581343372417 41.75808218141629, -80.31267979178716 41.75808218141629, -80.31267979178716 41.212627635961745, -80.8581343372417 41.212627635961745, -80.8581343372417 41.75808218141629))"
41C,2019-03-14 15:55:00+00:00,2019-03-14 17:55:00+00:00,0.0,38000.0,"POLYGON ((-88.5437661000072 35.10421199798266, -88.39381450022428 34.971869571971425, -92.57090316700298 30.23898725375349, -92.7208547667859 30.371329679764724, -88.5437661000072 35.10421199798266))"
44C,2019-03-14 15:55:00+00:00,2019-03-14 17:55:00+00:00,0.0,35000.0,"POLYGON ((-87.6752763559411 42.39048007853385, -86.39402546742944 41.63641008116298, -87.94540276006703 40.28006433032856, -89.59 40.58171624231642, -87.6752763559411 42.39048007853385))"
42C,2019-03-14 15:55:00+00:00,2019-03-14 17:55:00+00:00,0.0,41000.0,"POLYGON ((-87.42293463971677 39.43454695968498, -86.28 39.14171624231642, -86.49853977754042 38.096424765408564, -89.32 35.586287181737326, -89.97869830536531 35.79689759183511, -87.42293463971677 39.43454695968498))"
48C,2019-03-14 16:55:00+00:00,2019-03-14 18:55:00+00:00,,,"POLYGON ((-89.82461825374632 41.33688826289617, -89.57677432417317 41.04066621566717, -89.00285840696309 39.73911222105453, -89.9040751577845 41.15334916515221, -89.5250032330899 40.98924308686016, -88.81985932075837 39.81980506118449, -89.39377523796846 41.12135905579712, -89.44554632905172 41.17278218460412, -89.82461825374632 41.33688826289617))"
47C,2019-03-14 16:55:00+00:00,2019-03-14 18:55:00+00:00,0.0,42000.0,"POLYGON ((-86.81684493187888 41.020839384855265, -85.65499763596836 40.626141198285254, -85.30973457529112 39.48898075185077, -88.90861140910768 36.01929752869163, -89.32 36.51910686720918, -86.81684493187888 41.020839384855265))"
49C,2019-03-14 16:55:00+00:00,2019-03-14 18:55:00+00:00,0.0,35000.0,"POLYGON ((-86.72432375168192 43.16796078385505, -85.90183568499285 42.40614490507392, -86.23483980836167 41.61626364020496, -88.6570970515835 40.93468561586149, -88.95339040020131 42.01883198294152, -86.72432375168192 43.16796078385505))"
46C,2019-03-14 16:55:00+00:00,2019-03-14 18:55:00+00:00,,,"POLYGON ((-87.86448873196804 34.99821883312856, -88.56107857215773 33.46394818220631, -91.30182332277734 30.56597646705563, -87.69333973060654 34.89473927315193, -88.54815817010842 33.48092071517609, -91.44713152004023 30.70340109297183, -88.70638676942062 33.60137280812251, -88.71930717146992 33.58440027515272, -87.86448873196804 34.99821883312856))"
50C,2019-03-14 17:55:00+00:00,2019-03-14 19:55:00+00:00,,,"POLYGON ((-86.90058744750853 36.19665263655812, -88.57147571907329 33.42093277665519, -91.22761454859724 30.63428051087976, -86.73588804725487 36.0831885120249, -88.56151147034922 33.43319597817689, -91.37238545140275 30.77227103845639, -88.7162466218788 33.55892330423182, -88.72621087060287 33.54666010271011, -86.90058744750853 36.19665263655812))"
52C,2019-03-14 17:55:00+00:00,2019-03-14 19:55:00+00:00,0.0,33000.0,"POLYGON ((-89.87405363700839 42.65163734701528, -87.9 41.99, -87.4738623247609 40.43196283439998, -88.86000000000001 40.23910686720918, -90.23475296467979 42.046093408359944, -89.87405363700839 42.65163734701528))"
53C,2019-03-14 17:55:00+00:00,2019-03-14 19:55:00+00:00,0.0,33000.0,"POLYGON ((-85.99178473731666 43.90061673907604, -84.99784290858983 43.52632887444882, -85.44478663911559 41.44083525882216, -88.31442205760814 42.11658891124656, -88.10642329466836 42.81245866865029, -85.99178473731666 43.90061673907604))"
51C,2019-03-14 17:55:00+00:00,2019-03-14 19:55:00+00:00,0.0,44000.0,"POLYGON ((-85.87950408307701 40.02599485532941, -84.84296101414795 39.287045186215074, -88.32499999589767 36.34784649060978, -88.81179212845308 36.42783842551992, -88.14719960143948 37.622683195656734, -85.87950408307701 40.02599485532941))"
LIMA 7,2019-03-14 18:30:00+00:00,2019-03-14 22:30:00+00:00,0.0,40000.0,"POLYGON ((-58 23.3, -55 21.45, -57.3 20.15, -58.45 21.15, -58 23.3))"
54C,2019-03-14 18:55:00+00:00,2019-03-14 20:55:00+00:00,,,"POLYGON ((-86.71188088534105 36.29604478668469, -87.60367197630062 34.48941680070282, -90.27428870908095 31.1584738851588, -86.54217707612467 36.19021181858187, -87.59683992552598 34.4990535132747, -90.43032841674805 31.28358027840536, -87.75971168396772 34.61452319394939, -87.76654373474236 34.60488648137751, -86.71188088534105 36.29604478668469))"
57C,2019-03-14 18:55:00+00:00,2019-03-14 20:55:00+00:00,0.0,33000.0,"POLYGON ((-85.3336324602928 44.73346253550863, -84.24749375777088 44.192116471680194, -84.20340510813278 42.461657507660846, -85.15637317898626 42.17466374059994, -87.44120723243894 42.862262156768836, -85.3336324602928 44.73346253550863))"
55C,2019-03-14 18:55:00+00:00,2019-03-14 20:55:00+00:00,0.0,44000.0,"POLYGON ((-85.39340256568363 40.91615451288153, -84.24131593917552 40.226158816140384, -84.7 39.02, -87.82751932455459 36.516536783670084, -88.31692852072202 36.852745154288755, -85.39340256568363 40.91615451288153))"
6E,2019-03-14 18:55:00+00:00,2019-03-14 20:55:00+00:00,0.0,28000.0,"POLYGON ((-83.18951485725331 42.26518351567184, -82.2609149916531 41.72595225056131, -84.04 40.29, -85.19 40.835429060579095, -83.18951485725331 42.26518351567184))"
7E,2019-03-14 18:55:00+00:00,2019-03-14 20:55:00+00:00,0.0,28000.0,"POLYGON ((-79.4517936513584 42.63885302137683, -79.08815728772203 42.63885302137683, -79.08815728772203 42.27521665774047, -79.4517936513584 42.27521665774047, -79.4517936513584 42.63885302137683))"
56C,2019-03-14 18:55:00+00:00,2019-03-14 20:55:00+00:00,0.0,33000.0,"POLYGON ((-89.76 43.55, -86.83173234368695 42.24643155054938, -87.07 40.8491418788418, -88.02143134498452 40.55609743056678, -90.18099916443535 43.242543886775074, -89.76 43.55))"
58C,2019-03-14 19:55:00+00:00,2019-03-14 21:55:00+00:00,,,"POLYGON ((-86.43197555361326 36.89329124896508, -87.33637442445104 34.49005773321817, -90.18418462436321 31.17897347382103, -86.25072345157253 36.80874732247822, -87.32156374906747 34.51299335248669, -90.3358153756368 31.30938863884492, -87.48800517572462 34.62047289824206, -87.5028158511082 34.59753727897355, -86.43197555361326 36.89329124896508))"
8E,2019-03-14 19:55:00+00:00,2019-03-14 21:55:00+00:00,0.0,28000.0,"POLYGON ((-81.85 42.25184477868197, -82.07186023270945 41.41978690303371, -83.37 41.211786265581644, -83.54108114380922 41.90246278432584, -81.85 42.25184477868197))"
60C,2019-03-14 19:55:00+00:00,2019-03-14 21:55:00+00:00,0.0,33000.0,"POLYGON ((-89.76 44.215475822945564, -86.2137172127251 42.86245843902027, -86.32 41.10452417705442, -87.07 40.8927379114728, -90.61186723044263 43.801512627072945, -89.76 44.215475822945564))"
61C,2019-03-14 19:55:00+00:00,2019-03-14 21:55:00+00:00,0.0,33000.0,"POLYGON ((-83.31232138832657 44.58353984806578, -83.14325241763945 43.56590351820263, -84.08877747447316 41.986452093437684, -86.31939756895085 42.965205192177635, -86.2624449029725 44.15663715658429, -83.31232138832657 44.58353984806578))"
59C,2019-03-14 19:55:00+00:00,2019-03-14 21:55:00+00:00,0.0,44000.0,"POLYGON ((-85.04283508139406 41.24703890682028, -83.36479423796682 40.79918105926026, -84.5686110310362 38.91769916681041, -87.34425319716841 36.926572764582154, -87.76 37.351716242316435, -85.04283508139406 41.24703890682028))"
MIKE 1,2019-03-14 20:00:00+00:00,2019-03-15 00:00:00+00:00,0.0,41000.0,"POLYGON ((-48 29.15, -43.3 29, -49.3 19.3, -54 20, -48 29.15))"
ALFA 1,2019-03-14 20:15:00+00:00,2019-03-15 00:15:00+00:00,30000.0,40000.0,"POLYGON ((-52.3 45, -48.15 45, -48.15 40, -52.45 40, -52.3 45))"
9E,2019-03-14 20:55:00+00:00,2019-03-14 22:55:00+00:00,0.0,33000.0,"POLYGON ((-89.76 44.38184477868196, -82.74617254795875 44.2571878579974, -83.37 41.37815522131804, -86.79060884204847 41.416114868550395, -89.76 44.38184477868196))"
10E,2019-03-14 20:55:00+00:00,2019-03-14 22:55:00+00:00,0.0,44000.0,"POLYGON ((-83.38568682123152 40.288157109350855, -84.0575985059627 39.018238407466264, -85.41886734215153 37.792480026001066, -87.03232871443458 37.399095692685854, -85.19 40.148155221318035, -83.38568682123152 40.288157109350855))"
62C,2019-03-14 20:55:00+00:00,2019-03-14 22:55:00+00:00,,,"POLYGON ((-86.5335345467956 35.96550825192733, -86.89075858530177 33.69361070652236, -90.13403681256628 31.22046484818382, -86.33894627275602 35.91929782446448, -86.85410098079653 33.75002411277778, -90.25530987759538 31.37950208815751, -87.01203165033087 33.85264794649605, -87.0486892548361 33.79623454024063, -86.5335345467956 35.96550825192733))"
MIKE 2,2019-03-14 21:35:00+00:00,2019-03-15 01:35:00+00:00,0.0,41000.0,"POLYGON ((-46.3 31.45, -42 31.15, -49.15 19.3, -54 20, -46.3 31.45))"
13E,2019-03-14 21:55:00+00:00,2019-03-14 23:55:00+00:00,0.0,40000.0,"POLYGON ((-81.85 40.75452417705443, -84.29465019794937 38.250770592740245, -86.44 37.76184477868196, -84.20769708967804 40.59728899147524, -81.85 40.75452417705443))"
63C,2019-03-14 21:55:00+00:00,2019-03-14 23:55:00+00:00,,,"POLYGON ((-85.35045477433525 35.28946608495692, -86.64969560283113 33.74792378413646, -88.8406934876139 32.09386918957538, -85.21101166976658 35.14609377037613, -86.6402256779818 33.75604828648144, -88.96119674248392 32.25349050884612, -86.77019885770115 33.9075451034072, -86.77966878255047 33.89942060106222, -85.35045477433525 35.28946608495692))"
12E,2019-03-14 21:55:00+00:00,2019-03-14 23:55:00+00:00,0.0,31000.0,"POLYGON ((-82.67226669353715 44.48557358156148, -82.48763027414515 44.40870100755684, -83.23063155722326 42.62412310981508, -83.41526797661527 42.70099568381972, -82.67226669353715 44.48557358156148))"
11E,2019-03-14 21:55:00+00:00,2019-03-14 23:55:00+00:00,0.0,30000.0,"POLYGON ((-85.17179919188474 43.13559997144449, -84.98822139689106 43.05623251473044, -85.80827411001526 41.159441624777834, -85.99185190500894 41.23880908149189, -85.17179919188474 43.13559997144449))"
LIMA 8,2019-03-14 22:05:00+00:00,2019-03-15 02:05:00+00:00,0.0,40000.0,"POLYGON ((-55.45 23.15, -54.3 21.45, -57.45 19.15, -59.3 20.45, -58.3 22.45, -55.45 23.15))"
64C,2019-03-14 22:55:00+00:00,2019-03-15 00:55:00+00:00,,,"POLYGON ((-85.1104461332381 35.12116337146366, -87.09100046320673 33.75218909498211, -87.09921011306834 33.74586150290578, -88.86506945917507 32.23265818007327, -86.9772808445798 33.58766600134675, -84.99672651461117 34.95664027782831, -88.73493054082492 32.08079027059057, -86.96907119471818 33.59399359342308, -85.1104461332381 35.12116337146366))"
15E,2019-03-14 22:55:00+00:00,2019-03-15 00:55:00+00:00,0.0,36000.0,"POLYGON ((-79.74422996112249 42.379310898153236, -83.30986735450715 38.74302164269356, -86.2800616023132 37.237302709545965, -83.02947849500335 41.59467407715029, -79.74422996112249 42.379310898153236))"
14E,2019-03-14 22:55:00+00:00,2019-03-15 00:55:00+00:00,0.0,30000.0,"POLYGON ((-84.16777406049296 43.86705549177776, -83.99222593950704 43.77122826590582, -85.32342482173605 41.33257411195837, -85.49897294272198 41.428401337830316, -84.16777406049296 43.86705549177776))"
16E,2019-03-14 23:55:00+00:00,2019-03-15 01:55:00+00:00,0.0,29000.0,"POLYGON ((-83.62305420928855 44.44976305235351, -81.75645907157373 44.20754730527943, -83.45574768762454 42.056263150840856, -84.7633387355324 41.74774307865043, -83.62305420928855 44.44976305235351))"
ALFA 2,2019-03-14 23:55:00+00:00,2019-03-15 03:55:00+00:00,30000.0,40000.0,"POLYGON ((-52.3 45, -45.3 45, -46.45 40, -53.3 39.45, -52.3 45))"
17E,2019-03-14 23:55:00+00:00,2019-03-15 01:55:00+00:00,0.0,34000.0,"POLYGON ((-82.2609149916531 41.72595225056131, -79.98930937991416 41.230488840168846, -84.3190106655796 37.4305155174596, -85.74960101051113 38.04455316847602, -82.2609149916531 41.72595225056131))"
18E,2019-03-14 23:55:00+00:00,2019-03-15 01:55:00+00:00,0.0,39000.0,"POLYGON ((-84.94349428070365 36.75045636747314, -83.36740235457376 34.83354758569241, -86.80117990672156 31.810179613637978, -88.48407297616792 32.268956185962125, -84.94349428070365 36.75045636747314))"
FOXTROT 1,2019-03-15 00:40:00+00:00,2019-03-15 04:40:00+00:00,0.0,50000.0,"POLYGON ((-140 8.3, -136.3 8, -135 3.3, -139.45 3.3, -140 8.3))"
1E,2019-03-15 00:55:00+00:00,2019-03-15 02:55:00+00:00,0.0,30000.0,"POLYGON ((-82.30757952064896 44.76323995603632, -81.87223680146106 43.51154452477477, -83.16269273578789 42.146146613975006, -84.40234034610455 41.887024718854825, -82.30757952064896 44.76323995603632))"
3E,2019-03-15 00:55:00+00:00,2019-03-15 02:55:00+00:00,0.0,42000.0,"POLYGON ((-83.06714213255336 37.84894240510372, -82.9255125619023 34.82676076472563, -85.21 32.71726208852722, -89.71924940815902 31.48986740793502, -84.73518726978337 37.028360110876726, -83.06714213255336 37.84894240510372))"
2E,2019-03-15 00:55:00+00:00,2019-03-15 02:55:00+00:00,0.0,35000.0,"POLYGON ((-78.91234030172407 42.25347950171066, -81.70060801783845 39.36435925198643, -84.6076567794969 37.77765252504662, -85.87802537713615 37.86434185504372, -80.91254729349988 42.209320960185345, -78.91234030172407 42.25347950171066))"
MIKE 3,2019-03-15 01:20:00+00:00,2019-03-15 05:20:00+00:00,0.0,41000.0,"POLYGON ((-44.45 33, -40.3 32.3, -49 18.15, -53.3 18.15, -44.45 33))"
5E,2019-03-15 01:55:00+00:00,2019-03-15 03:55:00+00:00,0.0,33000.0,"POLYGON ((-79.59900347887618 42.54192884393264, -79.54450557009412 41.42068755531287, -80.82 40.02, -86.29306004566763 36.81226882937747, -85.12934480115818 38.452063200793475, -79.59900347887618 42.54192884393264))"
6E,2019-03-15 01:55:00+00:00,2019-03-15 03:55:00+00:00,0.0,42000.0,"POLYGON ((-83.06714213255336 37.84894240510372, -83.01463052287924 34.46438587084129, -85.90120931136182 32.57223192555957, -89.87058799212693 31.29941256508346, -83.78838241468846 37.64438700049208, -83.06714213255336 37.84894240510372))"
4E,2019-03-15 01:55:00+00:00,2019-03-15 03:55:00+00:00,0.0,23000.0,"POLYGON ((-82.23255850612702 43.61189079505375, -82.0848367856719 43.44924628679763, -82.94536363124256 41.440687006210496, -83.37 42.043631044263606, -83.11177315767127 42.777279021223364, -82.23255850612702 43.61189079505375))"
8E,2019-03-15 02:55:00+00:00,2019-03-15 04:55:00+00:00,0.0,44000.0,"POLYGON ((-82.62942836980119 38.27790207334662, -82.7404269213381 34.5077202774099, -86.04116958947043 32.45497533058373, -89.49200792582259 31.789904925869426, -82.62942836980119 38.27790207334662))"
7E,2019-03-15 02:55:00+00:00,2019-03-15 04:55:00+00:00,0.0,35000.0,"POLYGON ((-80.76243168732164 41.66610640290601, -80.52205776882413 41.06486165522149, -81.0372424609456 40.019797179249274, -85.86459917321937 36.73761094631314, -84.79599746175148 38.352066166173906, -80.76243168732164 41.66610640290601))"
ALFA 3,2019-03-15 03:30:00+00:00,2019-03-15 07:30:00+00:00,30000.0,40000.0,"POLYGON ((-52.15 45, -44 45, -46.3 39, -53.15 39.3, -52.15 45))"
MIKE 4,2019-03-15 03:40:00+00:00,2019-03-15 07:40:00+00:00,0.0,41000.0,"POLYGON ((-44.45 33, -40.15 32.15, -49 18.15, -53.15 18.3, -53.45 24.3, -44.45 33))"
FOXTROT 2,2019-03-15 03:40:00+00:00,2019-03-15 07:40:00+00:00,0.0,50000.0,"POLYGON ((-140 8.3, -136.3 8, -134 3.45, -139.45 3.45, -140 8.3))"
1C,2019-03-15 03:55:00+00:00,2019-03-15 05:55:00+00:00,,,"POLYGON ((-88.5339848483996 32.45601831877747, -88.73990923339024 32.02097343714564, -90.01544627996856 31.06205650699059, -88.40505860381853 32.30311958281728, -88.73553687770946 32.0244559136848, -90.13562781318808 31.22192019602912, -88.86009076660976 32.18083712618416, -88.86446312229053 32.177354649645, -88.5339848483996 32.45601831877747))"
10E,2019-03-15 03:55:00+00:00,2019-03-15 05:55:00+00:00,0.0,39000.0,"POLYGON ((-83.86928161818403 37.49087212796139, -82.51274928651048 36.566722784521275, -84.93004718730424 32.8144059451283, -88.61812451644968 32.31620278778603, -85.15 35.79184477868197, -83.86928161818403 37.49087212796139))"
9E,2019-03-15 03:55:00+00:00,2019-03-15 05:55:00+00:00,0.0,33000.0,"POLYGON ((-80.20450761397544 41.866263362983176, -79.3759247013076 41.72859974644952, -80.4178390666033 40.14663890851792, -84.11 37.52910686720918, -84.52297645173783 38.09526541622195, -80.20450761397544 41.866263362983176))"
12E,2019-03-15 04:55:00+00:00,2019-03-15 06:55:00+00:00,0.0,37000.0,"POLYGON ((-84.47439186953113 36.369149992920995, -83.32212657188931 35.70766220376371, -84.6610654592526 32.857797460585665, -88.25283487334336 32.56981874089525, -86.04483788176756 34.3729053719654, -84.47439186953113 36.369149992920995))"
11E,2019-03-15 04:55:00+00:00,2019-03-15 06:55:00+00:00,0.0,33000.0,"POLYGON ((-80.46419995752024 41.290836738499145, -80.4178390666033 40.14663890851792, -84.27015109267967 37.33730231941818, -83.51940418336804 38.63203459211609, -80.46419995752024 41.290836738499145))"
2C,2019-03-15 04:55:00+00:00,2019-03-15 06:55:00+00:00,,,"POLYGON ((-86.69486749132275 32.44726660415109, -88.70766539070918 32.27330845549724, -88.78593392043342 32.22319785799198, -89.96341740261815 30.15731048193545, -88.69044437919298 32.07405124292426, -86.67764647980655 32.2480093915781, -89.78965933165347 30.05827446437299, -88.61217584946874 32.12416184042952, -86.69486749132275 32.44726660415109))"
4C,2019-03-15 05:55:00+00:00,2019-03-15 07:55:00+00:00,,,"POLYGON ((-93.04149934956348 30.21949084186944, -93.24457567896778 30.06482330801158, -93.27429662017954 30.02821011556645, -93.44603778183291 29.66701219198686, -93.12339543705664 29.90571532904649, -92.92031910765235 30.06038286290435, -93.26541565749825 29.58113059791203, -93.09367449584488 29.94232852149162, -93.04149934956348 30.21949084186944))"
13E,2019-03-15 05:55:00+00:00,2019-03-15 07:55:00+00:00,0.0,30000.0,"POLYGON ((-80.82 40.1863689557364, -80.36152779484156 39.666172368303755, -81.635124044535 38.87666962360269, -82.03 39.415475822945574, -80.82 40.1863689557364))"
14E,2019-03-15 05:55:00+00:00,2019-03-15 07:55:00+00:00,0.0,33000.0,"POLYGON ((-83.34244380877912 36.77285820568842, -82.50799555535994 35.49919474902198, -84.15819333041738 33.394398975966475, -84.81303229768135 33.04937136879667, -85.45843548416774 34.34478974454154, -83.34244380877912 36.77285820568842))"
3C,2019-03-15 05:55:00+00:00,2019-03-15 07:55:00+00:00,,,"POLYGON ((-86.53172034268788 33.67019978154796, -86.56818597808046 32.24424390805669, -89.84432545542201 29.97404863547185, -86.73171794570699 33.66922060504996, -86.72514136641371 32.32594888907717, -89.95823862906938 30.1384377740108, -86.68209915172784 32.40863304659565, -86.5251437633946 32.32692806557517, -86.53172034268788 33.67019978154796))"
5C,2019-03-15 06:55:00+00:00,2019-03-15 08:55:00+00:00,,,"POLYGON ((-91.58069591641929 30.65637583184663, -93.32340334658481 29.87004850231315, -93.32736956674303 29.86815290216241, -96.16092412312702 28.43655667684266, -93.24114698701293 29.68774685308863, -91.4984395568474 30.4740741826221, -96.0707353232387 28.25804622791962, -93.2371807668547 29.68964245323937, -91.58069591641929 30.65637583184663))"
16E,2019-03-15 06:55:00+00:00,2019-03-15 08:55:00+00:00,,,"POLYGON ((-82.39480296104816 36.57297820790767, -85.45794613308931 33.07646570494732, -88.68956890435858 30.64945722366692, -82.25013586864355 36.43487885101127, -85.44566469578174 33.08737691829814, -88.80967312214806 30.80937900726496, -85.57805035087878 33.23638748854536, -85.59033178818635 33.22547627519454, -82.39480296104816 36.57297820790767))"
15E,2019-03-15 06:55:00+00:00,2019-03-15 08:55:00+00:00,0.0,35000.0,"POLYGON ((-82.65354641805096 35.61606083465945, -81.69541856243313 35.4908893255998, -83.70377874803334 33.373150662057355, -84.80974829817337 33.756783329198136, -82.65354641805096 35.61606083465945))"
6C,2019-03-15 06:55:00+00:00,2019-03-15 08:55:00+00:00,0.0,33000.0,"POLYGON ((-90.67070663791421 31.36862459451827, -90.5260748787112 31.23048823352001, -91.70018294851192 30.001171677020622, -91.84481470771493 30.139308038018882, -90.67070663791421 31.36862459451827))"
17E,2019-03-15 06:55:00+00:00,2019-03-15 08:55:00+00:00,0.0,27000.0,"POLYGON ((-79.3568361462121 40.48478133820781, -80.12462870863918 39.796618767808106, -80.29804622901966 39.85285297352962, -80.21 40.54085812115821, -79.3568361462121 40.48478133820781))"
ALFA 4,2019-03-15 07:15:00+00:00,2019-03-15 11:15:00+00:00,27000.0,37000.0,"POLYGON ((-49.45 45, -40 45, -47.3 36.15, -52.15 39.3, -49.45 45))"
MIKE 5,2019-03-15 07:25:00+00:00,2019-03-15 11:25:00+00:00,0.0,36000.0,"POLYGON ((-48 29.45, -45.15 29.45, -53.15 20, -53.45 24.3, -48 29.45))"
7C,2019-03-15 07:55:00+00:00,2019-03-15 09:55:00+00:00,,,"POLYGON ((-91.47791015960921 30.68983766838243, -93.15034539501616 29.95240527675227, -93.15463802097733 29.95038962154192, -95.99552977178826 28.53325020093158, -93.06965460498384 29.76940528657752, -91.39721936957689 30.50683767820767, -95.9062537298336 28.35428152117752, -93.06536197902267 29.77142094178787, -91.47791015960921 30.68983766838243))"
18E,2019-03-15 07:55:00+00:00,2019-03-15 09:55:00+00:00,,,"POLYGON ((-84.97385625112005 34.98667504827534, -85.33535088218616 33.03346977806231, -88.48074328555602 30.71348152976694, -84.7812725342387 34.93271661990536, -85.29841756929966 33.08696766043089, -88.59946037666437 30.87443572287408, -85.45406797329451 33.19442397116944, -85.49100128618102 33.14092608880087, -84.97385625112005 34.98667504827534))"
19E,2019-03-15 07:55:00+00:00,2019-03-15 09:55:00+00:00,0.0,29000.0,"POLYGON ((-82.47685458106163 37.107330697896366, -81.9226128664453 36.840519412561775, -83.57093028485535 35.2339653315602, -84.01603707965833 35.797707032227066, -82.47685458106163 37.107330697896366))"
9C,2019-03-15 07:55:00+00:00,2019-03-15 09:55:00+00:00,0.0,38000.0,"POLYGON ((-95.63799148801914 27.22237662764218, -95.48990760050037 27.087947604520938, -96.26300364673264 26.236322968015145, -96.41108753425141 26.370751991136387, -95.63799148801914 27.22237662764218))"
8C,2019-03-15 07:55:00+00:00,2019-03-15 09:55:00+00:00,0.0,33000.0,"POLYGON ((-90.79945466178289 31.203261365433164, -90.6567931818616 31.06309110415544, -91.70116808815278 30.00015472688089, -91.84382956807407 30.140324988158614, -90.79945466178289 31.203261365433164))"
20E,2019-03-15 08:55:00+00:00,2019-03-15 10:55:00+00:00,,,"POLYGON ((-83.50409172780626 34.77296363883831, -85.05685263327868 33.04807977922071, -88.02493123273757 30.8857026953376, -83.36748554825736 34.62688574280658, -85.04743391903519 33.05586551999689, -88.14269998379947 31.04735207292168, -85.17462138434058 33.2097291568048, -85.18404009858408 33.20194341602862, -83.50409172780626 34.77296363883831))"
21E,2019-03-15 08:55:00+00:00,2019-03-15 10:55:00+00:00,0.0,31000.0,"POLYGON ((-80.55171359491706 36.239644002920905, -79.98 36.21636895573639, -80.13572699382003 35.18727486459552, -80.66293501559007 34.954379757166066, -81.32674271494845 35.316750235508344, -80.55171359491706 36.239644002920905))"
10C,2019-03-15 08:55:00+00:00,2019-03-15 10:55:00+00:00,,,"POLYGON ((-90.25045979233757 31.43479733854143, -91.44509700541455 30.22941326070033, -95.74373154729597 28.47414407781761, -91.33480010396644 30.44792860962298, -91.38816081711367 30.2899851882395, -90.3100158780383 31.00694304401963, -91.37977553180968 30.39319752451145, -90.08461351808215 31.32301624302165, -90.27685657541481 31.03779095817508, -95.81933769538912 28.65930268650355, -91.52070315350771 30.41457186938628, -91.57763934180859 30.3539999418471, -91.52427862866136 30.51194336323058, -91.47930320081812 30.56667444834211, -90.40954354704674 31.18041996785029, -90.44270284967023 31.14957205369485, -90.25045979233757 31.43479733854143))"
22E,2019-03-15 08:55:00+00:00,2019-03-15 10:55:00+00:00,0.0,29000.0,"POLYGON ((-81.49136356565037 37.170351480556164, -81.3785057258182 37.005236042185274, -82.57058919038936 36.19043661435127, -82.68344703022153 36.35555205272216, -81.49136356565037 37.170351480556164))"
11C,2019-03-15 09:55:00+00:00,2019-03-15 11:55:00+00:00,,,"POLYGON ((-89.04964407538408 32.29962390434505, -91.2354137600269 30.33669480559055, -95.62454941820248 28.43176233443094, -91.17520056375582 30.53154217158254, -91.17522682516471 30.42840221729426, -90.2056807019816 31.10440132501608, -91.22088126249588 30.4476068458482, -88.92359897692346 32.1443414740638, -90.1969774507697 31.11072089752533, -95.70417554199501 28.61522808166943, -91.31503988381944 30.52016055282903, -91.37522681868163 30.42845314112532, -91.37520055727273 30.5315930954136, -91.32951985853268 30.61552842114795, -90.3143192980184 31.27232290031583, -90.32302254923032 31.26600332780658, -89.04964407538408 32.29962390434505))"
25E,2019-03-15 09:55:00+00:00,2019-03-15 11:55:00+00:00,0.0,30000.0,"POLYGON ((-81.33568184961017 37.08835653621229, -82.28765719696362 36.13248644798418, -82.89173464079693 36.182910744048996, -82.44910000879706 37.05439622269231, -81.33568184961017 37.08835653621229))"
23E,2019-03-15 09:55:00+00:00,2019-03-15 11:55:00+00:00,,,"POLYGON ((-83.27361203326197 34.85058900431343, -84.43229980964686 33.44607150976586, -86.49381881602845 31.94165892891458, -83.13417027651175 34.70721537886434, -84.42152739470434 33.45516265603346, -86.61171574289362 32.10321484689887, -84.55019673651204 33.60762742775015, -84.56096915145456 33.59853628148255, -83.27361203326197 34.85058900431343))"
12C,2019-03-15 09:55:00+00:00,2019-03-15 11:55:00+00:00,,,"POLYGON ((-96.11018917322419 28.84335468382533, -96.36488291593143 28.67613662292247, -96.3725234108478 28.67058689453762, -97.43011550860959 27.82331487130513, -96.25511708406857 28.50894971507543, -96.00042334136133 28.67616777597829, -97.30506868691398 27.66722742022777, -96.2474765891522 28.51449944346027, -96.11018917322419 28.84335468382533))"
24E,2019-03-15 09:55:00+00:00,2019-03-15 11:55:00+00:00,0.0,31000.0,"POLYGON ((-79.98 36.483712818262674, -79.11011119312356 35.980198492186524, -79.64072068380139 35.38168992666061, -80.4586954520391 35.3549833074486, -79.98 36.483712818262674))"
26E,2019-03-15 10:55:00+00:00,2019-03-15 12:55:00+00:00,,,"POLYGON ((-84.25473868260269 33.79307511783383, -85.06158314849014 32.88706618750714, -86.40545855133703 32.01755463316287, -84.12928074211729 33.63731791842024, -85.05317688915414 32.89314616734852, -86.51410397315044 32.18547179225921, -85.17022857030355 33.05498334660349, -85.17863482963955 33.0489033667621, -84.25473868260269 33.79307511783383))"
14C,2019-03-15 10:55:00+00:00,2019-03-15 12:55:00+00:00,,,"POLYGON ((-96.18487008329069 28.83508829247402, -96.25126963475103 28.51160650117946, -97.26461060155094 27.77629225233197, -96.05308904778838 28.68464309088241, -96.24410948224885 28.51732056820314, -97.3820713320489 27.93816558797095, -96.36873036524898 28.67347983681844, -96.37589051775116 28.66776576979476, -96.18487008329069 28.83508829247402))"
27E,2019-03-15 10:55:00+00:00,2019-03-15 12:55:00+00:00,0.0,30000.0,"POLYGON ((-82.85567137627949 35.8495946608274, -81.74243839342597 34.96618902414003, -82.5544786311274 34.4430612191985, -83.60040433167887 35.664370767504536, -82.85567137627949 35.8495946608274))"
13C,2019-03-15 10:55:00+00:00,2019-03-15 12:55:00+00:00,,,"POLYGON ((-88.72589095496038 32.33947027269411, -91.06505114740621 30.3884864027196, -95.82081114518482 28.27319065333833, -90.19578045416732 31.11170801993084, -91.04147151117479 30.4032018768413, -88.74699830300096 32.01610657816524, -90.20699830300097 31.10356340916629, -88.92466778587765 32.31738472333505, -88.89938841545863 32.08986250698537, -95.90209096438736 28.45592978705196, -91.14633096660874 30.57122553643323, -91.16991060284016 30.55651006231153, -90.32421954583269 31.26501620540107, -90.31300169699904 31.27316081616562, -88.85300169699903 32.18570398516456, -88.70061158454136 32.11194805634443, -88.72589095496038 32.33947027269411))"
15C,2019-03-15 10:55:00+00:00,2019-03-15 12:55:00+00:00,0.0,44000.0,"POLYGON ((-95.81018108749089 27.690552622420874, -95.15510191809048 27.732825765152626, -96.09411645212177 25.914327098935846, -97.82614247470141 26.08529143472486, -95.81018108749089 27.690552622420874))"
ALFA 5,2019-03-15 11:02:00+00:00,2019-03-15 15:02:00+00:00,27000.0,37000.0,"POLYGON ((-46.15 45, -40 45, -40 42.15, -49.15 33, -53 36.15, -46.15 45))"
28E,2019-03-15 11:55:00+00:00,2019-03-15 13:55:00+00:00,,,"POLYGON ((-85.21934354329343 33.02665933817066, -86.17128660003029 32.13279995613626, -86.44510106063821 32.28764146042462, -85.0988375843942 32.86704006029429, -86.06180939035495 32.14003613937631, -86.34665260018677 32.4617331047811, -86.07283813957885 32.30689160049274, -86.18231534925418 32.29965541725269, -85.21934354329343 33.02665933817066))"
16C,2019-03-15 11:55:00+00:00,2019-03-15 13:55:00+00:00,,,"POLYGON ((-88.54495987523077 32.35947547319727, -92.87278250727641 29.63583223867573, -95.86572138419433 28.31270915977793, -88.44511587784822 32.186180417911, -92.86329381093445 29.64064589438996, -95.94658798889296 28.49563152649266, -92.95364911197504 29.81875460539046, -92.963137808317 29.81394094967623, -88.54495987523077 32.35947547319727))"
17C,2019-03-15 11:55:00+00:00,2019-03-15 13:55:00+00:00,,,"POLYGON ((-95.42353530478637 29.6928547594785, -96.15961073908652 28.6013389025189, -97.19010982251352 27.82017904100588, -95.27646469521362 29.55731791651725, -96.14648472270055 28.61326187251162, -97.31092839931434 27.97956182395256, -96.28042931588733 28.76072168546558, -96.2935553322733 28.74879871547287, -95.42353530478637 29.6928547594785))"
29E,2019-03-15 11:55:00+00:00,2019-03-15 13:55:00+00:00,0.0,33000.0,"POLYGON ((-83.1761188363906 35.8978875520228, -81.40034512302266 35.02884931241823, -81.93 34.596287181737324, -84.44440235128262 34.957959664532126, -83.1761188363906 35.8978875520228))"
30E,2019-03-15 11:55:00+00:00,2019-03-15 13:55:00+00:00,0.0,31000.0,"POLYGON ((-72.67953093221145 43.68907084411805, -71.58 43.65371281826268, -71.70479272289093 41.92412746781481, -72.7645331430808 42.073542060703794, -72.67953093221145 43.68907084411805))"
18C,2019-03-15 11:55:00+00:00,2019-03-15 13:55:00+00:00,0.0,38000.0,"POLYGON ((-95.81018108749089 27.690552622420874, -95.15510191809048 27.732825765152626, -96.09411645212177 25.914327098935846, -97.82614247470141 26.08529143472486, -95.81018108749089 27.690552622420874))"
32E,2019-03-15 12:55:00+00:00,2019-03-15 14:55:00+00:00,0.0,33000.0,"POLYGON ((-70.7940889990027 43.48517734232498, -70.99 42.64914187884179, -72.13738798796915 42.80973302406811, -72.17515283136775 43.21845743807211, -70.7940889990027 43.48517734232498))"
31E,2019-03-15 12:55:00+00:00,2019-03-15 14:55:00+00:00,0.0,35000.0,"POLYGON ((-82.95717780284178 36.16051832056318, -82.28310509240747 35.0294885799404, -86.10013699197528 33.39079734519225, -86.40631629731334 34.07792820110644, -82.95717780284178 36.16051832056318))"
19C,2019-03-15 12:55:00+00:00,2019-03-15 14:55:00+00:00,0.0,38000.0,"POLYGON ((-85.5056640947148 33.340129968585565, -85.40331637847217 33.16830172591306, -93.05882614187868 28.608376484454812, -93.16117385812132 28.780204727127316, -85.5056640947148 33.340129968585565))"
20C,2019-03-15 12:55:00+00:00,2019-03-15 14:55:00+00:00,0.0,35000.0,"POLYGON ((-94.58602075026724 29.32464971378828, -94.4738112269174 29.15909300788483, -95.78926155602882 28.267519008423488, -95.90147107937865 28.433075714326936, -94.58602075026724 29.32464971378828))"
21C,2019-03-15 12:55:00+00:00,2019-03-15 14:55:00+00:00,0.0,39000.0,"POLYGON ((-93.55365273703956 29.204291275272425, -93.11 28.549719666370162, -96.09411645212177 25.914327098935846, -97.23142534329033 25.975249155120245, -96.38585150632612 27.508718252792345, -93.55365273703956 29.204291275272425))"
33E,2019-03-15 13:55:00+00:00,2019-03-15 15:55:00+00:00,0.0,35000.0,"POLYGON ((-82.85567137627949 35.8495946608274, -81.78612745773316 35.14755575303478, -84.67063234564948 34.090900860738536, -84.91824547237812 34.49866488673581, -82.85567137627949 35.8495946608274))"
24C,2019-03-15 13:55:00+00:00,2019-03-15 15:55:00+00:00,0.0,39000.0,"POLYGON ((-93.61983769755517 29.063081009224742, -92.45646156159316 28.75503802079858, -95.90024978959222 25.91248758424627, -97.20901155940416 25.9835663134633, -96.95189065420197 26.841598529642358, -93.61983769755517 29.063081009224742))"
22C,2019-03-15 13:55:00+00:00,2019-03-15 15:55:00+00:00,0.0,38000.0,"POLYGON ((-85.01962233108476 33.70984320061605, -84.90215718424143 33.547973069717614, -87.97719640950775 31.31649322757459, -88.09466155635108 31.47836335847302, -85.01962233108476 33.70984320061605))"
23C,2019-03-15 13:55:00+00:00,2019-03-15 15:55:00+00:00,0.0,35000.0,"POLYGON ((-93.87192434214667 29.606894938341064, -93.75785471263036 29.442614325906078, -95.34170454981896 28.342854826232607, -95.45577417933526 28.507135438667593, -93.87192434214667 29.606894938341064))"
26C,2019-03-15 14:55:00+00:00,2019-03-15 16:55:00+00:00,0.0,39000.0,"POLYGON ((-93.47527586187198 29.37097004870952, -92.38492925237696 28.600959686264062, -94.72092482063596 27.339034912976757, -95.51021222494123 28.051803752612216, -93.47527586187198 29.37097004870952))"
35E,2019-03-15 14:55:00+00:00,2019-03-15 16:55:00+00:00,0.0,28000.0,"POLYGON ((-74.59691844749776 38.22946703432716, -74.05146390204322 38.22946703432716, -74.05146390204322 37.68401248887261, -74.59691844749776 37.68401248887261, -74.59691844749776 38.22946703432716))"
34E,2019-03-15 14:55:00+00:00,2019-03-15 16:55:00+00:00,0.0,35000.0,"POLYGON ((-80.8482266117116 36.822787408914714, -80.18633966663667 36.45052195441257, -83.13743065156031 34.75521698139483, -83.57093028485535 35.2339653315602, -80.8482266117116 36.822787408914714))"
25C,2019-03-15 14:55:00+00:00,2019-03-15 16:55:00+00:00,0.0,35000.0,"POLYGON ((-84.35954381455547 33.98195425001146, -84.25384417293292 33.81216736665217, -86.95068576073818 32.133267420414164, -87.05638540236073 32.30305430377346, -84.35954381455547 33.98195425001146))"
36E,2019-03-15 15:55:00+00:00,2019-03-15 17:55:00+00:00,0.0,33000.0,"POLYGON ((-79.817818523241 37.05759474199591, -79.24 36.58452417705443, -84.44 33.29726208852722, -85.21 33.71547582294557, -79.817818523241 37.05759474199591))"
27C,2019-03-15 15:55:00+00:00,2019-03-15 17:55:00+00:00,0.0,33000.0,"POLYGON ((-96.38585150632612 27.508718252792345, -95.6252841777307 27.289050188125575, -96.09411645212177 25.914327098935846, -97.08271121380176 26.030346471319337, -96.38585150632612 27.508718252792345))"
37E,2019-03-15 16:55:00+00:00,2019-03-15 18:55:00+00:00,0.0,32000.0,"POLYGON ((-80.55171359491706 36.239644002920905, -80.27014176405399 35.81436884787738, -84.44 33.130893132790824, -84.5166012370026 33.78368127081497, -80.55171359491706 36.239644002920905))"
38E,2019-03-15 17:55:00+00:00,2019-03-15 19:55:00+00:00,0.0,32000.0,"POLYGON ((-77.32 37.999106867209186, -76.93185816248678 37.62669880121568, -80.13572699382003 35.18727486459552, -81.78612745773316 35.14755575303478, -77.32 37.999106867209186))"
28C,2019-03-15 17:55:00+00:00,2019-03-15 19:55:00+00:00,0.0,27000.0,"POLYGON ((-95.62272727272726 29.943585393885485, -95.07727272727273 29.943585393885485, -95.07727272727273 29.398130848430938, -95.62272727272726 29.398130848430938, -95.62272727272726 29.943585393885485))"
41E,2019-03-15 18:55:00+00:00,2019-03-15 20:55:00+00:00,0.0,25000.0,"POLYGON ((-67.42802496264883 45.26644473914256, -67.40377872905073 43.77174116643938, -68.87 43.67541730984525, -68.53682685063337 45.074798207158906, -67.42802496264883 45.26644473914256))"
39E,2019-03-15 18:55:00+00:00,2019-03-15 20:55:00+00:00,0.0,35000.0,"POLYGON ((-77.76275792154826 37.146250254837206, -77.32 37.00089313279082, -79.98 35.218155221318035, -80.95 35.85547582294557, -77.76275792154826 37.146250254837206))"
40E,2019-03-15 18:55:00+00:00,2019-03-15 20:55:00+00:00,0.0,37000.0,"POLYGON ((-82.8116406732338 34.86500121363708, -81.43311338252389 34.620077326952725, -82.42439301391407 33.17545341682686, -83.16189236791696 33.09796416704293, -82.8116406732338 34.86500121363708))"
29C,2019-03-15 18:55:00+00:00,2019-03-15 20:55:00+00:00,0.0,27000.0,"POLYGON ((-94.95525911109887 30.23104513755748, -94.40980456564434 30.23104513755748, -94.40980456564434 29.685590592102933, -94.95525911109887 29.685590592102933, -94.95525911109887 30.23104513755748))"
VICTOR 1,2019-03-15 19:08:00+00:00,2019-03-15 23:10:00+00:00,0.0,57000.0,"POLYGON ((139.2 9.4, 142 9.4, 138.3 6.5, 139.2 9.4))"
42E,2019-03-15 19:55:00+00:00,2019-03-15 21:55:00+00:00,0.0,35000.0,"POLYGON ((-76.77332310479206 37.49874041748304, -76.53448711097971 37.00018133917448, -78.98379139412864 35.469129206403444, -79.85339567002829 36.152160570984194, -76.77332310479206 37.49874041748304))"
43E,2019-03-15 19:55:00+00:00,2019-03-15 21:55:00+00:00,0.0,37000.0,"POLYGON ((-81.30379902497359 35.18948553552862, -80.15699341702457 34.63790727431845, -82.16000000000001 33.27628718173732, -82.64076001517927 33.5430936499386, -81.30379902497359 35.18948553552862))"
45E,2019-03-15 20:55:00+00:00,2019-03-15 22:55:00+00:00,0.0,37000.0,"POLYGON ((-79.98 35.38452417705442, -79.34970378576907 34.84442954319337, -81.48924891038993 32.92795959095838, -82.31252644797742 33.4024964429598, -79.98 35.38452417705442))"
44E,2019-03-15 20:55:00+00:00,2019-03-15 22:55:00+00:00,0.0,35000.0,"POLYGON ((-75.72047742613485 37.9491130095111, -75.3619702534059 37.163686490809184, -77.88799538828832 35.86670297750782, -78.6150594096335 35.92521220339277, -75.72047742613485 37.9491130095111))"
BRAVO 1,2019-03-15 21:10:00+00:00,2019-03-16 01:10:00+00:00,0.0,40000.0,"POLYGON ((-40 29.45, -40 26.45, -41.45 23.3, -45 23.3, -41.3 29.45, -40 29.45))"
VICTOR 2,2019-03-15 21:42:00+00:00,2019-03-16 01:45:00+00:00,0.0,57000.0,"POLYGON ((142.2 9.3, 141.4 5.5, 138.5 9.1, 142.2 9.3))"
46E,2019-03-15 21:55:00+00:00,2019-03-15 23:55:00+00:00,0.0,29000.0,"POLYGON ((-74.19900447552574 41.68431957355361, -73.6147179578717 40.74753672823909, -76.52493368837355 39.14618889201204, -77.53034313629941 39.946163367663594, -74.19900447552574 41.68431957355361))"
47E,2019-03-15 21:55:00+00:00,2019-03-15 23:55:00+00:00,0.0,37000.0,"POLYGON ((-79.15874506572916 35.74207197620829, -78.79904112978029 34.932842576454846, -83.81433720598089 30.58990711197348, -84.76066573181107 30.752279591336823, -79.15874506572916 35.74207197620829))"
49E,2019-03-15 22:55:00+00:00,2019-03-16 00:55:00+00:00,0.0,35000.0,"POLYGON ((-78.02158435092086 35.66837268478082, -77.89592008063188 35.51278190365052, -83.69142813105195 30.831988576312774, -83.81709240134093 30.987579357443074, -78.02158435092086 35.66837268478082))"
48E,2019-03-15 22:55:00+00:00,2019-03-16 00:55:00+00:00,0.0,29000.0,"POLYGON ((-73.45515853573966 41.803414583268854, -73.35634144205454 41.62953191594509, -76.78663877612257 39.680102348032946, -76.88545586980769 39.85398501535671, -73.45515853573966 41.803414583268854))"
50E,2019-03-15 23:55:00+00:00,2019-03-16 01:55:00+00:00,0.0,32000.0,"POLYGON ((-72.9620386210561 41.62551723998092, -72.86144237389244 41.45265777377618, -76.36763166952824 39.41221710407874, -76.46822791669189 39.58507657028348, -72.9620386210561 41.62551723998092))"
51E,2019-03-15 23:55:00+00:00,2019-03-16 01:55:00+00:00,0.0,35000.0,"POLYGON ((-70.08440880539555 40.4964771756768, -69.97559119460445 40.32867155127249, -74.42438821967747 37.44374165168465, -74.53320583046857 37.611547276088956, -70.08440880539555 40.4964771756768))"
1E,2019-03-16 00:55:00+00:00,2019-03-16 02:55:00+00:00,,,"POLYGON ((-78.50080753109864 35.94531379757618, -79.98800839039616 32.80457826663664, -84.24852866343905 30.21142898221447, -78.07950618466144 34.27041005264363, -79.97906823995501 32.81070737349653, -78.76746445498115 35.6260005934786, -78.23307000529006 34.31202906302082, -78.37036896676508 35.79370317481313, -78.60961311223075 35.58786889822337, -84.35251188264674 30.3822724489412, -80.09199160960385 32.97542173336336, -80.100931760045 32.96929262650347, -78.20136970475143 34.42899530565058, -78.04780588412281 34.3873762952734, -78.5822003338139 35.70134782573118, -78.7400516765643 35.73947952098641, -78.50080753109864 35.94531379757618))"
4E,2019-03-16 00:55:00+00:00,2019-03-16 02:55:00+00:00,,,"POLYGON ((-69.68835158448124 41.10009244322404, -72.06394500971496 40.50092229686605, -72.10316799975912 40.48106260133022, -74.25742342821339 38.70188926795068, -72.01503295318676 40.30699547890066, -69.63943952795304 40.90616562525864, -74.13006539159686 38.54768184105695, -71.9758099631426 40.32685517443649, -69.68835158448124 41.10009244322404))"
2C,2019-03-16 00:55:00+00:00,2019-03-16 02:55:00+00:00,0.0,33000.0,"POLYGON ((-92.56325681134877 30.6094298263139, -92.7033548973466 29.78645152874501, -94.56734362335169 28.112163378606606, -95.37794551960326 27.93332117316752, -94.58189559925312 29.957772380150647, -92.56325681134877 30.6094298263139))"
5E,2019-03-16 00:55:00+00:00,2019-03-16 02:55:00+00:00,0.0,36000.0,"POLYGON ((-67.59286888005603 43.91276473609452, -67.33034608587151 42.07856318058194, -71.43989372062059 40.64002208692317, -69.77386737192296 42.81357230192868, -67.59286888005603 43.91276473609452))"
2E,2019-03-16 00:55:00+00:00,2019-03-16 02:55:00+00:00,0.0,30000.0,"POLYGON ((-75.21371455079748 38.549528027326545, -75.12398975157117 38.37078390741263, -76.59971840150813 37.63000733310141, -76.68944320073443 37.808751453015326, -75.21371455079748 38.549528027326545))"
3E,2019-03-16 00:55:00+00:00,2019-03-16 02:55:00+00:00,0.0,36000.0,"POLYGON ((-71.62926078200299 42.44372433216493, -71.52462126315397 42.273282051333425, -76.9876802405755 38.91934979900513, -77.09231975942451 39.08979207983664, -71.62926078200299 42.44372433216493))"
1C,2019-03-16 00:55:00+00:00,2019-03-16 02:55:00+00:00,0.0,30000.0,"POLYGON ((-97.96662855508038 27.565735371913902, -97.83527653602883 27.414915455818303, -98.92143462977562 26.468959097293524, -99.05278664882717 26.619779013389124, -97.96662855508038 27.565735371913902))"
CHARLIE 1,2019-03-16 01:10:00+00:00,2019-03-16 05:10:00+00:00,28000.0,40000.0,"POLYGON ((-40 45, -40 40, -47.45 40, -47.3 45, -40 45))"
VICTOR 3,2019-03-16 01:10:00+00:00,2019-03-16 05:10:00+00:00,0.0,53000.0,"POLYGON ((137.3 9.5, 142.1 9.5, 136.5 5.3, 137.3 9.5))"
11E,2019-03-16 01:55:00+00:00,2019-03-16 03:55:00+00:00,,,"POLYGON ((-76.41264398234621 36.35665297292579, -78.42375180761701 35.83806402723892, -78.30768391729669 35.78247563016687, -77.77890155521222 34.61451984523885, -78.37381291655194 35.64439909195328, -76.36270509128114 36.16298803764015, -77.9610984447878 34.53203170409731, -78.48988080687226 35.69998748902533, -76.41264398234621 36.35665297292579))"
10E,2019-03-16 01:55:00+00:00,2019-03-16 03:55:00+00:00,0.0,36000.0,"POLYGON ((-67.02456279040574 44.500643081554934, -66.91752166152592 42.19342457874979, -71.50948363432911 40.66248990221089, -71.58789853466591 41.83753265796079, -67.02456279040574 44.500643081554934))"
9E,2019-03-16 01:55:00+00:00,2019-03-16 03:55:00+00:00,0.0,33000.0,"POLYGON ((-66.91752166152592 42.19342457874979, -67.20588139869567 40.353886757935626, -71.67703125623976 38.03937462876671, -72.64304587494642 38.379696802941126, -66.91752166152592 42.19342457874979))"
6E,2019-03-16 01:55:00+00:00,2019-03-16 03:55:00+00:00,0.0,38000.0,"POLYGON ((-81.35785642983468 31.8441660014286, -81.25254615853272 31.674137336909023, -83.94288888878758 30.007825814561308, -84.04819916008954 30.177854479080885, -81.35785642983468 31.8441660014286))"
8E,2019-03-16 01:55:00+00:00,2019-03-16 03:55:00+00:00,0.0,36000.0,"POLYGON ((-70.66878879531372 43.221752357946514, -70.55121120468628 43.05996388436991, -75.12410821921556 39.736672667946095, -75.24168580984299 39.8984611415227, -70.66878879531372 43.221752357946514))"
7E,2019-03-16 01:55:00+00:00,2019-03-16 03:55:00+00:00,0.0,30000.0,"POLYGON ((-74.33772929114758 39.017786727271655, -74.23203812886672 38.84799456545103, -75.59772941704352 37.997887599284034, -75.70342057932439 38.16767976110466, -74.33772929114758 39.017786727271655))"
4C,2019-03-16 01:55:00+00:00,2019-03-16 03:55:00+00:00,0.0,33000.0,"POLYGON ((-92.5 30.826287181737325, -92.63911072187595 29.730251379262974, -94.79445604851396 28.198301738072974, -94.6825318383716 29.958317864830207, -92.5 30.826287181737325))"
3C,2019-03-16 01:55:00+00:00,2019-03-16 03:55:00+00:00,0.0,30000.0,"POLYGON ((-97.31830668140283 27.57480688582012, -97.18746524793575 27.423543806093836, -98.50708633548794 26.282081427824426, -98.63792776895502 26.43334450755071, -97.31830668140283 27.57480688582012))"
DELTA 1,2019-03-16 02:40:00+00:00,2019-03-16 06:40:00+00:00,0.0,35000.0,"POLYGON ((-63 42.45, -63 40, -67 39.3, -67 42, -63 42.45))"
14E,2019-03-16 02:55:00+00:00,2019-03-16 04:55:00+00:00,0.0,35000.0,"POLYGON ((-67.12776205799324 42.135165731758825, -66.93193646781027 41.238457112729044, -71.01956956556548 38.453275082292286, -70.79030035467888 39.73338894253364, -67.12776205799324 42.135165731758825))"
13E,2019-03-16 02:55:00+00:00,2019-03-16 04:55:00+00:00,0.0,36000.0,"POLYGON ((-70.18580638994742 43.556550359277956, -66.9267144219823 43.41157133576116, -67.57443546164546 42.52691622666459, -71.09203177573637 41.10468266599343, -71.90162403053266 42.984267207203786, -70.18580638994742 43.556550359277956))"
6C,2019-03-16 02:55:00+00:00,2019-03-16 04:55:00+00:00,0.0,31000.0,"POLYGON ((-93.38271522021104 30.374999415290123, -93.11 28.80904835410886, -93.97750880328364 28.292691090479412, -94.81878765677166 29.767934630286774, -93.38271522021104 30.374999415290123))"
5C,2019-03-16 02:55:00+00:00,2019-03-16 04:55:00+00:00,0.0,34000.0,"POLYGON ((-97.06910828640608 28.757878939558193, -96.25349382147832 26.836164463035182, -98.30486782019003 25.917065325214264, -98.99295837641174 26.557120646137072, -97.06910828640608 28.757878939558193))"
12E,2019-03-16 02:55:00+00:00,2019-03-16 04:55:00+00:00,0.0,37000.0,"POLYGON ((-73.17865733738118 39.88753211145805, -73.04633137277638 39.73756598497807, -74.70646708340628 38.27270812380436, -74.83879304801108 38.42267425028434, -73.17865733738118 39.88753211145805))"
16E,2019-03-16 03:55:00+00:00,2019-03-16 05:55:00+00:00,0.0,34000.0,"POLYGON ((-70.34496852933206 43.890810068610186, -67.08510208328471 43.531848055539506, -67.20588139869567 40.353886757935626, -70.03 38.78446566395412, -72.0689756530409 40.458612172131694, -70.34496852933206 43.890810068610186))"
15E,2019-03-16 03:55:00+00:00,2019-03-16 05:55:00+00:00,0.0,36000.0,"POLYGON ((-71.98606717135713 40.30469641699582, -71.65816773039383 39.6884500990038, -72.83733237032443 38.44680654051038, -73.81417245010908 38.77750653855528, -71.98606717135713 40.30469641699582))"
7C,2019-03-16 03:55:00+00:00,2019-03-16 05:55:00+00:00,0.0,36000.0,"POLYGON ((-96.44404355022743 28.642293255788925, -94.98287760533132 27.577120497528707, -98.11989867621277 25.918121787845177, -98.58080251356293 26.36071197444865, -97.72981795273124 28.514516068949963, -96.44404355022743 28.642293255788925))"
8C,2019-03-16 03:55:00+00:00,2019-03-16 05:55:00+00:00,0.0,32000.0,"POLYGON ((-93.2382964493202 30.40706989376717, -93.11 29.706287181737324, -94.64635889931616 29.344768229756717, -94.88827182775273 29.793220344562354, -93.2382964493202 30.40706989376717))"
17E,2019-03-16 04:55:00+00:00,2019-03-16 06:55:00+00:00,0.0,36000.0,"POLYGON ((-69.41461023371318 41.46936413821125, -68.9478400386136 40.45141312184642, -72.44912037204143 38.31226701060093, -72.32 39.42267939837247, -69.41461023371318 41.46936413821125))"
18E,2019-03-16 04:55:00+00:00,2019-03-16 06:55:00+00:00,0.0,34000.0,"POLYGON ((-68.25294724896771 43.762384353426725, -67.08510208328471 43.531848055539506, -66.91752166152592 42.19342457874979, -68.27314318130199 42.56084565517325, -68.25294724896771 43.762384353426725))"
9C,2019-03-16 04:55:00+00:00,2019-03-16 06:55:00+00:00,0.0,42000.0,"POLYGON ((-95.74066541144518 28.758806892330902, -93.11 27.977203575426895, -95.48894834335243 26.60803521734189, -96.57295406945944 27.57895533621855, -95.74066541144518 28.758806892330902))"
10C,2019-03-16 04:55:00+00:00,2019-03-16 06:55:00+00:00,0.0,32000.0,"POLYGON ((-92.43385434104938 29.55006451683722, -92.24249119671636 28.292691090479412, -93.11 27.977203575426895, -93.69179473095363 28.909078579739848, -92.43385434104938 29.55006451683722))"
CHARLIE 2,2019-03-16 04:55:00+00:00,2019-03-16 08:55:00+00:00,30000.0,39000.0,"POLYGON ((-40.05 45, -40 42.05, -44.25 38.4, -47.05 41.05, -40.05 45))"
19E,2019-03-16 05:55:00+00:00,2019-03-16 07:55:00+00:00,0.0,36000.0,"POLYGON ((-70.03 39.94904835410886, -70.70844458805594 37.834415251901376, -73.70437737629756 36.86390153510433, -74.61862949708825 37.640767324384726, -70.03 39.94904835410886))"
20E,2019-03-16 05:55:00+00:00,2019-03-16 07:55:00+00:00,0.0,34000.0,"POLYGON ((-67.08510208328471 43.531848055539506, -66.93193646781027 41.238457112729044, -68.80199855429646 38.967778283311084, -69.52872534939021 40.35667505090926, -67.08510208328471 43.531848055539506))"
11C,2019-03-16 05:55:00+00:00,2019-03-16 07:55:00+00:00,0.0,42000.0,"POLYGON ((-91.73913048246769 29.557034999705913, -91.30037076406397 28.11588683181027, -95.31592195356453 26.66934544294576, -95.61037601665682 28.503532253018168, -91.73913048246769 29.557034999705913))"
21E,2019-03-16 06:55:00+00:00,2019-03-16 08:55:00+00:00,0.0,36000.0,"POLYGON ((-69.10078458484823 40.57039786335193, -67.00761984485005 38.886886920236115, -72.43731817834639 37.19360502431225, -73.30890690753449 37.914021076203, -69.10078458484823 40.57039786335193))"
22E,2019-03-16 06:55:00+00:00,2019-03-16 08:55:00+00:00,0.0,34000.0,"POLYGON ((-66.91752166152592 42.19342457874979, -67.00718342785322 40.285131084847016, -68.20543552250395 40.692524107394135, -67.5470787071661 42.01750025405275, -66.91752166152592 42.19342457874979))"
23E,2019-03-16 06:55:00+00:00,2019-03-16 08:55:00+00:00,0.0,36000.0,"POLYGON ((-76.96753308696107 34.09077955753835, -76.83880627009849 33.937712883763716, -78.70950603953003 32.36448194664265, -78.83823285639261 32.51754862041728, -76.96753308696107 34.09077955753835))"
12C,2019-03-16 06:55:00+00:00,2019-03-16 08:55:00+00:00,0.0,41000.0,"POLYGON ((-90.98119128281401 29.811781544923637, -91.14447309312604 28.255906807532195, -94.92675929289011 27.526243057020547, -95.32053692452018 28.7563963177493, -90.98119128281401 29.811781544923637))"
WHISKEY 1,2019-03-16 07:54:00+00:00,2019-03-16 12:00:00+00:00,0.0,60000.0,"POLYGON ((168.5 5.5, 168.5 2.5, 161.5 5, 168.5 5.5))"
25E,2019-03-16 07:55:00+00:00,2019-03-16 09:55:00+00:00,0.0,34000.0,"POLYGON ((-68.40655729833676 40.75921272945844, -67.00718342785322 40.285131084847016, -68.64439000461954 38.65853257062535, -70.03 39.283572531163294, -68.40655729833676 40.75921272945844))"
13C,2019-03-16 07:55:00+00:00,2019-03-16 09:55:00+00:00,0.0,41000.0,"POLYGON ((-91.3 30.48, -90.1 29.18, -93.11 27.14535879674494, -93.920422786106 29.431667532541404, -91.3 30.48))"
26E,2019-03-16 07:55:00+00:00,2019-03-16 09:55:00+00:00,0.0,36000.0,"POLYGON ((-76.1842543522045 34.41338462368681, -76.05391605457567 34.26168779388732, -78.39415592375857 32.25094781339048, -78.52449422138741 32.40264464318997, -76.1842543522045 34.41338462368681))"
24E,2019-03-16 07:55:00+00:00,2019-03-16 09:55:00+00:00,0.0,36000.0,"POLYGON ((-71.46200002677536 39.31398548001714, -70.03 38.67772309042391, -72.23927878390518 37.02706654332174, -74.03123823038116 36.870291148630834, -71.46200002677536 39.31398548001714))"
27E,2019-03-16 08:55:00+00:00,2019-03-16 10:55:00+00:00,0.0,36000.0,"POLYGON ((-70.03 38.950834619690504, -68.72302320957851 38.813181894151555, -73.54185486530858 35.33957493982048, -74.47702885257405 35.67489660334179, -70.03 38.950834619690504))"
28E,2019-03-16 08:55:00+00:00,2019-03-16 10:55:00+00:00,0.0,37000.0,"POLYGON ((-74.66500063800791 35.74109072870559, -73.35575740293993 35.27164877728828, -76.81696033297256 32.19359480289175, -78.04244026577516 32.173763670293084, -74.66500063800791 35.74109072870559))"
14C,2019-03-16 08:55:00+00:00,2019-03-16 10:55:00+00:00,0.0,41000.0,"POLYGON ((-91.3 30.48, -89.69716156857484 28.826475479559633, -94.07093098050963 26.74170788992153, -94.40727117481036 29.13316059272878, -91.3 30.48))"
CHARLIE 3,2019-03-16 08:55:00+00:00,2019-03-16 12:55:00+00:00,30000.0,39000.0,"POLYGON ((-40.05 45, -40 42.05, -43.4 40, -45.35 41.5, -40.05 45))"
GOLF 1,2019-03-16 09:05:00+00:00,2019-03-16 13:05:00+00:00,34000.0,40000.0,"POLYGON ((163.25 45.1, 171.55 43.55, 172.2 40.15, 165 41.15, 165 42.55, 163.25 45.1))"
29E,2019-03-16 09:55:00+00:00,2019-03-16 11:55:00+00:00,,,"POLYGON ((-69.24204891056496 40.73509237683374, -73.88816047354705 38.43577062297275, -73.91732195838 38.4139346656815, -79.45952693024458 32.40350580119434, -73.7994510445982 38.25652041456123, -69.15333948161611 40.55584216842222, -79.31249453162982 32.26792750736531, -73.77028955976525 38.27835637185247, -69.24204891056496 40.73509237683374))"
15C,2019-03-16 09:55:00+00:00,2019-03-16 11:55:00+00:00,0.0,40000.0,"POLYGON ((-89.92648144644379 30.003684510733756, -89.43012300846458 28.590130739400426, -93.11 27.64446566395412, -93.11 29.141786265581647, -89.92648144644379 30.003684510733756))"
ECHO 1,2019-03-16 09:55:00+00:00,2019-03-16 13:55:00+00:00,0.0,40000.0,"POLYGON ((-64 41.45, -63.15 40.3, -67 39.15, -67.3 40.3, -64 41.45))"
16C,2019-03-16 10:55:00+00:00,2019-03-16 12:55:00+00:00,0.0,40000.0,"POLYGON ((-89.21703552780963 29.495436503440857, -89.16428373187601 28.35326538449789, -90.46191404164996 28.410989377318607, -90.45253008056434 29.3068715861617, -89.21703552780963 29.495436503440857))"
30E,2019-03-16 10:55:00+00:00,2019-03-16 12:55:00+00:00,,,"POLYGON ((-69.1931718308075 40.69389517740959, -74.24957787475792 38.00378547014738, -74.27641769904015 37.98297300781915, -79.41341376032241 32.36346706335348, -74.15564079961696 37.82721869548702, -69.09923475566654 40.51732840274923, -79.26579703661699 32.22852521334957, -74.12880097533473 37.84803115781524, -69.1931718308075 40.69389517740959))"
FOXTROT 1,2019-03-16 10:55:00+00:00,2019-03-16 14:55:00+00:00,0.0,37000.0,"POLYGON ((-50.15 23.3, -47.45 22, -52.45 20, -54.3 21.3, -50.15 23.3))"
WHISKEY 2,2019-03-16 11:19:00+00:00,2019-03-16 15:20:00+00:00,0.0,60000.0,"POLYGON ((166.1 6.2, 170.3 4.1, 160.4 2.1, 160.5 5.1, 166.1 6.2))"
ECHO 2,2019-03-16 11:35:00+00:00,2019-03-16 15:35:00+00:00,0.0,40000.0,"POLYGON ((-67.3 40, -64.3 40, -75.3 31, -78 31.3, -67.3 40))"
17C,2019-03-16 11:55:00+00:00,2019-03-16 13:55:00+00:00,0.0,35000.0,"POLYGON ((-96.17595644977257 28.642293255788925, -96.32512154323537 26.857295350419385, -97.7735766993411 26.272389764600202, -98.72859045918437 27.22362654902726, -96.17595644977257 28.642293255788925))"
31E,2019-03-16 11:55:00+00:00,2019-03-16 13:55:00+00:00,0.0,35000.0,"POLYGON ((-67.70986201754778 39.49383332499826, -67.5868391472122 39.33614574345046, -78.06564152299765 31.16091511783809, -78.18866439333323 31.318602699385895, -67.70986201754778 39.49383332499826))"
1W,2019-03-16 11:55:00+00:00,2019-03-16 13:55:00+00:00,0.0,34000.0,"POLYGON ((-109.89031943375468 32.04713455923546, -109.12952059321451 32.002800633828414, -108.87082551627584 31.46800574395262, -110.19075841475498 31.48460331559304, -109.89031943375468 32.04713455923546))"
MIKE 1,2019-03-16 12:26:00+00:00,2019-03-16 16:25:00+00:00,31000.0,37000.0,"POLYGON ((161.28 47.25, 169.24 49.59, 170.11 47.54, 163 45.38, 161.28 47.25))"
GOLF 2,2019-03-16 12:35:00+00:00,2019-03-16 16:35:00+00:00,29000.0,37000.0,"POLYGON ((170.15 47.3, 175.3 45.45, 174.3 42.15, 165 43, 163 46, 170.15 47.3))"
CHARLIE 4,2019-03-16 12:45:00+00:00,2019-03-16 16:45:00+00:00,27000.0,34000.0,"POLYGON ((-41.45 45, -40.15 45, -40 42.15, -43.3 40, -46.45 41.45, -41.45 45))"
18C,2019-03-16 12:55:00+00:00,2019-03-16 14:55:00+00:00,0.0,35000.0,"POLYGON ((-96.71123054462237 28.40648581890977, -96.25349382147832 26.836164463035182, -97.1178792873461 26.155045319698992, -98.10198317606388 27.310217183571183, -96.71123054462237 28.40648581890977))"
2W,2019-03-16 12:55:00+00:00,2019-03-16 14:55:00+00:00,0.0,34000.0,"POLYGON ((-109.62305526954752 32.14214732211654, -108.71579985555348 32.07783294861201, -108.81272850592548 31.346981460766365, -110.08313843673078 31.391467531074888, -109.62305526954752 32.14214732211654))"
19C,2019-03-16 13:55:00+00:00,2019-03-16 15:55:00+00:00,0.0,35000.0,"POLYGON ((-96.5988116816614 28.144873699561114, -96.31053151848874 27.895396185243573, -97.79768115779606 27.1310146120481, -98.13404543205462 27.643595852579647, -96.5988116816614 28.144873699561114))"
3W,2019-03-16 13:55:00+00:00,2019-03-16 15:55:00+00:00,0.0,34000.0,"POLYGON ((-109.62305526954752 32.14214732211654, -108.33516894240235 32.02326042607353, -108.29480519159708 31.44284054789585, -109.70727149407455 31.346981460766365, -109.62305526954752 32.14214732211654))"
FOXTROT 2,2019-03-16 14:30:00+00:00,2019-03-16 18:30:00+00:00,0.0,38000.0,"POLYGON ((-51.15 23.15, -48.3 22.3, -50.15 19.3, -53 20.15, -51.15 23.15))"
WHISKEY 3,2019-03-16 14:50:00+00:00,2019-03-16 18:50:00+00:00,0.0,60000.0,"POLYGON ((165.4 6.5, 173.2 3.4, 173.1 2, 158.4 1.4, 158.2 4.4, 165.4 6.5))"
20C,2019-03-16 14:55:00+00:00,2019-03-16 16:55:00+00:00,0.0,31000.0,"POLYGON ((-96.31 28.094524177054435, -96.2275652615983 27.44903282648202, -97.44 26.901786265581645, -97.62824993753124 27.899872110467157, -96.31 28.094524177054435))"
4W,2019-03-16 14:55:00+00:00,2019-03-16 16:55:00+00:00,0.0,30000.0,"POLYGON ((-109.41008664137276 31.96250146324574, -108.33516894240235 32.02326042607353, -108.29480519159708 31.44284054789585, -109.26 31.27178626558165, -109.41008664137276 31.96250146324574))"
GOLF 3,2019-03-16 15:40:00+00:00,2019-03-16 19:40:00+00:00,26000.0,40000.0,"POLYGON ((173 48.15, 178.3 43.45, 175 40.45, 165 43, 163 46, 173 48.15))"
21C,2019-03-16 15:55:00+00:00,2019-03-16 17:55:00+00:00,0.0,31000.0,"POLYGON ((-96.54276886535686 28.555346428855596, -96.86434710207632 27.38766979279528, -98.51940325229899 27.14515511128455, -98.66534494219042 27.75458881275462, -96.54276886535686 28.555346428855596))"
MIKE 2,2019-03-16 16:18:00+00:00,2019-03-16 20:20:00+00:00,31000.0,37000.0,"POLYGON ((160.37 48.27, 174.05 50.26, 177.27 49.32, 163.01 45.39, 163.03 45.43, 160.37 48.27))"
22C,2019-03-16 16:55:00+00:00,2019-03-16 18:55:00+00:00,0.0,32000.0,"POLYGON ((-96.31 28.094524177054435, -96.2275652615983 27.44903282648202, -97.79768115779606 27.1310146120481, -97.78743162490112 27.772231195805496, -96.31 28.094524177054435))"
23C,2019-03-16 17:55:00+00:00,2019-03-16 19:55:00+00:00,0.0,32000.0,"POLYGON ((-95.77562240551393 28.288386992922547, -95.7356768585964 27.529148803528233, -97.15345677749711 27.284884539101476, -97.06350101484523 27.899488443853752, -95.77562240551393 28.288386992922547))"
FOXTROT 3,2019-03-16 18:05:00+00:00,2019-03-16 22:05:00+00:00,0.0,40000.0,"POLYGON ((-45 23, -50.3 18.15, -50.3 22.45, -45 23))"
WHISKEY 4,2019-03-16 18:24:00+00:00,2019-03-16 22:25:00+00:00,0.0,57000.0,"POLYGON ((167.3 6.4, 173.5 4.1, 157.1 1.5, 157.2 6.2, 167.3 6.4))"
GOLF 4,2019-03-16 19:30:00+00:00,2019-03-16 23:30:00+00:00,26000.0,40000.0,"POLYGON ((177.15 49.3, 163.15 45.45, 164.45 43.15, 175.15 40.45, -177.15 43.45, 177.15 49.3))"
HOTEL 1,2019-03-16 19:50:00+00:00,2019-03-16 23:50:00+00:00,29000.0,39000.0,"POLYGON ((-53.3 42.45, -50.15 42.3, -52.45 35.45, -55.15 35.45, -55.15 39.15, -53.3 42.45))"
FOXTROT 4,2019-03-16 20:35:00+00:00,2019-03-17 00:35:00+00:00,0.0,40000.0,"POLYGON ((-43.15 27, -41.15 26, -49.15 17.45, -51.3 18.3, -43.15 27))"
ALFA 1,2019-03-16 21:00:00+00:00,2019-03-17 01:00:00+00:00,0.0,35000.0,"POLYGON ((-144 44.3, -139 43.3, -144.3 32.3, -149.3 33, -144 44.3))"
WHISKEY 5,2019-03-16 21:43:00+00:00,2019-03-17 01:45:00+00:00,0.0,56000.0,"POLYGON ((167.5 6.2, 172.1 4.3, 155 2.2, 156.2 6.1, 167.5 6.2))"
GOLF 5,2019-03-16 23:25:00+00:00,2019-03-17 03:25:00+00:00,26000.0,40000.0,"POLYGON ((-179.45 50, 163.15 45.45, 165.15 43, 175.15 40.45, -174.3 42, -179.45 50))"
HOTEL 2,2019-03-16 23:30:00+00:00,2019-03-17 03:30:00+00:00,29000.0,39000.0,"POLYGON ((-53 45, -48.45 45, -51 35.45, -55.15 35.3, -53 45))"
FOXTROT 5,2019-03-17 00:10:00+00:00,2019-03-17 04:10:00+00:00,0.0,40000.0,"POLYGON ((-41.3 28, -40 27.15, -46.15 19.3, -48.45 20.45, -41.3 28))"
INDIA 1,2019-03-17 00:10:00+00:00,2019-03-17 04:10:00+00:00,0.0,32000.0,"POLYGON ((-42.45 36.45, -40 36.15, -40 32.45, -44.45 29, -48 31.3, -42.45 36.45))"
ALFA 2,2019-03-17 00:45:00+00:00,2019-03-17 04:45:00+00:00,0.0,35000.0,"POLYGON ((-144 44.3, -138.15 44, -143.3 32, -148.3 32.15, -144 44.3))"
ALFA 3,2019-03-17 01:05:00+00:00,2019-03-17 05:05:00+00:00,0.0,35000.0,"POLYGON ((-144 44.3, -138.15 44, -142.3 32, -150.15 30, -144 44.3))"
FOXTROT 6,2019-03-17 02:40:00+00:00,2019-03-17 06:40:00+00:00,0.0,40000.0,"POLYGON ((-40 29.45, -40 27, -42 24.3, -44 25.45, -40 29.45))"
INDIA 2,2019-03-17 02:45:00+00:00,2019-03-17 06:45:00+00:00,0.0,32000.0,"POLYGON ((-40 37, -40 32.3, -44.15 28.3, -48 31.3, -43.3 35.15, -40 37))"
BRAVO 1,2019-03-17 02:55:00+00:00,2019-03-17 06:55:00+00:00,25000.0,40000.0,"POLYGON ((-166.3 38.3, -160.3 35, -159.15 30, -168.45 30, -172 38.15, -166.3 38.3))"
GOLF 6,2019-03-17 02:55:00+00:00,2019-03-17 06:55:00+00:00,26000.0,40000.0,"POLYGON ((-178.3 50.15, 166.45 46.45, 168.15 44.3, 175.15 40.45, -171.3 42.3, -178.3 50.15))"
HOTEL 3,2019-03-17 03:00:00+00:00,2019-03-17 07:00:00+00:00,29000.0,39000.0,"POLYGON ((-52.15 45, -47 45, -49.15 36, -54 35.45, -52.15 45))"
JULIETT 1,2019-03-17 03:10:00+00:00,2019-03-17 07:10:00+00:00,0.0,35000.0,"POLYGON ((-90.15 28.45, -93 24.3, -95.3 25.45, -93.45 28.45, -90.15 28.45))"
XRAY 1,2019-03-17 04:31:00+00:00,2019-03-17 08:30:00+00:00,0.0,55000.0,"POLYGON ((156 9, 159.3 2.1, 150 -0.1, 149.3 8.3, 156 9))"
YANKEE 1,2019-03-17 04:32:00+00:00,2019-03-17 08:35:00+00:00,0.0,55000.0,"POLYGON ((132.3 10.1, 136.2 10.1, 130.1 7.1, 132.3 10.1))"
XRAY 2,2019-03-17 04:38:00+00:00,2019-03-17 08:30:00+00:00,0.0,55000.0,"POLYGON ((156 9, 159.3 2.1, 150 -0.1, 149.3 8.3, 156 9))"
YANKEE 2,2019-03-17 04:39:00+00:00,2019-03-17 08:35:00+00:00,0.0,55000.0,"POLYGON ((132.3 10.1, 136.2 10.1, 130.1 7.1, 132.3 10.1))"
INDIA 3,2019-03-17 05:51:00+00:00,2019-03-17 09:51:00+00:00,0.0,32000.0,"POLYGON ((-43.15 34, -41 32, -45.3 28.3, -47.15 30.15, -43.15 34))"
FOXTROT 7,2019-03-17 05:55:00+00:00,2019-03-17 09:55:00+00:00,0.0,42000.0,"POLYGON ((-40 30.15, -40 27, -41.45 25.45, -43 27.3, -40 30.15))"
CHARLIE 1,2019-03-17 07:58:00+00:00,2019-03-17 11:58:00+00:00,0.0,38000.0,"POLYGON ((-143.15 36.15, -141.3 35.15, -146 29.45, -149.3 28, -150.45 28.45, -143.15 36.15))"
XRAY 3,2019-03-17 08:14:00+00:00,2019-03-17 12:15:00+00:00,0.0,55000.0,"POLYGON ((147.5 8.5, 154.4 8.5, 158.5 3.2, 148.2 0.2, 147.5 8.5))"
YANKEE 3,2019-03-17 08:16:00+00:00,2019-03-17 12:15:00+00:00,0.0,55000.0,"POLYGON ((132.3 11.2, 136.4 11.1, 133.4 4.5, 130 7.5, 132.3 11.2))"
CHARLIE 2,2019-03-17 10:16:00+00:00,2019-03-17 14:16:00+00:00,0.0,38000.0,"POLYGON ((-142.15 37.15, -140.3 36.3, -145.15 29.45, -147.3 27.45, -148 29.3, -142.15 37.15))"
XRAY 4,2019-03-17 11:40:00+00:00,2019-03-17 15:40:00+00:00,0.0,58000.0,"POLYGON ((147 8.4, 153.3 8.2, 158.3 0, 147.3 0.1, 147 8.4))"
YANKEE 4,2019-03-17 11:42:00+00:00,2019-03-17 15:45:00+00:00,0.0,52000.0,"POLYGON ((136.3 12.2, 133.2 5.4, 130.1 7.2, 131.1 12.1, 136.3 12.2))"
KILO 1,2019-03-17 14:15:00+00:00,2019-03-17 18:15:00+00:00,0.0,38000.0,"POLYGON ((-94 27.3, -93.15 27, -94.45 26, -95.3 26.3, -94 27.3))"
CHARLIE 3,2019-03-17 14:15:00+00:00,2019-03-17 18:15:00+00:00,0.0,38000.0,"POLYGON ((-143.15 34.3, -142 33.15, -145.3 27.3, -147.15 27.3, -143.15 34.3))"
XRAY 5,2019-03-17 15:07:00+00:00,2019-03-17 19:10:00+00:00,0.0,57000.0,"POLYGON ((149.3 11, 158.2 0.4, 149.5 0, 146.1 8.2, 149.3 11))"
1C,2019-03-17 15:55:00+00:00,2019-03-17 17:55:00+00:00,0.0,33000.0,"POLYGON ((-96.31 28.094524177054435, -95.71101042993071 27.25255799744366, -96.27016671874976 25.91577412410946, -96.64010132378722 25.918121787845177, -96.91915929766373 27.708021420033184, -96.31 28.094524177054435))"
LIMA 1,2019-03-17 17:45:00+00:00,2019-03-17 21:45:00+00:00,29000.0,39000.0,"POLYGON ((-40 40.15, -40 29, -41 29.15, -44 33, -43 38.3, -40 40.15))"
DELTA 1,2019-03-17 17:45:00+00:00,2019-03-17 21:45:00+00:00,25000.0,32000.0,"POLYGON ((-144.45 50.3, -142.3 48.3, -143.45 34, -147.45 31.3, -148.45 47.45, -144.45 50.3))"
CHARLIE 4,2019-03-17 18:15:00+00:00,2019-03-17 22:15:00+00:00,0.0,35000.0,"POLYGON ((-141.45 34.45, -139.15 34.3, -142 27.15, -145 27.15, -141.45 34.45))"
XRAY 6,2019-03-17 19:03:00+00:00,2019-03-17 23:03:00+00:00,,,"POLYGON ((150 9, 150 9, 158 4, 150 9))"
DELTA 2,2019-03-17 21:10:00+00:00,2019-03-18 01:10:00+00:00,28000.0,40000.0,"POLYGON ((-145.45 55.15, -140.45 54.15, -145.15 46.3, -145.15 40.45, -149 40.45, -149.45 47.3, -145.45 55.15))"
LIMA 2,2019-03-17 21:30:00+00:00,2019-03-18 01:30:00+00:00,30000.0,40000.0,"POLYGON ((-40 42.3, -40 31, -44.3 34.3, -43.15 39.45, -40 42.3))"
CHARLIE 5,2019-03-17 22:10:00+00:00,2019-03-18 02:10:00+00:00,0.0,38000.0,"POLYGON ((-139.3 35.3, -136.3 35.15, -138.15 27, -142.15 27.45, -139.3 35.3))"
XRAY 6,2019-03-17 23:02:00+00:00,2019-03-18 02:02:00+00:00,,,"POLYGON ((152 8, 152 8, 156 7, 152 8))"
XRAY 7,2019-03-17 23:26:00+00:00,2019-03-18 02:26:00+00:00,,,"POLYGON ((152 8, 152 8, 156 7, 152 8))"
KILO 2,2019-03-18 03:56:00+00:00,2019-03-18 07:53:00+00:00,0.0,6000.0,"POLYGON ((-151.14 63.31, -147.46 63.52, -143.36 63.19, -143.57 62.36, -147.57 63.09, -150.21 62.55, -151.14 63.31))"
MIKE 1,2019-03-18 05:25:00+00:00,2019-03-18 09:25:00+00:00,32000.0,38000.0,"POLYGON ((-62.15 40.3, -60.3 37.3, -65.45 34.3, -67.3 38, -62.15 40.3))"
MIKE 2,2019-03-18 07:35:00+00:00,2019-03-18 11:35:00+00:00,33000.0,39000.0,"POLYGON ((-56 42.45, -52 40.45, -65 34, -66.45 37.45, -56 42.45))"
1E,2019-03-18 22:55:00+00:00,2019-03-19 00:55:00+00:00,,,"POLYGON ((-74.68083854661143 38.09551546707064, -75.59167964338974 36.02519549651034, -77.16916440783926 34.0719799504713, -74.50554422176072 37.99922476307937, -75.58182878741962 36.03988114563614, -77.32475702074974 34.19764195271417, -75.74727225630022 36.15085749875322, -75.75712311227034 36.13617184962742, -74.68083854661143 38.09551546707064))"
2E,2019-03-18 23:55:00+00:00,2019-03-19 01:55:00+00:00,,,"POLYGON ((-75.24529293382388 36.34998448229182, -75.70388587721772 36.18191982486116, -75.74727225630022 36.15085749875322, -77.32475702074974 34.19764195271417, -75.63506602247224 35.9941331704024, -75.1764730790784 36.16219782783306, -77.16916440783926 34.0719799504713, -75.59167964338974 36.02519549651034, -75.24529293382388 36.34998448229182))"
1E,2019-03-19 00:55:00+00:00,2019-03-19 02:55:00+00:00,0.0,24000.0,"POLYGON ((-73.67208250964971 36.864665376897975, -73.51806069884422 36.73708292592529, -75.29600818330027 34.59068513386831, -75.45002999410576 34.718267584840994, -73.67208250964971 36.864665376897975))"
2E,2019-03-19 01:55:00+00:00,2019-03-19 03:55:00+00:00,0.0,23000.0,"POLYGON ((-73.64445576007759 36.887829341900165, -73.54568744841634 36.7139189609231, -74.51713281203352 36.16220940858605, -74.61590112369477 36.336119789563114, -73.64445576007759 36.887829341900165))"
ZULU 1,2019-03-19 10:41:00+00:00,2019-03-19 14:40:00+00:00,0.0,53000.0,"POLYGON ((156.2 9.5, 162 4, 153.4 8.4, 156.2 9.5))"
3E,2019-03-19 11:55:00+00:00,2019-03-19 13:55:00+00:00,0.0,35000.0,"POLYGON ((-79.92867945265037 25.031054795294956, -81.02807859467377 23.882195511106563, -83.14679317876859 24.07469221014595, -83.08069713220173 24.58458406935596, -79.92867945265037 25.031054795294956))"
4E,2019-03-19 12:55:00+00:00,2019-03-19 14:55:00+00:00,0.0,38000.0,"POLYGON ((-80.28 24.801786265581647, -81.02807859467377 23.882195511106563, -83.14679317876859 24.07469221014595, -83.08069713220173 24.58458406935596, -80.28 24.801786265581647))"
5E,2019-03-19 13:55:00+00:00,2019-03-19 15:55:00+00:00,0.0,38000.0,"POLYGON ((-80.28 24.801786265581647, -80.62095753929755 24.139753076510644, -83.14679317876859 24.07469221014595, -83.08069713220173 24.58458406935596, -80.28 24.801786265581647))"
ZULU 2,2019-03-19 14:08:00+00:00,2019-03-19 18:10:00+00:00,0.0,55000.0,"POLYGON ((156.5 9.5, 162.4 3.4, 154 8.1, 156.5 9.5))"
6E,2019-03-19 14:55:00+00:00,2019-03-19 16:55:00+00:00,0.0,35000.0,"POLYGON ((-80.28 24.96815522131804, -80.4532068212314 24.07469221014595, -83.14679317876859 24.07469221014595, -83.08069713220173 24.58458406935596, -80.28 24.96815522131804))"
ECHO 1,2019-03-19 15:20:00+00:00,2019-03-19 19:20:00+00:00,29000.0,39000.0,"POLYGON ((-130 43.45, -128.3 37.45, -124.45 32.15, -128.15 31, -133.15 37.3, -133.3 43.45, -130 43.45))"
7E,2019-03-19 15:55:00+00:00,2019-03-19 17:55:00+00:00,0.0,40000.0,"POLYGON ((-79.91375136337466 24.998145904078207, -80.33759526335336 24.02970807451807, -81.24015940975418 24.07783217284944, -81.32303210157941 24.5892487959576, -79.91375136337466 24.998145904078207))"
8E,2019-03-19 16:55:00+00:00,2019-03-19 18:55:00+00:00,0.0,34000.0,"POLYGON ((-79.91375136337466 24.998145904078207, -80.33759526335336 24.02970807451807, -81.24015940975418 24.07783217284944, -81.32303210157941 24.5892487959576, -79.91375136337466 24.998145904078207))"
ZULU 3,2019-03-19 17:54:00+00:00,2019-03-19 21:55:00+00:00,,,"POLYGON ((157 10.4, 163.2 3.3, 160 1.4, 156.1 2, 151.5 0, 151.5 4.2, 157.3 4.2, 153.2 8.3, 157 10.4))"
9E,2019-03-19 17:55:00+00:00,2019-03-19 19:55:00+00:00,0.0,37000.0,"POLYGON ((-79.08942577615537 25.349494405187173, -78.9860466174684 24.617894306950927, -79.58173747224515 24.261294029606137, -80.4532068212314 24.07469221014595, -80.28 24.801786265581647, -79.08942577615537 25.349494405187173))"
NOVEMBER 1,2019-03-19 18:13:00+00:00,2019-03-19 22:15:00+00:00,0.0,54000.0,"POLYGON ((-180 1.3, -173.5 -1, -180 -5, -180 0.4, -180 1.3))"
1C,2019-03-19 20:55:00+00:00,2019-03-19 22:55:00+00:00,0.0,28000.0,"POLYGON ((-105.16354504801517 36.72492214860059, -104.29503323979807 36.679621974123876, -103.83535634115081 36.4855335533089, -104.761042193771 35.786740015485314, -105.49080146716152 36.488392031447816, -105.16354504801517 36.72492214860059))"
ALFA 1,2019-03-19 21:20:00+00:00,2019-03-20 01:20:00+00:00,28000.0,38000.0,"POLYGON ((-44 45, -40 45, -40 42, -46.45 40.45, -44 45))"
NOVEMBER 4,2019-03-19 21:33:00+00:00,2019-03-20 01:35:00+00:00,,,"POLYGON ((150.3 9.1, 160.4 7.1, 158.1 3.3, 149.5 7.4, 150.3 9.1))"
ZULU 5,2019-03-19 21:36:00+00:00,2019-03-20 01:35:00+00:00,,,"POLYGON ((150.3 9.1, 160.4 7.1, 162.2 3.3, 158.1 3.3, 149.5 7.4, 150.3 9.1))"
ZULU 6,2019-03-19 21:45:00+00:00,2019-03-20 01:45:00+00:00,0.0,54000.0,"POLYGON ((150.3 9.1, 160.4 7.1, 158.1 3.3, 149.5 7.4, 150.3 9.1))"
NOVEMBER 2,2019-03-19 21:49:00+00:00,2019-03-20 01:50:00+00:00,0.0,51000.0,"POLYGON ((180 0.1, 180 -5, -174 -1.1, 180 0.1))"
2C,2019-03-19 21:55:00+00:00,2019-03-19 23:55:00+00:00,0.0,27000.0,"POLYGON ((-105.82 36.77171624231642, -104.31520095748196 35.93381596895224, -106.9555887691886 35.30705692706721, -105.82 36.77171624231642))"
OSCAR 1,2019-03-19 23:30:00+00:00,2019-03-20 03:30:00+00:00,0.0,56000.0,"POLYGON ((148.5 9.5, 159 6.5, 147.5 5.5, 148.5 9.5))"
PAPA 1,2019-03-19 23:33:00+00:00,2019-03-20 03:30:00+00:00,0.0,53000.0,"POLYGON ((-171 -1.5, -171 -5, -177.5 -2.4, -171 -1.5))"
OSCAR 2,2019-03-20 03:20:00+00:00,2019-03-20 07:20:00+00:00,0.0,54000.0,"POLYGON ((153 8.3, 158.3 5.1, 155.1 4, 150.2 5.3, 153 8.3))"
PAPA 2,2019-03-20 03:26:00+00:00,2019-03-20 07:25:00+00:00,0.0,51000.0,"POLYGON ((-171.4 -1.1, -171.4 -4, -177.2 -1.5, -171.4 -1.1))"
BRAVO 1,2019-03-20 04:50:00+00:00,2019-03-20 08:50:00+00:00,28000.0,38000.0,"POLYGON ((-40 45, -40 42.45, -47 40.15, -45 45, -40 45))"
CHARLIE 1,2019-03-20 07:30:00+00:00,2019-03-20 11:30:00+00:00,0.0,31000.0,"POLYGON ((-76.15 24.45, -75.15 23.3, -76.15 22.45, -78 24, -76.15 24.45))"
CHARLIE 2,2019-03-20 09:25:00+00:00,2019-03-20 13:25:00+00:00,0.0,31000.0,"POLYGON ((-74.45 25.15, -74.15 24, -76 23.15, -76.3 24.3, -74.45 25.15))"
CHARLIE 3,2019-03-20 11:40:00+00:00,2019-03-20 15:40:00+00:00,0.0,32000.0,"POLYGON ((-73.45 26.3, -73.45 24, -75.45 23, -75.3 25.3, -73.45 26.3))"
1E,2019-03-20 14:55:00+00:00,2019-03-20 16:55:00+00:00,0.0,30000.0,"POLYGON ((-76.45951182733204 34.34191186779226, -75.25408200029028 34.411943802892225, -76.74368634706377 32.03923455358845, -77.48790643048831 33.58088063478707, -76.45951182733204 34.34191186779226))"
ROMEO 1,2019-03-20 15:19:00+00:00,2019-03-20 19:20:00+00:00,0.0,35000.0,"POLYGON ((160 27, 160 23.4, 155 27, 160 27))"
CHARLIE 4,2019-03-20 15:40:00+00:00,2019-03-20 19:40:00+00:00,0.0,35000.0,"POLYGON ((-71.45 29.3, -69.45 27.45, -72.15 26.15, -73.15 27, -71.45 29.3))"
2E,2019-03-20 15:55:00+00:00,2019-03-20 17:55:00+00:00,0.0,30000.0,"POLYGON ((-76.0565913501922 34.33663054389656, -75.77634587804195 32.567473258060815, -76.74368634706377 32.03923455358845, -77.48790643048831 33.58088063478707, -76.0565913501922 34.33663054389656))"
1W,2019-03-20 18:55:00+00:00,2019-03-20 20:55:00+00:00,0.0,28000.0,"POLYGON ((-118.01858391444604 33.051670193503675, -117.47312936899151 33.051670193503675, -117.47312936899151 32.50621564804913, -118.01858391444604 32.50621564804913, -118.01858391444604 33.051670193503675))"
ROMEO 2,2019-03-20 19:11:00+00:00,2019-03-20 23:15:00+00:00,0.0,35000.0,"POLYGON ((166 27, 166.3 25, 155.4 23.2, 157.3 26.5, 166 27))"
CHARLIE 5,2019-03-20 19:40:00+00:00,2019-03-20 23:40:00+00:00,0.0,36000.0,"POLYGON ((-67 31.45, -66.3 29.15, -71 26.45, -71.3 28.15, -67 31.45))"
2W,2019-03-20 19:55:00+00:00,2019-03-20 21:55:00+00:00,,,"POLYGON ((-118.3204193823712 34.04793018052334, -117.1365509188276 33.02349599324511, -117.2591673206874 32.70161957599993, -118.4443960960277 33.89099142026657, -117.2919883568283 32.98062533820673, -117.4460654830322 32.77281702617994, -117.3234490811724 33.09469344342511, -117.1680116431718 33.13756409846349, -118.3204193823712 34.04793018052334))"
4W,2019-03-20 19:55:00+00:00,2019-03-20 21:55:00+00:00,,,"POLYGON ((-122.0009860650243 37.89118482902523, -120.9770261344871 37.45632226331313, -120.1369796731458 36.61187075263761, -122.0474520593635 37.69665742383494, -120.9293637838653 37.42958408561174, -119.995188977563 36.75292180242512, -120.8352354389043 37.59737331310063, -120.8828977895261 37.62411149080202, -122.0009860650243 37.89118482902523))"
3W,2019-03-20 19:55:00+00:00,2019-03-20 21:55:00+00:00,0.0,25000.0,"POLYGON ((-118.98746315865519 40.64135841454643, -118.03461668873233 38.711574559184534, -118.21394762962866 38.62302844895243, -119.16679409955152 40.55281230431433, -118.98746315865519 40.64135841454643))"
SIERRA 1,2019-03-20 20:37:00+00:00,2019-03-21 00:40:00+00:00,0.0,53000.0,"POLYGON ((142.4 7, 146.3 5.1, 144.5 3.1, 142.3 5, 142.4 7))"
5W,2019-03-20 20:55:00+00:00,2019-03-20 22:55:00+00:00,,,"POLYGON ((-118.4484004594704 34.16544456838409, -116.6035216353105 34.57524609286654, -117.1337614818219 32.69701218409145, -118.2566152076395 33.83777606933207, -116.6609241306014 34.51026420099674, -118.5663498360378 34.0039269391068, -118.3544259188104 33.84916801880478, -117.3262385181781 32.75134992857454, -116.7959986716667 34.62958383734964, -116.7385961763758 34.69456572921944, -118.3342872534139 34.02207759755477, -118.236476542243 34.01068564808206, -118.4484004594704 34.16544456838409))"
7W,2019-03-20 20:55:00+00:00,2019-03-20 22:55:00+00:00,,,"POLYGON ((-121.5564081656375 38.64143047668254, -120.8851232040436 37.44467642291997, -120.1404828341381 36.61557665548239, -121.7002309019786 38.21249210333545, -120.8793146685802 37.43872643895158, -121.3796085743909 38.54793232410699, -121.5432411330351 38.23851263306504, -119.9916858165708 36.74921589958035, -120.7363261864763 37.57831566701793, -120.7421347219397 37.58426565098632, -121.5630509553381 38.35803131537018, -121.7200407242816 38.33201078564059, -121.5564081656375 38.64143047668254))"
6W,2019-03-20 20:55:00+00:00,2019-03-20 22:55:00+00:00,0.0,24000.0,"POLYGON ((-118.34380867049256 40.576582919587715, -118.02566560837168 38.683877869972136, -118.22289870998931 38.65072513816483, -118.54104177211019 40.54343018778041, -118.34380867049256 40.576582919587715))"
3E,2019-03-20 21:55:00+00:00,2019-03-20 23:55:00+00:00,0.0,37000.0,"POLYGON ((-77.87 33.684524177054435, -76.18824930117962 32.92676335171022, -76.89048327355702 32.347912658677075, -78.47808739264018 33.11885193382826, -77.87 33.684524177054435))"
9W,2019-03-20 21:55:00+00:00,2019-03-20 23:55:00+00:00,0.0,29000.0,"POLYGON ((-121.05594487064033 39.36119840493114, -119.49902946556489 37.49438935890213, -120.29190107033133 35.95683342152109, -121.84941201887654 38.204337234185964, -121.05594487064033 39.36119840493114))"
8W,2019-03-20 21:55:00+00:00,2019-03-20 23:55:00+00:00,,,"POLYGON ((-119.0367357609936 35.4730755675285, -116.6494442488852 34.54359758487299, -116.9990864327954 32.76068577974958, -118.3304221361255 33.8158966754245, -116.7101350966799 34.47011503411174, -119.2156941020869 35.38377880301193, -118.4573412972003 33.86397502668601, -117.1953481094412 32.79917414526666, -116.845705925531 34.58208595039007, -116.7850150777362 34.65556850115133, -118.4053021171818 34.00135014246409, -118.278382956107 33.95327179120258, -119.0367357609936 35.4730755675285))"
CHARLIE 6,2019-03-20 22:00:00+00:00,2019-03-21 02:00:00+00:00,0.0,35000.0,"POLYGON ((-65 31.45, -64 29.45, -71 25.3, -71.45 27.45, -65 31.45))"
ROMEO 3,2019-03-20 22:26:00+00:00,2019-03-21 02:30:00+00:00,0.0,35000.0,"POLYGON ((158 27.4, 169 27.4, 169 25.3, 158.5 22.4, 158 27.4))"
SIERRA 2,2019-03-20 22:28:00+00:00,2019-03-21 02:30:00+00:00,0.0,53000.0,"POLYGON ((140 7.3, 145.4 5.3, 143.5 4, 140 4.5, 140 7.3))"
4E,2019-03-20 22:55:00+00:00,2019-03-21 00:55:00+00:00,0.0,36000.0,"POLYGON ((-77.33697775851961 33.27290691262983, -76.05057862301025 32.80714986095124, -76.81696033297256 32.19359480289175, -77.87 32.85267939837247, -77.33697775851961 33.27290691262983))"
11W,2019-03-20 22:55:00+00:00,2019-03-21 00:55:00+00:00,0.0,29000.0,"POLYGON ((-121.32669390142554 39.39055037375246, -118.70528481632348 36.24788393793322, -120.5842912267317 35.83218570406056, -121.59019978558682 37.628324106766144, -121.32669390142554 39.39055037375246))"
10W,2019-03-20 22:55:00+00:00,2019-03-21 00:55:00+00:00,0.0,30000.0,"POLYGON ((-117.16422557371601 34.79797177351309, -116.37025103575601 32.777063724756616, -117.16429474049552 32.64641671373861, -117.49481238503824 33.31398630838453, -119.4191127032683 34.509498392727615, -117.16422557371601 34.79797177351309))"
12W,2019-03-20 22:55:00+00:00,2019-03-21 00:55:00+00:00,0.0,23000.0,"POLYGON ((-119.17395903431097 39.88590819685867, -118.46828947392473 38.6606727599583, -118.6415998358959 38.56085533445845, -119.34726939628214 39.78609077135882, -119.17395903431097 39.88590819685867))"
15W,2019-03-20 23:55:00+00:00,2019-03-21 01:55:00+00:00,0.0,29000.0,"POLYGON ((-122.4316083051895 40.634325692691164, -122.42706444285409 39.56580494654767, -122.6270626345206 39.564954458381166, -122.63160649685601 40.63347520452466, -122.4316083051895 40.634325692691164))"
14W,2019-03-20 23:55:00+00:00,2019-03-21 01:55:00+00:00,0.0,30000.0,"POLYGON ((-119.30604116645128 37.287804213893004, -118.82641381283352 36.01395652600323, -119.1 35.76914187884179, -119.68215074539982 36.61278801836591, -119.30604116645128 37.287804213893004))"
13W,2019-03-20 23:55:00+00:00,2019-03-21 01:55:00+00:00,0.0,29000.0,"POLYGON ((-116.73126509714778 35.333964212186274, -116.28394089940504 34.7998732333738, -117.23 33.50285469710447, -118.18417611633663 33.725301432833376, -119.06823385431942 34.50799360179936, -116.73126509714778 35.333964212186274))"
1W,2019-03-21 00:55:00+00:00,2019-03-21 02:55:00+00:00,0.0,29000.0,"POLYGON ((-116.77247575892811 35.414421125673094, -116.1742878247191 34.564384629017745, -116.24062746390615 32.77611156228422, -116.68272507028077 32.58780981464541, -118.22948812042308 33.92983750740147, -116.77247575892811 35.414421125673094))"
2W,2019-03-21 00:55:00+00:00,2019-03-21 02:55:00+00:00,0.0,30000.0,"POLYGON ((-119.41796317063881 37.64785010361082, -118.37233729644903 36.06602474992628, -118.69139311578981 35.479311353787125, -119.66144920328557 36.57248477282879, -119.41796317063881 37.64785010361082))"
3W,2019-03-21 00:55:00+00:00,2019-03-21 02:55:00+00:00,0.0,29000.0,"POLYGON ((-122.50620272576167 40.78112304122428, -122.35668099222845 39.71296382478622, -122.5547498649275 39.68523799445196, -122.70427159846072 40.753397210890014, -122.50620272576167 40.78112304122428))"
1C,2019-03-21 00:55:00+00:00,2019-03-21 02:55:00+00:00,0.0,24000.0,"POLYGON ((-100.77000000000001 30.191844778681965, -97.9284583239546 29.829940069245925, -99.16559175280365 29.383466091862633, -100.77000000000001 30.191844778681965))"
CHARLIE 7,2019-03-21 01:50:00+00:00,2019-03-21 05:50:00+00:00,0.0,35000.0,"POLYGON ((-64.45 31.45, -63.45 29.3, -69.45 25.45, -70 27.45, -64.45 31.45))"
ROMEO 4,2019-03-21 01:51:00+00:00,2019-03-21 05:55:00+00:00,0.0,35000.0,"POLYGON ((170 27.4, 171.3 25.5, 161.3 23.3, 160.5 27, 170 27.4))"
SIERRA 3,2019-03-21 01:53:00+00:00,2019-03-21 05:55:00+00:00,0.0,53000.0,"POLYGON ((139.4 7.4, 143.3 6, 141.1 4, 138.5 4.1, 139.4 7.4))"
6W,2019-03-21 01:55:00+00:00,2019-03-21 03:55:00+00:00,,,"POLYGON ((-115.4928005792828 36.05705928110076, -116.2969320157308 35.05988591255554, -116.309823659352 35.03915127344069, -116.4728399344761 34.6873039165672, -116.141246307778 34.93433926648624, -115.3371148713301 35.93151263503147, -116.2913709392809 34.6032265487276, -116.1283546641568 34.95507390560109, -115.4928005792828 36.05705928110076))"
5W,2019-03-21 01:55:00+00:00,2019-03-21 03:55:00+00:00,0.0,23000.0,"POLYGON ((-122.74629814175157 41.021135170871965, -122.24000000000001 41.09821373441836, -122.08647099794992 39.98225794277182, -122.64113135380101 39.971974184405425, -122.74629814175157 41.021135170871965))"
4W,2019-03-21 01:55:00+00:00,2019-03-21 03:55:00+00:00,0.0,26000.0,"POLYGON ((-116.95551738970968 34.39008595206773, -116.37025103575601 32.777063724756616, -116.91187616016748 32.89024789230472, -117.94800948789748 33.76308588548984, -116.95551738970968 34.39008595206773))"
7W,2019-03-21 01:55:00+00:00,2019-03-21 03:55:00+00:00,0.0,27000.0,"POLYGON ((-111.09297491223775 34.70016286935867, -110.91058352210261 34.61810568926716, -111.18860414478931 34.000139439372774, -111.37099553492445 34.082196619464284, -111.09297491223775 34.70016286935867))"
8W,2019-03-21 02:55:00+00:00,2019-03-21 04:55:00+00:00,0.0,28000.0,"POLYGON ((-110.8 35.06, -110.8 34.19257436347464, -111.40390134055883 33.93961466268025, -111.15323478760872 35.05948801002282, -110.8 35.06))"
9W,2019-03-21 03:55:00+00:00,2019-03-21 05:55:00+00:00,0.0,30000.0,"POLYGON ((-110.95309769341563 34.88310273385909, -110.53818546922665 33.45010662568762, -110.73029482837313 33.39448294252724, -111.14520705256211 34.82747905069871, -110.95309769341563 34.88310273385909))"
10W,2019-03-21 04:55:00+00:00,2019-03-21 06:55:00+00:00,0.0,30000.0,"POLYGON ((-111.85605333893047 36.58913851709678, -109.82840538752166 36.1113638190922, -109.59806149683153 33.4969143867938, -109.9602061274071 32.856273723351336, -111.85605333893047 36.58913851709678))"
1E,2019-03-21 04:55:00+00:00,2019-03-21 06:55:00+00:00,,,"POLYGON ((-77.53169634498104 34.15827590942122, -77.51301621188084 33.83988793833188, -77.52319284994037 33.87833186459242, -77.44665256521571 33.72343754137811, -77.71267286969207 33.82817388729692, -77.73135300279228 34.14656185838626, -77.62595594690788 33.63483563782207, -77.70249623163254 33.78972996103638, -77.53169634498104 34.15827590942122))"
CHARLIE 8,2019-03-21 05:35:00+00:00,2019-03-21 09:35:00+00:00,0.0,34000.0,"POLYGON ((-64.15 31.3, -61.3 31.15, -66.3 25.3, -69.3 26.15, -64.15 31.3))"
ROMEO 5,2019-03-21 05:42:00+00:00,2019-03-21 09:55:00+00:00,0.0,33000.0,"POLYGON ((172.4 29.2, 172.3 26.4, 162.4 22.5, 166 29.2, 172.4 29.2))"
11W,2019-03-21 05:55:00+00:00,2019-03-21 07:55:00+00:00,0.0,31000.0,"POLYGON ((-111.90182877755092 36.920803284284354, -109.78379447185813 35.05576252219163, -110.42503235738576 34.93208949622448, -112.69817122244908 36.920803284284354, -111.90182877755092 36.920803284284354))"
2E,2019-03-21 05:55:00+00:00,2019-03-21 07:55:00+00:00,,,"POLYGON ((-77.56748686628548 34.22922486803021, -77.35058641329229 33.95247678785638, -77.47082603856157 33.68922680450518, -77.69556248148784 34.07561289977728, -77.50558515023037 33.91721727571211, -77.65274789723537 33.77231974846956, -77.5325082719661 34.03556973182077, -77.37750953502801 34.07082924396504, -77.56748686628548 34.22922486803021))"
3E,2019-03-21 06:55:00+00:00,2019-03-21 08:55:00+00:00,,,"POLYGON ((-77.46752521371248 34.28521921761618, -77.35058641329229 33.95247678785638, -77.47082603856157 33.68922680450518, -77.64863909941566 34.20037960183739, -77.53210428548078 33.95160345194918, -77.65274789723537 33.77231974846956, -77.5325082719661 34.03556973182077, -77.3509903997776 34.03644306772797, -77.46752521371248 34.28521921761618))"
12W,2019-03-21 06:55:00+00:00,2019-03-21 08:55:00+00:00,0.0,28000.0,"POLYGON ((-112.57766206182693 37.15540895122145, -111.93325757077615 36.3394735413664, -112.16483590461341 36.11667258510253, -112.71502222442088 36.887872609616636, -112.57766206182693 37.15540895122145))"
13W,2019-03-21 06:55:00+00:00,2019-03-21 08:55:00+00:00,0.0,28000.0,"POLYGON ((-112.85441575315986 35.00610936001309, -112.61415468025523 34.432794157208384, -112.97492690732737 34.29008968733586, -113.26956398568387 35.085432620272634, -112.85441575315986 35.00610936001309))"
4E,2019-03-21 07:55:00+00:00,2019-03-21 09:55:00+00:00,0.0,34000.0,"POLYGON ((-75.6537279468731 34.33002969055372, -75.65632359998345 33.566027191238696, -76.46471044237626 33.165535224984644, -76.57372982515872 33.89749217730992, -75.6537279468731 34.33002969055372))"
14W,2019-03-21 07:55:00+00:00,2019-03-21 09:55:00+00:00,0.0,33000.0,"POLYGON ((-106.54196456218602 32.35399645113463, -106.28 32.253712818262684, -106.15982457198118 31.717716436639115, -106.4370963089553 31.764578602120114, -106.54196456218602 32.35399645113463))"
15W,2019-03-21 07:55:00+00:00,2019-03-21 09:55:00+00:00,0.0,31000.0,"POLYGON ((-113.16417020674973 35.312734380757824, -112.61415468025523 34.432794157208384, -112.85165062180742 34.39275395200195, -113.3368382542719 35.21913078289152, -113.16417020674973 35.312734380757824))"
16W,2019-03-21 07:55:00+00:00,2019-03-21 09:55:00+00:00,0.0,30000.0,"POLYGON ((-113.97332208883375 33.99440009755743, -113.64391005792223 32.793518495259036, -113.83678519551216 32.74061120559432, -114.16619722642369 33.941492807892715, -113.97332208883375 33.99440009755743))"
5E,2019-03-21 08:55:00+00:00,2019-03-21 10:55:00+00:00,0.0,34000.0,"POLYGON ((-75.8551517234846 34.333495027530304, -75.47369288951381 33.49892397615319, -76.18824930117962 32.92676335171022, -76.57372982515872 33.89749217730992, -75.8551517234846 34.333495027530304))"
18W,2019-03-21 08:55:00+00:00,2019-03-21 10:55:00+00:00,0.0,31000.0,"POLYGON ((-113.54 36.119106867209176, -113.3036707918522 36.08088434387757, -112.48 34.200893132790824, -112.94424913736997 33.74490874071189, -113.54 36.119106867209176))"
20W,2019-03-21 08:55:00+00:00,2019-03-21 10:55:00+00:00,0.0,33000.0,"POLYGON ((-105.90219634210935 32.587967010721286, -105.19016441255754 32.197358845118885, -105.72900754996992 31.34824983201551, -106.82379607706925 32.00984411887535, -105.90219634210935 32.587967010721286))"
17W,2019-03-21 08:55:00+00:00,2019-03-21 10:55:00+00:00,0.0,31000.0,"POLYGON ((-112.02000000000001 34.00828375768358, -111.86005816048704 33.37457244154508, -112.02000000000001 33.14085812115821, -112.48 34.12171624231643, -112.02000000000001 34.00828375768358))"
19W,2019-03-21 08:55:00+00:00,2019-03-21 10:55:00+00:00,0.0,30000.0,"POLYGON ((-113.63154899591179 34.177635470237824, -113.2992521621174 32.78749613527052, -113.49377198441184 32.74099840699768, -113.82606881820622 34.131137741964984, -113.63154899591179 34.177635470237824))"
CHARLIE 9,2019-03-21 09:25:00+00:00,2019-03-21 13:25:00+00:00,0.0,30000.0,"POLYGON ((-65 31, -62.15 30.45, -65.45 26, -68 26.3, -65 31))"
6E,2019-03-21 09:55:00+00:00,2019-03-21 11:55:00+00:00,0.0,30000.0,"POLYGON ((-75.8551517234846 34.333495027530304, -75.29134565535617 33.431553251189904, -76.18824930117962 32.92676335171022, -76.57372982515872 33.89749217730992, -75.8551517234846 34.333495027530304))"
22W,2019-03-21 09:55:00+00:00,2019-03-21 11:55:00+00:00,0.0,31000.0,"POLYGON ((-112.16791106668718 35.314422610986654, -111.67057799744575 34.69732405193179, -111.91086966870014 34.228112336584026, -112.71362584449807 35.160892080146894, -112.16791106668718 35.314422610986654))"
24W,2019-03-21 09:55:00+00:00,2019-03-21 11:55:00+00:00,0.0,33000.0,"POLYGON ((-107.28 32.99085812115822, -106.28 32.39828375768357, -106.75241899610197 31.985102371264993, -107.61 32.71371281826268, -107.28 32.99085812115822))"
23W,2019-03-21 09:55:00+00:00,2019-03-21 11:55:00+00:00,0.0,29000.0,"POLYGON ((-113.17218529004123 35.10817882072322, -112.72028900010777 33.17356686761613, -112.91504639139306 33.12807446671496, -113.36694268132652 35.06268641982205, -113.17218529004123 35.10817882072322))"
ROMEO 6,2019-03-21 10:05:00+00:00,2019-03-21 13:55:00+00:00,0.0,33000.0,"POLYGON ((175.1 29.5, 174.5 26.5, 164.3 22.1, 165.5 29.4, 175.1 29.5))"
27W,2019-03-21 10:55:00+00:00,2019-03-21 12:55:00+00:00,0.0,33000.0,"POLYGON ((-107.05031299086005 33.74090368461795, -106.18168401683161 32.89316627426951, -107.33098361733985 32.51497461962418, -107.8303659087498 33.08778687730869, -107.05031299086005 33.74090368461795))"
28W,2019-03-21 10:55:00+00:00,2019-03-21 12:55:00+00:00,0.0,28000.0,"POLYGON ((-113.26700509278346 37.367711239209974, -112.41722291323748 36.496540793703886, -112.95769677829135 36.089164505033914, -113.90963057234929 37.326786125157824, -113.26700509278346 37.367711239209974))"
26W,2019-03-21 10:55:00+00:00,2019-03-21 12:55:00+00:00,0.0,29000.0,"POLYGON ((-112.40241594526044 34.85368030233317, -112.17251476666053 34.084793500183224, -112.6180416679229 33.42856498114175, -112.8544874380977 34.82676076472563, -112.40241594526044 34.85368030233317))"
25W,2019-03-21 10:55:00+00:00,2019-03-21 12:55:00+00:00,0.0,28000.0,"POLYGON ((-112.21753625828485 35.79793031004073, -111.03203319737216 34.59866406770116, -111.31037042264514 34.01618594140596, -112.51672859377825 35.61567383379938, -112.21753625828485 35.79793031004073))"
7E,2019-03-21 10:55:00+00:00,2019-03-21 12:55:00+00:00,0.0,28000.0,"POLYGON ((-76.64429770309452 34.34389234556987, -76.18 34.814290605791065, -75.62604391091948 33.554927391438945, -76.28529439415205 33.010795483456945, -76.64429770309452 34.34389234556987))"
29W,2019-03-21 10:55:00+00:00,2019-03-21 12:55:00+00:00,0.0,31000.0,"POLYGON ((-108.43898999185159 34.41800034518938, -107.61345609062079 33.94738633652917, -108.14464004566653 33.27700711542272, -108.64671100885344 34.010100099016526, -108.43898999185159 34.41800034518938))"
30W,2019-03-21 10:55:00+00:00,2019-03-21 12:55:00+00:00,0.0,26000.0,"POLYGON ((-115.43569994970066 36.613949633165184, -115.03334720226098 36.18216049771708, -115.32514832377386 36.02456178413369, -115.66860121572303 36.487836063454935, -115.43569994970066 36.613949633165184))"
8E,2019-03-21 11:55:00+00:00,2019-03-21 13:55:00+00:00,0.0,34000.0,"POLYGON ((-75.40549622175546 34.72043723247394, -74.8803724193057 33.63990760342029, -75.29134565535617 33.431553251189904, -76.37158947890458 34.850221536084156, -75.40549622175546 34.72043723247394))"
33W,2019-03-21 11:55:00+00:00,2019-03-21 13:55:00+00:00,0.0,39000.0,"POLYGON ((-107.66418555846039 34.04793473795517, -106.28499923489855 33.276036596749044, -107.19092872717408 32.63223032172754, -107.7038726112794 33.63220326819511, -107.66418555846039 34.04793473795517))"
35W,2019-03-21 11:55:00+00:00,2019-03-21 13:55:00+00:00,0.0,35000.0,"POLYGON ((-108.09 35.57541730984526, -107.53329269718401 34.44970502081153, -107.98838037561995 33.866197425802795, -108.75050101323166 35.187908757505994, -108.09 35.57541730984526))"
32W,2019-03-21 11:55:00+00:00,2019-03-21 13:55:00+00:00,0.0,29000.0,"POLYGON ((-112.24637415550193 35.160892080146894, -111.45307397888338 33.899274591785115, -112.20430992872512 33.49353036870669, -112.6823595905946 34.6998327489478, -112.24637415550193 35.160892080146894))"
34W,2019-03-21 11:55:00+00:00,2019-03-21 13:55:00+00:00,0.0,28000.0,"POLYGON ((-113.8722175820059 37.83995121572427, -112.9415047790886 37.17712183279701, -113.19566382096974 36.971009213466886, -113.9718909790686 37.44785780951047, -113.8722175820059 37.83995121572427))"
38W,2019-03-21 11:55:00+00:00,2019-03-21 13:55:00+00:00,0.0,36000.0,"POLYGON ((-105.34024819938463 31.484596212208064, -104.784930239475 31.01294037267335, -105.19317560915286 30.73672497657863, -105.68175973122321 31.30746434356681, -105.34024819938463 31.484596212208064))"
36W,2019-03-21 11:55:00+00:00,2019-03-21 13:55:00+00:00,0.0,26000.0,"POLYGON ((-115.43569994970066 36.613949633165184, -115.02262267486269 36.347053976722236, -115.51776068353144 36.07946837837935, -115.66860121572303 36.487836063454935, -115.43569994970066 36.613949633165184))"
37W,2019-03-21 11:55:00+00:00,2019-03-21 13:55:00+00:00,0.0,24000.0,"POLYGON ((-121.6 36.081716242316425, -120.51988143801 35.12107673201214, -120.90989228687154 34.8919879270202, -121.6 35.79257436347463, -121.6 36.081716242316425))"
9E,2019-03-21 12:55:00+00:00,2019-03-21 14:55:00+00:00,0.0,34000.0,"POLYGON ((-75.16936097829462 35.43224824078843, -73.7612320341291 34.23553982536499, -75.10928185556631 33.36391611371047, -76.18 34.92904835410885, -75.16936097829462 35.43224824078843))"
40W,2019-03-21 12:55:00+00:00,2019-03-21 14:55:00+00:00,0.0,37000.0,"POLYGON ((-107.20520124405866 34.270865167322846, -105.91447328859199 33.77896026488088, -106.48399071458903 33.27746338515003, -107.28 33.77910686720918, -107.20520124405866 34.270865167322846))"
39W,2019-03-21 12:55:00+00:00,2019-03-21 14:55:00+00:00,0.0,32000.0,"POLYGON ((-112.14078091800049 35.367361874847695, -110.42673661926206 34.75274634570805, -110.89469891799382 33.812198906975894, -112.48 34.8445709394209, -112.14078091800049 35.367361874847695))"
41W,2019-03-21 12:55:00+00:00,2019-03-21 14:55:00+00:00,0.0,31000.0,"POLYGON ((-112.64646306854672 37.02166056894082, -111.27 36.698283757683576, -111.39671753324991 36.22216039994023, -112.16483590461341 36.11667258510253, -112.64646306854672 37.02166056894082))"
ROMEO 7,2019-03-21 13:44:00+00:00,2019-03-21 17:55:00+00:00,0.0,35000.0,"POLYGON ((166.4 29.4, 176.3 29.4, 176.5 27, 166.2 21, 166.4 29.4))"
10E,2019-03-21 13:55:00+00:00,2019-03-21 15:55:00+00:00,0.0,34000.0,"POLYGON ((-75.31245261101861 35.551013427818205, -74.03960245309027 34.47617000801013, -75.10928185556631 33.36391611371047, -75.63474990650363 35.18282238171873, -75.31245261101861 35.551013427818205))"
42W,2019-03-21 13:55:00+00:00,2019-03-21 15:55:00+00:00,0.0,35000.0,"POLYGON ((-110.12277708676253 36.496540793703886, -109.23509640907915 36.352503916803194, -109.52949898676836 35.187908757505994, -110.6521367571603 36.118413646899285, -110.12277708676253 36.496540793703886))"
43W,2019-03-21 13:55:00+00:00,2019-03-21 15:55:00+00:00,0.0,32000.0,"POLYGON ((-113.75446165602335 38.248286286589924, -111.33299490721653 37.367711239209974, -111.27 36.785475822945564, -112.77683847155168 36.76680566180234, -113.75446165602335 38.248286286589924))"
11E,2019-03-21 14:55:00+00:00,2019-03-21 16:55:00+00:00,0.0,32000.0,"POLYGON ((-75.04188050468775 35.87259919125233, -74.1793894752955 34.596247650832055, -75.71174695463243 35.336854287419605, -75.04188050468775 35.87259919125233))"
44W,2019-03-21 14:55:00+00:00,2019-03-21 16:55:00+00:00,0.0,34000.0,"POLYGON ((-110.12277708676253 36.496540793703886, -109.23509640907915 36.352503916803194, -109.14 35.418213734418366, -110.44619097287566 36.11717985273757, -110.12277708676253 36.496540793703886))"
45W,2019-03-21 15:55:00+00:00,2019-03-21 17:55:00+00:00,0.0,35000.0,"POLYGON ((-109.96085475025946 36.98200232549708, -108.92041407293021 36.7371152543526, -108.59264118799142 35.49471982222965, -109.6680752303883 35.43675042537684, -109.96085475025946 36.98200232549708))"
46W,2019-03-21 16:55:00+00:00,2019-03-21 18:55:00+00:00,0.0,35000.0,"POLYGON ((-109.31977314084577 37.936691658143936, -108.09 35.57541730984526, -109.14 35.25184477868196, -110.7 37.92089313279082, -109.31977314084577 37.936691658143936))"
ROMEO 8,2019-03-21 17:26:00+00:00,2019-03-21 21:30:00+00:00,0.0,35000.0,"POLYGON ((166.4 29.5, 178 29.4, 178 27.4, 168.5 22.1, 166.4 29.5))"
47W,2019-03-21 17:55:00+00:00,2019-03-21 19:55:00+00:00,0.0,36000.0,"POLYGON ((-108.93 37.9545709394209, -107.68002273989288 35.93789722789587, -108.66518101741073 35.35404865949587, -109.77213277128567 37.53037298373047, -108.93 37.9545709394209))"
12E,2019-03-21 18:55:00+00:00,2019-03-21 20:55:00+00:00,0.0,36000.0,"POLYGON ((-74.95197545605652 36.883474052404104, -73.70437737629756 36.86390153510433, -73.70463030094238 36.2344941975834, -74.28936930317946 35.60841081246331, -75.35471714455537 36.25716535586847, -74.95197545605652 36.883474052404104))"
48W,2019-03-21 18:55:00+00:00,2019-03-21 20:55:00+00:00,0.0,37000.0,"POLYGON ((-108.95327694974151 38.75247617934097, -107.5063659602628 36.26800915270825, -108.09 35.57541730984526, -109.56173281693216 37.80831319226652, -108.95327694974151 38.75247617934097))"
49W,2019-03-21 18:55:00+00:00,2019-03-21 20:55:00+00:00,0.0,40000.0,"POLYGON ((-103.62207904045634 31.085379257125744, -103.34935176772906 31.085379257125744, -103.34935176772906 30.81265198439847, -103.62207904045634 30.81265198439847, -103.62207904045634 31.085379257125744))"
50W,2019-03-21 19:55:00+00:00,2019-03-21 21:55:00+00:00,0.0,35000.0,"POLYGON ((-108.33774741982542 38.706202683992025, -107.13495536269588 36.41784485897429, -107.95164375049713 35.416754327202824, -108.84924593804082 37.963677336077176, -108.33774741982542 38.706202683992025))"
13E,2019-03-21 19:55:00+00:00,2019-03-21 21:55:00+00:00,0.0,36000.0,"POLYGON ((-75.02243175184145 37.41402171432177, -73.97173177447071 37.113149762508584, -74.02884394154385 36.24073874740028, -74.53530831720421 35.695462698267505, -75.10428939287029 36.25518396575115, -75.02243175184145 37.41402171432177))"
51W,2019-03-21 19:55:00+00:00,2019-03-21 21:55:00+00:00,0.0,41000.0,"POLYGON ((-103.42820656406184 31.196639174713344, -103.15547929133456 31.196639174713344, -103.15547929133456 30.92391190198607, -103.42820656406184 30.92391190198607, -103.42820656406184 31.196639174713344))"
15E,2019-03-21 20:55:00+00:00,2019-03-21 22:55:00+00:00,0.0,25000.0,"POLYGON ((-82.92621756800199 38.04071865631651, -82.70177205506896 36.24763549935512, -84.12442914664562 35.43865710865688, -84.11 37.03, -82.92621756800199 38.04071865631651))"
14E,2019-03-21 20:55:00+00:00,2019-03-21 22:55:00+00:00,0.0,38000.0,"POLYGON ((-74.61862949708825 37.640767324384726, -73.3749919320801 37.63022277573181, -73.70463030094238 36.2344941975834, -74.28936930317946 35.60841081246331, -74.94211314614527 36.253622284956656, -74.61862949708825 37.640767324384726))"
52W,2019-03-21 20:55:00+00:00,2019-03-21 22:55:00+00:00,0.0,32000.0,"POLYGON ((-107.88971719214352 38.44693150842778, -106.9334507083006 37.116415506911984, -108.09 35.74178626558165, -108.84924593804082 37.963677336077176, -107.88971719214352 38.44693150842778))"
53W,2019-03-21 20:55:00+00:00,2019-03-21 22:55:00+00:00,0.0,40000.0,"POLYGON ((-103.25272727272727 31.511869151569062, -102.70727272727274 31.511869151569062, -102.70727272727274 30.966414606114515, -103.25272727272727 30.966414606114515, -103.25272727272727 31.511869151569062))"
ROMEO 9,2019-03-21 21:29:00+00:00,2019-03-22 01:30:00+00:00,0.0,35000.0,"POLYGON ((166.4 29.5, 178 29.4, 178 27.4, 168.5 22.1, 166.4 29.5))"
55W,2019-03-21 21:55:00+00:00,2019-03-21 23:55:00+00:00,0.0,30000.0,"POLYGON ((-112.75846229451552 39.76085145483954, -111.4350938137427 39.29505777338911, -111.52139421849368 38.97747685149421, -112.51 38.96726208852722, -112.75846229451552 39.76085145483954))"
16E,2019-03-21 21:55:00+00:00,2019-03-21 23:55:00+00:00,0.0,38000.0,"POLYGON ((-73.62968352333836 38.17406920169719, -73.67046679808024 36.233785184620565, -74.02884394154385 36.24073874740028, -74.56651696786415 36.24916459907458, -74.86279839627842 37.837080098416116, -73.62968352333836 38.17406920169719))"
17E,2019-03-21 21:55:00+00:00,2019-03-21 23:55:00+00:00,0.0,25000.0,"POLYGON ((-82.52019795784453 37.81400715351357, -82.40321047319249 35.90542339275631, -85.15 35.53828375768358, -84.11 37.60828375768357, -82.52019795784453 37.81400715351357))"
2C,2019-03-21 21:55:00+00:00,2019-03-21 23:55:00+00:00,0.0,40000.0,"POLYGON ((-102.757612686774 31.392549660399354, -102.48488541404672 31.392549660399354, -102.48488541404672 31.11982238767208, -102.757612686774 31.11982238767208, -102.757612686774 31.392549660399354))"
54W,2019-03-21 21:55:00+00:00,2019-03-21 23:55:00+00:00,0.0,33000.0,"POLYGON ((-107.21041882958062 38.39455162771324, -106.49009477050846 37.126808188176504, -107.31694650261343 34.630076950865174, -108.42382967596306 36.850183890222304, -107.21041882958062 38.39455162771324))"
19E,2019-03-21 22:55:00+00:00,2019-03-22 00:55:00+00:00,0.0,24000.0,"POLYGON ((-82.59302549411288 37.672705993824664, -82.65354641805096 35.61606083465945, -84.64655310784002 35.642958140829585, -83.70714819342305 37.797846403413594, -82.59302549411288 37.672705993824664))"
18E,2019-03-21 22:55:00+00:00,2019-03-22 00:55:00+00:00,0.0,38000.0,"POLYGON ((-73.22698757191851 38.58006038127584, -72.26194808884468 36.19608381995575, -72.88006515612935 36.21466566920305, -74.11705479269541 36.242286206557836, -74.53434818943421 38.02761640341515, -73.22698757191851 38.58006038127584))"
57W,2019-03-21 22:55:00+00:00,2019-03-22 00:55:00+00:00,0.0,30000.0,"POLYGON ((-113.76 40.23089313279082, -111.71261007944715 39.551951916344706, -111.75621548104812 38.709356488328304, -113.15496313816945 39.298220738224586, -113.76 40.23089313279082))"
56W,2019-03-21 22:55:00+00:00,2019-03-22 00:55:00+00:00,0.0,32000.0,"POLYGON ((-107.23609141751884 38.3861698773908, -106.26605711198489 37.702086162609824, -106.97493971727127 34.73249165616256, -109.70551783007264 37.55278749235115, -107.23609141751884 38.3861698773908))"
20E,2019-03-21 23:55:00+00:00,2019-03-22 01:55:00+00:00,0.0,38000.0,"POLYGON ((-72.64398082327381 39.23324861016915, -72.15049564274314 36.95206042532109, -73.02800505405024 36.32362951557459, -74.12016973503353 36.871874559671994, -74.8 38.767262088527225, -72.64398082327381 39.23324861016915))"
58W,2019-03-21 23:55:00+00:00,2019-03-22 01:55:00+00:00,0.0,32000.0,"POLYGON ((-108.33056216813037 38.27904810513437, -105.96821831634442 37.46754821993708, -106.58802264672235 34.578664231665655, -110.37768536521816 37.804737386894814, -108.33056216813037 38.27904810513437))"
59W,2019-03-21 23:55:00+00:00,2019-03-22 01:55:00+00:00,0.0,30000.0,"POLYGON ((-113.76 40.5854290605791, -111.98 40.127145302895535, -112.36646340767413 39.56704431110824, -113.55050993169515 39.62732957538513, -113.76 40.5854290605791))"
1E,2019-03-22 00:55:00+00:00,2019-03-22 02:55:00+00:00,0.0,35000.0,"POLYGON ((-72.64398082327381 39.23324861016915, -71.5822763053484 36.46692530517844, -73.31314144947982 36.56467370500564, -73.76005618686249 37.763948243098106, -74.34294113313113 39.45203183061822, -72.64398082327381 39.23324861016915))"
1W,2019-03-22 00:55:00+00:00,2019-03-22 02:55:00+00:00,0.0,32000.0,"POLYGON ((-106.65711317920038 37.34705067144582, -105.44213832591647 36.29763300811809, -106.66506028272872 34.73249165616256, -107.61893246499082 35.81683816158318, -106.65711317920038 37.34705067144582))"
2W,2019-03-22 00:55:00+00:00,2019-03-22 02:55:00+00:00,0.0,30000.0,"POLYGON ((-113.76 40.73, -112.38356850826591 40.54261373001781, -112.51 39.878283757683576, -113.76 40.00714530289552, -113.76 40.73))"
ROMEO 10,2019-03-22 01:16:00+00:00,2019-03-22 05:20:00+00:00,0.0,35000.0,"POLYGON ((179 30, 179.4 27, 169.5 21.3, 168.2 29.5, 179 30))"
2E,2019-03-22 01:55:00+00:00,2019-03-22 03:55:00+00:00,0.0,35000.0,"POLYGON ((-72.32 39.75541730984526, -70.9107273746298 37.76147064377434, -72.60903339892053 37.35904184736853, -73.60321938035213 38.15271796951693, -74.34729202253536 39.66626573171263, -72.32 39.75541730984526))"
3W,2019-03-22 01:55:00+00:00,2019-03-22 03:55:00+00:00,0.0,32000.0,"POLYGON ((-106.94490359092086 36.352503916803194, -105.75428439393072 35.65844023795399, -106.66506028272872 34.73249165616256, -107.36156289768854 36.14957050787456, -106.94490359092086 36.352503916803194))"
3E,2019-03-22 02:55:00+00:00,2019-03-22 04:55:00+00:00,0.0,35000.0,"POLYGON ((-72.32 39.92178626558165, -70.9107273746298 37.76147064377434, -72.58141744893663 37.314117035316904, -72.83733237032443 38.44680654051038, -74.03050042319214 39.69198101851925, -72.32 39.92178626558165))"
4E,2019-03-22 03:55:00+00:00,2019-03-22 05:55:00+00:00,0.0,30000.0,"POLYGON ((-71.85541947727528 40.56614317245856, -70.03 38.28535879674494, -71.4849127585348 37.97036505946073, -72.83733237032443 38.44680654051038, -73.34700633415761 39.8149655787288, -71.85541947727528 40.56614317245856))"
6E,2019-03-22 04:55:00+00:00,2019-03-22 06:55:00+00:00,0.0,34000.0,"POLYGON ((-70.03 39.117203575426906, -68.48813708160996 38.34907719221371, -70.03 37.952620885272154, -70.03 38.950834619690504, -70.03 39.117203575426906))"
7E,2019-03-22 04:55:00+00:00,2019-03-22 06:55:00+00:00,0.0,24000.0,"POLYGON ((-77.30321449924853 33.87812953217041, -75.47369288951381 33.49892397615319, -75.29134565535617 33.431553251189904, -77.33697775851961 33.27290691262983, -77.30321449924853 33.87812953217041))"
5W,2019-03-22 04:55:00+00:00,2019-03-22 06:55:00+00:00,0.0,41000.0,"POLYGON ((-104.50079729095692 31.41810928881679, -104.1722693088895 30.760926845791154, -105.01398184405039 29.91369641831213, -105.83484441169402 30.896995107026417, -104.50079729095692 31.41810928881679))"
5E,2019-03-22 04:55:00+00:00,2019-03-22 06:55:00+00:00,0.0,32000.0,"POLYGON ((-71.43989372062059 40.64002208692317, -70.03 39.11143590868659, -71.74597426191013 38.064031378814235, -72.32 40.34171624231643, -71.43989372062059 40.64002208692317))"
4W,2019-03-22 04:55:00+00:00,2019-03-22 06:55:00+00:00,0.0,26000.0,"POLYGON ((-105.51891517322072 35.96608861707847, -105.00335605047397 35.927055177535266, -105.4105687639771 35.125432174486996, -105.93714859018642 35.03680252576902, -105.51891517322072 35.96608861707847))"
TANGO 1,2019-03-22 05:30:00+00:00,2019-03-22 09:30:00+00:00,0.0,57000.0,"POLYGON ((-154 5.3, -146.5 4, -148 1, -155 0.5, -154 5.3))"
9E,2019-03-22 05:55:00+00:00,2019-03-22 07:55:00+00:00,,,"POLYGON ((-70.03 40.44271584499469, -70.03 40.16362112665959, -70.03 40.21944007032661, -70.03 40.44271584499469))"
8E,2019-03-22 05:55:00+00:00,2019-03-22 07:55:00+00:00,0.0,28000.0,"POLYGON ((-71.30783809175034 40.597229995310826, -70.79030035467888 39.73338894253364, -71.57710874052356 39.53424557493783, -72.0689756530409 40.458612172131694, -71.30783809175034 40.597229995310826))"
10E,2019-03-22 05:55:00+00:00,2019-03-22 07:55:00+00:00,0.0,27000.0,"POLYGON ((-73.7612320341291 34.23553982536499, -75.29134565535617 33.431553251189904, -77.26191260735983 33.11885193382826, -77.16250051869676 33.759758054480585, -73.7612320341291 34.23553982536499))"
6W,2019-03-22 05:55:00+00:00,2019-03-22 07:55:00+00:00,0.0,37000.0,"POLYGON ((-104.62 32.76171624231643, -104.62 32.32800342405375, -105.33346773195217 32.148448402953974, -104.94861272699738 32.67173592822791, -104.62 32.76171624231643))"
7W,2019-03-22 05:55:00+00:00,2019-03-22 07:55:00+00:00,0.0,45000.0,"POLYGON ((-104.784930239475 31.01294037267335, -104.57019129559214 30.519837543605142, -104.95464150901105 30.296163190556964, -105.765019996317 30.750432716696473, -104.784930239475 31.01294037267335))"
12E,2019-03-22 06:55:00+00:00,2019-03-22 08:55:00+00:00,0.0,34000.0,"POLYGON ((-72.67399383088501 36.208824888541756, -72.61449218536606 34.997111206835285, -73.90021744915809 34.35593367745108, -74.4601793343904 34.835922168434095, -72.67399383088501 36.208824888541756))"
13E,2019-03-22 06:55:00+00:00,2019-03-22 08:55:00+00:00,0.0,32000.0,"POLYGON ((-75.25408200029028 34.411943802892225, -74.92750143497929 33.29601366051396, -76.81696033297256 32.19359480289175, -77.26191260735983 33.11885193382826, -75.25408200029028 34.411943802892225))"
10W,2019-03-22 06:55:00+00:00,2019-03-22 08:55:00+00:00,0.0,26000.0,"POLYGON ((-104.66461312781702 36.08912525395683, -104.36404958541631 36.08002142936282, -104.4142890486 34.9006475704961, -105.14 34.79257436347463, -104.66461312781702 36.08912525395683))"
9W,2019-03-22 06:55:00+00:00,2019-03-22 08:55:00+00:00,0.0,45000.0,"POLYGON ((-104.33766193836976 31.100825697057036, -104.14302664188695 30.700556777148986, -104.95464150901105 30.296163190556964, -105.765019996317 30.750432716696473, -104.33766193836976 31.100825697057036))"
8W,2019-03-22 06:55:00+00:00,2019-03-22 08:55:00+00:00,0.0,30000.0,"POLYGON ((-104.01173288953247 32.827380110356025, -103.84523469500373 32.379703248794655, -104.62 32.472574363474635, -104.62 32.76171624231643, -104.01173288953247 32.827380110356025))"
14E,2019-03-22 07:55:00+00:00,2019-03-22 09:55:00+00:00,0.0,34000.0,"POLYGON ((-72.67399383088501 36.208824888541756, -72.61449218536606 34.997111206835285, -72.79933985502997 35.06616814957474, -73.54185486530858 35.33957493982048, -72.67399383088501 36.208824888541756))"
15E,2019-03-22 07:55:00+00:00,2019-03-22 09:55:00+00:00,0.0,32000.0,"POLYGON ((-75.47369288951381 33.49892397615319, -75.10928185556631 33.36391611371047, -76.89048327355702 32.347912658677075, -76.32629249359711 33.046225507906435, -75.47369288951381 33.49892397615319))"
12W,2019-03-22 07:55:00+00:00,2019-03-22 09:55:00+00:00,0.0,45000.0,"POLYGON ((-103.83855817209663 31.3574616166446, -103.4857154040927 30.949015620762108, -104.6197707121964 30.298294714729384, -105.0371677473413 30.682781821571385, -103.83855817209663 31.3574616166446))"
13W,2019-03-22 07:55:00+00:00,2019-03-22 09:55:00+00:00,0.0,30000.0,"POLYGON ((-104.6163603034074 36.285277129781655, -104.04229401361651 36.21051310667024, -104.08924167672622 35.01304099445277, -104.80234508276361 34.99169673145791, -104.6163603034074 36.285277129781655))"
17E,2019-03-22 08:55:00+00:00,2019-03-22 10:55:00+00:00,0.0,28000.0,"POLYGON ((-72.98449992005833 35.13494418784608, -72.79933985502997 35.06616814957474, -73.90021744915809 34.35593367745108, -73.72826481178812 35.40721542071722, -72.98449992005833 35.13494418784608))"
14W,2019-03-22 08:55:00+00:00,2019-03-22 10:55:00+00:00,0.0,45000.0,"POLYGON ((-103.59992523586021 31.562811586201626, -102.98 30.95, -104.10478594719991 30.355233828309828, -104.66489722768152 30.91142016842155, -103.59992523586021 31.562811586201626))"
UNIFORM 1,2019-03-22 08:55:00+00:00,2019-03-22 12:55:00+00:00,0.0,56000.0,"POLYGON ((-173.4 7.4, 178.3 7.3, 171.1 6.3, 172.2 3.3, -172.5 6, -173.4 7.4))"
TANGO 2,2019-03-22 08:58:00+00:00,2019-03-22 13:00:00+00:00,0.0,59000.0,"POLYGON ((-147.2 6.2, -146 2.4, -153.2 1.5, -156 3.4, -155.2 5.1, -147.2 6.2))"
16W,2019-03-22 09:55:00+00:00,2019-03-22 11:55:00+00:00,0.0,36000.0,"POLYGON ((-104.43300948835093 36.13628001668123, -103.6 35.67910686720917, -105.47182049365887 34.042941984077785, -105.5280854558156 34.89085105100741, -104.43300948835093 36.13628001668123))"
15W,2019-03-22 09:55:00+00:00,2019-03-22 11:55:00+00:00,0.0,45000.0,"POLYGON ((-102.87852153501571 31.7421553174196, -102.44125524437848 31.139882937773198, -103.54270228347924 29.946447492571256, -104.32143378759756 31.483421317719415, -102.87852153501571 31.7421553174196))"
1C,2019-03-22 10:55:00+00:00,2019-03-22 12:55:00+00:00,0.0,45000.0,"POLYGON ((-102.74780894856973 32.479342979329445, -101.8916604329872 31.39483107108088, -102.5699963197468 30.596430960522778, -104.32143378759756 31.483421317719415, -102.74780894856973 32.479342979329445))"
18W,2019-03-22 10:55:00+00:00,2019-03-22 12:55:00+00:00,0.0,39000.0,"POLYGON ((-104.04227361938875 36.48714142637541, -103.6 35.84547582294557, -105.14 34.495417309845244, -105.57246168228146 35.30630390607894, -104.04227361938875 36.48714142637541))"
20W,2019-03-22 10:55:00+00:00,2019-03-22 12:55:00+00:00,0.0,29000.0,"POLYGON ((-104.09778800665681 34.77007167609327, -103.868992939464 34.6454374953078, -104.62 33.77371281826269, -104.95369150650622 34.007385319675436, -104.09778800665681 34.77007167609327))"
19W,2019-03-22 10:55:00+00:00,2019-03-22 12:55:00+00:00,0.0,38000.0,"POLYGON ((-103.04043439512105 34.09913772879655, -102.869546117545 33.36433806124211, -104.14127949177933 33.17310661967893, -103.97886267470625 33.559653522809604, -103.04043439512105 34.09913772879655))"
DELTA 1,2019-03-22 11:15:00+00:00,2019-03-22 15:15:00+00:00,0.0,35000.0,"POLYGON ((-66 41.3, -64.3 39.3, -66 37.3, -67 40.45, -66 41.3))"
2C,2019-03-22 11:55:00+00:00,2019-03-22 13:55:00+00:00,0.0,44000.0,"POLYGON ((-102.19 32.50910686720918, -101.81768828425619 31.24093132156994, -102.4434048396481 30.75789165190176, -103.53975965599138 30.65228215729454, -104.14182016874388 31.54848292393377, -102.19 32.50910686720918))"
3C,2019-03-22 11:55:00+00:00,2019-03-22 13:55:00+00:00,0.0,41000.0,"POLYGON ((-102.98254483440157 34.382276579203676, -102.7098788589485 33.69742265598809, -103.62431443531193 33.33602754337187, -103.91112105470303 33.926192836898785, -102.98254483440157 34.382276579203676))"
4C,2019-03-22 11:55:00+00:00,2019-03-22 13:55:00+00:00,0.0,33000.0,"POLYGON ((-103.76330317059556 35.12456548086493, -103.46506562656432 34.9127928338145, -104.28630849349379 34.007385319675436, -104.34482599960388 34.56435213272478, -103.76330317059556 35.12456548086493))"
5C,2019-03-22 11:55:00+00:00,2019-03-22 13:55:00+00:00,0.0,34000.0,"POLYGON ((-103.6 36.68171624231642, -103.25873968883538 35.847353411821636, -104.80234508276361 34.99169673145791, -105.46832616470864 35.54890439517881, -103.6 36.68171624231642))"
TANGO 3,2019-03-22 12:33:00+00:00,2019-03-22 16:35:00+00:00,0.0,58000.0,"POLYGON ((-147.2 6.4, -146.4 3.4, -156.4 2.2, -158.5 3.5, -157.2 5.4, -147.2 6.4))"
UNIFORM 2,2019-03-22 12:35:00+00:00,2019-03-22 16:35:00+00:00,0.0,58000.0,"POLYGON ((-179 7.3, 171.4 6.1, 171.5 3.3, -179.2 3.3, -174 7.2, -179 7.3))"
FOXTROT 1,2019-03-22 12:42:00+00:00,2019-03-22 16:42:00+00:00,0.0,50000.0,"POLYGON ((-121 8.45, -121.3 5, -127.45 5.15, -128.15 7.45, -121 8.45))"
8C,2019-03-22 12:55:00+00:00,2019-03-22 14:55:00+00:00,0.0,41000.0,"POLYGON ((-102.49236913390017 32.624461259451536, -101.60140557692912 32.00864110351755, -103.1739897392571 30.949855154106366, -103.63180117398302 31.86939931966077, -102.49236913390017 32.624461259451536))"
6C,2019-03-22 12:55:00+00:00,2019-03-22 14:55:00+00:00,0.0,35000.0,"POLYGON ((-102.34118161160775 37.53165118156582, -102.84 34.93371281826269, -105.51601583757022 35.35273351980277, -103.98376714894411 36.952698358851165, -102.34118161160775 37.53165118156582))"
7C,2019-03-22 12:55:00+00:00,2019-03-22 14:55:00+00:00,0.0,37000.0,"POLYGON ((-101.84234241980107 34.889132849055095, -102.39256531746754 33.865037105473995, -103.45644425428134 33.98731386780145, -103.80207226401325 34.77913353408629, -101.84234241980107 34.889132849055095))"
DELTA 2,2019-03-22 13:20:00+00:00,2019-03-22 17:20:00+00:00,0.0,35000.0,"POLYGON ((-66 41.45, -63 41.3, -62.3 38.15, -65 38.45, -66 41.45))"
9C,2019-03-22 13:55:00+00:00,2019-03-22 15:55:00+00:00,0.0,40000.0,"POLYGON ((-102.3686402886622 37.58474085759155, -101.60167608029161 34.31443726603373, -103.14676253323326 33.884796373472774, -105.14 35.99273791147279, -102.3686402886622 37.58474085759155))"
10C,2019-03-22 13:55:00+00:00,2019-03-22 15:55:00+00:00,0.0,42000.0,"POLYGON ((-100.95787089743938 32.85723857488899, -101.74395683108291 31.086989361046843, -102.98 30.95, -103.24000000000001 32.70184477868196, -100.95787089743938 32.85723857488899))"
11C,2019-03-22 14:55:00+00:00,2019-03-22 16:55:00+00:00,0.0,38000.0,"POLYGON ((-101.27978387418648 37.918721191456214, -101.64 34.56714530289553, -105.27573276441903 35.39279149485331, -102.83028767946523 37.93278413074425, -101.27978387418648 37.918721191456214))"
12C,2019-03-22 14:55:00+00:00,2019-03-22 16:55:00+00:00,0.0,41000.0,"POLYGON ((-101.51466422034146 32.89797223780684, -101.40480001872535 31.73095611248797, -102.35847846128236 30.727213313271182, -102.97789043717466 32.40399592823378, -101.51466422034146 32.89797223780684))"
UNIFORM 3,2019-03-22 15:29:00+00:00,2019-03-22 19:30:00+00:00,,,"POLYGON ((-179 7.1, 172.5 5.5, 174.1 3.3, 180 3.3, 180 2.5, -176.5 2.5, -172.2 7, -179 7.1))"
TANGO 4,2019-03-22 15:32:00+00:00,2019-03-22 19:30:00+00:00,,,"POLYGON ((-146 7.5, -145.5 6.1, -149.1 3, -151.3 1.3, -157.4 2, -159.3 3.1, -158.1 5.2, -146 7.5))"
13C,2019-03-22 15:55:00+00:00,2019-03-22 17:55:00+00:00,0.0,39000.0,"POLYGON ((-101.3160421571514 38.10954859313252, -101.20949816061096 34.93631439773482, -102.84 34.999106867209186, -104.52571560606927 35.65844023795399, -103.89469808125742 37.02435309120733, -101.3160421571514 38.10954859313252))"
14C,2019-03-22 15:55:00+00:00,2019-03-22 17:55:00+00:00,0.0,35000.0,"POLYGON ((-100.46938313466951 32.989668983335854, -100.64522534163262 31.770550636188467, -102.50465061057261 31.898961787892457, -102.19 32.443712818262675, -100.46938313466951 32.989668983335854))"
DELTA 3,2019-03-22 16:14:00+00:00,2019-03-22 20:14:00+00:00,0.0,35000.0,"POLYGON ((-60.45 42.3, -60 39.3, -62.3 39, -63.3 41.45, -60.45 42.3))"
FOXTROT 2,2019-03-22 16:20:00+00:00,2019-03-22 20:20:00+00:00,0.0,50000.0,"POLYGON ((-120.45 8.3, -122 5.15, -129.15 5.45, -131 8, -120.45 8.3))"
16C,2019-03-22 16:55:00+00:00,2019-03-22 18:55:00+00:00,0.0,37000.0,"POLYGON ((-101.34746298487735 33.22816109639338, -100.56187223484297 33.06625800447078, -101.09787813297265 32.38732440247264, -102.03932827092918 32.31732074554638, -101.34746298487735 33.22816109639338))"
15C,2019-03-22 16:55:00+00:00,2019-03-22 18:55:00+00:00,0.0,42000.0,"POLYGON ((-100.83088810788082 37.307051182539816, -101.81711832708172 35.28987090615529, -104.36404958541631 36.08002142936282, -103.4320582654238 37.31520633954331, -100.83088810788082 37.307051182539816))"
18C,2019-03-22 17:55:00+00:00,2019-03-22 19:55:00+00:00,,,"POLYGON ((-104.8843599763536 36.67816384813472, -105.2342287424674 35.69348050317735, -105.0418951612256 35.67937628986814, -104.6244145449774 33.565614118308, -105.0457712575326 35.62651949682264, -104.6959024914187 36.61120284178, -104.8206242225262 33.52686153857172, -105.2381048387744 35.64062371013186, -104.8843599763536 36.67816384813472))"
17C,2019-03-22 17:55:00+00:00,2019-03-22 19:55:00+00:00,0.0,40000.0,"POLYGON ((-102.22048516427567 37.03343839908489, -101.64 35.789106867209185, -103.36497902893909 35.64088806605054, -103.75933833523362 36.95248331067322, -102.22048516427567 37.03343839908489))"
19C,2019-03-22 17:55:00+00:00,2019-03-22 19:55:00+00:00,0.0,31000.0,"POLYGON ((-106.84441789561836 36.733509565934796, -105.82 36.51815522131805, -106.16378362474696 35.65566745157359, -107.0546106386474 35.50088924177636, -106.84441789561836 36.733509565934796))"
21C,2019-03-22 18:55:00+00:00,2019-03-22 20:55:00+00:00,,,"POLYGON ((-104.6646402542076 36.71169852050167, -104.8310623609503 36.48597449040336, -104.7199221521824 33.67096860139056, -104.8622338268132 36.68076665885494, -104.8299369950707 36.47445362019157, -104.5200778478176 33.6788587226137, -104.6312180565854 36.49386461162651, -104.632343422465 36.5053854818383, -104.6646402542076 36.71169852050167))"
20C,2019-03-22 18:55:00+00:00,2019-03-22 20:55:00+00:00,0.0,36000.0,"POLYGON ((-102.22048516427567 37.03343839908489, -101.87534537062317 35.75088713937261, -102.65605385739515 35.49467624126144, -103.44066166476637 36.95248331067322, -102.22048516427567 37.03343839908489))"
18E,2019-03-22 18:55:00+00:00,2019-03-22 20:55:00+00:00,0.0,22000.0,"POLYGON ((-78.56312082596097 39.243327329916234, -78.49507605811957 39.055258434110975, -80.8039364358768 38.21989505458965, -80.8719812037182 38.40796395039491, -78.56312082596097 39.243327329916234))"
22C,2019-03-22 18:55:00+00:00,2019-03-22 20:55:00+00:00,0.0,33000.0,"POLYGON ((-105.6123175715799 36.949119666954566, -106.16569826589962 35.25954492165232, -107.023718965644 35.44052842043706, -106.45864188588916 36.83714304832704, -105.6123175715799 36.949119666954566))"
UNIFORM 4,2019-03-22 19:17:00+00:00,2019-03-22 23:20:00+00:00,0.0,57000.0,"POLYGON ((-171.2 6.5, 178.4 6.3, -171.3 1.4, -171.2 6.5))"
DELTA 4,2019-03-22 19:20:00+00:00,2019-03-22 23:20:00+00:00,0.0,35000.0,"POLYGON ((-57.15 44, -57.45 40.45, -60 40.3, -62 43, -57.15 44))"
23C,2019-03-22 19:55:00+00:00,2019-03-22 21:55:00+00:00,0.0,37000.0,"POLYGON ((-101.94750182605699 37.609450250397586, -101.41009544990551 36.68626390660763, -101.40465462937684 35.75088713937261, -102.21987839384829 35.75918147647325, -102.72136072787367 36.55089733693644, -101.94750182605699 37.609450250397586))"
25C,2019-03-22 19:55:00+00:00,2019-03-22 21:55:00+00:00,0.0,30000.0,"POLYGON ((-105.6625935911953 37.15873885426271, -105.4644163727219 37.13179836283912, -105.6966515259106 35.42345102918973, -105.894828744384 35.450391520613316, -105.6625935911953 37.15873885426271))"
19E,2019-03-22 19:55:00+00:00,2019-03-22 21:55:00+00:00,0.0,25000.0,"POLYGON ((-76.54975773867088 39.121524403284766, -76.49867091382418 38.92815911082751, -80.58634285348207 37.84820221805574, -80.63742967832876 38.041567510513, -76.54975773867088 39.121524403284766))"
20E,2019-03-22 19:55:00+00:00,2019-03-22 21:55:00+00:00,0.0,20000.0,"POLYGON ((-79.29979747759033 39.96719511425088, -78.93616111395396 39.96719511425088, -78.93616111395396 39.60355875061452, -79.29979747759033 39.60355875061452, -79.29979747759033 39.96719511425088))"
26C,2019-03-22 19:55:00+00:00,2019-03-22 21:55:00+00:00,0.0,41000.0,"POLYGON ((-102.58026746943068 35.37048704430036, -102.4708706128605 35.20305846916288, -104.56530157171491 33.83456947011484, -104.6746984282851 34.00199804525232, -102.58026746943068 35.37048704430036))"
24C,2019-03-22 19:55:00+00:00,2019-03-22 21:55:00+00:00,0.0,35000.0,"POLYGON ((-104.04090850440346 37.98267493509916, -103.6 35.75828375768358, -104.57647833501181 34.84412687953008, -105.00335605047397 35.927055177535266, -104.64030579276724 37.88911341402382, -104.04090850440346 37.98267493509916))"
27C,2019-03-22 20:55:00+00:00,2019-03-22 22:55:00+00:00,0.0,38000.0,"POLYGON ((-101.91038454136857 37.942751579361754, -100.73 37.58726208852721, -100.64076464487513 36.08291957021635, -102.11343107110142 36.211310567022366, -102.2099498290619 37.276787881277606, -101.91038454136857 37.942751579361754))"
28C,2019-03-22 20:55:00+00:00,2019-03-22 22:55:00+00:00,0.0,35000.0,"POLYGON ((-104.43 38.62273791147279, -103.29268913336826 38.669026645638255, -103.44361848583843 35.48730937505223, -104.53658205279086 34.85805735721237, -104.73047410813709 35.6593067662274, -104.43 38.62273791147279))"
21E,2019-03-22 20:55:00+00:00,2019-03-22 22:55:00+00:00,0.0,25000.0,"POLYGON ((-76.06534916561223 38.85282577625926, -76.00339973447511 38.66266198374925, -80.67902528443143 37.139489043165895, -80.74097471556856 37.3296528356759, -76.06534916561223 38.85282577625926))"
29C,2019-03-22 20:55:00+00:00,2019-03-22 22:55:00+00:00,0.0,45000.0,"POLYGON ((-102.33663258857386 35.874245268824836, -102.20375902537735 35.72476411214126, -104.21987171189554 33.93264474133365, -104.35274527509205 34.082125898017225, -102.33663258857386 35.874245268824836))"
DELTA 5,2019-03-22 21:05:00+00:00,2019-03-23 01:05:00+00:00,0.0,30000.0,"POLYGON ((-58.5 43.25, -56.05 42.25, -63.05 35.05, -66.15 37.5, -58.5 43.25))"
22E,2019-03-22 21:55:00+00:00,2019-03-22 23:55:00+00:00,,,"POLYGON ((-75.4856616494946 38.54845325446017, -78.90158463279556 37.25735116048627, -80.6313073414838 37.01233185073471, -75.42523092357578 38.35780140588554, -78.88539449422571 37.26103681673791, -80.65935779026292 37.21035501181262, -78.92963508157467 37.45537432156418, -78.94582522014453 37.45168866531254, -75.4856616494946 38.54845325446017))"
31C,2019-03-22 21:55:00+00:00,2019-03-22 23:55:00+00:00,0.0,35000.0,"POLYGON ((-104.20291390445946 39.456179071034505, -103.01683329184915 38.81436827016613, -103.01916709556492 37.44958280961716, -105.02901494202281 36.79730441391463, -105.27784085767968 38.28694906440312, -104.20291390445946 39.456179071034505))"
30C,2019-03-22 21:55:00+00:00,2019-03-22 23:55:00+00:00,0.0,38000.0,"POLYGON ((-100.73 38.0863689557364, -100.5299045500945 36.68626390660763, -101.5558928550329 36.567993528462694, -101.78443193659636 37.915295971585614, -100.73 38.0863689557364))"
32C,2019-03-22 21:55:00+00:00,2019-03-22 23:55:00+00:00,0.0,42000.0,"POLYGON ((-102.70934253839073 36.541061457424355, -101.29826505467707 35.957351457972415, -102.84 34.5, -104.35346278098078 33.873980288318855, -104.25543591581445 35.399535777237425, -102.70934253839073 36.541061457424355))"
23E,2019-03-22 22:55:00+00:00,2019-03-23 00:55:00+00:00,,,"POLYGON ((-74.85272578375017 39.01751370346784, -77.08828201858809 37.40196622070212, -79.02142991631092 36.9941093177009, -74.74727421624982 38.84757263453005, -77.05619985409773 37.41484169271206, -79.06271715483055 37.18980133065856, -77.12956925710772 37.59765823365979, -77.16165142159808 37.58478276164985, -74.85272578375017 39.01751370346784))"
34C,2019-03-22 22:55:00+00:00,2019-03-23 00:55:00+00:00,0.0,34000.0,"POLYGON ((-103.95638448762493 40.74562250702754, -103.09942124279428 38.96781701377206, -103.01916709556492 37.44958280961716, -104.57645495198484 36.72492214860059, -105.03344842925797 38.75902166027757, -103.95638448762493 40.74562250702754))"
35C,2019-03-22 22:55:00+00:00,2019-03-23 00:55:00+00:00,0.0,42000.0,"POLYGON ((-101.94750182605699 37.609450250397586, -100.70612963007618 36.337157048602975, -102.98254483440157 34.382276579203676, -103.12580721069573 36.33682047036333, -102.63847823835643 36.937772132122646, -101.94750182605699 37.609450250397586))"
33C,2019-03-22 22:55:00+00:00,2019-03-23 00:55:00+00:00,0.0,34000.0,"POLYGON ((-100.48634917971489 38.38086417783985, -100.5299045500945 36.68626390660763, -101.35447513356584 36.9120460287959, -101.3160421571514 38.10954859313252, -100.48634917971489 38.38086417783985))"
UNIFORM 5,2019-03-22 23:00:00+00:00,2019-03-23 03:00:00+00:00,0.0,56000.0,"POLYGON ((-172.3 6.5, 176.5 6.4, -171.3 2, -172.3 6.5))"
37C,2019-03-22 23:55:00+00:00,2019-03-23 01:55:00+00:00,0.0,45000.0,"POLYGON ((-99.88644150334216 37.91698936812068, -100.62091602958658 35.28572624517899, -102.9171115093699 34.346270892057056, -102.51237985749506 35.99272132538199, -101.91038454136857 37.942751579361754, -99.88644150334216 37.91698936812068))"
36C,2019-03-22 23:55:00+00:00,2019-03-23 01:55:00+00:00,0.0,32000.0,"POLYGON ((-103.55554084867795 41.09856801445814, -103.35491075478518 40.215193370375296, -104.37412831942586 39.27538332714005, -105.72 40.761716242316425, -103.55554084867795 41.09856801445814))"
2C,2019-03-23 00:55:00+00:00,2019-03-23 02:55:00+00:00,0.0,45000.0,"POLYGON ((-99.55488998428163 38.29617127424581, -99.82201038260493 35.291341611505835, -103.4077854644317 34.02812218001029, -102.11343107110142 36.211310567022366, -102.10477415304412 38.007545815999585, -99.55488998428163 38.29617127424581))"
1C,2019-03-23 00:55:00+00:00,2019-03-23 02:55:00+00:00,0.0,30000.0,"POLYGON ((-103.51308009456464 41.26474797476475, -103.31396368429951 40.26214996308212, -104.4862646448532 39.75454549534361, -105.57322585503196 41.072774288234875, -103.51308009456464 41.26474797476475))"
3C,2019-03-23 01:55:00+00:00,2019-03-23 03:55:00+00:00,0.0,45000.0,"POLYGON ((-101.33034849469558 38.389042075919455, -99.35786366116832 38.357722612609635, -99.41128249217098 35.41685161315762, -103.54874212777925 33.90974659870893, -101.28649308800394 36.42475882591666, -101.33034849469558 38.389042075919455))"
4C,2019-03-23 01:55:00+00:00,2019-03-23 03:55:00+00:00,0.0,42000.0,"POLYGON ((-102.6634316737201 33.80582127465449, -102.11797712826557 33.80582127465449, -102.11797712826557 33.260366729199944, -102.6634316737201 33.260366729199944, -102.6634316737201 33.80582127465449))"
UNIFORM 6,2019-03-23 02:47:00+00:00,2019-03-23 06:50:00+00:00,0.0,56000.0,"POLYGON ((-174.2 6.4, -168.3 3.2, -178.2 4, -174.2 6.4))"
5C,2019-03-23 02:55:00+00:00,2019-03-23 04:55:00+00:00,0.0,44000.0,"POLYGON ((-99.14581962927335 38.24900732104367, -99.28239131454505 35.189367960249534, -102.65363598222064 34.436191845769855, -100.97 36.37452417705443, -100.73 37.92, -99.14581962927335 38.24900732104367))"
6C,2019-03-23 02:55:00+00:00,2019-03-23 04:55:00+00:00,0.0,44000.0,"POLYGON ((-102.24912410190873 33.83914337518428, -101.7036695564542 33.83914337518428, -101.7036695564542 33.29368882972973, -102.24912410190873 33.29368882972973, -102.24912410190873 33.83914337518428))"
7C,2019-03-23 03:55:00+00:00,2019-03-23 05:55:00+00:00,0.0,45000.0,"POLYGON ((-98.36024603752918 38.00209877479093, -98.82454753749143 35.39382082439066, -102.23438776358238 34.49850596030416, -100.49960381867967 36.3384008192057, -100.33964195530888 38.0466891090225, -98.36024603752918 38.00209877479093))"
8C,2019-03-23 03:55:00+00:00,2019-03-23 05:55:00+00:00,0.0,42000.0,"POLYGON ((-101.86205078136885 33.86166309234724, -101.31659623591432 33.86166309234724, -101.31659623591432 33.316208546892696, -101.86205078136885 33.316208546892696, -101.86205078136885 33.86166309234724))"
ECHO 1,2019-03-23 04:15:00+00:00,2019-03-23 08:15:00+00:00,0.0,30000.0,"POLYGON ((-58.15 43.15, -54 42.45, -58 36.15, -61.45 39, -58.15 43.15))"
9C,2019-03-23 04:55:00+00:00,2019-03-23 06:55:00+00:00,0.0,43000.0,"POLYGON ((-99.75158142716063 38.234290965643815, -97.28337783708129 37.514346567485, -98.20254041191804 34.75791864122066, -102.09169693464729 34.752387628457825, -100.2930723536306 36.33928924642974, -99.75158142716063 38.234290965643815))"
10C,2019-03-23 05:55:00+00:00,2019-03-23 07:55:00+00:00,0.0,43000.0,"POLYGON ((-99.3274612446203 38.550655827398984, -96.80510557555868 37.49279298401074, -97.40223534563665 34.67089612929937, -101.91 34.19910686720918, -100.26225499621053 36.46672501290751, -99.3274612446203 38.550655827398984))"
UNIFORM 7,2019-03-23 06:28:00+00:00,2019-03-23 10:30:00+00:00,,,"POLYGON ((-176.2 8.1, 180 3.3, 180 0, -176.2 0, -172.4 1.1, -169.1 0.2, -164.5 5.1, -176.2 8.1))"
11C,2019-03-23 06:55:00+00:00,2019-03-23 08:55:00+00:00,0.0,37000.0,"POLYGON ((-99.3274612446203 38.550655827398984, -96.80510557555868 37.49279298401074, -97.40223534563665 34.67089612929937, -101.91 34.19910686720918, -100.26225499621053 36.46672501290751, -99.3274612446203 38.550655827398984))"
VICTOR 1,2019-03-23 07:30:00+00:00,2019-03-23 11:30:00+00:00,0.0,42000.0,"POLYGON ((-179.2 29.1, -176.3 29.1, 178.5 26, -179.2 29.1))"
12C,2019-03-23 07:55:00+00:00,2019-03-23 09:55:00+00:00,0.0,37000.0,"POLYGON ((-97.92145205139751 38.69433049818713, -95.78005837955239 37.349587941109924, -97.9156941449308 34.46241227482925, -101.64 34.62452417705442, -99.1142443230933 36.59222707141659, -97.92145205139751 38.69433049818713))"
13C,2019-03-23 08:55:00+00:00,2019-03-23 10:55:00+00:00,0.0,36000.0,"POLYGON ((-97.74904986185128 37.80520422074964, -95.53568285788462 37.27017672180945, -97.4178309632101 34.41420514267313, -101.10175983912458 34.643947505395126, -98.63798482395198 36.347852422817446, -97.74904986185128 37.80520422074964))"
UNIFORM 8,2019-03-23 09:54:00+00:00,2019-03-23 13:55:00+00:00,0.0,58000.0,"POLYGON ((-179 8.4, -171.5 8.3, -162.2 0.5, -170 0.5, -175 0, -179 5.5, -179 8.4))"
14C,2019-03-23 09:55:00+00:00,2019-03-23 11:55:00+00:00,0.0,36000.0,"POLYGON ((-98.68585492728295 36.602226178203644, -97.09376428761767 36.34715600899554, -98.35837810061436 34.45089793170983, -100.29 34.70273791147278, -98.68585492728295 36.602226178203644))"
15C,2019-03-23 10:55:00+00:00,2019-03-23 12:55:00+00:00,0.0,35000.0,"POLYGON ((-98.63798482395198 36.347852422817446, -97.25854346026395 36.126875693084585, -97.80261404671232 34.99913216218724, -99.54140285583473 34.98108870181298, -98.63798482395198 36.347852422817446))"
16C,2019-03-23 11:55:00+00:00,2019-03-23 13:55:00+00:00,0.0,35000.0,"POLYGON ((-97.42355353617698 36.18299771581226, -97.54220007213847 34.51611976028169, -98.9126012080232 34.10022898024189, -98.74623035296969 36.0705276888365, -97.42355353617698 36.18299771581226))"
17C,2019-03-23 12:55:00+00:00,2019-03-23 14:55:00+00:00,0.0,43000.0,"POLYGON ((-97.5389441311395 36.22206142517619, -96.50192533890073 35.436075154871695, -98.51307387743442 34.143680947717215, -99.01742866732678 34.34218367663692, -97.5389441311395 36.22206142517619))"
18C,2019-03-23 12:55:00+00:00,2019-03-23 14:55:00+00:00,0.0,38000.0,"POLYGON ((-97.45371450878784 33.974391913160964, -97.04 33.20273791147279, -98.76212910256062 32.85723857488899, -98.97051378277673 33.2208886067065, -97.45371450878784 33.974391913160964))"
19C,2019-03-23 12:55:00+00:00,2019-03-23 14:55:00+00:00,0.0,40000.0,"POLYGON ((-96.43491458184334 32.357406456962885, -96.33184892253288 31.32461769646743, -97.27206030160096 30.914011269540946, -97.07415826137736 32.06054894745189, -96.43491458184334 32.357406456962885))"
UNIFORM 9,2019-03-23 13:50:00+00:00,2019-03-23 17:50:00+00:00,0.0,59000.0,"POLYGON ((-172.4 9, -163.5 3.5, -175.3 0, -178.4 6, -178 8.2, -172.4 9))"
22C,2019-03-23 13:55:00+00:00,2019-03-23 15:55:00+00:00,0.0,40000.0,"POLYGON ((-95.53833261624756 32.41754557678077, -95.80205953072348 31.53747738328739, -96.7199410980242 31.188257217783516, -96.73886820679657 32.25481930387482, -95.53833261624756 32.41754557678077))"
20C,2019-03-23 13:55:00+00:00,2019-03-23 15:55:00+00:00,0.0,43000.0,"POLYGON ((-96.4539401613903 36.419468175734366, -96.26925337072474 35.01499575497537, -97.8177362885968 34.42959849629359, -98.13207440218234 35.398833431131756, -96.4539401613903 36.419468175734366))"
21C,2019-03-23 13:55:00+00:00,2019-03-23 15:55:00+00:00,0.0,38000.0,"POLYGON ((-95.94264689341131 34.794566815849905, -96.30462004868662 33.48121445536992, -97.35844771470249 32.9802465036307, -97.49259624779323 34.09892778409092, -95.94264689341131 34.794566815849905))"
25C,2019-03-23 14:55:00+00:00,2019-03-23 16:55:00+00:00,0.0,35000.0,"POLYGON ((-95.53833261624756 32.41754557678077, -95.80205953072348 31.53747738328739, -96.7199410980242 31.188257217783516, -96.73886820679657 32.25481930387482, -95.53833261624756 32.41754557678077))"
23C,2019-03-23 14:55:00+00:00,2019-03-23 16:55:00+00:00,0.0,43000.0,"POLYGON ((-95.96886188834782 36.902846520930304, -95.34809359777 35.20215949653443, -97.17 34.70910686720918, -97.48378645850585 35.99628408131475, -95.96886188834782 36.902846520930304))"
24C,2019-03-23 14:55:00+00:00,2019-03-23 16:55:00+00:00,0.0,41000.0,"POLYGON ((-95.71247439418984 34.98354748171021, -96.18105274446718 33.58265975111444, -97.04 33.15914187884178, -97.17 34.643712818262685, -95.71247439418984 34.98354748171021))"
26C,2019-03-23 15:55:00+00:00,2019-03-23 17:55:00+00:00,0.0,44000.0,"POLYGON ((-95.496148867795 37.39491327758134, -94.85060902224693 35.859176348550015, -95.39566509224406 34.08086945155923, -96.88786665729897 33.177317743186066, -97.30031661391811 36.34840023440963, -95.496148867795 37.39491327758134))"
27C,2019-03-23 15:55:00+00:00,2019-03-23 17:55:00+00:00,0.0,38000.0,"POLYGON ((-98.3263949052851 35.217336078161495, -97.87184945073963 35.217336078161495, -97.87184945073963 34.76279062361604, -98.3263949052851 34.76279062361604, -98.3263949052851 35.217336078161495))"
29C,2019-03-23 16:55:00+00:00,2019-03-23 18:55:00+00:00,0.0,43000.0,"POLYGON ((-95.20329386363116 35.319203887459075, -95.03313513848774 34.59304849848453, -96.6136773314642 34.017743509894764, -96.85977915287548 34.82442983641846, -95.20329386363116 35.319203887459075))"
28C,2019-03-23 16:55:00+00:00,2019-03-23 18:55:00+00:00,0.0,45000.0,"POLYGON ((-95.5863869406702 37.46605517223164, -94.62972204524526 36.65782935100627, -97.46470204494472 35.13279222208422, -98.09056484711306 35.23303295246187, -97.3815070499213 36.34879197605953, -95.5863869406702 37.46605517223164))"
UNIFORM 10,2019-03-23 17:51:00+00:00,2019-03-23 21:50:00+00:00,0.0,57000.0,"POLYGON ((-172.5 9.1, -162.4 3.4, -174.5 -0.1, -178.2 5.4, -177.4 8.1, -172.5 9.1))"
31C,2019-03-23 17:55:00+00:00,2019-03-23 19:55:00+00:00,0.0,43000.0,"POLYGON ((-96.05143312411442 35.383963651460355, -94.62467418386039 35.38948171310619, -96.30462004868662 33.48121445536992, -96.55564423339148 33.69733059527902, -96.05143312411442 35.383963651460355))"
30C,2019-03-23 17:55:00+00:00,2019-03-23 19:55:00+00:00,0.0,41000.0,"POLYGON ((-95.40937481249108 37.56051465097644, -95.53597269852968 36.40418606498418, -97.22232455125102 35.70609428411185, -97.28117183002827 36.85943969832422, -95.40937481249108 37.56051465097644))"
34C,2019-03-23 18:55:00+00:00,2019-03-23 20:55:00+00:00,,,"POLYGON ((-97.7495960465633 39.15517309090728, -97.43800701076154 38.76884859469953, -97.50720265228793 37.6920143268216, -97.89721524007287 39.02023394274196, -97.61161078762684 38.7077916344418, -97.70679101250897 37.70483955447146, -97.63759537098258 38.78167382234938, -97.46399159411727 38.84273078260711, -97.7495960465633 39.15517309090728))"
32C,2019-03-23 18:55:00+00:00,2019-03-23 20:55:00+00:00,0.0,41000.0,"POLYGON ((-94.87781773391886 37.77438494881977, -94.81491821429661 37.032043322811624, -96.08069191932506 35.96436692098359, -96.82079849392771 36.19558065903491, -96.16838395018881 37.47440063553829, -94.87781773391886 37.77438494881977))"
33C,2019-03-23 18:55:00+00:00,2019-03-23 20:55:00+00:00,0.0,43000.0,"POLYGON ((-96.04270389130268 35.99527996084333, -94.52143149622792 35.59419394441165, -95.4456205257823 34.18171066003452, -96.2959343366623 34.206900072071775, -96.04270389130268 35.99527996084333))"
37C,2019-03-23 19:55:00+00:00,2019-03-23 21:55:00+00:00,,,"POLYGON ((-97.6902269866854 39.26148553134441, -97.57639513539802 38.92553745165104, -97.52990898048948 37.8639401909581, -97.82536956934935 39.11405255555229, -97.54406216237456 38.85619565958437, -97.33010045177862 37.87268958261688, -97.37658660668716 38.93428684330982, -97.40891957971061 39.00362863537649, -97.6902269866854 39.26148553134441))"
35C,2019-03-23 19:55:00+00:00,2019-03-23 21:55:00+00:00,0.0,41000.0,"POLYGON ((-94.8116624220584 37.654739755511116, -94.62286532551744 36.96759931321484, -95.59937124030107 36.263515551304, -96.55437130914534 36.45223955216109, -95.97405940430617 37.412153045848186, -94.8116624220584 37.654739755511116))"
36C,2019-03-23 19:55:00+00:00,2019-03-23 21:55:00+00:00,0.0,43000.0,"POLYGON ((-96.04402730147034 36.40418606498418, -94.25674039669278 35.982789827028625, -95.16099497079009 34.33729352672823, -96.2959343366623 34.206900072071775, -96.04402730147034 36.40418606498418))"
39C,2019-03-23 20:55:00+00:00,2019-03-23 22:55:00+00:00,,,"POLYGON ((-96.31323190462548 40.12101421640048, -96.54705780512825 40.09270589731734, -97.37989929779113 37.9077108313678, -97.156930700575 38.77955744234799, -96.31323190462548 40.12101421640048))"
38C,2019-03-23 20:55:00+00:00,2019-03-23 22:55:00+00:00,0.0,42000.0,"POLYGON ((-94.63959918269343 38.15226434338206, -94.27 34.890893132790815, -95.78000000000002 34.18452417705443, -96.03500485443976 37.15707089898346, -94.63959918269343 38.15226434338206))"
1W,2019-03-23 20:55:00+00:00,2019-03-23 22:55:00+00:00,0.0,30000.0,"POLYGON ((-121.15256364535168 40.09491535628702, -121.4776106252976 39.50928646893701, -122.24000000000001 39.43452417705443, -121.80500725605062 40.09918641946901, -121.15256364535168 40.09491535628702))"
2W,2019-03-23 20:55:00+00:00,2019-03-23 22:55:00+00:00,0.0,30000.0,"POLYGON ((-117.00946975913264 40.03638348087835, -116.83053024086736 39.94704900375449, -117.68053024086736 38.24447464027987, -117.85946975913264 38.333809117403725, -117.00946975913264 40.03638348087835))"
UNIFORM 11,2019-03-23 21:39:00+00:00,2019-03-24 01:40:00+00:00,0.0,55000.0,"POLYGON ((-173 6.2, -165.2 5.3, -170 -1, -174.2 3.4, -173 6.2))"
40C,2019-03-23 21:55:00+00:00,2019-03-23 23:55:00+00:00,0.0,40000.0,"POLYGON ((-94.63959918269343 38.15226434338206, -93.6961265625494 34.918078013398485, -96.24420123293828 33.88818545115803, -95.64078417945574 36.80626036111646, -94.63959918269343 38.15226434338206))"
41C,2019-03-23 21:55:00+00:00,2019-03-23 23:55:00+00:00,0.0,32000.0,"POLYGON ((-99.53422531940936 40.66159091353198, -98.85201995983138 40.456671218088836, -98.38246012859362 39.51573339487693, -100.33821617446095 40.660842879782464, -99.53422531940936 40.66159091353198))"
3W,2019-03-23 21:55:00+00:00,2019-03-23 23:55:00+00:00,0.0,28000.0,"POLYGON ((-121.15256364535168 40.09491535628702, -121.4776106252976 39.50928646893701, -122.15472150428941 38.90901332333034, -122.8411317739702 39.90744402999798, -121.15256364535168 40.09491535628702))"
42C,2019-03-23 21:55:00+00:00,2019-03-23 23:55:00+00:00,0.0,40000.0,"POLYGON ((-97.42355353617698 36.18299771581226, -97.09578914673249 35.8078626223629, -97.92726832086399 35.28890865023082, -97.92 35.91628718173732, -97.42355353617698 36.18299771581226))"
GOLF 1,2019-03-23 22:25:00+00:00,2019-03-24 02:25:00+00:00,0.0,30000.0,"POLYGON ((-138.05 38.55, -136.3 38.15, -139.5 33.2, -141.3 34.05, -138.05 38.55))"
44C,2019-03-23 22:55:00+00:00,2019-03-24 00:55:00+00:00,,,"POLYGON ((-100.4236270647043 41.04890949372231, -97.7164125015194 39.26569037553882, -97.81022938968592 38.90450793430679, -100.5300214744641 40.87955711088736, -97.8663978636586 39.20615484072267, -98.00380570420457 38.95478924750942, -97.90998881603805 39.31597168874146, -97.76000345389885 39.37550722355761, -100.4236270647043 41.04890949372231))"
46C,2019-03-23 22:55:00+00:00,2019-03-24 00:55:00+00:00,,,"POLYGON ((-97.37780106959666 34.37179992274531, -98.42384855566186 34.1518010941802, -98.48314302092665 34.11410737538356, -99.57255923045682 32.66779810905464, -98.38268617958886 33.9560827792579, -97.33663869352365 34.17608160782301, -99.41280792385425 32.54746723172562, -98.32339171432407 33.99377649805454, -97.37780106959666 34.37179992274531))"
43C,2019-03-23 22:55:00+00:00,2019-03-24 00:55:00+00:00,0.0,40000.0,"POLYGON ((-94.04264740261225 37.91622702658611, -93.04573450558972 35.38279149165402, -94.99511292242823 33.82489832260137, -95.78000000000002 33.685417309845256, -95.2 37.49273791147277, -94.04264740261225 37.91622702658611))"
5W,2019-03-23 22:55:00+00:00,2019-03-24 00:55:00+00:00,0.0,31000.0,"POLYGON ((-116.31469521785723 40.37741798301028, -116.0004695370443 39.86049025763161, -116.92552223745702 37.99698068831198, -118.51051144522951 37.40946699886053, -118.35363730463848 37.80755622038975, -116.31469521785723 40.37741798301028))"
4W,2019-03-23 22:55:00+00:00,2019-03-24 00:55:00+00:00,0.0,30000.0,"POLYGON ((-122.24000000000001 41.26458269015474, -121.4776106252976 39.50928646893701, -122.0027967647164 38.79205263391875, -122.93918249179335 39.664354272961305, -122.24000000000001 41.26458269015474))"
45C,2019-03-23 22:55:00+00:00,2019-03-24 00:55:00+00:00,0.0,45000.0,"POLYGON ((-97.02252825266662 36.34664445270518, -96.89057278608281 35.397926119161184, -97.667760529167 35.26641493770353, -97.71497767827293 35.949126151852134, -97.02252825266662 36.34664445270518))"
48C,2019-03-23 23:55:00+00:00,2019-03-24 01:55:00+00:00,,,"POLYGON ((-100.3742139746656 41.14924529535422, -98.44685496595775 40.90856641760134, -97.93211843721501 38.90492029899966, -100.3856204367061 40.94957082872486, -98.35570323102026 40.83361121734916, -97.73840850529952 38.95468436512465, -98.25314503404226 40.95833048372634, -98.34429676897976 41.03328568397852, -100.3742139746656 41.14924529535422))"
50C,2019-03-23 23:55:00+00:00,2019-03-24 01:55:00+00:00,,,"POLYGON ((-97.19059518447861 34.41949410009691, -98.36155582602824 34.17304934458264, -98.25876669790692 34.13215062148056, -97.42301399015633 32.92609657364254, -98.32036545707102 33.9773369190569, -97.1494048155214 34.22378167457117, -97.58740187744175 32.81218159432095, -98.42315458519234 34.01823564215897, -97.19059518447861 34.41949410009691))"
47C,2019-03-23 23:55:00+00:00,2019-03-24 01:55:00+00:00,0.0,39000.0,"POLYGON ((-94.12 35.75089313279083, -92.18 35.844582690154745, -94.3776293483607 34.124440010838626, -95.24388741880288 33.77288515120077, -94.12 35.75089313279083))"
49C,2019-03-23 23:55:00+00:00,2019-03-24 01:55:00+00:00,0.0,45000.0,"POLYGON ((-96.40849399220949 36.19840899062863, -96.35670613636886 35.319203887459075, -97.41158357117492 35.33618703261501, -97.34888495720897 36.15763997556041, -96.40849399220949 36.19840899062863))"
6W,2019-03-23 23:55:00+00:00,2019-03-24 01:55:00+00:00,0.0,30000.0,"POLYGON ((-122.39952912585532 41.55662828621201, -121.13918327226212 39.207810865524465, -122.0027967647164 38.79205263391875, -122.81326895391187 39.402033420354385, -122.39952912585532 41.55662828621201))"
7W,2019-03-23 23:55:00+00:00,2019-03-24 01:55:00+00:00,0.0,28000.0,"POLYGON ((-117.27902311950544 38.921214660678004, -116.50332680834006 37.993206818939285, -117.52912749515852 37.53863905168138, -117.77 38.83184477868197, -117.27902311950544 38.921214660678004))"
51C,2019-03-23 23:55:00+00:00,2019-03-24 01:55:00+00:00,0.0,31000.0,"POLYGON ((-94.52765468200226 37.3794029089737, -93.73821185133916 36.55607561742066, -95.29450065160562 36.033003335708536, -95.45849713010436 36.31019299193417, -94.52765468200226 37.3794029089737))"
2C,2019-03-24 00:55:00+00:00,2019-03-24 02:55:00+00:00,,,"POLYGON ((-98.60544742236071 41.32085991222179, -97.53459458929551 39.26871418756174, -97.73365207900261 38.94189558598218, -98.78070938641959 41.22451031982916, -97.70763098202944 39.27255780947283, -97.9044629004116 39.04593242219698, -97.7054054107045 39.37275102377654, -97.53236901797057 39.36890740186546, -98.60544742236071 41.32085991222179))"
4C,2019-03-24 00:55:00+00:00,2019-03-24 02:55:00+00:00,,,"POLYGON ((-97.13183769877328 34.49187570820806, -97.37040594331984 34.2855653455828, -97.40486837485406 34.21494063090525, -97.47216662597471 32.87457532731383, -97.23958242399613 34.13428677211069, -97.00101417944957 34.34059713473594, -97.27241824358255 32.86454618319681, -97.2051199924619 34.20491148678824, -97.13183769877328 34.49187570820806))"
1C,2019-03-24 00:55:00+00:00,2019-03-24 02:55:00+00:00,0.0,39000.0,"POLYGON ((-93.1333981384234 35.76668576354224, -92.18 35.51184477868196, -94.35295326288814 33.744959830582474, -95.06832228897655 34.25971971085531, -93.1333981384234 35.76668576354224))"
5C,2019-03-24 00:55:00+00:00,2019-03-24 02:55:00+00:00,0.0,36000.0,"POLYGON ((-97.64143990073948 37.2506157898254, -97.51856009926051 37.09281669480744, -98.5765449232125 36.268952875308464, -98.69942472469147 36.42675197032643, -97.64143990073948 37.2506157898254))"
3C,2019-03-24 00:55:00+00:00,2019-03-24 02:55:00+00:00,0.0,45000.0,"POLYGON ((-95.96915475259033 36.19986650831597, -95.78000000000002 35.13914187884179, -97.10943515288695 35.23303295246187, -97.22232455125102 35.70609428411185, -95.96915475259033 36.19986650831597))"
2W,2019-03-24 00:55:00+00:00,2019-03-24 02:55:00+00:00,0.0,28000.0,"POLYGON ((-116.05151251344911 38.90653362470789, -115.67856407575422 38.24295493962798, -117.49119070029208 37.465405296054165, -117.93962568655948 38.055203128883264, -116.05151251344911 38.90653362470789))"
1W,2019-03-24 00:55:00+00:00,2019-03-24 02:55:00+00:00,0.0,26000.0,"POLYGON ((-121.19743715276455 39.76336495879847, -120.89276522031713 38.949306077332814, -121.55 38.729141878841794, -121.8818630384471 39.43161503676109, -121.19743715276455 39.76336495879847))"
GOLF 2,2019-03-24 01:25:00+00:00,2019-03-24 05:25:00+00:00,0.0,30000.0,"POLYGON ((-136.15 41, -134.05 38.4, -138.05 32.35, -139.4 33.15, -136.15 41))"
7C,2019-03-24 01:55:00+00:00,2019-03-24 03:55:00+00:00,,,"POLYGON ((-98.31371552170934 41.31326866051348, -97.71974892090235 39.25783179933624, -97.69230955814183 38.87134494485464, -98.49997762461648 41.24042342030788, -97.71313105145357 39.22849104189932, -97.49281171633714 38.88550867018641, -97.52025107909766 39.27199552466801, -97.52686894854644 39.30133628210492, -98.31371552170934 41.31326866051348))"
6C,2019-03-24 01:55:00+00:00,2019-03-24 03:55:00+00:00,0.0,33000.0,"POLYGON ((-92.18 35.844582690154745, -91.86798820292698 35.29442290760843, -93.5157450070444 33.69976654940333, -94.30030638634494 33.97090183154191, -92.18 35.844582690154745))"
8C,2019-03-24 01:55:00+00:00,2019-03-24 03:55:00+00:00,0.0,45000.0,"POLYGON ((-95.43821464501731 36.698646392483575, -95.21997350868405 36.0076474131216, -97.17 33.71089313279082, -97.55147586175596 33.44088374283372, -97.6 35.4, -95.43821464501731 36.698646392483575))"
3W,2019-03-24 01:55:00+00:00,2019-03-24 03:55:00+00:00,0.0,28000.0,"POLYGON ((-116.53230403916471 38.08156758425422, -116.43937479284024 37.904468303686606, -117.20749708605743 37.5014117493917, -117.3004263323819 37.67851102995932, -116.53230403916471 38.08156758425422))"
9C,2019-03-24 01:55:00+00:00,2019-03-24 03:55:00+00:00,0.0,36000.0,"POLYGON ((-97.81044382468677 36.928800667192036, -97.26498927923224 36.928800667192036, -97.26498927923224 36.38334612173749, -97.81044382468677 36.38334612173749, -97.81044382468677 36.928800667192036))"
11C,2019-03-24 02:55:00+00:00,2019-03-24 04:55:00+00:00,,,"POLYGON ((-97.9910558558407 41.20772904521942, -97.43974537061395 39.06334077487738, -97.52230353504896 38.6853841049932, -98.18450880075034 41.15697514777509, -97.63416830801981 39.05930394649393, -97.71769646495105 38.72806434567063, -97.63513830051603 39.10602101555481, -97.44071536311017 39.11005784393826, -97.9910558558407 41.20772904521942))"
10C,2019-03-24 02:55:00+00:00,2019-03-24 04:55:00+00:00,0.0,33000.0,"POLYGON ((-92.46692700817368 34.914945364009576, -92.25727778795105 34.52627072868779, -94.26953328159313 33.50984006672477, -94.45523361308162 34.277929553358355, -92.46692700817368 34.914945364009576))"
12C,2019-03-24 02:55:00+00:00,2019-03-24 04:55:00+00:00,0.0,45000.0,"POLYGON ((-95.13070169130174 37.0264136791593, -94.39631033135406 36.78394766071521, -96.6779246588407 33.80010786279993, -97.17 33.63171624231642, -97.22232455125102 35.70609428411185, -95.13070169130174 37.0264136791593))"
14C,2019-03-24 03:55:00+00:00,2019-03-24 05:55:00+00:00,0.0,36000.0,"POLYGON ((-96.03500485443976 37.15707089898346, -94.12 36.749106867209186, -95.02654697919009 35.642310891519315, -96.78150240763775 34.97791359740231, -97.31219571887769 35.164377114637915, -96.03500485443976 37.15707089898346))"
13C,2019-03-24 03:55:00+00:00,2019-03-24 05:55:00+00:00,0.0,26000.0,"POLYGON ((-97.94319537555921 41.07260047758055, -96.88429238552837 40.7091873001491, -96.21 39.76628718173732, -97.35793144901926 38.725252434459854, -97.94319537555921 41.07260047758055))"
HOTEL 1,2019-03-24 04:15:00+00:00,2019-03-24 08:15:00+00:00,0.0,35000.0,"POLYGON ((-131.45 39, -133.3 33.3, -137 33.45, -135 38.3, -131.45 39))"
15C,2019-03-24 04:55:00+00:00,2019-03-24 06:55:00+00:00,0.0,36000.0,"POLYGON ((-93.12068868382983 37.35981559490887, -94.27 35.88910686720918, -95.93574456024058 35.1573105992013, -97.03564490028054 35.2076866093756, -95.28005063416958 37.31367797604457, -93.12068868382983 37.35981559490887))"
17C,2019-03-24 05:55:00+00:00,2019-03-24 07:55:00+00:00,0.0,30000.0,"POLYGON ((-93.89351161712165 35.26208240077201, -95.26714806626936 33.504242729874754, -96.33498721907586 33.45622861203412, -95.4048279558675 34.97675755489824, -93.89351161712165 35.26208240077201))"
16C,2019-03-24 05:55:00+00:00,2019-03-24 07:55:00+00:00,0.0,45000.0,"POLYGON ((-94.7550808388016 37.51209190571716, -92.9425867053488 37.48670200760065, -93.54961155379007 36.057644937086124, -95.08628697479345 35.38725461765392, -96.50192533890073 35.436075154871695, -94.7550808388016 37.51209190571716))"
19C,2019-03-24 06:55:00+00:00,2019-03-24 08:55:00+00:00,0.0,28000.0,"POLYGON ((-93.89351161712165 35.26208240077201, -95.0676369076764 33.50600182421121, -95.7525471196927 33.309079560306905, -95.028498085748 35.102357651227884, -93.89351161712165 35.26208240077201))"
18C,2019-03-24 06:55:00+00:00,2019-03-24 08:55:00+00:00,0.0,40000.0,"POLYGON ((-93.05354000726338 36.82541280941731, -93.45938404029843 36.026882348421985, -94.43372640261427 35.33456462568774, -96.26925337072474 35.01499575497537, -95.2 36.72628718173731, -93.05354000726338 36.82541280941731))"
21C,2019-03-24 07:55:00+00:00,2019-03-24 09:55:00+00:00,0.0,32000.0,"POLYGON ((-93.04560426444117 35.383823107915106, -93.2926520940496 33.44977821270282, -95.26714806626936 33.504242729874754, -94.34794826771392 35.23627007730984, -93.04560426444117 35.383823107915106))"
20C,2019-03-24 07:55:00+00:00,2019-03-24 09:55:00+00:00,0.0,38000.0,"POLYGON ((-93.09116251271224 36.89864465938136, -92.98202410595856 35.862601163817615, -94.27 35.39, -95.78000000000002 35.18273791147279, -94.88486462718352 36.50223509993512, -93.09116251271224 36.89864465938136))"
22C,2019-03-24 07:55:00+00:00,2019-03-24 09:55:00+00:00,0.0,32000.0,"POLYGON ((-95.35788461007057 39.37046969776405, -95.24287734081283 39.206844125135945, -97.35344650351985 37.723391434435584, -97.4684537727776 37.88701700706369, -95.35788461007057 39.37046969776405))"
HOTEL 2,2019-03-24 08:00:00+00:00,2019-03-24 12:00:00+00:00,0.0,30000.0,"POLYGON ((-129.3 37.45, -132.3 33.45, -135 34.15, -132 37.45, -129.3 37.45))"
23C,2019-03-24 08:55:00+00:00,2019-03-24 10:55:00+00:00,0.0,34000.0,"POLYGON ((-93.28895483136887 36.52375437553524, -93.13048604738496 35.91396942427397, -94.09266233827618 35.38987042775807, -95.53024225536493 35.05419910917019, -95.45943290495597 36.08889546878612, -93.28895483136887 36.52375437553524))"
24C,2019-03-24 08:55:00+00:00,2019-03-24 10:55:00+00:00,0.0,30000.0,"POLYGON ((-92.5876324534615 35.48072038066677, -92.49491909527998 33.46421393072913, -94.76355054751481 33.50806772733763, -93.94277209491706 35.2789088133398, -92.5876324534615 35.48072038066677))"
25C,2019-03-24 08:55:00+00:00,2019-03-24 10:55:00+00:00,0.0,28000.0,"POLYGON ((-95.14437461191328 39.25901664112517, -95.02484205539737 39.09866712309419, -96.50215399356799 37.997404862318994, -96.6216865500839 38.15775438034998, -95.14437461191328 39.25901664112517))"
26C,2019-03-24 09:55:00+00:00,2019-03-24 11:55:00+00:00,0.0,34000.0,"POLYGON ((-92.08597290199695 35.722628727619885, -91.2770612786174 33.45600939913174, -94.43923226474959 33.63678582442473, -93.24965430460212 35.385710408272125, -92.08597290199695 35.722628727619885))"
27C,2019-03-24 09:55:00+00:00,2019-03-24 11:55:00+00:00,0.0,30000.0,"POLYGON ((-94.55459354045489 39.55476688660882, -94.39551963160137 39.433541924154426, -95.33114845328635 38.20579038777075, -95.49022236213986 38.32701535022514, -94.55459354045489 39.55476688660882))"
WHISKEY 1,2019-03-24 11:24:00+00:00,2019-03-24 15:30:00+00:00,0.0,57000.0,"POLYGON ((175.4 7.2, 179.5 2.1, 172.4 1.5, 170.4 7, 175.4 7.2))"
28C,2019-03-24 12:55:00+00:00,2019-03-24 14:55:00+00:00,0.0,32000.0,"POLYGON ((-87.82751932455459 36.516536783670084, -90.13879820201375 33.577560610256896, -91.74522704989202 33.256039611775975, -89.93707830250177 36.01841945391434, -87.82751932455459 36.516536783670084))"
29C,2019-03-24 13:55:00+00:00,2019-03-24 15:55:00+00:00,0.0,32000.0,"POLYGON ((-87.67653795566102 36.4678283683787, -90.03435081957339 33.664212096819284, -91.31970622615097 33.45566073003953, -89.25148105871199 36.153546657269374, -87.67653795566102 36.4678283683787))"
30C,2019-03-24 13:55:00+00:00,2019-03-24 15:55:00+00:00,0.0,30000.0,"POLYGON ((-92.18 34.24628718173731, -92.54059321130272 33.660539431920625, -93.90970591850866 33.56522170415989, -92.79775569339368 34.16730342774377, -92.18 34.24628718173731))"
XRAY 1,2019-03-24 14:54:00+00:00,2019-03-24 19:00:00+00:00,0.0,58000.0,"POLYGON ((149.3 4.1, 152 4.1, 156.2 0.1, 149.4 0, 149.3 4.1))"
31C,2019-03-24 14:55:00+00:00,2019-03-24 16:55:00+00:00,0.0,30000.0,"POLYGON ((-87.41386784239167 36.72597107132902, -89.22013185660191 34.076181336284826, -90.43317270032708 33.76731564919611, -88.55739457964997 36.27225553280849, -87.41386784239167 36.72597107132902))"
WHISKEY 2,2019-03-24 14:55:00+00:00,2019-03-24 19:00:00+00:00,0.0,55000.0,"POLYGON ((174.4 7.4, 178.3 2.3, 170 7.3, 174.4 7.4))"
32C,2019-03-24 15:55:00+00:00,2019-03-24 17:55:00+00:00,0.0,29000.0,"POLYGON ((-92.99292779039267 40.435984778395145, -92.94829128018705 39.461614450447534, -93.8060529358665 39.28626929374069, -93.64325377865401 40.45719104188034, -92.99292779039267 40.435984778395145))"
33C,2019-03-24 16:55:00+00:00,2019-03-24 18:55:00+00:00,0.0,32000.0,"POLYGON ((-93.2910363983401 40.349189793754064, -92.59 40.41914187884179, -92.59 39.696287181737326, -93.8060529358665 39.28626929374069, -93.2910363983401 40.349189793754064))"
34C,2019-03-24 17:55:00+00:00,2019-03-24 19:55:00+00:00,0.0,34000.0,"POLYGON ((-91.61 40.68815522131805, -92.1307959101752 39.77616884107525, -93.20122149803207 39.65782507281647, -93.05399765492704 40.48199856281222, -91.61 40.68815522131805))"
WHISKEY 3,2019-03-24 18:43:00+00:00,2019-03-24 22:45:00+00:00,0.0,50000.0,"POLYGON ((173.3 7.3, 177 3.3, 170.1 7.2, 173.3 7.3))"
XRAY 2,2019-03-24 18:45:00+00:00,2019-03-24 22:45:00+00:00,0.0,51000.0,"POLYGON ((153.5 2.3, 155.5 0.1, 149.5 2.3, 153.5 2.3))"
35C,2019-03-24 18:55:00+00:00,2019-03-24 20:55:00+00:00,0.0,37000.0,"POLYGON ((-91.61 40.94171624231643, -91.42469092021102 40.117042571367875, -92.44584667632606 39.86277818722212, -92.72390432287658 40.23215004504694, -91.61 40.94171624231643))"
4W,2019-03-24 18:55:00+00:00,2019-03-24 20:55:00+00:00,0.0,32000.0,"POLYGON ((-108.17488537511942 40.24006899622742, -107.66031861656623 39.851606781998946, -109.3485510576401 39.058667876086034, -109.84277070823424 39.60537920013276, -108.17488537511942 40.24006899622742))"
36C,2019-03-24 19:55:00+00:00,2019-03-24 21:55:00+00:00,0.0,35000.0,"POLYGON ((-91.61 41.230858121158214, -90.87873840844688 40.155991673392016, -91.84492527470675 39.84862991064261, -92.59 40.41914187884179, -91.61 41.230858121158214))"
37C,2019-03-24 19:55:00+00:00,2019-03-24 21:55:00+00:00,0.0,38000.0,"POLYGON ((-91.568716211509 38.29705056707894, -91.29535557789849 36.777336718622415, -93.05354000726338 36.82541280941731, -92.74176864020367 38.39992817330116, -91.568716211509 38.29705056707894))"
5W,2019-03-24 19:55:00+00:00,2019-03-24 21:55:00+00:00,0.0,32000.0,"POLYGON ((-110.13 40.42914187884179, -108.00049026048647 40.296581673889, -108.2751739339105 38.89289226201245, -110.4154295021426 38.95392167906239, -110.13 40.42914187884179))"
39C,2019-03-24 20:55:00+00:00,2019-03-24 22:55:00+00:00,0.0,42000.0,"POLYGON ((-90.93099383894734 38.50620889701939, -91.68358137881246 36.695973531165265, -93.33 36.86089313279082, -92.22 38.47726208852722, -90.93099383894734 38.50620889701939))"
38C,2019-03-24 20:55:00+00:00,2019-03-24 22:55:00+00:00,0.0,32000.0,"POLYGON ((-91.38779728520157 41.51978615218437, -90.5072062856461 40.435650835172154, -91.62665743233941 38.99950145983612, -92.61520983645674 38.93666819746116, -92.0788088997845 41.16612326927732, -91.38779728520157 41.51978615218437))"
40C,2019-03-24 21:55:00+00:00,2019-03-24 23:55:00+00:00,0.0,37000.0,"POLYGON ((-91.18980071587497 40.750705757617574, -90.20068461338339 40.96738476634084, -90.0079447847942 40.39071538696074, -91.42817343430868 39.0619990367889, -92.13811844494138 38.963676329022434, -91.18980071587497 40.750705757617574))"
41C,2019-03-24 21:55:00+00:00,2019-03-24 23:55:00+00:00,0.0,38000.0,"POLYGON ((-89.4974700379245 38.53754194405977, -91.3479472659147 36.877868866166466, -93.53295635934862 36.719131705146665, -91.62007555013886 38.33789878705725, -89.4974700379245 38.53754194405977))"
42C,2019-03-24 21:55:00+00:00,2019-03-24 23:55:00+00:00,0.0,35000.0,"POLYGON ((-94.19257347739584 36.318797459100445, -94.04742652260417 36.181202540899555, -95.21817315187944 34.94619829587492, -95.36332010667111 35.08379321407581, -94.19257347739584 36.318797459100445))"
46C,2019-03-24 22:55:00+00:00,2019-03-25 00:55:00+00:00,0.0,45000.0,"POLYGON ((-96.01144957624811 34.388665785407746, -94.92353513320396 34.21292315909901, -96.4898091672525 33.05979627395309, -97.40653123934477 32.99679901624816, -96.01144957624811 34.388665785407746))"
43C,2019-03-24 22:55:00+00:00,2019-03-25 00:55:00+00:00,0.0,33000.0,"POLYGON ((-91.18980071587497 40.750705757617574, -90.20068461338339 40.96738476634084, -90.0079447847942 40.39071538696074, -91.42817343430868 39.0619990367889, -92.13811844494138 38.963676329022434, -91.18980071587497 40.750705757617574))"
44C,2019-03-24 22:55:00+00:00,2019-03-25 00:55:00+00:00,0.0,40000.0,"POLYGON ((-89.4974700379245 38.53754194405977, -91.3479472659147 36.877868866166466, -93.53295635934862 36.719131705146665, -91.62007555013886 38.33789878705725, -89.4974700379245 38.53754194405977))"
45C,2019-03-24 22:55:00+00:00,2019-03-25 00:55:00+00:00,0.0,42000.0,"POLYGON ((-94.19257347739584 36.318797459100445, -94.04742652260417 36.181202540899555, -95.21817315187944 34.94619829587492, -95.36332010667111 35.08379321407581, -94.19257347739584 36.318797459100445))"
50C,2019-03-24 23:55:00+00:00,2019-03-25 01:55:00+00:00,0.0,45000.0,"POLYGON ((-95.78000000000002 34.350893132790816, -94.45523361308162 34.277929553358355, -96.12170260391234 33.18498112909956, -97.32087489072435 33.104967577383995, -95.78000000000002 34.350893132790816))"
51C,2019-03-24 23:55:00+00:00,2019-03-25 01:55:00+00:00,0.0,30000.0,"POLYGON ((-102.69 37.70089313279083, -102.57649637475797 36.432090705902894, -103.20405039287658 36.49081360945326, -103.89469808125742 37.02435309120733, -103.8414638463039 37.72087009180028, -102.69 37.70089313279083))"
48C,2019-03-24 23:55:00+00:00,2019-03-25 01:55:00+00:00,0.0,40000.0,"POLYGON ((-90.17884243286754 38.624331466094254, -88.16787113366506 38.697823880951525, -90.95 36.94184477868197, -93.01219216111737 36.74475392361326, -90.17884243286754 38.624331466094254))"
49C,2019-03-24 23:55:00+00:00,2019-03-25 01:55:00+00:00,0.0,45000.0,"POLYGON ((-93.51850283117533 36.10753573375238, -93.40026524942154 35.94622896309159, -95.2335975372887 34.60239959138835, -95.35183511904249 34.763706362049135, -93.51850283117533 36.10753573375238))"
47C,2019-03-24 23:55:00+00:00,2019-03-25 01:55:00+00:00,0.0,35000.0,"POLYGON ((-90.26366256415652 40.64689357465589, -89.59 40.58171624231642, -90.48 38.5708581211582, -91.70697479977561 38.64290231880947, -90.26366256415652 40.64689357465589))"
2C,2019-03-25 00:55:00+00:00,2019-03-25 02:55:00+00:00,0.0,40000.0,"POLYGON ((-88.36974424189165 38.816732686255826, -87.31040208744643 38.28206844692847, -90.23 37.004524177054435, -93.16314483353436 36.56452905517944, -88.36974424189165 38.816732686255826))"
1C,2019-03-25 00:55:00+00:00,2019-03-25 02:55:00+00:00,0.0,35000.0,"POLYGON ((-89.9251264434277 40.544692326261334, -89.2548735565723 40.544692326261334, -89.31662728040386 39.38618129629181, -90.17884243286754 38.624331466094254, -91.4713192263066 38.21939860491814, -89.9251264434277 40.544692326261334))"
3C,2019-03-25 00:55:00+00:00,2019-03-25 02:55:00+00:00,0.0,45000.0,"POLYGON ((-92.18551926512717 36.10365722545654, -96.04962464432387 32.86609813104934, -97.63423636974137 32.86859529160735, -93.68433815761743 35.896286975798326, -92.18551926512717 36.10365722545654))"
4C,2019-03-25 00:55:00+00:00,2019-03-25 02:55:00+00:00,0.0,29000.0,"POLYGON ((-103.07861535151682 37.89267700780227, -102.47995070166142 37.79911401955855, -101.85813691500303 36.32108796245222, -103.1872906418283 36.457883827292854, -103.6 36.9708581211582, -103.07861535151682 37.89267700780227))"
7C,2019-03-25 01:55:00+00:00,2019-03-25 03:55:00+00:00,,,"POLYGON ((-94.05668927580787 35.55116161406256, -92.33924363171718 35.1380810898651, -92.43004414487156 35.11471294153238, -91.39978904457566 36.05508532182685, -92.38601387910342 34.94362661200606, -94.1034595231941 35.35670713620353, -91.26495826565314 35.90736714063326, -92.29521336594904 34.96699476033879, -94.05668927580787 35.55116161406256))"
6C,2019-03-25 01:55:00+00:00,2019-03-25 03:55:00+00:00,0.0,37000.0,"POLYGON ((-88.15544232524606 38.7806272008463, -86.75803802224466 38.47613332360575, -89.83193315913948 36.900803767097244, -92.77716626888801 36.28277188330841, -88.15544232524606 38.7806272008463))"
5C,2019-03-25 01:55:00+00:00,2019-03-25 03:55:00+00:00,0.0,35000.0,"POLYGON ((-88.94298174177082 39.89367536661899, -88.69514101369357 39.43247339154707, -90.02900616105268 38.50620889701939, -90.80425602170722 38.24473038299266, -89.94173571889883 39.73497985282954, -88.94298174177082 39.89367536661899))"
9C,2019-03-25 01:55:00+00:00,2019-03-25 03:55:00+00:00,0.0,33000.0,"POLYGON ((-102.52016677516812 38.144552729768286, -101.33223375868985 37.03944943071171, -101.80360293477109 36.7604553092459, -102.96210791565589 36.7471486326071, -103.6 37.54914187884178, -102.52016677516812 38.144552729768286))"
8C,2019-03-25 01:55:00+00:00,2019-03-25 03:55:00+00:00,0.0,45000.0,"POLYGON ((-92.66824062034385 34.84500193995287, -96.17937955903672 32.867053582321645, -96.91842728275397 32.76771410027046, -94.76906121898669 34.98006373027597, -92.66824062034385 34.84500193995287))"
12C,2019-03-25 02:55:00+00:00,2019-03-25 04:55:00+00:00,,,"POLYGON ((-93.97022742396477 35.48628077413912, -92.28439315805275 35.0343704807638, -92.37604334614865 35.01311912601838, -91.25942512524037 35.9877417815666, -92.33617753308013 34.84119082732425, -94.02201179899215 35.29310112069957, -91.12790912407596 35.83706483761789, -92.24452734498423 34.86244218206967, -93.97022742396477 35.48628077413912))"
13C,2019-03-25 02:55:00+00:00,2019-03-25 04:55:00+00:00,,,"POLYGON ((-92.29169052339786 34.77698586609384, -94.11533920858653 35.22914087650874, -94.16847463493295 35.22776114715857, -95.61705462663919 34.78765060223461, -94.1634698290093 35.03501863827283, -92.33982114382063 34.58286362785793, -95.55891439436913 34.59628782269903, -94.11033440266289 35.03639836762299, -92.29169052339786 34.77698586609384))"
10C,2019-03-25 02:55:00+00:00,2019-03-25 04:55:00+00:00,0.0,31000.0,"POLYGON ((-89.25903753697071 39.61198296093819, -88.26199880883401 39.547463740248915, -90.03564976033931 37.73350725723733, -90.86053927837679 37.668321685900366, -89.25903753697071 39.61198296093819))"
11C,2019-03-25 02:55:00+00:00,2019-03-25 04:55:00+00:00,0.0,36000.0,"POLYGON ((-87.25 39.20085812115822, -86.10254901476702 38.507754313477484, -88.17633467044563 37.12786629354949, -91.94615261259253 36.43783290418763, -89.72490907013685 37.50294730781047, -87.25 39.20085812115822))"
14C,2019-03-25 02:55:00+00:00,2019-03-25 04:55:00+00:00,0.0,40000.0,"POLYGON ((-96.27999280895908 33.13848448704581, -95.73453826350455 33.13848448704581, -95.73453826350455 32.59302994159126, -96.27999280895908 32.59302994159126, -96.27999280895908 33.13848448704581))"
15C,2019-03-25 02:55:00+00:00,2019-03-25 04:55:00+00:00,0.0,39000.0,"POLYGON ((-97.55559347556742 32.93803834376945, -97.01013893011289 32.93803834376945, -97.01013893011289 32.3925837983149, -97.55559347556742 32.3925837983149, -97.55559347556742 32.93803834376945))"
YANKEE 1,2019-03-25 03:12:00+00:00,2019-03-25 07:10:00+00:00,0.0,53000.0,"POLYGON ((160.4 6.3, 165.5 6.3, 160.5 3.3, 160.4 6.3))"
18C,2019-03-25 03:55:00+00:00,2019-03-25 05:55:00+00:00,,,"POLYGON ((-93.97022742396477 35.48628077413912, -92.28439315805275 35.0343704807638, -92.37604334614865 35.01311912601838, -91.25942512524037 35.9877417815666, -92.33617753308013 34.84119082732425, -94.02201179899215 35.29310112069957, -91.12790912407596 35.83706483761789, -92.24452734498423 34.86244218206967, -93.97022742396477 35.48628077413912))"
19C,2019-03-25 03:55:00+00:00,2019-03-25 05:55:00+00:00,,,"POLYGON ((-92.29169052339786 34.77698586609384, -94.11533920858653 35.22914087650874, -94.16847463493295 35.22776114715857, -95.61705462663919 34.78765060223461, -94.1634698290093 35.03501863827283, -92.33982114382063 34.58286362785793, -95.55891439436913 34.59628782269903, -94.11033440266289 35.03639836762299, -92.29169052339786 34.77698586609384))"
20C,2019-03-25 03:55:00+00:00,2019-03-25 05:55:00+00:00,0.0,42000.0,"POLYGON ((-97.5949818102185 33.85634449077845, -96.05031938813546 33.68959575429802, -95.16972922585279 32.77222657106918, -97.17987886392486 32.75228152865572, -97.5949818102185 33.85634449077845))"
16C,2019-03-25 03:55:00+00:00,2019-03-25 05:55:00+00:00,0.0,30000.0,"POLYGON ((-89.25903753697071 39.61198296093819, -88.26199880883401 39.547463740248915, -90.03564976033931 37.73350725723733, -90.86053927837679 37.668321685900366, -89.25903753697071 39.61198296093819))"
17C,2019-03-25 03:55:00+00:00,2019-03-25 05:55:00+00:00,0.0,36000.0,"POLYGON ((-87.25 39.20085812115822, -86.10254901476702 38.507754313477484, -88.17633467044563 37.12786629354949, -91.94615261259253 36.43783290418763, -89.72490907013685 37.50294730781047, -87.25 39.20085812115822))"
23C,2019-03-25 04:55:00+00:00,2019-03-25 06:55:00+00:00,,,"POLYGON ((-92.53472716146638 34.99167745821362, -91.27090376147292 35.94902670872045, -90.17185622002356 34.98739791012616, -92.40289003141663 34.84128141059187, -91.13913620168398 35.94908763712498, -90.04015823049542 35.13791581455697, -91.13920577194479 36.09954461315126, -91.27097333173373 36.09948368474673, -92.53472716146638 34.99167745821362))"
25C,2019-03-25 04:55:00+00:00,2019-03-25 06:55:00+00:00,0.0,42000.0,"POLYGON ((-96.42879864896054 33.953102457971305, -95.18094779438684 33.88704725062193, -94.61045655414836 32.53756373118441, -97.63423636974137 32.86859529160735, -96.42879864896054 33.953102457971305))"
21C,2019-03-25 04:55:00+00:00,2019-03-25 06:55:00+00:00,0.0,30000.0,"POLYGON ((-88.21093839749983 39.73819268457652, -87.64906445212311 39.61665186346282, -87.76 38.595475822945566, -89.02546661565961 37.923223908081795, -89.8409666819025 37.79669489146906, -88.21093839749983 39.73819268457652))"
24C,2019-03-25 04:55:00+00:00,2019-03-25 06:55:00+00:00,0.0,36000.0,"POLYGON ((-91.85472309322715 34.79021795263192, -91.84629148396233 34.011713549241755, -93.93688102904301 33.77706113266781, -94.53967777001183 34.85543517509248, -91.85472309322715 34.79021795263192))"
22C,2019-03-25 04:55:00+00:00,2019-03-25 06:55:00+00:00,0.0,34000.0,"POLYGON ((-85.0443699202607 39.13014397910839, -84.84515954979733 38.097711818785335, -88.81179212845308 36.42783842551992, -90.23 36.947145302895535, -85.0443699202607 39.13014397910839))"
ALFA 1,2019-03-25 05:15:00+00:00,2019-03-25 09:15:00+00:00,0.0,35000.0,"POLYGON ((-168.15 46.45, -171 41, -174.3 41, -171.45 46.3, -168.15 46.45))"
27C,2019-03-25 05:55:00+00:00,2019-03-25 07:55:00+00:00,0.0,35000.0,"POLYGON ((-84.94425222436888 38.55862991208368, -84.98585221203508 37.62793733126216, -88.75126917173131 35.82765630093168, -89.32 36.851844778681965, -84.94425222436888 38.55862991208368))"
29C,2019-03-25 05:55:00+00:00,2019-03-25 07:55:00+00:00,0.0,37000.0,"POLYGON ((-91.43005871587378 34.9323722435418, -90.84712562975027 33.92927312269615, -93.47140605564701 33.50856061925483, -93.8831814328102 34.62085722434349, -91.43005871587378 34.9323722435418))"
30C,2019-03-25 05:55:00+00:00,2019-03-25 07:55:00+00:00,0.0,45000.0,"POLYGON ((-93.73563767879519 34.17738243076366, -94.62876060103596 32.522169051708694, -97.83264566211085 32.590874593384925, -95.16099497079009 34.33729352672823, -93.73563767879519 34.17738243076366))"
26C,2019-03-25 05:55:00+00:00,2019-03-25 07:55:00+00:00,0.0,30000.0,"POLYGON ((-87.64400122240764 38.29392541899417, -87.59440816160549 38.1001716362691, -88.65161564096285 37.8295696688296, -88.701208701765 38.02332345155467, -87.64400122240764 38.29392541899417))"
28C,2019-03-25 05:55:00+00:00,2019-03-25 07:55:00+00:00,0.0,36000.0,"POLYGON ((-89.64981346956684 35.90889845776839, -89.048224619204 35.485428142572246, -90.4768267619014 34.61007770294965, -91.36518207826103 34.95391627588608, -89.64981346956684 35.90889845776839))"
33C,2019-03-25 06:55:00+00:00,2019-03-25 08:55:00+00:00,0.0,37000.0,"POLYGON ((-88.94053868324174 35.892068692773385, -88.35605666873525 35.41278806580085, -91.2770612786174 33.45600939913174, -93.30580047981931 33.72928289715903, -88.94053868324174 35.892068692773385))"
34C,2019-03-25 06:55:00+00:00,2019-03-25 08:55:00+00:00,0.0,45000.0,"POLYGON ((-94.45523361308162 34.277929553358355, -92.74899524583412 34.20811332302595, -94.17507087465457 32.64213722871149, -97.49551862203506 32.12091646371472, -94.45523361308162 34.277929553358355))"
32C,2019-03-25 06:55:00+00:00,2019-03-25 08:55:00+00:00,0.0,34000.0,"POLYGON ((-83.9556939977146 39.0176351828515, -84.11 37.75285469710447, -88.69210617411704 35.507224270868186, -88.68390788480814 36.529460122092274, -83.9556939977146 39.0176351828515))"
31C,2019-03-25 06:55:00+00:00,2019-03-25 08:55:00+00:00,0.0,28000.0,"POLYGON ((-87.12489360251128 38.23901371149428, -87.03634303616131 38.059684970911235, -88.1029243182645 37.53301882536521, -88.19147488461446 37.71234756594826, -87.12489360251128 38.23901371149428))"
37C,2019-03-25 07:55:00+00:00,2019-03-25 09:55:00+00:00,0.0,32000.0,"POLYGON ((-88.59813246043825 35.42962816985863, -87.80212753000067 35.32442246262075, -89.42697066826867 34.1629287037221, -90.55130994640629 34.54809648938937, -88.59813246043825 35.42962816985863))"
36C,2019-03-25 07:55:00+00:00,2019-03-25 09:55:00+00:00,0.0,30000.0,"POLYGON ((-86.11881431595184 37.54438857382035, -85.15195212232553 37.02544489105832, -87.95997185477532 35.631330221950975, -88.84207181843277 36.94128541037553, -86.11881431595184 37.54438857382035))"
38C,2019-03-25 07:55:00+00:00,2019-03-25 09:55:00+00:00,,,"POLYGON ((-90.20412650931127 33.80287480683521, -90.46704269997866 33.42395542721613, -93.88577461114082 33.47395516478851, -90.09906435336333 33.63269271791992, -90.41304925548037 33.43885368960751, -93.88284987809217 33.67393377848656, -90.46411796693002 33.62393404091418, -90.51811141142831 33.6090357785228, -90.20412650931127 33.80287480683521))"
39C,2019-03-25 07:55:00+00:00,2019-03-25 09:55:00+00:00,,,"POLYGON ((-93.77956253972926 33.01352654220825, -94.63734656285274 32.36312364837233, -96.81514203507564 32.57289217382387, -93.68774751409447 32.83584705248678, -94.58185127428341 32.37382321512329, -96.79596648357176 32.77197079704727, -94.61817101134886 32.56220227159573, -94.6736662999182 32.55150270484476, -93.77956253972926 33.01352654220825))"
35C,2019-03-25 07:55:00+00:00,2019-03-25 09:55:00+00:00,0.0,26000.0,"POLYGON ((-86.97072566176143 38.28312925272526, -86.84954956640414 38.12401811573616, -87.55963609105832 37.58322936862717, -87.68081218641562 37.74234050561627, -86.97072566176143 38.28312925272526))"
41C,2019-03-25 08:55:00+00:00,2019-03-25 10:55:00+00:00,,,"POLYGON ((-87.87448516552875 34.79884528917895, -90.22602815868242 33.39968162487187, -92.63887078613267 33.23912484635113, -87.78453793185817 34.62021299883084, -90.18769411655195 33.41014481647522, -92.65214993554231 33.43868351990595, -90.23930730809207 33.59924029842669, -90.27764135022254 33.58877710682333, -87.87448516552875 34.79884528917895))"
40C,2019-03-25 08:55:00+00:00,2019-03-25 10:55:00+00:00,0.0,30000.0,"POLYGON ((-85.90092908440121 37.48474242840236, -84.11 36.69726208852721, -87.25634542627029 35.17089199700512, -88.43939985241126 36.722635914783176, -85.90092908440121 37.48474242840236))"
42C,2019-03-25 08:55:00+00:00,2019-03-25 10:55:00+00:00,0.0,41000.0,"POLYGON ((-92.56484491845553 32.95659705499891, -92.51998346661718 32.76169336047529, -96.302691544377 31.891018350113125, -96.34755299621536 32.08592204463674, -92.56484491845553 32.95659705499891))"
43C,2019-03-25 09:55:00+00:00,2019-03-25 11:55:00+00:00,,,"POLYGON ((-88.51673613488758 33.70141075181521, -90.6212722425861 33.55932363052279, -90.65992795200022 33.54865508956687, -95.00666766376051 31.33432334437041, -90.60779997281095 33.35977790156047, -88.50326386511243 33.50186502285289, -94.91588397515713 31.15611469731993, -90.56914426339684 33.37044644251639, -88.51673613488758 33.70141075181521))"
1E,2019-03-25 09:55:00+00:00,2019-03-25 11:55:00+00:00,0.0,30000.0,"POLYGON ((-85.01544219130439 37.02656029458733, -84.36541836539786 36.8252718015794, -86.99009592218168 35.117889110988436, -86.68 36.284570939420895, -85.01544219130439 37.02656029458733))"
44C,2019-03-25 10:55:00+00:00,2019-03-25 12:55:00+00:00,,,"POLYGON ((-88.64693189575283 33.79019524140831, -91.87563821546402 32.61380163567438, -91.8825876814794 32.61096988978645, -94.89164319479106 31.25106014378794, -91.80717043186925 32.42588632866183, -88.57846411215806 33.60227993439577, -94.80927647916555 31.06880832855125, -91.80022096585388 32.42871807454976, -88.64693189575283 33.79019524140831))"
45C,2019-03-25 11:55:00+00:00,2019-03-25 13:55:00+00:00,0.0,37000.0,"POLYGON ((-89.2033903426067 33.48806919222871, -89.04264627233411 32.58422190099448, -92.5 31.26, -94.72 31.16, -89.2033903426067 33.48806919222871))"
46C,2019-03-25 12:55:00+00:00,2019-03-25 14:55:00+00:00,0.0,35000.0,"POLYGON ((-88.38756738168891 33.387712694737466, -89.16191853358389 32.0728014678244, -92.3805404643902 31.15771766109233, -93.278961928781 30.98102597808464, -88.38756738168891 33.387712694737466))"
47C,2019-03-25 12:55:00+00:00,2019-03-25 14:55:00+00:00,0.0,35000.0,"POLYGON ((-93.49379720169166 32.20120893502562, -93.47311153802521 32.002281553002234, -95.34176509083458 31.807967736023574, -95.36245075450104 32.00689511804696, -93.49379720169166 32.20120893502562))"
49C,2019-03-25 13:55:00+00:00,2019-03-25 15:55:00+00:00,0.0,30000.0,"POLYGON ((-94.4237667119298 31.787240767217032, -92.27050549375348 30.952394309720415, -92.34280417132264 30.765919375153462, -94.49606538949897 31.60076583265008, -94.4237667119298 31.787240767217032))"
51C,2019-03-25 16:55:00+00:00,2019-03-25 18:55:00+00:00,0.0,43000.0,"POLYGON ((-95.18570348518196 31.093165901405605, -92.85587477985821 31.05280854506601, -92.85933866567471 30.852838543578162, -95.18916737099846 30.893195899917757, -95.18570348518196 31.093165901405605))"
2E,2019-03-25 17:55:00+00:00,2019-03-25 19:55:00+00:00,0.0,27000.0,"POLYGON ((-85.19021027762273 35.97956964709832, -85.0882821200006 35.80749219162039, -86.623919564776 34.897874513425684, -86.72584772239813 35.06995196890362, -85.19021027762273 35.97956964709832))"
52C,2019-03-25 17:55:00+00:00,2019-03-25 19:55:00+00:00,0.0,42000.0,"POLYGON ((-95.0692209970981 30.95250398523411, -92.8446910849378 30.773692190705244, -92.86071576548127 30.57433520032497, -95.08524567764157 30.753146994853836, -95.0692209970981 30.95250398523411))"
3E,2019-03-25 18:55:00+00:00,2019-03-25 20:55:00+00:00,,,"POLYGON ((-85.16453710040939 35.28221349604718, -87.32718404700043 34.7722126619281, -87.64994208584784 34.87226458715859, -85.13546289959062 35.084338053289, -87.28303789749158 34.76879092984622, -87.59072398764891 35.06329656575301, -87.2679659488015 34.96324464052253, -87.31211209831035 34.96666637260441, -85.16453710040939 35.28221349604718))"
53C,2019-03-25 18:55:00+00:00,2019-03-25 20:55:00+00:00,0.0,39000.0,"POLYGON ((-93.00736891808437 31.259003506093833, -92.4935963116909 29.91726057531323, -94.72 30.58171624231642, -93.00736891808437 31.259003506093833))"
FOXTROT 1,2019-03-25 19:20:00+00:00,2019-03-25 23:20:00+00:00,0.0,35000.0,"POLYGON ((-64.3 27.15, -63.3 26, -70.15 22.15, -72.15 24.15, -64.3 27.15))"
4E,2019-03-25 19:55:00+00:00,2019-03-25 21:55:00+00:00,,,"POLYGON ((-84.03707856467351 35.90778211639603, -85.48848666651388 34.85954590766936, -87.5921436583715 34.81625676565376, -83.93763063573361 35.73425946822132, -85.44082007069164 34.87276341751323, -87.59625839566692 35.01621443351621, -85.4926014038093 35.05950357553181, -85.54026799963154 35.04628606568794, -84.03707856467351 35.90778211639603))"
6E,2019-03-25 19:55:00+00:00,2019-03-25 21:55:00+00:00,0.0,33000.0,"POLYGON ((-76.59081743794897 33.294200365847715, -76.46099497873305 33.14206184645458, -77.01585235680422 32.66859234233018, -77.14567481602013 32.82073086172331, -76.59081743794897 33.294200365847715))"
5E,2019-03-25 19:55:00+00:00,2019-03-25 21:55:00+00:00,0.0,31000.0,"POLYGON ((-84.98892286587352 36.839541964790904, -84.89806569553377 36.66137077015538, -86.09752333741287 36.04971562855709, -86.18838050775261 36.22788682319261, -84.98892286587352 36.839541964790904))"
54C,2019-03-25 19:55:00+00:00,2019-03-25 21:55:00+00:00,0.0,40000.0,"POLYGON ((-94.71155325956752 30.825929806030672, -91.79481015446915 30.578676463480807, -91.8117036353341 30.379391214894103, -94.72844674043247 30.626644557443967, -94.71155325956752 30.825929806030672))"
55C,2019-03-25 19:55:00+00:00,2019-03-25 21:55:00+00:00,0.0,28000.0,"POLYGON ((-101.19415540346364 41.78497142483706, -101.04701563881403 41.649509660272805, -102.22903517259479 40.36558960673442, -102.3761749372444 40.50105137129867, -101.19415540346364 41.78497142483706))"
58C,2019-03-25 20:55:00+00:00,2019-03-25 22:55:00+00:00,,,"POLYGON ((-86.94576043831572 33.7163846281606, -88.34114494685825 33.42993398516683, -88.3091679570277 33.43126999561609, -88.63991963476403 33.47080264734127, -88.70879358358893 33.45366964850293, -89.97358045957665 32.57611034308022, -88.30092675719526 33.23401947008377, -86.90554224865272 33.52047011307754, -88.66365542476214 33.27221611135968, -88.33290374702581 33.2326834596345, -89.85956835192496 32.4117898047753, -88.59478147593724 33.28934911019801, -86.94576043831572 33.7163846281606))"
57C,2019-03-25 20:55:00+00:00,2019-03-25 22:55:00+00:00,,,"POLYGON ((-100.8483453776538 41.29139169844074, -100.8648781851244 40.22885189543252, -101.9878815595425 39.31198026161545, -100.6516546223462 41.25515985089542, -100.8297760106579 40.28819755730473, -102.114367965917 39.46690343290518, -100.9913645914989 40.38377506672226, -101.0264667659654 40.32442940485005, -100.8483453776538 41.29139169844074))"
7E,2019-03-25 20:55:00+00:00,2019-03-25 22:55:00+00:00,0.0,35000.0,"POLYGON ((-86.42748805586679 35.935280543978266, -84.1417498169969 35.69528286770524, -84.82449123382426 34.84891578925136, -87.13826643671965 34.70949463319419, -87.69289063573959 35.11053049788088, -86.42748805586679 35.935280543978266))"
56C,2019-03-25 20:55:00+00:00,2019-03-25 22:55:00+00:00,0.0,43000.0,"POLYGON ((-95.11071214385203 30.264203485842522, -91.76968633859559 30.170200299209014, -91.77531131763126 29.97027941583049, -95.1163371228877 30.064282602463997, -95.11071214385203 30.264203485842522))"
9E,2019-03-25 21:55:00+00:00,2019-03-25 23:55:00+00:00,0.0,29000.0,"POLYGON ((-77.61563465826421 37.26434990652289, -76.7751012955634 36.69761296233796, -78.9249577468203 35.752272268019176, -78.47022923803038 36.99283840813926, -77.61563465826421 37.26434990652289))"
8E,2019-03-25 21:55:00+00:00,2019-03-25 23:55:00+00:00,0.0,40000.0,"POLYGON ((-85.64999020425351 36.13559036143849, -83.13344689215997 35.642958140829585, -84.5886700049326 34.76770783890459, -87.49 34.21089313279084, -86.99290485450508 35.52477240044752, -85.64999020425351 36.13559036143849))"
61C,2019-03-25 21:55:00+00:00,2019-03-25 23:55:00+00:00,0.0,35000.0,"POLYGON ((-84.84156451583229 34.34478974454154, -84.3826149165062 32.942538733280855, -89.19399707719285 32.379387328914525, -88.35785766438907 33.18249722053309, -84.84156451583229 34.34478974454154))"
60C,2019-03-25 21:55:00+00:00,2019-03-25 23:55:00+00:00,,,"POLYGON ((-100.1690010872242 42.45397543659886, -100.6131877991711 40.88718186669794, -101.7120071059506 39.40923084378264, -99.9846004098168 42.37653907452199, -100.6012381121207 40.90812802097987, -101.8725084092572 39.52855951442336, -100.7736891024777 41.00651053733866, -100.7856387895281 40.98556438305673, -100.1690010872242 42.45397543659886))"
59C,2019-03-25 21:55:00+00:00,2019-03-25 23:55:00+00:00,0.0,43000.0,"POLYGON ((-94.84484245457578 30.05895004567655, -91.61425476379917 29.911677798649944, -91.6233626705728 29.71188529119733, -94.85395036134942 29.859157538223936, -94.84484245457578 30.05895004567655))"
12E,2019-03-25 22:55:00+00:00,2019-03-26 00:55:00+00:00,0.0,28000.0,"POLYGON ((-76.93317967696534 37.37203560912972, -76.79896869249265 36.258405492177125, -78.54565814477891 35.40865735967601, -78.27860437505225 36.92777354003561, -76.93317967696534 37.37203560912972))"
63C,2019-03-25 22:55:00+00:00,2019-03-26 00:55:00+00:00,,,"POLYGON ((-100.5874407733314 41.25110309872504, -100.4913143597365 40.006486176061, -101.8475294973063 39.36355077483979, -100.3876049129709 41.24300193127924, -100.4342332338788 40.09279602723873, -101.9332031059514 39.54427164464106, -100.5769879683816 40.18720704586227, -100.6340690942393 40.10089719468453, -100.5874407733314 41.25110309872504))"
10E,2019-03-25 22:55:00+00:00,2019-03-26 00:55:00+00:00,0.0,33000.0,"POLYGON ((-84.54770640145541 35.6769055099082, -83.79984273290218 35.107889491565004, -83.78640416122782 34.533058391638555, -87.26981960889404 33.97613108107706, -85.80365714069389 35.17955013285486, -84.54770640145541 35.6769055099082))"
11E,2019-03-25 22:55:00+00:00,2019-03-26 00:55:00+00:00,0.0,37000.0,"POLYGON ((-84.64027219531641 34.03053718139686, -81.99933281401161 33.76522091965033, -83.82177987649227 32.68988295053615, -88.48407297616792 32.268956185962125, -87.90070174603335 32.977371643236616, -84.64027219531641 34.03053718139686))"
62C,2019-03-25 22:55:00+00:00,2019-03-26 00:55:00+00:00,0.0,40000.0,"POLYGON ((-94.7251319448902 29.83681164821321, -93.35495189018087 29.705030659210227, -93.37409910892546 29.505949308967804, -94.74427916363479 29.637730297970787, -94.7251319448902 29.83681164821321))"
13E,2019-03-25 23:55:00+00:00,2019-03-26 01:55:00+00:00,,,"POLYGON ((-83.2895055304405 34.78186678642203, -84.44545925753373 33.75342490332897, -86.75090154033984 33.87947290854093, -83.17470576973514 34.61809555896741, -84.38260011964732 33.77139016094078, -86.73998302527238 34.07917465121916, -84.43454074246627 33.9531266460072, -84.49739988035267 33.93516138839539, -83.2895055304405 34.78186678642203))"
14E,2019-03-25 23:55:00+00:00,2019-03-26 01:55:00+00:00,0.0,37000.0,"POLYGON ((-84.0143899958255 33.98219365129119, -81.20279075083928 33.55249591053598, -82.8592924196491 32.68751994342753, -88.8 31.714524177054425, -88.25514323972608 32.18782798091745, -84.0143899958255 33.98219365129119))"
65C,2019-03-25 23:55:00+00:00,2019-03-26 01:55:00+00:00,0.0,30000.0,"POLYGON ((-91.3 30.979106867209182, -89.63010584854739 30.618008933250724, -89.86452436256722 29.732290241173157, -92.5 30.59452417705444, -91.3 30.979106867209182))"
66C,2019-03-25 23:55:00+00:00,2019-03-26 01:55:00+00:00,,,"POLYGON ((-100.3769350315289 40.96893863127683, -100.387611135731 39.99355924113625, -101.5912691071905 39.34153101686356, -100.5767135076395 40.95952797333283, -100.5351313331519 40.07678167632279, -101.6865310259215 39.51738654518065, -100.4828730544621 40.16941476945333, -100.3353528570413 40.08619233426679, -100.3769350315289 40.96893863127683))"
15E,2019-03-25 23:55:00+00:00,2019-03-26 01:55:00+00:00,0.0,28000.0,"POLYGON ((-75.94367802128109 37.094179222262795, -76.52016703277663 35.59168623525817, -79.0121086508212 34.44959721794142, -78.78 35.43628718173732, -76.93501637936627 37.192692958237274, -75.94367802128109 37.094179222262795))"
64C,2019-03-25 23:55:00+00:00,2019-03-26 01:55:00+00:00,0.0,41000.0,"POLYGON ((-94.5696878878156 29.780466770028678, -92.78064311600839 29.57110903526434, -92.80388890672491 29.372464545751125, -94.59293367853212 29.581822280515464, -94.5696878878156 29.780466770028678))"
GOLF 1,2019-03-26 00:15:00+00:00,2019-03-26 04:15:00+00:00,0.0,27000.0,"POLYGON ((-66.15 38.4, -66 37.35, -72.25 36.15, -72.2 37.2, -66.15 38.4))"
1E,2019-03-26 00:55:00+00:00,2019-03-26 02:55:00+00:00,,,"POLYGON ((-81.18433923981863 33.7485227239034, -83.60541596780217 32.93953207844434, -83.59967626427081 32.94126054819152, -86.16321052581102 32.25235925904006, -86.18310571318888 32.24465629156256, -88.405847535108 31.09796543074658, -83.54203186527917 32.74984165816079, -81.12095513729562 33.55883230361984, -86.11130583035074 32.05921189926215, -83.54777156881053 32.74811318841361, -88.314152464892 30.92022400592364, -86.09141064297289 32.06691486673964, -81.18433923981863 33.7485227239034))"
3E,2019-03-26 00:55:00+00:00,2019-03-26 02:55:00+00:00,,,"POLYGON ((-77.73149128929701 34.1550026415157, -77.73838620522163 33.88823558669088, -77.54879092506309 33.9299993482368, -77.47215830315028 33.77512079564524, -77.53845297440093 33.88306807146697, -77.5315580584763 34.14983512629178, -77.65141563264666 33.68642575732949, -77.72804825455947 33.84130430992105, -77.73149128929701 34.1550026415157))"
2E,2019-03-26 00:55:00+00:00,2019-03-26 02:55:00+00:00,0.0,38000.0,"POLYGON ((-75.02898968323126 37.42678260589483, -75.744283110216 35.90628668667937, -78.47452666690162 34.348514324449496, -79.08764851445494 34.699235056375336, -77.31811949531226 35.87259919125233, -75.02898968323126 37.42678260589483))"
4E,2019-03-26 00:55:00+00:00,2019-03-26 02:55:00+00:00,0.0,37000.0,"POLYGON ((-75.689699624956 33.63205034567761, -75.56238819688295 33.47780443720028, -76.22163868011552 32.93367252921828, -76.34895010818857 33.08791843769561, -75.689699624956 33.63205034567761))"
1C,2019-03-26 00:55:00+00:00,2019-03-26 02:55:00+00:00,0.0,39000.0,"POLYGON ((-93.49377479245695 29.43800883267506, -93.48777714003793 29.238098782488834, -95.02982871974865 29.191834528247117, -95.03582637216766 29.391744578433343, -93.49377479245695 29.43800883267506))"
2C,2019-03-26 00:55:00+00:00,2019-03-26 02:55:00+00:00,0.0,38000.0,"POLYGON ((-90.51754076220085 30.76547840352765, -90 30.28371281826268, -90.11798481777744 29.952174649052274, -91.97100574017338 30.478282393785946, -90.51754076220085 30.76547840352765))"
5E,2019-03-26 01:55:00+00:00,2019-03-26 03:55:00+00:00,,,"POLYGON ((-81.0632568126173 33.79166055858941, -84.39124875727198 31.60468104363041, -88.34001981179391 30.79947319931062, -82.32986780937283 33.43803405224977, -84.34440022230952 31.62827434154245, -81.0367431873827 33.59342577940846, -82.38343971992408 33.41330699643769, -88.37998018820609 30.99544046269151, -84.43120913368416 31.8006483070113, -84.47805766864663 31.77705500909925, -82.46352525570994 33.58681471980656, -82.40995334515868 33.61154177561864, -81.0632568126173 33.79166055858941))"
7E,2019-03-26 01:55:00+00:00,2019-03-26 03:55:00+00:00,,,"POLYGON ((-77.46752521371248 34.28521921761618, -77.35058641329229 33.95247678785638, -77.47082603856157 33.68922680450518, -77.64863909941566 34.20037960183739, -77.53210428548078 33.95160345194918, -77.65274789723537 33.77231974846956, -77.5325082719661 34.03556973182077, -77.3509903997776 34.03644306772797, -77.46752521371248 34.28521921761618))"
6E,2019-03-26 01:55:00+00:00,2019-03-26 03:55:00+00:00,0.0,29000.0,"POLYGON ((-74.76599880804811 37.759437629843156, -73.95310904732554 37.8303401099325, -76.64825304536758 35.336854287419605, -77.0475473889814 35.551013427818205, -74.76599880804811 37.759437629843156))"
8E,2019-03-26 01:55:00+00:00,2019-03-26 03:55:00+00:00,0.0,41000.0,"POLYGON ((-75.518432288274 33.58257126992086, -75.4163008032802 33.410614415527206, -76.23422865165514 32.92481705626012, -76.33636013664895 33.09677391065377, -75.518432288274 33.58257126992086))"
3C,2019-03-26 01:55:00+00:00,2019-03-26 03:55:00+00:00,0.0,44000.0,"POLYGON ((-95.35626269674151 29.33694900337564, -94.05420283566302 29.41865344930298, -94.04167744217999 29.219046048342754, -95.34373730325848 29.137341602415415, -95.35626269674151 29.33694900337564))"
12E,2019-03-26 02:55:00+00:00,2019-03-26 04:55:00+00:00,,,"POLYGON ((-86.12440061100114 32.03774520168484, -86.72025241172624 30.83358783065696, -88.17034462202943 30.69441602367025, -85.95719923232141 31.92800141385335, -86.64620526924675 30.87825853939147, -88.18945171575018 30.89350122897077, -86.73935950544698 31.03267303595747, -86.81340664792647 30.98800232722296, -86.12440061100114 32.03774520168484))"
10E,2019-03-26 02:55:00+00:00,2019-03-26 04:55:00+00:00,0.0,34000.0,"POLYGON ((-74.74600432532446 33.227846987791516, -75.91327822438343 32.68738613299373, -77.86242363578312 32.10709887104252, -76.60350539699624 33.28469139114844, -74.74600432532446 33.227846987791516))"
9E,2019-03-26 02:55:00+00:00,2019-03-26 04:55:00+00:00,0.0,34000.0,"POLYGON ((-73.45582336805289 38.033461230211444, -76.0565913501922 34.33663054389656, -76.93560817709788 34.66478773594719, -76.72525009349638 35.18282238171873, -74.14650881339011 37.89641630566643, -73.45582336805289 38.033461230211444))"
11E,2019-03-26 02:55:00+00:00,2019-03-26 04:55:00+00:00,0.0,32000.0,"POLYGON ((-82.03725585533314 33.60771219118572, -80.85105765832236 33.45914161561914, -81.11 32.73828375768357, -83.811696855156 31.25019924335483, -84.91618166679221 31.437171228573096, -82.03725585533314 33.60771219118572))"
4C,2019-03-26 02:55:00+00:00,2019-03-26 04:55:00+00:00,0.0,38000.0,"POLYGON ((-94.88845978651452 29.12253968700853, -93.72264170173067 28.901071779143777, -93.75996772627316 28.70458572902354, -94.92578581105701 28.926053636888295, -94.88845978651452 29.12253968700853))"
16E,2019-03-26 03:55:00+00:00,2019-03-26 05:55:00+00:00,,,"POLYGON ((-84.68564344334325 31.62584849314149, -86.53233558277392 30.98848640773329, -86.53319591743752 30.9881850788916, -86.83354501691112 30.88144961961179, -86.46708514084773 30.79942985580124, -84.62039300141706 31.43679194120945, -86.76657390565772 30.69299572536312, -86.46622480618413 30.79973118464293, -84.68564344334325 31.62584849314149))"
15E,2019-03-26 03:55:00+00:00,2019-03-26 05:55:00+00:00,0.0,27000.0,"POLYGON ((-80.31182095488053 33.603131624313455, -80.04 32.89, -82.73300888686596 31.078691792340248, -83.56966379032643 31.403309752157494, -81.27877833718229 33.39867376919635, -80.31182095488053 33.603131624313455))"
13E,2019-03-26 03:55:00+00:00,2019-03-26 05:55:00+00:00,0.0,35000.0,"POLYGON ((-72.60903339892053 37.35904184736853, -73.49845074724051 36.230067480330845, -76.25804524564349 34.33943617623588, -76.49337412248816 35.64477060827414, -74.32809649220896 36.87531786633469, -72.60903339892053 37.35904184736853))"
14E,2019-03-26 03:55:00+00:00,2019-03-26 05:55:00+00:00,0.0,38000.0,"POLYGON ((-75.83923781537374 33.63286179856822, -73.62264378716961 34.114989610031834, -76.67065906260929 31.884832305941785, -77.86242363578312 32.10709887104252, -75.83923781537374 33.63286179856822))"
21E,2019-03-26 04:55:00+00:00,2019-03-26 06:55:00+00:00,,,"POLYGON ((-79.03247520934633 32.61722260432224, -79.46468373591384 32.47008497190403, -79.52721530571083 32.40737054159568, -80.56469022623835 29.33042455915321, -79.40022987135654 32.28075536686659, -78.96802134478904 32.4278929992848, -80.37517322208708 29.26652381473247, -79.33769830155956 32.34346979717494, -79.03247520934633 32.61722260432224))"
19E,2019-03-26 04:55:00+00:00,2019-03-26 06:55:00+00:00,0.0,36000.0,"POLYGON ((-76.18 35.59452417705443, -74.66500063800791 35.74109072870559, -75.17879359740719 34.257627423980296, -76.0565913501922 34.33663054389656, -76.18 35.59452417705443))"
18E,2019-03-26 04:55:00+00:00,2019-03-26 06:55:00+00:00,0.0,36000.0,"POLYGON ((-73.01650113428165 37.67459603391035, -71.4849127585348 37.97036505946073, -73.16997242600482 35.20343812840979, -76.18 35.59452417705443, -73.01650113428165 37.67459603391035))"
20E,2019-03-26 04:55:00+00:00,2019-03-26 06:55:00+00:00,0.0,39000.0,"POLYGON ((-75.45232160042883 34.326234603038515, -73.48445029602838 33.994284181857886, -76.52533568609658 31.575903377538353, -77.0382851343027 32.656419589869714, -75.45232160042883 34.326234603038515))"
17E,2019-03-26 04:55:00+00:00,2019-03-26 06:55:00+00:00,0.0,26000.0,"POLYGON ((-81.51136471657887 32.23967694149129, -81.39172734629241 32.07940561020917, -82.5796404695806 31.192666846251424, -82.69927783986705 31.35293817753354, -81.51136471657887 32.23967694149129))"
22E,2019-03-26 05:55:00+00:00,2019-03-26 07:55:00+00:00,0.0,37000.0,"POLYGON ((-71.67703125623976 38.03937462876671, -72.05597736257818 36.18918381170326, -75.25408200029028 34.411943802892225, -75.45596850153912 35.669609064995846, -71.67703125623976 38.03937462876671))"
23E,2019-03-26 05:55:00+00:00,2019-03-26 07:55:00+00:00,0.0,37000.0,"POLYGON ((-74.31958095363107 34.7161654317201, -73.34664915708028 33.87342468343201, -75.36773499266985 32.20685054757154, -77.0382851343027 32.656419589869714, -74.31958095363107 34.7161654317201))"
24E,2019-03-26 05:55:00+00:00,2019-03-26 07:55:00+00:00,0.0,36000.0,"POLYGON ((-77.87 32.68631044263608, -76.74368634706377 32.03923455358845, -79.282603940839 28.73352261360218, -79.70700398422596 28.783338289656164, -77.87 32.68631044263608))"
26E,2019-03-26 06:55:00+00:00,2019-03-26 08:55:00+00:00,0.0,38000.0,"POLYGON ((-73.17035179369353 36.44423637183433, -72.98449992005833 35.13494418784608, -74.92750143497929 33.29601366051396, -74.66500063800791 35.74109072870559, -73.17035179369353 36.44423637183433))"
28E,2019-03-26 06:55:00+00:00,2019-03-26 08:55:00+00:00,0.0,37000.0,"POLYGON ((-77.87 32.85267939837247, -76.67065906260929 31.884832305941785, -78.56848498931308 28.36706140272879, -79.95631689135558 28.149539118733205, -77.87 32.85267939837247))"
27E,2019-03-26 06:55:00+00:00,2019-03-26 08:55:00+00:00,0.0,37000.0,"POLYGON ((-75.31341394316033 34.39389958230137, -75.17449193982458 34.25002228392118, -76.94683262454498 32.53872299427106, -77.08575462788073 32.68260029265125, -75.31341394316033 34.39389958230137))"
25E,2019-03-26 06:55:00+00:00,2019-03-26 08:55:00+00:00,0.0,36000.0,"POLYGON ((-71.02620530595085 38.46278174885614, -70.9329163037513 38.285871709376714, -72.69328829998612 37.357584385988844, -72.78657730218568 37.53449442546827, -71.02620530595085 38.46278174885614))"
HOTEL 1,2019-03-26 07:30:00+00:00,2019-03-26 11:30:00+00:00,0.0,40000.0,"POLYGON ((-72.3 35.3, -71.15 34, -77 30, -77.45 32, -72.3 35.3))"
30E,2019-03-26 07:55:00+00:00,2019-03-26 09:55:00+00:00,0.0,39000.0,"POLYGON ((-77.87 32.68631044263608, -76.52533568609658 31.575903377538353, -78.56848498931308 28.36706140272879, -79.73853118833149 27.677972767282867, -77.87 32.68631044263608))"
29E,2019-03-26 07:55:00+00:00,2019-03-26 09:55:00+00:00,0.0,39000.0,"POLYGON ((-72.418413134897 37.29047722444652, -72.79933985502997 35.06616814957474, -74.03960245309027 34.47617000801013, -73.70463030094238 36.2344941975834, -72.418413134897 37.29047722444652))"
INDIA 1,2019-03-26 08:45:00+00:00,2019-03-26 12:45:00+00:00,0.0,40000.0,"POLYGON ((-67 39, -67.15 37, -71.3 34.3, -73.15 36.3, -69.45 38.15, -67 39))"
32E,2019-03-26 08:55:00+00:00,2019-03-26 10:55:00+00:00,0.0,40000.0,"POLYGON ((-77.30963848233473 30.50739239400086, -76.91474654356858 29.234438676889393, -78.70768203712859 27.182633878230448, -79.79410506873485 27.93292726169233, -77.30963848233473 30.50739239400086))"
31E,2019-03-26 08:55:00+00:00,2019-03-26 10:55:00+00:00,0.0,35000.0,"POLYGON ((-72.48891014966591 37.2368164167038, -72.41675124258937 36.20103668187566, -73.39804411630341 35.28711861189313, -73.67046679808024 36.233785184620565, -72.48891014966591 37.2368164167038))"
33E,2019-03-26 09:55:00+00:00,2019-03-26 11:55:00+00:00,0.0,41000.0,"POLYGON ((-77.77603544266513 30.927212465323862, -77.28887295949077 28.80496079348752, -78.73878081580237 27.171523100524404, -79.58228296182843 28.008989685015926, -77.77603544266513 30.927212465323862))"
34E,2019-03-26 10:55:00+00:00,2019-03-26 12:55:00+00:00,0.0,38000.0,"POLYGON ((-77.46403610756488 29.25048516002328, -77.28887295949077 28.80496079348752, -79.19049584944513 27.009114035463508, -79.73395160862685 27.954571432919824, -77.46403610756488 29.25048516002328))"
HOTEL 2,2019-03-26 11:15:00+00:00,2019-03-26 15:15:00+00:00,0.0,40000.0,"POLYGON ((-72 35, -70.3 33.3, -77 27, -77 29.45, -72 35))"
INDIA 2,2019-03-26 11:30:00+00:00,2019-03-26 15:30:00+00:00,0.0,40000.0,"POLYGON ((-67 38.3, -68 35.15, -70.3 33.3, -72 35, -70.15 37.45, -67 38.3))"
35E,2019-03-26 11:55:00+00:00,2019-03-26 13:55:00+00:00,0.0,36000.0,"POLYGON ((-76.62242876451066 29.02683697822481, -76.4350886114612 27.970067284132778, -78.36017565993521 27.306171963528065, -78.79928014299323 27.66973798985201, -76.62242876451066 29.02683697822481))"
36E,2019-03-26 12:55:00+00:00,2019-03-26 14:55:00+00:00,0.0,36000.0,"POLYGON ((-77.25659730514951 27.796724052306427, -77.1905918203532 27.607929783387046, -78.55491522814715 27.130940579923234, -78.62092071294346 27.319734848842614, -77.25659730514951 27.796724052306427))"
37E,2019-03-26 14:55:00+00:00,2019-03-26 16:55:00+00:00,0.0,31000.0,"POLYGON ((-72.67399383088501 36.208824888541756, -72.61449218536606 34.997111206835285, -73.7612320341291 34.23553982536499, -73.54185486530858 35.33957493982048, -72.67399383088501 36.208824888541756))"
HOTEL 3,2019-03-26 15:00:00+00:00,2019-03-26 19:00:00+00:00,0.0,35000.0,"POLYGON ((-70.45 34.45, -68.15 34.45, -73.3 28.15, -76.3 29, -70.45 34.45))"
38E,2019-03-26 19:55:00+00:00,2019-03-26 21:55:00+00:00,0.0,26000.0,"POLYGON ((-82.25864230848643 29.417898211940734, -80.61757434641666 28.9870009179442, -80.66836686936065 28.793558110859045, -82.30943483143042 29.22445540485558, -82.25864230848643 29.417898211940734))"
39E,2019-03-26 20:55:00+00:00,2019-03-26 22:55:00+00:00,0.0,26000.0,"POLYGON ((-81.34397932306963 29.09534194951755, -80.34627402480527 29.021203537355877, -80.51716937828981 28.537520148810056, -81.46627649728327 28.807073841295548, -81.34397932306963 29.09534194951755))"
41E,2019-03-26 20:55:00+00:00,2019-03-26 22:55:00+00:00,0.0,24000.0,"POLYGON ((-81.34 28.395429060579104, -80.74113443814439 28.21403789833526, -80.72131036228609 27.884262034170376, -81.34 28.106287181737315, -81.34 28.395429060579104))"
40E,2019-03-26 20:55:00+00:00,2019-03-26 22:55:00+00:00,0.0,24000.0,"POLYGON ((-80.87452603568174 26.02008999815083, -80.50748403624183 26.00427709850976, -80.44057742247797 25.799911827612387, -80.92230491173005 25.79858926089646, -80.87452603568174 26.02008999815083))"
43E,2019-03-26 21:55:00+00:00,2019-03-26 23:55:00+00:00,0.0,29000.0,"POLYGON ((-80.99190801884438 28.232875094341246, -80.67811737096318 28.080571262213187, -80.61525675988538 27.94707591301245, -80.83729252560723 27.98624804290298, -80.99190801884438 28.232875094341246))"
45E,2019-03-26 21:55:00+00:00,2019-03-26 23:55:00+00:00,0.0,26000.0,"POLYGON ((-81.41598807853062 29.189001512911766, -81.11 29.155429060579106, -81.11 29.010858121158215, -81.46627649728327 28.807073841295548, -81.41598807853062 29.189001512911766))"
46E,2019-03-26 21:55:00+00:00,2019-03-26 23:55:00+00:00,0.0,30000.0,"POLYGON ((-80.68676727173423 26.45745430806274, -80.15184501700034 26.546420481979236, -80.40317918454708 26.06708033017096, -80.7357600598367 26.208197054565407, -80.68676727173423 26.45745430806274))"
44E,2019-03-26 21:55:00+00:00,2019-03-26 23:55:00+00:00,0.0,24000.0,"POLYGON ((-80.40317918454708 26.06708033017096, -79.98301434104536 25.91034808500411, -79.98356833851676 25.689049835562784, -80.44057742247797 25.799911827612387, -80.40317918454708 26.06708033017096))"
42E,2019-03-26 21:55:00+00:00,2019-03-26 23:55:00+00:00,0.0,28000.0,"POLYGON ((-80.26659989223697 28.438384678974906, -80.08478171041878 28.438384678974906, -80.08478171041878 28.256566497156726, -80.26659989223697 28.256566497156726, -80.26659989223697 28.438384678974906))"
47E,2019-03-26 22:55:00+00:00,2019-03-27 00:55:00+00:00,0.0,31000.0,"POLYGON ((-80.00099254285055 28.280836127853814, -79.81917436103237 28.280836127853814, -79.81917436103237 28.099017946035634, -80.00099254285055 28.099017946035634, -80.00099254285055 28.280836127853814))"
49E,2019-03-26 22:55:00+00:00,2019-03-27 00:55:00+00:00,0.0,38000.0,"POLYGON ((-80.38867342740315 26.569037969393626, -79.79132657259686 26.569037969393626, -79.90489555304684 26.27918178134278, -80.43230681436751 26.372908844020746, -80.38867342740315 26.569037969393626))"
48E,2019-03-26 22:55:00+00:00,2019-03-27 00:55:00+00:00,0.0,29000.0,"POLYGON ((-80.67811737096318 28.080571262213187, -80.3018826290368 28.080571262213187, -80.18803942109867 27.79032241124884, -80.55255137627185 27.81355208231688, -80.67811737096318 28.080571262213187))"
50E,2019-03-26 22:55:00+00:00,2019-03-27 00:55:00+00:00,0.0,30000.0,"POLYGON ((-80.62152251642492 26.106281999028436, -79.9384774835751 26.106281999028436, -80.05329944484717 25.595370208214597, -80.57698565895464 25.91034808500411, -80.62152251642492 26.106281999028436))"
52E,2019-03-26 22:55:00+00:00,2019-03-27 00:55:00+00:00,0.0,31000.0,"POLYGON ((-81.2009090909091 29.101767212067305, -81.0190909090909 29.101767212067305, -81.0190909090909 28.919949030249125, -81.2009090909091 28.919949030249125, -81.2009090909091 29.101767212067305))"
51E,2019-03-26 22:55:00+00:00,2019-03-27 00:55:00+00:00,0.0,24000.0,"POLYGON ((-79.79778144701599 31.028719244446584, -79.50005438534882 30.324629942214255, -80.33745077959463 30.334769376460603, -80.26630783981624 30.776715557400117, -79.79778144701599 31.028719244446584))"
53E,2019-03-26 23:55:00+00:00,2019-03-27 01:55:00+00:00,0.0,31000.0,"POLYGON ((-79.82486069953595 28.045480523828914, -79.64304251771776 28.045480523828914, -79.64304251771776 27.863662342010734, -79.82486069953595 27.863662342010734, -79.82486069953595 28.045480523828914))"
56E,2019-03-26 23:55:00+00:00,2019-03-27 01:55:00+00:00,0.0,24000.0,"POLYGON ((-80.26630783981624 30.776715557400117, -79.66751906326984 30.32708456252836, -80.16995835777594 30.333168275404088, -80.26630783981624 30.776715557400117))"
54E,2019-03-26 23:55:00+00:00,2019-03-27 01:55:00+00:00,0.0,26000.0,"POLYGON ((-80.14270747439276 27.98624804290298, -79.8854672053243 27.899987103820507, -80.0002391933015 27.679138909723793, -80.33909613790168 27.73524314595772, -80.14270747439276 27.98624804290298))"
55E,2019-03-26 23:55:00+00:00,2019-03-27 01:55:00+00:00,0.0,44000.0,"POLYGON ((-79.94059079506302 26.624596952635187, -79.4932327282658 26.45745430806274, -79.63769508826996 25.79858926089646, -80.50748403624183 26.00427709850976, -79.94059079506302 26.624596952635187))"
57E,2019-03-26 23:55:00+00:00,2019-03-27 01:55:00+00:00,0.0,26000.0,"POLYGON ((-81.77310967771514 29.29836235561977, -81.26307701502243 29.24458782912932, -81.34397932306963 29.09534194951755, -81.77310967771514 29.29836235561977))"
5C,2019-03-26 23:55:00+00:00,2019-03-27 01:55:00+00:00,0.0,36000.0,"POLYGON ((-105.64973143570217 32.03974706114633, -104.784930239475 31.01294037267335, -105.56289601120427 31.204625311014304, -106.12290369104471 31.764578602120114, -105.64973143570217 32.03974706114633))"
1E,2019-03-27 00:55:00+00:00,2019-03-27 02:55:00+00:00,0.0,26000.0,"POLYGON ((-79.43046122749278 28.063241310900754, -79.34725147514553 27.675312023443272, -80.18865059497637 27.569024261566376, -80.2586896377139 27.884262034170376, -79.43046122749278 28.063241310900754))"
4E,2019-03-27 00:55:00+00:00,2019-03-27 02:55:00+00:00,0.0,33000.0,"POLYGON ((-84.33711049815281 32.6881272418963, -84.13298736815804 31.715228794593692, -84.13317423858742 31.604579202501572, -84.61735703517428 32.327413266818446, -84.33711049815281 32.6881272418963))"
2E,2019-03-27 00:55:00+00:00,2019-03-27 02:55:00+00:00,0.0,40000.0,"POLYGON ((-80.09 26.390858121158214, -79.34440292302335 26.401430686011913, -79.47712244378755 25.797795738054837, -80.39364355227643 25.902182913024042, -80.09 26.390858121158214))"
3E,2019-03-27 00:55:00+00:00,2019-03-27 02:55:00+00:00,0.0,26000.0,"POLYGON ((-80.26630783981624 30.776715557400117, -79.66751906326984 30.32708456252836, -79.5700976771969 29.844415066292452, -80.33745077959463 30.334769376460603, -80.26630783981624 30.776715557400117))"
1C,2019-03-27 00:55:00+00:00,2019-03-27 02:55:00+00:00,0.0,45000.0,"POLYGON ((-105.25917942553144 31.815925798258387, -105.18428233456102 31.428029188458403, -105.80088310523847 31.410193658828373, -105.80758100389805 31.985102371264993, -105.25917942553144 31.815925798258387))"
1W,2019-03-27 00:55:00+00:00,2019-03-27 02:55:00+00:00,0.0,24000.0,"POLYGON ((-116.33080816064616 43.447686415438525, -116.19 43.2608581211582, -116.49266085390427 43.01533407622211, -116.61099916443534 43.242543886775074, -116.33080816064616 43.447686415438525))"
JULIETT 1,2019-03-27 01:35:00+00:00,2019-03-27 05:35:00+00:00,0.0,39000.0,"POLYGON ((-66 26.15, -64 25.15, -68.3 21.45, -69 24, -66 26.15))"
5E,2019-03-27 01:55:00+00:00,2019-03-27 03:55:00+00:00,0.0,26000.0,"POLYGON ((-79.282603940839 28.73352261360218, -78.98711815426667 27.67189156830133, -79.56117451794687 27.14958210160337, -80.22373773091545 27.91502661376889, -80.05492341585561 28.601548608159696, -79.282603940839 28.73352261360218))"
2C,2019-03-27 01:55:00+00:00,2019-03-27 03:55:00+00:00,0.0,45000.0,"POLYGON ((-105.55843088958137 31.56329708580392, -104.67991071098753 31.35254782577101, -104.77347573755479 31.003266611899118, -105.59212595992186 31.229945525360858, -105.55843088958137 31.56329708580392))"
3C,2019-03-27 01:55:00+00:00,2019-03-27 03:55:00+00:00,,,"POLYGON ((-105.9558103737774 31.54329926724531, -104.3088440394401 30.42767642472402, -104.4025510203171 30.2992214645097, -106.0020050543489 31.58287803637134, -105.9558103737774 31.54329926724531))"
7E,2019-03-27 01:55:00+00:00,2019-03-27 03:55:00+00:00,0.0,26000.0,"POLYGON ((-79.95363615155655 30.884035478591002, -79.66751906326984 30.32708456252836, -80.33745077959463 30.334769376460603, -80.42238148341836 30.72277461805062, -79.95363615155655 30.884035478591002))"
6E,2019-03-27 01:55:00+00:00,2019-03-27 03:55:00+00:00,0.0,40000.0,"POLYGON ((-79.9384774835751 26.106281999028436, -79.19571773354795 26.345253240139744, -79.31655218804418 25.796825894309386, -79.68768989458619 25.577501682120047, -80.28 25.8, -79.9384774835751 26.106281999028436))"
8E,2019-03-27 01:55:00+00:00,2019-03-27 03:55:00+00:00,0.0,33000.0,"POLYGON ((-84.16976688140844 31.76217073901264, -83.29126352615735 31.261000025051874, -82.63945915472382 31.272802511892483, -83.3443315011244 30.396147802657314, -84.29 31.370858121158214, -84.16976688140844 31.76217073901264))"
2W,2019-03-27 01:55:00+00:00,2019-03-27 03:55:00+00:00,0.0,24000.0,"POLYGON ((-116.19 43.55, -116.1138346002416 43.41640855284508, -116.4174929355659 43.14907513869738, -116.5578961530629 43.43875969877265, -116.19 43.55))"
4C,2019-03-27 02:55:00+00:00,2019-03-27 04:55:00+00:00,0.0,45000.0,"POLYGON ((-105.19914340047889 31.43343021894515, -104.50079729095692 31.41810928881679, -104.77347573755479 31.003266611899118, -105.319388312423 30.992904093485127, -105.19914340047889 31.43343021894515))"
12E,2019-03-27 02:55:00+00:00,2019-03-27 04:55:00+00:00,0.0,33000.0,"POLYGON ((-83.95030485953559 31.659550111256635, -83.6638183332078 31.437171228573096, -83.72916900391569 30.61983167926256, -83.88463993902863 30.565149913835874, -84.17003115715134 31.557716787979565, -83.95030485953559 31.659550111256635))"
9E,2019-03-27 02:55:00+00:00,2019-03-27 04:55:00+00:00,0.0,26000.0,"POLYGON ((-79.58228296182843 28.008989685015926, -79.16807427215633 27.494834512382983, -79.63071362833516 27.088168999721773, -80.30325783994633 27.27917651678932, -80.14270747439276 27.98624804290298, -79.58228296182843 28.008989685015926))"
11E,2019-03-27 02:55:00+00:00,2019-03-27 04:55:00+00:00,0.0,26000.0,"POLYGON ((-79.95363615155655 30.884035478591002, -80.33745077959463 30.334769376460603, -80.42238148341836 30.72277461805062, -79.95363615155655 30.884035478591002))"
10E,2019-03-27 02:55:00+00:00,2019-03-27 04:55:00+00:00,0.0,39000.0,"POLYGON ((-79.9384774835751 26.106281999028436, -79.19571773354795 26.345253240139744, -79.31655218804418 25.796825894309386, -79.68768989458619 25.577501682120047, -80.28 25.8, -79.9384774835751 26.106281999028436))"
13E,2019-03-27 02:55:00+00:00,2019-03-27 04:55:00+00:00,0.0,26000.0,"POLYGON ((-84.29 32.09371281826268, -84.15962817359359 31.927066021943354, -84.29 31.804570939420895, -84.772531624024 32.068001113887796, -84.29 32.09371281826268))"
5C,2019-03-27 02:55:00+00:00,2019-03-27 04:55:00+00:00,0.0,45000.0,"POLYGON ((-105.32594218930363 30.99862081405558, -104.66489722768152 30.91142016842155, -104.95464150901105 30.296163190556964, -105.19317560915286 30.73672497657863, -105.32594218930363 30.99862081405558))"
7C,2019-03-27 03:55:00+00:00,2019-03-27 05:55:00+00:00,,,"POLYGON ((-105.9096548605599 31.50370390692478, -104.3088440394401 30.42767642472402, -104.368742470773 30.44886036508793, -105.9558103737774 31.54329926724531, -105.9096548605599 31.50370390692478))"
17E,2019-03-27 03:55:00+00:00,2019-03-27 05:55:00+00:00,0.0,37000.0,"POLYGON ((-83.92933687124433 31.53215948732113, -83.19585003164126 30.949965644709856, -83.59373561537444 30.069454276375353, -83.80703713433742 29.928314528563, -84.01427877350721 31.424422285093417, -83.92933687124433 31.53215948732113))"
14E,2019-03-27 03:55:00+00:00,2019-03-27 05:55:00+00:00,0.0,29000.0,"POLYGON ((-79.27005623616982 28.120319361713236, -79.17496313484394 27.673791862558097, -80.14326693490337 27.552235232348945, -80.34580373625643 27.987335060327325, -79.27005623616982 28.120319361713236))"
16E,2019-03-27 03:55:00+00:00,2019-03-27 05:55:00+00:00,0.0,24000.0,"POLYGON ((-80.42835987050373 30.425678467369693, -80.24654168868554 30.425678467369693, -80.24654168868554 30.243860285551513, -80.42835987050373 30.243860285551513, -80.42835987050373 30.425678467369693))"
18E,2019-03-27 03:55:00+00:00,2019-03-27 05:55:00+00:00,0.0,29000.0,"POLYGON ((-84.55150297273853 32.19399812054296, -83.84633393658177 32.289148575512534, -84.29 31.66, -84.772531624024 32.068001113887796, -84.55150297273853 32.19399812054296))"
20E,2019-03-27 03:55:00+00:00,2019-03-27 05:55:00+00:00,0.0,32000.0,"POLYGON ((-79.76640498994179 26.679633382888714, -79.19571773354795 26.345253240139744, -79.86159212790962 26.47536326831132, -79.76640498994179 26.679633382888714))"
19E,2019-03-27 03:55:00+00:00,2019-03-27 05:55:00+00:00,0.0,30000.0,"POLYGON ((-79.2840523335579 27.39331113363621, -79.0400697088157 27.06341073210027, -80.09 26.96914187884179, -80.30325783994633 27.27917651678932, -79.2840523335579 27.39331113363621))"
15E,2019-03-27 03:55:00+00:00,2019-03-27 05:55:00+00:00,0.0,41000.0,"POLYGON ((-79.0471770582943 26.288922498064352, -78.67430460087864 25.79118354895772, -78.95040846421388 25.296041918328473, -79.53995786936207 25.521504637156102, -79.0471770582943 26.288922498064352))"
6C,2019-03-27 03:55:00+00:00,2019-03-27 05:55:00+00:00,0.0,35000.0,"POLYGON ((-104.33766193836976 31.100825697057036, -104.30632040527838 30.606198679005846, -104.72567556548583 30.574337496450298, -105.02850485856912 31.371273493776336, -104.33766193836976 31.100825697057036))"
24E,2019-03-27 04:55:00+00:00,2019-03-27 06:55:00+00:00,0.0,33000.0,"POLYGON ((-83.05936362150621 31.06826274073759, -83.34469733030697 30.21449395784311, -83.59373561537444 30.069454276375353, -83.45606694825167 30.715289850329363, -83.05936362150621 31.06826274073759))"
22E,2019-03-27 04:55:00+00:00,2019-03-27 06:55:00+00:00,0.0,41000.0,"POLYGON ((-78.71997447457538 26.164105012939295, -78.03954862876462 25.90131331609732, -78.41311100046974 25.087780101563755, -79.50061792054885 25.092084646045706, -78.71997447457538 26.164105012939295))"
21E,2019-03-27 04:55:00+00:00,2019-03-27 06:55:00+00:00,0.0,29000.0,"POLYGON ((-79.27005623616982 28.120319361713236, -79.17496313484394 27.673791862558097, -80.14326693490337 27.552235232348945, -80.27339745201733 28.14094605091884, -79.27005623616982 28.120319361713236))"
23E,2019-03-27 04:55:00+00:00,2019-03-27 06:55:00+00:00,0.0,37000.0,"POLYGON ((-80.03381207173067 29.682960007939116, -79.87940666817532 29.73695796421324, -79.78382318143825 29.29344974687121, -80.11534877712033 29.296315376177343, -80.03381207173067 29.682960007939116))"
25E,2019-03-27 04:55:00+00:00,2019-03-27 06:55:00+00:00,0.0,35000.0,"POLYGON ((-80.09 27.113712818262687, -79.0400697088157 27.06341073210027, -80.09 26.96914187884179, -80.09 27.113712818262687))"
26E,2019-03-27 04:55:00+00:00,2019-03-27 06:55:00+00:00,0.0,26000.0,"POLYGON ((-79.97569403524858 26.577727176276053, -78.95744477451605 26.67550912882728, -79.0471770582943 26.288922498064352, -80.02815498299967 26.546420481979236, -79.97569403524858 26.577727176276053))"
9C,2019-03-27 04:55:00+00:00,2019-03-27 06:55:00+00:00,0.0,34000.0,"POLYGON ((-105.68175973122321 31.30746434356681, -105.56289601120427 31.204625311014304, -105.44429060834047 31.101677242086076, -105.68175973122321 31.30746434356681))"
8C,2019-03-27 04:55:00+00:00,2019-03-27 06:55:00+00:00,0.0,40000.0,"POLYGON ((-104.33766193836976 31.100825697057036, -103.31714488919411 30.949562495703823, -103.95 30.58914187884179, -104.42559359471707 30.708048645453054, -104.33766193836976 31.100825697057036))"
JULIETT 2,2019-03-27 05:00:00+00:00,2019-03-27 09:00:00+00:00,0.0,40000.0,"POLYGON ((-67.3 24.3, -65.15 24.15, -66 22.15, -68 22.45, -67.3 24.3))"
KILO 1,2019-03-27 05:30:00+00:00,2019-03-27 09:30:00+00:00,0.0,40000.0,"POLYGON ((-78.15 26.15, -76.45 25.45, -77.45 24.15, -79.15 25, -78.15 26.15))"
28E,2019-03-27 05:55:00+00:00,2019-03-27 07:55:00+00:00,0.0,27000.0,"POLYGON ((-80.27339745201733 28.14094605091884, -79.09496772306241 28.18234019871833, -78.98711815426667 27.67189156830133, -80.11426210742162 27.67949318402028, -80.27339745201733 28.14094605091884))"
30E,2019-03-27 05:55:00+00:00,2019-03-27 07:55:00+00:00,0.0,31000.0,"POLYGON ((-83.57352262782743 30.674328323125007, -82.83227994554474 30.871764957911303, -83.05 30.033712818262682, -83.52220245549222 30.008072588186938, -83.57352262782743 30.674328323125007))"
31E,2019-03-27 05:55:00+00:00,2019-03-27 07:55:00+00:00,0.0,29000.0,"POLYGON ((-79.74584679851922 26.98626624614, -79.34077652180247 26.954657702447616, -79.2810215785833 26.67770868792275, -79.96587361310456 26.947078280936704, -79.74584679851922 26.98626624614))"
32E,2019-03-27 05:55:00+00:00,2019-03-27 07:55:00+00:00,0.0,29000.0,"POLYGON ((-78.95744477451605 26.67550912882728, -79.0471770582943 26.288922498064352, -79.19571773354795 26.345253240139744, -78.95744477451605 26.67550912882728))"
33E,2019-03-27 05:55:00+00:00,2019-03-27 07:55:00+00:00,0.0,31000.0,"POLYGON ((-83.97578789125056 31.770264942648335, -83.82008339601205 31.493164173231474, -83.93088092412515 31.352815720410444, -84.05032524555955 31.4553217977527, -83.97578789125056 31.770264942648335))"
34E,2019-03-27 05:55:00+00:00,2019-03-27 07:55:00+00:00,0.0,27000.0,"POLYGON ((-84.76830314484403 31.25019924335483, -84.35 30.833712818262683, -84.35 30.68914187884178, -84.70668920607213 30.70619674323574, -84.76830314484403 31.25019924335483))"
29E,2019-03-27 05:55:00+00:00,2019-03-27 07:55:00+00:00,0.0,35000.0,"POLYGON ((-79.41519412349672 29.897873042671513, -79.28657631115435 29.287616655852396, -79.78382318143825 29.29344974687121, -79.94958365353386 29.29498488483908, -79.41519412349672 29.897873042671513))"
11C,2019-03-27 05:55:00+00:00,2019-03-27 07:55:00+00:00,0.0,31000.0,"POLYGON ((-105.68175973122321 31.30746434356681, -105.56289601120427 31.204625311014304, -105.44429060834047 31.101677242086076, -105.68175973122321 31.30746434356681))"
40E,2019-03-27 06:55:00+00:00,2019-03-27 08:55:00+00:00,0.0,30000.0,"POLYGON ((-84.4841598238295 31.259154555398418, -84.03993542037973 30.510283638027627, -84.35 30.110858121158206, -84.96802379938495 30.177245489704976, -84.4841598238295 31.259154555398418))"
37E,2019-03-27 06:55:00+00:00,2019-03-27 08:55:00+00:00,0.0,34000.0,"POLYGON ((-83.05 30.467425636525373, -82.72972170702252 30.26744615549668, -82.98628673428928 29.733550917087637, -83.28561962433773 29.804246099223043, -83.05 30.467425636525373))"
35E,2019-03-27 06:55:00+00:00,2019-03-27 08:55:00+00:00,0.0,34000.0,"POLYGON ((-79.1263583695969 28.171242487101285, -79.05188220525251 27.596261572695692, -79.67373961519705 27.67760811963143, -79.73395160862685 27.954571432919824, -79.1263583695969 28.171242487101285))"
36E,2019-03-27 06:55:00+00:00,2019-03-27 08:55:00+00:00,0.0,32000.0,"POLYGON ((-79.5700976771969 29.844415066292452, -79.28657631115435 29.287616655852396, -79.61806802467412 29.291709981274753, -79.78382318143825 29.29344974687121, -79.5700976771969 29.844415066292452))"
38E,2019-03-27 06:55:00+00:00,2019-03-27 08:55:00+00:00,0.0,29000.0,"POLYGON ((-79.74584679851922 26.98626624614, -79.49091178288226 26.90004226192626, -79.79074632005018 26.790336173562245, -79.97548888286632 26.782181168878804, -79.74584679851922 26.98626624614))"
39E,2019-03-27 06:55:00+00:00,2019-03-27 08:55:00+00:00,0.0,27000.0,"POLYGON ((-80.26630783981624 30.776715557400117, -80.89235195713002 30.117248978038266, -81.04492730572076 30.505151891640896, -80.26630783981624 30.776715557400117))"
12C,2019-03-27 06:55:00+00:00,2019-03-27 08:55:00+00:00,0.0,38000.0,"POLYGON ((-104.20493099833406 29.765488402850483, -103.95 29.577145302895534, -104.53894634372638 29.787545901249587, -104.20493099833406 29.765488402850483))"
46E,2019-03-27 07:55:00+00:00,2019-03-27 09:55:00+00:00,0.0,28000.0,"POLYGON ((-83.58132911307538 29.789941789856222, -83.05 28.93452417705443, -83.48538984229353 28.67706062448368, -84.00667713570911 29.596569750314284, -83.58132911307538 29.789941789856222))"
14C,2019-03-27 07:55:00+00:00,2019-03-27 09:55:00+00:00,0.0,36000.0,"POLYGON ((-105.10527405680908 31.81460465390421, -104.61123708489446 31.862642168220393, -104.47196410991613 31.3748989476661, -105.01987389219816 31.368121387453883, -105.10527405680908 31.81460465390421))"
45E,2019-03-27 07:55:00+00:00,2019-03-27 09:55:00+00:00,0.0,30000.0,"POLYGON ((-79.87940666817532 29.73695796421324, -79.94958365353386 29.29498488483908, -80.44689032228487 29.29836235561977, -80.4960318268558 29.519895535863327, -79.87940666817532 29.73695796421324))"
43E,2019-03-27 07:55:00+00:00,2019-03-27 09:55:00+00:00,0.0,34000.0,"POLYGON ((-82.72972170702252 30.26744615549668, -82.34754976857124 30.33733124562165, -82.8153337049589 29.395339440685426, -83.16745169822863 29.49772120801758, -82.72972170702252 30.26744615549668))"
44E,2019-03-27 07:55:00+00:00,2019-03-27 09:55:00+00:00,0.0,32000.0,"POLYGON ((-79.88165541095927 26.881245264471335, -79.69983722914108 26.881245264471335, -79.69983722914108 26.699427082653155, -79.88165541095927 26.699427082653155, -79.88165541095927 26.881245264471335))"
42E,2019-03-27 07:55:00+00:00,2019-03-27 09:55:00+00:00,0.0,34000.0,"POLYGON ((-79.28657631115435 29.287616655852396, -78.62368584384397 29.276975590273747, -79.32462136062779 28.6973868113496, -79.45231884681894 29.289765609581387, -79.28657631115435 29.287616655852396))"
41E,2019-03-27 07:55:00+00:00,2019-03-27 09:55:00+00:00,0.0,39000.0,"POLYGON ((-78.69432779520058 27.668424375216095, -78.5879179705453 27.225337714382924, -79.34725147514553 27.675312023443272, -79.1840131233221 27.67387701752543, -78.69432779520058 27.668424375216095))"
13C,2019-03-27 07:55:00+00:00,2019-03-27 09:55:00+00:00,0.0,40000.0,"POLYGON ((-103.69506900166596 29.765488402850483, -103.56862396984536 29.49805026870486, -103.95 29.432574363474636, -104.53894634372638 29.787545901249587, -103.69506900166596 29.765488402850483))"
15C,2019-03-27 08:55:00+00:00,2019-03-27 10:55:00+00:00,0.0,40000.0,"POLYGON ((-104.66024554462456 30.04341571680442, -104.22185555197464 30.064437810051942, -103.51164829464174 29.377040276992666, -103.43936785031084 29.223074664958702, -104.6272204200906 29.7100533582447, -104.66024554462456 30.04341571680442))"
47E,2019-03-27 08:55:00+00:00,2019-03-27 10:55:00+00:00,0.0,41000.0,"POLYGON ((-78.53111116431592 27.666224356640633, -78.4369094713202 27.278990576028683, -79.63071362833516 27.088168999721773, -79.67373961519705 27.67760811963143, -78.53111116431592 27.666224356640633))"
50E,2019-03-27 08:55:00+00:00,2019-03-27 10:55:00+00:00,0.0,37000.0,"POLYGON ((-79.72483519862459 29.790776511913705, -79.5700976771969 29.844415066292452, -79.61806802467412 29.291709981274753, -80.28111788812674 29.297441204416582, -79.72483519862459 29.790776511913705))"
51E,2019-03-27 08:55:00+00:00,2019-03-27 10:55:00+00:00,0.0,30000.0,"POLYGON ((-83.51008217018621 29.43323199236002, -82.99499392856225 28.577472119822225, -83.3780746185306 28.521601777127415, -83.9686485342872 29.264888036946125, -83.51008217018621 29.43323199236002))"
49E,2019-03-27 08:55:00+00:00,2019-03-27 10:55:00+00:00,0.0,37000.0,"POLYGON ((-82.45914182649372 30.109826854952615, -81.70153230391837 29.939162031259873, -81.92468583031317 29.049882625876716, -82.92307773004234 29.33280736605039, -82.45914182649372 30.109826854952615))"
48E,2019-03-27 08:55:00+00:00,2019-03-27 10:55:00+00:00,0.0,36000.0,"POLYGON ((-78.62368584384397 29.276975590273747, -78.45798645570856 29.273804175733744, -79.20685074925281 28.798575949269697, -79.45231884681894 29.289765609581387, -78.62368584384397 29.276975590273747))"
16C,2019-03-27 08:55:00+00:00,2019-03-27 10:55:00+00:00,0.0,30000.0,"POLYGON ((-104.42721175548954 31.56892913169561, -104.24539357367135 31.56892913169561, -104.24539357367135 31.38711094987743, -104.42721175548954 31.38711094987743, -104.42721175548954 31.56892913169561))"
52E,2019-03-27 09:55:00+00:00,2019-03-27 11:55:00+00:00,0.0,42000.0,"POLYGON ((-78.39258495235237 28.428185245373538, -77.83746882689503 27.489862605286607, -79.57307447071443 26.870063887745584, -79.97020366320871 27.488030491583192, -78.39258495235237 28.428185245373538))"
53E,2019-03-27 09:55:00+00:00,2019-03-27 11:55:00+00:00,0.0,38000.0,"POLYGON ((-78.24894546662576 29.26951133538124, -77.15560432621213 28.84966777351555, -79.282603940839 28.73352261360218, -79.96538687754567 29.295120554181896, -78.24894546662576 29.26951133538124))"
54E,2019-03-27 09:55:00+00:00,2019-03-27 11:55:00+00:00,0.0,30000.0,"POLYGON ((-82.45914182649372 30.109826854952615, -81.60733458483817 29.29907881838295, -83.02803775128177 28.216243808698113, -83.81596143004158 29.321176808398157, -82.45914182649372 30.109826854952615))"
55E,2019-03-27 10:55:00+00:00,2019-03-27 12:55:00+00:00,0.0,38000.0,"POLYGON ((-78.04017616835857 28.549753072258635, -77.1378234558031 27.731732169128477, -78.70768203712859 27.182633878230448, -79.56117451794687 27.14958210160337, -78.04017616835857 28.549753072258635))"
56E,2019-03-27 10:55:00+00:00,2019-03-27 12:55:00+00:00,0.0,35000.0,"POLYGON ((-77.32395241270709 31.905583005762985, -76.62242876451066 29.02683697822481, -78.21648200970473 28.48908274740241, -78.62090868383004 30.168248924699977, -77.32395241270709 31.905583005762985))"
57E,2019-03-27 10:55:00+00:00,2019-03-27 12:55:00+00:00,0.0,33000.0,"POLYGON ((-79.94958365353386 29.29498488483908, -79.28657631115435 29.287616655852396, -79.44216435683724 28.596095907793856, -80.3018826290368 28.080571262213187, -79.94958365353386 29.29498488483908))"
58E,2019-03-27 10:55:00+00:00,2019-03-27 12:55:00+00:00,0.0,29000.0,"POLYGON ((-82.43419771144458 29.81987826050759, -81.56873322948637 29.13324163591779, -83.00719977656254 27.90961354889639, -83.3780746185306 28.521601777127415, -82.43419771144458 29.81987826050759))"
59E,2019-03-27 11:55:00+00:00,2019-03-27 13:55:00+00:00,0.0,38000.0,"POLYGON ((-77.17924536115109 30.643087863040467, -76.4350886114612 27.970067284132778, -78.41435664634788 26.67016943413214, -79.42827635773726 27.266667586075645, -77.17924536115109 30.643087863040467))"
61E,2019-03-27 11:55:00+00:00,2019-03-27 13:55:00+00:00,0.0,29000.0,"POLYGON ((-81.87787534838117 29.57442820891434, -80.49 28.402854697104473, -81.34 28.25085812115821, -82.46510026734283 29.087582626547857, -81.87787534838117 29.57442820891434))"
60E,2019-03-27 11:55:00+00:00,2019-03-27 13:55:00+00:00,0.0,34000.0,"POLYGON ((-79.94958365353386 29.29498488483908, -79.12084108063333 29.285263146677547, -79.44216435683724 28.596095907793856, -80.14270747439276 27.98624804290298, -79.94958365353386 29.29498488483908))"
62E,2019-03-27 12:55:00+00:00,2019-03-27 14:55:00+00:00,0.0,40000.0,"POLYGON ((-76.44429857540733 29.08542510251223, -76.4350886114612 27.970067284132778, -76.92536262025473 26.644934515787455, -78.78669224824179 26.674052879508793, -79.88161041550096 28.84871529436914, -76.44429857540733 29.08542510251223))"
63E,2019-03-27 12:55:00+00:00,2019-03-27 14:55:00+00:00,0.0,31000.0,"POLYGON ((-80.73055539803953 28.759938847197883, -80.2586896377139 27.884262034170376, -81.94944460196048 28.759938847197883, -80.73055539803953 28.759938847197883))"
LIMA 1,2019-03-27 13:30:00+00:00,2019-03-27 17:30:00+00:00,,,"POLYGON ((-77 30.15, -72.45 29.45, -74 24.45, -79 24.45, -79 27, -77 27, -77 30.15))"
64E,2019-03-27 13:55:00+00:00,2019-03-27 15:55:00+00:00,0.0,40000.0,"POLYGON ((-76.80035650834265 28.968014159304357, -76.92536262025473 26.644934515787455, -78.01189746295503 27.428848997638664, -80.05492341585561 28.601548608159696, -76.80035650834265 28.968014159304357))"
65E,2019-03-27 13:55:00+00:00,2019-03-27 15:55:00+00:00,0.0,34000.0,"POLYGON ((-80.63844316770998 28.79286331647985, -80.3163300010094 27.743558354429794, -82.04155683229003 28.79286331647985, -80.63844316770998 28.79286331647985))"
67E,2019-03-27 14:55:00+00:00,2019-03-27 16:55:00+00:00,0.0,40000.0,"POLYGON ((-78.43961397804969 29.273439933692682, -78.21648200970473 28.48908274740241, -79.34523527425056 26.678058003974225, -79.80343188575256 27.2945315003023, -78.43961397804969 29.273439933692682))"
17C,2019-03-27 14:55:00+00:00,2019-03-27 16:55:00+00:00,0.0,34000.0,"POLYGON ((-91.33124864860653 47.384941917276706, -89.46 46.62821373441836, -90.12731260818161 45.15748392405804, -91.33124864860653 47.384941917276706))"
68E,2019-03-27 14:55:00+00:00,2019-03-27 16:55:00+00:00,0.0,34000.0,"POLYGON ((-80.64297060788866 28.890279514401623, -80.03820491847607 27.513292766566742, -81.09453279467569 27.899987103820507, -81.49196182281091 28.484590521716775, -80.64297060788866 28.890279514401623))"
66E,2019-03-27 14:55:00+00:00,2019-03-27 16:55:00+00:00,0.0,27000.0,"POLYGON ((-78.67542637511515 31.719405840236835, -78.5224474014101 31.59057481290198, -79.0598872971269 30.952397772978177, -79.21286627083195 31.08122880031303, -78.67542637511515 31.719405840236835))"
70E,2019-03-27 15:55:00+00:00,2019-03-27 17:55:00+00:00,0.0,40000.0,"POLYGON ((-78.05829211406056 29.265312143249012, -77.86366744383696 28.610195383562644, -79.2274954426497 26.99572638673913, -79.73129622868689 27.448072961903527, -78.05829211406056 29.265312143249012))"
18C,2019-03-27 15:55:00+00:00,2019-03-27 17:55:00+00:00,0.0,34000.0,"POLYGON ((-90.84327125846637 47.17402367804403, -88.97139565356122 46.784964293381584, -89.18459498991817 46.09078561690338, -90.84327125846637 47.17402367804403))"
69E,2019-03-27 15:55:00+00:00,2019-03-27 17:55:00+00:00,0.0,27000.0,"POLYGON ((-79.89608188508765 30.46172170655799, -79.71605237956462 30.374604675265967, -80.09803664786455 29.58522471224708, -80.27806615338758 29.672341743539103, -79.89608188508765 30.46172170655799))"
71E,2019-03-27 15:55:00+00:00,2019-03-27 17:55:00+00:00,0.0,34000.0,"POLYGON ((-80.64297060788866 28.890279514401623, -79.83698826035092 27.67846918322073, -80.94179508152392 27.513292766566742, -81.03559724166732 28.65031037185274, -80.64297060788866 28.890279514401623))"
BRAVO 1,2019-03-27 16:45:00+00:00,2019-03-27 20:45:00+00:00,28000.0,39000.0,"POLYGON ((178.45 49.45, 179 36.45, 171.3 37.3, 171 47.45, 178.45 49.45))"
74E,2019-03-27 16:55:00+00:00,2019-03-27 18:55:00+00:00,0.0,31000.0,"POLYGON ((-80.39311001469754 28.53671598849233, -79.16163806758793 27.500460269641966, -79.87536829183776 27.14095313134864, -80.70660254798265 28.14094605091884, -80.39311001469754 28.53671598849233))"
73E,2019-03-27 16:55:00+00:00,2019-03-27 18:55:00+00:00,0.0,35000.0,"POLYGON ((-78.0819286218926 30.3481669607459, -77.83746882689503 27.489862605286607, -78.56848498931308 28.36706140272879, -78.0819286218926 30.3481669607459))"
72E,2019-03-27 16:55:00+00:00,2019-03-27 18:55:00+00:00,0.0,37000.0,"POLYGON ((-79.66751906326984 30.32708456252836, -80.11534877712033 29.296315376177343, -80.77844250219314 29.29959058383582, -80.58457711659706 30.004792223902463, -79.66751906326984 30.32708456252836))"
19C,2019-03-27 16:55:00+00:00,2019-03-27 18:55:00+00:00,0.0,37000.0,"POLYGON ((-90.94721516715732 48.16001595261573, -89.43 48.17, -87.64223453999271 46.75044396447909, -88.87095459864659 46.037402314545, -90.94721516715732 48.16001595261573))"
LIMA 2,2019-03-27 17:15:00+00:00,2019-03-27 21:15:00+00:00,,,"POLYGON ((-77 31, -72 30.3, -73 24.3, -79 25.15, -79 27, -76.3 27.45, -77 31))"
77E,2019-03-27 17:55:00+00:00,2019-03-27 19:55:00+00:00,0.0,32000.0,"POLYGON ((-80.39311001469754 28.53671598849233, -78.88114592700765 27.120543956737375, -79.87536829183776 27.14095313134864, -80.49 27.84636895573639, -80.39311001469754 28.53671598849233))"
75E,2019-03-27 17:55:00+00:00,2019-03-27 19:55:00+00:00,0.0,39000.0,"POLYGON ((-79.88309919025849 30.353157166277477, -79.58388697946158 29.291325761486394, -80.57287419208893 28.82836338633747, -80.44559038448453 29.953689518850304, -79.88309919025849 30.353157166277477))"
20C,2019-03-27 17:55:00+00:00,2019-03-27 19:55:00+00:00,0.0,36000.0,"POLYGON ((-89.18054324918043 48.16973013581997, -86.93221542033838 47.11758007775863, -87.84639516464955 46.476466180792755, -89.95556111064043 47.815874276166795, -89.18054324918043 48.16973013581997))"
76E,2019-03-27 17:55:00+00:00,2019-03-27 19:55:00+00:00,0.0,33000.0,"POLYGON ((-77.9609546149298 29.26306379382508, -78.05717281155181 28.54391714420933, -78.82164282836543 28.278570567632865, -77.9609546149298 29.26306379382508))"
78E,2019-03-27 18:55:00+00:00,2019-03-27 20:55:00+00:00,0.0,39000.0,"POLYGON ((-80.16067255454587 30.33307326431446, -79.33647472704759 29.924948248318806, -80.09017300608167 28.03234758826255, -80.57287419208893 28.82836338633747, -80.16067255454587 30.33307326431446))"
79E,2019-03-27 18:55:00+00:00,2019-03-27 20:55:00+00:00,0.0,33000.0,"POLYGON ((-77.15560432621213 28.84966777351555, -77.67244710255024 27.65149967861973, -78.39258495235237 28.428185245373538, -77.15560432621213 28.84966777351555))"
80E,2019-03-27 18:55:00+00:00,2019-03-27 20:55:00+00:00,0.0,32000.0,"POLYGON ((-79.61962486186705 27.99561205618871, -78.53402530115817 27.244510149211685, -79.74557527872156 26.806917804688183, -80.11426210742162 27.67949318402028, -79.61962486186705 27.99561205618871))"
22C,2019-03-27 18:55:00+00:00,2019-03-27 20:55:00+00:00,0.0,32000.0,"POLYGON ((-100.22050763866743 35.67168482391578, -99.58940861833156 34.368004085246916, -100.7878352464824 34.777901998547975, -100.22050763866743 35.67168482391578))"
21C,2019-03-27 18:55:00+00:00,2019-03-27 20:55:00+00:00,0.0,25000.0,"POLYGON ((-87.84133352233336 47.23876338190414, -86.90642994777292 46.74420876264822, -86.99994924359567 46.567420354349444, -87.9348528181561 47.061974973605366, -87.84133352233336 47.23876338190414))"
23C,2019-03-27 18:55:00+00:00,2019-03-27 20:55:00+00:00,0.0,34000.0,"POLYGON ((-99.6033644425533 36.87394661293221, -98.58145653973605 36.126875693084585, -99.6268460139635 36.13527859673665, -99.6033644425533 36.87394661293221))"
81E,2019-03-27 19:55:00+00:00,2019-03-27 21:55:00+00:00,0.0,39000.0,"POLYGON ((-80.16067255454587 30.33307326431446, -79.33647472704759 29.924948248318806, -80.09017300608167 28.03234758826255, -80.57287419208893 28.82836338633747, -80.16067255454587 30.33307326431446))"
82E,2019-03-27 19:55:00+00:00,2019-03-27 21:55:00+00:00,0.0,33000.0,"POLYGON ((-77.15560432621213 28.84966777351555, -77.67244710255024 27.65149967861973, -78.39258495235237 28.428185245373538, -77.15560432621213 28.84966777351555))"
83E,2019-03-27 19:55:00+00:00,2019-03-27 21:55:00+00:00,0.0,32000.0,"POLYGON ((-79.61962486186705 27.99561205618871, -78.53402530115817 27.244510149211685, -79.74557527872156 26.806917804688183, -80.11426210742162 27.67949318402028, -79.61962486186705 27.99561205618871))"
25C,2019-03-27 19:55:00+00:00,2019-03-27 21:55:00+00:00,0.0,24000.0,"POLYGON ((-99.74902013893445 34.868115867949925, -99.16706297653855 34.589795941735424, -99.25335220570486 34.409368202931525, -99.83530936810077 34.687688129146025, -99.74902013893445 34.868115867949925))"
24C,2019-03-27 19:55:00+00:00,2019-03-27 21:55:00+00:00,0.0,36000.0,"POLYGON ((-97.92 36.92828375768359, -99.0538746595382 36.06052872843179, -99.6033644425533 36.87394661293221, -97.92 36.92828375768359))"
BRAVO 2,2019-03-27 20:35:00+00:00,2019-03-28 00:35:00+00:00,30000.0,39000.0,"POLYGON ((175.45 42.25, 174 34.5, -173.1 31.5, -170.5 41.4, 175.45 42.25))"
ZULU 1,2019-03-27 20:43:00+00:00,2019-03-28 00:45:00+00:00,0.0,57000.0,"POLYGON ((155 7.1, 162.3 5.1, 154.3 3, 155 7.1))"
85E,2019-03-27 20:55:00+00:00,2019-03-27 22:55:00+00:00,0.0,38000.0,"POLYGON ((-77.15560432621213 28.84966777351555, -77.1378234558031 27.731732169128477, -77.83746882689503 27.489862605286607, -78.60134126328494 29.314129281741756, -77.15560432621213 28.84966777351555))"
86E,2019-03-27 20:55:00+00:00,2019-03-27 22:55:00+00:00,0.0,32000.0,"POLYGON ((-78.98711815426667 27.67189156830133, -78.04204956315537 26.66531555888638, -78.89055775947249 26.229303019077314, -80.0927484647581 27.32651203576478, -78.98711815426667 27.67189156830133))"
84E,2019-03-27 20:55:00+00:00,2019-03-27 22:55:00+00:00,0.0,36000.0,"POLYGON ((-80.07781633330929 30.841531081602895, -79.17496313484394 27.673791862558097, -80.0927484647581 27.32651203576478, -80.53767976415757 29.298780093543147, -80.07781633330929 30.841531081602895))"
4W,2019-03-27 20:55:00+00:00,2019-03-27 22:55:00+00:00,0.0,34000.0,"POLYGON ((-118.95498259957373 44.01074173616806, -117.81 44.00815522131804, -118.91920096559123 42.903561620877774, -119.2517312986844 42.86514321958938, -118.95498259957373 44.01074173616806))"
6W,2019-03-27 20:55:00+00:00,2019-03-27 22:55:00+00:00,0.0,32000.0,"POLYGON ((-122.24000000000001 40.93184477868196, -121.81905875862368 40.8677671495905, -122.24 40.1, -122.89248261462917 40.09816946391562, -122.24000000000001 40.93184477868196))"
26C,2019-03-27 20:55:00+00:00,2019-03-27 22:55:00+00:00,0.0,39000.0,"POLYGON ((-97.92 36.78371281826268, -97.92 36.06085812115821, -98.41644646382302 36.18299771581226, -99.21485879357513 36.559458759217954, -97.92 36.78371281826268))"
27C,2019-03-27 20:55:00+00:00,2019-03-27 22:55:00+00:00,0.0,31000.0,"POLYGON ((-98.92628707925105 34.65737421047307, -98.59 34.56828375768358, -98.65683119407299 34.12354807280148, -99.23604069319413 34.20961251796685, -98.92628707925105 34.65737421047307))"
3W,2019-03-27 20:55:00+00:00,2019-03-27 22:55:00+00:00,0.0,32000.0,"POLYGON ((-120.52240475811867 39.250182756942124, -120.81978045431306 37.89704942970224, -121.34884452630635 37.936044417130475, -121.26534915568448 38.973921432312956, -120.52240475811867 39.250182756942124))"
5W,2019-03-27 20:55:00+00:00,2019-03-27 22:55:00+00:00,0.0,31000.0,"POLYGON ((-122.6602682342606 44.28461079194627, -121.90547784523534 44.248400910365845, -122.3219347001321 42.47849688331057, -122.71397544293224 42.47983298454249, -122.6602682342606 44.28461079194627))"
LIMA 3,2019-03-27 21:05:00+00:00,2019-03-28 01:05:00+00:00,0.0,40000.0,"POLYGON ((-72.35 28.5, -73.05 24.15, -79 24.45, -78.55 26.5, -76.05 28.2, -72.35 28.5))"
88E,2019-03-27 21:55:00+00:00,2019-03-27 23:55:00+00:00,0.0,39000.0,"POLYGON ((-76.97808172116771 28.908957479633735, -76.9624293609499 27.791649315363067, -78.36017565993521 27.306171963528065, -77.86366744383696 28.610195383562644, -76.97808172116771 28.908957479633735))"
87E,2019-03-27 21:55:00+00:00,2019-03-27 23:55:00+00:00,0.0,33000.0,"POLYGON ((-80.29494797216884 30.00336883085377, -79.36281421450062 27.675438843385773, -80.0927484647581 27.32651203576478, -80.70669581400041 28.946472510167855, -80.29494797216884 30.00336883085377))"
28C,2019-03-27 21:55:00+00:00,2019-03-27 23:55:00+00:00,0.0,40000.0,"POLYGON ((-97.92 37.015475822945575, -97.6 35.899106867209184, -98.33312540126687 36.34928898651502, -98.65588502800706 36.93595379844198, -97.92 37.015475822945575))"
89E,2019-03-27 21:55:00+00:00,2019-03-27 23:55:00+00:00,0.0,33000.0,"POLYGON ((-79.1840131233221 27.67387701752543, -78.73878081580237 27.171523100524404, -79.64220724689848 26.513323578505126, -80.14465225522746 27.37289083983201, -79.1840131233221 27.67387701752543))"
7W,2019-03-27 21:55:00+00:00,2019-03-27 23:55:00+00:00,0.0,33000.0,"POLYGON ((-120.59716662290194 39.526237300065134, -120.00579179258536 39.41883752625028, -120.32202712248353 37.04491982937781, -121.32509008781275 37.62943754687755, -120.59716662290194 39.526237300065134))"
10W,2019-03-27 21:55:00+00:00,2019-03-27 23:55:00+00:00,0.0,35000.0,"POLYGON ((-121.7266126470565 41.03383812071795, -122.24000000000001 40.38914187884179, -122.64274814697451 40.40598551988456, -122.24000000000001 40.96742563652536, -121.7266126470565 41.03383812071795))"
8W,2019-03-27 21:55:00+00:00,2019-03-27 23:55:00+00:00,0.0,34000.0,"POLYGON ((-118.18600718948687 44.72873252201573, -117.24653335575098 44.67263732005014, -117.41321528484505 43.39049676659305, -118.85327975488455 43.301415406399826, -118.18600718948687 44.72873252201573))"
9W,2019-03-27 21:55:00+00:00,2019-03-27 23:55:00+00:00,0.0,31000.0,"POLYGON ((-122.01983172693564 44.758888148089994, -121.6117871032686 44.7838430305193, -121.67223012354461 44.138745098961806, -122.4144856980204 44.1171700901138, -122.01983172693564 44.758888148089994))"
91E,2019-03-27 22:55:00+00:00,2019-03-28 00:55:00+00:00,0.0,39000.0,"POLYGON ((-77.15560432621213 28.84966777351555, -76.4350886114612 27.970067284132778, -78.18613306186202 27.36761851503847, -78.21648200970473 28.48908274740241, -77.15560432621213 28.84966777351555))"
90E,2019-03-27 22:55:00+00:00,2019-03-28 00:55:00+00:00,0.0,33000.0,"POLYGON ((-80.35341914619903 30.334910875458505, -79.55067052263696 27.676832485442556, -80.0927484647581 27.32651203576478, -80.53767976415757 29.298780093543147, -80.35341914619903 30.334910875458505))"
29C,2019-03-27 22:55:00+00:00,2019-03-28 00:55:00+00:00,0.0,36000.0,"POLYGON ((-98.0787253042685 36.65730495210532, -97.15414507271706 36.602226178203644, -96.84335831957982 35.652310019663666, -97.99889302464013 36.19626917818363, -98.0787253042685 36.65730495210532))"
12W,2019-03-27 22:55:00+00:00,2019-03-28 00:55:00+00:00,0.0,36000.0,"POLYGON ((-116.71017159764936 45.12183473025709, -115.77794754032983 44.6418510493074, -116.45153443857357 43.088585883258176, -117.86999999999999 43.58821373441836, -116.71017159764936 45.12183473025709))"
14W,2019-03-27 22:55:00+00:00,2019-03-28 00:55:00+00:00,0.0,35000.0,"POLYGON ((-122.24000000000001 41.26458269015474, -121.64794658388041 41.17443992989949, -122.32342154706716 40.253674987054914, -122.7037904476406 40.45199954610123, -122.24000000000001 41.26458269015474))"
92E,2019-03-27 22:55:00+00:00,2019-03-28 00:55:00+00:00,0.0,33000.0,"POLYGON ((-79.51049382958965 27.676555728962477, -78.88949804712256 27.117547263438386, -79.2810215785833 26.67770868792275, -80.14465225522746 27.37289083983201, -79.51049382958965 27.676555728962477))"
30C,2019-03-27 22:55:00+00:00,2019-03-28 00:55:00+00:00,0.0,34000.0,"POLYGON ((-101.24531293312936 36.50541651904672, -100.59789263709773 36.337853207861116, -100.7061253404618 36.06052872843179, -101.64 36.01285469710447, -101.24531293312936 36.50541651904672))"
15W,2019-03-27 22:55:00+00:00,2019-03-28 00:55:00+00:00,0.0,25000.0,"POLYGON ((-117.73494566963214 41.18051374026674, -117.5980740018804 41.07916153434182, -117.87157348088957 40.56609605166115, -118.25215314429585 40.56234857290649, -117.73494566963214 41.18051374026674))"
13W,2019-03-27 22:55:00+00:00,2019-03-28 00:55:00+00:00,0.0,30000.0,"POLYGON ((-122.2758561472315 45.2153022251194, -120.29090277084929 44.2455582293912, -121.30000000000001 43.67171624231643, -122.64642711534952 44.527480008114615, -122.2758561472315 45.2153022251194))"
11W,2019-03-27 22:55:00+00:00,2019-03-28 00:55:00+00:00,0.0,35000.0,"POLYGON ((-120.40974304882299 39.52759183705388, -120.00579179258536 39.41883752625028, -120.32202712248353 37.04491982937781, -121.21887157971673 37.83417174377353, -120.40974304882299 39.52759183705388))"
94E,2019-03-27 23:55:00+00:00,2019-03-28 01:55:00+00:00,0.0,38000.0,"POLYGON ((-77.15560432621213 28.84966777351555, -76.4350886114612 27.970067284132778, -78.01189746295503 27.428848997638664, -78.04017616835857 28.549753072258635, -77.15560432621213 28.84966777351555))"
93E,2019-03-27 23:55:00+00:00,2019-03-28 01:55:00+00:00,0.0,32000.0,"POLYGON ((-80.35341914619903 30.334910875458505, -79.55067052263696 27.676832485442556, -80.0927484647581 27.32651203576478, -80.70669581400041 28.946472510167855, -80.35341914619903 30.334910875458505))"
31C,2019-03-27 23:55:00+00:00,2019-03-28 01:55:00+00:00,0.0,34000.0,"POLYGON ((-97.60127760694762 36.96439761682897, -96.96190315725353 36.664515092459496, -96.51348810284863 35.609613851946925, -98.11099622946195 36.413514719486, -97.60127760694762 36.96439761682897))"
17W,2019-03-27 23:55:00+00:00,2019-03-28 01:55:00+00:00,0.0,36000.0,"POLYGON ((-116.57258702538388 45.38424994551513, -115.0214112315799 45.01613280935657, -115.84337127598296 42.47203833425863, -117.70990674087341 42.70752930847477, -116.57258702538388 45.38424994551513))"
19W,2019-03-27 23:55:00+00:00,2019-03-28 01:55:00+00:00,0.0,34000.0,"POLYGON ((-122.24000000000001 41.43095164589114, -121.56178907075275 41.32768078644556, -122.24000000000001 40.2663689557364, -122.54865658033832 40.33487236413294, -122.24000000000001 41.43095164589114))"
16W,2019-03-27 23:55:00+00:00,2019-03-28 01:55:00+00:00,0.0,31000.0,"POLYGON ((-120.56449425536334 38.75421460047063, -120.14881770848635 38.60674035121867, -120.39790999508246 37.069602236936056, -120.96000000000001 37.962737911472786, -120.56449425536334 38.75421460047063))"
95E,2019-03-27 23:55:00+00:00,2019-03-28 01:55:00+00:00,0.0,31000.0,"POLYGON ((-79.51049382958965 27.676555728962477, -78.88949804712256 27.117547263438386, -79.2810215785833 26.67770868792275, -80.14465225522746 27.37289083983201, -79.51049382958965 27.676555728962477))"
35C,2019-03-27 23:55:00+00:00,2019-03-28 01:55:00+00:00,0.0,36000.0,"POLYGON ((-91.20232602097151 41.21259694127821, -91.28000000000002 40.42828375768357, -92.05194892276667 40.537667401954664, -91.61 41.086287181737326, -91.20232602097151 41.21259694127821))"
34C,2019-03-27 23:55:00+00:00,2019-03-28 01:55:00+00:00,0.0,34000.0,"POLYGON ((-84.90753497280724 46.81736050127353, -84.69821774111283 46.51999391959191, -85.14867707537283 46.406934528132304, -85.35832425252003 46.40521029877961, -84.90753497280724 46.81736050127353))"
36C,2019-03-27 23:55:00+00:00,2019-03-28 01:55:00+00:00,0.0,34000.0,"POLYGON ((-90.30202465732957 41.37911149250783, -89.94541492122381 41.27010409526021, -89.86072049737894 40.95522834343825, -90.4732895884058 40.87999367082973, -90.30202465732957 41.37911149250783))"
33C,2019-03-27 23:55:00+00:00,2019-03-28 01:55:00+00:00,0.0,35000.0,"POLYGON ((-89.95947015676047 43.54982661260873, -90.15263156009601 42.807563744734104, -91.01226018242757 42.93386958018479, -91.24115470595407 43.5090722841733, -89.95947015676047 43.54982661260873))"
32C,2019-03-27 23:55:00+00:00,2019-03-28 01:55:00+00:00,0.0,43000.0,"POLYGON ((-101.31354603882075 36.37167235230667, -100.59789263709773 36.337853207861116, -100.7061253404618 36.06052872843179, -101.64 35.86828375768358, -101.31354603882075 36.37167235230667))"
20W,2019-03-27 23:55:00+00:00,2019-03-28 01:55:00+00:00,0.0,26000.0,"POLYGON ((-117.57195633781322 42.05534726518974, -117.04498369311248 41.973660552712296, -117.80279996790182 40.843272121500064, -118.15794427745288 40.950687945836236, -117.57195633781322 42.05534726518974))"
18W,2019-03-27 23:55:00+00:00,2019-03-28 01:55:00+00:00,0.0,37000.0,"POLYGON ((-119.80868992632496 45.08332124688305, -120.49270758637238 44.2471572145968, -120.73902539431151 44.414604574852575, -119.80868992632496 45.08332124688305))"
BRAVO 3,2019-03-28 00:15:00+00:00,2019-03-28 04:15:00+00:00,30000.0,39000.0,"POLYGON ((-179.45 42.55, 175.4 33.4, -172.15 30.55, -170.3 41.25, -179.45 42.55))"
LIMA 4,2019-03-28 00:40:00+00:00,2019-03-28 04:40:00+00:00,0.0,36000.0,"POLYGON ((-76.55 29.15, -68.55 28.05, -74.3 22.55, -78.2 26.55, -76.55 27.15, -76.55 29.15))"
1E,2019-03-28 00:55:00+00:00,2019-03-28 02:55:00+00:00,0.0,33000.0,"POLYGON ((-80.62241315859453 30.018669427242475, -79.62468306975173 27.35898047564628, -80.0927484647581 27.32651203576478, -80.70669581400041 28.946472510167855, -80.62241315859453 30.018669427242475))"
5C,2019-03-28 00:55:00+00:00,2019-03-28 02:55:00+00:00,0.0,38000.0,"POLYGON ((-89.90363684372029 41.39485673598984, -89.27636315627971 41.39485673598984, -89.59 40.66089313279081, -90.21056902795137 40.687765571974516, -89.90363684372029 41.39485673598984))"
3C,2019-03-28 00:55:00+00:00,2019-03-28 02:55:00+00:00,0.0,35000.0,"POLYGON ((-90.02153443857358 43.088585883258176, -89.11577348176111 43.077620086045435, -89.27636315627971 41.39485673598984, -89.90363684372029 41.39485673598984, -90.02153443857358 43.088585883258176))"
4C,2019-03-28 00:55:00+00:00,2019-03-28 02:55:00+00:00,0.0,40000.0,"POLYGON ((-91.3566996288134 41.05860636155787, -90.6948322563938 41.154721404945185, -90.5072062856461 40.435650835172154, -91.69936202046337 40.61777387118018, -91.3566996288134 41.05860636155787))"
1W,2019-03-28 00:55:00+00:00,2019-03-28 02:55:00+00:00,0.0,30000.0,"POLYGON ((-119.59331996874539 38.06780543815901, -119.82000000000001 37.0463689557364, -120.39790999508246 37.069602236936056, -120.36204165583088 38.09905793183348, -119.59331996874539 38.06780543815901))"
2E,2019-03-28 00:55:00+00:00,2019-03-28 02:55:00+00:00,0.0,37000.0,"POLYGON ((-77.59665235119397 28.701064074312963, -76.91880781336718 27.806506461813772, -78.28575528239978 27.33248115647882, -78.20469904225277 27.661250762760474, -77.59665235119397 28.701064074312963))"
3E,2019-03-28 00:55:00+00:00,2019-03-28 02:55:00+00:00,0.0,25000.0,"POLYGON ((-79.73777125054352 27.401345267768733, -79.11923161623405 26.676700544450764, -79.96645388137776 26.412814336910078, -80.14465225522746 27.37289083983201, -79.73777125054352 27.401345267768733))"
2C,2019-03-28 00:55:00+00:00,2019-03-28 02:55:00+00:00,0.0,45000.0,"POLYGON ((-101.24531293312936 36.50541651904672, -100.41842380621559 36.33879241765623, -100.38498880359768 35.930027266533486, -101.29826505467707 35.957351457972415, -101.24531293312936 36.50541651904672))"
1C,2019-03-28 00:55:00+00:00,2019-03-28 02:55:00+00:00,0.0,39000.0,"POLYGON ((-97.5377165519595 36.65607339446476, -96.28760480389712 36.364945701523546, -96.29409770335499 35.790032694610545, -97.71497767827293 35.949126151852134, -97.5377165519595 36.65607339446476))"
2W,2019-03-28 00:55:00+00:00,2019-03-28 02:55:00+00:00,0.0,32000.0,"POLYGON ((-115.97457645819884 45.17045768631156, -114.64522493233204 44.85262858867714, -115.81249798764742 42.881544038403405, -117.31091123119184 42.99755472700362, -115.97457645819884 45.17045768631156))"
4W,2019-03-28 00:55:00+00:00,2019-03-28 02:55:00+00:00,0.0,34000.0,"POLYGON ((-122.24000000000001 40.96742563652536, -121.80083701680151 40.90057282066308, -122.09477377860638 40.36704177125834, -122.4582712347661 40.500494195862146, -122.24000000000001 40.96742563652536))"
3W,2019-03-28 00:55:00+00:00,2019-03-28 02:55:00+00:00,0.0,36000.0,"POLYGON ((-119.80868992632496 45.08332124688305, -120.49270758637238 44.2471572145968, -120.73902539431151 44.414604574852575, -119.80868992632496 45.08332124688305))"
7E,2019-03-28 01:55:00+00:00,2019-03-28 03:55:00+00:00,0.0,29000.0,"POLYGON ((-80.75793344741419 29.172205116121397, -80.05492341585561 28.601548608159696, -79.57480338772348 26.488071277098406, -79.8272240529298 26.444477171164753, -80.75793344741419 29.172205116121397))"
6C,2019-03-28 01:55:00+00:00,2019-03-28 03:55:00+00:00,0.0,33000.0,"POLYGON ((-97.15414507271706 36.602226178203644, -95.79 36.2, -96.09266988900575 35.46442038163358, -97.28516275100013 36.01441213547196, -97.15414507271706 36.602226178203644))"
8C,2019-03-28 01:55:00+00:00,2019-03-28 03:55:00+00:00,0.0,37000.0,"POLYGON ((-89.32739004489412 42.79687486521289, -88.62543495212239 42.504657774530514, -89.11006742588691 40.200847291037455, -89.78744047849473 40.442173514179295, -89.32739004489412 42.79687486521289))"
7W,2019-03-28 01:55:00+00:00,2019-03-28 03:55:00+00:00,0.0,38000.0,"POLYGON ((-119.1080856855433 45.58223596710965, -117.81 44.84, -118.46824961910396 44.36753677505409, -119.81628599126246 45.44197342793823, -119.1080856855433 45.58223596710965))"
6E,2019-03-28 01:55:00+00:00,2019-03-28 03:55:00+00:00,0.0,37000.0,"POLYGON ((-77.59665235119397 28.701064074312963, -76.91880781336718 27.806506461813772, -78.28575528239978 27.33248115647882, -78.20469904225277 27.661250762760474, -77.59665235119397 28.701064074312963))"
9C,2019-03-28 01:55:00+00:00,2019-03-28 03:55:00+00:00,0.0,41000.0,"POLYGON ((-89.59 41.16, -89.88157013563944 40.62536619026701, -91.5705223715239 40.38390367443109, -91.06728701586744 41.10981133717007, -89.59 41.16))"
7C,2019-03-28 01:55:00+00:00,2019-03-28 03:55:00+00:00,0.0,36000.0,"POLYGON ((-100.97 36.60628718173732, -100.00674272659285 36.23770596170816, -100.08499637872403 35.93912621586565, -100.97 36.317145302895526, -100.97 36.60628718173732))"
10C,2019-03-28 01:55:00+00:00,2019-03-28 03:55:00+00:00,0.0,38000.0,"POLYGON ((-91.28000000000002 40.283712818262686, -91.62851365652986 39.96012880751026, -92.24118672967067 40.01882650389506, -91.5705223715239 40.38390367443109, -91.28000000000002 40.283712818262686))"
6W,2019-03-28 01:55:00+00:00,2019-03-28 03:55:00+00:00,0.0,31000.0,"POLYGON ((-115.97782051895064 44.36906532476816, -114.89173657802144 43.92995883845668, -115.27407730058832 42.47732782743846, -117.08454059007185 42.587317509498504, -115.97782051895064 44.36906532476816))"
8W,2019-03-28 01:55:00+00:00,2019-03-28 03:55:00+00:00,0.0,34000.0,"POLYGON ((-122.24000000000001 40.96742563652536, -121.80083701680151 40.90057282066308, -122.09477377860638 40.36704177125834, -122.38522622139362 40.36704177125834, -122.24000000000001 40.96742563652536))"
5W,2019-03-28 01:55:00+00:00,2019-03-28 03:55:00+00:00,0.0,32000.0,"POLYGON ((-119.94358578083012 37.957598533740466, -119.32980234543405 37.81396147823359, -119.88904462929295 36.746413883207865, -120.15347537348497 36.768884051953584, -119.94358578083012 37.957598533740466))"
12C,2019-03-28 02:55:00+00:00,2019-03-28 04:55:00+00:00,0.0,39000.0,"POLYGON ((-87.9 42.15636895573639, -88.6099325741131 40.200847291037455, -89.47616321301135 40.20893955364961, -88.73049320582722 42.24168069927437, -87.9 42.15636895573639))"
9W,2019-03-28 02:55:00+00:00,2019-03-28 04:55:00+00:00,0.0,28000.0,"POLYGON ((-119.82000000000001 37.87821373441836, -119.33656124284494 37.801255147621916, -119.62800374205302 36.816178879017066, -120.02798837318015 36.879818777583075, -119.82000000000001 37.87821373441836))"
11W,2019-03-28 02:55:00+00:00,2019-03-28 04:55:00+00:00,0.0,33000.0,"POLYGON ((-118.75667318435275 46.007263696883705, -117.53845842520589 45.3007946148915, -118.27924867786643 44.839039225357226, -119.41641280277278 45.69900994402032, -118.75667318435275 46.007263696883705))"
10W,2019-03-28 02:55:00+00:00,2019-03-28 04:55:00+00:00,0.0,30000.0,"POLYGON ((-115.37043117728219 44.135294165102216, -114.69891791789944 43.94237388340293, -114.83874259830301 43.094294037582124, -116.19 43.21726208852722, -115.37043117728219 44.135294165102216))"
13C,2019-03-28 02:55:00+00:00,2019-03-28 04:55:00+00:00,0.0,42000.0,"POLYGON ((-89.20595196370753 41.159362209808826, -89.55702205617304 39.95921881845106, -91.28000000000002 39.994570939420896, -90.16606738306676 41.158564984604176, -89.20595196370753 41.159362209808826))"
13W,2019-03-28 02:55:00+00:00,2019-03-28 04:55:00+00:00,0.0,25000.0,"POLYGON ((-115.86205472175885 42.471816975131425, -115.391504585086 42.19983359618924, -115.74985282883087 42.08580086697713, -116.42896151458474 42.138332688866896, -115.86205472175885 42.471816975131425))"
12W,2019-03-28 02:55:00+00:00,2019-03-28 04:55:00+00:00,0.0,34000.0,"POLYGON ((-122.24000000000001 40.82285469710447, -121.87476283788881 40.767260126057145, -122.24000000000001 40.38914187884179, -122.4582712347661 40.500494195862146, -122.24000000000001 40.82285469710447))"
15C,2019-03-28 03:55:00+00:00,2019-03-28 05:55:00+00:00,0.0,41000.0,"POLYGON ((-88.78902369455817 41.19612226458246, -89.66250296060528 39.991909033510744, -90.87884124190485 39.97664308573844, -89.81097784063753 41.159788844474924, -88.78902369455817 41.19612226458246))"
14C,2019-03-28 03:55:00+00:00,2019-03-28 05:55:00+00:00,0.0,37000.0,"POLYGON ((-87.5846129824462 41.75428620869469, -88.70675037000822 39.85753995389239, -89.47616321301135 40.20893955364961, -88.49096023089845 41.85728348998199, -87.5846129824462 41.75428620869469))"
14W,2019-03-28 03:55:00+00:00,2019-03-28 05:55:00+00:00,0.0,28000.0,"POLYGON ((-119.82000000000001 37.87821373441836, -118.92932726369001 37.58253318528821, -119.43504657342068 37.00671291049899, -119.82000000000001 37.212737911472786, -119.82000000000001 37.87821373441836))"
16W,2019-03-28 03:55:00+00:00,2019-03-28 05:55:00+00:00,0.0,26000.0,"POLYGON ((-113.76396928499769 45.553831475019166, -112.62877022057472 45.383539102537604, -112.9566211749691 44.30887435919582, -114.39018727560308 44.485313059081705, -113.76396928499769 45.553831475019166))"
15W,2019-03-28 03:55:00+00:00,2019-03-28 05:55:00+00:00,0.0,31000.0,"POLYGON ((-122.24000000000001 40.96742563652536, -121.80083701680151 40.90057282066308, -122.24000000000001 40.38914187884179, -122.4582712347661 40.500494195862146, -122.24000000000001 40.96742563652536))"
17W,2019-03-28 03:55:00+00:00,2019-03-28 05:55:00+00:00,0.0,29000.0,"POLYGON ((-125.1141352701137 40.94326023382464, -124.6112120522052 40.669373135931785, -124.76583530641466 40.25984898379684, -125.28131692868078 40.33326980716408, -125.1141352701137 40.94326023382464))"
LIMA 5,2019-03-28 04:15:00+00:00,2019-03-28 08:15:00+00:00,0.0,38000.0,"POLYGON ((-74.15 29, -68.45 27.3, -72 22.45, -77 27.15, -74.15 29))"
NOVEMBER 1,2019-03-28 04:24:00+00:00,2019-03-28 08:25:00+00:00,0.0,41000.0,"POLYGON ((-154.4 32, -150.4 32, -155.3 22.3, -158.5 22.4, -154.4 32))"
16C,2019-03-28 04:55:00+00:00,2019-03-28 06:55:00+00:00,0.0,38000.0,"POLYGON ((-89.18454916179758 40.85260600431525, -87.64087300541908 40.55859503686996, -88.86000000000001 39.30628718173732, -90.93260803848875 39.73883167153767, -89.18454916179758 40.85260600431525))"
18W,2019-03-28 04:55:00+00:00,2019-03-28 06:55:00+00:00,0.0,29000.0,"POLYGON ((-124.47802070176672 42.46931226645251, -124.6730024781845 41.47055593095399, -125.18370404190937 41.38168957965817, -124.8699003936872 42.46330153713494, -124.47802070176672 42.46931226645251))"
18C,2019-03-28 05:55:00+00:00,2019-03-28 07:55:00+00:00,0.0,30000.0,"POLYGON ((-90.78315707398804 39.09489003487298, -90.48 38.86, -91.40108650897163 38.04622367236579, -91.4713192263066 38.21939860491814, -90.78315707398804 39.09489003487298))"
17C,2019-03-28 05:55:00+00:00,2019-03-28 07:55:00+00:00,0.0,37000.0,"POLYGON ((-88.02143134498452 40.55609743056678, -87.24595365961535 40.61519149539945, -87.62466227622973 39.48939880328354, -90.88230771598569 39.542638173628404, -88.02143134498452 40.55609743056678))"
21C,2019-03-28 06:55:00+00:00,2019-03-28 08:55:00+00:00,0.0,42000.0,"POLYGON ((-98.67699930217226 37.74491620256507, -98.12851849126412 37.7487289996929, -97.96626623657707 37.44268729596522, -98.42145636827654 37.470379459334254, -98.67699930217226 37.74491620256507))"
20C,2019-03-28 06:55:00+00:00,2019-03-28 08:55:00+00:00,0.0,29000.0,"POLYGON ((-90.74181225638932 38.655253165980845, -90.48 38.426287181737315, -91.5084309466767 37.66310045552905, -91.568716211509 38.29705056707894, -90.74181225638932 38.655253165980845))"
19C,2019-03-28 06:55:00+00:00,2019-03-28 08:55:00+00:00,0.0,37000.0,"POLYGON ((-87.47183397474915 40.25262089282099, -87.59559356387375 39.378838254304476, -90.26564055568123 39.260503031769105, -88.86000000000001 40.029141878841784, -87.47183397474915 40.25262089282099))"
19W,2019-03-28 06:55:00+00:00,2019-03-28 08:55:00+00:00,0.0,31000.0,"POLYGON ((-124.63620814544775 40.97597131712265, -124.23 40.95914187884179, -124.44752268665877 40.269096836025675, -124.80181359893795 40.66858956787472, -124.63620814544775 40.97597131712265))"
22C,2019-03-28 07:55:00+00:00,2019-03-28 09:55:00+00:00,0.0,36000.0,"POLYGON ((-89.16702465000309 39.9748775601686, -88.258675007236 39.929450924000875, -88.40337271959615 39.38618129629181, -89.458001191166 39.547463740248915, -89.16702465000309 39.9748775601686))"
23C,2019-03-28 07:55:00+00:00,2019-03-28 09:55:00+00:00,0.0,33000.0,"POLYGON ((-101.42467452887611 39.59415333471117, -101.51703891687102 39.44519691823934, -101.69 39.39, -101.69 39.53457093942089, -101.42467452887611 39.59415333471117))"
LIMA 6,2019-03-28 08:00:00+00:00,2019-03-28 12:00:00+00:00,0.0,38000.0,"POLYGON ((-73 29.3, -67.3 26.45, -72.15 22.15, -75.45 27.15, -73 29.3))"
26C,2019-03-28 08:55:00+00:00,2019-03-28 10:55:00+00:00,0.0,35000.0,"POLYGON ((-91.08033898078651 38.3878960443224, -90.55443304538477 38.28437682959165, -91.28087063364445 37.66533816250235, -91.73600035653028 37.88676629511325, -91.08033898078651 38.3878960443224))"
24C,2019-03-28 08:55:00+00:00,2019-03-28 10:55:00+00:00,0.0,32000.0,"POLYGON ((-88.86000000000001 39.9063689557364, -88.21093839749983 39.73819268457652, -88.40337271959615 39.38618129629181, -89.4678060361943 39.26784713992989, -88.86000000000001 39.9063689557364))"
25C,2019-03-28 08:55:00+00:00,2019-03-28 10:55:00+00:00,0.0,30000.0,"POLYGON ((-101.47399823979363 39.79049929416052, -100.59 39.91085812115822, -100.62782627221608 39.56600601798956, -101.42467452887611 39.59415333471117, -101.47399823979363 39.79049929416052))"
LIMA 7,2019-03-28 11:45:00+00:00,2019-03-28 15:45:00+00:00,0.0,40000.0,"POLYGON ((-71 29.3, -66.45 26.3, -71.15 22.15, -74.45 27, -71 29.3))"
OSCAR 1,2019-03-28 12:06:00+00:00,2019-03-28 16:05:00+00:00,0.0,43000.0,"POLYGON ((-153.1 30, -150.2 30, -156 24.3, -153.1 30))"
27C,2019-03-28 12:55:00+00:00,2019-03-28 14:55:00+00:00,,,"POLYGON ((-97.6373865097378 39.08800686943302, -97.48383766022039 37.77838166231277, -97.92175032668335 36.2435828576313, -97.43749716139219 39.08135492099917, -97.4800553258272 37.8024929694501, -98.11407500624257 36.29845742033979, -97.67616233977961 37.83325622502127, -97.6799446741728 37.80914491788394, -97.6373865097378 39.08800686943302))"
28C,2019-03-28 12:55:00+00:00,2019-03-28 14:55:00+00:00,0.0,45000.0,"POLYGON ((-97.53382888322474 41.12244355606507, -98.11756369215794 39.851180059120324, -101.09172274077874 39.579470101760336, -100.89911514931549 40.43487091095333, -97.53382888322474 41.12244355606507))"
29C,2019-03-28 12:55:00+00:00,2019-03-28 14:55:00+00:00,0.0,30000.0,"POLYGON ((-89.9666164165323 38.69290031307951, -88.26915482639978 38.09487895379488, -88.40355483946252 37.417106741880495, -90.90295045458895 37.44678621024536, -89.9666164165323 38.69290031307951))"
CHARLIE 1,2019-03-28 13:10:00+00:00,2019-03-28 17:10:00+00:00,28000.0,38000.0,"POLYGON ((174 47.3, 176.15 44, 165 40, 165 43, 174 47.3))"
30C,2019-03-28 13:55:00+00:00,2019-03-28 15:55:00+00:00,,,"POLYGON ((-97.46545994886985 39.13238249502248, -97.34458295487161 37.71642929284559, -97.87874692767836 36.21336184852326, -97.26574194132714 39.12176564694179, -97.33895056404836 37.74460736477494, -98.06720015357457 36.28033484046265, -97.53303618076782 37.78340228478498, -97.53866857159107 37.75522421285563, -97.46545994886985 39.13238249502248))"
31C,2019-03-28 13:55:00+00:00,2019-03-28 15:55:00+00:00,0.0,45000.0,"POLYGON ((-97.73365862332534 41.56935836135006, -96.40302329466834 41.16809896600609, -97.20628174317127 39.69779818122586, -100.47831811898783 39.72085183072273, -100.89697720018731 39.96431259970335, -97.73365862332534 41.56935836135006))"
32C,2019-03-28 13:55:00+00:00,2019-03-28 15:55:00+00:00,0.0,28000.0,"POLYGON ((-90.31717825035761 38.55247698916536, -88.54216980012517 38.18208204377095, -89.07090574560692 37.282315926781074, -90.82074681221022 37.19796031819995, -90.31717825035761 38.55247698916536))"
19W,2019-03-28 13:55:00+00:00,2019-03-28 15:55:00+00:00,0.0,29000.0,"POLYGON ((-124.23 41.169106867209194, -123.27 39.54910686720917, -124.34109205552863 39.045101611117175, -124.63607260230884 40.796622741476554, -124.23 41.169106867209194))"
OSCAR 2,2019-03-28 14:20:00+00:00,2019-03-28 18:20:00+00:00,0.0,46000.0,"POLYGON ((-146.5 32, -150.4 25, -151.2 32, -146.5 32))"
33C,2019-03-28 14:55:00+00:00,2019-03-28 16:55:00+00:00,0.0,45000.0,"POLYGON ((-97.16405239384201 39.28203722644257, -96.21 39.201786265581646, -95.94386493464518 37.74588626897627, -97.33691935874988 38.210865711364015, -97.16405239384201 39.28203722644257))"
34C,2019-03-28 14:55:00+00:00,2019-03-28 16:55:00+00:00,0.0,45000.0,"POLYGON ((-97.0659696533743 41.16239633916271, -95.9008848506845 40.43487091095333, -96.85753987140639 39.51573339487693, -100.506832810001 40.04626533360133, -97.0659696533743 41.16239633916271))"
20W,2019-03-28 14:55:00+00:00,2019-03-28 16:55:00+00:00,0.0,33000.0,"POLYGON ((-123.22159915675795 40.34726885821999, -123.10674591798633 38.74247621993978, -124.77193830001195 38.06467268596611, -124.72680831341138 39.74669818797192, -123.22159915675795 40.34726885821999))"
35C,2019-03-28 14:55:00+00:00,2019-03-28 16:55:00+00:00,0.0,28000.0,"POLYGON ((-89.957870027702 38.44992609863472, -88.67641217136392 37.92644656019213, -89.05498578285994 37.27688406145665, -90.73509092986318 37.50294730781047, -89.957870027702 38.44992609863472))"
LIMA 8,2019-03-28 15:00:00+00:00,2019-03-28 19:00:00+00:00,0.0,42000.0,"POLYGON ((-67.3 28.3, -66 22.45, -69.3 20.3, -72.3 23.15, -67.3 28.3))"
MIKE 1,2019-03-28 15:00:00+00:00,2019-03-28 19:00:00+00:00,0.0,36000.0,"POLYGON ((-68.15 30, -68 28.15, -72.15 25.3, -72.15 29.15, -68.15 30))"
36C,2019-03-28 15:55:00+00:00,2019-03-28 17:55:00+00:00,0.0,45000.0,"POLYGON ((-96.82184160482629 39.72782108572522, -95.19831207879226 39.64202576871947, -96.0940458238549 37.86249922665505, -97.16856702490209 38.57620672639682, -96.82184160482629 39.72782108572522))"
37C,2019-03-28 15:55:00+00:00,2019-03-28 17:55:00+00:00,0.0,45000.0,"POLYGON ((-96.35077718104719 40.97738419824659, -95.75032806436765 39.84616659060084, -99.03245018118126 39.63588409928707, -99.71875371239672 40.196734219613774, -96.35077718104719 40.97738419824659))"
21W,2019-03-28 15:55:00+00:00,2019-03-28 17:55:00+00:00,0.0,32000.0,"POLYGON ((-123.68443973054273 39.81779504743617, -123.32053034822445 38.43206381926674, -125.76060397387229 37.089386614437366, -124.84191888509699 38.53007921038245, -123.68443973054273 39.81779504743617))"
38C,2019-03-28 16:55:00+00:00,2019-03-28 18:55:00+00:00,0.0,45000.0,"POLYGON ((-95.42631489328814 41.40485658614403, -93.01182656569132 39.0619990367889, -95.79415694983281 37.62908336415014, -99.50096180902521 40.1948973195314, -97.46313411997491 41.37659536304719, -95.42631489328814 41.40485658614403))"
22W,2019-03-28 16:55:00+00:00,2019-03-28 18:55:00+00:00,0.0,31000.0,"POLYGON ((-123.3521606039067 39.203676083107815, -123.03244919915369 38.38729815900059, -124.61359905950113 37.49407370850243, -125.37964026006748 37.22551035772465, -123.3521606039067 39.203676083107815))"
DELTA 1,2019-03-28 17:10:00+00:00,2019-03-28 21:10:00+00:00,30000.0,38000.0,"POLYGON ((-178.45 50.15, 174 47.3, 176.45 43.15, -173.45 45.15, -174 49.45, -178.45 50.15))"
LIMA 9,2019-03-28 17:20:00+00:00,2019-03-28 21:20:00+00:00,0.0,42000.0,"POLYGON ((-66.3 28.15, -61.3 25.3, -69 20.45, -69.3 25.45, -66.3 28.15))"
23W,2019-03-28 17:55:00+00:00,2019-03-28 19:55:00+00:00,0.0,32000.0,"POLYGON ((-123.04075476879186 39.842570956861174, -122.33771478315622 38.69203418600417, -123.61130377599443 37.48946031024057, -124.61359905950113 37.49407370850243, -123.04075476879186 39.842570956861174))"
39C,2019-03-28 17:55:00+00:00,2019-03-28 19:55:00+00:00,0.0,45000.0,"POLYGON ((-95.19337396451392 41.57762081709315, -92.73415332367395 39.86277818722212, -92.90349995239337 38.5867063524257, -95.40937481249108 37.56051465097644, -98.78703697941184 40.577770741470815, -95.19337396451392 41.57762081709315))"
40C,2019-03-28 17:55:00+00:00,2019-03-28 19:55:00+00:00,0.0,31000.0,"POLYGON ((-91.70457868076973 38.9748437815824, -91.23791225657284 37.3337537480403, -92.15978754428897 36.96694898122989, -92.7330252002244 38.64290231880947, -91.70457868076973 38.9748437815824))"
OSCAR 3,2019-03-28 17:57:00+00:00,2019-03-28 21:55:00+00:00,0.0,46000.0,"POLYGON ((-151 30.2, -147 30.1, -153 25, -151 30.2))"
MIKE 2,2019-03-28 18:40:00+00:00,2019-03-28 22:40:00+00:00,0.0,35000.0,"POLYGON ((-69.15 30.3, -67 30, -68 27.15, -71.15 24.3, -69.15 30.3))"
43C,2019-03-28 18:55:00+00:00,2019-03-28 20:55:00+00:00,0.0,43000.0,"POLYGON ((-103.8933369944767 30.836920413512622, -103.62060972174942 30.836920413512622, -103.62060972174942 30.56419314078535, -103.8933369944767 30.56419314078535, -103.8933369944767 30.836920413512622))"
42C,2019-03-28 18:55:00+00:00,2019-03-28 20:55:00+00:00,0.0,31000.0,"POLYGON ((-92.07746542282433 39.077045837964555, -89.9666164165323 38.69290031307951, -91.36514630080762 36.910683526741565, -93.14762239268599 38.8063326288949, -92.07746542282433 39.077045837964555))"
41C,2019-03-28 18:55:00+00:00,2019-03-28 20:55:00+00:00,0.0,38000.0,"POLYGON ((-93.78658174619264 41.54214639628731, -92.32339585812363 39.925239665507554, -94.49 37.836287181737326, -97.62 39.65285469710447, -97.19402797325836 41.374215585667784, -93.78658174619264 41.54214639628731))"
ECHO 1,2019-03-28 19:00:00+00:00,2019-03-28 23:00:00+00:00,0.0,30000.0,"POLYGON ((170.60991466352027 40.782116270953615, 165.15991466352028 36.782116270953615, 164.84008533647972 37.217883729046385, 170.2900853364797 41.217883729046385, 170.60991466352027 40.782116270953615))"
8E,2019-03-28 19:55:00+00:00,2019-03-28 21:55:00+00:00,0.0,30000.0,"POLYGON ((-86.73299142762332 41.89659464617979, -84.37246521272408 41.23178513725515, -84.72500236403162 40.626141198285254, -87.7269447168087 40.558139432835716, -88.32 41.05089313279082, -86.73299142762332 41.89659464617979))"
44C,2019-03-28 19:55:00+00:00,2019-03-28 21:55:00+00:00,0.0,45000.0,"POLYGON ((-93.49278741723288 41.55753371659559, -89.4974700379245 38.53754194405977, -91.19674745858849 37.34771408685742, -95.94386493464518 37.74588626897627, -97.51681698504989 40.192652318548085, -93.49278741723288 41.55753371659559))"
24W,2019-03-28 19:55:00+00:00,2019-03-28 21:55:00+00:00,0.0,28000.0,"POLYGON ((-122.4914073135955 40.56084384389904, -121.24000007034823 39.77735639982129, -121.54373223765063 37.81956370296499, -123.02564575759506 38.58862963937201, -122.4914073135955 40.56084384389904))"
45C,2019-03-28 19:55:00+00:00,2019-03-28 21:55:00+00:00,0.0,43000.0,"POLYGON ((-103.95 31.022854697104474, -103.09932683568098 31.052172290449306, -103.33645528832324 30.642829562896658, -104.06852488281459 30.40217369060485, -103.95 31.022854697104474))"
LIMA 10,2019-03-28 20:30:00+00:00,2019-03-29 00:30:00+00:00,0.0,38000.0,"POLYGON ((-66.3 29.15, -60.15 26.15, -66.3 22.15, -69 24, -66.3 29.15))"
MIKE 3,2019-03-28 20:35:00+00:00,2019-03-29 00:35:00+00:00,0.0,32000.0,"POLYGON ((-67.3 31.15, -67.15 30, -68.3 27.3, -69.45 27.15, -69.3 30.3, -67.3 31.15))"
DELTA 2,2019-03-28 20:45:00+00:00,2019-03-29 00:45:00+00:00,29000.0,36000.0,"POLYGON ((-170 51, -169.3 44.15, -173.45 42, -180 49.45, -174.45 50.15, -170 51))"
46C,2019-03-28 20:55:00+00:00,2019-03-28 22:55:00+00:00,0.0,45000.0,"POLYGON ((-91.28000000000002 40.68184477868197, -89.4974700379245 38.53754194405977, -93.54681645824778 36.439634020808136, -95.97405940430617 37.412153045848186, -96.9734893285589 39.60927760354574, -91.28000000000002 40.68184477868197))"
25W,2019-03-28 20:55:00+00:00,2019-03-28 22:55:00+00:00,0.0,28000.0,"POLYGON ((-122.24000000000001 40.43273791147279, -121.24000007034823 39.77735639982129, -121.94178210095319 38.31201391284784, -122.33771478315622 38.69203418600417, -122.24000000000001 40.43273791147279))"
9E,2019-03-28 20:55:00+00:00,2019-03-28 22:55:00+00:00,0.0,29000.0,"POLYGON ((-86.8647925305505 41.359800079164295, -84.04 41.15742563652537, -84.30722969808562 40.085237929326595, -88.45938661140062 40.04599436659096, -86.8647925305505 41.359800079164295))"
48C,2019-03-28 20:55:00+00:00,2019-03-28 22:55:00+00:00,0.0,40000.0,"POLYGON ((-100.12999668640123 30.488982733095373, -99.58296709005478 30.39533096916344, -99.45799148656212 29.636263973253552, -100.53494229718144 29.564248123733606, -100.12999668640123 30.488982733095373))"
47C,2019-03-28 20:55:00+00:00,2019-03-28 22:55:00+00:00,0.0,40000.0,"POLYGON ((-102.98 30.95, -102.98 30.660858121158213, -104.07850755183013 30.567069491988146, -103.95 30.878283757683572, -102.98 30.95))"
OSCAR 4,2019-03-28 21:32:00+00:00,2019-03-29 01:30:00+00:00,0.0,44000.0,"POLYGON ((-150.3 29.1, -146.3 28.5, -151.5 24.1, -150.3 29.1))"
10E,2019-03-28 21:55:00+00:00,2019-03-28 23:55:00+00:00,0.0,25000.0,"POLYGON ((-85.84939115795153 41.416114868550395, -83.07258124488554 41.031507153297625, -83.38568682123152 40.288157109350855, -86.98600479286833 40.71367449613509, -85.84939115795153 41.416114868550395))"
49C,2019-03-28 21:55:00+00:00,2019-03-28 23:55:00+00:00,0.0,38000.0,"POLYGON ((-90.5072062856461 40.435650835172154, -87.53210407369744 40.20615494371474, -89.30202840274664 38.47206848159452, -92.93353794394818 36.59081121853718, -91.98860479018887 39.93744237814408, -90.5072062856461 40.435650835172154))"
52C,2019-03-28 21:55:00+00:00,2019-03-28 23:55:00+00:00,0.0,40000.0,"POLYGON ((-104.32143378759756 31.483421317719415, -102.98 31.282737911472786, -102.98 30.118155221318037, -103.81390971184686 30.182288977540264, -104.32143378759756 31.483421317719415))"
28W,2019-03-28 21:55:00+00:00,2019-03-28 23:55:00+00:00,0.0,33000.0,"POLYGON ((-122.4085174199774 45.442446054616006, -120.03409706627073 45.376424723361104, -120.13877276835544 44.24411791202048, -122.98825131883383 44.11976576697888, -122.4085174199774 45.442446054616006))"
26W,2019-03-28 21:55:00+00:00,2019-03-28 23:55:00+00:00,0.0,24000.0,"POLYGON ((-112.40241594526044 34.85368030233317, -112.17251476666053 34.084793500183224, -112.6180416679229 33.42856498114175, -112.8544874380977 34.82676076472563, -112.40241594526044 34.85368030233317))"
51C,2019-03-28 21:55:00+00:00,2019-03-28 23:55:00+00:00,0.0,36000.0,"POLYGON ((-94.0747146068797 39.799249472769745, -93.45989486242229 39.8501142021697, -94.60810774225608 39.18769845417907, -96.75816918263898 39.203462135341844, -95.81028443212496 39.89262969966549, -94.0747146068797 39.799249472769745))"
53C,2019-03-28 21:55:00+00:00,2019-03-28 23:55:00+00:00,0.0,40000.0,"POLYGON ((-99.14816468576737 30.59827415449647, -98.95900499977834 29.63906596693889, -100.00166764501174 29.63442281741876, -99.82 30.6, -99.14816468576737 30.59827415449647))"
50C,2019-03-28 21:55:00+00:00,2019-03-28 23:55:00+00:00,0.0,45000.0,"POLYGON ((-94.0475135124689 39.50925189995859, -92.22 39.243712818262686, -92.98502959711217 36.691666576163676, -96.3913600136756 38.131319679161926, -94.0475135124689 39.50925189995859))"
27W,2019-03-28 21:55:00+00:00,2019-03-28 23:55:00+00:00,0.0,29000.0,"POLYGON ((-114.04971307272174 40.195371722485426, -113.76 40.00714530289552, -114.28953898579101 39.29865643309528, -114.63428019843704 39.70049993288545, -114.04971307272174 40.195371722485426))"
29W,2019-03-28 22:15:00+00:00,2019-03-29 00:55:00+00:00,0.0,24000.0,"POLYGON ((-121.62904359845264 39.62782677909802, -120.94527849571058 38.90901332333034, -121.30769052936161 37.97863514030038, -121.94178210095319 38.31201391284784, -121.62904359845264 39.62782677909802))"
31W,2019-03-28 22:15:00+00:00,2019-03-29 00:55:00+00:00,0.0,33000.0,"POLYGON ((-122.4085174199774 45.442446054616006, -120.03409706627073 45.376424723361104, -120.13877276835544 44.24411791202048, -122.98825131883383 44.11976576697888, -122.4085174199774 45.442446054616006))"
30W,2019-03-28 22:15:00+00:00,2019-03-29 00:55:00+00:00,0.0,29000.0,"POLYGON ((-114.04971307272174 40.195371722485426, -113.76 40.00714530289552, -114.28953898579101 39.29865643309528, -114.63428019843704 39.70049993288545, -114.04971307272174 40.195371722485426))"
ECHO 2,2019-03-28 22:30:00+00:00,2019-03-29 02:30:00+00:00,0.0,31000.0,"POLYGON ((172.15 43, 174.3 42, 165 34.15, 165 37, 172.15 43))"
LIMA 11,2019-03-28 22:35:00+00:00,2019-03-29 02:35:00+00:00,0.0,38000.0,"POLYGON ((-59.15 32.45, -57.15 30.15, -63.15 23.3, -68.15 22.15, -66.45 29.3, -59.15 32.45))"
55C,2019-03-28 22:55:00+00:00,2019-03-29 00:55:00+00:00,0.0,45000.0,"POLYGON ((-93.88018327802835 39.286838040909956, -91.76483115764017 39.16204101951247, -93.01219216111737 36.74475392361326, -95.7613665762566 38.263140596600905, -93.88018327802835 39.286838040909956))"
56C,2019-03-28 22:55:00+00:00,2019-03-29 00:55:00+00:00,0.0,44000.0,"POLYGON ((-94.98842622358823 39.75085154885125, -93.97355288643035 39.8757013530499, -93.74250702194537 39.60408734223145, -95.33760736257732 38.26695125345406, -96.02967656285381 39.28288589275387, -94.98842622358823 39.75085154885125))"
33W,2019-03-28 22:55:00+00:00,2019-03-29 00:55:00+00:00,0.0,29000.0,"POLYGON ((-122.4085174199774 45.442446054616006, -120.03409706627073 45.376424723361104, -120.13877276835544 44.24411791202048, -122.98825131883383 44.11976576697888, -122.4085174199774 45.442446054616006))"
58C,2019-03-28 22:55:00+00:00,2019-03-29 00:55:00+00:00,0.0,42000.0,"POLYGON ((-102.6428551108059 30.949562495703823, -102.50523035571555 30.54022379924319, -103.71368964015196 30.095333528543616, -103.83147511718543 30.40217369060485, -102.6428551108059 30.949562495703823))"
57C,2019-03-28 22:55:00+00:00,2019-03-29 00:55:00+00:00,0.0,36000.0,"POLYGON ((-102.76902270005931 31.703157094403018, -102.62124905041036 31.256186024035717, -103.2918429276982 31.060275538349707, -103.43459408028693 31.469153346940196, -102.76902270005931 31.703157094403018))"
54C,2019-03-28 22:55:00+00:00,2019-03-29 00:55:00+00:00,0.0,34000.0,"POLYGON ((-90.60922059728253 40.3592114110296, -88.16297794382697 39.95921881845106, -90.96056246028814 37.66774697755, -91.87771653320685 38.698850505365996, -90.60922059728253 40.3592114110296))"
32W,2019-03-28 22:55:00+00:00,2019-03-29 00:55:00+00:00,0.0,24000.0,"POLYGON ((-116.78192748652698 44.35965777544984, -116.19 43.98371281826269, -116.55924941535615 43.66005633675566, -117.81 44.11714530289553, -116.78192748652698 44.35965777544984))"
34W,2019-03-28 22:55:00+00:00,2019-03-29 00:55:00+00:00,0.0,33000.0,"POLYGON ((-114.04971307272174 40.195371722485426, -113.76 40.00714530289552, -114.28953898579101 39.29865643309528, -114.63428019843704 39.70049993288545, -114.04971307272174 40.195371722485426))"
63C,2019-03-28 23:55:00+00:00,2019-03-29 01:55:00+00:00,0.0,38000.0,"POLYGON ((-102.39803548748212 30.948696402189565, -102.16297931382807 30.241585849351253, -103.72981153691545 29.838701065520702, -103.41488849464936 30.489911477706066, -102.39803548748212 30.948696402189565))"
59C,2019-03-28 23:55:00+00:00,2019-03-29 01:55:00+00:00,0.0,31000.0,"POLYGON ((-89.2548735565723 40.544692326261334, -87.86390474327426 39.958953956748914, -90.47281398260259 38.130866430544664, -91.91705761580361 39.04489073426621, -89.2548735565723 40.544692326261334))"
60C,2019-03-28 23:55:00+00:00,2019-03-29 01:55:00+00:00,0.0,45000.0,"POLYGON ((-92.22 39.47547582294556, -90.47281398260259 38.130866430544664, -93.56883748728775 36.89864465938136, -94.94172145534311 38.62205792988006, -92.22 39.47547582294556))"
35W,2019-03-28 23:55:00+00:00,2019-03-29 01:55:00+00:00,0.0,28000.0,"POLYGON ((-116.67980957174483 43.90188024953338, -115.55580068442481 43.35724382604407, -116.19 42.88452417705443, -117.86999999999999 43.421844778681965, -116.67980957174483 43.90188024953338))"
36W,2019-03-28 23:55:00+00:00,2019-03-29 01:55:00+00:00,0.0,32000.0,"POLYGON ((-122.77148258002262 45.442446054616006, -120.03409706627073 45.376424723361104, -120.00418556732492 44.62470623373495, -122.89094655657884 44.354810229278144, -122.77148258002262 45.442446054616006))"
39W,2019-03-28 23:55:00+00:00,2019-03-29 01:55:00+00:00,0.0,30000.0,"POLYGON ((-123.69025003571362 46.18054622510988, -123.47510288038902 46.001260047582576, -123.60706350321729 45.34763718745018, -124.05999999999999 45.578213734418355, -123.69025003571362 46.18054622510988))"
64C,2019-03-28 23:55:00+00:00,2019-03-29 01:55:00+00:00,0.0,38000.0,"POLYGON ((-99.82 30.889141878841787, -98.30631668906017 30.65433015930736, -98.65172802438086 30.04056049730809, -100.12999668640123 30.488982733095373, -99.82 30.889141878841787))"
62C,2019-03-28 23:55:00+00:00,2019-03-29 01:55:00+00:00,0.0,41000.0,"POLYGON ((-102.31042289595432 31.90771601784349, -101.93052525190525 31.475471177288785, -103.10938277504222 31.217067845973446, -103.11008422981526 31.60280166655382, -102.31042289595432 31.90771601784349))"
61C,2019-03-28 23:55:00+00:00,2019-03-29 01:55:00+00:00,0.0,39000.0,"POLYGON ((-94.74 39.72371281826268, -93.8737124970061 39.56342119983033, -93.08036295268899 39.083475687273875, -94.88228451487069 38.57602954849358, -95.11358997070826 39.28940306699183, -94.74 39.72371281826268))"
38W,2019-03-28 23:55:00+00:00,2019-03-29 01:55:00+00:00,0.0,25000.0,"POLYGON ((-120.89276522031713 38.949306077332814, -120.01524836063992 38.86162608192732, -120.62219714531432 37.740168604558804, -121.32509008781275 37.62943754687755, -120.89276522031713 38.949306077332814))"
37W,2019-03-28 23:55:00+00:00,2019-03-29 01:55:00+00:00,0.0,28000.0,"POLYGON ((-112.50839835732393 40.682818109458275, -112.12569358478139 40.58277588413342, -112.51 39.733712818262674, -113.17538215528101 39.80924879855384, -112.50839835732393 40.682818109458275))"
4C,2019-03-29 00:55:00+00:00,2019-03-29 02:55:00+00:00,0.0,44000.0,"POLYGON ((-101.96360893871181 32.470913742071424, -101.81768828425619 31.24093132156994, -103.05435652025007 31.103683594920987, -103.04409877457267 31.869849829231605, -101.96360893871181 32.470913742071424))"
5C,2019-03-29 00:55:00+00:00,2019-03-29 02:55:00+00:00,0.0,36000.0,"POLYGON ((-102.20405280581647 30.947682516475272, -102.02796151273816 30.1230252703179, -103.4075812987304 29.82831901421994, -103.41696915255709 30.107919967433553, -102.20405280581647 30.947682516475272))"
2W,2019-03-29 00:55:00+00:00,2019-03-29 02:55:00+00:00,0.0,30000.0,"POLYGON ((-112.29215272324016 41.08486135849537, -111.76005921934443 40.84979113924018, -112.31358739137279 40.23469760465051, -112.75077473348728 40.25921934592611, -112.29215272324016 41.08486135849537))"
1W,2019-03-29 00:55:00+00:00,2019-03-29 02:55:00+00:00,0.0,29000.0,"POLYGON ((-116.84436466186082 44.018705755641065, -116.10193171412705 43.70367112890527, -116.3647969181497 43.24245668157649, -117.3376579829452 43.544259990068646, -116.84436466186082 44.018705755641065))"
2C,2019-03-29 00:55:00+00:00,2019-03-29 02:55:00+00:00,0.0,44000.0,"POLYGON ((-93.99283279622813 39.287612313698084, -91.87665156958296 38.92014776093868, -93.84368966864596 36.78394766071521, -94.83719203114421 37.15944702872854, -94.56755934813933 39.23454786808088, -93.99283279622813 39.287612313698084))"
1C,2019-03-29 00:55:00+00:00,2019-03-29 02:55:00+00:00,0.0,39000.0,"POLYGON ((-92.22 38.52085812115821, -90.90697566909307 37.88936755407407, -92.15978754428897 36.96694898122989, -93.84368966864596 36.78394766071521, -92.22 38.52085812115821))"
6C,2019-03-29 00:55:00+00:00,2019-03-29 02:55:00+00:00,0.0,40000.0,"POLYGON ((-99.34291620833649 31.00803827799785, -98.24549608152638 30.991413935956988, -98.26827197561913 30.04056049730809, -99.7011082297533 30.702173046724475, -99.34291620833649 31.00803827799785))"
3C,2019-03-29 00:55:00+00:00,2019-03-29 02:55:00+00:00,0.0,45000.0,"POLYGON ((-99.97090909090909 35.99719627264641, -99.7890909090909 35.99719627264641, -99.7890909090909 35.815378090828226, -99.97090909090909 35.815378090828226, -99.97090909090909 35.99719627264641))"
8C,2019-03-29 01:55:00+00:00,2019-03-29 03:55:00+00:00,0.0,44000.0,"POLYGON ((-93.21066134485365 39.12415958345098, -92.06927821778763 38.6922624889238, -93.53295635934862 36.719131705146665, -94.7070436406514 36.719131705146665, -93.21066134485365 39.12415958345098))"
7C,2019-03-29 01:55:00+00:00,2019-03-29 03:55:00+00:00,0.0,45000.0,"POLYGON ((-92.07853043043956 38.54278228688097, -90.77792669670745 37.6687326617491, -92.15978754428897 36.96694898122989, -93.33 36.926287181737315, -92.07853043043956 38.54278228688097))"
10C,2019-03-29 01:55:00+00:00,2019-03-29 03:55:00+00:00,0.0,38000.0,"POLYGON ((-98.98242193513745 31.312908419662534, -97.53 30.66914187884179, -97.99368668307152 30.213206649034444, -99.35367578103303 30.765143303423695, -98.98242193513745 31.312908419662534))"
9C,2019-03-29 01:55:00+00:00,2019-03-29 03:55:00+00:00,0.0,38000.0,"POLYGON ((-101.71830937893233 31.84315235736237, -101.22986228824497 31.091015800502575, -102.82416871311652 31.005231440417706, -102.78565173249547 31.350553063282423, -101.71830937893233 31.84315235736237))"
3W,2019-03-29 01:55:00+00:00,2019-03-29 03:55:00+00:00,0.0,25000.0,"POLYGON ((-111.8446460136047 40.952148057528106, -111.40663597548267 40.84858057956901, -111.98 40.41628718173732, -112.19810421279061 40.44909553536317, -111.8446460136047 40.952148057528106))"
LIMA 12,2019-03-29 02:30:00+00:00,2019-03-29 06:30:00+00:00,,,"POLYGON ((-58.45 33.15, -57.15 29.3, -68 19, -70.15 20.15, -67 24.15, -69.15 29.3, -58.45 33.15))"
12C,2019-03-29 02:55:00+00:00,2019-03-29 04:55:00+00:00,0.0,44000.0,"POLYGON ((-92.22 38.81, -90.47281398260259 38.130866430544664, -93.33 36.69452417705442, -94.43830478675301 36.864399162009214, -92.22 38.81))"
11C,2019-03-29 02:55:00+00:00,2019-03-29 04:55:00+00:00,0.0,33000.0,"POLYGON ((-90.52630483043642 37.43434763840233, -90.23 37.17089313279082, -92.09707481737732 36.48654279794418, -92.17564338928928 36.97237909931712, -90.52630483043642 37.43434763840233))"
14C,2019-03-29 02:55:00+00:00,2019-03-29 04:55:00+00:00,0.0,33000.0,"POLYGON ((-98.98242193513745 31.312908419662534, -97.53 30.813712818262683, -97.84000083167903 30.490283930826017, -99.34291620833649 31.00803827799785, -98.98242193513745 31.312908419662534))"
13C,2019-03-29 02:55:00+00:00,2019-03-29 04:55:00+00:00,0.0,44000.0,"POLYGON ((-100.93101246755236 31.77801136569521, -101.07425823253564 31.14718849415423, -102.4742845959073 30.949015620762108, -101.99511387764633 31.609152538286697, -100.93101246755236 31.77801136569521))"
4W,2019-03-29 02:55:00+00:00,2019-03-29 04:55:00+00:00,0.0,25000.0,"POLYGON ((-111.43606050741332 41.25763530848458, -111.0934441591525 41.123238744998105, -111.62743897608222 40.73881301824929, -111.80357187620307 40.79454064033601, -111.43606050741332 41.25763530848458))"
PAPA 1,2019-03-29 03:25:00+00:00,2019-03-29 07:25:00+00:00,0.0,44000.0,"POLYGON ((-147.4 30.3, -144.4 30.3, -148.1 27.3, -147.4 30.3))"
16C,2019-03-29 03:55:00+00:00,2019-03-29 05:55:00+00:00,0.0,39000.0,"POLYGON ((-92.22 38.14452417705443, -90.65036303972171 37.669254075316225, -90.5491014928581 37.05474913536524, -94.12 36.58273791147278, -92.22 38.14452417705443))"
17C,2019-03-29 03:55:00+00:00,2019-03-29 05:55:00+00:00,0.0,33000.0,"POLYGON ((-98.20815107746711 31.32461769646743, -97.748303144844 31.25019924335483, -97.72318699323843 30.780556322779333, -98.30631668906017 30.65433015930736, -98.20815107746711 31.32461769646743))"
18C,2019-03-29 04:55:00+00:00,2019-03-29 06:55:00+00:00,0.0,35000.0,"POLYGON ((-91.62007555013886 38.33789878705725, -89.45060346902402 37.92210618444479, -89.32 36.851844778681965, -93.96148035609225 36.557305335330014, -91.62007555013886 38.33789878705725))"
19C,2019-03-29 04:55:00+00:00,2019-03-29 06:55:00+00:00,0.0,38000.0,"POLYGON ((-98.89263092342858 31.65281068444806, -97.49329124912282 31.19869088221955, -97.25661119112638 30.614996689929352, -98.423747762806 30.695292284022866, -98.89263092342858 31.65281068444806))"
20C,2019-03-29 05:55:00+00:00,2019-03-29 07:55:00+00:00,0.0,38000.0,"POLYGON ((-89.48094385864721 38.25584298855346, -89.32 36.851844778681965, -91.38489402586352 35.756291015815584, -91.53597742510217 36.5791390401417, -93.33 36.69452417705442, -91.49102152831092 37.66328709864097, -89.48094385864721 38.25584298855346))"
22C,2019-03-29 05:55:00+00:00,2019-03-29 07:55:00+00:00,0.0,34000.0,"POLYGON ((-101.69 39.823712818262685, -101.82208038684286 39.287698188851756, -103.04527670094573 38.86729766992399, -103.18 39.43714530289552, -103.03578360249396 39.892778092230536, -101.69 39.823712818262685))"
21C,2019-03-29 05:55:00+00:00,2019-03-29 07:55:00+00:00,0.0,37000.0,"POLYGON ((-99.25749891665602 31.967428111878395, -97.89917146352288 31.879756724646285, -97.27206030160096 30.914011269540946, -98.12561529316277 30.889785047747328, -99.25749891665602 31.967428111878395))"
LIMA 13,2019-03-29 06:15:00+00:00,2019-03-29 10:15:00+00:00,0.0,35000.0,"POLYGON ((-66.15 31.45, -64.45 29.15, -67 27.3, -68.3 30.15, -66.15 31.45))"
PAPA 2,2019-03-29 06:35:00+00:00,2019-03-29 10:35:00+00:00,0.0,44000.0,"POLYGON ((-145.5 30.3, -142.3 30.3, -142.5 28.1, -145.5 25.3, -148 25.4, -145.5 30.3))"
23C,2019-03-29 06:55:00+00:00,2019-03-29 08:55:00+00:00,0.0,35000.0,"POLYGON ((-89.49943753971188 37.66774697755, -88.83539251657837 36.95399259293308, -91.1544032115665 35.70912768372638, -90.95 36.68828375768358, -92.56456125922143 36.744162882918744, -90.77792669670745 37.6687326617491, -89.49943753971188 37.66774697755))"
25C,2019-03-29 06:55:00+00:00,2019-03-29 08:55:00+00:00,0.0,30000.0,"POLYGON ((-102.48320829639154 39.93660843622842, -101.47399823979363 39.79049929416052, -101.55753204074936 39.49215204421651, -101.95377517655804 39.18524759133156, -102.82155416982388 39.4916138636283, -102.48320829639154 39.93660843622842))"
24C,2019-03-29 06:55:00+00:00,2019-03-29 08:55:00+00:00,0.0,36000.0,"POLYGON ((-99.07077032781568 32.20091175217708, -98.05693125775515 31.934211071424663, -97.39962432749827 31.392802205184726, -97.8961816667922 31.437171228573096, -99.07077032781568 32.20091175217708))"
26C,2019-03-29 07:55:00+00:00,2019-03-29 09:55:00+00:00,0.0,35000.0,"POLYGON ((-88.49982072569345 37.339472839695034, -88.23833976923963 37.00679732422311, -89.47805046428353 36.32730621299748, -92.28932923227913 36.5482291312977, -90.46981515099104 37.208641955032, -88.49982072569345 37.339472839695034))"
29C,2019-03-29 07:55:00+00:00,2019-03-29 09:55:00+00:00,0.0,26000.0,"POLYGON ((-101.19541269311324 40.38942541845226, -100.37218187108898 40.199795881966224, -100.89157336276338 39.641943189327925, -101.88870052043805 39.32616429923973, -102.10650759862449 40.15778610854776, -101.19541269311324 40.38942541845226))"
28C,2019-03-29 07:55:00+00:00,2019-03-29 09:55:00+00:00,0.0,42000.0,"POLYGON ((-97.53150297273851 32.19399812054296, -97.10015201857354 31.659887527430918, -97.77954065477026 31.658987756075906, -99.2282267770388 32.25712182242798, -97.53150297273851 32.19399812054296))"
27C,2019-03-29 07:55:00+00:00,2019-03-29 09:55:00+00:00,0.0,39000.0,"POLYGON ((-90.2868275635228 36.32947421129509, -89.45727162341282 36.28705414905646, -90.14320434615749 35.07521568826375, -91.45352809725819 35.70003617399726, -90.2868275635228 36.32947421129509))"
32C,2019-03-29 08:55:00+00:00,2019-03-29 10:55:00+00:00,0.0,36000.0,"POLYGON ((-97.7357208626564 32.279868995944135, -97.27 31.99273791147279, -97.99429550319113 31.91262197178591, -99.13324003092005 32.223244372259146, -97.7357208626564 32.279868995944135))"
31C,2019-03-29 08:55:00+00:00,2019-03-29 10:55:00+00:00,0.0,35000.0,"POLYGON ((-89.5575434376016 36.480880923760125, -88.58727546766781 36.60598089917474, -89.75440322473392 35.666293605467956, -90.80460249689745 35.99227149758976, -89.5575434376016 36.480880923760125))"
33C,2019-03-29 08:55:00+00:00,2019-03-29 10:55:00+00:00,0.0,28000.0,"POLYGON ((-100.59 40.69910686720918, -99.78202973047624 40.45186360664409, -100.18828030310573 40.071971730078126, -101.09172274077874 39.579470101760336, -101.39797026952377 40.45186360664409, -100.59 40.69910686720918))"
30C,2019-03-29 08:55:00+00:00,2019-03-29 10:55:00+00:00,0.0,30000.0,"POLYGON ((-88.08020189528952 37.314745089157235, -87.48058394198044 36.925461404494385, -88.58727546766781 36.60598089917474, -91.18781996206134 36.57088014937359, -89.91089850714192 37.05474913536524, -88.08020189528952 37.314745089157235))"
LIMA 14,2019-03-29 09:45:00+00:00,2019-03-29 13:45:00+00:00,0.0,35000.0,"POLYGON ((-64.45 31.45, -62.45 31.3, -65.3 27.15, -67.15 28, -64.45 31.45))"
37C,2019-03-29 09:55:00+00:00,2019-03-29 11:55:00+00:00,0.0,32000.0,"POLYGON ((-99.37578812332485 40.5756759355119, -98.85201995983138 40.456671218088836, -100.34161787620462 39.7386190093792, -100.75747184503714 40.50728937645163, -99.37578812332485 40.5756759355119))"
35C,2019-03-29 09:55:00+00:00,2019-03-29 11:55:00+00:00,0.0,35000.0,"POLYGON ((-90.95 35.44452417705444, -89.79216900277056 35.08352198604896, -90.66500476098139 34.2279306828508, -91.61797451457622 34.869711043060946, -90.95 35.44452417705444))"
34C,2019-03-29 09:55:00+00:00,2019-03-29 11:55:00+00:00,0.0,32000.0,"POLYGON ((-87.76 37.43089313279082, -87.01829145522811 37.119599691876296, -89.32 35.68726208852722, -90.38062277967303 35.91765186208282, -87.76 37.43089313279082))"
38C,2019-03-29 09:55:00+00:00,2019-03-29 11:55:00+00:00,0.0,36000.0,"POLYGON ((-101.70848079863258 41.046029374578346, -101.10362636699398 40.93880922045517, -102.65697790868556 39.992847152478575, -103.32535569610518 40.4270415783492, -101.70848079863258 41.046029374578346))"
36C,2019-03-29 09:55:00+00:00,2019-03-29 11:55:00+00:00,0.0,32000.0,"POLYGON ((-97.99057901676797 32.53445336186845, -96.93030485953557 31.659550111256635, -97.52851279683517 31.12547475303337, -98.83176335860159 32.475820289140486, -97.99057901676797 32.53445336186845))"
PAPA 3,2019-03-29 10:10:00+00:00,2019-03-29 14:10:00+00:00,0.0,43000.0,"POLYGON ((-144.4 30.3, -140.5 30.3, -142.2 27.1, -146.3 27.1, -144.4 30.3))"
42C,2019-03-29 10:55:00+00:00,2019-03-29 12:55:00+00:00,,,"POLYGON ((-97.38586969569744 38.84769322766121, -97.67683341945697 37.71914681040273, -97.48001098465757 37.69566322057891, -97.44753242111743 35.50461078018226, -97.48316658054303 37.66921530226324, -97.1922028567835 38.79776171952172, -97.64751045180229 35.50164645169041, -97.67998901534243 37.69269889208706, -97.38586969569744 38.84769322766121))"
40C,2019-03-29 10:55:00+00:00,2019-03-29 12:55:00+00:00,0.0,32000.0,"POLYGON ((-90.13607139206438 35.32730996982709, -89.37056159140822 35.01847672938205, -90.84712562975027 33.92927312269615, -90.99570825666942 35.01576881035552, -90.13607139206438 35.32730996982709))"
41C,2019-03-29 10:55:00+00:00,2019-03-29 12:55:00+00:00,0.0,33000.0,"POLYGON ((-97.45853024888417 32.51638078898611, -96.17056413645045 30.66330160295102, -97.25661119112638 30.614996689929352, -98.10562910184912 32.36312409063965, -97.45853024888417 32.51638078898611))"
39C,2019-03-29 10:55:00+00:00,2019-03-29 12:55:00+00:00,0.0,32000.0,"POLYGON ((-87.08469575162376 37.70676821432096, -86.09673334958032 37.68995732832941, -88.49720782802952 35.74056185687759, -90.95 35.96542906057911, -87.08469575162376 37.70676821432096))"
43C,2019-03-29 10:55:00+00:00,2019-03-29 12:55:00+00:00,0.0,37000.0,"POLYGON ((-101.46082375225528 41.26911997197461, -100.94170356340109 41.049841168360096, -102.42334647532836 40.15753740436445, -102.83375844095434 40.83277507284669, -101.46082375225528 41.26911997197461))"
QUEBEC 1,2019-03-29 11:09:00+00:00,2019-03-29 15:09:00+00:00,0.0,40000.0,"POLYGON ((-137.3 25.1, -137 13.5, -151 14.5, -148.5 21.4, -137.3 25.1))"
48C,2019-03-29 11:55:00+00:00,2019-03-29 13:55:00+00:00,,,"POLYGON ((-97.21386838087777 38.95641946849986, -97.59526766280625 37.62275805379715, -97.39914021661154 37.59717126273732, -97.35496575980012 35.28341225690773, -97.40297632965199 37.56776675272359, -97.02157704772351 38.9014281674263, -97.55492931903528 35.27959453795383, -97.5991037758467 37.59335354378342, -97.21386838087777 38.95641946849986))"
44C,2019-03-29 11:55:00+00:00,2019-03-29 13:55:00+00:00,0.0,34000.0,"POLYGON ((-89.75831165430297 36.37212576384307, -86.87048253253573 36.20351588313664, -87.62777489330361 35.81792757448312, -90.57010637933418 35.98206671673675, -89.75831165430297 36.37212576384307))"
45C,2019-03-29 11:55:00+00:00,2019-03-29 13:55:00+00:00,0.0,28000.0,"POLYGON ((-89.84444473408051 35.287056983055166, -89.09736455539952 35.01680489941045, -90.28 34.03828375768358, -90.63060923258503 34.79696286050115, -89.84444473408051 35.287056983055166))"
47C,2019-03-29 11:55:00+00:00,2019-03-29 13:55:00+00:00,0.0,35000.0,"POLYGON ((-93.96621216062753 38.67774722664037, -92.61188458841984 38.50266285889733, -92.81272329315368 37.767784777788584, -93.61042449371864 37.89393456187736, -93.96621216062753 38.67774722664037))"
49C,2019-03-29 11:55:00+00:00,2019-03-29 13:55:00+00:00,0.0,33000.0,"POLYGON ((-100.75 41.33914187884179, -100.0666712961349 40.03284548493857, -102.3026050549196 40.433320489016545, -102.62610561572981 40.98880826741409, -100.75 41.33914187884179))"
46C,2019-03-29 11:55:00+00:00,2019-03-29 13:55:00+00:00,0.0,33000.0,"POLYGON ((-96.52362041457309 32.86893926935273, -94.72 30.72628718173732, -95.58647536663014 30.16424304415326, -97.77954065477026 31.658987756075906, -96.52362041457309 32.86893926935273))"
FOXTROT 1,2019-03-29 12:15:00+00:00,2019-03-29 16:15:00+00:00,31000.0,39000.0,"POLYGON ((-173.3 46, -169 45.45, -169.15 41.45, -168.15 37.3, -172.45 36.45, -174.15 41.15, -173.3 46))"
ALFA 1,2019-03-29 12:25:00+00:00,2019-03-29 16:25:00+00:00,,,"POLYGON ((-59 33, -54.45 30.45, -58.3 25.45, -64.45 21.3, -67.3 21.15, -62 27.3, -59 33))"
50C,2019-03-29 12:55:00+00:00,2019-03-29 14:55:00+00:00,,,"POLYGON ((-96.27281650560151 39.99871329297488, -97.61278427090078 38.73891523347252, -97.99958510394906 38.94840322085119, -96.14718349439848 39.84309727035492, -97.5023445705722 38.74903919202554, -97.90433871449495 39.1242671605772, -97.51753788144667 38.91477917319853, -97.62797758177524 38.90465521464551, -96.27281650560151 39.99871329297488))"
52C,2019-03-29 12:55:00+00:00,2019-03-29 14:55:00+00:00,0.0,32000.0,"POLYGON ((-95.14678819030364 33.22077604105978, -94.88146997461016 32.68706403797045, -95.11207702058047 32.112800669471255, -96.00726553623181 32.865757214318535, -95.14678819030364 33.22077604105978))"
51C,2019-03-29 12:55:00+00:00,2019-03-29 14:55:00+00:00,0.0,45000.0,"POLYGON ((-96.73222946971424 38.023593436432385, -95.40716684036404 36.75912091203401, -96.90068661444205 34.743970776965554, -97.39738595328767 34.99913216218724, -97.32213496754666 37.5452645790444, -96.73222946971424 38.023593436432385))"
LIMA 15,2019-03-29 13:25:00+00:00,2019-03-29 17:25:00+00:00,0.0,36000.0,"POLYGON ((-61.45 33, -62.45 27, -66 24.15, -66.3 32.3, -61.45 33))"
ROMEO 1,2019-03-29 13:33:00+00:00,2019-03-29 17:35:00+00:00,0.0,55000.0,"POLYGON ((158 3.1, 160 2.3, 157.3 0, 155.5 1.2, 155.5 3.1, 158 3.1))"
SIERRA 1,2019-03-29 13:36:00+00:00,2019-03-29 17:35:00+00:00,0.0,55000.0,"POLYGON ((142.2 5.3, 144.4 3.4, 141 2.3, 141 3.3, 138.5 3.3, 140 5, 142.2 5.3))"
PAPA 4,2019-03-29 13:45:00+00:00,2019-03-29 17:45:00+00:00,0.0,45000.0,"POLYGON ((-143.5 33, -140.5 33, -142.5 26.4, -146.4 26.2, -143.5 30, -143.5 33))"
56C,2019-03-29 13:55:00+00:00,2019-03-29 15:55:00+00:00,,,"POLYGON ((-97.28566938572116 31.92622155320045, -95.04548108601884 32.28163565020171, -95.12561703225931 32.21152992951527, -95.7198049247832 30.22519526027976, -95.53656125329915 30.24505982810753, -95.38155830620607 29.96574813486149, -95.0141423145765 32.08410620580294, -97.25433061427883 31.72869210880168, -95.52819426085992 30.16787725725386, -94.93400636833603 32.15421192648937, -95.55643498525089 29.86870099618005, -95.71143793234397 30.14801268942609, -97.28566938572116 31.92622155320045))"
54C,2019-03-29 13:55:00+00:00,2019-03-29 15:55:00+00:00,0.0,45000.0,"POLYGON ((-96.24470233282456 37.978920833948955, -94.96178535498271 36.698646392483575, -96.3431923544608 35.03970284743189, -97.44437933926073 35.09249033409352, -96.73838287729184 37.74700775021389, -96.24470233282456 37.978920833948955))"
53C,2019-03-29 13:55:00+00:00,2019-03-29 15:55:00+00:00,0.0,39000.0,"POLYGON ((-99.17210537583018 40.63704720677425, -97.0119238345671 39.94256117660805, -96.97841432909453 38.92824405714463, -99.9816818810122 39.72085183072273, -99.17210537583018 40.63704720677425))"
55C,2019-03-29 13:55:00+00:00,2019-03-29 15:55:00+00:00,0.0,34000.0,"POLYGON ((-94.93693092541906 33.5069808573415, -93.87569791431133 32.63641672031332, -94.62903505735207 32.3177151081956, -95.35896950526971 32.929672374570146, -94.93693092541906 33.5069808573415))"
57C,2019-03-29 14:55:00+00:00,2019-03-29 16:55:00+00:00,0.0,45000.0,"POLYGON ((-98.85201995983138 40.456671218088836, -97.21145648138393 39.87734114716339, -95.7613665762566 38.263140596600905, -96.3176168481689 37.7432677027057, -99.7880761654329 39.94256117660805, -98.85201995983138 40.456671218088836))"
58C,2019-03-29 14:55:00+00:00,2019-03-29 16:55:00+00:00,0.0,45000.0,"POLYGON ((-95.54949252698144 38.26523641987832, -94.62286532551744 36.96759931321484, -95.20329386363116 35.319203887459075, -97.31219571887769 35.164377114637915, -96.0940458238549 37.86249922665505, -95.54949252698144 38.26523641987832))"
59C,2019-03-29 14:55:00+00:00,2019-03-29 16:55:00+00:00,0.0,34000.0,"POLYGON ((-96.9470023330387 32.47304903614856, -96.70540393422839 31.86186965494544, -96.891399268151 31.78834594612294, -97.13299766696132 32.39952532732607, -96.9470023330387 32.47304903614856))"
60C,2019-03-29 15:55:00+00:00,2019-03-29 17:55:00+00:00,0.0,45000.0,"POLYGON ((-97.28742261194004 41.043149010792476, -95.17257522532977 38.489325327432645, -96.48300069782773 37.74491620256507, -98.85885440880726 40.44390727081465, -97.28742261194004 41.043149010792476))"
61C,2019-03-29 15:55:00+00:00,2019-03-29 17:55:00+00:00,0.0,45000.0,"POLYGON ((-95.17257522532977 38.489325327432645, -93.93757708229974 38.268705001323106, -93.6064599927366 36.82541280941731, -95.4540497463201 34.96021520741663, -96.94276588653378 35.6195213430634, -95.17257522532977 38.489325327432645))"
FOXTROT 2,2019-03-29 16:00:00+00:00,2019-03-29 20:00:00+00:00,31000.0,39000.0,"POLYGON ((-172.15 44.3, -167.3 44.3, -167.45 40.3, -166 36, -170.3 35.15, -172.45 40.45, -172.15 44.3))"
63C,2019-03-29 16:55:00+00:00,2019-03-29 18:55:00+00:00,0.0,43000.0,"POLYGON ((-94.03827854465689 38.62205792988006, -92.88227153159998 36.24362461849089, -93.80668129572626 34.46688303394483, -95.20329386363116 35.319203887459075, -95.28005063416958 37.31367797604457, -94.03827854465689 38.62205792988006))"
62C,2019-03-29 16:55:00+00:00,2019-03-29 18:55:00+00:00,0.0,44000.0,"POLYGON ((-96.36964182850062 41.63885506453588, -94.74 39.123631044263604, -95.76734883622014 38.234590274850824, -97.21145648138393 39.87734114716339, -99.43377427288895 40.551395259360966, -96.36964182850062 41.63885506453588))"
LIMA 16,2019-03-29 16:55:00+00:00,2019-03-29 20:55:00+00:00,0.0,43000.0,"POLYGON ((-58 32.45, -59.3 25, -65 20.3, -66.45 24, -63.3 31.15, -58 32.45))"
SIERRA 2,2019-03-29 17:16:00+00:00,2019-03-29 21:15:00+00:00,,,"POLYGON ((140.3 6.4, 145 4.2, 139.4 4.5, 140.3 6.4))"
SIERRA 2,2019-03-29 17:30:00+00:00,2019-03-29 21:30:00+00:00,,,"POLYGON ((140.3 6.4, 145 4.2, 139.4 4.5, 140.3 6.4))"
66C,2019-03-29 17:55:00+00:00,2019-03-29 19:55:00+00:00,,,"POLYGON ((-94.61596163528414 32.44289687047615, -94.79910646905633 32.33965547982135, -94.84756937747873 32.27445701344512, -95.0486739759148 31.37905727992494, -94.70089353094367 32.16543085817652, -94.51774869717148 32.26867224883133, -94.85353522095733 31.33522959103257, -94.65243062252127 32.23062932455274, -94.61596163528414 32.44289687047615))"
64C,2019-03-29 17:55:00+00:00,2019-03-29 19:55:00+00:00,0.0,40000.0,"POLYGON ((-96.54648479509324 40.81433477693401, -94.5814460172763 40.73037677179146, -94.28628429802582 38.936195495893685, -95.33760736257732 38.26695125345406, -96.55072191766307 38.92512254310652, -96.54648479509324 40.81433477693401))"
65C,2019-03-29 17:55:00+00:00,2019-03-29 19:55:00+00:00,0.0,43000.0,"POLYGON ((-93.9042144296635 38.07754216105279, -91.56778457425219 36.10841422826572, -92.98922648406473 34.67732604716009, -94.88222130895115 35.38845570333679, -95.6439980970518 36.31755201006242, -93.9042144296635 38.07754216105279))"
GOLF 1,2019-03-29 18:10:00+00:00,2019-03-29 22:10:00+00:00,0.0,44000.0,"POLYGON ((-140.15 37.45, -137.3 35.3, -139 30, -143 30, -142.3 36.3, -140.15 37.45))"
69C,2019-03-29 18:55:00+00:00,2019-03-29 20:55:00+00:00,,,"POLYGON ((-93.7463656996453 32.80798176948723, -93.97034993201682 32.64444268681396, -93.99388057606973 32.62019398791133, -94.80249899039968 31.43979052126604, -93.85241323932327 32.48291579581277, -93.62842900695175 32.64645487848604, -94.63750100960031 31.32676102807011, -93.82888259527036 32.5071644947154, -93.7463656996453 32.80798176948723))"
67C,2019-03-29 18:55:00+00:00,2019-03-29 20:55:00+00:00,0.0,41000.0,"POLYGON ((-93.65 40.774524177054424, -93.4503234371462 39.28288589275387, -94.49 38.6027379114728, -96.97841432909453 38.92824405714463, -95.74 40.67089313279082, -93.65 40.774524177054424))"
68C,2019-03-29 18:55:00+00:00,2019-03-29 20:55:00+00:00,0.0,38000.0,"POLYGON ((-93.91161127432188 37.5495776643868, -92.74838872567811 37.5495776643868, -91.24210614304725 36.34492711131926, -92.18 34.347262088527216, -94.42560158176954 35.082490370974774, -93.91161127432188 37.5495776643868))"
71C,2019-03-29 19:55:00+00:00,2019-03-29 21:55:00+00:00,,,"POLYGON ((-90.12235283212462 37.56367110640127, -90.3376471678754 37.56367110640127, -90.42426235731865 37.51364919117559, -91.11609359394554 36.31466179712496, -90.3376471678754 37.36367110640127, -90.12235283212462 37.36367110640127, -90.94286321505903 36.21470562757632, -90.25103197843215 37.41369302162695, -90.12235283212462 37.56367110640127))"
72C,2019-03-29 19:55:00+00:00,2019-03-29 21:55:00+00:00,0.0,36000.0,"POLYGON ((-92.98202410595856 35.862601163817615, -92.18 35.844582690154745, -92.75549882678258 35.14921248092541, -94.12590628676044 35.272273795047624, -92.98202410595856 35.862601163817615))"
70C,2019-03-29 19:55:00+00:00,2019-03-29 21:55:00+00:00,0.0,39000.0,"POLYGON ((-94.15246894556365 40.516668912916806, -92.59 39.79726208852722, -93.0739939041142 38.80689172102783, -95.04298285474115 39.05432549024071, -97.51681698504989 40.192652318548085, -94.15246894556365 40.516668912916806))"
LIMA 17,2019-03-29 20:50:00+00:00,2019-03-30 00:50:00+00:00,0.0,43000.0,"POLYGON ((-56.3 33.3, -58.15 26.45, -62.15 23.45, -65.15 23.45, -60.45 31.45, -56.3 33.3))"
74C,2019-03-29 20:55:00+00:00,2019-03-29 22:55:00+00:00,0.0,40000.0,"POLYGON ((-94.52203166290434 40.781563850376266, -93.54193043867963 39.66587754378768, -94.28628429802582 38.936195495893685, -96.36428875322156 40.31753829731647, -94.52203166290434 40.781563850376266))"
79C,2019-03-29 20:55:00+00:00,2019-03-29 22:55:00+00:00,0.0,34000.0,"POLYGON ((-93.19128242127205 37.0927866203999, -92.56456125922143 36.744162882918744, -93.45563184740719 36.469464816598496, -93.53770969906205 36.95911960125222, -93.19128242127205 37.0927866203999))"
73C,2019-03-29 20:55:00+00:00,2019-03-29 22:55:00+00:00,0.0,38000.0,"POLYGON ((-92.59 40.41914187884179, -91.67769228401433 39.542638173628404, -92.9077595971938 39.029286717941666, -93.2910363983401 40.349189793754064, -92.59 40.41914187884179))"
80C,2019-03-29 20:55:00+00:00,2019-03-29 22:55:00+00:00,0.0,37000.0,"POLYGON ((-103.96674076343277 39.58663418659368, -103.53844583017613 39.4916138636283, -104.14594980804895 38.823923279548055, -104.66000000000001 39.23171624231643, -103.96674076343277 39.58663418659368))"
76C,2019-03-29 20:55:00+00:00,2019-03-29 22:55:00+00:00,0.0,33000.0,"POLYGON ((-92.76036493611234 31.79400226855091, -92.62981031167267 31.52706705297966, -93.17648818751815 31.258228469130618, -93.28354108264016 31.534248635523515, -92.76036493611234 31.79400226855091))"
75C,2019-03-29 20:55:00+00:00,2019-03-29 22:55:00+00:00,0.0,43000.0,"POLYGON ((-95.77891872100993 38.26294988058969, -94.52765468200226 37.3794029089737, -94.86529839614623 37.04887929201473, -96.66582112287232 37.74646952745947, -95.77891872100993 38.26294988058969))"
78C,2019-03-29 20:55:00+00:00,2019-03-29 22:55:00+00:00,0.0,31000.0,"POLYGON ((-90.2868275635228 36.32947421129509, -89.70065820599903 36.32608070847165, -89.65074096227957 36.13019599780699, -90.41315711226522 36.108802543230894, -90.2868275635228 36.32947421129509))"
77C,2019-03-29 20:55:00+00:00,2019-03-29 22:55:00+00:00,0.0,31000.0,"POLYGON ((-88.32499999589767 36.34784649060978, -87.75406333594599 36.135205082073035, -88.42630080833382 36.01668476519175, -88.60503342840734 36.01787822352528, -88.32499999589767 36.34784649060978))"
SIERRA 3,2019-03-29 20:55:00+00:00,2019-03-30 01:00:00+00:00,0.0,59000.0,"POLYGON ((140.3 7.5, 145.5 4.5, 138.5 4.5, 140.3 7.5))"
82C,2019-03-29 21:55:00+00:00,2019-03-29 23:55:00+00:00,0.0,41000.0,"POLYGON ((-95.1193378296091 40.69776498534237, -93.80294383389608 40.5056916370285, -94.98842622358823 39.75085154885125, -96.8634438951276 40.198162970143144, -95.1193378296091 40.69776498534237))"
81C,2019-03-29 21:55:00+00:00,2019-03-29 23:55:00+00:00,0.0,33000.0,"POLYGON ((-91.69936202046337 40.61777387118018, -91.19688471396711 40.00367525106616, -91.91705761580361 39.04489073426621, -92.67516884235984 39.16204101951247, -91.69936202046337 40.61777387118018))"
83C,2019-03-29 21:55:00+00:00,2019-03-29 23:55:00+00:00,0.0,45000.0,"POLYGON ((-95.17257522532977 38.489325327432645, -94.27975130495624 37.86911354871489, -94.00018332776118 37.136807504186685, -96.73222946971424 38.023593436432385, -95.17257522532977 38.489325327432645))"
85C,2019-03-29 21:55:00+00:00,2019-03-29 23:55:00+00:00,0.0,37000.0,"POLYGON ((-103.57948253865524 39.85263067248394, -103.18 39.58171624231642, -103.90606572677103 38.697746390683385, -104.78572748531239 38.95729593751739, -103.57948253865524 39.85263067248394))"
87C,2019-03-29 21:55:00+00:00,2019-03-29 23:55:00+00:00,0.0,29000.0,"POLYGON ((-109.27538345940728 40.22706406692519, -109.0935652775891 40.22706406692519, -109.0935652775891 40.045245885107, -109.27538345940728 40.045245885107, -109.27538345940728 40.22706406692519))"
84C,2019-03-29 21:55:00+00:00,2019-03-29 23:55:00+00:00,0.0,31000.0,"POLYGON ((-92.83060665068379 31.555140912817905, -92.6487884688656 31.555140912817905, -92.6487884688656 31.373322730999725, -92.83060665068379 31.373322730999725, -92.83060665068379 31.555140912817905))"
86C,2019-03-29 21:55:00+00:00,2019-03-29 23:55:00+00:00,0.0,30000.0,"POLYGON ((-105.26666629104538 40.99351384237944, -105.0848481092272 40.99351384237944, -105.0848481092272 40.811695660561256, -105.26666629104538 40.811695660561256, -105.26666629104538 40.99351384237944))"
88C,2019-03-29 22:55:00+00:00,2019-03-30 00:55:00+00:00,,,"POLYGON ((-92.39095199940222 31.43751537735105, -92.3814506807562 31.24594053630202, -92.30136332349647 31.18172045018164, -92.42419997213496 31.24029830834038, -92.3355159869478 31.22534745882149, -92.17624596314693 31.33775136423127, -92.25633332040665 31.40197145035165, -92.30226801421506 31.42256452783217, -92.39095199940222 31.43751537735105))"
91C,2019-03-29 22:55:00+00:00,2019-03-30 00:55:00+00:00,,,"POLYGON ((-95.61511153316314 41.0656558589451, -95.99769066796081 40.16436459683677, -96.25214216844195 40.13991685369469, -95.44642723020678 40.95820537762403, -95.92291249035466 40.2101809575486, -96.27127011618602 40.33900005643942, -96.01681861570488 40.3634477995815, -96.09159679331103 40.31763143886967, -95.61511153316314 41.0656558589451))"
93C,2019-03-29 22:55:00+00:00,2019-03-30 00:55:00+00:00,,,"POLYGON ((-103.410183907536 37.41690968214387, -102.6745576334206 37.87792375309404, -102.5661372846491 37.89486969204021, -103.2708695621048 37.2734122495638, -102.6203428272844 37.90497550904188, -102.5970220178079 38.09247063651596, -102.7054423665794 38.0755246975698, -102.7596571727156 38.04847294162196, -103.410183907536 37.41690968214387))"
90C,2019-03-29 22:55:00+00:00,2019-03-30 00:55:00+00:00,0.0,45000.0,"POLYGON ((-95.066194712055 38.67472345586934, -92.62418464408016 38.040775832978476, -93.56883748728775 36.89864465938136, -95.94386493464518 37.74588626897627, -95.066194712055 38.67472345586934))"
5W,2019-03-29 22:55:00+00:00,2019-03-30 00:55:00+00:00,0.0,26000.0,"POLYGON ((-124.27793927582157 48.064179712020874, -123.29385247007055 47.43579152988767, -123.47210436208987 47.13900446562461, -124.15 47.28273791147279, -124.27793927582157 48.064179712020874))"
89C,2019-03-29 22:55:00+00:00,2019-03-30 00:55:00+00:00,0.0,40000.0,"POLYGON ((-94.08742952505877 40.63776899444193, -93.65 40.57257436347463, -94.451859264191 39.82391081428245, -94.74 39.868283757683564, -94.08742952505877 40.63776899444193))"
92C,2019-03-29 22:55:00+00:00,2019-03-30 00:55:00+00:00,0.0,38000.0,"POLYGON ((-103.46731229263713 39.62537894874926, -103.18 39.43714530289552, -104.2173590284072 38.69050698890986, -104.95393427322898 38.697746390683385, -103.46731229263713 39.62537894874926))"
6W,2019-03-29 22:55:00+00:00,2019-03-30 00:55:00+00:00,0.0,26000.0,"POLYGON ((-123.93821726569473 46.949804749256124, -121.9860905762663 46.90527603729029, -122.29592058272357 45.95407790675231, -123.829012826491 46.415283796645646, -123.93821726569473 46.949804749256124))"
97C,2019-03-29 23:55:00+00:00,2019-03-30 01:55:00+00:00,,,"POLYGON ((-93.66578413721952 41.31547067343125, -95.44231474969344 41.03150093576804, -95.49349520760171 41.00702253597598, -96.24897642935257 40.32583465916684, -95.41074647525441 40.83400803956936, -93.6342158627805 41.11797777723257, -96.115047239097 40.17729856255229, -95.35956601734614 40.85848643936143, -93.66578413721952 41.31547067343125))"
99C,2019-03-29 23:55:00+00:00,2019-03-30 01:55:00+00:00,,,"POLYGON ((-102.4704886686067 38.09747804039979, -102.7209370674419 38.01599943426167, -102.7611687930997 37.99115485738414, -103.4769496951206 37.26600794512037, -102.6590629325581 37.82581112906814, -102.408614533723 37.90728973520626, -103.3346121089212 37.12550879368191, -102.6188312069003 37.85065570594568, -102.4704886686067 38.09747804039979))"
96C,2019-03-29 23:55:00+00:00,2019-03-30 01:55:00+00:00,0.0,45000.0,"POLYGON ((-94.74 38.957262088527216, -93.0739939041142 38.80689172102783, -92.22 37.81178626558165, -93.33 36.86089313279082, -95.7613665762566 38.263140596600905, -94.74 38.957262088527216))"
98C,2019-03-29 23:55:00+00:00,2019-03-30 01:55:00+00:00,0.0,38000.0,"POLYGON ((-103.90076960969118 39.21931203506277, -103.59699293886334 38.90237079000137, -104.12925898880793 38.524897949888825, -104.88184749084601 38.64205730813107, -103.90076960969118 39.21931203506277))"
7W,2019-03-29 23:55:00+00:00,2019-03-30 01:55:00+00:00,0.0,26000.0,"POLYGON ((-124.27793927582157 48.064179712020874, -123.29385247007055 47.43579152988767, -123.47210436208987 47.13900446562461, -124.15 47.28273791147279, -124.27793927582157 48.064179712020874))"
01C,2019-03-29 23:55:00+00:00,2019-03-30 01:55:00+00:00,0.0,42000.0,"POLYGON ((-94.95568855109045 39.690500003752, -94.74 39.29, -95.65525695476337 38.57080947241977, -96.21 39.477145302895536, -94.95568855109045 39.690500003752))"
95C,2019-03-29 23:55:00+00:00,2019-03-30 01:55:00+00:00,0.0,36000.0,"POLYGON ((-93.46700381163896 40.40332400489701, -92.73529090998834 40.39704167484675, -93.72444502086061 40.1244652270834, -94.30610699292869 40.09059632789919, -93.46700381163896 40.40332400489701))"
94C,2019-03-29 23:55:00+00:00,2019-03-30 01:55:00+00:00,0.0,37000.0,"POLYGON ((-105.28007798399761 39.4907952136363, -105.09825980217943 39.4907952136363, -105.09825980217943 39.30897703181811, -105.28007798399761 39.30897703181811, -105.28007798399761 39.4907952136363))"
8W,2019-03-29 23:55:00+00:00,2019-03-30 01:55:00+00:00,0.0,25000.0,"POLYGON ((-122.31 46.71714530289553, -122.97206605200896 45.63871261157425, -123.55179262362304 46.02260316591273, -123.1767614519337 46.669236877926366, -122.31 46.71714530289553))"
LIMA 18,2019-03-30 00:30:00+00:00,2019-03-30 04:30:00+00:00,0.0,41000.0,"POLYGON ((-55.45 34, -57 28.15, -61.45 25.45, -60.45 31.45, -55.45 34))"
SIERRA 4,2019-03-30 00:49:00+00:00,2019-03-30 04:50:00+00:00,0.0,58000.0,"POLYGON ((140.2 7.2, 145.2 6.1, 139.2 5.2, 140.2 7.2))"
TANGO 1,2019-03-30 00:52:00+00:00,2019-03-30 04:55:00+00:00,0.0,56000.0,"POLYGON ((157.1 5.2, 159.5 2.5, 154.5 3, 157.1 5.2))"
1C,2019-03-30 00:55:00+00:00,2019-03-30 02:55:00+00:00,,,"POLYGON ((-104.7032858282568 39.58257381472606, -104.3347667582838 38.43214411083387, -104.4344131152513 38.5015404619444, -104.2833037141394 38.50821559724762, -104.2859596102909 38.50806285510723, -102.8608571294214 38.60905616444877, -104.5252332417162 38.37113166383421, -104.8937523116892 39.52156136772641, -104.2744774836368 38.3084104480269, -104.4255868847487 38.30173531272368, -102.8467191066159 38.40955649950883, -104.2718215874853 38.30856319016729, -104.7032858282568 39.58257381472606))"
2C,2019-03-30 00:55:00+00:00,2019-03-30 02:55:00+00:00,,,"POLYGON ((-100.9687331604575 37.84733684971185, -101.2310414287178 37.02519022981077, -103.3434390183553 37.07430111083447, -100.7909858113281 37.75565326406273, -101.1398434940721 37.07932142241265, -103.3387904981932 37.27424708168735, -101.2263929085557 37.22513620066365, -101.3175908432014 37.17100500806177, -100.9687331604575 37.84733684971185))"
4C,2019-03-30 00:55:00+00:00,2019-03-30 02:55:00+00:00,0.0,40000.0,"POLYGON ((-94.40802657896914 39.90435025851825, -93.94272498268425 39.54195288461503, -95.27585081831934 38.52205021385549, -95.53149759750342 39.03264914438195, -94.40802657896914 39.90435025851825))"
3C,2019-03-30 00:55:00+00:00,2019-03-30 02:55:00+00:00,0.0,43000.0,"POLYGON ((-92.64700626739189 38.809222910990734, -92.22 37.81178626558165, -93.48954805360304 37.052482923472624, -95.27035935387627 38.01274509315114, -93.88672059710635 38.739022769220966, -92.64700626739189 38.809222910990734))"
5C,2019-03-30 00:55:00+00:00,2019-03-30 02:55:00+00:00,0.0,34000.0,"POLYGON ((-92.63831710627643 40.94040729410236, -92.54168289372357 40.76530210010661, -93.86517614453052 40.03491412478553, -93.96181035708338 40.21001931878128, -92.63831710627643 40.94040729410236))"
1W,2019-03-30 00:55:00+00:00,2019-03-30 02:55:00+00:00,0.0,24000.0,"POLYGON ((-121.56873614566496 48.66893714151184, -121.45504282117746 47.43682204955632, -122.11231517591806 47.49515513402703, -122.26994343856593 48.74512905823383, -121.56873614566496 48.66893714151184))"
2W,2019-03-30 00:55:00+00:00,2019-03-30 02:55:00+00:00,0.0,27000.0,"POLYGON ((-122.31 46.71714530289553, -122.97206605200896 45.63871261157425, -123.55179262362304 46.02260316591273, -123.1767614519337 46.669236877926366, -122.31 46.71714530289553))"
BRAVO 1,2019-03-30 01:20:00+00:00,2019-03-30 05:20:00+00:00,0.0,42000.0,"POLYGON ((-63.15 32, -64.15 29.45, -67 29.3, -65.45 32, -63.15 32))"
LIMA 19,2019-03-30 01:20:00+00:00,2019-03-30 05:20:00+00:00,0.0,41000.0,"POLYGON ((-56 34.3, -56.15 29.3, -62 24, -62.45 28.45, -60.45 31.45, -56 34.3))"
7C,2019-03-30 01:55:00+00:00,2019-03-30 03:55:00+00:00,,,"POLYGON ((-100.8220937937816 37.95897092694447, -101.0387955632439 37.02356893363571, -101.2894439835525 36.94415716045847, -100.6379062062184 37.88102907305554, -100.976904688093 37.07992787455114, -101.349849820814 37.13481689617826, -101.0992014005054 37.2142286693555, -101.1610922756562 37.15786972844007, -100.8220937937816 37.95897092694447))"
8C,2019-03-30 01:55:00+00:00,2019-03-30 03:55:00+00:00,0.0,44000.0,"POLYGON ((-93.0739939041142 38.80689172102783, -92.38270865526083 38.50247719091719, -91.3890942543931 37.282315926781074, -92.75134151621953 37.167589140200334, -94.49 38.10363104426361, -93.0739939041142 38.80689172102783))"
6C,2019-03-30 01:55:00+00:00,2019-03-30 03:55:00+00:00,0.0,28000.0,"POLYGON ((-104.65133761324005 38.48306402962841, -104.46951943142186 38.48306402962841, -104.46951943142186 38.30124584781022, -104.65133761324005 38.30124584781022, -104.65133761324005 38.48306402962841))"
9C,2019-03-30 01:55:00+00:00,2019-03-30 03:55:00+00:00,0.0,42000.0,"POLYGON ((-93.69964040370363 39.61733122408843, -92.77658566042902 38.808679713445464, -93.80742477467024 38.489325327432645, -95.3003809754417 39.28865691145, -93.69964040370363 39.61733122408843))"
3W,2019-03-30 01:55:00+00:00,2019-03-30 03:55:00+00:00,0.0,25000.0,"POLYGON ((-123.08215402205491 46.50804330933814, -122.90033584023672 46.50804330933814, -122.90033584023672 46.326225127519955, -123.08215402205491 46.326225127519955, -123.08215402205491 46.50804330933814))"
11C,2019-03-30 02:55:00+00:00,2019-03-30 04:55:00+00:00,0.0,42000.0,"POLYGON ((-91.5794964211985 38.8082515677917, -90.86053927837679 37.668321685900366, -92.28932923227913 36.5482291312977, -94.0661874238136 38.26923779493943, -91.5794964211985 38.8082515677917))"
10C,2019-03-30 02:55:00+00:00,2019-03-30 04:55:00+00:00,0.0,32000.0,"POLYGON ((-104.5209090909091 38.091767212067296, -104.33909090909091 38.091767212067296, -104.33909090909091 37.90994903024911, -104.5209090909091 37.90994903024911, -104.5209090909091 38.091767212067296))"
12C,2019-03-30 02:55:00+00:00,2019-03-30 04:55:00+00:00,0.0,33000.0,"POLYGON ((-92.85660414187637 39.925239665507554, -92.6152733698844 39.11601679558982, -94.34547230322579 38.982651555867484, -94.56728665875835 39.34519737322581, -92.85660414187637 39.925239665507554))"
14C,2019-03-30 03:55:00+00:00,2019-03-30 05:55:00+00:00,0.0,42000.0,"POLYGON ((-91.26673311134608 38.60268992551462, -89.9336951695636 37.43434763840233, -91.33112735426965 36.236730116465964, -91.86493596591734 37.35096498799105, -94.49 38.27, -91.26673311134608 38.60268992551462))"
SIERRA 5,2019-03-30 04:20:00+00:00,2019-03-30 08:20:00+00:00,0.0,55000.0,"POLYGON ((144 6.5, 147.4 5.3, 150.5 5, 150.4 2.1, 145.1 2.2, 142.2 4.3, 144 6.5))"
15C,2019-03-30 04:55:00+00:00,2019-03-30 06:55:00+00:00,0.0,43000.0,"POLYGON ((-91.120953665011 38.85824844143621, -89.7862426869613 37.31624516759141, -90.96727604635804 37.07949443936931, -94.42594059569385 37.412153045848186, -94.24516000410081 38.73086099774799, -91.120953665011 38.85824844143621))"
LIMA 20,2019-03-30 05:10:00+00:00,2019-03-30 09:10:00+00:00,0.0,43000.0,"POLYGON ((-55.3 34.3, -56.15 29.45, -61.3 24.45, -61.45 29.3, -59 33.3, -55.3 34.3))"
UNIFORM 1,2019-03-30 05:18:00+00:00,2019-03-30 09:20:00+00:00,0.0,43000.0,"POLYGON ((-142.4 30, -140.2 29.5, -140 27.5, -145.3 24.4, -149.3 20, -152.1 20, -142.4 30))"
16C,2019-03-30 05:55:00+00:00,2019-03-30 07:55:00+00:00,0.0,42000.0,"POLYGON ((-94.16284493748114 38.884367130175114, -91.120953665011 38.85824844143621, -91.20507588307635 37.984327291508095, -92.22 37.97815522131804, -94.1683375779416 37.654739755511116, -94.16284493748114 38.884367130175114))"
17C,2019-03-30 05:55:00+00:00,2019-03-30 07:55:00+00:00,0.0,42000.0,"POLYGON ((-99.1142443230933 36.59222707141659, -97.62698822128678 36.58492398265086, -97.92 35.85089313279082, -99.88 35.34178626558165, -99.95919491665443 36.493678767790406, -99.1142443230933 36.59222707141659))"
18C,2019-03-30 06:55:00+00:00,2019-03-30 08:55:00+00:00,0.0,40000.0,"POLYGON ((-91.03286830212875 39.3886222815668, -90.72371069023767 38.398631362713516, -91.81581535591985 38.040775832978476, -93.0882093790144 37.820869202567536, -93.0739939041142 38.80689172102783, -91.03286830212875 39.3886222815668))"
19C,2019-03-30 06:55:00+00:00,2019-03-30 08:55:00+00:00,0.0,45000.0,"POLYGON ((-96.96190315725353 36.664515092459496, -96.79771393295464 34.33677116938881, -100.29 34.536368955736386, -99.88 36.00726208852722, -99.05387036992381 36.337157048602975, -96.96190315725353 36.664515092459496))"
20C,2019-03-30 07:55:00+00:00,2019-03-30 09:55:00+00:00,0.0,42000.0,"POLYGON ((-89.85481622603884 39.41741094498455, -89.25492411692368 37.984327291508095, -90.31060063383181 37.82367747486619, -90.88446096211575 38.090774588035934, -91.27238804618197 39.11199425868316, -89.85481622603884 39.41741094498455))"
21C,2019-03-30 07:55:00+00:00,2019-03-30 09:55:00+00:00,0.0,45000.0,"POLYGON ((-96.06613027455181 36.733948241753836, -95.78000000000002 34.705429060579114, -99.47824016087543 34.643947505395126, -99.6268460139635 36.13527859673665, -98.2521429887302 36.46019047642058, -96.06613027455181 36.733948241753836))"
23C,2019-03-30 08:55:00+00:00,2019-03-30 10:55:00+00:00,0.0,45000.0,"POLYGON ((-95.05261606117902 37.04226807072787, -95.21941606925651 34.65771311087037, -97.74221322005268 34.67923605401065, -98.11068411332893 36.28618183431513, -96.96190315725353 36.664515092459496, -95.05261606117902 37.04226807072787))"
22C,2019-03-30 08:55:00+00:00,2019-03-30 10:55:00+00:00,0.0,37000.0,"POLYGON ((-88.86000000000001 39.407262088527226, -88.54216980012517 38.18208204377095, -89.78200194805115 38.022076423105574, -90.02900616105268 38.50620889701939, -89.87166285697703 39.32898979095147, -88.86000000000001 39.407262088527226))"
LIMA 21,2019-03-30 08:55:00+00:00,2019-03-30 12:55:00+00:00,0.0,43000.0,"POLYGON ((-54 36.3, -56.15 28.15, -62.15 23.45, -59.45 33.45, -54 36.3))"
UNIFORM 2,2019-03-30 09:53:00+00:00,2019-03-30 13:20:00+00:00,0.0,43000.0,"POLYGON ((-142.4 30, -140.2 29.5, -140 27.5, -145.3 24.4, -149.3 20, -152.1 20, -142.4 30))"
24C,2019-03-30 09:55:00+00:00,2019-03-30 11:55:00+00:00,0.0,39000.0,"POLYGON ((-88.05749703939473 39.991909033510744, -87.31040208744643 38.28206844692847, -89.02546661565961 37.923223908081795, -89.30202840274664 38.47206848159452, -89.66250296060528 39.991909033510744, -88.05749703939473 39.991909033510744))"
25C,2019-03-30 09:55:00+00:00,2019-03-30 11:55:00+00:00,0.0,45000.0,"POLYGON ((-94.1672246938372 37.35704960400644, -94.27 34.391786265581636, -96.59089456106531 34.847309056890715, -96.54941467286189 35.942931889211366, -95.77713467448257 36.96759931321484, -94.1672246938372 37.35704960400644))"
27C,2019-03-30 10:55:00+00:00,2019-03-30 12:55:00+00:00,0.0,43000.0,"POLYGON ((-93.47823814792771 37.477548186472404, -93.55369237067372 34.79967778427974, -95.78000000000002 34.683631044263606, -95.79 36.2, -94.62286532551744 36.96759931321484, -93.47823814792771 37.477548186472404))"
26C,2019-03-30 10:55:00+00:00,2019-03-30 12:55:00+00:00,0.0,37000.0,"POLYGON ((-88.24383678698867 40.20893955364961, -86.5869348476267 39.95487784722889, -86.75803802224466 38.47613332360575, -87.9550371158813 37.99350575617568, -88.0856026224886 38.54437264639376, -88.24383678698867 40.20893955364961))"
28C,2019-03-30 11:55:00+00:00,2019-03-30 13:55:00+00:00,0.0,44000.0,"POLYGON ((-92.22 37.81178626558165, -90.52630483043642 37.43434763840233, -94.45523361308162 34.277929553358355, -94.70001587003408 35.778034416136514, -94.35825256352085 36.710878941177, -92.22 37.81178626558165))"
LIMA 22,2019-03-30 12:35:00+00:00,2019-03-30 16:35:00+00:00,0.0,40000.0,"POLYGON ((-53.45 36.45, -55.3 27.3, -63.45 22, -60 34.3, -53.45 36.45))"
CHARLIE 1,2019-03-30 12:40:00+00:00,2019-03-30 16:40:00+00:00,0.0,34000.0,"POLYGON ((-61.15 34.15, -62.3 29.45, -65.45 29, -67 32.3, -61.15 34.15))"
29C,2019-03-30 12:55:00+00:00,2019-03-30 14:55:00+00:00,0.0,43000.0,"POLYGON ((-91.49102152831092 37.66328709864097, -90.03564976033931 37.73350725723733, -92.92994128412623 34.9323722435418, -93.83518326918599 35.74214405089515, -93.33 36.86089313279082, -91.49102152831092 37.66328709864097))"
UNIFORM 3,2019-03-30 13:11:00+00:00,2019-03-30 17:20:00+00:00,,,"POLYGON ((-142.4 30, -140.2 29.5, -140 27.5, -145.3 24.4, -149.3 20, -152.1 20, -142.4 30))"
30C,2019-03-30 13:55:00+00:00,2019-03-30 15:55:00+00:00,0.0,45000.0,"POLYGON ((-91.22919589003293 38.26939433341656, -89.02546661565961 37.923223908081795, -92.18 35.67821373441835, -93.3235738112464 35.70464766751552, -92.70207428009383 37.35834037981982, -91.22919589003293 38.26939433341656))"
HOTEL 1,2019-03-30 14:20:00+00:00,2019-03-30 18:20:00+00:00,0.0,43000.0,"POLYGON ((-135.3 35.3, -134.45 32, -140 27.45, -140.15 29.45, -142.3 30, -140.3 34.3, -135.3 35.3))"
31C,2019-03-30 14:55:00+00:00,2019-03-30 16:55:00+00:00,0.0,40000.0,"POLYGON ((-89.8862376273111 39.04949877690833, -88.81457530882359 37.92529427799425, -91.6726760212763 35.51962101892945, -93.04573450558972 35.38279149165402, -92.07420409425838 37.35336186537687, -89.8862376273111 39.04949877690833))"
32C,2019-03-30 15:55:00+00:00,2019-03-30 17:55:00+00:00,0.0,40000.0,"POLYGON ((-89.8862376273111 39.04949877690833, -88.34612240382111 38.11954806996818, -90.23 36.83815522131805, -91.28087063364445 37.66533816250235, -89.8862376273111 39.04949877690833))"
33C,2019-03-30 15:55:00+00:00,2019-03-30 17:55:00+00:00,0.0,36000.0,"POLYGON ((-90.95 36.609106867209185, -90.33221542574782 36.10841422826572, -91.52899808448849 35.63804157700413, -92.08597290199695 35.722628727619885, -90.95 36.609106867209185))"
34C,2019-03-30 15:55:00+00:00,2019-03-30 17:55:00+00:00,0.0,38000.0,"POLYGON ((-87.00824635032804 38.515820689814504, -87.76 37.264524177054426, -88.84207181843277 36.94128541037553, -88.05924998727193 38.164902884468745, -87.00824635032804 38.515820689814504))"
LIMA 23,2019-03-30 15:55:00+00:00,2019-03-30 19:55:00+00:00,0.0,41000.0,"POLYGON ((-54 34.3, -55.3 26.45, -63.3 21.45, -59.3 33.15, -54 34.3))"
CHARLIE 2,2019-03-30 16:00:00+00:00,2019-03-30 20:00:00+00:00,0.0,32000.0,"POLYGON ((-60.3 34.45, -62 28.45, -66.45 29, -65 33.45, -60.3 34.45))"
35C,2019-03-30 16:55:00+00:00,2019-03-30 18:55:00+00:00,0.0,30000.0,"POLYGON ((-88.86000000000001 38.74178626558165, -88.14906139545336 37.80202575280773, -89.07090574560692 37.282315926781074, -89.78200194805115 38.022076423105574, -88.86000000000001 38.74178626558165))"
36C,2019-03-30 16:55:00+00:00,2019-03-30 18:55:00+00:00,0.0,36000.0,"POLYGON ((-90.23 37.23628718173731, -89.81645885320707 36.1849524742203, -90.95 35.67628718173732, -91.28112106931184 36.2201944965997, -90.23 37.23628718173731))"
37C,2019-03-30 16:55:00+00:00,2019-03-30 18:55:00+00:00,0.0,34000.0,"POLYGON ((-86.2341088390156 38.609328339473535, -87.08469575162376 37.70676821432096, -87.8300143278007 37.79641311015978, -87.40606359905752 38.59730284095887, -86.2341088390156 38.609328339473535))"
UNIFORM 4,2019-03-30 17:22:00+00:00,2019-03-30 21:25:00+00:00,0.0,46000.0,"POLYGON ((-140 30, -140 27.5, -150 21, -142.3 30, -140 30))"
40C,2019-03-30 17:55:00+00:00,2019-03-30 19:55:00+00:00,0.0,35000.0,"POLYGON ((-85.77063754524288 39.015106850771055, -86.84230781551462 37.69784887187601, -87.54907629864074 37.929811762162885, -86.9228893491022 38.874720205563136, -85.77063754524288 39.015106850771055))"
38C,2019-03-30 17:55:00+00:00,2019-03-30 19:55:00+00:00,0.0,32000.0,"POLYGON ((-88.05924998727193 38.164902884468745, -87.76 37.59726208852721, -88.49982072569345 37.339472839695034, -89.02546661565961 37.923223908081795, -88.05924998727193 38.164902884468745))"
39C,2019-03-30 17:55:00+00:00,2019-03-30 19:55:00+00:00,0.0,40000.0,"POLYGON ((-89.38944238184139 37.390388077322115, -88.65850470522575 37.21097979695142, -90.7455967884335 35.70912768372638, -91.77372430899693 35.83055256653708, -89.38944238184139 37.390388077322115))"
41C,2019-03-30 17:55:00+00:00,2019-03-30 19:55:00+00:00,0.0,30000.0,"POLYGON ((-92.86378692671717 39.082140474125445, -92.31833238126264 39.082140474125445, -92.31833238126264 38.5366859286709, -92.86378692671717 38.5366859286709, -92.86378692671717 39.082140474125445))"
HOTEL 2,2019-03-30 18:00:00+00:00,2019-03-30 22:00:00+00:00,0.0,40000.0,"POLYGON ((-139.15 34.45, -137.15 34, -137.45 30.3, -140 27.45, -140 30, -142.3 30, -139.15 34.45))"
01E,2019-03-30 18:55:00+00:00,2019-03-30 20:55:00+00:00,0.0,35000.0,"POLYGON ((-86.28 39.22089313279082, -84.7 39.18636895573639, -86.55234322050309 37.77765252504662, -87.36958862377902 38.056688876904595, -86.28 39.22089313279082))"
42C,2019-03-30 18:55:00+00:00,2019-03-30 20:55:00+00:00,0.0,44000.0,"POLYGON ((-87.83026918486038 38.063545256865915, -86.71880383421586 37.46393968226621, -89.64981346956684 35.90889845776839, -90.56890117115753 36.41607871991356, -87.83026918486038 38.063545256865915))"
LIMA 24,2019-03-30 19:15:00+00:00,2019-03-30 23:15:00+00:00,0.0,42000.0,"POLYGON ((-54.15 33, -54 26.3, -62.15 22.15, -59.45 30.45, -54.15 33))"
43C,2019-03-30 19:55:00+00:00,2019-03-30 21:55:00+00:00,0.0,42000.0,"POLYGON ((-87.36958862377902 38.056688876904595, -87.01829145522811 37.119599691876296, -88.74850564720835 36.20964549582819, -89.34665227449942 36.960848870773276, -87.36958862377902 38.056688876904595))"
02E,2019-03-30 19:55:00+00:00,2019-03-30 21:55:00+00:00,0.0,38000.0,"POLYGON ((-84.01018630697831 39.239271543724264, -86.94235819939213 37.09491790879701, -87.21014135882359 37.928720731025315, -85.21695772769085 39.18483525926833, -84.01018630697831 39.239271543724264))"
LIMA 25,2019-03-30 20:20:00+00:00,2019-03-31 00:20:00+00:00,0.0,42000.0,"POLYGON ((-54.15 34.3, -53.45 26.15, -61.45 22.15, -60.3 29.45, -64 34, -54.15 34.3))"
03E,2019-03-30 20:55:00+00:00,2019-03-30 22:55:00+00:00,0.0,39000.0,"POLYGON ((-85.98884469754398 38.867819563250926, -85.38450895912824 38.16350476894936, -87.01540082678063 36.73761094631314, -87.68867892587713 36.923464558574686, -87.37093860454667 37.80202575280773, -85.98884469754398 38.867819563250926))"
44C,2019-03-30 20:55:00+00:00,2019-03-30 22:55:00+00:00,0.0,39000.0,"POLYGON ((-88.01849044932584 37.72526275164805, -88.24757420260536 36.015226133915625, -89.91255430952044 34.886415202209875, -90.2868275635228 36.32947421129509, -88.01849044932584 37.72526275164805))"
UNIFORM 5,2019-03-30 21:20:00+00:00,2019-03-31 01:20:00+00:00,0.0,42000.0,"POLYGON ((-140 30, -140 27.4, -146.1 21.2, -142.3 30, -140 30))"
HOTEL 3,2019-03-30 21:35:00+00:00,2019-03-31 01:35:00+00:00,0.0,40000.0,"POLYGON ((-139 36, -134.3 34, -140 27.15, -140 30, -145.15 30, -139 36))"
04E,2019-03-30 21:55:00+00:00,2019-03-30 23:55:00+00:00,0.0,39000.0,"POLYGON ((-84.54832957156275 39.137542502751906, -84.10809367103118 38.82750255501181, -85.84767128556543 37.399095692685854, -86.73524527318916 37.16491634055651, -86.16749270959788 38.28953915417407, -84.54832957156275 39.137542502751906))"
45C,2019-03-30 21:55:00+00:00,2019-03-30 23:55:00+00:00,0.0,39000.0,"POLYGON ((-88.08020189528952 37.314745089157235, -86.88355589291147 37.28209881891041, -88.35605666873525 35.41278806580085, -90.8314975397306 33.26777855606409, -91.20457265651062 33.774904836200875, -88.08020189528952 37.314745089157235))"
45C,2019-03-30 22:55:00+00:00,2019-03-31 00:55:00+00:00,0.0,41000.0,"POLYGON ((-87.33815475739594 37.92924705313033, -84.6076567794969 37.77765252504662, -90.88842001156488 32.4275446301404, -92.39722771572859 30.392741474644307, -93.40633691813858 30.754486775385548, -87.33815475739594 37.92924705313033))"
05E,2019-03-30 23:55:00+00:00,2019-03-31 01:55:00+00:00,0.0,40000.0,"POLYGON ((-85.58 38.43273791147279, -84.80144277893234 37.84276082397626, -87.34668874343083 34.827556757952394, -88.35605666873525 35.41278806580085, -86.7898833140081 37.6076769484504, -85.58 38.43273791147279))"
46C,2019-03-30 23:55:00+00:00,2019-03-31 01:55:00+00:00,0.0,40000.0,"POLYGON ((-89.98 34.35452417705442, -89.07732553456908 33.959271652571935, -91.3 30.979106867209182, -91.96166358863567 31.067878012929807, -91.67594318316742 32.392142289384296, -89.98 34.35452417705442))"
LIMA 26,2019-03-31 00:00:00+00:00,2019-03-31 04:00:00+00:00,0.0,40000.0,"POLYGON ((-54.15 35, -53 28.15, -57.45 25.15, -64.15 31.3, -63 34.45, -54.15 35))"
1C,2019-03-31 00:55:00+00:00,2019-03-31 02:55:00+00:00,0.0,41000.0,"POLYGON ((-88.76116858997545 35.01390720335377, -87.77540367082874 34.47438574679296, -91.3 30.979106867209182, -91.25079147532468 32.5175361009145, -88.76116858997545 35.01390720335377))"
1E,2019-03-31 00:55:00+00:00,2019-03-31 02:55:00+00:00,0.0,40000.0,"POLYGON ((-84.7710758273037 38.886412284057485, -83.22233068809669 38.35665362712361, -86.83834088501001 34.92956635204474, -87.96653624509217 35.64403866542556, -84.7710758273037 38.886412284057485))"
HOTEL 4,2019-03-31 01:15:00+00:00,2019-03-31 05:15:00+00:00,0.0,40000.0,"POLYGON ((-140 36.3, -134.3 34, -140.3 24.15, -145.15 24, -144.15 31.3, -140 36.3))"
ALFA 1,2019-03-31 01:35:00+00:00,2019-03-31 05:35:00+00:00,0.0,42000.0,"POLYGON ((-167.15 33.45, -163 33.45, -164 27.45, -170 28.15, -167.15 33.45))"
2C,2019-03-31 01:55:00+00:00,2019-03-31 03:55:00+00:00,0.0,41000.0,"POLYGON ((-87.49 35.375475822945575, -86.93035976389048 34.51771980044433, -89.675885022439 31.298678281230448, -91.0026077470196 31.094482211701738, -89.24937611576308 33.742472734514195, -87.49 35.375475822945575))"
2E,2019-03-31 01:55:00+00:00,2019-03-31 03:55:00+00:00,0.0,38000.0,"POLYGON ((-84.61082918974223 36.86297196548393, -84.14305376420131 36.104189002204315, -87.00353740718643 34.54305803125178, -87.24066895662065 34.91420043701393, -84.61082918974223 36.86297196548393))"
3C,2019-03-31 01:55:00+00:00,2019-03-31 03:55:00+00:00,0.0,30000.0,"POLYGON ((-98.66912533464742 27.201362473177912, -97.75162602926076 26.72092171081945, -98.27354169926986 26.249207067972687, -99.0485135989232 26.67811109526409, -98.66912533464742 27.201362473177912))"
3E,2019-03-31 02:55:00+00:00,2019-03-31 04:55:00+00:00,0.0,41000.0,"POLYGON ((-85.03398164449968 36.27658476798554, -84.50614147630797 35.898426402912506, -89.28649121884918 31.296328646015013, -90.75132091883924 30.949414291731443, -86.91428885410875 35.179210967045584, -85.03398164449968 36.27658476798554))"
4C,2019-03-31 02:55:00+00:00,2019-03-31 04:55:00+00:00,0.0,29000.0,"POLYGON ((-98.44227781214401 27.476584900944857, -98.18051591411405 26.633385812086665, -98.92585072700302 26.410600769141197, -99.11006075057965 26.811826673664495, -98.44227781214401 27.476584900944857))"
LIMA 27,2019-03-31 03:25:00+00:00,2019-03-31 07:25:00+00:00,0.0,40000.0,"POLYGON ((-62.15 36, -54 34.15, -53 28.15, -59 24, -63 31.3, -62.15 36))"
4E,2019-03-31 03:55:00+00:00,2019-03-31 05:55:00+00:00,,,"POLYGON ((-85.0374584360049 35.1730154828583, -86.71679121393704 33.54672582073827, -89.87402716672902 31.21909628433042, -85.28594180816697 34.88686675484983, -86.70774657091322 33.55425409073675, -84.97316090666976 34.98363272830711, -85.32217816201954 34.8651375291666, -89.99270811772165 31.3800771275121, -86.83547216492967 33.70770666391994, -86.8445168079535 33.70017839392146, -85.42271204520725 35.03279105803455, -85.38647569135468 35.05452028371779, -85.0374584360049 35.1730154828583))"
5C,2019-03-31 04:06:00+00:00,2019-03-31 05:55:00+00:00,0.0,30000.0,"POLYGON ((-98.46 28.808155221318042, -98.23353070735729 27.191886878900338, -98.40870393866415 26.29836449827671, -98.92245857122617 26.403183741939042, -99.78135962034172 28.248057168535688, -98.46 28.808155221318042))"
5E,2019-03-31 04:55:00+00:00,2019-03-31 06:55:00+00:00,0.0,40000.0,"POLYGON ((-83.14329496713495 37.3444191708102, -80.94799810106845 36.6286469969386, -87.64285855404417 30.982695542251694, -90.52782476944105 30.477725406782344, -83.14329496713495 37.3444191708102))"
6C,2019-03-31 04:55:00+00:00,2019-03-31 06:55:00+00:00,0.0,33000.0,"POLYGON ((-98.20672072959013 29.105494893387814, -97.44 28.333712818262683, -97.97513580463873 26.14008353136133, -98.98711063930139 26.544369055341324, -99.73372029763972 28.147478591737602, -98.20672072959013 29.105494893387814))"
LIMA 28,2019-03-31 05:05:00+00:00,2019-03-31 09:05:00+00:00,0.0,38000.0,"POLYGON ((-56.3 34.15, -53.3 33.45, -52.45 28.15, -59 24, -57.15 28.3, -58.45 29.15, -56.3 34.15))"
6E,2019-03-31 05:55:00+00:00,2019-03-31 07:55:00+00:00,0.0,40000.0,"POLYGON ((-83.16397676334073 36.435541700060476, -81.52915136375455 35.65918659152259, -87.09251936292955 31.182268496522102, -89.57586240851258 30.70998279621176, -85.35299953027479 34.959831122219704, -83.16397676334073 36.435541700060476))"
7C,2019-03-31 05:55:00+00:00,2019-03-31 07:55:00+00:00,0.0,35000.0,"POLYGON ((-96.91210157886223 30.15724665295429, -95.54080766984451 29.559164146416876, -97.97513580463873 26.14008353136133, -99.42 26.612574363474632, -99.79693138184913 28.280888432410244, -96.91210157886223 30.15724665295429))"
7E,2019-03-31 06:55:00+00:00,2019-03-31 08:55:00+00:00,0.0,39000.0,"POLYGON ((-83.73341328182315 35.59248847837911, -81.93 34.86363104426361, -86.61901039387087 31.604828217834875, -88.71809830092981 30.85684178724237, -89.16452037914094 32.50680898743518, -83.73341328182315 35.59248847837911))"
8C,2019-03-31 06:55:00+00:00,2019-03-31 08:55:00+00:00,0.0,34000.0,"POLYGON ((-96.41856106979485 30.33768868937079, -95.35 29.294524177054427, -97.72216160078037 26.046931445803562, -98.92245857122617 26.403183741939042, -100.22077112482648 28.183549718806965, -96.41856106979485 30.33768868937079))"
8E,2019-03-31 07:55:00+00:00,2019-03-31 09:55:00+00:00,0.0,40000.0,"POLYGON ((-83.13344689215997 35.642958140829585, -82.7404269213381 34.5077202774099, -86.02098960612913 31.604828217834875, -88.58327292111568 31.19092359563577, -88.35785766438907 33.18249722053309, -83.13344689215997 35.642958140829585))"
9C,2019-03-31 07:55:00+00:00,2019-03-31 09:55:00+00:00,0.0,33000.0,"POLYGON ((-96.64205478624446 30.0586646257856, -94.17227936058497 29.753723960894575, -97.72216160078037 26.046931445803562, -98.92245857122617 26.403183741939042, -100.22077112482648 28.183549718806965, -96.64205478624446 30.0586646257856))"
10C,2019-03-31 07:55:00+00:00,2019-03-31 09:55:00+00:00,0.0,33000.0,"POLYGON ((-92.96792671733628 31.093177569301616, -91.77648502585052 30.88804243276875, -93.11 29.272574363474632, -94.52991598859232 29.241871360836555, -92.96792671733628 31.093177569301616))"
11C,2019-03-31 08:55:00+00:00,2019-03-31 10:55:00+00:00,0.0,35000.0,"POLYGON ((-94.99563122805353 29.832192574955673, -94.69758301530031 28.575049710091037, -98.92245857122617 26.403183741939042, -99.42 28.478213734418357, -94.99563122805353 29.832192574955673))"
9E,2019-03-31 08:55:00+00:00,2019-03-31 10:55:00+00:00,0.0,34000.0,"POLYGON ((-86.41760411875258 33.835038169134656, -85.05055017636931 33.10522349484473, -85.9953941646971 31.551754123335606, -88.0116356153903 32.10092122867913, -86.41760411875258 33.835038169134656))"
10E,2019-03-31 09:55:00+00:00,2019-03-31 11:55:00+00:00,0.0,34000.0,"POLYGON ((-85.18058708077817 33.8824610586817, -83.3 33.86815522131804, -84.83348080721393 32.2809091178108, -87.106593793031 32.21756446569643, -85.18058708077817 33.8824610586817))"
12C,2019-03-31 10:55:00+00:00,2019-03-31 12:55:00+00:00,0.0,36000.0,"POLYGON ((-93.46501008777402 30.01218912597088, -92.60016230244482 29.063081009224742, -95.08790042247497 28.308838757771724, -95.77078314023372 29.229491785461253, -93.46501008777402 30.01218912597088))"
11E,2019-03-31 10:55:00+00:00,2019-03-31 12:55:00+00:00,0.0,31000.0,"POLYGON ((-84.44 34.06371281826269, -82.80390914513471 33.9296302582654, -83.45189579424544 33.09054286137974, -84.89090018715586 33.160243717765525, -84.44 34.06371281826269))"
13C,2019-03-31 11:55:00+00:00,2019-03-31 13:55:00+00:00,0.0,35000.0,"POLYGON ((-91.16333000123778 30.597569365301997, -90.50561925323109 29.532310541072395, -93.83507074762302 28.600959686264062, -94.28961956858002 29.57375484141141, -91.16333000123778 30.597569365301997))"
VICTOR 1,2019-03-31 12:31:00+00:00,2019-03-31 16:30:00+00:00,0.0,45000.0,"POLYGON ((-142.1 29.4, -140.1 28.2, -146.2 25.5, -142.1 29.4))"
14C,2019-03-31 12:55:00+00:00,2019-03-31 14:55:00+00:00,0.0,34000.0,"POLYGON ((-90.88899242003411 30.8322775347312, -89.04093694470487 29.846534814906935, -94.74064956887278 28.177940597052682, -94.67505309718783 29.370077028106515, -90.88899242003411 30.8322775347312))"
15C,2019-03-31 13:55:00+00:00,2019-03-31 15:55:00+00:00,0.0,30000.0,"POLYGON ((-90.10377513633752 31.24458054585929, -90.33464071380915 29.384249635810164, -92.54108417033676 28.936678513136577, -92.8014518778981 30.028989434360657, -90.10377513633752 31.24458054585929))"
16C,2019-03-31 14:55:00+00:00,2019-03-31 16:55:00+00:00,0.0,30000.0,"POLYGON ((-90.03755077957554 30.838693605713566, -90.1 28.847262088527216, -91.50138679977834 28.66337422306781, -91.43634007418522 30.362288468857546, -90.03755077957554 30.838693605713566))"
17C,2019-03-31 14:55:00+00:00,2019-03-31 16:55:00+00:00,0.0,31000.0,"POLYGON ((-98.96766111323994 27.645243491090437, -98.06555121468868 26.531746796821306, -98.92585072700302 26.410600769141197, -99.42 27.48, -98.96766111323994 27.645243491090437))"
VICTOR 2,2019-03-31 15:29:00+00:00,2019-03-31 19:30:00+00:00,0.0,44000.0,"POLYGON ((-142 29.4, -140.2 28.3, -147 25, -142 29.4))"
DELTA 1,2019-03-31 15:50:00+00:00,2019-03-31 19:50:00+00:00,0.0,35000.0,"POLYGON ((-57.15 32.15, -54.15 32, -55.45 28, -57.15 28.15, -57.15 32.15))"
18C,2019-03-31 15:55:00+00:00,2019-03-31 17:55:00+00:00,0.0,26000.0,"POLYGON ((-90.64145226351617 29.6494731091734, -90.1 28.847262088527216, -91.16819071059288 28.23463979765442, -93.11 28.30994148689969, -90.64145226351617 29.6494731091734))"
VICTOR 3,2019-03-31 16:10:00+00:00,2019-03-31 20:10:00+00:00,0.0,45000.0,"POLYGON ((-141.1 30.1, -140 30.1, -143.4 24.2, -145.4 24.5, -141.1 30.1))"
13E,2019-03-31 16:55:00+00:00,2019-03-31 18:55:00+00:00,,,"POLYGON ((-75.71708977888048 35.89344417230086, -77.24499196064923 33.79121599844613, -79.18958812866322 32.52596559884292, -77.14894739501061 34.11497690906594, -77.20151573814509 33.85520143500884, -75.57196560686819 35.75582522484905, -77.17439862828836 34.06600147786683, -79.29866232222273 32.69360455702192, -77.35406615420874 33.95885495662513, -77.39754237671288 33.89486952006242, -77.3449740335784 34.15464499411952, -77.31952280030065 34.20362042531864, -75.71708977888048 35.89344417230086))"
12E,2019-03-31 16:55:00+00:00,2019-03-31 18:55:00+00:00,0.0,35000.0,"POLYGON ((-80.26697422059135 33.38641901060817, -80.21013992642256 33.19466431573388, -82.98834059368092 32.371231679122694, -83.04517488784971 32.562986373996985, -80.26697422059135 33.38641901060817))"
VICTOR 4,2019-03-31 17:10:00+00:00,2019-03-31 21:10:00+00:00,0.0,44000.0,"POLYGON ((-140.1 29.3, -140.1 27.2, -147.4 23.4, -140.1 29.3))"
16E,2019-03-31 17:55:00+00:00,2019-03-31 19:55:00+00:00,0.0,32000.0,"POLYGON ((-87.48383353268672 28.199594628992333, -86.68 28.00172775248132, -86.45728426825127 26.45797261166418, -87.46456756136705 26.801454847773172, -87.48383353268672 28.199594628992333))"
14E,2019-03-31 17:55:00+00:00,2019-03-31 19:55:00+00:00,0.0,30000.0,"POLYGON ((-79.70886100156221 33.73896647169341, -79.61113899843778 33.56446601293943, -81.54634184175464 32.48073305515018, -81.64406384487907 32.655233513904165, -79.70886100156221 33.73896647169341))"
15E,2019-03-31 17:55:00+00:00,2019-03-31 19:55:00+00:00,0.0,34000.0,"POLYGON ((-76.4573196492524 33.20002198299939, -76.3535969949936 33.02902019647799, -77.93713834673909 32.06850910783474, -78.0408610009979 32.239510894356144, -76.4573196492524 33.20002198299939))"
19C,2019-03-31 17:55:00+00:00,2019-03-31 19:55:00+00:00,0.0,29000.0,"POLYGON ((-99.42 27.19085812115821, -99.07527317164366 27.172894466303344, -98.7324407248381 26.86495091220808, -98.98711063930139 26.544369055341324, -99.42 27.19085812115821))"
19E,2019-03-31 18:55:00+00:00,2019-03-31 20:55:00+00:00,0.0,32000.0,"POLYGON ((-86.68 28.00172775248132, -85.87981854612578 27.873038097002674, -85.9479780847511 26.661873367995884, -87.46456756136705 26.801454847773172, -86.68 28.00172775248132))"
17E,2019-03-31 18:55:00+00:00,2019-03-31 20:55:00+00:00,0.0,30000.0,"POLYGON ((-78.42978815379023 34.539726855997316, -76.94267660403072 34.02816714527455, -79.49205161377056 32.69780479053636, -80.26865272784586 33.35090680421309, -78.42978815379023 34.539726855997316))"
20E,2019-03-31 18:55:00+00:00,2019-03-31 20:55:00+00:00,0.0,29000.0,"POLYGON ((-82.80878939631216 30.23293766652041, -82.7794555096832 30.035100553987807, -84.59051916026309 29.766568855744314, -84.61985304689205 29.964405968276917, -82.80878939631216 30.23293766652041))"
18E,2019-03-31 18:55:00+00:00,2019-03-31 20:55:00+00:00,0.0,35000.0,"POLYGON ((-73.6224444570961 35.424053563874274, -73.49716083269018 35.26815611855934, -77.61380139243869 31.95990659170052, -77.7390850168446 32.11580403701545, -73.6224444570961 35.424053563874274))"
1W,2019-03-31 18:55:00+00:00,2019-03-31 20:55:00+00:00,0.0,29000.0,"POLYGON ((-108.93 37.81, -108.1980547070843 37.80773557551362, -108.22856096784012 37.00705206328234, -109.27701192482864 37.14165837155819, -108.93 37.81))"
DELTA 2,2019-03-31 19:30:00+00:00,2019-03-31 23:30:00+00:00,0.0,35000.0,"POLYGON ((-55.3 32.45, -53.15 32.15, -55.15 29, -57 29.15, -55.3 32.45))"
21E,2019-03-31 19:55:00+00:00,2019-03-31 21:55:00+00:00,0.0,31000.0,"POLYGON ((-77.94725683866633 34.50368062185418, -76.94267660403072 34.02816714527455, -79.0494011873955 32.88609514263001, -79.33482452562161 33.476227097624246, -77.94725683866633 34.50368062185418))"
22E,2019-03-31 19:55:00+00:00,2019-03-31 21:55:00+00:00,0.0,33000.0,"POLYGON ((-73.08616631909956 36.2201531071537, -72.79933985502997 35.06616814957474, -74.03960245309027 34.47617000801013, -74.60118707224883 34.955516670633756, -73.08616631909956 36.2201531071537))"
25E,2019-03-31 19:55:00+00:00,2019-03-31 21:55:00+00:00,0.0,34000.0,"POLYGON ((-85.29071092064703 28.398466564250135, -85.9479780847511 26.661873367995884, -87.98246128308828 27.281125564916028, -86.68 28.500834619690497, -85.29071092064703 28.398466564250135))"
24E,2019-03-31 19:55:00+00:00,2019-03-31 21:55:00+00:00,0.0,31000.0,"POLYGON ((-82.6917464764504 30.497238691061952, -82.63854491947556 30.304444514968758, -84.57858532509015 29.76909032396402, -84.63178688206499 29.961884500057213, -82.6917464764504 30.497238691061952))"
23E,2019-03-31 19:55:00+00:00,2019-03-31 21:55:00+00:00,0.0,36000.0,"POLYGON ((-75.52247041919675 33.580040809350855, -75.41226267235744 33.41314487609721, -77.62133933122199 31.954407347731163, -77.7315470780613 32.121303280984804, -75.52247041919675 33.580040809350855))"
26E,2019-03-31 20:55:00+00:00,2019-03-31 22:55:00+00:00,0.0,32000.0,"POLYGON ((-71.17713667859279 38.76239319143765, -70.03 38.28535879674494, -72.67399383088501 36.208824888541756, -73.31314144947982 36.56467370500564, -71.17713667859279 38.76239319143765))"
27E,2019-03-31 20:55:00+00:00,2019-03-31 22:55:00+00:00,0.0,33000.0,"POLYGON ((-76.72525009349638 35.18282238171873, -76.18 34.92904835410885, -77.41230822478333 33.42691662199826, -78.2417785523423 34.22210457092042, -76.72525009349638 35.18282238171873))"
29E,2019-03-31 20:55:00+00:00,2019-03-31 22:55:00+00:00,0.0,32000.0,"POLYGON ((-82.31595152376235 30.709741664292135, -82.25604008778876 30.51892599449644, -84.3200442820132 29.870879346839466, -84.37995571798679 30.061695016635163, -82.31595152376235 30.709741664292135))"
28E,2019-03-31 20:55:00+00:00,2019-03-31 22:55:00+00:00,0.0,35000.0,"POLYGON ((-74.00405612716489 34.48325614167712, -73.8961973828458 34.314832594410376, -76.89808696230409 32.39241707781909, -77.00594570662318 32.56084062508583, -74.00405612716489 34.48325614167712))"
ECHO 1,2019-03-31 21:20:00+00:00,2019-04-01 01:20:00+00:00,0.0,34000.0,"POLYGON ((-74.1 34, -74 33.2, -76.15 32, -76.55 32.15, -74.1 34))"
31E,2019-03-31 21:55:00+00:00,2019-03-31 23:55:00+00:00,0.0,34000.0,"POLYGON ((-73.29229546766555 36.225287081814514, -72.42995685017227 34.927774552075284, -75.10928185556631 33.36391611371047, -75.48162719054064 34.874613397761685, -73.29229546766555 36.225287081814514))"
30E,2019-03-31 21:55:00+00:00,2019-03-31 23:55:00+00:00,0.0,32000.0,"POLYGON ((-71.25643258679824 38.91687249029341, -70.03 38.78446566395412, -72.46795419287882 36.20263089346184, -73.29229546766555 36.225287081814514, -71.25643258679824 38.91687249029341))"
34E,2019-03-31 21:55:00+00:00,2019-03-31 23:55:00+00:00,0.0,30000.0,"POLYGON ((-84.28195952825253 29.148646149510487, -84.12244060010649 28.6545665186507, -84.93895341632934 27.89157954242784, -85.36157341431154 28.24423513939324, -84.28195952825253 29.148646149510487))"
33E,2019-03-31 21:55:00+00:00,2019-03-31 23:55:00+00:00,0.0,35000.0,"POLYGON ((-81.8414636396801 30.54792603930764, -81.79828341558344 30.352642992816243, -83.02840988795167 30.080642234437885, -83.07159011204833 30.275925280929282, -81.8414636396801 30.54792603930764))"
32E,2019-03-31 21:55:00+00:00,2019-03-31 23:55:00+00:00,0.0,32000.0,"POLYGON ((-74.00599096343642 34.48198525190912, -73.89426254657427 34.31610348417837, -76.1095487416697 32.82401413125849, -76.22127715853185 32.98989589898924, -74.00599096343642 34.48198525190912))"
20C,2019-03-31 21:55:00+00:00,2019-03-31 23:55:00+00:00,0.0,35000.0,"POLYGON ((-98.60522636514618 27.477628378361047, -98.06555121468868 26.531746796821306, -98.57250705222148 26.35771296768757, -99.42 27.046287181737316, -98.60522636514618 27.477628378361047))"
2W,2019-03-31 21:55:00+00:00,2019-03-31 23:55:00+00:00,0.0,28000.0,"POLYGON ((-108.08847335824093 36.47814724180205, -107.5430188127864 36.47814724180205, -107.5430188127864 35.9326926963475, -108.08847335824093 35.9326926963475, -108.08847335824093 36.47814724180205))"
FOXTROT 1,2019-03-31 22:30:00+00:00,2019-04-01 02:30:00+00:00,0.0,36000.0,"POLYGON ((-54.35 35.25, -51.55 34, -56.45 26.5, -57.45 27.35, -54.35 35.25))"
36E,2019-03-31 22:55:00+00:00,2019-04-01 00:55:00+00:00,0.0,37000.0,"POLYGON ((-72.58141744893663 37.314117035316904, -72.42995685017227 34.927774552075284, -74.56479044534089 33.159417191081516, -75.25408200029028 34.411943802892225, -72.58141744893663 37.314117035316904))"
21C,2019-03-31 22:55:00+00:00,2019-04-01 00:55:00+00:00,0.0,35000.0,"POLYGON ((-97.36806182717743 27.746276456047113, -96.7780168239361 27.310217183571183, -98.0650625936352 26.173055034308472, -98.92245857122617 26.403183741939042, -97.36806182717743 27.746276456047113))"
35E,2019-03-31 22:55:00+00:00,2019-04-01 00:55:00+00:00,0.0,34000.0,"POLYGON ((-70.03 39.834290605791075, -70.03 38.67772309042391, -71.99106737818647 37.13519489205204, -72.7399328010859 37.446039405728555, -70.03 39.834290605791075))"
37E,2019-03-31 22:55:00+00:00,2019-04-01 00:55:00+00:00,0.0,32000.0,"POLYGON ((-81.06788115257238 30.84220769579677, -81.00053685441902 30.653886837933836, -82.14637204949543 30.24413155172967, -82.21371634764878 30.432452409592603, -81.06788115257238 30.84220769579677))"
GOLF 1,2019-03-31 23:45:00+00:00,2019-04-01 03:45:00+00:00,0.0,36000.0,"POLYGON ((-69.35 38.05, -72.35 34.55, -72.4 37.15, -69.35 38.05))"
38E,2019-03-31 23:55:00+00:00,2019-04-01 01:55:00+00:00,0.0,32000.0,"POLYGON ((-70.03 39.61631044263608, -68.8813193150752 39.12232121281624, -70.55483673886648 37.52468157415651, -71.4849127585348 37.97036505946073, -70.03 39.61631044263608))"
39E,2019-03-31 23:55:00+00:00,2019-04-01 01:55:00+00:00,0.0,35000.0,"POLYGON ((-71.67703125623976 38.03937462876671, -70.55483673886648 37.52468157415651, -74.38385970089264 33.090725365225445, -75.04956751115576 34.3176554899172, -71.67703125623976 38.03937462876671))"
40E,2019-03-31 23:55:00+00:00,2019-04-01 01:55:00+00:00,0.0,30000.0,"POLYGON ((-80.76740127284214 30.7085921719418, -80.70060711560677 30.520075486846775, -81.63127728878266 30.19032573631381, -81.69807144601802 30.378842421408834, -80.76740127284214 30.7085921719418))"
22C,2019-03-31 23:55:00+00:00,2019-04-01 01:55:00+00:00,0.0,32000.0,"POLYGON ((-96.97904745444538 27.490325413866103, -96.46431474919731 26.734932226755188, -97.44158264208292 26.053553114755527, -98.27354169926986 26.249207067972687, -96.97904745444538 27.490325413866103))"

