label,issue,expire,fl_low,fl_high,polygon
ECHO 4,2019-11-01 00:05:00+00:00,2019-11-01 04:05:00+00:00,0.0,45000.0,"POLYGON ((-49.45 25.15, -48.3 23, -53.15 19.45, -57.15 21.15, -49.45 25.15))"
3E,2019-11-01 00:55:00+00:00,2019-11-01 02:55:00+00:00,0.0,45000.0,"POLYGON ((-74.28690114642102 44.78184705929913, -71.75512135536815 44.087894155476555, -74.42600742947047 42.55729219887414, -74.11273924671792 41.83774057979415, -76.7312132160757 41.88537585853671, -74.28690114642102 44.78184705929913))"
1E,2019-11-01 00:55:00+00:00,2019-11-01 02:55:00+00:00,0.0,45000.0,"POLYGON ((-76.7312132160757 41.88537585853671, -74.11273924671792 41.83774057979415, -76.96615940864487 36.63287074504286, -79.0015058380135 36.788645613707395, -76.7312132160757 41.88537585853671))"
2E,2019-11-01 00:55:00+00:00,2019-11-01 02:55:00+00:00,0.0,45000.0,"POLYGON ((-78.9226464540487 36.63475561336929, -76.96615940864487 36.63287074504286, -78.05631349630175 34.41352555713931, -80.04 32.058155221318046, -81.11 32.82547582294557, -78.9226464540487 36.63475561336929))"
4E,2019-11-01 00:55:00+00:00,2019-11-01 02:55:00+00:00,0.0,42000.0,"POLYGON ((-82.2079425646432 30.623036504936692, -82.05295101689698 30.496633893700874, -83.16263812680833 29.135964830003175, -83.31762967455455 29.262367441238993, -82.2079425646432 30.623036504936692))"
WHISKEY 4,2019-11-01 01:09:00+00:00,2019-11-01 05:10:00+00:00,0.0,55500.0,"POLYGON ((164.2 8.1, 167.4 7.3, 160.3 3.4, 164.2 8.1))"
YANKEE 1,2019-11-01 01:34:00+00:00,2019-11-01 05:35:00+00:00,0.0,53000.0,"POLYGON ((137.3 16.5, 141.2 16.4, 137.5 10.3, 137.3 16.5))"
7E,2019-11-01 01:55:00+00:00,2019-11-01 03:55:00+00:00,0.0,45000.0,"POLYGON ((-74.25018020089475 44.909036874887754, -71.42262006000354 44.55461923725309, -72.26488462420694 43.217957214674215, -73.80824029888906 41.93457463950638, -76.21629887957901 42.05651303923057, -74.25018020089475 44.909036874887754))"
6E,2019-11-01 01:55:00+00:00,2019-11-01 03:55:00+00:00,0.0,45000.0,"POLYGON ((-78.9226464540487 36.63475561336929, -76.04142866755981 36.58248473453594, -77.58421713841211 34.58494948539266, -79.20604317188123 32.18138456379657, -80.45862342555714 32.536380255278786, -78.9226464540487 36.63475561336929))"
8E,2019-11-01 01:55:00+00:00,2019-11-01 03:55:00+00:00,0.0,42000.0,"POLYGON ((-82.68423961399448 29.79372404441772, -82.4925626554102 29.736628129083226, -82.70098059028633 29.036947326394678, -82.89265754887062 29.09404324172917, -82.68423961399448 29.79372404441772))"
5E,2019-11-01 01:55:00+00:00,2019-11-01 03:55:00+00:00,0.0,45000.0,"POLYGON ((-76.09887086552386 42.05736689243127, -73.66173955881385 41.93590312779589, -76.06213286470181 36.62278798941983, -78.96393635724141 36.71541408808539, -76.09887086552386 42.05736689243127))"
9E,2019-11-01 02:55:00+00:00,2019-11-01 04:55:00+00:00,0.0,44000.0,"POLYGON ((-75.73322010377767 41.931924712078995, -73.00514164339722 41.704286965602876, -75.1599614385435 36.88546799774109, -78.38329588431625 36.63787463682267, -75.73322010377767 41.931924712078995))"
10E,2019-11-01 02:55:00+00:00,2019-11-01 04:55:00+00:00,0.0,45000.0,"POLYGON ((-75.1599614385435 36.88546799774109, -78.25703945270125 32.877349384187006, -79.88888421467347 32.582499321541114, -78.38329588431625 36.63787463682267, -75.1599614385435 36.88546799774109))"
11E,2019-11-01 02:55:00+00:00,2019-11-01 04:55:00+00:00,0.0,42000.0,"POLYGON ((-74.34353693120671 44.798731012840605, -71.46901199624226 44.63531085523159, -72.96398299991836 41.73521953193784, -75.67917383681434 41.94878968283984, -74.34353693120671 44.798731012840605))"
WHISKEY 5,2019-11-01 03:24:00+00:00,2019-11-01 06:55:00+00:00,0.0,58000.0,"POLYGON ((161.1 11.2, 165.2 11.2, 161.2 6, 161.1 11.2))"
ECHO 5,2019-11-01 03:40:00+00:00,2019-11-01 07:40:00+00:00,0.0,45000.0,"POLYGON ((-49 26.3, -46.45 24.45, -50.15 17.45, -58.45 20, -49 26.3))"
14E,2019-11-01 03:55:00+00:00,2019-11-01 05:55:00+00:00,0.0,45000.0,"POLYGON ((-75.36795729713911 36.887099469221184, -76.37158947890458 34.850221536084156, -78.7939420029141 31.825042268081663, -79.66414237158375 32.120912566492294, -77.71718375288742 36.730807860823106, -75.36795729713911 36.887099469221184))"
12E,2019-11-01 03:55:00+00:00,2019-11-01 05:55:00+00:00,0.0,42000.0,"POLYGON ((-70.79106612174806 44.459853844083476, -72.84786084567502 41.822251151791114, -74.90677989622233 41.931924712078995, -73.54551937701775 44.90398082160027, -70.79106612174806 44.459853844083476))"
13E,2019-11-01 03:55:00+00:00,2019-11-01 05:55:00+00:00,0.0,43000.0,"POLYGON ((-74.90677989622233 41.931924712078995, -73.00514164339722 41.704286965602876, -75.36795729713911 36.887099469221184, -77.71718375288742 36.730807860823106, -74.90677989622233 41.931924712078995))"
ZULU 1,2019-11-01 04:28:00+00:00,2019-11-01 08:28:00+00:00,0.0,45000.0,"POLYGON ((-153 29.4, -150.3 24.4, -154 24, -155.3 28.4, -153 29.4))"
17E,2019-11-01 04:55:00+00:00,2019-11-01 06:55:00+00:00,0.0,45000.0,"POLYGON ((-76.44026876146084 37.35087336123168, -75.04115104063033 37.266384887862195, -77.87 32.85267939837247, -78.47808739264018 33.11885193382826, -77.64742875842444 35.4826757553513, -76.44026876146084 37.35087336123168))"
15E,2019-11-01 04:55:00+00:00,2019-11-01 06:55:00+00:00,0.0,38000.0,"POLYGON ((-73.54551937701775 44.90398082160027, -71.78 44.67089313279082, -73.00514164339722 41.704286965602876, -74.49522538671171 41.80237384005174, -73.54551937701775 44.90398082160027))"
16E,2019-11-01 04:55:00+00:00,2019-11-01 06:55:00+00:00,0.0,42000.0,"POLYGON ((-74.11273924671792 41.83774057979415, -73.00514164339722 41.704286965602876, -75.04115104063033 37.266384887862195, -76.52101352174141 37.50438920196992, -74.11273924671792 41.83774057979415))"
YANKEE 2,2019-11-01 05:15:00+00:00,2019-11-01 09:15:00+00:00,0.0,52000.0,"POLYGON ((136.5 16.5, 147 14.4, 148 13, 137.5 10.1, 136.5 16.5))"
19E,2019-11-01 05:55:00+00:00,2019-11-01 07:55:00+00:00,0.0,45000.0,"POLYGON ((-75.90491082640685 37.124916871343125, -74.74400132292926 36.88111767841492, -77.18711036928703 32.96475210855679, -78.58406964409272 32.372222172806104, -75.90491082640685 37.124916871343125))"
18E,2019-11-01 05:55:00+00:00,2019-11-01 07:55:00+00:00,0.0,42000.0,"POLYGON ((-74.8 39.43273791147279, -73.6706614384017 39.22931115699623, -74.74400132292926 36.88111767841492, -76.04014638597259 37.197302865307286, -74.8 39.43273791147279))"
21E,2019-11-01 05:55:00+00:00,2019-11-01 07:55:00+00:00,0.0,32000.0,"POLYGON ((-72.99031350890526 45.010969060888435, -72.4419900236256 44.69751487357044, -73.03570962037557 42.5543039533695, -73.4808055138448 42.51427455607212, -72.99031350890526 45.010969060888435))"
20E,2019-11-01 05:55:00+00:00,2019-11-01 07:55:00+00:00,0.0,41000.0,"POLYGON ((-78.83640804659295 31.861952177682728, -78.59893688826263 31.654990326569408, -78.94948754776438 30.057157658432068, -79.66751906326984 30.32708456252836, -78.83640804659295 31.861952177682728))"
WHISKEY 6,2019-11-01 06:45:00+00:00,2019-11-01 10:45:00+00:00,0.0,59000.0,"POLYGON ((161 11.2, 165.3 11.2, 164.4 6.5, 161.1 7, 161 11.2))"
22E,2019-11-01 06:55:00+00:00,2019-11-01 08:55:00+00:00,0.0,43000.0,"POLYGON ((-75.1599614385435 36.88546799774109, -74.32809649220896 36.87531786633469, -77.18711036928703 32.96475210855679, -77.87 32.68631044263608, -75.1599614385435 36.88546799774109))"
23E,2019-11-01 06:55:00+00:00,2019-11-01 08:55:00+00:00,0.0,45000.0,"POLYGON ((-77.18711036928703 32.96475210855679, -79.3931486732552 29.289021921839478, -79.46768669100513 30.73768433205955, -77.87 32.68631044263608, -77.18711036928703 32.96475210855679))"
24E,2019-11-01 06:55:00+00:00,2019-11-01 08:55:00+00:00,0.0,45000.0,"POLYGON ((-74.37579280091624 39.02379973727044, -74.19397461909806 39.02379973727044, -74.19397461909806 38.84198155545225, -74.37579280091624 38.84198155545225, -74.37579280091624 39.02379973727044))"
ECHO 6,2019-11-01 07:25:00+00:00,2019-11-01 11:25:00+00:00,0.0,48000.0,"POLYGON ((-47.3 28, -45.3 24, -50 18, -58.3 18.15, -55.45 25, -47.3 28))"
25E,2019-11-01 07:55:00+00:00,2019-11-01 09:55:00+00:00,0.0,44000.0,"POLYGON ((-75.2307883377674 35.93791113212833, -74.47702885257405 35.67489660334179, -76.81696033297256 32.19359480289175, -77.86242363578312 32.10709887104252, -75.2307883377674 35.93791113212833))"
26E,2019-11-01 07:55:00+00:00,2019-11-01 09:55:00+00:00,0.0,45000.0,"POLYGON ((-79.41519412349672 29.897873042671513, -79.10488902531782 30.004244923169015, -79.55948090296553 28.494703860863986, -80.1940263266214 28.96492648435812, -79.41519412349672 29.897873042671513))"
ZULU 2,2019-11-01 08:10:00+00:00,2019-11-01 12:10:00+00:00,0.0,46000.0,"POLYGON ((-151.4 29.4, -149.5 23.4, -152.3 23.1, -155 28.5, -151.4 29.4))"
27E,2019-11-01 08:55:00+00:00,2019-11-01 10:55:00+00:00,0.0,44000.0,"POLYGON ((-74.85328456059213 35.8069919907005, -74.10202207210175 35.54163455364396, -76.81696033297256 32.19359480289175, -77.87 32.51994148689968, -74.85328456059213 35.8069919907005))"
28E,2019-11-01 08:55:00+00:00,2019-11-01 10:55:00+00:00,0.0,43000.0,"POLYGON ((-79.26012456264637 29.95114985645965, -78.94948754776438 30.057157658432068, -79.55948090296553 28.494703860863986, -80.1940263266214 28.96492648435812, -79.26012456264637 29.95114985645965))"
YANKEE 3,2019-11-01 09:00:00+00:00,2019-11-01 13:00:00+00:00,0.0,53000.0,"POLYGON ((139.1 15.5, 142.5 15.4, 143.3 11, 139.4 10.4, 139.1 15.5))"
WHISKEY 7,2019-11-01 09:30:00+00:00,2019-11-01 13:30:00+00:00,0.0,59000.0,"POLYGON ((163.3 13.2, 165.3 6.5, 160.4 6.4, 161.1 13.1, 163.3 13.2))"
29E,2019-11-01 09:55:00+00:00,2019-11-01 11:55:00+00:00,0.0,43000.0,"POLYGON ((-75.32964868748161 34.56621388586957, -75.02904151490385 33.9488575179407, -76.74368634706377 32.03923455358845, -76.96425744252087 32.50218772195476, -75.32964868748161 34.56621388586957))"
30E,2019-11-01 09:55:00+00:00,2019-11-01 11:55:00+00:00,0.0,41000.0,"POLYGON ((-79.41519412349672 29.897873042671513, -78.9551138178474 29.28270511117371, -79.6765721614515 28.393211289781295, -80.1940263266214 28.96492648435812, -79.41519412349672 29.897873042671513))"
31E,2019-11-01 10:55:00+00:00,2019-11-01 12:55:00+00:00,0.0,43000.0,"POLYGON ((-75.17879359740719 34.257627423980296, -74.95457283026558 33.79440484970139, -76.74368634706377 32.03923455358845, -77.0382851343027 32.656419589869714, -75.17879359740719 34.257627423980296))"
32E,2019-11-01 10:55:00+00:00,2019-11-01 12:55:00+00:00,0.0,40000.0,"POLYGON ((-79.26012456264637 29.95114985645965, -78.9551138178474 29.28270511117371, -79.6765721614515 28.393211289781295, -80.0419443341937 28.908478207695236, -79.26012456264637 29.95114985645965))"
ECHO 7,2019-11-01 11:00:00+00:00,2019-11-01 15:00:00+00:00,0.0,48000.0,"POLYGON ((-50 28.3, -43.45 25.15, -48.45 18, -58.3 18.15, -56.45 25.45, -50 28.3))"
ZULU 3,2019-11-01 11:10:00+00:00,2019-11-01 15:10:00+00:00,0.0,47000.0,"POLYGON ((-150.5 29.4, -148.5 26.1, -146 24.2, -151.5 23.2, -154.1 29.1, -150.5 29.4))"
33E,2019-11-01 11:55:00+00:00,2019-11-01 13:55:00+00:00,0.0,43000.0,"POLYGON ((-75.25408200029028 34.411943802892225, -74.8803724193057 33.63990760342029, -75.63977936421509 32.44741231928447, -76.96425744252087 32.50218772195476, -75.25408200029028 34.411943802892225))"
34E,2019-11-01 12:55:00+00:00,2019-11-01 14:55:00+00:00,0.0,41000.0,"POLYGON ((-74.4601793343904 34.835922168434095, -73.34664915708028 33.87342468343201, -76.52533568609658 31.575903377538353, -76.89048327355702 32.347912658677075, -74.4601793343904 34.835922168434095))"
WHISKEY 8,2019-11-01 13:20:00+00:00,2019-11-01 17:20:00+00:00,0.0,59000.0,"POLYGON ((163.1 14.3, 166.5 5.4, 159.3 5.4, 160 14.3, 163.1 14.3))"
FOXTROT 1,2019-11-01 13:50:00+00:00,2019-11-01 17:50:00+00:00,0.0,43000.0,"POLYGON ((-71.90455713784603 34.88614892318447, -76.20455713784602 30.88614892318447, -76.69544286215398 31.413851076815526, -72.39544286215398 35.413851076815526, -71.90455713784603 34.88614892318447))"
ECHO 8,2019-11-01 14:10:00+00:00,2019-11-01 18:10:00+00:00,0.0,48000.0,"POLYGON ((-50 28.45, -44.15 25.45, -50 18, -55.15 18, -60.45 25.3, -50 28.45))"
ZULU 4,2019-11-01 14:20:00+00:00,2019-11-01 18:20:00+00:00,0.0,47000.0,"POLYGON ((-150.3 29.3, -144.3 24.2, -149.3 20.5, -153.5 28.5, -150.3 29.3))"
WHISKEY 9,2019-11-01 15:25:00+00:00,2019-11-01 19:25:00+00:00,0.0,59000.0,"POLYGON ((164 15.1, 167.3 5.3, 159.4 5.1, 159.5 15.1, 164 15.1))"
BRAVO 1,2019-11-01 15:50:00+00:00,2019-11-01 19:50:00+00:00,0.0,45000.0,"POLYGON ((-157.15 42.15, -157.15 33, -160 32.15, -161.15 39.45, -157.15 42.15))"
ECHO 9,2019-11-01 18:00:00+00:00,2019-11-01 22:00:00+00:00,0.0,42000.0,"POLYGON ((-48.45 28.45, -44.15 27.3, -50.3 18, -62 20.15, -60.45 26.15, -48.45 28.45))"
ZULU 5,2019-11-01 18:07:00+00:00,2019-11-01 22:05:00+00:00,0.0,48000.0,"POLYGON ((-150.3 28.5, -146.1 24.5, -149.2 21.3, -148.1 24, -152 27.3, -150.3 28.5))"
BRAVO 2,2019-11-01 18:40:00+00:00,2019-11-01 22:40:00+00:00,0.0,45000.0,"POLYGON ((-156.3 43, -156.15 34, -159.45 32.45, -160.3 41, -156.3 43))"
WHISKEY 10,2019-11-01 19:32:00+00:00,2019-11-01 23:35:00+00:00,,,"POLYGON ((158.4 13.2, 161.3 13, 162.3 5, 161.2 3.3, 160 3.3, 160 1.1, 158.3 1.1, 158.4 13.2))"
ZULU 6,2019-11-01 19:37:00+00:00,2019-11-01 23:35:00+00:00,,,"POLYGON ((-150 29, -145.4 24.5, -149.2 21.1, -148.5 22.5, -151.5 27.1, -153.1 26.4, -153 24.5, -154 25, -155.1 28.3, -150 29))"
ECHO 10,2019-11-01 21:25:00+00:00,2019-11-02 01:25:00+00:00,0.0,42000.0,"POLYGON ((-50.15 28.3, -48.3 18.45, -62.3 19.15, -63 27, -50.15 28.3))"
BRAVO 3,2019-11-01 21:30:00+00:00,2019-11-02 01:30:00+00:00,0.0,43000.0,"POLYGON ((-157.45 41.3, -155 35.45, -163.3 30, -164.45 34.15, -157.45 41.3))"
35E,2019-11-01 21:55:00+00:00,2019-11-01 23:55:00+00:00,0.0,45000.0,"POLYGON ((-80.36999719387997 27.677615955861157, -80.08873438146155 27.56493155135661, -80.11421017338063 26.94298557072694, -80.3793418394289 27.477834381136248, -80.19332291775083 27.46913347420392, -80.31404260041026 26.95117099114647, -80.28856680849118 27.57311697177614, -80.1839782722019 27.66891504892883, -80.36999719387997 27.677615955861157))"
37E,2019-11-01 22:55:00+00:00,2019-11-02 00:55:00+00:00,,,"POLYGON ((-80.42101558219217 25.93853854960879, -80.35070002818185 25.60205238157567, -81.52193516633534 24.70771484354865, -80.23397127230275 25.8677259367634, -80.31786665299511 25.64612482710272, -81.64331272585127 24.86667234744813, -80.47207758769778 25.76100988547516, -80.50491096288452 25.71693743994811, -80.42101558219217 25.93853854960879))"
36E,2019-11-01 22:55:00+00:00,2019-11-02 00:55:00+00:00,0.0,39000.0,"POLYGON ((-80.15986777044931 27.48327103307493, -80.10482490741695 26.790096950097986, -80.30419732685043 26.77426538765962, -80.35924018988278 27.467439470636567, -80.15986777044931 27.48327103307493))"
NOVEMBER 1,2019-11-01 22:55:00+00:00,2019-11-02 02:55:00+00:00,0.0,57000.0,"POLYGON ((149.3 3.5, 157.2 3, 148.2 0, 149.3 3.5))"
ZULU 7,2019-11-01 23:36:00+00:00,2019-11-02 03:40:00+00:00,0.0,42000.0,"POLYGON ((-149.5 29.4, -146 28, -149.5 27.2, -152.3 24.4, -154.1 25.3, -154.4 29.1, -149.5 29.4))"
WHISKEY 11,2019-11-01 23:39:00+00:00,2019-11-02 03:40:00+00:00,0.0,58000.0,"POLYGON ((159.2 14.5, 162.2 13, 163.5 4.5, 162 4, 156.4 11.4, 159.2 14.5))"
40E,2019-11-01 23:55:00+00:00,2019-11-02 01:55:00+00:00,0.0,45000.0,"POLYGON ((-82.1899294074623 26.50718264047396, -81.82629304382593 26.50718264047396, -81.82629304382593 26.143546276837593, -82.1899294074623 26.143546276837593, -82.1899294074623 26.50718264047396))"
38E,2019-11-01 23:55:00+00:00,2019-11-02 01:55:00+00:00,0.0,33000.0,"POLYGON ((-80.16021948462988 27.48687297717699, -80.05251052146417 26.557938207300477, -80.25117951253651 26.534902756657996, -80.35888847570222 27.46383752653451, -80.16021948462988 27.48687297717699))"
39E,2019-11-01 23:55:00+00:00,2019-11-02 01:55:00+00:00,0.0,45000.0,"POLYGON ((-80.42842353336849 25.85524955816468, -80.84530087005747 25.28777385273359, -81.3488290158478 24.998234947041666, -81.08287755621247 25.797795738054837, -80.42842353336849 25.85524955816468))"
1E,2019-11-02 00:55:00+00:00,2019-11-02 02:55:00+00:00,0.0,45000.0,"POLYGON ((-80.54185196553956 26.035046574174213, -80.9301187995611 25.210354803629514, -81.58916954863697 25.050967532639838, -81.35641043642329 25.607146818438366, -80.54185196553956 26.035046574174213))"
2E,2019-11-02 00:55:00+00:00,2019-11-02 02:55:00+00:00,0.0,37000.0,"POLYGON ((-82.1899294074623 26.50718264047396, -81.82629304382593 26.50718264047396, -81.82629304382593 26.143546276837593, -82.1899294074623 26.143546276837593, -82.1899294074623 26.50718264047396))"
ECHO 11,2019-11-02 01:10:00+00:00,2019-11-02 05:10:00+00:00,0.0,46000.0,"POLYGON ((-55.45 31, -47 22.45, -57 18, -65.15 21.3, -55.45 31))"
BRAVO 4,2019-11-02 01:10:00+00:00,2019-11-02 05:10:00+00:00,0.0,45000.0,"POLYGON ((-156.3 42.15, -153.45 36.45, -162.3 31, -162 35.15, -156.3 42.15))"
3E,2019-11-02 01:55:00+00:00,2019-11-02 03:55:00+00:00,0.0,45000.0,"POLYGON ((-81.78 25.531786265581648, -81.13132408181599 25.479191370833874, -81.1500602686632 25.176804459684146, -81.8 25.08910686720918, -81.78 25.531786265581648))"
4E,2019-11-02 01:55:00+00:00,2019-11-02 03:55:00+00:00,0.0,45000.0,"POLYGON ((-82.1899294074623 26.50718264047396, -81.82629304382593 26.50718264047396, -81.82629304382593 26.143546276837593, -82.1899294074623 26.143546276837593, -82.1899294074623 26.50718264047396))"
NOVEMBER 2,2019-11-02 02:27:00+00:00,2019-11-02 06:25:00+00:00,0.0,54000.0,"POLYGON ((147.4 4, 155.4 2, 148.3 0.1, 147.4 4))"
ZULU 8,2019-11-02 02:34:00+00:00,2019-11-02 06:35:00+00:00,0.0,42000.0,"POLYGON ((-152.1 28.5, -147.1 25, -153.2 27.2, -152.1 28.5))"
6E,2019-11-02 02:55:00+00:00,2019-11-02 04:55:00+00:00,0.0,45000.0,"POLYGON ((-82.3945915079927 26.49563879026795, -81.84913696253817 26.49563879026795, -81.84913696253817 25.950184244813403, -82.3945915079927 25.950184244813403, -82.3945915079927 26.49563879026795))"
5E,2019-11-02 02:55:00+00:00,2019-11-02 04:55:00+00:00,0.0,45000.0,"POLYGON ((-82.02727272727273 25.395556484956305, -81.57272727272726 25.395556484956305, -81.57272727272726 24.941011030410852, -82.02727272727273 24.941011030410852, -82.02727272727273 25.395556484956305))"
WHISKEY 12,2019-11-02 03:27:00+00:00,2019-11-02 07:30:00+00:00,0.0,56000.0,"POLYGON ((157.4 15.1, 162.3 14.2, 157.1 9.3, 157.4 15.1))"
ECHO 12,2019-11-02 03:30:00+00:00,2019-11-02 07:30:00+00:00,0.0,48000.0,"POLYGON ((-53.3 26, -51.3 18, -57 18, -62 19.45, -63 24.3, -53.3 26))"
BRAVO 5,2019-11-02 03:35:00+00:00,2019-11-02 07:35:00+00:00,0.0,46000.0,"POLYGON ((-155.3 41, -155 34, -158.15 33, -158.45 39.3, -155.3 41))"
7E,2019-11-02 03:55:00+00:00,2019-11-02 05:55:00+00:00,,,"POLYGON ((-81.8528242839371 26.46654844942432, -81.84130195509614 24.90008940135968, -81.88233763652745 24.98012221702392, -81.67047666688478 24.8254618472374, -82.04129654475291 24.89861831060165, -82.05281887359386 26.46507735866629, -81.78839989367893 24.66392512515089, -82.0002608633216 24.81858549493741, -81.8528242839371 26.46654844942432))"
8E,2019-11-02 04:55:00+00:00,2019-11-02 06:55:00+00:00,,,"POLYGON ((-81.85622410657531 26.37302500350022, -81.84130438154301 24.9003669193366, -81.84729053665058 24.93344728391883, -81.74941152798561 24.66355715501153, -82.04129411830604 24.89834079262473, -82.05621384333834 26.37099887678835, -81.93742895453352 24.59537029913519, -82.03530796319848 24.8652604280425, -81.85622410657531 26.37302500350022))"
9E,2019-11-02 04:55:00+00:00,2019-11-02 06:55:00+00:00,0.0,40000.0,"POLYGON ((-79.84115766649371 27.214047416046814, -80.09 26.535429060579105, -80.53779275310153 26.513323578505126, -80.49 27.24628718173732, -79.84115766649371 27.214047416046814))"
GOLF 1,2019-11-02 05:30:00+00:00,2019-11-02 09:30:00+00:00,0.0,35000.0,"POLYGON ((-61.15 42, -59.3 41.3, -67.3 36.15, -68.3 37, -61.15 42))"
10E,2019-11-02 05:55:00+00:00,2019-11-02 07:55:00+00:00,0.0,44000.0,"POLYGON ((-82.34877046593833 26.017738104960138, -82.10585886071604 25.257520810066943, -82.4778783865866 25.201840925930934, -82.57488417181274 25.81221170199911, -82.34877046593833 26.017738104960138))"
NOVEMBER 3,2019-11-02 06:17:00+00:00,2019-11-02 10:15:00+00:00,0.0,54000.0,"POLYGON ((146.4 5.2, 153.2 4.2, 144.1 0, 146.4 5.2))"
ZULU 9,2019-11-02 06:25:00+00:00,2019-11-02 10:25:00+00:00,0.0,43000.0,"POLYGON ((-150 27.5, -145.3 24.4, -150.2 24.3, -150 27.5))"
12E,2019-11-02 06:55:00+00:00,2019-11-02 08:55:00+00:00,0.0,38000.0,"POLYGON ((-80.14465225522746 27.37289083983201, -79.90358992038874 27.080576602942866, -80.4341532014808 26.98626624614, -80.49 27.24628718173732, -80.14465225522746 27.37289083983201))"
11E,2019-11-02 06:55:00+00:00,2019-11-02 08:55:00+00:00,0.0,45000.0,"POLYGON ((-82.34877046593833 26.017738104960138, -82.16743181149891 25.390949368690812, -82.70534467363578 25.40510014133861, -82.6876465156075 25.70931751315879, -82.34877046593833 26.017738104960138))"
WHISKEY 13,2019-11-02 07:15:00+00:00,2019-11-02 11:15:00+00:00,0.0,59000.0,"POLYGON ((156.1 16.5, 160.4 16.3, 160.1 8.2, 156.2 8.3, 156.1 16.5))"
ECHO 13,2019-11-02 07:30:00+00:00,2019-11-02 11:30:00+00:00,,,"POLYGON ((-53.3 27, -50.45 22, -52 18, -57.3 18, -62 19.45, -63 24.3, -53.3 27))"
BRAVO 6,2019-11-02 07:30:00+00:00,2019-11-02 11:30:00+00:00,0.0,50000.0,"POLYGON ((-155.3 37.3, -155.15 34, -158 33, -158.15 36.45, -155.3 37.3))"
13E,2019-11-02 07:55:00+00:00,2019-11-02 09:55:00+00:00,0.0,38000.0,"POLYGON ((-82.34877046593833 26.017738104960138, -82.10585886071604 25.257520810066943, -82.36443033925931 25.10008101007333, -82.46192584628776 25.915018749823794, -82.34877046593833 26.017738104960138))"
GOLF 2,2019-11-02 09:00:00+00:00,2019-11-02 13:00:00+00:00,0.0,35000.0,"POLYGON ((-61.15 41.45, -58.15 41.45, -66.15 37, -66.3 38.3, -61.15 41.45))"
NOVEMBER 4,2019-11-02 09:39:00+00:00,2019-11-02 13:40:00+00:00,0.0,56000.0,"POLYGON ((146 6.1, 150.5 3.3, 141.2 0, 141.2 4, 146 6.1))"
ZULU 10,2019-11-02 09:43:00+00:00,2019-11-02 13:45:00+00:00,0.0,47000.0,"POLYGON ((-150 27.5, -146.1 25.5, -146.3 22, -149.2 23.3, -150 27.5))"
WHISKEY 14,2019-11-02 10:26:00+00:00,2019-11-02 14:30:00+00:00,0.0,60000.0,"POLYGON ((155.3 18.1, 160 18, 158.3 9.5, 155.3 10.2, 155.3 18.1))"
ECHO 14,2019-11-02 11:15:00+00:00,2019-11-02 15:15:00+00:00,,,"POLYGON ((-56.15 27.3, -53.3 27.15, -50.15 23, -52 18, -54.45 18, -61 19.15, -59.45 21, -54.3 21.3, -56.15 27.3))"
BRAVO 7,2019-11-02 11:15:00+00:00,2019-11-02 15:15:00+00:00,0.0,50000.0,"POLYGON ((-156.45 37.3, -154.3 36.3, -154 32.45, -156.45 33.45, -156.45 37.3))"
14E,2019-11-02 11:55:00+00:00,2019-11-02 13:55:00+00:00,0.0,45000.0,"POLYGON ((-83.2519906628826 25.300725075616217, -82.70653611742807 25.300725075616217, -82.70653611742807 24.75527053016167, -83.2519906628826 24.75527053016167, -83.2519906628826 25.300725075616217))"
15E,2019-11-02 12:55:00+00:00,2019-11-02 14:55:00+00:00,0.0,44000.0,"POLYGON ((-82.97674422181844 26.477122866635312, -82.47751646644615 24.84314904610989, -83.446579596148 24.581047462766715, -83.99087710633145 26.098574124334636, -83.6011659730496 26.454944154176626, -82.97674422181844 26.477122866635312))"
ZULU 11,2019-11-02 13:26:00+00:00,2019-11-02 17:30:00+00:00,0.0,45000.0,"POLYGON ((-145.5 26.5, -144.3 23.3, -149 22.3, -148 26.3, -145.5 26.5))"
NOVEMBER 5,2019-11-02 13:30:00+00:00,2019-11-02 17:30:00+00:00,0.0,55000.0,"POLYGON ((146.2 7, 149.4 4.2, 141 0, 141 5.3, 146.2 7))"
16E,2019-11-02 13:55:00+00:00,2019-11-02 15:55:00+00:00,0.0,45000.0,"POLYGON ((-82.82147967814069 26.138947310243392, -82.38858985841404 24.810154482990676, -83.23085791503898 24.5832395841016, -83.80395292100026 26.269910764870556, -82.82147967814069 26.138947310243392))"
WHISKEY 15,2019-11-02 14:26:00+00:00,2019-11-02 18:25:00+00:00,0.0,60000.0,"POLYGON ((155 18.4, 160.3 18, 158.3 9.4, 157.5 9.3, 154.4 10.1, 155 18.4))"
ECHO 15,2019-11-02 14:45:00+00:00,2019-11-02 18:45:00+00:00,0.0,45000.0,"POLYGON ((-56.15 28.45, -52.15 27.45, -50.3 21.15, -52 18, -61 19, -61.15 23, -54 21.3, -56.15 28.45))"
BRAVO 8,2019-11-02 14:50:00+00:00,2019-11-02 18:50:00+00:00,0.0,45000.0,"POLYGON ((-157.15 39.15, -152.45 37.45, -153.15 32, -154.3 32.15, -157.15 39.15))"
NOVEMBER 6,2019-11-02 15:10:00+00:00,2019-11-02 19:10:00+00:00,0.0,56000.0,"POLYGON ((134.2 7, 149.1 6, 141.1 0, 141.1 3.3, 134.4 3.3, 134.2 7))"
ZULU 12,2019-11-02 15:24:00+00:00,2019-11-02 19:25:00+00:00,0.0,43000.0,"POLYGON ((-144.4 25.3, -144.3 22.3, -146.4 25.1, -144.4 25.3))"
ECHO 16,2019-11-02 16:50:00+00:00,2019-11-02 20:50:00+00:00,0.0,42000.0,"POLYGON ((-56.45 23.3, -54.3 22.45, -56.3 18.15, -58 18.3, -56.45 23.3))"
WHISKEY 16,2019-11-02 17:47:00+00:00,2019-11-02 21:45:00+00:00,0.0,60000.0,"POLYGON ((154.5 15.4, 160.2 15.3, 154.2 10, 154.5 15.4))"
BRAVO 9,2019-11-02 18:30:00+00:00,2019-11-02 22:30:00+00:00,0.0,48000.0,"POLYGON ((-152.3 41, -150.45 32.3, -153.3 32.3, -157.15 40, -152.3 41))"
17E,2019-11-02 18:55:00+00:00,2019-11-02 20:55:00+00:00,0.0,41000.0,"POLYGON ((-77.33697775851961 33.27290691262983, -75.91327822438343 32.68738613299373, -77.44288425641814 30.62787477486037, -79.36799617291318 31.504854143236706, -77.33697775851961 33.27290691262983))"
NOVEMBER 7,2019-11-02 18:55:00+00:00,2019-11-02 22:55:00+00:00,0.0,57000.0,"POLYGON ((145.3 7.5, 147.3 2, 141.1 3.3, 132.1 3.2, 132.1 6.1, 145.3 7.5))"
ZULU 13,2019-11-02 19:19:00+00:00,2019-11-02 23:20:00+00:00,0.0,44000.0,"POLYGON ((-145.5 24.3, -143.2 24.1, -147.2 22, -145.5 24.3))"
18E,2019-11-02 19:55:00+00:00,2019-11-02 21:55:00+00:00,0.0,43000.0,"POLYGON ((-76.74267961425703 33.40369288731016, -75.63977936421509 32.44741231928447, -76.38097257791527 31.26681110464502, -78.04244026577516 32.173763670293084, -76.74267961425703 33.40369288731016))"
ECHO 17,2019-11-02 20:40:00+00:00,2019-11-03 00:40:00+00:00,0.0,48000.0,"POLYGON ((-58.3 24.45, -54 23.3, -54.3 18.15, -59.15 18, -61.15 24, -58.3 24.45))"
HOTEL 1,2019-11-02 20:40:00+00:00,2019-11-03 00:40:00+00:00,0.0,40000.0,"POLYGON ((-71.15 34.15, -72.45 32.15, -76.45 31.3, -77 32.45, -71.15 34.15))"
19E,2019-11-02 20:55:00+00:00,2019-11-02 22:55:00+00:00,0.0,38000.0,"POLYGON ((-76.18824930117962 32.92676335171022, -75.77634587804195 32.567473258060815, -76.59787624662071 31.730388451360884, -76.89048327355702 32.347912658677075, -76.18824930117962 32.92676335171022))"
PAPA 1,2019-11-02 21:11:00+00:00,2019-11-03 01:10:00+00:00,0.0,59000.0,"POLYGON ((161 9.3, 160.5 4.2, 157.5 9, 161 9.3))"
BRAVO 10,2019-11-02 22:20:00+00:00,2019-11-03 02:20:00+00:00,0.0,45000.0,"POLYGON ((-152 41.15, -148.15 34, -151.15 31.45, -155.3 38.45, -152 41.15))"
NOVEMBER 8,2019-11-02 22:40:00+00:00,2019-11-03 02:40:00+00:00,0.0,57000.0,"POLYGON ((136.3 10, 144.3 7, 141.1 0.4, 141.1 3.2, 132.1 3.3, 132 7.1, 136.3 10))"
20E,2019-11-02 23:55:00+00:00,2019-11-03 01:55:00+00:00,0.0,45000.0,"POLYGON ((-81.41738784255888 25.28189919189151, -81.0537514789225 25.28189919189151, -81.0537514789225 24.918262828255145, -81.41738784255888 24.918262828255145, -81.41738784255888 25.28189919189151))"
ECHO 18,2019-11-03 00:20:00+00:00,2019-11-03 04:20:00+00:00,0.0,50000.0,"POLYGON ((-57.15 27, -53 24, -53.3 18, -57.45 18, -61.3 22.45, -57.15 27))"
HOTEL 2,2019-11-03 00:20:00+00:00,2019-11-03 04:20:00+00:00,0.0,41000.0,"POLYGON ((-70 34.3, -71.15 32, -74.3 32, -75.15 33.15, -70 34.3))"
PAPA 2,2019-11-03 00:50:00+00:00,2019-11-03 04:50:00+00:00,0.0,60000.0,"POLYGON ((159.5 9.2, 159.4 4, 156.4 9.1, 159.5 9.2))"
1E,2019-11-03 00:55:00+00:00,2019-11-03 02:55:00+00:00,0.0,45000.0,"POLYGON ((-81.61841425691901 26.529908942763385, -80.92230491173005 25.79858926089646, -81.21141014158597 24.810154482990676, -81.8 24.59, -81.78 25.951716242316426, -81.61841425691901 26.529908942763385))"
2E,2019-11-03 00:55:00+00:00,2019-11-03 02:55:00+00:00,0.0,22000.0,"POLYGON ((-81.00977091369833 42.03458564087832, -80.64613455006196 42.03458564087832, -80.64613455006196 41.67094927724196, -81.00977091369833 41.67094927724196, -81.00977091369833 42.03458564087832))"
INDIA 1,2019-11-03 01:30:00+00:00,2019-11-03 05:30:00+00:00,0.0,41000.0,"POLYGON ((-61.3 41.15, -66.3 37, -68.45 37.15, -66.45 41, -61.3 41.15))"
4E,2019-11-03 01:55:00+00:00,2019-11-03 03:55:00+00:00,,,"POLYGON ((-78.43364076141393 42.96558350134629, -78.67386921707546 42.97828679808772, -78.75027210130192 42.94872301164337, -79.27782549074965 42.41497403399392, -78.68443047447977 42.77856584314799, -78.44420201881823 42.76586254640655, -79.13558097970105 42.27438065194288, -78.60802759025331 42.80812962959234, -78.43364076141393 42.96558350134629))"
3E,2019-11-03 01:55:00+00:00,2019-11-03 03:55:00+00:00,0.0,45000.0,"POLYGON ((-81.32458304495547 26.12036921315133, -81.02004213063793 25.521504637156102, -81.35875270295656 24.755331308819844, -81.8 24.15628718173732, -81.78 25.80714530289553, -81.32458304495547 26.12036921315133))"
NOVEMBER 9,2019-11-03 02:32:00+00:00,2019-11-03 06:35:00+00:00,0.0,55000.0,"POLYGON ((132 5.4, 135.3 5, 132 3.2, 132 5.4))"
6E,2019-11-03 02:55:00+00:00,2019-11-03 04:55:00+00:00,0.0,24000.0,"POLYGON ((-79.84404677292763 42.536518172551084, -79.48041040929125 42.536518172551084, -79.48041040929125 42.172881808914724, -79.84404677292763 42.172881808914724, -79.84404677292763 42.536518172551084))"
5E,2019-11-03 02:55:00+00:00,2019-11-03 04:55:00+00:00,0.0,43000.0,"POLYGON ((-81.47259435626313 25.861840458951395, -81.43256818850108 25.390949368690812, -81.48202069445524 24.58966613009459, -81.9819489945807 24.18919250001157, -82.14846741448106 25.72813089999493, -81.47259435626313 25.861840458951395))"
PAPA 3,2019-11-03 03:14:00+00:00,2019-11-03 07:15:00+00:00,0.0,59000.0,"POLYGON ((158.1 10.1, 160 4, 154.5 9.4, 158.1 10.1))"
7E,2019-11-03 03:55:00+00:00,2019-11-03 05:55:00+00:00,0.0,41000.0,"POLYGON ((-81.47259435626313 25.861840458951395, -81.8 24.15628718173732, -82.24823357283024 24.180429518358576, -81.78 25.80714530289553, -81.47259435626313 25.861840458951395))"
ECHO 19,2019-11-03 04:00:00+00:00,2019-11-03 08:00:00+00:00,0.0,50000.0,"POLYGON ((-53 24, -52.45 18, -58 17.45, -58 22, -53 24))"
JULIETT 1,2019-11-03 04:30:00+00:00,2019-11-03 08:30:00+00:00,0.0,40000.0,"POLYGON ((-68 37, -67.3 34.3, -70 32.45, -73.3 32, -74.15 33.45, -68 37))"
8E,2019-11-03 04:55:00+00:00,2019-11-03 06:55:00+00:00,0.0,42000.0,"POLYGON ((-81.37674800908502 25.511635231589047, -82.18703394435816 24.2365843602959, -82.47476600638134 24.33383181731258, -82.15226527965021 25.35811317607286, -81.37674800908502 25.511635231589047))"
INDIA 2,2019-11-03 05:30:00+00:00,2019-11-03 09:30:00+00:00,0.0,38000.0,"POLYGON ((-61.3 42.45, -60.15 41, -66.3 38, -67.45 39, -61.3 42.45))"
9E,2019-11-03 05:55:00+00:00,2019-11-03 07:55:00+00:00,0.0,42000.0,"POLYGON ((-81.8 25.421844778681965, -82.05826317622365 24.354498769588655, -82.47476600638134 24.33383181731258, -82.22325199091499 25.511635231589047, -81.8 25.421844778681965))"
NOVEMBER 10,2019-11-03 06:18:00+00:00,2019-11-03 10:20:00+00:00,,,"POLYGON ((136.5 9, 140.5 7.3, 138.1 5.5, 136 4.2, 132 4.5, 132 5.5, 130 8.1, 136.5 9))"
10E,2019-11-03 06:55:00+00:00,2019-11-03 08:55:00+00:00,0.0,44000.0,"POLYGON ((-81.8 25.421844778681965, -82.05826317622365 24.354498769588655, -82.64302907886804 24.269323624401174, -82.15226527965021 25.35811317607286, -81.8 25.421844778681965))"
PAPA 4,2019-11-03 07:04:00+00:00,2019-11-03 11:05:00+00:00,0.0,59000.0,"POLYGON ((157.4 10.1, 158.2 3, 153.3 10, 157.4 10.1))"
ECHO 20,2019-11-03 07:45:00+00:00,2019-11-03 11:45:00+00:00,0.0,48000.0,"POLYGON ((-57.45 25, -52.45 20.15, -54 18, -57 18, -55.3 21.15, -58.15 21.3, -57.45 25))"
11E,2019-11-03 07:55:00+00:00,2019-11-03 09:55:00+00:00,0.0,31000.0,"POLYGON ((-81.9831173676868 24.99058746653026, -82.02447990528411 24.385379586151814, -82.6789928245153 24.255503404830634, -82.25117098415221 24.998234947041666, -81.9831173676868 24.99058746653026))"
CHARLIE 1,2019-11-03 08:00:00+00:00,2019-11-03 12:00:00+00:00,0.0,45000.0,"POLYGON ((-154.45 38.15, -150.3 35.3, -153.3 31, -155.45 32.3, -154.45 38.15))"
JULIETT 2,2019-11-03 08:15:00+00:00,2019-11-03 12:15:00+00:00,0.0,40000.0,"POLYGON ((-67.45 36.3, -68.45 33, -72.15 33.45, -71.15 35.45, -67.45 36.3))"
12E,2019-11-03 08:55:00+00:00,2019-11-03 10:55:00+00:00,0.0,35000.0,"POLYGON ((-82.47949894932313 24.901063573899766, -82.29768076750494 24.901063573899766, -82.29768076750494 24.719245392081586, -82.47949894932313 24.719245392081586, -82.47949894932313 24.901063573899766))"
INDIA 3,2019-11-03 09:00:00+00:00,2019-11-03 13:00:00+00:00,0.0,40000.0,"POLYGON ((-63.15 41.15, -62.15 40, -66 37.45, -66 39.45, -63.15 41.15))"
NOVEMBER 11,2019-11-03 10:10:00+00:00,2019-11-03 14:10:00+00:00,0.0,55000.0,"POLYGON ((132 8.4, 133.2 4, 132 5.5, 130 5.5, 130 8.3, 132 8.4))"
PAPA 5,2019-11-03 10:13:00+00:00,2019-11-03 14:15:00+00:00,0.0,59000.0,"POLYGON ((153.2 10, 157.2 9.5, 152.1 4.2, 153.2 10))"
13E,2019-11-03 10:55:00+00:00,2019-11-03 12:55:00+00:00,0.0,45000.0,"POLYGON ((-79.83698826035092 27.67846918322073, -79.67373961519705 27.67760811963143, -80.14465225522746 27.37289083983201, -80.18865059497637 27.569024261566376, -79.83698826035092 27.67846918322073))"
ECHO 21,2019-11-03 11:45:00+00:00,2019-11-03 15:45:00+00:00,0.0,48000.0,"POLYGON ((-56.3 23.45, -58 20, -59.45 20, -59.15 23.45, -56.3 23.45))"
14E,2019-11-03 11:55:00+00:00,2019-11-03 13:55:00+00:00,0.0,40000.0,"POLYGON ((-79.67373961519705 27.67760811963143, -79.0400697088157 27.06341073210027, -79.76640498994179 26.679633382888714, -80.14465225522746 27.37289083983201, -79.67373961519705 27.67760811963143))"
CHARLIE 2,2019-11-03 12:00:00+00:00,2019-11-03 16:00:00+00:00,0.0,45000.0,"POLYGON ((-154 40, -150 38.3, -148.3 32.15, -151.15 30.3, -154.15 34.45, -154 40))"
OSCAR 4,2019-11-03 12:43:00+00:00,2019-11-03 16:45:00+00:00,0.0,59000.0,"POLYGON ((158.2 19.3, 159.2 12.4, 151.1 18.3, 158.2 19.3))"
15E,2019-11-03 12:55:00+00:00,2019-11-03 14:55:00+00:00,0.0,40000.0,"POLYGON ((-79.51049382958965 27.676555728962477, -79.19049584944513 27.009114035463508, -79.76640498994179 26.679633382888714, -80.09 27.113712818262687, -79.51049382958965 27.676555728962477))"
16E,2019-11-03 12:55:00+00:00,2019-11-03 14:55:00+00:00,0.0,38000.0,"POLYGON ((-82.66579326272183 25.9031207929082, -82.48397508090365 25.9031207929082, -82.48397508090365 25.72130261109002, -82.66579326272183 25.72130261109002, -82.66579326272183 25.9031207929082))"
ECHO 22,2019-11-03 13:45:00+00:00,2019-11-03 17:45:00+00:00,0.0,45000.0,"POLYGON ((-57.3 28.15, -55.45 24, -57.45 18.45, -59.3 18.3, -61.45 24.15, -57.3 28.15))"
PAPA 6,2019-11-03 14:02:00+00:00,2019-11-03 18:00:00+00:00,0.0,59000.0,"POLYGON ((153.2 9.4, 156.2 9, 152.1 4.2, 153.2 9.4))"
CHARLIE 3,2019-11-03 14:35:00+00:00,2019-11-03 18:35:00+00:00,0.0,45000.0,"POLYGON ((-154.3 38.3, -147.15 37.15, -146.45 33.3, -149.3 30.15, -153.45 30.15, -154.3 38.3))"
17E,2019-11-03 14:55:00+00:00,2019-11-03 16:55:00+00:00,0.0,34000.0,"POLYGON ((-82.79625376454487 25.4960092322477, -82.61443558272668 25.4960092322477, -82.61443558272668 25.31419105042952, -82.79625376454487 25.31419105042952, -82.79625376454487 25.4960092322477))"
18E,2019-11-03 15:55:00+00:00,2019-11-03 17:55:00+00:00,0.0,34000.0,"POLYGON ((-82.68242524539878 25.39442324243922, -82.50060706358059 25.39442324243922, -82.50060706358059 25.21260506062104, -82.68242524539878 25.21260506062104, -82.68242524539878 25.39442324243922))"
ECHO 23,2019-11-03 17:40:00+00:00,2019-11-03 21:40:00+00:00,0.0,45000.0,"POLYGON ((-56.3 26.3, -55 23, -60 19, -62.15 24, -56.3 26.3))"
CHARLIE 4,2019-11-03 18:25:00+00:00,2019-11-03 22:25:00+00:00,0.0,45000.0,"POLYGON ((-154.3 39.15, -151.15 38.3, -145.45 34.15, -148.3 30.15, -152 30, -154.3 39.15))"
ECHO 24,2019-11-03 20:40:00+00:00,2019-11-04 00:40:00+00:00,0.0,45000.0,"POLYGON ((-58 28.3, -54.3 26.3, -54.3 21.15, -60 18, -61.45 19.15, -58 28.3))"
CHARLIE 5,2019-11-03 20:45:00+00:00,2019-11-04 00:45:00+00:00,0.0,45000.0,"POLYGON ((-151.45 40.15, -143.45 36, -147 30, -150.45 30, -151.45 40.15))"
19E,2019-11-03 23:55:00+00:00,2019-11-04 01:55:00+00:00,,,"POLYGON ((-81.82922272005932 24.79153588917474, -81.69533311800357 24.76731821521461, -81.72702256611029 24.76794555538024, -81.53008150610438 24.79556939628269, -81.73093106455009 24.57051174631261, -81.86482066660584 24.59472942027275, -81.50230055643746 24.59750824704942, -81.69924161644337 24.56988440614698, -81.82922272005932 24.79153588917474))"
ECHO 25,2019-11-04 00:30:00+00:00,2019-11-04 04:30:00+00:00,0.0,49000.0,"POLYGON ((-55.45 29.15, -53.15 23.45, -57.45 18, -62 18, -60.45 28.3, -55.45 29.15))"
CHARLIE 6,2019-11-04 00:30:00+00:00,2019-11-04 04:30:00+00:00,0.0,45000.0,"POLYGON ((-150.45 41.15, -142.15 37.3, -144.15 30.3, -148.3 30.15, -150.45 41.15))"
1E,2019-11-04 00:55:00+00:00,2019-11-04 02:55:00+00:00,0.0,36000.0,"POLYGON ((-82.09433300519439 24.874003451151154, -81.73069664155801 24.874003451151154, -81.73069664155801 24.510367087514787, -82.09433300519439 24.510367087514787, -82.09433300519439 24.874003451151154))"
KILO 1,2019-11-04 02:10:00+00:00,2019-11-04 06:10:00+00:00,0.0,45000.0,"POLYGON ((-52.45 42.3, -53.3 40, -59.45 35.45, -58.15 39, -52.45 42.3))"
ECHO 26,2019-11-04 04:10:00+00:00,2019-11-04 08:10:00+00:00,0.0,50000.0,"POLYGON ((-55.15 28.45, -52.3 23.15, -58.15 18, -62.15 18, -62 25.45, -55.15 28.45))"
CHARLIE 7,2019-11-04 04:20:00+00:00,2019-11-04 08:20:00+00:00,0.0,45000.0,"POLYGON ((-146.3 40.3, -141.15 37.45, -142.45 31, -147.15 30.3, -149.3 39.3, -146.3 40.3))"
KILO 2,2019-11-04 06:00:00+00:00,2019-11-04 10:00:00+00:00,0.0,35000.0,"POLYGON ((-52.15 42.45, -52.3 40.15, -58.45 36.45, -57.3 39.3, -52.15 42.45))"
ECHO 27,2019-11-04 08:00:00+00:00,2019-11-04 12:00:00+00:00,0.0,48000.0,"POLYGON ((-55.3 28.45, -53.15 23.15, -58.3 18.45, -62 22.3, -60.15 25.45, -55.3 28.45))"
KILO 3,2019-11-04 09:45:00+00:00,2019-11-04 13:45:00+00:00,0.0,35000.0,"POLYGON ((-53.3 42, -54.3 39, -60.15 36.15, -57.45 40, -53.3 42))"
ECHO 28,2019-11-04 11:45:00+00:00,2019-11-04 15:45:00+00:00,0.0,48000.0,"POLYGON ((-54.15 28.45, -53.3 24.3, -56.3 20, -62 20.3, -62 24, -54.15 28.45))"
KILO 4,2019-11-04 13:30:00+00:00,2019-11-04 17:30:00+00:00,0.0,43000.0,"POLYGON ((-52 42.45, -53.3 39, -58.3 36.45, -54.45 42, -52 42.45))"
ECHO 29,2019-11-04 13:35:00+00:00,2019-11-04 17:35:00+00:00,0.0,43000.0,"POLYGON ((-55.45 25.15, -55.15 21.15, -61.3 20, -62.45 21, -61 24.45, -55.45 25.15))"
KILO 5,2019-11-04 15:30:00+00:00,2019-11-04 19:30:00+00:00,0.0,45000.0,"POLYGON ((-52.45 42, -50 41.3, -57.15 35.3, -59.15 36, -52.45 42))"
DELTA 1,2019-11-04 15:45:00+00:00,2019-11-04 19:45:00+00:00,0.0,50000.0,"POLYGON ((-122 16, -120.15 15.45, -120.3 9.15, -126.3 8.45, -127 10.3, -123 11.45, -122 16))"
2E,2019-11-04 17:55:00+00:00,2019-11-04 19:55:00+00:00,0.0,44000.0,"POLYGON ((-80.90312854410428 28.06608021598856, -80.5394921804679 28.06608021598856, -80.5394921804679 27.702443852352193, -80.90312854410428 27.702443852352193, -80.90312854410428 28.06608021598856))"
LIMA 1,2019-11-04 18:25:00+00:00,2019-11-04 22:25:00+00:00,0.0,45000.0,"POLYGON ((-61.3 26, -59 21, -64.3 18.3, -64.45 20.15, -62.15 21.45, -61.3 26))"
3E,2019-11-04 18:55:00+00:00,2019-11-04 20:55:00+00:00,0.0,45000.0,"POLYGON ((-81.01911070742541 28.168066224721162, -80.65547434378904 28.168066224721162, -80.65547434378904 27.804429861084795, -81.01911070742541 27.804429861084795, -81.01911070742541 28.168066224721162))"
4E,2019-11-04 18:55:00+00:00,2019-11-04 20:55:00+00:00,0.0,31000.0,"POLYGON ((-85.06964265620995 28.66571736072524, -85.03378304165044 27.892901957712716, -85.23356808094219 27.883631678580294, -85.2694276955017 28.656447081592816, -85.06964265620995 28.66571736072524))"
KILO 6,2019-11-04 19:15:00+00:00,2019-11-04 23:15:00+00:00,0.0,45000.0,"POLYGON ((-51.15 42, -49.3 41.3, -55.45 36, -57.45 36.15, -51.15 42))"
DELTA 2,2019-11-04 19:20:00+00:00,2019-11-04 23:20:00+00:00,0.0,50000.0,"POLYGON ((-120.15 16, -120.3 9.15, -126 8.45, -126.45 10.15, -123.15 12, -122.3 15.45, -120.15 16))"
5E,2019-11-04 19:55:00+00:00,2019-11-04 21:55:00+00:00,0.0,38000.0,"POLYGON ((-80.57287419208893 28.82836338633747, -80.09 26.68, -81.01910447041341 27.208433498959586, -81.34 28.54, -80.57287419208893 28.82836338633747))"
6E,2019-11-04 20:55:00+00:00,2019-11-04 22:55:00+00:00,0.0,42000.0,"POLYGON ((-79.61806802467412 29.291709981274753, -79.91008345194146 28.189927036944724, -80.73055539803953 28.759938847197883, -79.61806802467412 29.291709981274753))"
8E,2019-11-04 21:55:00+00:00,2019-11-04 23:55:00+00:00,,,"POLYGON ((-82.30411849731301 27.40549217626189, -81.52111153911133 26.59956109217343, -81.60471421197532 26.62916973683672, -80.35176004131826 26.77907329270213, -81.66455829896708 26.46019457149186, -82.44756525716876 27.26612565558032, -80.32800145544603 26.58048948269398, -81.58095562610309 26.43058592682858, -82.30411849731301 27.40549217626189))"
7E,2019-11-04 21:55:00+00:00,2019-11-04 23:55:00+00:00,0.0,45000.0,"POLYGON ((-79.61806802467412 29.291709981274753, -79.6765721614515 28.393211289781295, -81.50456860348208 28.539900803568553, -80.98344833902095 29.032808099971728, -79.61806802467412 29.291709981274753))"
KILO 7,2019-11-04 22:10:00+00:00,2019-11-05 02:10:00+00:00,0.0,45000.0,"POLYGON ((-47 40.45, -53 35.3, -57.3 35.45, -51.45 40.3, -47 40.45))"
11E,2019-11-04 22:55:00+00:00,2019-11-05 00:55:00+00:00,0.0,41000.0,"POLYGON ((-85.21964188647294 28.552661215843553, -84.78199868738596 28.658030819656812, -85.73495895778699 27.36382951519917, -86.11794819648138 26.594107774010954, -86.68 27.83535879674493, -85.21964188647294 28.552661215843553))"
12E,2019-11-04 22:55:00+00:00,2019-11-05 00:55:00+00:00,0.0,40000.0,"POLYGON ((-80.58420737840245 30.09331539359431, -80.22057101476608 30.09331539359431, -80.22057101476608 29.729679029957943, -80.58420737840245 29.729679029957943, -80.58420737840245 30.09331539359431))"
9E,2019-11-04 22:55:00+00:00,2019-11-05 00:55:00+00:00,0.0,44000.0,"POLYGON ((-81.17352416078823 29.433551102019933, -79.89002798325157 28.851859291279634, -79.6765721614515 28.393211289781295, -81.27694222753188 28.673551565683653, -81.17352416078823 29.433551102019933))"
10E,2019-11-04 22:55:00+00:00,2019-11-05 00:55:00+00:00,0.0,43000.0,"POLYGON ((-81.9494296854414 27.17741500641899, -81.13366215563521 26.52854310447793, -81.47259435626313 25.861840458951395, -81.78 25.951716242316426, -81.9494296854414 27.17741500641899))"
13E,2019-11-04 23:55:00+00:00,2019-11-05 01:55:00+00:00,0.0,45000.0,"POLYGON ((-80.93385684363821 29.236217809028442, -79.96538687754567 29.295120554181896, -78.39258495235237 28.428185245373538, -78.42362850705831 27.66467111678521, -81.34 28.872737911472782, -80.93385684363821 29.236217809028442))"
15E,2019-11-04 23:55:00+00:00,2019-11-05 01:55:00+00:00,0.0,45000.0,"POLYGON ((-85.21964188647294 28.552661215843553, -84.78199868738596 28.658030819656812, -85.60743254375953 26.796796401847086, -85.9479780847511 26.661873367995884, -85.21964188647294 28.552661215843553))"
14E,2019-11-04 23:55:00+00:00,2019-11-05 01:55:00+00:00,0.0,42000.0,"POLYGON ((-81.78 26.53, -81.4817160688799 26.419040004752354, -81.53379442271535 25.99552441694599, -82.08740564373687 25.861840458951395, -81.78 26.53))"
1E,2019-11-05 00:55:00+00:00,2019-11-05 02:55:00+00:00,0.0,44000.0,"POLYGON ((-80.43158422428436 29.88648850803795, -79.88161041550096 28.84871529436914, -80.49 28.17910686720918, -81.2062359878321 28.422293856590912, -81.33001737194684 29.760934293773236, -80.43158422428436 29.88648850803795))"
3E,2019-11-05 00:55:00+00:00,2019-11-05 02:55:00+00:00,0.0,44000.0,"POLYGON ((-85.21964188647294 28.552661215843553, -84.5195922298091 28.29786480597258, -85.97283976696822 26.085021561822884, -87.0790215331483 26.440472877302494, -85.21964188647294 28.552661215843553))"
2E,2019-11-05 00:55:00+00:00,2019-11-05 02:55:00+00:00,0.0,42000.0,"POLYGON ((-81.4081024340886 26.529517657752923, -81.42654794100704 25.761040989273386, -82.43409510354041 25.94030752501014, -82.12320847320805 26.402256074635797, -81.4081024340886 26.529517657752923))"
ECHO 1,2019-11-05 01:35:00+00:00,2019-11-05 05:35:00+00:00,0.0,38000.0,"POLYGON ((-147.3 43.3, -145 39.3, -150 35.15, -151.15 40.3, -147.3 43.3))"
5E,2019-11-05 01:55:00+00:00,2019-11-05 03:55:00+00:00,0.0,45000.0,"POLYGON ((-85.21964188647294 28.552661215843553, -84.75074482758868 27.894521238324504, -85.97283976696822 26.085021561822884, -87.0790215331483 26.440472877302494, -85.21964188647294 28.552661215843553))"
4E,2019-11-05 01:55:00+00:00,2019-11-05 03:55:00+00:00,0.0,43000.0,"POLYGON ((-80.22598631268453 29.61542223753737, -79.01101730575256 28.966177185256367, -80.64182659688203 28.283548620013455, -81.26742061426754 28.693685575289432, -80.22598631268453 29.61542223753737))"
7E,2019-11-05 02:55:00+00:00,2019-11-05 04:55:00+00:00,0.0,35000.0,"POLYGON ((-80.8399558014279 30.338291980661136, -80.5209223852766 29.809842758570777, -81.30107568517373 29.700562394414657, -80.8399558014279 30.338291980661136))"
6E,2019-11-05 02:55:00+00:00,2019-11-05 04:55:00+00:00,0.0,45000.0,"POLYGON ((-80.44689032228487 29.29836235561977, -79.28657631115435 29.287616655852396, -80.67811737096318 28.080571262213187, -81.11 29.010858121158215, -80.44689032228487 29.29836235561977))"
ALFA 1,2019-11-05 03:10:00+00:00,2019-11-05 07:10:00+00:00,0.0,45000.0,"POLYGON ((-60.15 24.3, -61 18.45, -64 19.45, -61.3 24, -60.15 24.3))"
MIKE 1,2019-11-05 03:10:00+00:00,2019-11-05 07:10:00+00:00,0.0,44000.0,"POLYGON ((-53.45 38, -50.3 38, -56.15 33.45, -59.3 34.15, -53.45 38))"
8E,2019-11-05 03:55:00+00:00,2019-11-05 05:55:00+00:00,0.0,45000.0,"POLYGON ((-80.58025149465936 29.489954650842044, -78.8209924521177 29.280485096039094, -80.70660254798265 28.14094605091884, -81.11 28.967262088527214, -80.58025149465936 29.489954650842044))"
9E,2019-11-05 03:55:00+00:00,2019-11-05 05:55:00+00:00,0.0,44000.0,"POLYGON ((-80.88955320922992 30.559835199318783, -80.40238919658427 29.911497211776126, -81.30107568517373 29.700562394414657, -80.88955320922992 30.559835199318783))"
10E,2019-11-05 04:55:00+00:00,2019-11-05 06:55:00+00:00,0.0,45000.0,"POLYGON ((-79.20241947668596 29.286447168852742, -79.14696250387193 28.849917908083896, -80.77921676524655 28.294518877577687, -80.98964477770947 28.666883625402374, -79.20241947668596 29.286447168852742))"
11E,2019-11-05 04:55:00+00:00,2019-11-05 06:55:00+00:00,0.0,45000.0,"POLYGON ((-80.67245023142877 30.33733124562165, -80.73837713028925 30.06111019679845, -81.30107568517373 29.700562394414657, -81.3821391383225 30.0728055370253, -80.67245023142877 30.33733124562165))"
ECHO 2,2019-11-05 05:15:00+00:00,2019-11-05 09:15:00+00:00,0.0,42000.0,"POLYGON ((-147.3 41.15, -145.45 40.3, -147.45 36.15, -149.15 35.45, -147.3 41.15))"
12E,2019-11-05 05:55:00+00:00,2019-11-05 07:55:00+00:00,0.0,45000.0,"POLYGON ((-80.14593503855053 31.332856137251873, -79.20241947668596 29.286447168852742, -80.84082276137545 29.064448955009638, -81.51 30.34, -80.14593503855053 31.332856137251873))"
13E,2019-11-05 06:55:00+00:00,2019-11-05 08:55:00+00:00,0.0,45000.0,"POLYGON ((-79.36799617291318 31.504854143236706, -79.01170039983428 29.283601544713342, -80.84082276137545 29.064448955009638, -81.51 30.34, -79.36799617291318 31.504854143236706))"
FOXTROT 1,2019-11-05 07:15:00+00:00,2019-11-05 11:15:00+00:00,28000.0,36000.0,"POLYGON ((172 42.45, 176.3 39, 168.45 34, 165.45 39.3, 172 42.45))"
14E,2019-11-05 07:55:00+00:00,2019-11-05 09:55:00+00:00,0.0,45000.0,"POLYGON ((-79.29457135854977 31.35073339322147, -78.8209924521177 29.280485096039094, -80.5822297501818 29.107962812107232, -80.93169454244625 30.338727669926836, -79.29457135854977 31.35073339322147))"
15E,2019-11-05 08:55:00+00:00,2019-11-05 10:55:00+00:00,0.0,45000.0,"POLYGON ((-79.36799617291318 31.504854143236706, -78.63029664222483 29.27709787387556, -80.5822297501818 29.107962812107232, -80.96212204571002 30.80942070163149, -79.36799617291318 31.504854143236706))"
16E,2019-11-05 09:55:00+00:00,2019-11-05 11:55:00+00:00,0.0,45000.0,"POLYGON ((-79.88888421467347 32.582499321541114, -78.65728330880478 31.705967249332993, -77.86765492547005 29.260842426016588, -80.4393560604127 28.710122528556802, -82.51 31.207262088527216, -79.88888421467347 32.582499321541114))"
BRAVO 1,2019-11-05 10:00:00+00:00,2019-11-05 14:00:00+00:00,0.0,48000.0,"POLYGON ((-46 43, -44.3 41.15, -53.3 36.3, -58.15 29.3, -60 31.15, -54 39, -46 43))"
17E,2019-11-05 10:55:00+00:00,2019-11-05 12:55:00+00:00,0.0,45000.0,"POLYGON ((-80.04 32.60085812115822, -78.00985696963181 31.13568258182553, -78.61454250363245 29.30297316019785, -80.52679102332667 28.787598212949817, -82.04068453976787 31.373168204009552, -80.04 32.60085812115822))"
FOXTROT 2,2019-11-05 11:00:00+00:00,2019-11-05 15:00:00+00:00,28000.0,36000.0,"POLYGON ((177 42, 167.3 39, 169.45 33, -178.3 38.15, 177 42))"
18E,2019-11-05 11:55:00+00:00,2019-11-05 13:55:00+00:00,0.0,45000.0,"POLYGON ((-79.24751256817511 32.88750085565589, -77.57646203349829 30.748220972592204, -78.188866809136 29.660822319875553, -80.12795919197538 28.44805318334086, -81.11 31.494524177054434, -79.24751256817511 32.88750085565589))"
19E,2019-11-05 11:55:00+00:00,2019-11-05 13:55:00+00:00,0.0,45000.0,"POLYGON ((-86.38530161259438 30.21484687132116, -84.71621490712701 29.630964751439436, -84.75074482758868 27.894521238324504, -86.68 27.502620885272147, -86.38530161259438 30.21484687132116))"
QUEBEC 1,2019-11-05 12:39:00+00:00,2019-11-05 16:40:00+00:00,0.0,57000.0,"POLYGON ((141 8.3, 152.5 6.3, 142.2 2, 141 8.3))"
BRAVO 2,2019-11-05 12:45:00+00:00,2019-11-05 16:45:00+00:00,0.0,45000.0,"POLYGON ((-44.45 43, -43.3 41.3, -53 36.15, -59.15 28.3, -59.3 32.3, -53.3 39, -44.45 43))"
20E,2019-11-05 12:55:00+00:00,2019-11-05 14:55:00+00:00,0.0,45000.0,"POLYGON ((-78.75225169196263 33.32907451022085, -77.17924536115109 30.643087863040467, -78.32667223480911 29.545399506512194, -80.12795919197538 28.44805318334086, -80.38577810592649 31.90327002473607, -78.75225169196263 33.32907451022085))"
21E,2019-11-05 12:55:00+00:00,2019-11-05 14:55:00+00:00,0.0,45000.0,"POLYGON ((-86.23933479413192 29.907024684205624, -84.35 29.568155221318033, -84.75074482758868 27.894521238324504, -86.45104764094744 27.79359522083806, -86.23933479413192 29.907024684205624))"
22E,2019-11-05 13:55:00+00:00,2019-11-05 15:55:00+00:00,0.0,45000.0,"POLYGON ((-78.76513938306344 32.43785960394257, -77.48643305532741 29.25109171317084, -80.12795919197538 28.44805318334086, -80.38577810592649 31.90327002473607, -78.76513938306344 32.43785960394257))"
23E,2019-11-05 13:55:00+00:00,2019-11-05 15:55:00+00:00,0.0,45000.0,"POLYGON ((-84.35 29.67714530289553, -84.0986323219799 28.675836746172234, -85.95122695591463 27.871369834505284, -86.17018445087517 29.760472302446143, -84.35 29.67714530289553))"
FOXTROT 3,2019-11-05 14:40:00+00:00,2019-11-05 18:40:00+00:00,,,"POLYGON ((176.45 42.3, -177.3 41.15, 180 36.45, 170.45 36.15, 170.15 39.3, 176.45 42.3))"
26E,2019-11-05 14:55:00+00:00,2019-11-05 16:55:00+00:00,0.0,45000.0,"POLYGON ((-84.86113196711594 29.3230706897234, -83.90257612885816 28.350267115996676, -86.11794819648138 26.594107774010954, -86.68 28.168096708217718, -84.86113196711594 29.3230706897234))"
25E,2019-11-05 14:55:00+00:00,2019-11-05 16:55:00+00:00,0.0,45000.0,"POLYGON ((-78.44146809343414 30.228466654828352, -77.15560432621213 28.84966777351555, -78.53402530115817 27.244510149211685, -80.39311001469754 28.53671598849233, -78.44146809343414 30.228466654828352))"
24E,2019-11-05 14:55:00+00:00,2019-11-05 16:55:00+00:00,0.0,42000.0,"POLYGON ((-78.93700344819342 33.26716295831988, -77.86242363578312 32.10709887104252, -79.14844043231594 31.04236726841283, -79.8452766762437 31.70803886102048, -78.93700344819342 33.26716295831988))"
QUEBEC 2,2019-11-05 14:55:00+00:00,2019-11-05 18:55:00+00:00,0.0,56000.0,"POLYGON ((141 8.4, 146.1 6.3, 150.2 2.5, 141.5 3, 141 8.4))"
29E,2019-11-05 15:55:00+00:00,2019-11-05 17:55:00+00:00,0.0,45000.0,"POLYGON ((-84.86113196711594 29.3230706897234, -83.98945761020958 28.77320915271947, -85.43685666880602 26.863952167996295, -86.68 28.334465663954106, -84.86113196711594 29.3230706897234))"
27E,2019-11-05 15:55:00+00:00,2019-11-05 17:55:00+00:00,0.0,44000.0,"POLYGON ((-78.17622517743129 33.73479851961093, -77.86242363578312 32.10709887104252, -80.16067255454587 30.33307326431446, -78.17622517743129 33.73479851961093))"
28E,2019-11-05 15:55:00+00:00,2019-11-05 17:55:00+00:00,0.0,45000.0,"POLYGON ((-79.20241947668596 29.286447168852742, -78.39258495235237 28.428185245373538, -78.53402530115817 27.244510149211685, -80.39311001469754 28.53671598849233, -79.20241947668596 29.286447168852742))"
31E,2019-11-05 16:55:00+00:00,2019-11-05 18:55:00+00:00,0.0,45000.0,"POLYGON ((-78.73820847810669 29.198283840659172, -77.83746882689503 27.489862605286607, -79.73853118833149 27.677972767282867, -80.0564361067391 28.913867138718043, -78.73820847810669 29.198283840659172))"
32E,2019-11-05 16:55:00+00:00,2019-11-05 18:55:00+00:00,0.0,45000.0,"POLYGON ((-84.28195952825253 29.148646149510487, -83.72730723189993 28.288038028374352, -85.77780627594721 26.7294365227957, -85.73542997423891 28.828408371394563, -84.28195952825253 29.148646149510487))"
30E,2019-11-05 16:55:00+00:00,2019-11-05 18:55:00+00:00,0.0,40000.0,"POLYGON ((-77.25463973561023 33.837322534118606, -78.66274425213469 32.88245174577384, -79.77485256874387 33.4239851320195, -77.25463973561023 33.837322534118606))"
ROMEO 1,2019-11-05 17:17:00+00:00,2019-11-05 21:20:00+00:00,0.0,50000.0,"POLYGON ((155 22.1, 157.4 19.1, 156.5 17, 153.5 21, 155 21, 155 22.1))"
36E,2019-11-05 17:55:00+00:00,2019-11-05 19:55:00+00:00,0.0,45000.0,"POLYGON ((-81.02177398324609 30.52011016247932, -80.65813761960972 30.52011016247932, -80.65813761960972 30.156473798842953, -81.02177398324609 30.156473798842953, -81.02177398324609 30.52011016247932))"
34E,2019-11-05 17:55:00+00:00,2019-11-05 19:55:00+00:00,0.0,45000.0,"POLYGON ((-80.0564361067391 28.913867138718043, -77.33292425561181 28.79014587564077, -80.14920452062371 25.917582093100467, -80.0564361067391 28.913867138718043))"
33E,2019-11-05 17:55:00+00:00,2019-11-05 19:55:00+00:00,0.0,35000.0,"POLYGON ((-78.57042422031716 34.34800558001997, -76.58260389426994 33.90065287089792, -79.08205869979426 33.218300646110336, -78.57042422031716 34.34800558001997))"
35E,2019-11-05 17:55:00+00:00,2019-11-05 19:55:00+00:00,0.0,45000.0,"POLYGON ((-84.12116735816986 29.208425934070505, -83.43766853362585 28.18455136631311, -84.80658967364211 27.893675072698827, -85.13367556129631 27.888266818146505, -84.12116735816986 29.208425934070505))"
37E,2019-11-05 17:55:00+00:00,2019-11-05 19:55:00+00:00,0.0,38000.0,"POLYGON ((-82.63001359504288 28.2960783376757, -82.26637723140651 28.2960783376757, -82.26637723140651 27.93244197403933, -82.63001359504288 27.93244197403933, -82.63001359504288 28.2960783376757))"
SIERRA 1,2019-11-05 17:57:00+00:00,2019-11-05 22:00:00+00:00,0.0,53000.0,"POLYGON ((161 27, 161.1 25.4, 155 24.3, 155 27, 161 27))"
QUEBEC 3,2019-11-05 18:30:00+00:00,2019-11-05 22:30:00+00:00,0.0,55000.0,"POLYGON ((140.5 8.4, 151 6.3, 149.4 3.2, 145.3 2, 142.2 3, 137.3 6.1, 140.5 8.4))"
38E,2019-11-05 18:55:00+00:00,2019-11-05 20:55:00+00:00,0.0,35000.0,"POLYGON ((-77.44072004121696 34.702173615973486, -76.02243555084308 33.699426699793655, -77.0382851343027 32.656419589869714, -78.43678550075148 33.87812953217041, -77.44072004121696 34.702173615973486))"
39E,2019-11-05 18:55:00+00:00,2019-11-05 20:55:00+00:00,0.0,45000.0,"POLYGON ((-79.20241947668596 29.286447168852742, -77.86022505103483 27.65517213039463, -80.42180042746558 26.107340914101695, -79.20241947668596 29.286447168852742))"
40E,2019-11-05 18:55:00+00:00,2019-11-05 20:55:00+00:00,0.0,45000.0,"POLYGON ((-83.85617200763923 28.891721265929558, -82.9698454404364 28.524515941007245, -84.75252759945697 27.130517341007376, -85.87981854612578 27.873038097002674, -83.85617200763923 28.891721265929558))"
41E,2019-11-05 18:55:00+00:00,2019-11-05 20:55:00+00:00,0.0,45000.0,"POLYGON ((-80.68676649592878 30.51797522098776, -80.3231301322924 30.51797522098776, -80.3231301322924 30.154338857351394, -80.68676649592878 30.154338857351394, -80.68676649592878 30.51797522098776))"
42E,2019-11-05 19:55:00+00:00,2019-11-05 21:55:00+00:00,0.0,35000.0,"POLYGON ((-77.2968160482174 34.81922906041311, -76.66098951172519 34.34405756847523, -77.71633206826016 34.042494158287965, -78.6169489600485 34.602400398072476, -77.2968160482174 34.81922906041311))"
45E,2019-11-05 19:55:00+00:00,2019-11-05 21:55:00+00:00,0.0,45000.0,"POLYGON ((-84.25372948141873 28.47405147731563, -83.99782149241963 27.903731157228925, -84.92391409868162 27.064186409077106, -85.50351159900647 27.88122105023299, -84.25372948141873 28.47405147731563))"
44E,2019-11-05 19:55:00+00:00,2019-11-05 21:55:00+00:00,0.0,45000.0,"POLYGON ((-78.63029664222483 29.27709787387556, -77.86366744383696 28.610195383562644, -79.34523527425056 26.678058003974225, -80.14326693490337 27.552235232348945, -78.63029664222483 29.27709787387556))"
43E,2019-11-05 19:55:00+00:00,2019-11-05 21:55:00+00:00,0.0,45000.0,"POLYGON ((-79.91576707344694 31.132111981932614, -79.19971799904016 31.15082114184281, -82.22586313693786 28.075230037520694, -82.91180458677532 28.114260155857515, -79.91576707344694 31.132111981932614))"
49E,2019-11-05 20:55:00+00:00,2019-11-05 22:55:00+00:00,0.0,45000.0,"POLYGON ((-84.25372948141873 28.47405147731563, -83.99782149241963 27.903731157228925, -84.92391409868162 27.064186409077106, -85.50351159900647 27.88122105023299, -84.25372948141873 28.47405147731563))"
51E,2019-11-05 20:55:00+00:00,2019-11-05 22:55:00+00:00,0.0,36000.0,"POLYGON ((-79.22138683437119 31.19657097258367, -77.84462178688962 30.988500832891024, -79.88309919025849 30.353157166277477, -79.73796961131684 30.976178166474565, -79.22138683437119 31.19657097258367))"
52E,2019-11-05 20:55:00+00:00,2019-11-05 22:55:00+00:00,0.0,43000.0,"POLYGON ((-84.35 30.566368955736394, -83.96422452094399 30.39943315675927, -84.12959054430938 29.93870032634315, -84.78878348330078 29.47703734748007, -85.41505289156872 30.01367915924098, -84.35 30.566368955736394))"
50E,2019-11-05 20:55:00+00:00,2019-11-05 22:55:00+00:00,0.0,30000.0,"POLYGON ((-71.10658688901002 40.53162012229959, -72.44912037204143 38.31226701060093, -73.29947530870179 39.09038250560784, -72.32 40.25452417705443, -71.10658688901002 40.53162012229959))"
48E,2019-11-05 20:55:00+00:00,2019-11-05 22:55:00+00:00,0.0,45000.0,"POLYGON ((-78.63029664222483 29.27709787387556, -77.86366744383696 28.610195383562644, -79.34523527425056 26.678058003974225, -80.14326693490337 27.552235232348945, -78.63029664222483 29.27709787387556))"
46E,2019-11-05 20:55:00+00:00,2019-11-05 22:55:00+00:00,0.0,36000.0,"POLYGON ((-77.32311726161191 35.42472301366244, -76.18302069669227 34.91145307117172, -77.68368650369824 34.41352555713931, -78.80439182290213 34.66478773594719, -77.32311726161191 35.42472301366244))"
47E,2019-11-05 20:55:00+00:00,2019-11-05 22:55:00+00:00,0.0,45000.0,"POLYGON ((-81.20082618228311 30.228986528475694, -80.87602067693037 29.09534194951755, -82.51639981947216 27.909903386940883, -81.86424119484145 30.032841294276714, -81.20082618228311 30.228986528475694))"
ROMEO 2,2019-11-05 20:56:00+00:00,2019-11-06 01:00:00+00:00,0.0,50000.0,"POLYGON ((155 22.1, 158 17.1, 156.5 16.2, 153.5 21, 155 21, 155 22.1))"
SIERRA 2,2019-11-05 21:32:00+00:00,2019-11-06 01:35:00+00:00,0.0,53000.0,"POLYGON ((162 27, 158 24.5, 155 24, 155 27, 162 27))"
56E,2019-11-05 21:55:00+00:00,2019-11-05 23:55:00+00:00,0.0,45000.0,"POLYGON ((-83.34928232570508 28.49658462437962, -83.08068661098241 28.26234197614724, -84.10008087615607 26.81844441120513, -86.27967222137103 27.725182547205588, -83.34928232570508 28.49658462437962))"
53E,2019-11-05 21:55:00+00:00,2019-11-05 23:55:00+00:00,0.0,36000.0,"POLYGON ((-76.76008883854394 35.78803390368189, -76.18 34.92904835410885, -77.87 34.5163689557364, -78.25916403450852 35.11791037357548, -76.76008883854394 35.78803390368189))"
59E,2019-11-05 21:55:00+00:00,2019-11-05 23:55:00+00:00,0.0,43000.0,"POLYGON ((-84.14089538932461 31.352503542364197, -83.81433720598089 30.58990711197348, -84.05657576268013 29.784852534521278, -84.86113196711594 29.3230706897234, -85.16251131067045 29.691641457176388, -84.14089538932461 31.352503542364197))"
54E,2019-11-05 21:55:00+00:00,2019-11-05 23:55:00+00:00,0.0,45000.0,"POLYGON ((-81.15427048555861 30.21218527905177, -80.57287419208893 28.82836338633747, -81.16513963440188 28.47622137421625, -81.91746169427603 29.986446481500316, -81.15427048555861 30.21218527905177))"
55E,2019-11-05 21:55:00+00:00,2019-11-05 23:55:00+00:00,0.0,45000.0,"POLYGON ((-78.04017616835857 28.549753072258635, -79.15905003836006 26.67696566493167, -81.26375746908798 26.72006998443853, -78.74418212207864 28.30571205617317, -78.04017616835857 28.549753072258635))"
1C,2019-11-05 21:55:00+00:00,2019-11-05 23:55:00+00:00,0.0,37000.0,"POLYGON ((-95.26184559306928 28.373957959668086, -95.11427998141316 27.695978643763755, -96.7780168239361 27.310217183571183, -96.5988116816614 28.144873699561114, -95.26184559306928 28.373957959668086))"
57E,2019-11-05 21:55:00+00:00,2019-11-05 23:55:00+00:00,0.0,30000.0,"POLYGON ((-71.55471417807927 40.91747037888307, -70.4663853619575 40.477773646234304, -72.32 39.18514872694927, -73.30980072691705 39.09051442042123, -71.55471417807927 40.91747037888307))"
58E,2019-11-05 21:55:00+00:00,2019-11-05 23:55:00+00:00,0.0,36000.0,"POLYGON ((-78.59893688826263 31.654990326569408, -78.00985696963181 31.13568258182553, -79.72483519862459 29.790776511913705, -79.91576707344694 31.132111981932614, -78.59893688826263 31.654990326569408))"
QUEBEC 4,2019-11-05 22:04:00+00:00,2019-11-06 02:05:00+00:00,0.0,55000.0,"POLYGON ((140.2 8.5, 146 5.2, 152.4 5.2, 149.2 2, 143.1 2, 136.5 6.3, 140.2 8.5))"
64E,2019-11-05 22:55:00+00:00,2019-11-06 00:55:00+00:00,0.0,38000.0,"POLYGON ((-71.25643258679824 38.91687249029341, -73.35575740293993 35.27164877728828, -74.60118707224883 34.955516670633756, -73.03197967198376 38.51359485585971, -71.25643258679824 38.91687249029341))"
63E,2019-11-05 22:55:00+00:00,2019-11-06 00:55:00+00:00,0.0,43000.0,"POLYGON ((-84.57250078367207 30.860926092548294, -83.81433720598089 30.58990711197348, -83.94229171860809 30.046444963365285, -84.71621490712701 29.630964751439436, -85.16251131067045 29.691641457176388, -84.57250078367207 30.860926092548294))"
2C,2019-11-05 22:55:00+00:00,2019-11-06 00:55:00+00:00,0.0,37000.0,"POLYGON ((-95.26184559306928 28.373957959668086, -96.08520567672318 25.914248203128036, -96.64010132378722 25.918121787845177, -96.87525374698188 27.898849006115082, -95.26184559306928 28.373957959668086))"
65E,2019-11-05 22:55:00+00:00,2019-11-06 00:55:00+00:00,0.0,45000.0,"POLYGON ((-78.36252219180106 31.447590748595843, -77.65950719339556 30.82282000492043, -79.87940666817532 29.73695796421324, -80.16995835777594 30.333168275404088, -78.36252219180106 31.447590748595843))"
61E,2019-11-05 22:55:00+00:00,2019-11-06 00:55:00+00:00,0.0,45000.0,"POLYGON ((-81.15575880515856 30.032841294276714, -80.80334798540287 29.410299566996994, -81.60733458483817 29.29907881838295, -82.43419771144458 29.81987826050759, -81.15575880515856 30.032841294276714))"
62E,2019-11-05 22:55:00+00:00,2019-11-06 00:55:00+00:00,0.0,45000.0,"POLYGON ((-79.83698826035092 27.67846918322073, -79.34725147514553 27.675312023443272, -81.43256818850108 25.390949368690812, -81.78 25.80714530289553, -80.61464556894444 27.412811991555706, -79.83698826035092 27.67846918322073))"
60E,2019-11-05 22:55:00+00:00,2019-11-06 00:55:00+00:00,0.0,36000.0,"POLYGON ((-76.3066132839897 36.15770615723965, -75.55021850781627 35.74720981625554, -76.73231877908779 34.73201952899814, -77.46402744929433 35.150728698302125, -76.3066132839897 36.15770615723965))"
70E,2019-11-05 23:55:00+00:00,2019-11-06 01:55:00+00:00,0.0,38000.0,"POLYGON ((-73.01650113428165 37.67459603391035, -72.29367851262718 37.07291905053202, -74.03960245309027 34.47617000801013, -75.17879359740719 34.257627423980296, -73.01650113428165 37.67459603391035))"
67E,2019-11-05 23:55:00+00:00,2019-11-06 01:55:00+00:00,0.0,45000.0,"POLYGON ((-81.19462782794966 28.84733231469778, -81.195473751244 28.23251377770355, -83.62131887702573 27.906801511507688, -83.90257612885816 28.350267115996676, -81.19462782794966 28.84733231469778))"
66E,2019-11-05 23:55:00+00:00,2019-11-06 01:55:00+00:00,0.0,36000.0,"POLYGON ((-76.37077542090917 36.32351521896114, -74.7358270502701 36.2513194284173, -74.88444047953132 35.19421416928657, -76.18 35.26178626558164, -76.37077542090917 36.32351521896114))"
69E,2019-11-05 23:55:00+00:00,2019-11-06 01:55:00+00:00,0.0,43000.0,"POLYGON ((-83.99276296943856 31.044835798268878, -83.94229171860809 30.046444963365285, -84.88357165549728 30.207915635652693, -84.57250078367207 30.860926092548294, -83.99276296943856 31.044835798268878))"
68E,2019-11-05 23:55:00+00:00,2019-11-06 01:55:00+00:00,0.0,45000.0,"POLYGON ((-81.30626038480294 27.67760811963143, -80.68908821711774 26.90004226192626, -81.78 25.66257436347464, -82.02620557728466 25.99552441694599, -81.30626038480294 27.67760811963143))"
72E,2019-11-05 23:55:00+00:00,2019-11-06 01:55:00+00:00,0.0,33000.0,"POLYGON ((-69.43694289930892 41.827170287005224, -69.25199413748956 41.751052250368126, -69.93752561909032 40.0853734663143, -70.12247438090968 40.1614915029514, -69.43694289930892 41.827170287005224))"
71E,2019-11-05 23:55:00+00:00,2019-11-06 01:55:00+00:00,0.0,45000.0,"POLYGON ((-78.36252219180106 31.447590748595843, -78.32622315747224 30.26697360283813, -79.78382318143825 29.29344974687121, -80.16459531015516 30.114486833125035, -78.36252219180106 31.447590748595843))"
3C,2019-11-05 23:55:00+00:00,2019-11-06 01:55:00+00:00,0.0,37000.0,"POLYGON ((-95.84536631770374 28.350297361375212, -96.25484343725542 25.91565662606867, -96.73704275825123 25.918581713025784, -96.94924715648963 27.899130856114514, -95.84536631770374 28.350297361375212))"
TANGO 1,2019-11-06 00:08:00+00:00,2019-11-06 04:10:00+00:00,0.0,48000.0,"POLYGON ((-178.1 10.1, 173.3 7.3, 176.3 4.1, -177 8.2, -178.1 10.1))"
UNIFORM 1,2019-11-06 00:11:00+00:00,2019-11-06 04:15:00+00:00,0.0,57000.0,"POLYGON ((156.2 11.3, 158.2 9.2, 156.3 7.5, 155.1 9.3, 156.2 11.3))"
CHARLIE 1,2019-11-06 00:40:00+00:00,2019-11-06 04:40:00+00:00,0.0,42000.0,"POLYGON ((-69.3 37, -67.15 37, -67.3 35, -69.45 34, -71.45 34.3, -69.3 37))"
4E,2019-11-06 00:55:00+00:00,2019-11-06 02:55:00+00:00,0.0,33000.0,"POLYGON ((-69.18907158774093 42.345906293376295, -67.96483656380428 41.89831437055153, -69.36468557608768 40.04842595582746, -70.03 39.94904835410886, -69.18907158774093 42.345906293376295))"
1E,2019-11-06 00:55:00+00:00,2019-11-06 02:55:00+00:00,0.0,45000.0,"POLYGON ((-80.89196105658775 28.838708377429917, -81.34 27.874524177054433, -83.29955648896772 27.397996788231897, -83.43306044547168 27.907952943525746, -80.89196105658775 28.838708377429917))"
3E,2019-11-06 00:55:00+00:00,2019-11-06 02:55:00+00:00,0.0,38000.0,"POLYGON ((-70.94129191277956 38.298637311610506, -73.35575740293993 35.27164877728828, -74.28936930317946 35.60841081246331, -72.25555602617851 38.24451853059374, -70.94129191277956 38.298637311610506))"
5E,2019-11-06 00:55:00+00:00,2019-11-06 02:55:00+00:00,0.0,38000.0,"POLYGON ((-66.93193646781027 41.238457112729044, -66.71678971871303 38.64338731183016, -67.59529795631192 39.37169576780594, -67.59541230998616 41.2543491535426, -66.93193646781027 41.238457112729044))"
2E,2019-11-06 00:55:00+00:00,2019-11-06 02:55:00+00:00,0.0,45000.0,"POLYGON ((-78.12715295816544 31.239758908611993, -77.65950719339556 30.82282000492043, -79.78382318143825 29.29344974687121, -80.33745077959463 30.334769376460603, -78.12715295816544 31.239758908611993))"
SIERRA 3,2019-11-06 01:07:00+00:00,2019-11-06 05:10:00+00:00,0.0,50000.0,"POLYGON ((162 27, 156 22.2, 155 22.4, 155 27, 162 27))"
QUEBEC 5,2019-11-06 01:26:00+00:00,2019-11-06 05:25:00+00:00,0.0,52000.0,"POLYGON ((140.2 8.2, 146 5.2, 151.3 4.1, 147.5 2, 143.1 2, 133.4 6.1, 140.2 8.2))"
7E,2019-11-06 01:55:00+00:00,2019-11-06 03:55:00+00:00,0.0,45000.0,"POLYGON ((-79.58248396744256 30.32586483156779, -78.44146809343414 30.228466654828352, -79.58388697946158 29.291325761486394, -80.29494797216884 30.00336883085377, -79.58248396744256 30.32586483156779))"
8E,2019-11-06 01:55:00+00:00,2019-11-06 03:55:00+00:00,0.0,38000.0,"POLYGON ((-70.03 38.618096708217735, -73.16997242600482 35.20343812840979, -74.28936930317946 35.60841081246331, -71.09818341852446 38.60786054786287, -70.03 38.618096708217735))"
9E,2019-11-06 01:55:00+00:00,2019-11-06 03:55:00+00:00,0.0,33000.0,"POLYGON ((-68.72325248116815 42.84139717867434, -68.10988681648425 42.67593578581702, -68.49223994299751 40.09325997119907, -69.28322151599643 39.89421515661165, -68.72325248116815 42.84139717867434))"
10E,2019-11-06 01:55:00+00:00,2019-11-06 03:55:00+00:00,0.0,42000.0,"POLYGON ((-74.74260663020704 35.07494773982172, -73.90021744915809 34.35593367745108, -77.0382851343027 32.656419589869714, -77.87 33.18541730984525, -74.74260663020704 35.07494773982172))"
6E,2019-11-06 01:55:00+00:00,2019-11-06 03:55:00+00:00,0.0,45000.0,"POLYGON ((-81.03559724166732 28.65031037185274, -81.30626038480294 27.67760811963143, -82.3994811009805 27.455244114619532, -82.21550696204999 28.31812903682967, -81.03559724166732 28.65031037185274))"
12E,2019-11-06 02:55:00+00:00,2019-11-06 04:55:00+00:00,0.0,45000.0,"POLYGON ((-79.60689771374795 30.58562877061297, -78.62090868383004 30.168248924699977, -79.3931486732552 29.289021921839478, -80.53767976415757 29.298780093543147, -79.60689771374795 30.58562877061297))"
13E,2019-11-06 02:55:00+00:00,2019-11-06 04:55:00+00:00,0.0,42000.0,"POLYGON ((-73.08616631909956 36.2201531071537, -72.05597736257818 36.18918381170326, -75.10928185556631 33.36391611371047, -76.0565913501922 34.33663054389656, -73.08616631909956 36.2201531071537))"
11E,2019-11-06 02:55:00+00:00,2019-11-06 04:55:00+00:00,0.0,42000.0,"POLYGON ((-76.0565913501922 34.33663054389656, -75.10928185556631 33.36391611371047, -76.89048327355702 32.347912658677075, -77.87 33.18541730984525, -76.0565913501922 34.33663054389656))"
VICTOR 1,2019-11-06 02:58:00+00:00,2019-11-06 07:00:00+00:00,26000.0,41000.0,"POLYGON ((-163.2 30, -161 22.5, -170.1 15.2, -170.2 24.3, -163.2 30))"
CHARLIE 2,2019-11-06 03:20:00+00:00,2019-11-06 07:20:00+00:00,0.0,46000.0,"POLYGON ((-63.3 42.3, -65.45 36.15, -69.15 33.45, -71.3 34.15, -66.15 42, -63.3 42.3))"
TANGO 2,2019-11-06 03:31:00+00:00,2019-11-06 07:35:00+00:00,0.0,48000.0,"POLYGON ((179.1 9.2, 171.4 8.3, 172.4 5.1, -179.3 6.2, 179.1 9.2))"
15E,2019-11-06 03:55:00+00:00,2019-11-06 05:55:00+00:00,0.0,45000.0,"POLYGON ((-78.44146809343414 30.228466654828352, -79.20241947668596 29.286447168852742, -80.53767976415757 29.298780093543147, -79.33647472704759 29.924948248318806, -78.44146809343414 30.228466654828352))"
14E,2019-11-06 03:55:00+00:00,2019-11-06 05:55:00+00:00,0.0,42000.0,"POLYGON ((-72.88006515612935 36.21466566920305, -72.98449992005833 35.13494418784608, -76.05057862301025 32.80714986095124, -77.87 32.85267939837247, -72.88006515612935 36.21466566920305))"
1C,2019-11-06 03:55:00+00:00,2019-11-06 05:55:00+00:00,0.0,39000.0,"POLYGON ((-104.90950567417596 31.81265647901546, -105.319388312423 30.992904093485127, -106.46076652344088 31.756205591912885, -104.90950567417596 31.81265647901546))"
16E,2019-11-06 04:55:00+00:00,2019-11-06 06:55:00+00:00,0.0,42000.0,"POLYGON ((-71.85004385477711 36.18193102005755, -72.42995685017227 34.927774552075284, -74.74600432532446 33.227846987791516, -74.10202207210175 35.54163455364396, -71.85004385477711 36.18193102005755))"
2C,2019-11-06 04:55:00+00:00,2019-11-06 06:55:00+00:00,0.0,39000.0,"POLYGON ((-105.19016441255754 32.197358845118885, -105.59212595992186 31.229945525360858, -106.55760465874887 32.05498004629535, -105.19016441255754 32.197358845118885))"
SIERRA 4,2019-11-06 05:07:00+00:00,2019-11-06 09:10:00+00:00,0.0,50000.0,"POLYGON ((158.4 27.1, 163.4 27, 155.3 24.4, 158.4 27.1))"
3C,2019-11-06 05:55:00+00:00,2019-11-06 07:55:00+00:00,0.0,38000.0,"POLYGON ((-106.97652822889748 32.499719088959665, -104.62 32.32800342405375, -105.44429060834047 31.101677242086076, -106.97652822889748 32.499719088959665))"
VICTOR 2,2019-11-06 06:09:00+00:00,2019-11-06 10:10:00+00:00,25000.0,41000.0,"POLYGON ((-157.3 29.1, -168.4 14.1, -172.1 17.5, -157.3 29.1))"
4C,2019-11-06 06:55:00+00:00,2019-11-06 08:55:00+00:00,0.0,38000.0,"POLYGON ((-106.28 32.687425636525354, -103.24000000000001 32.592854697104464, -104.66489722768152 30.91142016842155, -106.28 32.687425636525354))"
CHARLIE 3,2019-11-06 07:00:00+00:00,2019-11-06 11:00:00+00:00,0.0,42000.0,"POLYGON ((-63 43, -64 35.45, -74 32, -73 35, -63 43))"
TANGO 3,2019-11-06 07:20:00+00:00,2019-11-06 11:20:00+00:00,0.0,49000.0,"POLYGON ((-176.2 9.4, 170.5 8.4, 178.2 3.4, -176.2 9.4))"
GOLF 1,2019-11-06 07:45:00+00:00,2019-11-06 11:45:00+00:00,0.0,50000.0,"POLYGON ((-120.15 18.3, -120 13.45, -125 14.15, -124 16.3, -120.15 18.3))"
17E,2019-11-06 07:55:00+00:00,2019-11-06 09:55:00+00:00,0.0,38000.0,"POLYGON ((-76.89048327355702 32.347912658677075, -77.04413479468433 30.266023031357665, -78.38501580971713 31.467382158990375, -78.22272011451275 32.24017317440624, -76.89048327355702 32.347912658677075))"
5C,2019-11-06 07:55:00+00:00,2019-11-06 09:55:00+00:00,0.0,36000.0,"POLYGON ((-106.58110217700983 32.689838632694915, -103.24000000000001 32.70184477868196, -104.32163299457008 31.06799951168673, -106.58110217700983 32.689838632694915))"
18E,2019-11-06 08:55:00+00:00,2019-11-06 10:55:00+00:00,0.0,39000.0,"POLYGON ((-76.89048327355702 32.347912658677075, -77.04413479468433 30.266023031357665, -78.24940281019201 31.347874173341076, -78.04244026577516 32.173763670293084, -76.89048327355702 32.347912658677075))"
6C,2019-11-06 08:55:00+00:00,2019-11-06 10:55:00+00:00,0.0,31000.0,"POLYGON ((-103.01357731248314 33.31308874122344, -103.78184251161218 31.67785091288645, -105.19016441255754 32.197358845118885, -103.01357731248314 33.31308874122344))"
7C,2019-11-06 08:55:00+00:00,2019-11-06 10:55:00+00:00,0.0,33000.0,"POLYGON ((-94.84308700154638 36.310274192066096, -94.38854154700091 36.310274192066096, -94.38854154700091 35.85572873752064, -94.84308700154638 35.85572873752064, -94.84308700154638 36.310274192066096))"
19E,2019-11-06 09:55:00+00:00,2019-11-06 11:55:00+00:00,0.0,39000.0,"POLYGON ((-88.35677363626169 33.79731554195518, -87.45283058286643 33.47776880447618, -90.57544635389695 29.848752505488765, -91.97843995183646 29.89004076223679, -88.35677363626169 33.79731554195518))"
9C,2019-11-06 09:55:00+00:00,2019-11-06 11:55:00+00:00,0.0,42000.0,"POLYGON ((-95.60665515448096 34.27521722627171, -95.1521096999355 34.27521722627171, -95.1521096999355 33.82067177172625, -95.60665515448096 33.82067177172625, -95.60665515448096 34.27521722627171))"
8C,2019-11-06 09:55:00+00:00,2019-11-06 11:55:00+00:00,0.0,38000.0,"POLYGON ((-94.55749915474175 36.72699476206785, -93.91103671280374 36.0519552380902, -94.05548249381076 35.91362441596705, -94.70194493574877 36.588663939944695, -94.55749915474175 36.72699476206785))"
VICTOR 3,2019-11-06 10:10:00+00:00,2019-11-06 14:10:00+00:00,25000.0,41000.0,"POLYGON ((-157.3 29.1, -168.4 14.1, -172.1 17.5, -157.3 29.1))"
TANGO 4,2019-11-06 10:20:00+00:00,2019-11-06 14:20:00+00:00,0.0,49000.0,"POLYGON ((179.2 9, 179.1 3.3, 169.1 9, 179.2 9))"
CHARLIE 4,2019-11-06 10:45:00+00:00,2019-11-06 14:45:00+00:00,0.0,45000.0,"POLYGON ((-65.3 39.3, -63.15 39, -60 35.3, -64.45 32, -67.45 32, -65.3 39.3))"
20E,2019-11-06 10:55:00+00:00,2019-11-06 12:55:00+00:00,0.0,39000.0,"POLYGON ((-77.0382851343027 32.656419589869714, -77.04413479468433 30.266023031357665, -77.90182995378836 30.407647758682796, -77.86242363578312 32.10709887104252, -77.0382851343027 32.656419589869714))"
13C,2019-11-06 10:55:00+00:00,2019-11-06 12:55:00+00:00,0.0,39000.0,"POLYGON ((-106.47454399543804 33.100415944374504, -104.34756585520174 32.905038105397786, -104.36586023673922 32.70587657396121, -106.49283837697553 32.90125441293793, -106.47454399543804 33.100415944374504))"
10C,2019-11-06 10:55:00+00:00,2019-11-06 12:55:00+00:00,0.0,39000.0,"POLYGON ((-94.44918026972248 37.441384895206326, -93.38090962801864 36.08886433465461, -93.53785845257822 35.96490036218936, -94.60612909428205 37.31742092274108, -94.44918026972248 37.441384895206326))"
12C,2019-11-06 10:55:00+00:00,2019-11-06 12:55:00+00:00,0.0,39000.0,"POLYGON ((-102.63433566656393 32.72581264284059, -102.27069930292755 32.72581264284059, -102.27069930292755 32.36217627920423, -102.63433566656393 32.36217627920423, -102.63433566656393 32.72581264284059))"
11C,2019-11-06 10:55:00+00:00,2019-11-06 12:55:00+00:00,0.0,41000.0,"POLYGON ((-94.40528134281212 35.122792249961705, -93.73563767879519 34.17738243076366, -95.78000000000002 33.838003424053746, -94.40528134281212 35.122792249961705))"
1W,2019-11-06 10:55:00+00:00,2019-11-06 12:55:00+00:00,0.0,37000.0,"POLYGON ((-111.05040335154739 35.26419710884099, -108.76685691020225 34.72611531812997, -111.05606715902222 33.75822470314235, -111.05040335154739 35.26419710884099))"
GOLF 2,2019-11-06 11:00:00+00:00,2019-11-06 15:00:00+00:00,0.0,50000.0,"POLYGON ((-120 19.45, -120 14, -124.45 15.3, -120 19.45))"
21E,2019-11-06 11:55:00+00:00,2019-11-06 13:55:00+00:00,0.0,38000.0,"POLYGON ((-76.52533568609658 31.575903377538353, -76.02415310970366 30.49338552969667, -77.3602197125684 30.584602074602635, -78.114134192269 31.228223940412413, -76.52533568609658 31.575903377538353))"
17C,2019-11-06 11:55:00+00:00,2019-11-06 13:55:00+00:00,0.0,35000.0,"POLYGON ((-105.08703820383019 33.27242189425504, -103.6527062452149 33.10370361190555, -103.67607085399588 32.90507306275334, -105.11040281261117 33.073791345102826, -105.08703820383019 33.27242189425504))"
15C,2019-11-06 11:55:00+00:00,2019-11-06 13:55:00+00:00,0.0,41000.0,"POLYGON ((-93.94277209491706 35.2789088133398, -92.98939255724606 34.40069776079328, -95.28367619805145 33.50408265482495, -93.94277209491706 35.2789088133398))"
14C,2019-11-06 11:55:00+00:00,2019-11-06 13:55:00+00:00,0.0,40000.0,"POLYGON ((-94.49 37.98085812115822, -92.3262151927426 37.02380151597955, -92.38149213423762 36.101485396922904, -94.05151347390105 36.11641433693162, -94.49 37.98085812115822))"
16C,2019-11-06 11:55:00+00:00,2019-11-06 13:55:00+00:00,0.0,36000.0,"POLYGON ((-102.09181818181818 33.158963484713716, -101.72818181818181 33.158963484713716, -101.72818181818181 32.79532712107736, -102.09181818181818 32.79532712107736, -102.09181818181818 33.158963484713716))"
2W,2019-11-06 11:55:00+00:00,2019-11-06 13:55:00+00:00,0.0,38000.0,"POLYGON ((-108.51655929872982 34.92955674922092, -109.65611041334832 33.070779631839535, -112.50104940090725 33.595046651665015, -112.96640416122783 34.533058391638555, -108.51655929872982 34.92955674922092))"
22E,2019-11-06 12:55:00+00:00,2019-11-06 14:55:00+00:00,0.0,39000.0,"POLYGON ((-76.52533568609658 31.575903377538353, -76.02415310970366 30.49338552969667, -78.0819286218926 30.3481669607459, -79.00439548084312 30.31611391255295, -76.52533568609658 31.575903377538353))"
19C,2019-11-06 12:55:00+00:00,2019-11-06 14:55:00+00:00,0.0,36000.0,"POLYGON ((-92.98202410595856 35.862601163817615, -92.60734789973283 34.32633149005137, -95.31963905796361 33.92690057630494, -92.98202410595856 35.862601163817615))"
18C,2019-11-06 12:55:00+00:00,2019-11-06 14:55:00+00:00,0.0,36000.0,"POLYGON ((-93.70964064612373 38.01274509315114, -91.42849394206678 37.031282275620306, -91.77370414309638 36.107180886248464, -93.70740389766979 36.24929158266429, -93.70964064612373 38.01274509315114))"
20C,2019-11-06 12:55:00+00:00,2019-11-06 14:55:00+00:00,0.0,33000.0,"POLYGON ((-104.69774762462612 33.305738321937206, -103.5933534709058 33.435002438265435, -103.5701031344701 33.23635848075444, -104.67449728819042 33.10709436442621, -104.69774762462612 33.305738321937206))"
3W,2019-11-06 12:55:00+00:00,2019-11-06 14:55:00+00:00,0.0,38000.0,"POLYGON ((-107.47430173410037 35.25954492165232, -108.8638895866517 33.070779631839535, -112.38618492574702 33.1227802744771, -113.00753389291138 34.69886335595646, -107.47430173410037 35.25954492165232))"
CHARLIE 5,2019-11-06 13:45:00+00:00,2019-11-06 17:45:00+00:00,0.0,48000.0,"POLYGON ((-61.3 41.45, -58 40.15, -67 27.15, -70.45 28, -61.3 41.45))"
VICTOR 4,2019-11-06 13:52:00+00:00,2019-11-06 17:50:00+00:00,25000.0,41000.0,"POLYGON ((-153 29.5, -148.1 27.4, -165.3 14, -170 17.4, -153 29.5))"
22C,2019-11-06 13:55:00+00:00,2019-11-06 15:55:00+00:00,0.0,32000.0,"POLYGON ((-106.54242468691649 33.53249017701852, -106.01391910712228 33.33221428672662, -106.20519673969874 31.666273245701333, -106.86738013057055 31.818651108334038, -106.54242468691649 33.53249017701852))"
21C,2019-11-06 13:55:00+00:00,2019-11-06 15:55:00+00:00,0.0,34000.0,"POLYGON ((-93.0882093790144 37.820869202567536, -90.95 36.4427379114728, -91.94901846534106 34.21866716963083, -95.78000000000002 34.18452417705443, -93.0882093790144 37.820869202567536))"
4W,2019-11-06 13:55:00+00:00,2019-11-06 15:55:00+00:00,0.0,38000.0,"POLYGON ((-109.14 35.584582690154754, -107.39144731943998 34.56809549490238, -111.05980995449346 31.79250204542333, -113.08707222766581 34.69849476116072, -109.14 35.584582690154754))"
23E,2019-11-06 13:55:00+00:00,2019-11-06 15:55:00+00:00,0.0,26000.0,"POLYGON ((-79.16515202964214 30.319080813395757, -78.32622315747224 30.26697360283813, -80.04886320771021 28.614263186342093, -80.40238919658427 29.911497211776126, -79.16515202964214 30.319080813395757))"
GOLF 3,2019-11-06 14:00:00+00:00,2019-11-06 18:00:00+00:00,0.0,46000.0,"POLYGON ((-120 20.3, -120 14, -121.45 15, -122 19.3, -120 20.3))"
HOTEL 1,2019-11-06 14:00:00+00:00,2019-11-06 18:00:00+00:00,0.0,44000.0,"POLYGON ((-148.15 33.15, -144.15 33.15, -150 26, -153.15 26.45, -148.15 33.15))"
TANGO 5,2019-11-06 14:01:00+00:00,2019-11-06 18:00:00+00:00,0.0,55000.0,"POLYGON ((167.2 9.2, 178.3 8.4, 166.5 3.3, 167.2 9.2))"
DELTA 1,2019-11-06 14:25:00+00:00,2019-11-06 18:25:00+00:00,0.0,47000.0,"POLYGON ((-55.45 41, -53.15 40, -57 34.45, -60.45 35, -55.45 41))"
23C,2019-11-06 14:55:00+00:00,2019-11-06 16:55:00+00:00,0.0,30000.0,"POLYGON ((-92.22 37.81178626558165, -90.23 36.83815522131805, -91.94901846534106 34.21866716963083, -94.84714460700164 34.52810126957505, -92.22 37.81178626558165))"
5W,2019-11-06 14:55:00+00:00,2019-11-06 16:55:00+00:00,0.0,38000.0,"POLYGON ((-107.76230700312507 35.35469520754206, -106.89581444153963 34.04793473795517, -108.43163509529866 31.561449796533267, -111.20862620415681 31.4848298498301, -112.79208893331283 35.314422610986654, -107.76230700312507 35.35469520754206))"
24C,2019-11-06 14:55:00+00:00,2019-11-06 16:55:00+00:00,0.0,32000.0,"POLYGON ((-104.48714410327355 33.60706159059203, -101.71142335024123 33.29914257833722, -103.10932887224429 32.13706547705658, -106.4370963089553 31.764578602120114, -104.48714410327355 33.60706159059203))"
VICTOR 5,2019-11-06 15:17:00+00:00,2019-11-06 19:20:00+00:00,25000.0,41000.0,"POLYGON ((-153 29.4, -165.4 14, -170 17.4, -153 29.4))"
26C,2019-11-06 15:55:00+00:00,2019-11-06 17:55:00+00:00,0.0,44000.0,"POLYGON ((-105.47182049365887 34.042941984077785, -101.4875242138817 33.34635843709011, -102.55303404780884 32.13681644489905, -106.35505271306255 31.97368285546437, -105.47182049365887 34.042941984077785))"
25C,2019-11-06 15:55:00+00:00,2019-11-06 17:55:00+00:00,0.0,36000.0,"POLYGON ((-92.72914155895839 35.75470791941393, -93.14411237884612 35.00276897498989, -94.27 35.39, -92.72914155895839 35.75470791941393))"
6W,2019-11-06 15:55:00+00:00,2019-11-06 17:55:00+00:00,0.0,32000.0,"POLYGON ((-111.60957419977727 35.45168869833511, -106.82 35.04, -107.61 31.55714530289553, -110.65027516533901 31.56547025349529, -114.13593697292633 34.101712021107396, -111.60957419977727 35.45168869833511))"
24E,2019-11-06 16:55:00+00:00,2019-11-06 18:55:00+00:00,0.0,36000.0,"POLYGON ((-79.89775140197627 30.903112759593455, -79.55067052263696 27.676832485442556, -81.42932947736301 27.676832485442556, -79.89775140197627 30.903112759593455))"
29C,2019-11-06 16:55:00+00:00,2019-11-06 18:55:00+00:00,0.0,27000.0,"POLYGON ((-107.54363690104594 35.62606003720466, -106.24855268056002 34.56809549490238, -108.21191032523646 34.09815796967733, -107.54363690104594 35.62606003720466))"
27C,2019-11-06 16:55:00+00:00,2019-11-06 18:55:00+00:00,0.0,36000.0,"POLYGON ((-91.70855174868449 35.852939785534595, -92.92994128412623 34.9323722435418, -95.98272778371302 34.849831811704995, -91.70855174868449 35.852939785534595))"
28C,2019-11-06 16:55:00+00:00,2019-11-06 18:55:00+00:00,0.0,44000.0,"POLYGON ((-100.29 33.53815522131804, -103.09056067761581 31.562502829677296, -105.19016441255754 32.197358845118885, -104.47937435491568 33.22228012055366, -100.29 33.53815522131804))"
30C,2019-11-06 16:55:00+00:00,2019-11-06 18:55:00+00:00,0.0,36000.0,"POLYGON ((-107.28 32.84628718173732, -106.4370963089553 31.764578602120114, -107.61 31.846287181737317, -107.28 32.84628718173732))"
7W,2019-11-06 16:55:00+00:00,2019-11-06 18:55:00+00:00,0.0,34000.0,"POLYGON ((-112.72930067742028 34.90420053168644, -110.31147401861804 34.893045362769755, -110.42512121580552 32.50798543448448, -113.85158420051964 34.257298191013675, -112.72930067742028 34.90420053168644))"
CHARLIE 6,2019-11-06 17:20:00+00:00,2019-11-06 21:20:00+00:00,0.0,49000.0,"POLYGON ((-60.15 39.15, -55.15 36.45, -67.15 27.45, -70.15 27.45, -64.3 37.15, -60.15 39.15))"
HOTEL 2,2019-11-06 17:25:00+00:00,2019-11-06 21:25:00+00:00,0.0,42000.0,"POLYGON ((-152.3 33, -146.15 30.45, -148 28.15, -153.45 31.45, -152.3 33))"
TANGO 6,2019-11-06 17:50:00+00:00,2019-11-06 21:50:00+00:00,0.0,58000.0,"POLYGON ((165.4 9.4, 178.3 8.4, 165.1 3.3, 165.4 9.4))"
32C,2019-11-06 17:55:00+00:00,2019-11-06 19:55:00+00:00,0.0,45000.0,"POLYGON ((-103.95390643149781 34.11293896649421, -99.9078178367905 33.6008801899579, -103.24000000000001 31.370893132790826, -105.45812479266364 32.631336659183106, -103.95390643149781 34.11293896649421))"
8W,2019-11-06 17:55:00+00:00,2019-11-06 19:55:00+00:00,0.0,34000.0,"POLYGON ((-112.76699695133891 34.934945113166265, -109.84807823645386 33.82975271345669, -109.10991335862727 31.96250146324574, -113.89579827577907 33.35623617362403, -112.76699695133891 34.934945113166265))"
25E,2019-11-06 17:55:00+00:00,2019-11-06 19:55:00+00:00,0.0,40000.0,"POLYGON ((-80.1940263266214 28.96492648435812, -79.83698826035092 27.67846918322073, -81.59064666547002 28.005505528733813, -80.1940263266214 28.96492648435812))"
33C,2019-11-06 17:55:00+00:00,2019-11-06 19:55:00+00:00,0.0,40000.0,"POLYGON ((-106.64254759075749 33.05707275365946, -105.91786994114024 32.126168809968036, -106.97961168179367 32.05713395404898, -106.64254759075749 33.05707275365946))"
31C,2019-11-06 17:55:00+00:00,2019-11-06 19:55:00+00:00,0.0,39000.0,"POLYGON ((-91.45879832555669 36.51783488105012, -92.18 34.96914187884179, -95.78 34.85, -91.45879832555669 36.51783488105012))"
35C,2019-11-06 18:55:00+00:00,2019-11-06 20:55:00+00:00,0.0,42000.0,"POLYGON ((-102.91739638196746 34.65368048524715, -99.14488870346338 33.79775385358701, -103.09056067761581 31.562502829677296, -106.28 32.651844778681955, -102.91739638196746 34.65368048524715))"
34C,2019-11-06 18:55:00+00:00,2019-11-06 20:55:00+00:00,0.0,27000.0,"POLYGON ((-87.95469961542783 37.8661729011373, -87.48058394198044 36.925461404494385, -92.41356842856416 35.140892246369134, -87.95469961542783 37.8661729011373))"
26E,2019-11-06 18:55:00+00:00,2019-11-06 20:55:00+00:00,0.0,45000.0,"POLYGON ((-80.68173178405583 28.538412880935688, -79.83698826035092 27.67846918322073, -81.59064666547002 28.005505528733813, -80.68173178405583 28.538412880935688))"
9W,2019-11-06 18:55:00+00:00,2019-11-06 20:55:00+00:00,0.0,36000.0,"POLYGON ((-109.66576117320274 34.41887518410754, -107.95199713622262 32.27953914095733, -111.08066117053436 32.099885584900015, -109.66576117320274 34.41887518410754))"
10W,2019-11-06 18:55:00+00:00,2019-11-06 20:55:00+00:00,0.0,34000.0,"POLYGON ((-112.72930067742028 34.90420053168644, -111.99359583877218 34.533058391638555, -112.88613113895724 33.42699000635895, -114.2016106212367 33.57076761441223, -112.72930067742028 34.90420053168644))"
VICTOR 6,2019-11-06 19:13:00+00:00,2019-11-06 23:10:00+00:00,25000.0,41000.0,"POLYGON ((-151 28.5, -162.4 15.5, -166.1 18.5, -151 28.5))"
VICTOR 7,2019-11-06 19:18:00+00:00,2019-11-06 23:10:00+00:00,25000.0,41000.0,"POLYGON ((-151 28.5, -146.4 27, -162.4 15.5, -166.1 18.5, -151 28.5))"
37C,2019-11-06 19:55:00+00:00,2019-11-06 21:55:00+00:00,0.0,45000.0,"POLYGON ((-99.05581319254978 34.911354228350376, -99.01389302322328 33.6363505270807, -100.76780519622311 32.15840686504874, -104.71374618491046 31.810408680195387, -105.5365572684907 33.018297884250586, -99.05581319254978 34.911354228350376))"
11W,2019-11-06 19:55:00+00:00,2019-11-06 21:55:00+00:00,0.0,36000.0,"POLYGON ((-109.14 34.752737911472785, -110.35163205307423 32.56933870990244, -111.31037042264514 34.01618594140596, -110.3706985211178 34.706320871944605, -109.14 34.752737911472785))"
36C,2019-11-06 19:55:00+00:00,2019-11-06 21:55:00+00:00,0.0,24000.0,"POLYGON ((-91.77372430899693 35.83055256653708, -89.98 35.598283757683575, -92.05553424586286 34.78216385875991, -91.77372430899693 35.83055256653708))"
12W,2019-11-06 19:55:00+00:00,2019-11-06 21:55:00+00:00,0.0,34000.0,"POLYGON ((-112.20906971514464 35.2339653315602, -112.21980244281738 33.8305384003159, -112.98393284097779 33.75822470314235, -112.20906971514464 35.2339653315602))"
27E,2019-11-06 20:15:00+00:00,2019-11-06 21:55:00+00:00,0.0,41000.0,"POLYGON ((-79.88161041550096 28.84871529436914, -81.78 27.19547582294557, -82.03817340311798 28.283548620013455, -80.98964477770947 28.666883625402374, -79.88161041550096 28.84871529436914))"
CHARLIE 7,2019-11-06 20:40:00+00:00,2019-11-07 00:40:00+00:00,0.0,48000.0,"POLYGON ((-56.45 40.45, -53 37, -66 27.45, -68 30.15, -56.45 40.45))"
38C,2019-11-06 20:55:00+00:00,2019-11-06 22:55:00+00:00,0.0,35000.0,"POLYGON ((-97.28117183002827 36.85943969832422, -95.99674015076697 36.600520979821155, -96.68574932532937 36.19666281867707, -97.28117183002827 36.85943969832422))"
39C,2019-11-06 20:55:00+00:00,2019-11-06 22:55:00+00:00,0.0,45000.0,"POLYGON ((-97.8878042811223 35.164377114637915, -98.28504832915135 33.37480363990927, -102.11479118940474 32.163682692116836, -104.33043514958486 32.247349795247345, -104.195831681091 33.69220162515748, -97.8878042811223 35.164377114637915))"
13W,2019-11-06 20:55:00+00:00,2019-11-06 22:55:00+00:00,0.0,32000.0,"POLYGON ((-109.59806149683153 33.4969143867938, -108.07600928541098 33.27746338515003, -109.5591711524402 31.654827536595565, -110.18220256012114 32.35258664585225, -109.59806149683153 33.4969143867938))"
14W,2019-11-06 20:55:00+00:00,2019-11-06 22:55:00+00:00,0.0,34000.0,"POLYGON ((-112.21753625828485 35.79793031004073, -109.71367183953785 34.88922555469816, -110.8 33.89541730984526, -112.78748523333947 34.084793500183224, -112.21753625828485 35.79793031004073))"
28E,2019-11-06 20:55:00+00:00,2019-11-06 22:55:00+00:00,0.0,43000.0,"POLYGON ((-80.0419443341937 28.908478207695236, -80.49 27.969141878841786, -82.48775932727789 27.2664200598701, -81.94688966495664 28.317351725828388, -80.0419443341937 28.908478207695236))"
40C,2019-11-06 21:55:00+00:00,2019-11-06 23:55:00+00:00,0.0,42000.0,"POLYGON ((-95.5850817857034 37.032043322811624, -95.21718530769074 36.38963652114734, -97.7568119515741 35.7073085533572, -96.69572237042755 37.040839353198294, -95.5850817857034 37.032043322811624))"
41C,2019-11-06 21:55:00+00:00,2019-11-06 23:55:00+00:00,0.0,45000.0,"POLYGON ((-98.78852338315694 35.64100309940781, -96.72010049665693 35.164720842610386, -98.03037535567614 32.86609813104934, -98.74302140505607 33.682495447604516, -98.78852338315694 35.64100309940781))"
16W,2019-11-06 21:55:00+00:00,2019-11-06 23:55:00+00:00,0.0,36000.0,"POLYGON ((-112.40611551424143 35.73262676199351, -109.52949898676836 35.187908757505994, -110.8 33.89541730984526, -112.48 34.03452417705443, -112.40611551424143 35.73262676199351))"
29E,2019-11-06 21:55:00+00:00,2019-11-06 23:55:00+00:00,0.0,40000.0,"POLYGON ((-81.49196182281091 28.484590521716775, -81.21436227460234 28.27280994037643, -82.3871611267341 27.39990545627565, -82.4481954132247 28.114260155857515, -81.49196182281091 28.484590521716775))"
43C,2019-11-06 21:55:00+00:00,2019-11-06 23:55:00+00:00,0.0,36000.0,"POLYGON ((-106.88746211410098 34.9064151883497, -104.42040743537095 33.74053894696897, -104.74222215014771 33.23771303660856, -106.63930739935867 33.49965727661844, -106.88746211410098 34.9064151883497))"
42C,2019-11-06 21:55:00+00:00,2019-11-06 23:55:00+00:00,0.0,45000.0,"POLYGON ((-100.5383069653515 34.57420364302992, -98.98663950056941 33.18796531182674, -102.0591275949135 32.277065112403506, -104.22625677866051 32.537980772774475, -103.8085447876946 34.16422482748068, -100.5383069653515 34.57420364302992))"
15W,2019-11-06 21:55:00+00:00,2019-11-06 23:55:00+00:00,0.0,42000.0,"POLYGON ((-108.96474487854762 34.4198750191787, -106.91186053428423 33.58613916806517, -109.06456607871421 31.869151030023854, -110.22736386873169 32.09816939016707, -108.96474487854762 34.4198750191787))"
TANGO 7,2019-11-06 21:59:00+00:00,2019-11-07 02:00:00+00:00,0.0,57000.0,"POLYGON ((-178.2 9, 169.3 7.5, 169.2 3.3, -177.1 4.3, -178.2 9))"
48C,2019-11-06 22:55:00+00:00,2019-11-07 00:55:00+00:00,0.0,45000.0,"POLYGON ((-102.84 34.83273791147279, -98.82162189938563 34.45089793170983, -98.67674048876654 32.47446493334528, -100.76780519622311 32.15840686504874, -103.61801466974626 32.63796592312447, -102.84 34.83273791147279))"
46C,2019-11-06 22:55:00+00:00,2019-11-07 00:55:00+00:00,0.0,38000.0,"POLYGON ((-96.96190315725353 36.664515092459496, -96.09266988900575 35.46442038163358, -98.00820105030488 35.399313386109235, -98.87029483912617 36.02789876757129, -96.96190315725353 36.664515092459496))"
18W,2019-11-06 22:55:00+00:00,2019-11-07 00:55:00+00:00,0.0,38000.0,"POLYGON ((-109.14 35.75095164589114, -110.06808967476356 34.09815796967733, -111.71266115773173 34.0444411628553, -112.0891495696622 35.46790226524021, -109.14 35.75095164589114))"
17W,2019-11-06 22:55:00+00:00,2019-11-07 00:55:00+00:00,0.0,41000.0,"POLYGON ((-108.27703768166174 35.122821076200836, -105.82421966940844 34.212435222991964, -108.96082884755981 31.654827536595565, -109.85027479035762 32.26862734526919, -108.27703768166174 35.122821076200836))"
30E,2019-11-06 22:55:00+00:00,2019-11-07 00:55:00+00:00,0.0,34000.0,"POLYGON ((-81.83370333121087 28.539107239268716, -81.53149137504136 27.064048828846378, -82.55 26.966287181737318, -82.91180458677532 28.114260155857515, -81.83370333121087 28.539107239268716))"
47C,2019-11-06 22:55:00+00:00,2019-11-07 00:55:00+00:00,0.0,45000.0,"POLYGON ((-95.98324040109485 35.25052961860749, -96.77491362197713 33.40398534612547, -97.99541013897749 32.271312758502695, -97.97481309017301 35.092739100852995, -95.98324040109485 35.25052961860749))"
45C,2019-11-06 22:55:00+00:00,2019-11-07 00:55:00+00:00,0.0,44000.0,"POLYGON ((-94.86431714211538 37.27017672180945, -92.86518348649163 36.24344735885273, -95.72132307984928 36.33354652826099, -96.93798498663966 37.237118069084445, -94.86431714211538 37.27017672180945))"
44C,2019-11-06 22:55:00+00:00,2019-11-07 00:55:00+00:00,0.0,32000.0,"POLYGON ((-89.8282078715469 36.42783842551992, -89.98 35.30914187884179, -91.4449344376446 35.94300669737892, -91.33109882884247 36.41607871991356, -89.8282078715469 36.42783842551992))"
49C,2019-11-06 22:55:00+00:00,2019-11-07 00:55:00+00:00,0.0,34000.0,"POLYGON ((-106.11371223907797 35.03795359230654, -103.64765920698238 34.220715682389084, -104.1394514232379 33.50504982044069, -105.34907465205585 32.72450428861306, -106.11371223907797 35.03795359230654))"
VICTOR 8,2019-11-06 22:56:00+00:00,2019-11-07 03:00:00+00:00,25000.0,40000.0,"POLYGON ((-147.3 27.3, -145.2 26.1, -157.2 19.4, -159 21.4, -147.3 27.3))"
CHARLIE 8,2019-11-06 23:35:00+00:00,2019-11-07 03:35:00+00:00,0.0,48000.0,"POLYGON ((-53.15 43.45, -46.3 41, -68.45 26, -71 29.3, -53.15 43.45))"
VICTOR 9,2019-11-06 23:41:00+00:00,2019-11-07 03:00:00+00:00,25000.0,40000.0,"POLYGON ((-147.3 27.3, -145.2 26.1, -157.2 19.4, -159 21.4, -147.3 27.3))"
31E,2019-11-06 23:55:00+00:00,2019-11-07 01:55:00+00:00,0.0,32000.0,"POLYGON ((-82.5059611299983 27.973557295609805, -82.15374434322403 27.046518748822265, -82.83527003641518 26.78489076403373, -83.43306044547168 27.907952943525746, -82.5059611299983 27.973557295609805))"
54C,2019-11-06 23:55:00+00:00,2019-11-07 01:55:00+00:00,0.0,45000.0,"POLYGON ((-102.36591355469947 35.876040035675935, -98.35837810061436 34.45089793170983, -98.13418954798071 33.06692806077203, -100.82592793615227 32.13797674495977, -103.33870480057044 32.88774765327534, -102.36591355469947 35.876040035675935))"
52C,2019-11-06 23:55:00+00:00,2019-11-07 01:55:00+00:00,0.0,41000.0,"POLYGON ((-95.64491916119842 37.51209190571716, -95.17150600779054 36.19840899062863, -97.78841642882509 35.33618703261501, -98.74623571238233 36.34715600899554, -95.64491916119842 37.51209190571716))"
55C,2019-11-06 23:55:00+00:00,2019-11-07 01:55:00+00:00,0.0,36000.0,"POLYGON ((-105.14 35.16089313279082, -102.84 34.5, -103.61801466974626 32.63796592312447, -104.92270898702361 32.72481277860241, -105.14 35.16089313279082))"
20W,2019-11-06 23:55:00+00:00,2019-11-07 01:55:00+00:00,0.0,39000.0,"POLYGON ((-109.10673479193935 35.91217312117958, -108.67172095954493 35.34133994259472, -109.69770607317899 34.22773358623716, -111.31037042264514 34.01618594140596, -111.74254047299053 35.374692502105454, -109.10673479193935 35.91217312117958))"
19W,2019-11-06 23:55:00+00:00,2019-11-07 01:55:00+00:00,0.0,36000.0,"POLYGON ((-107.57326171609611 35.29234126996838, -105.51306097741063 34.58731414635763, -107.61 32.44636895573639, -109.63334323430112 31.5009258171691, -109.56603221106937 34.06633869977472, -107.57326171609611 35.29234126996838))"
56C,2019-11-06 23:55:00+00:00,2019-11-07 01:55:00+00:00,0.0,36000.0,"POLYGON ((-103.71267677531277 32.03510067073677, -103.2918429276982 31.060275538349707, -103.95 30.58914187884179, -104.43159019815754 31.864443834349, -103.71267677531277 32.03510067073677))"
50C,2019-11-06 23:55:00+00:00,2019-11-07 01:55:00+00:00,0.0,28000.0,"POLYGON ((-89.88362809114045 37.00166093449606, -89.69770687193491 35.712725732557736, -91.4449344376446 35.94300669737892, -90.95 36.39914187884179, -89.88362809114045 37.00166093449606))"
51C,2019-11-06 23:55:00+00:00,2019-11-07 01:55:00+00:00,0.0,42000.0,"POLYGON ((-95.5863869406702 37.46605517223164, -93.39972943077801 37.49354568224233, -91.84472198055497 36.10667380450598, -95.29239519610289 36.364945701523546, -95.5863869406702 37.46605517223164))"
53C,2019-11-06 23:55:00+00:00,2019-11-07 01:55:00+00:00,0.0,45000.0,"POLYGON ((-95.79 35.76628718173732, -95.16099497079009 34.33729352672823, -97.99541013897749 32.271312758502695, -97.1074112421452 35.56497556682991, -95.79 35.76628718173732))"
6C,2019-11-07 00:55:00+00:00,2019-11-07 02:55:00+00:00,0.0,34000.0,"POLYGON ((-103.24000000000001 32.36910686720918, -102.75620520094249 31.41092192134128, -103.75594719418353 30.947682516475272, -103.9659573291741 32.12260515418089, -103.24000000000001 32.36910686720918))"
3C,2019-11-07 00:55:00+00:00,2019-11-07 02:55:00+00:00,0.0,42000.0,"POLYGON ((-94.73888947804934 36.24840607562531, -93.8831814328102 34.62085722434349, -97.95172791611162 32.54835770245518, -96.36965156737803 35.728036976477895, -94.73888947804934 36.24840607562531))"
4C,2019-11-07 00:55:00+00:00,2019-11-07 02:55:00+00:00,0.0,45000.0,"POLYGON ((-101.07640734761652 35.09769193820022, -98.01929872247248 34.459246996332524, -98.4264864567035 32.86235262731738, -100.58675996907995 32.223244372259146, -102.61221994908841 33.10980723833875, -101.07640734761652 35.09769193820022))"
1W,2019-11-07 00:55:00+00:00,2019-11-07 02:55:00+00:00,0.0,45000.0,"POLYGON ((-106.97611002350156 35.347309895609214, -104.7519145441844 34.89085105100741, -106.72013635098111 32.808181242913584, -109.48475303315261 31.808686219674076, -109.14 33.754524177054435, -106.97611002350156 35.347309895609214))"
1E,2019-11-07 00:55:00+00:00,2019-11-07 02:55:00+00:00,0.0,45000.0,"POLYGON ((-82.23541695504453 26.12036921315133, -81.6168826323132 24.99058746653026, -82.53606265362508 24.864833209594003, -82.57488417181274 25.81221170199911, -82.23541695504453 26.12036921315133))"
1C,2019-11-07 00:55:00+00:00,2019-11-07 02:55:00+00:00,0.0,39000.0,"POLYGON ((-94.49 37.69171624231644, -92.60246560681132 37.35777207267345, -91.94615261259253 36.43783290418763, -93.45938404029843 36.026882348421985, -94.4517157159639 36.36019215450745, -94.49 37.69171624231644))"
2C,2019-11-07 00:55:00+00:00,2019-11-07 02:55:00+00:00,0.0,42000.0,"POLYGON ((-94.49 37.69171624231644, -94.28574067855189 36.3052106211923, -97.272731679136 35.28890865023082, -98.3022834480405 36.656073394464755, -94.49 37.69171624231644))"
5C,2019-11-07 00:55:00+00:00,2019-11-07 02:55:00+00:00,0.0,37000.0,"POLYGON ((-103.47508505460782 35.07770875869441, -102.35282247929578 34.66500846096575, -102.71013926007012 33.420794420904464, -104.42223564210244 32.939144731615464, -103.47508505460782 35.07770875869441))"
2W,2019-11-07 00:55:00+00:00,2019-11-07 02:55:00+00:00,0.0,33000.0,"POLYGON ((-109.91803201757803 35.77240712741628, -108.49997726010714 35.93789722789587, -108.76685691020225 34.72611531812997, -110.80744331417782 33.42410058577276, -111.60957419977727 35.45168869833511, -109.91803201757803 35.77240712741628))"
3E,2019-11-07 01:55:00+00:00,2019-11-07 03:55:00+00:00,0.0,45000.0,"POLYGON ((-82.63659400411322 26.20911029381695, -82.05923566011576 24.82505908332018, -82.97904246070244 24.139753076510644, -83.31845039228463 25.948760376132892, -82.63659400411322 26.20911029381695))"
11C,2019-11-07 01:55:00+00:00,2019-11-07 03:55:00+00:00,0.0,38000.0,"POLYGON ((-102.47253701512264 33.22816109639338, -102.56695619274606 31.3022653823383, -104.09794484169585 30.60732655035264, -105.59212595992186 31.229945525360858, -104.25256952339032 33.212125583609, -102.47253701512264 33.22816109639338))"
8C,2019-11-07 01:55:00+00:00,2019-11-07 03:55:00+00:00,0.0,41000.0,"POLYGON ((-93.1709083939027 35.927912504229084, -93.19152085767034 34.67582201304742, -96.30588707258259 33.12252398880869, -97.3453371503311 33.48444916676013, -95.3546129872837 35.84628842029848, -93.1709083939027 35.927912504229084))"
4W,2019-11-07 01:55:00+00:00,2019-11-07 03:55:00+00:00,0.0,36000.0,"POLYGON ((-107.69667469647165 35.970825943687956, -109.63972173113343 33.03795717824705, -110.8239562090999 33.42426017578965, -110.8 35.2263689557364, -110.07618199890567 35.64605844169648, -107.69667469647165 35.970825943687956))"
3W,2019-11-07 01:55:00+00:00,2019-11-07 03:55:00+00:00,0.0,45000.0,"POLYGON ((-105.5280854558156 34.89085105100741, -104.34985580422509 34.92302035033242, -104.7610060625216 33.45756097415807, -108.98245770433208 32.03441517549772, -108.3969600101134 34.16308484286046, -105.5280854558156 34.89085105100741))"
2E,2019-11-07 01:55:00+00:00,2019-11-07 03:55:00+00:00,0.0,35000.0,"POLYGON ((-80.57828027791271 30.668647172186084, -79.87940666817532 29.73695796421324, -80.63921471539524 29.708082745823734, -81.39167390520274 30.237719641684702, -80.57828027791271 30.668647172186084))"
7C,2019-11-07 01:55:00+00:00,2019-11-07 03:55:00+00:00,0.0,42000.0,"POLYGON ((-92.05686677254812 37.35317730086255, -91.28112106931184 36.2201944965997, -95.58536548144562 35.79912711035868, -98.0569141100773 36.08278954188127, -97.06568436773385 37.33997149550803, -92.05686677254812 37.35317730086255))"
9C,2019-11-07 01:55:00+00:00,2019-11-07 03:55:00+00:00,0.0,45000.0,"POLYGON ((-100.00674272659285 36.23770596170816, -97.6668736300051 34.61790802654488, -97.2385115846683 33.27054178323852, -99.00312802733285 32.477097385483304, -102.51863359060624 32.677407531962324, -100.00674272659285 36.23770596170816))"
10C,2019-11-07 01:55:00+00:00,2019-11-07 03:55:00+00:00,0.0,37000.0,"POLYGON ((-102.29275408104735 35.06694539616699, -101.50488432935177 35.02279252836089, -102.39917984651737 33.290126560435304, -104.14127949177933 33.17310661967893, -102.29275408104735 35.06694539616699))"
TANGO 8,2019-11-07 01:55:00+00:00,2019-11-07 06:00:00+00:00,,,"POLYGON ((174.3 8, 179 6.2, 169.1 3.4, 169.2 5.2, 174.3 8))"
VICTOR 10,2019-11-07 02:50:00+00:00,2019-11-07 06:50:00+00:00,0.0,25000.0,"POLYGON ((-146.1 26.4, -143.5 25.2, -153.5 19.5, -155.1 21.3, -146.1 26.4))"
5E,2019-11-07 02:55:00+00:00,2019-11-07 04:55:00+00:00,0.0,41000.0,"POLYGON ((-82.80734252391953 26.144323595407585, -82.13841375684022 24.716954899720363, -83.08069713220173 24.58458406935596, -83.31845039228463 25.948760376132892, -82.80734252391953 26.144323595407585))"
15C,2019-11-07 02:55:00+00:00,2019-11-07 04:55:00+00:00,0.0,32000.0,"POLYGON ((-101.95439905571438 35.9044137938495, -100.69475799213349 35.60466129276366, -100.57585167437982 34.60494923654662, -102.46548651801938 33.88975763982219, -101.95439905571438 35.9044137938495))"
13C,2019-11-07 02:55:00+00:00,2019-11-07 04:55:00+00:00,0.0,38000.0,"POLYGON ((-93.68433815761743 35.896286975798326, -92.03714737600683 34.56227602094432, -95.26714806626936 33.504242729874754, -97.26860022383958 33.330906963436576, -97.03564490028054 35.2076866093756, -93.68433815761743 35.896286975798326))"
16C,2019-11-07 02:55:00+00:00,2019-11-07 04:55:00+00:00,0.0,45000.0,"POLYGON ((-101.0962205081517 34.36735685073003, -101.77538999944036 31.656403517529085, -103.95 29.301786265581644, -105.20182996462627 30.739710185342066, -103.82344282925439 33.33745759080962, -101.0962205081517 34.36735685073003))"
14C,2019-11-07 02:55:00+00:00,2019-11-07 04:55:00+00:00,0.0,43000.0,"POLYGON ((-97.22346514623894 35.27208218485845, -97.26860022383958 33.330906963436576, -99.13324003092005 32.223244372259146, -101.45568085157132 32.77693720746121, -101.0962205081517 34.36735685073003, -97.22346514623894 35.27208218485845))"
12C,2019-11-07 02:55:00+00:00,2019-11-07 04:55:00+00:00,0.0,42000.0,"POLYGON ((-91.07070918014108 37.667016371402305, -89.93707830250177 36.01841945391434, -98.21229723016113 35.39845513239565, -100.03745680057725 36.03248682607791, -96.67267305207153 36.902614605610786, -91.07070918014108 37.667016371402305))"
5W,2019-11-07 02:55:00+00:00,2019-11-07 04:55:00+00:00,0.0,34000.0,"POLYGON ((-105.45105533615721 35.044779516018906, -104.62 34.171844778681965, -104.7610060625216 33.45756097415807, -107.7916751836076 32.21620329104778, -108.41864703308835 32.97305877301123, -105.45105533615721 35.044779516018906))"
6W,2019-11-07 02:55:00+00:00,2019-11-07 04:55:00+00:00,0.0,34000.0,"POLYGON ((-108.09 35.908155221318054, -107.76230700312507 35.35469520754206, -109.71645721294158 33.19140992094782, -110.72416366697784 33.8689372720829, -110.87792657104674 35.213679970834065, -108.09 35.908155221318054))"
4E,2019-11-07 02:55:00+00:00,2019-11-07 04:55:00+00:00,0.0,39000.0,"POLYGON ((-80.73400419422445 30.614333829394287, -79.87940666817532 29.73695796421324, -80.63921471539524 29.708082745823734, -81.27359392894607 30.135333188193844, -80.73400419422445 30.614333829394287))"
TANGO 9,2019-11-07 02:58:00+00:00,2019-11-07 06:00:00+00:00,0.0,55000.0,"POLYGON ((174.3 8, 179 6.2, 169.1 3.4, 169.2 5.2, 174.3 8))"
VICTOR 11,2019-11-07 03:00:00+00:00,2019-11-07 06:50:00+00:00,25000.0,40000.0,"POLYGON ((-146.1 26.4, -143.5 25.2, -153.5 19.5, -155.1 21.3, -146.1 26.4))"
CHARLIE 9,2019-11-07 03:20:00+00:00,2019-11-07 07:20:00+00:00,0.0,46000.0,"POLYGON ((-53 42.15, -48.45 38.3, -68 27, -69.45 30.3, -53 42.15))"
19C,2019-11-07 03:55:00+00:00,2019-11-07 05:55:00+00:00,0.0,44000.0,"POLYGON ((-99.68532905472999 34.36851321096221, -99.29924413269605 32.949320588324674, -103.43936785031084 29.223074664958702, -105.02230366413714 30.67762935509933, -103.01357731248314 33.31308874122344, -99.68532905472999 34.36851321096221))"
18C,2019-11-07 03:55:00+00:00,2019-11-07 05:55:00+00:00,0.0,42000.0,"POLYGON ((-92.79345155051917 35.79699467114139, -91.97768929611112 34.67983287365655, -92.51036651765348 33.72090384528462, -99.07114236049313 32.47753989378691, -99.68532905472999 34.36851321096221, -92.79345155051917 35.79699467114139))"
8W,2019-11-07 03:55:00+00:00,2019-11-07 05:55:00+00:00,0.0,36000.0,"POLYGON ((-107.69667469647165 35.970825943687956, -107.57326171609611 35.29234126996838, -109.59806149683153 33.4969143867938, -110.26256651708754 33.982875935664666, -110.61207680801763 35.123521771002665, -107.69667469647165 35.970825943687956))"
7W,2019-11-07 03:55:00+00:00,2019-11-07 05:55:00+00:00,0.0,32000.0,"POLYGON ((-104.72301296234241 34.79280941478406, -104.23554218314528 34.107933388171986, -104.98743047660969 33.212125583609, -108.33516894240235 32.02326042607353, -108.9567468580813 32.884457628350354, -104.72301296234241 34.79280941478406))"
6E,2019-11-07 03:55:00+00:00,2019-11-07 05:55:00+00:00,0.0,38000.0,"POLYGON ((-80.57828027791271 30.668647172186084, -80.04533213853725 30.215820689740948, -80.85489430572896 29.834022092858287, -81.39167390520274 30.237719641684702, -80.57828027791271 30.668647172186084))"
17C,2019-11-07 03:55:00+00:00,2019-11-07 05:55:00+00:00,0.0,41000.0,"POLYGON ((-88.14719960143948 37.622683195656734, -88.65759188270688 36.239480232928884, -97.47474640203762 35.2977082344295, -99.88 36.050858121158214, -94.9427585690842 37.36417651074204, -88.14719960143948 37.622683195656734))"
21C,2019-11-07 04:55:00+00:00,2019-11-07 06:55:00+00:00,0.0,45000.0,"POLYGON ((-90.7595904186905 36.17351604886221, -92.18 34.014524177054426, -101.8916604329872 31.39483107108088, -103.09056067761581 31.562502829677296, -103.01357731248314 33.31308874122344, -90.7595904186905 36.17351604886221))"
20C,2019-11-07 04:55:00+00:00,2019-11-07 06:55:00+00:00,0.0,39000.0,"POLYGON ((-94.49 37.77089313279083, -87.76 37.59726208852721, -87.41386784239167 36.72597107132902, -96.3431923544608 35.03970284743189, -98.16703531414505 35.589676096180874, -94.49 37.77089313279083))"
22C,2019-11-07 04:55:00+00:00,2019-11-07 06:55:00+00:00,0.0,41000.0,"POLYGON ((-104.32143378759756 31.483421317719415, -102.2611960569123 31.202678269722178, -102.538802333545 30.02702113079422, -103.43936785031084 29.223074664958702, -103.95 29.634524177054434, -104.32143378759756 31.483421317719415))"
9W,2019-11-07 04:55:00+00:00,2019-11-07 06:55:00+00:00,0.0,34000.0,"POLYGON ((-105.16019368043676 34.41476845635759, -104.39015209252548 33.80090320216795, -105.90219634210935 32.587967010721286, -108.33925226003576 32.53257209531643, -108.88027826886659 33.03795717824705, -105.16019368043676 34.41476845635759))"
10W,2019-11-07 04:55:00+00:00,2019-11-07 06:55:00+00:00,0.0,28000.0,"POLYGON ((-107.21251678219875 35.807894320709636, -107.19604652122092 35.16675347219292, -109.71645721294158 33.19140992094782, -110.06808967476356 34.09815796967733, -108.27703768166174 35.122821076200836, -107.21251678219875 35.807894320709636))"
7E,2019-11-07 04:55:00+00:00,2019-11-07 06:55:00+00:00,0.0,35000.0,"POLYGON ((-80.33745077959463 30.334769376460603, -79.5700976771969 29.844415066292452, -80.85489430572896 29.834022092858287, -81.00746429379815 30.339039231886876, -80.33745077959463 30.334769376460603))"
CHARLIE 10,2019-11-07 05:30:00+00:00,2019-11-07 09:30:00+00:00,0.0,48000.0,"POLYGON ((-60.3 36.15, -58.15 32.3, -68.3 26.3, -71 29.45, -60.3 36.15))"
24C,2019-11-07 05:55:00+00:00,2019-11-07 07:55:00+00:00,0.0,31000.0,"POLYGON ((-94.27851964390777 36.55730533533002, -94.12 35.917262088527224, -95.78 34.85, -96.51348810284863 35.609613851946925, -94.27851964390777 36.55730533533002))"
26C,2019-11-07 05:55:00+00:00,2019-11-07 07:55:00+00:00,0.0,42000.0,"POLYGON ((-97.45371450878784 33.974391913160964, -97.59019083274751 33.05979627395309, -101.81768828425619 31.24093132156994, -102.87852153501571 31.7421553174196, -101.1101211410515 33.69742265598809, -97.45371450878784 33.974391913160964))"
23C,2019-11-07 05:55:00+00:00,2019-11-07 07:55:00+00:00,0.0,35000.0,"POLYGON ((-88.18184524260408 37.92924705313033, -86.98322978621673 37.67277648245105, -87.06436622495158 36.92836605612156, -91.52899808448849 35.63804157700413, -92.09707481737732 36.48654279794418, -88.18184524260408 37.92924705313033))"
25C,2019-11-07 05:55:00+00:00,2019-11-07 07:55:00+00:00,0.0,37000.0,"POLYGON ((-94.42679228464698 35.69730859080518, -94.30030638634494 33.97090183154191, -97.59019083274751 33.05979627395309, -97.5949818102185 33.85634449077845, -94.42679228464698 35.69730859080518))"
11W,2019-11-07 05:55:00+00:00,2019-11-07 07:55:00+00:00,0.0,34000.0,"POLYGON ((-109.29379498666022 34.112493906318555, -106.91174827920203 33.40679058757563, -107.05050654042937 32.74933014527294, -107.68543318443903 32.433682458815085, -109.98851553673096 33.711219686775586, -109.29379498666022 34.112493906318555))"
27C,2019-11-07 05:55:00+00:00,2019-11-07 07:55:00+00:00,0.0,45000.0,"POLYGON ((-102.92582626266504 31.758963895791037, -101.86612090242099 31.341757485981578, -101.84683123928569 29.742949417867504, -103.38020225889534 29.096670613459747, -103.60440720840228 31.169799206608495, -102.92582626266504 31.758963895791037))"
29C,2019-11-07 06:55:00+00:00,2019-11-07 08:55:00+00:00,0.0,45000.0,"POLYGON ((-102.96224345147176 32.104979459096896, -101.42423305205998 31.36631853452987, -101.44882467988724 29.9464842995664, -102.87027096504258 29.354443069746203, -103.23975445537546 30.04341571680442, -102.96224345147176 32.104979459096896))"
28C,2019-11-07 06:55:00+00:00,2019-11-07 08:55:00+00:00,0.0,35000.0,"POLYGON ((-88.05924998727193 38.164902884468745, -86.98322978621673 37.67277648245105, -87.06436622495158 36.92836605612156, -88.73470411380833 36.48914374145989, -89.17912936635557 37.66533816250235, -88.05924998727193 38.164902884468745))"
31C,2019-11-07 06:55:00+00:00,2019-11-07 08:55:00+00:00,0.0,42000.0,"POLYGON ((-96.26728367183442 34.68305297671874, -96.43365617191645 33.59443315513605, -101.29659236811437 31.36722001721092, -102.92507092921173 31.98026177761972, -99.91980276006674 34.062760867171, -96.26728367183442 34.68305297671874))"
30C,2019-11-07 06:55:00+00:00,2019-11-07 08:55:00+00:00,0.0,37000.0,"POLYGON ((-94.25674039669278 35.982789827028625, -93.86679674979499 34.58793121391484, -95.78000000000002 33.838003424053746, -95.28590229664502 35.790032694610545, -94.25674039669278 35.982789827028625))"
35C,2019-11-07 07:55:00+00:00,2019-11-07 09:55:00+00:00,0.0,42000.0,"POLYGON ((-95.62541481953727 34.542492349281694, -95.78000000000002 33.685417309845256, -100.80955113410617 31.242165215042228, -101.60140557692912 32.00864110351755, -99.19195388358558 33.988534277029245, -95.62541481953727 34.542492349281694))"
34C,2019-11-07 07:55:00+00:00,2019-11-07 09:55:00+00:00,0.0,37000.0,"POLYGON ((-93.04573450558972 35.38279149165402, -93.11095916581856 34.35812375537841, -95.78000000000002 33.685417309845256, -95.49411583997225 34.61438400698589, -93.04573450558972 35.38279149165402))"
33C,2019-11-07 07:55:00+00:00,2019-11-07 09:55:00+00:00,0.0,45000.0,"POLYGON ((-101.79760156332466 32.009396041398844, -100.80955113410617 31.242165215042228, -100.77000000000001 30.191844778681965, -102.1879120652477 29.861834160206868, -102.5920216978198 30.949420618964208, -101.79760156332466 32.009396041398844))"
32C,2019-11-07 07:55:00+00:00,2019-11-07 09:55:00+00:00,0.0,33000.0,"POLYGON ((-103.07049022705152 34.03866862920351, -102.19 32.84184477868196, -103.24000000000001 32.36910686720918, -104.06683713325606 33.529774487790505, -103.07049022705152 34.03866862920351))"
8E,2019-11-07 07:55:00+00:00,2019-11-07 09:55:00+00:00,0.0,38000.0,"POLYGON ((-79.51452983376963 31.766808283662346, -79.39525091818597 31.60627000069785, -80.98528784792893 30.42488275015865, -81.1045667635126 30.585421033123144, -79.51452983376963 31.766808283662346))"
36C,2019-11-07 07:55:00+00:00,2019-11-07 09:55:00+00:00,0.0,32000.0,"POLYGON ((-106.91186053428423 33.58613916806517, -105.10054857676211 33.50504982044069, -105.57561145039462 33.004388337329445, -107.14804653161303 33.01279798541234, -106.91186053428423 33.58613916806517))"
38C,2019-11-07 08:55:00+00:00,2019-11-07 10:55:00+00:00,0.0,40000.0,"POLYGON ((-101.35314569018058 31.685170580762918, -100.03820031715198 31.016420160068012, -100.53241263676385 30.34339259729768, -101.21233756640375 30.281499371429412, -102.01007482866206 30.94637897958997, -101.35314569018058 31.685170580762918))"
40C,2019-11-07 08:55:00+00:00,2019-11-07 10:55:00+00:00,0.0,38000.0,"POLYGON ((-93.6961265625494 34.918078013398485, -94.07000000000001 34.00910686720917, -98.85504110127808 31.41992584276884, -100.63014145124446 31.433540783733985, -101.04325951123346 32.47446493334528, -93.6961265625494 34.918078013398485))"
37C,2019-11-07 08:55:00+00:00,2019-11-07 10:55:00+00:00,0.0,35000.0,"POLYGON ((-102.84 34.00089313279083, -100.84606194345824 32.47615613789508, -103.65717049843227 32.222241238755984, -103.69671854591974 33.65492043788262, -102.84 34.00089313279083))"
39C,2019-11-07 08:55:00+00:00,2019-11-07 10:55:00+00:00,0.0,30000.0,"POLYGON ((-106.47862852974157 33.55405549434366, -104.86530754058118 33.54421319818416, -105.107179528051 32.93013962753915, -106.64254759075749 33.05707275365946, -106.47862852974157 33.55405549434366))"
CHARLIE 11,2019-11-07 09:15:00+00:00,2019-11-07 13:15:00+00:00,0.0,48000.0,"POLYGON ((-59.45 37, -56.15 33.3, -67.45 25.45, -70.45 31.3, -59.45 37))"
XRAY 1,2019-11-07 09:29:00+00:00,2019-11-07 13:30:00+00:00,0.0,58000.0,"POLYGON ((177 11, 176.3 8.1, -173.5 8.5, 177 11))"
42C,2019-11-07 09:55:00+00:00,2019-11-07 11:55:00+00:00,0.0,40000.0,"POLYGON ((-99.86 32.48, -98.89263092342858 31.65281068444806, -100.35466146440172 30.407906945601354, -100.81982898076103 30.600944743093184, -101.22939376873013 31.36764383058726, -99.86 32.48))"
44C,2019-11-07 09:55:00+00:00,2019-11-07 11:55:00+00:00,0.0,38000.0,"POLYGON ((-94.84714460700164 34.52810126957505, -94.30030638634494 33.97090183154191, -97.63066312875567 31.53215948732113, -98.85504110127808 31.41992584276884, -97.47572722839885 33.59480051591332, -94.84714460700164 34.52810126957505))"
9E,2019-11-07 09:55:00+00:00,2019-11-07 11:55:00+00:00,0.0,42000.0,"POLYGON ((-79.35727662587313 31.51403068465754, -79.29660303722461 31.323455986335574, -80.76446685069544 30.85612970433292, -80.82514043934395 31.046704402654886, -79.35727662587313 31.51403068465754))"
41C,2019-11-07 09:55:00+00:00,2019-11-07 11:55:00+00:00,0.0,35000.0,"POLYGON ((-101.26947465948918 33.477046635069804, -100.49488745106778 32.69970683790637, -103.55492907078828 31.98026177761972, -103.24000000000001 32.592854697104464, -101.26947465948918 33.477046635069804))"
43C,2019-11-07 09:55:00+00:00,2019-11-07 11:55:00+00:00,0.0,30000.0,"POLYGON ((-106.78856777401306 33.6879426121603, -105.26113732529376 33.559653522809604, -106.01803543781399 32.35399645113463, -107.14804653161303 33.01279798541234, -106.78856777401306 33.6879426121603))"
46C,2019-11-07 10:55:00+00:00,2019-11-07 12:55:00+00:00,0.0,40000.0,"POLYGON ((-98.59 32.99178626558165, -97.99033620967357 31.403309752157494, -99.5459865718281 30.834994179788414, -100.62989753421923 31.306207820736216, -99.93560133738796 32.63368228509672, -98.59 32.99178626558165))"
48C,2019-11-07 10:55:00+00:00,2019-11-07 12:55:00+00:00,0.0,38000.0,"POLYGON ((-94.27 34.55815522131803, -93.76237065163932 34.124440010838626, -96.48818392904685 31.657616916745877, -98.16980147557979 31.338508877722262, -98.17598765774108 31.97513444044588, -94.27 34.55815522131803))"
10E,2019-11-07 10:55:00+00:00,2019-11-07 12:55:00+00:00,0.0,42000.0,"POLYGON ((-79.35727662587313 31.51403068465754, -79.29660303722461 31.323455986335574, -80.76446685069544 30.85612970433292, -80.82514043934395 31.046704402654886, -79.35727662587313 31.51403068465754))"
47C,2019-11-07 10:55:00+00:00,2019-11-07 12:55:00+00:00,0.0,30000.0,"POLYGON ((-106.47862852974157 33.55405549434366, -104.86530754058118 33.54421319818416, -103.84523469500373 32.379703248794655, -104.34555427942418 32.25249445685692, -106.76120838374145 33.27892254058505, -106.47862852974157 33.55405549434366))"
45C,2019-11-07 10:55:00+00:00,2019-11-07 12:55:00+00:00,0.0,35000.0,"POLYGON ((-102.28926149462067 32.93089498094689, -100.13964030391494 32.71497224287986, -100.40545680671474 32.28782345440256, -102.96224345147176 32.104979459096896, -102.28926149462067 32.93089498094689))"
49C,2019-11-07 11:55:00+00:00,2019-11-07 13:55:00+00:00,0.0,35000.0,"POLYGON ((-98.44269904503261 31.65463822396303, -97.68306198905013 31.30641264694936, -100.0408547960178 30.138698843516536, -100.20656948629485 30.599428614055693, -98.44269904503261 31.65463822396303))"
CHARLIE 12,2019-11-07 12:45:00+00:00,2019-11-07 16:45:00+00:00,0.0,45000.0,"POLYGON ((-58.15 37.45, -54.45 34.3, -67.3 24.45, -71 31, -58.15 37.45))"
51C,2019-11-07 12:55:00+00:00,2019-11-07 14:55:00+00:00,0.0,32000.0,"POLYGON ((-104.14807138139267 32.18510812708861, -101.5007363131614 31.419931804965177, -101.8161027315283 30.944785814376942, -103.33796895465312 30.822173448357546, -104.80710256962988 31.860389989425368, -104.14807138139267 32.18510812708861))"
50C,2019-11-07 12:55:00+00:00,2019-11-07 14:55:00+00:00,0.0,38000.0,"POLYGON ((-98.44269904503261 31.65463822396303, -97.68306198905013 31.30641264694936, -100.0408547960178 30.138698843516536, -100.20656948629485 30.599428614055693, -98.44269904503261 31.65463822396303))"
11E,2019-11-07 12:55:00+00:00,2019-11-07 14:55:00+00:00,0.0,36000.0,"POLYGON ((-79.58358119751045 31.954206494934194, -79.26323854219324 31.28479790917351, -80.57828027791271 30.668647172186084, -80.72128154766405 31.35800827846842, -79.58358119751045 31.954206494934194))"
12E,2019-11-07 13:55:00+00:00,2019-11-07 15:55:00+00:00,0.0,27000.0,"POLYGON ((-79.60689771374795 30.58562877061297, -78.62090868383004 30.168248924699977, -79.3931486732552 29.289021921839478, -80.53767976415757 29.298780093543147, -79.60689771374795 30.58562877061297))"
52C,2019-11-07 13:55:00+00:00,2019-11-07 15:55:00+00:00,0.0,32000.0,"POLYGON ((-97.8961816667922 31.437171228573096, -97.46415982382948 31.259154555398418, -99.22927509746708 30.08753000476169, -99.58296709005478 30.39533096916344, -97.8961816667922 31.437171228573096))"
53C,2019-11-07 13:55:00+00:00,2019-11-07 15:55:00+00:00,0.0,29000.0,"POLYGON ((-103.24000000000001 32.44828375768357, -103.04460049601968 31.083550070866256, -105.02850485856912 31.371273493776336, -103.24000000000001 32.44828375768357))"
YANKEE 1,2019-11-07 14:13:00+00:00,2019-11-07 18:05:00+00:00,30000.0,40000.0,"POLYGON ((177 21.5, 177.2 19.4, -172.3 19.4, -172.3 21.5, 177 21.5))"
WHISKEY 1,2019-11-07 14:23:00+00:00,2019-11-07 18:25:00+00:00,0.0,57000.0,"POLYGON ((145.1 16.3, 148.1 16.2, 144.3 14, 145.1 16.3))"
OSCAR 1,2019-11-07 14:28:00+00:00,2019-11-07 18:30:00+00:00,0.0,54000.0,"POLYGON ((146.5 10.2, 150.5 10, 145.3 6.5, 146.5 10.2))"
55C,2019-11-07 14:55:00+00:00,2019-11-07 16:55:00+00:00,0.0,29000.0,"POLYGON ((-102.56860829460385 32.77796287137032, -102.98 31.282737911472786, -104.91189555910042 31.119968252987597, -102.56860829460385 32.77796287137032))"
54C,2019-11-07 14:55:00+00:00,2019-11-07 16:55:00+00:00,0.0,35000.0,"POLYGON ((-97.03032524555952 31.4553217977527, -96.92073614867078 28.979926375369953, -100.32387910358418 30.59902920451599, -97.03032524555952 31.4553217977527))"
56C,2019-11-07 15:55:00+00:00,2019-11-07 17:55:00+00:00,0.0,35000.0,"POLYGON ((-96.09730095496737 31.65463822396303, -96.1345595313483 28.82355334282263, -97.57856898521712 29.318752834249235, -99.64131012912652 30.663544558722457, -96.09730095496737 31.65463822396303))"
CHARLIE 13,2019-11-07 15:55:00+00:00,2019-11-07 19:55:00+00:00,0.0,42000.0,"POLYGON ((-63.15 32.3, -60.3 30.45, -67.15 25, -70.3 27.45, -63.15 32.3))"
57C,2019-11-07 16:55:00+00:00,2019-11-07 18:55:00+00:00,0.0,35000.0,"POLYGON ((-95.90257299091084 31.154596208507645, -95.35 29.381716242316426, -98.34250186760892 29.53772112394104, -95.90257299091084 31.154596208507645))"
59C,2019-11-07 17:55:00+00:00,2019-11-07 19:55:00+00:00,0.0,39000.0,"POLYGON ((-95.65323048103936 30.824684368128874, -95.2226254990634 29.692806479620216, -97.84665281046244 29.417289366308122, -95.65323048103936 30.824684368128874))"
58C,2019-11-07 17:55:00+00:00,2019-11-07 19:55:00+00:00,0.0,35000.0,"POLYGON ((-86.94997552489423 31.997137583186007, -87.00441709316468 31.497426691743794, -90.00245923779916 30.76547840352765, -90.49876177016506 31.095324935448467, -86.94997552489423 31.997137583186007))"
WHISKEY 2,2019-11-07 17:59:00+00:00,2019-11-07 22:00:00+00:00,0.0,60000.0,"POLYGON ((144 18.2, 148.4 17.2, 142.1 13.5, 144 18.2))"
OSCAR 2,2019-11-07 18:02:00+00:00,2019-11-07 22:00:00+00:00,0.0,57000.0,"POLYGON ((146 9.5, 150.5 8.1, 143.4 5, 144.1 8.2, 146 9.5))"
CHARLIE 14,2019-11-07 18:20:00+00:00,2019-11-07 22:20:00+00:00,0.0,44000.0,"POLYGON ((-62 31.45, -63.45 24.3, -71.45 25.15, -70 28.15, -62 31.45))"
61C,2019-11-07 18:55:00+00:00,2019-11-07 20:55:00+00:00,0.0,30000.0,"POLYGON ((-88.95781107799881 31.23976606688423, -87.89304387724498 30.895138991914035, -90.45231407613048 29.486220092345675, -91.3 29.757145302895527, -88.95781107799881 31.23976606688423))"
60C,2019-11-07 18:55:00+00:00,2019-11-07 20:55:00+00:00,0.0,30000.0,"POLYGON ((-86.56112793385564 32.01531686856868, -86.68 31.40828375768357, -87.97056399146943 31.53081580977956, -86.56112793385564 32.01531686856868))"
62C,2019-11-07 18:55:00+00:00,2019-11-07 20:55:00+00:00,0.0,44000.0,"POLYGON ((-95.58647536663014 30.16424304415326, -94.87995172012872 29.55025744739974, -96.31 29.04914187884179, -97.53 29.657145302895536, -95.58647536663014 30.16424304415326))"
65C,2019-11-07 19:55:00+00:00,2019-11-07 21:55:00+00:00,0.0,41000.0,"POLYGON ((-95.5275252727311 30.023547650836168, -93.99580577507679 29.818693376637544, -97.78743162490112 27.772231195805496, -97.18934202485907 29.075486169836065, -95.5275252727311 30.023547650836168))"
64C,2019-11-07 19:55:00+00:00,2019-11-07 21:55:00+00:00,0.0,41000.0,"POLYGON ((-89.0485046770977 31.316386786392243, -87.58582946781142 30.72770264484189, -89.42455364610305 29.848752505488765, -91.00634079759575 29.86485148460848, -89.0485046770977 31.316386786392243))"
63C,2019-11-07 19:55:00+00:00,2019-11-07 21:55:00+00:00,0.0,33000.0,"POLYGON ((-86.420833433627 31.36400668781387, -86.55078095432785 31.097068151541862, -87.1582415177413 31.238030285347172, -86.420833433627 31.36400668781387))"
13E,2019-11-07 20:55:00+00:00,2019-11-07 22:55:00+00:00,0.0,34000.0,"POLYGON ((-86.32 32.05363104426361, -85.62918498458123 31.629916575488494, -86.68 29.998155221318033, -86.82876526355459 31.137324773728583, -86.32 32.05363104426361))"
67C,2019-11-07 20:55:00+00:00,2019-11-07 22:55:00+00:00,0.0,45000.0,"POLYGON ((-94.99472216477376 30.086856707329652, -93.99580577507679 29.818693376637544, -97.97015492100442 27.428424099833215, -97.72981795273124 28.514516068949963, -94.99472216477376 30.086856707329652))"
66C,2019-11-07 20:55:00+00:00,2019-11-07 22:55:00+00:00,0.0,41000.0,"POLYGON ((-88.8 31.94628718173732, -87.01672272974271 30.829564570585955, -89.69234801042859 29.738993627144485, -90.33336860634256 29.84958132485693, -88.8 31.94628718173732))"
CHARLIE 15,2019-11-07 21:10:00+00:00,2019-11-08 01:10:00+00:00,0.0,45000.0,"POLYGON ((-63.15 28.3, -63.15 25.3, -66.3 23.15, -71.45 24.3, -71.45 26, -63.15 28.3))"
OSCAR 3,2019-11-07 21:47:00+00:00,2019-11-08 01:45:00+00:00,0.0,57000.0,"POLYGON ((143.1 10.1, 150.1 9.1, 142.3 3, 143.1 10.1))"
14E,2019-11-07 21:55:00+00:00,2019-11-07 23:55:00+00:00,0.0,44000.0,"POLYGON ((-85.1341753378059 32.896272183205, -84.706211821248 32.012246792286305, -86.23933479413192 29.907024684205624, -87.19331025105335 29.75305350671482, -87.09251936292955 31.182268496522102, -85.1341753378059 32.896272183205))"
69C,2019-11-07 21:55:00+00:00,2019-11-07 23:55:00+00:00,0.0,41000.0,"POLYGON ((-94.17281076557246 30.68828013873573, -93.3298371861264 29.678702245133135, -97.83804421273247 27.54650673740423, -97.96268250573681 28.090013686473597, -95.92608206591001 29.95874695152936, -94.17281076557246 30.68828013873573))"
68C,2019-11-07 21:55:00+00:00,2019-11-07 23:55:00+00:00,0.0,42000.0,"POLYGON ((-88.25514323972608 32.18782798091745, -86.9035094278329 31.290922835561766, -86.95333077212157 30.59443181186036, -89.46936934992422 29.657939352814758, -90.80593440386266 29.432815042019243, -88.25514323972608 32.18782798091745))"
15E,2019-11-07 21:55:00+00:00,2019-11-07 23:55:00+00:00,0.0,35000.0,"POLYGON ((-86.20516209176293 33.66805598375878, -85.72743249640021 33.04893194420566, -88.00679386250539 32.65414262326302, -87.26719167638768 33.36277535944318, -86.20516209176293 33.66805598375878))"
WHISKEY 3,2019-11-07 21:56:00+00:00,2019-11-08 02:00:00+00:00,0.0,54000.0,"POLYGON ((140 19.3, 146.5 19, 140.1 14.3, 140 19.3))"
17E,2019-11-07 22:55:00+00:00,2019-11-08 00:55:00+00:00,0.0,34000.0,"POLYGON ((-86.9 33.337262088527226, -85.63274716054416 33.40220954538821, -88.36 31.395475822945567, -88.8 31.714524177054425, -86.9 33.337262088527226))"
71C,2019-11-07 22:55:00+00:00,2019-11-08 00:55:00+00:00,0.0,44000.0,"POLYGON ((-93.65674318865123 30.6094298263139, -93.47527586187198 29.37097004870952, -97.65520795436099 27.43871838206908, -98.30704593054054 27.57895533621855, -96.31 29.425475822945575, -93.65674318865123 30.6094298263139))"
70C,2019-11-07 22:55:00+00:00,2019-11-08 00:55:00+00:00,0.0,40000.0,"POLYGON ((-87.98666848660484 31.49799042518937, -86.68 31.49547582294556, -87.03752297811 30.70217578748334, -91.03571626812398 28.35326538449789, -90.57544635389695 29.848752505488765, -87.98666848660484 31.49799042518937))"
16E,2019-11-07 22:55:00+00:00,2019-11-08 00:55:00+00:00,0.0,38000.0,"POLYGON ((-85.21 32.32714530289553, -84.60421210874945 31.770264942648335, -85.12209123547656 30.121104752485802, -86.68 29.239719666370156, -86.87248741958348 30.429159279823317, -85.21 32.32714530289553))"
CHARLIE 16,2019-11-07 23:40:00+00:00,2019-11-08 03:40:00+00:00,0.0,48000.0,"POLYGON ((-65.15 26.15, -66.15 22.15, -69.45 22.3, -69.3 25, -65.15 26.15))"
20E,2019-11-07 23:55:00+00:00,2019-11-08 01:55:00+00:00,0.0,34000.0,"POLYGON ((-77.02217490022191 33.641227356518534, -76.02243555084308 33.699426699793655, -76.18824930117962 32.92676335171022, -77.87 32.353572531163294, -77.02217490022191 33.641227356518534))"
19E,2019-11-07 23:55:00+00:00,2019-11-08 01:55:00+00:00,0.0,34000.0,"POLYGON ((-84.58148108618428 33.747560092993886, -87.98666848660484 31.49799042518937, -88.50047376584563 31.764826035284266, -86.30029492453903 33.66855187122524, -84.58148108618428 33.747560092993886))"
73C,2019-11-07 23:55:00+00:00,2019-11-08 01:55:00+00:00,0.0,42000.0,"POLYGON ((-93.5166451026534 29.78645152874501, -93.54766539449795 29.217044952265425, -97.44 27.40089313279082, -99.42 27.14726208852722, -96.4854404686517 28.82355334282263, -93.5166451026534 29.78645152874501))"
72C,2019-11-07 23:55:00+00:00,2019-11-08 01:55:00+00:00,0.0,41000.0,"POLYGON ((-86.68 31.49547582294556, -86.75402542140615 30.676274080611357, -88.94077154874232 29.463773658659793, -91.03571626812398 28.35326538449789, -89.31778929735192 30.436449738544702, -86.68 31.49547582294556))"
18E,2019-11-07 23:55:00+00:00,2019-11-08 01:55:00+00:00,0.0,34000.0,"POLYGON ((-84.29 31.94914187884179, -84.9708309960843 30.61983167926256, -86.68 29.384290605791055, -86.68 30.107145302895525, -85.13922346030412 31.65718826241764, -84.29 31.94914187884179))"
1E,2019-11-08 00:55:00+00:00,2019-11-08 02:55:00+00:00,0.0,33000.0,"POLYGON ((-84.62446488752653 33.56619640092004, -87.05373176885418 31.597988300097793, -87.98666848660484 31.49799042518937, -86.59616144442315 33.0548081558199, -84.62446488752653 33.56619640092004))"
2E,2019-11-08 00:55:00+00:00,2019-11-08 02:55:00+00:00,0.0,32000.0,"POLYGON ((-76.02243555084308 33.699426699793655, -76.05057862301025 32.80714986095124, -78.04244026577516 32.173763670293084, -78.45511452833776 32.88000418259385, -76.02243555084308 33.699426699793655))"
1C,2019-11-08 00:55:00+00:00,2019-11-08 02:55:00+00:00,0.0,42000.0,"POLYGON ((-86.73555185266774 31.866398006836835, -85.03611189465529 30.9864105292458, -86.53218444707629 30.522506328476403, -90.9029456318347 28.471762673224408, -90.97750296040424 28.858807022645482, -86.73555185266774 31.866398006836835))"
2C,2019-11-08 00:55:00+00:00,2019-11-08 02:55:00+00:00,0.0,45000.0,"POLYGON ((-95.09592678321408 29.42549175699621, -93.49077596624744 29.338053807581947, -95.68676685786826 27.422911442956952, -98.18051591411405 26.633385812086665, -99.42 27.19085812115821, -95.09592678321408 29.42549175699621))"
4E,2019-11-08 01:55:00+00:00,2019-11-08 03:55:00+00:00,0.0,35000.0,"POLYGON ((-76.0565913501922 34.33663054389656, -76.05057862301025 32.80714986095124, -77.68267016581326 32.040179807225364, -78.45511452833776 32.88000418259385, -76.0565913501922 34.33663054389656))"
3E,2019-11-08 01:55:00+00:00,2019-11-08 03:55:00+00:00,0.0,32000.0,"POLYGON ((-84.5810951712314 33.5122792441638, -85.7666408155912 31.74823125693894, -87.6714953229023 31.316386786392243, -85.36244722449273 33.35731710735726, -84.5810951712314 33.5122792441638))"
3C,2019-11-08 01:55:00+00:00,2019-11-08 03:55:00+00:00,0.0,41000.0,"POLYGON ((-85.36901924384196 31.273458639239355, -86.68 29.998155221318033, -90.53366277448461 28.25707270258019, -90.80243892825852 28.923500816243394, -86.38150247329128 31.44447747954094, -85.36901924384196 31.273458639239355))"
4C,2019-11-08 01:55:00+00:00,2019-11-08 03:55:00+00:00,0.0,45000.0,"POLYGON ((-95.09592678321408 29.42549175699621, -93.49077596624744 29.338053807581947, -95.68676685786826 27.422911442956952, -98.18051591411405 26.633385812086665, -99.42 27.19085812115821, -95.09592678321408 29.42549175699621))"
7E,2019-11-08 02:55:00+00:00,2019-11-08 04:55:00+00:00,,,"POLYGON ((-70.03 40.61017267599576, -71.79068474046078 39.93895051369507, -74.52799691171127 38.02548188281028, -74.0054774093743 38.84096709170089, -70.03 40.61017267599576))"
6E,2019-11-08 02:55:00+00:00,2019-11-08 04:55:00+00:00,0.0,36000.0,"POLYGON ((-75.32964868748161 34.56621388586957, -75.29134565535617 33.431553251189904, -76.05057862301025 32.80714986095124, -78.25703945270125 32.877349384187006, -75.32964868748161 34.56621388586957))"
5E,2019-11-08 02:55:00+00:00,2019-11-08 04:55:00+00:00,0.0,30000.0,"POLYGON ((-84.79062782304024 32.69637597703662, -85.26726069029438 31.656276482818313, -87.23070661195595 31.299398184331373, -86.32 32.22, -84.79062782304024 32.69637597703662))"
6C,2019-11-08 02:55:00+00:00,2019-11-08 04:55:00+00:00,0.0,40000.0,"POLYGON ((-93.61983769755517 29.063081009224742, -93.83507074762302 28.600959686264062, -95.83444405140816 26.484788496089298, -98.58080251356293 26.36071197444865, -99.42 27.313631044263612, -93.61983769755517 29.063081009224742))"
5C,2019-11-08 02:55:00+00:00,2019-11-08 04:55:00+00:00,0.0,36000.0,"POLYGON ((-85.94685617538487 31.450926878077023, -84.70306198905014 31.30641264694936, -85.41505289156872 30.01367915924098, -89.22249703959575 28.858807022645482, -89.57087705355593 29.36995977389581, -85.94685617538487 31.450926878077023))"
CHARLIE 17,2019-11-08 03:30:00+00:00,2019-11-08 07:30:00+00:00,0.0,47000.0,"POLYGON ((-66 24.45, -66 22.15, -68.15 22.3, -69 23.45, -66 24.45))"
8E,2019-11-08 03:55:00+00:00,2019-11-08 05:55:00+00:00,0.0,31000.0,"POLYGON ((-84.44070758035093 32.68751994342753, -85.07181607095315 31.657616916745877, -86.9035094278329 31.290922835561766, -85.533406206969 32.21756446569643, -84.44070758035093 32.68751994342753))"
9E,2019-11-08 03:55:00+00:00,2019-11-08 05:55:00+00:00,0.0,34000.0,"POLYGON ((-76.75806151953049 33.962967262902886, -76.02243555084308 33.699426699793655, -76.18824930117962 32.92676335171022, -77.87 33.019048354108854, -76.75806151953049 33.962967262902886))"
9C,2019-11-08 03:55:00+00:00,2019-11-08 05:55:00+00:00,0.0,34000.0,"POLYGON ((-97.44 28.232737911472782, -97.44 27.23452417705443, -97.38 26.252737911472792, -98.85214661324234 26.24921237869783, -99.34833624133327 27.326276785830725, -97.44 28.232737911472782))"
8C,2019-11-08 03:55:00+00:00,2019-11-08 05:55:00+00:00,0.0,45000.0,"POLYGON ((-94.27384345220017 29.0145032395411, -93.11 28.80904835410886, -96.00691351284726 26.42285356834863, -95.9495057334155 27.990997723205563, -94.27384345220017 29.0145032395411))"
10E,2019-11-08 03:55:00+00:00,2019-11-08 05:55:00+00:00,0.0,30000.0,"POLYGON ((-70.03 39.400577787528384, -70.03 38.822294029844805, -72.98467900262207 37.49289992388145, -72.41702371631723 38.301063751040715, -70.03 39.400577787528384))"
7C,2019-11-08 03:55:00+00:00,2019-11-08 05:55:00+00:00,0.0,41000.0,"POLYGON ((-85.59983312185356 31.60459384869084, -84.16037567250173 31.392802205184726, -86.23330799696137 29.89427044895461, -89.18508490510278 28.84494180088204, -89.23214954976287 29.571154413946605, -85.59983312185356 31.60459384869084))"
ECHO 1,2019-11-08 04:40:00+00:00,2019-11-08 08:40:00+00:00,0.0,45000.0,"POLYGON ((-61.3 31.3, -61 29, -64.3 28.15, -64.45 30, -61.3 31.3))"
11E,2019-11-08 04:55:00+00:00,2019-11-08 06:55:00+00:00,0.0,43000.0,"POLYGON ((-84.44009452126022 31.967321951099766, -83.29080948912768 31.537628073776222, -85.16251131067045 29.691641457176388, -86.68 29.33267939837246, -85.46269904503264 31.65463822396303, -84.44009452126022 31.967321951099766))"
13E,2019-11-08 04:55:00+00:00,2019-11-08 06:55:00+00:00,0.0,37000.0,"POLYGON ((-76.25804524564349 34.33943617623588, -75.47369288951381 33.49892397615319, -76.18824930117962 32.92676335171022, -77.33697775851961 33.27290691262983, -76.25804524564349 34.33943617623588))"
12E,2019-11-08 04:55:00+00:00,2019-11-08 06:55:00+00:00,0.0,35000.0,"POLYGON ((-79.89229144464254 34.69089596496981, -79.51791174927561 34.11227741211031, -81.42995018728168 33.09089146932307, -82.16000000000001 33.044524177054434, -79.89229144464254 34.69089596496981))"
15E,2019-11-08 04:55:00+00:00,2019-11-08 06:55:00+00:00,0.0,32000.0,"POLYGON ((-72.418413134897 37.29047722444652, -72.67399383088501 36.208824888541756, -73.91498722514666 35.4745690241172, -73.91083226975601 36.2385671361986, -72.418413134897 37.29047722444652))"
14E,2019-11-08 04:55:00+00:00,2019-11-08 06:55:00+00:00,0.0,30000.0,"POLYGON ((-69.09750125447381 39.53982344506893, -68.8200037601979 39.002922405318266, -71.91332722915506 38.12364704983345, -71.11610559378445 38.6430022747771, -69.09750125447381 39.53982344506893))"
11C,2019-11-08 04:55:00+00:00,2019-11-08 06:55:00+00:00,0.0,39000.0,"POLYGON ((-97.2082170228728 28.104260237690365, -98.12426885458959 26.194722247160662, -98.92585072700302 26.410600769141197, -99.11006075057965 26.811826673664495, -98.09433439972645 27.898454865879213, -97.2082170228728 28.104260237690365))"
10C,2019-11-08 04:55:00+00:00,2019-11-08 06:55:00+00:00,0.0,35000.0,"POLYGON ((-92.79226601136665 29.471786790507732, -93.11 28.549719666370162, -93.8656034962644 28.53504364351811, -94.29773101624471 29.035776245217505, -92.79226601136665 29.471786790507732))"
19E,2019-11-08 05:55:00+00:00,2019-11-08 07:55:00+00:00,,,"POLYGON ((-69.66422205954858 40.60900807116406, -75.00323370379844 36.25423655883253, -73.15131595203125 38.55432183173429, -69.52549302592092 40.35063042506119, -69.66422205954858 40.60900807116406))"
16E,2019-11-08 05:55:00+00:00,2019-11-08 07:55:00+00:00,0.0,41000.0,"POLYGON ((-84.97671399586818 31.06995703664485, -84.12749921632792 30.860926092548294, -85.87831824331859 29.136776832549774, -86.68 29.33267939837246, -84.97671399586818 31.06995703664485))"
18E,2019-11-08 05:55:00+00:00,2019-11-08 07:55:00+00:00,0.0,32000.0,"POLYGON ((-74.1793894752955 34.596247650832055, -76.05057862301025 32.80714986095124, -77.18711036928703 32.96475210855679, -76.0565913501922 34.33663054389656, -74.1793894752955 34.596247650832055))"
20E,2019-11-08 05:55:00+00:00,2019-11-08 07:55:00+00:00,0.0,35000.0,"POLYGON ((-72.67399383088501 36.208824888541756, -75.32964868748161 34.56621388586957, -75.48162719054064 34.874613397761685, -72.67399383088501 36.208824888541756))"
12C,2019-11-08 05:55:00+00:00,2019-11-08 07:55:00+00:00,0.0,32000.0,"POLYGON ((-98.10198317606388 27.310217183571183, -97.86862355413474 26.97710893728381, -98.16954681085284 26.623699920561336, -98.6294252327918 26.77192700896978, -98.10198317606388 27.310217183571183))"
17E,2019-11-08 05:55:00+00:00,2019-11-08 07:55:00+00:00,0.0,32000.0,"POLYGON ((-79.66 34.23, -79.17630982251107 34.06307523309643, -80.72865720494649 32.88811282810212, -81.05 33.28171624231643, -79.66 34.23))"
24E,2019-11-08 06:55:00+00:00,2019-11-08 08:55:00+00:00,,,"POLYGON ((-69.52549302592092 40.35063042506119, -73.08589499061493 38.53201573697443, -75.54780218449407 35.74522314038639, -75.69296301806439 35.86431138346279, -69.55315354088383 40.40231920109773, -69.52549302592092 40.35063042506119))"
21E,2019-11-08 06:55:00+00:00,2019-11-08 08:55:00+00:00,0.0,41000.0,"POLYGON ((-84.12749921632792 30.860926092548294, -83.45606694825167 30.715289850329363, -84.35 29.568155221318033, -86.68 29.16631044263607, -84.12749921632792 30.860926092548294))"
23E,2019-11-08 06:55:00+00:00,2019-11-08 08:55:00+00:00,0.0,37000.0,"POLYGON ((-74.88444047953132 35.19421416928657, -74.31958095363107 34.7161654317201, -76.02243555084308 33.699426699793655, -76.75806151953049 33.962967262902886, -74.88444047953132 35.19421416928657))"
22E,2019-11-08 06:55:00+00:00,2019-11-08 08:55:00+00:00,0.0,26000.0,"POLYGON ((-82.82147967814069 26.138947310243392, -82.59151615448968 25.30351415153013, -82.97926339015534 25.027997802888944, -83.27538339444109 25.136042973770163, -82.82147967814069 26.138947310243392))"
25E,2019-11-08 06:55:00+00:00,2019-11-08 08:55:00+00:00,0.0,38000.0,"POLYGON ((-78.71753971984795 31.75852631188312, -78.48059817118452 31.551344910482587, -79.48331832385135 31.043601327057072, -79.38607769067853 31.539727524305476, -78.71753971984795 31.75852631188312))"
ZULU 1,2019-11-08 07:20:00+00:00,2019-11-08 11:20:00+00:00,0.0,51000.0,"POLYGON ((156.1 27, 159.2 27, 156.2 25.4, 155.4 26.2, 156.1 27))"
FOXTROT 1,2019-11-08 07:30:00+00:00,2019-11-08 11:30:00+00:00,0.0,35000.0,"POLYGON ((-67.28659198424485 38.128818727653666, -70.13659198424484 36.67881872765366, -70.46340801575515 37.32118127234634, -67.61340801575516 38.77118127234634, -67.28659198424485 38.128818727653666))"
30E,2019-11-08 07:55:00+00:00,2019-11-08 09:55:00+00:00,0.0,38000.0,"POLYGON ((-70.15021059062337 37.47864227652903, -69.3954776823093 37.19097648607999, -76.96425744252087 32.50218772195476, -77.87 32.68631044263608, -70.15021059062337 37.47864227652903))"
29E,2019-11-08 07:55:00+00:00,2019-11-08 09:55:00+00:00,0.0,34000.0,"POLYGON ((-78.30235113780265 32.269394494928285, -77.87 32.326006848107475, -79.19971799904016 31.15082114184281, -79.32693983154887 31.418743335496558, -78.30235113780265 32.269394494928285))"
26E,2019-11-08 07:55:00+00:00,2019-11-08 09:55:00+00:00,0.0,34000.0,"POLYGON ((-84.03148720316483 31.12547475303337, -83.4177008294637 30.72863923426236, -84.04063724262618 30.28898565440693, -84.65936275737381 30.28898565440693, -84.03148720316483 31.12547475303337))"
28E,2019-11-08 07:55:00+00:00,2019-11-08 09:55:00+00:00,0.0,27000.0,"POLYGON ((-82.82147967814069 26.138947310243392, -82.46192584628776 25.915018749823794, -82.83139932814554 24.9737553597421, -83.27538339444109 25.136042973770163, -82.82147967814069 26.138947310243392))"
27E,2019-11-08 07:55:00+00:00,2019-11-08 09:55:00+00:00,0.0,38000.0,"POLYGON ((-84.82211762485936 29.990242575605, -84.35 29.821716242316416, -85.75476593018477 29.165757780119698, -86.68 29.095148726949265, -84.82211762485936 29.990242575605))"
ECHO 2,2019-11-08 08:10:00+00:00,2019-11-08 12:10:00+00:00,0.0,45000.0,"POLYGON ((-60.45 32, -56.45 30.15, -63.15 25.45, -66.15 27.3, -64.45 30, -60.45 32))"
33E,2019-11-08 08:55:00+00:00,2019-11-08 10:55:00+00:00,0.0,34000.0,"POLYGON ((-78.38501580971713 31.467382158990375, -77.9792078756522 31.108432486859222, -78.93100856194437 30.57951227181473, -79.07573000332502 30.888122664194505, -78.38501580971713 31.467382158990375))"
34E,2019-11-08 08:55:00+00:00,2019-11-08 10:55:00+00:00,0.0,38000.0,"POLYGON ((-69.77212154647704 37.33540863645041, -69.3954776823093 37.19097648607999, -76.89048327355702 32.347912658677075, -78.65320077223997 32.882346770485604, -69.77212154647704 37.33540863645041))"
32E,2019-11-08 08:55:00+00:00,2019-11-08 10:55:00+00:00,0.0,34000.0,"POLYGON ((-80.04 32.167145302895534, -79.58358119751045 31.954206494934194, -80.7948036450197 30.951417053493902, -81.11 31.437145302895534, -80.04 32.167145302895534))"
31E,2019-11-08 08:55:00+00:00,2019-11-08 10:55:00+00:00,0.0,39000.0,"POLYGON ((-79.95363615155655 30.884035478591002, -79.66751906326984 30.32708456252836, -80.16995835777594 30.333168275404088, -80.33745077959463 30.334769376460603, -79.95363615155655 30.884035478591002))"
38E,2019-11-08 09:55:00+00:00,2019-11-08 11:55:00+00:00,0.0,42000.0,"POLYGON ((-75.25408200029028 34.411943802892225, -73.66296575159001 32.81335964035022, -76.74368634706377 32.03923455358845, -78.22272011451275 32.24017317440624, -75.25408200029028 34.411943802892225))"
37E,2019-11-08 09:55:00+00:00,2019-11-08 11:55:00+00:00,0.0,34000.0,"POLYGON ((-78.24940281019201 31.347874173341076, -77.14498795407901 31.837907326729614, -77.7103738594001 30.868429992317218, -79.00325341711344 30.733837539856523, -78.24940281019201 31.347874173341076))"
36E,2019-11-08 09:55:00+00:00,2019-11-08 11:55:00+00:00,0.0,34000.0,"POLYGON ((-79.58358119751045 31.954206494934194, -79.4548903759778 31.6865391421801, -80.42238148341836 30.72277461805062, -80.72128154766405 31.35800827846842, -79.58358119751045 31.954206494934194))"
35E,2019-11-08 09:55:00+00:00,2019-11-08 11:55:00+00:00,0.0,39000.0,"POLYGON ((-77.83262208423578 32.09602859371997, -77.52046298811678 31.979490838911207, -78.2447075771561 31.343728522137184, -78.48059817118452 31.551344910482587, -77.83262208423578 32.09602859371997))"
FOXTROT 2,2019-11-08 10:00:00+00:00,2019-11-08 14:00:00+00:00,0.0,35000.0,"POLYGON ((-65.84323172259835 37.82552612351752, -70.29323172259835 35.67552612351752, -70.60676827740166 36.32447387648248, -66.15676827740165 38.47447387648248, -65.84323172259835 37.82552612351752))"
40E,2019-11-08 10:55:00+00:00,2019-11-08 12:55:00+00:00,0.0,36000.0,"POLYGON ((-84.86113196711594 29.3230706897234, -84.45706232193841 29.083248092671557, -86.68 28.334465663954106, -85.95008380351696 29.290904068838216, -84.86113196711594 29.3230706897234))"
39E,2019-11-08 10:55:00+00:00,2019-11-08 12:55:00+00:00,0.0,42000.0,"POLYGON ((-72.98449992005833 35.13494418784608, -72.66344522718255 33.266855587979734, -79.33647472704759 29.924948248318806, -80.07781633330929 30.841531081602895, -72.98449992005833 35.13494418784608))"
GOLF 1,2019-11-08 11:10:00+00:00,2019-11-08 15:10:00+00:00,0.0,45000.0,"POLYGON ((-72.15 35.3, -69.15 35, -77 29.3, -80 30.45, -72.15 35.3))"
41E,2019-11-08 11:55:00+00:00,2019-11-08 13:55:00+00:00,0.0,34000.0,"POLYGON ((-84.35 29.38800342405374, -84.27351796069189 29.151791090745984, -85.75476593018477 29.165757780119698, -85.52302715820731 29.372487430799108, -84.35 29.38800342405374))"
42E,2019-11-08 11:55:00+00:00,2019-11-08 13:55:00+00:00,0.0,28000.0,"POLYGON ((-85.8238697335086 28.913970887233866, -85.64205155169041 28.913970887233866, -85.64205155169041 28.732152705415686, -85.8238697335086 28.732152705415686, -85.8238697335086 28.913970887233866))"
ECHO 3,2019-11-08 12:00:00+00:00,2019-11-08 16:00:00+00:00,0.0,45000.0,"POLYGON ((-57 33, -55.45 31.45, -63 25.45, -65.15 28.15, -57 33))"
44E,2019-11-08 12:55:00+00:00,2019-11-08 14:55:00+00:00,0.0,33000.0,"POLYGON ((-85.52302715820731 29.372487430799108, -85.23143167472055 28.527115250287924, -86.68 28.806006848107472, -86.68 29.095148726949265, -85.52302715820731 29.372487430799108))"
43E,2019-11-08 12:55:00+00:00,2019-11-08 14:55:00+00:00,0.0,38000.0,"POLYGON ((-79.66751906326984 30.32708456252836, -78.63818694509118 30.162433797852838, -80.63921471539524 29.708082745823734, -80.8399558014279 30.338291980661136, -79.66751906326984 30.32708456252836))"
46E,2019-11-08 13:55:00+00:00,2019-11-08 15:55:00+00:00,0.0,37000.0,"POLYGON ((-84.38931884234601 29.593276933722347, -85.50351159900647 27.88122105023299, -86.68 28.500834619690497, -84.93326234313339 29.169065141989194, -84.38931884234601 29.593276933722347))"
45E,2019-11-08 13:55:00+00:00,2019-11-08 15:55:00+00:00,0.0,43000.0,"POLYGON ((-79.50005438534882 30.324629942214255, -78.7939201718521 30.109887478018585, -78.61454250363245 29.30297316019785, -81.11 29.3, -81.11 29.58914187884179, -79.50005438534882 30.324629942214255))"
ECHO 4,2019-11-08 14:00:00+00:00,2019-11-08 18:00:00+00:00,0.0,45000.0,"POLYGON ((-57 33, -55.45 31.45, -63 25.45, -65.15 28.3, -57 33))"
FOXTROT 3,2019-11-08 14:00:00+00:00,2019-11-08 18:00:00+00:00,0.0,40000.0,"POLYGON ((-65.3 39, -64.15 38, -68.15 34.45, -70 35.15, -65.3 39))"
48E,2019-11-08 14:55:00+00:00,2019-11-08 16:55:00+00:00,0.0,38000.0,"POLYGON ((-84.631942538442 29.01762300345135, -84.25512281369427 28.53579429790076, -85.50351159900647 27.88122105023299, -86.68 28.168096708217718, -84.631942538442 29.01762300345135))"
47E,2019-11-08 14:55:00+00:00,2019-11-08 16:55:00+00:00,0.0,45000.0,"POLYGON ((-77.17924536115109 30.643087863040467, -78.05829211406056 29.265312143249012, -80.5822297501818 29.107962812107232, -80.58025149465936 29.489954650842044, -77.17924536115109 30.643087863040467))"
GOLF 2,2019-11-08 15:10:00+00:00,2019-11-08 19:10:00+00:00,0.0,43000.0,"POLYGON ((-70.3 35, -69.15 33.15, -76.45 29, -79 29.3, -70.3 35))"
49E,2019-11-08 15:55:00+00:00,2019-11-08 17:55:00+00:00,0.0,43000.0,"POLYGON ((-78.80012971878273 30.107787329002303, -78.43961397804969 29.273439933692682, -80.0564361067391 28.913867138718043, -80.15614644654264 29.29661144503285, -78.80012971878273 30.107787329002303))"
50E,2019-11-08 16:55:00+00:00,2019-11-08 18:55:00+00:00,0.0,43000.0,"POLYGON ((-79.28657631115435 29.287616655852396, -77.28887295949077 28.80496079348752, -79.44216435683724 28.596095907793856, -79.78382318143825 29.29344974687121, -79.28657631115435 29.287616655852396))"
51E,2019-11-08 17:55:00+00:00,2019-11-08 19:55:00+00:00,0.0,43000.0,"POLYGON ((-79.28657631115435 29.287616655852396, -77.28887295949077 28.80496079348752, -78.05717281155181 28.54391714420933, -80.49 28.113712818262684, -79.28657631115435 29.287616655852396))"
PAPA 1,2019-11-08 17:56:00+00:00,2019-11-08 21:55:00+00:00,0.0,56000.0,"POLYGON ((144.2 7.5, 146.4 6.3, 141.1 5.1, 144.2 7.5))"
FOXTROT 4,2019-11-08 18:00:00+00:00,2019-11-08 22:00:00+00:00,0.0,40000.0,"POLYGON ((-64.3 37.45, -63.45 36.15, -72.15 30.15, -73.3 32, -64.3 37.45))"
52E,2019-11-08 18:55:00+00:00,2019-11-08 20:55:00+00:00,0.0,43000.0,"POLYGON ((-76.80035650834265 28.968014159304357, -76.4350886114612 27.970067284132778, -79.44494193474968 28.058076368529584, -80.86573789257835 27.67949318402028, -80.93959800701167 28.186491202038923, -76.80035650834265 28.968014159304357))"
53E,2019-11-08 19:55:00+00:00,2019-11-08 21:55:00+00:00,0.0,36000.0,"POLYGON ((-79.00790840182465 28.319094336341117, -78.94024598693413 28.130887541535024, -80.45616879255473 27.585896602596954, -80.52383120744526 27.774103397403046, -79.00790840182465 28.319094336341117))"
54E,2019-11-08 20:55:00+00:00,2019-11-08 22:55:00+00:00,0.0,44000.0,"POLYGON ((-78.56848498931308 28.36706140272879, -76.9624293609499 27.791649315363067, -80.09 27.17910686720918, -80.49 27.68, -78.56848498931308 28.36706140272879))"
FOXTROT 5,2019-11-08 21:10:00+00:00,2019-11-09 01:10:00+00:00,0.0,45000.0,"POLYGON ((-59 37.45, -61.45 33.15, -66.15 33.3, -63 37.3, -59 37.45))"
56E,2019-11-08 21:55:00+00:00,2019-11-08 23:55:00+00:00,0.0,34000.0,"POLYGON ((-80.60533048334555 27.577725168498702, -80.83922347819754 26.954657702447616, -81.78 26.963712818262685, -81.24222874945647 27.401345267768733, -80.60533048334555 27.577725168498702))"
55E,2019-11-08 21:55:00+00:00,2019-11-08 23:55:00+00:00,0.0,42000.0,"POLYGON ((-77.52779804633427 27.59748132812634, -77.67968106725532 27.544810087443576, -80.09 27.113712818262687, -79.83698826035092 27.67846918322073, -79.1840131233221 27.67387701752543, -77.52779804633427 27.59748132812634))"
HOTEL 1,2019-11-08 22:05:00+00:00,2019-11-09 02:05:00+00:00,0.0,45000.0,"POLYGON ((-67.45 30, -66.45 28.45, -67.3 26.45, -69.15 26.45, -70.3 28.3, -67.45 30))"
INDIA 1,2019-11-08 22:05:00+00:00,2019-11-09 02:05:00+00:00,0.0,45000.0,"POLYGON ((-70.15 26.15, -68.3 24.45, -69.45 23.15, -71.3 24, -70.15 26.15))"
FOXTROT 6,2019-11-08 22:45:00+00:00,2019-11-09 02:45:00+00:00,0.0,45000.0,"POLYGON ((-56.3 40.15, -60.45 33, -65.3 33, -61.3 39.3, -56.3 40.15))"
57E,2019-11-08 22:55:00+00:00,2019-11-09 00:55:00+00:00,0.0,42000.0,"POLYGON ((-77.68695586025213 28.670408845141342, -77.33292425561181 28.79014587564077, -77.31302444862477 27.671594119567153, -78.18613306186202 27.36761851503847, -78.7595502065735 27.85019003382844, -77.68695586025213 28.670408845141342))"
59E,2019-11-08 22:55:00+00:00,2019-11-09 00:55:00+00:00,0.0,45000.0,"POLYGON ((-80.37466951665444 27.577725168498702, -80.737185858328 26.678533547964037, -81.78 26.963712818262685, -80.94179508152392 27.513292766566742, -80.37466951665444 27.577725168498702))"
58E,2019-11-08 22:55:00+00:00,2019-11-09 00:55:00+00:00,0.0,39000.0,"POLYGON ((-80.09 26.96914187884179, -80.02800991786754 26.813552672873755, -80.38925367994983 26.790336173562245, -80.4341532014808 26.98626624614, -80.09 26.96914187884179))"
60E,2019-11-08 23:55:00+00:00,2019-11-09 01:55:00+00:00,0.0,44000.0,"POLYGON ((-80.95003679069937 27.270332519335916, -80.30325783994633 27.27917651678932, -79.92820223485039 26.67990834546578, -81.33278978393312 26.36332815362072, -81.32132621948037 26.938173812553245, -80.95003679069937 27.270332519335916))"
HOTEL 2,2019-11-09 00:05:00+00:00,2019-11-09 04:05:00+00:00,0.0,46000.0,"POLYGON ((-65.15 30.45, -63.3 30, -67 27, -69.15 27.15, -68.15 29.3, -65.15 30.45))"
FOXTROT 7,2019-11-09 00:30:00+00:00,2019-11-09 04:30:00+00:00,0.0,47000.0,"POLYGON ((-52.45 43.3, -59.3 33, -64.15 33, -63.15 38.15, -52.45 43.3))"
1E,2019-11-09 00:55:00+00:00,2019-11-09 02:55:00+00:00,0.0,39000.0,"POLYGON ((-80.75511762882546 27.444466560901983, -79.40038122409572 26.933000350378148, -80.018842671734 26.526277407157078, -80.77654521196041 26.42368438524639, -81.1506781538118 27.09023183832174, -80.75511762882546 27.444466560901983))"
2E,2019-11-09 01:55:00+00:00,2019-11-09 03:55:00+00:00,0.0,42000.0,"POLYGON ((-78.98711815426667 27.67189156830133, -78.70768203712859 27.182633878230448, -78.97286876565066 26.675630616850057, -80.5643481586832 26.414542421436025, -80.35729897318505 27.56229618157646, -78.98711815426667 27.67189156830133))"
4E,2019-11-09 02:55:00+00:00,2019-11-09 04:55:00+00:00,0.0,35000.0,"POLYGON ((-83.37410889149062 27.653595118851918, -83.06848421503878 27.20804198493829, -83.8612390655358 26.21748090730025, -84.40914502331523 27.262553444255794, -83.37410889149062 27.653595118851918))"
3E,2019-11-09 02:55:00+00:00,2019-11-09 04:55:00+00:00,0.0,44000.0,"POLYGON ((-78.62494597452293 27.96650717128148, -78.70768203712859 27.182633878230448, -79.06133213016837 26.294299452237617, -80.09 26.34726208852722, -79.36281421450062 27.675438843385773, -78.62494597452293 27.96650717128148))"
5E,2019-11-09 03:55:00+00:00,2019-11-09 05:55:00+00:00,0.0,40000.0,"POLYGON ((-80.1424575669761 27.80689957398064, -78.18613306186202 27.36761851503847, -78.70768203712859 27.182633878230448, -79.06133213016837 26.294299452237617, -80.09 26.34726208852722, -80.1424575669761 27.80689957398064))"
6E,2019-11-09 03:55:00+00:00,2019-11-09 05:55:00+00:00,0.0,40000.0,"POLYGON ((-82.89665314046935 27.526904711845656, -83.07778476558454 26.92844540798563, -83.8612390655358 26.21748090730025, -84.10008087615607 26.81844441120513, -82.89665314046935 27.526904711845656))"
7E,2019-11-09 03:55:00+00:00,2019-11-09 05:55:00+00:00,0.0,36000.0,"POLYGON ((-80.17443377061558 26.165517029681045, -80.13920786029028 25.968643630660875, -80.70807350976456 25.866858369395267, -80.74329942008985 26.063731768415437, -80.17443377061558 26.165517029681045))"
FOXTROT 8,2019-11-09 04:15:00+00:00,2019-11-09 08:15:00+00:00,0.0,45000.0,"POLYGON ((-47 45, -55.3 32.15, -62.45 27.3, -65.3 29.3, -54.45 42.45, -47 45))"
9E,2019-11-09 04:55:00+00:00,2019-11-09 06:55:00+00:00,0.0,41000.0,"POLYGON ((-82.7373912447236 27.39987479688139, -82.55 26.900893132790824, -83.8612390655358 26.21748090730025, -84.10008087615607 26.81844441120513, -82.7373912447236 27.39987479688139))"
8E,2019-11-09 04:55:00+00:00,2019-11-09 06:55:00+00:00,0.0,44000.0,"POLYGON ((-79.09496772306241 28.18234019871833, -78.36017565993521 27.306171963528065, -79.06133213016837 26.294299452237617, -79.8272240529298 26.444477171164753, -80.41800396480117 27.833686259718892, -79.09496772306241 28.18234019871833))"
10E,2019-11-09 04:55:00+00:00,2019-11-09 06:55:00+00:00,0.0,36000.0,"POLYGON ((-80.73146759070256 26.065127821971515, -80.05829708953353 26.104109851575924, -80.04673483798281 25.904444345443597, -80.71990533915185 25.86546231583919, -80.73146759070256 26.065127821971515))"
JULIETT 1,2019-11-09 05:10:00+00:00,2019-11-09 09:10:00+00:00,30000.0,39000.0,"POLYGON ((-46 30.45, -40 29.15, -40 26, -46.15 27, -46 30.45))"
11E,2019-11-09 05:55:00+00:00,2019-11-09 07:55:00+00:00,0.0,39000.0,"POLYGON ((-78.56848498931308 28.36706140272879, -78.78669224824179 26.674052879508793, -80.018842671734 26.526277407157078, -80.11426210742162 27.67949318402028, -78.56848498931308 28.36706140272879))"
12E,2019-11-09 05:55:00+00:00,2019-11-09 07:55:00+00:00,0.0,45000.0,"POLYGON ((-82.85972099313724 26.731827843327483, -82.52463188490344 26.251443369981946, -83.10488529892189 26.196810204570227, -83.4644366210495 26.579207539541148, -82.85972099313724 26.731827843327483))"
13E,2019-11-09 05:55:00+00:00,2019-11-09 07:55:00+00:00,0.0,36000.0,"POLYGON ((-80.14342505466726 26.09518618941885, -79.96160687284907 26.09518618941885, -79.96160687284907 25.91336800760067, -80.14342505466726 25.91336800760067, -80.14342505466726 26.09518618941885))"
14E,2019-11-09 05:55:00+00:00,2019-11-09 07:55:00+00:00,0.0,35000.0,"POLYGON ((-78.75996434840893 28.42288991490528, -78.57814616659074 28.42288991490528, -78.57814616659074 28.2410717330871, -78.75996434840893 28.2410717330871, -78.75996434840893 28.42288991490528))"
15E,2019-11-09 06:55:00+00:00,2019-11-09 08:55:00+00:00,0.0,40000.0,"POLYGON ((-77.86366744383696 28.610195383562644, -77.85590869253983 26.662524797668226, -80.018842671734 26.526277407157078, -80.11426210742162 27.67949318402028, -77.86366744383696 28.610195383562644))"
17E,2019-11-09 06:55:00+00:00,2019-11-09 08:55:00+00:00,0.0,39000.0,"POLYGON ((-79.77638305522736 26.11099908905992, -79.59456487340917 26.11099908905992, -79.59456487340917 25.92918090724174, -79.77638305522736 25.92918090724174, -79.77638305522736 26.11099908905992))"
16E,2019-11-09 06:55:00+00:00,2019-11-09 08:55:00+00:00,0.0,35000.0,"POLYGON ((-82.55 26.821716242316427, -82.4263378443648 26.52854310447793, -83.11775444081408 26.025844170879648, -83.4644366210495 26.579207539541148, -82.55 26.821716242316427))"
18E,2019-11-09 07:55:00+00:00,2019-11-09 09:55:00+00:00,0.0,35000.0,"POLYGON ((-78.01189746295503 27.428848997638664, -77.85590869253983 26.662524797668226, -79.53142368096782 26.678907617793083, -79.56117451794687 27.14958210160337, -78.01189746295503 27.428848997638664))"
21E,2019-11-09 07:55:00+00:00,2019-11-09 09:55:00+00:00,0.0,40000.0,"POLYGON ((-77.53374830322059 28.844008680465382, -77.3519301214024 28.844008680465382, -77.3519301214024 28.662190498647202, -77.53374830322059 28.662190498647202, -77.53374830322059 28.844008680465382))"
20E,2019-11-09 07:55:00+00:00,2019-11-09 09:55:00+00:00,0.0,33000.0,"POLYGON ((-79.7249052096015 26.361273559554995, -79.54308702778332 26.361273559554995, -79.54308702778332 26.179455377736815, -79.7249052096015 26.179455377736815, -79.7249052096015 26.361273559554995))"
19E,2019-11-09 07:55:00+00:00,2019-11-09 09:55:00+00:00,0.0,39000.0,"POLYGON ((-82.52463188490344 26.251443369981946, -82.34877046593833 26.017738104960138, -82.8002139481363 25.606336732407186, -83.11775444081408 26.025844170879648, -82.52463188490344 26.251443369981946))"
FOXTROT 9,2019-11-09 08:10:00+00:00,2019-11-09 12:10:00+00:00,0.0,46000.0,"POLYGON ((-50.3 43.45, -48.15 41.3, -50.45 36.15, -62.45 27.15, -64.15 31.3, -50.3 43.45))"
22E,2019-11-09 08:55:00+00:00,2019-11-09 10:55:00+00:00,0.0,45000.0,"POLYGON ((-76.7868421747804 27.851344753147554, -76.61106191602163 27.910817677605095, -79.54085198800843 25.798131783317068, -79.7176144659696 26.679514493799267, -76.7868421747804 27.851344753147554))"
23E,2019-11-09 08:55:00+00:00,2019-11-09 10:55:00+00:00,0.0,45000.0,"POLYGON ((-82.23541695504453 26.12036921315133, -82.14846741448106 25.72813089999493, -83.1272580513645 25.08209383769077, -82.9696886330886 26.082471363350162, -82.23541695504453 26.12036921315133))"
24E,2019-11-09 08:55:00+00:00,2019-11-09 10:55:00+00:00,0.0,45000.0,"POLYGON ((-77.96922799524975 27.7464217136831, -77.78740981343157 27.7464217136831, -77.78740981343157 27.564603531864922, -77.96922799524975 27.564603531864922, -77.96922799524975 27.7464217136831))"
25E,2019-11-09 09:55:00+00:00,2019-11-09 11:55:00+00:00,0.0,45000.0,"POLYGON ((-75.01198231934912 29.545581187893102, -74.842650281237 28.493131848210222, -77.11144810324207 26.648937268035965, -76.9624293609499 27.791649315363067, -75.01198231934912 29.545581187893102))"
26E,2019-11-09 09:55:00+00:00,2019-11-09 11:55:00+00:00,0.0,45000.0,"POLYGON ((-82.02620557728466 25.99552441694599, -81.8 25.16828375768358, -82.83139932814554 24.9737553597421, -82.81936497699806 25.506598347361486, -82.02620557728466 25.99552441694599))"
KILO 1,2019-11-09 10:50:00+00:00,2019-11-09 14:50:00+00:00,0.0,48000.0,"POLYGON ((-69.15 31.15, -67.3 29, -77 26, -77 28.3, -69.15 31.15))"
27E,2019-11-09 10:55:00+00:00,2019-11-09 12:55:00+00:00,0.0,45000.0,"POLYGON ((-82.14846741448106 25.72813089999493, -81.6168826323132 24.99058746653026, -82.43595521946976 24.588664534222602, -82.83139932814554 24.9737553597421, -82.14846741448106 25.72813089999493))"
FOXTROT 10,2019-11-09 11:00:00+00:00,2019-11-09 15:00:00+00:00,0.0,45000.0,"POLYGON ((-57.15 36.15, -54.3 34.15, -61.3 27.3, -64 29.15, -57.15 36.15))"
28E,2019-11-09 11:55:00+00:00,2019-11-09 13:55:00+00:00,0.0,45000.0,"POLYGON ((-82.0814586526086 25.204557169736276, -81.54076433988425 24.82505908332018, -82.31556621708232 24.11856181931795, -82.71479658550999 24.587236694214244, -82.0814586526086 25.204557169736276))"
KILO 2,2019-11-09 12:50:00+00:00,2019-11-09 16:50:00+00:00,0.0,48000.0,"POLYGON ((-67.3 32.15, -65.45 29, -79 24.45, -79 26, -67.3 32.15))"
30E,2019-11-09 12:55:00+00:00,2019-11-09 14:55:00+00:00,0.0,44000.0,"POLYGON ((-78.80175057032277 25.792527561935092, -79.11432033787685 24.736606726236346, -80.28 24.46904835410886, -79.59857482846496 25.54374708596181, -78.80175057032277 25.792527561935092))"
29E,2019-11-09 12:55:00+00:00,2019-11-09 14:55:00+00:00,0.0,39000.0,"POLYGON ((-81.94037902966744 24.89734458233867, -81.54173682377636 24.354498769588655, -83.14679317876859 24.07469221014595, -83.26364094710507 24.582926252780663, -81.94037902966744 24.89734458233867))"
31E,2019-11-09 13:55:00+00:00,2019-11-09 15:55:00+00:00,0.0,37000.0,"POLYGON ((-81.67805333467174 24.857083098290975, -81.5755200947159 24.385379586151814, -81.8 24.30085812115821, -82.38858985841404 24.810154482990676, -81.67805333467174 24.857083098290975))"
KILO 3,2019-11-09 14:50:00+00:00,2019-11-09 18:50:00+00:00,0.0,48000.0,"POLYGON ((-69 30.3, -65.3 29.3, -76.3 24.3, -78.15 25.15, -69 30.3))"
LIMA 1,2019-11-09 14:50:00+00:00,2019-11-09 18:50:00+00:00,0.0,46000.0,"POLYGON ((-58.45 34, -55.3 33.15, -58.3 30.3, -61 31.15, -58.45 34))"
NOVEMBER 1,2019-11-09 15:20:00+00:00,2019-11-09 19:20:00+00:00,0.0,55000.0,"POLYGON ((-155.2 10.3, -153.4 5.1, -162.1 7.2, -155.2 10.3))"
33E,2019-11-09 15:55:00+00:00,2019-11-09 17:55:00+00:00,0.0,39000.0,"POLYGON ((-83.32176700594808 24.67414867501069, -83.13994882412989 24.67414867501069, -83.13994882412989 24.49233049319251, -83.32176700594808 24.49233049319251, -83.32176700594808 24.67414867501069))"
32E,2019-11-09 15:55:00+00:00,2019-11-09 17:55:00+00:00,0.0,37000.0,"POLYGON ((-79.97445658483859 25.131850901814374, -79.37781420275081 24.97940855469039, -79.2658955441542 24.876451759036772, -80.28 24.64343248463285, -79.97445658483859 25.131850901814374))"
34E,2019-11-09 16:55:00+00:00,2019-11-09 18:55:00+00:00,0.0,37000.0,"POLYGON ((-79.2658955441542 24.876451759036772, -78.93125396767343 24.567083737025875, -80.77496090601463 24.199262682122832, -80.28 24.78800342405374, -79.2658955441542 24.876451759036772))"
OSCAR 1,2019-11-09 17:47:00+00:00,2019-11-09 21:50:00+00:00,0.0,58000.0,"POLYGON ((136.3 19.2, 139.2 18.2, 133.3 15, 136.3 19.2))"
35E,2019-11-09 17:55:00+00:00,2019-11-09 19:55:00+00:00,0.0,41000.0,"POLYGON ((-83.23085791503898 24.5832395841016, -82.53281747008735 24.311604573650797, -82.35984059024582 24.07783217284944, -83.26240473664664 24.02970807451807, -83.23085791503898 24.5832395841016))"
KILO 4,2019-11-09 18:10:00+00:00,2019-11-09 22:10:00+00:00,0.0,48000.0,"POLYGON ((-61 33.3, -58.45 31.3, -71 25, -73.45 26, -66.45 31.3, -61 33.3))"
LIMA 2,2019-11-09 18:10:00+00:00,2019-11-09 22:10:00+00:00,0.0,46000.0,"POLYGON ((-56.3 35.3, -53.45 35.15, -56 31.15, -58.45 31.3, -56.3 35.3))"
NOVEMBER 2,2019-11-09 19:18:00+00:00,2019-11-09 23:20:00+00:00,0.0,55000.0,"POLYGON ((-154 9.4, -155.1 4.5, -162.4 7.3, -154 9.4))"
KILO 5,2019-11-09 20:30:00+00:00,2019-11-10 00:30:00+00:00,0.0,48000.0,"POLYGON ((-54.45 36.15, -53.3 33.15, -70.15 25, -72.45 25, -65.45 31.45, -54.45 36.15))"
OSCAR 2,2019-11-09 21:50:00+00:00,2019-11-10 01:50:00+00:00,0.0,56000.0,"POLYGON ((136.3 19.3, 138.5 18.4, 132.5 13.2, 136.3 19.3))"
KILO 6,2019-11-09 23:00:00+00:00,2019-11-10 03:00:00+00:00,0.0,50000.0,"POLYGON ((-58.3 35.15, -53.45 35, -65.45 24, -71.45 21.3, -74.3 24, -58.3 35.15))"
KILO 7,2019-11-10 03:00:00+00:00,2019-11-10 07:00:00+00:00,0.0,48000.0,"POLYGON ((-57 36.15, -53.45 35, -62.15 25.15, -68.45 21.3, -73.3 22.3, -57 36.15))"
KILO 8,2019-11-10 07:00:00+00:00,2019-11-10 11:00:00+00:00,,,"POLYGON ((-55.15 39, -51.3 37, -60 26, -69.15 20.45, -72.45 22.45, -65.15 27.45, -55.15 39))"
KILO 9,2019-11-10 10:50:00+00:00,2019-11-10 14:50:00+00:00,,,"POLYGON ((-53.45 41, -49.3 39.15, -58.45 27.15, -68.45 21, -71.15 22.45, -62 28.45, -53.45 41))"
KILO 10,2019-11-10 12:50:00+00:00,2019-11-10 16:50:00+00:00,,,"POLYGON ((-58.15 32.45, -55.45 31.15, -59 26.15, -69.15 20, -71.3 22.15, -62.3 27.3, -58.15 32.45))"
KILO 11,2019-11-10 14:30:00+00:00,2019-11-10 18:30:00+00:00,0.0,48000.0,"POLYGON ((-55.35 33.2, -60.3 25.4, -70.1 20.45, -71.2 22.05, -60.45 33.15, -55.35 33.2))"
PAPA 1,2019-11-10 15:59:00+00:00,2019-11-10 20:00:00+00:00,0.0,58000.0,"POLYGON ((164.3 14.4, 169.4 14, 163.4 9.4, 164.3 14.4))"
KILO 12,2019-11-10 18:05:00+00:00,2019-11-10 22:05:00+00:00,0.0,49000.0,"POLYGON ((-59.15 33.35, -55.05 32.05, -60.4 23.35, -67.3 22.4, -67.45 24.1, -59.15 33.35))"
PAPA 2,2019-11-10 19:56:00+00:00,2019-11-11 00:00:00+00:00,0.0,59000.0,"POLYGON ((164.1 14.5, 168.2 14, 162.5 10.2, 164.1 14.5))"
KILO 13,2019-11-10 22:05:00+00:00,2019-11-11 02:05:00+00:00,0.0,45000.0,"POLYGON ((-60.15 29.3, -59 25.3, -64.15 22.15, -67.3 22.3, -67 24.15, -60.15 29.3))"
KILO 14,2019-11-11 00:35:00+00:00,2019-11-11 04:35:00+00:00,0.0,45000.0,"POLYGON ((-59.15 27.15, -58 24.15, -63.45 20.45, -67.45 21, -66 23.45, -59.15 27.15))"
KILO 15,2019-11-11 04:10:00+00:00,2019-11-11 08:10:00+00:00,0.0,45000.0,"POLYGON ((-59.45 25.3, -58.15 23.3, -65 20.15, -66.3 22, -59.45 25.3))"
QUEBEC 1,2019-11-11 04:20:00+00:00,2019-11-11 08:20:00+00:00,0.0,43000.0,"POLYGON ((-142.3 30, -142.1 26.1, -153.1 30, -142.3 30))"
ROMEO 1,2019-11-11 04:23:00+00:00,2019-11-11 08:25:00+00:00,0.0,57000.0,"POLYGON ((161.4 15.5, 166.4 15, 162 11, 161.4 15.5))"
QUEBEC 2,2019-11-11 08:12:00+00:00,2019-11-11 12:15:00+00:00,0.0,43000.0,"POLYGON ((-151.1 30, -142.2 30, -151.2 24.1, -151.1 30))"
ROMEO 2,2019-11-11 08:17:00+00:00,2019-11-11 12:20:00+00:00,0.0,57000.0,"POLYGON ((160.5 16, 165.1 15.3, 165.2 12.5, 160.5 12, 160.5 16))"
1C,2019-11-11 11:55:00+00:00,2019-11-11 13:55:00+00:00,0.0,25000.0,"POLYGON ((-95.55469079166566 35.73865458811491, -95.21941606925651 34.65771311087037, -96.16433490775596 34.08086945155923, -96.38817672143227 34.848486326228624, -95.55469079166566 35.73865458811491))"
SIERRA 1,2019-11-11 12:07:00+00:00,2019-11-11 16:10:00+00:00,0.0,58000.0,"POLYGON ((130 17, 132.3 16.4, 130 10, 130 17))"
ROMEO 3,2019-11-11 12:09:00+00:00,2019-11-11 16:10:00+00:00,0.0,57000.0,"POLYGON ((161.3 15.5, 164.5 15.1, 161.3 12, 161.3 15.5))"
QUEBEC 3,2019-11-11 12:10:00+00:00,2019-11-11 16:10:00+00:00,0.0,43000.0,"POLYGON ((-149.3 30, -141.4 29.5, -150.1 24, -149.3 30))"
2C,2019-11-11 12:55:00+00:00,2019-11-11 14:55:00+00:00,0.0,25000.0,"POLYGON ((-95.08628697479345 35.38725461765392, -94.58003408062255 34.774783481838234, -95.78000000000002 34.18452417705443, -96.3431923544608 35.03970284743189, -95.08628697479345 35.38725461765392))"
ALFA 1,2019-11-11 13:25:00+00:00,2019-11-11 17:25:00+00:00,0.0,53000.0,"POLYGON ((-120.05 13.45, -120 11.3, -122 8, -126.4 6.35, -126.35 9.35, -123.3 10.1, -120.05 13.45))"
3C,2019-11-11 13:55:00+00:00,2019-11-11 15:55:00+00:00,0.0,31000.0,"POLYGON ((-94.52015997146451 35.18528775958156, -93.93345148548069 34.72170140457218, -95.57872945500056 34.44913557828336, -94.52015997146451 35.18528775958156))"
4C,2019-11-11 14:55:00+00:00,2019-11-11 16:55:00+00:00,0.0,28000.0,"POLYGON ((-93.73799157310455 35.38883386226597, -92.88320360655288 34.677980824440674, -94.27 34.52257436347463, -93.73799157310455 35.38883386226597))"
SIERRA 2,2019-11-11 15:22:00+00:00,2019-11-11 19:25:00+00:00,0.0,58000.0,"POLYGON ((132.4 17.1, 131.3 11, 130 17, 132.4 17.1))"
ROMEO 4,2019-11-11 15:25:00+00:00,2019-11-11 19:25:00+00:00,0.0,58000.0,"POLYGON ((160.3 16.2, 164.2 16.1, 160.2 12, 160.3 16.2))"
QUEBEC 4,2019-11-11 15:26:00+00:00,2019-11-11 19:30:00+00:00,0.0,35000.0,"POLYGON ((-141.5 30, -142.2 25.5, -147.2 30, -141.5 30))"
5C,2019-11-11 15:55:00+00:00,2019-11-11 17:55:00+00:00,0.0,27000.0,"POLYGON ((-96.04402730147034 36.40418606498418, -94.61581427427365 36.08300146479337, -96.40674317731386 35.359531159262644, -96.04402730147034 36.40418606498418))"
6C,2019-11-11 16:55:00+00:00,2019-11-11 18:55:00+00:00,0.0,29000.0,"POLYGON ((-94.12 36.25, -95.15325682268616 35.359531159262644, -96.29409770335499 35.790032694610545, -94.12 36.25))"
8C,2019-11-11 16:55:00+00:00,2019-11-11 18:55:00+00:00,0.0,26000.0,"POLYGON ((-103.17272493331518 30.549158601798624, -102.15178140293777 30.231768952770953, -103.12716803305545 29.58183641759669, -103.17272493331518 30.549158601798624))"
7C,2019-11-11 16:55:00+00:00,2019-11-11 18:55:00+00:00,0.0,27000.0,"POLYGON ((-94.7445729483103 34.09975231110078, -94.38093658467393 34.09975231110078, -94.38093658467393 33.73611594746442, -94.7445729483103 33.73611594746442, -94.7445729483103 34.09975231110078))"
ALFA 2,2019-11-11 17:00:00+00:00,2019-11-11 21:00:00+00:00,0.0,51000.0,"POLYGON ((-129.4 10.1, -123.2 9.3, -124 6, -129.55 8.35, -129.4 10.1))"
9C,2019-11-11 17:55:00+00:00,2019-11-11 19:55:00+00:00,0.0,30000.0,"POLYGON ((-93.58219695388934 36.248796386933066, -93.13048604738496 35.91396942427397, -95.27923390612148 35.25788377307928, -95.91651653714294 36.09770630362659, -93.58219695388934 36.248796386933066))"
BRAVO 1,2019-11-11 18:10:00+00:00,2019-11-11 22:10:00+00:00,29000.0,39000.0,"POLYGON ((-148 43.1, -144 42.1, -146.3 30.2, -150.35 31.5, -148 43.1))"
TANGO 1,2019-11-11 18:51:00+00:00,2019-11-11 22:50:00+00:00,0.0,52000.0,"POLYGON ((-174.3 7.2, 171.3 6, 171.1 3.4, 179.5 3.3, -173.4 3.5, -174.3 7.2))"
10C,2019-11-11 18:55:00+00:00,2019-11-11 20:55:00+00:00,0.0,29000.0,"POLYGON ((-92.45022110806437 36.65088556358398, -92.59729006222749 36.09872453220098, -94.58003408062255 34.774783481838234, -94.73888947804934 36.24840607562531, -92.45022110806437 36.65088556358398))"
SIERRA 4,2019-11-11 19:16:00+00:00,2019-11-11 23:25:00+00:00,0.0,56000.0,"POLYGON ((130 15.2, 132.1 15, 132.3 11, 130 10.3, 130 15.2))"
11C,2019-11-11 19:55:00+00:00,2019-11-11 21:55:00+00:00,0.0,31000.0,"POLYGON ((-91.8316342939706 36.81262527272227, -91.71348640191444 36.36224755172515, -93.8831814328102 34.62085722434349, -93.98054722973222 35.62493638310259, -91.8316342939706 36.81262527272227))"
12C,2019-11-11 19:55:00+00:00,2019-11-11 21:55:00+00:00,0.0,28000.0,"POLYGON ((-92.66628738458486 34.51305911215252, -92.44739069304111 34.14544297272229, -93.08578345603873 33.259521490538454, -93.90970591850866 33.56522170415989, -92.66628738458486 34.51305911215252))"
ROMEO 5,2019-11-11 20:26:00+00:00,2019-11-11 23:25:00+00:00,0.0,53000.0,"POLYGON ((163 16.1, 163.2 13.1, 158.3 12.4, 159.3 16.1, 163 16.1))"
13C,2019-11-11 20:55:00+00:00,2019-11-11 22:55:00+00:00,0.0,31000.0,"POLYGON ((-90.19144825131552 35.852939785534595, -91.25079147532468 32.5175361009145, -94.38634529539391 32.29214430580634, -93.5134530208099 35.642310891519315, -90.19144825131552 35.852939785534595))"
14C,2019-11-11 21:55:00+00:00,2019-11-11 23:55:00+00:00,0.0,31000.0,"POLYGON ((-90.55792362000294 35.48919525778554, -91.25079147532468 32.5175361009145, -93.81 32.10452417705443, -93.3938070678112 34.67398381205481, -90.55792362000294 35.48919525778554))"
BRAVO 2,2019-11-11 22:10:00+00:00,2019-11-12 02:10:00+00:00,26000.0,36000.0,"POLYGON ((-143.12844602243007 41.64621507270306, -147.12844602243007 30.096215072703057, -149.17155397756994 30.80378492729694, -145.17155397756994 42.35378492729694, -143.12844602243007 41.64621507270306))"
TANGO 2,2019-11-11 22:49:00+00:00,2019-11-12 02:50:00+00:00,0.0,52000.0,"POLYGON ((-174.3 7.2, 171.3 6, 171.1 3.4, 179.5 3.3, -173.4 3.5, -174.3 7.2))"
15C,2019-11-11 22:55:00+00:00,2019-11-12 00:55:00+00:00,0.0,30000.0,"POLYGON ((-90.41281426323717 35.37215465634712, -90.28865651144203 34.40478887455077, -92.33427077076796 34.372492966763645, -92.46692700817368 34.914945364009576, -90.41281426323717 35.37215465634712))"
ROMEO 6,2019-11-11 23:19:00+00:00,2019-11-12 03:25:00+00:00,0.0,53000.0,"POLYGON ((158.4 16.3, 162.4 16.2, 162.2 12.5, 158.2 13.3, 158.4 16.3))"
16C,2019-11-11 23:55:00+00:00,2019-11-12 01:55:00+00:00,0.0,30000.0,"POLYGON ((-90.12682729967294 33.76731564919611, -89.96044101205145 32.547563701522996, -93.36032108541794 31.84696614422321, -93.67027779358979 32.65228182633036, -90.12682729967294 33.76731564919611))"
1C,2019-11-12 01:55:00+00:00,2019-11-12 03:55:00+00:00,0.0,41000.0,"POLYGON ((-96.74268032521395 28.15291100184005, -97.20901155940416 25.9835663134633, -98.58080251356293 26.36071197444865, -98.30704593054054 27.57895533621855, -96.74268032521395 28.15291100184005))"
2C,2019-11-12 02:55:00+00:00,2019-11-12 04:55:00+00:00,0.0,41000.0,"POLYGON ((-95.55089171359393 28.757878939558193, -96.86648038934017 26.110094613862955, -98.40870393866415 26.29836449827671, -97.72981795273124 28.514516068949963, -95.55089171359393 28.757878939558193))"
ROMEO 7,2019-11-12 03:11:00+00:00,2019-11-12 07:25:00+00:00,0.0,55000.0,"POLYGON ((161.1 17, 160.5 13.4, 156.3 13.4, 157.2 17, 161.1 17))"
3C,2019-11-12 03:55:00+00:00,2019-11-12 05:55:00+00:00,0.0,40000.0,"POLYGON ((-94.28143893020516 30.33768868937079, -96.35129606133584 26.298364498276708, -98.23679066635434 26.235811923653003, -98.91264268877808 28.555012644965775, -94.28143893020516 30.33768868937079))"
4C,2019-11-12 04:55:00+00:00,2019-11-12 06:55:00+00:00,0.0,38000.0,"POLYGON ((-94.46578189163453 29.63871484929557, -94.98287760533132 27.577120497528707, -97.59320079600604 26.380958428078156, -98.55123165489529 27.79563508947908, -94.46578189163453 29.63871484929557))"
1E,2019-11-12 04:55:00+00:00,2019-11-12 06:55:00+00:00,0.0,32000.0,"POLYGON ((-70.03 39.400577787528384, -70.03 38.822294029844805, -70.97956080485108 38.374326729116426, -71.25367779272571 38.91151791170162, -70.03 39.400577787528384))"
5C,2019-11-12 05:55:00+00:00,2019-11-12 07:55:00+00:00,0.0,40000.0,"POLYGON ((-94.54100709987355 29.251685506579413, -94.22136997788162 27.979957013594845, -97.80810934579802 26.841598529642358, -97.81649898515475 27.899488443853752, -94.54100709987355 29.251685506579413))"
2E,2019-11-12 05:55:00+00:00,2019-11-12 07:55:00+00:00,0.0,32000.0,"POLYGON ((-70.03 39.400577787528384, -70.03 38.533152151003016, -72.98467900262207 37.49289992388145, -70.03 39.400577787528384))"
3E,2019-11-12 06:55:00+00:00,2019-11-12 08:55:00+00:00,0.0,33000.0,"POLYGON ((-70.03 39.94904835410886, -68.64439000461954 38.65853257062535, -73.70463030094238 36.2344941975834, -70.03 39.94904835410886))"
6C,2019-11-12 06:55:00+00:00,2019-11-12 08:55:00+00:00,0.0,38000.0,"POLYGON ((-94.54100709987355 29.251685506579413, -93.90639357049436 28.446843926913996, -97.38 26.585475822945575, -97.30674208562928 28.017576519544736, -94.54100709987355 29.251685506579413))"
ROMEO 8,2019-11-12 07:12:00+00:00,2019-11-12 11:15:00+00:00,0.0,56000.0,"POLYGON ((156.4 17.4, 159.5 17, 156.1 14.3, 156.4 17.4))"
4E,2019-11-12 07:55:00+00:00,2019-11-12 09:55:00+00:00,0.0,34000.0,"POLYGON ((-69.36468557608768 40.04842595582746, -68.72302320957851 38.813181894151555, -70.94129191277956 38.298637311610506, -69.36468557608768 40.04842595582746))"
7C,2019-11-12 07:55:00+00:00,2019-11-12 09:55:00+00:00,0.0,34000.0,"POLYGON ((-96.05883859152364 28.22550341932625, -94.79445604851396 28.198301738072974, -97.38 26.49828375768358, -97.44 27.61085812115821, -96.05883859152364 28.22550341932625))"
5E,2019-11-12 08:55:00+00:00,2019-11-12 10:55:00+00:00,0.0,34000.0,"POLYGON ((-70.03 39.61631044263608, -70.03 38.618096708217735, -71.29315592314053 37.90104363007683, -70.03 39.61631044263608))"
8C,2019-11-12 08:55:00+00:00,2019-11-12 10:55:00+00:00,0.0,30000.0,"POLYGON ((-96.31 27.76178626558165, -96.19204529250652 26.973907030931315, -98.58080251356293 26.36071197444865, -98.13404543205462 27.643595852579647, -96.31 27.76178626558165))"
10C,2019-11-12 09:55:00+00:00,2019-11-12 11:55:00+00:00,0.0,34000.0,"POLYGON ((-86.68 30.83, -87.48760964470245 28.882623084753575, -89.04765111827678 28.793887402199687, -88.00284662564381 30.602177732314168, -86.68 30.83))"
9C,2019-11-12 09:55:00+00:00,2019-11-12 11:55:00+00:00,0.0,33000.0,"POLYGON ((-99.11006075057965 26.811826673664495, -96.57948408588595 26.633385812086665, -97.44144325840833 25.786420921829148, -98.27354169926986 26.249207067972687, -99.11006075057965 26.811826673664495))"
ROMEO 9,2019-11-12 10:32:00+00:00,2019-11-12 14:35:00+00:00,0.0,58000.0,"POLYGON ((156.4 17.2, 160 16.3, 156.3 14.3, 156.4 17.2))"
12C,2019-11-12 10:55:00+00:00,2019-11-12 12:55:00+00:00,0.0,32000.0,"POLYGON ((-85.9050243199111 30.827693507021543, -87.48383353268672 28.199594628992333, -89.03180928940711 28.23463979765442, -86.68 30.83, -85.9050243199111 30.827693507021543))"
11C,2019-11-12 10:55:00+00:00,2019-11-12 12:55:00+00:00,0.0,34000.0,"POLYGON ((-99.42 27.48, -96.45792362331356 26.740559352923494, -97.38 25.92, -99.04470020707795 25.910492292818326, -99.42 27.48))"
13C,2019-11-12 11:55:00+00:00,2019-11-12 13:55:00+00:00,0.0,32000.0,"POLYGON ((-99.42 26.81452417705443, -97.0237194970218 26.688087754764904, -97.01004771500816 25.919530440197065, -99.04470020707795 25.910492292818326, -99.42 26.81452417705443))"
CHARLIE 1,2019-11-12 12:45:00+00:00,2019-11-12 16:45:00+00:00,0.0,50000.0,"POLYGON ((-122.45 11.3, -123.3 7.45, -126.3 6.3, -130.3 9.3, -122.45 11.3))"
DELTA 1,2019-11-12 12:45:00+00:00,2019-11-12 16:45:00+00:00,0.0,50000.0,"POLYGON ((-141 11.15, -132.45 9, -132.3 6.3, -142.15 7.3, -141 11.15))"
6E,2019-11-12 13:55:00+00:00,2019-11-12 15:55:00+00:00,0.0,30000.0,"POLYGON ((-75.16936097829462 35.43224824078843, -74.03960245309027 34.47617000801013, -75.47369288951381 33.49892397615319, -77.06397185013083 34.34735883021229, -75.16936097829462 35.43224824078843))"
7E,2019-11-12 17:55:00+00:00,2019-11-12 19:55:00+00:00,0.0,35000.0,"POLYGON ((-74.88444047953132 35.19421416928657, -74.03960245309027 34.47617000801013, -76.60350539699624 33.28469139114844, -76.66098951172519 34.34405756847523, -74.88444047953132 35.19421416928657))"
8E,2019-11-12 18:55:00+00:00,2019-11-12 20:55:00+00:00,0.0,37000.0,"POLYGON ((-74.10202207210175 35.54163455364396, -73.90021744915809 34.35593367745108, -75.29134565535617 33.431553251189904, -76.0565913501922 34.33663054389656, -74.10202207210175 35.54163455364396))"
9E,2019-11-12 19:55:00+00:00,2019-11-12 21:55:00+00:00,0.0,33000.0,"POLYGON ((-72.67399383088501 36.208824888541756, -72.61449218536606 34.997111206835285, -73.90021744915809 34.35593367745108, -75.6537279468731 34.33002969055372, -72.67399383088501 36.208824888541756))"
VICTOR 1,2019-11-12 19:57:00+00:00,2019-11-13 00:00:00+00:00,0.0,56000.0,"POLYGON ((154.3 3, 159.1 3, 154.1 0, 154.3 3))"
10E,2019-11-12 20:55:00+00:00,2019-11-12 22:55:00+00:00,0.0,34000.0,"POLYGON ((-72.46795419287882 36.20263089346184, -72.42995685017227 34.927774552075284, -73.90021744915809 34.35593367745108, -75.32964868748161 34.56621388586957, -72.46795419287882 36.20263089346184))"
11E,2019-11-12 21:55:00+00:00,2019-11-12 23:55:00+00:00,0.0,34000.0,"POLYGON ((-72.67399383088501 36.208824888541756, -72.42995685017227 34.927774552075284, -73.48445029602838 33.994284181857886, -74.1793894752955 34.596247650832055, -72.67399383088501 36.208824888541756))"
VICTOR 2,2019-11-12 23:51:00+00:00,2019-11-13 03:55:00+00:00,0.0,55000.0,"POLYGON ((153.2 5.2, 157 5.1, 157.4 -0.1, 153 0, 153.2 5.2))"
VICTOR 3,2019-11-13 03:18:00+00:00,2019-11-13 07:20:00+00:00,0.0,55000.0,"POLYGON ((155.2 5.2, 156 0, 151.3 5.2, 155.2 5.2))"
MIKE 1,2019-11-13 06:15:00+00:00,2019-11-13 10:15:00+00:00,0.0,38000.0,"POLYGON ((-54.45 44.3, -57 36, -58.45 36.3, -57 44, -54.45 44.3))"
NOVEMBER 4,2019-11-13 07:07:00+00:00,2019-11-13 11:05:00+00:00,0.0,55000.0,"POLYGON ((153.3 3.3, 153.3 0.1, 149.3 2.4, 153.3 3.3))"
VICTOR 4,2019-11-13 07:10:00+00:00,2019-11-13 11:05:00+00:00,0.0,55000.0,"POLYGON ((153.3 3.3, 153.3 0.1, 149.3 2.4, 153.3 3.3))"
MIKE 2,2019-11-13 10:15:00+00:00,2019-11-13 14:15:00+00:00,0.0,40000.0,"POLYGON ((-53.3 42.45, -54.45 36.3, -58 35.15, -56.3 42.3, -53.3 42.45))"
YANKEE 1,2019-11-13 15:36:00+00:00,2019-11-13 19:30:00+00:00,0.0,55000.0,"POLYGON ((169.4 7.1, 177.3 6.3, 173.4 5.1, 169.1 4.2, 169.4 7.1))"
XRAY 1,2019-11-13 15:37:00+00:00,2019-11-13 19:35:00+00:00,0.0,52000.0,"POLYGON ((140.4 8.1, 143.4 5.1, 138.5 7.2, 140.4 8.1))"
ALFA 1,2019-11-13 18:00:00+00:00,2019-11-13 22:00:00+00:00,0.0,43000.0,"POLYGON ((-57.05 38.3, -55.05 37.4, -61 31.2, -62.2 32.2, -57.05 38.3))"
YANKEE 2,2019-11-13 19:25:00+00:00,2019-11-13 23:25:00+00:00,0.0,56000.0,"POLYGON ((167.3 8.1, 176.4 7, 177 3.4, 166.5 5.4, 167.3 8.1))"
ZULU 1,2019-11-13 21:01:00+00:00,2019-11-14 01:00:00+00:00,0.0,55000.0,"POLYGON ((149 9.4, 150 6.1, 144 5.2, 141.3 8.1, 149 9.4))"
ALFA 2,2019-11-13 21:50:00+00:00,2019-11-14 01:50:00+00:00,0.0,42000.0,"POLYGON ((-53.3 42.3, -50.3 41.15, -59.45 30.15, -65 28.45, -63.45 33.3, -53.3 42.3))"
ZULU 2,2019-11-14 00:47:00+00:00,2019-11-14 04:46:00+00:00,0.0,54000.0,"POLYGON ((148.4 9.2, 149.4 6, 141.5 4.5, 142.3 8.2, 148.4 9.2))"
ALFA 3,2019-11-14 01:50:00+00:00,2019-11-14 05:50:00+00:00,0.0,42000.0,"POLYGON ((-53.3 41.15, -48.3 40.3, -53.45 32.3, -61.45 29.45, -61.15 33.15, -53.3 41.15))"
ALFA 4,2019-11-14 05:40:00+00:00,2019-11-14 09:40:00+00:00,0.0,40000.0,"POLYGON ((-53.3 41.15, -47 41, -52.45 32, -59.15 31.15, -59 35.3, -53.3 41.15))"
FOXTROT 1,2019-11-14 05:40:00+00:00,2019-11-14 09:40:00+00:00,0.0,25000.0,"POLYGON ((-174.45 39.45, 178.15 37.15, 175.3 33, -178 33, -174.45 39.45))"
FOXTROT 2,2019-11-14 08:55:00+00:00,2019-11-14 12:55:00+00:00,,,"POLYGON ((-172.15 40.15, -179.15 38.15, 178.45 32, -175 32.15, -172.15 40.15))"
FOXTROT 3,2019-11-14 12:35:00+00:00,2019-11-14 16:35:00+00:00,0.0,25000.0,"POLYGON ((-170.15 39.3, -172.15 32.45, -175.45 32.45, -175 37.3, -170.15 39.3))"
GOLF 1,2019-11-14 12:35:00+00:00,2019-11-14 16:35:00+00:00,0.0,38000.0,"POLYGON ((-131.45 41.3, -133.3 34.45, -138.15 34.45, -135.15 41.15, -131.45 41.3))"
WHISKEY 1,2019-11-14 14:11:00+00:00,2019-11-14 18:15:00+00:00,0.0,59000.0,"POLYGON ((130 18.5, 131.5 18.3, 130 14, 130 18.5))"
BRAVO 1,2019-11-14 15:05:00+00:00,2019-11-14 19:05:00+00:00,0.0,38000.0,"POLYGON ((-61.45 29.15, -60.45 28, -62.45 26.3, -63.15 27.15, -61.45 29.15))"
GOLF 2,2019-11-14 16:35:00+00:00,2019-11-14 20:35:00+00:00,0.0,32000.0,"POLYGON ((-131.3 42.15, -133.3 36, -135.15 36.15, -133.15 42.15, -131.3 42.15))"
WHISKEY 2,2019-11-14 17:25:00+00:00,2019-11-14 21:25:00+00:00,0.0,54000.0,"POLYGON ((130 19.2, 132.1 19.1, 130 14.1, 130 19.2))"
1E,2019-11-14 17:55:00+00:00,2019-11-14 19:55:00+00:00,0.0,43000.0,"POLYGON ((-83.54712498957396 27.588954191126884, -83.58517661441802 27.014182684276577, -84.78384580262998 26.554575717092625, -84.93895341632934 27.89157954242784, -83.54712498957396 27.588954191126884))"
CHARLIE 1,2019-11-14 18:40:00+00:00,2019-11-14 22:40:00+00:00,0.0,45000.0,"POLYGON ((-85 26, -84.15 26, -84.45 24, -86 24, -87.3 24.3, -85 26))"
2E,2019-11-14 18:55:00+00:00,2019-11-14 20:55:00+00:00,0.0,38000.0,"POLYGON ((-83.20088845581331 27.718021006822642, -83.24091393609818 27.143632369639118, -84.61320126728499 26.62084945254564, -84.93895341632934 27.89157954242784, -83.20088845581331 27.718021006822642))"
3E,2019-11-14 19:55:00+00:00,2019-11-14 21:55:00+00:00,0.0,40000.0,"POLYGON ((-83.24479845150515 27.908848520303266, -83.47072757301835 26.57349891344815, -84.01203489161892 25.40144816531183, -85.12715133198182 27.888382245393466, -83.24479845150515 27.908848520303266))"
4E,2019-11-14 20:55:00+00:00,2019-11-14 22:55:00+00:00,0.0,38000.0,"POLYGON ((-83.2027312069051 28.100013270334887, -82.97674422181844 26.477122866635312, -83.84083978297119 25.340198594146997, -85.31533768811302 27.88492939681333, -83.2027312069051 28.100013270334887))"
HOTEL 1,2019-11-14 21:10:00+00:00,2019-11-15 01:10:00+00:00,0.0,38000.0,"POLYGON ((-159 35.45, -165.3 27.45, -170 28.3, -164 35.15, -159 35.45))"
CHARLIE 2,2019-11-14 21:15:00+00:00,2019-11-15 01:15:00+00:00,0.0,47000.0,"POLYGON ((-84 26.15, -83 24, -85 24, -85.3 25, -84 26.15))"
DELTA 1,2019-11-14 21:30:00+00:00,2019-11-15 01:30:00+00:00,0.0,44000.0,"POLYGON ((-50.45 32.45, -55 26, -58.15 26, -54.45 32.15, -50.45 32.45))"
5E,2019-11-14 21:55:00+00:00,2019-11-14 23:55:00+00:00,0.0,41000.0,"POLYGON ((-83.2027312069051 28.100013270334887, -82.90610239511581 26.63102431175889, -83.6582426741821 25.817390278613956, -84.93895341632934 27.89157954242784, -83.2027312069051 28.100013270334887))"
7E,2019-11-14 22:55:00+00:00,2019-11-15 00:55:00+00:00,0.0,33000.0,"POLYGON ((-84.35 29.401786265581645, -83.12311130510469 29.446275094433705, -82.86826733813852 27.909872056486996, -84.40914502331523 27.262553444255794, -85.29071092064703 28.398466564250135, -84.35 29.401786265581645))"
6E,2019-11-14 22:55:00+00:00,2019-11-15 00:55:00+00:00,0.0,38000.0,"POLYGON ((-82.86826733813852 27.909872056486996, -82.5237888801068 26.52807065944123, -83.66981819575396 25.27875136274062, -84.40914502331523 27.262553444255794, -82.86826733813852 27.909872056486996))"
9E,2019-11-14 23:55:00+00:00,2019-11-15 01:55:00+00:00,0.0,30000.0,"POLYGON ((-83.59373561537444 30.069454276375353, -82.90399856031512 29.29251037119514, -83.02746356631084 27.782231011939242, -83.8616911742533 27.39386542083558, -85.29071092064703 28.398466564250135, -83.59373561537444 30.069454276375353))"
8E,2019-11-14 23:55:00+00:00,2019-11-15 01:55:00+00:00,0.0,40000.0,"POLYGON ((-83.02746356631084 27.782231011939242, -82.5237888801068 26.52807065944123, -83.49897002959062 25.217107218672528, -83.8612390655358 26.21748090730025, -84.04905865282791 27.391987640929162, -83.02746356631084 27.782231011939242))"
1E,2019-11-15 00:55:00+00:00,2019-11-15 02:55:00+00:00,0.0,37000.0,"POLYGON ((-82.68 27.91, -82.29452713152386 26.33807733320986, -83.32829517781497 25.15526690948867, -83.6582426741821 25.817390278613956, -84.06494853645357 27.39374959619377, -82.68 27.91))"
2E,2019-11-15 00:55:00+00:00,2019-11-15 02:55:00+00:00,0.0,27000.0,"POLYGON ((-83.99312383024663 30.526848210490197, -82.51 30.541786265581642, -83.05 28.768155221318043, -84.18606389676764 27.90181228263276, -85.00517657939814 29.015021064877867, -83.99312383024663 30.526848210490197))"
HOTEL 2,2019-11-15 01:10:00+00:00,2019-11-15 05:10:00+00:00,0.0,39000.0,"POLYGON ((-159.15 33.3, -164.3 27.45, -168.45 27.45, -163.15 33.15, -159.15 33.3))"
CHARLIE 3,2019-11-15 01:15:00+00:00,2019-11-15 05:15:00+00:00,0.0,46000.0,"POLYGON ((-84.45 25.3, -83.15 25, -83.15 24, -86 24, -87 24.15, -84.45 25.3))"
4E,2019-11-15 01:55:00+00:00,2019-11-15 03:55:00+00:00,0.0,27000.0,"POLYGON ((-83.7713395802896 30.39872461181551, -82.08830545755377 30.338727669926836, -83.05 29.100893132790826, -83.55224347655157 28.22558546196933, -84.80660029301603 28.95177178152769, -83.7713395802896 30.39872461181551))"
3E,2019-11-15 01:55:00+00:00,2019-11-15 03:55:00+00:00,0.0,37000.0,"POLYGON ((-83.37410889149062 27.653595118851918, -82.41432637170284 27.67446409351263, -82.56412362453968 25.82201670001851, -83.15779352751315 25.093231182681432, -83.6582426741821 25.817390278613956, -83.37410889149062 27.653595118851918))"
6E,2019-11-15 02:55:00+00:00,2019-11-15 04:55:00+00:00,0.0,33000.0,"POLYGON ((-80.49 28.17910686720918, -79.27005623616982 28.120319361713236, -79.17496313484394 27.673791862558097, -80.3165323449436 27.6162253471968, -80.49 28.17910686720918))"
5E,2019-11-15 02:55:00+00:00,2019-11-15 04:55:00+00:00,0.0,41000.0,"POLYGON ((-83.37410889149062 27.653595118851918, -82.41432637170284 27.67446409351263, -82.56412362453968 25.82201670001851, -83.15779352751315 25.093231182681432, -83.6582426741821 25.817390278613956, -83.37410889149062 27.653595118851918))"
7E,2019-11-15 02:55:00+00:00,2019-11-15 04:55:00+00:00,0.0,30000.0,"POLYGON ((-83.34469733030697 30.21449395784311, -83.05 30.265475822945575, -83.40310348959841 29.47219943584568, -83.85617200763923 28.891721265929558, -84.45706232193841 29.083248092671557, -83.34469733030697 30.21449395784311))"
10E,2019-11-15 03:55:00+00:00,2019-11-15 05:55:00+00:00,0.0,38000.0,"POLYGON ((-83.90257612885816 28.350267115996676, -83.37738481893581 28.162910261171707, -83.62131887702573 27.906801511507688, -84.5625264528548 27.89720728744805, -84.25372948141873 28.47405147731563, -83.90257612885816 28.350267115996676))"
8E,2019-11-15 03:55:00+00:00,2019-11-15 05:55:00+00:00,0.0,37000.0,"POLYGON ((-81.99434478072807 26.990954182394802, -82.64732656347714 24.905958970233517, -83.26364094710507 24.582926252780663, -83.66981819575396 25.27875136274062, -83.34001903012133 26.691934619031887, -81.99434478072807 26.990954182394802))"
9E,2019-11-15 03:55:00+00:00,2019-11-15 05:55:00+00:00,0.0,36000.0,"POLYGON ((-80.68173178405583 28.538412880935688, -79.79343929207461 28.291618810744065, -79.73395160862685 27.954571432919824, -80.42744862372814 27.81355208231688, -80.68173178405583 28.538412880935688))"
HOTEL 3,2019-11-15 04:15:00+00:00,2019-11-15 08:15:00+00:00,0.0,41000.0,"POLYGON ((-159.15 35, -155.15 34.45, -157.15 30, -166.15 25, -168.45 26.15, -159.15 35))"
11E,2019-11-15 04:55:00+00:00,2019-11-15 06:55:00+00:00,0.0,37000.0,"POLYGON ((-82.28555036921107 27.16446955083763, -82.20358956357671 25.607146818438366, -82.89774879654998 24.586020889740663, -83.32829517781497 25.15526690948867, -83.07778476558454 26.92844540798563, -82.28555036921107 27.16446955083763))"
12E,2019-11-15 04:55:00+00:00,2019-11-15 06:55:00+00:00,0.0,36000.0,"POLYGON ((-80.4393560604127 28.710122528556802, -79.282603940839 28.73352261360218, -79.55067052263696 27.676832485442556, -80.6229871856734 27.79757711335673, -80.4393560604127 28.710122528556802))"
14E,2019-11-15 04:55:00+00:00,2019-11-15 06:55:00+00:00,0.0,30000.0,"POLYGON ((-81.51 31.00547582294558, -83.05 29.100893132790826, -84.98103570966487 28.885695326192, -84.35 29.069048354108855, -82.51 30.874524177054425, -81.51 31.00547582294558))"
13E,2019-11-15 04:55:00+00:00,2019-11-15 06:55:00+00:00,0.0,38000.0,"POLYGON ((-83.5896666236325 28.238960759903605, -83.2858252925696 28.129974274175552, -83.66158062744124 27.90652204881655, -84.15233149823337 27.90217495388631, -83.89412747660319 28.34727423518217, -83.5896666236325 28.238960759903605))"
17E,2019-11-15 05:55:00+00:00,2019-11-15 07:55:00+00:00,0.0,37000.0,"POLYGON ((-83.58132911307538 29.789941789856222, -83.18514014846834 29.48229093829512, -83.80957285597897 27.9053942421262, -84.98103570966487 28.885695326192, -83.58132911307538 29.789941789856222))"
15E,2019-11-15 05:55:00+00:00,2019-11-15 07:55:00+00:00,0.0,37000.0,"POLYGON ((-83.12308383512686 26.887694915387492, -82.00811122564411 26.325364458655777, -82.14846741448106 25.72813089999493, -82.68366577917753 24.91936699856372, -83.12308383512686 26.887694915387492))"
16E,2019-11-15 05:55:00+00:00,2019-11-15 07:55:00+00:00,0.0,39000.0,"POLYGON ((-79.61806802467412 29.291709981274753, -79.1263583695969 28.171242487101285, -80.33924893248437 27.62459352227129, -80.68173178405583 28.538412880935688, -79.61806802467412 29.291709981274753))"
19E,2019-11-15 06:55:00+00:00,2019-11-15 08:55:00+00:00,0.0,37000.0,"POLYGON ((-83.05 29.932737911472792, -83.89254467656914 27.4590305874276, -84.80660029301603 28.95177178152769, -83.62401461043007 29.598765082791605, -83.05 29.932737911472792))"
18E,2019-11-15 06:55:00+00:00,2019-11-15 08:55:00+00:00,0.0,39000.0,"POLYGON ((-79.45231884681894 29.289765609581387, -79.27848637280454 28.117325761342954, -80.18803942109867 27.79032241124884, -80.51716937828981 28.537520148810056, -79.45231884681894 29.289765609581387))"
21E,2019-11-15 07:55:00+00:00,2019-11-15 09:55:00+00:00,0.0,38000.0,"POLYGON ((-83.85617200763923 28.891721265929558, -83.21483615971407 28.379529119827293, -84.06494853645357 27.39374959619377, -85.50351159900647 27.88122105023299, -83.85617200763923 28.891721265929558))"
20E,2019-11-15 07:55:00+00:00,2019-11-15 09:55:00+00:00,0.0,39000.0,"POLYGON ((-79.45231884681894 29.289765609581387, -79.27848637280454 28.117325761342954, -80.23886556185559 28.21403789833526, -80.1940263266214 28.96492648435812, -79.45231884681894 29.289765609581387))"
HOTEL 4,2019-11-15 08:05:00+00:00,2019-11-15 12:05:00+00:00,0.0,42000.0,"POLYGON ((-153 35.3, -156.45 29.45, -163.45 25.45, -167.3 25.3, -159 34.45, -153 35.3))"
ECHO 1,2019-11-15 08:20:00+00:00,2019-11-15 12:20:00+00:00,0.0,43000.0,"POLYGON ((-85 25.15, -83.3 25, -84.15 24, -86 24, -87.3 24.15, -85 25.15))"
23E,2019-11-15 08:55:00+00:00,2019-11-15 10:55:00+00:00,0.0,38000.0,"POLYGON ((-81.13821053819136 31.107998669914657, -80.54617241639168 30.336465830354832, -83.89254467656914 27.4590305874276, -82.68105505848018 30.368014129630584, -81.13821053819136 31.107998669914657))"
22E,2019-11-15 08:55:00+00:00,2019-11-15 10:55:00+00:00,0.0,39000.0,"POLYGON ((-79.45231884681894 29.289765609581387, -79.27848637280454 28.117325761342954, -79.91008345194146 28.189927036944724, -80.04886320771021 28.614263186342093, -79.45231884681894 29.289765609581387))"
24E,2019-11-15 09:55:00+00:00,2019-11-15 11:55:00+00:00,0.0,37000.0,"POLYGON ((-83.26117160628476 28.419915230542266, -82.68 28.0545709394209, -83.52701374188328 27.39659654006624, -83.26117160628476 28.419915230542266))"
FOXTROT 1,2019-11-15 10:35:00+00:00,2019-11-15 14:35:00+00:00,0.0,43000.0,"POLYGON ((-56.45 28, -53.45 28, -53 24.15, -56.45 23, -58.3 25.15, -56.45 28))"
25E,2019-11-15 10:55:00+00:00,2019-11-15 12:55:00+00:00,0.0,38000.0,"POLYGON ((-83.0936227685935 28.2960783376757, -82.72998640495713 28.2960783376757, -82.72998640495713 27.93244197403933, -83.0936227685935 27.93244197403933, -83.0936227685935 28.2960783376757))"
26E,2019-11-15 10:55:00+00:00,2019-11-15 12:55:00+00:00,0.0,39000.0,"POLYGON ((-82.86081100633349 24.437321586648817, -82.49717464269712 24.437321586648817, -82.49717464269712 24.07368522301245, -82.86081100633349 24.07368522301245, -82.86081100633349 24.437321586648817))"
ECHO 2,2019-11-15 11:45:00+00:00,2019-11-15 15:45:00+00:00,0.0,43000.0,"POLYGON ((-85 25.15, -83.3 25.15, -83 24, -86 24, -87 24.15, -85 25.15))"
HOTEL 5,2019-11-15 11:45:00+00:00,2019-11-15 15:45:00+00:00,0.0,42000.0,"POLYGON ((-150.15 37.3, -155.15 30.3, -161.45 25.45, -165.3 25.3, -156.15 36.3, -150.15 37.3))"
27E,2019-11-15 12:55:00+00:00,2019-11-15 14:55:00+00:00,0.0,39000.0,"POLYGON ((-77.93213052820563 28.8306729778469, -77.56849416456926 28.8306729778469, -77.56849416456926 28.46703661421053, -77.93213052820563 28.46703661421053, -77.93213052820563 28.8306729778469))"
28E,2019-11-15 12:55:00+00:00,2019-11-15 14:55:00+00:00,0.0,39000.0,"POLYGON ((-80.09190163375965 28.371745218762907, -79.72826527012327 28.371745218762907, -79.72826527012327 28.00810885512654, -80.09190163375965 28.00810885512654, -80.09190163375965 28.371745218762907))"
32E,2019-11-15 13:55:00+00:00,2019-11-15 15:55:00+00:00,0.0,40000.0,"POLYGON ((-77.04413479468433 30.266023031357665, -76.62242876451066 29.02683697822481, -77.68695586025213 28.670408845141342, -77.04413479468433 30.266023031357665))"
31E,2019-11-15 13:55:00+00:00,2019-11-15 15:55:00+00:00,0.0,33000.0,"POLYGON ((-81.80044351103226 27.397996788231897, -81.43679152679195 26.402256074635797, -82.71479658550999 24.587236694214244, -83.26364094710507 24.582926252780663, -82.80734252391953 26.144323595407585, -81.80044351103226 27.397996788231897))"
30E,2019-11-15 13:55:00+00:00,2019-11-15 15:55:00+00:00,0.0,39000.0,"POLYGON ((-78.8209924521177 29.280485096039094, -79.74557527872156 26.806917804688183, -79.77463338462778 29.293358650039814, -78.8209924521177 29.280485096039094))"
29E,2019-11-15 13:55:00+00:00,2019-11-15 15:55:00+00:00,0.0,37000.0,"POLYGON ((-79.73880183925638 32.27481902758643, -78.38501580971713 31.467382158990375, -80.72845148770378 29.299457815648363, -80.73709481138881 31.39092814967276, -79.73880183925638 32.27481902758643))"
FOXTROT 2,2019-11-15 14:35:00+00:00,2019-11-15 18:35:00+00:00,0.0,47000.0,"POLYGON ((-54.15 26.45, -54 23.15, -56.15 22, -57 23.3, -55.45 26, -54.15 26.45))"
34E,2019-11-15 14:55:00+00:00,2019-11-15 16:55:00+00:00,0.0,35000.0,"POLYGON ((-78.80012971878273 30.107787329002303, -78.21648200970473 28.48908274740241, -79.42827635773726 27.266667586075645, -79.58388697946158 29.291325761486394, -78.80012971878273 30.107787329002303))"
35E,2019-11-15 14:55:00+00:00,2019-11-15 16:55:00+00:00,0.0,38000.0,"POLYGON ((-81.38432146387322 26.882375296332857, -81.49686748526675 25.914901466215348, -82.64302907886804 24.269323624401174, -83.26364094710507 24.582926252780663, -82.33784439516555 26.528914736607334, -81.38432146387322 26.882375296332857))"
33E,2019-11-15 14:55:00+00:00,2019-11-15 16:55:00+00:00,0.0,39000.0,"POLYGON ((-78.76513938306344 32.43785960394257, -77.50317978545469 31.973007508938025, -77.9792078756522 31.108432486859222, -80.40322886812616 29.55280592310109, -80.14593503855053 31.332856137251873, -78.76513938306344 32.43785960394257))"
HOTEL 6,2019-11-15 15:45:00+00:00,2019-11-15 19:45:00+00:00,0.0,42000.0,"POLYGON ((-155 36.45, -152.15 36.15, -153.45 33, -162.3 23.3, -166.45 23.15, -155 36.45))"
37E,2019-11-15 15:55:00+00:00,2019-11-15 17:55:00+00:00,,,"POLYGON ((-80.72275617200377 27.59436160927807, -81.54961411815815 26.44437100110102, -82.04554425326347 24.58980091474664, -82.31120500101117 24.78138516843735, -80.72275617200377 27.59436160927807))"
36E,2019-11-15 15:55:00+00:00,2019-11-15 17:55:00+00:00,0.0,40000.0,"POLYGON ((-77.87 32.68631044263608, -76.74368634706377 32.03923455358845, -79.14696250387193 28.849917908083896, -80.0485238224346 29.677802702842087, -79.589734327649 31.966962443600607, -77.87 32.68631044263608))"
GOLF 1,2019-11-15 16:50:00+00:00,2019-11-15 20:50:00+00:00,0.0,36000.0,"POLYGON ((-73 34.3, -72 33, -76.45 29, -77.15 32, -73 34.3))"
38E,2019-11-15 16:55:00+00:00,2019-11-15 18:55:00+00:00,0.0,44000.0,"POLYGON ((-77.27534482102625 33.146461779908975, -76.88793019501988 32.342563492319755, -79.12084108063333 29.285263146677547, -79.87940666817532 29.73695796421324, -79.4548903759778 31.6865391421801, -77.27534482102625 33.146461779908975))"
39E,2019-11-15 16:55:00+00:00,2019-11-15 18:55:00+00:00,0.0,36000.0,"POLYGON ((-80.83534774477253 27.37289083983201, -80.57539121450807 26.67917511534555, -82.02521424876477 24.794286539641377, -82.68366577917753 24.91936699856372, -82.37599283534259 26.307462433703495, -80.83534774477253 27.37289083983201))"
40E,2019-11-15 17:55:00+00:00,2019-11-15 19:55:00+00:00,0.0,39000.0,"POLYGON ((-76.20591680798546 33.76572079614409, -75.77634587804195 32.567473258060815, -77.7103738594001 30.868429992317218, -78.5209752779558 31.586746864214856, -78.45511452833776 32.88000418259385, -76.20591680798546 33.76572079614409))"
41E,2019-11-15 17:55:00+00:00,2019-11-15 19:55:00+00:00,0.0,38000.0,"POLYGON ((-80.49 27.24628718173732, -81.43256818850108 25.390949368690812, -82.36443033925931 25.10008101007333, -82.07828393112011 26.419040004752354, -80.49 27.24628718173732))"
42E,2019-11-15 18:55:00+00:00,2019-11-15 20:55:00+00:00,0.0,39000.0,"POLYGON ((-76.75806151953049 33.962967262902886, -75.65632359998345 33.566027191238696, -75.77634587804195 32.567473258060815, -77.7103738594001 30.868429992317218, -77.87 33.019048354108854, -76.75806151953049 33.962967262902886))"
43E,2019-11-15 18:55:00+00:00,2019-11-15 20:55:00+00:00,0.0,38000.0,"POLYGON ((-80.09 27.113712818262687, -81.06393734637493 24.864833209594003, -81.78 25.951716242316426, -81.45682902664763 26.529635772066744, -80.09 27.113712818262687))"
OSCAR 1,2019-11-15 19:07:00+00:00,2019-11-15 23:05:00+00:00,0.0,35000.0,"POLYGON ((-158.2 30, -155.1 29.5, -163.1 23.3, -158.2 30))"
44E,2019-11-15 19:55:00+00:00,2019-11-15 21:55:00+00:00,0.0,34000.0,"POLYGON ((-80.09 26.68, -81.12248353355385 24.84314904610989, -81.0362111198932 26.52807065944123, -80.09 26.68))"
GOLF 2,2019-11-15 20:50:00+00:00,2019-11-16 00:50:00+00:00,0.0,44000.0,"POLYGON ((-72.45 35, -72.45 32.3, -77 29.3, -77.15 32, -72.45 35))"
45E,2019-11-15 20:55:00+00:00,2019-11-15 22:55:00+00:00,0.0,38000.0,"POLYGON ((-80.4623855340304 26.679514493799267, -79.69623943453458 26.326535858892065, -80.51930286779827 24.58458406935596, -80.95267343652286 24.905958970233517, -80.4623855340304 26.679514493799267))"
OSCAR 2,2019-11-15 21:13:00+00:00,2019-11-16 01:15:00+00:00,0.0,30000.0,"POLYGON ((-157 30, -154.5 30, -159 25.1, -157 30))"
47E,2019-11-15 21:55:00+00:00,2019-11-15 23:55:00+00:00,,,"POLYGON ((-79.9219252678436 29.29763248651299, -79.89777833498012 28.11534091091088, -79.89879037510676 28.12763461433978, -79.7254412287878 26.93090825523997, -80.09773663470538 28.11125699477835, -80.12188356756887 29.29354857038045, -79.92337544825979 26.90223693224965, -80.09672459457875 28.09896329134946, -79.9219252678436 29.29763248651299))"
46E,2019-11-15 21:55:00+00:00,2019-11-15 23:55:00+00:00,0.0,40000.0,"POLYGON ((-80.01865056338502 26.833687042070114, -78.97286876565066 26.675630616850057, -80.28 24.46904835410886, -81.06815885534536 24.588231466088477, -80.01865056338502 26.833687042070114))"
49E,2019-11-15 22:55:00+00:00,2019-11-16 00:55:00+00:00,,,"POLYGON ((-79.92268639020024 29.30807183518191, -79.74882271036236 27.92597204912281, -79.75012291260424 27.93379097626671, -79.5296697808312 26.87043912699967, -79.94725876537436 27.90100943565243, -80.12112244521224 29.28310922171153, -79.72550543135944 26.8298386592415, -79.94595856313248 27.89319050850853, -79.92268639020024 29.30807183518191))"
48E,2019-11-15 22:55:00+00:00,2019-11-16 00:55:00+00:00,0.0,40000.0,"POLYGON ((-79.2950981061613 27.383627274830932, -78.36017565993521 27.306171963528065, -80.28 24.46904835410886, -80.70225120345002 24.586020889740663, -79.2950981061613 27.383627274830932))"
HOTEL 1,2019-11-15 23:15:00+00:00,2019-11-16 03:15:00+00:00,32000.0,36000.0,"POLYGON ((-57.45 37.45, -54.3 37.45, -54.3 32.45, -57 32.45, -57.45 37.45))"
50E,2019-11-15 23:55:00+00:00,2019-11-16 01:55:00+00:00,0.0,41000.0,"POLYGON ((-78.04017616835857 28.549753072258635, -78.18613306186202 27.36761851503847, -79.74634369811947 26.552253380022083, -80.09017300608167 28.03234758826255, -78.04017616835857 28.549753072258635))"
1E,2019-11-16 00:55:00+00:00,2019-11-16 02:55:00+00:00,0.0,40000.0,"POLYGON ((-78.05829211406056 29.265312143249012, -77.15560432621213 28.84966777351555, -78.53402530115817 27.244510149211685, -79.95631689135558 28.149539118733205, -78.05829211406056 29.265312143249012))"
2E,2019-11-16 01:55:00+00:00,2019-11-16 03:55:00+00:00,0.0,40000.0,"POLYGON ((-77.90182995378836 30.407647758682796, -76.97808172116771 28.908957479633735, -78.79928014299323 27.66973798985201, -79.95631689135558 28.149539118733205, -77.90182995378836 30.407647758682796))"
3E,2019-11-16 01:55:00+00:00,2019-11-16 03:55:00+00:00,0.0,40000.0,"POLYGON ((-75.6537279468731 34.33002969055372, -75.10928185556631 33.36391611371047, -76.05057862301025 32.80714986095124, -77.18711036928703 32.96475210855679, -75.6537279468731 34.33002969055372))"
1W,2019-11-16 01:55:00+00:00,2019-11-16 03:55:00+00:00,0.0,22000.0,"POLYGON ((-122.12664181288915 48.018508001981445, -121.58118726743461 48.018508001981445, -121.58118726743461 47.4730534565269, -122.12664181288915 47.4730534565269, -122.12664181288915 48.018508001981445))"
4E,2019-11-16 02:55:00+00:00,2019-11-16 04:55:00+00:00,0.0,42000.0,"POLYGON ((-77.90182995378836 30.407647758682796, -76.97808172116771 28.908957479633735, -78.79928014299323 27.66973798985201, -79.95631689135558 28.149539118733205, -77.90182995378836 30.407647758682796))"
5E,2019-11-16 02:55:00+00:00,2019-11-16 04:55:00+00:00,0.0,39000.0,"POLYGON ((-75.32964868748161 34.56621388586957, -74.44560651749211 34.30231582493155, -76.05057862301025 32.80714986095124, -76.74267961425703 33.40369288731016, -75.32964868748161 34.56621388586957))"
2W,2019-11-16 02:55:00+00:00,2019-11-16 04:55:00+00:00,0.0,22000.0,"POLYGON ((-121.98843042346248 47.87716995236559, -121.44297587800794 47.87716995236559, -121.44297587800794 47.331715406911044, -121.98843042346248 47.331715406911044, -121.98843042346248 47.87716995236559))"
6E,2019-11-16 03:55:00+00:00,2019-11-16 05:55:00+00:00,0.0,42000.0,"POLYGON ((-76.62242876451066 29.02683697822481, -77.31302444862477 27.671594119567153, -79.42827635773726 27.266667586075645, -78.91967636056603 28.244138042531155, -76.62242876451066 29.02683697822481))"
7E,2019-11-16 03:55:00+00:00,2019-11-16 05:55:00+00:00,0.0,39000.0,"POLYGON ((-74.60118707224883 34.955516670633756, -73.90021744915809 34.35593367745108, -76.05057862301025 32.80714986095124, -76.74267961425703 33.40369288731016, -74.60118707224883 34.955516670633756))"
9E,2019-11-16 04:55:00+00:00,2019-11-16 06:55:00+00:00,0.0,41000.0,"POLYGON ((-73.91498722514666 35.4745690241172, -73.90021744915809 34.35593367745108, -76.05057862301025 32.80714986095124, -76.38968157471629 33.83174298847364, -73.91498722514666 35.4745690241172))"
8E,2019-11-16 04:55:00+00:00,2019-11-16 06:55:00+00:00,0.0,40000.0,"POLYGON ((-76.62242876451066 29.02683697822481, -77.31302444862477 27.671594119567153, -79.42827635773726 27.266667586075645, -78.91967636056603 28.244138042531155, -76.62242876451066 29.02683697822481))"
10E,2019-11-16 05:55:00+00:00,2019-11-16 07:55:00+00:00,0.0,40000.0,"POLYGON ((-76.62242876451066 29.02683697822481, -76.4350886114612 27.970067284132778, -79.42827635773726 27.266667586075645, -78.91967636056603 28.244138042531155, -76.62242876451066 29.02683697822481))"
11E,2019-11-16 05:55:00+00:00,2019-11-16 07:55:00+00:00,0.0,43000.0,"POLYGON ((-75.30719794254544 34.52044492607428, -74.1928798678024 34.607809212417685, -75.62604391091948 33.554927391438945, -76.26289423560397 33.78623143484558, -75.30719794254544 34.52044492607428))"
INDIA 1,2019-11-16 06:55:00+00:00,2019-11-16 10:55:00+00:00,0.0,43000.0,"POLYGON ((-71.3 35.3, -75 28.45, -77 27.45, -75.45 33.15, -73.45 35.15, -71.3 35.3))"
JULIETT 1,2019-11-16 06:55:00+00:00,2019-11-16 10:55:00+00:00,0.0,45000.0,"POLYGON ((-54.15 24, -50.45 22, -52 18, -55.15 18, -56.45 21.15, -54.15 24))"
12E,2019-11-16 06:55:00+00:00,2019-11-16 08:55:00+00:00,0.0,33000.0,"POLYGON ((-79.07494672726759 32.068470776801085, -78.59893688826263 31.654990326569408, -80.26630783981624 30.776715557400117, -80.27127338822628 31.44164094522357, -79.07494672726759 32.068470776801085))"
PAPA 1,2019-11-16 07:05:00+00:00,2019-11-16 11:05:00+00:00,0.0,42000.0,"POLYGON ((-150.3 29, -147.3 28.5, -154.4 20.2, -150.3 29))"
13E,2019-11-16 07:55:00+00:00,2019-11-16 09:55:00+00:00,0.0,35000.0,"POLYGON ((-81.73747568140827 33.356358165210715, -78.38501580971713 31.467382158990375, -79.7174551077208 30.964444740028352, -82.51 32.53821373441835, -81.73747568140827 33.356358165210715))"
14E,2019-11-16 08:55:00+00:00,2019-11-16 10:55:00+00:00,0.0,35000.0,"POLYGON ((-81.11 32.44914187884178, -77.83262208423578 32.09602859371997, -80.42238148341836 30.72277461805062, -82.85893916981365 32.41089178349215, -81.11 32.44914187884178))"
QUEBEC 1,2019-11-16 09:20:00+00:00,2019-11-16 13:20:00+00:00,0.0,56000.0,"POLYGON ((-155.2 10, -152.3 10, -147.3 4.5, -151.5 4.5, -154.3 7.1, -155.2 10))"
15E,2019-11-16 09:55:00+00:00,2019-11-16 11:55:00+00:00,0.0,36000.0,"POLYGON ((-81.11 32.49273791147279, -77.50317978545469 31.973007508938025, -79.33304734361987 30.618227905494372, -82.09433151575912 31.892249954311076, -81.11 32.49273791147279))"
INDIA 2,2019-11-16 10:00:00+00:00,2019-11-16 14:00:00+00:00,0.0,43000.0,"POLYGON ((-70 35.15, -72 29.3, -75.45 27.45, -74.45 33.3, -72.3 35, -70 35.15))"
JULIETT 2,2019-11-16 10:00:00+00:00,2019-11-16 14:00:00+00:00,0.0,30000.0,"POLYGON ((-54.15 24, -50 22, -52 18, -55.15 18, -56.3 21.15, -54.15 24))"
PAPA 2,2019-11-16 10:17:00+00:00,2019-11-16 14:20:00+00:00,0.0,46000.0,"POLYGON ((-147.5 27.4, -153.4 14, -150 27.3, -147.5 27.4))"
16E,2019-11-16 10:55:00+00:00,2019-11-16 12:55:00+00:00,0.0,36000.0,"POLYGON ((-81.11 32.44914187884178, -76.82403370368165 32.208465830153784, -80.00247177828565 30.33135375666221, -82.14897349028068 31.84617438546095, -81.11 32.44914187884178))"
17E,2019-11-16 11:55:00+00:00,2019-11-16 13:55:00+00:00,0.0,37000.0,"POLYGON ((-81.48924891038993 32.92795959095838, -76.74368634706377 32.03923455358845, -79.58248396744256 30.32586483156779, -82.09433151575912 31.892249954311076, -81.48924891038993 32.92795959095838))"
18E,2019-11-16 12:55:00+00:00,2019-11-16 14:55:00+00:00,0.0,36000.0,"POLYGON ((-81.80934030013454 32.746281927362105, -76.74368634706377 32.03923455358845, -76.45303518777929 31.421377468498545, -80.54617241639168 30.336465830354832, -81.80934030013454 32.746281927362105))"
QUEBEC 2,2019-11-16 13:17:00+00:00,2019-11-16 17:20:00+00:00,0.0,56000.0,"POLYGON ((-153.1 9.3, -141.2 7.4, -153 4.2, -155 7, -153.1 9.3))"
ROMEO 1,2019-11-16 13:23:00+00:00,2019-11-16 17:25:00+00:00,0.0,55000.0,"POLYGON ((-172 8, -162.5 7.4, -163.1 5, -172.3 5.3, -172 8))"
INDIA 3,2019-11-16 13:50:00+00:00,2019-11-16 17:50:00+00:00,0.0,41000.0,"POLYGON ((-67.15 36.3, -68.45 34, -77 31, -77 32.15, -72.3 36, -67.15 36.3))"
PAPA 3,2019-11-16 13:53:00+00:00,2019-11-16 17:55:00+00:00,0.0,49000.0,"POLYGON ((-151.3 21, -153.3 14, -154.3 20, -151.3 21))"
SIERRA 1,2019-11-16 13:53:00+00:00,2019-11-16 17:55:00+00:00,0.0,44000.0,"POLYGON ((-149 29.3, -146.3 29.3, -151.2 24.1, -149 29.3))"
19E,2019-11-16 13:55:00+00:00,2019-11-16 15:55:00+00:00,0.0,36000.0,"POLYGON ((-76.18824930117962 32.92676335171022, -76.38097257791527 31.26681110464502, -80.6166222583591 30.655297148386005, -81.52851093854115 32.512233527247155, -76.18824930117962 32.92676335171022))"
KILO 1,2019-11-16 13:55:00+00:00,2019-11-16 17:55:00+00:00,,,"POLYGON ((-70 32.45, -66.45 28.45, -68.45 26.3, -71.3 28.45, -76.15 26, -77 27.3, -70 32.45))"
20E,2019-11-16 14:55:00+00:00,2019-11-16 16:55:00+00:00,0.0,36000.0,"POLYGON ((-77.87 32.90429060579106, -78.36252219180106 31.447590748595843, -80.7948036450197 30.951417053493902, -81.59520284331686 32.56798328452717, -77.87 32.90429060579106))"
LIMA 1,2019-11-16 15:25:00+00:00,2019-11-16 19:25:00+00:00,0.0,44000.0,"POLYGON ((-52.15 23.45, -46.15 18, -55.45 18.15, -56.15 22.3, -52.15 23.45))"
ROMEO 2,2019-11-16 15:30:00+00:00,2019-11-16 19:30:00+00:00,0.0,55000.0,"POLYGON ((-172.1 7.5, -162.5 7.4, -163.1 5, -172.5 5, -172.1 7.5))"
QUEBEC 3,2019-11-16 15:32:00+00:00,2019-11-16 19:35:00+00:00,0.0,56000.0,"POLYGON ((-153.3 9.3, -141.2 7.4, -153.5 4.2, -155.4 7.1, -153.3 9.3))"
21E,2019-11-16 15:55:00+00:00,2019-11-16 17:55:00+00:00,0.0,40000.0,"POLYGON ((-77.87 33.019048354108854, -78.24940281019201 31.347874173341076, -80.54769864257302 31.159962613839394, -81.11 32.82547582294557, -77.87 33.019048354108854))"
22E,2019-11-16 16:55:00+00:00,2019-11-16 18:55:00+00:00,0.0,40000.0,"POLYGON ((-76.60350539699624 33.28469139114844, -77.84462178688962 30.988500832891024, -80.82431893136628 30.92641482844762, -80.59031589848678 33.07979535164336, -76.60350539699624 33.28469139114844))"
INDIA 4,2019-11-16 17:35:00+00:00,2019-11-16 21:35:00+00:00,0.0,42000.0,"POLYGON ((-72.45 37.15, -67.15 36.3, -71.3 32.3, -75.3 32.45, -72.45 37.15))"
KILO 2,2019-11-16 17:35:00+00:00,2019-11-16 21:35:00+00:00,0.0,45000.0,"POLYGON ((-68.15 34.45, -66.3 31.3, -66.45 27, -69.15 26.3, -69.15 29.45, -70.3 33.15, -68.15 34.45))"
23E,2019-11-16 17:55:00+00:00,2019-11-16 19:55:00+00:00,0.0,39000.0,"POLYGON ((-76.74267961425703 33.40369288731016, -77.7103738594001 30.868429992317218, -80.43725182003493 30.71762234720427, -79.88783191951273 33.19731767266768, -76.74267961425703 33.40369288731016))"
25E,2019-11-16 18:55:00+00:00,2019-11-16 20:55:00+00:00,0.0,32000.0,"POLYGON ((-79.14844043231594 31.04236726841283, -78.62090868383004 30.168248924699977, -80.29494797216884 30.00336883085377, -80.68617845248335 31.04326247893941, -79.14844043231594 31.04236726841283))"
24E,2019-11-16 18:55:00+00:00,2019-11-16 20:55:00+00:00,0.0,42000.0,"POLYGON ((-76.57372982515872 33.89749217730992, -76.67065906260929 31.884832305941785, -80.14593503855053 31.332856137251873, -80.31182095488053 33.603131624313455, -76.57372982515872 33.89749217730992))"
LIMA 2,2019-11-16 19:10:00+00:00,2019-11-16 23:10:00+00:00,0.0,43000.0,"POLYGON ((-50.3 23, -47 18, -55.3 18, -56.3 22.3, -50.3 23))"
ROMEO 3,2019-11-16 19:29:00+00:00,2019-11-16 23:30:00+00:00,0.0,55000.0,"POLYGON ((-167.5 10.1, -163.4 9.5, -171 5, -169.5 8.2, -167.5 10.1))"
27E,2019-11-16 19:55:00+00:00,2019-11-16 21:55:00+00:00,0.0,32000.0,"POLYGON ((-78.24940281019201 31.347874173341076, -77.90182995378836 30.407647758682796, -80.0485238224346 29.677802702842087, -80.25764982726768 30.779700634568805, -78.24940281019201 31.347874173341076))"
26E,2019-11-16 19:55:00+00:00,2019-11-16 21:55:00+00:00,0.0,42000.0,"POLYGON ((-76.20591680798546 33.76572079614409, -76.59787624662071 31.730388451360884, -79.44166346475708 31.65893283188886, -79.27843615600372 33.46088329944218, -76.20591680798546 33.76572079614409))"
KILO 3,2019-11-16 20:25:00+00:00,2019-11-17 00:25:00+00:00,0.0,42000.0,"POLYGON ((-69.15 37, -65.15 33.3, -66.3 27, -68.3 26.45, -69 31, -71 35.15, -69.15 37))"
28E,2019-11-16 20:55:00+00:00,2019-11-16 22:55:00+00:00,0.0,43000.0,"POLYGON ((-76.57372982515872 33.89749217730992, -75.10928185556631 33.36391611371047, -76.74368634706377 32.03923455358845, -78.93095346765332 31.94397086757049, -78.10008412916451 33.888669840789085, -76.57372982515872 33.89749217730992))"
29E,2019-11-16 20:55:00+00:00,2019-11-16 22:55:00+00:00,0.0,32000.0,"POLYGON ((-78.38501580971713 31.467382158990375, -77.30963848233473 30.50739239400086, -79.77520385406847 30.328550203727264, -79.7174551077208 30.964444740028352, -78.38501580971713 31.467382158990375))"
MIKE 1,2019-11-16 21:50:00+00:00,2019-11-17 01:50:00+00:00,0.0,37000.0,"POLYGON ((-74.4 32.55, -73.35 32.45, -73 29.25, -75.05 29.35, -74.4 32.55))"
30E,2019-11-16 21:55:00+00:00,2019-11-16 23:55:00+00:00,0.0,43000.0,"POLYGON ((-76.0565913501922 34.33663054389656, -74.92750143497929 33.29601366051396, -76.05057862301025 32.80714986095124, -78.93095346765332 31.94397086757049, -78.2520935695117 33.58088063478707, -76.0565913501922 34.33663054389656))"
31E,2019-11-16 21:55:00+00:00,2019-11-16 23:55:00+00:00,0.0,32000.0,"POLYGON ((-78.71753971984795 31.75852631188312, -78.12715295816544 31.239758908611993, -79.5700976771969 29.844415066292452, -79.95363615155655 30.884035478591002, -78.71753971984795 31.75852631188312))"
32E,2019-11-16 22:55:00+00:00,2019-11-17 00:55:00+00:00,0.0,43000.0,"POLYGON ((-76.45951182733204 34.34191186779226, -75.10928185556631 33.36391611371047, -76.05057862301025 32.80714986095124, -77.87 32.85267939837247, -78.32769177521668 33.42691662199826, -76.45951182733204 34.34191186779226))"
33E,2019-11-16 22:55:00+00:00,2019-11-17 00:55:00+00:00,0.0,30000.0,"POLYGON ((-78.59893688826263 31.654990326569408, -78.12715295816544 31.239758908611993, -79.16515202964214 30.319080813395757, -79.79778144701599 31.028719244446584, -78.59893688826263 31.654990326569408))"
34E,2019-11-16 23:55:00+00:00,2019-11-17 01:55:00+00:00,0.0,45000.0,"POLYGON ((-75.48162719054064 34.874613397761685, -73.20923797536753 33.752412249581845, -75.63977936421509 32.44741231928447, -77.18711036928703 32.96475210855679, -77.58581672420387 34.114390193940714, -75.48162719054064 34.874613397761685))"
MIKE 2,2019-11-17 00:20:00+00:00,2019-11-17 04:20:00+00:00,0.0,37000.0,"POLYGON ((-73.4 33.15, -70.2 32, -71.45 26.45, -74.05 28.5, -73.4 33.15))"
1E,2019-11-17 00:55:00+00:00,2019-11-17 02:55:00+00:00,0.0,45000.0,"POLYGON ((-76.18 35.095417309845246, -73.20923797536753 33.752412249581845, -75.09712750263503 31.96570934297392, -79.09400914924477 33.75813539531054, -78.94354940470178 34.81612399544867, -76.18 35.095417309845246))"
2E,2019-11-17 01:55:00+00:00,2019-11-17 03:55:00+00:00,0.0,43000.0,"POLYGON ((-75.63474990650363 35.18282238171873, -74.31958095363107 34.7161654317201, -74.96235711926563 31.84492408724302, -78.57749948130325 33.759758054480585, -77.55925001702265 34.964427780843245, -75.63474990650363 35.18282238171873))"
MIKE 3,2019-11-17 03:30:00+00:00,2019-11-17 07:30:00+00:00,0.0,41000.0,"POLYGON ((-73 33.25, -66.3 33.2, -70.55 27.1, -73.1 26.05, -73 33.25))"
3E,2019-11-17 03:55:00+00:00,2019-11-17 05:55:00+00:00,0.0,41000.0,"POLYGON ((-76.18 34.76267939837246, -75.17879359740719 34.257627423980296, -74.96235711926563 31.84492408724302, -77.86242363578312 32.10709887104252, -77.79274316133368 34.50368062185418, -76.18 34.76267939837246))"
TANGO 1,2019-11-17 04:13:00+00:00,2019-11-17 08:15:00+00:00,0.0,45000.0,"POLYGON ((-148.2 27.1, -149.5 24.4, -151.1 27.1, -148.2 27.1))"
NOVEMBER 1,2019-11-17 04:22:00+00:00,2019-11-17 08:25:00+00:00,0.0,45000.0,"POLYGON ((-157.1 25, -156.1 24, -159.3 22.1, -157.1 25))"
4E,2019-11-17 04:55:00+00:00,2019-11-17 06:55:00+00:00,0.0,42000.0,"POLYGON ((-76.18 35.26178626558164, -75.40549622175546 34.72043723247394, -74.6938722050353 31.602929477091617, -77.68267016581326 32.040179807225364, -77.94725683866633 34.50368062185418, -76.18 35.26178626558164))"
5E,2019-11-17 05:55:00+00:00,2019-11-17 07:55:00+00:00,0.0,42000.0,"POLYGON ((-75.40549622175546 34.72043723247394, -73.84276514870571 32.88308864982915, -78.40326322893375 32.30632635237686, -77.87 34.35, -75.40549622175546 34.72043723247394))"
MIKE 4,2019-11-17 06:45:00+00:00,2019-11-17 10:45:00+00:00,0.0,43000.0,"POLYGON ((-65.15 36.15, -64.15 34, -68.3 27.3, -72.45 26, -70.45 35.15, -65.15 36.15))"
6E,2019-11-17 06:55:00+00:00,2019-11-17 08:55:00+00:00,0.0,40000.0,"POLYGON ((-75.40549622175546 34.72043723247394, -73.84276514870571 32.88308864982915, -78.40326322893375 32.30632635237686, -77.87 34.35, -75.40549622175546 34.72043723247394))"
7E,2019-11-17 07:55:00+00:00,2019-11-17 09:55:00+00:00,0.0,40000.0,"POLYGON ((-74.10202207210175 35.54163455364396, -73.66296575159001 32.81335964035022, -78.22272011451275 32.24017317440624, -77.79302593126216 34.196271027663116, -74.10202207210175 35.54163455364396))"
NOVEMBER 2,2019-11-17 08:05:00+00:00,2019-11-17 12:05:00+00:00,0.0,45000.0,"POLYGON ((-153.2 29.1, -151.3 27.4, -158.5 22.1, -153.2 29.1))"
TANGO 2,2019-11-17 08:07:00+00:00,2019-11-17 12:10:00+00:00,0.0,45000.0,"POLYGON ((-151.3 27.1, -149 25.5, -153.2 24.2, -151.3 27.1))"
MIKE 5,2019-11-17 08:30:00+00:00,2019-11-17 12:30:00+00:00,0.0,43000.0,"POLYGON ((-64 36.3, -67.3 28, -72.3 22.15, -74.3 22.15, -70 34.45, -64 36.3))"
8E,2019-11-17 08:55:00+00:00,2019-11-17 10:55:00+00:00,0.0,42000.0,"POLYGON ((-75.1037809404057 34.10326518512719, -73.48344883025635 32.743374063972574, -77.87 32.353572531163294, -77.6399158708355 33.888669840789085, -75.1037809404057 34.10326518512719))"
9E,2019-11-17 09:55:00+00:00,2019-11-17 11:55:00+00:00,0.0,41000.0,"POLYGON ((-75.1037809404057 34.10326518512719, -73.66296575159001 32.81335964035022, -77.87 32.353572531163294, -77.6399158708355 33.888669840789085, -75.1037809404057 34.10326518512719))"
NOVEMBER 3,2019-11-17 10:11:00+00:00,2019-11-17 14:15:00+00:00,0.0,45000.0,"POLYGON ((-152.5 29.5, -149.5 26.2, -156.5 24.3, -152.5 29.5))"
10E,2019-11-17 10:55:00+00:00,2019-11-17 12:55:00+00:00,0.0,42000.0,"POLYGON ((-74.03960245309027 34.47617000801013, -74.20321198508454 33.021772604324156, -77.87 32.51994148689968, -76.94267660403072 34.02816714527455, -74.03960245309027 34.47617000801013))"
MIKE 6,2019-11-17 11:15:00+00:00,2019-11-17 15:15:00+00:00,0.0,43000.0,"POLYGON ((-63 36.45, -65 30.15, -70.45 22.3, -73.45 22.15, -68.3 35, -63 36.45))"
11E,2019-11-17 11:55:00+00:00,2019-11-17 13:55:00+00:00,0.0,42000.0,"POLYGON ((-75.25408200029028 34.411943802892225, -74.20321198508454 33.021772604324156, -77.87 32.51994148689968, -76.94267660403072 34.02816714527455, -75.25408200029028 34.411943802892225))"
12E,2019-11-17 12:55:00+00:00,2019-11-17 14:55:00+00:00,0.0,40000.0,"POLYGON ((-75.02904151490385 33.9488575179407, -73.84276514870571 32.88308864982915, -77.0382851343027 32.656419589869714, -77.02217490022191 33.641227356518534, -75.02904151490385 33.9488575179407))"
13E,2019-11-17 13:55:00+00:00,2019-11-17 15:55:00+00:00,0.0,43000.0,"POLYGON ((-73.7612320341291 34.23553982536499, -72.66344522718255 33.266855587979734, -76.81696033297256 32.19359480289175, -76.88223535823266 33.52253858704057, -73.7612320341291 34.23553982536499))"
NOVEMBER 4,2019-11-17 13:59:00+00:00,2019-11-17 18:00:00+00:00,0.0,45000.0,"POLYGON ((-153 30, -148.3 30, -156.4 25.2, -153 30))"
ALFA 1,2019-11-17 14:50:00+00:00,2019-11-17 18:50:00+00:00,0.0,43000.0,"POLYGON ((-73.15 34.3, -72.45 33.15, -76.45 32, -76.15 33.3, -73.15 34.3))"
14E,2019-11-17 14:55:00+00:00,2019-11-17 16:55:00+00:00,0.0,43000.0,"POLYGON ((-73.7612320341291 34.23553982536499, -72.66344522718255 33.266855587979734, -76.05057862301025 32.80714986095124, -76.02243555084308 33.699426699793655, -73.7612320341291 34.23553982536499))"
MIKE 7,2019-11-17 15:15:00+00:00,2019-11-17 19:15:00+00:00,0.0,45000.0,"POLYGON ((-63.45 34.45, -69.3 24, -73 23.15, -67.15 33.45, -63.45 34.45))"
NOVEMBER 5,2019-11-17 17:57:00+00:00,2019-11-17 21:50:00+00:00,0.0,45000.0,"POLYGON ((-152.2 27.3, -153 23.3, -155 20.4, -158.4 22.1, -155.3 27.1, -152.2 27.3))"
MIKE 8,2019-11-17 19:15:00+00:00,2019-11-17 23:15:00+00:00,0.0,45000.0,"POLYGON ((-66 33.15, -63.45 31, -72 20.45, -73.15 21.3, -66 33.15))"
NOVEMBER 6,2019-11-17 21:50:00+00:00,2019-11-18 01:50:00+00:00,0.0,45000.0,"POLYGON ((-156.1 26.2, -153.1 25.2, -156.4 21.4, -158.5 22.2, -156.1 26.2))"
MIKE 9,2019-11-17 23:15:00+00:00,2019-11-18 03:15:00+00:00,0.0,44000.0,"POLYGON ((-65 35.15, -62.15 35, -67 25, -69.3 25, -65 35.15))"
XRAY 1,2019-11-17 23:49:00+00:00,2019-11-18 03:50:00+00:00,0.0,48000.0,"POLYGON ((137.3 15.1, 143.5 15, 142 6.4, 133.5 9, 137.3 15.1))"
NOVEMBER 7,2019-11-18 01:46:00+00:00,2019-11-18 05:50:00+00:00,0.0,45000.0,"POLYGON ((-156.1 24, -153.1 23.5, -157.1 21.4, -156.1 24))"
MIKE 10,2019-11-18 03:05:00+00:00,2019-11-18 07:05:00+00:00,0.0,44000.0,"POLYGON ((-62.45 35.3, -66.3 27.3, -67.3 30.45, -65.15 35.15, -62.45 35.3))"
YANKEE 1,2019-11-18 05:13:00+00:00,2019-11-18 09:15:00+00:00,0.0,52000.0,"POLYGON ((145.1 16.3, 144.4 9.4, 134.1 8.1, 134.3 16.2, 145.1 16.3))"
BRAVO 1,2019-11-18 05:45:00+00:00,2019-11-18 09:45:00+00:00,0.0,40000.0,"POLYGON ((-69.4 36.2, -66.55 34.5, -67.45 31.25, -68.55 32.05, -69.4 36.2))"
MIKE 11,2019-11-18 06:45:00+00:00,2019-11-18 10:45:00+00:00,0.0,43000.0,"POLYGON ((-65.1 35.4, -57.5 33.35, -62.55 26.1, -68.1 28.2, -65.1 35.4))"
BRAVO 2,2019-11-18 08:35:00+00:00,2019-11-18 12:35:00+00:00,0.0,43000.0,"POLYGON ((-67.5 38.5, -64.45 36.55, -66.3 32.25, -68 33.05, -67 34.45, -69.05 36, -67.5 38.5))"
YANKEE 2,2019-11-18 09:20:00+00:00,2019-11-18 13:20:00+00:00,0.0,52000.0,"POLYGON ((139.1 17, 144.3 14.2, 134.3 10, 134.4 16.5, 139.1 17))"
ALFA 1,2019-11-18 09:50:00+00:00,2019-11-18 13:50:00+00:00,30000.0,35000.0,"POLYGON ((165 42.5, 170.2 37.05, 169.4 34.4, 165 35.4, 165 42.5))"
MIKE 12,2019-11-18 10:20:00+00:00,2019-11-18 14:20:00+00:00,0.0,46000.0,"POLYGON ((-64.1 38.1, -56.45 34.4, -63.25 25.4, -68.5 26.25, -64.1 38.1))"
BRAVO 3,2019-11-18 11:40:00+00:00,2019-11-18 15:40:00+00:00,0.0,44000.0,"POLYGON ((-66.15 39, -62.05 37.1, -65.4 27.1, -67.35 28.1, -66.15 39))"
MIKE 13,2019-11-18 11:45:00+00:00,2019-11-18 15:45:00+00:00,0.0,46000.0,"POLYGON ((-58.2 38.3, -54.35 36.45, -62.55 26.25, -65 27.5, -58.2 38.3))"
ALFA 2,2019-11-18 12:15:00+00:00,2019-11-18 16:15:00+00:00,30000.0,35000.0,"POLYGON ((168.1 40.2, 174 37.2, 173.1 34, 166.5 36, 168.1 40.2))"
YANKEE 3,2019-11-18 12:36:00+00:00,2019-11-18 16:35:00+00:00,0.0,58000.0,"POLYGON ((134 17.3, 139.1 17.1, 132.1 9.4, 134 17.3))"
YANKEE 4,2019-11-18 15:19:00+00:00,2019-11-18 19:20:00+00:00,0.0,55000.0,"POLYGON ((131.1 16.5, 137.3 15.3, 131.2 9.3, 131.1 16.5))"
BRAVO 4,2019-11-18 15:40:00+00:00,2019-11-18 19:40:00+00:00,0.0,44000.0,"POLYGON ((-66.45 37.3, -61.15 37.15, -63 32, -64.45 33, -66.45 37.3))"
MIKE 14,2019-11-18 15:40:00+00:00,2019-11-18 19:40:00+00:00,0.0,48000.0,"POLYGON ((-61.15 37.3, -58 34, -61.45 27.45, -64 29.15, -61.15 37.3))"
ALFA 3,2019-11-18 16:15:00+00:00,2019-11-18 20:15:00+00:00,29000.0,37000.0,"POLYGON ((171.15 39.45, 177 37, 175.15 34, 168.15 35, 171.15 39.45))"
BRAVO 5,2019-11-18 19:00:00+00:00,2019-11-18 23:00:00+00:00,0.0,40000.0,"POLYGON ((-61.15 42.3, -60.3 40.15, -64.3 38, -67 41.15, -61.15 42.3))"
MIKE 15,2019-11-18 19:00:00+00:00,2019-11-18 23:00:00+00:00,0.0,47000.0,"POLYGON ((-58.3 40.45, -56.15 37.15, -62.15 27, -65 29.15, -62 37.45, -58.3 40.45))"
YANKEE 5,2019-11-18 19:15:00+00:00,2019-11-18 23:15:00+00:00,0.0,59000.0,"POLYGON ((137.5 17.5, 140.5 15.1, 133.3 7, 130 6.5, 130 14.5, 137.5 17.5))"
ALFA 4,2019-11-18 20:15:00+00:00,2019-11-19 00:15:00+00:00,29000.0,37000.0,"POLYGON ((176.15 36.3, 173.3 33.3, 179.3 33.15, -179.45 35.3, 176.15 36.3))"
MIKE 16,2019-11-18 21:15:00+00:00,2019-11-19 01:15:00+00:00,0.0,47000.0,"POLYGON ((-60.45 37.45, -56.15 37.3, -63 26, -64.15 28, -60.45 37.45))"
BRAVO 6,2019-11-18 21:20:00+00:00,2019-11-19 01:20:00+00:00,0.0,41000.0,"POLYGON ((-53 43, -55.15 38.45, -62.3 39, -64.3 41.15, -62.45 42.45, -53 43))"
BRAVO 7,2019-11-18 22:30:00+00:00,2019-11-19 02:30:00+00:00,0.0,40000.0,"POLYGON ((-57.45 44, -52.45 43, -57.45 35.45, -64.3 42.15, -57.45 44))"
MIKE 17,2019-11-18 22:30:00+00:00,2019-11-19 02:30:00+00:00,0.0,45000.0,"POLYGON ((-62.3 33, -59.15 31, -63 25.3, -64.3 27.45, -62.3 33))"
YANKEE 6,2019-11-18 23:42:00+00:00,2019-11-19 03:30:00+00:00,0.0,58000.0,"POLYGON ((133.5 16.3, 138.1 13.3, 130 15.1, 133.5 16.3))"
BRAVO 8,2019-11-19 00:30:00+00:00,2019-11-19 04:30:00+00:00,0.0,40000.0,"POLYGON ((-53.15 45, -51.15 44.15, -54.15 40.3, -61 43.15, -53.15 45))"
YANKEE 7,2019-11-19 03:17:00+00:00,2019-11-19 07:20:00+00:00,,,"POLYGON ((129.5 17.1, 129.5 17.1, 134.2 13.2, 129.5 17.1))"
ZULU 1,2019-11-19 04:21:00+00:00,2019-11-19 08:20:00+00:00,0.0,50000.0,"POLYGON ((-157.4 24.1, -156 23, -154.5 20.5, -157.4 22, -157.4 24.1))"
ZULU 2,2019-11-19 05:13:00+00:00,2019-11-19 09:10:00+00:00,0.0,43000.0,"POLYGON ((-157.3 23, -156.2 22.4, -156.4 21.3, -157.4 22.2, -157.3 23))"
CHARLIE 1,2019-11-19 07:20:00+00:00,2019-11-19 11:20:00+00:00,0.0,41000.0,"POLYGON ((-56.2 40.25, -54.35 39.55, -59.35 32.45, -62.3 34.5, -56.2 40.25))"
KILO 1,2019-11-19 08:44:00+00:00,2019-11-19 12:41:00+00:00,25000.0,33000.0,"POLYGON ((162.31 46.14, 166.01 47.37, 166.4 46.47, 163.06 45.3, 162.31 46.14))"
WHISKEY 1,2019-11-19 08:46:00+00:00,2019-11-19 12:45:00+00:00,0.0,42000.0,"POLYGON ((-157.5 26.1, -156.4 25.2, -159.2 22.1, -159.2 24, -157.5 26.1))"
DELTA 1,2019-11-19 08:55:00+00:00,2019-11-19 12:55:00+00:00,0.0,52000.0,"POLYGON ((-72.15 22.25, -70.2 21.35, -70.25 20.3, -73.45 20.3, -72.15 22.25))"
WHISKEY 2,2019-11-19 09:24:00+00:00,2019-11-19 13:20:00+00:00,0.0,35000.0,"POLYGON ((-157.5 26.1, -157.2 25.4, -158.3 23.2, -159.2 24, -157.5 26.1))"
CHARLIE 2,2019-11-19 10:55:00+00:00,2019-11-19 14:55:00+00:00,0.0,43000.0,"POLYGON ((-54.3 42.1, -52.3 41.1, -59.3 31.3, -63.4 34.05, -54.3 42.1))"
ECHO 1,2019-11-19 11:45:00+00:00,2019-11-19 15:45:00+00:00,0.0,52000.0,"POLYGON ((-58 21.3, -55.3 20.55, -55.1 18.1, -58.1 18.05, -58.2 18, -58 21.3))"
CHARLIE 3,2019-11-19 14:55:00+00:00,2019-11-19 18:55:00+00:00,0.0,48000.0,"POLYGON ((-55.15 42.3, -51.3 40.3, -61 29.15, -64 30.15, -59.45 37.15, -55.15 42.3))"
GOLF 1,2019-11-19 16:45:00+00:00,2019-11-19 20:45:00+00:00,,,"POLYGON ((-68.3 24.3, -68 22.45, -71 20.3, -73 20.3, -73.3 20, -74.45 21.3, -68.3 24.3))"
OSCAR 1,2019-11-19 16:48:00+00:00,2019-11-19 20:45:00+00:00,0.0,45000.0,"POLYGON ((-156.1 28, -154.3 27, -159 23.4, -156.1 28))"
1W,2019-11-19 17:55:00+00:00,2019-11-19 19:55:00+00:00,0.0,45000.0,"POLYGON ((-115.30420172422093 33.35623617362403, -112.02000000000001 32.59815522131804, -111.2826672660394 31.330929419644484, -114.7509141150822 32.462499738357806, -115.30420172422093 33.35623617362403))"
PAPA 1,2019-11-19 18:06:00+00:00,2019-11-19 22:05:00+00:00,0.0,58000.0,"POLYGON ((149.2 10.5, 154 10.3, 149.4 8, 149.2 10.5))"
1E,2019-11-19 18:55:00+00:00,2019-11-19 20:55:00+00:00,0.0,33000.0,"POLYGON ((-76.75806151953049 33.962967262902886, -75.10928185556631 33.36391611371047, -76.81696033297256 32.19359480289175, -78.45511452833776 32.88000418259385, -76.75806151953049 33.962967262902886))"
2W,2019-11-19 18:55:00+00:00,2019-11-19 20:55:00+00:00,0.0,45000.0,"POLYGON ((-115.40196106768822 34.44811186252935, -111.0232834159991 33.426013939891796, -110.46353344587895 31.176986631247676, -114.7509141150822 32.462499738357806, -115.40196106768822 34.44811186252935))"
CHARLIE 4,2019-11-19 18:55:00+00:00,2019-11-19 22:55:00+00:00,0.0,47000.0,"POLYGON ((-58 37.45, -53.45 36.3, -62 29.3, -63.15 30, -58 37.45))"
2E,2019-11-19 19:55:00+00:00,2019-11-19 21:55:00+00:00,0.0,31000.0,"POLYGON ((-75.48162719054064 34.874613397761685, -73.62264378716961 34.114989610031834, -76.81696033297256 32.19359480289175, -77.87 33.351786265581644, -75.48162719054064 34.874613397761685))"
3W,2019-11-19 19:55:00+00:00,2019-11-19 21:55:00+00:00,0.0,45000.0,"POLYGON ((-114.09519370993343 34.896759268265164, -109.14 33.42178626558165, -109.26 31.27178626558165, -110.46353344587895 31.176986631247676, -115.1472138884357 32.57781027077064, -114.09519370993343 34.896759268265164))"
4W,2019-11-19 19:55:00+00:00,2019-11-19 21:55:00+00:00,0.0,39000.0,"POLYGON ((-115.8925506172719 34.16397713970385, -115.4596523732828 32.76706485042668, -117.23 32.49085812115821, -117.55881788738918 33.92693254531439, -115.8925506172719 34.16397713970385))"
OSCAR 2,2019-11-19 20:18:00+00:00,2019-11-20 00:20:00+00:00,0.0,44000.0,"POLYGON ((-157.4 27.4, -154.4 26.4, -158.1 24.2, -157.4 27.4))"
GOLF 2,2019-11-19 20:45:00+00:00,2019-11-20 00:45:00+00:00,,,"POLYGON ((-68.3 24.3, -67.3 23, -70.45 21, -72.15 21, -72.45 22, -71 24.15, -68.3 24.3))"
3E,2019-11-19 20:55:00+00:00,2019-11-19 22:55:00+00:00,0.0,31000.0,"POLYGON ((-74.88444047953132 35.19421416928657, -73.62264378716961 34.114989610031834, -76.81696033297256 32.19359480289175, -77.87 33.51815522131804, -74.88444047953132 35.19421416928657))"
6W,2019-11-19 20:55:00+00:00,2019-11-19 22:55:00+00:00,0.0,36000.0,"POLYGON ((-117.1712552276833 34.20972356562063, -115.18100223811432 34.17972587628486, -115.51725183356471 33.084993957933236, -117.07802255228317 33.0873180601212, -117.1712552276833 34.20972356562063))"
5W,2019-11-19 20:55:00+00:00,2019-11-19 22:55:00+00:00,0.0,45000.0,"POLYGON ((-113.54 35.04171624231642, -108.87342696475305 33.885445795380654, -108.87082551627584 31.46800574395262, -110.52152923889115 31.298009658432363, -114.11591554058802 32.36016010141205, -113.54 35.04171624231642))"
QUEBEC 1,2019-11-19 20:56:00+00:00,2019-11-20 01:00:00+00:00,0.0,54000.0,"POLYGON ((175.5 7.4, 179 7.4, 175.5 4.3, 175.5 7.4))"
PAPA 2,2019-11-19 21:41:00+00:00,2019-11-20 01:45:00+00:00,0.0,56000.0,"POLYGON ((149.1 11, 153.3 10.3, 149.1 8.2, 149.1 11))"
7W,2019-11-19 21:55:00+00:00,2019-11-19 23:55:00+00:00,0.0,45000.0,"POLYGON ((-113.54 35.04171624231642, -108.87342696475305 33.885445795380654, -108.87082551627584 31.46800574395262, -110.52152923889115 31.298009658432363, -114.11591554058802 32.36016010141205, -113.54 35.04171624231642))"
BRAVO 1,2019-11-19 22:10:00+00:00,2019-11-20 02:10:00+00:00,28000.0,38000.0,"POLYGON ((175.45 44.3, 165 42.45, 165 37.45, -177.45 40.3, 175.45 44.3))"
GOLF 3,2019-11-19 22:15:00+00:00,2019-11-20 02:15:00+00:00,0.0,48000.0,"POLYGON ((-68 26.15, -67.45 23.45, -70.15 23.45, -70.45 25.3, -68 26.15))"
CHARLIE 5,2019-11-19 22:30:00+00:00,2019-11-20 02:30:00+00:00,0.0,47000.0,"POLYGON ((-58 39.3, -54 36.15, -62 30, -64.3 31.15, -58 39.3))"
HOTEL 1,2019-11-19 22:30:00+00:00,2019-11-20 02:30:00+00:00,0.0,42000.0,"POLYGON ((-64.15 41.3, -61.45 40.15, -65.3 36.45, -67.15 37.15, -64.15 41.3))"
9W,2019-11-19 22:55:00+00:00,2019-11-20 00:55:00+00:00,0.0,45000.0,"POLYGON ((-110.8 35.06, -107.19417723308243 31.92639642774462, -108.05731905659225 31.356981156039208, -111.2826672660394 31.330929419644484, -113.76713898423257 32.06139725825312, -110.8 35.06))"
8W,2019-11-19 22:55:00+00:00,2019-11-20 00:55:00+00:00,0.0,31000.0,"POLYGON ((-120.16900554124257 40.46386080668137, -117.72014300942656 39.95386360553331, -118.42319946159274 38.50933484699553, -119.87395895433717 39.12910491647383, -120.16900554124257 40.46386080668137))"
10W,2019-11-19 23:55:00+00:00,2019-11-20 01:55:00+00:00,0.0,31000.0,"POLYGON ((-118.45297371920154 40.55986757707104, -118.66816484880849 39.20744250335287, -119.96401875103813 39.294322123170915, -120.42914528410694 40.11567980446342, -118.45297371920154 40.55986757707104))"
11W,2019-11-19 23:55:00+00:00,2019-11-20 01:55:00+00:00,0.0,45000.0,"POLYGON ((-110.8 35.06, -106.28 31.82, -108.05731905659225 31.356981156039208, -111.2826672660394 31.330929419644484, -113.76713898423257 32.06139725825312, -110.8 35.06))"
OSCAR 3,2019-11-20 00:03:00+00:00,2019-11-20 04:05:00+00:00,0.0,44000.0,"POLYGON ((-156.5 24.5, -151.3 24.1, -157.4 23.4, -156.5 24.5))"
HOTEL 2,2019-11-20 00:40:00+00:00,2019-11-20 04:40:00+00:00,0.0,44000.0,"POLYGON ((-63 42, -62.15 37.45, -64.3 34.45, -66 35, -65.3 40, -63 42))"
CHARLIE 6,2019-11-20 00:45:00+00:00,2019-11-20 04:45:00+00:00,0.0,46000.0,"POLYGON ((-55 39.3, -53 37.45, -61.15 31.45, -60 36.45, -55 39.3))"
QUEBEC 2,2019-11-20 00:47:00+00:00,2019-11-20 04:50:00+00:00,0.0,52000.0,"POLYGON ((179.1 7.5, 180 3.5, 174 7.4, 179.1 7.5))"
3W,2019-11-20 00:55:00+00:00,2019-11-20 02:55:00+00:00,0.0,36000.0,"POLYGON ((-113.54 35.95273791147278, -113.1077519224901 35.26630504492057, -116.31918408051784 32.45836908537773, -117.15440492238595 32.626272418921964, -117.08641502134813 33.944882658822074, -113.54 35.95273791147278))"
2W,2019-11-20 00:55:00+00:00,2019-11-20 02:55:00+00:00,0.0,39000.0,"POLYGON ((-111.36344684664589 34.3129010814101, -110.17210102566382 32.58505766851082, -111.5999265533487 31.5099252864289, -113.21507275699445 32.76238187193454, -111.36344684664589 34.3129010814101))"
1W,2019-11-20 00:55:00+00:00,2019-11-20 02:55:00+00:00,0.0,30000.0,"POLYGON ((-118.34582565517807 41.006933283740935, -117.41608905225367 39.64670194176473, -119.33656124284494 37.801255147621916, -121.37003531547707 40.09674576367779, -118.34582565517807 41.006933283740935))"
INDIA 1,2019-11-20 01:00:00+00:00,2019-11-20 05:00:00+00:00,0.0,31000.0,"POLYGON ((-69.15 34.3, -69.45 31.3, -74.15 31.45, -73.45 33.45, -69.15 34.3))"
BRAVO 2,2019-11-20 01:00:00+00:00,2019-11-20 05:00:00+00:00,30000.0,38000.0,"POLYGON ((175.15 45, 170.45 39.45, -173 33.3, -167.15 37.45, 175.15 45))"
DELTA 1,2019-11-20 01:00:00+00:00,2019-11-20 05:00:00+00:00,28000.0,36000.0,"POLYGON ((-155.45 38.45, -160 31, -168.3 30.45, -164 38.3, -155.45 38.45))"
4W,2019-11-20 01:55:00+00:00,2019-11-20 03:55:00+00:00,0.0,28000.0,"POLYGON ((-117.25837895664874 41.18432836054063, -115.60598734604038 40.56255555342935, -118.94640812040954 38.37615443060829, -120.42914528410694 40.11567980446342, -117.25837895664874 41.18432836054063))"
6W,2019-11-20 01:55:00+00:00,2019-11-20 03:55:00+00:00,0.0,39000.0,"POLYGON ((-113.54 36.63199657594625, -111.98587600433524 36.11787042805322, -115.07565079881479 32.60312638756297, -117.09878550127068 32.51279930394739, -116.46 34.8, -113.54 36.63199657594625))"
5W,2019-11-20 01:55:00+00:00,2019-11-20 03:55:00+00:00,0.0,38000.0,"POLYGON ((-112.21980244281738 33.8305384003159, -109.99036151024804 32.88126353618834, -111.38215181698004 31.93314930452605, -113.56842712937626 32.765773439940624, -112.21980244281738 33.8305384003159))"
OSCAR 4,2019-11-20 02:50:00+00:00,2019-11-20 06:55:00+00:00,0.0,42000.0,"POLYGON ((-155.1 24.4, -150 23.5, -156 22.1, -155.1 24.4))"
1C,2019-11-20 02:55:00+00:00,2019-11-20 04:55:00+00:00,0.0,41000.0,"POLYGON ((-104.33766193836976 31.100825697057036, -104.18729792679386 30.504240138255433, -104.6197707121964 30.298294714729384, -105.68175973122321 31.30746434356681, -104.33766193836976 31.100825697057036))"
7W,2019-11-20 02:55:00+00:00,2019-11-20 04:55:00+00:00,0.0,39000.0,"POLYGON ((-111.96293028506584 37.57887018511198, -111.52376627920944 36.3241868504516, -114.75874779568096 32.714574993826616, -117.09878550127068 32.51279930394739, -116.59518890487077 35.067057597104956, -111.96293028506584 37.57887018511198))"
2C,2019-11-20 03:55:00+00:00,2019-11-20 05:55:00+00:00,0.0,40000.0,"POLYGON ((-104.50079729095692 31.41810928881679, -104.02385577654265 30.45368413858708, -104.66024554462456 30.04341571680442, -105.72900754996992 31.34824983201551, -104.50079729095692 31.41810928881679))"
8W,2019-11-20 03:55:00+00:00,2019-11-20 05:55:00+00:00,0.0,40000.0,"POLYGON ((-114.58121909871323 35.60804310821005, -113.41118142600301 34.3781211147329, -114.6 32.77, -117.07906912490286 32.47249970366556, -117.20641592448828 34.54305274381464, -114.58121909871323 35.60804310821005))"
9W,2019-11-20 03:55:00+00:00,2019-11-20 05:55:00+00:00,0.0,34000.0,"POLYGON ((-112.3 37.5454290605791, -112.02233793817307 37.15540895122145, -113.12748836999478 36.42069630733463, -113.3081807242209 37.353750652726816, -112.3 37.5454290605791))"
HOTEL 3,2019-11-20 04:00:00+00:00,2019-11-20 08:00:00+00:00,0.0,44000.0,"POLYGON ((-61.15 43.15, -59.15 41.15, -63.45 35, -65 38.15, -61.15 43.15))"
CHARLIE 7,2019-11-20 04:05:00+00:00,2019-11-20 08:05:00+00:00,0.0,45000.0,"POLYGON ((-60.3 37.3, -56.15 35.45, -59.45 33, -62.15 34.3, -60.3 37.3))"
JULIETT 1,2019-11-20 04:10:00+00:00,2019-11-20 08:10:00+00:00,0.0,41000.0,"POLYGON ((-66 35.45, -64.3 33.45, -65.15 30.45, -67.45 31, -68 34.45, -66 35.45))"
INDIA 2,2019-11-20 04:40:00+00:00,2019-11-20 08:40:00+00:00,0.0,40000.0,"POLYGON ((-66 36.3, -64.15 33, -66.15 31, -69.45 31.45, -72 34.45, -66 36.3))"
BRAVO 3,2019-11-20 04:40:00+00:00,2019-11-20 08:40:00+00:00,30000.0,39000.0,"POLYGON ((176 45.45, 169.3 42.45, -177.15 37.45, -174.3 43, -177.15 45.45, 176 45.45))"
3C,2019-11-20 04:55:00+00:00,2019-11-20 06:55:00+00:00,0.0,36000.0,"POLYGON ((-104.02359213355078 31.867597322391006, -102.96365808459836 31.634419848072888, -103.77209188996801 30.23621303633142, -104.91189555910042 31.119968252987597, -104.02359213355078 31.867597322391006))"
10W,2019-11-20 04:55:00+00:00,2019-11-20 06:55:00+00:00,0.0,40000.0,"POLYGON ((-114.39 37.08541730984525, -112.59082790743592 35.93461619922031, -115.19356789128213 32.768600663783694, -117.07906912490286 32.47249970366556, -114.39 37.08541730984525))"
11W,2019-11-20 05:55:00+00:00,2019-11-20 07:55:00+00:00,0.0,39000.0,"POLYGON ((-114.32699245218178 34.652275740908216, -114.96507087465454 32.64213722871149, -116.13780637726799 32.39325762309102, -115.4486903517033 34.216170565571424, -114.32699245218178 34.652275740908216))"
4C,2019-11-20 05:55:00+00:00,2019-11-20 07:55:00+00:00,0.0,32000.0,"POLYGON ((-105.25917942553144 31.815925798258387, -104.54511877464851 30.809789366717144, -105.0371677473413 30.682781821571385, -106.28 31.530858121158204, -105.25917942553144 31.815925798258387))"
12W,2019-11-20 05:55:00+00:00,2019-11-20 07:55:00+00:00,0.0,37000.0,"POLYGON ((-107.13518509444339 32.44508665580384, -106.75072374544224 31.653158782736856, -108.42028621664079 31.551629145791672, -108.24038831820631 32.05713395404898, -107.13518509444339 32.44508665580384))"
CHARLIE 8,2019-11-20 06:01:00+00:00,2019-11-20 10:01:00+00:00,0.0,46000.0,"POLYGON ((-57 38.45, -55.45 37.3, -57 35, -59.45 33.15, -61.15 36.3, -57 38.45))"
HOTEL 4,2019-11-20 06:03:00+00:00,2019-11-20 10:03:00+00:00,0.0,40000.0,"POLYGON ((-61.15 43.15, -58.3 41.3, -63.15 35.45, -63.3 40.3, -61.15 43.15))"
INDIA 3,2019-11-20 06:06:00+00:00,2019-11-20 10:06:00+00:00,0.0,42000.0,"POLYGON ((-65 37, -64 33.3, -65.3 32, -69 33.3, -69.3 34.45, -65 37))"
KILO 1,2019-11-20 06:10:00+00:00,2019-11-20 10:10:00+00:00,0.0,33000.0,"POLYGON ((-66.3 40.45, -65.15 40, -66.3 37.3, -67.45 38.15, -66.3 40.45))"
13W,2019-11-20 06:55:00+00:00,2019-11-20 08:55:00+00:00,0.0,39000.0,"POLYGON ((-114.31556310589286 34.462492640174695, -114.73972220641019 32.65228182633036, -116.13780637726799 32.39325762309102, -115.59173764759633 34.099264778247814, -114.31556310589286 34.462492640174695))"
5C,2019-11-20 06:55:00+00:00,2019-11-20 08:55:00+00:00,0.0,32000.0,"POLYGON ((-103.02494980376773 29.964797439220433, -103.44284512149574 29.23049317354188, -103.95 29.432574363474636, -103.02494980376773 29.964797439220433))"
14W,2019-11-20 06:55:00+00:00,2019-11-20 08:55:00+00:00,0.0,37000.0,"POLYGON ((-106.64254759075749 33.05707275365946, -106.96055817032962 31.818189202264005, -108.53944594667101 31.654589896947982, -107.76684959612518 32.87014179502934, -106.64254759075749 33.05707275365946))"
15W,2019-11-20 07:55:00+00:00,2019-11-20 09:55:00+00:00,0.0,35000.0,"POLYGON ((-114.60426723771256 34.502793965165445, -114.4034924915289 32.36914810541423, -115.4596523732828 32.76706485042668, -115.51669447090008 33.84963530548145, -114.60426723771256 34.502793965165445))"
HOTEL 5,2019-11-20 08:24:00+00:00,2019-11-20 12:24:00+00:00,0.0,42000.0,"POLYGON ((-59.45 43.15, -56 43, -58.45 40, -60 40.3, -59.45 43.15))"
CHARLIE 9,2019-11-20 08:26:00+00:00,2019-11-20 12:26:00+00:00,0.0,48000.0,"POLYGON ((-54.3 41.45, -53.3 39.45, -55.45 36.3, -59.15 35, -60.15 37.15, -54.3 41.45))"
INDIA 4,2019-11-20 08:29:00+00:00,2019-11-20 12:29:00+00:00,0.0,43000.0,"POLYGON ((-64.45 38.45, -62 37.45, -63.3 33.15, -64.3 32.45, -68.15 35.15, -64.45 38.45))"
KILO 2,2019-11-20 08:31:00+00:00,2019-11-20 12:31:00+00:00,0.0,40000.0,"POLYGON ((-66 42, -63.45 41.45, -64.45 39, -66.15 39, -66 42))"
16W,2019-11-20 08:55:00+00:00,2019-11-20 10:55:00+00:00,0.0,35000.0,"POLYGON ((-111.91783774359747 34.88971008063144, -110.72416366697784 33.8689372720829, -111.9941074616685 31.713380249038657, -113.47179640545065 33.87248636482547, -111.91783774359747 34.88971008063144))"
INDIA 5,2019-11-20 09:21:00+00:00,2019-11-20 13:21:00+00:00,0.0,43000.0,"POLYGON ((-65.3 41.45, -62.45 41.45, -62 35, -64.3 32.45, -67.15 35.45, -65.3 41.45))"
UNIFORM 1,2019-11-20 09:36:00+00:00,2019-11-20 13:35:00+00:00,0.0,57000.0,"POLYGON ((-177.3 9.1, 179.1 8.3, -178 5.1, -173.5 8.2, -177.3 9.1))"
HOTEL 6,2019-11-20 09:42:00+00:00,2019-11-20 13:42:00+00:00,0.0,41000.0,"POLYGON ((-58 44, -54.45 43.3, -57 41, -58.3 41.3, -58 44))"
LIMA 1,2019-11-20 09:45:00+00:00,2019-11-20 13:45:00+00:00,0.0,48000.0,"POLYGON ((-69 24.3, -68.15 23.15, -70.45 21.3, -72 22.45, -69 24.3))"
17W,2019-11-20 09:55:00+00:00,2019-11-20 11:55:00+00:00,0.0,33000.0,"POLYGON ((-112.1055125619023 34.82676076472563, -111.10250506098464 33.10828635712346, -111.32823202025155 32.452235126798094, -113.2255213688726 34.4430612191985, -112.1055125619023 34.82676076472563))"
INDIA 6,2019-11-20 10:42:00+00:00,2019-11-20 14:42:00+00:00,0.0,46000.0,"POLYGON ((-60.15 42.15, -60.3 35.45, -63.45 32.45, -65.45 37.45, -64 42, -60.15 42.15))"
CHARLIE 10,2019-11-20 10:45:00+00:00,2019-11-20 14:45:00+00:00,0.0,46000.0,"POLYGON ((-52.3 43.15, -50.3 42.15, -55.45 36.3, -58.45 34.45, -58 38.3, -52.3 43.15))"
18W,2019-11-20 10:55:00+00:00,2019-11-20 12:55:00+00:00,0.0,33000.0,"POLYGON ((-110.62338205241991 35.05987200200098, -110.91 32.533712818262686, -112.80448685403624 34.58891997193702, -110.62338205241991 35.05987200200098))"
HOTEL 7,2019-11-20 11:02:00+00:00,2019-11-20 15:02:00+00:00,0.0,41000.0,"POLYGON ((-56.3 44.15, -53.3 44, -54.45 42, -57.15 42, -56.3 44.15))"
19W,2019-11-20 11:55:00+00:00,2019-11-20 13:55:00+00:00,0.0,30000.0,"POLYGON ((-110.61207680801763 35.123521771002665, -110.25285504276299 34.032954070363864, -111.27339307741329 32.22681463651934, -112.19300304866108 34.934945113166265, -110.61207680801763 35.123521771002665))"
20W,2019-11-20 11:55:00+00:00,2019-11-20 13:55:00+00:00,0.0,28000.0,"POLYGON ((-115.28632390138395 35.977706595731135, -115.80762443466732 35.01956052456805, -116.32481109512925 35.067057597104956, -115.81919646538435 35.856893623827105, -115.28632390138395 35.977706595731135))"
INDIA 7,2019-11-20 11:57:00+00:00,2019-11-20 15:57:00+00:00,0.0,43000.0,"POLYGON ((-59.15 43, -60.3 35.15, -63 33.3, -64 37.45, -63.3 42.45, -59.15 43))"
CHARLIE 11,2019-11-20 11:59:00+00:00,2019-11-20 15:59:00+00:00,0.0,48000.0,"POLYGON ((-52.45 43.3, -49.45 42.15, -62.15 30, -63.15 31, -52.45 43.3))"
UNIFORM 2,2019-11-20 12:32:00+00:00,2019-11-20 16:30:00+00:00,0.0,58000.0,"POLYGON ((177.4 9.3, 179.5 5.1, -172.5 8.1, 177.4 9.3))"
LIMA 2,2019-11-20 12:33:00+00:00,2019-11-20 16:33:00+00:00,0.0,48000.0,"POLYGON ((-69 24.3, -68.15 22.45, -70.15 20.3, -72 21, -69 24.3))"
6C,2019-11-20 12:55:00+00:00,2019-11-20 14:55:00+00:00,0.0,36000.0,"POLYGON ((-105.90129519942958 32.88774765327534, -104.62 32.341786265581646, -106.28 31.320893132790815, -106.86738013057055 31.818651108334038, -105.90129519942958 32.88774765327534))"
7C,2019-11-20 13:55:00+00:00,2019-11-20 15:55:00+00:00,0.0,37000.0,"POLYGON ((-105.82421966940844 34.212435222991964, -105.19016441255754 32.197358845118885, -106.00380645766656 31.584420429311066, -106.64228135167986 31.94682025090472, -106.35860734962722 34.11689442957199, -105.82421966940844 34.212435222991964))"
8C,2019-11-20 14:55:00+00:00,2019-11-20 16:55:00+00:00,0.0,37000.0,"POLYGON ((-104.37469245941882 33.54421319818416, -103.98211250294061 33.11706903776575, -105.33346773195217 32.148448402953974, -105.88589295344161 32.62079033129134, -104.37469245941882 33.54421319818416))"
21W,2019-11-20 14:55:00+00:00,2019-11-20 16:55:00+00:00,0.0,32000.0,"POLYGON ((-119.47094442216421 34.736144118149554, -119.01639896761874 34.736144118149554, -119.01639896761874 34.2815986636041, -119.47094442216421 34.2815986636041, -119.47094442216421 34.736144118149554))"
22W,2019-11-20 14:55:00+00:00,2019-11-20 16:55:00+00:00,0.0,28000.0,"POLYGON ((-117.74358943288264 35.02270933626446, -117.28904397833718 35.02270933626446, -117.28904397833718 34.56816388171901, -117.74358943288264 34.56816388171901, -117.74358943288264 35.02270933626446))"
UNIFORM 3,2019-11-20 15:14:00+00:00,2019-11-20 19:15:00+00:00,0.0,56000.0,"POLYGON ((178.4 10.2, 177.2 9.1, -177 3.2, -172.2 8.5, 178.4 10.2))"
9C,2019-11-20 15:55:00+00:00,2019-11-20 17:55:00+00:00,0.0,38000.0,"POLYGON ((-102.4552775052322 35.28726475362841, -101.48403889577132 34.05219171842209, -101.91 32.86815522131805, -104.9008730844866 33.10440247204681, -103.4117991289388 35.24352112459381, -102.4552775052322 35.28726475362841))"
23W,2019-11-20 15:55:00+00:00,2019-11-20 17:55:00+00:00,0.0,28000.0,"POLYGON ((-119.77898612525088 33.76490702578026, -119.32444067070541 33.76490702578026, -119.32444067070541 33.31036157123481, -119.77898612525088 33.31036157123481, -119.77898612525088 33.76490702578026))"
CHARLIE 12,2019-11-20 15:59:00+00:00,2019-11-20 19:59:00+00:00,0.0,45000.0,"POLYGON ((-55.3 39.45, -52.45 38.45, -63.45 26.15, -65 27.45, -59.3 37.3, -55.3 39.45))"
24W,2019-11-20 16:55:00+00:00,2019-11-20 18:55:00+00:00,0.0,30000.0,"POLYGON ((-117.76750696976383 35.972163667310504, -116.72826235240366 34.099264778247814, -118.50659461042429 33.77627140481192, -118.1525030388245 35.79463537553796, -117.76750696976383 35.972163667310504))"
10C,2019-11-20 16:55:00+00:00,2019-11-20 18:55:00+00:00,0.0,40000.0,"POLYGON ((-101.77601036301657 35.55705622487034, -100.77449201936804 34.20307023616194, -101.26947465948918 33.477046635069804, -103.75476484491301 33.33700027887002, -104.00218950584528 34.37793640067341, -101.77601036301657 35.55705622487034))"
11C,2019-11-20 17:55:00+00:00,2019-11-20 19:55:00+00:00,0.0,40000.0,"POLYGON ((-102.94456408418554 35.399535777237425, -101.10864953783789 35.288838167740025, -99.07421621813721 34.15502678466491, -100.33587379914776 32.64507977296659, -102.90723943306577 34.63354772374766, -102.94456408418554 35.399535777237425))"
25W,2019-11-20 17:55:00+00:00,2019-11-20 19:55:00+00:00,0.0,30000.0,"POLYGON ((-118.11180908777797 35.80792735646243, -116.86824279027022 35.600717339143735, -116.66115020814378 34.39913588659856, -118.02679027948197 33.05410411939774, -118.79829590170458 33.622770004130665, -118.11180908777797 35.80792735646243))"
12C,2019-11-20 18:55:00+00:00,2019-11-20 20:55:00+00:00,0.0,42000.0,"POLYGON ((-100.91408644530053 35.876040035675935, -99.33421214816913 35.262818755692706, -98.97051378277673 33.2208886067065, -99.7085372105754 32.78731911191074, -101.60167608029161 34.31443726603373, -100.91408644530053 35.876040035675935))"
26W,2019-11-20 18:55:00+00:00,2019-11-20 20:55:00+00:00,0.0,29000.0,"POLYGON ((-117.96452673662908 34.851356209786346, -116.76784927066895 34.1847920584468, -118.20051489741223 31.952767787334896, -119.25784791898944 32.236463633953065, -117.96452673662908 34.851356209786346))"
27W,2019-11-20 18:55:00+00:00,2019-11-20 20:55:00+00:00,0.0,25000.0,"POLYGON ((-112.55729635475834 34.54627071049212, -111.73731014663467 33.66496080520992, -112.99749397305969 32.60267387240926, -114.21809632524888 33.53794613474229, -112.55729635475834 34.54627071049212))"
UNIFORM 4,2019-11-20 19:02:00+00:00,2019-11-20 23:05:00+00:00,,,"POLYGON ((-169.3 8, -177.1 7.5, 178 4.3, -169.3 5.3, -169.3 8))"
30W,2019-11-20 19:55:00+00:00,2019-11-20 21:55:00+00:00,0.0,26000.0,"POLYGON ((-117.58106407593218 36.797108947720275, -115.22076586855641 35.02236452575735, -115.64959750390061 34.79731406129746, -117.77141807344196 35.9183998623879, -117.58106407593218 36.797108947720275))"
29W,2019-11-20 19:55:00+00:00,2019-11-20 21:55:00+00:00,0.0,33000.0,"POLYGON ((-113.72385290617808 34.513055288565, -111.51346357895798 34.46970347060807, -111.65219082657212 33.302123731087256, -113.86672094959007 33.022532187617024, -113.72385290617808 34.513055288565))"
13C,2019-11-20 19:55:00+00:00,2019-11-20 21:55:00+00:00,0.0,45000.0,"POLYGON ((-98.41644646382302 36.18299771581226, -99.0659044784045 32.75413302977831, -100.17627604872645 32.36895466409581, -100.02358300561984 33.835446336224685, -100.38498880359768 35.930027266533486, -98.41644646382302 36.18299771581226))"
28W,2019-11-20 19:55:00+00:00,2019-11-20 21:55:00+00:00,0.0,29000.0,"POLYGON ((-116.94698977752807 34.63305478386696, -116.33363122342185 33.62987868048681, -117.83448457986702 32.267411470739184, -118.29622152344005 34.197059993477865, -116.94698977752807 34.63305478386696))"
CHARLIE 13,2019-11-20 19:59:00+00:00,2019-11-20 23:59:00+00:00,0.0,45000.0,"POLYGON ((-55.15 37.45, -53 36, -60.3 29.45, -61 25.3, -64.3 29.15, -55.15 37.45))"
14C,2019-11-20 20:55:00+00:00,2019-11-20 22:55:00+00:00,0.0,43000.0,"POLYGON ((-99.44384175109117 35.986284371093056, -97.97772608749166 35.526745683916225, -98.76212910256062 32.85723857488899, -100.2767316770249 32.12639114916932, -101.35110790260343 32.71308672245375, -99.44384175109117 35.986284371093056))"
32W,2019-11-20 20:55:00+00:00,2019-11-20 22:55:00+00:00,0.0,36000.0,"POLYGON ((-113.65989216039735 34.767317061028685, -111.3715848282088 34.58809449993688, -111.73883861533203 33.194401389536594, -113.86672094959007 33.022532187617024, -113.65989216039735 34.767317061028685))"
31W,2019-11-20 20:55:00+00:00,2019-11-20 22:55:00+00:00,0.0,29000.0,"POLYGON ((-117.02024614780198 34.60771550259265, -116.38817624611919 33.16867559786982, -118.06295208398573 32.071396201655475, -118.85712330618976 34.28218534500093, -117.02024614780198 34.60771550259265))"
33W,2019-11-20 20:55:00+00:00,2019-11-20 22:55:00+00:00,0.0,27000.0,"POLYGON ((-116.74999999999999 37.299106867209176, -114.84240042203331 36.69440177955928, -114.62443689410713 34.462492640174695, -115.4486903517033 34.216170565571424, -117.52037235840272 37.05218574171023, -116.74999999999999 37.299106867209176))"
15C,2019-11-20 21:55:00+00:00,2019-11-20 23:55:00+00:00,0.0,37000.0,"POLYGON ((-96.61464996668805 36.19717157515946, -97.63423636974137 32.86859529160735, -99.07114236049313 32.47753989378691, -100.52013810175549 33.90866967949095, -99.44384175109117 35.986284371093056, -96.61464996668805 36.19717157515946))"
35W,2019-11-20 21:55:00+00:00,2019-11-20 23:55:00+00:00,0.0,35000.0,"POLYGON ((-110.5653309159267 35.52088907406685, -110.91009192140568 33.80706227448634, -114.67584814145508 32.92368203182003, -114.47 34.77, -110.5653309159267 35.52088907406685))"
36W,2019-11-20 21:55:00+00:00,2019-11-20 23:55:00+00:00,0.0,28000.0,"POLYGON ((-116.34839535446096 37.567852070941534, -114.76220893576343 36.84786958947697, -113.90735798032703 34.95970670843372, -116.30550756715276 34.49249253115523, -117.62346893460006 36.09095110538684, -116.34839535446096 37.567852070941534))"
34W,2019-11-20 21:55:00+00:00,2019-11-20 23:55:00+00:00,0.0,27000.0,"POLYGON ((-116.74571217528091 34.564384629017745, -115.7810380957785 32.86089651328778, -117.78675280992375 32.308204980167936, -118.85712330618976 34.28218534500093, -116.74571217528091 34.564384629017745))"
16C,2019-11-20 21:55:00+00:00,2019-11-20 23:55:00+00:00,0.0,33000.0,"POLYGON ((-100.54550288341603 32.478142307055975, -101.04541459660122 30.85748875672594, -102.59613570733227 30.14803577570539, -103.82149244816989 30.567069491988146, -102.25534037490101 32.14354938943309, -100.54550288341603 32.478142307055975))"
UNIFORM 5,2019-11-20 22:19:00+00:00,2019-11-21 02:20:00+00:00,0.0,54000.0,"POLYGON ((-178.5 8, 176.4 3.3, -170.3 5, -178.5 8))"
18C,2019-11-20 22:55:00+00:00,2019-11-21 00:55:00+00:00,0.0,28000.0,"POLYGON ((-100.90186994288315 32.29143819321554, -100.03820031715198 31.016420160068012, -102.433994757914 30.478289694691373, -103.05435652025007 31.103683594920987, -102.26495698803498 31.85627308344183, -100.90186994288315 32.29143819321554))"
39W,2019-11-20 22:55:00+00:00,2019-11-21 00:55:00+00:00,0.0,31000.0,"POLYGON ((-114.98535131990651 37.77792924999605, -114.33661019839288 36.077183985203185, -115.39495561877887 35.618655598599794, -116.5128910716843 36.33864948947587, -116.34839535446096 37.567852070941534, -114.98535131990651 37.77792924999605))"
37W,2019-11-20 22:55:00+00:00,2019-11-21 00:55:00+00:00,0.0,27000.0,"POLYGON ((-116.61449243284726 34.49249253115523, -115.58926138761086 32.7661130529657, -117.38093087509715 32.47249970366556, -118.353128427218 34.08368100175722, -116.61449243284726 34.49249253115523))"
17C,2019-11-20 22:55:00+00:00,2019-11-21 00:55:00+00:00,0.0,45000.0,"POLYGON ((-97.56100263695303 36.349463096732606, -96.56203090360304 33.035066262352245, -98.05693125775515 31.934211071424663, -100.29 34.37, -99.47207712883811 35.53790741655854, -97.56100263695303 36.349463096732606))"
38W,2019-11-20 22:55:00+00:00,2019-11-21 00:55:00+00:00,0.0,34000.0,"POLYGON ((-113.41408254138885 35.722161615039376, -110.1490748132186 34.836960280432116, -112.44584794289418 32.090733234499716, -114.91729807533602 32.65895023154708, -113.41408254138885 35.722161615039376))"
CHARLIE 14,2019-11-20 23:30:00+00:00,2019-11-21 03:30:00+00:00,0.0,45000.0,"POLYGON ((-50 38.3, -60.45 25.3, -64.15 27, -60.3 34, -53.45 38.3, -50 38.3))"
19C,2019-11-20 23:55:00+00:00,2019-11-21 01:55:00+00:00,0.0,38000.0,"POLYGON ((-97.34607601997946 36.53962901044764, -96.05031938813546 33.68959575429802, -97.76990830639855 32.61321286290881, -99.5723277770109 34.95611303170029, -98.87029483912617 36.02789876757129, -97.34607601997946 36.53962901044764))"
41W,2019-11-20 23:55:00+00:00,2019-11-21 01:55:00+00:00,0.0,33000.0,"POLYGON ((-114.29392028040047 35.36298246508752, -110.61207680801763 35.123521771002665, -111.10250506098464 33.10828635712346, -113.8085825960942 32.767512318614735, -114.29392028040047 35.36298246508752))"
42W,2019-11-20 23:55:00+00:00,2019-11-21 01:55:00+00:00,0.0,32000.0,"POLYGON ((-116.26708381321116 37.72125799224833, -114.39 37.584524177054426, -113.54 36.119106867209176, -115.36585205788977 36.07982399426568, -116.26708381321116 37.72125799224833))"
20C,2019-11-20 23:55:00+00:00,2019-11-21 01:55:00+00:00,0.0,26000.0,"POLYGON ((-100.49177322296119 32.25712182242798, -99.98153002033808 31.20317389669552, -101.38528215986989 31.034656451369376, -102.19 31.720858121158212, -100.49177322296119 32.25712182242798))"
40W,2019-11-20 23:55:00+00:00,2019-11-21 01:55:00+00:00,0.0,27000.0,"POLYGON ((-116.2933060062558 33.897060808331815, -115.96158243205016 33.22914299841579, -117.05804657548201 32.779882545634216, -117.62772913173767 33.65077193393473, -116.2933060062558 33.897060808331815))"
1C,2019-11-21 00:55:00+00:00,2019-11-21 02:55:00+00:00,0.0,38000.0,"POLYGON ((-96.84194445957378 37.15948780915211, -95.31963905796361 33.92690057630494, -97.2380806494726 32.86984391931344, -98.62047221075267 35.39570882242333, -98.49392398002054 36.53962901044764, -96.84194445957378 37.15948780915211))"
1W,2019-11-21 00:55:00+00:00,2019-11-21 02:55:00+00:00,0.0,33000.0,"POLYGON ((-112.72137224774501 35.61723120916539, -110.36697101291496 35.412153514517875, -110.5466069225867 32.22681463651934, -112.99749397305969 32.60267387240926, -112.72137224774501 35.61723120916539))"
2C,2019-11-21 00:55:00+00:00,2019-11-21 02:55:00+00:00,0.0,35000.0,"POLYGON ((-100.3469475418594 32.88797176922415, -98.2148777297038 31.988470197374934, -99.6279638327521 30.199160574723766, -101.23049976398207 29.52518385684876, -102.46957207531297 29.880467546353547, -100.3469475418594 32.88797176922415))"
2W,2019-11-21 00:55:00+00:00,2019-11-21 02:55:00+00:00,0.0,32000.0,"POLYGON ((-114.00112038642129 37.94267585692726, -113.26592619044116 36.15395492713298, -114.8299360658858 35.96889746295603, -116.33103369333807 37.60066524819385, -114.00112038642129 37.94267585692726))"
3W,2019-11-21 01:55:00+00:00,2019-11-21 03:55:00+00:00,0.0,38000.0,"POLYGON ((-109.93014929765631 35.76274790773321, -110.49176797974845 32.452235126798094, -112.47294983674551 32.50694566990461, -112.78607971959956 35.36298246508752, -109.93014929765631 35.76274790773321))"
3C,2019-11-21 01:55:00+00:00,2019-11-21 03:55:00+00:00,0.0,39000.0,"POLYGON ((-96.97024754395446 33.80913949721411, -98.36563244946463 31.092931871627066, -99.69180096064252 30.332804887914524, -101.59688671760676 30.073039210163714, -98.95855274603603 33.6827687637044, -96.97024754395446 33.80913949721411))"
4C,2019-11-21 02:55:00+00:00,2019-11-21 04:55:00+00:00,0.0,38000.0,"POLYGON ((-95.39566509224406 34.08086945155923, -98.744340660057 30.977576653494896, -100.78640376847284 30.59642894582137, -98.16610697677672 33.6363505270807, -95.39566509224406 34.08086945155923))"
6C,2019-11-21 02:55:00+00:00,2019-11-21 04:55:00+00:00,0.0,33000.0,"POLYGON ((-95.46458859567758 37.94762798906191, -93.90865848378047 37.167589140200334, -96.22538701271631 35.84628842029848, -96.88721950522428 36.34555633780301, -95.46458859567758 37.94762798906191))"
5C,2019-11-21 02:55:00+00:00,2019-11-21 04:55:00+00:00,0.0,31000.0,"POLYGON ((-90.24980957174483 43.90188024953338, -89.84549655912534 41.62083347415383, -92.7623148042879 41.43658816881988, -93.33 42.42452417705443, -90.24980957174483 43.90188024953338))"
4W,2019-11-21 02:55:00+00:00,2019-11-21 04:55:00+00:00,0.0,38000.0,"POLYGON ((-109.78368787925523 35.879260345684685, -109.63972173113343 33.03795717824705, -111.45319241291699 31.90784060250019, -111.61297454813061 35.05728797171954, -109.78368787925523 35.879260345684685))"
CHARLIE 15,2019-11-21 03:10:00+00:00,2019-11-21 07:10:00+00:00,0.0,47000.0,"POLYGON ((-58.3 35, -53.3 35, -59.15 25.45, -62.15 25.45, -63.3 29, -58.3 35))"
7C,2019-11-21 03:55:00+00:00,2019-11-21 05:55:00+00:00,0.0,38000.0,"POLYGON ((-93.98223109754515 35.15437724078143, -95.05376835309352 33.03445552378545, -98.10562910184912 32.36312409063965, -97.98804611641441 33.988534277029245, -93.98223109754515 35.15437724078143))"
8C,2019-11-21 03:55:00+00:00,2019-11-21 05:55:00+00:00,0.0,31000.0,"POLYGON ((-89.84806828587296 43.70367112890527, -89.59 41.82547582294556, -91.61 41.02089313279083, -92.07506109952874 42.70111697496717, -89.84806828587296 43.70367112890527))"
5W,2019-11-21 03:55:00+00:00,2019-11-21 05:55:00+00:00,0.0,38000.0,"POLYGON ((-109.78368787925523 35.879260345684685, -109.14 33.42178626558165, -111.45319241291699 31.90784060250019, -112.02000000000001 34.09547582294557, -109.78368787925523 35.879260345684685))"
6W,2019-11-21 04:55:00+00:00,2019-11-21 06:55:00+00:00,0.0,31000.0,"POLYGON ((-110.0512374534351 34.8030306120805, -108.90717284276955 34.88089439986366, -109.26 33.26821373441836, -111.32501244560481 31.746401158865154, -111.46626009269494 33.619770289016145, -110.0512374534351 34.8030306120805))"
9C,2019-11-21 04:55:00+00:00,2019-11-21 06:55:00+00:00,0.0,38000.0,"POLYGON ((-93.7709387810133 34.98006373027597, -94.19246079897465 33.40771264906559, -96.88087533899885 32.92522419044186, -96.2758137263662 34.44008408108652, -93.7709387810133 34.98006373027597))"
11C,2019-11-21 05:55:00+00:00,2019-11-21 07:55:00+00:00,,,"POLYGON ((-96.33631002819912 40.30604869617517, -97.42911411807876 39.08173368755652, -97.4339697290505 39.0758574346163, -97.61726068772894 38.83597519669235, -97.27990634630848 38.94855320534029, -96.18710225642884 40.17286821395894, -97.45834169401517 38.71454722035656, -97.27505073533673 38.95442945828051, -96.33631002819912 40.30604869617517))"
12C,2019-11-21 05:55:00+00:00,2019-11-21 07:55:00+00:00,0.0,30000.0,"POLYGON ((-95.53149759750342 39.03264914438195, -95.44113868723264 37.62087097863539, -96.24374090381653 37.15542335847199, -96.73838287729184 37.74700775021389, -96.44088287444356 38.54205367350181, -95.53149759750342 39.03264914438195))"
10C,2019-11-21 05:55:00+00:00,2019-11-21 07:55:00+00:00,0.0,35000.0,"POLYGON ((-93.56066074853938 35.38792688560624, -94.23029408149134 33.56522170415989, -95.38446127126005 32.63971051897004, -95.78000000000002 34.41628718173732, -93.56066074853938 35.38792688560624))"
7W,2019-11-21 05:55:00+00:00,2019-11-21 07:55:00+00:00,0.0,28000.0,"POLYGON ((-109.84101000814843 34.41800034518938, -109.38724442398623 34.21529689691285, -109.26 32.992854697104484, -110.23604668935798 33.08406961333196, -109.84101000814843 34.41800034518938))"
CHARLIE 16,2019-11-21 06:45:00+00:00,2019-11-21 10:45:00+00:00,0.0,47000.0,"POLYGON ((-58.15 34.25, -54.25 32.4, -61.45 25.45, -64.55 25.3, -58.15 34.25))"
13C,2019-11-21 06:55:00+00:00,2019-11-21 08:55:00+00:00,0.0,35000.0,"POLYGON ((-96.0085730018439 40.263492177059966, -94.74 39.29, -94.93735259738776 37.91622702658611, -96.41967128547165 37.36229953977741, -97.87851441042027 37.984905333503725, -96.0085730018439 40.263492177059966))"
14C,2019-11-21 07:55:00+00:00,2019-11-21 09:55:00+00:00,0.0,37000.0,"POLYGON ((-95.44838619767886 40.63536606076548, -94.74 40.15742563652536, -94.87227790079513 39.39215231110047, -96.906328527342 37.52678068640859, -97.45088977866443 37.647702447855806, -95.44838619767886 40.63536606076548))"
15C,2019-11-21 08:55:00+00:00,2019-11-21 10:55:00+00:00,0.0,35000.0,"POLYGON ((-94.74 40.01285469710447, -93.34631948814337 40.12754001918577, -94.99921088405705 38.10292380431452, -97.06568436773385 37.33997149550803, -94.74 40.01285469710447))"
16C,2019-11-21 09:55:00+00:00,2019-11-21 11:55:00+00:00,0.0,33000.0,"POLYGON ((-93.05399765492704 40.48199856281222, -92.81992444986113 38.33789878705725, -96.0940458238549 37.86249922665505, -93.05399765492704 40.48199856281222))"
CHARLIE 17,2019-11-21 10:20:00+00:00,2019-11-21 14:20:00+00:00,0.0,50000.0,"POLYGON ((-59.4 30.5, -56.5 30.35, -57.45 24.15, -62 25.55, -59.4 30.5))"
17C,2019-11-21 10:55:00+00:00,2019-11-21 12:55:00+00:00,0.0,35000.0,"POLYGON ((-92.18707220960734 40.435984778395145, -91.88896360165991 40.349189793754064, -92.90349995239337 38.5867063524257, -94.6599964620208 38.21455242195676, -92.18707220960734 40.435984778395145))"
18C,2019-11-21 11:55:00+00:00,2019-11-21 13:55:00+00:00,0.0,35000.0,"POLYGON ((-93.87001021324129 33.91053791343498, -93.08578345603873 33.259521490538454, -93.7441046153811 32.9035488910513, -94.23008924177017 33.454572129556595, -93.87001021324129 33.91053791343498))"
19C,2019-11-21 12:55:00+00:00,2019-11-21 14:55:00+00:00,0.0,35000.0,"POLYGON ((-93.45332128745908 34.019610033334494, -92.37194582516172 33.56613958080594, -92.74 32.97085812115821, -93.74920707290565 33.6202365459665, -93.45332128745908 34.019610033334494))"
20C,2019-11-21 13:55:00+00:00,2019-11-21 15:55:00+00:00,0.0,35000.0,"POLYGON ((-92.4874126414713 34.064793788121676, -91.39029749032743 33.8370566438334, -91.76023416735974 32.75497176625328, -92.59950269763253 33.142280361292904, -92.4874126414713 34.064793788121676))"
1W,2019-11-21 13:55:00+00:00,2019-11-21 15:55:00+00:00,0.0,30000.0,"POLYGON ((-110.17210102566382 32.58505766851082, -109.85027479035762 32.26862734526919, -110.08313843673078 31.391467531074888, -110.91 31.26815522131804, -110.91 32.432737911472785, -110.17210102566382 32.58505766851082))"
CHARLIE 18,2019-11-21 14:20:00+00:00,2019-11-21 18:20:00+00:00,0.0,40000.0,"POLYGON ((-59 31.45, -55.45 30.45, -57.15 24.15, -60.15 25.3, -59 31.45))"
9W,2019-11-21 14:55:00+00:00,2019-11-21 16:55:00+00:00,0.0,30000.0,"POLYGON ((-109.33300987113448 32.91661792715191, -109.18699012886553 32.77994958821524, -110.51280050430299 31.363421877224454, -110.65882024657193 31.500090216161126, -109.33300987113448 32.91661792715191))"
10W,2019-11-21 15:55:00+00:00,2019-11-21 17:55:00+00:00,0.0,30000.0,"POLYGON ((-108.7598879982959 33.53809666404702, -108.59147748591108 33.43021756821152, -109.33385625095433 32.271286940954674, -109.50226676333914 32.379166036790174, -108.7598879982959 33.53809666404702))"
21C,2019-11-21 16:55:00+00:00,2019-11-21 18:55:00+00:00,0.0,41000.0,"POLYGON ((-98.59748366515548 33.72817769883817, -98.05202911970095 33.72817769883817, -98.05202911970095 33.18272315338362, -98.59748366515548 33.18272315338362, -98.59748366515548 33.72817769883817))"
11W,2019-11-21 16:55:00+00:00,2019-11-21 18:55:00+00:00,0.0,30000.0,"POLYGON ((-108.41683747844817 33.287669865353905, -108.21827776343491 33.26371074237633, -108.37330261874372 31.978952067406993, -108.57186233375698 32.00291119038456, -108.41683747844817 33.287669865353905))"
12W,2019-11-21 17:55:00+00:00,2019-11-21 19:55:00+00:00,0.0,31000.0,"POLYGON ((-106.82 34.20815522131804, -106.35860734962722 34.11689442957199, -107.38522263096903 31.818686142728733, -108.163718281165 31.80822845687134, -106.82 34.20815522131804))"
22C,2019-11-21 17:55:00+00:00,2019-11-21 19:55:00+00:00,0.0,37000.0,"POLYGON ((-98.38039884087794 34.095811033727074, -97.83494429542341 34.095811033727074, -97.83494429542341 33.55035648827253, -98.38039884087794 33.55035648827253, -98.38039884087794 34.095811033727074))"
23C,2019-11-21 18:55:00+00:00,2019-11-21 20:55:00+00:00,0.0,37000.0,"POLYGON ((-97.94798990248852 34.7747709384696, -97.03889899339761 34.7747709384696, -97.03889899339761 33.865680029378694, -97.94798990248852 33.865680029378694, -97.94798990248852 34.7747709384696))"
13W,2019-11-21 18:55:00+00:00,2019-11-21 20:55:00+00:00,0.0,31000.0,"POLYGON ((-107.38052686726616 33.10909433637024, -106.65325413999344 33.10909433637024, -106.65325413999344 32.38182160909751, -107.38052686726616 32.38182160909751, -107.38052686726616 33.10909433637024))"
24C,2019-11-21 19:55:00+00:00,2019-11-21 21:55:00+00:00,0.0,38000.0,"POLYGON ((-97.26387884865196 35.65741962108764, -96.38608305984214 34.26124179649184, -96.55539953383463 34.15479025054369, -97.43319532264445 35.550968075139494, -97.26387884865196 35.65741962108764))"
14W,2019-11-21 19:55:00+00:00,2019-11-21 21:55:00+00:00,0.0,27000.0,"POLYGON ((-106.04774766460348 34.35492888231258, -105.85937995175233 34.28771575297594, -106.51375399598784 32.453804086038915, -106.70212170883899 32.52101721537555, -106.04774766460348 34.35492888231258))"
25C,2019-11-21 20:55:00+00:00,2019-11-21 22:55:00+00:00,0.0,38000.0,"POLYGON ((-97.26387884865196 35.65741962108764, -96.38608305984214 34.26124179649184, -96.55539953383463 34.15479025054369, -97.43319532264445 35.550968075139494, -97.26387884865196 35.65741962108764))"
15W,2019-11-21 20:55:00+00:00,2019-11-21 22:55:00+00:00,0.0,27000.0,"POLYGON ((-105.34742733230425 33.610190981096785, -105.17484731828327 33.50911606452242, -106.19370999298951 31.76946254171282, -106.36629000701049 31.87053745828718, -105.34742733230425 33.610190981096785))"
27C,2019-11-21 21:55:00+00:00,2019-11-21 23:55:00+00:00,0.0,39000.0,"POLYGON ((-94.07000000000001 34.50821373441834, -93.11095916581856 34.35812375537841, -94.17507087465457 32.64213722871149, -95.26714806626936 33.504242729874754, -94.07000000000001 34.50821373441834))"
28C,2019-11-21 21:55:00+00:00,2019-11-21 23:55:00+00:00,0.0,37000.0,"POLYGON ((-96.56381691019786 32.703122937839986, -95.32056182797831 31.669742553949188, -96.4356928376416 30.94169423303859, -96.80008339601204 31.493164173231474, -96.56381691019786 32.703122937839986))"
26C,2019-11-21 21:55:00+00:00,2019-11-21 23:55:00+00:00,0.0,43000.0,"POLYGON ((-96.07545238555085 36.533769656215874, -95.48264042515254 34.47682850775763, -95.67481848484857 34.42144264880909, -96.26763044524688 36.478383797267334, -96.07545238555085 36.533769656215874))"
17W,2019-11-21 21:55:00+00:00,2019-11-21 23:55:00+00:00,0.0,33000.0,"POLYGON ((-112.48 34.41085812115821, -112.02000000000001 33.86371281826268, -112.08619059198524 33.29641628318709, -113.8033001926148 33.0441050862419, -112.48 34.41085812115821))"
16W,2019-11-21 21:55:00+00:00,2019-11-21 23:55:00+00:00,0.0,27000.0,"POLYGON ((-104.70912012741456 34.10821550496337, -104.53087987258544 34.017493889245586, -105.5606113082876 31.994386253287434, -105.73885156311673 32.08510786900522, -104.70912012741456 34.10821550496337))"
31C,2019-11-21 22:55:00+00:00,2019-11-22 00:55:00+00:00,0.0,35000.0,"POLYGON ((-95.59278718736687 33.123042573428044, -95.27265101082203 31.629382887404784, -96.01201045773757 31.208160016832483, -96.34427913734362 32.279868995944135, -95.59278718736687 33.123042573428044))"
30C,2019-11-21 22:55:00+00:00,2019-11-22 00:55:00+00:00,0.0,40000.0,"POLYGON ((-93.3938070678112 34.67398381205481, -92.02572922923206 34.372492966763645, -93.91782291769275 33.202497150006344, -94.6242549929556 33.69976654940333, -93.3938070678112 34.67398381205481))"
19W,2019-11-21 22:55:00+00:00,2019-11-22 00:55:00+00:00,0.0,32000.0,"POLYGON ((-112.0525501917757 34.346330933610005, -110.91 32.765475822945575, -111.82037864368789 32.4150791680363, -113.6114680138436 33.589610654752754, -112.0525501917757 34.346330933610005))"
18W,2019-11-21 22:55:00+00:00,2019-11-22 00:55:00+00:00,0.0,33000.0,"POLYGON ((-103.98584482045804 34.41086199811254, -103.69671854591974 33.65492043788262, -105.31936818872452 32.74983416596098, -104.92701339274186 33.95444245627896, -103.98584482045804 34.41086199811254))"
29C,2019-11-21 22:55:00+00:00,2019-11-22 00:55:00+00:00,0.0,40000.0,"POLYGON ((-95.13070169130174 37.0264136791593, -94.27 35.39, -95.12722502915673 35.069557281536504, -96.12056709504405 36.08889546878612, -96.0349109821259 36.88044258894444, -95.13070169130174 37.0264136791593))"
33C,2019-11-21 23:55:00+00:00,2019-11-22 01:55:00+00:00,0.0,39000.0,"POLYGON ((-91.77370414309638 36.107180886248464, -91.24904083418144 34.35812375537841, -93.16377423689697 33.61220381536558, -93.60687825211451 34.43136999957722, -91.77370414309638 36.107180886248464))"
34C,2019-11-21 23:55:00+00:00,2019-11-22 01:55:00+00:00,0.0,39000.0,"POLYGON ((-95.63644427163892 34.967556319267224, -94.43814721203358 33.38212208118899, -95.31037583012738 32.88932345993607, -96.42430585506919 34.46241227482925, -95.63644427163892 34.967556319267224))"
32C,2019-11-21 23:55:00+00:00,2019-11-22 01:55:00+00:00,0.0,40000.0,"POLYGON ((-93.77194118235272 37.00625442718976, -93.5134530208099 35.642310891519315, -95.21034843262198 35.728036976477895, -96.82079849392771 36.19558065903491, -93.77194118235272 37.00625442718976))"
20W,2019-11-21 23:55:00+00:00,2019-11-22 01:55:00+00:00,0.0,33000.0,"POLYGON ((-103.34922471414033 35.38419596113712, -103.10682350417613 33.96544492870998, -104.35671304597048 32.8054573396795, -104.55387754359174 33.20641634318171, -103.34922471414033 35.38419596113712))"
21W,2019-11-21 23:55:00+00:00,2019-11-22 01:55:00+00:00,0.0,35000.0,"POLYGON ((-111.83189606266976 34.47698341148857, -110.91 32.822854697104475, -111.39487878419447 32.50798543448448, -112.66180689181944 33.64964788230482, -111.83189606266976 34.47698341148857))"
2C,2019-11-22 00:55:00+00:00,2019-11-22 02:55:00+00:00,0.0,39000.0,"POLYGON ((-91.52899808448849 35.63804157700413, -91.24904083418144 34.35812375537841, -93.9290999330658 33.39227960751684, -94.99511292242823 33.82489832260137, -91.52899808448849 35.63804157700413))"
2W,2019-11-22 00:55:00+00:00,2019-11-22 02:55:00+00:00,0.0,27000.0,"POLYGON ((-111.65121815648351 33.736136066392845, -110.91 32.96742563652537, -112.02000000000001 32.707145302895526, -112.02 33.43, -111.65121815648351 33.736136066392845))"
1C,2019-11-22 00:55:00+00:00,2019-11-22 02:55:00+00:00,0.0,41000.0,"POLYGON ((-93.33 37.36, -91.93776895528846 35.77399026528881, -95.64560364783542 34.58279374529244, -96.94276588653378 35.6195213430634, -96.04402730147034 36.40418606498418, -93.33 37.36))"
1W,2019-11-22 00:55:00+00:00,2019-11-22 02:55:00+00:00,0.0,30000.0,"POLYGON ((-102.4609738147084 35.56385412764025, -102.51629035274091 34.388923171608894, -103.66438854960539 33.004388337329445, -103.6 34.89085812115821, -102.4609738147084 35.56385412764025))"
3W,2019-11-22 01:55:00+00:00,2019-11-22 03:55:00+00:00,0.0,27000.0,"POLYGON ((-111.28114030895178 33.682477726775154, -110.73740056966821 32.97772512701003, -111.71698477889521 32.814811521253475, -111.94384697019305 33.276271849007834, -111.28114030895178 33.682477726775154))"
3C,2019-11-22 01:55:00+00:00,2019-11-22 03:55:00+00:00,0.0,41000.0,"POLYGON ((-92.4205921315646 37.35651890923695, -89.81645885320707 36.1849524742203, -90.35308276629165 34.71274719411405, -92.18 34.10171624231643, -93.73821185133916 36.55607561742066, -92.4205921315646 37.35651890923695))"
4C,2019-11-22 01:55:00+00:00,2019-11-22 03:55:00+00:00,0.0,39000.0,"POLYGON ((-94.39631033135406 36.78394766071521, -94.39079292709435 33.6202365459665, -96.2423934521241 33.14409540790052, -96.4275789745833 36.709449003595914, -94.39631033135406 36.78394766071521))"
5C,2019-11-22 01:55:00+00:00,2019-11-22 03:55:00+00:00,0.0,31000.0,"POLYGON ((-101.64 35.86828375768358, -101.91 34.133712818262694, -103.23897814631708 33.69795301954497, -102.89249796553237 35.17794293723898, -101.64 35.86828375768358))"
7C,2019-11-22 02:55:00+00:00,2019-11-22 04:55:00+00:00,0.0,42000.0,"POLYGON ((-94.1008871159077 37.10282846638978, -93.78704673711187 33.744959830582474, -96.73466284966891 33.48444916676013, -96.10809675674936 36.81439993308308, -94.1008871159077 37.10282846638978))"
6C,2019-11-22 02:55:00+00:00,2019-11-22 04:55:00+00:00,0.0,39000.0,"POLYGON ((-91.58110626214004 37.216607091004114, -90.08260542035002 36.27225553280849, -90.26812548498647 35.25494108293, -92.18 34.68, -93.6803850755142 36.60211901382818, -91.58110626214004 37.216607091004114))"
8C,2019-11-22 02:55:00+00:00,2019-11-22 04:55:00+00:00,0.0,27000.0,"POLYGON ((-101.64 35.789106867209185, -100.86332317628079 34.839228059388795, -103.52093908231348 32.953155243351134, -101.64 35.789106867209185))"
9C,2019-11-22 03:55:00+00:00,2019-11-22 05:55:00+00:00,0.0,43000.0,"POLYGON ((-92.36721343452265 37.03775803263106, -90.80460249689745 35.99227149758976, -92.18 34.68, -94.80954859806074 33.762471068875364, -95.78 34.85, -92.36721343452265 37.03775803263106))"
10C,2019-11-22 03:55:00+00:00,2019-11-22 05:55:00+00:00,0.0,31000.0,"POLYGON ((-100.97 36.37452417705443, -98.82162189938563 34.45089793170983, -101.82696595219117 32.13681644489905, -102.2817631287848 34.30772979278121, -100.97 36.37452417705443))"
11C,2019-11-22 04:55:00+00:00,2019-11-22 06:55:00+00:00,0.0,43000.0,"POLYGON ((-91.58110626214004 37.216607091004114, -89.90529588619165 36.489143741459884, -92.18 34.68, -94.07000000000001 34.17547582294556, -95.78 34.85, -91.58110626214004 37.216607091004114))"
12C,2019-11-22 04:55:00+00:00,2019-11-22 06:55:00+00:00,0.0,33000.0,"POLYGON ((-100.54137229480564 36.11687635938062, -97.72525359796236 35.2977082344295, -102.55046738444997 31.702808819711098, -101.91 33.7, -100.54137229480564 36.11687635938062))"
15C,2019-11-22 05:55:00+00:00,2019-11-22 07:55:00+00:00,0.0,36000.0,"POLYGON ((-87.95997185477532 35.631330221950975, -87.17787246999931 35.32442246262075, -87.79752155618463 34.09479335616299, -88.8175566141436 34.10444029904697, -87.95997185477532 35.631330221950975))"
13C,2019-11-22 05:55:00+00:00,2019-11-22 07:55:00+00:00,0.0,31000.0,"POLYGON ((-98.68086142904241 36.092918688610936, -97.54228606704537 34.33677116938881, -101.7721848025133 32.36223752213527, -101.7954113092049 34.98249073929103, -98.68086142904241 36.092918688610936))"
14C,2019-11-22 05:55:00+00:00,2019-11-22 07:55:00+00:00,0.0,40000.0,"POLYGON ((-91.1431926798978 37.666479699286946, -89.67748809830222 36.0194695471484, -91.69175937965615 34.84500193995287, -95.28418627363382 34.44008408108652, -95.53024225536493 35.05419910917019, -91.1431926798978 37.666479699286946))"
ROMEO 1,2019-11-22 06:06:00+00:00,2019-11-22 10:05:00+00:00,0.0,54000.0,"POLYGON ((138.2 7.4, 141.1 3.2, 134.3 7.1, 138.2 7.4))"
17C,2019-11-22 06:55:00+00:00,2019-11-22 08:55:00+00:00,0.0,40000.0,"POLYGON ((-89.78200194805115 38.022076423105574, -88.49723748604505 36.01719017602668, -91.24185628176748 34.994743677922806, -94.6568185671898 34.62085722434349, -94.55566184238259 35.896286975798326, -89.78200194805115 38.022076423105574))"
18C,2019-11-22 06:55:00+00:00,2019-11-22 08:55:00+00:00,0.0,35000.0,"POLYGON ((-89.08083551712762 35.35318932654697, -88.88085798462568 35.350191578319766, -88.9026503988498 33.89643599462413, -89.10262793135175 33.89943374285133, -89.08083551712762 35.35318932654697))"
16C,2019-11-22 06:55:00+00:00,2019-11-22 08:55:00+00:00,0.0,31000.0,"POLYGON ((-98.17318625490233 36.145278499114376, -96.79779992786153 34.51611976028169, -100.12390784207541 33.01398950164118, -100.29 34.94828375768358, -98.17318625490233 36.145278499114376))"
19C,2019-11-22 06:55:00+00:00,2019-11-22 08:55:00+00:00,0.0,33000.0,"POLYGON ((-98.09433439972645 27.898454865879213, -97.44 27.032574363474634, -99.17175324671418 26.94551557375029, -98.81657875416015 27.699998215770908, -98.09433439972645 27.898454865879213))"
SIERRA 1,2019-11-22 07:42:00+00:00,2019-11-22 11:40:00+00:00,0.0,53000.0,"POLYGON ((171 9.4, 176.5 6.4, 169 3.4, 171 9.4))"
21C,2019-11-22 07:55:00+00:00,2019-11-22 09:55:00+00:00,0.0,39000.0,"POLYGON ((-89.45060346902402 37.92210618444479, -88.37365338896903 35.697943967210314, -90.58943840859177 35.01847672938205, -93.60687825211451 34.43136999957722, -93.68433815761743 35.896286975798326, -89.45060346902402 37.92210618444479))"
20C,2019-11-22 07:55:00+00:00,2019-11-22 09:55:00+00:00,0.0,30000.0,"POLYGON ((-96.88721950522428 36.34555633780301, -96.3405839307435 34.65771311087037, -98.02558437379773 33.51814707253503, -99.86 33.14547582294556, -99.41128249217098 35.41685161315762, -96.88721950522428 36.34555633780301))"
23C,2019-11-22 08:55:00+00:00,2019-11-22 10:55:00+00:00,0.0,36000.0,"POLYGON ((-89.64894960346336 37.47757326509065, -88.37365338896903 35.697943967210314, -92.73943886321831 34.48772123099778, -93.50111052195068 36.24840607562531, -89.64894960346336 37.47757326509065))"
22C,2019-11-22 08:55:00+00:00,2019-11-22 10:55:00+00:00,0.0,28000.0,"POLYGON ((-95.79 36.2, -95.37454609003497 34.84932725030065, -97.2468467065039 34.056271153794164, -98.79065334543353 33.989837139728266, -98.49111504279104 36.15763997556041, -95.79 36.2))"
24C,2019-11-22 08:55:00+00:00,2019-11-22 10:55:00+00:00,0.0,32000.0,"POLYGON ((-97.88544553354366 33.39978538573632, -96.73466284966891 33.48444916676013, -97.45853024888417 32.51638078898611, -98.87393805654176 32.47615613789508, -97.88544553354366 33.39978538573632))"
TANGO 1,2019-11-22 09:05:00+00:00,2019-11-22 13:05:00+00:00,0.0,35000.0,"POLYGON ((-154.4 22.3, -153.3 20.5, -163.1 21.5, -154.4 22.3))"
ROMEO 2,2019-11-22 09:42:00+00:00,2019-11-22 13:45:00+00:00,0.0,35000.0,"POLYGON ((139.1 8, 140.1 3.3, 133.4 3.3, 133.4 7.4, 139.1 8))"
26C,2019-11-22 09:55:00+00:00,2019-11-22 11:55:00+00:00,0.0,33000.0,"POLYGON ((-90.37784694496806 36.29964101366536, -87.43883896411941 35.88293715542125, -87.45529129684807 33.85975904923094, -91.77538022545181 34.679331498059085, -90.37784694496806 36.29964101366536))"
25C,2019-11-22 09:55:00+00:00,2019-11-22 11:55:00+00:00,0.0,30000.0,"POLYGON ((-97.50687459873315 36.34928898651502, -94.94517724369466 36.24716639307991, -94.8438734374506 34.918078013398485, -96.61115005827507 34.399733526641995, -98.16257133267322 34.34218367663692, -97.50687459873315 36.34928898651502))"
27C,2019-11-22 09:55:00+00:00,2019-11-22 11:55:00+00:00,0.0,30000.0,"POLYGON ((-97.30337758229332 33.94279549258572, -96.36510119479414 33.93074439569167, -97.33509174129547 31.793549616157122, -99.01838652036086 31.761606542107224, -97.30337758229332 33.94279549258572))"
30C,2019-11-22 10:55:00+00:00,2019-11-22 12:55:00+00:00,0.0,35000.0,"POLYGON ((-95.06832228897655 34.25971971085531, -97.04448137796491 32.12091646371472, -100.03509570923327 31.72225441977049, -97.45371450878784 33.974391913160964, -95.06832228897655 34.25971971085531))"
28C,2019-11-22 10:55:00+00:00,2019-11-22 12:55:00+00:00,0.0,32000.0,"POLYGON ((-94.12 36.25, -94.0198400285355 35.18528775958156, -96.68451550010589 34.37501890770815, -96.77789624485031 35.67384282016477, -94.12 36.25))"
29C,2019-11-22 10:55:00+00:00,2019-11-22 12:55:00+00:00,0.0,35000.0,"POLYGON ((-90.4550655623554 35.94300669737892, -88.78377086043217 36.01880648927114, -89.77831807988862 34.619134527242096, -91.65259354434792 34.678864203471605, -90.4550655623554 35.94300669737892))"
SIERRA 2,2019-11-22 11:38:00+00:00,2019-11-22 15:40:00+00:00,0.0,52000.0,"POLYGON ((168.3 9.4, 174.2 9.3, 174.4 3.4, 166 4, 168.3 9.4))"
UNIFORM 1,2019-11-22 11:41:00+00:00,2019-11-22 15:40:00+00:00,0.0,55000.0,"POLYGON ((143 10.3, 159.5 1.5, 149.2 0, 139.5 7.1, 143 10.3))"
32C,2019-11-22 11:55:00+00:00,2019-11-22 13:55:00+00:00,0.0,39000.0,"POLYGON ((-96.01144957624811 34.388665785407746, -94.45523361308162 34.277929553358355, -96.72714940817545 31.849851312657627, -99.9088440199936 31.559864288047677, -96.01144957624811 34.388665785407746))"
31C,2019-11-22 11:55:00+00:00,2019-11-22 13:55:00+00:00,0.0,27000.0,"POLYGON ((-93.16314483353436 36.56452905517944, -93.33101463122763 35.068029229266116, -96.01144957624811 34.388665785407746, -96.02530920833435 35.73865458811491, -93.16314483353436 36.56452905517944))"
33C,2019-11-22 11:55:00+00:00,2019-11-22 13:55:00+00:00,0.0,40000.0,"POLYGON ((-91.72280372275581 32.630251888252296, -92.85760672276646 30.952823544322086, -94.65543828169105 31.026417760281568, -93.1761940668858 32.54710413625029, -91.72280372275581 32.630251888252296))"
TANGO 2,2019-11-22 12:43:00+00:00,2019-11-22 16:45:00+00:00,0.0,32000.0,"POLYGON ((-163.3 22.1, -153.5 21.5, -161.1 16.3, -163.3 22.1))"
34C,2019-11-22 12:55:00+00:00,2019-11-22 14:55:00+00:00,0.0,43000.0,"POLYGON ((-92.5880221265347 32.709812346999655, -91.25079147532468 32.5175361009145, -92.91132564441557 30.906422997902656, -94.33116448556851 31.1594157937704, -92.5880221265347 32.709812346999655))"
33C,2019-11-22 12:55:00+00:00,2019-11-22 14:55:00+00:00,0.0,38000.0,"POLYGON ((-93.98054722973222 35.62493638310259, -93.12409498489298 34.02793518745835, -98.744340660057 30.977576653494896, -98.57824988205884 32.91917757755634, -93.98054722973222 35.62493638310259))"
36C,2019-11-22 13:55:00+00:00,2019-11-22 15:55:00+00:00,0.0,42000.0,"POLYGON ((-92.1156351686856 32.673682250259965, -90.88842001156488 32.4275446301404, -92.91132564441557 30.906422997902656, -93.63794046927651 31.53747738328739, -92.1156351686856 32.673682250259965))"
35C,2019-11-22 13:55:00+00:00,2019-11-22 15:55:00+00:00,0.0,36000.0,"POLYGON ((-93.04573450558972 35.38279149165402, -92.02572922923206 34.372492966763645, -96.48269292108023 32.39820072692072, -96.32354862438002 33.501242658677754, -93.04573450558972 35.38279149165402))"
40C,2019-11-22 14:55:00+00:00,2019-11-22 16:55:00+00:00,,,"POLYGON ((-92.6282677233012 31.31692748485018, -94.48682450729781 31.17403767597061, -94.56265965842957 31.12935578268774, -95.25481389628105 30.07898626778285, -94.47149332430006 30.97462615466883, -92.61293654030345 31.11751596354841, -95.08781241101978 29.96893853304681, -94.3956581731683 31.0193080479517, -92.6282677233012 31.31692748485018))"
37C,2019-11-22 14:55:00+00:00,2019-11-22 16:55:00+00:00,0.0,34000.0,"POLYGON ((-92.70740645565209 34.678864203471605, -92.18 34.390858121158196, -93.00628787996203 33.79398115313355, -95.2366182987782 32.82797393465297, -94.93693092541906 33.5069808573415, -92.70740645565209 34.678864203471605))"
38C,2019-11-22 14:55:00+00:00,2019-11-22 16:55:00+00:00,0.0,40000.0,"POLYGON ((-91.56391315833402 32.68507839270892, -90.27128284619971 32.42988411568774, -91.65439571701647 31.257232010844838, -92.81286704322126 31.37027093176612, -91.56391315833402 32.68507839270892))"
39C,2019-11-22 14:55:00+00:00,2019-11-22 16:55:00+00:00,0.0,28000.0,"POLYGON ((-97.11600182745764 32.741874789346944, -96.5705472820031 32.741874789346944, -96.5705472820031 32.1964202438924, -97.11600182745764 32.1964202438924, -97.11600182745764 32.741874789346944))"
UNIFORM 2,2019-11-22 14:59:00+00:00,2019-11-22 19:00:00+00:00,0.0,57000.0,"POLYGON ((141.5 10.2, 160 1.5, 149.4 -0.1, 138.2 6.1, 141.5 10.2))"
SIERRA 3,2019-11-22 15:00:00+00:00,2019-11-22 19:00:00+00:00,0.0,54000.0,"POLYGON ((170 11, 176.5 8.4, 170.3 3.4, 167.1 7.4, 170 11))"
43C,2019-11-22 15:55:00+00:00,2019-11-22 17:55:00+00:00,,,"POLYGON ((-92.2434467225573 31.3596281046013, -94.39849327903869 31.25948117488629, -94.475496734703 31.21732983504403, -96.09721119039781 28.92422665295949, -94.3892091205675 31.0596967800966, -92.2341625640861 31.15984370981161, -95.933920120598 28.80874493785432, -94.31220566490319 31.10184811993886, -92.2434467225573 31.3596281046013))"
41C,2019-11-22 15:55:00+00:00,2019-11-22 17:55:00+00:00,0.0,32000.0,"POLYGON ((-92.10243479604172 34.8336803206645, -90.9147676044338 34.6980786917871, -94.29786482300385 33.0486765481525, -94.66859394435299 33.50856061925483, -92.10243479604172 34.8336803206645))"
42C,2019-11-22 15:55:00+00:00,2019-11-22 17:55:00+00:00,0.0,40000.0,"POLYGON ((-89.9685152980986 32.697064011641935, -90.1 32.14085812115821, -92.5 31.549141878841795, -91.56391315833402 32.68507839270892, -89.9685152980986 32.697064011641935))"
TANGO 3,2019-11-22 16:13:00+00:00,2019-11-22 20:15:00+00:00,0.0,44000.0,"POLYGON ((-163.1 21.5, -157.2 21, -162.4 18.3, -163.1 21.5))"
46C,2019-11-22 16:55:00+00:00,2019-11-22 18:55:00+00:00,,,"POLYGON ((-92.15763144640982 31.48561793007526, -92.78128854108647 31.35769642956285, -92.82164926012815 31.33939345899958, -96.11576016074262 28.83941878169493, -92.7411021722701 31.16177538485006, -92.11744507759346 31.28969688536246, -95.99485235384289 28.68010367810868, -92.70074145322842 31.18007835541333, -92.15763144640982 31.48561793007526))"
44C,2019-11-22 16:55:00+00:00,2019-11-22 18:55:00+00:00,0.0,32000.0,"POLYGON ((-91.61797451457622 34.869711043060946, -90.69312198410401 34.429706570272785, -95.11468270533503 32.54680817755604, -95.2072418460442 33.341405152695316, -91.61797451457622 34.869711043060946))"
45C,2019-11-22 16:55:00+00:00,2019-11-22 18:55:00+00:00,0.0,32000.0,"POLYGON ((-89.8572182231937 32.63422145236919, -89.27359992398888 32.21313976840256, -91.0438770681474 31.574244893662467, -90.73142570514487 32.20712486033002, -89.8572182231937 32.63422145236919))"
48C,2019-11-22 17:55:00+00:00,2019-11-22 19:55:00+00:00,,,"POLYGON ((-90.56836036650255 31.50625598274425, -92.56659055814289 31.38115147862773, -92.61956143515928 31.3619264267465, -96.05085250281448 28.84020645871163, -92.55409349590424 31.18154230189629, -90.5558633042639 31.30664680601281, -95.93241368654304 28.67904738574265, -92.50112261888785 31.20076735377752, -90.56836036650255 31.50625598274425))"
47C,2019-11-22 17:55:00+00:00,2019-11-22 19:55:00+00:00,0.0,33300.0,"POLYGON ((-90.79270900075385 34.74066369738246, -90.35308276629165 34.71274719411405, -91.77797067361514 33.58824871345906, -92.93940678869727 33.660539431920625, -90.79270900075385 34.74066369738246))"
SIERRA 4,2019-11-22 18:29:00+00:00,2019-11-22 22:30:00+00:00,0.0,50000.0,"POLYGON ((174.4 14.2, 172 5.5, 167.3 14, 174.4 14.2))"
UNIFORM 3,2019-11-22 18:34:00+00:00,2019-11-22 22:35:00+00:00,0.0,57000.0,"POLYGON ((140.5 7.2, 159.4 3.5, 151.2 1.2, 140.3 5.2, 140.5 7.2))"
49C,2019-11-22 18:55:00+00:00,2019-11-22 20:55:00+00:00,,,"POLYGON ((-90.26775238077317 31.56715588110862, -92.38704102030378 31.40236461695748, -92.43817534460412 31.38348855841537, -96.07505421189514 28.73370031006947, -92.37153625875744 31.20296651674239, -90.25224761922684 31.36775778089352, -95.95728080174813 28.57205432693861, -92.32040193445711 31.22184257528451, -90.26775238077317 31.56715588110862))"
TANGO 4,2019-11-22 19:39:00+00:00,2019-11-22 23:40:00+00:00,0.0,40000.0,"POLYGON ((-163.2 21.5, -157.4 20.5, -163.4 20, -163.2 21.5))"
53C,2019-11-22 19:55:00+00:00,2019-11-22 21:55:00+00:00,,,"POLYGON ((-90.14243590440653 32.35309256997542, -92.45016636319762 31.27157653464873, -92.45566626629864 31.26878907507396, -95.12523871824915 29.81066145004352, -92.36529455438456 31.09047773269576, -90.05756409559346 32.17199376802245, -95.02936710323407 29.63513756724007, -92.35979465128355 31.09326519227052, -90.14243590440653 32.35309256997542))"
50C,2019-11-22 19:55:00+00:00,2019-11-22 21:55:00+00:00,0.0,36000.0,"POLYGON ((-95.7677384547514 30.85575836221146, -95.70483340365433 30.6659085411779, -97.18924776030536 30.174061035365092, -97.25215281140242 30.363910856398654, -95.7677384547514 30.85575836221146))"
51C,2019-11-22 19:55:00+00:00,2019-11-22 21:55:00+00:00,0.0,28000.0,"POLYGON ((-92.59333492467982 32.181009550158414, -92.4521737909973 32.039328449310524, -94.61195127153034 29.887477314406265, -94.75311240521286 30.029158415254148, -92.59333492467982 32.181009550158414))"
52C,2019-11-22 19:55:00+00:00,2019-11-22 21:55:00+00:00,0.0,35000.0,"POLYGON ((-90.64363636363636 33.53449448479458, -89.91636363636364 33.53449448479458, -89.91636363636364 32.807221757521845, -90.64363636363636 32.807221757521845, -90.64363636363636 33.53449448479458))"
57C,2019-11-22 20:55:00+00:00,2019-11-22 22:55:00+00:00,,,"POLYGON ((-90.27079973972904 31.5668719486733, -92.18430588646166 31.35900247330078, -92.09810164257189 31.32526962684593, -91.41890443883179 30.54553824079379, -91.50912510273649 30.57875228604189, -92.98773004029881 30.35723496632652, -92.99204970105467 30.35649067670612, -95.07183606155373 29.95101338039593, -92.16270640700358 31.16017223795631, -90.24920026027097 31.36804171332883, -91.56971344715325 30.41417369835903, -92.24891065089335 31.19390508441117, -92.95809772081087 30.15944233339555, -91.47949278324855 30.38095965311093, -95.03356442055407 29.75470932670576, -92.95377806005501 30.16018662301595, -90.27079973972904 31.5668719486733))"
56C,2019-11-22 20:55:00+00:00,2019-11-22 22:55:00+00:00,0.0,28000.0,"POLYGON ((-89.9739758399087 33.231953465539824, -89.61033947627233 33.231953465539824, -89.61033947627233 32.868317101903465, -89.9739758399087 32.868317101903465, -89.9739758399087 33.231953465539824))"
54C,2019-11-22 20:55:00+00:00,2019-11-22 22:55:00+00:00,0.0,32000.0,"POLYGON ((-95.52933921955668 30.97604620742194, -95.46695619666593 30.78602421276076, -96.99606724564596 30.28402669536233, -97.0584502685367 30.47404869002351, -95.52933921955668 30.97604620742194))"
55C,2019-11-22 20:55:00+00:00,2019-11-22 22:55:00+00:00,0.0,39000.0,"POLYGON ((-92.87943730633827 31.44489264488323, -92.74629678010425 31.295649218649015, -93.81783074905677 30.339730421394396, -93.9509712752908 30.48897384762861, -92.87943730633827 31.44489264488323))"
VICTOR 1,2019-11-22 21:18:00+00:00,2019-11-23 01:20:00+00:00,0.0,50000.0,"POLYGON ((131.1 19.2, 137.1 9.4, 130 16, 131.1 19.2))"
61C,2019-11-22 21:55:00+00:00,2019-11-22 23:55:00+00:00,,,"POLYGON ((-92.06237163159787 31.45361176825509, -91.28468591117057 30.5673016798487, -91.38247479912901 30.59875488299789, -92.93898620372472 30.23726548166894, -92.95878630229224 30.23041366711654, -93.38016998806607 30.03300942770469, -91.43501917197811 30.43539295877624, -92.21270489240541 31.32170304718263, -92.89374168861538 30.0424503542981, -91.33723028401967 30.40393975562705, -93.2953252758217 29.85189792943865, -92.87394159004786 30.0493021688505, -92.06237163159787 31.45361176825509))"
59C,2019-11-22 21:55:00+00:00,2019-11-22 23:55:00+00:00,0.0,39000.0,"POLYGON ((-92.31287878816842 31.862085723615145, -92.1663913396069 31.725918813486672, -93.70543852599944 30.070222173695775, -93.85192597456096 30.20638908382425, -92.31287878816842 31.862085723615145))"
60C,2019-11-22 21:55:00+00:00,2019-11-22 23:55:00+00:00,0.0,31000.0,"POLYGON ((-89.43254275078608 34.282981200797586, -89.06890638714971 34.282981200797586, -89.06890638714971 33.919344837161226, -89.43254275078608 33.919344837161226, -89.43254275078608 34.282981200797586))"
58C,2019-11-22 21:55:00+00:00,2019-11-22 23:55:00+00:00,0.0,34000.0,"POLYGON ((-94.77472433320558 31.532839234565873, -94.66527566679441 31.365444523117706, -96.0076543604877 30.487749185120187, -96.11710302689887 30.655143896568354, -94.77472433320558 31.532839234565873))"
SIERRA 5,2019-11-22 22:14:00+00:00,2019-11-23 02:15:00+00:00,0.0,49000.0,"POLYGON ((163.4 14.4, 176.2 14, 162.3 11.2, 163.4 14.4))"
UNIFORM 4,2019-11-22 22:16:00+00:00,2019-11-23 02:15:00+00:00,0.0,53000.0,"POLYGON ((149.3 5.3, 159 4.3, 150.1 1.3, 149.3 5.3))"
63C,2019-11-22 22:55:00+00:00,2019-11-23 00:55:00+00:00,,,"POLYGON ((-91.86410775997696 32.68158735105642, -91.85420629974968 32.26050899230135, -93.21894317858529 30.08668727869083, -92.06363104596433 32.66778668626061, -92.03866081798802 32.30677929919614, -93.3883289290746 30.19302855727621, -92.02359205023899 32.36685027088673, -91.83913753200065 32.32057996399195, -91.86410775997696 32.68158735105642))"
62C,2019-11-22 22:55:00+00:00,2019-11-23 00:55:00+00:00,0.0,30000.0,"POLYGON ((-94.2109239674325 31.985065059118142, -94.08486018723184 31.82979779495239, -95.27985080621782 30.859567298890525, -95.40591458641849 31.014834563056276, -94.2109239674325 31.985065059118142))"
64C,2019-11-22 22:55:00+00:00,2019-11-23 00:55:00+00:00,0.0,34000.0,"POLYGON ((-91.30818627429855 30.682455729424518, -91.16324420053493 30.544645006862353, -91.5822723240122 30.103933253430625, -91.72721439777581 30.24174397599279, -91.30818627429855 30.682455729424518))"
65C,2019-11-23 00:22:00+00:00,2019-11-23 01:55:00+00:00,,,"POLYGON ((-93.79634702950662 32.61167601286301, -94.3994237731284 31.16825823416617, -94.74723023382053 31.10126662303595, -93.62088979915333 32.51568246976372, -94.33060868870261 31.21845656613263, -94.78505729532223 31.29765683006814, -94.4372508346301 31.36464844119837, -94.5060659190559 31.31445010923192, -93.79634702950662 32.61167601286301))"
66C,2019-11-23 00:22:00+00:00,2019-11-23 01:55:00+00:00,,,"POLYGON ((-91.90146293657513 32.7450425352299, -92.12204401883047 31.30142783991112, -93.0834798660667 30.17810658186147, -91.70941071844955 32.68922188033369, -92.10199070148501 31.33854162275047, -93.23542544950136 30.30815480243637, -92.27398960226513 31.43147606048602, -92.29404291961059 31.39436227764667, -91.90146293657513 32.7450425352299))"
68C,2019-11-23 00:22:00+00:00,2019-11-23 01:55:00+00:00,0.0,28000.0,"POLYGON ((-89.91069652898251 33.952373272243186, -89.36524198352798 33.952373272243186, -89.36524198352798 33.40691872678864, -89.91069652898251 33.40691872678864, -89.91069652898251 33.952373272243186))"
67C,2019-11-23 00:22:00+00:00,2019-11-23 01:55:00+00:00,0.0,24000.0,"POLYGON ((-90.91053978258032 30.937303804223216, -90.73649016571864 30.838781061314283, -91.21297519156916 29.997025810282857, -91.38702480843084 30.09554855319179, -90.91053978258032 30.937303804223216))"
1C,2019-11-23 01:15:00+00:00,2019-11-23 02:55:00+00:00,0.0,30000.0,"POLYGON ((-92.23098128499483 32.69396657873941, -92.09176802515871 32.55037107642196, -93.2139344527221 31.462450884364788, -93.35314771255821 31.60604638668224, -92.23098128499483 32.69396657873941))"
2C,2019-11-23 01:15:00+00:00,2019-11-23 02:55:00+00:00,0.0,35000.0,"POLYGON ((-90.62558990729586 33.66765464135042, -90.42570845355739 33.66076955228814, -90.48233882601292 32.01672964666442, -90.68222027975139 32.0236147357267, -90.62558990729586 33.66765464135042))"
3C,2019-11-23 01:15:00+00:00,2019-11-23 02:55:00+00:00,0.0,28000.0,"POLYGON ((-89.1517674044441 34.06886209541468, -88.60631285898957 34.06886209541468, -88.60631285898957 33.52340754996013, -89.1517674044441 33.52340754996013, -89.1517674044441 34.06886209541468))"
4C,2019-11-23 01:15:00+00:00,2019-11-23 02:55:00+00:00,0.0,40000.0,"POLYGON ((-93.38272727272727 29.834443515043702, -92.83727272727273 29.834443515043702, -92.83727272727273 29.288988969589155, -93.38272727272727 29.288988969589155, -93.38272727272727 29.834443515043702))"
5C,2019-11-23 01:55:00+00:00,2019-11-23 03:55:00+00:00,0.0,36000.0,"POLYGON ((-89.66368408934581 33.96961292769642, -88.63272202015224 33.5921666270569, -91.06226088192999 30.68423859161093, -92.19850064506217 32.575225534934205, -89.66368408934581 33.96961292769642))"
6C,2019-11-23 02:55:00+00:00,2019-11-23 04:55:00+00:00,0.0,39000.0,"POLYGON ((-88.51 34.15547582294558, -89.07932756945114 32.61497343257922, -93.43463510314271 32.00091514507543, -90.7047623726353 33.812198332186156, -88.51 34.15547582294558))"
8C,2019-11-23 04:09:00+00:00,2019-11-23 05:55:00+00:00,0.0,42000.0,"POLYGON ((-91.3 31.31184477868196, -90.88899242003411 30.8322775347312, -91.3 30.147262088527217, -91.87913536954711 30.478720528482903, -91.3 31.31184477868196))"
7C,2019-11-23 04:09:00+00:00,2019-11-23 05:55:00+00:00,0.0,35000.0,"POLYGON ((-88.01759765874752 34.70886293204526, -87.54360703876588 33.889632783056804, -90.16564450149225 32.56354911505461, -90.61416443750696 34.127383281648946, -88.01759765874752 34.70886293204526))"
9C,2019-11-23 04:55:00+00:00,2019-11-23 06:55:00+00:00,0.0,37000.0,"POLYGON ((-87.11553846840633 35.016109146470505, -86.84181836991704 34.48698277166315, -88.51 33.7791418788418, -89.98 34.586287181737326, -87.11553846840633 35.016109146470505))"
10C,2019-11-23 04:55:00+00:00,2019-11-23 06:55:00+00:00,0.0,42000.0,"POLYGON ((-90.62009277536477 31.60617913757418, -90.38913176448061 31.032803122975732, -91.06226088192999 30.68423859161093, -91.55820995559877 31.014010255127598, -90.62009277536477 31.60617913757418))"
12C,2019-11-23 05:55:00+00:00,2019-11-23 07:55:00+00:00,0.0,33000.0,"POLYGON ((-89.98 34.52089313279082, -89.24937611576308 33.742472734514195, -89.9608046519921 32.312282833473155, -91.74001902142996 31.90482411935296, -89.98 34.52089313279082))"
11C,2019-11-23 05:55:00+00:00,2019-11-23 07:55:00+00:00,0.0,32000.0,"POLYGON ((-87.81640095001096 35.752622829259515, -85.90251873476993 35.212348176683584, -85.71132999506742 34.76770783890459, -88.3691323379643 33.37227966797809, -89.60521501174637 34.892090352392735, -87.81640095001096 35.752622829259515))"
13C,2019-11-23 05:55:00+00:00,2019-11-23 07:55:00+00:00,0.0,39000.0,"POLYGON ((-89.62613935779306 32.26313805935371, -88.95781107799881 31.23976606688423, -90.26 30.86628718173732, -90.62009277536477 31.60617913757418, -89.62613935779306 32.26313805935371))"
14C,2019-11-23 06:55:00+00:00,2019-11-23 08:55:00+00:00,0.0,32000.0,"POLYGON ((-87.011248147619 36.25019399542973, -84.89990491508843 35.16419806266693, -87.8475721868518 32.70837151409634, -90.01308691877941 33.99397898805165, -87.011248147619 36.25019399542973))"
15C,2019-11-23 06:55:00+00:00,2019-11-23 08:55:00+00:00,0.0,38000.0,"POLYGON ((-88.8764354930381 33.18277904824572, -88.5394899059505 31.84546736801354, -89.94773382775917 31.18897241278164, -90.41222401214291 33.1927975070825, -88.8764354930381 33.18277904824572))"
16C,2019-11-23 07:55:00+00:00,2019-11-23 09:55:00+00:00,0.0,30000.0,"POLYGON ((-87.44378093391809 36.39224488726232, -85.4440086190531 36.13365024804879, -86.9 34.16910686720918, -89.59489033265385 34.25086561920501, -87.44378093391809 36.39224488726232))"
17C,2019-11-23 07:55:00+00:00,2019-11-23 09:55:00+00:00,0.0,38000.0,"POLYGON ((-88.0304571633096 33.323101374957666, -87.85454408090588 32.04452043292187, -90.25652972124273 30.384016610872816, -92.2603024402253 31.464231821908815, -90.28 33.17085812115821, -88.0304571633096 33.323101374957666))"
18C,2019-11-23 08:55:00+00:00,2019-11-23 10:55:00+00:00,0.0,34000.0,"POLYGON ((-86.44 36.59726208852722, -84.695817020496 36.55799405122124, -84.84156451583229 34.34478974454154, -89.42697066826867 34.1629287037221, -86.44 36.59726208852722))"
19C,2019-11-23 08:55:00+00:00,2019-11-23 10:55:00+00:00,0.0,42000.0,"POLYGON ((-88.8175566141436 34.10444029904697, -85.91648283278316 33.63621495709895, -90.88325495109113 29.528727933702225, -91.59792160603413 31.57518423005951, -88.8175566141436 34.10444029904697))"
20C,2019-11-23 09:55:00+00:00,2019-11-23 11:55:00+00:00,0.0,38000.0,"POLYGON ((-85.85596405712627 35.86054946507462, -85.5771636972423 33.356143903087506, -90.57022439809542 29.588086791873927, -90.41610131957584 32.31895542544906, -87.49 35.28828375768358, -85.85596405712627 35.86054946507462))"
21C,2019-11-23 10:55:00+00:00,2019-11-23 12:55:00+00:00,0.0,36000.0,"POLYGON ((-86.44486784829792 35.67865509373724, -85.53483547945474 34.19086697356401, -89.07336190668987 30.473382534849762, -89.721436937724 31.107876246599915, -88.74025224748245 33.95090199307593, -86.44486784829792 35.67865509373724))"
NOVEMBER 1,2019-11-23 11:29:00+00:00,2019-11-23 15:30:00+00:00,0.0,58000.0,"POLYGON ((162.2 10.4, 168.4 10.1, 168.5 5.3, 162.2 6.2, 162.2 10.4))"
22C,2019-11-23 11:55:00+00:00,2019-11-23 13:55:00+00:00,0.0,40000.0,"POLYGON ((-85.9211610358806 35.88293715542125, -84.83690133437722 35.57441874148439, -87.97291012078095 30.72942565123441, -89.25701726296049 31.045249547713563, -86.91428885410875 35.179210967045584, -85.9211610358806 35.88293715542125))"
OSCAR 1,2019-11-23 11:57:00+00:00,2019-11-23 16:00:00+00:00,0.0,58000.0,"POLYGON ((159.5 4.3, 160 0.3, 150.5 -0.1, 148.3 1.2, 159.5 4.3))"
23C,2019-11-23 12:55:00+00:00,2019-11-23 14:55:00+00:00,0.0,32000.0,"POLYGON ((-84.01636306542177 36.00216093648139, -85.15 34.526287181737324, -87.241898504321 34.50529418749432, -85.7849360784199 36.136670145363645, -84.01636306542177 36.00216093648139))"
24E,2019-11-23 14:05:00+00:00,2019-11-23 15:55:00+00:00,0.0,35000.0,"POLYGON ((-85.83326576566495 35.54969774787483, -85.46962940202857 35.54969774787483, -85.46962940202857 35.18606138423847, -85.83326576566495 35.18606138423847, -85.83326576566495 35.54969774787483))"
25E,2019-11-23 14:05:00+00:00,2019-11-23 15:55:00+00:00,0.0,37000.0,"POLYGON ((-86.81424195448082 34.38579488553554, -86.45060559084445 34.38579488553554, -86.45060559084445 34.02215852189918, -86.81424195448082 34.02215852189918, -86.81424195448082 34.38579488553554))"
26E,2019-11-23 14:55:00+00:00,2019-11-23 16:55:00+00:00,,,"POLYGON ((-84.28913696351023 35.9832899003564, -85.25357519083019 35.12153834964427, -87.05542879063658 34.61308039078381, -84.17994751737135 35.81572598761895, -85.22613849898147 35.1339979712978, -87.10974485307803 34.80556354682833, -85.30789125327163 35.31402150568879, -85.33532794512035 35.30156188403525, -84.28913696351023 35.9832899003564))"
OSCAR 2,2019-11-23 15:33:00+00:00,2019-11-23 19:45:00+00:00,0.0,58000.0,"POLYGON ((159.5 4.3, 160 0.3, 150.5 -0.1, 148.3 1.2, 159.5 4.3))"
27E,2019-11-23 15:55:00+00:00,2019-11-23 17:55:00+00:00,0.0,37000.0,"POLYGON ((-83.66996176001429 36.67626420156543, -85.71132999506742 34.76770783890459, -85.70978995831642 36.339555115290295, -83.66996176001429 36.67626420156543))"
28E,2019-11-23 16:55:00+00:00,2019-11-23 18:55:00+00:00,0.0,35000.0,"POLYGON ((-84.24909339589053 37.29705121201085, -83.60917081025775 36.86297196548393, -84.38362603454044 35.73301451160727, -85.60758931110908 36.650466934605376, -84.24909339589053 37.29705121201085))"
29E,2019-11-23 17:55:00+00:00,2019-11-23 19:55:00+00:00,0.0,33000.0,"POLYGON ((-83.62557581926235 37.95124979729648, -83.01546578347724 37.142586036432675, -83.87218691264336 36.568647514169584, -84.88272038699593 37.28216488874069, -83.62557581926235 37.95124979729648))"
NOVEMBER 3,2019-11-23 18:05:00+00:00,2019-11-23 22:00:00+00:00,0.0,58000.0,"POLYGON ((170 10.2, 168.2 4, 161.4 6.1, 164.4 11.4, 170 10.2))"
30E,2019-11-23 18:55:00+00:00,2019-11-23 20:55:00+00:00,0.0,33000.0,"POLYGON ((-83.01103166767426 38.427558092677764, -82.61059008506699 37.36127071755901, -83.66996176001429 36.67626420156543, -84.11 37.861844778681956, -83.01103166767426 38.427558092677764))"
OSCAR 3,2019-11-23 19:22:00+00:00,2019-11-23 23:25:00+00:00,0.0,53000.0,"POLYGON ((160 4.3, 160 0, 149 2, 160 4.3))"
31E,2019-11-23 19:55:00+00:00,2019-11-23 21:55:00+00:00,0.0,33000.0,"POLYGON ((-82.19257331250822 38.44247743264996, -81.90056547260934 38.03209599200263, -82.69183071532288 37.51462522893594, -82.92621756800199 38.04071865631651, -82.19257331250822 38.44247743264996))"
NOVEMBER 4,2019-11-23 21:43:00+00:00,2019-11-24 01:45:00+00:00,0.0,56000.0,"POLYGON ((162 9.5, 170 9.2, 160.5 6.2, 162 9.5))"
MIKE 1,2019-11-23 22:05:00+00:00,2019-11-24 02:05:00+00:00,0.0,43000.0,"POLYGON ((-40 33.3, -42.45 27.3, -45.45 22.45, -49 22.45, -43 32.45, -40 33.3))"
ECHO 1,2019-11-24 00:05:00+00:00,2019-11-24 04:05:00+00:00,32000.0,38000.0,"POLYGON ((-145.15 29, -131.15 26.3, -133.45 20.3, -148 22.45, -145.15 29))"
1E,2019-11-24 00:55:00+00:00,2019-11-24 02:55:00+00:00,0.0,31000.0,"POLYGON ((-81.79000623018366 34.01613024745819, -80.8892589703042 33.80457075779484, -81.74262908307038 32.37972641345437, -82.51 32.40742563652536, -81.79000623018366 34.01613024745819))"
NOVEMBER 5,2019-11-24 01:03:00+00:00,2019-11-24 05:05:00+00:00,0.0,52000.0,"POLYGON ((160.5 12.5, 170.3 4.3, 156.3 10.1, 160.5 12.5))"
2E,2019-11-24 01:55:00+00:00,2019-11-24 03:55:00+00:00,0.0,31000.0,"POLYGON ((-80.37751804714729 34.718088020957396, -79.84576587148285 34.16619326945682, -80.80712225277996 32.77445916717388, -81.41287774722005 32.77445916717388, -80.37751804714729 34.718088020957396))"
MIKE 2,2019-11-24 02:00:00+00:00,2019-11-24 06:00:00+00:00,0.0,43000.0,"POLYGON ((-40 32.3, -40 29.15, -44 23.45, -47.3 23.45, -42 32, -40 32.3))"
NOVEMBER 6,2019-11-24 03:09:00+00:00,2019-11-24 07:10:00+00:00,0.0,53000.0,"POLYGON ((159.5 13.1, 168.2 4.5, 155.5 11, 159.5 13.1))"
MIKE 3,2019-11-24 03:20:00+00:00,2019-11-24 07:20:00+00:00,0.0,43000.0,"POLYGON ((-40 34.15, -40 28.15, -49.45 19.15, -53 20.45, -43.3 30.15, -43.3 33.15, -40 34.15))"
ECHO 2,2019-11-24 04:00:00+00:00,2019-11-24 08:00:00+00:00,36000.0,40000.0,"POLYGON ((-144.00495775281084 26.097732359540466, -133.00495775281084 24.097732359540466, -133.29504224718917 22.502267640459536, -144.29504224718917 24.502267640459536, -144.00495775281084 26.097732359540466))"
3E,2019-11-24 04:55:00+00:00,2019-11-24 06:55:00+00:00,0.0,33000.0,"POLYGON ((-73.4965157049699 36.85937199774042, -73.16997242600482 35.20343812840979, -76.32629249359711 33.046225507906435, -76.8624767143919 34.3458732348642, -73.4965157049699 36.85937199774042))"
4E,2019-11-24 04:55:00+00:00,2019-11-24 06:55:00+00:00,0.0,44000.0,"POLYGON ((-81.9732294673189 29.13730982591341, -81.87614219330743 28.962455425840023, -83.94020871669821 27.81638994478713, -84.03729599070968 27.991244344860515, -81.9732294673189 29.13730982591341))"
5E,2019-11-24 05:55:00+00:00,2019-11-24 07:55:00+00:00,0.0,34000.0,"POLYGON ((-72.58141744893663 37.314117035316904, -72.79933985502997 35.06616814957474, -75.10928185556631 33.36391611371047, -77.1525028125933 34.93611460023954, -72.58141744893663 37.314117035316904))"
6E,2019-11-24 05:55:00+00:00,2019-11-24 07:55:00+00:00,0.0,40000.0,"POLYGON ((-81.51502242074297 29.076767860661754, -81.40621739831177 28.90895407370209, -83.6798418132097 27.434809666707785, -83.7886468356409 27.602623453667448, -81.51502242074297 29.076767860661754))"
NOVEMBER 7,2019-11-24 06:21:00+00:00,2019-11-24 10:20:00+00:00,0.0,56000.0,"POLYGON ((166.2 6.1, 166.5 3.3, 159.5 5.4, 166.2 6.1))"
7E,2019-11-24 06:55:00+00:00,2019-11-24 08:55:00+00:00,0.0,36000.0,"POLYGON ((-72.06235298049651 38.17645272959873, -72.79933985502997 35.06616814957474, -77.50317978545469 31.973007508938025, -77.7152009642133 34.657312435190434, -72.06235298049651 38.17645272959873))"
8E,2019-11-24 06:55:00+00:00,2019-11-24 08:55:00+00:00,0.0,36000.0,"POLYGON ((-81.04006398357059 29.115237880950627, -80.92683269447132 28.95037831899283, -83.30756757994823 27.31520668026695, -83.4207988690475 27.480066242224748, -81.04006398357059 29.115237880950627))"
MIKE 4,2019-11-24 07:15:00+00:00,2019-11-24 11:15:00+00:00,0.0,40000.0,"POLYGON ((-41 29.3, -40.3 28.15, -48.45 21.15, -50 22.45, -41 29.3))"
9E,2019-11-24 07:55:00+00:00,2019-11-24 09:55:00+00:00,0.0,37000.0,"POLYGON ((-70.94129191277956 38.298637311610506, -72.61449218536606 34.997111206835285, -77.50317978545469 31.973007508938025, -77.87 33.019048354108854, -76.18 36.26, -70.94129191277956 38.298637311610506))"
10E,2019-11-24 07:55:00+00:00,2019-11-24 09:55:00+00:00,0.0,36000.0,"POLYGON ((-80.81984916876601 29.07250700016757, -80.69891101217928 28.913214934196276, -83.09010123626521 27.097768973433343, -83.21103939285194 27.257061039404636, -80.81984916876601 29.07250700016757))"
ECHO 3,2019-11-24 08:00:00+00:00,2019-11-24 12:00:00+00:00,34000.0,40000.0,"POLYGON ((-144.45 26.45, -133.15 26.15, -133.3 23.15, -145 24, -144.45 26.45))"
11E,2019-11-24 08:55:00+00:00,2019-11-24 10:55:00+00:00,0.0,42000.0,"POLYGON ((-70.03 39.117203575426906, -71.02671870488865 36.14939531433872, -77.50317978545469 31.973007508938025, -76.18 35.26178626558164, -70.03 39.117203575426906))"
12E,2019-11-24 08:55:00+00:00,2019-11-24 10:55:00+00:00,0.0,39000.0,"POLYGON ((-80.63815167747983 28.894227000843475, -80.51743779643549 28.734764908410146, -83.0627268946047 26.807963869170827, -83.18344077564903 26.967425961604157, -80.63815167747983 28.894227000843475))"
14E,2019-11-24 09:55:00+00:00,2019-11-24 11:55:00+00:00,0.0,38000.0,"POLYGON ((-73.1624671194656 37.79439888745279, -71.86548910627073 36.709830418435665, -76.30914570201803 31.112204662807493, -77.11256866433175 32.810607855650346, -73.1624671194656 37.79439888745279))"
13E,2019-11-24 09:55:00+00:00,2019-11-24 11:55:00+00:00,0.0,35000.0,"POLYGON ((-70.03 39.283572531163294, -68.2562438062542 37.88450991432861, -71.43829584092175 36.166367730278075, -72.06235298049651 38.17645272959873, -70.03 39.283572531163294))"
15E,2019-11-24 09:55:00+00:00,2019-11-24 11:55:00+00:00,0.0,34000.0,"POLYGON ((-80.04081800469783 28.830724059072605, -79.92959770793286 28.66450117981854, -82.74246077647955 26.782404884489605, -82.85368107324452 26.94862776374367, -80.04081800469783 28.830724059072605))"
NOVEMBER 8,2019-11-24 09:56:00+00:00,2019-11-24 14:00:00+00:00,0.0,58000.0,"POLYGON ((166 6.2, 166.3 3.3, 159.5 6.1, 166 6.2))"
17E,2019-11-24 10:55:00+00:00,2019-11-24 12:55:00+00:00,0.0,40000.0,"POLYGON ((-72.8710060922834 37.554613875583364, -70.55483673886648 37.52468157415651, -73.48344883025635 32.743374063972574, -76.05057862301025 32.80714986095124, -72.8710060922834 37.554613875583364))"
16E,2019-11-24 10:55:00+00:00,2019-11-24 12:55:00+00:00,0.0,42000.0,"POLYGON ((-69.20212328424691 39.73994761723672, -67.00761984485005 38.886886920236115, -70.70844458805594 37.834415251901376, -71.25643258679824 38.91687249029341, -69.20212328424691 39.73994761723672))"
18E,2019-11-24 10:55:00+00:00,2019-11-24 12:55:00+00:00,0.0,40000.0,"POLYGON ((-80.41052672430318 28.035979639456027, -80.31895975592603 27.858172186568876, -82.50421651581142 26.73281251587285, -82.59578348418857 26.910619968760003, -80.41052672430318 28.035979639456027))"
MIKE 5,2019-11-24 11:00:00+00:00,2019-11-24 15:00:00+00:00,0.0,45000.0,"POLYGON ((-47 24.15, -46.3 23.15, -51.15 19.45, -51.15 21.3, -47 24.15))"
ALFA 1,2019-11-24 11:45:00+00:00,2019-11-24 15:45:00+00:00,0.0,40000.0,"POLYGON ((-70.45 38.15, -71.15 34.15, -75 31, -76.45 32.15, -73.45 34.45, -72.45 37.45, -70.45 38.15))"
NOVEMBER 8,2019-11-24 13:45:00+00:00,2019-11-24 17:30:00+00:00,0.0,56000.0,"POLYGON ((159.2 5.5, 163 5.4, 159.3 3.4, 159.2 5.5))"
ALFA 2,2019-11-24 14:50:00+00:00,2019-11-24 18:50:00+00:00,0.0,34000.0,"POLYGON ((-71 35.45, -66.45 35.15, -76.3 27.45, -77 30.15, -71 35.45))"
XRAY 1,2019-11-24 15:24:00+00:00,2019-11-24 19:25:00+00:00,0.0,57000.0,"POLYGON ((-137.5 10.4, -138.1 7.1, -145.4 10, -137.5 10.4))"
YANKEE 1,2019-11-24 15:30:00+00:00,2019-11-24 19:35:00+00:00,0.0,60000.0,"POLYGON ((178.1 8, 173.5 3.3, -178 5.3, 178.1 8))"
FOXTROT 1,2019-11-24 15:35:00+00:00,2019-11-24 19:35:00+00:00,0.0,44000.0,"POLYGON ((-164.3 40.3, -162 37.3, -167.3 34.15, -169 36.45, -164.3 40.3))"
NOVEMBER 9,2019-11-24 16:45:00+00:00,2019-11-24 20:45:00+00:00,0.0,58000.0,"POLYGON ((162.1 9.1, 166 3.3, 160 3.3, 160 1.3, 152.1 0.5, 150.4 1.4, 162.1 9.1))"
19E,2019-11-24 16:55:00+00:00,2019-11-24 18:55:00+00:00,0.0,33000.0,"POLYGON ((-70.57394136446784 41.34795427420962, -70.02848681901331 41.34795427420962, -70.02848681901331 40.80249972875507, -70.57394136446784 40.80249972875507, -70.57394136446784 41.34795427420962))"
20E,2019-11-24 17:55:00+00:00,2019-11-24 19:55:00+00:00,0.0,34000.0,"POLYGON ((-70.45057302708584 41.81976518538611, -69.9051184816313 41.81976518538611, -69.9051184816313 41.274310639931564, -70.45057302708584 41.274310639931564, -70.45057302708584 41.81976518538611))"
GOLF 1,2019-11-24 19:00:00+00:00,2019-11-24 23:00:00+00:00,0.0,46000.0,"POLYGON ((-120.15 23, -120 17.15, -123.45 16.3, -123.3 21.3, -120.15 23))"
FOXTROT 2,2019-11-24 19:05:00+00:00,2019-11-24 23:05:00+00:00,0.0,27000.0,"POLYGON ((-163 43.45, -160.15 40.45, -164.3 36, -167.15 38.45, -163 43.45))"
XRAY 2,2019-11-24 19:20:00+00:00,2019-11-24 23:20:00+00:00,0.0,59000.0,"POLYGON ((-138.5 10.3, -138.3 7.4, -150.5 7.2, -150.5 9.4, -138.5 10.3))"
YANKEE 2,2019-11-24 19:34:00+00:00,2019-11-24 23:35:00+00:00,0.0,58000.0,"POLYGON ((176 8.4, 172.5 3.3, -179.5 3.3, -177.2 6.5, 176 8.4))"
NOVEMBER 10,2019-11-24 20:43:00+00:00,2019-11-25 00:45:00+00:00,0.0,59000.0,"POLYGON ((162.4 9, 165.3 3.3, 160 3.3, 159.5 1.3, 152.1 0.3, 150.3 1.5, 162.4 9))"
GOLF 2,2019-11-24 23:00:00+00:00,2019-11-25 03:00:00+00:00,0.0,45000.0,"POLYGON ((-120 25.3, -120 17, -123.3 19, -122.15 24.15, -120 25.3))"
NOVEMBER 11,2019-11-24 23:20:00+00:00,2019-11-25 03:20:00+00:00,0.0,58000.0,"POLYGON ((-138.5 10.4, -139.2 7.5, -155.5 7.1, -155.3 9.1, -138.5 10.4))"
XRAY 3,2019-11-24 23:23:00+00:00,2019-11-25 03:23:00+00:00,0.0,58000.0,"POLYGON ((-139.2 7.5, -155.5 7.1, -155.3 9.1, -139.2 7.5))"
NOVEMBER 12,2019-11-24 23:27:00+00:00,2019-11-25 03:27:00+00:00,0.0,59000.0,"POLYGON ((160 0.5, 148.3 1.2, 149.5 3.2, 160 3.4, 160 0.5))"
YANKEE 3,2019-11-24 23:30:00+00:00,2019-11-25 03:30:00+00:00,0.0,58000.0,"POLYGON ((-178.4 8.3, 173.3 6, 172.5 3.3, -180 3.5, -178.4 8.3))"
NOVEMBER 13,2019-11-25 02:35:00+00:00,2019-11-25 06:35:00+00:00,0.0,55000.0,"POLYGON ((160 3.1, 160 0.2, 154.2 0.1, 155.2 3, 160 3.1))"
GOLF 3,2019-11-25 03:00:00+00:00,2019-11-25 07:00:00+00:00,0.0,42000.0,"POLYGON ((-120 25.3, -120 17, -123.45 20.15, -120 25.3))"
YANKEE 4,2019-11-25 03:21:00+00:00,2019-11-25 07:21:00+00:00,0.0,5600.0,"POLYGON ((-176.2 9.5, 175.1 6.4, 175.1 4.2, -175.5 6.3, -176.2 9.5))"
OSCAR 1,2019-11-25 05:00:00+00:00,2019-11-25 09:00:00+00:00,0.0,58000.0,"POLYGON ((154.2 13.5, 159.2 12, 151.3 9.1, 154.2 13.5))"
BRAVO 1,2019-11-25 05:30:00+00:00,2019-11-25 09:30:00+00:00,0.0,40000.0,"POLYGON ((-62.30782358164654 33.920148123661896, -67.15782358164654 30.920148123661896, -67.44217641835345 31.3798518763381, -62.59217641835347 34.3798518763381, -62.30782358164654 33.920148123661896))"
YANKEE 5,2019-11-25 06:51:00+00:00,2019-11-25 10:55:00+00:00,0.0,55000.0,"POLYGON ((-177.4 10.4, 173 6.4, -177.1 6.3, -177.4 10.4))"
BRAVO 2,2019-11-25 08:00:00+00:00,2019-11-25 12:00:00+00:00,0.0,42000.0,"POLYGON ((-59.7991821407609 35.00078138973374, -67.24918214076091 30.00078138973374, -67.6508178592391 30.599218610266263, -60.2008178592391 35.599218610266256, -59.7991821407609 35.00078138973374))"
OSCAR 2,2019-11-25 08:21:00+00:00,2019-11-25 12:25:00+00:00,0.0,57000.0,"POLYGON ((153.3 14.2, 159.5 13, 151.4 8.4, 153.3 14.2))"
HOTEL 1,2019-11-25 09:15:00+00:00,2019-11-25 13:15:00+00:00,0.0,50000.0,"POLYGON ((-120 23, -120 15.45, -126 16, -120 23))"
OSCAR 3,2019-11-25 12:07:00+00:00,2019-11-25 16:10:00+00:00,0.0,57000.0,"POLYGON ((151.3 16.1, 165.1 10.2, 149 10.5, 151.3 16.1))"
HOTEL 2,2019-11-25 12:40:00+00:00,2019-11-25 16:40:00+00:00,0.0,50000.0,"POLYGON ((-120 21.45, -120 15.3, -125 15.45, -120 21.45))"
OSCAR 4,2019-11-25 15:22:00+00:00,2019-11-25 19:25:00+00:00,0.0,57000.0,"POLYGON ((149.5 16, 164.3 11.2, 146.4 11, 149.5 16))"
HOTEL 3,2019-11-25 16:40:00+00:00,2019-11-25 20:40:00+00:00,0.0,54000.0,"POLYGON ((-120 21, -120 15.15, -123.3 13.45, -125 14.45, -120 21))"
OSCAR 5,2019-11-25 19:18:00+00:00,2019-11-25 23:20:00+00:00,0.0,57000.0,"POLYGON ((149.2 14.1, 161.2 11, 147.2 10.3, 149.2 14.1))"
OSCAR 6,2019-11-25 23:13:00+00:00,2019-11-26 03:15:00+00:00,0.0,57000.0,"POLYGON ((150.1 15.1, 158.3 10.5, 154 8, 146.1 10.4, 150.1 15.1))"
1W,2019-11-25 23:55:00+00:00,2019-11-26 01:55:00+00:00,0.0,24000.0,"POLYGON ((-113.57258023751515 36.72654036539568, -113.50741976248486 36.53745278649683, -114.63058005728479 36.15040643067312, -114.69574053231509 36.33949400957197, -113.57258023751515 36.72654036539568))"
1W,2019-11-26 00:55:00+00:00,2019-11-26 02:55:00+00:00,0.0,24000.0,"POLYGON ((-113.05791264900142 36.554006825868555, -112.34378973857069 36.11520859517821, -113.70442234549782 35.675213236038736, -114.04561516207556 36.027854080043184, -113.05791264900142 36.554006825868555))"
ALFA 1,2019-11-26 01:10:00+00:00,2019-11-26 05:10:00+00:00,0.0,50000.0,"POLYGON ((-125.45 11.15, -126.45 7.15, -136.3 8.3, -136.3 11, -125.45 11.15))"
BRAVO 1,2019-11-26 02:50:00+00:00,2019-11-26 06:50:00+00:00,27000.0,34000.0,"POLYGON ((-156.04072001825014 50.23176301703741, -164.04072001825014 47.531763017037406, -164.55927998174988 49.06823698296259, -156.55927998174988 51.76823698296259, -156.04072001825014 50.23176301703741))"
QUEBEC 1,2019-11-26 03:21:00+00:00,2019-11-26 07:20:00+00:00,0.0,57000.0,"POLYGON ((155 13.1, 161.2 6.1, 149 3.4, 154 6.1, 155 13.1))"
2W,2019-11-26 04:55:00+00:00,2019-11-26 06:55:00+00:00,0.0,26000.0,"POLYGON ((-108.72469234591654 35.43441284168839, -108.60566968890492 35.27368447730334, -109.45363176129196 34.645751135937445, -109.57265441830357 34.806479500322496, -108.72469234591654 35.43441284168839))"
3W,2019-11-26 05:55:00+00:00,2019-11-26 07:55:00+00:00,,,"POLYGON ((-107.1436168242066 35.37068590156371, -108.885630606606 34.75069378790902, -108.9012883044724 34.74354907076934, -109.1373344463875 34.6101953657957, -108.8185701558405 34.56227166621647, -107.0765563734411 35.18226377987116, -109.0389585998892 34.43606267838251, -108.8029124579741 34.56941638335615, -107.1436168242066 35.37068590156371))"
BRAVO 2,2019-11-26 06:40:00+00:00,2019-11-26 10:40:00+00:00,30000.0,40000.0,"POLYGON ((-153.15 55.3, -151.45 51.3, -164 48.15, -172 42.45, -174.3 46, -170 50, -153.15 55.3))"
CHARLIE 1,2019-11-26 06:45:00+00:00,2019-11-26 10:45:00+00:00,0.0,48000.0,"POLYGON ((-46.15 39.3, -44.45 37.3, -61.3 28.45, -65.3 30.3, -46.15 39.3))"
QUEBEC 2,2019-11-26 07:06:00+00:00,2019-11-26 11:10:00+00:00,0.0,55000.0,"POLYGON ((157.4 13.3, 160 3.2, 154.3 7, 153.3 13.2, 157.4 13.3))"
CHARLIE 2,2019-11-26 10:30:00+00:00,2019-11-26 14:30:00+00:00,0.0,45000.0,"POLYGON ((-51.3 36.15, -49 34, -60 27.3, -65 30.3, -51.3 36.15))"
QUEBEC 3,2019-11-26 10:48:00+00:00,2019-11-26 14:50:00+00:00,0.0,57000.0,"POLYGON ((151.2 14.3, 157.1 13.4, 151 1.1, 153.4 7.1, 151.2 14.3))"
CHARLIE 3,2019-11-26 14:20:00+00:00,2019-11-26 18:20:00+00:00,0.0,39000.0,"POLYGON ((-55.45 34.15, -53.45 29.3, -62 25.15, -65 30, -55.45 34.15))"
QUEBEC 4,2019-11-26 14:22:00+00:00,2019-11-26 18:25:00+00:00,0.0,55000.0,"POLYGON ((156.2 9.1, 161.2 5.1, 146.1 0, 156.2 9.1))"
ROMEO 1,2019-11-26 16:53:00+00:00,2019-11-26 20:55:00+00:00,0.0,58000.0,"POLYGON ((151.4 15, 157.4 13, 150.5 12.2, 151.4 15))"
1C,2019-11-26 16:55:00+00:00,2019-11-26 18:55:00+00:00,0.0,27000.0,"POLYGON ((-93.45361810890813 35.11062630832101, -92.70740645565209 34.678864203471605, -93.15061898705973 34.34419905509288, -94.27 34.81171624231642, -93.45361810890813 35.11062630832101))"
2C,2019-11-26 17:55:00+00:00,2019-11-26 19:55:00+00:00,0.0,28000.0,"POLYGON ((-89.41864995634295 36.32551826774573, -89.22135004365704 36.29276548993786, -89.54629395226146 34.335331370256235, -89.74359386494737 34.368084148064106, -89.41864995634295 36.32551826774573))"
CHARLIE 4,2019-11-26 18:00:00+00:00,2019-11-26 22:00:00+00:00,0.0,40000.0,"POLYGON ((-56.3 33.15, -52.45 30, -59.3 26.45, -62.15 29.15, -56.3 33.15))"
QUEBEC 5,2019-11-26 18:28:00+00:00,2019-11-26 22:30:00+00:00,0.0,56000.0,"POLYGON ((155.4 8.1, 159.3 5.5, 145.2 0, 155.4 8.1))"
3C,2019-11-26 18:55:00+00:00,2019-11-26 20:55:00+00:00,,,"POLYGON ((-89.03726277412635 36.4051098928225, -88.95433323004617 35.97530542954639, -89.51315472237623 34.84687191316318, -89.23128657250955 36.35658396510389, -89.14095857545632 35.99542072902438, -89.69238161481333 34.93562843983779, -89.13356012248327 36.06406195622099, -88.94693477707312 36.043946656743, -89.03726277412635 36.4051098928225))"
ROMEO 2,2019-11-26 19:23:00+00:00,2019-11-26 20:55:00+00:00,0.0,58000.0,"POLYGON ((152.1 16.2, 157.3 13.5, 149.3 13.5, 152.1 16.2))"
ROMEO 3,2019-11-26 19:24:00+00:00,2019-11-26 23:25:00+00:00,0.0,58000.0,"POLYGON ((157.3 13.5, 155.4 11.3, 149.3 13.5, 152.1 16.2, 157.3 13.5))"
QUEBEC 6,2019-11-26 19:28:00+00:00,2019-11-26 23:30:00+00:00,0.0,56000.0,"POLYGON ((150 5, 159.5 3.4, 145.2 0, 150 5))"
5C,2019-11-26 19:55:00+00:00,2019-11-26 21:55:00+00:00,0.0,29000.0,"POLYGON ((-93.33 36.86089313279082, -91.97961632213422 36.1055952070775, -92.90040748893706 35.266088620846396, -94.88222130895115 35.38845570333679, -93.33 36.86089313279082))"
4C,2019-11-26 19:55:00+00:00,2019-11-26 21:55:00+00:00,0.0,33000.0,"POLYGON ((-87.24444620552333 37.51996422612891, -87.42258945704314 34.843547578772075, -89.77831807988862 34.619134527242096, -90.23 37.23628718173731, -87.24444620552333 37.51996422612891))"
7C,2019-11-26 20:55:00+00:00,2019-11-26 22:55:00+00:00,0.0,32000.0,"POLYGON ((-92.4927753061628 37.35704960400644, -91.68358137881246 36.695973531165265, -92.96963348234651 33.72090384528462, -95.17182327856774 34.848486326228624, -92.4927753061628 37.35704960400644))"
6C,2019-11-26 20:55:00+00:00,2019-11-26 22:55:00+00:00,0.0,31000.0,"POLYGON ((-86.55234322050309 37.77765252504662, -87.05883554853216 35.06216346737892, -89.04523239556619 34.6980786917871, -89.80963696027831 37.669254075316225, -86.55234322050309 37.77765252504662))"
8C,2019-11-26 20:55:00+00:00,2019-11-26 22:55:00+00:00,0.0,34000.0,"POLYGON ((-91.20457265651062 33.774904836200875, -89.82197082311362 32.19441329504309, -92.53287004757625 30.138737836651895, -94.35096847175011 30.39094910831151, -91.20457265651062 33.774904836200875))"
10C,2019-11-26 21:55:00+00:00,2019-11-26 23:55:00+00:00,0.0,41000.0,"POLYGON ((-91.52899808448849 35.63804157700413, -88.2995198342207 34.70732305395598, -89.82051625721934 32.664972838062354, -92.72235659455748 30.798693907059313, -93.79425429127488 30.726429120294984, -91.52899808448849 35.63804157700413))"
9C,2019-11-26 21:55:00+00:00,2019-11-26 23:55:00+00:00,0.0,32000.0,"POLYGON ((-91.73600035653028 37.88676629511325, -92.2575652039583 34.8336803206645, -92.74 34.09184477868197, -94.8438734374506 34.918078013398485, -91.73600035653028 37.88676629511325))"
CHARLIE 5,2019-11-26 22:00:00+00:00,2019-11-27 02:00:00+00:00,0.0,46000.0,"POLYGON ((-52 31.15, -54 23.3, -56.3 23.3, -59.45 27.15, -59.15 30.45, -52 31.15))"
ROMEO 4,2019-11-26 22:38:00+00:00,2019-11-27 02:40:00+00:00,0.0,58000.0,"POLYGON ((151.2 17.1, 157.3 13.5, 148.3 14.2, 151.2 17.1))"
13C,2019-11-26 22:55:00+00:00,2019-11-27 00:55:00+00:00,0.0,25000.0,"POLYGON ((-96.82682352655912 39.18198755793214, -97.37605291838915 38.46863072885516, -98.22092105681212 38.457892198115346, -97.77147698842089 39.04754281768215, -96.82682352655912 39.18198755793214))"
11C,2019-11-26 22:55:00+00:00,2019-11-27 00:55:00+00:00,0.0,32000.0,"POLYGON ((-91.32304704344769 38.10071131032931, -89.64595112456749 37.85956162593002, -91.3479472659147 36.877868866166466, -91.34023482709601 35.340840671314346, -94.27 34.890893132790815, -91.32304704344769 38.10071131032931))"
12C,2019-11-26 22:55:00+00:00,2019-11-27 00:55:00+00:00,0.0,41000.0,"POLYGON ((-90.24847590940107 34.48543925521419, -88.1892814906357 33.60023685936897, -91.71645891735984 31.534248635523515, -93.17648818751815 31.258228469130618, -91.93881396190822 33.53405745010067, -90.24847590940107 34.48543925521419))"
18C,2019-11-26 23:55:00+00:00,2019-11-27 01:55:00+00:00,0.0,30000.0,"POLYGON ((-88.86000000000001 39.407262088527226, -88.51175364967199 38.515820689814504, -92.74202548542378 34.869711043060946, -93.60687825211451 34.43136999957722, -91.22919589003293 38.26939433341656, -88.86000000000001 39.407262088527226))"
19C,2019-11-26 23:55:00+00:00,2019-11-27 01:55:00+00:00,0.0,45000.0,"POLYGON ((-91.55457083736545 35.189541308570945, -87.9849858244047 34.30008931420955, -92.30500614597086 31.660551273972814, -94.15386729909429 32.76953036433165, -91.55457083736545 35.189541308570945))"
21C,2019-11-26 23:55:00+00:00,2019-11-27 01:55:00+00:00,0.0,30000.0,"POLYGON ((-94.83719203114421 37.15944702872854, -93.66558793976641 37.24887587051309, -95.29074662927528 35.01499575497537, -95.91527181970882 35.117057457839685, -94.83719203114421 37.15944702872854))"
20C,2019-11-26 23:55:00+00:00,2019-11-27 01:55:00+00:00,0.0,29000.0,"POLYGON ((-95.943122794071 39.995238906929515, -96.21 39.33257436347464, -96.93106926748271 39.14927805804594, -96.60971556787504 39.89262969966549, -95.943122794071 39.995238906929515))"
ROMEO 5,2019-11-27 00:37:00+00:00,2019-11-27 04:40:00+00:00,0.0,58000.0,"POLYGON ((150 18, 161.2 11.1, 148.5 15, 150 18))"
1C,2019-11-27 00:55:00+00:00,2019-11-27 02:55:00+00:00,0.0,30000.0,"POLYGON ((-87.9945962970591 39.73678704337051, -87.8556513375574 39.017861156669376, -90.82828597773091 38.139055752315244, -90.93099383894734 38.50620889701939, -87.9945962970591 39.73678704337051))"
4C,2019-11-27 00:55:00+00:00,2019-11-27 02:55:00+00:00,0.0,30000.0,"POLYGON ((-92.8838826985863 37.712085859526454, -93.88454284328219 35.78865416618056, -95.02654697919009 35.642310891519315, -93.91161127432188 37.5495776643868, -92.8838826985863 37.712085859526454))"
2C,2019-11-27 00:55:00+00:00,2019-11-27 02:55:00+00:00,0.0,40000.0,"POLYGON ((-89.88873082826868 35.82765630093168, -88.20244338585641 34.10444029904697, -92.91132564441557 30.906422997902656, -93.2926520940496 33.44977821270282, -89.88873082826868 35.82765630093168))"
3C,2019-11-27 00:55:00+00:00,2019-11-27 02:55:00+00:00,0.0,29000.0,"POLYGON ((-95.01333969832086 42.386420418758064, -93.82832333391985 41.4951872901044, -96.1455120488732 40.86260575389764, -96.27365255210707 41.33474494177745, -95.01333969832086 42.386420418758064))"
6C,2019-11-27 01:55:00+00:00,2019-11-27 03:55:00+00:00,0.0,38000.0,"POLYGON ((-89.7313885908923 36.01929752869163, -88.89514200440527 34.257930005316446, -92.93238029983739 30.07621380640228, -91.62056113678169 34.48772123099778, -89.7313885908923 36.01929752869163))"
5C,2019-11-27 01:55:00+00:00,2019-11-27 03:55:00+00:00,0.0,30000.0,"POLYGON ((-91.89351004335902 43.602534110636135, -89.80963439524919 42.119843486102276, -92.59 40.41914187884179, -95.51815175973773 41.570486304804184, -91.89351004335902 43.602534110636135))"
8C,2019-11-27 01:55:00+00:00,2019-11-27 03:55:00+00:00,0.0,30000.0,"POLYGON ((-91.82811541158017 38.50266285889733, -92.80542916263457 35.189541308570945, -94.00032222998817 34.85543517509248, -94.05753439318867 37.35777207267345, -91.82811541158017 38.50266285889733))"
7C,2019-11-27 01:55:00+00:00,2019-11-27 03:55:00+00:00,0.0,29000.0,"POLYGON ((-93.8737124970061 39.56342119983033, -92.7330252002244 38.64290231880947, -94.35960753473304 38.372154990525274, -94.52676580338797 38.88910658418766, -93.8737124970061 39.56342119983033))"
10C,2019-11-27 02:55:00+00:00,2019-11-27 04:55:00+00:00,0.0,42000.0,"POLYGON ((-88.01984939778161 36.578220932134634, -88.51 34.15547582294558, -91.3 30.979106867209182, -92.57576482033794 30.329918444256382, -89.61003222112043 35.784369232382, -88.01984939778161 36.578220932134634))"
9C,2019-11-27 02:55:00+00:00,2019-11-27 04:55:00+00:00,0.0,31000.0,"POLYGON ((-92.53221051056437 42.49900961081331, -90.23475296467979 42.046093408359944, -91.61472521334977 40.46434078096207, -92.9842258953669 41.43808081345296, -92.53221051056437 42.49900961081331))"
12C,2019-11-27 02:55:00+00:00,2019-11-27 04:55:00+00:00,0.0,34000.0,"POLYGON ((-93.20122149803207 39.65782507281647, -90.93549276097386 39.21203944064234, -91.42849394206678 37.031282275620306, -94.12 36.083631044263605, -93.20122149803207 39.65782507281647))"
11C,2019-11-27 02:55:00+00:00,2019-11-27 04:55:00+00:00,0.0,29000.0,"POLYGON ((-94.22854575078829 41.43855077151888, -93.35719885253604 40.905362549474624, -93.64325377865401 40.45719104188034, -94.97180166836905 41.16744799404709, -94.22854575078829 41.43855077151888))"
ROMEO 6,2019-11-27 03:17:00+00:00,2019-11-27 07:20:00+00:00,0.0,58000.0,"POLYGON ((151 17.5, 161.2 12.2, 148.1 14.5, 151 17.5))"
14C,2019-11-27 03:55:00+00:00,2019-11-27 05:55:00+00:00,0.0,34000.0,"POLYGON ((-90.71 43.06547582294557, -90.391537575488 37.97729979768656, -91.02896106219391 36.26367898684968, -92.4874126414713 34.064793788121676, -93.65 41.77273791147278, -90.71 43.06547582294557))"
13C,2019-11-27 03:55:00+00:00,2019-11-27 05:55:00+00:00,0.0,40000.0,"POLYGON ((-88.7029216974982 36.01841945391434, -87.11505811146993 35.78629015129647, -88.27974775251755 33.95090199307593, -90.62025737875608 31.42683058754843, -92.01527432167056 30.732715073732543, -88.7029216974982 36.01841945391434))"
ROMEO 7,2019-11-27 04:02:00+00:00,2019-11-27 08:00:00+00:00,0.0,58000.0,"POLYGON ((152.3 18, 161.5 10.5, 147.5 14.3, 152.3 18))"
DELTA 1,2019-11-27 04:40:00+00:00,2019-11-27 08:40:00+00:00,0.0,50000.0,"POLYGON ((-51.3 27.15, -51.15 22.45, -56.15 22.45, -55.3 26, -51.3 27.15))"
15C,2019-11-27 04:55:00+00:00,2019-11-27 06:55:00+00:00,0.0,40000.0,"POLYGON ((-86.88355589291147 37.28209881891041, -85.70978995831642 36.339555115290295, -88.8 32.71273791147279, -91.3 31.14547582294557, -89.98 35.352737911472786, -86.88355589291147 37.28209881891041))"
16C,2019-11-27 04:55:00+00:00,2019-11-27 06:55:00+00:00,0.0,34000.0,"POLYGON ((-91.29416057166773 43.60245499628869, -90.03413469843345 42.39801502377745, -89.30202840274664 38.47206848159452, -90.96727604635804 37.07949443936931, -93.17664190020948 41.791954743921785, -91.29416057166773 43.60245499628869))"
17C,2019-11-27 04:55:00+00:00,2019-11-27 06:55:00+00:00,0.0,34000.0,"POLYGON ((-89.44655593396831 36.12216064419529, -93.46613270090573 32.76953036433165, -93.81 33.059141878841785, -91.1544032115665 35.70912768372638, -89.44655593396831 36.12216064419529))"
20C,2019-11-27 05:55:00+00:00,2019-11-27 07:55:00+00:00,,,"POLYGON ((-89.52324316717534 36.09572886170603, -92.56897937687494 33.21472475712938, -93.83846478520026 32.52733079164096, -89.39281071058244 35.94411298434768, -92.55137839721719 33.22685309138166, -93.93369528247767 32.70320333750386, -92.66420987415235 33.39059730299228, -92.68181085381009 33.37846896874001, -89.52324316717534 36.09572886170603))"
19C,2019-11-27 05:55:00+00:00,2019-11-27 07:55:00+00:00,0.0,35000.0,"POLYGON ((-88.64364277022162 39.739799183705834, -88.25049335177371 38.85121722820007, -90.08161336228781 37.55226637196058, -88.64364277022162 39.739799183705834))"
18C,2019-11-27 05:55:00+00:00,2019-11-27 07:55:00+00:00,0.0,34000.0,"POLYGON ((-91.04210297223413 44.21588558881314, -88.82746791598113 42.95271812006603, -88.86000000000001 40.31828375768358, -90.33736429483255 39.12704568313888, -92.437055040044 42.1304162224233, -91.04210297223413 44.21588558881314))"
22C,2019-11-27 05:55:00+00:00,2019-11-27 07:55:00+00:00,0.0,39000.0,"POLYGON ((-84.84515954979733 38.097711818785335, -84.11 37.03, -86.51120969988423 35.03804078497704, -88.5674930635721 35.40428042802416, -86.31484045020265 38.097711818785335, -84.84515954979733 38.097711818785335))"
21C,2019-11-27 05:55:00+00:00,2019-11-27 07:55:00+00:00,0.0,44000.0,"POLYGON ((-88.5674930635721 35.40428042802416, -86.51120969988423 35.03804078497704, -88.93063638399444 32.112800348251504, -90.9367751453844 31.29822567990101, -90.28 33.46, -88.5674930635721 35.40428042802416))"
25C,2019-11-27 06:55:00+00:00,2019-11-27 08:55:00+00:00,,,"POLYGON ((-89.14054643806668 36.29295868043323, -92.32016263174191 33.30059059939058, -93.6846605239404 32.5282411641053, -89.01022822061279 36.14124460000677, -92.30426296523564 33.31175945964446, -93.78317940838171 32.70229296503951, -92.41868151618323 33.47464240032479, -92.4345811826895 33.46347354007091, -89.14054643806668 36.29295868043323))"
23C,2019-11-27 06:55:00+00:00,2019-11-27 08:55:00+00:00,0.0,33000.0,"POLYGON ((-90.61588188608728 44.64206568747065, -87.7490291635359 43.7906200029666, -87.7269447168087 40.558139432835716, -89.2548735565723 40.544692326261334, -92.07506109952874 42.70111697496717, -90.61588188608728 44.64206568747065))"
24C,2019-11-27 06:55:00+00:00,2019-11-27 08:55:00+00:00,0.0,34000.0,"POLYGON ((-87.7269447168087 40.558139432835716, -87.84586007168704 39.297477307934656, -88.73011668599193 37.6076769484504, -90.23 37.17089313279082, -89.2548735565723 40.544692326261334, -87.7269447168087 40.558139432835716))"
26C,2019-11-27 06:55:00+00:00,2019-11-27 08:55:00+00:00,0.0,40000.0,"POLYGON ((-86.83829458834961 36.44730575573324, -85.87291428622184 35.546066411267354, -86.9 33.67, -90.76389417974677 30.669903612897098, -91.83610582025322 30.669903612897098, -86.83829458834961 36.44730575573324))"
27C,2019-11-27 06:55:00+00:00,2019-11-27 08:55:00+00:00,0.0,26000.0,"POLYGON ((-92.14799080989619 41.59061838611526, -91.78435444625981 41.59061838611526, -91.78435444625981 41.2269820224789, -92.14799080989619 41.2269820224789, -92.14799080989619 41.59061838611526))"
ROMEO 8,2019-11-27 07:35:00+00:00,2019-11-27 11:40:00+00:00,0.0,58000.0,"POLYGON ((150.5 18.4, 161.3 11, 146.2 13.4, 150.5 18.4))"
30C,2019-11-27 07:55:00+00:00,2019-11-27 09:55:00+00:00,,,"POLYGON ((-87.12654911873122 36.34539304626314, -90.41469735719237 33.43785801774536, -92.29455136299124 32.32673924307046, -87.00099267507548 36.18971523969932, -90.40280211162647 33.44610583078325, -92.39631731551519 32.49891267571004, -90.51646330971631 33.61003145038494, -90.52835855528221 33.60178363734706, -87.12654911873122 36.34539304626314))"
28C,2019-11-27 07:55:00+00:00,2019-11-27 09:55:00+00:00,0.0,31000.0,"POLYGON ((-89.46 44.79815522131804, -87.48953211169459 44.55785931295662, -87.48557794239187 42.11658891124656, -88.52518185941312 41.486150889722836, -91.90625454591772 43.14063904777, -89.46 44.79815522131804))"
31C,2019-11-27 07:55:00+00:00,2019-11-27 09:55:00+00:00,0.0,42000.0,"POLYGON ((-84.91687826687163 35.895629023354104, -86.34470870315192 33.85975904923094, -89.84850227976207 30.946421966718926, -92.14813132561663 30.136494069969416, -87.88089904251443 35.47790203253922, -84.91687826687163 35.895629023354104))"
29C,2019-11-27 07:55:00+00:00,2019-11-27 09:55:00+00:00,0.0,35000.0,"POLYGON ((-86.8647925305505 41.359800079164295, -86.28 39.72, -89.46144564503014 37.054135107356664, -88.49672359584103 40.407267401091865, -86.8647925305505 41.359800079164295))"
DELTA 2,2019-11-27 08:30:00+00:00,2019-11-27 12:30:00+00:00,0.0,48000.0,"POLYGON ((-53 27, -50.45 24.45, -52.3 22.3, -56 22.45, -54.45 24.45, -55 26, -53 27))"
34C,2019-11-27 08:55:00+00:00,2019-11-27 10:55:00+00:00,,,"POLYGON ((-86.64828089894115 37.00265606340829, -90.03597450697859 33.53385114906983, -91.98556288469148 32.26865872182972, -86.51103352075023 36.85718043940303, -90.02178793319166 33.54499778423642, -92.09443711530854 32.43642761616817, -90.14484873759565 33.70162004340828, -90.15903531138258 33.69047340824168, -86.64828089894115 37.00265606340829))"
35C,2019-11-27 08:55:00+00:00,2019-11-27 10:55:00+00:00,0.0,38000.0,"POLYGON ((-86.24494188853008 35.78629015129647, -84.77432267960752 35.086755193544505, -89.36361027859151 30.978553101828062, -92.01154187387465 30.223401862014658, -90.67459149857919 31.65225625372726, -86.24494188853008 35.78629015129647))"
32C,2019-11-27 08:55:00+00:00,2019-11-27 10:55:00+00:00,0.0,31000.0,"POLYGON ((-87.1055127174231 44.87322028964482, -85.65891430936986 42.46911561052133, -89.12176860580935 43.73922838156718, -88.8392839869712 44.74916463865349, -87.1055127174231 44.87322028964482))"
33C,2019-11-27 08:55:00+00:00,2019-11-27 10:55:00+00:00,0.0,33000.0,"POLYGON ((-87.9 41.99, -86.09883987785074 41.36908877664638, -85.75780304522627 39.88480647876619, -88.83539251657837 36.95399259293308, -87.28716988673072 40.15909762747078, -87.9 41.99))"
36C,2019-11-27 08:55:00+00:00,2019-11-27 10:55:00+00:00,0.0,32000.0,"POLYGON ((-90.62009277536477 31.60617913757418, -91.91852657563555 30.257240831979, -94.73470555426249 29.737270973092, -92.5 31.26, -90.62009277536477 31.60617913757418))"
38C,2019-11-27 09:55:00+00:00,2019-11-27 11:55:00+00:00,0.0,35000.0,"POLYGON ((-86.00124653452164 40.72248389347238, -85.41484728383445 39.71678932401712, -87.76 37.43089313279082, -86.00124653452164 40.72248389347238))"
41C,2019-11-27 09:55:00+00:00,2019-11-27 11:55:00+00:00,0.0,34000.0,"POLYGON ((-89.55484358918407 32.23782571890556, -87.89318844675336 32.058419402958876, -90.94376256271997 30.35218257689585, -94.98536704089454 29.19097370021501, -95.07907030424181 29.724441624178603, -89.55484358918407 32.23782571890556))"
39C,2019-11-27 09:55:00+00:00,2019-11-27 11:55:00+00:00,0.0,39000.0,"POLYGON ((-86.35855722106766 37.84276082397626, -85.67344249643658 36.67286716702833, -88.87806257686485 33.362122493947865, -91.13179596163505 32.19840184218151, -87.88089904251443 35.47790203253922, -86.35855722106766 37.84276082397626))"
1E,2019-11-27 09:55:00+00:00,2019-11-27 11:55:00+00:00,0.0,29000.0,"POLYGON ((-84.3543687990901 34.34579532152203, -83.99073243545372 34.34579532152203, -83.99073243545372 33.98215895788567, -84.3543687990901 33.98215895788567, -84.3543687990901 34.34579532152203))"
37C,2019-11-27 09:55:00+00:00,2019-11-27 11:55:00+00:00,0.0,31000.0,"POLYGON ((-90.89181818181818 42.437247242397284, -90.5281818181818 42.437247242397284, -90.5281818181818 42.073610878760924, -90.89181818181818 42.073610878760924, -90.89181818181818 42.437247242397284))"
40C,2019-11-27 09:55:00+00:00,2019-11-27 11:55:00+00:00,0.0,39000.0,"POLYGON ((-84.54770640145541 35.6769055099082, -85.89990565658027 33.04810125015075, -88.0116356153903 32.10092122867913, -89.62613935779306 32.26313805935371, -85.65144758384676 35.36787956605665, -84.54770640145541 35.6769055099082))"
42C,2019-11-27 10:55:00+00:00,2019-11-27 12:55:00+00:00,0.0,24000.0,"POLYGON ((-89.33469464963017 43.85589556724953, -87.88387679324956 43.11931680412019, -90.04305422847796 43.75410579197134, -89.33469464963017 43.85589556724953))"
3E,2019-11-27 10:55:00+00:00,2019-11-27 12:55:00+00:00,0.0,40000.0,"POLYGON ((-83.45236245620694 36.25212926975614, -83.3 35.199106867209174, -86.01691774581529 32.834458328288214, -87.67046507437854 32.781320584026915, -85.75899189769076 34.95848012104866, -83.45236245620694 36.25212926975614))"
43C,2019-11-27 10:55:00+00:00,2019-11-27 12:55:00+00:00,0.0,36000.0,"POLYGON ((-85.85493926733974 36.45799927137958, -86.28052244395144 35.33676991516702, -89.07932756945114 32.61497343257922, -90.81348562022814 31.769376365022016, -85.85493926733974 36.45799927137958))"
44C,2019-11-27 10:55:00+00:00,2019-11-27 12:55:00+00:00,0.0,36000.0,"POLYGON ((-87.67046507437854 32.781320584026915, -86.01691774581529 32.834458328288214, -88.77208472143745 31.08227108564997, -94.84104837561198 28.883088123032397, -94.17227936058497 29.753723960894575, -87.67046507437854 32.781320584026915))"
2E,2019-11-27 10:55:00+00:00,2019-11-27 12:55:00+00:00,0.0,31000.0,"POLYGON ((-85.22437739394573 39.78388980682358, -85.08027585869135 39.645200414520744, -87.01264498399657 37.63742351816954, -87.15674651925094 37.77611291047238, -85.22437739394573 39.78388980682358))"
ROMEO 9,2019-11-27 11:20:00+00:00,2019-11-27 15:20:00+00:00,0.0,55000.0,"POLYGON ((149.3 19.1, 161.5 11.3, 145.3 14.2, 149.3 19.1))"
SIERRA 1,2019-11-27 11:24:00+00:00,2019-11-27 15:25:00+00:00,0.0,57000.0,"POLYGON ((166.2 11.2, 172.3 6.3, 163 7.1, 166.2 11.2))"
DELTA 3,2019-11-27 11:45:00+00:00,2019-11-27 15:45:00+00:00,0.0,48000.0,"POLYGON ((-50 28, -49.45 25, -54 22, -56 22.3, -53 24.3, -53.15 26.45, -50 28))"
45C,2019-11-27 11:55:00+00:00,2019-11-27 13:55:00+00:00,0.0,35000.0,"POLYGON ((-86.47811248651783 34.70581733632313, -85.43907463586413 33.510905527783166, -87.6714953229023 31.316386786392243, -94.40727117481036 29.13316059272878, -89.68349639873477 32.07639247097633, -86.47811248651783 34.70581733632313))"
ECHO 1,2019-11-27 12:45:00+00:00,2019-11-27 16:45:00+00:00,0.0,40000.0,"POLYGON ((-54.3 29.45, -53.3 28.3, -56 27, -57 28, -54.3 29.45))"
46C,2019-11-27 12:55:00+00:00,2019-11-27 14:55:00+00:00,0.0,36000.0,"POLYGON ((-86.9 33.67, -84.44 33.63, -86.61901039387087 31.604828217834875, -92.81733287662304 29.524855935199767, -93.65155372956802 29.668326172639098, -86.9 33.67))"
47C,2019-11-27 13:55:00+00:00,2019-11-27 15:55:00+00:00,0.0,33000.0,"POLYGON ((-84.2401891898608 33.629839338040235, -85.26726069029438 31.656276482818313, -92.16561299927645 29.313136185217296, -93.65155372956802 29.668326172639098, -84.2401891898608 33.629839338040235))"
48C,2019-11-27 14:55:00+00:00,2019-11-27 16:55:00+00:00,0.0,34000.0,"POLYGON ((-84.79062782304024 32.69637597703662, -85.36901924384196 31.273458639239355, -90 29.85, -90.89196177460435 30.12644293632149, -84.79062782304024 32.69637597703662))"
ROMEO 10,2019-11-27 15:12:00+00:00,2019-11-27 19:15:00+00:00,0.0,58000.0,"POLYGON ((150.2 19.2, 158.1 13, 143.1 14.3, 150.2 19.2))"
SIERRA 2,2019-11-27 15:16:00+00:00,2019-11-27 19:20:00+00:00,0.0,55000.0,"POLYGON ((160.1 11, 172.1 7.3, 156.2 9, 160.1 11))"
49C,2019-11-27 15:55:00+00:00,2019-11-27 17:55:00+00:00,0.0,32000.0,"POLYGON ((-84.5599079878936 32.36838044557894, -84.8306234293112 31.467860282199958, -88.63304941424472 30.4944329485803, -88.36 31.395475822945567, -84.5599079878936 32.36838044557894))"
4E,2019-11-27 15:55:00+00:00,2019-11-27 17:55:00+00:00,0.0,30000.0,"POLYGON ((-84.4491264792337 43.64005675194696, -82.6441966593915 43.126408807860756, -83.00871428825957 42.320083561203475, -85.22047103062306 42.99411495040479, -84.4491264792337 43.64005675194696))"
5E,2019-11-27 16:55:00+00:00,2019-11-27 18:55:00+00:00,0.0,30000.0,"POLYGON ((-83.88738961725177 44.80184685536074, -82.23255850612702 43.61189079505375, -82.45969464244027 42.79858889024914, -84.24194397558863 43.4122449615857, -83.88738961725177 44.80184685536074))"
50C,2019-11-27 16:55:00+00:00,2019-11-27 18:55:00+00:00,0.0,32000.0,"POLYGON ((-84.37844765119132 32.43322743954524, -84.29 31.4936310442636, -88.36 30.230893132790825, -88.21139120314774 31.037325110449682, -84.37844765119132 32.43322743954524))"
FOXTROT 1,2019-11-27 17:25:00+00:00,2019-11-27 21:25:00+00:00,35000.0,45000.0,"POLYGON ((-62.15 43, -59.45 38, -64.3 35.3, -68.45 41.3, -62.15 43))"
7E,2019-11-27 17:55:00+00:00,2019-11-27 19:55:00+00:00,0.0,32000.0,"POLYGON ((-76.2 43.32636895573639, -75.68 41.245475822945565, -77.37957602729944 40.5348694534449, -77.81377599038872 42.67228245448251, -76.2 43.32636895573639))"
6E,2019-11-27 17:55:00+00:00,2019-11-27 19:55:00+00:00,0.0,30000.0,"POLYGON ((-82.55764365569759 45.03520065972292, -82.23255850612702 43.61189079505375, -82.29876343939063 43.131892900896126, -83.71826702726635 44.21424742971794, -82.55764365569759 45.03520065972292))"
8E,2019-11-27 17:55:00+00:00,2019-11-27 19:55:00+00:00,0.0,32000.0,"POLYGON ((-83.51891658023763 32.42279953972168, -84.09584017617053 31.259154555398418, -86.68 30.83, -86.32 31.64171624231642, -83.51891658023763 32.42279953972168))"
10E,2019-11-27 18:55:00+00:00,2019-11-27 20:55:00+00:00,0.0,32000.0,"POLYGON ((-75.70455990738718 44.19989240037586, -77.33700759991169 41.978834425529676, -79.18944662800578 41.14384860094373, -78.29866494279787 43.544285639929164, -75.70455990738718 44.19989240037586))"
12E,2019-11-27 18:55:00+00:00,2019-11-27 20:55:00+00:00,0.0,30000.0,"POLYGON ((-76.15141618181048 42.31167333771843, -74.9051193759786 42.18658707814389, -75.68 40.58, -76.90227782017384 40.60728894863614, -76.15141618181048 42.31167333771843))"
9E,2019-11-27 18:55:00+00:00,2019-11-27 20:55:00+00:00,0.0,30000.0,"POLYGON ((-82.55764365569759 45.03520065972292, -82.31931268156929 44.126647723900504, -82.73608893990435 43.977562342688486, -83.56931768490983 44.7572699550782, -82.55764365569759 45.03520065972292))"
11E,2019-11-27 18:55:00+00:00,2019-11-27 20:55:00+00:00,0.0,29000.0,"POLYGON ((-82.9215523488087 32.43322743954524, -83.4086573994292 31.218523656469078, -86.32247702189 30.70217578748334, -85.62918498458123 31.629916575488494, -82.9215523488087 32.43322743954524))"
SIERRA 3,2019-11-27 19:01:00+00:00,2019-11-27 23:00:00+00:00,0.0,60000.0,"POLYGON ((159.3 11.3, 172.3 5.1, 157.3 7, 159.3 11.3))"
ROMEO 11,2019-11-27 19:03:00+00:00,2019-11-27 23:05:00+00:00,0.0,57000.0,"POLYGON ((151.5 15.2, 154 10.5, 145.2 13.2, 151.5 15.2))"
13E,2019-11-27 19:55:00+00:00,2019-11-27 21:55:00+00:00,0.0,38000.0,"POLYGON ((-74.50272888424688 44.973460817092686, -73.8 42.75, -75.21285642958385 40.931983706994544, -77.67479686617796 43.63173431424879, -74.50272888424688 44.973460817092686))"
FOXTROT 2,2019-11-27 20:40:00+00:00,2019-11-28 00:40:00+00:00,35000.0,45000.0,"POLYGON ((-60.15 43.3, -55.45 38.3, -63 35.15, -66.45 39, -67 42, -60.15 43.3))"
14E,2019-11-27 20:55:00+00:00,2019-11-27 22:55:00+00:00,0.0,38000.0,"POLYGON ((-74.0667482360786 45.09914202864682, -72.69 41.94, -78.30026907171698 40.68430215516226, -77.67479686617796 43.63173431424879, -74.0667482360786 45.09914202864682))"
1W,2019-11-27 20:55:00+00:00,2019-11-27 22:55:00+00:00,0.0,25000.0,"POLYGON ((-119.54138238361331 37.41394027382941, -118.18672041178584 37.19786444382048, -119.23543114864074 35.21279199881741, -120.10842436355662 35.177365196989555, -119.54138238361331 37.41394027382941))"
15E,2019-11-27 21:55:00+00:00,2019-11-27 23:55:00+00:00,0.0,38000.0,"POLYGON ((-72.99031350890526 45.010969060888435, -71.60141664382905 42.02728273119341, -73.75274491867567 41.655537797265765, -74.72 45.0763689557364, -72.99031350890526 45.010969060888435))"
2W,2019-11-27 21:55:00+00:00,2019-11-27 23:55:00+00:00,0.0,25000.0,"POLYGON ((-119.41796317063881 37.64785010361082, -118.54522728359069 36.55467080038001, -118.9113966828665 35.416186599620595, -120.0813592047527 35.124425422994655, -119.41796317063881 37.64785010361082))"
GOLF 1,2019-11-27 22:25:00+00:00,2019-11-28 02:25:00+00:00,0.0,45000.0,"POLYGON ((-50.15 29.3, -45.3 28.45, -45.45 25.15, -54.3 20, -58 22.15, -50.15 29.3))"
SIERRA 4,2019-11-27 22:47:00+00:00,2019-11-28 02:50:00+00:00,0.0,58000.0,"POLYGON ((156.4 11.5, 164.1 9.3, 156.4 7.4, 156.4 11.5))"
3W,2019-11-27 22:55:00+00:00,2019-11-28 00:55:00+00:00,0.0,25000.0,"POLYGON ((-119.22806598004561 37.34909836278208, -118.48276850030612 36.42682446834129, -118.52549589810526 35.00807349408266, -121.02660956414618 36.46762451394919, -119.22806598004561 37.34909836278208))"
17E,2019-11-27 22:55:00+00:00,2019-11-28 00:55:00+00:00,0.0,24000.0,"POLYGON ((-75.89251723525533 43.130182504427474, -75.77638580081648 42.96735286973165, -77.36240568751737 41.836190444444725, -77.47853712195621 41.99902007914055, -75.89251723525533 43.130182504427474))"
16E,2019-11-27 22:55:00+00:00,2019-11-28 00:55:00+00:00,0.0,34000.0,"POLYGON ((-73.49529027706423 44.90345492723534, -72.01378170990536 44.76906201791453, -71.55471417807927 40.91747037888307, -72.85782772481903 40.5098380105612, -73.49529027706423 44.90345492723534))"
19E,2019-11-27 23:55:00+00:00,2019-11-28 01:55:00+00:00,0.0,23000.0,"POLYGON ((-75.05969216832543 43.15433772319874, -74.47966877465136 42.74799053638802, -76.34992582273304 41.73704900914087, -76.2 42.49452417705442, -75.05969216832543 43.15433772319874))"
18E,2019-11-27 23:55:00+00:00,2019-11-28 01:55:00+00:00,0.0,32000.0,"POLYGON ((-71.60035501611098 44.86244893463264, -69.00656394754279 43.41879736506861, -70.49710219604401 40.92613127388506, -71.54842643834364 40.32921300546384, -72.22078627736241 42.74764083439364, -71.60035501611098 44.86244893463264))"
1E,2019-11-28 00:55:00+00:00,2019-11-28 02:55:00+00:00,0.0,32000.0,"POLYGON ((-70.48069092750141 44.780600546930884, -69.00656394754279 43.41879736506861, -70.03 38.78446566395412, -71.33607441871698 39.071297915783774, -72.13737993999646 44.55461923725309, -70.48069092750141 44.780600546930884))"
1W,2019-11-28 00:55:00+00:00,2019-11-28 02:55:00+00:00,0.0,29000.0,"POLYGON ((-121.73370185824845 41.021135170871965, -122.24 40.1, -122.89248261462917 40.09816946391562, -122.66094124137632 40.8677671495905, -121.73370185824845 41.021135170871965))"
2E,2019-11-28 00:55:00+00:00,2019-11-28 02:55:00+00:00,0.0,23000.0,"POLYGON ((-75.1502483015724 42.543848713903586, -75.039802282873 42.377110365124864, -75.98186740893611 41.75309469451692, -76.09231342763552 41.91983304329564, -75.1502483015724 42.543848713903586))"
2E,2019-11-28 01:55:00+00:00,2019-11-28 03:55:00+00:00,0.0,30000.0,"POLYGON ((-68.60808196405806 40.825551519565714, -68.9609888033428 39.27681015139469, -70.03 38.950834619690504, -70.03 40.28178626558165, -68.60808196405806 40.825551519565714))"
2W,2019-11-28 01:55:00+00:00,2019-11-28 03:55:00+00:00,0.0,31000.0,"POLYGON ((-121.81905875862368 40.8677671495905, -122.0859391859076 40.21753865935158, -122.64263550837654 40.22663693552851, -122.66094124137632 40.8677671495905, -121.81905875862368 40.8677671495905))"
3E,2019-11-28 01:55:00+00:00,2019-11-28 03:55:00+00:00,0.0,26000.0,"POLYGON ((-70.83734374916804 44.88948555597128, -68.87 44.84, -68.87 43.972574363474635, -71.24238959042914 44.08363962748524, -70.83734374916804 44.88948555597128))"
GOLF 2,2019-11-28 02:20:00+00:00,2019-11-28 06:20:00+00:00,0.0,45000.0,"POLYGON ((-47.45 29, -45 26, -53.45 19.45, -56.3 22.15, -47.45 29))"
4E,2019-11-28 02:55:00+00:00,2019-11-28 04:55:00+00:00,0.0,28000.0,"POLYGON ((-67.15305874683217 41.24417760921642, -67.30044754029973 39.129660194324835, -70.78573254774315 37.98920689375615, -68.03789218023333 41.262827174738, -67.15305874683217 41.24417760921642))"
3W,2019-11-28 02:55:00+00:00,2019-11-28 04:55:00+00:00,0.0,27000.0,"POLYGON ((-122.66094124137632 40.8677671495905, -121.90402110764884 40.71433649880541, -122.15695450354507 39.94626543879571, -122.64263550837654 40.22663693552851, -122.66094124137632 40.8677671495905))"
SIERRA 5,2019-11-28 02:55:00+00:00,2019-11-28 07:00:00+00:00,0.0,58000.0,"POLYGON ((161.2 10.3, 170.1 10.3, 163.1 6.3, 161.2 10.3))"
5E,2019-11-28 03:55:00+00:00,2019-11-28 05:55:00+00:00,0.0,34000.0,"POLYGON ((-66.80889025182304 40.21603622357932, -67.00761984485005 38.886886920236115, -71.72365987375426 36.58846161210729, -70.03 38.78446566395412, -66.80889025182304 40.21603622357932))"
HOTEL 1,2019-11-28 04:30:00+00:00,2019-11-28 08:30:00+00:00,0.0,40000.0,"POLYGON ((-63.3 39.45, -67.3 37, -71.3 37, -68.15 39.45, -63.3 39.45))"
6E,2019-11-28 04:55:00+00:00,2019-11-28 06:55:00+00:00,0.0,34000.0,"POLYGON ((-66.80889025182304 40.21603622357932, -67.15378242906115 39.00836505537713, -70.03 38.28535879674494, -68.8813193150752 39.12232121281624, -66.80889025182304 40.21603622357932))"
1C,2019-11-28 05:55:00+00:00,2019-11-28 07:55:00+00:00,0.0,28000.0,"POLYGON ((-100.84585029239267 30.003450721276703, -100.69414970760735 29.873116794090446, -101.19177698611595 29.29390959313656, -101.34347757090127 29.42424352032282, -100.84585029239267 30.003450721276703))"
GOLF 3,2019-11-28 06:00:00+00:00,2019-11-28 10:00:00+00:00,0.0,40000.0,"POLYGON ((-46 28.3, -44.15 27.45, -53.15 21.45, -54.15 22.45, -46 28.3))"
SIERRA 6,2019-11-28 06:50:00+00:00,2019-11-28 10:50:00+00:00,0.0,57000.0,"POLYGON ((159.4 11.3, 170.2 8, 162.1 5.3, 158.2 9.2, 159.4 11.3))"
2C,2019-11-28 07:55:00+00:00,2019-11-28 09:55:00+00:00,0.0,28000.0,"POLYGON ((-100.50569728540236 30.780847386334173, -100.14206092176599 30.780847386334173, -100.14206092176599 30.417211022697806, -100.50569728540236 30.417211022697806, -100.50569728540236 30.780847386334173))"
HOTEL 2,2019-11-28 08:00:00+00:00,2019-11-28 12:00:00+00:00,0.0,35000.0,"POLYGON ((-64 40.45, -60.15 40.3, -65 37, -68.15 37.45, -64 40.45))"
3C,2019-11-28 08:55:00+00:00,2019-11-28 10:55:00+00:00,0.0,35000.0,"POLYGON ((-99.682568551878 32.00070053480312, -99.51584503250689 31.890232131680275, -100.40847355454707 30.543039952935047, -100.57519707391819 30.65350835605789, -99.682568551878 32.00070053480312))"
4C,2019-11-28 09:55:00+00:00,2019-11-28 11:55:00+00:00,,,"POLYGON ((-97.24460990101244 32.9036493200429, -99.7794872996349 32.37154676470436, -99.84434267308339 32.32570880162947, -100.4430218601703 31.34305609865927, -99.73840024862454 32.17581262297309, -97.20352285000209 32.70791517831164, -100.272224062263 31.23899788307778, -99.67354487517605 32.22165058604798, -97.24460990101244 32.9036493200429))"
SIERRA 7,2019-11-28 10:28:00+00:00,2019-11-28 14:30:00+00:00,0.0,57000.0,"POLYGON ((159 11.5, 170.1 8.2, 160.4 5.1, 156.1 6.2, 159 11.5))"
5C,2019-11-28 10:55:00+00:00,2019-11-28 12:55:00+00:00,0.0,39000.0,"POLYGON ((-97.04 33.53547582294557, -95.85156491157714 32.864381406522625, -96.99287885792052 31.89498192102962, -100.06029823054763 31.369410947142324, -97.04 33.53547582294557))"
HOTEL 3,2019-11-28 11:45:00+00:00,2019-11-28 15:45:00+00:00,0.0,38000.0,"POLYGON ((-58.3 39, -63.45 35.15, -67 36, -63.15 39, -58.3 39))"
6C,2019-11-28 11:55:00+00:00,2019-11-28 13:55:00+00:00,0.0,39000.0,"POLYGON ((-97.17 33.92085812115822, -95.08015744161608 33.08740075653429, -96.56381691019786 32.703122937839986, -99.3774569289416 32.07017041893711, -97.17 33.92085812115822))"
4W,2019-11-28 11:55:00+00:00,2019-11-28 13:55:00+00:00,0.0,25000.0,"POLYGON ((-118.77290006659655 34.16703823426714, -118.40926370296017 34.16703823426714, -118.40926370296017 33.80340187063078, -118.77290006659655 33.80340187063078, -118.77290006659655 34.16703823426714))"
7C,2019-11-28 12:55:00+00:00,2019-11-28 14:55:00+00:00,0.0,43000.0,"POLYGON ((-96.96882434302213 34.20983578713338, -94.78029961419979 34.09617979979481, -94.62181367548587 33.31777623852337, -98.1332844701675 32.483241255426236, -96.96882434302213 34.20983578713338))"
8C,2019-11-28 13:55:00+00:00,2019-11-28 15:55:00+00:00,0.0,34000.0,"POLYGON ((-95.96744119424149 34.91352289765027, -94.07000000000001 34.17547582294556, -94.2544805571433 33.57352995440802, -97.95829739608767 33.18498112909956, -95.96744119424149 34.91352289765027))"
SIERRA 8,2019-11-28 14:08:00+00:00,2019-11-28 18:10:00+00:00,0.0,55000.0,"POLYGON ((160.2 12, 168.4 9.2, 155.3 5.3, 155.2 10.2, 160.2 12))"
5W,2019-11-28 14:55:00+00:00,2019-11-28 16:55:00+00:00,0.0,22000.0,"POLYGON ((-117.42830744134493 33.18054232286285, -118.07436202002994 32.061574072461596, -119.15117456689197 32.45866188473589, -117.42830744134493 33.18054232286285))"
9C,2019-11-28 15:10:00+00:00,2019-11-28 16:55:00+00:00,0.0,34000.0,"POLYGON ((-95.17182327856774 34.848486326228624, -92.74202548542378 34.869711043060946, -93.68476638691838 34.277929553358355, -95.06832228897655 34.25971971085531, -95.17182327856774 34.848486326228624))"
TANGO 1,2019-11-28 15:19:00+00:00,2019-11-28 19:20:00+00:00,0.0,53000.0,"POLYGON ((142.5 21, 148.1 21, 142 18, 142.5 21))"
HOTEL 4,2019-11-28 15:45:00+00:00,2019-11-28 19:45:00+00:00,0.0,41000.0,"POLYGON ((-57 43.15, -54.3 41.45, -61 34.3, -66.45 33.3, -57 43.15))"
10C,2019-11-28 15:55:00+00:00,2019-11-28 17:55:00+00:00,0.0,31000.0,"POLYGON ((-93.44799922043906 35.66384384940356, -92.50440878747109 34.5689202925959, -94.33707034956592 34.04397844518966, -95.27923390612148 35.25788377307928, -93.44799922043906 35.66384384940356))"
6W,2019-11-28 15:55:00+00:00,2019-11-28 17:55:00+00:00,0.0,22000.0,"POLYGON ((-117.78441855286766 34.14961632934665, -117.23 33.213712818262685, -118.33720811816096 32.3878518143566, -117.78441855286766 34.14961632934665))"
11C,2019-11-28 16:55:00+00:00,2019-11-28 18:55:00+00:00,0.0,27000.0,"POLYGON ((-92.67601180891022 36.24132260444729, -91.89307299182633 34.914945364009576, -93.8831814328102 34.62085722434349, -93.96272271195734 35.94248716554231, -92.67601180891022 36.24132260444729))"
7W,2019-11-28 16:55:00+00:00,2019-11-28 18:55:00+00:00,0.0,27000.0,"POLYGON ((-117.94800948789748 33.76308588548984, -116.96518761496178 33.31398630838453, -118.19389567690675 31.958486361134213, -117.94800948789748 33.76308588548984))"
12C,2019-11-28 17:55:00+00:00,2019-11-28 19:55:00+00:00,0.0,26000.0,"POLYGON ((-93.29482275630536 36.24716639307991, -91.97961632213422 36.1055952070775, -91.60450117321743 35.14921248092541, -93.8831814328102 34.62085722434349, -93.29482275630536 36.24716639307991))"
8W,2019-11-28 17:55:00+00:00,2019-11-28 19:55:00+00:00,0.0,28000.0,"POLYGON ((-116.95551738970968 34.39008595206773, -117.23 32.78, -118.19389567690675 31.958486361134213, -118.10762718021746 34.040229930626005, -116.95551738970968 34.39008595206773))"
9W,2019-11-28 18:55:00+00:00,2019-11-28 20:55:00+00:00,0.0,25000.0,"POLYGON ((-116.95551738970968 34.39008595206773, -117.23 32.78, -118.19389567690675 31.958486361134213, -118.10762718021746 34.040229930626005, -116.95551738970968 34.39008595206773))"
HOTEL 5,2019-11-28 19:45:00+00:00,2019-11-28 23:45:00+00:00,0.0,41000.0,"POLYGON ((-53 42.3, -58.45 33.3, -63.45 33, -58 41.15, -53 42.3))"
10W,2019-11-28 19:55:00+00:00,2019-11-28 21:55:00+00:00,0.0,24000.0,"POLYGON ((-117.39229602573437 34.47810789255225, -116.63636540990075 32.778600127109826, -117.75380170312255 31.70297366692366, -118.22948812042308 33.92983750740147, -117.39229602573437 34.47810789255225))"
11W,2019-11-28 20:55:00+00:00,2019-11-28 22:55:00+00:00,0.0,23000.0,"POLYGON ((-117.07863648781588 34.28729644294751, -116.71414335828125 32.7789429207764, -117.23 31.912574363474636, -118.26891811522167 33.98522005244896, -117.07863648781588 34.28729644294751))"
HOTEL 6,2019-11-28 21:40:00+00:00,2019-11-29 01:40:00+00:00,0.0,42000.0,"POLYGON ((-51.3 42.3, -57.3 31, -61.45 32.3, -57.3 41, -51.3 42.3))"
12W,2019-11-28 21:55:00+00:00,2019-11-28 23:55:00+00:00,0.0,26000.0,"POLYGON ((-114.96533993865839 34.36008707358385, -115.63157287062373 32.765773439940624, -117.49165104757137 32.24546321534293, -118.29622152344005 34.197059993477865, -116.5072614686786 33.629514723744855, -114.96533993865839 34.36008707358385))"
13W,2019-11-28 22:55:00+00:00,2019-11-29 00:55:00+00:00,0.0,27000.0,"POLYGON ((-114.64599507864607 34.7698733749547, -115.11579868075879 32.7689433260339, -116.86648233078401 32.47279345259233, -116.16 33.919141878841785, -114.64599507864607 34.7698733749547))"
14W,2019-11-28 23:55:00+00:00,2019-11-29 01:55:00+00:00,0.0,30000.0,"POLYGON ((-114.01336903145774 36.45654880756245, -114.96507087465454 32.64213722871149, -116.50082365213369 32.52322015852674, -115.45199369182347 36.314927501045084, -114.01336903145774 36.45654880756245))"
15W,2019-11-28 23:55:00+00:00,2019-11-29 01:55:00+00:00,0.0,24000.0,"POLYGON ((-119.82000000000001 36.59085812115821, -119.1 35.624570939420906, -119.39644975686302 34.81611340744115, -120.16284225771123 36.2116752225727, -119.82000000000001 36.59085812115821))"
1W,2019-11-29 00:55:00+00:00,2019-11-29 02:55:00+00:00,0.0,35000.0,"POLYGON ((-113.84319147271717 37.17058160629867, -114.46027779358978 32.65228182633036, -116.31918408051784 32.45836908537773, -115.15999999999998 36.579106867209184, -113.84319147271717 37.17058160629867))"
2W,2019-11-29 00:55:00+00:00,2019-11-29 02:55:00+00:00,0.0,23000.0,"POLYGON ((-119.43632815605767 36.75204962356267, -119.02196505124739 35.3262699939297, -119.53150377356658 35.12630902203381, -120.13584346766154 36.264761261927326, -119.43632815605767 36.75204962356267))"
3W,2019-11-29 00:55:00+00:00,2019-11-29 02:55:00+00:00,0.0,26000.0,"POLYGON ((-119.67191633908995 34.47548521280517, -119.12646179363541 34.47548521280517, -119.12646179363541 33.93003066735062, -119.67191633908995 33.93003066735062, -119.67191633908995 34.47548521280517))"
HOTEL 7,2019-11-29 01:05:00+00:00,2019-11-29 05:05:00+00:00,0.0,41000.0,"POLYGON ((-54 42, -50 39.3, -56 30.15, -60 31.45, -55.3 37.45, -54 42))"
INDIA 1,2019-11-29 01:05:00+00:00,2019-11-29 05:05:00+00:00,0.0,30000.0,"POLYGON ((-56.3 44.15, -54 42, -55 39.15, -58.3 38.15, -60.45 41.15, -56.3 44.15))"
6W,2019-11-29 01:55:00+00:00,2019-11-29 03:55:00+00:00,0.0,26000.0,"POLYGON ((-119.39644975686302 34.81611340744115, -118.43 34.363712818262684, -118.92047661838627 33.520118155475714, -119.83703232139075 34.37641555338811, -119.39644975686302 34.81611340744115))"
4W,2019-11-29 01:55:00+00:00,2019-11-29 03:55:00+00:00,0.0,30000.0,"POLYGON ((-113.4034251056674 35.88705529123142, -114.46880009453491 32.50279933016782, -115.83031293873334 32.961731142963146, -114.95567366264117 35.67912787456118, -113.4034251056674 35.88705529123142))"
5W,2019-11-29 01:55:00+00:00,2019-11-29 03:55:00+00:00,0.0,27000.0,"POLYGON ((-119.277793096361 36.87876840732514, -118.74492916687848 35.47947998683009, -119.3504376318351 35.27528690079788, -120.87913467407044 36.65782798581064, -119.277793096361 36.87876840732514))"
7W,2019-11-29 02:55:00+00:00,2019-11-29 04:55:00+00:00,0.0,30000.0,"POLYGON ((-114.72134978882352 36.43212400682935, -113.54 36.285475822945564, -114.18193424955842 32.41638345396659, -115.39141740390579 32.767512318614735, -114.72134978882352 36.43212400682935))"
8W,2019-11-29 02:55:00+00:00,2019-11-29 04:55:00+00:00,0.0,24000.0,"POLYGON ((-118.98806624864334 36.87710052349026, -118.28280023245188 35.47724547376763, -119.1 35.48, -119.66144920328557 36.57248477282879, -118.98806624864334 36.87710052349026))"
9W,2019-11-29 02:55:00+00:00,2019-11-29 04:55:00+00:00,0.0,23000.0,"POLYGON ((-119.39644975686302 34.81611340744115, -118.43 34.508283757683586, -118.59087274642025 33.87457048209812, -119.63614887842971 34.24279467685151, -119.39644975686302 34.81611340744115))"
10W,2019-11-29 03:55:00+00:00,2019-11-29 05:55:00+00:00,0.0,30000.0,"POLYGON ((-114.20524165316245 36.39455270907213, -112.95769677829135 36.089164505033914, -113.87090477926517 32.5132209682483, -115.19356789128213 32.768600663783694, -114.20524165316245 36.39455270907213))"
1C,2019-11-29 03:55:00+00:00,2019-11-29 05:55:00+00:00,0.0,36000.0,"POLYGON ((-105.8553300232694 32.45783231793845, -105.12805729599668 32.45783231793845, -105.12805729599668 31.730559590665717, -105.8553300232694 31.730559590665717, -105.8553300232694 32.45783231793845))"
11W,2019-11-29 03:55:00+00:00,2019-11-29 05:55:00+00:00,0.0,26000.0,"POLYGON ((-117.6225010777477 34.20399143278861, -116.65345077959827 34.03792968524566, -117.23 32.49085812115821, -118.08974896424401 32.777063724756616, -117.6225010777477 34.20399143278861))"
HOTEL 8,2019-11-29 04:45:00+00:00,2019-11-29 08:45:00+00:00,0.0,40000.0,"POLYGON ((-52.3 40.15, -47.3 39.45, -53 30.15, -57.15 32.45, -53.45 35.45, -52.3 40.15))"
INDIA 2,2019-11-29 04:45:00+00:00,2019-11-29 08:45:00+00:00,0.0,31000.0,"POLYGON ((-56.15 43.3, -55.15 39.15, -59 34.3, -61.45 36.3, -60.15 42.3, -56.15 43.3))"
12W,2019-11-29 04:55:00+00:00,2019-11-29 06:55:00+00:00,0.0,30000.0,"POLYGON ((-114.47 35.26910686720919, -112.96450927824249 35.148066444228085, -113.87090477926517 32.5132209682483, -115.19356789128213 32.768600663783694, -114.47 35.26910686720919))"
13W,2019-11-29 04:55:00+00:00,2019-11-29 06:55:00+00:00,0.0,24000.0,"POLYGON ((-119.20913163148592 34.69971920487142, -118.43 34.59547582294557, -118.43 33.597262088527216, -119.35278097902852 33.60822188348042, -119.20913163148592 34.69971920487142))"
14W,2019-11-29 05:55:00+00:00,2019-11-29 07:55:00+00:00,0.0,29000.0,"POLYGON ((-114.85397256071542 34.00087124969707, -113.47738883704439 33.94247586907486, -113.87090477926517 32.5132209682483, -114.99571423160349 32.76937806789193, -114.85397256071542 34.00087124969707))"
16W,2019-11-29 05:55:00+00:00,2019-11-29 07:55:00+00:00,0.0,28000.0,"POLYGON ((-106.51126966712401 34.42478858427659, -105.7287433022592 33.717079142794475, -106.08601498175369 33.27429280042883, -106.97320277076668 33.89444331704203, -106.51126966712401 34.42478858427659))"
15W,2019-11-29 05:55:00+00:00,2019-11-29 07:55:00+00:00,0.0,24000.0,"POLYGON ((-116.86396768660038 33.086149429770764, -116.59612345017196 32.55710352434912, -117.23 32.346287181737324, -116.86396768660038 33.086149429770764))"
17W,2019-11-29 05:55:00+00:00,2019-11-29 07:55:00+00:00,0.0,30000.0,"POLYGON ((-104.3033891522845 33.11984184507689, -104.20498991147727 32.94572237629593, -105.98964899535095 31.93716715738588, -106.08804823615817 32.11128662616684, -104.3033891522845 33.11984184507689))"
18W,2019-11-29 05:55:00+00:00,2019-11-29 07:55:00+00:00,0.0,24000.0,"POLYGON ((-118.56377847655997 34.197059993477865, -118.29705809747338 33.66279624876639, -119.07223539538921 33.70703222462364, -118.56377847655997 34.197059993477865))"
23W,2019-11-29 06:55:00+00:00,2019-11-29 08:55:00+00:00,0.0,25000.0,"POLYGON ((-102.65605385739515 35.49467624126144, -103.02664888707407 34.56352476265589, -104.45616748834607 34.47113559836937, -104.03367570846248 35.53215008221453, -102.65605385739515 35.49467624126144))"
21W,2019-11-29 06:55:00+00:00,2019-11-29 08:55:00+00:00,0.0,27000.0,"POLYGON ((-110.5133888493688 34.82438138623746, -110.14836582062972 34.415862403462064, -110.72416366697784 33.8689372720829, -111.03203319737216 34.59866406770116, -110.5133888493688 34.82438138623746))"
22W,2019-11-29 06:55:00+00:00,2019-11-29 08:55:00+00:00,0.0,32000.0,"POLYGON ((-103.86678807403725 33.70138036936318, -103.76935418874034 33.526718873904244, -105.17955016781909 32.74004936262656, -105.276984053116 32.91471085808549, -103.86678807403725 33.70138036936318))"
19W,2019-11-29 06:55:00+00:00,2019-11-29 08:55:00+00:00,0.0,32000.0,"POLYGON ((-113.30333866242006 34.14052305112739, -113.13781698351951 34.02826186543105, -113.88027387332436 32.93355838310558, -114.0457955522249 33.04581956880192, -113.30333866242006 34.14052305112739))"
20W,2019-11-29 06:55:00+00:00,2019-11-29 08:55:00+00:00,0.0,24000.0,"POLYGON ((-116.29248174928578 33.36279705351782, -115.63157287062373 32.765773439940624, -116.75429609082818 32.61312604293765, -116.29248174928578 33.36279705351782))"
HOTEL 9,2019-11-29 07:45:00+00:00,2019-11-29 11:45:00+00:00,0.0,40000.0,"POLYGON ((-50.45 41.3, -48.45 41.3, -50.45 33.45, -54.45 28.15, -58.3 30, -53.3 34.45, -50.45 41.3))"
INDIA 3,2019-11-29 07:45:00+00:00,2019-11-29 11:45:00+00:00,0.0,30000.0,"POLYGON ((-56.3 38.3, -53.45 38, -56.45 33.45, -59 34.45, -56.3 38.3))"
24W,2019-11-29 07:55:00+00:00,2019-11-29 09:55:00+00:00,0.0,28000.0,"POLYGON ((-110.18848600328921 35.0893387039963, -109.99859256626105 35.02656544078945, -110.53929343028581 33.390908152504004, -110.72918686731397 33.453681415710854, -110.18848600328921 35.0893387039963))"
27W,2019-11-29 07:55:00+00:00,2019-11-29 09:55:00+00:00,0.0,30000.0,"POLYGON ((-104.06832894601176 33.926641900138485, -103.94077338352652 33.77259782047597, -104.55622221875738 33.26297796016875, -104.68377778124263 33.41702203983126, -104.06832894601176 33.926641900138485))"
26W,2019-11-29 07:55:00+00:00,2019-11-29 09:55:00+00:00,0.0,26000.0,"POLYGON ((-103.39592552442757 35.58052753395074, -102.84 34.93371281826269, -103.36626516590256 34.4988718127511, -104.09778800665681 34.77007167609327, -103.39592552442757 35.58052753395074))"
25W,2019-11-29 07:55:00+00:00,2019-11-29 09:55:00+00:00,0.0,28000.0,"POLYGON ((-108.21463688899993 33.34842449372352, -108.07464320233314 33.20558973712192, -108.58206235995776 32.708263454280534, -108.72205604662456 32.851098210882135, -108.21463688899993 33.34842449372352))"
31W,2019-11-29 08:55:00+00:00,2019-11-29 10:55:00+00:00,0.0,30000.0,"POLYGON ((-102.97067439399076 35.68951133500433, -102.14351439854826 35.697866875784605, -103.32524156899784 34.3330655812684, -104.22146036039038 34.667274191929856, -102.97067439399076 35.68951133500433))"
28W,2019-11-29 08:55:00+00:00,2019-11-29 10:55:00+00:00,0.0,25000.0,"POLYGON ((-111.9884236432199 35.65132782978202, -111.8089316296375 35.56310868752743, -112.22768464476911 34.71110741026754, -112.40717665835152 34.799326552522125, -111.9884236432199 35.65132782978202))"
30W,2019-11-29 08:55:00+00:00,2019-11-29 10:55:00+00:00,0.0,30000.0,"POLYGON ((-109.92229272582738 34.47625083709052, -109.75972729046948 34.359749853288235, -111.30258813089534 32.206842332385904, -111.46515356625324 32.323343316188186, -109.92229272582738 34.47625083709052))"
29W,2019-11-29 08:55:00+00:00,2019-11-29 10:55:00+00:00,0.0,30000.0,"POLYGON ((-114.00174499313844 32.812783564314145, -113.82280032464298 32.72345940399315, -114.02644320634029 32.31549802125155, -114.20538787483575 32.40482218157255, -114.00174499313844 32.812783564314145))"
2C,2019-11-29 09:55:00+00:00,2019-11-29 11:55:00+00:00,0.0,30000.0,"POLYGON ((-102.51299074547777 35.64926044422945, -102.40895688393903 35.47844781105105, -103.22159930309643 34.983505912773445, -103.32563316463516 35.154318545951845, -102.51299074547777 35.64926044422945))"
32W,2019-11-29 09:55:00+00:00,2019-11-29 11:55:00+00:00,0.0,32000.0,"POLYGON ((-112.57153769371142 34.30654697098163, -112.38846230628859 34.22602739249301, -113.24401214029155 32.280784753874876, -113.42708752771438 32.361304332363495, -112.57153769371142 34.30654697098163))"
33W,2019-11-29 09:55:00+00:00,2019-11-29 11:55:00+00:00,0.0,30000.0,"POLYGON ((-110.03452092353605 34.18890536839729, -109.85926660082838 34.09254187752925, -110.82237283864616 32.34096013340777, -110.99762716135383 32.43732362427581, -110.03452092353605 34.18890536839729))"
34W,2019-11-29 10:55:00+00:00,2019-11-29 12:55:00+00:00,0.0,34000.0,"POLYGON ((-112.19769658790455 34.43766582255627, -112.01900216848063 34.347842081447624, -113.08903568405117 32.2191284978336, -113.26773010347509 32.30895223894225, -112.19769658790455 34.43766582255627))"
35W,2019-11-29 10:55:00+00:00,2019-11-29 12:55:00+00:00,0.0,30000.0,"POLYGON ((-109.52712046866371 34.59408396800764, -109.43901979911433 33.62702757524498, -109.63819497431751 33.60888233943005, -109.72629564386689 34.57593873219271, -109.52712046866371 34.59408396800764))"
36W,2019-11-29 10:55:00+00:00,2019-11-29 12:55:00+00:00,0.0,28000.0,"POLYGON ((-106.27932446437869 34.58762979628289, -106.11984790353871 34.46693503027107, -106.83212225386424 33.52579178505926, -106.99159881470422 33.646486551071085, -106.27932446437869 34.58762979628289))"
HOTEL 10,2019-11-29 11:15:00+00:00,2019-11-29 15:15:00+00:00,0.0,40000.0,"POLYGON ((-48.3 44, -47.15 43.15, -48 37.15, -53 28.15, -57 29.45, -50.15 38.3, -48.3 44))"
INDIA 4,2019-11-29 11:15:00+00:00,2019-11-29 15:15:00+00:00,0.0,30000.0,"POLYGON ((-54.45 40, -52.45 38.15, -59.3 37, -58.15 39, -54.45 40))"
37W,2019-11-29 11:55:00+00:00,2019-11-29 13:55:00+00:00,,,"POLYGON ((-112.1102497125593 34.71872408332321, -111.875476286482 33.3524710435131, -112.1410528407494 32.96112067920786, -112.306596723987 34.68067344465061, -112.0563956623404 33.38959838194132, -112.3065445810386 33.0734259947369, -112.0409680267711 33.46477635904214, -111.8600486509127 33.42764902061392, -112.1102497125593 34.71872408332321))"
38W,2019-11-29 11:55:00+00:00,2019-11-29 13:55:00+00:00,0.0,26000.0,"POLYGON ((-105.22000242612714 34.85257112850218, -105.05999757387286 34.73257759844708, -106.40368876007965 32.94083841362867, -106.56369361233392 33.060831943683766, -105.22000242612714 34.85257112850218))"
3C,2019-11-29 12:55:00+00:00,2019-11-29 14:55:00+00:00,0.0,35000.0,"POLYGON ((-100.58733533582812 36.73270327959652, -100.25923545444509 36.03271875128347, -101.36707021683509 35.82395868683928, -100.58733533582812 36.73270327959652))"
39W,2019-11-29 12:55:00+00:00,2019-11-29 14:55:00+00:00,0.0,34000.0,"POLYGON ((-111.05606715902222 33.75822470314235, -110.91 32.822854697104475, -111.75644586780619 32.895456388493436, -111.65121815648351 33.736136066392845, -111.05606715902222 33.75822470314235))"
40W,2019-11-29 12:55:00+00:00,2019-11-29 14:55:00+00:00,0.0,26000.0,"POLYGON ((-105.14209957353242 33.84323189344785, -105.0814520025124 33.652648913805464, -106.55795848642909 33.18279304308252, -106.6186060574491 33.373376022724905, -105.14209957353242 33.84323189344785))"
41W,2019-11-29 13:55:00+00:00,2019-11-29 15:55:00+00:00,0.0,34000.0,"POLYGON ((-111.42195833207711 33.42856498114175, -110.45442502139308 33.02141530526542, -110.91 31.767262088527218, -111.49917363249347 32.098636349916916, -111.42195833207711 33.42856498114175))"
42W,2019-11-29 14:55:00+00:00,2019-11-29 16:55:00+00:00,0.0,33000.0,"POLYGON ((-110.24287332680622 33.08968464369141, -110.35735579762037 31.62823684620827, -111.13434117221742 31.638687525204546, -110.91 32.93184477868196, -110.24287332680622 33.08968464369141))"
HOTEL 11,2019-11-29 15:00:00+00:00,2019-11-29 19:00:00+00:00,0.0,44000.0,"POLYGON ((-47 41.15, -46 36.3, -42.15 34.3, -42 33, -47 32.45, -52.3 31.3, -51 38.3, -47 41.15))"
INDIA 5,2019-11-29 15:00:00+00:00,2019-11-29 19:00:00+00:00,0.0,35000.0,"POLYGON ((-53.3 42.45, -52.3 37, -54.45 32.15, -57.45 35, -55.15 41.3, -53.3 42.45))"
UNIFORM 1,2019-11-29 15:07:00+00:00,2019-11-29 19:10:00+00:00,0.0,57000.0,"POLYGON ((155 12.5, 156 5.2, 151.5 7.1, 155 12.5))"
CHARLIE 1,2019-11-29 15:15:00+00:00,2019-11-29 19:15:00+00:00,31000.0,38000.0,"POLYGON ((174.15 47.15, 178.15 42.3, 176 41, 165 37.15, 165 43, 174.15 47.15))"
UNIFORM 2,2019-11-29 15:19:00+00:00,2019-11-29 19:20:00+00:00,0.0,57000.0,"POLYGON ((154.4 13.1, 159 11.1, 151.2 7, 154.4 13.1))"
43W,2019-11-29 15:55:00+00:00,2019-11-29 17:55:00+00:00,0.0,33000.0,"POLYGON ((-109.73476223628238 32.435086999142555, -110.19075841475498 31.48460331559304, -110.91 31.377145302895535, -110.42512121580552 32.50798543448448, -109.73476223628238 32.435086999142555))"
44W,2019-11-29 16:55:00+00:00,2019-11-29 18:55:00+00:00,0.0,33000.0,"POLYGON ((-109.98917109524177 32.52257290520656, -109.26 32.43636895573639, -109.70727149407455 31.346981460766365, -110.91 31.26815522131804, -109.98917109524177 32.52257290520656))"
4C,2019-11-29 16:55:00+00:00,2019-11-29 18:55:00+00:00,0.0,33000.0,"POLYGON ((-98.13388682001312 38.76289750034191, -97.62 38.64085812115822, -98.12851849126412 37.7487289996929, -98.42777053028576 38.023593436432385, -98.13388682001312 38.76289750034191))"
5C,2019-11-29 17:55:00+00:00,2019-11-29 19:55:00+00:00,0.0,35000.0,"POLYGON ((-97.01105285350636 39.398985841447804, -96.83249820515493 38.67268332018001, -97.62 38.43089313279083, -98.47543658150431 38.92687836921599, -97.01105285350636 39.398985841447804))"
6C,2019-11-29 18:55:00+00:00,2019-11-29 20:55:00+00:00,0.0,35000.0,"POLYGON ((-96.74215651234938 39.78986939578422, -96.21 39.76628718173732, -96.69081058897413 38.92631687559134, -96.93106926748271 39.14927805804594, -96.74215651234938 39.78986939578422))"
7C,2019-11-29 18:55:00+00:00,2019-11-29 20:55:00+00:00,0.0,42000.0,"POLYGON ((-96.6864239192334 34.043075945595376, -96.36510119479414 33.93074439569167, -97.04 33.014570939420885, -97.2385115846683 33.27054178323852, -96.6864239192334 34.043075945595376))"
CHARLIE 2,2019-11-29 19:00:00+00:00,2019-11-29 23:00:00+00:00,,,"POLYGON ((-179.45 50, -177.3 48.15, 178 43.3, 165.15 40.3, 165 42.45, 163 46, -179.45 50))"
HOTEL 12,2019-11-29 19:00:00+00:00,2019-11-29 23:00:00+00:00,0.0,44000.0,"POLYGON ((-46 44, -40.3 38.45, -40.45 33, -43.3 32.45, -51.15 29.45, -50 36, -46 44))"
INDIA 6,2019-11-29 19:00:00+00:00,2019-11-29 23:00:00+00:00,0.0,35000.0,"POLYGON ((-53.3 44.15, -51.45 44, -50.15 37.45, -52.45 33.45, -55.3 36.45, -53.3 44.15))"
UNIFORM 3,2019-11-29 19:04:00+00:00,2019-11-29 23:03:00+00:00,0.0,56000.0,"POLYGON ((153 10, 156 8, 155 6, 151 7, 153 10))"
8C,2019-11-29 19:55:00+00:00,2019-11-29 21:55:00+00:00,0.0,42000.0,"POLYGON ((-96.02851966851858 34.64529287274846, -95.78000000000002 34.41628718173732, -96.08227754895289 33.19830344073301, -96.92336859372998 34.005298847284045, -96.02851966851858 34.64529287274846))"
9C,2019-11-29 19:55:00+00:00,2019-11-29 21:55:00+00:00,0.0,44000.0,"POLYGON ((-96.97403001786134 33.00354882484096, -96.69574541778 32.86952856133956, -97.46584173862261 32.06054894745189, -97.83264566211085 32.590874593384925, -96.97403001786134 33.00354882484096))"
11C,2019-11-29 20:55:00+00:00,2019-11-29 22:55:00+00:00,0.0,44000.0,"POLYGON ((-96.33498721907586 33.45622861203412, -96.12170260391234 33.18498112909956, -97.04 32.53726208852721, -97.40548003281071 32.742135196523456, -96.33498721907586 33.45622861203412))"
10C,2019-11-29 20:55:00+00:00,2019-11-29 22:55:00+00:00,0.0,45000.0,"POLYGON ((-95.64472818029121 35.117057457839685, -94.59016629831731 33.50891308728169, -95.08015744161608 33.08740075653429, -96.2758137263662 34.44008408108652, -95.64472818029121 35.117057457839685))"
HOTEL 13,2019-11-29 21:15:00+00:00,2019-11-30 01:15:00+00:00,0.0,44000.0,"POLYGON ((-46 45, -40 42.45, -40 34, -46 30, -50 30, -46 45))"
INDIA 7,2019-11-29 21:15:00+00:00,2019-11-30 01:15:00+00:00,0.0,33000.0,"POLYGON ((-45.45 45, -49 34.15, -53.45 38.45, -45.45 45))"
16C,2019-11-29 21:55:00+00:00,2019-11-29 23:55:00+00:00,0.0,35000.0,"POLYGON ((-95.07697670533166 41.16809896600609, -94.06969475160663 40.67070790644474, -94.40802657896914 39.90435025851825, -95.58960645451981 40.66891277203669, -95.07697670533166 41.16809896600609))"
12C,2019-11-29 21:55:00+00:00,2019-11-29 23:55:00+00:00,0.0,40000.0,"POLYGON ((-95.64472818029121 35.117057457839685, -94.0198400285355 35.18528775958156, -94.07000000000001 33.654570939420886, -94.93693092541906 33.5069808573415, -95.64472818029121 35.117057457839685))"
14C,2019-11-29 21:55:00+00:00,2019-11-29 23:55:00+00:00,0.0,30000.0,"POLYGON ((-96.56192027182594 38.077579621334486, -95.70389174791046 37.32490904133451, -97.20201517604802 36.347852422817446, -98.12851849126412 37.7487289996929, -96.56192027182594 38.077579621334486))"
13C,2019-11-29 21:55:00+00:00,2019-11-29 23:55:00+00:00,0.0,45000.0,"POLYGON ((-96.18105274446718 33.58265975111444, -95.54356136195696 32.69413878844873, -96.67611812655754 32.562791639367894, -96.97403001786134 33.00354882484096, -96.18105274446718 33.58265975111444))"
15C,2019-11-29 21:55:00+00:00,2019-11-29 23:55:00+00:00,0.0,38000.0,"POLYGON ((-97.80844015105022 40.969817604257784, -98.93038631236352 40.309999535054594, -99.64363829568747 40.196146798968805, -98.75680462444079 41.07260047758055, -97.80844015105022 40.969817604257784))"
45W,2019-11-29 21:55:00+00:00,2019-11-29 23:55:00+00:00,0.0,26000.0,"POLYGON ((-108.7187688366899 38.210510272624, -108.3810361203171 37.808726247951405, -108.72104905149376 37.409116626618946, -109.05957295907399 37.9121561742333, -108.7187688366899 38.210510272624))"
CHARLIE 3,2019-11-29 22:45:00+00:00,2019-11-30 02:45:00+00:00,28000.0,38000.0,"POLYGON ((169.15 47, 175.15 45.3, 172 40, 165 38.45, 165.15 42.45, 169.15 47))"
DELTA 1,2019-11-29 22:45:00+00:00,2019-11-30 02:45:00+00:00,29000.0,36000.0,"POLYGON ((-166.45 51.45, -162.45 49, -171.3 46.3, -174.3 50.3, -166.45 51.45))"
UNIFORM 4,2019-11-29 22:50:00+00:00,2019-11-30 03:50:00+00:00,0.0,54000.0,"POLYGON ((151 10, 156 8, 154 5, 150 7, 151 10))"
18C,2019-11-29 22:55:00+00:00,2019-11-30 00:55:00+00:00,0.0,38000.0,"POLYGON ((-95.3374162276969 39.47947554553436, -93.64239263742269 38.26695125345406, -95.55190228076735 36.66087937318012, -98.55614103556194 38.06431569425654, -95.3374162276969 39.47947554553436))"
20C,2019-11-29 22:55:00+00:00,2019-11-30 00:55:00+00:00,0.0,35000.0,"POLYGON ((-94.03238418335643 42.148595528958744, -92.42791832381235 41.26242932176415, -93.39713012648464 40.38187055935897, -95.42631489328814 41.40485658614403, -94.03238418335643 42.148595528958744))"
17C,2019-11-29 22:55:00+00:00,2019-11-30 00:55:00+00:00,0.0,35000.0,"POLYGON ((-93.45361810890813 35.11062630832101, -92.79775569339368 34.16730342774377, -94.203118970957 33.77706113266781, -94.40436232120481 34.17738243076366, -93.45361810890813 35.11062630832101))"
19C,2019-11-29 22:55:00+00:00,2019-11-30 00:55:00+00:00,0.0,38000.0,"POLYGON ((-97.6093305983804 42.13295839195501, -96.03640892152883 41.70388636311223, -98.35000000000001 40.51257436347464, -98.89155984894978 40.969817604257784, -97.6093305983804 42.13295839195501))"
46W,2019-11-29 22:55:00+00:00,2019-11-30 00:55:00+00:00,0.0,24000.0,"POLYGON ((-107.55047097148166 38.28291667804255, -107.04 37.871716242316424, -107.70576131670026 37.0460646693539, -108.41527287258735 37.39996907626347, -107.55047097148166 38.28291667804255))"
22C,2019-11-29 23:55:00+00:00,2019-11-30 01:55:00+00:00,0.0,38000.0,"POLYGON ((-94.32410425804414 40.0577887468832, -93.33 36.52815522131804, -94.55945277026778 35.62493638310259, -95.2 36.9936310442636, -97.0190789431879 38.457892198115346, -94.32410425804414 40.0577887468832))"
24C,2019-11-29 23:55:00+00:00,2019-11-30 01:55:00+00:00,0.0,26000.0,"POLYGON ((-91.74675105971926 41.62214616870541, -91.24429838351911 40.85158671350324, -92.45609567712343 40.23215004504694, -93.24282354707918 41.132598963870755, -91.74675105971926 41.62214616870541))"
23C,2019-11-29 23:55:00+00:00,2019-11-30 01:55:00+00:00,0.0,32000.0,"POLYGON ((-97.51411375493373 42.463989942232594, -96.11127957168242 41.83723802781167, -97.99459216216276 41.26880290351836, -98.62334094485892 41.58413135746189, -97.51411375493373 42.463989942232594))"
21C,2019-11-29 23:55:00+00:00,2019-11-30 01:55:00+00:00,0.0,44000.0,"POLYGON ((-92.9314529167982 35.29106214181401, -92.66628738458486 34.51305911215252, -93.87001021324129 33.91053791343498, -94.27 34.52257436347463, -92.9314529167982 35.29106214181401))"
25C,2019-11-29 23:55:00+00:00,2019-11-30 01:55:00+00:00,0.0,33000.0,"POLYGON ((-96.2854993483944 36.033003335708536, -95.58536548144562 35.79912711035868, -95.98127054499946 34.44913557828336, -97.03577418816238 34.477059227699435, -96.2854993483944 36.033003335708536))"
47W,2019-11-29 23:55:00+00:00,2019-11-30 01:55:00+00:00,0.0,28000.0,"POLYGON ((-106.74727157245992 39.17278034943397, -106.2329718521605 38.92700950829664, -106.90965157376961 38.34770065362543, -107.30180827294207 38.654163279479164, -106.74727157245992 39.17278034943397))"
1C,2019-11-30 01:00:00+00:00,2019-11-30 02:55:00+00:00,0.0,35000.0,"POLYGON ((-92.18 35.51184477868196, -91.97768929611112 34.67983287365655, -92.92534298724674 34.42306291183953, -93.19152085767034 34.67582201304742, -92.18 35.51184477868196))"
2C,2019-11-30 01:00:00+00:00,2019-11-30 02:55:00+00:00,0.0,45000.0,"POLYGON ((-91.27305591122197 40.904686134849726, -91.86493596591734 37.35096498799105, -94.80954859806074 33.762471068875364, -96.35670613636886 35.319203887459075, -95.87956304061456 39.58470851718954, -91.27305591122197 40.904686134849726))"
HOTEL 14,2019-11-30 01:15:00+00:00,2019-11-30 05:15:00+00:00,0.0,44000.0,"POLYGON ((-45.3 44.3, -40 44, -40.15 31.3, -45.45 27, -47.45 30.3, -45.3 44.3))"
INDIA 8,2019-11-30 01:15:00+00:00,2019-11-30 05:15:00+00:00,0.0,30000.0,"POLYGON ((-48.15 42.15, -46.3 38.15, -49 36.3, -51.45 41, -48.15 42.15))"
HOTEL 15,2019-11-30 01:40:00+00:00,2019-11-30 05:40:00+00:00,0.0,46000.0,"POLYGON ((-40 45, -40 32.45, -43 25, -52.15 26.3, -43.45 35.45, -43.3 43.15, -40 45))"
3C,2019-11-30 01:55:00+00:00,2019-11-30 03:55:00+00:00,0.0,45000.0,"POLYGON ((-90.9959533518489 41.327364205607935, -89.31662728040386 39.38618129629181, -93.3938070678112 34.67398381205481, -96.87307578081897 35.98603119500176, -93.50683139934935 38.58423968751526, -90.9959533518489 41.327364205607935))"
4C,2019-11-30 01:55:00+00:00,2019-11-30 03:55:00+00:00,0.0,37000.0,"POLYGON ((-95.33875371239671 40.196734219613774, -93.97355288643035 39.8757013530499, -93.40984639578936 39.185981755880455, -95.97322728974082 38.26066383426322, -96.55072191766307 38.92512254310652, -95.33875371239671 40.196734219613774))"
5C,2019-11-30 01:55:00+00:00,2019-11-30 03:55:00+00:00,0.0,26000.0,"POLYGON ((-93.26429964289952 41.43935589274887, -92.15271298413256 41.10981133717007, -93.34631948814337 40.12754001918577, -94.0152609530939 40.77158834108658, -93.26429964289952 41.43935589274887))"
7C,2019-11-30 02:55:00+00:00,2019-11-30 04:55:00+00:00,0.0,29000.0,"POLYGON ((-94.81230774942601 40.46041230537348, -93.74250702194537 39.60408734223145, -96.9983263526517 37.55756914692275, -97.58 38.08273791147279, -95.9250718140011 38.90197705906824, -94.81230774942601 40.46041230537348))"
6C,2019-11-30 02:55:00+00:00,2019-11-30 04:55:00+00:00,0.0,45000.0,"POLYGON ((-90.06130501466006 41.5119642580819, -89.62540602750163 38.85688616324927, -92.49201179707303 35.29442290760843, -94.42560158176954 35.082490370974774, -95.64491916119842 37.51209190571716, -90.06130501466006 41.5119642580819))"
8C,2019-11-30 02:55:00+00:00,2019-11-30 04:55:00+00:00,0.0,30000.0,"POLYGON ((-91.99617676110573 41.519354077863845, -91.61 41.086287181737326, -92.59 40.41914187884179, -93.24282354707918 41.132598963870755, -91.99617676110573 41.519354077863845))"
9C,2019-11-30 03:55:00+00:00,2019-11-30 05:55:00+00:00,0.0,45000.0,"POLYGON ((-91.61 40.68815522131805, -87.00824635032804 38.515820689814504, -93.1333981384234 35.76668576354224, -95.21718530769074 36.38963652114734, -94.93735259738776 37.91622702658611, -91.61 40.68815522131805))"
11C,2019-11-30 03:55:00+00:00,2019-11-30 05:55:00+00:00,0.0,36000.0,"POLYGON ((-98.36018620063044 36.702116066481395, -97.68424584851894 35.8886533207165, -100.13629581168821 34.06249408633919, -100.57585167437982 34.60494923654662, -98.36018620063044 36.702116066481395))"
10C,2019-11-30 03:55:00+00:00,2019-11-30 05:55:00+00:00,0.0,34000.0,"POLYGON ((-94.15246894556365 40.516668912916806, -92.79121893446164 40.19349260918431, -95.2 37.99184477868196, -96.12307654685264 38.92044066113545, -94.15246894556365 40.516668912916806))"
13C,2019-11-30 04:55:00+00:00,2019-11-30 06:55:00+00:00,0.0,32000.0,"POLYGON ((-96.78 42.319048354108865, -95.74 42.16821373441836, -96.5599221485718 41.421765739609825, -97.01975920239389 41.372339925088596, -96.78 42.319048354108865))"
12C,2019-11-30 04:55:00+00:00,2019-11-30 06:55:00+00:00,0.0,45000.0,"POLYGON ((-89.99910716359089 41.2866103433956, -86.84199799864682 38.72075875392721, -91.56778457425219 36.10841422826572, -94.12 36.25, -95.07197342103085 39.90435025851825, -89.99910716359089 41.2866103433956))"
15C,2019-11-30 04:55:00+00:00,2019-11-30 06:55:00+00:00,0.0,23000.0,"POLYGON ((-103.74737912349761 41.097454278963596, -103.18 39.72628718173731, -104.13083110691149 39.3998861227272, -105.17575720013629 40.90260475147035, -103.74737912349761 41.097454278963596))"
14C,2019-11-30 04:55:00+00:00,2019-11-30 06:55:00+00:00,0.0,33000.0,"POLYGON ((-98.16215136863417 36.359042809555156, -98.00928473110292 36.23007850778955, -99.4018068421098 34.57946535451232, -99.55467347964105 34.70842965627793, -98.16215136863417 36.359042809555156))"
HOTEL 16,2019-11-30 05:30:00+00:00,2019-11-30 09:30:00+00:00,0.0,45000.0,"POLYGON ((-41.45 45, -40 45, -40 23.45, -52.3 24.45, -42.45 36.15, -41.45 45))"
16C,2019-11-30 05:55:00+00:00,2019-11-30 07:55:00+00:00,0.0,45000.0,"POLYGON ((-86.7592147890584 40.79486564346044, -86.63702354826216 38.09526541622195, -93.11814371823252 34.994743677922806, -94.6058430501672 37.62908336415014, -93.5998500942925 40.44395847451726, -86.7592147890584 40.79486564346044))"
17C,2019-11-30 05:55:00+00:00,2019-11-30 07:55:00+00:00,0.0,30000.0,"POLYGON ((-99.68690180652098 43.10386720806672, -97.63555339706662 41.59909444717231, -98.49686353759118 41.1127741569097, -102.39789538720642 42.21688557871865, -102.16632585942361 43.36351321071736, -99.68690180652098 43.10386720806672))"
18C,2019-11-30 05:55:00+00:00,2019-11-30 07:55:00+00:00,0.0,32000.0,"POLYGON ((-97.64332821689645 36.88394649635953, -96.55610579397654 36.810928881274215, -97.1074112421452 35.56497556682991, -98.17318625490233 36.145278499114376, -97.64332821689645 36.88394649635953))"
19C,2019-11-30 06:55:00+00:00,2019-11-30 08:55:00+00:00,0.0,43000.0,"POLYGON ((-92.38853715007569 40.92915811231926, -86.4613217403901 40.74940521341606, -86.1644296063046 37.90755102526464, -92.57075327794799 35.44790273046866, -92.38853715007569 40.92915811231926))"
20C,2019-11-30 06:55:00+00:00,2019-11-30 08:55:00+00:00,0.0,30000.0,"POLYGON ((-102.15926186620929 43.72216869164239, -99.46347298258941 43.49103491467323, -97.29999159983579 42.72658098799276, -97.5589259849138 41.965508393020215, -102.52122838026271 42.59188240713217, -102.15926186620929 43.72216869164239))"
21C,2019-11-30 06:55:00+00:00,2019-11-30 08:55:00+00:00,0.0,37000.0,"POLYGON ((-96.61222047231773 37.42770268714906, -95.2 37.16, -96.36965156737803 35.728036976477895, -97.18411497199295 36.93595379844198, -96.61222047231773 37.42770268714906))"
22C,2019-11-30 06:55:00+00:00,2019-11-30 08:55:00+00:00,0.0,42000.0,"POLYGON ((-93.61644424781844 35.16693889858074, -92.66824062034385 34.84500193995287, -93.59034705745859 33.34310067429865, -94.203118970957 33.77706113266781, -93.61644424781844 35.16693889858074))"
25C,2019-11-30 07:55:00+00:00,2019-11-30 09:55:00+00:00,0.0,36000.0,"POLYGON ((-91.97961632213422 36.1055952070775, -91.52899808448849 35.63804157700413, -92.55324690441378 34.55209759638482, -93.11814371823252 34.994743677922806, -91.97961632213422 36.1055952070775))"
23C,2019-11-30 07:55:00+00:00,2019-11-30 09:55:00+00:00,0.0,40000.0,"POLYGON ((-86.3629575399158 39.87367538758872, -87.16720544559392 37.45794645069503, -91.70855174868449 35.852939785534595, -91.5854193859896 39.61431759765176, -86.3629575399158 39.87367538758872))"
24C,2019-11-30 07:55:00+00:00,2019-11-30 09:55:00+00:00,0.0,44000.0,"POLYGON ((-95.22655708075105 38.26769780464313, -93.97207711587922 37.85995039883316, -95.78000000000002 35.13914187884179, -96.96892925320249 35.90949802753646, -95.22655708075105 38.26769780464313))"
26C,2019-11-30 08:55:00+00:00,2019-11-30 10:55:00+00:00,0.0,42000.0,"POLYGON ((-88.00579722399486 38.89934000200661, -87.36056811077363 37.160797470678816, -90.71495618012514 35.64865534626332, -91.26673311134608 38.60268992551462, -88.00579722399486 38.89934000200661))"
27C,2019-11-30 08:55:00+00:00,2019-11-30 10:55:00+00:00,0.0,43000.0,"POLYGON ((-94.74 38.957262088527216, -92.81992444986113 38.33789878705725, -96.24420123293828 33.88818545115803, -97.54116281019098 34.08210751330618, -94.74 38.957262088527216))"
HOTEL 17,2019-11-30 09:15:00+00:00,2019-11-30 13:15:00+00:00,0.0,45000.0,"POLYGON ((-40 39.15, -40 25.15, -43 21, -51.15 24.45, -40 39.15))"
29C,2019-11-30 09:55:00+00:00,2019-11-30 11:55:00+00:00,0.0,44000.0,"POLYGON ((-93.40984639578936 39.185981755880455, -92.05729134473917 38.50247719091719, -95.78000000000002 33.685417309845256, -97.02794532862467 34.092277473595175, -93.40984639578936 39.185981755880455))"
28C,2019-11-30 09:55:00+00:00,2019-11-30 11:55:00+00:00,0.0,41000.0,"POLYGON ((-87.25 38.65815522131805, -86.5194859056348 36.776268624229274, -89.7313885908923 36.01929752869163, -90.14973254851618 37.51626790515472, -87.25 38.65815522131805))"
31C,2019-11-30 10:55:00+00:00,2019-11-30 12:55:00+00:00,0.0,43000.0,"POLYGON ((-91.98860479018887 39.93744237814408, -90.48 38.86, -96.34427913734362 32.279868995944135, -97.76990830639855 32.61321286290881, -91.98860479018887 39.93744237814408))"
30C,2019-11-30 10:55:00+00:00,2019-11-30 12:55:00+00:00,0.0,39000.0,"POLYGON ((-86.26097171185161 38.31933736247136, -85.77358535709826 36.7068367539493, -88.24757420260536 36.015226133915625, -89.22208774342718 37.3337537480403, -86.26097171185161 38.31933736247136))"
32C,2019-11-30 11:55:00+00:00,2019-11-30 13:55:00+00:00,0.0,37000.0,"POLYGON ((-88.51175364967199 38.515820689814504, -86.44 37.429106867209185, -88.93931042108804 36.14673210533679, -91.19674745858849 37.34771408685742, -88.51175364967199 38.515820689814504))"
33C,2019-11-30 11:55:00+00:00,2019-11-30 13:55:00+00:00,0.0,42000.0,"POLYGON ((-90.94527478665024 40.46434078096207, -89.31662728040386 39.38618129629181, -96.20622626148321 32.1613866818594, -97.76990830639855 32.61321286290881, -90.94527478665024 40.46434078096207))"
HOTEL 18,2019-11-30 12:45:00+00:00,2019-11-30 16:45:00+00:00,0.0,45000.0,"POLYGON ((-40 40, -40 22.15, -44.15 21.3, -47.3 28.15, -40 40))"
35C,2019-11-30 12:55:00+00:00,2019-11-30 14:55:00+00:00,0.0,42000.0,"POLYGON ((-91.120953665011 38.85824844143621, -91.3479472659147 36.877868866166466, -95.83787866791457 32.03332276963507, -97.2380806494726 32.86984391931344, -92.61520983645674 38.93666819746116, -91.120953665011 38.85824844143621))"
34C,2019-11-30 12:55:00+00:00,2019-11-30 14:55:00+00:00,0.0,37000.0,"POLYGON ((-89.29842986436057 40.62536619026701, -87.5507133551767 37.529115827353465, -89.6649509863432 36.68733835163535, -90.69435944431879 39.260503031769105, -89.29842986436057 40.62536619026701))"
36C,2019-11-30 13:55:00+00:00,2019-11-30 15:55:00+00:00,0.0,45000.0,"POLYGON ((-87.86390474327426 39.958953956748914, -85.58 38.1, -87.01540082678063 36.73761094631314, -93.70740389766979 36.24929158266429, -91.87895178645154 39.65745773947696, -87.86390474327426 39.958953956748914))"
37C,2019-11-30 13:55:00+00:00,2019-11-30 15:55:00+00:00,0.0,45000.0,"POLYGON ((-91.71348640191444 36.36224755172515, -95.83787866791457 32.03332276963507, -97.5711969890565 32.27446611431656, -93.70740389766979 36.24929158266429, -91.71348640191444 36.36224755172515))"
39C,2019-11-30 14:55:00+00:00,2019-11-30 16:55:00+00:00,0.0,45000.0,"POLYGON ((-90.95 36.609106867209185, -92.33542045976957 34.98731122595057, -95.83787866791457 32.03332276963507, -97.2662348243079 32.40868157310378, -93.16314483353436 36.56452905517944, -90.95 36.609106867209185))"
40C,2019-11-30 14:55:00+00:00,2019-11-30 16:55:00+00:00,0.0,42000.0,"POLYGON ((-87.41386784239167 36.72597107132902, -89.5701194691635 34.04618363965997, -90.98988053083652 34.04618363965997, -89.63735209239366 36.63440270063658, -87.41386784239167 36.72597107132902))"
38C,2019-11-30 14:55:00+00:00,2019-11-30 16:55:00+00:00,0.0,44000.0,"POLYGON ((-87.78299288818644 39.897695355535, -85.58 38.1, -86.94017539695831 36.76297578082806, -93.28895483136887 36.52375437553524, -91.6566196337173 39.849391066405474, -87.78299288818644 39.897695355535))"
JULIETT 1,2019-11-30 15:00:00+00:00,2019-11-30 19:00:00+00:00,0.0,30000.0,"POLYGON ((-41 45, -41.45 39.3, -53.3 38, -55.3 41, -45.3 42, -44 45, -41 45))"
41C,2019-11-30 15:55:00+00:00,2019-11-30 17:55:00+00:00,0.0,45000.0,"POLYGON ((-89.25903753697071 39.61198296093819, -87.6811520377726 39.48920384382593, -86.0547930548623 37.05671178123533, -89.22013185660191 34.076181336284826, -90.28 34.125475822945575, -89.25903753697071 39.61198296093819))"
42C,2019-11-30 15:55:00+00:00,2019-11-30 17:55:00+00:00,0.0,45000.0,"POLYGON ((-92.1129904938206 36.49166491873423, -90.74350049586081 36.510521565029414, -90.79822619822292 35.29388175136112, -95.22380844673425 32.253138401314004, -96.55537885791304 32.460156528309916, -92.1129904938206 36.49166491873423))"
HOTEL 19,2019-11-30 16:40:00+00:00,2019-11-30 20:40:00+00:00,0.0,45000.0,"POLYGON ((-40 38.15, -40 22.15, -43.45 21.15, -46.3 28.3, -40 38.15))"
43C,2019-11-30 16:55:00+00:00,2019-11-30 18:55:00+00:00,0.0,43000.0,"POLYGON ((-88.06340578438414 39.482605931564024, -87.05101465465265 39.42616369703498, -85.67344249643658 36.67286716702833, -88.51 33.98910686720919, -89.97255235250029 34.07444073110409, -88.06340578438414 39.482605931564024))"
44C,2019-11-30 16:55:00+00:00,2019-11-30 18:55:00+00:00,0.0,45000.0,"POLYGON ((-91.8316342939706 36.81262527272227, -89.63735209239366 36.63440270063658, -94.20490357886702 32.22782617150699, -96.34427913734362 32.279868995944135, -91.8316342939706 36.81262527272227))"
45C,2019-11-30 17:55:00+00:00,2019-11-30 19:55:00+00:00,0.0,45000.0,"POLYGON ((-86.33353634597987 38.685806022637635, -85.29209587804843 36.54246587941211, -88.51 33.98910686720919, -89.26687801589598 34.429706570272785, -87.76 38.595475822945566, -86.33353634597987 38.685806022637635))"
46C,2019-11-30 17:55:00+00:00,2019-11-30 19:55:00+00:00,0.0,45000.0,"POLYGON ((-88.60349162297015 37.65036000120513, -93.12646664584274 31.47978073750293, -97.53 30.95828375768358, -91.94615261259253 36.43783290418763, -88.60349162297015 37.65036000120513))"
QUEBEC 1,2019-11-30 18:41:00+00:00,2019-11-30 22:40:00+00:00,30000.0,40000.0,"POLYGON ((-163.1 28, -166 22.2, -169 24.5, -163.1 28))"
47C,2019-11-30 18:55:00+00:00,2019-11-30 20:55:00+00:00,0.0,45000.0,"POLYGON ((-85.41750585484291 38.40729807859065, -82.65354641805096 35.61606083465945, -89.99721149015635 33.69496043993733, -89.38929081985894 37.667016371402305, -85.41750585484291 38.40729807859065))"
48C,2019-11-30 18:55:00+00:00,2019-11-30 20:55:00+00:00,0.0,45000.0,"POLYGON ((-89.38929081985894 37.667016371402305, -90.12682729967294 33.76731564919611, -93.79425429127488 30.726429120294984, -96.68363356061322 31.658659501556194, -89.38929081985894 37.667016371402305))"
JULIETT 2,2019-11-30 19:00:00+00:00,2019-11-30 23:00:00+00:00,0.0,34000.0,"POLYGON ((-41 45, -41.3 39.3, -51 38, -52 40, -45.3 42, -42.15 45, -41 45))"
1E,2019-11-30 19:55:00+00:00,2019-11-30 21:55:00+00:00,0.0,45000.0,"POLYGON ((-87.58294734653443 40.10434689160827, -84.54832957156275 39.137542502751906, -81.8159167421292 35.824767909892564, -85.72089864040395 34.488099469985336, -90.23 36.83815522131805, -87.58294734653443 40.10434689160827))"
49C,2019-11-30 19:55:00+00:00,2019-11-30 21:55:00+00:00,0.0,45000.0,"POLYGON ((-90.23 36.83815522131805, -85.8626108554026 34.36971121421244, -93.87950150019621 30.13775617624378, -96.97276296943855 31.044835798268878, -90.23 36.83815522131805))"
JULIETT 3,2019-11-30 20:45:00+00:00,2019-12-01 00:45:00+00:00,0.0,35000.0,"POLYGON ((-48.15 41.15, -46 41.15, -46.3 37.45, -52.45 33.3, -55.3 36.45, -48.15 41.15))"
2E,2019-11-30 20:55:00+00:00,2019-11-30 22:55:00+00:00,0.0,45000.0,"POLYGON ((-86.28 39.054524177054425, -82.38289515388303 37.77326041842145, -81.72682677015709 35.02983068249209, -85.53483547945474 34.19086697356401, -89.63735209239366 36.63440270063658, -86.28 39.054524177054425))"
50C,2019-11-30 20:55:00+00:00,2019-11-30 22:55:00+00:00,0.0,45000.0,"POLYGON ((-89.63735209239366 36.63440270063658, -85.53483547945474 34.19086697356401, -93.68712995242373 30.138737836651895, -96.98189372496591 30.849418872141715, -89.63735209239366 36.63440270063658))"
51C,2019-11-30 20:55:00+00:00,2019-11-30 22:55:00+00:00,0.0,34000.0,"POLYGON ((-90.33520080246274 45.37198160444486, -88.19299469899858 42.966262116851844, -91.3520424726005 42.868779337776765, -92.80528171975959 44.99650991924458, -90.33520080246274 45.37198160444486))"
3E,2019-11-30 21:55:00+00:00,2019-11-30 23:55:00+00:00,0.0,34000.0,"POLYGON ((-80.71 36.42452417705444, -80.71494961081528 35.65088798191263, -84.23837307613235 35.014740996347896, -84.04658671817685 35.59248847837911, -80.71 36.42452417705444))"
52C,2019-11-30 21:55:00+00:00,2019-11-30 23:55:00+00:00,0.0,45000.0,"POLYGON ((-88.08589289352585 36.0136781257621, -84.86208747525016 35.194941841013836, -92.77592906839739 31.494986579544367, -94.99563474524291 31.394987737935168, -88.08589289352585 36.0136781257621))"
53C,2019-11-30 21:55:00+00:00,2019-11-30 23:55:00+00:00,0.0,43000.0,"POLYGON ((-84.2146128334744 38.09675878106805, -83.96241113766744 37.14754928611007, -85.32757877578483 35.89143325726902, -86.2679831146423 36.13929443076551, -84.2146128334744 38.09675878106805))"
55C,2019-11-30 22:55:00+00:00,2019-12-01 00:55:00+00:00,,,"POLYGON ((-94.25871758929061 42.62339274860531, -93.83568828878276 41.59454646983736, -93.8352807153265 41.28512680771735, -94.42847286681418 42.51764235497531, -93.82056601429773 41.54180299480755, -93.63528088883287 41.28539025128772, -93.63568846228912 41.59480991340774, -93.65081073677416 41.64755338843755, -94.25871758929061 42.62339274860531))"
54C,2019-11-30 22:55:00+00:00,2019-12-01 00:55:00+00:00,0.0,45000.0,"POLYGON ((-85.90092908440121 37.48474242840236, -85.0721691837745 35.11368006321059, -92.5 31.26, -94.16734898917797 31.629382887404784, -85.90092908440121 37.48474242840236))"
4E,2019-11-30 22:55:00+00:00,2019-12-01 00:55:00+00:00,0.0,40000.0,"POLYGON ((-82.80978991596372 38.134036531995456, -82.54695698788942 37.24067482659038, -83.89 36.04457093942089, -84.71731789880238 36.17379102600564, -82.80978991596372 38.134036531995456))"
57C,2019-11-30 23:55:00+00:00,2019-12-01 01:55:00+00:00,,,"POLYGON ((-94.15404802929301 42.62723939008316, -93.6610387752559 41.56930382858243, -93.60923345474443 41.37182178574216, -94.31876151460226 42.51379571349746, -93.64666836711868 41.5379563533297, -93.41577915316073 41.42257051182241, -93.4675844736722 41.62005255466267, -93.48195488180943 41.6514000299154, -94.15404802929301 42.62723939008316))"
56C,2019-11-30 23:55:00+00:00,2019-12-01 01:55:00+00:00,0.0,45000.0,"POLYGON ((-86.4739906310052 36.139823606724704, -84.18132247285564 36.13492983312297, -84.33801861124773 34.957298025751605, -92.33998097857007 31.90482411935296, -90.13490224077977 34.71249172927223, -86.4739906310052 36.139823606724704))"
5E,2019-11-30 23:55:00+00:00,2019-12-01 01:55:00+00:00,,,"POLYGON ((-85.40345768323986 37.9667407722248, -84.39192688301513 36.83137515335921, -86.15556232605239 36.04764383822283, -85.53999650385232 37.82059991392104, -84.50080552488676 36.84968793005866, -86.23678078918319 36.23041024992551, -84.47314534614593 37.01414156506188, -84.3642667042743 36.99582878836243, -85.40345768323986 37.9667407722248))"

