URGENT,AIRCRAFT,REPORT,TURBULENCE,PRODUCT_ID,FL,LAT,LON,datetime,turbulence_intensity,turb_label,Plane Weight,sample_weight
T,A21N,JCT UUA /OV JCT360010/TM 1454/FL320/TP A21N/TB SEV/RM NO DAMAGE TO AC. NO INJURED PAX. ZHU,SEV,,32000.0,30.677510166680165,-99.76639,2024-01-01 14:54:00,5.0,1,U,0.6
F,C172,FLO UA /OV FLO/TM 1530/FL011/TP C172/WV 32022KT/TB EXTRM,EXTRM,,1100.0,34.18536,-79.72389,2024-01-02 15:30:00,7.0,1,L,0.6
T,C25B,ORL UUA /OV ORL178030/TM 1617/FL310/TP C25B/TB SEV,SEV,,31000.0,28.04572411112148,-81.3130738775152,2024-01-02 16:17:00,5.0,1,U,0.6
T,E175,ABI UUA /OV ABI/TM 1921/FL260/TP E175/TB EXTRM/RM ZFW,EXTRM,,26000.0,32.41062851,-99.68208563,2024-01-02 19:21:00,7.0,1,U,0.6
T,LNCE,SJC UUA /OV SJC170010/TM 2146/FL045/TP LNCE/TB SEV 045,SEV 045,,4500.0,37.19525207958001,-121.88800571278304,2024-01-02 21:46:00,5.0,1,U,0.6
T,E170,AUS UUA /OV 25E CWK/TM 0045/FL120/TP E170/TB SEV TURB FL120/RM KZHU,SEV TURB FL120,,12000.0,30.38,-97.04697563068903,2024-01-03 00:45:00,5.0,1,U,0.6
F,C208,OAK UA /OV OAK10006/TM 0150/FL035/TP C208/TB SEV/RM DURD ON OAK 28R FINAL.,SEV,,3500.0,37.72128,-122.22072,2024-01-03 01:50:00,5.0,1,L,0.6
F,C208,OAK UA /OV OAK10006/TM 0150/FL035/TP C208/TB SEV/RM DURD ON OAK 28R FINAL,SEV,,3500.0,37.72128,-122.22072,2024-01-03 01:50:00,5.0,1,L,0.6
T,a319,SFO UUA /OV osi310010 /TM 0428/FL170/TP a319/TB SEV BLO 170 /RM AWC-WEB,SEV BLO 170,,17000.0,37.61897,-122.37489,2024-01-03 04:28:00,5.0,1,U,0.6
T,GLF6,BET UUA /OV BET050054/TM 1303/FL400/TP GLF6/TB SEV/RM ZAN,SEV,,40000.0,61.3485557079815,-160.41801488947542,2024-01-03 13:03:00,5.0,1,U,0.6
F,C172,VGT UA /OV LAS31525/TM 1439/FL080/TP C172/TB SEV,SEV,,8000.0,36.0719,-115.1634,2024-01-03 14:39:00,5.0,1,L,0.6
T,C208,MRY UUA /OV MRY280010/TM 1545/FL040/TP C208/TB SEV/RM UP/DOWN DRAFTS 2500 FT/MIN DURD,SEV,,4000.0,36.61931565719723,-122.05323455656398,2024-01-03 15:45:00,5.0,1,L,0.6
T,C208,MRY UUA /OV MRY280005/TM 1545/FL040/TP C208/TB SEV 040-035,SEV 040-035,,4000.0,36.60484380359861,-121.951014908282,2024-01-03 15:45:00,5.0,1,L,0.6
F,C172,VGT UA /OV LAS261015/TM 2027/FL050/TP C172/TB SEV/RM SEV TURB 5NM SW RED ROCK,SEV,,5000.0,36.03278821593886,-115.46891599388144,2024-01-03 20:27:00,5.0,1,L,0.6
F,PC12,KCHS UA /OV BAGGY/TM 2224/FL100/TP PC12/TB SEV,SEV,,10000.0,32.8986,-80.0405,2024-01-03 22:24:00,5.0,1,L,0.6
T,E75,SCK UUA /OV LIN080025/TM 0120/FL200/TP E75/TB SEV CAT 200-260/RM DURC FTHIL3 ...ZOA CWSU,SEV CAT 200-260,,20000.0,38.14235926799308,-120.47873530082845,2024-01-04 01:20:00,5.0,1,U,0.6
F,B789,UUA /OV 62N044W /TM 2251 /FL380 /TP B789 /TB SEV,SEV,,38000.0,62.0,-44.0,2024-01-04 22:51:00,5.0,1,U,0.6
T,C208,RBY UUA /OV RBY/TM 0020/FL036/TP C208/TB SEV 036-055/RM 10-15NE RBY ZAN,SEV 036-055,,3600.0,64.72,-155.46,2024-01-05 00:20:00,5.0,1,L,0.6
T,B767,DFW UUA /OV UKW/TM 0606/FL270/TP B767/TB SEV/RM DURD 270-230,SEV,,27000.0,33.54,-97.82,2024-01-05 06:06:00,5.0,1,H,1.0
F,B77W,UUA /OV 4929N05235W /TM 1025 /FL340 /TP B77W /TB SEV,SEV,,34000.0,49.4833,-52.5833,2024-01-05 10:25:00,5.0,1,U,0.6
F,B77W,UUA /OV 5230N05230W /TM 1104 /FL310 /TP B77W /TB SEV,SEV,,31000.0,52.5,-52.5,2024-01-05 11:04:00,5.0,1,U,0.6
F,B77W,UUA /OV 4930N05230W /TM 1104 /FL310 /TP B77W /TB SEV /RM PRVSLY SENTAS 5230N05230W,SEV,,31000.0,49.5,-52.5,2024-01-05 11:04:00,5.0,1,U,0.6
T,B737,MSY UUA /OV LEV135157/TM 2101/FL350/TP B737/TB SEV/RM ZHU,SEV,,35000.0,27.329587384463057,-87.98062204330776,2024-01-05 21:01:00,5.0,1,M,0.8
T,E50P,PUC UUA /OV PUC212040/TM 2359/FL200/TP E50P/TB SEV /ZLC,SEV,,20000.0,39.0437588079194,-111.21331680925992,2024-01-05 23:59:00,5.0,1,U,0.6
T,B763,ALO UUA /OV ALO085025/TM 0052/FL240/TP B763/TB OCNL SEV/RM DURD 240-200,OCNL SEV,,24000.0,42.59068283432078,-91.83776534000884,2024-01-06 00:52:00,5.0,1,H,1.0
T,C172,BUR UUA /OV VNY045010/TM 0205/FL065/TP C172/TB SEV,SEV,,6500.0,34.32758067614885,-118.34665151825898,2024-01-06 02:05:00,5.0,1,L,0.6
T,C172,ONT UUA /OV EMT/TM 0210/FL075/TP C172/TB SEV TURB,SEV TURB,,7500.0,34.086,-118.035,2024-01-06 02:10:00,5.0,1,L,0.6
T,C172,ONT UUA /OV 4SW POC/TM 0219/FL050/TP C172/TB SEV TB,SEV TB,,5000.0,34.04450572954046,-117.838707759636,2024-01-06 02:19:00,5.0,1,L,0.6
T,C172,ONT UUA /OV ONT 3SE/TM 0241/FL030/TP C172/TB SEV TB,SEV TB,,3000.0,34.056,-117.60119,2024-01-06 02:41:00,5.0,1,L,0.6
T,P28A,CNO UUA /OV PDZ060010/TM 0325/FL040/TP P28A/TB SEV/RM FROM TRM TO CNO BETWEEN FL040-FL060 TURB MOD-SEV,SEV,,4000.0,34.003340083340085,-117.35604699121711,2024-01-06 03:25:00,5.0,1,L,0.6
F,B787,UUA /OV 54N054W /TM 0930 /FL340 /TP B787 /TB SEV,SEV,,34000.0,54.0,-54.0,2024-01-06 09:30:00,5.0,1,U,0.6
T,B763,ANC UUA /OV 2325N14915W/TM 1012/FL370/TP B763/TB SEV,SEV,,37000.0,23.4166,-149.25,2024-01-06 10:12:00,5.0,1,H,1.0
T,SF50,LNS UUA /OV LRP/TM 1514/FL290/TP SF50/TB SEV,SEV,,29000.0,40.12,-76.29,2024-01-06 15:14:00,5.0,1,U,0.6
F,CL60,UUA /OV 53N054W /TM 1526 /FL310 /TP CL60 /TB SEV,SEV,,31000.0,53.0,-54.0,2024-01-06 15:26:00,5.0,1,M,0.8
T,H25B,VRB UUA /OV TRV250025/TM 1849/FL075/TP H25B/TB SEV 075,SEV 075,,7500.0,27.537480063756256,-80.93217461211623,2024-01-06 18:49:00,5.0,1,M,0.8
T,P28B,BJC UUA /OV BJC PATTERN/TM 2143/FL065/TP P28B/TB SEV,SEV,,6500.0,39.90881,-105.11719,2024-01-06 21:43:00,5.0,1,L,0.6
T,CRJ9,MJX UUA /OV CYN080020/TM 2333/FL160/TP CRJ9/TB SEV 160-120,SEV 160-120,,16000.0,39.87788741439447,-74.00256487084265,2024-01-06 23:33:00,5.0,1,U,0.6
T,C208,ILI UUA /OV ILI098052 /TM 0018 /FL080 /TP C208 /TB SEV 080-060 /RMDURD (AKFSS),SEV 080-060,,8000.0,59.62937354253982,-153.2062560945202,2024-01-07 00:18:00,5.0,1,L,0.6
T,C208,ILI UUA /OV ILI098052 /TM 0018 /FL080 /TP C208 /TB SEV 080-060 /RM DURD (AKFSS,SEV 080-060,,8000.0,59.62937354253982,-153.2062560945202,2024-01-07 00:18:00,5.0,1,L,0.6
T,B737,DFW UUA /OV BYP020020/TM 0316/FL200/TP B737/TB SEV,SEV,,20000.0,33.85325624532143,-96.093208267842,2024-01-07 03:16:00,5.0,1,M,0.8
T,B737,DFW UUA /OV BYP/TM 0317/FL220/TP B737/TB SEV/RM ZFW,SEV,,22000.0,33.54,-96.23,2024-01-07 03:17:00,5.0,1,M,0.8
F,A388,ORF UA /OV 3034N07357W/TM 0414/FL270/TP A388/TB SEV,SEV,,27000.0,30.5666,-73.95,2024-01-07 04:14:00,5.0,1,U,0.6
T,A21N,ORF UUA /OV 391746N061750W/TM 0720/FL340/TP A21N/TB SEV,SEV,,34000.0,36.90333,-76.19222,2024-01-07 07:20:00,5.0,1,U,0.6
F,B767,ONT UA /OV 10N SBD/TM 0741/FL100/TP B767/TB SEV 100-078,SEV 100-078,,10000.0,34.262032266680166,-117.2348722,2024-01-07 07:41:00,5.0,1,H,1.0
F,B744,UUA /OV 46N050W /TM 1047 /FL350 /TP B744 /TB SEV,SEV,,35000.0,46.0,-50.0,2024-01-07 10:47:00,5.0,1,H,1.0
T,B738,ACY UUA /OV ACY120010/TM 1724/FL260/TP B738/TB SEV,SEV,,26000.0,39.37423991665992,-74.39021217515925,2024-01-07 17:24:00,5.0,1,M,0.8
T,C25C,SRQ UUA /OV SRQ150025/TM 1904/FL319/TP C25C/TB SEV/RM DURD,SEV,,31900.0,27.04051685336988,-82.32392964642165,2024-01-07 19:04:00,5.0,1,U,0.6
T,GL5T,SDB UUA /OV FIM260070 /TM 2213/FL100/TP GL5T/TB SEV OCNL BLO 100 /RM MOD-SEV AWC-WEB,SEV OCNL BLO 100,,10000.0,34.157394049619384,-120.2719136273658,2024-01-07 22:13:00,5.0,1,U,0.6
F,A359,UUA /OV 6146N04500W /TM 2306 /FL380 /TP A359 /TB SEV /RM SEV MW FOR10 MINS,SEV,,38000.0,61.7666,-45.0,2024-01-07 23:06:00,5.0,1,U,0.6
T,M20P,PHX UUA /OV PXR210018/TM 2318/FL065/TP M20P/TB SEV +/-3GS/RM ZAB/FDCS,SEV +,,6500.0,33.170171334426314,-112.14975009189078,2024-01-07 23:18:00,5.0,1,L,0.6
T,CL60,PSP UUA /OV MORON/TM 0515/FL140/TP CL60/TB SEV 140,SEV 140,,14000.0,36.1794,-83.3754,2024-01-08 05:15:00,5.0,1,M,0.8
T,B77W,BOS UUA /OV 4210N04645W/TM 0732/FL360/TP B77W/TB SEV,SEV,,36000.0,42.1666,-46.75,2024-01-08 07:32:00,5.0,1,U,0.6
T,B77W,BOS UUA /OV 435247N0465047W/TM 0857/FL320/TP B77W/TB SEV,SEV,,32000.0,42.36057,-71.00973,2024-01-08 08:57:00,5.0,1,U,0.6
T,M20P,PSP UUA /OV BNG035005/TM 1550/FL115/TP M20P/TB SEV/RM COR SA-ID AND MSG TYPE AND LOCTN. ZLA CWSU,SEV,,11500.0,33.98826819963924,-116.792394676626,2024-01-08 15:50:00,5.0,1,L,0.6
T,E170,DFW UUA /OV 10 W DFW/TM 1635/FL110/TP E170/TB SEV,SEV,,11000.0,32.89683,-97.23651150296988,2024-01-08 16:35:00,5.0,1,U,0.6
T,E170,DFW UUA /OV 15 W DFW/TM 1635/FL080/TP E170/TB EXTRM,EXTRM,,8000.0,32.89683,-97.33576725445484,2024-01-08 16:35:00,7.0,1,U,0.6
F,A21N,UUA /OV 62N045W /TM 1639 /FL320 /TP A21N /TB SEV,SEV,,32000.0,62.0,-45.0,2024-01-08 16:39:00,5.0,1,U,0.6
F,C750,HOU UA /OV HOU300060/TM 1800/FL110/TP C750/TB SEV TURB @ 110,SEV TURB @ 110,,11000.0,30.137510500040506,-96.27891080739896,2024-01-08 18:00:00,5.0,1,M,0.8
T,A321,BPT UUA /OV KBPT000050/TM 1815/FL260/TP A321/TB SEV/RM ZHU,SEV,,26000.0,30.78546455340084,-94.02613689,2024-01-08 18:15:00,5.0,1,M,0.8
T,SR22,TRM UUA /OV TRM170020 /TM 1818/FL110/TP SR22/TB SEV CONS /RM AWC-WEB,SEV CONS,,11000.0,33.298374159160005,-116.09014922678172,2024-01-08 18:18:00,5.0,1,L,0.6
T,SR22,L08 UUA /OV TRM170020/TM 1818/FL110/TP SR22/TB CONS SEV/RM COR SA-ID. ZLA CWSU,CONS SEV,,11000.0,33.298374159160005,-116.09014922678172,2024-01-08 18:18:00,5.0,1,L,0.6
F,C25M,SAT UA /OV SAT315015/TM 1822/FL030/TP C25M/TB SEV,SEV,,3000.0,29.71048101422328,-98.6729726477715,2024-01-08 18:22:00,5.0,1,U,0.6
T,E145,AEX UUA /OV AEX292050/TM 1859/FL330/TP E145/TB SEV/RM 50WNW AEX E145 RTPD SEV TURB FL330 NO DAMAGE NO INJURIES KZHU,SEV,,33000.0,31.64691744715027,-93.4632770437616,2024-01-08 18:59:00,5.0,1,M,0.8
T,C172,CNO UUA /OV PDZ260003/TM 2020/FL025/TP C172/TB SEV,SEV,,2500.0,33.91131688784083,-117.58934361889176,2024-01-08 20:20:00,5.0,1,L,0.6
T,C208,GGG UUA /OV GGG360040/TM 2020/FL065/TP C208/TB SEV 065/RM 070-050 DURD ZFW,SEV 065,,6500.0,33.05073066672067,-94.71149,2024-01-08 20:20:00,5.0,1,L,0.6
T,C530,DFW UUA /OV DTO360015/TM 2050/FL050/TP C530/TB SEV,SEV,,5000.0,33.45502025002025,-97.2006,2024-01-08 20:50:00,5.0,1,U,0.6
T,E35C,HOU UUA /OV 8 NW ELA/TM 2112/FL070/TP E35C/TB SEV TURB,SEV TURB,,7000.0,29.677083052811845,-96.44752438896454,2024-01-08 21:12:00,5.0,1,U,0.6
F,C182,PMD UA /OV IYK/TM 2143/FL075/TP C182/TB SEV CHOP,SEV CHOP,,7500.0,35.65874,-117.82953,2024-01-08 21:43:00,5.0,1,L,0.6
T,P46T,MLU UUA /OV SWB315010/TM 2201/FL240/TP P46T/TB SEV/RM ZHU,SEV,,24000.0,32.08786067614885,-92.81893332664636,2024-01-08 22:01:00,5.0,1,L,0.6
T,E170,MLU UUA /OV MLU/TM 2239/FL250/TP E170/TB EXTRM/RM ZFW,EXTRM,,25000.0,32.51086,-92.03769,2024-01-08 22:39:00,7.0,1,U,0.6
T,B739,ARG UUA /OV ARG090015/TM 2244/FL320/TP B739/TB SEV /RM ZME,SEV,,32000.0,36.12467,-90.615577908121,2024-01-08 22:44:00,5.0,1,M,0.8
T,PA31,SAT UUA /OV 15S SAT/TM 2247/FL050/TP PA31/TB SEV TURB 045,SEV TURB 045,,5000.0,29.28366974997975,-98.46978,2024-01-08 22:47:00,5.0,1,L,0.6
T,A21N,MGM UUA /OV MGM30050/TM 2249/FL290/TP A21N/TB SEV CAT/RM NO DAMAGES OR INJURIES REPORTED ZTLFD 11,SEV CAT,,29000.0,32.30064,-86.39397,2024-01-08 22:49:00,5.0,1,U,0.6
T,A320,CRP UUA /OV KCRP180050/TM 2303/FL370/TP A320/TB SEV/RM NO INJURIES OR DAMAGE ZHU,SEV,,37000.0,26.939659166599167,-97.51278,2024-01-08 23:03:00,5.0,1,M,0.8
T,C525,GUP UUA /OV ZUN/TM 2327/FL335/TP C525/TB SEV CAT 335-310/RM DURD - ZAB/FDCS,SEV CAT 335-310,,33500.0,35.08,-108.79,2024-01-08 23:27:00,5.0,1,L,0.6
T,B737,HSA UUA /OV KPCU/TM 2330/FL130/TP B737/TB SEV 130-150/RM ZHU,SEV 130-150,,13000.0,30.56,-89.73,2024-01-08 23:30:00,5.0,1,M,0.8
T,H25B,IAH UUA /OV IAH225060/TM 0043/FL150/TP H25B/TB SEV/RM ZHU,SEV,,15000.0,29.277235943106906,-96.17713440730222,2024-01-09 00:43:00,5.0,1,M,0.8
T,MULTI,IAH UUA /OV IAH225050/TM 0043/FL150/TP MULTI/TB SEV 150-200/RM ZHU,SEV 150-200,,15000.0,29.395096619255757,-96.04106200608518,2024-01-09 00:43:00,5.0,1,U,0.6
T,F2TH,VCT UUA /OV VCT315010/TM 0056/FL190/TP F2TH/TB SEV/RM ZHU,SEV,,19000.0,28.97926067614885,-97.0648764255019,2024-01-09 00:56:00,5.0,1,M,0.8
F,B38M,MKK UA /OV CKH/TM 0058/FL016/TP B38M/TB SEV,SEV,,1600.0,21.27,-157.7,2024-01-09 00:58:00,5.0,1,U,0.6
T,LJ60,LIT UUA /OV LIT315015/TM 0113/FL370/TP LJ60/TB SEV +1000FT/RM ZME,SEV +1000FT,,37000.0,34.90409101422328,-92.45083753934816,2024-01-09 01:13:00,5.0,1,M,0.8
T,GLF5,VCT UUA /OV VCT045030/TM 0120/FL150/TP GLF5/TB SEV/RM NO DAMAGE NO INJURIES ZHU,SEV,,15000.0,29.21498202844655,-96.52657072349432,2024-01-09 01:20:00,5.0,1,M,0.8
T,GALX,VCT UUA /OV VCT270025/TM 0121/FL210/TP GALX/TB SEV/RM ZHU,SEV,,21000.0,28.8614,-97.40609951530116,2024-01-09 01:21:00,5.0,1,M,0.8
T,BCS3,AUS UUA /OV CWK315030/TM 0135/FL210/TP BCS3/TB SEV/RM ZHU,SEV,,21000.0,30.73358202844655,-97.93985976842175,2024-01-09 01:35:00,5.0,1,U,0.6
T,ALL,DFW UUA /OV TTT186030/TM 0136/FL120/TP ALL/TB SEV CONS CAT 120-140/RM ZFW,SEV CONS CAT 120-140,,12000.0,32.37269877413882,-97.10223146383498,2024-01-09 01:36:00,5.0,1,L,0.6
F,BCS1,DFW UA /OV DFW075009/TM 0152/FL115/TP BCS1/TB SEV,SEV,,11500.0,32.93565600141992,-96.86542735121932,2024-01-09 01:52:00,5.0,1,U,0.6
T,CRJ7,IAH UUA /OV IAH315050/TM 0210/FL240/TP CRJ7/TB SEV/RM ZHU,SEV,,24000.0,30.57370338074425,-96.04106200608518,2024-01-09 02:10:00,5.0,1,M,0.8
T,B737,AUS UUA /OV AUS315030/TM 0211/FL130/TP B737/TB SEV/RM ZHU,SEV,,13000.0,30.54810982844655,-98.07897450079852,2024-01-09 02:11:00,5.0,1,M,0.8
T,A321,ACT UUA /OV JEN050020 /TM 0256/FL160/TP A321/TB SEV /RM -ZFW AWC-WEB,SEV,,16000.0,32.37427989184499,-97.57834704050842,2024-01-09 02:56:00,5.0,1,M,0.8
T,GLF6,TME UUA /OV IDU360015/TM 0303/FL290/TP GLF6/TB SEV 290-310/RM ZHU,SEV 290-310,,29000.0,30.21002025002025,-96.56,2024-01-09 03:03:00,5.0,1,U,0.6
T,CRJ9,LFT UUA /OV LFT225025/TM 0305/FL340/TP CRJ9/TB SEV/RM ZHU,SEV,,34000.0,29.90394489962788,-92.33048170561226,2024-01-09 03:05:00,5.0,1,U,0.6
T,A321,DFW UUA /OV DFW072024 /TM 0313/FL120/TP A321/TB SEV CAT 120-140 /RM DURC-ZFW AWC-WEB,SEV CAT 120-140,,12000.0,33.02044680991061,-96.58489041969824,2024-01-09 03:13:00,5.0,1,M,0.8
F,CRJ9,DFW UA /OV DFW140040/TM 0315/FL130/TP CRJ9/TB SEV/RM 130-100 DURD,SEV,,13000.0,32.38609233814606,-96.5275970620428,2024-01-09 03:15:00,5.0,1,U,0.6
T,C68A,CRP UUA /OV CRP/TM 0323/FL210/TP C68A/TB SEV/RM ZHU,SEV,,21000.0,27.77306,-97.51278,2024-01-09 03:23:00,5.0,1,U,0.6
T,E175,CRP UUA /OV CRP090030/TM 0330/FL150/TP E175/TB SEV/RM ZHU,SEV,,15000.0,27.77306,-96.9476348770528,2024-01-09 03:30:00,5.0,1,U,0.6
T,B767,AUS UUA /OV CWK090030/TM 0339/FL200/TP B767/TB SEV 200-240/RM ZHU,SEV 200-240,,20000.0,30.38,-96.95037075682684,2024-01-09 03:39:00,5.0,1,H,1.0
T,E170,DFW UUA /OV CQY330010 /TM 0346/FL130/TP E170/TB SEV /RM -ZFW AWC-WEB,SEV,,13000.0,32.33434925865205,-96.31847742702914,2024-01-09 03:46:00,5.0,1,U,0.6
T,BE20,VCT UUA /OV VCT315020/TM 0413/FL230/TP BE20/TB SEV TURB 230/RM ZHU,SEV TURB 230,,23000.0,29.097121352297695,-97.19945285100378,2024-01-09 04:13:00,5.0,1,M,0.8
T,B737,CLL UUA /OV CLL225015/TM 0414/FL270/TP B737/TB SEV TURB 270/RM ZHU,SEV TURB 270,,27000.0,30.41126898577672,-96.5692584227892,2024-01-09 04:14:00,5.0,1,M,0.8
F,B767,ACT UA /OV ACT/TM 0415/FL170/TP B767/TB SEV 170-190/RM ZFW,SEV 170-190,,17000.0,31.61797,-97.2283,2024-01-09 04:15:00,5.0,1,H,1.0
T,A321,SEP UUA /OV JEN/TM 0439/FL210/TP A321/TB SEV/RM 210-160. ZFW,SEV,,21000.0,32.16,-97.88,2024-01-09 04:39:00,5.0,1,M,0.8
T,A321,GRK UUA /OV AGJ025025/TM 0440/FL230/TP A321/TB CONS SEV 230-130/RM ZFW,CONS SEV 230-130,,23000.0,31.07,-97.83,2024-01-09 04:40:00,5.0,1,M,0.8
T,E170,LIT UUA /OV LIT270020/TM 0502/FL310/TP E170/TB SEV/RM ZME,SEV,,31000.0,34.7273,-92.6413406660198,2024-01-09 05:02:00,5.0,1,U,0.6
T,E170,LIT UUA /OV HOT270020/TM 0503/FL310/TP E170/TB SEV/RM ZME,SEV,,31000.0,34.47803,-93.5006150220178,2024-01-09 05:03:00,5.0,1,U,0.6
F,B767,MKK UA /OV MKK/TM 0509/FL150/TP B767/TB SEV,SEV,,15000.0,21.15,-157.09,2024-01-09 05:09:00,5.0,1,H,1.0
T,E145,CRS UUA /OV CQY310007/TM 0510/FL160/TP E145/TB CONS SEV 130-160/RM OVER BEREE. ZFW,CONS SEV 130-160,,16000.0,32.26499796214575,-96.32561332004764,2024-01-09 05:10:00,5.0,1,M,0.8
T,GLF4,CRS UUA /OV CQY153024/TM 0612/FL180/TP GLF4/TB CONS SEV CAT/RM ZFW,CONS SEV CAT,,18000.0,31.8335685216844,-96.0054024817119,2024-01-09 06:12:00,5.0,1,M,0.8
F,B737,HUM UA /OV TBD135034/TM 0621/FL360/TP B737/TB SEV TURB/RM A/C GAINED 500FT ZHU,SEV TURB,,36000.0,29.25927370109391,-90.36885291838824,2024-01-09 06:21:00,5.0,1,M,0.8
T,GLEX,BPT UUA /OV SBI/TM 0645/FL290/TP GLEX/TB SEV TURB 290/RM ZHU,SEV TURB 290,,29000.0,29.69,-94.04,2024-01-09 06:45:00,5.0,1,M,0.8
T,B737,PSX UUA /OV PSX090010/TM 0645/FL240/TP B737/TB SEV TURB 240/RM ZHU,SEV TURB 240,,24000.0,28.73,-96.05991995290908,2024-01-09 06:45:00,5.0,1,M,0.8
T,E170,XNA UUA /OV XNA045030/TM 0648/FL160/TP E170/TB SEV/RM ZME,SEV,,16000.0,36.63558202844655,-93.86837478316303,2024-01-09 06:48:00,5.0,1,U,0.6
T,B737,GLS UUA /OV VUH/TM 0654/FL210/TP B737/TB SEV TURB 210-250/RM ZHU,SEV TURB 210-250,,21000.0,29.27,-94.87,2024-01-09 06:54:00,5.0,1,M,0.8
T,B737,PSX UUA /OV PSX045050/TM 0705/FL240/TP B737/TB SEV TURB 240-260/RM ZHU,SEV TURB 240-260,,24000.0,29.31930338074425,-95.5779655486687,2024-01-09 07:05:00,5.0,1,M,0.8
T,PC12,PSN UUA /OV CQY052034/TM 0728/FL160/TP PC12/TB CONS SEV 120-160/RM BRAZZ. ZFW,CONS SEV 120-160,,16000.0,32.538903094907845,-95.69231135389194,2024-01-09 07:28:00,5.0,1,L,0.6
T,B737,MSY UUA /OV LEV135035/TM 0730/FL330/TP B737/TB SEV TURB 330/RM ZHU,SEV TURB 330,,33000.0,28.767487633479025,-89.62752720710682,2024-01-09 07:30:00,5.0,1,M,0.8
F,A321,MSY UA /OV LEV090050/TM 1020/FL350/TP A321/SK +300FT- 500FT /TB SEV TURB 350/RM ZHU,SEV TURB 350,,35000.0,29.18,-89.14546081205454,2024-01-09 10:20:00,5.0,1,M,0.8
T,A321,MSY UUA /OV LEV090050/TM 1020/FL350/TP A321/SK +300FT- 500FT /TB SEV TURB 350/RM CORRECTION ZHU,SEV TURB 350,,35000.0,29.18,-89.14546081205454,2024-01-09 10:20:00,5.0,1,M,0.8
T,A21N,MSY UUA /OV LEV180210/TM 1056/FL370/TP A21N/TB SEV TURB 370/RM ZHU,SEV TURB 370,,37000.0,25.6797164997165,-90.1,2024-01-09 10:56:00,5.0,1,U,0.6
T,A320,ALO UUA /OV 10 E ALO/TM 1131/FL350/TP A320/TB SEV/RM +/- 200 FT,SEV,,35000.0,42.554365,-92.1750209023586,2024-01-09 11:31:00,5.0,1,M,0.8
T,E135,CRW UUA /OV BKW/TM 1339/FL050/TP E135/WV 13033KT/TB SEV/RM SEVERE LLWS ON FINAL,SEV,,5000.0,37.78733,-81.12416,2024-01-09 13:39:00,5.0,1,M,0.8
F,B738,BRL UA /OV BRL180010/TM 1416/FL260/TP B738/WV 180110/TB SEV/RM SEV TURB  WESTBOUND WINDS  SMOOTH ABOVE FL270 ZKC FDC FN/DL,SEV,,26000.0,40.60624883331983,-91.125494,2024-01-09 14:16:00,5.0,1,M,0.8
T,B738,BRL UUA /OV BRL170010/TM 1420/FL260/TP B738/L/TB SEV,SEV,,26000.0,40.608781079580005,-91.08727458119697,2024-01-09 14:20:00,5.0,1,M,0.8
T,B38M,CMY UUA /OV CMY/TM 1423/FL360/TP B38M/TB SEV,SEV,,36000.0,43.95835,-90.7379,2024-01-09 14:23:00,5.0,1,U,0.6
F,A319,ATL UA /OV ATL045020/TM 1453/FL070/TP A319/TB SEV/RM NO INJURIES,SEV,,7000.0,33.8658213522977,-84.15869557462784,2024-01-09 14:53:00,5.0,1,M,0.8
T,A319,ATL UUA /OV ATL045020/TM 1453/FL070/TP A319/TB SEV/RM NO INJURIES,SEV,,7000.0,33.8658213522977,-84.15869557462784,2024-01-09 14:53:00,5.0,1,M,0.8
T,B78X,ORF UUA /OV 3821N05643W/TM 1505/FL380/TP B78X/TB SEV,SEV,,38000.0,38.35,-56.7166,2024-01-09 15:05:00,5.0,1,U,0.6
T,C25B,PIE UUA /OV PIE266160/TM 1626/FL450/TP C25B/SK TOP 450/TA M70/TB SEV/IC RIME,SEV,,45000.0,27.723967669268937,-85.69798308917004,2024-01-09 16:26:00,5.0,1,U,0.6
T,LJ31,SRQ UUA /OV SRQ280155/TM 1628/FL470/TP LJ31/TB SEV,SEV,,47000.0,27.85001746155708,-85.42443639287674,2024-01-09 16:28:00,5.0,1,M,0.8
T,B738,SAT UUA /OV KSAT180015/TM 1641/FL300/TP B738/TA M09/TB SEV/RM ZHU,SEV,,30000.0,29.28366974997975,-98.46978,2024-01-09 16:41:00,5.0,1,M,0.8
T,H25B,SAV UUA /OV SAV340060/TM 1736/FL400/TP H25B/TB SEV,SEV,,40000.0,33.071136245964304,-81.60621745359657,2024-01-09 17:36:00,5.0,1,M,0.8
T,E75S,CHS UUA /OV CHS/TM 1855/FL006/TP E75S/WV +/- 20KTS /TB SEV TURB /RM NO INJURIES REPORTED,SEV TURB,,600.0,32.8986,-80.0405,2024-01-09 18:55:00,5.0,1,U,0.6
T,E75L,CHS UUA /OV CHS/TM 1917/FL010/TP E75L/WV +/- 20KTS /TB SEV TURB /RM NO INJURIES REPORTED,SEV TURB,,1000.0,32.8986,-80.0405,2024-01-09 19:17:00,5.0,1,U,0.6
T,A321,SAV UUA /OV SAV300020/TM 1924/FL280/TP A321/TB SEV,SEV,,28000.0,32.29804767668016,-81.54321865245588,2024-01-09 19:24:00,5.0,1,M,0.8
T,E75S,CHS UUA /OV CHS/TM 1952/FL006/TP E75S/TB SEV/RM +/-20KTS,SEV,,600.0,32.8986,-80.0405,2024-01-09 19:52:00,5.0,1,U,0.6
T,B748,IND UUA /OV MIE170027/TM 2013/FL220/TP B748/TB SEV,SEV,,22000.0,39.79927061486601,-85.29337055523762,2024-01-09 20:13:00,5.0,1,U,0.6
T,B739,SRQ UUA /OV SRQ283180/TM 2031/FL350/TP B739/TB SEV,SEV,,35000.0,28.076297826192462,-85.85139336300745,2024-01-09 20:31:00,5.0,1,M,0.8
F,B350,DAY UA /OV ROD/TM 2049/FL200/TP B350/TB SEV/RM NO INJURIES OR DAMAGE,SEV,,20000.0,40.29,-84.04,2024-01-09 20:49:00,5.0,1,M,0.8
T,A321,GNV UUA /OV GNV360030/TM 2053/FL360/TP A321/TB SEV,SEV,,36000.0,30.191740500040503,-82.27602,2024-01-09 20:53:00,5.0,1,M,0.8
T,E75S,CHO UUA /OV 15 S CHO/TM 2130/FL030/TP E75S/TB SEV,SEV,,3000.0,37.88861974997975,-78.45286,2024-01-09 21:30:00,5.0,1,U,0.6
F,C172,BJC UA /OV BJC120001/TM 2140/FL006/TP C172/TB SEV/RM SHORT FINAL RY30R,SEV,,600.0,39.90047599166599,-105.0983716502814,2024-01-09 21:40:00,5.0,1,L,0.6
T,A320,OMN UUA /OV OMN/TM 2206/FL180/TP A320/TB SEV,SEV,,18000.0,29.30056,-81.11361,2024-01-09 22:06:00,5.0,1,M,0.8
T,C525,AMG UUA /OV AMG040028/TM 2237/FL160/TP C525/TA 02/TB SEV/IC MOD RIME,SEV,,16000.0,31.89357636329776,-82.15458543344603,2024-01-09 22:37:00,5.0,1,L,0.6
T,E145,VJI UUA /OV HMV170015/TM 2301/FL120/TP E145/TB SEV 120-130/RM NO DAMAGES OR INJURIES REPORTED ZTLFD 44,SEV 120-130,,12000.0,36.19377811937,-82.07603271968053,2024-01-09 23:01:00,5.0,1,M,0.8
T,B738,DEN UUA /OV DEN235025/TM 2304/FL140/TP B738/L/TB SEV/RM ZDV,SEV,,14000.0,39.593790459962975,-105.1020024892248,2024-01-09 23:04:00,5.0,1,M,0.8
T,LJ40,CMH UUA /OV LCK/TM 2305/FL030/TP LJ40/WV 21043G55 +/- 20KTS/TB SEV TURB ON FINAL,SEV TURB ON FINAL,,3000.0,39.81378,-82.92781,2024-01-09 23:05:00,5.0,1,M,0.8
T,E135,BKW UUA /OV BKW180025/TM 2319/FL140/TP E135/TB SEV,SEV,,14000.0,37.37062958329958,-81.12416,2024-01-09 23:19:00,5.0,1,M,0.8
T,BE99,ELY UUA /OV ELY340015/TM 2321/FL110/TP BE99/TB SEV/ZLC,SEV,,11000.0,39.52994218399108,-114.95577549195028,2024-01-09 23:21:00,5.0,1,L,0.6
F,E135,CHO UA /OV 10 NE SHD/TM 2343/FL050/TP E135/TB SEV TB,SEV TB,,5000.0,38.38169067614885,-78.74633103548436,2024-01-09 23:43:00,5.0,1,M,0.8
T,C56X,RSW UUA /OV RSW210030/TM 0028/FL290/TP C56X/TB SEV,SEV,,29000.0,26.10501222404385,-82.03619534245773,2024-01-10 00:28:00,5.0,1,M,0.8
T,A319,OMN UUA /OV OMN/TM 0049/FL240/TP A319/TB SEV,SEV,,24000.0,29.30056,-81.11361,2024-01-10 00:49:00,5.0,1,M,0.8
T,A319,ILM UUA /OV ISO080010/TM 0059/FL370/TP A319/TB SEV,SEV,,37000.0,35.35894370719723,-77.40879762698341,2024-01-10 00:59:00,5.0,1,M,0.8
T,E75S,LGA UUA /OV HPN270012/TM 0220/FL030/TP E75S/TB SEV/RM PILOT REQUESTED TO CLIMB REFERENCE TURB,SEV,,3000.0,41.06694,-73.9727936792938,2024-01-10 02:20:00,5.0,1,U,0.6
T,PA27,COS UUA /OV KCOS/TM 0220/FL070/TP PA27/TB SEV,SEV,,7000.0,38.80581,-104.70078,2024-01-10 02:20:00,5.0,1,L,0.6
T,C560,PSK UUA /OV PSK220020/TM 0230/FL130/TP C560/TB SEV/RM ZTLFD-44,SEV,,13000.0,36.88198116907302,-80.94727382171043,2024-01-10 02:30:00,5.0,1,M,0.8
T,E190,DUJ UUA /OV CIP090020/TM 0316/FL200/TP E190/TB SEV 200-210,SEV 200-210,,20000.0,41.15,-79.01728418376135,2024-01-10 03:16:00,5.0,1,U,0.6
T,E170,HVN UUA /OV MAD/TM 0331/FL100/TP E170/TB SEV CAT 100,SEV CAT 100,,10000.0,41.31,-72.69,2024-01-10 03:31:00,5.0,1,U,0.6
T,A333,MIA UUA /OV 28N042W/TM 0403/FL370/TP A333/TB SEV,SEV,,37000.0,28.0,-42.0,2024-01-10 04:03:00,5.0,1,H,1.0
T,B738,LGA UUA /OV LGA360010/TM 0408/FL027/TP B738/TB SEV/RM DURD,SEV,,2700.0,40.94613016668016,-73.88028,2024-01-10 04:08:00,5.0,1,M,0.8
T,A339,MIA UUA /OV 2730N48W/TM 0436/FL340/TP A339/TB SEV,SEV,,34000.0,27.5,-0.8,2024-01-10 04:36:00,5.0,1,U,0.6
T,A359,MIA UUA /OV 27N04515W/TM 0440/FL350/TP A359/TB SEV,SEV,,35000.0,0.45,-45.25,2024-01-10 04:40:00,5.0,1,U,0.6
T,A306,LNS UUA /OV LRP/TM 0658/FL180/TP A306/TB SEV,SEV,,18000.0,40.12,-76.29,2024-01-10 06:58:00,5.0,1,H,1.0
T,A306,LNS UUA /OV LRP/TM 0700/FL180/TP A306/TB SEV,SEV,,18000.0,40.12,-76.29,2024-01-10 07:00:00,5.0,1,H,1.0
T,B789,MIA UUA /OV 2815N4720W/TM 0720/FL370/TP B789/TB SEV,SEV,,37000.0,28.25,-47.3333,2024-01-10 07:20:00,5.0,1,U,0.6
F,B789,UUA /OV 5719N06526W /TM 0740 /FL370 /TP B789 /TB SEV CAT /RM SEVTURB ALSO REP BY ANOTHER ACFT AT FL390 A BIT EARLIER,SEV CAT,,37000.0,57.3166,-65.4333,2024-01-10 07:40:00,5.0,1,U,0.6
F,B77L,UUA /OV 4922N07504W /TM 0740 /FL350 /TP B77L /TB SEV CAT,SEV CAT,,35000.0,49.3666,-75.666,2024-01-10 07:40:00,5.0,1,U,0.6
T,FA50,COS UUA /OV IMAGN/TM 1558/FL190/TP FA50/TB SEV,SEV,,19000.0,38.80581,-104.70078,2024-01-10 15:58:00,5.0,1,M,0.8
T,BE36,ROW UUA /OV CME280025/TM 1646/FL090/TP BE36/TB SEV-EXTRM CAR/RM DURC - ZAB/FDCS,SEV-EXTRM CAR,,9000.0,33.41235926799308,-105.11121148799069,2024-01-10 16:46:00,6.0,1,L,0.6
T,BE36,ROW UUA /OV CME280025/TM 1655/FL090/TP BE36/TB SEV CAT SFC-090 +700/-300FT/RM COR - DURC - ZAB/FDCS,SEV CAT SFC-090 +700,,9000.0,33.41235926799308,-105.11121148799069,2024-01-10 16:55:00,5.0,1,L,0.6
T,HUSK,PMD UUA /OV WJF320014/TM 1817/FL080/TP HUSK/TB SEV 095-050/MOD 045-030,SEV 095-050,,8000.0,34.91981818164888,-118.4011754478389,2024-01-10 18:17:00,5.0,1,L,0.6
T,C208,SDB UUA /OV GMN /TM 1901/FL090/TP C208/TB SEV CAT /RM ZLAWC AWC-WEB,SEV CAT,,9000.0,34.8,-118.86,2024-01-10 19:01:00,5.0,1,L,0.6
T,E550,BJC UUA /OV DBL080037/TM 1921/FL280/TP E550/TB SEV/RM +-40 KTS LOST AUTO PILOT ZDV,SEV,,28000.0,39.54709171662975,-106.11357637507146,2024-01-10 19:21:00,5.0,1,U,0.6
F,GL7T,UUA /OV 4556N05414W /TM 1938 /FL450 /TP GL7T /TB SEV,SEV,,45000.0,45.9333,-54.2333,2024-01-10 19:38:00,5.0,1,U,0.6
F,A359,UUA /OV 5138N05125W /TM 2005 /FL390 /TP A359 /TB SEV,SEV,,39000.0,51.6333,-51.4166,2024-01-10 20:05:00,5.0,1,U,0.6
T,B788,BOS UUA /OV 42N050W/TM 2120/FL400/TP B788/TB SEV,SEV,,40000.0,42.0,-50.0,2024-01-10 21:20:00,5.0,1,U,0.6
T,C56X,BYI UUA /OV BYI120016/TM 0005/FL170/TP C56X/TB CONS SEV 170/RM /ZLC,CONS SEV 170,,17000.0,42.40925586665587,-113.45806727256226,2024-01-11 00:05:00,5.0,1,M,0.8
F,PC12,FAT UA /OV BIH190006/TM 0008/FL175/TP PC12/TB SEV,SEV,,17500.0,37.274621247748,-118.38546256494725,2024-01-11 00:08:00,5.0,1,L,0.6
T,FA7X,BOS UUA /OV 4005N04943W/TM 0153/FL410/TP FA7X/TB SEV,SEV,,41000.0,40.833,-49.7166,2024-01-11 01:53:00,5.0,1,U,0.6
T,FA7X,BOS UUA /OV 42N04843W/TM 0153/FL410/TP FA7X/TB SEV,SEV,,41000.0,0.7,-48.7166,2024-01-11 01:53:00,5.0,1,U,0.6
T,B737,SFO UUA /OV SWR305015/TM 0230/FL240/TP B737/TB SEV 240-250,SEV 240-250,,24000.0,39.323405724022216,-120.5342077270168,2024-01-11 02:30:00,5.0,1,M,0.8
T,A332,BGR UUA /OV BGR220028/TM 1056/FL340/TP A332/TB SEV,SEV,,34000.0,44.44992363670224,-69.25097386889142,2024-01-11 10:56:00,5.0,1,H,1.0
T,A330,BOS UUA /OV 4143N03710W/TM 1426/FL360/TP A330/TB SEV,SEV,,36000.0,41.7166,-37.1666,2024-01-11 14:26:00,5.0,1,L,0.6
F,E75L,KLAX UA /OV LAX071040/TM 1442/FL110/TP E75L/TB SEV/RM LLWS +/-15 KT ALL THE WAY TO THE GROUND.,SEV,,11000.0,34.1552230170027,-117.62668682202388,2024-01-11 14:42:00,5.0,1,U,0.6
F,E75L,KLAX UA /OV LAX071040/TM 1442/FL110/TP E75L/TB SEV/RM LLWS +/-15 KT ALL THE WAY TO THE GROUND,SEV,,11000.0,34.1552230170027,-117.62668682202388,2024-01-11 14:42:00,5.0,1,U,0.6
T,A21N,BOS UUA /OV 4520N03902W/TM 1448/FL330/TP A21N/TB SEV,SEV,,33000.0,45.3333,-39.333,2024-01-11 14:48:00,5.0,1,U,0.6
T,737,LAX UUA /OV LAX065045/TM 1505/FL130/TP 737/TB SEV 130,SEV 130,,13000.0,34.255149370390605,-117.56715607889414,2024-01-11 15:05:00,5.0,1,M,0.8
T,B737,SDB UUA /OV FIM /TM 1514/FL100/TP B737/TB SEV 090-100 /RM DURD 100-090 ROKKR ARR AWC-WEB,SEV 090-100,,10000.0,34.36,-118.88,2024-01-11 15:14:00,5.0,1,M,0.8
F,C408,SBA UA /OV SBA095018/TM 1543/FL060/TP C408/TB SEV,SEV,,6000.0,34.399961159289035,-119.48126477413147,2024-01-11 15:43:00,5.0,1,M,0.8
T,P46T,LAF UUA /OV BVT160035/TM 1545/FL250/TP P46T/TB SEV,SEV,,25000.0,40.01180157068749,-86.8073683991146,2024-01-11 15:45:00,5.0,1,L,0.6
T,P46T,IND UUA /OV VHP340280/TM 1545/FL250/TP P46T/TB SEV/RM NO INJURIES,SEV,,25000.0,44.195587434500105,-88.44795092612173,2024-01-11 15:45:00,5.0,1,L,0.6
T,C208,BUR UUA /OV KBUR070008/TM 1617/FL100/TP C208/TB SEV 100-070/RM PILOT EXPERIENCED 3000 FOOT DOWNDRAFT FROM 100-070,SEV 100-070,,10000.0,34.246276379598,-118.20716904855011,2024-01-11 16:17:00,5.0,1,L,0.6
T,C208,SDB UUA /OV LHS /TM 1635/FL100/TP C208/TB SEV BLO 100 /RM UNABLE TO MAINTAIN ALTITUDE AWC-WEB,SEV BLO 100,,10000.0,34.68,-118.58,2024-01-11 16:35:00,5.0,1,L,0.6
T,C172,SBA UUA /OV RZS120021/TM 1640/FL050/TP C172/TB SEV,SEV,,5000.0,34.33498582498582,-119.40213180439078,2024-01-11 16:40:00,5.0,1,L,0.6
T,C172,OXR UUA /OV CMA320020 /TM 1715 /FL080 /TP C172 /TB SEV 040-050 /RM 70-75KT HEADWIND HDG NW,SEV 040-050,,8000.0,34.46911883092697,-119.35348209492793,2024-01-11 17:15:00,5.0,1,L,0.6
F,P28A,CHO UA /OV 10 EAST MOL /TM 2004/FL060/TP P28A/TB SEV AT 060 SMOOTH AT 075,SEV AT 060 SMOOTH AT 075,,6000.0,37.9,-78.89876754723157,2024-01-11 20:04:00,5.0,1,L,0.6
T,SR22,BUR UUA /OV BUR09005/TM 2125/FL055/TP SR22/TB SEV 055,SEV 055,,5500.0,34.20067,-118.35867,2024-01-11 21:25:00,5.0,1,L,0.6
T,SR22,BUR UUA /OV BUR090005/TM 2125/FL055/TP SR22/TB SEV/RM COR LOCTN. ZLA CWSU,SEV,,5500.0,34.20067,-118.2579050343488,2024-01-11 21:25:00,5.0,1,L,0.6
T,C525,RDM UUA /OV RDM/TM 0030/FL094/TP C525/WV 26017G26/TB SEV 094-058/IC NEG/RM LLWS +/-15KT SHORT FINAL RWY 29 DURD.,SEV 094-058,,9400.0,44.25389,-121.15,2024-01-12 00:30:00,5.0,1,L,0.6
T,C525,RDM UUA /OV RDM/TM 0030/FL094/TP C525/WV 26017G26/TB SEV 094-058/IC NEG/RM LLWS +/-15KT SHORT FINAL RWY 29 DURD,SEV 094-058,,9400.0,44.25389,-121.15,2024-01-12 00:30:00,5.0,1,L,0.6
T,C150,ANC UUA /OV TED120015/TM 0036/FL023/TP C150/TB SEV 023,SEV 023,,2300.0,61.044989874989874,-149.54097822141892,2024-01-12 00:36:00,5.0,1,L,0.6
T,C150,SWO UUA /OV SWO/TM 0052/FL040/TP C150/TB SEV CAT 040/RM ZKC/FDC/CW,SEV CAT 040,,4000.0,36.16122,-97.08569,2024-01-12 00:52:00,5.0,1,L,0.6
T,B737,SPS UUA /OV SPS180010/TM 0134/FL230/TP B737/TB SEV/RM SEV TURB FL230 DURD ZFW,SEV,,23000.0,33.811919833319834,-98.4928,2024-01-12 01:34:00,5.0,1,M,0.8
T,A321,XBP UUA /OV UKW180010/TM 0137/FL230/TP A321/TB SEV/RM SEV TURB FL230 DURD ZFW,SEV,,23000.0,33.37331983331983,-97.82,2024-01-12 01:37:00,5.0,1,M,0.8
T,A321,SPS UUA /OV SPS180010/TM 0155/FL200/TP A321/TB SEV/RM SEV TURB DURD FL200,SEV,,20000.0,33.811919833319834,-98.4928,2024-01-12 01:55:00,5.0,1,M,0.8
T,B38M,ELP UUA /OV ELP/TM 0212/FL065/TP B38M/TB SEV 065-075/RM DURC,SEV 065-075,,6500.0,31.81111,-106.37583,2024-01-12 02:12:00,5.0,1,U,0.6
T,BE20,ANC UUA /OV 150035/TM 0306/FL100/TP BE20/TB SEV TURB/RM DURC FROM SEWARD FROM 050-080. MOD AT 100 INTO ANC FROM THE SOUTHEAST,SEV TURB,,10000.0,61.17,-149.99,2024-01-12 03:06:00,5.0,1,M,0.8
T,B763,ELP UUA /OV KELP/TM 0348/FL080/TP B763/TB SEV 080-090/RM DURC,SEV 080-090,,8000.0,31.81111,-106.37583,2024-01-12 03:48:00,5.0,1,H,1.0
T,A21,MAW UUA /OV MAW315010/TM 0439/FL360/TP A21/TB SEV /RM ZME,SEV,,36000.0,36.71836067614885,-90.1390097589466,2024-01-12 04:39:00,5.0,1,U,0.6
T,CRJ7,BNA UUA /OV BNA315080/TM 0534/FL350/TP CRJ7/TB CONS SEV/RM ZME,CONS SEV,,35000.0,37.0617754091908,-87.8564026826696,2024-01-12 05:34:00,5.0,1,M,0.8
T,BE58,RPH UUA /OV RPH315010/TM 0607/FL050/TP BE58/TB SEV/RM ZFW,SEV,,5000.0,33.22786067614885,-98.69570843460522,2024-01-12 06:07:00,5.0,1,L,0.6
T,A21N,LGC UUA /OV LGC250012/TM 1406/FL340/TP A21N/TB SEV CAT/RM MOD-SEV CAT. NO DAMAGE OR INJURIES ZTLFD-10,SEV CAT,,34000.0,32.940450430603,-85.2967416593114,2024-01-12 14:06:00,5.0,1,U,0.6
T,B38M,MLI UUA /OV MZV/TM 1506/FL280/TP B38M/TB SEV/RM +/- 20 KNOTS,SEV,,28000.0,41.32,-90.64,2024-01-12 15:06:00,5.0,1,U,0.6
F,BE99,PDX UA /OV PDX140045/TM 1604/FL110/TP BE99/TB SEV 110-070/RM SEV TURB DURD 110-070,SEV 110-070,,11000.0,45.01625013041431,-121.91130438666175,2024-01-12 16:04:00,5.0,1,L,0.6
T,C208,LMT UUA /OV KLMT/TM 1722/FL100/TP C208/TB SEV/RM DURD ENTIRE APCH RNAV 14...ZSE,SEV,,10000.0,42.14694,-121.72417,2024-01-12 17:22:00,5.0,1,L,0.6
T,C208,LMT UUA /OV LMT/TM 1722/FL100/TP C208/TB SEV TURB/RM DURD ENTIRE APCH RNAV RWY14...ZSE,SEV TURB,,10000.0,42.14694,-121.72417,2024-01-12 17:22:00,5.0,1,L,0.6
T,E145,BJC UUA /OV BJC180015/TM 1738/FL110/TP E145/TB SEV,SEV,,11000.0,39.65878974997975,-105.11719,2024-01-12 17:38:00,5.0,1,M,0.8
F,EC35,MLU UA /OV MLU040010/TM 1750/FL010/TP EC35/TB SEV,SEV,,1000.0,32.638544415463485,-91.91063999574595,2024-01-12 17:50:00,5.0,1,L,0.6
T,EC35,MGW UUA /OV KMGW360003 /TM 1801 /FL022 /TP EC35 /TB EXTRM /RM LLWS +/-20KT COR,EXTRM,,2200.0,39.69291405000405,-79.91631,2024-01-12 18:01:00,7.0,1,L,0.6
T,C25B,ATL UUA /OV ATL360030/TM 1810/FL160/TP C25B/TB SEV-EXTRM CHOP 060-150/RM ZTLFD-41,SEV-EXTRM CHOP 060-150,,16000.0,34.1301405000405,-84.4418,2024-01-12 18:10:00,6.0,1,U,0.6
T,P28A,COS UUA /OV 4 SE COS/TM 1835/FL086/TP P28A/TB SEV TURB,SEV TURB,,8600.0,38.75866572954046,-104.64028235092076,2024-01-12 18:35:00,5.0,1,L,0.6
T,SR22,MGW UUA /OV KMGW360001 /TM 1836 /FL015 /TP SR22 /TB SEV /RM LLWS +/-15KTS COR,SEV,,1500.0,39.659578016668014,-79.91631,2024-01-12 18:36:00,5.0,1,L,0.6
T,E135,BKW UUA /OV BKW360010/TM 1844/FL050/TP E135/TB SEV/RM ON ARRIVAL 10 NM FINAL BKW,SEV,,5000.0,37.95401016668016,-81.12416,2024-01-12 18:44:00,5.0,1,M,0.8
T,A320,MGM UUA /OV MGM090050/TM 1850/FL350/TP A320/TB SEV CAT 350/RM NO INJURIES OR DAMAGE TO THE AIRCRAFT / ZTLFD-08,SEV CAT 350,,35000.0,32.30064,-85.40799537562248,2024-01-12 18:50:00,5.0,1,M,0.8
T,E55P,RSW UUA /OV LBV100010/TM 1912/FL150/TP E55P/TB SEV CAT 130,SEV CAT 130,,15000.0,26.80105629280277,-81.20604976652697,2024-01-12 19:12:00,5.0,1,U,0.6
T,A21N,EUF UUA /OV EFU180020/TM 1950/FL330/TP A21N/TB SEV CAT,SEV CAT,,33000.0,31.9513,-85.1289,2024-01-12 19:50:00,5.0,1,U,0.6
T,A21N,AMG UUA /OV EUF180020/TM 1950/FL330/TP A21N/TB SEV CAT,SEV CAT,,33000.0,31.617939666639668,-85.1289,2024-01-12 19:50:00,5.0,1,U,0.6
T,B737,DEN UUA /OV DEN180010/TM 2037/FL110/TP B737/TB SEV,SEV,,11000.0,39.66611983331983,-104.6575,2024-01-12 20:37:00,5.0,1,M,0.8
F,B737,DEN UA /OV 10 S/TM 2037/FL110/TP B737/TB SEV,SEV,,11000.0,39.8328,-104.6575,2024-01-12 20:37:00,5.0,1,M,0.8
F,E145,VLD UA /OV OTK325045/TM 2038/FL360/TP E145/TB SEV,SEV,,36000.0,31.3944137967532,-83.78075410584931,2024-01-12 20:38:00,5.0,1,M,0.8
T,E145,VLD UUA /OV OTK325045/TM 2038/FL360/TP E145/TB SEV,SEV,,36000.0,31.3944137967532,-83.78075410584931,2024-01-12 20:38:00,5.0,1,M,0.8
T,A319,DEN UUA /OV DEN240030/TM 2053/FL160/TP A319/TB SEV,SEV,,16000.0,39.58277974997975,-105.22142526940203,2024-01-12 20:53:00,5.0,1,M,0.8
T,A319,GRD UUA /OV GRD/TM 2127/FL230/TP A319/TB SEV/RM ZTLFD-31,SEV,,23000.0,34.25,-82.16,2024-01-12 21:27:00,5.0,1,M,0.8
T,E175,CLT UUA /OV CLT273018/TM 2129/FL345/TP E175/TB SEV CAT 330-350/RM ZTLFD-33,SEV CAT 330-350,,34500.0,35.23825205863789,-81.32107035910408,2024-01-12 21:29:00,5.0,1,U,0.6
F,B777,UUA /OV CYQI 270040 /TM 2140 /FL360 /TP B777 /TB SEV,SEV,,36000.0,43.83079,-67.01236901218127,2024-01-12 21:40:00,5.0,1,H,1.0
T,CRJ9,CRW UUA /OV HNN/TM 2147/FL300/TP CRJ9/TB SEV/RM +/- 150FT,SEV,,30000.0,38.75,-82.03,2024-01-12 21:47:00,5.0,1,U,0.6
T,A20N,RNO UUA /OV RNO165018/TM 2159/FL100/TP A20N/TB SEV/RM DURD,SEV,,10000.0,39.19408878009223,-119.67049888222306,2024-01-12 21:59:00,5.0,1,U,0.6
T,C25M,DEN UUA /OV DEN325040/TM 2311/FL120/TP C25M/TB SEV 120 100 DURD,SEV 120 100 DURD,,12000.0,40.37894559711396,-105.15549038993308,2024-01-12 23:11:00,5.0,1,U,0.6
T,GLF4,DEN UUA /OV DEN50SW/TM 2312/FL180/TP GLF4/TB SEV 180-170,SEV 180-170,,18000.0,39.8328,-104.6575,2024-01-12 23:12:00,5.0,1,M,0.8
T,C25M,DEN UUA /OV DEN20NW/TM 2315/FL090/TP C25M/TB SEV 090,SEV 090,,9000.0,39.8328,-104.6575,2024-01-12 23:15:00,5.0,1,U,0.6
T,A320,CHS UUA /OV CHS070100/TM 0006/FL340/TP A320/TB SEV/RM +300FT,SEV,,34000.0,33.46867974497497,-78.17506477782334,2024-01-13 00:06:00,5.0,1,M,0.8
T,E170,SAV UUA /OV SAV270045/TM 0102/FL370/TP E170/TB SEV,SEV,,37000.0,32.13136751,-82.08802901331924,2024-01-13 01:02:00,5.0,1,U,0.6
T,CRJ9,DOV UUA /OV ENO360005/TM 0105/FL260/TP CRJ9/TB SEV,SEV,,26000.0,39.31334008334008,-75.52,2024-01-13 01:05:00,5.0,1,U,0.6
T,A320,NHK UUA /OV PXT22020/TM 0129/FL350/TP A320/TB SEV/RM KORRY4 ARRIVAL,SEV,,35000.0,38.29,-76.4,2024-01-13 01:29:00,5.0,1,M,0.8
T,C68A,RIC UUA /OV FAK/TM 0130/FL410/TP C68A/TB SEV,SEV,,41000.0,37.53,-77.83,2024-01-13 01:30:00,5.0,1,U,0.6
T,E295,SAV UUA /OV SAV090030/TM 0131/FL360/TP E295/TB SEV,SEV,,36000.0,32.13136751,-80.61181777445385,2024-01-13 01:31:00,5.0,1,U,0.6
T,h25b,DAG UUA /OV dag /TM 0215/FL350/TP h25b/TA M30/TB SEV 350-350/IC LGT RIME BLO 350 /RM MTN WAVE /-55 ZLAWC AWC-WEB,SEV 350-350,,35000.0,34.85361,-116.78583,2024-01-13 02:15:00,5.0,1,U,0.6
T,E170,ILM UUA /OV ILM300040/TM 0244/FL370/TP E170/TB SEV,SEV,,37000.0,34.603360333360335,-78.59869525149747,2024-01-13 02:44:00,5.0,1,U,0.6
F,A320,ILM UA /OV ILM300045/TM 0247/FL370/TP A320/TB SEV,SEV,,37000.0,34.64503037503038,-78.68603215793466,2024-01-13 02:47:00,5.0,1,M,0.8
T,A320,ILM UUA /OV ILM030050/TM 0250/FL390/TP A320/TB SEV CAT,SEV CAT,,39000.0,34.99174629326025,-77.39576013558303,2024-01-13 02:50:00,5.0,1,M,0.8
T,E75S,IPT UUA /OV FQM070030/TM 0251/FL320/TP E75S/TB SEV,SEV,,32000.0,41.511023923492495,-76.14415772999857,2024-01-13 02:51:00,5.0,1,U,0.6
T,A321,FLO UUA /OV FLO210041/TM 0300/FL330/TP A321/TB SEV 330-310/RM DURD,SEV 330-310,,33000.0,33.5935280395266,-80.13695136187731,2024-01-13 03:00:00,5.0,1,M,0.8
T,CRJ7,ILM UUA /OV ISO223006/TM 0318/FL160/TP CRJ7/TB SEV 170-160,SEV 170-160,,16000.0,35.256858705867174,-77.69360191398877,2024-01-13 03:18:00,5.0,1,M,0.8
T,B752,SBY UUA /OV SBY010010/TM 0321/FL340/TP B752/TB SEV,SEV,,34000.0,38.50464792041999,-75.47339791913785,2024-01-13 03:21:00,5.0,1,M,0.8
T,B777,AVP UUA /OV LVZ200010/TM 0325/FL330/TP B777/TB SEV/IC NE BOUMD,SEV,,33000.0,41.11337187733928,-75.76584785239449,2024-01-13 03:25:00,5.0,1,H,1.0
T,E190,PTW UUA /OV MXE240025/TM 0335/FL355/TP E190/TB CON SEV CAT,CON SEV CAT,,35500.0,39.71164979164979,-76.14053561352449,2024-01-13 03:35:00,5.0,1,U,0.6
T,A321,PTW UUA /OV MXE240025/TM 0345/FL350/TP A321/TB SEV,SEV,,35000.0,39.71164979164979,-76.14053561352449,2024-01-13 03:45:00,5.0,1,M,0.8
T,E75S,WWD UUA /OV SIE215035/TM 0358/FL310/TP E75S/TB SEV,SEV,,31000.0,38.622122602525295,-75.23117699277375,2024-01-13 03:58:00,5.0,1,U,0.6
F,A319,WWD UA /OV SIE190043/TM 0515/FL340/TP A319/TB EXTRM,EXTRM,,34000.0,38.39416394219402,-74.96037435366597,2024-01-13 05:15:00,7.0,1,M,0.8
F,E145,RCZ UA /OV SDZ190014/TM 0517/FL130/TP E145/TB SEV,SEV,,13000.0,34.990192911412,-79.63960096180988,2024-01-13 05:17:00,5.0,1,M,0.8
T,B738,MYGF UUA /OV ZFP212165/TM 1746/FL390/TP B738/TB SEV,SEV,,39000.0,24.167678832667505,-80.40849486935173,2024-01-13 17:46:00,5.0,1,M,0.8
T,B738,MYGF UUA /OV ZFP032165/TM 1748/FL390/TP B738/TB SEV,SEV,,39000.0,28.83232116733249,-77.15150513064827,2024-01-13 17:48:00,5.0,1,M,0.8
T,A21N,ABQ UUA /OV SAF083015 /TM 1930/FL310/TP A21N/TB SEV BLO 310 /RM MTN WAVE /-30FFT DX AWC-WEB,SEV BLO 310,,31000.0,35.64757980370796,-105.78415683217634,2024-01-13 19:30:00,5.0,1,U,0.6
T,A21N,TCC UUA /OV TCC330050 /TM 1940/FL310/TP A21N/TB SEV BLO 310 /RM MTN WAVE /-30FFT DX AWC-WEB,SEV BLO 310,,31000.0,35.90452629326025,-104.11302871983848,2024-01-13 19:40:00,5.0,1,U,0.6
T,A21N,TCC UUA /OV TCC330050/TM 1940/FL310/TP A21N/TB SEV BLO 310/RM MTN WAVE +-30FT ZAB/FDCS,SEV BLO 310,,31000.0,35.90452629326025,-104.11302871983848,2024-01-13 19:40:00,5.0,1,U,0.6
F,E190,BOS UA /OV 20 NW BOS/TM 1942/FL090/TP E190/TB SEV TURB,SEV TURB,,9000.0,42.55177763202962,-71.3792870437058,2024-01-13 19:42:00,5.0,1,U,0.6
T,GLF4,DEN UUA /OV DEN220030/TM 2105/FL115/TP GLF4/TB SEV/RM DURD 160-115,SEV,,11500.0,39.44974675360954,-105.07606067313588,2024-01-13 21:05:00,5.0,1,M,0.8
T,PA32,CCA UUA /OV CXW360010 /TM 2111 /FL055 /TP PA32 /TB SEV,SEV,,5500.0,35.186580166680166,-92.5551,2024-01-13 21:11:00,5.0,1,L,0.6
T,B737,LVS UUA /OV FTI250010/TM 2117/FL390/TP B737/TB SEV CAT/RM UNABLE TO MAINTAIN ALTITUDE ZAB/FDCS,SEV CAT,,39000.0,35.6029920255025,-105.33277527640902,2024-01-13 21:17:00,5.0,1,M,0.8
F,SR22,PMD UA /OV IYK330030/TM 2135/FL055/TP SR22/TB SEV,SEV,,5500.0,36.09178777595615,-118.13724589098916,2024-01-13 21:35:00,5.0,1,L,0.6
T,C680,ASE UUA /OV DBL/TM 2140/FL140/TP C680/TB SEV,SEV,,14000.0,39.44,-106.9,2024-01-13 21:40:00,5.0,1,U,0.6
T,B38M,RNO UUA /OV FMG230010/TM 2140/FL044/TP B38M/TB SEV SFC-140/RM DURC,SEV SFC-140,,4400.0,39.4228600540775,-119.82554626546144,2024-01-13 21:40:00,5.0,1,U,0.6
T,B38M,RNO UUA /OV FMG230010 /TM 2140/FL044/TP B38M/TB SEV /RM SEV SFC-140 DURC AWC-WEB,SEV,,4400.0,39.4228600540775,-119.82554626546144,2024-01-13 21:40:00,5.0,1,U,0.6
T,SW4,DEN UUA /OV DEN200042/TM 2239/FL165/TP SW4/TB SEV,SEV,,16500.0,39.17496188482498,-104.96929607534862,2024-01-13 22:39:00,5.0,1,M,0.8
T,PC12,RNO UUA /OV RNO170006/TM 2252/FL080/TP PC12/TB SEV/RM DURC,SEV,,8000.0,39.38540124774801,-119.74860916066122,2024-01-13 22:52:00,5.0,1,L,0.6
T,B737,RNO UUA /OV RNO170015/TM 2356/FL110/TP B737/TB SEV 110-130/RM DURC,SEV 110-130,,11000.0,39.23766811937001,-119.71485790165306,2024-01-13 23:56:00,5.0,1,M,0.8
F,A21N,UUA /OV 4340N05923W /TM 0010 /FL330 /TP A21N /TB SEV,SEV,,33000.0,43.6666,-59.3833,2024-01-14 00:10:00,5.0,1,U,0.6
T,C150,SDB UUA /OV LHS /TM 0022/FL110/TP C150/TB SEV BLO 110 /RM 1000FT/MIN DNDRAFT ACFT NEEDED BLOCK 090-110 AWC-WEB,SEV BLO 110,,11000.0,34.68,-118.58,2024-01-14 00:22:00,5.0,1,L,0.6
T,E75L,RNO UUA /OV RNO164001/TM 0229/FL052/TP E75L/TB SEV/RM DURC 052-080,SEV,,5200.0,39.467867674029776,-119.76515728194067,2024-01-14 02:29:00,5.0,1,U,0.6
T,GLEX,BOS UUA /OV 4012N05126W/TM 0300/FL410/TP GLEX/TB SEV,SEV,,41000.0,40.2,-51.4333,2024-01-14 03:00:00,5.0,1,M,0.8
F,A21N,UUA /OV 47N048W /TM 0331 /FL330 /TP A21N /TB SEV /RM ALTFLUCTUATIONS BY 400 FT IN BOTH DIRECTIONS,SEV,,33000.0,47.0,-48.0,2024-01-14 03:31:00,5.0,1,U,0.6
F,A21N,UUA /OV 4408N06012W /TM 0510 /FL330 /TP A21N /TB SEV,SEV,,33000.0,44.1333,-60.2,2024-01-14 05:10:00,5.0,1,U,0.6
T,A359,ORF UUA /OV 357N04832W/TM 0619/FL400/TP A359/TB SEV,SEV,,40000.0,3.95,-48.5333,2024-01-14 06:19:00,5.0,1,U,0.6
T,BE9L,FLG UUA /OV FLG061020/TM 0620/FL095/TP BE9L/TB SEV +/-20K/RM ZAB/FDCS,SEV +,,9500.0,35.301896296621614,-111.31567435463118,2024-01-14 06:20:00,5.0,1,L,0.6
T,BE9L,FLG UUA /OV FLG061020/TM 0624/FL095/TP BE9L/TB SEV/RM ZAB/FDCS,SEV,,9500.0,35.301896296621614,-111.31567435463118,2024-01-14 06:24:00,5.0,1,L,0.6
F,CRJ9,AVP UA /OV LVZ250020/TM 1551/FL130/TP CRJ9/TB SEV CONS 130 DRUD 130-090,SEV CONS 130 DRUD 130-090,,13000.0,41.15598405100501,-76.10678052353595,2024-01-14 15:51:00,5.0,1,U,0.6
T,B737,BWI UUA /OV ANTHM/TM 1605/FL100/TP B737/TB SEV BTWN 120-100/RM 120-100,SEV BTWN 120-100,,10000.0,29.53,-98.47,2024-01-14 16:05:00,5.0,1,M,0.8
T,C172,ONT UUA /OV PSP/TM 1624/FL050/TP C172/TB SEV TB,SEV TB,,5000.0,33.82967,-116.50669,2024-01-14 16:24:00,5.0,1,L,0.6
T,C172,PSP UUA /OV PSP270/10/TM 1648/FL050/TP C172/TB SEV/RM SEV TURB SFC-9 000 REPORTED BY MULITPLE C172S,SEV,,5000.0,33.82967,-116.50669,2024-01-14 16:48:00,5.0,1,L,0.6
T,B350,TRM UUA /OV TRM206008/TM 1709/FL090/TP B350/TB SEV,SEV,,9000.0,33.50682108684137,-116.22987148783784,2024-01-14 17:09:00,5.0,1,M,0.8
F,PC12,POU UA /OV IGN280010/TM 1737/FL150/TP PC12/TB SEV CAT 150,SEV CAT 150,,15000.0,41.69894370719723,-74.039746867948,2024-01-14 17:37:00,5.0,1,L,0.6
T,PC12,POU UUA /OV IGN280010/TM 1737/FL150/TP PC12/TB SEV CAT 150,SEV CAT 150,,15000.0,41.69894370719723,-74.039746867948,2024-01-14 17:37:00,5.0,1,L,0.6
T,C208,W99 UUA /OV 10 E ESL/TM 1740/FL080/TP C208/TB SEV,SEV,,8000.0,39.23,-78.77482149245623,2024-01-14 17:40:00,5.0,1,L,0.6
T,BE35,LYH UUA /OV DAN310010/TM 1803/FL050/TP BE35/TB SEV TURB/RM SMOOTHS OUT AT DAN350015,SEV TURB,,5000.0,36.679999945922496,-79.49509947361052,2024-01-14 18:03:00,5.0,1,L,0.6
T,PC12,MJX UUA /OV CYN/TM 1821/FL080/TP PC12/TB SEV,SEV,,8000.0,39.82,-74.43,2024-01-14 18:21:00,5.0,1,L,0.6
T,C172,PSP UUA /OV PSP143/05/TM 1837/FL025/TP C172/TB SEV/RM MOD-SEV TURB AT 2 500,SEV,,2500.0,33.82967,-116.50669,2024-01-14 18:37:00,5.0,1,L,0.6
F,H25B,POU UA /OV PWL010010/TM 1846/FL120/TP H25B/TB SEV 120-100,SEV 120-100,,12000.0,41.93414792042,-73.56119235565022,2024-01-14 18:46:00,5.0,1,M,0.8
F,H25B,POU UA /OV PWL100010/TM 1846/FL120/TP H25B/TB SEV 120-100,SEV 120-100,,12000.0,41.74105629280277,-73.37991091213696,2024-01-14 18:46:00,5.0,1,M,0.8
T,E145,ISP UUA /OV DPK/TM 1851/FL150/TP E145/TB CONS SEV,CONS SEV,,15000.0,40.79,-73.3,2024-01-14 18:51:00,5.0,1,M,0.8
T,E145,BDR UUA /OV CCC305007/TM 1856/FL080/TP E145/TB OCNL SEV/RM DURD FROM 150-090 MOD TURB BELOW 080,OCNL SEV,,8000.0,40.99692267121036,-72.92650449453461,2024-01-14 18:56:00,5.0,1,M,0.8
T,RV8,CHO UUA /OV 7SW BRAIL/TM 1925/FL070/TP RV8/TB SEV/RM POCKETS OF SEVER @070,SEV,,7000.0,38.13864,-78.45286,2024-01-14 19:25:00,5.0,1,L,0.6
T,RV8,LYH UUA /OV LYH060025/TM 1927/FL070/TP RV8/TB SEV,SEV,,7000.0,37.52915020835021,-78.75291617504256,2024-01-14 19:27:00,5.0,1,L,0.6
T,TBM9,HKY UUA /OV BZM250025/TM 2105/FL070/TP TBM9/TB SEV/RM MO DAMAGE OR INJURIES ZTLFD-46,SEV,,7000.0,35.72748006375625,-81.72321219935012,2024-01-14 21:05:00,5.0,1,U,0.6
T,TBM9,LAL UUA /OV LAL160010/TM 2143/FL240/TP TBM9/SK IMC/TA M23/TB SEV-EXTRM/IC LGT RIME,SEV-EXTRM,,24000.0,27.832291877339284,-81.95400111238366,2024-01-14 21:43:00,6.0,1,U,0.6
T,B38M,MTJ UUA /OV MTJ131022/TM 2237/FL160/TP B38M/TB SEV,SEV,,16000.0,38.26442553773084,-107.54385115100813,2024-01-14 22:37:00,5.0,1,U,0.6
T,C172,EYW UUA /OV EYW060080/TM 2302/FL040/TP C172/TB EXTRM,EXTRM,,4000.0,25.222831766720667,-80.48992987084088,2024-01-14 23:02:00,7.0,1,L,0.6
T,B789,BOS UUA /OV 4151N04215W/TM 0627/FL390/TP B789/TB SEV,SEV,,39000.0,41.85,-42.25,2024-01-15 06:27:00,5.0,1,U,0.6
T,A340,ORF UUA /OV 3619N05339W/TM 0802/FL360/TP A340/TB SEV,SEV,,36000.0,36.3166,-53.65,2024-01-15 08:02:00,5.0,1,L,0.6
T,B737,DEN UUA /OV DEN220050/TM 1725/FL230/TP B737/TB SEV 230/RM MOD-SEV 130-250,SEV 230,,23000.0,39.19437792268256,-105.35510112189311,2024-01-15 17:25:00,5.0,1,M,0.8
T,B737,DEN UUA /OV DEN130050/TM 1725/FL130/TP B737/TB SEV 230/RM MOD 130-250,SEV 230,,13000.0,39.29710027038751,-103.8261313567861,2024-01-15 17:25:00,5.0,1,M,0.8
F,C25M,ASE UA /OV DBL270010/TM 1742/FL160/TP C25M/TB SEV,SEV,,16000.0,39.44,-107.11582580458598,2024-01-15 17:42:00,5.0,1,U,0.6
T,GLF5,ASE UUA /OV DBL080020/TM 1815/FL195/TP GLF5/TB SEV,SEV,,19500.0,39.49788741439446,-106.47490614868728,2024-01-15 18:15:00,5.0,1,M,0.8
T,C56X,MLB UUA /OV MLB020005/TM 1830/FL290/TP C56X/TB SEV,SEV,,29000.0,28.18106406133036,-80.61294637381751,2024-01-15 18:30:00,5.0,1,M,0.8
T,C56X,OMN UUA /OV TRV350040/TM 1832/FL290/TP C56X/TB SEV,SEV,,29000.0,28.33659168167998,-80.62073690507918,2024-01-15 18:32:00,5.0,1,M,0.8
T,C560,VRB UUA /OV TRV080050/TM 1911/FL330/TP C560/TB SEV,SEV,,33000.0,27.824718535986158,-79.56319270883913,2024-01-15 19:11:00,5.0,1,M,0.8
T,C25M,ORL UUA /OV MLB093034/TM 1938/FL110/TP C25M/TB SEV CONS,SEV CONS,,11000.0,28.073090555906205,-80.00368515023779,2024-01-15 19:38:00,5.0,1,U,0.6
F,PC12,DEN UA /OV DEN240065/TM 2240/FL190/TP PC12/TB SEV,SEV,,19000.0,39.291089458289456,-105.87933808370444,2024-01-15 22:40:00,5.0,1,L,0.6
T,C55B,GNV UUA /OV GNV/TM 1409/FL300/TP C55B/TB SEV,SEV,,30000.0,29.6917,-82.27602,2024-01-16 14:09:00,5.0,1,U,0.6
T,BE30,GNV UUA /OV GNV360008/TM 1445/FL230/TP BE30/TB SEV/RM 100FT LOSS MINUS 10KT,SEV,,23000.0,29.825044133344136,-82.27602,2024-01-16 14:45:00,5.0,1,L,0.6
T,A319,JAX UUA /OV CRG090020/TM 1502/FL340/TP A319/TB SEV/RM 300FT LOSS,SEV,,34000.0,30.3361,-81.12845388023158,2024-01-16 15:02:00,5.0,1,M,0.8
T,B737,JAX UUA /OV CRG/TM 1527/FL340/TP B737/TB SEV,SEV,,34000.0,30.3361,-81.5147,2024-01-16 15:27:00,5.0,1,M,0.8
T,B737,JAX UUA /OV CRG/TM 1547/FL370/TP B737/TB SEV,SEV,,37000.0,30.3361,-81.5147,2024-01-16 15:47:00,5.0,1,M,0.8
T,A321,ILM UUA /OV ILM190080/TM 1625/FL300/TP A321/TB OCNL SEV,OCNL SEV,,30000.0,32.95681663664004,-78.18019306740169,2024-01-16 16:25:00,5.0,1,M,0.8
T,TBM9,DEN UUA /OV OVR LARKS/TM 1700/FL140/TP TBM9/TB SEV,SEV,,14000.0,41.17,-95.74,2024-01-16 17:00:00,5.0,1,U,0.6
T,TBM9,DEN UUA /OV LARKS/TM 1700/FL140/TP TBM9/TB SEV,SEV,,14000.0,41.31206,-105.675,2024-01-16 17:00:00,5.0,1,U,0.6
F,B717,LIH UA /OV LIH/TM 2055/FL004/TP B717/WV WIND SHEAR/TB SEV,SEV,,400.0,21.97,-159.33,2024-01-16 20:55:00,5.0,1,M,0.8
T,B717,LIH UUA /OV LIH/TM 2055/FL004/TP B717/TB SEV/RM WIND SHEAR CAUSED PLANE TO MOVE LEFT TO RIGHT SEVERELY. NO LOSS OR GAIN REPORTED.,SEV,,400.0,21.97,-159.33,2024-01-16 20:55:00,5.0,1,M,0.8
T,B717,LIH UUA /OV LIH/TM 2055/FL004/TP B717/TB SEV/RM WIND SHEAR CAUSED PLANE TO MOVE LEFT TO RIGHT SEVERELY. NO LOSS OR GAIN REPORTED,SEV,,400.0,21.97,-159.33,2024-01-16 20:55:00,5.0,1,M,0.8
F,B77W,UUA /OV 4247N06458W /TM 0036 /FL350 /TP B77W /TB SEV,SEV,,35000.0,42.7833,-64.9666,2024-01-17 00:36:00,5.0,1,U,0.6
F,B77W,UUA /OV 4308N06345W /TM 0042 /FL300 /TP B77W /TB SEV,SEV,,30000.0,43.1333,-63.75,2024-01-17 00:42:00,5.0,1,U,0.6
F,B738,UUA /OV 4358N06550W /TM 0058 /FL320 /TP B738 /TB SEV,SEV,,32000.0,43.9666,-65.8333,2024-01-17 00:58:00,5.0,1,M,0.8
T,A332,BOS UUA /OV 44N04630W/TM 0632/FL380/TP A332/TB SEV,SEV,,38000.0,0.7333,-46.5,2024-01-17 06:32:00,5.0,1,H,1.0
T,SR22,PWK UUA /OV PWK280003/TM 1228/FL017/TP SR22/TB TB SEV 017,TB SEV 017,,1700.0,42.12951311215917,-87.97111105815145,2024-01-17 12:28:00,5.0,1,L,0.6
T,C172,BJC UUA /OV BJC/TM 1410/FL065/TP C172/TB SEV/RM UP AND DOWNDRAFTS 1000FPM,SEV,,6500.0,39.90881,-105.11719,2024-01-17 14:10:00,5.0,1,L,0.6
T,E145,BJC UUA /OV BJC/TM 1604/FL070/TP E145/TB SEV/RM MOD TO SEV TURB 6 MILE FINAL TO SURFACE RY 30R,SEV,,7000.0,39.90881,-105.11719,2024-01-17 16:04:00,5.0,1,M,0.8
T,P46T,DEN UUA /OV DEN320035/TM 1635/FL110/TP P46T/TB SEV,SEV,,11000.0,40.279695454122205,-105.14582078532518,2024-01-17 16:35:00,5.0,1,L,0.6
T,B744,CDV UUA /OV JOH085080/TM 1655/FL360/TP B744/TB SEV 360-340/RM (ZAN),SEV 360-340,,36000.0,60.5962170698265,-143.90405221188553,2024-01-17 16:55:00,5.0,1,H,1.0
T,B744,CDV UUA /OV JOH085080/TM 1655/FL360/TP B744/TB SEV 360-340/RM (ZAN,SEV 360-340,,36000.0,60.5962170698265,-143.90405221188553,2024-01-17 16:55:00,5.0,1,H,1.0
F,BE99,DEN UA /OV DEN220045/TM 1705/FL145/TP BE99/TB SEV,SEV,,14500.0,39.25822013041431,-105.2853410097038,2024-01-17 17:05:00,5.0,1,L,0.6
T,BE99,DEN UUA /OV DEN220046/TM 1705/FL145/TP BE99/TB SEV,SEV,,14500.0,39.24545168886796,-105.29929303214168,2024-01-17 17:05:00,5.0,1,L,0.6
T,A321,ALS UUA /OV ALS/TM 1713/FL320/TP A321/TB SEV/RM ZDV,SEV,,32000.0,37.43889,-105.86139,2024-01-17 17:13:00,5.0,1,M,0.8
T,E75L,ALS UUA /OV ALS120020/TM 1728/FL340/TP E75L/TB SEV/RM +/- 20KTS......ZDV,SEV,,34000.0,37.27220983331984,-105.49779084873715,2024-01-17 17:28:00,5.0,1,U,0.6
T,B737,AXX UUA /OV CIM240020/TM 1755/FL380/TP B737/TB SEV CAT 380-350/RM COR - DURD - ZAB/FDCS,SEV CAT 380-350,,38000.0,36.32331983331984,-105.22909532647516,2024-01-17 17:55:00,5.0,1,M,0.8
T,P28A,AVP UUA /OV WBW/TM 1940/FL050/TP P28A/TB SEV BLO 050,SEV BLO 050,,5000.0,41.29,-75.85,2024-01-17 19:40:00,5.0,1,L,0.6
T,FA8X,RNO UUA /OV FMG175045/TM 2048/FL135/TP FA8X/TB SEV CAT 118-135/RM DURD,SEV CAT 118-135,,13500.0,38.782793457542766,-119.57524331865145,2024-01-17 20:48:00,5.0,1,U,0.6
T,B77W,MDO UUA /OV MDO180174/TM 2054/FL350/TP B77W/TB SEV/RM ZAN,SEV,,35000.0,56.5397650997651,-146.3,2024-01-17 20:54:00,5.0,1,U,0.6
T,C310,PSP UUA /OV PSP/TM 2100/FL040/TP C310/TB SEV/RM COR TURB. ZLA CWSU,SEV,,4000.0,33.82967,-116.50669,2024-01-17 21:00:00,5.0,1,L,0.6
T,C28R,RTN UUA /OV RTN130025/TM 2126/FL120/TP C28R/TB SEV TURB/RM ZAB FDCS,SEV TURB,,12000.0,36.47368013519375,-104.103834552587,2024-01-17 21:26:00,5.0,1,U,0.6
T,E75L,RNO UUA /OV RNO175015/TM 2227/FL090/TP E75L/TB SEV BLO 090/RM LLWS +/-15KT SFC-090 DURD RY35R RNO,SEV BLO 090,,9000.0,39.23482115251426,-119.74287651388796,2024-01-17 22:27:00,5.0,1,U,0.6
T,B738,RNO UUA /OV FMG185017/TM 2230/FL091/TP B738/TB SEV 091/RM +/-15KTS DURD,SEV 091,,9100.0,39.24772197284949,-119.69201919073168,2024-01-17 22:30:00,5.0,1,M,0.8
T,PA46,RNO UUA /OV FMG180017/TM 2330/FL090/TP PA46/TB SEV/RM DURD,SEV,,9000.0,39.24664371664372,-119.66,2024-01-17 23:30:00,5.0,1,L,0.6
T,BE20,RNO UUA /OV RNO170015/TM 2345/FL102/TP BE20/TB SEV 102-082/RM DURD,SEV 102-082,,10200.0,39.23766811937001,-119.71485790165306,2024-01-17 23:45:00,5.0,1,M,0.8
T,B747,ANC UUA /OV TED070175/TM 0102/FL350/TP B747/TB SEV/RM ZAN,SEV,,35000.0,62.1676395537062,-144.30579960890535,2024-01-18 01:02:00,5.0,1,H,1.0
T,SW4,RIW UUA /OV KRIW331032/TM 0112/FL140/TP SW4/TB SEV CAT /ZLC,SEV CAT,,14000.0,43.53073162741681,-108.81378206454552,2024-01-18 01:12:00,5.0,1,M,0.8
T,BE20,APA UUA /OV APA170005/TM 1725/FL062/TP BE20/TB SEV TB 080-059 DURD/RM LLWS -20KT FA 35R 062,SEV TB 080-059 DURD,,6200.0,39.48792603979,-104.8312260336559,2024-01-18 17:25:00,5.0,1,M,0.8
T,E145,DEN UUA /OV DEN230045/TM 2205/FL140/TP E145/TB SEV,SEV,,14000.0,39.35067024334876,-105.4057317788925,2024-01-18 22:05:00,5.0,1,M,0.8
T,PC12,DEN UUA /OV DEN225042/TM 2355/FL140/TP PC12/TB SEV DURD,SEV DURD,,14000.0,39.33778516017483,-105.30212027611174,2024-01-18 23:55:00,5.0,1,L,0.6
T,C441,DEN UUA /OV BJC290005/TM 0435/FL090/TP C441/TB SEV,SEV,,9000.0,39.93731398724875,-105.2192855291187,2024-01-19 04:35:00,5.0,1,L,0.6
T,B789,ATL UUA /OV SUG/TM 1649/FL360/TP B789/TB SEV ONCL 360/RM ZTLFD-28,SEV ONCL 360,,36000.0,35.41,-82.27,2024-01-19 16:49:00,5.0,1,U,0.6
T,B789,ATL UUA /OV SUG/TM 1651/FL360/TP B789/TB SEV 360/RM ZTLFD-15,SEV 360,,36000.0,35.41,-82.27,2024-01-19 16:51:00,5.0,1,U,0.6
F,C68A,NHK UA /OV PXT240008/TM 1909/FL210/TP C68A/TB SEV/RM FL210-FL200 DESC,SEV,,21000.0,38.22332793332793,-76.54712916670533,2024-01-19 19:09:00,5.0,1,U,0.6
T,A333,BOS UUA /OV 4008N05539W/TM 0145/FL400/TP A333/TB SEV,SEV,,40000.0,40.1333,-55.65,2024-01-20 01:45:00,5.0,1,H,1.0
T,B764,BOS UUA /OV 4104N05519W/TM 0340/FL340/TP B764/TB SEV,SEV,,34000.0,41.666,-55.3166,2024-01-20 03:40:00,5.0,1,H,1.0
T,A35K,BOS UUA /OV 4258N05549W/TM 0340/FL350/TP A35K/TB SEV,SEV,,35000.0,42.9666,-55.8166,2024-01-20 03:40:00,5.0,1,U,0.6
T,GLF5,SJC UUA /OV SJC180010/TM 2330/FL070/TP GLF5/TB SEV,SEV,,7000.0,37.19271983331984,-121.92442,2024-01-20 23:30:00,5.0,1,M,0.8
F,LJ35,ELP UA /OV 25W EWM/TM 0635/FL130/TP LJ35/TB SEV/RM -800FT ZAB/FDCS,SEV,,13000.0,31.95,-106.76109652346318,2024-01-21 06:35:00,5.0,1,M,0.8
T,E75L,AUS UUA /OV CWK135/TM 0636/FL340/TP E75L/TB SEV 340-290/RM NO INJ NO DAMAGE ZHU,SEV 340-290,,34000.0,30.38,-97.53,2024-01-22 06:36:00,5.0,1,U,0.6
T,B767,LAX UUA /OV SXC247022 /TM 1356/FL150/TP B767/TB SEV 120-150 /RM AWC-WEB,SEV 120-150,,15000.0,33.236720314827814,-118.82422710152709,2024-01-22 13:56:00,5.0,1,H,1.0
T,B38M,SAN UUA /OV MZB075027 /TM 1905/FL130/TP B38M/TB SEV CAT /RM DURC AWC-WEB,SEV CAT,,13000.0,32.89647800425976,-116.7129629358988,2024-01-22 19:05:00,5.0,1,U,0.6
T,B789,HNL UUA /OV 3649N 13622W /TM 0704/FL340/TP B789/TB SEV /RM AWC-WEB,SEV,,34000.0,36.8166,-136.3666,2024-01-23 07:04:00,5.0,1,U,0.6
T,A321,GYI UUA /OV BYP300010/TM 1615/FL340/TP A321/TB SEV-EXTRM/RM ZFW,SEV-EXTRM,,34000.0,33.62334008334008,-96.40318441236327,2024-01-23 16:15:00,6.0,1,M,0.8
F,BE40,IAH UA /OV 8 NE IAH/TM 0816/FL040/TP BE40/TB SEV TURB,SEV TURB,,4000.0,30.07868854091908,-95.25184207902636,2024-01-24 08:16:00,5.0,1,M,0.8
T,B77W,HNL UUA /OV 3456N 15109W /TM 1256/FL350/TP B77W/TB SEV /RM AWC-WEB,SEV,,35000.0,34.9333,-151.15,2024-01-24 12:56:00,5.0,1,U,0.6
T,CRJ9,DLL UUA /OV DLL330020/TM 1426/FL270/TP CRJ9/TB SEV,SEV,,27000.0,43.8106985173041,-90.00086879888256,2024-01-24 14:26:00,5.0,1,U,0.6
T,E120,STJ UUA /OV STJ/TM 1449/FL270/TP E120/TB SEV/RM ZKCFDC,SEV,,27000.0,39.77194,-94.90971,2024-01-24 14:49:00,5.0,1,M,0.8
T,B738,SFO UUA /OV OSI235073 /TM 1539/FL300/TP B738/TB SEV /RM AWC-WEB,SEV,,30000.0,36.6920921430919,-123.53448691357627,2024-01-24 15:39:00,5.0,1,M,0.8
T,B738,SFO UUA /OV OSI273075 /TM 1539/FL300/TP B738/TB SEV /RM LOST 400 FEET WHEN SEV TURB OCCURED. AWC-WEB,SEV,,30000.0,37.45542524432455,-123.85124686937417,2024-01-24 15:39:00,5.0,1,M,0.8
T,B77W,ASY UUA /OV 4448N 17143E /TM 1704/FL330/TP B77W/TB SEV /RM AWC-WEB,SEV,,33000.0,44.8,171.7166,2024-01-24 17:04:00,5.0,1,U,0.6
T,B77W,GFK UUA /OV 4448N 17143E /TM 1704/FL330/TP B77W/TB SEV /RM AWC-WEB,SEV,,33000.0,44.8,171.7166,2024-01-24 17:04:00,5.0,1,U,0.6
T,C56X,LFT UUA /OV KLLA180030/TM 1710/FL400/TP C56X/TB SEV/RM ZHU,SEV,,40000.0,29.1599594999595,-92.37,2024-01-24 17:10:00,5.0,1,M,0.8
T,B737,LFT UUA /OV KLLA/TM 1714/FL360/TP B737/TB SEV /RM ZHU,SEV,,36000.0,29.66,-92.37,2024-01-24 17:14:00,5.0,1,M,0.8
T,E55P,MSY UUA /OV 315020HRV/TM 1906/FL330/TP E55P/TB SEV TURB FL330/RM KZHU,SEV TURB FL330,,33000.0,29.9933,-90.2511,2024-01-24 19:06:00,5.0,1,U,0.6
T,E170,DFW UUA /OV 3316N09732W/TM 2001/FL130/TP E170/TB SEV,SEV,,13000.0,33.2666,-97.5333,2024-01-24 20:01:00,5.0,1,U,0.6
T,B738,JOT UUA /OV JOT090020/TM 0304/FL370/TP B738/TB SEV,SEV,,37000.0,41.51769,-87.73038817331317,2024-01-25 03:04:00,5.0,1,M,0.8
T,B38M,JOT UUA /OV JOT150015/TM 0307/FL350/TP B38M/TB SEV,SEV,,35000.0,41.30116611202193,-88.00865181499245,2024-01-25 03:07:00,5.0,1,U,0.6
T,C172,PSP UUA /OV KPSP290005/TM 0405/FL030/TP C172/TB EXTRM 055-035/RM DURD,EXTRM 055-035,,3000.0,33.85817398724875,-116.60096520338227,2024-01-25 04:05:00,7.0,1,L,0.6
T,B737,ONA UUA /OV ODI143025/TM 0636/FL250/TP B737/TB SEV,SEV,,25000.0,43.57720825017154,-91.12190713416256,2024-01-25 06:36:00,5.0,1,M,0.8
T,B757,UGN UUA /OV 160/TM 1216/FL160/TP B757/TB SEV,SEV,,16000.0,42.42216,-87.86791,2024-01-25 12:16:00,5.0,1,M,0.8
T,CL30,IOW UUA /OV IOW270020/TM 1835/FL380/TP CL30/TB OCNL SEV/RM OCC SEV TURB FL380 DURD FL370,OCNL SEV,,38000.0,41.63939,-91.99059659940276,2024-01-25 18:35:00,5.0,1,U,0.6
T,A359,IOW UUA /OV IOW270050/TM 1843/FL400/TP A359/TB SEV,SEV,,40000.0,41.63939,-92.65968899850688,2024-01-25 18:43:00,5.0,1,U,0.6
F,C310,MOB UA /OV MOB17025/TM 2038/FL100/TP C310/TB TB MOB-SEV 100,TB MOB-SEV 100,,10000.0,30.68833,-88.24556,2024-01-25 20:38:00,5.0,1,L,0.6
T,E55P,DBQ UUA /OV DBQ/TM 2158/FL400/TP E55P/TB SEV,SEV,,40000.0,42.39835,-90.709143,2024-01-25 21:58:00,5.0,1,U,0.6
T,PC12,GAD UUA /OV GAD090010/TM 0150/FL110/TP PC12/TB SEV/RM NO DAMAGE OR INJURIES / ZTLFD-05,SEV,,11000.0,33.97265,-85.88809208147238,2024-01-26 01:50:00,5.0,1,L,0.6
T,C750,INW UUA /OV INW350035/TM 1652/FL410/TP C750/TB SEV/RM ZAB/FDCS,SEV,,41000.0,35.59643772146998,-110.84623124435596,2024-01-26 16:52:00,5.0,1,M,0.8
T,BE58,AEX UUA /OV AEX225050/TM 2355/FL110/TP BE58/TB SEV TURB/RM ZHU,SEV TURB,,11000.0,30.74541661925575,-93.24854457792544,2024-01-26 23:55:00,5.0,1,L,0.6
T,BE58,JAS UUA /OV JAS090020/TM 0000/FL110/TP BE58/TB SEV /RM ZHU,SEV,,11000.0,30.88569,-93.64649558335276,2024-01-27 00:00:00,5.0,1,L,0.6
T,P28A,PSP UUA /OV PSP20011/TM 0435/FL110/TP P28A/TB SEV TURB/RM SEVERE TURB @110,SEV TURB,,11000.0,33.82967,-116.50669,2024-01-27 04:35:00,5.0,1,L,0.6
T,PC12,ASD UUA /OV ASD045005/TM 0624/FL210/TP PC12/TB SEV 190-210/IC LGT RIME/RM SEV TURB FL190 5NE ASD FL210 W/ LGT RIME ICE PC12 0624Z KZHU,SEV 190-210,,21000.0,30.402230338074425,-89.75391566533051,2024-01-27 06:24:00,5.0,1,L,0.6
T,GLEX,DLL UUA /OV DLL/TM 1528/FL250/TP GLEX/TB SEV 250,SEV 250,,25000.0,43.522,-89.771,2024-01-27 15:28:00,5.0,1,M,0.8
T,C700,RUT UUA /OV RUT280010/TM 1623/FL310/TP C700/TB SEV,SEV,,31000.0,43.55894370719723,-73.17640659957578,2024-01-27 16:23:00,5.0,1,U,0.6
T,P28A,ONT UUA /OV 7NW SBD/TM 1700/FL3500/TP P28A/TB SEV TURB,SEV TURB,,35000.0,34.16227477121036,-117.35028677402926,2024-01-27 17:00:00,5.0,1,L,0.6
F,B777,UUA /OV 6100N13900W /TM 1835 /FL310 /TP B777 /TB SEV,SEV,,31000.0,61.0,-139.0,2024-01-27 18:35:00,5.0,1,H,1.0
T,RV9,ONT UUA /OV 10 SOUTH L26/TM 1839/FL095/TP RV9/TB SEV TURB,SEV TURB,,9500.0,34.20331983331983,-117.31,2024-01-27 18:39:00,5.0,1,L,0.6
F,B744,UUA /OV 6045N13912W /TM 2029 /FL310 /TP B744 /TB SEV /RM ACFT HADDIFFICULTY MAINTAINING ALTITUDE AT FL310,SEV,,31000.0,60.75,-139.2,2024-01-27 20:29:00,5.0,1,H,1.0
F,C172,MYF UA /OV 2 MI NE OF NESTY/TM 2031/FL036/TP C172/TB SEV TURB,SEV TURB,,3600.0,32.81572,-117.13958,2024-01-27 20:31:00,5.0,1,L,0.6
T,E170,CAE UUA /OV CAE040050/TM 2155/FL220/TP E170/TB SEV,SEV,,22000.0,34.58032207731743,-80.47237070248312,2024-01-27 21:55:00,5.0,1,U,0.6
T,P28A,ONT UUA /OV 8 NE KONT/TM 2235/FL083/TP P28A/TB SEV/RM MOUNTIAN WAVE UDDS,SEV,,8300.0,34.15028854091908,-117.48738238712384,2024-01-27 22:35:00,5.0,1,L,0.6
F,PIVI,PMD UA /OV PMD255013/TM 2330/FL070/TP PIVI/TB SEV,SEV,,7000.0,34.573307997949,-118.33891246831011,2024-01-27 23:30:00,5.0,1,U,0.6
T,PIVI,PMD UUA /OV PMD255013/TM 2330/FL070/TP PIVI/TB SEV/RM COR TO UUA.,SEV,,7000.0,34.573307997949,-118.33891246831011,2024-01-27 23:30:00,5.0,1,U,0.6
T,PIVI,PMD UUA /OV PMD255013/TM 2330/FL070/TP PIVI/TB SEV/RM COR TO UUA,SEV,,7000.0,34.573307997949,-118.33891246831011,2024-01-27 23:30:00,5.0,1,U,0.6
T,P28A,VNY UUA /OV VNY /TM 0011 /FL040 /TP P28A /TB SEV /RM DURD,SEV,,4000.0,34.20972,-118.48917,2024-01-28 00:11:00,5.0,1,L,0.6
T,C172,ONT UUA /OV ONT360010/TM 0014/FL075/TP C172/TB SEV /RM MTN WAVE +/- 1000FT,SEV,,7500.0,34.22268016668016,-117.60119,2024-01-28 00:14:00,5.0,1,L,0.6
T,B753,HNL UUA /OV 3050N 14203W /TM 0038/FL310/TP B753/TB SEV 310-340 /RM AWC-WEB,SEV 310-340,,31000.0,30.8333,-142.5,2024-01-28 00:38:00,5.0,1,M,0.8
F,P28R,BUR UA /OV LHS230007/TM 0518/FL065/TP P28R/TB SEV,SEV,,6500.0,34.60500203785425,-118.68868837294454,2024-01-28 05:18:00,5.0,1,L,0.6
T,B747,ANC UUA /OV ORT198073/TM 0604/FL290/TP B747/TB SEV/RM LOSS OF 2000FT SMALL POCKET /ZAN/,SEV,,29000.0,61.80278751179416,-142.74708062119973,2024-01-28 06:04:00,5.0,1,H,1.0
F,B747,UUA /OV 61N141W /TM 1042 /FL310 /TP B747 /TB SEV CAT /RM +/-30KT +/-100FT,SEV CAT,,31000.0,61.0,-141.0,2024-01-28 10:42:00,5.0,1,H,1.0
F,C172,UUA /OV CYBW /TM 1540 /FL060 /TP C172 /TB SEV,SEV,,6000.0,51.10306,-114.37444,2024-01-28 15:40:00,5.0,1,L,0.6
T,B777,ANC UUA /OV TED277046/TM 1709/FL350/TP B777/TB SEV/RM /ZAN/,SEV,,35000.0,61.26344073137108,-151.56817099234942,2024-01-28 17:09:00,5.0,1,H,1.0
T,C172,ONT UUA /OV ONT030008/TM 1919/FL040/TP C172/TB SEV AT 040/RM THROUGHT THE CAJON PASS,SEV AT 040,,4000.0,34.171479406921634,-117.52071586518464,2024-01-28 19:19:00,5.0,1,L,0.6
T,B753,HNL UUA /OV 3200N 13600W /TM 2039/FL290/TP B753/TB SEV /RM AWC-WEB,SEV,,29000.0,32.0,-136.0,2024-01-28 20:39:00,5.0,1,M,0.8
T,GLAS,ONT UUA /OV PDZ010022 RM ONT 15NE/TM 2235/FL075/TP GLAS/TB SEV 075-065,SEV 075-065,,7500.0,34.28112542492399,-117.45326487161437,2024-01-28 22:35:00,5.0,1,L,0.6
F,A330,UUA /OV 4536N05400W /TM 0351 /FL390 /TP A330 /TB SEV /RM SEV TURBFOR APPX 1 MIN,SEV,,39000.0,45.6,-54.0,2024-01-29 03:51:00,5.0,1,L,0.6
F,B38M,LWT UA /OV LWT145030/TM 0640/FL380/TP B38M/TB SEV 380/RM 370 CLEAR OF SEVER OCNL LGT /ZLC,SEV 380,,38000.0,46.639640802164536,-109.04575617928596,2024-01-29 06:40:00,5.0,1,U,0.6
F,A333,UUA /OV CZPC /TM 1640 /FL390 /TP A333 /TB SEV /RM SEV MTN WAVE,SEV,,39000.0,49.52056,-113.99722,2024-01-29 16:40:00,5.0,1,H,1.0
F,E295,UUA /OV CZPC /TM 1640 /FL400 /TP E295 /TB SEV /RM SEV MTN WAVE,SEV,,40000.0,49.52056,-113.99722,2024-01-29 16:40:00,5.0,1,U,0.6
F,NMRS,UUA /OV CZPC /TM 1710 /FL370 /TP NMRS /TB SEV 370-400,SEV 370-400,,37000.0,49.52056,-113.99722,2024-01-29 17:10:00,5.0,1,U,0.6
F,B777,UUA /OV 4923N05442W /TM 1816 /FL310 /TP B777 /TB SEV,SEV,,31000.0,49.3833,-54.7,2024-01-29 18:16:00,5.0,1,H,1.0
F,A35K,UUA /OV 48N040W /TM 2046 /FL390 /TP A35K /TB SEV,SEV,,39000.0,48.0,-40.0,2024-01-29 20:46:00,5.0,1,U,0.6
T,B739,MAF UUA /OV MAF180030/TM 2054/FL330/TP B739/TB SEV/RM NO INJURY ZFW,SEV,,33000.0,31.4465744999595,-102.20745194,2024-01-29 20:54:00,5.0,1,M,0.8
T,C30J,LAX UUA /OV 3321N 13247W /TM 2147/FL290/TP C30J/TB SEV/IC MOD RIME /RM AWC-WEB,SEV,,29000.0,33.35,-132.7833,2024-01-29 21:47:00,5.0,1,U,0.6
T,B789,LAX UUA /OV 2914N 12252W /TM 0119/FL360/TP B789/TB SEV /RM AWC-WEB,SEV,,36000.0,29.2333,-122.8666,2024-01-30 01:19:00,5.0,1,U,0.6
T,B789,SEA UUA /OV 4140N 13300W /TM 0424/FL300/TP B789/TB SEV OCNL /RM AWC-WEB,SEV OCNL,,30000.0,41.6666,-133.0,2024-01-30 04:24:00,5.0,1,U,0.6
T,A321,MCK UUA /OV HCT230037/TM 0723/FL380/TP A321/TB CONS SEV 375-385/RM DURC...ZDV FD,CONS SEV 375-385,,38000.0,40.05358220008676,-101.54082714283923,2024-01-30 07:23:00,5.0,1,M,0.8
F,A350,UUA /OV CYRM 270020 /TM 1610 /FL370 /TP A350 /TB SEV 330-370,SEV 330-370,,37000.0,52.43,-115.4467341331758,2024-01-30 16:10:00,5.0,1,H,1.0
F,F2TH,UUA /OV CYRM 270020 /TM 1630 /FL400 /TP F2TH /TB SEV 350-400,SEV 350-400,,40000.0,52.43,-115.4467341331758,2024-01-30 16:30:00,5.0,1,M,0.8
T,C208,AUO UUA /OV UBG170020/TM 0106/FL025/TP C208/TB SEV 025-052/RM WIND SHEER 025-035 UP TO 15KTS FROM KSLE TO UBG VOR..ZSE,SEV 025-052,,2500.0,45.02170415916001,-122.89763013086754,2024-01-31 01:06:00,5.0,1,L,0.6
T,A21N,LAX UUA /OV 3500N 13200W /TM 0335/FL330/TP A21N/TB SEV /RM AWC-WEB,SEV,,33000.0,35.0,-132.0,2024-01-31 03:35:00,5.0,1,U,0.6
T,HDJT,MOD UUA /OV BORED/TM 1536/FL280/TP HDJT/TB SEV 280,SEV 280,,28000.0,37.62582,-120.95442,2024-01-31 15:36:00,5.0,1,U,0.6
T,C172,PSC UUA /OV ALW020010/TM 1951/FL040/TP C172/TB SEV TURB,SEV TURB,,4000.0,46.25140812266072,-118.20679286441803,2024-01-31 19:51:00,5.0,1,L,0.6
T,FA50,CRG UUA /OV CRG020040/TM 2230/FL270/TP FA50/TB EXTRM,EXTRM,,27000.0,30.96261249064287,-81.25049209351565,2024-01-31 22:30:00,7.0,1,M,0.8
T,PC12,EUG UUA /OV EUG140045/TM 2234/FL100/TP PC12/TB SEV CAT 100/MOD TURB AT 080/RM ZSE,SEV CAT 100,,10000.0,43.55000013041431,-122.54031889547836,2024-01-31 22:34:00,5.0,1,L,0.6
F,B739,ORD UA /OV ORD045040/TM 2001/FL110/TP B739/TA M11/TB NEG/IC LGT RIME,NEG,,11000.0,42.4589827045954,-87.29766544632783,2024-01-09 20:01:00,0.0,0,M,0.8
F,B738,TMT UA /OV 3909N 11652W /TM 1522/FL340/TP B738/TB LGT CHOP /RM AWC-WEB,LGT CHOP,,34000.0,39.15,-116.8666,2024-01-17 15:22:00,1.0,0,M,0.8
F,B734,UES UA /OV BAE/TM 0648/FL350/TP B734/TB LGT CHOP,LGT CHOP,,35000.0,43.12,-88.28,2024-01-10 06:48:00,1.0,0,M,0.8
F,EA50,DSM UA /OV DSM260035/TM 1608/FL207/TP EA50/SK TOP240/TA UNKN/TB CONS LGT CHOP 220/IC NEG/RM DURD,CONS LGT CHOP 220,,20700.0,41.43264702480969,-94.42060818747652,2024-01-05 16:08:00,1.0,0,U,0.6
T,DH8A,CDB UUA /OV CDB /TM 2004 /FL006 /TP DH8A /TB LGT /RM LLWS +10KTSDER RWY33 (AKFSS),LGT,,600.0,55.2,-162.72,2024-01-25 20:04:00,1.0,0,M,0.8
F,BE20,ABQ UA /OV ABQ279021/TM 1545/FL165/TP BE20/TA -6/TB OCNL LGT CHOP/IC TRACE RIME,OCNL LGT CHOP,,16500.0,35.0966564976856,-107.03776120726606,2024-01-21 15:45:00,1.0,0,M,0.8
F,B350,IND UA /OV USW105035/TM 2101/FL110/TP B350/TB CONS LGT,CONS LGT,,11000.0,38.66900999447809,-80.61674433101271,2024-01-06 21:01:00,1.0,0,M,0.8
F,B738,ATL UA /OV ATL140058/TM 0236/FL230/TP B738/TB LGT CHOP/IC NEG/RM DURD ZTLFD 20,LGT CHOP,,23000.0,32.889530390311776,-83.69547644182859,2024-01-09 02:36:00,1.0,0,M,0.8
F,E75L,ABQ UA /OV ABQ270010/TM 1310/FL140/TP E75L/TB CONT LGT/RM DURC,CONT LGT,,14000.0,35.0419,-106.8190832125381,2024-01-31 13:10:00,1.0,0,U,0.6
F,A306,CEW UA /OV CEW275008/TM 0307/FL170/TP A306/SK BASE115 TOP250 EST/WX RA/TB NEG,NEG,,17000.0,30.791621706982653,-86.67461617200573,2024-01-27 03:07:00,0.0,0,H,1.0
F,C25B,BHM UA /OV VUZ210025/TM 2136/FL410/TP C25B/TB NEG/RM ZTLFD,NEG,,41000.0,33.30912685336988,-87.15034734667216,2024-01-15 21:36:00,0.0,0,U,0.6
F,B737,GCK UA /OV GCK/TM 1426/FL390/TP B737/TB LGT CHOP/RM ZKCFDC,LGT CHOP,,39000.0,37.92753,-100.72442,2024-01-10 14:26:00,1.0,0,M,0.8
F,BE65,AXN UA /OV AXN/TM 1349/FL050/TP BE65/SK SKC/TA M13/TB NEG/IC NEG,NEG,,5000.0,45.86631,-95.39467,2024-01-12 13:49:00,0.0,0,L,0.6
F,B38M,TBN UA /OV MAP170030/TM 1239/FL380/TP B38M/TB LGT/RM ZKC FDC FX/DL,LGT,,38000.0,37.09755623874002,-91.68041955252814,2024-01-25 12:39:00,1.0,0,U,0.6
F,MD11,SPA UA /OV SPA/TM 1053/FL200/TP MD11/TB NEG/IC NEG/RM ZTLFD-31,NEG,,20000.0,34.9157222,-81.9565,2024-01-19 10:53:00,0.0,0,H,1.0
F,B39M,MSP UA /OV MSP280040/TM 2132/FL350/TP B39M/TB INTMT LGT CHOP,INTMT LGT CHOP,,35000.0,45.00114482878893,-94.15801867796571,2024-01-03 21:32:00,1.0,0,U,0.6
F,B77W,MNM UA /OV MNM/TM 0021/FL340/TP B77W/TB NEG,NEG,,34000.0,45.12665,-87.63844,2024-01-20 00:21:00,0.0,0,U,0.6
F,E170,PBI UA /OV PBI/TM 1905/FL170/TP E170/TB LGT CHOP,LGT CHOP,,17000.0,26.6847,-80.0994,2024-01-19 19:05:00,1.0,0,U,0.6
F,CL30,PBI UA /OV PBI048015/TM 2218/FL160/TP CL30/SK SKC/TB NEG,NEG,,16000.0,26.851996201498043,-79.89145030128836,2024-01-13 22:18:00,0.0,0,U,0.6
F,B737,EVV UA /OV PXV/TM 1740/FL380/TP B737/TB OCNL LGT CHOP,OCNL LGT CHOP,,38000.0,37.93,-87.76,2024-01-09 17:40:00,1.0,0,M,0.8
F,B737,ILM UA /OV ILM180035/TM 2133/FL290/TP B737/TB OCNL LGT CHOP,OCNL LGT CHOP,,29000.0,33.68661941661942,-77.9,2024-01-05 21:33:00,1.0,0,M,0.8
F,E75L,LOZ UA /OV IOB/TM 1245/FL160/TP E75L/TB NEG,NEG,,16000.0,38.0575,-83.9829,2024-01-13 12:45:00,0.0,0,U,0.6
F,SB20,CDB UA /OV CDB242090/TM 1831/FL220/TP SB20/TB CONT LGT BLO2200/RM DURD ZAN,CONT LGT BLO2200,,22000.0,54.49573561496925,-165.04082912081842,2024-01-09 18:31:00,1.0,0,M,0.8
F,B748,BGM UA /OV DNY/TM 1151/FL310/TP B748/TB OCNL LGT CHOP,OCNL LGT CHOP,,31000.0,42.18,-74.96,2024-01-10 11:51:00,1.0,0,U,0.6
F,B38M,HNL UA /OV 2934N13747W/TM 1904/FL330/TP B38M/TB CONS LGT CHOP 330,CONS LGT CHOP 330,,33000.0,29.5666,-137.7833,2024-01-16 19:04:00,1.0,0,U,0.6
F,A319,AVL UA /OV SUG/TM 1405/FL150/TP A319/TB LGT CHOP/IC NEG/RM IMC ZTLFD-44,LGT CHOP,,15000.0,35.41,-82.27,2024-01-16 14:05:00,1.0,0,M,0.8
F,PC12,HKY UA /OV BZM070050/TM 1300/FL340/TP PC12/TB LGT CHOP/RM ZTLFD-43,LGT CHOP,,34000.0,36.155039872487485,-80.27357560129975,2024-01-17 13:00:00,1.0,0,L,0.6
F,A321,SAV UA /OV SSI190015/TM 2209/FL110/TP A321/TB CONS LGT CHOP,CONS LGT CHOP,,11000.0,30.905998119370008,-81.44156120589912,2024-01-23 22:09:00,1.0,0,M,0.8
F,PA31,FAI UA /OV PAFA270013 /TM 2225 /FL060 /TP PA31 /SK OVC037 /TA M08 /TB NEG /IC LGT RIME 060 /RM GOOD GRD CTC FAI ATCT (AKFSS,NEG,,6000.0,64.80389,-148.3850954986427,2024-01-08 22:25:00,0.0,0,L,0.6
F,E55P,PRB UA /OV AVE335010 /TM 1633/FL270/TP E55P/TB LGT CHOP CONS BLO 270 /RM AWC-WEB,LGT CHOP CONS BLO 270,,27000.0,35.8010635330068,-120.06668808332624,2024-01-23 16:33:00,1.0,0,U,0.6
F,A321,LAF UA /OV BVT/TM 1334/FL320/TP A321/TB OCNL LGT CHOP/RM MOSTLY SMOOTH,OCNL LGT CHOP,,32000.0,40.56,-87.07,2024-01-29 13:34:00,1.0,0,M,0.8
F,GLF5,DEN UA /OV DEN270010/TM 0138/FL470/TP GLF5/TB LGT CHOP/RM ZDV FDCS,LGT CHOP,,47000.0,39.8328,-104.87455493739472,2024-01-06 01:38:00,1.0,0,M,0.8
F,S22T,DBQ UA /OV DBQ035021/TM 2158/FL030/TP S22T/SK TOP055 BASE035/TB NEG 070-030/IC NEG/RM DURC,NEG 070-030,,3000.0,42.68507643848483,-90.43727451535744,2024-01-07 21:58:00,0.0,0,U,0.6
F,A321,BIV UA /OV PMM/TM 0313/FL300/TP A321/TB INTMT LGT CHOP,INTMT LGT CHOP,,30000.0,42.47,-86.11,2024-01-08 03:13:00,1.0,0,M,0.8
F,C208,PLN UA /OV KPLN/TM 1512/FL022/TP C208/SK BASE 022/TB NEG/IC NEG,NEG,,2200.0,45.57092,-84.79672,2024-01-09 15:12:00,0.0,0,L,0.6
F,E75S,MKG UA /OV MKG/TM 1658/FL200/TP E75S/TB CONS LGT CAT,CONS LGT CAT,,20000.0,43.17111,-86.23667,2024-01-06 16:58:00,1.0,0,U,0.6
F,H25B,LAF UA /OV BVT180015/TM 2123/FL150/TP H25B/TB LGT CHOP/IC NEG/RM DURD,LGT CHOP,,15000.0,40.30997974997975,-87.07,2024-01-27 21:23:00,1.0,0,M,0.8
F,GALX,GRI UA /OV GRI/TM 1439/FL400/TP GALX/TB NEG,NEG,,40000.0,40.96754,-98.30964,2024-01-13 14:39:00,0.0,0,M,0.8
F,H25B,VIH UA /OV VIH110020/TM 2320/FL140/TP H25B/TB NEG/IC NEG/RM ZKC/FDC/CW,NEG,,14000.0,38.015984051005006,-91.37176515095172,2024-01-12 23:20:00,0.0,0,M,0.8
F,A319,BHM UA /OV VUZ/TM 1425/FL370/TP A319/TB NEG/RM ZTLFD-02,NEG,,37000.0,33.67,-86.9,2024-01-12 14:25:00,0.0,0,M,0.8
F,B190,KTN UA /OV KTN /TM 1505 /FL060 /TP B190 /TB NEG /IC NEG /RM DURDBROKE OUT 060 (AKFSS),NEG,,6000.0,55.35,-131.71,2024-01-20 15:05:00,0.0,0,M,0.8
F,B763,IND UA /OV VHP/TM 0722/FL210/TP B763/TB NEG,NEG,,21000.0,39.81,-86.37,2024-01-27 07:22:00,0.0,0,H,1.0
F,FA8X,RIL UA /OV RIL/TM 1621/FL170/TP FA8X/SK SKC/TB NEG/RM ZDV,NEG,,17000.0,39.52631,-107.72694,2024-01-28 16:21:00,0.0,0,U,0.6
F,B738,CAE UA /OV CAE240030/TM 0841/FL350/TP B738/TB NEG,NEG,,35000.0,33.69187974997975,-81.64009323744607,2024-01-28 08:41:00,0.0,0,M,0.8
F,A21N,ICT UA /OV ICT270050/TM 0318/FL380/TP A21N/TB CONT LGT/RM /ZKC FDC/AF,CONT LGT,,38000.0,37.65,-98.48259688208051,2024-01-31 03:18:00,1.0,0,U,0.6
F,A321,PBI UA /OV PHK135020/TM 2216/FL114/TP A321/SK SKC/TB NEG,NEG,,11400.0,26.544278647702303,-80.42595837471059,2024-01-06 22:16:00,0.0,0,M,0.8
F,E170,VRB UA /OV TRV030013/TM 1401/FL280/TP E170/TB NEG,NEG,,28000.0,27.867654036247664,-80.3676563776205,2024-01-18 14:01:00,0.0,0,U,0.6
F,E190,SAV UA /OV SAV/TM 2321/FL300/TP E190/TB CONS LGT,CONS LGT,,30000.0,32.13136751,-81.20230227,2024-01-03 23:21:00,1.0,0,U,0.6
F,PA44,DVP UA /OV DVP180010 /TM 1559 /FL095 /TP PA44 /SK SKC /WX FV10SM HZ /TA M13 /TB LGT CHOP /IC NEG,LGT CHOP,,9500.0,43.82011153331983,-95.7826111,2024-01-11 15:59:00,1.0,0,L,0.6
F,H25,MGM UA /OV MGM120025/TM 1333/FL290/TP H25/SK TOP180/TB MOD CHOP 180 BLO NEG 182 ABV/RM ZTLFD-09,MOD CHOP 180 BLO NEG 182 ABV,,29000.0,32.09228979164979,-85.96703046390112,2024-01-16 13:33:00,0.0,0,M,0.8
F,B737,LOZ UA /OV LVT030050/TM 0314/FL360/TP B737/TB INTMT LGT CHOP,INTMT LGT CHOP,,36000.0,37.30174629326024,-84.6510869744703,2024-01-06 03:14:00,1.0,0,M,0.8
F,FA7X,PUB UA /OV PUB240050/TM 2039/FL430/TP FA7X/TB NEG/RM MTW +80FT ZDV,NEG,,43000.0,37.873299583299584,-105.41788729190829,2024-01-13 20:39:00,0.0,0,U,0.6
F,A21N,SME UA /OV SME/TM 2000/FL350/TP A21N/TB NEG,NEG,,35000.0,37.05358,-84.61564,2024-01-13 20:00:00,0.0,0,U,0.6
F,E170,EYW UA /OV EYW043042/TM 2142/FL170/TP E170/TB NEG,NEG,,17000.0,25.068100158929767,-81.23464213068048,2024-01-20 21:42:00,0.0,0,U,0.6
F,A321,ORL UA /OV ORL100017/TM 1132/FL370/TP A321/SK 330-350 TOP/TB LGT CHOP,LGT CHOP,,37000.0,28.496255697764703,-81.01527229129756,2024-01-13 11:32:00,1.0,0,M,0.8
F,A321,IND UA /OV VHP150030/TM 1312/FL320/TP A321/TB OCNL LGT CHOP,OCNL LGT CHOP,,32000.0,39.376952224043855,-86.0445256038687,2024-01-18 13:12:00,1.0,0,M,0.8
F,A333,MLT UA /OV MLT110040/TM 1721/FL380/TP A333/TB CONS LGT CHOP,CONS LGT CHOP,,38000.0,45.419808102010016,-67.78934703914034,2024-01-28 17:21:00,1.0,0,H,1.0
F,B738,TNU UA /OV TNU/TM 2028/FL350/TP B738/TB LGT,LGT,,35000.0,41.6701111111,-93.0190416667,2024-01-08 20:28:00,1.0,0,M,0.8
F,C172,GJT UA /OV KPUC-KGJT /TM 0327 /FL095 /TP C172 /TB NEG,NEG,,9500.0,39.37167,-109.64736,2024-01-31 03:27:00,0.0,0,L,0.6
F,B737,OME UA /OV OME /TM 2048 /FL060-040 /TP B737 /SK OVC012-TOP060 /TA M10 /TB NEG /IC LGT RIME 060-040 /RM /BA RWY 10 BA MEDIUM COMPACTED SN (AKFSS,NEG,,6000.0,64.51,-165.44,2024-01-14 20:48:00,0.0,0,M,0.8
F,B737,SDF UA /OV IIU220010/TM 1159/FL360/TP B737/TB NEG,NEG,,36000.0,37.97231558453652,-85.71614840226003,2024-01-17 11:59:00,0.0,0,M,0.8
F,C172,UAO UA /OV KUAO/TM 2036/FL036/TP C172/SK BKN036-TOP042/TB LGT CHOP BLO 040/RM DURD RY17,LGT CHOP BLO 040,,3600.0,45.25,-122.77,2024-01-27 20:36:00,1.0,0,L,0.6
F,A320,MKE UA /OV MKE/TM 2217/FL360/TP A320/TB OCNS LGT CHOP,OCNS LGT CHOP,,36000.0,42.94721,-87.89673,2024-01-05 22:17:00,1.0,0,M,0.8
F,B350,TIK UA /OV IRW060018 /TM 1652 /FL135 /TP B350 /SK TOP050 /TA M06 /WV 25621KT /TB NEG /RM BASES 003 VMC AT 135 SCT LYR ABV,NEG,,13500.0,35.51001215001215,-97.29139979562224,2024-01-24 16:52:00,0.0,0,M,0.8
F,A321,RWF UA /OV RWF240020/TM 1446/FL320/TP A321/TB NEG,NEG,,32000.0,44.38020983331983,-95.4870904976996,2024-01-25 14:46:00,0.0,0,M,0.8
F,B763,ONL UA /OV ONL135030/TM 2231/FL340/TP B763/TB NEG,NEG,,34000.0,42.11613797155345,-98.20871401364434,2024-01-23 22:31:00,0.0,0,H,1.0
F,E75L,LVS UA /OV FTI/TM 1802/FL350/TP E75L/TB LGT MTN WAVE +/-8KTS/RM ZAB/FDCS,LGT MTN WAVE +,,35000.0,35.66,-105.14,2024-01-15 18:02:00,1.0,0,U,0.6
F,B737,SDF UA /OV IIU330020/TM 1602/FL310/TP B737/TB NEG,NEG,,31000.0,38.3886985173041,-85.7918093133849,2024-01-26 16:02:00,0.0,0,M,0.8
F,PC12,BJI UA /OV BJI/TM 2347/FL090/TP PC12/SK UNKN029-TOP039/TA M02/TB NEG/IC LGT MX/RM BA GOOD,NEG,,9000.0,47.50943,-94.93372,2024-01-24 23:47:00,0.0,0,L,0.6
F,CRJ9,HTS UA /OV YRK/TM 1612/FL160/TP CRJ9/WX VMC/TB NEG/RM DURD,NEG,,16000.0,38.64,-82.98,2024-01-14 16:12:00,0.0,0,U,0.6
F,B737,MLU UA /OV MLU040060/TM 1923/FL280/TP B737/TB CONS LGT CAT/RM NO GOOD RIDES BELOW 410 ZFW,CONS LGT CAT,,28000.0,33.27696649278092,-91.27538997447576,2024-01-23 19:23:00,1.0,0,M,0.8
F,B737,AND UA /OV ELW/TM 2131/FL150/TP B737/TB NEG/RM SMOOTH DURD ZTLFD 16,NEG,,15000.0,34.42,-82.78,2024-01-01 21:31:00,0.0,0,M,0.8
F,C172,VGT UA /OV LAS340008/TM 1652/FL030/TP C172/TB LGT CHOP,LGT CHOP,,3000.0,36.197202498128576,-115.21982407344952,2024-01-04 16:52:00,1.0,0,L,0.6
F,B737,MKC UA /OV ANX/TM 1312/FL360/TP B737/TB LGT/RM ZKCFDC,LGT,,36000.0,39.1,-94.13,2024-01-30 13:12:00,1.0,0,M,0.8
F,B712,ALO UA /OV ALO190025/TM 1709/FL320/TP B712/TB CONS LGT CHOP,CONS LGT CHOP,,32000.0,42.14399519895001,-92.49952234353076,2024-01-30 17:09:00,1.0,0,M,0.8
F,B789,MDZ UA /OV MDZ/TM 2139/FL400/TP B789/TB CONS LGT,CONS LGT,,40000.0,45.10083,-90.30333,2024-01-25 21:39:00,1.0,0,U,0.6
F,A320,RSW UA /OV RSW0305/TM 0821/FL320/TP A320/TB NEG,NEG,,32000.0,26.53806,-81.75673,2024-01-10 08:21:00,0.0,0,M,0.8
F,E145,TYS UA /OV VXV345030/TM 1959/FL330/TP E145/TB ONCL LGT CHOP/RM ZTLFD-39,ONCL LGT CHOP,,33000.0,36.383002033179615,-84.04976957019376,2024-01-24 19:59:00,1.0,0,M,0.8
F,BE9L,LAL UA /OV LAL140030/TM 1346/FL100/TP BE9L/SK SKC/TB NEG CAT,NEG CAT,,10000.0,27.60586675360954,-81.65456693820471,2024-01-07 13:46:00,0.0,0,L,0.6
F,H25B,COU UA /OV COU/TM 1746/FL050/TP H25B/SK TOP047/TB NEG/IC NEG/RM /ZKC/FDC/CW,NEG,,5000.0,38.8169,-92.2183,2024-01-06 17:46:00,0.0,0,M,0.8
F,A321,BOS UA /OV BOS150016/TM 1211/FL038/TP A321/TB NEG/IC NEG/RM BASES 038  TOPS 046 DURD,NEG,,3800.0,42.12961118615672,-70.82927166077846,2024-01-06 12:11:00,0.0,0,M,0.8
F,A320,AEJ UA /OV AEJ050018/TM 2141/FL258/TP A320/TB LGT CHOP/RM DURD TBARR...ZDV FD,LGT CHOP,,25800.0,39.0070119026605,-105.825724730848,2024-01-11 21:41:00,1.0,0,M,0.8
F,A321,IND UA /OV BVT/TM 1258/FL380/TP A321/TB LGT,LGT,,38000.0,40.56,-87.07,2024-01-09 12:58:00,1.0,0,M,0.8
F,BE99,DEN UA /OV DEN226063/TM 1708/FL190/TP BE99/TB NEG/RM ZDV,NEG,,19000.0,39.10334963026456,-105.64115840856672,2024-01-26 17:08:00,0.0,0,L,0.6
F,E75L,GUC UA /OV HBU179029/TM 1843/FL230/TP E75L/TB CONS LGT /RM ZDVFD,CONS LGT,,23000.0,37.966701136598,-107.02922811577048,2024-01-08 18:43:00,1.0,0,U,0.6
F,A21N,BOS UA /OV BOS150007/TM 1115/FL020/TP A21N/TB LGT CHOP/IC NEG/RM VERY LGT CHOP  MOSTLY SMOOTH DURD,LGT CHOP,,2000.0,42.25952551894357,-70.93077947659059,2024-01-21 11:15:00,1.0,0,U,0.6
F,A321,JFK UA /OV 4003N 07307W /TM 1128/FL360/TP A321/TB NEG /RM AWC-WEB,NEG,,36000.0,40.5,-73.1166,2024-01-28 11:28:00,0.0,0,M,0.8
F,C56X,LOZ UA /OV LVT360015/TM 1918/FL390/TP C56X/TB CONS LGT 410,CONS LGT 410,,39000.0,36.83002025002025,-85.17,2024-01-22 19:18:00,1.0,0,M,0.8
F,B737,EWR UA /OV EWR220030/TM 2021/FL060/TP B737/WX LGT RAIN/TB LGT,LGT,,6000.0,40.29966675360954,-74.59317165646627,2024-01-09 20:21:00,1.0,0,M,0.8
F,A310,CWA UA /OV CWA/TM 1553/FL360/TP A310/TB LGT CHOP,LGT CHOP,,36000.0,44.77762,-89.66678,2024-01-25 15:53:00,1.0,0,H,1.0
F,B737,HKY UA /OV BZM260010/TM 1911/FL350/TP B737/TB OCNL LGT CHOP/RM ZTLFD-15,OCNL LGT CHOP,,35000.0,35.84105629280277,-81.44256458750185,2024-01-26 19:11:00,1.0,0,M,0.8
F,B738,CSV UA /OV HCH045020/TM 1213/FL230/TP B738/TB NEG/RM ZTLFD-41,NEG,,23000.0,36.0157213522977,-84.68944082053277,2024-01-12 12:13:00,0.0,0,M,0.8
F,C56X,RFD UA /OV RFD/TM 1718/FL400/TP C56X/TB CONS LGT CHOP,CONS LGT CHOP,,40000.0,42.19150564,-89.08759937,2024-01-25 17:18:00,1.0,0,M,0.8
F,E120,DBQ UA /OV DBQ270040/TM 2351/FL200/TP E120/TA M20/TB NEG/IC NEG,NEG,,20000.0,42.39835,-91.61197773977229,2024-01-22 23:51:00,0.0,0,M,0.8
F,B38M,CBM UA /OV IGB090010/TM 1610/FL360/TP B38M/TB CONS LGT/RM ZME,CONS LGT,,36000.0,33.48,-88.32016247877537,2024-01-26 16:10:00,1.0,0,U,0.6
F,B777,PASY UA /OV SYA035132/TM 1513/FL330/TP B777/TB NEG/RM ZAN,NEG,,33000.0,54.51228047047605,176.19297647750545,2024-01-03 15:13:00,0.0,0,H,1.0
F,B763,IND UA /OV OOM270025/TM 1214/FL180/TP B763/TB NEG,NEG,,18000.0,39.14,-87.14725790924287,2024-01-16 12:14:00,0.0,0,H,1.0
F,B737,ACY UA /OV ACY030010/TM 1249/FL340/TP B737/TB CONS LGT,CONS LGT,,34000.0,39.60192925865205,-74.46922984950108,2024-01-14 12:49:00,1.0,0,M,0.8
F,B38M,SLK UA /OV LKP/TM 1333/FL300/TP B38M/TB INTMT LGT CHOP,INTMT LGT CHOP,,30000.0,44.26,-73.96,2024-01-06 13:33:00,1.0,0,U,0.6
F,E145,OWB UA /OV OWB/TM 1758/FL100/TP E145/TB NEG/IC NEG 000-100,NEG,,10000.0,37.73883,-87.16683,2024-01-06 17:58:00,0.0,0,M,0.8
F,A359,HNL UA /OV 3400N 15900W /TM 1828/FL390/TP A359/TB LGT /RM AWC-WEB,LGT,,39000.0,34.0,-159.0,2024-01-15 18:28:00,1.0,0,U,0.6
F,C560,AMG UA /OV AMG/TM 1332/FL400/TP C560/TB NEG,NEG,,40000.0,31.53606,-82.50656,2024-01-04 13:32:00,0.0,0,M,0.8
F,B772,GNV UA /OV GNV360010/TM 1646/FL380/TP B772/TB NEG,NEG,,38000.0,29.858380166680167,-82.27602,2024-01-25 16:46:00,0.0,0,H,1.0
F,GLF6,HPN UA /OV HPN350017/TM 0142/FL035/TP GLF6/TA M06/TB LGT RIME/RM DURD,LGT RIME,,3500.0,41.345991464714,-73.77276266560422,2024-01-31 01:42:00,1.0,0,U,0.6
F,B738,RMG UA /OV RMG080016/TM 1255/FL350/TP B738/TB LGT CHOP/RM ZTLFD 27,LGT CHOP,,35000.0,34.39408993151557,-84.84300469158843,2024-01-11 12:55:00,1.0,0,M,0.8
F,E545,IKK UA /OV EON/TM 2049/FL040/TP E545/SK TOP045/TB NEG FL190-040/IC NEG,NEG FL190-040,,4000.0,41.27,-87.79,2024-01-07 20:49:00,0.0,0,U,0.6
F,SR22,TOC UA /OV ODF235035/TM 1553/FL080/TP SR22/SK SKC/TB NEG 080/IC NEG 080/RM ZTLFD-49,NEG 080,,8000.0,34.36538664394817,-83.88125750917757,2024-01-01 15:53:00,0.0,0,L,0.6
F,C206,FOD UA /OV 0C4/TM 2007/FL105/TP C206/TB NEG,NEG,,10500.0,42.11,-96.72,2024-01-21 20:07:00,0.0,0,L,0.6
F,C65A,RSW UA /OV RSW040030/TM 2302/FL120/TP C65A/TB OCNL LGT CHOP,OCNL LGT CHOP,,12000.0,26.921113246390465,-81.39745628106274,2024-01-11 23:02:00,1.0,0,U,0.6
F,P180,DRA UA /OV BTY295045 /TM 1952/FL310/TP P180/TB LGT /RM AWC-WEB,LGT,,31000.0,37.1769893703906,-117.6296223088754,2024-01-06 19:52:00,1.0,0,L,0.6
F,B752,OJC UA /OV BUM/TM 1711/FL380/TP B752/TB CONS LGT CAT/RM ZKC FDC AF/DL,CONS LGT CAT,,38000.0,38.28,-94.34,2024-01-03 17:11:00,1.0,0,M,0.8
F,E145,MDQ UA /OV RQZ120030/TM 1348/FL300/TP E145/TB NEG/RM ZTLFD-06,NEG,,30000.0,34.54997974997975,-86.1026320489147,2024-01-18 13:48:00,0.0,0,M,0.8
F,E75L,ORL UA /OV ORL180020/TM 1715/FL350/TP E75L/TB LGT CHOP,LGT CHOP,,35000.0,28.212099666639663,-81.33294,2024-01-05 17:15:00,1.0,0,U,0.6
F,GLF6,ALB UA /OV ALB220030/TM 0142/FL310/TP GLF6/TB NEG 310,NEG 310,,31000.0,42.37451675360954,-74.2413728314772,2024-01-27 01:42:00,0.0,0,U,0.6
F,C25B,UAO UA /OV KUAO/TM 2252/FL060/TP C25B/SK BKN060-TOPUNKN/TB INTMT LGT CHOP BLO 040/IC LGT RIME ABV 060/RM LAYERS BLO 060 DURD RWY 17,INTMT LGT CHOP BLO 040,,6000.0,45.25,-122.77,2024-01-11 22:52:00,1.0,0,U,0.6
F,C68A,SBN UA /OV GSH/TM 1901/FL430/TP C68A/TB CONS LGT CHOP,CONS LGT CHOP,,43000.0,41.52722,-85.79222,2024-01-05 19:01:00,1.0,0,U,0.6
F,A320,CLT UA /OV CLT112025/TM 1221/FL340/TP A320/TB CONS LGT CHOP/RM ZTLFD-33,CONS LGT CHOP,,34000.0,35.066451276424864,-80.48136422834529,2024-01-13 12:21:00,1.0,0,M,0.8
F,B738,EKN UA /OV EKN18035/TM 2321/FL380/TP B738/TB CONS LGT CHOP,CONS LGT CHOP,,38000.0,38.88528,-79.85278,2024-01-23 23:21:00,1.0,0,M,0.8
F,SR20,ATL UA /OV HRS/TM 1624/FL080/TP SR20/SK SKC/TB NEG/RM ZTLFD-49,NEG,,8000.0,34.94,-83.92,2024-01-26 16:24:00,0.0,0,L,0.6
F,A320,MYNN UA /OV ZQA235043/TM 1722/FL360/TP A320/TB LGT/RM ZMAFD,LGT,,36000.0,24.58890359113632,-78.09780036682368,2024-01-09 17:22:00,1.0,0,M,0.8
F,B38M,DEN UA /OV 20W DEN/TM 1645/FL090/TP B38M/TB LGT CHOP/IC NEG,LGT CHOP,,9000.0,39.8328,-105.09160987478948,2024-01-10 16:45:00,1.0,0,U,0.6
F,GLEX,FWA UA /OV FWA010015/TM 1425/FL430/TP GLEX/TB CONS LGT CHOP/RM RIDES IMPROVES BELOW FL429,CONS LGT CHOP,,43000.0,41.22427188063,-85.12962296480849,2024-01-09 14:25:00,1.0,0,M,0.8
F,BE20,LEW UA /OV LEW/TM 1857/FL240/TP BE20/TB NEG,NEG,,24000.0,44.04847,-70.28351,2024-01-24 18:57:00,0.0,0,M,0.8
F,B738,FWA UA /OV FWA250030/TM 1221/FL230/TP B738/TB CONS LGT CHOP,CONS LGT CHOP,,23000.0,40.80702607650751,-85.80952566621171,2024-01-05 12:21:00,1.0,0,M,0.8
F,A306,HUF UA /OV TTH/TM 0411/FL360/TP A306/SK CLR/TB NEG,NEG,,36000.0,39.49,-87.25,2024-01-20 04:11:00,0.0,0,H,1.0
F,A320,TOC UA /OV ODF027020/TM 1959/FL360/TP A320/TB NEG/RM ZTLFD-40,NEG,,36000.0,34.99702623192967,-83.11591738578332,2024-01-15 19:59:00,0.0,0,M,0.8
F,F2TH,MQY UA /OV MQY/TM 1450/FL000/TP F2TH/TB NEG/IC NEG,NEG,,0.0,36.00897,-86.52008,2024-01-24 14:50:00,0.0,0,M,0.8
F,E75S,IND UA /OV SHB/TM 1043/FL090/TP E75S/TB NEG/IC NEG,NEG,,9000.0,39.63,-85.82,2024-01-19 10:43:00,0.0,0,U,0.6
F,B763,SDF UA /OV IIU260015/TM 2316/FL120/TP B763/TB OCNL LGT CHOP/IC NEG,OCNL LGT CHOP,,12000.0,38.05658443920415,-85.89288718097247,2024-01-09 23:16:00,1.0,0,H,1.0
F,A321,LGA UA /OV LGA310015/TM 1612/FL050/TP A321/TA 1/TB NEG/IC LIGHT RIME,NEG,,5000.0,40.940159918883744,-74.13321079184945,2024-01-31 16:12:00,0.0,0,M,0.8
F,SB20,AKN UA /OV AKN /TM 1920 /FL300 /TP SB20 /TA M50 /TB NEG /IC NEG/RM (AKFSS),NEG,,30000.0,58.67,-156.64,2024-01-23 19:20:00,0.0,0,M,0.8
F,BE58,EVV UA /OV EVV040020/TM 0032/FL060/TP BE58/TB NEG/RM ON TOP,NEG,,6000.0,38.299468830926976,-87.24841121352755,2024-01-04 00:32:00,0.0,0,L,0.6
F,B738,SDF UA /OV IIU210025/TM 1459/FL390/TP B738/TB NEG CHOP,NEG CHOP,,39000.0,37.73912685336988,-85.84476164173113,2024-01-23 14:59:00,0.0,0,M,0.8
F,E75L,CID UA /OV CID254050/TM 1344/FL170/TP E75L/TB INTMT LGT CHOP,INTMT LGT CHOP,,17000.0,41.65318259794572,-92.80061840174297,2024-01-25 13:44:00,1.0,0,U,0.6
F,CRJ9,CVG UA /OV CVG140025/TM 1409/FL100/TP CRJ9/TA M07/TB LGT /IC TRACE RIME,LGT,,10000.0,38.72384896134128,-84.32680164546697,2024-01-30 14:09:00,1.0,0,U,0.6
F,A21N,DBQ UA /OV DBQ/TM 2356/FL340/TP A21N/TB COSN LGT CHOP,COSN LGT CHOP,,34000.0,42.39835,-90.709143,2024-01-14 23:56:00,1.0,0,U,0.6
F,A321,TYS UA /OV VXV/TM 1600/FL270/TP A321/TB NEG/RM ZTLFD-39,NEG,,27000.0,35.9,-83.89,2024-01-23 16:00:00,0.0,0,M,0.8
F,C172,PAQ UA /OV PAQ280002 /TM 0222 /FL025 /TP C172 /TB LGT/ OCNL MOD013-025 /RM LLWS +/- 20KT (AKFSS),LGT,,2500.0,61.59578874143945,-149.14900193525452,2024-01-23 02:22:00,1.0,0,L,0.6
F,E170,JVL UA /OV JVL/TM 2017/FL170/TP E170/TB CONS LGT CHOP,CONS LGT CHOP,,17000.0,42.62025,-89.04156,2024-01-25 20:17:00,1.0,0,U,0.6
F,B738,LAR UA /OV LAR/TM 1339/FL300/TP B738/TB OCNL LGT CHOP 200-300/RM DURC ZDV/FD,OCNL LGT CHOP 200-300,,30000.0,41.31206,-105.675,2024-01-14 13:39:00,1.0,0,M,0.8
F,E145,DEN UA /OV DEN360020/TM 0115/FL170/TP E145/SK CLR/TB OCNL LGT CHOP SFC-170,OCNL LGT CHOP SFC-170,,17000.0,40.16616033336033,-104.6575,2024-01-07 01:15:00,1.0,0,M,0.8
F,E75L,FAI UA /OV FAI360003 /TM 1758 /FL020 /TP E75L /WX RA /TA 02 /WV18030KT /TB LGT CHOP /RM DURC LIGHT RAIN STARTS FL030 / TA M02FL060 FAI ATCT (AKFSS),LGT CHOP,,2000.0,64.86000405000405,-147.85,2024-01-16 17:58:00,1.0,0,U,0.6
F,B737,KTN UA /OV ANN340010/TM 1900/FL020/TP B737/SK OVC 020-027/TA M5/TB NEG/IC NEG/RM DURC...ZAN,NEG,,2000.0,55.19662812266072,-131.66948958934165,2024-01-07 19:00:00,0.0,0,M,0.8
F,B738,EUG UA /OV SAGIN/TM 1434/FL070/TP B738/SK OVC030-TOP070/TB LGT CHOP/RM DURC,LGT CHOP,,7000.0,69.37,-148.7,2024-01-27 14:34:00,1.0,0,M,0.8
F,C414,TBR UA /OV TBR/TM 1841/FL100/TP C414/SK BKN080 BKN110/TB NEG/IC NEG,NEG,,10000.0,32.48274,-81.73694,2024-01-26 18:41:00,0.0,0,L,0.6
F,B739,PIE UA /OV PIE270080/TM 1423/FL350/TP B739/TB LGT CONS CHOP 350,LGT CONS CHOP 350,,35000.0,27.91,-84.19637728870036,2024-01-26 14:23:00,1.0,0,M,0.8
T,CRJ9,BTV UUA /OV BTV326005/TM 1840/FL010/TP CRJ9/TB LGT/RM +/-10-15 KTS BLW 500,LGT,,1000.0,44.5390920603888,-73.21530556382987,2024-01-15 18:40:00,1.0,0,U,0.6
F,A319,MGM UA /OV MGM090030/TM 0447/FL260/TP A319/TB CONS LGT CHOP 260-280 NEG CHOP ABV 290 /RM ZTLFD-09,CONS LGT CHOP 260-280 NEG CHOP ABV 290,,26000.0,32.30064,-85.80238522537348,2024-01-03 04:47:00,0.0,0,M,0.8
F,B737,DBN UA /OV DBN130050/TM 1536/FL370/TP B737/TB CONS LGT CHOP/RM ZTLFD-23,CONS LGT CHOP,,37000.0,32.028716970387514,-82.22776468970754,2024-01-18 15:36:00,1.0,0,M,0.8
F,LJ35,DTW UA /OV PTK/TM 1120/FL060/TP LJ35/SK 004OVC015/TB NEG/IC NEG/RM DURC THIN LAYER AT 065 CLR ABV,NEG,,6000.0,42.6655,-83.42008,2024-01-31 11:20:00,0.0,0,M,0.8
F,B737,AMA UA /OV PNH120020/TM 1755/FL370/TP B737/TB NEG/RM S ZAB/FDCS,NEG,,37000.0,35.07331983331984,-101.34652433619571,2024-01-28 17:55:00,0.0,0,M,0.8
F,E55P,CGC UA /OV CGC130015/TM 1946/FL150/TP E55P/TB NEG,NEG,,15000.0,28.706567881116253,-82.35260308837,2024-01-30 19:46:00,0.0,0,U,0.6
F,BE20,TVF UA /OV TVF/TM 1406/FL028/TP BE20/SK BASE030/TB NEG/IC NEG,NEG,,2800.0,48.06567,-96.185,2024-01-23 14:06:00,0.0,0,M,0.8
F,B737,TRI UA /OV GZG/TM 2239/FL210/TP B737/TB OCNL LGT CHOP/RM ZTLFD-44,OCNL LGT CHOP,,21000.0,36.83,-82.08,2024-01-14 22:39:00,1.0,0,M,0.8
F,B38M,LGC UA /OV LGC010030/TM 1857/FL140/TP B38M/TB NEG/RM ZTLFD-05,NEG,,14000.0,33.50130376125998,-84.96906535855028,2024-01-06 18:57:00,0.0,0,U,0.6
F,B738,LMT UA /OV LMT280010/TM 1508/FL380/TP B738/TB OCNL LGT CHOP 380/RM ZSE,OCNL LGT CHOP 380,,38000.0,42.17588370719723,-121.9455647786471,2024-01-29 15:08:00,1.0,0,M,0.8
F,B738,ALB UA /OV ALB190030/TM 1501/FL340/TP B738/TB CONS LGT,CONS LGT,,34000.0,42.26512623874002,-73.92187101933328,2024-01-13 15:01:00,1.0,0,M,0.8
F,A319,CSV UA /OV HCH115015/TM 1454/FL200/TP A319/TB NEG 200/RM ZTLFD-41,NEG 200,,20000.0,35.674336876536465,-84.70068994321029,2024-01-30 14:54:00,0.0,0,M,0.8
F,B738,BVN UA /OV OBH/TM 1425/FL320/TP B738/TB CONS LGT CHOP/ OCNL MOD,CONS LGT CHOP,,32000.0,41.38,-98.35,2024-01-08 14:25:00,1.0,0,M,0.8
F,A321,PIR UA /OV DPR030030/TM 1756/FL360/TP A321/TB CONS LGT CAT,CONS LGT CAT,,36000.0,45.51304777595615,-101.36592324215036,2024-01-29 17:56:00,1.0,0,M,0.8
F,C68A,ORD UA /OV VIO285015/TM 2244/FL210/TP C68A/TB LGT,LGT,,21000.0,41.98754,-87.93193,2024-01-09 22:44:00,1.0,0,U,0.6
F,B738,EEN UA /OV EEN/TM 1946/FL160/TP B738/SK TOP170/TB OCNL LGT CHOP,OCNL LGT CHOP,,16000.0,42.9,-72.27,2024-01-14 19:46:00,1.0,0,M,0.8
F,BE9L,DWX UA /OV DWX070013/TM 0020/FL150/TP BE9L/TA M14/TB INMNT LGT CHOP/IC LGT RIME,INMNT LGT CHOP,,15000.0,41.11155476684674,-107.22257979707346,2024-01-10 00:20:00,1.0,0,L,0.6
F,B737,BKW UA /OV GZG045020/TM 2142/FL350/TP B737/TB NEG/RM SMOOTH,NEG,,35000.0,37.0657213522977,-81.78550204241277,2024-01-17 21:42:00,0.0,0,M,0.8
F,FA50,ARR UA /OV KARR/TM 0034/FL018/TP FA50/SK OVC018/TB LGT CHOP/IC IC NEG/RM LGT PRECIP NEG ICING RAGGED BASES 018-020 DURD RY27 KARR,LGT CHOP,,1800.0,41.77,-88.48,2024-01-11 00:34:00,1.0,0,M,0.8
F,A320,ILM UA /OV ILM165080/TM 0455/FL300/TP A320/TB OCNL LGT,OCNL LGT,,30000.0,32.98199457818769,-77.48237798332472,2024-01-05 04:55:00,1.0,0,M,0.8
F,B739,YAK UA /OV YAK153071/TM 2216/FL310/TP B739/TB CONS LGT/RM ZAN,CONS LGT,,31000.0,58.44555687664968,-138.6014285784088,2024-01-13 22:16:00,1.0,0,M,0.8
F,DV20,HUF UA /OV HUF/TM 1755/FL016/TP DV20/SK 023 BKN/WX 10 SM/TA 47/TB NEG,NEG,,1600.0,39.45147,-87.30758,2024-01-31 17:55:00,0.0,0,L,0.6
F,B738,LNK UA /OV SCB/TM 1239/FL360/TP B738/TB NEG,NEG,,36000.0,41.61,-96.62,2024-01-07 12:39:00,0.0,0,M,0.8
F,CRJ9,PNS UA /OV KPNS170005/TM 1644/FL017/TP CRJ9/SK SKC/TB NEG,NEG,,1700.0,30.395986039790003,-87.17014786739193,2024-01-06 16:44:00,0.0,0,U,0.6
F,C68A,IND UA /OV MTO109025/TM 1811/FL400/TP C68A/TB CONS LGT CHOP,CONS LGT CHOP,,40000.0,39.342275614373314,-87.76879358282945,2024-01-26 18:11:00,1.0,0,U,0.6
F,A319,DNL UA /OV IRQ/TM 0210/FL240/TP A319/TB CONS LGT CHOP/RM ZTLFD-20,CONS LGT CHOP,,24000.0,33.71,-82.16,2024-01-27 02:10:00,1.0,0,M,0.8
F,BE20,MCG UA /OV MCG090050 /TM 1830 /FL280 /TP BE20 /TA M43 /WV 18089KT/TB OCNL LGT /RM (AKFSS),OCNL LGT,,28000.0,62.95,-153.76741490287023,2024-01-28 18:30:00,1.0,0,M,0.8
F,A320,ORD UA /OV ORD079012/TM 1348/FL060/TP A320/TA M03/TB NEG/IC NEG,NEG,,6000.0,42.02570489018413,-87.66777838501882,2024-01-12 13:48:00,0.0,0,M,0.8
F,A321,LAL UA /OV LAL110030/TM 0040/FL220/TP A321/TB NEG CHOP/RM SMOOTH IMC,NEG CHOP,,22000.0,27.81789607650751,-81.48643774214706,2024-01-10 00:40:00,0.0,0,M,0.8
F,E75L,GEZ UA /OV SHB36010/TM 1834/FL190/TP E75L/TB NEG/IC NEG,NEG,,19000.0,39.63,-85.82,2024-01-05 18:34:00,0.0,0,U,0.6
F,B712,OGG UA /OV OGG024007/TM 0213/FL022/TP B712/SK FEW040/TB LGT CHOP,LGT CHOP,,2200.0,20.996588936404844,-156.37920459984815,2024-01-11 02:13:00,1.0,0,M,0.8
F,B737,CMH UA /OV CMH/TM 1119/FL100/TP B737/TB LGT TURB,LGT TURB,,10000.0,39.99139,-82.88083,2024-01-18 11:19:00,1.0,0,M,0.8
F,C182,ALX UA /OV 26A/TM 1725/FL060/TP C182/TA 00/TB NEG/RM ZTLFD-09,NEG,,6000.0,33.28,-85.8,2024-01-07 17:25:00,0.0,0,L,0.6
F,B738,CMI UA /OV DNV/TM 2028/FL230/TP B738/TB CONS LGT CHOP,CONS LGT CHOP,,23000.0,40.1997,-87.59552,2024-01-09 20:28:00,1.0,0,M,0.8
F,A320,ATL UA /OV ATL/TM 1633/FL350/TP A320/TB NEG/IC NEG/RM ZTLFD-27,NEG,,35000.0,33.6301,-84.4418,2024-01-12 16:33:00,0.0,0,M,0.8
F,B739,SBN UA /OV GIJ/TM 1913/FL300/TP B739/TB INTMT LGT CHOP,INTMT LGT CHOP,,30000.0,41.77,-86.32,2024-01-12 19:13:00,1.0,0,M,0.8
F,B737,HOB UA /OV HOB350040/TM 1348/FL380/TP B737/TB CONS LGT CHOP/RM ZFW,CONS LGT CHOP,,38000.0,33.34412168167999,-103.35459051585694,2024-01-15 13:48:00,1.0,0,M,0.8
F,A21N,LWD UA /OV LMN/TM 0046/FL320/TP A21N/TB CONS LGT CHOP 300-320,CONS LGT CHOP 300-320,,32000.0,40.6,-93.97,2024-01-27 00:46:00,1.0,0,U,0.6
F,B38M,LGC UA /OV LGC340010/TM 1632/FL360/TP B38M/TB CONS LGT CHOP/RM ZTLFD-08,CONS LGT CHOP,,36000.0,33.16548812266072,-85.14059104378836,2024-01-15 16:32:00,1.0,0,U,0.6
F,B738,MLI UA /OV MZV/TM 0113/FL360/TP B738/TB LGT OCNL CHOP,LGT OCNL CHOP,,36000.0,41.32,-90.64,2024-01-24 01:13:00,1.0,0,M,0.8
F,B738,LGA UA /OV SBJ220005/TM 1503/FL100/TP B738/TA M07/TB NEG/IC LGT RIME,NEG,,10000.0,40.51615779226825,-74.81053335630384,2024-01-09 15:03:00,0.0,0,M,0.8
F,A21N,SRQ UA /OV SRQ320006/TM 2245/FL025/TP A21N/SK BKN025/TB NEG,NEG,,2500.0,27.47800064927809,-82.63101781928818,2024-01-15 22:45:00,0.0,0,U,0.6
F,A20N,PHX UA /OV PXR080015/TM 1505/FL060/TP A20N/SK BKN 050/TB LGT/RM CEILING 100,LGT,,6000.0,33.47341556079585,-111.67496785983548,2024-01-11 15:05:00,1.0,0,U,0.6
F,B737,ANC UA /OV TED090050/TM 1939/FL280/TP B737/TB LGT 280-300/RM DURC ZAN,LGT 280-300,,28000.0,61.17,-148.26171436842807,2024-01-15 19:39:00,1.0,0,M,0.8
F,B738,DSM UA /OV DSM300030/TM 2059/FL110/TP B738/SK BASE 035/TB NEG/RM DURC,NEG,,11000.0,41.783970250020246,-94.23161948125058,2024-01-07 20:59:00,0.0,0,M,0.8
F,B788,CAE UA /OV CAE/TM 2325/FL400/TP B788/TB OCNL LGT,OCNL LGT,,40000.0,33.9419,-81.1181,2024-01-26 23:25:00,1.0,0,U,0.6
F,C172,ORD UA /OV SWETT/TM 2003/FL030/TP C172/SK FEW026/WX 10SM/TB NEG,NEG,,3000.0,41.98754,-87.93193,2024-01-11 20:03:00,0.0,0,L,0.6
F,E145,IND UA /OV LVT060020/TM 1422/FL310/TP E145/TB CONS LGT,CONS LGT,,31000.0,36.74668016668016,-84.81048651002932,2024-01-09 14:22:00,1.0,0,M,0.8
F,C25M,SBN UA /OV EKM/TM 1308/FL013/TP C25M/SK OVC013-TOPS150/TA M08/TB NEG/IC LGT RIME /RM DURC,NEG,,1300.0,41.72,-86.0,2024-01-07 13:08:00,0.0,0,U,0.6
F,A306,DBN UA /OV DBN/TM 1104/FL350/TP A306/TB CONS LGT/RM ZTLFD-20,CONS LGT,,35000.0,32.5644167,-82.9852778,2024-01-23 11:04:00,1.0,0,H,1.0
F,A320,CMH UA /OV APE/TM 0314/FL320/TP A320/TB OCNL LGT CHOP,OCNL LGT CHOP,,32000.0,40.15,-82.59,2024-01-29 03:14:00,1.0,0,M,0.8
F,LJ45,BTT UA /OV BTT027111/TM 0439/FL400/TP LJ45/WX FV99SM/TA M44/TB NEG/RM ZAN,NEG,,40000.0,68.55849558720965,-149.37823397897856,2024-01-14 04:39:00,0.0,0,M,0.8
F,A321,PBI UA /OV PBI/TM 1905/FL370/TP A321/TB LGT CHOP,LGT CHOP,,37000.0,26.6847,-80.0994,2024-01-11 19:05:00,1.0,0,M,0.8
F,A319,EGE UA /OV RLG082058/TM 0029/FL210/TP A319/TB LGT CHOP/RM ZDV FDCS,LGT CHOP,,21000.0,40.13454489485943,-105.19028573109108,2024-01-13 00:29:00,1.0,0,M,0.8
F,CRJ2,DTW UA /OV MTC360012/TM 1207/FL080/TP CRJ2/WX VMC/TB OCC LGT CHOP,OCC LGT CHOP,,8000.0,42.8083462000162,-82.8355,2024-01-06 12:07:00,1.0,0,M,0.8
F,CRJ2,GSH UA /OV GSH270020/TM 2023/FL160/TP CRJ2/TB CONS LGT CHOP /RM DURD,CONS LGT CHOP,,16000.0,41.52722,-86.2375074004456,2024-01-27 20:23:00,1.0,0,M,0.8
F,A320,SME UA /OV SME/TM 1110/FL370/TP A320/TB CONS LGT CHOP,CONS LGT CHOP,,37000.0,37.05358,-84.61564,2024-01-17 11:10:00,1.0,0,M,0.8
F,B737,YAK UA /OV YAK226061/TM 1123/FL350/TP B737/TB NEG/RM ZAN,NEG,,35000.0,58.79370678485934,-141.10104975717744,2024-01-16 11:23:00,0.0,0,M,0.8
F,A380,STJ UA /OV STJ360010/TM 2014/FL400/TP A380/TB LGT CHOP/RM ZKC FDC FX/DL,LGT CHOP,,40000.0,39.93862016668017,-94.90971,2024-01-30 20:14:00,1.0,0,U,0.6
F,B739,SUX UA /OV SUX180010/TM 0346/FL330/TP B739/TB CONS LGT,CONS LGT,,33000.0,42.22499783331983,-96.379478,2024-01-08 03:46:00,1.0,0,M,0.8
F,B738,SQI UA /OV PLL/TM 2339/FL320/TP B738/TB CONS LGT CHOP,CONS LGT CHOP,,32000.0,41.97,-89.52,2024-01-23 23:39:00,1.0,0,M,0.8
F,PC12,PGD UA /OV PGD005015/TM 1801/FL170/TP PC12/TB LGT CONS 170,LGT CONS 170,,17000.0,27.166288847485745,-81.96695168983565,2024-01-15 18:01:00,1.0,0,L,0.6
F,C172,ITO UA /OV ITO330010/TM 0457/FL018/TP C172/SK BKN020/TB NONE,NONE,,1800.0,19.864349258652048,-155.1285322502432,2024-01-11 04:57:00,0.0,0,L,0.6
F,A20N,EVV UA /OV PXV040050/TM 1426/FL360/TP A20N/TB OCNL LGT CHOP,OCNL LGT CHOP,,36000.0,38.56842207731744,-87.08083505511775,2024-01-07 14:26:00,1.0,0,U,0.6
F,C402,MHT UA /OV MHT170019/TM 1706/FL060/TP C402/TB NEG/IC NEG/RM SMOOTH  NEG ICE,NEG,,6000.0,42.62092895120201,-71.3606385874885,2024-01-26 17:06:00,0.0,0,L,0.6
F,B737,UIN UA /OV UIN/TM 1353/FL340/TP B737/TB OCNL LGT/RM ZKC/FDC/CW,OCNL LGT,,34000.0,39.94285,-91.19458,2024-01-20 13:53:00,1.0,0,M,0.8
F,A320,ZZV UA /OV ZZV200020/TM 2101/FL250/TP A320/TB CONS LGT CHOP,CONS LGT CHOP,,25000.0,39.63119375467857,-82.04080633524606,2024-01-05 21:01:00,1.0,0,M,0.8
F,C402,BOS UA /OV BOS350010/TM 1544/FL008/TP C402/TA 0/TB NEG/IC NEG/RM TOPS 023 DURC SMOOTH,NEG,,800.0,42.52471792042,-71.04890032718828,2024-01-27 15:44:00,0.0,0,L,0.6
F,B38M,ILM UA /OV IDOLS/TM 1216/FL400/TP B38M/TB LGT CONS CHOP LGT INTMT,LGT CONS CHOP LGT INTMT,,40000.0,34.27,-77.9,2024-01-09 12:16:00,1.0,0,U,0.6
F,E175,BIV UA /OV PMM300025/TM 2359/FL170/TP E175/TB OCNL LGT CHOP /IC NEG/RM DURD,OCNL LGT CHOP,,17000.0,42.67835020835021,-86.5992326371613,2024-01-08 23:59:00,1.0,0,U,0.6
F,B738,ATL UA /OV AHN170040/TM 1305/FL370/TP B738/TB ONCL LGT CHOP/RM MOSTLY SMOOTH/ZTLFD-23,ONCL LGT CHOP,,37000.0,33.292008318320015,-83.18678471846022,2024-01-27 13:05:00,1.0,0,M,0.8
F,B737,FSD UA /OV FSD/TM 0309/FL380/TP B737/TB OCNL LGT CHOP,OCNL LGT CHOP,,38000.0,43.57694,-96.75361,2024-01-08 03:09:00,1.0,0,M,0.8
F,A21N,DFW UA /OV PNH075050/TM 2214/FL310/TP A21N/TB LGT/RM ZFW,LGT,,31000.0,35.45570000788845,-100.71437281417724,2024-01-13 22:14:00,1.0,0,U,0.6
F,A319,SRQ UA /OV SRQ285185/TM 0350/FL380/TP A319/TB NEG/IC NEG,NEG,,38000.0,28.199480029187256,-85.91353045377092,2024-01-22 03:50:00,0.0,0,M,0.8
F,A321,OKC UA /OV IRW/TM 0030/FL320/TP A321/TB LGT/RM ZFW,LGT,,32000.0,35.36,-97.61,2024-01-11 00:30:00,1.0,0,M,0.8
F,F2TH,SGF UA /OV SGF/TM 1603/FL143/TP F2TH/TB NEG/IC NEG/RM ZKC/FDC/CW,NEG,,14300.0,37.2397,-93.3897,2024-01-12 16:03:00,0.0,0,M,0.8
F,B38M,DNV UA /OV DNV/TM 2140/FL380/TP B38M/TB NEG,NEG,,38000.0,40.1997,-87.59552,2024-01-22 21:40:00,0.0,0,U,0.6
F,B737,C75 UA /OV BDF/TM 1340/FL230/TP B737/TB CONS LGT CHOP,CONS LGT CHOP,,23000.0,41.16,-89.59,2024-01-22 13:40:00,1.0,0,M,0.8
F,B38M,BIV UA /OV PMM300030/TM 1500/FL400/TP B38M/TB INTMT LGT CHOP,INTMT LGT CHOP,,40000.0,42.72002025002025,-86.69707916459356,2024-01-03 15:00:00,1.0,0,U,0.6
F,A321,MYGF UA /OV ZFP033118/TM 2250/FL330/TP A321/TB LGT CHOP/RM ZMAFD,LGT CHOP,,33000.0,28.14951905064774,-77.58302931413091,2024-01-19 22:50:00,1.0,0,M,0.8
F,C550,PIE UA /OV PIE350030/TM 1022/FL370/TP C550/TB NEG/RM SMOOTH,NEG,,37000.0,28.402443761259985,-82.78568038126002,2024-01-29 10:22:00,0.0,0,L,0.6
F,B738,MDO UA /OV MDO105084/TM 0942/FL310/TP B738/TB NEG/RM ZAN,NEG,,31000.0,59.077623986747405,-143.6400899202846,2024-01-18 09:42:00,0.0,0,M,0.8
F,PC12,PDT UA /OV PDT/TM 0400/FL220/TP PC12/TB NEG/IC TRACE RIME/RM T220...ZSE,NEG,,22000.0,45.69506,-118.84144,2024-01-25 04:00:00,0.0,0,L,0.6
F,A21N,PWK UA /OV OBK290020/TM 0238/FL350/TP A21N/TB CONS LGT,CONS LGT,,35000.0,42.334015948995,-88.37299338750917,2024-01-24 02:38:00,1.0,0,U,0.6
F,E170,JVL UA /OV JVL130010/TM 1354/FL130/TP E170/TB NEG /IC NEG,NEG,,13000.0,42.5131100540775,-88.86804221826007,2024-01-25 13:54:00,0.0,0,U,0.6
F,C68A,BAF UA /OV BAF190010/TM 1224/FL120/TP C68A/TB LGT CHOP/RM 110-120,LGT CHOP,,12000.0,41.99363207958001,-72.75515455921563,2024-01-02 12:24:00,1.0,0,U,0.6
F,B737,INW UA /OV INW045040 /TM 1926 /FL360 /TP B737 /TB NEG /RM SMOOTH,NEG,,36000.0,35.4933627045954,-110.14685046944894,2024-01-02 19:26:00,0.0,0,M,0.8
F,BE20,SDF UA /OV EWO080020/TM 2124/FL260/TP BE20/SK SKC/TB NEG/IC NEG,NEG,,26000.0,37.68788741439447,-85.26546938076473,2024-01-27 21:24:00,0.0,0,M,0.8
F,E75S,RGK UA /OV KRGK/TM 1525/FL220/TP E75S/TB CONS LGT CHOP 200-220,CONS LGT CHOP 200-220,,22000.0,44.59153,-92.48678,2024-01-02 15:25:00,1.0,0,U,0.6
F,E145,GRD UA /OV GRD/TM 2002/FL240/TP E145/TB NEG CHOP/RM ZTLFD-31,NEG CHOP,,24000.0,34.25,-82.16,2024-01-03 20:02:00,0.0,0,M,0.8
F,C68A,HCD UA /OV KHCD/TM 0243/FL120/TP C68A/SK SKC/TB NEG,NEG,,12000.0,44.85989,-94.3825,2024-01-16 02:43:00,0.0,0,U,0.6
F,B737,JNU UA /OV JNU /TM 0455 /FL008 /TP B737 /SK OVC008 /TB NEG /IC NEG/RM DURD RY 26 (AKFSS),NEG,,800.0,58.35,-134.57,2024-01-06 04:55:00,0.0,0,M,0.8
F,A320,LOZ UA /OV LVT/TM 1922/FL350/TP A320/TB NEG,NEG,,35000.0,36.58,-85.17,2024-01-03 19:22:00,0.0,0,M,0.8
F,PC12,ORL UA /OV ORL/TM 0735/FL210/TP PC12/TB NEG,NEG,,21000.0,28.54546,-81.33294,2024-01-12 07:35:00,0.0,0,L,0.6
F,C310,IND UA /OV EOP360010/TM 1807/FL070/TP C310/TA M05/TB NEG,NEG,,7000.0,39.32668016668016,-82.92,2024-01-07 18:07:00,0.0,0,L,0.6
F,B737,BMG UA /OV OOM360010/TM 1533/FL330/TP B737/TB CONS LGT CHOP,CONS LGT CHOP,,33000.0,39.30668016668017,-86.61,2024-01-28 15:33:00,1.0,0,M,0.8
F,B190,SIT UA /OV SIT /TM 2035 /FL000 /TP B190 /TB OCNL LGT BLO 025 /IC NEG /RM AIS 013 (AKFSS,OCNL LGT BLO 025,,0.0,57.04,-135.36,2024-01-15 20:35:00,1.0,0,M,0.8
F,C68A,MLI UA /OV MLI/TM 2255/FL008/TP C68A/SK OVC008-TOPUNKN/WX RA/TB NEG/RM DURC,NEG,,800.0,41.44853,-90.50754,2024-01-25 22:55:00,0.0,0,U,0.6
F,CL30,DNV UA /OV DNV345015/TM 1635/FL410/TP CL30/TB CONS LGT CHOP,CONS LGT CHOP,,41000.0,40.44120101658981,-87.68024119992376,2024-01-05 16:35:00,1.0,0,U,0.6
F,B737,PNS UA /OV PNS170001/TM 1132/FL017/TP B737/TB LGT/RM DURC RWY 17 PNS,LGT,,1700.0,30.461645207958,-87.18358157347839,2024-01-09 11:32:00,1.0,0,M,0.8
F,B737,WRG UA /OV WRG /TM 1950 /FL000 /TP B737 /TB NEG /RM DURD RY28 /BARWY 28 BA GOOD (AKFSS),NEG,,0.0,56.48,-132.36,2024-01-16 19:50:00,0.0,0,M,0.8
F,B737,BMG UA /OV OOM/TM 1500/FL410/TP B737/TB CONS LGT CHOP,CONS LGT CHOP,,41000.0,39.14,-86.61,2024-01-31 15:00:00,1.0,0,M,0.8
F,A319,GRD UA /OV GRD/TM 0302/FL350/TP A319/TB NEG CAT NEG CHOP/RM ZTLFD-28,NEG CAT NEG CHOP,,35000.0,34.25,-82.16,2024-01-16 03:02:00,0.0,0,M,0.8
F,CRJ7,AVP UA /OV 10NM SW LVZ/TM 2032/FL040/TP CRJ7/TB LGT CHOP,LGT CHOP,,4000.0,41.33347,-75.72267,2024-01-09 20:32:00,1.0,0,M,0.8
F,A321,DAY UA /OV ROD/TM 1801/FL350/TP A321/SK SKC/TB NEG,NEG,,35000.0,40.29,-84.04,2024-01-26 18:01:00,0.0,0,M,0.8
F,C680,LOZ UA /OV LVT/TM 2237/FL430/TP C680/TB NEG,NEG,,43000.0,36.58,-85.17,2024-01-10 22:37:00,0.0,0,U,0.6
F,B752,DAY UA /OV ROD260020/TM 2300/FL330/TP B752/TB INTMT LGT CHOP,INTMT LGT CHOP,,33000.0,40.232112585605535,-84.47039319668094,2024-01-07 23:00:00,1.0,0,M,0.8
F,B737,EVV UA /OV OWB/TM 1328/FL310/TP B737/TB CONS LGT,CONS LGT,,31000.0,37.73883,-87.16683,2024-01-26 13:28:00,1.0,0,M,0.8
F,B738,ORD UA /OV ORD/TM 1400/FL100/TP B738/TA M02/TB LGT CHOP/IC MDT RIME/RM DURD,LGT CHOP,,10000.0,41.98754,-87.93193,2024-01-06 14:00:00,1.0,0,M,0.8
F,A321,MZZ UA /OV MZZ/TM 1246/FL320/TP A321/TB NEG,NEG,,32000.0,40.4898637,-85.6797319,2024-01-04 12:46:00,0.0,0,M,0.8
F,E75S,CMH UA /OV XUB/TM 1458/FL300/TP E75S/TB LGT CHOP,LGT CHOP,,30000.0,39.53,-82.98,2024-01-18 14:58:00,1.0,0,U,0.6
F,B739,DNV UA /OV DNV/TM 1341/FL330/TP B739/TB CONS LGT CHOP,CONS LGT CHOP,,33000.0,40.1997,-87.59552,2024-01-05 13:41:00,1.0,0,M,0.8
F,CRJ7,OKC UA /OV IFI250015/TM 2006/FL340/TP CRJ7/TB CONS LGT/RM ZKCFDC,CONS LGT,,34000.0,35.72448803825376,-98.2897081088275,2024-01-23 20:06:00,1.0,0,M,0.8
F,C208,HUF UA /OV RSV/TM 2009/FL090/TP C208/WX VMC/TB NEG,NEG,,9000.0,39.0160422,-87.649775,2024-01-19 20:09:00,0.0,0,L,0.6
F,CRJ2,ORD UA /OV ORD225101/TM 1514/FL085/TP CRJ2/SK OVC-TOP085/TB LGT CHOP/IC NEG/RM SMOOTH AND CLR ABOVE 085,LGT CHOP,,8500.0,40.79714717089662,-89.53344799802221,2024-01-19 15:14:00,1.0,0,M,0.8
F,C208,JNU UA /OV SSR/TM 1920/FL060/TP C208/SK TOP050/TB LGT/IC NEG/RM DURC (ZAN,LGT,,6000.0,58.17,-135.25,2024-01-25 19:20:00,1.0,0,L,0.6
F,B737,OGG UA /OV 7 MILE FINAL RWY20/TM 2038/FL020/TP B737/SK SCT025/TB LGT,LGT,,2000.0,20.89,-156.43,2024-01-16 20:38:00,1.0,0,M,0.8
F,B38M,CID UA /OV CID/TM 1457/FL340/TP B38M/TB CONS LGT CHOP,CONS LGT CHOP,,34000.0,41.882899,-91.724588,2024-01-08 14:57:00,1.0,0,U,0.6
F,C680,RCR UA /OV RCR/TM 1749/FL380/TP C680/TB NEG/RM DURC,NEG,,38000.0,41.0655278,-86.1816944,2024-01-10 17:49:00,0.0,0,U,0.6
F,E170,RSW UA /OV RSW260045/TM 0409/FL320/TP E170/TB LGT CHOP,LGT CHOP,,32000.0,26.40781331761246,-82.58238890785174,2024-01-28 04:09:00,1.0,0,U,0.6
F,A321,ATL UA /OV ATL/TM 1449/FL300/TP A321/TB NEG/RM ZTLFD-22,NEG,,30000.0,33.6301,-84.4418,2024-01-07 14:49:00,0.0,0,M,0.8
F,PC12,DBN UA /OV DBN350010/TM 1840/FL180/TP PC12/SK SKC/TB NEG/RM ZTLFD-19,NEG,,18000.0,32.728564620419995,-83.01962065630362,2024-01-29 18:40:00,0.0,0,L,0.6
F,BE20,DAY UA /OV ROD/TM 1912/FL230/TP BE20/SK TOP 230/TB LGT CHOP/IC NEG,LGT CHOP,,23000.0,40.29,-84.04,2024-01-23 19:12:00,1.0,0,M,0.8
F,FA50,BRD UA /OV BRD/TM 1804/FL100/TP FA50/TB LGT CHOP /IC NEG,LGT CHOP,,10000.0,46.40472,-94.13083,2024-01-21 18:04:00,1.0,0,M,0.8
F,CRJ2,DEN UA /OV DEN/TM 1406/FL054/TP CRJ2/SK HZ/TB NEG/RM DURD RY34R DEN,NEG,,5400.0,39.8328,-104.6575,2024-01-04 14:06:00,0.0,0,M,0.8
F,CRJ9,MGM UA /OV MGM160020/TM 2030/FL240/TP CRJ9/TB OCNL CONS LGT CHOP 240/RM DURD ZTLFD-09,OCNL CONS LGT CHOP 240,,24000.0,31.987383754678564,-86.25908072706197,2024-01-08 20:30:00,1.0,0,U,0.6
F,E145,SYR UA /OV 10 S SYR/TM 1300/FL045/TP E145/SK BASE045 TOPS085/TB LGT CHOP,LGT CHOP,,4500.0,42.94450983331984,-76.10631,2024-01-14 13:00:00,1.0,0,M,0.8
F,GLF5,BOS UA /OV BOS300010/TM 1735/FL180/TP GLF5/TB NEG/IC NEG/RM HYLND DEPT,NEG,,18000.0,42.443910083340086,-71.20508188261326,2024-01-07 17:35:00,0.0,0,M,0.8
F,A20N,LCQ UA /OV LCQ/TM 0455/FL370/TP A20N/TB NEG,NEG,,37000.0,30.1821,-82.5769,2024-01-14 04:55:00,0.0,0,U,0.6
F,BCS3,SHV UA /OV EIC300027/TM 1615/FL340/TP BCS3/TB NEG/RM ZFW,NEG,,34000.0,32.99501822501823,-94.27351066177214,2024-01-17 16:15:00,0.0,0,U,0.6
F,B738,MYGF UA /OV ZFP340030/TM 1200/FL365/TP B738/TB LGT CHOP,LGT CHOP,,36500.0,26.969884367982157,-78.97110219791577,2024-01-31 12:00:00,1.0,0,M,0.8
F,B737,LEX UA /OV HYK360025/TM 0104/FL390/TP B737/TB CONS LGT CHOP,CONS LGT CHOP,,39000.0,38.386700416700414,-84.47,2024-01-26 01:04:00,1.0,0,M,0.8
F,A321,SRQ UA /OV SRQ210012/TM 1635/FL210/TP A321/TB NEG,NEG,,21000.0,27.22817088961754,-82.67125656971761,2024-01-23 16:35:00,0.0,0,M,0.8
F,C208,SCC UA /OV BTI-SCC /TM 2254 /FL010 /TP C208 /SK SKC /WX FV99SM /WV 090040KT /TB NEG /IC NEG /RM (AKFSS,NEG,,1000.0,70.16,-146.02,2024-01-06 22:54:00,0.0,0,L,0.6
F,E75L,BMG UA /OV OOM180010/TM 2201/FL270/TP E75L/TB CONS LGT CHOP/RM DURC,CONS LGT CHOP,,27000.0,38.97331983331984,-86.61,2024-01-12 22:01:00,1.0,0,U,0.6
F,B738,OVE UA /OV RBL174028 /TM 1422/FL400/TP B738/TB NEG /RM SMOOTH AWC-WEB,NEG,,40000.0,39.68775218919623,-122.18977493210336,2024-01-01 14:22:00,0.0,0,M,0.8
F,B737,TBR UA /OV SBO/TM 1314/FL380/TP B737/TB OCNL LGT CHOP/RM ZTLFD-23,OCNL LGT CHOP,,38000.0,32.6091389,-82.3699444,2024-01-12 13:14:00,1.0,0,M,0.8
F,B737,SPI UA /OV AXC/TM 2005/FL280/TP B737/TB CONS LGT /RM FL280-FL230 DURD ZKC FDC XJ/DL,CONS LGT,,28000.0,39.74,-88.86,2024-01-07 20:05:00,1.0,0,M,0.8
F,E75L,FAI UA /OV FAI180020 /TM 1605 /FL066 /TP E75L /WX SN /TB NEG /ICNEG /RM DURD ENTERED SN 6600FT/RWY IN SIGHT 3NM FINAL FAI ATCT(AKFSS),NEG,,6600.0,64.47663966663967,-147.85,2024-01-14 16:05:00,0.0,0,U,0.6
F,B738,DLL UA /OV DLL330040/TM 0842/FL330/TP B738/TB CONS LGT CHOP,CONS LGT CHOP,,33000.0,44.0993970346082,-90.23073759776511,2024-01-13 08:42:00,1.0,0,M,0.8
F,A320,CVG UA /OV CVG270005/TM 1519/FL019/TP A320/SK OVC019-TOPUNKN/TB LGT CHOP/IC NEG/RM DURC,LGT CHOP,,1900.0,39.04306,-84.77897398325544,2024-01-28 15:19:00,1.0,0,M,0.8
F,B739,UES UA /OV BAE/TM 1350/FL300/TP B739/TB OCNL LGT CHOP,OCNL LGT CHOP,,30000.0,43.12,-88.28,2024-01-11 13:50:00,1.0,0,M,0.8
F,A321,SPA UA /OV SPA/TM 1726/FL310/TP A321/TB NEG/RM ZTLFD-32,NEG,,31000.0,34.9157222,-81.9565,2024-01-13 17:26:00,0.0,0,M,0.8
F,SR22,RYN UA /OV TUS270015 /TM 1651 /FL095 /TP SR22 /WX FV99SM /TB NEG /RM FEW CI ABV,NEG,,9500.0,32.12027,-111.2331863420131,2024-01-17 16:51:00,0.0,0,L,0.6
F,B190,SIT UA /OV SIT /TM 1517 /FL026 /TP B190 /SK BKN026-TOP036 /TB NEG/IC NEG /RM (AKFSS),NEG,,2600.0,57.04,-135.36,2024-01-06 15:17:00,0.0,0,M,0.8
F,B738,MFI UA /OV VIQ/TM 0111/FL340/TP B738/TB NEG,NEG,,34000.0,44.55,-90.51,2024-01-06 01:11:00,0.0,0,M,0.8
F,B738,MYNN UA /OV ZQA031085/TM 2024/FL370/TP B738/TB CONS LGT CHOP,CONS LGT CHOP,,37000.0,26.21441870270744,-76.64486913396902,2024-01-23 20:24:00,1.0,0,M,0.8
F,B738,OTG UA /OV OTG/TM 1312/FL340/TP B738/TB OCNL LGT,OCNL LGT,,34000.0,43.65506,-95.57919,2024-01-26 13:12:00,1.0,0,M,0.8
F,E170,PBI UA /OV PBI/TM 1251/FL190/TP E170/TB LGT CHOP,LGT CHOP,,19000.0,26.6847,-80.0994,2024-01-19 12:51:00,1.0,0,U,0.6
F,B737,LAR UA /OV LAR213037/TM 1438/FL290/TP B737/TB OCNL LGT CHOP/IC NEG/RM DURD ON FLATI...ZDV FD,OCNL LGT CHOP,,29000.0,40.794837924796894,-106.12217970468193,2024-01-07 14:38:00,1.0,0,M,0.8
F,B737,CLT UA /OV CLT360040/TM 1827/FL360/TP B737/TB LGT CHOP/RM ZTLFD-28,LGT CHOP,,36000.0,35.88927066672066,-80.95431,2024-01-02 18:27:00,1.0,0,M,0.8
F,A321,ILM UA /OV ILM190180/TM 1840/FL340/TP A321/TB NEG,NEG,,34000.0,31.31533743244009,-78.5304344016538,2024-01-20 18:40:00,0.0,0,M,0.8
F,A321,PIE UA /OV PIE360020/TM 1212/FL350/TP A321/TB CONS LGT CHOP,CONS LGT CHOP,,35000.0,28.24336033336033,-82.68742,2024-01-06 12:12:00,1.0,0,M,0.8
F,B38M,HNL UA /OV 3341N1327W/TM 2315/FL260/TP B38M/TB INTMT LGT CHOP,INTMT LGT CHOP,,26000.0,33.6833,-13.45,2024-01-28 23:15:00,1.0,0,U,0.6
F,A321,RSW UA /OV RSW300050/TM 1909/FL290/TP A321/TB LGT CONS,LGT CONS,,29000.0,26.954760416700417,-82.56347695348569,2024-01-22 19:09:00,1.0,0,M,0.8
F,B738,SPA UA /OV SPA215025/TM 1518/FL230/TP B738/TB OCNL LGT CHOP/RM DURD ZTLFD-31,OCNL LGT CHOP,,23000.0,34.574381201803774,-82.24797688093817,2024-01-26 15:18:00,1.0,0,M,0.8
F,B737,PNC UA /OV PER/TM 1756/FL400/TP B737/TB CONS LGT CHOP/RM ZKCFDC,CONS LGT CHOP,,40000.0,36.75,-97.16,2024-01-17 17:56:00,1.0,0,M,0.8
F,BE20,JMS UA /OV JMS/TM 2339/FL140/TP BE20/SK TOP 130/TA M14/TB NEG/IC TRACE RIME,NEG,,14000.0,46.93,-98.68,2024-01-20 23:39:00,0.0,0,M,0.8
F,C68A,MDT UA /OV MDT360005/TM 2004/FL4000/TP C68A/SK IMC/TB NEG/IC NEG,NEG,,40000.0,40.27695008334008,-76.76333,2024-01-19 20:04:00,0.0,0,U,0.6
F,PA27,BMG UA /OV SER/TM 1501/FL060/TP PA27/SK OVC050/WX VMC ON TOP/TA 0/TB NEG/IC NEG,NEG,,6000.0,38.92,-85.9,2024-01-04 15:01:00,0.0,0,L,0.6
F,E75L,BCK UA /OV BCK/TM 0000/FL330/TP E75L/TB CONS LGT CHOP 330-280,CONS LGT CHOP 330-280,,33000.0,44.2507,-90.8553,2024-01-04 00:00:00,1.0,0,U,0.6
F,B737,LGC UA /OV EUF/TM 1217/FL380/TP B737/TB NEG/RM ZTLFD-08,NEG,,38000.0,31.9513,-85.1289,2024-01-16 12:17:00,0.0,0,M,0.8
F,B739,LNK UA /OV LNK/TM 1242/FL320/TP B739/TB NEG,NEG,,32000.0,40.831178,-96.763275,2024-01-10 12:42:00,0.0,0,M,0.8
F,A20N,DEN UA /OV DEN 20030/TM 1505/FL190/TP A20N/TB LGT CHOP,LGT CHOP,,19000.0,39.8328,-104.6575,2024-01-10 15:05:00,1.0,0,U,0.6
F,A320,ATL UA /OV GSU090010/TM 1212/FL170/TP A320/TB NEG/RM ZTLFD-49,NEG,,17000.0,33.6301,-84.4418,2024-01-19 12:12:00,0.0,0,M,0.8
F,C208,BET UA /OV BET250010/TM 0011/FL020/TP C208/WX -RA/TB LGT/IC TRC/RM DURC ZAN,LGT,,2000.0,60.71299202550251,-162.15075113892323,2024-01-11 00:11:00,1.0,0,L,0.6
F,C56X,TOC UA /OV ODF360045/TM 0122/FL220/TP C56X/TB NEG/RM ZTLFD-49,NEG,,22000.0,35.45006075006075,-83.3,2024-01-08 01:22:00,0.0,0,M,0.8
F,A319,OLU UA /OV OBH/TM 2004/FL340/TP A319/TB CONS LGT CHOP,CONS LGT CHOP,,34000.0,41.38,-98.35,2024-01-19 20:04:00,1.0,0,M,0.8
F,B737,STL UA /OV FTZ341029 /TM 2134 /FL220 /TP B737 /WV 23851KT /TB INTMT LGT CHOP/RM AWC-WEB:,INTMT LGT CHOP,,22000.0,39.14703766196225,-91.17161783371245,2024-01-23 21:34:00,1.0,0,M,0.8
F,A321,SDF UA /OV FLM150040/TM 0323/FL360/TP A321/TB OCNL LGT CHOP,OCNL LGT CHOP,,36000.0,38.0726029653918,-83.88314892453216,2024-01-28 03:23:00,1.0,0,M,0.8
F,RV10,RHP UA /OV HRS045030/TM 1949/FL090/TP RV10/SK BKN 050/TB NEG/RM ZTLFD-,NEG,,9000.0,35.29358202844655,-83.48867208168983,2024-01-29 19:49:00,0.0,0,U,0.6
F,B737,DLL UA /OV DLL/TM 1212/FL300/TP B737/TB CONS LGT CHOP,CONS LGT CHOP,,30000.0,43.522,-89.771,2024-01-01 12:12:00,1.0,0,M,0.8
F,B737,ANC UA /OV JOH090050/TM 1445/FL290/TP B737/TB NEG/RM MOSTLY SMOOTH ZAN,NEG,,29000.0,60.48,-144.90859633081848,2024-01-17 14:45:00,0.0,0,M,0.8
F,A320,OCF UA /OV OCF270040/TM 2141/FL370/TP A320/TB NEG,NEG,,37000.0,29.16363228,-82.98451055259582,2024-01-31 21:41:00,0.0,0,M,0.8
F,C172,2IS UA /OV PHK225015 /TM 1335 /FL020 /TP C172 /SK SKC /WX FV10SM /TB NEG /RM SMOOTH,NEG,,2000.0,26.603208985776725,-80.88803121896704,2024-01-30 13:35:00,0.0,0,L,0.6
F,C414,DTW UA /OV 15 N DTW/TM 1105/FL028/TP C414/WX IMC/TB NEG/IC NEG,NEG,,2800.0,42.480020250020246,-83.33,2024-01-11 11:05:00,0.0,0,L,0.6
F,C172,MRI UA /OV MRI/TM 2054/FL009/TP C172/WX FV99SM/TB LGT CHOP 003-008/IC NEG,LGT CHOP 003-008,,900.0,61.21,-149.84,2024-01-14 20:54:00,1.0,0,L,0.6
F,F900,AMG UA /OV AMG/TM 2310/FL350/TP F900/TB NEG/IC NEG,NEG,,35000.0,31.53606,-82.50656,2024-01-29 23:10:00,0.0,0,M,0.8
F,A321,SPA UA /OV SPA18010/TM 0138/FL180/TP A321/TB LGT CHOP/RM LIGHT CHOP IN LAYER FL180-FL200 ZTLFD-31,LGT CHOP,,18000.0,34.9157222,-81.9565,2024-01-15 01:38:00,1.0,0,M,0.8
F,E170,MLB UA /OV MLB354034/TM 1536/FL280/TP E170/TB NEG,NEG,,28000.0,28.666358055976,-80.71241486652745,2024-01-05 15:36:00,0.0,0,U,0.6
F,B763,PWK UA /OV OBK030025/TM 0355/FL170/TP B763/TB NEG 150-170/IC NEG 150-170,NEG 150-170,,17000.0,42.58087314663012,-87.66866239944278,2024-01-27 03:55:00,0.0,0,H,1.0
F,B737,HTH UA /OV MVA212040 /TM 1520/FL380/TP B737/TB NEG /RM AWC-WEB,NEG,,38000.0,38.0045888079194,-118.48188906853204,2024-01-07 15:20:00,0.0,0,M,0.8
F,A321,FLO UA /OV FLO180025/TM 1658/FL230/TP A321/TB NEG,NEG,,23000.0,33.76865958329959,-79.72389,2024-01-13 16:58:00,0.0,0,M,0.8
F,E170,BKW UA /OV BKW/TM 1826/FL300/TP E170/TB LGT CHOP/RM DURD,LGT CHOP,,30000.0,37.78733,-81.12416,2024-01-09 18:26:00,1.0,0,U,0.6
F,A320,ORL UA /OV ORL180030/TM 0011/FL350/TP A320/TB LGT/RM ZMAFD,LGT,,35000.0,28.045419499959497,-81.33294,2024-01-02 00:11:00,1.0,0,M,0.8
F,B738,LEX UA /OV FLM/TM 2344/FL320/TP B738/TB NEG,NEG,,32000.0,38.65,-84.31,2024-01-09 23:44:00,0.0,0,M,0.8
F,CRJ7,FSD UA /OV FSD/TM 1205/FL200/TP CRJ7/SK 025 BASE 028 TOP/TB NEG/IC NEG,NEG,,20000.0,43.57694,-96.75361,2024-01-07 12:05:00,0.0,0,M,0.8
F,C172,TKA UA /OV PAQ-TKA /TM 2037 /FL030 /TP C172 /SK BKN-OVC070 /WX FV99SM /TB LGT /IC NEG /RM (AKFSS,LGT,,3000.0,61.955,-149.585,2024-01-12 20:37:00,1.0,0,L,0.6
F,PA24,TQK UA /OV MCK-TQK /TM 0333 /FL085 /TP PA24 /SK SKC /TB NEG,NEG,,8500.0,39.34224,-100.73714,2024-01-03 03:33:00,0.0,0,L,0.6
F,B738,AKO UA /OV AKO008005/TM 0327/FL360/TP B738/TB LGT CHOP/RM MTW +/-10KT. ZDVFD,LGT CHOP,,36000.0,40.25815902337794,-103.20684985904798,2024-01-07 03:27:00,1.0,0,M,0.8
F,A306,IND UA /OV TTH180020/TM 0956/FL340/TP A306/TB OCNL LGT,OCNL LGT,,34000.0,39.15663966663967,-87.25,2024-01-03 09:56:00,1.0,0,H,1.0
F,A320,ORD UA /OV ORD/320025/TM 1715/FL100/TP A320/WX VMC/TB NEG/IC NEG/RM SMOOTH RIDE,NEG,,10000.0,41.98754,-87.93193,2024-01-29 17:15:00,0.0,0,M,0.8
F,B737,LSF UA /OV EUF220015/TM 2222/FL320/TP B737/TB NEG CHOP 320/RM ZTLFD-09,NEG CHOP 320,,32000.0,31.75977337680477,-85.31830513645733,2024-01-06 22:22:00,0.0,0,M,0.8
F,B739,ORD UA /OV ORD 090005/TM 0351/FL080/TP B739/SK OVC 012/TB NEG/IC NEG,NEG,,8000.0,41.98754,-87.81980680825804,2024-01-25 03:51:00,0.0,0,M,0.8
F,AEST,DPA UA /OV KDPA/TM 0920/FL017/TP AEST/TB NEG,NEG,,1700.0,41.90778,-88.24861,2024-01-31 09:20:00,0.0,0,L,0.6
F,GLF6,HKY UA /OV BZM/TM 2145/FL400/TP GLF6/TB LGT CONS CHOP 400/RM ZTLFD-15,LGT CONS CHOP 400,,40000.0,35.87,-81.24,2024-01-25 21:45:00,1.0,0,U,0.6
F,E170,ORL UA /OV ORL090025/TM 1800/FL290/TP E170/TB CONS LGT CHOP,CONS LGT CHOP,,29000.0,28.54546,-80.8585749335982,2024-01-23 18:00:00,1.0,0,U,0.6
F,A21N,MLB UA /OV MLB/TM 0846/FL290/TP A21N/TB LGT CHOP,LGT CHOP,,29000.0,28.10275,-80.64526,2024-01-02 08:46:00,1.0,0,U,0.6
F,E75S,ZZV UA /OV ZZV160020/TM 2140/FL150/TP E75S/TB LGT CHOP/IC NEG,LGT CHOP,,15000.0,39.63119375467857,-81.74337366475393,2024-01-05 21:40:00,1.0,0,U,0.6
F,A319,LAS UA /OV LAS/TM 1030/FL003/TP A319/SK OVC003/WX 8SM/TA 09/WV 06005/TB NONE/IC NONE/RM BASES REPORTED 100 FT ABOVE MINIMUMS ILS RWY 26L. MALSR OBSERVED 100FT ABOVE ILS MINIMUMS. RUNWAY OBSERVED AT 50FT.,NONE,,300.0,36.0719,-115.1634,2024-01-23 10:30:00,0.0,0,M,0.8
F,E145,PMD UA /OV 15 EAST PMD/TM 1735/FL130/TP E145/TB LGT TURB,LGT TURB,,13000.0,34.62939,-117.78070145619408,2024-01-07 17:35:00,1.0,0,M,0.8
F,FA7X,EVV UA /OV PXV/TM 1603/FL400/TP FA7X/TB OCNL LGT CHOP/RM ZKCFDC,OCNL LGT CHOP,,40000.0,37.93,-87.76,2024-01-23 16:03:00,1.0,0,U,0.6
F,A319,FOD UA /OV FOD/TM 2304/FL260/TP A319/TB OCNL LGT CHOP,OCNL LGT CHOP,,26000.0,42.549741,-94.203203,2024-01-22 23:04:00,1.0,0,M,0.8
F,CRJ9,LOZ UA /OV AZQ245015/TM 0518/FL350/TP CRJ9/TB OCNL CONS LGT CHOP,OCNL CONS LGT CHOP,,35000.0,37.284336876536464,-83.5451975078868,2024-01-26 05:18:00,1.0,0,U,0.6
F,B738,FSD UA /OV FSD270030/TM 1913/FL350/TP B738/TB NEG,NEG,,35000.0,43.57694,-97.44384527444365,2024-01-14 19:13:00,0.0,0,M,0.8
F,CRJ9,MLI UA /OV MZV/TM 1402/FL270/TP CRJ9/TB INTMT LGT CHOP,INTMT LGT CHOP,,27000.0,41.32,-90.64,2024-01-26 14:02:00,1.0,0,U,0.6
F,A321,OMA UA /OV 50;W OMA/TM 0138/FL220/TP A321/TB LGT/RM DURGD  CONT LGT TURB OCNL CHOP 220-160,LGT,,22000.0,41.31028,-95.89917,2024-01-09 01:38:00,1.0,0,M,0.8
F,PC12,GRD UA /OV GRD/TM 1435/FL150/TP PC12/TB NEG CHOP/IC NEG/RM SMOOTH ZTLFD-31,NEG CHOP,,15000.0,34.25,-82.16,2024-01-17 14:35:00,0.0,0,L,0.6
F,BCS3,BGM UA /OV HNK/TM 1745/FL330/TP BCS3/TB NEG CHOP 390-330,NEG CHOP 390-330,,33000.0,42.06,-75.32,2024-01-21 17:45:00,0.0,0,U,0.6
F,B737,OLU UA /OV OBH090025/TM 1409/FL350/TP B737/TB LGT CONS CHOP,LGT CONS CHOP,,35000.0,41.38,-97.79465258309229,2024-01-14 14:09:00,1.0,0,M,0.8
F,E75S,GRR UA /OV VIO167018/TM 0314/FL340/TP E75S/TB OCNL LGT CHOP,OCNL LGT CHOP,,34000.0,42.88210929,-85.5229853,2024-01-08 03:14:00,1.0,0,U,0.6
F,CRJ2,ORD UA /OV ORD090025/TM 0118/FL070/TP CRJ2/SK CLR/TB OCNL LGT CHOP,OCNL LGT CHOP,,7000.0,41.98754,-87.37131404129019,2024-01-20 01:18:00,1.0,0,M,0.8
F,B38M,MBPV UA /OV PVN318112/TM 2354/FL340/TP B38M/TB OCNL LGT CHOP/RM ZMAFD,OCNL LGT CHOP,,34000.0,23.157316037834445,-73.60507556208852,2024-01-07 23:54:00,1.0,0,U,0.6
F,E175,ALB UA /OV ALB200030/TM 2227/FL340/TP E175/TB NEG,NEG,,34000.0,42.28768563201785,-74.03653873743707,2024-01-31 22:27:00,0.0,0,U,0.6
F,C208,MLT UA /OV MLT/TM 2331/FL080/TP C208/TA M06/TB OCNL LGT/IC TRACE RIME,OCNL LGT,,8000.0,45.64784,-68.68556,2024-01-09 23:31:00,1.0,0,L,0.6
F,A320,ALB UA /OV ALB/TM 1140/FL090/TP A320/TB CONS LGT CAT 090-175,CONS LGT CAT 090-175,,9000.0,42.75757,-73.80361,2024-01-09 11:40:00,1.0,0,M,0.8
F,B737,LIH UA /OV LIH/TM 0929/FL100/TP B737/SK SCT030/TB LGT CHOP,LGT CHOP,,10000.0,21.97,-159.33,2024-01-12 09:29:00,1.0,0,M,0.8
F,B744,ANC UA /OV TED280015/TM 2026/FL090/TP B744/WX CLR/TB NEG/IC NEG/RM DURC,NEG,,9000.0,61.21341556079585,-150.50060872681752,2024-01-17 20:26:00,0.0,0,H,1.0
F,A319,DAY UA /OV ROD/TM 1258/FL370/TP A319/TB CONS LGT CHOP,CONS LGT CHOP,,37000.0,40.29,-84.04,2024-01-04 12:58:00,1.0,0,M,0.8
F,B738,ROA UA /OV ROA/TM 1921/FL370/TP B738/TB CONS LGT,CONS LGT,,37000.0,37.31724016,-79.97367916,2024-01-12 19:21:00,1.0,0,M,0.8
F,CRJ9,IND UA /OV CVG045030/TM 1402/FL190/TP CRJ9/TB NEG,NEG,,19000.0,39.39664202844655,-84.21641775475052,2024-01-15 14:02:00,0.0,0,U,0.6
F,C750,MSN UA /OV MSN310025/TM 0003/FL140/TP C750/TB OCNL LGT CHOP 140-160/RM DURC,OCNL LGT CHOP 140-160,,14000.0,43.408409864806245,-89.7827481208559,2024-01-09 00:03:00,1.0,0,M,0.8
F,CRJ9,GAD UA /OV GAD354021/TM 1527/FL150/TP CRJ9/TB CONS LGT CHOP/RM ZTLFD-05,CONS LGT CHOP,,15000.0,34.32076085810282,-86.133198812344,2024-01-03 15:27:00,1.0,0,U,0.6
F,A320,RST UA /OV RST/TM 0055/FL330/TP A320/TB LGT,LGT,,33000.0,43.9041,-92.4916,2024-01-09 00:55:00,1.0,0,M,0.8
F,E75L,ORD UA /OV ORD180017/TM 0055/FL004/TP E75L/SK OVC004-TOPUNKN/TB NEG/IC NEG,NEG,,400.0,41.70418371664372,-87.93193,2024-01-26 00:55:00,0.0,0,U,0.6
F,A20N,SHV UA /OV 3110N09432W/TM 1231/FL350/TP A20N/TB LGT CHOP 330-350/RM ZFW,LGT CHOP 330-350,,35000.0,31.1666,-94.5333,2024-01-25 12:31:00,1.0,0,U,0.6
F,B737,PSK UA /OV PSK065024/TM 0053/FL400/TP B737/TB OCNL LGT CHOP/RM ZTLFD-15,OCNL LGT CHOP,,40000.0,37.30641099754165,-80.22369226597576,2024-01-24 00:53:00,1.0,0,M,0.8
F,B763,ABQ UA /OV ABQ092029/TM 2356/FL110/TP B763/SK T200 B110/TB LGT/RM DURD OVR MTNS,LGT,,11000.0,35.02503054361046,-106.02546833407756,2024-01-07 23:56:00,1.0,0,H,1.0
F,CRJ2,ALO UA /OV ALO/TM 1557/FL280/TP CRJ2/TB NEG,NEG,,28000.0,42.554365,-92.401293,2024-01-05 15:57:00,0.0,0,M,0.8
F,B739,DAY UA /OV ROD110010/TM 1130/FL320/TP B739/SK SKC/TB NEG/IC NEG,NEG,,32000.0,40.2329920255025,-83.83466179580711,2024-01-21 11:30:00,0.0,0,M,0.8
F,B737,IOW UA /OV IOW/TM 1536/FL380/TP B737/TB CONS LGT CHOP OCNL LGT,CONS LGT CHOP OCNL LGT,,38000.0,41.63939,-91.544535,2024-01-08 15:36:00,1.0,0,M,0.8
F,E75L,GRR UA /OV VIO/TM 2244/FL340/TP E75L/TB NEG,NEG,,34000.0,42.88210929,-85.5229853,2024-01-10 22:44:00,0.0,0,U,0.6
F,B737,KTN UA /OV KTN /TM 1715 /FL230-000 /TP B737 /TA M23 /TB LGT CHOP BLO 030 /IC LGT RIME 160-100 /RM AIS FL015 (AKFSS,LGT CHOP BLO 030,,23000.0,55.35,-131.71,2024-01-04 17:15:00,1.0,0,M,0.8
F,B738,EVV UA /OV MYS360048/TM 2326/FL340/TP B738/TB LGT CHOP,LGT CHOP,,34000.0,38.6900648000648,-86.24,2024-01-08 23:26:00,1.0,0,M,0.8
F,A321,ONL UA /OV ONL145040/TM 1516/FL340/TP A321/TB OCNL LGT CHOP 340 NEG 360,OCNL LGT CHOP 340 NEG 360,,34000.0,41.92357440288605,-98.1696252176857,2024-01-04 15:16:00,0.0,0,M,0.8
F,C55B,SXK UA /OV SKX/TM 1246/FL190/TP C55B/SK TOP035/TB NEG/IC NEG,NEG,,19000.0,36.45817,-105.67242,2024-01-23 12:46:00,0.0,0,U,0.6
F,A320,EVV UA /OV PXV/TM 0408/FL350/TP A320/TB NEG,NEG,,35000.0,37.93,-87.76,2024-01-07 04:08:00,0.0,0,M,0.8
F,B712,CSG UA /OV CSG/TM 1135/FL220/TP B712/TB CONS LGT CHOP 220 OCNL LGT CHOP 215/RM ZTLFD-09,CONS LGT CHOP 220 OCNL LGT CHOP 215,,22000.0,32.51611,-84.94222,2024-01-01 11:35:00,1.0,0,M,0.8
F,C172,BMC UA /OV OGD340010 /TM 2236 /FL055 /TP C172 /TB LGT CHOP,LGT CHOP,,5500.0,41.35229812266072,-112.08870166108386,2024-01-31 22:36:00,1.0,0,L,0.6
F,PC12,IND UA /OV PXV/TM 0254/FL165/TP PC12/TB INTMT LGT,INTMT LGT,,16500.0,37.93,-87.76,2024-01-10 02:54:00,1.0,0,L,0.6
F,A321,RSW UA /OV LBV040030/TM 2108/FL260/TP A321/TB NEG,NEG,,26000.0,27.21305324639046,-81.0298050365249,2024-01-08 21:08:00,0.0,0,M,0.8
F,B737,ENL UA /OV ENL120045/TM 1321/FL340/TP B737/TB LGT OCNL CHOP/RM ZKCFDC,LGT OCNL CHOP,,34000.0,38.14004962496962,-88.26095735945115,2024-01-23 13:21:00,1.0,0,M,0.8
F,D328,ATL UA /OV CEW360045/TM 1758/FL210/TP D328/TA M21/TB NEG/IC NEG/RM ZTLFD-13,NEG,,21000.0,31.530060750060752,-86.52,2024-01-16 17:58:00,0.0,0,M,0.8
F,E75L,BIV UA /OV PMM090030/TM 2059/FL260/TP E75L/TB OCNL LGT CHOP,OCNL LGT CHOP,,26000.0,42.47,-85.43209937257258,2024-01-28 20:59:00,1.0,0,U,0.6
F,B777,DEN UA /OV RY35L/TM 1249/FL080/TP B777/TB NEG/RM SMOOTH ON FINAL,NEG,,8000.0,39.8328,-104.6575,2024-01-11 12:49:00,0.0,0,H,1.0
F,E75S,CLT UA /OV CLT/TM 1122/FL180/TP E75S/TB LGT/IC NEG/RM ZTLFD,LGT,,18000.0,35.22255,-80.95431,2024-01-09 11:22:00,1.0,0,U,0.6
F,E145,CLT UA /OV CLT360015/TM 1821/FL170/TP E145/TB OCNL LGT CHOP/RM ZTLFD-44,OCNL LGT CHOP,,17000.0,35.47257025002025,-80.95431,2024-01-01 18:21:00,1.0,0,M,0.8
F,B737,GRI UA /OV GRI/TM 0114/FL360/TP B737/TB OCNL LGT,OCNL LGT,,36000.0,40.96754,-98.30964,2024-01-26 01:14:00,1.0,0,M,0.8
F,BE40,TOC UA /OV ODF267041/TM 2008/FL390/TP BE40/TB NEG/RM ZTLFD-40,NEG,,39000.0,34.66423419976925,-84.130088267858,2024-01-26 20:08:00,0.0,0,M,0.8
F,B738,DLL UA /OV DLL/TM 0313/FL340/TP B738/TB NEG/RM SMOOTH,NEG,,34000.0,43.522,-89.771,2024-01-26 03:13:00,0.0,0,M,0.8
F,FA50,RHP UA /OV HRS010020/TM 1436/FL180/TP FA50/WX VMC/TB NEG/RM ZTLFD 49,NEG,,18000.0,35.26829584083999,-83.84938425616025,2024-01-10 14:36:00,0.0,0,M,0.8
F,C208,SCC UA /OV AQT-SCC /TM 2144 /FL040 /TP C208 /SK SKC /WX FV99SM /WV088020KT /TB NEG /IC NEG /RM WV 100057KT 012 DURD NR SCC (AKFSS),NEG,,4000.0,70.195,-149.73000000000002,2024-01-09 21:44:00,0.0,0,L,0.6
F,E75S,GZH UA /OV MVC220020/TM 0006/FL310/TP E75S/TB OCNL LGT CHOP/RM ZTLFD 11,OCNL LGT CHOP,,31000.0,31.194631169073027,-87.60117916466821,2024-01-30 00:06:00,1.0,0,U,0.6
F,A20N,SME UA /OV SME/TM 1402/FL190/TP A20N/TB NEG,NEG,,19000.0,37.05358,-84.61564,2024-01-28 14:02:00,0.0,0,U,0.6
F,B738,MHK UA /OV MHK080030/TM 2119/FL350/TP B738/TB CONT LGT 350 NEG 310/RM ZKCFDC/AF,CONT LGT 350 NEG 310,,35000.0,39.222111121591695,-96.0429076566969,2024-01-09 21:19:00,0.0,0,M,0.8
F,B737,LEX UA /OV FLM080030/TM 1925/FL380/TP B737/TB OCNL LGT CHOP,OCNL LGT CHOP,,38000.0,38.73683112159169,-83.67945062724651,2024-01-06 19:25:00,1.0,0,M,0.8
F,B738,ORL UA /OV ORL36015/TM 1321/FL370/TP B738/TB OCNL LGT CHOP,OCNL LGT CHOP,,37000.0,28.54546,-81.33294,2024-01-20 13:21:00,1.0,0,M,0.8
F,BE33,DOV UA /OV ENO243011 /TM 2103 /FL050 /TP BE33 /SK SKC /WX FV99SM /TA M05 /WV 29064KT /TB NEG /RM SMOOTH,NEG,,5000.0,39.14676166661542,-75.73089799949527,2024-01-11 21:03:00,0.0,0,L,0.6
F,PA30,CHO UA /OV CHO /TM 1845 /FL070 /TP PA30 /SK SCT050 /WX FV05SM HZ /WV 22035KT /TB NEG,NEG,,7000.0,38.13864,-78.45286,2024-01-12 18:45:00,0.0,0,L,0.6
F,B737,LVS UA /OV FTI238032/TM 0104/FL370/TP B737/TB CONS LGT CAT/RM ZAB/FDCS,CONS LGT CAT,,37000.0,35.37735349987385,-105.69671891860288,2024-01-11 01:04:00,1.0,0,M,0.8
F,BE20,LVS UA /OV FTI360015/TM 1107/FL160/TP BE20/TB CONS LGT DURC/RM ZAB/FDCS,CONS LGT DURC,,16000.0,35.910020250020246,-105.14,2024-01-17 11:07:00,1.0,0,M,0.8
F,S22T,SDB UA /OV FIM319015 /TM 1916 /FL085 /TP S22T /SK SKC /WX FV99SM /TA 03 /WV 31040KT /TB LGT CHOP /IC NEG /RM MOUNTAIN WAVE,LGT CHOP,,8500.0,34.548692677939975,-119.07869958665576,2024-01-25 19:16:00,1.0,0,U,0.6
F,H25B,MYGF UA /OV ZFP360120/TM 1633/FL350/TP H25B/TB CONS LGT,CONS LGT,,35000.0,28.500162000162,-78.78,2024-01-31 16:33:00,1.0,0,M,0.8
F,B737,OCF UA /OV OCF270020/TM 1204/FL360/TP B737/TB CONS LGT CHOP,CONS LGT CHOP,,36000.0,29.16363228,-82.60275576129791,2024-01-03 12:04:00,1.0,0,M,0.8
F,B767,POU UA /OV PWL/TM 2246/FL340/TP B767/TB LGT CAT,LGT CAT,,34000.0,41.77,-73.6,2024-01-08 22:46:00,1.0,0,H,1.0
F,A319,MLI UA /OV MZV/TM 1433/FL240/TP A319/TB CONS LGT CHOP,CONS LGT CHOP,,24000.0,41.32,-90.64,2024-01-25 14:33:00,1.0,0,M,0.8
F,737,CSV UA /OV HCH/TM 0129/FL300/TP 737/TB LGT OCNL CHOP/RM ZTLFD-37,LGT OCNL CHOP,,30000.0,35.78,-84.98,2024-01-21 01:29:00,1.0,0,M,0.8
F,A319,MLB UA /OV MLB017044/TM 0008/FL340/TP A319/TB NEG,NEG,,34000.0,28.8040969589322,-80.40217843482732,2024-01-05 00:08:00,0.0,0,M,0.8
F,B190,PSG UA /OV 345050/TM 1845/FL140/TP B190/WX IMC/TB NEG/IC NEG/RM DURC /ZAN/,NEG,,14000.0,56.8,-132.94,2024-01-31 18:45:00,0.0,0,M,0.8
F,B712,GRB UA /OV GRB/TM 1308/FL320/TP B712/TB CONS LGT CHOP,CONS LGT CHOP,,32000.0,44.4794,-88.1367,2024-01-24 13:08:00,1.0,0,M,0.8
F,A320,PBI UA /OV PBI115015/TM 2008/FL130/TP A320/TB LGT CHOP/RM ZMAFD,LGT CHOP,,13000.0,26.579036876536467,-79.84579340167213,2024-01-07 20:08:00,1.0,0,M,0.8
F,C208,CKB UA /OV 2G4/TM 1412/FL070/TP C208/TA 5/WV 32145/TB LGT/IC NEG ICING,LGT,,7000.0,39.5802778,-79.3394167,2024-01-26 14:12:00,1.0,0,L,0.6
F,C680,MBPV UA /OV PVN330140/TM 1953/FL410/TP C680/TB OCNL LGT CHOP/RM ZMAFD,OCNL LGT CHOP,,41000.0,23.790889621128684,-73.51636492833578,2024-01-08 19:53:00,1.0,0,U,0.6
F,E75L,IND UA /OV SHB180010/TM 1255/FL280/TP E75L/TB LGT CHOP,LGT CHOP,,28000.0,39.46331983331984,-85.82,2024-01-07 12:55:00,1.0,0,U,0.6
F,C56X,AVP UA /OV 5 MI NE OF KAVP/TM 1308/FL050/TP C56X/SK OVC045/WX 10SM/TB NONE/IC NONE/RM TOPS 053,NONE,,5000.0,41.33347,-75.72267,2024-01-10 13:08:00,0.0,0,M,0.8
F,E170,SRQ UA /OV SRQ270109/TM 0008/FL300/TP E170/TB NEG/RM ZMAFD,NEG,,30000.0,27.40139,-84.60502268320323,2024-01-08 00:08:00,0.0,0,U,0.6
F,B737,EVV UA /OV PXV/TM 1430/FL350/TP B737/TB CONS LGT CHOP,CONS LGT CHOP,,35000.0,37.93,-87.76,2024-01-03 14:30:00,1.0,0,M,0.8
F,P28R,CGI UA /OV CGI/TM 2158/FL240/TP P28R/SK BASE 026/TB NEG/IC NEG,NEG,,24000.0,37.22532,-89.57075,2024-01-07 21:58:00,0.0,0,L,0.6
F,B737,RWF UA /OV RWF180030/TM 0253/FL380/TP B737/TB CONS LGT CHOP,CONS LGT CHOP,,38000.0,44.0468494999595,-95.082,2024-01-30 02:53:00,1.0,0,M,0.8
F,A21N,MBPV UA /OV PVN310050/TM 2235/FL300/TP A21N/TB NEG,NEG,,30000.0,22.30569972961249,-72.94745097991515,2024-01-29 22:35:00,0.0,0,U,0.6
F,B738,PNT UA /OV PNT360020/TM 2000/FL270/TP B738/TB LGT CHOP 200-270,LGT CHOP 200-270,,27000.0,41.25780033336033,-88.62394,2024-01-12 20:00:00,1.0,0,M,0.8
F,H,LAF UA /OV BVT350020/TM 1504/FL290/TP H/B77L/TB NEG,NEG,,29000.0,40.88829584084,-87.14619517618891,2024-01-28 15:04:00,0.0,0,L,0.6
F,P28A,PNS UA /OV KPNS260001/TM 1523/FL004/TP P28A/SK SKC/WX 10SM/TB NEG,NEG,,400.0,30.47516562928028,-87.20598658327457,2024-01-26 15:23:00,0.0,0,L,0.6
F,A319,PSK UA /OV PSK/TM 2103/FL320/TP A319/TB OCNL LGT CHOP/RM ZTLFD-46,OCNL LGT CHOP,,32000.0,37.13735,-80.67848,2024-01-26 21:03:00,1.0,0,M,0.8
F,C56X,TYS UA /OV VXV/TM 1406/FL430/TP C56X/TB NEG/RM ZTLFD 40,NEG,,43000.0,35.9,-83.89,2024-01-10 14:06:00,0.0,0,M,0.8
F,BE33,OJC UA /OV BUM286021/TM 1335/FL150/TP BE33/WX LGT SN/TB NEG/IC LGT RIME/RM ZKCFDC,NEG,,15000.0,38.3764808888628,-94.76862673725678,2024-01-05 13:35:00,0.0,0,L,0.6
F,C68A,TBN UA /OV MAP070030/TM 1916/FL190/TP C68A/TB LGT CHOP/IC NEG/RM DURD ZKC/FDC/CW,LGT CHOP,,19000.0,37.761023923492495,-91.1970082435922,2024-01-12 19:16:00,1.0,0,U,0.6
F,A20N,LAL UA /OV LAL260005/TM 1156/FL150/TP A20N/TB LGT CHOP,LGT CHOP,,15000.0,27.974448146401382,-82.11150495410737,2024-01-06 11:56:00,1.0,0,U,0.6
F,E170,CEW UA /OV CEW060028/TM 0356/FL340/TP E170/TB LGT,LGT,,34000.0,31.013352233352236,-86.04955444786769,2024-01-28 03:56:00,1.0,0,U,0.6
F,A319,VIH UA /OV VIH090015/TM 1306/FL300/TP A319/TB CONS LGT CHOP OCNL LGT/RM ZKCFDC,CONS LGT CHOP OCNL LGT,,30000.0,38.13,-91.45215549406316,2024-01-26 13:06:00,1.0,0,M,0.8
F,B737,YAK UA /OV YAK273107/TM 1421/FL350/TP B737/TB CONT LGT 350/RM SMOOTH FL370 (ZAN),CONT LGT 350,,35000.0,59.59334001523636,-143.1691605268417,2024-01-26 14:21:00,1.0,0,M,0.8
F,CRJ2,ORD UA /OV ORD090035/TM 0254/FL170/TP CRJ2/TB NEG/IC NEG,NEG,,17000.0,41.98754,-87.14706765780626,2024-01-26 02:54:00,0.0,0,M,0.8
F,B737,ATL UA /OV ATL/TM 1302/FL340/TP B737/TB NEG/RM ZTLFD-22,NEG,,34000.0,33.6301,-84.4418,2024-01-06 13:02:00,0.0,0,M,0.8

