label,issue,expire,fl_low,fl_high,polygon
1E,2020-02-01 00:55:00+00:00,2020-02-01 02:55:00+00:00,0.0,44000.0,"POLYGON ((-83.11217033812774 27.398873183371546, -79.57480338772348 26.488071277098406, -83.14679317876859 24.07469221014595, -84.2713189869526 26.752784623665224, -83.11217033812774 27.398873183371546))"
2E,2020-02-01 01:55:00+00:00,2020-02-01 03:55:00+00:00,0.0,44000.0,"POLYGON ((-83.11217033812774 27.398873183371546, -79.05441703746935 27.05824119087265, -83.14679317876859 24.07469221014595, -84.2713189869526 26.752784623665224, -83.11217033812774 27.398873183371546))"
3E,2020-02-01 02:55:00+00:00,2020-02-01 04:55:00+00:00,0.0,44000.0,"POLYGON ((-83.11217033812774 27.398873183371546, -79.05441703746935 27.05824119087265, -81.28443378291769 24.11856181931795, -83.14679317876859 24.07469221014595, -84.2713189869526 26.752784623665224, -83.11217033812774 27.398873183371546))"
4E,2020-02-01 04:02:00+00:00,2020-02-01 05:55:00+00:00,0.0,45000.0,"POLYGON ((-79.34523527425056 26.678058003974225, -80.28562647000876 24.009448607330512, -82.07870782025289 23.9749247783217, -81.22215560483446 26.528914736607334, -79.34523527425056 26.678058003974225))"
5E,2020-02-01 04:55:00+00:00,2020-02-01 06:55:00+00:00,0.0,45000.0,"POLYGON ((-78.97286876565066 26.675630616850057, -79.444141645063 23.953169938557586, -81.15613847231714 24.00043193986088, -81.0362111198932 26.52807065944123, -78.97286876565066 26.675630616850057))"
6E,2020-02-01 05:55:00+00:00,2020-02-01 07:55:00+00:00,0.0,45000.0,"POLYGON ((-78.78669224824179 26.674052879508793, -79.37559051258955 23.79906199044408, -80.51930286779827 24.58458406935596, -80.64857631903219 26.678907617793083, -78.78669224824179 26.674052879508793))"
FOXTROT 1,2020-02-01 06:45:00+00:00,2020-02-01 10:45:00+00:00,0.0,42000.0,"POLYGON ((-77.45 28.3, -76 27.15, -77.3 24, -80.3 24.3, -79.3 27.3, -77.45 28.3))"
7E,2020-02-01 06:55:00+00:00,2020-02-01 08:55:00+00:00,0.0,45000.0,"POLYGON ((-78.60052127797117 26.672232476280982, -78.41311100046974 25.087780101563755, -79.65078528567945 24.415309580049954, -80.09 26.34726208852722, -78.60052127797117 26.672232476280982))"
8E,2020-02-01 08:55:00+00:00,2020-02-01 10:55:00+00:00,0.0,34000.0,"POLYGON ((-76.3760877890149 34.00143926122657, -75.83063324356037 34.00143926122657, -75.83063324356037 33.455984715772026, -76.3760877890149 33.455984715772026, -76.3760877890149 34.00143926122657))"
9E,2020-02-01 09:55:00+00:00,2020-02-01 11:55:00+00:00,0.0,32000.0,"POLYGON ((-76.04172109787152 34.604780419060575, -75.49626655241698 34.604780419060575, -75.49626655241698 34.05932587360603, -76.04172109787152 34.05932587360603, -76.04172109787152 34.604780419060575))"
YANKEE 1,2020-02-01 09:59:00+00:00,2020-02-01 14:00:00+00:00,0.0,55000.0,"POLYGON ((-160.4 6, -150 5.5, -159.1 2.5, -160.4 6))"
GOLF 1,2020-02-01 10:30:00+00:00,2020-02-01 14:30:00+00:00,0.0,44000.0,"POLYGON ((-83.45 25.45, -83.3 24, -85.45 24, -87.3 24.15, -83.45 25.45))"
10E,2020-02-01 10:55:00+00:00,2020-02-01 12:55:00+00:00,0.0,33000.0,"POLYGON ((-75.64574636143028 34.92720363208193, -75.10029181597575 34.92720363208193, -75.10029181597575 34.38174908662738, -75.64574636143028 34.38174908662738, -75.64574636143028 34.92720363208193))"
YANKEE 2,2020-02-01 13:37:00+00:00,2020-02-01 17:40:00+00:00,0.0,54000.0,"POLYGON ((-148.5 6.4, -150.2 1.2, -155.4 6.4, -148.5 6.4))"
GOLF 2,2020-02-01 13:45:00+00:00,2020-02-01 17:45:00+00:00,0.0,47000.0,"POLYGON ((-83.45 25.3, -83 24, -85.15 24, -83.45 25.3))"
ZULU 1,2020-02-01 13:49:00+00:00,2020-02-01 17:45:00+00:00,25000.0,37000.0,"POLYGON ((-154.5 32.5, -155.1 23.1, -159.1 24.1, -154.5 32.5))"
11E,2020-02-01 13:55:00+00:00,2020-02-01 15:55:00+00:00,0.0,45000.0,"POLYGON ((-82.81730934868862 24.96857646578228, -82.47476600638134 24.33383181731258, -83.48178373253347 23.944023011476602, -83.62951243450199 24.578947725096327, -82.81730934868862 24.96857646578228))"
ZULU 2,2020-02-01 14:11:00+00:00,2020-02-01 17:45:00+00:00,25000.0,37000.0,"POLYGON ((-154.5 32.5, -150.4 32, -155.1 23.1, -159.1 24.1, -154.5 32.5))"
12E,2020-02-01 14:55:00+00:00,2020-02-01 16:55:00+00:00,0.0,45000.0,"POLYGON ((-82.56412362453968 25.82201670001851, -82.57192140532622 23.882195511106563, -82.97904246070244 24.139753076510644, -83.49897002959062 25.217107218672528, -82.56412362453968 25.82201670001851))"
13E,2020-02-01 15:55:00+00:00,2020-02-01 17:55:00+00:00,0.0,27000.0,"POLYGON ((-81.99262924340833 26.068727929460575, -81.78 25.531786265581648, -83.26364094710507 24.582926252780663, -83.49897002959062 25.217107218672528, -81.99262924340833 26.068727929460575))"
14E,2020-02-01 15:55:00+00:00,2020-02-01 17:55:00+00:00,0.0,45000.0,"POLYGON ((-81.78 25.531786265581648, -81.8 23.924524177054433, -82.97904246070244 24.139753076510644, -83.26364094710507 24.582926252780663, -81.78 25.531786265581648))"
16E,2020-02-01 16:55:00+00:00,2020-02-01 18:55:00+00:00,0.0,45000.0,"POLYGON ((-81.78 25.531786265581648, -81.5212921797471 23.9749247783217, -82.97904246070244 24.139753076510644, -83.26364094710507 24.582926252780663, -81.78 25.531786265581648))"
15E,2020-02-01 16:55:00+00:00,2020-02-01 18:55:00+00:00,0.0,29000.0,"POLYGON ((-81.99262924340833 26.068727929460575, -81.78 25.531786265581648, -83.08069713220173 24.58458406935596, -82.84290201139846 25.527518179151137, -81.99262924340833 26.068727929460575))"
YANKEE 3,2020-02-01 17:19:00+00:00,2020-02-01 21:20:00+00:00,0.0,54000.0,"POLYGON ((-147.4 7.2, -148 3.1, -156.5 1.3, -156.2 6.1, -147.4 7.2))"
ZULU 3,2020-02-01 17:45:00+00:00,2020-02-01 21:45:00+00:00,25000.0,37000.0,"POLYGON ((-157.1 29.5, -150 29.5, -153.4 22, -160.2 24, -157.1 29.5))"
BRAVO 1,2020-02-01 17:50:00+00:00,2020-02-01 21:50:00+00:00,28000.0,40000.0,"POLYGON ((-148.3 38.3, -146.45 35.3, -150.15 33, -151.3 30, -156.15 30, -154.3 35, -148.3 38.3))"
18E,2020-02-01 17:55:00+00:00,2020-02-01 19:55:00+00:00,0.0,38000.0,"POLYGON ((-81.58916954863697 25.050967532639838, -81.5212921797471 23.9749247783217, -82.97904246070244 24.139753076510644, -82.71479658550999 24.587236694214244, -81.58916954863697 25.050967532639838))"
17E,2020-02-01 17:55:00+00:00,2020-02-01 19:55:00+00:00,0.0,33000.0,"POLYGON ((-81.78 25.80714530289553, -81.6168826323132 24.99058746653026, -82.43595521946976 24.588664534222602, -82.83139932814554 24.9737553597421, -81.78 25.80714530289553))"
20E,2020-02-01 18:55:00+00:00,2020-02-01 20:55:00+00:00,0.0,39000.0,"POLYGON ((-80.95267343652286 24.905958970233517, -79.37160440807766 24.97370270455796, -81.5212921797471 23.9749247783217, -82.57192140532622 23.882195511106563, -81.92949549522389 24.707585214325174, -80.95267343652286 24.905958970233517))"
19E,2020-02-01 18:55:00+00:00,2020-02-01 20:55:00+00:00,0.0,33000.0,"POLYGON ((-81.49686748526675 25.914901466215348, -81.13132408181599 25.479191370833874, -82.01083045136302 25.050967532639838, -82.20358956357671 25.607146818438366, -81.49686748526675 25.914901466215348))"
21E,2020-02-01 19:55:00+00:00,2020-02-01 21:55:00+00:00,0.0,32000.0,"POLYGON ((-79.91788375159032 26.743562906920147, -78.92007418187025 25.284354710145234, -81.02807859467377 23.882195511106563, -82.07870782025289 23.9749247783217, -81.8 25.421844778681965, -79.91788375159032 26.743562906920147))"
23E,2020-02-01 19:55:00+00:00,2020-02-01 21:55:00+00:00,0.0,25000.0,"POLYGON ((-78.54434037361925 31.629408930414026, -78.18070400998288 31.629408930414026, -78.18070400998288 31.26577256677766, -78.54434037361925 31.26577256677766, -78.54434037361925 31.629408930414026))"
22E,2020-02-01 19:55:00+00:00,2020-02-01 21:55:00+00:00,0.0,42000.0,"POLYGON ((-77.10391845730614 27.849021877094895, -77.03862973226778 27.65997854242565, -77.79877392275802 27.397452253787947, -77.86406264779637 27.58649558845719, -77.10391845730614 27.849021877094895))"
24E,2020-02-01 20:55:00+00:00,2020-02-01 22:55:00+00:00,0.0,28000.0,"POLYGON ((-79.91807585821556 26.616229889307714, -78.92007418187025 25.284354710145234, -80.62095753929755 24.139753076510644, -82.00928316919587 24.12874107566225, -81.37674800908502 25.511635231589047, -79.91807585821556 26.616229889307714))"
25E,2020-02-01 20:55:00+00:00,2020-02-01 22:55:00+00:00,0.0,25000.0,"POLYGON ((-76.88793019501988 32.342563492319755, -77.77603544266513 30.927212465323862, -78.48228792066723 30.214796034030904, -78.48059817118452 31.551344910482587, -76.88793019501988 32.342563492319755))"
YANKEE 4,2020-02-01 20:58:00+00:00,2020-02-02 01:00:00+00:00,0.0,54000.0,"POLYGON ((-147.4 7.2, -147.3 3.2, -153 3.2, -153 6, -147.4 7.2))"
HOTEL 1,2020-02-01 21:05:00+00:00,2020-02-02 01:05:00+00:00,0.0,45000.0,"POLYGON ((-72.3 30, -70.3 29, -78.45 24.45, -78.45 27, -72.3 30))"
ZULU 4,2020-02-01 21:18:00+00:00,2020-02-02 01:20:00+00:00,28000.0,40000.0,"POLYGON ((-156 30, -150 30, -154.1 21, -158.4 23.2, -156 30))"
BRAVO 2,2020-02-01 21:35:00+00:00,2020-02-02 01:35:00+00:00,28000.0,40000.0,"POLYGON ((-147 39.15, -146 35.45, -149.15 32.3, -150 30, -155.3 30.15, -153.15 35.15, -147 39.15))"
26E,2020-02-01 21:55:00+00:00,2020-02-01 23:55:00+00:00,0.0,28000.0,"POLYGON ((-80.62107881325234 25.672269089729642, -80.13893324849997 25.49252228283299, -80.28562647000876 24.009448607330512, -82.07870782025289 23.9749247783217, -80.62107881325234 25.672269089729642))"
27E,2020-02-01 22:55:00+00:00,2020-02-02 00:55:00+00:00,0.0,34000.0,"POLYGON ((-79.42409088974877 26.115825326589476, -79.5128567803571 24.10724738331726, -80.4532068212314 24.07469221014595, -80.01918559080688 25.564486356748745, -79.42409088974877 26.115825326589476))"
28E,2020-02-01 23:55:00+00:00,2020-02-02 01:55:00+00:00,0.0,34000.0,"POLYGON ((-79.15598479856006 25.79567974016229, -79.55225447247375 24.19540677724495, -80.33759526335336 24.02970807451807, -79.71469912994253 25.28777385273359, -79.15598479856006 25.79567974016229))"
HOTEL 2,2020-02-02 00:35:00+00:00,2020-02-02 04:35:00+00:00,0.0,41000.0,"POLYGON ((-75.45 28, -77.45 23.45, -79 24.45, -78.45 26.45, -75.45 28))"
1E,2020-02-02 00:55:00+00:00,2020-02-02 02:55:00+00:00,0.0,34000.0,"POLYGON ((-79.2658955441542 24.876451759036772, -78.93125396767343 24.567083737025875, -79.4924509577848 24.061533925315096, -79.67223960418944 24.463082130579462, -79.2658955441542 24.876451759036772))"
ZULU 5,2020-02-02 01:02:00+00:00,2020-02-02 05:05:00+00:00,28000.0,40000.0,"POLYGON ((-154.4 30, -150 29.5, -154.1 21, -158.1 23, -154.4 30))"
BRAVO 3,2020-02-02 01:15:00+00:00,2020-02-02 05:15:00+00:00,28000.0,40000.0,"POLYGON ((-146.3 38.3, -145.45 35.3, -149.15 32.3, -150 30, -154.45 30, -152.15 35, -146.3 38.3))"
ZULU 6,2020-02-02 01:48:00+00:00,2020-02-02 05:50:00+00:00,28000.0,40000.0,"POLYGON ((-154.4 30, -149.5 30, -152.4 20.4, -160.5 18.3, -161.4 21.3, -154.4 30))"
HOTEL 3,2020-02-02 02:00:00+00:00,2020-02-02 06:00:00+00:00,0.0,41000.0,"POLYGON ((-74.3 28.45, -73.45 27.3, -77.45 23.45, -79 24.45, -78.45 26.45, -74.3 28.45))"
HOTEL 4,2020-02-02 03:50:00+00:00,2020-02-02 07:50:00+00:00,0.0,44000.0,"POLYGON ((-71 30, -70.45 28.3, -77.3 24.45, -78 26.3, -71 30))"
CHARLIE 1,2020-02-02 04:15:00+00:00,2020-02-02 08:15:00+00:00,30000.0,38000.0,"POLYGON ((-140.15 44.3, -138 43.15, -137.15 40.15, -140.3 38.15, -143 40.45, -140.15 44.3))"
ZULU 7,2020-02-02 04:16:00+00:00,2020-02-02 08:15:00+00:00,28000.0,40000.0,"POLYGON ((-146.5 30, -160 19.5, -153.1 29.5, -146.5 30))"
BRAVO 4,2020-02-02 04:30:00+00:00,2020-02-02 08:30:00+00:00,28000.0,40000.0,"POLYGON ((-146 38.15, -144.15 35.3, -148.3 30, -153.45 30, -150.45 34.3, -146 38.15))"
INDIA 1,2020-02-02 05:40:00+00:00,2020-02-02 09:40:00+00:00,28000.0,45000.0,"POLYGON ((-55.15 44.3, -52 42.15, -48 37.45, -52.45 34.3, -57.15 38.3, -63.15 42.45, -55.15 44.3))"
HOTEL 5,2020-02-02 07:35:00+00:00,2020-02-02 11:35:00+00:00,0.0,42000.0,"POLYGON ((-67.3 31.45, -65.45 30, -73.45 25.15, -76.3 26, -67.3 31.45))"
BRAVO 5,2020-02-02 07:40:00+00:00,2020-02-02 11:40:00+00:00,24000.0,36000.0,"POLYGON ((-144.3 38.3, -141 35.3, -146.45 30, -153 29.45, -149 35.15, -144.3 38.3))"
CHARLIE 2,2020-02-02 07:40:00+00:00,2020-02-02 11:40:00+00:00,29000.0,39000.0,"POLYGON ((-135 46, -132.15 39.45, -139 36.3, -142.3 40, -139.3 45.3, -135 46))"
ZULU 8,2020-02-02 07:45:00+00:00,2020-02-02 11:40:00+00:00,28000.0,40000.0,"POLYGON ((-147.2 30, -152 21.1, -157 23.1, -152.1 30, -147.2 30))"
INDIA 2,2020-02-02 09:25:00+00:00,2020-02-02 13:25:00+00:00,23000.0,36000.0,"POLYGON ((-53 45, -48.45 44.45, -46.3 41.15, -44.15 35.45, -48 34.3, -58.3 43.3, -53 45))"
HOTEL 7,2020-02-02 09:30:00+00:00,2020-02-02 13:30:00+00:00,0.0,43000.0,"POLYGON ((-70.45 29, -69 28.15, -74.15 23.45, -75.3 25, -70.45 29))"
CHARLIE 3,2020-02-02 11:20:00+00:00,2020-02-02 15:20:00+00:00,29000.0,39000.0,"POLYGON ((-133 43.15, -129 40.45, -134.3 35.45, -138 37.45, -133 43.15))"
ZULU 9,2020-02-02 11:20:00+00:00,2020-02-02 15:20:00+00:00,28000.0,38000.0,"POLYGON ((-151 30, -150.5 22.1, -154.4 23, -151 30))"
HOTEL 8,2020-02-02 12:45:00+00:00,2020-02-02 16:45:00+00:00,0.0,41000.0,"POLYGON ((-63.45 33.15, -61.3 32.15, -71.3 24.3, -73 25.15, -63.45 33.15))"
DELTA 1,2020-02-02 13:25:00+00:00,2020-02-02 17:25:00+00:00,0.0,38000.0,"POLYGON ((-140.45 37, -139.3 33.3, -146.15 30, -151 30, -144.15 36, -140.45 37))"
CHARLIE 4,2020-02-02 15:15:00+00:00,2020-02-02 19:15:00+00:00,0.0,39000.0,"POLYGON ((-130.45 44.15, -127 39.45, -126.3 38.3, -130.3 35.45, -133.15 37, -131 40.45, -130.45 44.15))"
HOTEL 9,2020-02-02 15:30:00+00:00,2020-02-02 19:30:00+00:00,0.0,45000.0,"POLYGON ((-63 34, -59.3 32.15, -64.15 27, -69.15 25, -71 25, -68 29.15, -63 34))"
CHARLIE 5,2020-02-02 18:50:00+00:00,2020-02-02 22:50:00+00:00,0.0,41000.0,"POLYGON ((-128.15 42.15, -126.45 41.45, -127 39.45, -125 37, -127.3 36.45, -129.3 39.45, -128.15 42.15))"
HOTEL 10,2020-02-02 19:00:00+00:00,2020-02-02 23:00:00+00:00,0.0,45000.0,"POLYGON ((-58 34, -56.15 32.45, -60 29, -64.3 26.3, -66.45 26, -64.3 30, -58 34))"
ECHO 1,2020-02-02 20:45:00+00:00,2020-02-03 00:45:00+00:00,0.0,41000.0,"POLYGON ((-156.3 49.15, -145 48.3, -143 42, -158.15 38.15, -166.15 43.45, -156.3 49.15))"
HOTEL 11,2020-02-02 20:50:00+00:00,2020-02-03 00:50:00+00:00,0.0,45000.0,"POLYGON ((-55.45 33.45, -56.15 32, -63.15 26.15, -66.3 25.3, -66.15 27, -58.15 33.45, -55.45 33.45))"
ECHO 2,2020-02-03 00:45:00+00:00,2020-02-03 04:45:00+00:00,26000.0,41000.0,"POLYGON ((-156.3 48.45, -144.45 48, -142 39.45, -156.15 35.45, -163 42.45, -156.3 48.45))"
HOTEL 12,2020-02-03 00:50:00+00:00,2020-02-03 04:50:00+00:00,0.0,43000.0,"POLYGON ((-57 31.15, -55 30.3, -61.45 24.15, -63.45 25.15, -57 31.15))"
HOTEL 13,2020-02-03 04:50:00+00:00,2020-02-03 08:50:00+00:00,0.0,40000.0,"POLYGON ((-55 31.3, -51.15 31.15, -59 25.15, -60.45 26, -55 31.3))"
NOVEMBER 1,2020-02-03 06:36:00+00:00,2020-02-03 10:40:00+00:00,0.0,39000.0,"POLYGON ((-148.2 23, -147 20.3, -150 19.2, -151.3 22.3, -148.2 23))"
HOTEL 14,2020-02-03 08:50:00+00:00,2020-02-03 12:50:00+00:00,0.0,41000.0,"POLYGON ((-51.15 32.45, -49 32.3, -54.15 27.15, -56.3 27.45, -51.15 32.45))"
NOVEMBER 2,2020-02-03 09:48:00+00:00,2020-02-03 13:50:00+00:00,0.0,39000.0,"POLYGON ((-148.4 22.5, -147 20, -150 18.5, -151.2 22.1, -148.4 22.5))"
HOTEL 15,2020-02-03 12:30:00+00:00,2020-02-03 16:30:00+00:00,0.0,39000.0,"POLYGON ((-49.15 32.45, -47.15 32.3, -53 26.45, -55.15 27.15, -49.15 32.45))"
OSCAR 1,2020-02-03 19:52:00+00:00,2020-02-03 23:55:00+00:00,0.0,56000.0,"POLYGON ((134.4 11.3, 136.1 10.3, 137.3 7.4, 134.4 6.5, 133.5 8.4, 134.4 11.3))"
OSCAR 2,2020-02-03 22:22:00+00:00,2020-02-04 02:25:00+00:00,0.0,57000.0,"POLYGON ((134.1 12.3, 138.5 11.3, 135.3 11.1, 135 9.1, 132.3 9.3, 132.5 11, 134.1 12.3))"
1C,2020-02-03 23:55:00+00:00,2020-02-04 01:55:00+00:00,0.0,29000.0,"POLYGON ((-100.99838575502042 30.898270541117668, -100.90513385722697 29.477572515604546, -103.00412631278763 29.473114417271137, -102.83200137390558 30.64250592863918, -100.99838575502042 30.898270541117668))"
1C,2020-02-04 03:55:00+00:00,2020-02-04 05:55:00+00:00,0.0,31000.0,"POLYGON ((-101.35697784912233 33.50776740753798, -99.29455446645635 33.39978538573632, -99.93534356469321 32.326272679167694, -101.09787813297265 32.38732440247264, -101.35697784912233 33.50776740753798))"
2C,2020-02-04 04:55:00+00:00,2020-02-04 06:55:00+00:00,0.0,32000.0,"POLYGON ((-101.42743468253245 33.865037105473995, -98.95855274603603 33.6827687637044, -99.38587799112418 32.31313634842084, -100.71687197266715 32.477097385483304, -101.42743468253245 33.865037105473995))"
JULIETT 1,2020-02-04 05:41:00+00:00,2020-02-04 09:41:00+00:00,0.0,49000.0,"POLYGON ((-40 35, -40.15 31.15, -44.45 23.3, -50 21.3, -50.45 26.3, -40 35))"
3C,2020-02-04 05:55:00+00:00,2020-02-04 07:55:00+00:00,0.0,35000.0,"POLYGON ((-102.07064844299543 33.75522095896261, -100.950453882455 33.36433806124211, -100.6540955215955 32.75413302977831, -102.23994870501946 33.03172998319868, -102.07064844299543 33.75522095896261))"
5C,2020-02-04 06:55:00+00:00,2020-02-04 08:55:00+00:00,0.0,32000.0,"POLYGON ((-97.57208997512215 34.43714872638745, -97.11754452057669 34.43714872638745, -97.11754452057669 33.982603271841995, -97.57208997512215 33.982603271841995, -97.57208997512215 34.43714872638745))"
4C,2020-02-04 06:55:00+00:00,2020-02-04 08:55:00+00:00,0.0,40000.0,"POLYGON ((-101.91 33.7, -100.19038305220698 33.147399759721594, -100.46938313466951 32.989668983335854, -102.27731836324418 33.39277474316051, -101.91 33.7))"
6C,2020-02-04 07:55:00+00:00,2020-02-04 09:55:00+00:00,0.0,30000.0,"POLYGON ((-101.05572615598076 34.23282922373691, -100.51027161052623 34.23282922373691, -100.51027161052623 33.68737467828236, -101.05572615598076 33.68737467828236, -101.05572615598076 34.23282922373691))"
7C,2020-02-04 07:55:00+00:00,2020-02-04 09:55:00+00:00,,,"POLYGON ((-94.17909469550008 36.16321421066664, -95.54546035059545 34.9168766723832, -96.93694480628899 34.2768802660959, -94.06090530449993 36.00187212733123, -95.5281515575955 34.92705681866727, -97.02051661128927 34.45858264199946, -95.62903215559572 35.09857904828676, -95.64634094859566 35.08839890200269, -94.17909469550008 36.16321421066664))"
PAPA 1,2020-02-04 08:14:00+00:00,2020-02-04 12:14:00+00:00,0.0,58000.0,"POLYGON ((133 10.4, 136.2 8.1, 134.3 6.3, 131.2 8.1, 133 10.4))"
8C,2020-02-04 08:55:00+00:00,2020-02-04 10:55:00+00:00,,,"POLYGON ((-93.94346680768007 36.39578528585636, -94.42716664495813 35.45477256417499, -95.8876191676881 34.87537223588895, -93.78439536533881 36.27455708686176, -94.38450753971836 35.48711068464843, -95.9613723995498 35.06127667583041, -94.50091987681984 35.64067700411646, -94.54357898205961 35.60833888364303, -93.94346680768007 36.39578528585636))"
JULIETT 2,2020-02-04 09:27:00+00:00,2020-02-04 13:27:00+00:00,0.0,49000.0,"POLYGON ((-40 33.45, -40 30.45, -44.3 23, -49 21.15, -49.45 26.15, -40 33.45))"
9C,2020-02-04 09:55:00+00:00,2020-02-04 11:55:00+00:00,,,"POLYGON ((-91.11300834305725 36.51924481641112, -93.93173685727704 36.41385978101817, -93.94142691738702 36.41302418663621, -95.65691203826756 36.18059539577646, -93.9242645904511 36.21399941669227, -91.1055360762313 36.31938445208522, -95.63005965122167 35.98240622021448, -93.91457453034113 36.21483501107424, -91.11300834305725 36.51924481641112))"
10C,2020-02-04 10:55:00+00:00,2020-02-04 12:55:00+00:00,,,"POLYGON ((-90.69730506916272 37.61885499911801, -93.26170838365023 37.30451990317638, -93.3182992738641 37.27787416333167, -94.3271895501099 36.32253162721735, -93.23737524222751 37.10600567641038, -90.67297192774001 37.42034077235201, -94.18967462825945 36.17730888014078, -93.18078435201365 37.13265141625509, -90.69730506916272 37.61885499911801))"
PAPA 2,2020-02-04 11:50:00+00:00,2020-02-04 15:50:00+00:00,0.0,57000.0,"POLYGON ((132.4 10.1, 139.5 8.3, 143.4 9.4, 143.4 5.5, 132.1 8, 132.4 10.1))"
JULIETT 3,2020-02-04 12:01:00+00:00,2020-02-04 16:01:00+00:00,0.0,49000.0,"POLYGON ((-40 33, -40 29.45, -43 23.15, -47.3 22, -47 26.45, -40 33))"
PAPA 3,2020-02-04 15:15:00+00:00,2020-02-04 19:15:00+00:00,0.0,58000.0,"POLYGON ((133.4 10.2, 138.4 9.3, 144.2 10, 146.3 5.2, 132.5 7.1, 133.4 10.2))"
JULIETT 4,2020-02-04 15:40:00+00:00,2020-02-04 19:40:00+00:00,0.0,45000.0,"POLYGON ((-40 32.15, -40 26, -41.3 24.15, -45.3 22.3, -48.15 24.45, -40 32.15))"
ECHO 1,2020-02-04 17:00:00+00:00,2020-02-04 21:00:00+00:00,0.0,56000.0,"POLYGON ((-140 9.45, -136.45 7, -131.3 6.15, -130.15 4.15, -140 4.15, -140 9.45))"
QUEBEC 1,2020-02-04 18:48:00+00:00,2020-02-04 22:50:00+00:00,0.0,55000.0,"POLYGON ((154.5 3, 160 2.5, 155 0, 154.5 3))"
PAPA 4,2020-02-04 19:05:00+00:00,2020-02-04 23:05:00+00:00,0.0,55000.0,"POLYGON ((132.3 10.3, 143.2 9.2, 132 6.4, 132.3 10.3))"
JULIETT 5,2020-02-04 19:25:00+00:00,2020-02-04 23:25:00+00:00,0.0,44000.0,"POLYGON ((-40 30.15, -40 26, -41.3 24.15, -47 22.45, -47.3 24, -40 30.15))"
ECHO 2,2020-02-04 21:10:00+00:00,2020-02-05 01:10:00+00:00,0.0,50000.0,"POLYGON ((-140 9.45, -131.3 6.15, -132.3 4, -140 4.15, -140 9.45))"
11C,2020-02-04 21:55:00+00:00,2020-02-04 23:55:00+00:00,0.0,38000.0,"POLYGON ((-92.4153243730081 34.803780742265005, -92.26973561338244 34.666653381498975, -93.86919541915177 32.968499432555255, -94.01478417877743 33.105626793321285, -92.4153243730081 34.803780742265005))"
13C,2020-02-04 23:06:00+00:00,2020-02-05 00:55:00+00:00,0.0,27000.0,"POLYGON ((-101.1714174272126 32.93164284002876, -100.2623265181217 32.93164284002876, -100.2623265181217 32.02255193093785, -101.1714174272126 32.02255193093785, -101.1714174272126 32.93164284002876))"
12C,2020-02-04 23:06:00+00:00,2020-02-05 00:55:00+00:00,0.0,36000.0,"POLYGON ((-92.0045171989616 34.951727582350216, -91.85700282012215 34.81667385957438, -93.67034742596138 32.83602202966338, -93.81786180480083 32.97107575243922, -92.0045171989616 34.951727582350216))"
14C,2020-02-04 23:55:00+00:00,2020-02-05 01:55:00+00:00,0.0,34000.0,"POLYGON ((-91.43679956311064 35.02370836615293, -91.29356459341142 34.88412418561923, -93.26095454163884 32.86527764768456, -93.40418951133806 33.00486182821826, -91.43679956311064 35.02370836615293))"
1C,2020-02-05 00:55:00+00:00,2020-02-05 02:55:00+00:00,,,"POLYGON ((-90.3096626458661 35.1018406945261, -92.45019301521482 33.37249020391145, -93.70598916632093 32.58221405897281, -90.19560809069225 34.93754961611923, -92.44642725982946 33.37498041514937, -93.81251221072407 32.75148555985552, -92.55671605961795 33.54176170479416, -92.56048181500331 33.53927149355624, -90.3096626458661 35.1018406945261))"
ECHO 3,2020-02-05 01:10:00+00:00,2020-02-05 05:10:00+00:00,0.0,50000.0,"POLYGON ((-135.45 9, -132.3 5, -140 4.15, -140 7.15, -135.45 9))"
3C,2020-02-05 01:55:00+00:00,2020-02-05 03:55:00+00:00,0.0,35000.0,"POLYGON ((-103.72773069111052 30.760926845791154, -102.433994757914 30.478289694691373, -102.46607336090584 29.873048685196448, -103.36730441863041 29.069070318372592, -103.72773069111052 30.760926845791154))"
2C,2020-02-05 01:55:00+00:00,2020-02-05 03:55:00+00:00,,,"POLYGON ((-89.98207833333696 35.20709498173996, -92.55776545763996 33.54109216151062, -92.57579693749261 33.52616635666342, -94.81729124885946 31.17746801750925, -92.44914361719282 33.37315974719499, -89.87345649288982 35.03916256742433, -94.67260644870701 31.03938721288802, -92.43111213734016 33.38808555204219, -89.98207833333696 35.20709498173996))"
5C,2020-02-05 02:55:00+00:00,2020-02-05 04:55:00+00:00,0.0,30000.0,"POLYGON ((-99.43998739303457 32.83222496003222, -98.95219480377689 32.15840686504874, -103.43936785031084 29.223074664958702, -104.30650980273808 30.42685014830444, -99.43998739303457 32.83222496003222))"
4C,2020-02-05 02:55:00+00:00,2020-02-05 04:55:00+00:00,,,"POLYGON ((-89.28823131294145 35.95336644948672, -92.07203142982581 34.45858392426262, -92.10162713389607 34.43440291195746, -94.70457690248094 31.3028283218134, -91.97741697147296 34.28237920165112, -89.1936168545886 35.77716172687521, -94.55077103598757 31.17498562381222, -91.9478212674027 34.30656021395628, -89.28823131294145 35.95336644948672))"
6C,2020-02-05 03:55:00+00:00,2020-02-05 05:55:00+00:00,,,"POLYGON ((-89.28823131294145 35.95336644948672, -92.07203142982581 34.45858392426262, -92.10949336413196 34.42353049246977, -92.90127064526519 33.15831555971913, -91.97741697147296 34.28237920165112, -89.1936168545886 35.77716172687521, -92.73173231830003 33.05221770069332, -91.93995503716681 34.31743263344396, -89.28823131294145 35.95336644948672))"
7C,2020-02-05 03:55:00+00:00,2020-02-05 05:55:00+00:00,0.0,34000.0,"POLYGON ((-98.92104237309377 33.32172515872774, -98.14831372914342 32.47783499360039, -102.26934998960621 30.33469283523682, -103.04460049601968 31.083550070866256, -98.92104237309377 33.32172515872774))"
9C,2020-02-05 04:55:00+00:00,2020-02-05 06:55:00+00:00,0.0,32000.0,"POLYGON ((-99.15441562620227 33.51814707253503, -98.22843508842287 32.864381406522625, -100.17374547625303 31.60498530244947, -101.04325951123346 32.47446493334528, -99.15441562620227 33.51814707253503))"
8C,2020-02-05 04:55:00+00:00,2020-02-05 06:55:00+00:00,0.0,37000.0,"POLYGON ((-88.55643869172971 35.82113297319932, -88.43797696432932 35.65999074055586, -91.81632706803019 33.17643827586347, -91.93478879543058 33.337580508506925, -88.55643869172971 35.82113297319932))"
10C,2020-02-05 05:55:00+00:00,2020-02-05 07:55:00+00:00,0.0,37000.0,"POLYGON ((-89.98 34.68726208852721, -89.89499523901863 34.2279306828508, -90.17555914256289 32.58368232859892, -91.01373541497497 32.745037359051025, -91.13302933173134 34.1629287037221, -89.98 34.68726208852721))"
11C,2020-02-05 05:55:00+00:00,2020-02-05 07:55:00+00:00,0.0,31000.0,"POLYGON ((-98.9602037808315 33.862112117463354, -98.20948621722326 33.2208886067065, -100.45 31.37, -100.08758671936191 32.94091005379595, -98.9602037808315 33.862112117463354))"
13C,2020-02-05 06:55:00+00:00,2020-02-05 08:55:00+00:00,0.0,29000.0,"POLYGON ((-99.86 32.48, -99.41172469265085 31.55697504783061, -100.81982898076103 30.600944743093184, -101.82696595219117 32.13681644489905, -99.86 32.48))"
12C,2020-02-05 06:55:00+00:00,2020-02-05 08:55:00+00:00,0.0,40000.0,"POLYGON ((-89.84532758022522 34.75279327665285, -89.2033903426067 33.48806919222871, -89.63326529222525 31.51977834549802, -92.67205185944219 32.29711938969625, -89.84532758022522 34.75279327665285))"
15C,2020-02-05 07:55:00+00:00,2020-02-05 09:55:00+00:00,0.0,30000.0,"POLYGON ((-100.22519284524951 31.830918703017723, -99.86545039907723 31.368674640918357, -100.70992921008472 30.278638148145525, -101.03454960092276 31.368674640918357, -100.22519284524951 31.830918703017723))"
14C,2020-02-05 07:55:00+00:00,2020-02-05 09:55:00+00:00,0.0,40000.0,"POLYGON ((-89.27388502271297 35.0179551114764, -88.83071850936432 33.60023685936897, -89.61772044711783 32.02017219119556, -92.35719627724421 32.630251888252296, -89.27388502271297 35.0179551114764))"
16C,2020-02-05 08:55:00+00:00,2020-02-05 10:55:00+00:00,0.0,40000.0,"POLYGON ((-88.61704676163279 35.08681842954281, -87.94267446543093 33.959271652571935, -89.16452037914094 32.50680898743518, -90.65462072954486 31.958221440750243, -92.04 33.01910686720918, -88.61704676163279 35.08681842954281))"
17C,2020-02-05 08:55:00+00:00,2020-02-05 10:55:00+00:00,0.0,25000.0,"POLYGON ((-96.05272727272728 34.5444435150437, -95.50727272727275 34.5444435150437, -95.50727272727275 33.998988969589156, -96.05272727272728 33.998988969589156, -96.05272727272728 34.5444435150437))"
18C,2020-02-05 09:55:00+00:00,2020-02-05 11:55:00+00:00,0.0,41000.0,"POLYGON ((-84.46748453495468 35.42805227141489, -87.94267446543093 33.959271652571935, -90.42081911478762 33.34227975861782, -89.97255235250029 34.07444073110409, -88.21067442012458 35.296086248612134, -84.46748453495468 35.42805227141489))"
19C,2020-02-05 09:55:00+00:00,2020-02-05 11:55:00+00:00,0.0,40000.0,"POLYGON ((-88.48198707624522 33.44882285721213, -88.40554055448325 33.26400962903163, -90.37865471373019 32.44784665196178, -90.45510123549215 32.632659880142285, -88.48198707624522 33.44882285721213))"
20C,2020-02-05 10:55:00+00:00,2020-02-05 12:55:00+00:00,0.0,41000.0,"POLYGON ((-83.47923599131404 35.899300617197504, -85.75899189769076 34.95848012104866, -91.47645738213365 33.454253637344074, -91.4697544847365 34.089732798434284, -87.25921558958264 35.66804004464822, -83.47923599131404 35.899300617197504))"
21C,2020-02-05 10:55:00+00:00,2020-02-05 12:55:00+00:00,,,"POLYGON ((-86.72793747819732 33.8329629080578, -88.45704016135426 33.58900128833834, -88.49489815034354 33.57550264670676, -90.1518287633901 32.57133958027277, -88.42909861255262 33.39096273186368, -86.69999592939568 33.63492435158314, -90.04817123660989 32.40029830706127, -88.39124062356333 33.40446137349526, -86.72793747819732 33.8329629080578))"
27C,2020-02-05 12:55:00+00:00,2020-02-05 14:55:00+00:00,0.0,40000.0,"POLYGON ((-89.84540850142082 31.65225625372726, -89.0485046770977 31.316386786392243, -90 30.349106867209183, -90.88899242003411 30.8322775347312, -89.84540850142082 31.65225625372726))"
25C,2020-02-05 12:55:00+00:00,2020-02-05 14:55:00+00:00,0.0,30000.0,"POLYGON ((-91.1544032115665 35.70912768372638, -90.95458758309435 34.684150070406005, -92.18 34.535429060579105, -92.18 35.40285469710447, -91.1544032115665 35.70912768372638))"
26C,2020-02-05 12:55:00+00:00,2020-02-05 14:55:00+00:00,0.0,39000.0,"POLYGON ((-87.84173356328033 34.70949463319419, -83.5480717366719 34.49529428123557, -90.57560808976149 32.59508149655363, -90.91876156050824 33.237061590719705, -87.84173356328033 34.70949463319419))"
28C,2020-02-05 12:55:00+00:00,2020-02-05 14:55:00+00:00,0.0,29000.0,"POLYGON ((-100.45 31.37, -100.177432374652 30.90619285961957, -101.15391416035597 30.160847003883294, -101.16373061535499 30.754660389724044, -100.45 31.37))"
FOXTROT 1,2020-02-05 13:15:00+00:00,2020-02-05 17:15:00+00:00,0.0,42000.0,"POLYGON ((-122.45 18.3, -120 16.45, -128.45 13, -135 7.45, -138.3 9.15, -131 16, -122.45 18.3))"
GOLF 1,2020-02-05 13:20:00+00:00,2020-02-05 17:20:00+00:00,0.0,48000.0,"POLYGON ((-126.3 9.15, -120 8.3, -120 5.15, -128 7, -132.15 5.15, -133.15 7.15, -126.3 9.15))"
29C,2020-02-05 13:55:00+00:00,2020-02-05 15:55:00+00:00,0.0,34000.0,"POLYGON ((-90.56887264573035 36.236730116465964, -90.99570825666942 35.01576881035552, -93.3938070678112 34.67398381205481, -92.18 35.67821373441835, -90.56887264573035 36.236730116465964))"
30C,2020-02-05 13:55:00+00:00,2020-02-05 15:55:00+00:00,0.0,37000.0,"POLYGON ((-86.91428885410875 35.179210967045584, -87.05355002086738 33.97731489692558, -90.05226439129581 32.99867694333922, -90.67883479140566 33.45936148209672, -86.91428885410875 35.179210967045584))"
31C,2020-02-05 13:55:00+00:00,2020-02-05 15:55:00+00:00,0.0,40000.0,"POLYGON ((-88.38045922709229 32.7322276438874, -87.89318844675336 32.058419402958876, -89.87058799212693 31.29941256508346, -89.94965080096186 32.122500913341504, -88.38045922709229 32.7322276438874))"
1E,2020-02-05 13:55:00+00:00,2020-02-05 15:55:00+00:00,0.0,34000.0,"POLYGON ((-84.54770640145541 35.6769055099082, -82.7724661070886 34.69886335595646, -87.03336859831062 33.93706070001702, -86.99009592218168 35.117889110988436, -84.54770640145541 35.6769055099082))"
2E,2020-02-05 14:55:00+00:00,2020-02-05 16:55:00+00:00,0.0,32000.0,"POLYGON ((-84.17959566832113 35.664370767504536, -82.21650683276143 34.79438176144636, -86.9 34.002737911472785, -87.07037982329443 35.3708399752367, -84.17959566832113 35.664370767504536))"
33C,2020-02-05 14:55:00+00:00,2020-02-05 16:55:00+00:00,0.0,38000.0,"POLYGON ((-87.07037982329443 35.3708399752367, -87.05355002086738 33.97731489692558, -89.5452115586431 33.203164668818594, -90.12682729967294 33.76731564919611, -87.07037982329443 35.3708399752367))"
36C,2020-02-05 14:55:00+00:00,2020-02-05 16:55:00+00:00,0.0,29000.0,"POLYGON ((-99.31222333815627 32.66981417587036, -99.13324003092005 32.223244372259146, -99.41172469265085 31.55697504783061, -100.03509570923327 31.72225441977049, -99.99927227054955 32.36228268584, -99.31222333815627 32.66981417587036))"
32C,2020-02-05 14:55:00+00:00,2020-02-05 16:55:00+00:00,0.0,32000.0,"POLYGON ((-90.2868275635228 36.32947421129509, -90.35589193029044 35.32610250058317, -92.99481792173897 34.95391627588608, -91.60944609934863 35.886891637570486, -90.2868275635228 36.32947421129509))"
34C,2020-02-05 14:55:00+00:00,2020-02-05 16:55:00+00:00,0.0,38000.0,"POLYGON ((-88.24626708577631 32.955455753295176, -87.17441299579784 32.21712637709166, -89.12516467039455 31.711751551147827, -89.7574351880135 32.429536464382245, -88.24626708577631 32.955455753295176))"
35C,2020-02-05 14:55:00+00:00,2020-02-05 16:55:00+00:00,0.0,42000.0,"POLYGON ((-91.61880871718598 29.811781544923637, -90.40629107281123 29.290301283658987, -90.5664912953861 28.7702834963078, -92.17205986107848 29.318849748822867, -91.61880871718598 29.811781544923637))"
KILO 1,2020-02-05 15:35:00+00:00,2020-02-05 19:35:00+00:00,0.0,42000.0,"POLYGON ((-93.15 29, -91.15 28.3, -94.45 25.3, -95.15 26.3, -93.15 29))"
3E,2020-02-05 15:55:00+00:00,2020-02-05 17:55:00+00:00,0.0,32000.0,"POLYGON ((-82.57070276922205 36.792113407305074, -82.49443858289428 35.21969413245041, -86.9 34.16910686720918, -86.9151321517021 35.67865509373724, -82.57070276922205 36.792113407305074))"
37C,2020-02-05 15:55:00+00:00,2020-02-05 17:55:00+00:00,0.0,37000.0,"POLYGON ((-86.9151321517021 35.67865509373724, -86.9 34.16910686720918, -89.06412603044258 33.679767484958724, -89.98 34.18815522131805, -86.9151321517021 35.67865509373724))"
40C,2020-02-05 15:55:00+00:00,2020-02-05 17:55:00+00:00,0.0,29000.0,"POLYGON ((-98.89495167084866 33.37480363990927, -98.59 33.15815522131804, -98.22843508842287 32.864381406522625, -98.67674048876654 32.47446493334528, -99.31222333815627 32.66981417587036, -98.89495167084866 33.37480363990927))"
39C,2020-02-05 15:55:00+00:00,2020-02-05 17:55:00+00:00,0.0,42000.0,"POLYGON ((-90.54511786837323 30.319442990420686, -87.6798477891261 30.140023192072924, -89.29705436816528 28.471762673224408, -91.66650633665593 29.710963116014522, -90.54511786837323 30.319442990420686))"
41C,2020-02-05 15:55:00+00:00,2020-02-05 17:55:00+00:00,0.0,41000.0,"POLYGON ((-95.43504663368594 32.41814659846743, -94.72 31.59371281826268, -95.65323048103936 30.824684368128874, -96.48774017763321 31.380988855197657, -95.43504663368594 32.41814659846743))"
38C,2020-02-05 15:55:00+00:00,2020-02-05 17:55:00+00:00,0.0,37000.0,"POLYGON ((-87.22056506500448 33.55893628932817, -86.80552786864696 32.62798113169183, -88.16892095028963 32.15712789489411, -88.99741106771248 32.78054470787875, -87.22056506500448 33.55893628932817))"
KILO 2,2020-02-05 16:35:00+00:00,2020-02-05 20:35:00+00:00,0.0,45000.0,"POLYGON ((-93.3 29.15, -90.45 28.45, -92 27.15, -94 27, -93.3 29.15))"
40C,2020-02-05 16:55:00+00:00,2020-02-05 18:55:00+00:00,0.0,38000.0,"POLYGON ((-86.99290485450508 35.52477240044752, -87.06249919976571 34.35633065528978, -88.51 33.98910686720919, -88.61704676163279 35.08681842954281, -86.99290485450508 35.52477240044752))"
42C,2020-02-05 16:55:00+00:00,2020-02-05 18:55:00+00:00,0.0,44000.0,"POLYGON ((-93.87046671840687 33.50984006672477, -92.22407093160261 31.494986579544367, -93.64217119795745 29.947926880086285, -95.26718923442753 30.68828013873573, -96.01829175236584 31.967975343489222, -93.87046671840687 33.50984006672477))"
41C,2020-02-05 16:55:00+00:00,2020-02-05 18:55:00+00:00,0.0,45000.0,"POLYGON ((-89.98532779361153 31.064426437582185, -86.97469838740562 30.21484687132116, -88.76619753622238 29.173391202068682, -90.75659982332118 30.008310933543626, -89.98532779361153 31.064426437582185))"
4E,2020-02-05 16:55:00+00:00,2020-02-05 18:55:00+00:00,0.0,40000.0,"POLYGON ((-82.13 36.87371281826269, -83.3 35.13371281826268, -87.11830496540793 34.40275374160239, -86.88448019972091 35.73912749274787, -82.13 36.87371281826269))"
FOXTROT 2,2020-02-05 17:05:00+00:00,2020-02-05 21:05:00+00:00,0.0,42000.0,"POLYGON ((-126.45 18.45, -120.45 17, -127.3 14, -135 7.45, -138.3 9.15, -126.45 18.45))"
GOLF 2,2020-02-05 17:05:00+00:00,2020-02-05 21:05:00+00:00,0.0,48000.0,"POLYGON ((-126.3 10, -120 8.3, -120 5.15, -126 6.15, -129.3 8.45, -126.3 10))"
ROMEO 1,2020-02-05 17:40:00+00:00,2020-02-05 21:40:00+00:00,0.0,56000.0,"POLYGON ((-171.5 -0.5, -168.3 -0.5, -171.4 -5, -171.5 -0.5))"
5E,2020-02-05 17:55:00+00:00,2020-02-05 19:55:00+00:00,0.0,38000.0,"POLYGON ((-82.13 36.772737911472795, -83.89 35.234524177054425, -86.93035976389048 34.51771980044433, -87.11505811146993 35.78629015129647, -82.13 36.772737911472795))"
45C,2020-02-05 17:55:00+00:00,2020-02-05 19:55:00+00:00,0.0,39000.0,"POLYGON ((-92.7033548973466 29.78645152874501, -90.76725683462605 29.847782253663137, -90.02696957020582 29.33368505862, -90.1 28.348155221318038, -93.11 28.30994148689969, -92.7033548973466 29.78645152874501))"
43C,2020-02-05 17:55:00+00:00,2020-02-05 19:55:00+00:00,0.0,43000.0,"POLYGON ((-86.97047136811534 35.90436769261744, -87.11661841856981 34.58209695959877, -88.20049738244138 34.11973049268868, -87.88089904251443 35.47790203253922, -86.97047136811534 35.90436769261744))"
46C,2020-02-05 17:55:00+00:00,2020-02-05 19:55:00+00:00,0.0,45000.0,"POLYGON ((-92.23730551201211 32.519846002705115, -91.31291992340189 32.26324115302837, -92.40089692444066 29.88342798996715, -93.87950150019621 30.13775617624378, -94.00345373263033 30.903349058535504, -92.23730551201211 32.519846002705115))"
47C,2020-02-05 17:55:00+00:00,2020-02-05 19:55:00+00:00,0.0,42000.0,"POLYGON ((-93.68476638691838 34.277929553358355, -92.18 34.014524177054426, -92.40405681683261 32.392142289384296, -95.88646819119171 31.15474239179492, -96.18207303040774 32.03738773806416, -93.68476638691838 34.277929553358355))"
44C,2020-02-05 17:55:00+00:00,2020-02-05 19:55:00+00:00,0.0,45000.0,"POLYGON ((-89.61772044711783 32.02017219119556, -86.91860846520416 31.034235567651557, -86.99993448470613 30.161776107662387, -88.77348555920105 29.401733952113577, -90.47339990526837 30.258064076467225, -89.61772044711783 32.02017219119556))"
6E,2020-02-05 18:55:00+00:00,2020-02-05 20:55:00+00:00,0.0,38000.0,"POLYGON ((-81.68929723077794 36.792113407305074, -84.33801861124773 34.957298025751605, -86.93035976389048 34.51771980044433, -86.97047136811534 35.90436769261744, -81.68929723077794 36.792113407305074))"
51C,2020-02-05 18:55:00+00:00,2020-02-05 20:55:00+00:00,0.0,45000.0,"POLYGON ((-91.73588603963192 33.1344541167586, -90.66043909121097 32.89932298160445, -90.76389417974677 30.669903612897098, -92.56325681134877 30.6094298263139, -93.43463510314271 32.00091514507543, -91.73588603963192 33.1344541167586))"
49C,2020-02-05 18:55:00+00:00,2020-02-05 20:55:00+00:00,0.0,45000.0,"POLYGON ((-87.88677672552993 32.695043713573476, -84.84565865872744 32.12935950199946, -86.13466574353804 30.358295136734466, -87.99257532348068 29.960957988443386, -90.26 30.800893132790822, -87.88677672552993 32.695043713573476))"
50C,2020-02-05 18:55:00+00:00,2020-02-05 20:55:00+00:00,0.0,44000.0,"POLYGON ((-92.07217523055894 30.477725406782344, -90.29545087551398 30.46449064253503, -89.46733530667773 30.0399310133552, -90.53366277448461 28.25707270258019, -94.39425047683054 28.04616856105403, -92.07217523055894 30.477725406782344))"
48C,2020-02-05 18:55:00+00:00,2020-02-05 20:55:00+00:00,0.0,34000.0,"POLYGON ((-86.95218237523396 35.6054267905776, -87.16547408375953 34.598919811549685, -87.84173356328033 34.70949463319419, -87.69289063573959 35.11053049788088, -86.95218237523396 35.6054267905776))"
52C,2020-02-05 18:55:00+00:00,2020-02-05 20:55:00+00:00,0.0,44000.0,"POLYGON ((-92.5191350759798 35.347362225281856, -90.95458758309435 34.684150070406005, -91.84227722042168 32.92054387557832, -94.45991605071438 31.694003299933556, -95.43504663368594 32.41814659846743, -92.5191350759798 35.347362225281856))"
53C,2020-02-05 19:55:00+00:00,2020-02-05 21:55:00+00:00,0.0,42000.0,"POLYGON ((-92.08597290199695 35.722628727619885, -90.54436905709683 35.209694617628415, -90.42120179798627 33.577560610256896, -93.39193424955843 32.41638345396659, -94.8052086053976 33.25316055484376, -92.08597290199695 35.722628727619885))"
55C,2020-02-05 19:55:00+00:00,2020-02-05 21:55:00+00:00,0.0,45000.0,"POLYGON ((-89.87058799212693 31.29941256508346, -88.1388533192434 30.268697876454265, -91.03571626812398 28.35326538449789, -93.97750880328364 28.292691090479412, -91.71100757996587 30.8322775347312, -89.87058799212693 31.29941256508346))"
54C,2020-02-05 19:55:00+00:00,2020-02-05 21:55:00+00:00,0.0,45000.0,"POLYGON ((-87.46234421062056 33.19816254181924, -82.66162581913919 32.6861249663803, -83.81433720598089 30.58990711197348, -87.99257532348068 29.960957988443386, -89.87058799212693 31.29941256508346, -87.46234421062056 33.19816254181924))"
7E,2020-02-05 19:55:00+00:00,2020-02-05 21:55:00+00:00,0.0,38000.0,"POLYGON ((-81.63085132275559 36.604936622346976, -83.89 35.321716242316434, -86.78654146900597 34.707978564171775, -85.77358535709826 36.7068367539493, -81.63085132275559 36.604936622346976))"
56C,2020-02-05 19:55:00+00:00,2020-02-05 21:55:00+00:00,0.0,45000.0,"POLYGON ((-89.91108910816011 33.766135444757815, -89.58615498300308 32.428957050977296, -89.92160924168732 31.29955641401914, -91.65698558046947 30.786195191728435, -93.44652269758586 32.46279365383779, -89.91108910816011 33.766135444757815))"
GOLF 3,2020-02-05 20:50:00+00:00,2020-02-06 00:50:00+00:00,0.0,47000.0,"POLYGON ((-123.3 10.45, -120 8.3, -120 5.15, -125.15 4.45, -128 8.3, -123.3 10.45))"
57C,2020-02-05 20:55:00+00:00,2020-02-05 22:55:00+00:00,0.0,40000.0,"POLYGON ((-90.95 36.609106867209185, -88.05223069254924 34.89970959924097, -89.8552376273647 33.812198332186156, -91.65919404740981 33.2879516723136, -93.68476638691838 34.277929553358355, -90.95 36.609106867209185))"
8E,2020-02-05 20:55:00+00:00,2020-02-05 22:55:00+00:00,0.0,33000.0,"POLYGON ((-84.94349428070365 36.75045636747314, -83.85458163460214 36.8252718015794, -84.1417498169969 35.69528286770524, -85.63991322336713 35.124991739217634, -84.94349428070365 36.75045636747314))"
58C,2020-02-05 20:55:00+00:00,2020-02-05 22:55:00+00:00,0.0,45000.0,"POLYGON ((-87.86774507200555 33.709644115412665, -84.30751825071421 33.36279705351782, -83.87391215808178 30.80804519683489, -88.48836979294173 30.462804562066452, -87.86774507200555 33.709644115412665))"
59C,2020-02-05 20:55:00+00:00,2020-02-05 22:55:00+00:00,0.0,45000.0,"POLYGON ((-88.8 31.80171624231642, -88.55229058182674 30.329159843570622, -89.87276455545855 29.58280675114382, -92.8014518778981 30.028989434360657, -91.65698558046947 30.786195191728435, -88.8 31.80171624231642))"
60C,2020-02-05 20:55:00+00:00,2020-02-05 22:55:00+00:00,0.0,44000.0,"POLYGON ((-89.91108910816011 33.766135444757815, -88.8 32.81371281826269, -88.8 31.80171624231642, -91.4933883381566 30.880555753753114, -92.54241419253636 32.8591452077371, -89.91108910816011 33.766135444757815))"
ROMEO 2,2020-02-05 21:22:00+00:00,2020-02-06 01:25:00+00:00,0.0,53000.0,"POLYGON ((-167.5 -0.5, -167.5 -5, -171.5 -1, -167.5 -0.5))"
9E,2020-02-05 21:55:00+00:00,2020-02-05 23:55:00+00:00,0.0,33000.0,"POLYGON ((-83.72557525844441 36.90204625391, -84.17959566832113 35.664370767504536, -86.68 35.30815522131804, -86.9722187610599 36.374926721293015, -83.72557525844441 36.90204625391))"
63C,2020-02-05 21:55:00+00:00,2020-02-05 23:55:00+00:00,0.0,45000.0,"POLYGON ((-88.70424700802923 34.70397707784831, -86.74438937422312 34.45306037257408, -87.57202698113024 30.508610339738574, -92.75498991222597 30.01218912597088, -91.65919404740981 33.2879516723136, -88.70424700802923 34.70397707784831))"
62C,2020-02-05 21:55:00+00:00,2020-02-05 23:55:00+00:00,0.0,41000.0,"POLYGON ((-86.55870736155369 34.388119793937186, -82.7130860700876 33.517766941676705, -83.19585003164126 30.949965644709856, -87.39409634154572 30.57337477620931, -86.55870736155369 34.388119793937186))"
61C,2020-02-05 21:55:00+00:00,2020-02-05 23:55:00+00:00,0.0,44000.0,"POLYGON ((-89.46144564503014 37.054135107356664, -87.2871093642604 35.11053049788088, -90.97315033225765 33.45807138829729, -92.83142100469607 34.899568291695424, -89.46144564503014 37.054135107356664))"
64C,2020-02-05 22:55:00+00:00,2020-02-06 00:55:00+00:00,0.0,45000.0,"POLYGON ((-85.81563377504843 36.92836605612156, -85.4440086190531 36.13365024804879, -89.57586240851258 30.70998279621176, -92.75498991222597 30.01218912597088, -89.5575434376016 36.480880923760125, -85.81563377504843 36.92836605612156))"
10E,2020-02-05 22:55:00+00:00,2020-02-06 00:55:00+00:00,0.0,44000.0,"POLYGON ((-85.15 34.381716242316436, -82.36046140025294 34.11053669222039, -83.3443315011244 30.396147802657314, -89.66501926360621 30.787492533675188, -88.8 31.80171624231642, -85.15 34.381716242316436))"
11E,2020-02-05 23:55:00+00:00,2020-02-06 01:55:00+00:00,0.0,45000.0,"POLYGON ((-84.57910135959607 34.488099469985336, -82.16000000000001 34.20910686720918, -83.05 30.431844778681963, -89.57586240851258 30.70998279621176, -87.32233033273488 33.316359252353806, -84.57910135959607 34.488099469985336))"
65C,2020-02-05 23:55:00+00:00,2020-02-06 01:55:00+00:00,0.0,45000.0,"POLYGON ((-85.81563377504843 36.92836605612156, -86.08409087283432 34.63808667098187, -89.57586240851258 30.70998279621176, -92.08867435558442 30.906422997902656, -89.32 36.51910686720918, -85.81563377504843 36.92836605612156))"
1E,2020-02-06 00:55:00+00:00,2020-02-06 02:55:00+00:00,0.0,45000.0,"POLYGON ((-81.73398863940416 34.062191442037474, -82.51 30.874524177054425, -89.57586240851258 30.70998279621176, -87.46234421062056 33.19816254181924, -81.73398863940416 34.062191442037474))"
1C,2020-02-06 00:55:00+00:00,2020-02-06 02:55:00+00:00,0.0,40000.0,"POLYGON ((-83.72428413252216 37.15670951823564, -89.57586240851258 30.70998279621176, -92.13989614926606 31.386831377906535, -87.06436622495158 36.92836605612156, -83.72428413252216 37.15670951823564))"
2E,2020-02-06 01:55:00+00:00,2020-02-06 03:55:00+00:00,0.0,44000.0,"POLYGON ((-85.30479003310272 34.652491948389375, -81.73398863940416 34.062191442037474, -82.21313656360111 30.924837411008745, -88.21139120314774 31.037325110449682, -85.30479003310272 34.652491948389375))"
2C,2020-02-06 01:55:00+00:00,2020-02-06 03:55:00+00:00,0.0,45000.0,"POLYGON ((-82.94898922779338 37.406356199840886, -89.23274316537395 29.847782253663137, -93.68712995242373 30.138737836651895, -87.01829145522811 37.119599691876296, -82.94898922779338 37.406356199840886))"
3E,2020-02-06 02:55:00+00:00,2020-02-06 04:55:00+00:00,0.0,45000.0,"POLYGON ((-80.71 37.422737911472794, -91.88371782818255 29.249060993616876, -91.44808887345467 32.51861404163612, -85.58 37.434524177054435, -80.71 37.422737911472794))"
4E,2020-02-06 02:55:00+00:00,2020-02-06 04:55:00+00:00,0.0,42000.0,"POLYGON ((-84.33801861124773 34.957298025751605, -81.12653212974729 33.70627146730969, -81.7323617597083 30.80092654468214, -88.57497860473535 31.918685372356954, -84.33801861124773 34.957298025751605))"
5E,2020-02-06 03:55:00+00:00,2020-02-06 05:55:00+00:00,0.0,37000.0,"POLYGON ((-82.03 38.25089313279083, -79.64405812365678 38.01784094918022, -85.07181607095315 31.657616916745877, -88.70424700802923 34.70397707784831, -82.03 38.25089313279083))"
6E,2020-02-06 03:55:00+00:00,2020-02-06 05:55:00+00:00,0.0,32000.0,"POLYGON ((-81.37210722129154 33.97023103770956, -80.55991961478017 33.45012071822222, -81.45154603143564 32.15954127585023, -82.7911186327097 32.68707384669692, -81.37210722129154 33.97023103770956))"
4C,2020-02-06 04:07:00+00:00,2020-02-06 05:55:00+00:00,0.0,32000.0,"POLYGON ((-96.99653672390569 30.187916502712135, -95.59412167759774 27.221068773946314, -97.01137644586525 26.97710893728381, -99.45305430561322 29.830960657982878, -96.99653672390569 30.187916502712135))"
3C,2020-02-06 04:07:00+00:00,2020-02-06 05:55:00+00:00,0.0,45000.0,"POLYGON ((-88.05919792409836 34.23811184318737, -86.09307815150527 32.68091209891812, -90.62912294644406 29.36995977389581, -92.57576482033794 30.329918444256382, -88.05919792409836 34.23811184318737))"
7E,2020-02-06 04:55:00+00:00,2020-02-06 06:55:00+00:00,0.0,33000.0,"POLYGON ((-80.88728189785398 38.65268520873533, -79.24 38.08184477868196, -83.87813001962584 33.150908393169914, -86.44486784829792 35.67865509373724, -80.88728189785398 38.65268520873533))"
5C,2020-02-06 04:55:00+00:00,2020-02-06 06:55:00+00:00,0.0,28000.0,"POLYGON ((-97.17319725084232 30.506848598371693, -95.11427998141316 27.695978643763755, -96.40015767798008 27.514100713451217, -98.75481726216897 30.254493428529763, -97.17319725084232 30.506848598371693))"
6C,2020-02-06 04:55:00+00:00,2020-02-06 06:55:00+00:00,0.0,45000.0,"POLYGON ((-86.44486784829792 35.67865509373724, -83.87813001962584 33.150908393169914, -91.24327227706762 29.1751444707926, -92.83858212268726 29.90443960817744, -86.44486784829792 35.67865509373724))"
8E,2020-02-06 04:55:00+00:00,2020-02-06 06:55:00+00:00,0.0,35000.0,"POLYGON ((-80.92704149900268 33.75771184637982, -79.79595569279135 33.094217301280445, -81.2403232861581 31.892800918720877, -82.16000000000001 32.698003424053745, -80.92704149900268 33.75771184637982))"
7C,2020-02-06 05:55:00+00:00,2020-02-06 07:55:00+00:00,0.0,30000.0,"POLYGON ((-95.56944537883241 29.498703567718135, -94.98159760527773 28.75350453908465, -95.64277059200786 28.17015933080258, -96.8369632215839 28.949977610162957, -95.56944537883241 29.498703567718135))"
8C,2020-02-06 05:55:00+00:00,2020-02-06 07:55:00+00:00,0.0,45000.0,"POLYGON ((-85.3374016325101 34.89618939888827, -84.84156451583229 34.34478974454154, -90.98296447219036 29.495436503440857, -92.83858212268726 29.90443960817744, -89.5701194691635 34.04618363965997, -85.3374016325101 34.89618939888827))"
10E,2020-02-06 05:55:00+00:00,2020-02-06 07:55:00+00:00,0.0,36000.0,"POLYGON ((-86.77805368160058 31.32434087881459, -86.32350822705511 31.32434087881459, -86.32350822705511 30.869795424269135, -86.77805368160058 30.869795424269135, -86.77805368160058 31.32434087881459))"
9E,2020-02-06 05:55:00+00:00,2020-02-06 07:55:00+00:00,0.0,30000.0,"POLYGON ((-82.92558424684015 35.00610936001309, -82.59662648577749 34.69797931777682, -84.2397278046836 34.03053718139686, -84.0033735142225 34.69797931777682, -82.92558424684015 35.00610936001309))"
10C,2020-02-06 06:55:00+00:00,2020-02-06 08:55:00+00:00,0.0,45000.0,"POLYGON ((-85.3374016325101 34.89618939888827, -84.84156451583229 34.34478974454154, -90.98296447219036 29.495436503440857, -92.83858212268726 29.90443960817744, -89.5701194691635 34.04618363965997, -85.3374016325101 34.89618939888827))"
9C,2020-02-06 06:55:00+00:00,2020-02-06 08:55:00+00:00,0.0,30000.0,"POLYGON ((-95.56944537883241 29.498703567718135, -94.98159760527773 28.75350453908465, -95.64277059200786 28.17015933080258, -96.8369632215839 28.949977610162957, -95.56944537883241 29.498703567718135))"
11E,2020-02-06 07:03:00+00:00,2020-02-06 08:55:00+00:00,0.0,43000.0,"POLYGON ((-86.39739924898325 32.091878593460315, -85.85194470352872 32.091878593460315, -85.85194470352872 31.546424048005772, -86.39739924898325 31.546424048005772, -86.39739924898325 32.091878593460315))"
12E,2020-02-06 07:55:00+00:00,2020-02-06 09:55:00+00:00,0.0,40000.0,"POLYGON ((-84.44 33.63, -82.46397673233466 33.09480759313287, -87.95092209882255 30.37643658054817, -88.94063193555549 30.728707724630137, -84.44 33.63))"
11C,2020-02-06 07:55:00+00:00,2020-02-06 09:55:00+00:00,0.0,30000.0,"POLYGON ((-93.81 32.33628718173732, -92.82592503352176 31.92741976690927, -92.91729213804652 30.540557683633594, -94.0664723462257 28.829283445098866, -95.32053692452018 28.7563963177493, -93.81 32.33628718173732))"
12C,2020-02-06 07:55:00+00:00,2020-02-06 09:55:00+00:00,0.0,45000.0,"POLYGON ((-84.1417498169969 35.69528286770524, -83.09713425512354 35.100530560570405, -91.62156416391446 28.618154234164834, -92.87309091126222 30.344241508251134, -87.49 35.143712818262685, -84.1417498169969 35.69528286770524))"
LIMA 1,2020-02-06 08:05:00+00:00,2020-02-06 12:05:00+00:00,0.0,42000.0,"POLYGON ((-92.1 28.15, -91.05 28.1, -91.5 26.5, -92.4 27, -92.1 28.15))"
13E,2020-02-06 08:55:00+00:00,2020-02-06 10:55:00+00:00,0.0,45000.0,"POLYGON ((-82.68316868290074 35.28234213405372, -81.85239463078531 34.87627040899235, -88.00190169907019 30.85684178724237, -88.65817976081344 31.3444788351749, -86.69950649313866 32.987958275679404, -82.68316868290074 35.28234213405372))"
14C,2020-02-06 08:55:00+00:00,2020-02-06 10:55:00+00:00,0.0,45000.0,"POLYGON ((-84.695817020496 36.55799405122124, -82.90914956966219 35.46790226524021, -91.43380246377761 29.173391202068682, -91.95948042395112 31.449869188631517, -89.68175148453419 33.4585633463776, -84.695817020496 36.55799405122124))"
13C,2020-02-06 08:55:00+00:00,2020-02-06 10:55:00+00:00,0.0,30000.0,"POLYGON ((-92.67205185944219 32.29711938969625, -92.04 32.08628718173732, -92.75426584169593 30.44620176794265, -93.42773398863335 29.471786790507732, -94.27503557547553 29.568362800098857, -92.67205185944219 32.29711938969625))"
15C,2020-02-06 08:55:00+00:00,2020-02-06 10:55:00+00:00,0.0,41000.0,"POLYGON ((-90.85741255616873 29.20935150594806, -90.66725293892253 29.147389259629993, -90.93424676012792 28.32799606676713, -91.12440637737411 28.3899583130852, -90.85741255616873 29.20935150594806))"
14E,2020-02-06 09:55:00+00:00,2020-02-06 11:55:00+00:00,0.0,45000.0,"POLYGON ((-83.30560813046887 36.369149992920995, -81.05 33.86, -84.5163283523892 33.47627167194522, -88.13672707888432 31.19092359563577, -87.49 34.71, -83.30560813046887 36.369149992920995))"
16C,2020-02-06 09:55:00+00:00,2020-02-06 11:55:00+00:00,0.0,30000.0,"POLYGON ((-91.81231023017445 32.98090973809599, -91.30878765631445 32.77255260359794, -91.41677864018824 31.63745953157148, -93.11 29.141786265581647, -93.920422786106 29.431667532541404, -91.81231023017445 32.98090973809599))"
18C,2020-02-06 09:55:00+00:00,2020-02-06 11:55:00+00:00,0.0,42000.0,"POLYGON ((-90.3244333234103 29.469862486855742, -90.1296965128473 29.42428206768533, -90.37990782335943 28.355284602046574, -90.57464463392243 28.400865021216987, -90.3244333234103 29.469862486855742))"
17C,2020-02-06 09:55:00+00:00,2020-02-06 11:55:00+00:00,0.0,45000.0,"POLYGON ((-88.38756738168891 33.387712694737466, -89.0327396713436 30.728265205535713, -90.61462152038813 29.627277308925354, -90.9367751453844 31.29822567990101, -89.80062211785767 33.293102425343456, -88.38756738168891 33.387712694737466))"
15E,2020-02-06 10:55:00+00:00,2020-02-06 12:55:00+00:00,0.0,45000.0,"POLYGON ((-84.30076400868596 35.899300617197504, -80.23235148554505 34.699235056375336, -88.42621631038375 31.610923479170477, -86.36709514549491 35.52477240044752, -84.30076400868596 35.899300617197504))"
20C,2020-02-06 10:55:00+00:00,2020-02-06 12:55:00+00:00,0.0,45000.0,"POLYGON ((-87.95587396955743 33.679767484958724, -88.42621631038375 31.610923479170477, -89.33780512420762 29.177841928328096, -90.97750296040424 28.858807022645482, -89.1084556702546 33.48856171048178, -87.95587396955743 33.679767484958724))"
19C,2020-02-06 10:55:00+00:00,2020-02-06 12:55:00+00:00,0.0,32000.0,"POLYGON ((-91.69709254761108 32.519534854161385, -90.73142570514487 32.20712486033002, -92.66634726296044 29.204291275272425, -93.11 29.41714530289553, -91.69709254761108 32.519534854161385))"
16E,2020-02-06 11:55:00+00:00,2020-02-06 13:55:00+00:00,0.0,45000.0,"POLYGON ((-84.9952099668973 34.652491948389375, -83.44288699203285 34.58227595876651, -83.65000000000002 33.355475822945564, -85.76132089629678 33.239787958019946, -84.9952099668973 34.652491948389375))"
22C,2020-02-06 11:55:00+00:00,2020-02-06 13:55:00+00:00,0.0,45000.0,"POLYGON ((-87.49 34.377262088527225, -85.8054480113155 33.048585591071905, -90.53366277448461 28.25707270258019, -92.19685027122722 28.399676889285463, -87.49 34.377262088527225))"
21C,2020-02-06 11:55:00+00:00,2020-02-06 13:55:00+00:00,0.0,33000.0,"POLYGON ((-91.0438770681474 31.574244893662467, -90.62009277536477 31.60617913757418, -91.80805051072389 29.410486109696418, -92.79226601136665 29.471786790507732, -91.0438770681474 31.574244893662467))"
MIKE 1,2020-02-06 12:00:00+00:00,2020-02-06 16:00:00+00:00,0.0,33000.0,"POLYGON ((-92.15 28.15, -90.35 28.15, -91.55 26.2, -93.45 26.4, -92.15 28.15))"
17E,2020-02-06 12:55:00+00:00,2020-02-06 14:55:00+00:00,0.0,45000.0,"POLYGON ((-81.52915136375455 35.65918659152259, -81.55399970865876 35.15675368754693, -87.05373176885418 31.597988300097793, -88.36 31.395475822945567, -86.73978426134461 34.962369672831116, -81.52915136375455 35.65918659152259))"
24C,2020-02-06 12:55:00+00:00,2020-02-06 14:55:00+00:00,0.0,41000.0,"POLYGON ((-88.43547962085907 32.50680898743518, -88.89537573403366 30.53790127796301, -90.53366277448461 28.25707270258019, -92.19685027122722 28.399676889285463, -88.43547962085907 32.50680898743518))"
23C,2020-02-06 12:55:00+00:00,2020-02-06 14:55:00+00:00,0.0,30000.0,"POLYGON ((-90.23070802158816 32.16280021821631, -89.73788330839787 32.12280046977368, -90.67865492875441 30.699826979059928, -91.10661166184339 30.880555753753114, -90.23070802158816 32.16280021821631))"
ALFA 1,2020-02-06 13:10:00+00:00,2020-02-06 17:10:00+00:00,0.0,45000.0,"POLYGON ((-88.31342146418326 28.33247893429722, -90.16342146418326 26.182478934297222, -90.43657853581674 26.41752106570278, -88.58657853581674 28.567521065702778, -88.31342146418326 28.33247893429722))"
18E,2020-02-06 13:55:00+00:00,2020-02-06 15:55:00+00:00,0.0,45000.0,"POLYGON ((-81.93 35.69547582294558, -81.52365522379695 35.029322733500365, -86.04260906201154 31.98441576179149, -86.54692184849472 32.68091209891812, -86.08409087283432 34.63808667098187, -81.93 35.69547582294558))"
19E,2020-02-06 13:55:00+00:00,2020-02-06 15:55:00+00:00,0.0,40000.0,"POLYGON ((-84.5195922298091 28.29786480597258, -83.72730723189993 28.288038028374352, -84.10008087615607 26.81844441120513, -85.09509764806519 26.9976480101466, -84.5195922298091 28.29786480597258))"
25C,2020-02-06 13:55:00+00:00,2020-02-06 15:55:00+00:00,0.0,36000.0,"POLYGON ((-87.809449757258 32.89982297273524, -86.54463153535866 31.75868660415112, -89.66633722551538 28.25707270258019, -91.16819071059288 28.23463979765442, -87.809449757258 32.89982297273524))"
21E,2020-02-06 14:55:00+00:00,2020-02-06 16:55:00+00:00,0.0,33000.0,"POLYGON ((-83.98945761020958 28.77320915271947, -83.04283283229108 28.678048581685758, -83.29955648896772 27.397996788231897, -84.93895341632934 27.89157954242784, -83.98945761020958 28.77320915271947))"
26C,2020-02-06 14:55:00+00:00,2020-02-06 16:55:00+00:00,0.0,41000.0,"POLYGON ((-86.9 33.337262088527226, -84.9082685187687 32.43481681288036, -87.656721967682 28.266506879194484, -90.63650853168785 28.708368653238324, -86.9 33.337262088527226))"
20E,2020-02-06 14:55:00+00:00,2020-02-06 16:55:00+00:00,0.0,45000.0,"POLYGON ((-81.3028221971582 36.16051832056318, -80.62357623489626 35.07891206709427, -84.84538482099009 32.742788001974844, -85.5771636972423 33.356143903087506, -85.35153633438568 34.559134898688185, -81.3028221971582 36.16051832056318))"
MIKE 2,2020-02-06 15:20:00+00:00,2020-02-06 19:20:00+00:00,0.0,40000.0,"POLYGON ((-91.15 28.15, -87.3 28.15, -88.45 25.3, -93.3 25.3, -91.15 28.15))"
22E,2020-02-06 15:55:00+00:00,2020-02-06 17:55:00+00:00,0.0,43000.0,"POLYGON ((-80.0843181503898 37.08835653621229, -78.50676607947426 36.659529020314, -83.08043900062775 33.388250343201264, -84.0455213688726 34.4430612191985, -80.0843181503898 37.08835653621229))"
27C,2020-02-06 15:55:00+00:00,2020-02-06 17:55:00+00:00,0.0,45000.0,"POLYGON ((-85.21 33.71547582294557, -83.65000000000002 33.18910686720917, -87.48383353268672 28.199594628992333, -90.9029456318347 28.471762673224408, -85.21 33.71547582294557))"
23E,2020-02-06 16:55:00+00:00,2020-02-06 18:55:00+00:00,0.0,43000.0,"POLYGON ((-80.51715050544742 37.153510568155816, -77.79566251361739 36.57681222544997, -81.92914927188356 34.17090021200632, -82.69292777233419 34.69849476116072, -80.51715050544742 37.153510568155816))"
28C,2020-02-06 16:55:00+00:00,2020-02-06 18:55:00+00:00,0.0,45000.0,"POLYGON ((-84.44 34.12910686720918, -82.7130860700876 33.517766941676705, -87.48383353268672 28.199594628992333, -90.46191404164996 28.410989377318607, -84.44 34.12910686720918))"
24E,2020-02-06 17:55:00+00:00,2020-02-06 19:55:00+00:00,0.0,43000.0,"POLYGON ((-79.24 37.416368955736395, -76.34731659540074 37.00754974972494, -79.9453714089985 34.46495097595935, -81.64183896027612 35.26494095647363, -79.24 37.416368955736395))"
25E,2020-02-06 17:55:00+00:00,2020-02-06 19:55:00+00:00,0.0,45000.0,"POLYGON ((-83.14454155178686 35.007311152350724, -81.62130658695598 34.41478872943104, -85.2968089984912 29.573100777403145, -86.68 28.334465663954106, -89.16428373187601 28.35326538449789, -83.14454155178686 35.007311152350724))"
MIKE 3,2020-02-06 18:30:00+00:00,2020-02-06 22:30:00+00:00,0.0,42000.0,"POLYGON ((-90.3 28.15, -86.45 28.15, -88 24.3, -92.45 24.3, -90.3 28.15))"
26E,2020-02-06 18:55:00+00:00,2020-02-06 20:55:00+00:00,0.0,36000.0,"POLYGON ((-79.09197946027741 37.3675485540922, -76.64332038330934 37.24210001688769, -79.27140748338172 34.99791313753151, -80.54894597320987 35.85765482243549, -79.09197946027741 37.3675485540922))"
27E,2020-02-06 18:55:00+00:00,2020-02-06 20:55:00+00:00,0.0,45000.0,"POLYGON ((-82.08609070301534 35.33730993272275, -80.37751804714729 34.718088020957396, -84.78878348330078 29.47703734748007, -86.68 28.334465663954106, -88.35044641608883 28.531968360228927, -82.08609070301534 35.33730993272275))"
29E,2020-02-06 19:55:00+00:00,2020-02-06 21:55:00+00:00,0.0,45000.0,"POLYGON ((-81.18505038918472 35.65088798191263, -79.27140748338172 34.99791313753151, -85.50268625680327 27.935663335414795, -89.66633722551538 28.25707270258019, -84.44070758035093 32.68751994342753, -81.18505038918472 35.65088798191263))"
28E,2020-02-06 19:55:00+00:00,2020-02-06 21:55:00+00:00,0.0,37000.0,"POLYGON ((-76.35985361402741 37.197302865307286, -77.87 35.18184477868196, -79.15874506572916 35.74207197620829, -78.79869658513489 36.89625769469858, -76.35985361402741 37.197302865307286))"
MIKE 4,2020-02-06 20:30:00+00:00,2020-02-07 00:30:00+00:00,0.0,44000.0,"POLYGON ((-90.15 28.15, -86.15 28.15, -87.3 24.15, -92.15 25.3, -90.15 28.15))"
31E,2020-02-06 20:55:00+00:00,2020-02-06 22:55:00+00:00,0.0,45000.0,"POLYGON ((-80.16995647757639 35.98618348936935, -78.78 35.20452417705443, -85.50268625680327 27.935663335414795, -88.52442097808046 28.59778243474089, -84.19672664705433 32.49781391611565, -80.16995647757639 35.98618348936935))"
30E,2020-02-06 20:55:00+00:00,2020-02-06 22:55:00+00:00,0.0,34000.0,"POLYGON ((-75.75667961669066 37.24210001688769, -75.2307883377674 35.93791113212833, -78.21234012941083 35.677663676693896, -77.76275792154826 37.146250254837206, -75.75667961669066 37.24210001688769))"
33E,2020-02-06 21:55:00+00:00,2020-02-06 23:55:00+00:00,0.0,45000.0,"POLYGON ((-78.78 36.369106867209176, -78.05947197381934 35.27964005264144, -85.50268625680327 27.935663335414795, -89.73808595835003 28.410989377318607, -78.78 36.369106867209176))"
34E,2020-02-06 21:55:00+00:00,2020-02-06 23:55:00+00:00,0.0,29000.0,"POLYGON ((-72.32 39.92178626558165, -70.03 39.117203575426906, -72.8710060922834 37.554613875583364, -74.49782848783732 38.86432813964422, -72.32 39.92178626558165))"
32E,2020-02-06 21:55:00+00:00,2020-02-06 23:55:00+00:00,0.0,31000.0,"POLYGON ((-75.23509099008442 37.204439060243125, -75.60953905550228 36.067644441501535, -77.95879759850348 35.86720561195527, -77.9094220801875 37.02796933384848, -75.23509099008442 37.204439060243125))"
35E,2020-02-06 22:55:00+00:00,2020-02-07 00:55:00+00:00,0.0,45000.0,"POLYGON ((-77.47984340785484 37.192482379673756, -76.41548679024837 35.79865408172999, -84.93895341632934 27.89157954242784, -89.73808595835003 28.410989377318607, -77.47984340785484 37.192482379673756))"
MIKE 5,2020-02-06 23:30:00+00:00,2020-02-07 03:30:00+00:00,0.0,44000.0,"POLYGON ((-86.45 28.15, -84 28, -86.3 24.15, -88.15 24.3, -86.45 28.15))"
37E,2020-02-06 23:55:00+00:00,2020-02-07 01:55:00+00:00,0.0,27000.0,"POLYGON ((-67.15305874683217 41.24417760921642, -67.30044754029973 39.129660194324835, -73.42235584011804 38.646201748863184, -74.03050042319214 39.69198101851925, -67.15305874683217 41.24417760921642))"
36E,2020-02-06 23:55:00+00:00,2020-02-07 01:55:00+00:00,0.0,45000.0,"POLYGON ((-77.47984340785484 37.192482379673756, -75.7890380398178 35.49083718574, -84.37429917982975 27.899637648122294, -88.69861320022164 28.6633742230678, -77.47984340785484 37.192482379673756))"
1E,2020-02-07 00:55:00+00:00,2020-02-07 02:55:00+00:00,0.0,45000.0,"POLYGON ((-77.90270749031683 37.689570437819974, -74.7358270502701 36.2513194284173, -83.99782149241963 27.903731157228925, -86.68 28.334465663954106, -77.90270749031683 37.689570437819974))"
2E,2020-02-07 01:55:00+00:00,2020-02-07 03:55:00+00:00,0.0,45000.0,"POLYGON ((-78.85315559844388 37.376704518482875, -73.70437737629756 36.86390153510433, -83.58517661441802 27.014182684276577, -85.50351159900647 27.88122105023299, -78.85315559844388 37.376704518482875))"
3E,2020-02-07 02:55:00+00:00,2020-02-07 04:55:00+00:00,0.0,45000.0,"POLYGON ((-71.86951135689726 38.108070973791584, -83.34001903012133 26.691934619031887, -84.75074482758868 27.894521238324504, -78.79454314466948 37.602089188954864, -71.86951135689726 38.108070973791584))"
MIKE 6,2020-02-07 03:30:00+00:00,2020-02-07 07:30:00+00:00,0.0,46000.0,"POLYGON ((-84.3 27.3, -83.15 24.45, -83.15 24, -86 24, -84.3 27.3))"
4E,2020-02-07 03:55:00+00:00,2020-02-07 05:55:00+00:00,0.0,45000.0,"POLYGON ((-79.39447727087831 36.51914217556925, -75.48162719054064 34.874613397761685, -83.48844103885673 25.883174257129554, -84.23641934355521 27.389859576766643, -79.39447727087831 36.51914217556925))"
5E,2020-02-07 04:55:00+00:00,2020-02-07 06:55:00+00:00,0.0,45000.0,"POLYGON ((-78.4000357362542 35.996735410003375, -75.17879359740719 34.257627423980296, -83.32829517781497 25.15526690948867, -84.10008087615607 26.81844441120513, -78.4000357362542 35.996735410003375))"
6E,2020-02-07 05:55:00+00:00,2020-02-07 07:55:00+00:00,0.0,45000.0,"POLYGON ((-76.94496343712746 36.512234208800045, -74.28936930317946 35.60841081246331, -83.26364094710507 24.582926252780663, -83.99087710633145 26.098574124334636, -76.94496343712746 36.512234208800045))"
7E,2020-02-07 06:55:00+00:00,2020-02-07 08:55:00+00:00,0.0,45000.0,"POLYGON ((-75.9067242004336 36.654357961735144, -74.28936930317946 35.60841081246331, -79.77463338462778 29.293358650039814, -81.03710317045228 29.146275337955103, -78.8133529599859 33.52124047569031, -75.9067242004336 36.654357961735144))"
8E,2020-02-07 06:55:00+00:00,2020-02-07 08:55:00+00:00,0.0,45000.0,"POLYGON ((-80.97525687476133 29.18229177031713, -79.58388697946158 29.291325761486394, -83.08069713220173 24.58458406935596, -83.8278554941465 25.751409238045795, -80.97525687476133 29.18229177031713))"
9E,2020-02-07 07:55:00+00:00,2020-02-07 09:55:00+00:00,0.0,45000.0,"POLYGON ((-74.95197545605652 36.883474052404104, -73.49845074724051 36.230067480330845, -79.20241947668596 29.286447168852742, -80.5822297501818 29.107962812107232, -78.32769177521668 33.42691662199826, -74.95197545605652 36.883474052404104))"
10E,2020-02-07 07:55:00+00:00,2020-02-07 09:55:00+00:00,0.0,45000.0,"POLYGON ((-80.5822297501818 29.107962812107232, -79.20241947668596 29.286447168852742, -81.4081024340886 26.529517657752923, -82.5237888801068 26.52807065944123, -80.5822297501818 29.107962812107232))"
11E,2020-02-07 07:55:00+00:00,2020-02-07 09:55:00+00:00,0.0,45000.0,"POLYGON ((-82.70973023951248 26.526985438691533, -81.4081024340886 26.529517657752923, -83.81609459141467 23.81262881235583, -84.48268472345394 23.54768916304265, -82.70973023951248 26.526985438691533))"
12E,2020-02-07 07:55:00+00:00,2020-02-07 09:55:00+00:00,0.0,29000.0,"POLYGON ((-82.17474699447355 36.35460746644598, -81.81111063083718 36.35460746644598, -81.81111063083718 35.99097110280962, -82.17474699447355 35.99097110280962, -82.17474699447355 36.35460746644598))"
14E,2020-02-07 08:55:00+00:00,2020-02-07 10:55:00+00:00,0.0,36000.0,"POLYGON ((-80.0564361067391 28.913867138718043, -78.87476656062871 29.082299484726555, -80.85026976048752 26.526985438691533, -81.95189007917266 26.593563582828573, -80.0564361067391 28.913867138718043))"
13E,2020-02-07 08:55:00+00:00,2020-02-07 10:55:00+00:00,0.0,45000.0,"POLYGON ((-74.17933292253622 37.28366553551537, -72.8860985327874 36.20285440455486, -78.87476656062871 29.082299484726555, -80.0564361067391 28.913867138718043, -77.00777798108662 35.052829008980844, -74.17933292253622 37.28366553551537))"
15E,2020-02-07 08:55:00+00:00,2020-02-07 10:55:00+00:00,0.0,45000.0,"POLYGON ((-82.12397088460735 26.65692051132631, -80.85026976048752 26.526985438691533, -82.97904246070244 24.139753076510644, -84.14972760886799 23.680515552081097, -82.12397088460735 26.65692051132631))"
16E,2020-02-07 08:55:00+00:00,2020-02-07 10:55:00+00:00,0.0,24000.0,"POLYGON ((-82.05834078877274 36.41709580121001, -81.69470442513636 36.41709580121001, -81.69470442513636 36.05345943757365, -82.05834078877274 36.05345943757365, -82.05834078877274 36.41709580121001))"
19E,2020-02-07 09:55:00+00:00,2020-02-07 11:55:00+00:00,0.0,44000.0,"POLYGON ((-81.60810992082735 26.593563582828573, -80.49298002028675 26.2609592579917, -82.44386152768286 24.000431939860878, -83.48178373253347 23.944023011476602, -81.60810992082735 26.593563582828573))"
18E,2020-02-07 09:55:00+00:00,2020-02-07 11:55:00+00:00,0.0,33000.0,"POLYGON ((-79.20241947668596 29.286447168852742, -78.46416311678924 29.42983483114988, -80.49298002028675 26.2609592579917, -81.78 26.53, -79.20241947668596 29.286447168852742))"
17E,2020-02-07 09:55:00+00:00,2020-02-07 11:55:00+00:00,0.0,45000.0,"POLYGON ((-73.01650113428165 37.67459603391035, -71.1017607889584 37.83141170401015, -77.68695586025213 28.670408845141342, -79.01170039983428 29.283601544713342, -76.18 35.42815522131804, -73.01650113428165 37.67459603391035))"
20E,2020-02-07 09:55:00+00:00,2020-02-07 11:55:00+00:00,0.0,25000.0,"POLYGON ((-79.96647104173329 37.24778092756338, -81.3028221971582 36.16051832056318, -81.75028188873445 36.13271655800803, -80.45299812669931 37.29417721559602, -79.96647104173329 37.24778092756338))"
22E,2020-02-07 10:55:00+00:00,2020-02-07 12:55:00+00:00,0.0,35000.0,"POLYGON ((-78.43961397804969 29.273439933692682, -77.51004145035955 28.73039262105773, -80.13819957253443 26.107340914101695, -80.80475445520202 26.26961929413895, -78.43961397804969 29.273439933692682))"
23E,2020-02-07 10:55:00+00:00,2020-02-07 12:55:00+00:00,0.0,41000.0,"POLYGON ((-80.77654521196041 26.42368438524639, -80.01814803446045 26.035046574174213, -82.00928316919587 24.12874107566225, -83.31437352999123 24.009448607330512, -80.77654521196041 26.42368438524639))"
21E,2020-02-07 10:55:00+00:00,2020-02-07 12:55:00+00:00,,,"POLYGON ((-71.90084371325841 40.14568661236707, -73.54469351128881 38.68739155383961, -79.43808436272823 28.06052256137753, -80.21391298369255 29.29700945056543, -75.62620641952242 36.25872360763763, -71.90084371325841 40.14568661236707))"
24E,2020-02-07 10:55:00+00:00,2020-02-07 12:55:00+00:00,0.0,25000.0,"POLYGON ((-79.52000661303278 37.78393587740666, -79.0303717085586 37.6505140493306, -81.32668568566783 35.49609883440487, -81.93 35.60828375768359, -79.52000661303278 37.78393587740666))"
25E,2020-02-07 11:55:00+00:00,2020-02-07 13:55:00+00:00,0.0,43000.0,"POLYGON ((-70.03 39.61631044263608, -70.03 38.28535879674494, -76.62242876451066 29.02683697822481, -78.05829211406056 29.265312143249012, -73.1624671194656 37.79439888745279, -70.03 39.61631044263608))"
26E,2020-02-07 11:55:00+00:00,2020-02-07 13:55:00+00:00,0.0,35000.0,"POLYGON ((-80.26211624840968 26.743562906920147, -79.56552150578052 26.20847576277964, -81.5212921797471 23.9749247783217, -83.14679317876859 24.07469221014595, -80.26211624840968 26.743562906920147))"
27E,2020-02-07 11:55:00+00:00,2020-02-07 13:55:00+00:00,0.0,25000.0,"POLYGON ((-78.3905468027385 38.22993520576952, -80.51643341926946 36.04880517492715, -81.46778338062747 36.216869688767304, -79.24 37.82828375768358, -78.3905468027385 38.22993520576952))"
BRAVO 1,2020-02-07 12:40:00+00:00,2020-02-07 16:40:00+00:00,0.0,40000.0,"POLYGON ((-72.55 34.5, -71.25 33.35, -76.55 28.2, -76.5 31, -75.4 33.2, -72.55 34.5))"
30E,2020-02-07 12:55:00+00:00,2020-02-07 14:55:00+00:00,0.0,37000.0,"POLYGON ((-79.91788375159032 26.743562906920147, -79.23229775313193 26.35909350890834, -81.02807859467377 23.882195511106563, -82.44386152768286 24.000431939860878, -79.91788375159032 26.743562906920147))"
28E,2020-02-07 12:55:00+00:00,2020-02-07 14:55:00+00:00,0.0,44000.0,"POLYGON ((-69.28322151599643 39.89421515661165, -70.03 38.28535879674494, -72.61449218536606 34.997111206835285, -76.05057862301025 32.80714986095124, -72.8710060922834 37.554613875583364, -69.28322151599643 39.89421515661165))"
29E,2020-02-07 12:55:00+00:00,2020-02-07 14:55:00+00:00,0.0,25000.0,"POLYGON ((-77.3791221195674 39.6266516208734, -76.33318508557308 39.49820803060593, -77.32 36.50178626558166, -78.82199131721796 37.24926531561953, -77.3791221195674 39.6266516208734))"
33E,2020-02-07 13:55:00+00:00,2020-02-07 15:55:00+00:00,0.0,35000.0,"POLYGON ((-79.74634369811947 26.552253380022083, -79.23229775313193 26.35909350890834, -81.02807859467377 23.882195511106563, -82.44386152768286 24.000431939860878, -79.74634369811947 26.552253380022083))"
31E,2020-02-07 13:55:00+00:00,2020-02-07 15:55:00+00:00,0.0,40000.0,"POLYGON ((-70.03 39.117203575426906, -68.10326943782125 37.574548050053345, -73.90021744915809 34.35593367745108, -72.8710060922834 37.554613875583364, -70.03 39.117203575426906))"
32E,2020-02-07 13:55:00+00:00,2020-02-07 15:55:00+00:00,0.0,25000.0,"POLYGON ((-76.66604909989366 40.60598056407978, -75.27804721123884 40.272620400810176, -76.2 37.612854697104474, -77.83825937868974 37.9077790614298, -76.66604909989366 40.60598056407978))"
34E,2020-02-07 14:55:00+00:00,2020-02-07 16:55:00+00:00,0.0,23000.0,"POLYGON ((-76.14714357041616 40.931983706994544, -73.77 40.130893132790824, -74.64511981378831 36.75955264152647, -76.61602925464697 36.88927485085976, -76.14714357041616 40.931983706994544))"
35E,2020-02-07 14:55:00+00:00,2020-02-07 16:55:00+00:00,0.0,32000.0,"POLYGON ((-81.58916954863697 25.050967532639838, -80.70105272474011 24.877166648114333, -81.02807859467377 23.882195511106563, -82.44386152768286 24.000431939860878, -81.58916954863697 25.050967532639838))"
BRAVO 2,2020-02-07 15:40:00+00:00,2020-02-07 19:40:00+00:00,0.0,40000.0,"POLYGON ((-72 35.45, -69.3 34, -74.3 28, -76.45 29, -72 35.45))"
36E,2020-02-07 15:55:00+00:00,2020-02-07 17:55:00+00:00,0.0,23000.0,"POLYGON ((-74.94696482663954 40.94195006773137, -71.98606717135713 40.30469641699582, -73.1624671194656 37.79439888745279, -75.42864405636564 38.50367679573898, -74.94696482663954 40.94195006773137))"
37E,2020-02-07 16:55:00+00:00,2020-02-07 18:55:00+00:00,0.0,21000.0,"POLYGON ((-74.22679642691968 41.30485808253144, -71.43 41.22089313279082, -71.65816773039383 39.6884500990038, -73.9967847622809 39.81919445592741, -74.22679642691968 41.30485808253144))"
HOTEL 1,2020-02-08 16:40:00+00:00,2020-02-08 20:40:00+00:00,28000.0,38000.0,"POLYGON ((-156.15 37, -153 30.3, -156.15 30.3, -158.45 34.15, -156.15 37))"
HOTEL 2,2020-02-08 18:35:00+00:00,2020-02-08 22:35:00+00:00,24000.0,40000.0,"POLYGON ((-158.3 42.15, -152 30.15, -155.45 30.15, -161 37.45, -158.3 42.15))"
HOTEL 3,2020-02-08 22:35:00+00:00,2020-02-09 02:35:00+00:00,29000.0,39000.0,"POLYGON ((-161.15 41.45, -157 41, -150.15 30.15, -158 30, -162.3 38.45, -161.15 41.45))"
1C,2020-02-09 08:55:00+00:00,2020-02-09 10:55:00+00:00,0.0,23000.0,"POLYGON ((-94.89900050551327 44.0690677754012, -93.71298215159578 43.75719645372574, -93.4821813072569 43.357031711098145, -94.7469355234926 43.41049613079542, -94.89900050551327 44.0690677754012))"
2C,2020-02-09 09:55:00+00:00,2020-02-09 11:55:00+00:00,0.0,23000.0,"POLYGON ((-94.05894999782589 44.146644230772594, -92.79672352213936 44.10061077371012, -92.84393030545279 43.44189692972724, -93.97934803370066 43.55873552507589, -94.05894999782589 44.146644230772594))"
4C,2020-02-09 11:55:00+00:00,2020-02-09 13:55:00+00:00,0.0,24000.0,"POLYGON ((-92.38270865526083 38.50247719091719, -91.00406609322698 37.412800292515804, -91.50936662565147 37.18464102448923, -92.9686807736934 38.21939860491814, -92.38270865526083 38.50247719091719))"
3C,2020-02-09 11:55:00+00:00,2020-02-09 13:55:00+00:00,0.0,23000.0,"POLYGON ((-93.33 43.812854697104484, -92.27266715496094 43.90719076983513, -92.17344712319927 43.396695166577565, -93.33 43.37914187884179, -93.33 43.812854697104484))"
5C,2020-02-09 12:55:00+00:00,2020-02-09 14:55:00+00:00,0.0,24000.0,"POLYGON ((-93.8060529358665 39.28626929374069, -91.56603505084787 39.315382828973924, -90.08970418023618 37.937049309852306, -93.05354000726338 36.82541280941731, -93.87565551924625 37.35874677808657, -93.8060529358665 39.28626929374069))"
6C,2020-02-09 13:55:00+00:00,2020-02-09 15:55:00+00:00,0.0,25000.0,"POLYGON ((-92.25989624804141 39.51470968013821, -88.4505617895641 38.970752393120584, -88.34308502601584 37.73755984861174, -91.77278328289671 37.150588858222235, -92.35901190138455 37.67437199343035, -92.25989624804141 39.51470968013821))"
7C,2020-02-09 14:55:00+00:00,2020-02-09 16:55:00+00:00,0.0,25000.0,"POLYGON ((-90.81792419627178 40.202007706211646, -87.43439737751142 38.54437264639376, -88.34308502601584 37.73755984861174, -90.61903331809752 37.79669489146906, -92.0064957018006 38.80980572654348, -90.81792419627178 40.202007706211646))"
ALFA 1,2020-02-09 21:00:00+00:00,2020-02-10 01:00:00+00:00,28000.0,40000.0,"POLYGON ((-161.15 53.15, -161.3 41.3, -166 42.45, -166 51.45, -161.15 53.15))"
8C,2020-02-09 21:55:00+00:00,2020-02-09 23:55:00+00:00,0.0,33000.0,"POLYGON ((-94.46924615532974 33.11688791976959, -94.10560979169337 33.11688791976959, -94.10560979169337 32.75325155613323, -94.46924615532974 32.75325155613323, -94.46924615532974 33.11688791976959))"
9C,2020-02-09 22:55:00+00:00,2020-02-10 00:55:00+00:00,,,"POLYGON ((-95.75690264249218 36.27452472861097, -97.11548076785647 34.16576623890242, -98.4187139458854 33.77570680876197, -96.0394071773594 34.87301709427992, -97.08895192441734 34.17818432816544, -95.56733202748046 36.21078320427971, -95.9998240896902 34.9245292735658, -98.47606069868047 33.96730887019102, -97.17282752065154 34.35736830033147, -97.19935636409066 34.34495021106845, -96.14981161703271 35.03978297718293, -96.18939470470191 34.98827079789706, -95.75690264249218 36.27452472861097))"
10C,2020-02-09 22:55:00+00:00,2020-02-10 00:55:00+00:00,0.0,38000.0,"POLYGON ((-94.16926252623733 33.264335840211, -93.71471707169187 33.264335840211, -93.71471707169187 32.80979038566554, -94.16926252623733 32.80979038566554, -94.16926252623733 33.264335840211))"
12C,2020-02-09 23:55:00+00:00,2020-02-10 01:55:00+00:00,0.0,38000.0,"POLYGON ((-93.48594554381647 33.48619608752618, -93.031400089271 33.48619608752618, -93.031400089271 33.03165063298073, -93.48594554381647 33.03165063298073, -93.48594554381647 33.48619608752618))"
13C,2020-02-09 23:55:00+00:00,2020-02-10 01:55:00+00:00,0.0,35000.0,"POLYGON ((-92.3262151927426 37.02380151597955, -89.81701635975257 34.964566129473226, -92.18 34.68, -95.58536548144562 35.79912711035868, -95.1260598386097 36.419468175734366, -92.3262151927426 37.02380151597955))"
11C,2020-02-09 23:55:00+00:00,2020-02-10 01:55:00+00:00,0.0,40000.0,"POLYGON ((-96.55881659239972 34.91504845951921, -96.41048977466127 34.78088752951504, -97.2292141734241 33.87571502758363, -97.37754099116255 34.0098759575878, -96.55881659239972 34.91504845951921))"
4C,2020-02-10 00:55:00+00:00,2020-02-10 02:55:00+00:00,0.0,37000.0,"POLYGON ((-95.27265101082203 31.629382887404784, -95.79337126779116 30.773546836606535, -96.98189372496591 30.849418872141715, -96.85693801094986 31.30641264694936, -95.27265101082203 31.629382887404784))"
2C,2020-02-10 00:55:00+00:00,2020-02-10 02:55:00+00:00,0.0,43000.0,"POLYGON ((-93.89351161712165 35.26208240077201, -91.94901846534106 34.21866716963083, -92.37290472907814 33.13212722709899, -95.0676369076764 33.50600182421121, -93.89351161712165 35.26208240077201))"
3C,2020-02-10 00:55:00+00:00,2020-02-10 02:55:00+00:00,0.0,43000.0,"POLYGON ((-93.51956414468141 30.492286251810818, -91.70803822539564 30.12644293632149, -91.81153364889602 29.403067503920138, -93.65155372956802 29.668326172639098, -93.51956414468141 30.492286251810818))"
1C,2020-02-10 00:55:00+00:00,2020-02-10 02:55:00+00:00,0.0,39000.0,"POLYGON ((-96.90632350727638 34.40039899282133, -96.7867875968375 34.240051975026965, -97.91744079128745 33.39716970101716, -98.03697670172633 33.55751671881153, -96.90632350727638 34.40039899282133))"
ALFA 2,2020-02-10 01:00:00+00:00,2020-02-10 05:00:00+00:00,29000.0,39000.0,"POLYGON ((-159.45 53.3, -161.45 39.3, -165 40.45, -165 52, -159.45 53.3))"
7C,2020-02-10 01:56:00+00:00,2020-02-10 03:55:00+00:00,0.0,43000.0,"POLYGON ((-93.03833641136431 31.067878012929807, -91.3 30.313631044263605, -91.66650633665593 29.710963116014522, -93.82277228427141 30.392741474644307, -93.03833641136431 31.067878012929807))"
6C,2020-02-10 01:56:00+00:00,2020-02-10 03:55:00+00:00,0.0,43000.0,"POLYGON ((-92.67601180891022 36.24132260444729, -90.66500476098139 34.2279306828508, -91.74522704989202 33.256039611775975, -95.0676369076764 33.50600182421121, -92.67601180891022 36.24132260444729))"
5C,2020-02-10 01:56:00+00:00,2020-02-10 03:55:00+00:00,0.0,40000.0,"POLYGON ((-96.92341092101934 34.163911707403514, -96.7713965833942 34.03394386077832, -97.82461327215073 32.80206965900905, -97.97662760977586 32.93203750563424, -96.92341092101934 34.163911707403514))"
8C,2020-02-10 01:56:00+00:00,2020-02-10 03:55:00+00:00,0.0,45000.0,"POLYGON ((-94.75 32.56457093942089, -94.72 31.44914187884179, -96.67277170438717 31.147473050320073, -96.93030485953557 31.659550111256635, -94.75 32.56457093942089))"
12C,2020-02-10 02:55:00+00:00,2020-02-10 04:55:00+00:00,0.0,41000.0,"POLYGON ((-94.43814721203358 33.38212208118899, -93.81 32.43726208852721, -96.01201045773757 31.208160016832483, -96.72714940817545 31.849851312657627, -94.43814721203358 33.38212208118899))"
11C,2020-02-10 02:55:00+00:00,2020-02-10 04:55:00+00:00,0.0,39000.0,"POLYGON ((-93.22117777636873 31.51265379423271, -91.1517789625367 30.78732594917064, -91.15271215292982 30.172507489061243, -94.00345373263033 30.903349058535504, -93.22117777636873 31.51265379423271))"
10C,2020-02-10 02:55:00+00:00,2020-02-10 04:55:00+00:00,0.0,40000.0,"POLYGON ((-92.9314529167982 35.29106214181401, -88.54516630971017 34.70545188710929, -90.92203074374477 33.67964599951591, -94.68667871254092 34.019610033334494, -92.9314529167982 35.29106214181401))"
9C,2020-02-10 02:55:00+00:00,2020-02-10 04:55:00+00:00,0.0,42000.0,"POLYGON ((-96.59799561488985 34.4949030045169, -96.44653180791654 34.36429398807029, -97.60195683048782 33.02437828123708, -97.75342063746113 33.15498729768369, -96.59799561488985 34.4949030045169))"
CHARLIE 1,2020-02-10 03:10:00+00:00,2020-02-10 07:10:00+00:00,31000.0,40000.0,"POLYGON ((-46 45, -53 38.3, -58.15 38.3, -51 45, -46 45))"
14C,2020-02-10 03:55:00+00:00,2020-02-10 05:55:00+00:00,0.0,42000.0,"POLYGON ((-90.12385486754178 35.13755578455775, -87.89476646663272 34.709330749724536, -90.649018153004 33.58678686205006, -91.75265210026718 34.32633149005137, -90.12385486754178 35.13755578455775))"
15C,2020-02-10 03:55:00+00:00,2020-02-10 05:55:00+00:00,0.0,41000.0,"POLYGON ((-92.33998097857007 31.90482411935296, -91.91613269755433 31.258680358981128, -93.11 30.805475822945567, -93.63794046927651 31.53747738328739, -92.33998097857007 31.90482411935296))"
13C,2020-02-10 03:55:00+00:00,2020-02-10 05:55:00+00:00,0.0,36000.0,"POLYGON ((-95.34534428067612 35.33291322313888, -95.21312353156684 35.182854323019676, -96.40463092228374 34.13298657345816, -96.53685167139302 34.28304547357737, -95.34534428067612 35.33291322313888))"
16C,2020-02-10 03:55:00+00:00,2020-02-10 05:55:00+00:00,0.0,43000.0,"POLYGON ((-95.48160217635015 33.03125132880792, -94.98008394928561 31.694003299933556, -95.659791401299 31.488537819143268, -96.56381691019786 32.703122937839986, -95.48160217635015 33.03125132880792))"
17C,2020-02-10 03:55:00+00:00,2020-02-10 05:55:00+00:00,0.0,45000.0,"POLYGON ((-92.31499074229355 34.94705793064694, -93.81 32.77, -94.55811967935901 33.10013347030385, -93.7709387810133 34.98006373027597, -92.31499074229355 34.94705793064694))"
ALFA 3,2020-02-10 04:45:00+00:00,2020-02-10 08:45:00+00:00,29000.0,39000.0,"POLYGON ((-158.3 53.45, -160 40, -164 40.15, -163.3 52.15, -158.3 53.45))"
20C,2020-02-10 04:55:00+00:00,2020-02-10 06:55:00+00:00,0.0,42000.0,"POLYGON ((-94.80954859806074 33.762471068875364, -94.40356789128212 32.768600663783694, -95.30456035651694 31.948221909203493, -96.04962464432387 32.86609813104934, -94.80954859806074 33.762471068875364))"
19C,2020-02-10 04:55:00+00:00,2020-02-10 06:55:00+00:00,0.0,45000.0,"POLYGON ((-92.41356842856416 35.140892246369134, -92.74 33.26, -93.52944394812017 33.004968777591145, -94.21128369796894 33.62756045833276, -94.45523361308162 34.277929553358355, -92.41356842856416 35.140892246369134))"
18C,2020-02-10 04:55:00+00:00,2020-02-10 06:55:00+00:00,0.0,39000.0,"POLYGON ((-89.22692430438377 35.272342997925655, -87.33452254349498 35.01731111553729, -89.48234216612482 33.45744597813521, -90.7047623726353 33.812198332186156, -90.9147676044338 34.6980786917871, -89.22692430438377 35.272342997925655))"
22C,2020-02-10 04:55:00+00:00,2020-02-10 06:55:00+00:00,0.0,37000.0,"POLYGON ((-93.18291208514593 30.311857533425552, -92.72836663060046 30.311857533425552, -92.72836663060046 29.8573120788801, -93.18291208514593 29.8573120788801, -93.18291208514593 30.311857533425552))"
21C,2020-02-10 04:55:00+00:00,2020-02-10 06:55:00+00:00,0.0,45000.0,"POLYGON ((-91.67752538042748 32.21279867052261, -91.1059629590289 31.297227652763507, -93.11 30.573712818262685, -93.28354108264016 31.534248635523515, -91.67752538042748 32.21279867052261))"
26C,2020-02-10 05:55:00+00:00,2020-02-10 07:55:00+00:00,0.0,42000.0,"POLYGON ((-91.47899014614089 32.9893186717509, -90.1 32.09726208852722, -92.22419422492321 29.818693376637544, -93.7861456589506 29.55006451683722, -93.25330862272543 32.29820545222906, -91.47899014614089 32.9893186717509))"
23C,2020-02-10 05:55:00+00:00,2020-02-10 07:55:00+00:00,0.0,40000.0,"POLYGON ((-87.81640095001096 35.752622829259515, -86.09137542501622 35.274706015909025, -88.52067243054887 32.61497343257922, -90.55130994640629 34.54809648938937, -87.81640095001096 35.752622829259515))"
24C,2020-02-10 05:55:00+00:00,2020-02-10 07:55:00+00:00,0.0,45000.0,"POLYGON ((-90.8125697063881 36.37705389045551, -89.98 35.598283757683575, -92.26171557612122 33.093109409525574, -93.80292965043408 34.04397844518966, -90.8125697063881 36.37705389045551))"
25C,2020-02-10 05:55:00+00:00,2020-02-10 07:55:00+00:00,0.0,44000.0,"POLYGON ((-94.07000000000001 34.08828375768358, -93.10547901554035 32.95278373972618, -95.53870998362365 32.14091744057267, -96.17937955903672 32.867053582321645, -94.07000000000001 34.08828375768358))"
27C,2020-02-10 06:55:00+00:00,2020-02-10 08:55:00+00:00,0.0,37000.0,"POLYGON ((-89.75440322473392 35.666293605467956, -86.68048016577929 34.70732305395598, -87.94880662078909 33.018171193646076, -89.59489033265385 34.25086561920501, -89.75440322473392 35.666293605467956))"
28C,2020-02-10 06:55:00+00:00,2020-02-10 08:55:00+00:00,0.0,36000.0,"POLYGON ((-89.63735209239366 36.63440270063658, -88.88168834569701 36.37212576384307, -91.43465701275326 34.42306291183953, -92.18 35.17910686720918, -89.63735209239366 36.63440270063658))"
30C,2020-02-10 06:55:00+00:00,2020-02-10 08:55:00+00:00,0.0,40000.0,"POLYGON ((-92.18734790595039 33.44977821270282, -90.05226439129581 32.99867694333922, -90.26 30.967262088527225, -93.47527586187198 29.37097004870952, -94.9751193463129 31.958685063739296, -92.18734790595039 33.44977821270282))"
29C,2020-02-10 06:55:00+00:00,2020-02-10 08:55:00+00:00,0.0,44000.0,"POLYGON ((-93.19152085767034 34.67582201304742, -90.66500476098139 34.2279306828508, -94.82555071615164 32.57368233729353, -96.04962464432387 32.86609813104934, -93.19152085767034 34.67582201304742))"
31C,2020-02-10 06:55:00+00:00,2020-02-10 08:55:00+00:00,0.0,39000.0,"POLYGON ((-94.25546682687032 36.08278171679928, -93.29354387244356 36.070529962691026, -93.29609101208848 35.87054618314971, -94.25801396651524 35.88279793725797, -94.25546682687032 36.08278171679928))"
35C,2020-02-10 07:55:00+00:00,2020-02-10 09:55:00+00:00,0.0,44000.0,"POLYGON ((-89.97255235250029 34.07444073110409, -88.93146213409968 33.13636413219181, -88.63304941424472 30.4944329485803, -93.38141787731274 29.90443960817744, -93.47309604696426 31.256334417264295, -89.97255235250029 34.07444073110409))"
34C,2020-02-10 07:55:00+00:00,2020-02-10 09:55:00+00:00,0.0,40000.0,"POLYGON ((-91.86798820292698 35.29442290760843, -90.66500476098139 34.2279306828508, -93.66770195551486 31.254721646748518, -95.45139443398276 33.006262503210436, -91.86798820292698 35.29442290760843))"
33C,2020-02-10 07:55:00+00:00,2020-02-10 09:55:00+00:00,0.0,38000.0,"POLYGON ((-89.08245656239839 36.480880923760125, -88.88559677526607 35.666293605467956, -90.55130994640629 34.54809648938937, -91.45959251106294 35.2660886208464, -89.08245656239839 36.480880923760125))"
36C,2020-02-10 07:55:00+00:00,2020-02-10 09:55:00+00:00,0.0,34000.0,"POLYGON ((-93.84520047640359 36.552038970303705, -92.8445749279747 36.34130075591106, -92.88579204500856 36.1455939617944, -93.88641759343744 36.356332176187045, -93.84520047640359 36.552038970303705))"
32C,2020-02-10 07:55:00+00:00,2020-02-10 09:55:00+00:00,0.0,36000.0,"POLYGON ((-88.69210617411704 35.507224270868186, -86.67488364358707 34.98391324116465, -85.5511387055686 34.157941806596696, -87.26719167638768 33.36277535944318, -89.00541241690564 34.684150070406005, -88.69210617411704 35.507224270868186))"
37C,2020-02-10 08:55:00+00:00,2020-02-10 10:55:00+00:00,0.0,37000.0,"POLYGON ((-87.76 36.765417309845255, -85.00826235240366 34.099264778247814, -87.32233033273488 33.316359252353806, -90.71495618012514 35.64865534626332, -87.76 36.765417309845255))"
40C,2020-02-10 08:55:00+00:00,2020-02-10 10:55:00+00:00,0.0,40000.0,"POLYGON ((-89.1254674100661 34.31115342722445, -88.08853786590034 33.13636413219181, -90.52782476944105 30.477725406782344, -93.3319013532571 30.600928047731912, -91.2770612786174 33.45600939913174, -89.1254674100661 34.31115342722445))"
38C,2020-02-10 08:55:00+00:00,2020-02-10 10:55:00+00:00,0.0,40000.0,"POLYGON ((-90.95 35.610893132790835, -90.2119215643087 34.558664395551276, -93.19243105422565 31.846348303066897, -94.80954859806074 33.762471068875364, -90.95 35.610893132790835))"
39C,2020-02-10 08:55:00+00:00,2020-02-10 10:55:00+00:00,0.0,38000.0,"POLYGON ((-95.22555502693164 32.585081841040164, -94.99165682025584 32.21531509356282, -97.33681300676157 30.780556322779333, -96.93030485953557 31.659550111256635, -95.22555502693164 32.585081841040164))"
42C,2020-02-10 09:55:00+00:00,2020-02-10 11:55:00+00:00,0.0,40000.0,"POLYGON ((-89.75440322473392 35.666293605467956, -89.54088228810181 33.71247523151669, -92.5856976612266 32.327821641001485, -94.6242549929556 33.69976654940333, -89.75440322473392 35.666293605467956))"
41C,2020-02-10 09:55:00+00:00,2020-02-10 11:55:00+00:00,0.0,36000.0,"POLYGON ((-87.63549639063797 36.454544372483575, -85.89785643296385 34.703039140738355, -88.64870706962282 32.687319460929565, -89.32 36.02, -87.63549639063797 36.454544372483575))"
43C,2020-02-10 09:55:00+00:00,2020-02-10 11:55:00+00:00,0.0,39000.0,"POLYGON ((-94.9474999076158 32.820544470346455, -94.72 31.44914187884179, -96.35118812446262 29.95621527605573, -97.1403756725017 31.392802205184726, -94.9474999076158 32.820544470346455))"
44C,2020-02-10 09:55:00+00:00,2020-02-10 11:55:00+00:00,0.0,41000.0,"POLYGON ((-88.9895428366904 33.323101374957666, -90.26 30.86628718173732, -92.14239327723354 30.952823544322086, -90.41222401214291 33.1927975070825, -88.9895428366904 33.323101374957666))"
45C,2020-02-10 10:55:00+00:00,2020-02-10 12:55:00+00:00,0.0,34000.0,"POLYGON ((-86.73342830837416 36.69435743745672, -85.72089864040395 34.488099469985336, -87.45283058286643 33.47776880447618, -88.85312938726706 35.09686227857268, -86.73342830837416 36.69435743745672))"
46C,2020-02-10 10:55:00+00:00,2020-02-10 12:55:00+00:00,0.0,40000.0,"POLYGON ((-89.98 35.352737911472786, -87.91154432974541 33.48856171048178, -89.48118569360773 31.29765030211519, -91.71100757996587 30.8322775347312, -92.34208071830629 33.259366316469354, -89.98 35.352737911472786))"
47C,2020-02-10 10:55:00+00:00,2020-02-10 12:55:00+00:00,0.0,39000.0,"POLYGON ((-93.11095916581856 34.35812375537841, -92.26768976982558 32.98090973809599, -95.645785444445 30.574489178409628, -96.90834700221919 31.78682344377124, -93.11095916581856 34.35812375537841))"
48C,2020-02-10 10:55:00+00:00,2020-02-10 12:55:00+00:00,0.0,35000.0,"POLYGON ((-92.09379285404611 32.02601528651964, -91.9862071459539 31.857417198113215, -94.83293446720978 30.040865317261208, -94.940520175302 30.209463405667627, -92.09379285404611 32.02601528651964))"
49C,2020-02-10 10:55:00+00:00,2020-02-10 12:55:00+00:00,0.0,30000.0,"POLYGON ((-102.66340197613764 32.17509589935455, -102.30571639653245 30.948250005976615, -103.48511840335715 30.46515320882205, -103.37067112775573 32.13706547705658, -102.66340197613764 32.17509589935455))"
51C,2020-02-10 11:55:00+00:00,2020-02-10 13:55:00+00:00,0.0,39000.0,"POLYGON ((-93.35970038580021 34.09617979979481, -92.26768976982558 32.98090973809599, -95.72031558994289 30.728006638343636, -96.36401234225892 31.97513444044588, -93.35970038580021 34.09617979979481))"
50C,2020-02-10 11:55:00+00:00,2020-02-10 13:55:00+00:00,0.0,40000.0,"POLYGON ((-87.62777489330361 35.81792757448312, -87.41467402561494 32.597286165297675, -91.03881430639228 31.29765030211519, -92.31622576310302 33.61220381536558, -87.62777489330361 35.81792757448312))"
54C,2020-02-10 11:55:00+00:00,2020-02-10 13:55:00+00:00,0.0,31000.0,"POLYGON ((-99.95636363636363 30.44722175752185, -99.68363636363635 30.44722175752185, -99.68363636363635 30.174494484794575, -99.95636363636363 30.174494484794575, -99.95636363636363 30.44722175752185))"
53C,2020-02-10 11:55:00+00:00,2020-02-10 13:55:00+00:00,0.0,32000.0,"POLYGON ((-102.3208724050865 32.277065112403506, -101.16373061535499 30.754660389724044, -103.04442013266947 30.816417893308536, -103.10932887224429 32.13706547705658, -102.3208724050865 32.277065112403506))"
52C,2020-02-10 11:55:00+00:00,2020-02-10 13:55:00+00:00,0.0,40000.0,"POLYGON ((-91.85163071820911 32.399765214988555, -91.74452279887005 32.23086319127405, -94.40927858468412 30.541028803926938, -94.51638650402317 30.709930827641447, -91.85163071820911 32.399765214988555))"
55C,2020-02-10 12:55:00+00:00,2020-02-10 14:55:00+00:00,0.0,37000.0,"POLYGON ((-87.40294631435376 35.54961863172338, -86.62308225418471 32.834458328288214, -90.44000716917763 31.363541129454998, -91.32889896249449 33.97119108917774, -87.40294631435376 35.54961863172338))"
56C,2020-02-10 12:55:00+00:00,2020-02-10 14:55:00+00:00,0.0,40000.0,"POLYGON ((-92.89024551526352 34.089732798434284, -91.19780842575304 33.13828250950137, -95.30325027510317 31.158685545666113, -95.83787866791457 32.03332276963507, -92.89024551526352 34.089732798434284))"
57C,2020-02-10 12:55:00+00:00,2020-02-10 14:55:00+00:00,0.0,42000.0,"POLYGON ((-90.82876681456301 32.51811910672216, -90.7414783473705 32.33817266053557, -94.20055405258749 30.660243350955824, -94.28784251978 30.840189797142415, -90.82876681456301 32.51811910672216))"
58C,2020-02-10 12:55:00+00:00,2020-02-10 14:55:00+00:00,0.0,33000.0,"POLYGON ((-102.19 32.29914187884179, -99.58296709005478 30.39533096916344, -101.47803773442364 29.971492633296922, -103.06976612672437 31.869886602628167, -102.19 32.29914187884179))"
59C,2020-02-10 13:55:00+00:00,2020-02-10 15:55:00+00:00,0.0,35000.0,"POLYGON ((-87.07037982329443 35.3708399752367, -86.00392407002113 33.04748552331121, -90.26 31.3, -90.28 33.95910686720917, -87.07037982329443 35.3708399752367))"
61C,2020-02-10 13:55:00+00:00,2020-02-10 15:55:00+00:00,0.0,41000.0,"POLYGON ((-90.61694862954639 32.686136204121624, -90.53426754997659 32.50402678898564, -95.66373969606924 30.17515052333251, -95.74642077563904 30.3572599384685, -90.61694862954639 32.686136204121624))"
60C,2020-02-10 13:55:00+00:00,2020-02-10 15:55:00+00:00,0.0,44000.0,"POLYGON ((-90.72339873581635 34.404365625916775, -90.28 33.46, -95.05788979399526 31.159558852080604, -95.77755236012206 32.415829944341056, -90.72339873581635 34.404365625916775))"
62C,2020-02-10 13:55:00+00:00,2020-02-10 15:55:00+00:00,0.0,39000.0,"POLYGON ((-101.33755004161304 32.00714967257747, -99.69180096064252 30.332804887914524, -101.69249850942846 29.688775455783485, -102.92582626266504 31.758963895791037, -101.33755004161304 32.00714967257747))"
63C,2020-02-10 14:55:00+00:00,2020-02-10 16:55:00+00:00,0.0,31000.0,"POLYGON ((-86.16496418793277 34.95577823107879, -86.09307815150527 32.68091209891812, -89.17378368961624 31.61092347917047, -88.89514200440527 34.257930005316446, -86.16496418793277 34.95577823107879))"
65C,2020-02-10 14:55:00+00:00,2020-02-10 16:55:00+00:00,0.0,43000.0,"POLYGON ((-100.40545680671474 32.28782345440256, -99.5473142459251 30.36443442282847, -101.17634444960974 29.712306022433808, -102.88601815594963 29.91369641831213, -102.96365808459836 31.634419848072888, -100.40545680671474 32.28782345440256))"
64C,2020-02-10 14:55:00+00:00,2020-02-10 16:55:00+00:00,0.0,42000.0,"POLYGON ((-89.60691723370834 34.71274719411405, -89.14237511667983 32.37953735756091, -95.58647536663014 30.16424304415326, -95.38446127126005 32.63971051897004, -89.60691723370834 34.71274719411405))"
67C,2020-02-10 15:55:00+00:00,2020-02-10 17:55:00+00:00,0.0,45000.0,"POLYGON ((-100.31755733405461 33.401403240795666, -98.92420381391062 30.915265457665612, -101.17634444960974 29.712306022433808, -102.538802333545 30.02702113079422, -102.6959069121115 32.05984186567036, -100.31755733405461 33.401403240795666))"
66C,2020-02-10 15:55:00+00:00,2020-02-10 17:55:00+00:00,0.0,41000.0,"POLYGON ((-87.86338158143018 34.58209695959877, -88.06993387320037 32.63256398647828, -96.95145801990715 30.378725631603032, -95.53833261624756 32.41754557678077, -87.86338158143018 34.58209695959877))"
SIERRA 1,2020-02-10 16:28:00+00:00,2020-02-10 20:28:00+00:00,0.0,38000.0,"POLYGON ((-150 30, -149 26, -152 20, -155 21, -157 29, -150 30))"
68C,2020-02-10 16:55:00+00:00,2020-02-10 18:55:00+00:00,0.0,41000.0,"POLYGON ((-87.4126943549591 34.556270701391, -87.41467402561494 32.597286165297675, -96.95145801990715 30.378725631603032, -95.53833261624756 32.41754557678077, -87.4126943549591 34.556270701391))"
69C,2020-02-10 16:55:00+00:00,2020-02-10 18:55:00+00:00,0.0,37000.0,"POLYGON ((-100.05986189824452 33.90866967949095, -98.24726069029435 31.656276482818313, -100.77000000000001 29.859106867209178, -101.72258958108141 30.18009942970556, -102.38619986474505 32.00984900965835, -100.05986189824452 33.90866967949095))"
TANGO 1,2020-02-10 17:14:00+00:00,2020-02-10 21:14:00+00:00,0.0,57000.0,"POLYGON ((178 5, -176 1, -176 5, 178 5))"
70C,2020-02-10 17:55:00+00:00,2020-02-10 19:55:00+00:00,0.0,42000.0,"POLYGON ((-86.18835234089318 34.2561674816533, -86.32 32.88547582294557, -95.72031558994289 30.728006638343636, -95.29740937673817 32.60981691610885, -86.18835234089318 34.2561674816533))"
71C,2020-02-10 17:55:00+00:00,2020-02-10 19:55:00+00:00,0.0,36000.0,"POLYGON ((-99.33373973754031 34.242430858091616, -97.17 33.71089313279082, -100.11401343231498 29.984849906577576, -100.97967198527328 30.594857763419398, -101.60140557692912 32.00864110351755, -99.33373973754031 34.242430858091616))"
73C,2020-02-10 18:55:00+00:00,2020-02-10 20:55:00+00:00,0.0,36000.0,"POLYGON ((-99.19195388358558 33.988534277029245, -97.17 33.71089313279082, -99.82 29.601786265581644, -100.97967198527328 30.594857763419398, -100.94859247700101 32.0933119476073, -99.19195388358558 33.988534277029245))"
72C,2020-02-10 18:55:00+00:00,2020-02-10 20:55:00+00:00,0.0,43000.0,"POLYGON ((-86.33146879287571 34.139262809979385, -86.32 32.719106867209184, -95.72031558994289 30.728006638343636, -96.12827208388839 32.54835770245518, -86.33146879287571 34.139262809979385))"
74C,2020-02-10 19:55:00+00:00,2020-02-10 21:55:00+00:00,0.0,42000.0,"POLYGON ((-86.00392282612805 34.25116009552428, -85.75893454074739 32.857797460585665, -96.23989932951147 30.275343160522098, -96.81376517569211 32.40868157310378, -86.00392282612805 34.25116009552428))"
75C,2020-02-10 19:55:00+00:00,2020-02-10 21:55:00+00:00,0.0,33000.0,"POLYGON ((-98.59 33.99, -96.55564423339148 33.69733059527902, -98.20815107746711 31.32461769646743, -99.462567625348 30.90619285961957, -100.05588157942994 32.079149805587576, -98.59 33.99))"
76C,2020-02-10 19:55:00+00:00,2020-02-10 21:55:00+00:00,0.0,41000.0,"POLYGON ((-99.42802949352226 29.773769143498374, -99.15530222079498 29.773769143498374, -99.15530222079498 29.5010418707711, -99.42802949352226 29.5010418707711, -99.42802949352226 29.773769143498374))"
SIERRA 3,2020-02-10 20:40:00+00:00,2020-02-11 00:40:00+00:00,0.0,30000.0,"POLYGON ((-151 29, -149 28, -150 23, -152 19, -151 29))"
78C,2020-02-10 20:55:00+00:00,2020-02-10 22:55:00+00:00,0.0,32000.0,"POLYGON ((-98.21979621916849 33.862112117463354, -96.60414113318079 33.73813637090367, -97.95671399586817 31.06995703664485, -99.13244264681249 31.18639615938597, -99.63473336114166 32.018684600308326, -98.21979621916849 33.862112117463354))"
77C,2020-02-10 20:55:00+00:00,2020-02-10 22:55:00+00:00,0.0,40000.0,"POLYGON ((-85.8626108554026 34.36971121421244, -85.75893454074739 32.857797460585665, -95.69206781145682 31.156348824025628, -96.67346876065524 32.99679901624816, -85.8626108554026 34.36971121421244))"
80C,2020-02-10 20:55:00+00:00,2020-02-10 22:55:00+00:00,0.0,41000.0,"POLYGON ((-89.71924940815902 31.48986740793502, -89.70454912448602 30.46449064253503, -93.24587014709073 30.022289428144358, -94.38987756723854 29.956519387931614, -94.44573067583582 30.92442804394434, -89.71924940815902 31.48986740793502))"
79C,2020-02-10 20:55:00+00:00,2020-02-10 22:55:00+00:00,0.0,37000.0,"POLYGON ((-99.05814698402908 29.941538424484367, -98.7854197113018 29.941538424484367, -98.7854197113018 29.668811151757094, -99.05814698402908 29.668811151757094, -99.05814698402908 29.941538424484367))"
82C,2020-02-10 21:55:00+00:00,2020-02-10 23:55:00+00:00,0.0,32000.0,"POLYGON ((-97.72884994172492 34.399733526641995, -96.42879864896054 33.953102457971305, -96.36401234225892 31.97513444044588, -98.34901924384195 31.273458639239355, -97.72884994172492 34.399733526641995))"
83C,2020-02-10 21:55:00+00:00,2020-02-10 23:55:00+00:00,0.0,41000.0,"POLYGON ((-89.35753417505256 31.615179270412522, -89.63010584854739 30.618008933250724, -91.3 30.979106867209182, -93.51956414468141 30.492286251810818, -93.74793218854317 31.156348824025628, -89.35753417505256 31.615179270412522))"
81C,2020-02-10 21:55:00+00:00,2020-02-10 23:55:00+00:00,0.0,40000.0,"POLYGON ((-85.67060163409563 33.97138494458704, -85.90120931136182 32.57223192555957, -95.66363288527074 32.735038630525686, -95.26714806626936 33.504242729874754, -85.67060163409563 33.97138494458704))"
1W,2020-02-10 21:55:00+00:00,2020-02-10 23:55:00+00:00,0.0,33000.0,"POLYGON ((-114.47 33.77178626558165, -112.3230152211048 32.814811521253475, -112.17390637934207 31.648053468279212, -114.6 32.77, -114.47 33.77178626558165))"
2W,2020-02-10 21:55:00+00:00,2020-02-10 23:55:00+00:00,0.0,32000.0,"POLYGON ((-111.17326338073795 34.75274634570805, -107.61 32.28, -108.44980379500397 31.56162807173776, -112.02000000000001 34.00828375768358, -111.17326338073795 34.75274634570805))"
1E,2020-02-10 22:55:00+00:00,2020-02-11 00:55:00+00:00,0.0,40000.0,"POLYGON ((-84.9950314518809 33.819760926903065, -85.21 33.05, -86.32 32.22, -89.16452037914094 32.50680898743518, -89.18019713535548 33.14795475950331, -84.9950314518809 33.819760926903065))"
86C,2020-02-10 22:55:00+00:00,2020-02-11 00:55:00+00:00,0.0,43000.0,"POLYGON ((-91.62308545374576 32.166390090680345, -88.64973307476369 32.07250108539319, -89.07714144595583 30.982695542251694, -92.64847669293799 30.952504891110653, -91.62308545374576 32.166390090680345))"
84C,2020-02-10 22:55:00+00:00,2020-02-11 00:55:00+00:00,0.0,35000.0,"POLYGON ((-94.07000000000001 34.17547582294556, -91.76023416735974 32.75497176625328, -94.75 32.91910686720917, -94.92353513320396 34.21292315909901, -94.07000000000001 34.17547582294556))"
4W,2020-02-10 22:55:00+00:00,2020-02-11 00:55:00+00:00,0.0,43000.0,"POLYGON ((-111.67057799744575 34.69732405193179, -106.82 34.20815522131804, -107.61 32.28, -110.91 31.26815522131804, -111.67057799744575 34.69732405193179))"
3W,2020-02-10 22:55:00+00:00,2020-02-11 00:55:00+00:00,0.0,35000.0,"POLYGON ((-113.6114680138436 33.589610654752754, -112.24765823362512 32.9686771802363, -112.54753214818344 32.35294631161798, -114.03739127797766 33.239306653622464, -113.6114680138436 33.589610654752754))"
85C,2020-02-10 22:55:00+00:00,2020-02-11 00:55:00+00:00,0.0,33000.0,"POLYGON ((-96.6864239192334 34.043075945595376, -95.78000000000002 34.12714530289552, -94.52521549106514 31.560551852467576, -98.20815107746711 31.32461769646743, -96.6864239192334 34.043075945595376))"
87C,2020-02-10 23:55:00+00:00,2020-02-11 01:55:00+00:00,0.0,35000.0,"POLYGON ((-92.43327468292627 33.874443603693884, -95.07972136892346 31.28683335086115, -97.85636643938678 31.658659501556194, -96.73466284966891 33.48444916676013, -92.43327468292627 33.874443603693884))"
5W,2020-02-10 23:55:00+00:00,2020-02-11 01:55:00+00:00,0.0,35000.0,"POLYGON ((-114.01007057148281 33.84690315619929, -112.41869688663188 33.42936220867113, -112.3230152211048 32.814811521253475, -114.37166151794436 33.2309077584596, -114.01007057148281 33.84690315619929))"
88C,2020-02-10 23:55:00+00:00,2020-02-11 01:55:00+00:00,0.0,43000.0,"POLYGON ((-91.08304863925767 33.73403785163903, -89.9418522382862 32.37457629391113, -87.0985084043336 33.26914275845335, -88.59835852415253 30.934236433895936, -92.34384123867214 31.204580694487383, -91.08304863925767 33.73403785163903))"
7W,2020-02-10 23:55:00+00:00,2020-02-11 01:55:00+00:00,0.0,31000.0,"POLYGON ((-113.16417020674973 35.312734380757824, -111.7766264857775 34.69797931777682, -113.12810393733024 34.47698341148857, -113.16417020674973 35.312734380757824))"
6W,2020-02-10 23:55:00+00:00,2020-02-11 01:55:00+00:00,0.0,43000.0,"POLYGON ((-111.29706636163317 34.650076198418, -109.14 34.42, -108.12299353230087 32.27896307319755, -110.58581037543746 31.43175604669279, -111.29706636163317 34.650076198418))"
SIERRA 4,2020-02-11 00:35:00+00:00,2020-02-11 04:35:00+00:00,0.0,34000.0,"POLYGON ((-147 26, -147 21, -156 21, -147 26))"
1C,2020-02-11 00:55:00+00:00,2020-02-11 02:55:00+00:00,0.0,40000.0,"POLYGON ((-92.18 34.347262088527216, -91.84269448798791 32.519846002705115, -94.79452181092695 31.313683417687628, -96.88891790983827 32.562499391087925, -92.18 34.347262088527216))"
2W,2020-02-11 00:55:00+00:00,2020-02-11 02:55:00+00:00,0.0,41000.0,"POLYGON ((-110.25285504276299 34.032954070363864, -108.47297311922867 32.267559751279975, -109.26 31.27178626558165, -111.2826672660394 31.330929419644484, -112.02000000000001 33.76273791147279, -110.25285504276299 34.032954070363864))"
2C,2020-02-11 00:55:00+00:00,2020-02-11 02:55:00+00:00,0.0,42000.0,"POLYGON ((-90.28 33.604570939420896, -87.97056399146943 31.53081580977956, -88.42445178071519 30.863550210380023, -92.0195580513369 31.668015237485825, -90.28 33.604570939420896))"
1W,2020-02-11 00:55:00+00:00,2020-02-11 02:55:00+00:00,0.0,33000.0,"POLYGON ((-113.54 35.18628718173731, -112.9683593267662 34.86500121363708, -113.96303471277463 32.98968897595375, -114.6 33.059141878841785, -113.54 35.18628718173731))"
3C,2020-02-11 01:55:00+00:00,2020-02-11 03:55:00+00:00,0.0,42000.0,"POLYGON ((-91.57307442111752 34.67849588350597, -91.19780842575304 33.13828250950137, -94.16734898917797 31.629382887404784, -93.81 32.77, -91.57307442111752 34.67849588350597))"
4C,2020-02-11 01:55:00+00:00,2020-02-11 03:55:00+00:00,0.0,40000.0,"POLYGON ((-87.30323236465192 32.2161945303844, -87.36923758300242 31.41637955877519, -88.36 31.395475822945567, -88.25514323972608 32.18782798091745, -87.30323236465192 32.2161945303844))"
3W,2020-02-11 01:55:00+00:00,2020-02-11 03:55:00+00:00,0.0,43000.0,"POLYGON ((-112.0525501917757 34.346330933610005, -109.69770607317899 34.22773358623716, -107.83707452040264 32.74091162802749, -109.26 31.27178626558165, -111.2826672660394 31.330929419644484, -112.0525501917757 34.346330933610005))"
6C,2020-02-11 02:55:00+00:00,2020-02-11 04:55:00+00:00,0.0,43000.0,"POLYGON ((-88.8 32.38, -86.68285644890551 32.09214832534727, -86.97849752670874 31.44447747954094, -87.98666848660484 31.49799042518937, -88.8 32.38))"
4W,2020-02-11 02:55:00+00:00,2020-02-11 04:55:00+00:00,0.0,35000.0,"POLYGON ((-106.72722040223528 33.469777282119665, -106.36406552690968 32.95830555593388, -109.06323997272413 32.26984748092498, -109.26 32.93547582294558, -106.72722040223528 33.469777282119665))"
5C,2020-02-11 02:55:00+00:00,2020-02-11 04:55:00+00:00,0.0,42000.0,"POLYGON ((-90.28 34.18285469710447, -89.6243919102385 32.59508149655363, -93.780208598701 31.488537819143268, -93.46613270090573 32.76953036433165, -90.28 34.18285469710447))"
SIERRA 5,2020-02-11 03:29:00+00:00,2020-02-11 07:30:00+00:00,0.0,37000.0,"POLYGON ((-148 27, -146 25, -146 20, -153 22, -154 25, -148 27))"
7C,2020-02-11 03:55:00+00:00,2020-02-11 05:55:00+00:00,0.0,42000.0,"POLYGON ((-89.4086900535937 34.54809648938937, -89.2195407729077 32.7322276438874, -93.05324656617897 31.72937823056986, -91.81757510093813 33.574930814846994, -89.4086900535937 34.54809648938937))"
5W,2020-02-11 03:55:00+00:00,2020-02-11 05:55:00+00:00,0.0,36000.0,"POLYGON ((-106.57161962438006 33.866197425802795, -106.17203034107841 33.657090368696416, -108.89694473045249 32.14214732211654, -108.88027826886659 33.03795717824705, -106.57161962438006 33.866197425802795))"
8C,2020-02-11 03:55:00+00:00,2020-02-11 05:55:00+00:00,0.0,36000.0,"POLYGON ((-87.8475721868518 32.70837151409634, -86.32 32.22, -86.80117990672156 31.810179613637978, -88.16892095028963 32.15712789489411, -87.8475721868518 32.70837151409634))"
6W,2020-02-11 04:55:00+00:00,2020-02-11 06:55:00+00:00,0.0,36000.0,"POLYGON ((-106.57161962438006 33.866197425802795, -106.17203034107841 33.657090368696416, -108.89694473045249 32.14214732211654, -108.88027826886659 33.03795717824705, -106.57161962438006 33.866197425802795))"
9C,2020-02-11 04:55:00+00:00,2020-02-11 06:55:00+00:00,0.0,42000.0,"POLYGON ((-87.9849858244047 34.30008931420955, -88.51 33.49, -91.88169438982536 32.464575950727834, -90.97315033225765 33.45807138829729, -87.9849858244047 34.30008931420955))"
10C,2020-02-11 05:55:00+00:00,2020-02-11 07:55:00+00:00,0.0,38000.0,"POLYGON ((-89.98 34.18815522131805, -86.59178618333314 34.28443770024815, -86.69950649313866 32.987958275679404, -91.30878765631445 32.77255260359794, -89.98 34.18815522131805))"
8W,2020-02-11 05:55:00+00:00,2020-02-11 07:55:00+00:00,0.0,28000.0,"POLYGON ((-111.73447863112739 34.4430612191985, -109.26 32.60273791147279, -110.18624951377409 31.843274814682438, -112.48 34.03452417705443, -111.73447863112739 34.4430612191985))"
7W,2020-02-11 05:55:00+00:00,2020-02-11 07:55:00+00:00,0.0,33000.0,"POLYGON ((-105.82421966940844 34.212435222991964, -106.00239534125114 32.05498004629535, -108.163718281165 31.80822845687134, -108.01757531308353 33.53249017701852, -105.82421966940844 34.212435222991964))"
11C,2020-02-11 05:55:00+00:00,2020-02-11 07:55:00+00:00,0.0,26000.0,"POLYGON ((-100.21106198844805 31.16532432721253, -99.70135886776438 30.497719085764757, -100.65258948623554 29.462175682880737, -101.53833235498827 29.63442281741876, -100.21106198844805 31.16532432721253))"
SIERRA 6,2020-02-11 06:43:00+00:00,2020-02-11 10:45:00+00:00,0.0,42000.0,"POLYGON ((-145.2 26, -146.5 17.1, -154.2 19.4, -152.5 24.5, -145.2 26))"
12C,2020-02-11 06:55:00+00:00,2020-02-11 08:55:00+00:00,0.0,32000.0,"POLYGON ((-89.59489033265385 34.25086561920501, -86.59178618333314 34.28443770024815, -86.9 32.83815522131804, -90.88842001156488 32.4275446301404, -89.59489033265385 34.25086561920501))"
13C,2020-02-11 06:55:00+00:00,2020-02-11 08:55:00+00:00,0.0,29000.0,"POLYGON ((-99.63473336114166 32.018684600308326, -98.63812988324219 31.65270216974135, -99.28322630051315 30.789898353399686, -100.45 31.037262088527214, -99.63473336114166 32.018684600308326))"
9W,2020-02-11 06:55:00+00:00,2020-02-11 08:55:00+00:00,0.0,33000.0,"POLYGON ((-105.08218372354096 34.26137554175545, -106.05408443031955 32.28091522214198, -107.88901638266013 32.51497461962418, -107.66418555846039 34.04793473795517, -105.08218372354096 34.26137554175545))"
15C,2020-02-11 07:55:00+00:00,2020-02-11 09:55:00+00:00,0.0,32000.0,"POLYGON ((-104.39015209252548 33.80090320216795, -99.86 33.14547582294556, -103.16490635153167 32.02368281254393, -104.62 32.341786265581646, -104.39015209252548 33.80090320216795))"
16C,2020-02-11 07:55:00+00:00,2020-02-11 09:55:00+00:00,0.0,27000.0,"POLYGON ((-106.35736127977817 33.59492822241103, -105.41655717074562 33.33745759080962, -105.90219634210935 32.587967010721286, -106.85954103094922 32.92636980010632, -106.35736127977817 33.59492822241103))"
14C,2020-02-11 07:55:00+00:00,2020-02-11 09:55:00+00:00,0.0,30000.0,"POLYGON ((-98.15070279915912 30.59983285309897, -97.83929971414611 30.268985945881873, -98.92178334766544 29.80517478812073, -99.35527079019141 30.43319942851285, -98.15070279915912 30.59983285309897))"
17C,2020-02-11 07:55:00+00:00,2020-02-11 09:55:00+00:00,0.0,33000.0,"POLYGON ((-90.29752214513223 32.83054441092996, -90.03454966559809 32.296416942984756, -91.43723615679224 32.00742589936598, -91.52564103993404 32.51895342802501, -90.29752214513223 32.83054441092996))"
19C,2020-02-11 08:55:00+00:00,2020-02-11 10:55:00+00:00,0.0,32000.0,"POLYGON ((-103.22276016315152 33.730877293526476, -99.51342413560543 33.6682140965486, -100.64885763950687 32.47753989378691, -103.9206318112755 32.74983416596098, -103.22276016315152 33.730877293526476))"
20C,2020-02-11 08:55:00+00:00,2020-02-11 10:55:00+00:00,0.0,32000.0,"POLYGON ((-88.58647644583182 33.643681395730304, -88.51 32.99089313279082, -91.0073077572899 32.10841313743647, -91.12533952670466 32.835025902913294, -88.58647644583182 33.643681395730304))"
18C,2020-02-11 08:55:00+00:00,2020-02-11 10:55:00+00:00,0.0,32000.0,"POLYGON ((-97.33681300676157 30.780556322779333, -97.21999916832097 30.490283930826017, -98.26827197561913 30.04056049730809, -98.20031823518194 30.378289244357866, -97.33681300676157 30.780556322779333))"
22C,2020-02-11 09:55:00+00:00,2020-02-11 11:55:00+00:00,0.0,32000.0,"POLYGON ((-102.60950977294848 34.03866862920351, -99.51342413560543 33.6682140965486, -101.14175011794116 32.91917757755634, -103.52093908231348 32.953155243351134, -102.60950977294848 34.03866862920351))"
23C,2020-02-11 09:55:00+00:00,2020-02-11 11:55:00+00:00,0.0,30000.0,"POLYGON ((-98.35792696959226 32.03738773806416, -98.05181607095312 31.657616916745877, -100.81982898076103 30.600944743093184, -100.45 31.37, -98.35792696959226 32.03738773806416))"
21C,2020-02-11 09:55:00+00:00,2020-02-11 11:55:00+00:00,0.0,37000.0,"POLYGON ((-95.659791401299 31.488537819143268, -95.39577329592038 31.15823543187934, -97.594043257101 30.246418251477056, -97.53 30.95828375768358, -95.659791401299 31.488537819143268))"
SIERRA 7,2020-02-11 10:17:00+00:00,2020-02-11 14:15:00+00:00,0.0,45000.0,"POLYGON ((-144.1 25.5, -146.1 14.1, -149.1 20, -154.4 19.3, -152.2 25.4, -144.1 25.5))"
24C,2020-02-11 10:55:00+00:00,2020-02-11 12:55:00+00:00,0.0,35000.0,"POLYGON ((-94.9751193463129 31.958685063739296, -94.58235430907413 31.277567416987512, -96.99444768509619 30.56990798583969, -97.56723703056144 31.044835798268878, -94.9751193463129 31.958685063739296))"
26C,2020-02-11 10:55:00+00:00,2020-02-11 12:55:00+00:00,0.0,29000.0,"POLYGON ((-98.59087818783965 32.0279606345741, -98.44269904503261 31.65463822396303, -99.82 31.099106867209183, -99.30507695439212 32.00821909695236, -98.59087818783965 32.0279606345741))"
25C,2020-02-11 10:55:00+00:00,2020-02-11 12:55:00+00:00,0.0,28000.0,"POLYGON ((-102.09625454310407 34.243078109296235, -100.4437041883118 34.06249408633919, -102.34067172907083 32.31732074554638, -104.54392530088305 33.18627192842135, -102.09625454310407 34.243078109296235))"
27C,2020-02-11 10:55:00+00:00,2020-02-11 12:55:00+00:00,0.0,26000.0,"POLYGON ((-106.8013464139899 33.925986955674105, -106.52861914126262 33.925986955674105, -106.52861914126262 33.65325968294684, -106.8013464139899 33.65325968294684, -106.8013464139899 33.925986955674105))"
BRAVO 1,2020-02-11 11:00:00+00:00,2020-02-11 15:00:00+00:00,30000.0,38000.0,"POLYGON ((-148 40, -150 28.15, -156.45 28.3, -153 39.3, -148 40))"
28C,2020-02-11 11:55:00+00:00,2020-02-11 13:55:00+00:00,0.0,35000.0,"POLYGON ((-93.44652269758586 32.46279365383779, -93.93729595512647 31.43425797617372, -95.65323048103936 30.824684368128874, -96.80008339601204 31.493164173231474, -93.44652269758586 32.46279365383779))"
29C,2020-02-11 11:55:00+00:00,2020-02-11 13:55:00+00:00,0.0,29000.0,"POLYGON ((-96.67611812655754 32.562791639367894, -97.99526417593215 30.545150573375764, -100.76249752271063 31.258971372398964, -99.54372395127355 32.36895466409581, -96.67611812655754 32.562791639367894))"
31C,2020-02-11 12:55:00+00:00,2020-02-11 14:55:00+00:00,0.0,30000.0,"POLYGON ((-98.59 33.15815522131804, -97.76990830639855 32.61321286290881, -100.25514850460523 31.369852736129026, -100.45 31.869106867209172, -98.59 33.15815522131804))"
32C,2020-02-11 12:55:00+00:00,2020-02-11 14:55:00+00:00,0.0,35000.0,"POLYGON ((-96.12827208388839 32.54835770245518, -96.90933687124432 31.53215948732113, -100.0408547960178 30.138698843516536, -100.39985137967554 30.59871439088051, -97.45853024888417 32.51638078898611, -96.12827208388839 32.54835770245518))"
33C,2020-02-11 12:55:00+00:00,2020-02-11 14:55:00+00:00,0.0,28000.0,"POLYGON ((-98.46 30.362854697104474, -98.46 29.92914187884179, -99.77476348862295 29.356306330062054, -99.82 30.02171624231643, -98.46 30.362854697104474))"
30C,2020-02-11 12:55:00+00:00,2020-02-11 14:55:00+00:00,0.0,32000.0,"POLYGON ((-93.32591554058803 32.36016010141205, -92.62981031167267 31.52706705297966, -94.40819410809821 31.04897448894024, -95.32056182797831 31.669742553949188, -93.32591554058803 32.36016010141205))"
34C,2020-02-11 13:55:00+00:00,2020-02-11 15:55:00+00:00,0.0,31000.0,"POLYGON ((-91.67491006681706 32.64680614969554, -90.95273161336281 31.88634538079279, -93.55353180880829 31.15474239179492, -94.19543964348306 31.948221909203493, -91.67491006681706 32.64680614969554))"
35C,2020-02-11 13:55:00+00:00,2020-02-11 15:55:00+00:00,0.0,35000.0,"POLYGON ((-97.04 33.44828375768356, -94.87096494264792 32.3177151081956, -99.37900826878807 29.304882893618448, -100.7077283997809 30.83547769585861, -98.83176335860159 32.475820289140486, -97.04 33.44828375768356))"
SIERRA 8,2020-02-11 14:14:00+00:00,2020-02-11 18:15:00+00:00,0.0,46000.0,"POLYGON ((-152.3 26.4, -144.1 25.5, -149.2 16.3, -151.2 16.1, -154.4 19, -152.3 26.4))"
36C,2020-02-11 14:55:00+00:00,2020-02-11 16:55:00+00:00,0.0,31000.0,"POLYGON ((-96.05988515987679 33.822993582994904, -94.35582833007234 32.41938638276148, -99.41705686131941 29.63656417232421, -100.03820031715198 31.016420160068012, -96.05988515987679 33.822993582994904))"
37C,2020-02-11 14:55:00+00:00,2020-02-11 16:55:00+00:00,0.0,33000.0,"POLYGON ((-92.04 32.52, -91.25042300693329 32.2409079557443, -92.96792671733628 31.093177569301616, -93.87528927858456 31.157242889916176, -92.04 32.52))"
BRAVO 2,2020-02-11 15:00:00+00:00,2020-02-11 19:00:00+00:00,30000.0,39000.0,"POLYGON ((-149.15 38, -151 28.3, -155 28.45, -153.45 35.45, -149.15 38))"
38C,2020-02-11 15:55:00+00:00,2020-02-11 17:55:00+00:00,0.0,32000.0,"POLYGON ((-96.75912510927566 33.104967577383995, -95.47628099917348 32.163249195797896, -99.41705686131941 29.63656417232421, -100.0926857540749 30.36443442282847, -96.75912510927566 33.104967577383995))"
39C,2020-02-11 16:55:00+00:00,2020-02-11 18:55:00+00:00,0.0,29000.0,"POLYGON ((-97.74159839881028 31.82510780053419, -97.27 31.226287181737312, -100.18056842442608 29.86983958551286, -100.7077283997809 30.83547769585861, -97.74159839881028 31.82510780053419))"
40C,2020-02-11 17:55:00+00:00,2020-02-11 19:55:00+00:00,0.0,29000.0,"POLYGON ((-98.77140752299898 32.0933119476073, -97.90194624220784 31.147997827433063, -99.96746773013163 30.292507092080594, -100.45 30.87089313279082, -98.77140752299898 32.0933119476073))"
SIERRA 9,2020-02-11 18:12:00+00:00,2020-02-11 22:15:00+00:00,0.0,52000.0,"POLYGON ((-153 25.2, -143.2 23.2, -154.3 18.5, -153 25.2))"
41C,2020-02-11 18:55:00+00:00,2020-02-11 20:55:00+00:00,0.0,26000.0,"POLYGON ((-97.99541013897749 32.271312758502695, -97.63149757775018 31.96617200012962, -99.19787994136524 30.819819914120085, -99.60340763188562 31.36722001721092, -97.99541013897749 32.271312758502695))"
BRAVO 3,2020-02-11 19:00:00+00:00,2020-02-11 23:00:00+00:00,30000.0,39000.0,"POLYGON ((-151.15 37, -150.45 24.45, -153.15 25.3, -155.45 28.3, -154.3 36, -151.15 37))"
BRAVO 4,2020-02-11 22:30:00+00:00,2020-02-12 02:30:00+00:00,30000.0,40000.0,"POLYGON ((-158.05 37.3, -148.45 34.2, -149.05 21.2, -155.1 20.55, -158.05 37.3))"
SIERRA 10,2020-02-11 22:34:00+00:00,2020-02-12 02:35:00+00:00,0.0,50000.0,"POLYGON ((-150.2 20.1, -145.3 20, -150.3 9.2, -152.4 14, -150.2 20.1))"
42C,2020-02-11 23:55:00+00:00,2020-02-12 01:55:00+00:00,0.0,28000.0,"POLYGON ((-94.09055605187983 33.004968777591145, -94.05769235839675 31.82990200716841, -96.58328600413182 31.06995703664485, -96.57453627360172 32.246318965309385, -94.09055605187983 33.004968777591145))"
1C,2020-02-12 00:55:00+00:00,2020-02-12 02:55:00+00:00,0.0,28000.0,"POLYGON ((-93.78858126771948 33.274400425435914, -93.81 32.10452417705443, -97.27 30.994524177054426, -97.27 31.99273791147279, -93.78858126771948 33.274400425435914))"
2C,2020-02-12 01:55:00+00:00,2020-02-12 03:55:00+00:00,0.0,31000.0,"POLYGON ((-92.96963348234651 33.72090384528462, -93.04243792398498 32.6448138941167, -96.9942787735072 31.424422285093417, -96.7606117723427 32.6344080894434, -92.96963348234651 33.72090384528462))"
1E,2020-02-12 01:55:00+00:00,2020-02-12 03:55:00+00:00,0.0,38000.0,"POLYGON ((-80.71355461601514 33.64766339907363, -80.65045096056785 33.45787949915272, -83.86082737768737 32.39042073491372, -83.92393103313466 32.58020463483463, -80.71355461601514 33.64766339907363))"
TANGO 1,2020-02-12 02:03:00+00:00,2020-02-12 06:00:00+00:00,30000.0,40000.0,"POLYGON ((-146.4 34.1, -156.4 22, -157.3 34, -146.4 34.1))"
SIERRA 11,2020-02-12 02:08:00+00:00,2020-02-12 06:10:00+00:00,0.0,49000.0,"POLYGON ((-151.3 20, -143.2 19.1, -151.2 8.4, -154.2 14, -151.3 20))"
2E,2020-02-12 02:55:00+00:00,2020-02-12 04:55:00+00:00,0.0,30000.0,"POLYGON ((-80.72789277870845 33.97023103770956, -80.35851988325095 33.0002461946522, -83.16634297194972 32.28016295420759, -80.72789277870845 33.97023103770956))"
3E,2020-02-12 04:55:00+00:00,2020-02-12 06:55:00+00:00,0.0,30000.0,"POLYGON ((-75.9067242004336 36.654357961735144, -74.85328456059213 35.8069919907005, -77.1906390217054 35.43224824078843, -75.9067242004336 36.654357961735144))"
3C,2020-02-12 04:55:00+00:00,2020-02-12 06:55:00+00:00,0.0,32000.0,"POLYGON ((-95.59278718736687 33.123042573428044, -94.75 31.754524177054435, -98.98952908502369 29.447948339967343, -100.17667565264215 30.472180254601373, -95.59278718736687 33.123042573428044))"
4C,2020-02-12 04:55:00+00:00,2020-02-12 06:55:00+00:00,0.0,32000.0,"POLYGON ((-92.15583971658731 32.47283140619955, -92.05519121160938 32.300002362211835, -94.1628430228268 31.072592900708727, -94.26349152780473 31.245421944696446, -92.15583971658731 32.47283140619955))"
TANGO 2,2020-02-12 05:53:00+00:00,2020-02-12 09:50:00+00:00,30000.0,40000.0,"POLYGON ((-159 32, -149 28.3, -150 20, -158 22.3, -159 32))"
4E,2020-02-12 05:55:00+00:00,2020-02-12 07:55:00+00:00,0.0,25000.0,"POLYGON ((-74.85328456059213 35.8069919907005, -74.28936930317946 35.60841081246331, -75.63474990650363 35.18282238171873, -75.7890380398178 35.49083718574, -74.85328456059213 35.8069919907005))"
5C,2020-02-12 05:55:00+00:00,2020-02-12 07:55:00+00:00,0.0,32000.0,"POLYGON ((-95.83787866791457 32.03332276963507, -99.63620021137392 27.940947477422903, -100.40746807628835 28.590985780266138, -97.81285059182453 31.849851312657627, -95.83787866791457 32.03332276963507))"
6C,2020-02-12 05:55:00+00:00,2020-02-12 07:55:00+00:00,0.0,32000.0,"POLYGON ((-92.09098856040563 32.60602422163415, -91.98901143959438 32.433975778365856, -93.72922003829537 31.402513597509117, -93.83119715910662 31.57456204077742, -92.09098856040563 32.60602422163415))"
SIERRA 12,2020-02-12 06:00:00+00:00,2020-02-12 10:00:00+00:00,0.0,51000.0,"POLYGON ((-150.1 20, -143.2 18.2, -145.2 10.2, -151.5 9.2, -154.1 13.4, -150.1 20))"
7C,2020-02-12 06:55:00+00:00,2020-02-12 08:55:00+00:00,0.0,39000.0,"POLYGON ((-95.45139443398276 33.006262503210436, -97.38193271221485 30.687326283437443, -98.66032801472672 30.594857763419398, -97.19108209016174 32.562499391087925, -95.45139443398276 33.006262503210436))"
8C,2020-02-12 06:55:00+00:00,2020-02-12 08:55:00+00:00,0.0,35000.0,"POLYGON ((-97.35194681227343 30.316212650355922, -98.46 28.808155221318042, -99.965680093625 28.65174496788047, -98.75481726216897 30.254493428529763, -97.35194681227343 30.316212650355922))"
10C,2020-02-12 07:55:00+00:00,2020-02-12 09:55:00+00:00,0.0,35000.0,"POLYGON ((-98.35416804982187 31.083258342505104, -96.44697070473799 30.951513136209684, -99.81908771037706 27.832352448892518, -100.47954528520262 28.74486603371117, -98.35416804982187 31.083258342505104))"
9C,2020-02-12 07:55:00+00:00,2020-02-12 09:55:00+00:00,0.0,39000.0,"POLYGON ((-95.35896950526971 32.929672374570146, -97.05401120569863 30.788045887132, -98.24549608152638 30.991413935956988, -97.19912466100116 32.92522419044186, -95.35896950526971 32.929672374570146))"
12C,2020-02-12 08:55:00+00:00,2020-02-12 10:55:00+00:00,0.0,38000.0,"POLYGON ((-98.60319358760056 30.757615333493394, -97.70805318772658 30.316212650355922, -99.70867607748526 28.09452142081679, -100.23256413636088 28.88836074833382, -98.60319358760056 30.757615333493394))"
11C,2020-02-12 08:55:00+00:00,2020-02-12 10:55:00+00:00,0.0,41000.0,"POLYGON ((-96.6181247357163 33.2222144348305, -95.16972922585279 32.77222657106918, -97.3828612280965 30.07250781914057, -98.60319358760056 30.757615333493394, -96.6181247357163 33.2222144348305))"
TANGO 3,2020-02-12 09:30:00+00:00,2020-02-12 13:30:00+00:00,28000.0,40000.0,"POLYGON ((-149 28.3, -150 20.3, -157 17, -158.4 29.5, -149 28.3))"
SIERRA 13,2020-02-12 09:35:00+00:00,2020-02-12 13:35:00+00:00,0.0,52000.0,"POLYGON ((-150.2 18.2, -143.3 16.4, -148.4 10.1, -155.1 11.1, -150.2 18.2))"
13C,2020-02-12 09:55:00+00:00,2020-02-12 11:55:00+00:00,0.0,41000.0,"POLYGON ((-95.84712949601693 32.79724958196069, -94.82555071615164 32.57368233729353, -96.636252237194 30.695292284022866, -97.82005890197578 31.188257217783516, -95.84712949601693 32.79724958196069))"
14C,2020-02-12 09:55:00+00:00,2020-02-12 11:55:00+00:00,0.0,38000.0,"POLYGON ((-98.16980147557979 31.338508877722262, -96.81546600605128 30.632722857940212, -98.9857472701459 28.40155436335463, -99.70788943732514 29.737792400322206, -98.16980147557979 31.338508877722262))"
15C,2020-02-12 10:55:00+00:00,2020-02-12 12:55:00+00:00,0.0,34000.0,"POLYGON ((-95.93725590170112 33.24716666333695, -93.8858481414551 32.92368203182003, -98.89555626516638 28.717059469156037, -100.18694569438678 29.830960657982878, -95.93725590170112 33.24716666333695))"
16C,2020-02-12 10:55:00+00:00,2020-02-12 12:55:00+00:00,0.0,27000.0,"POLYGON ((-103.4075812987304 29.82831901421994, -103.00412631278763 29.473114417271137, -103.29545604096907 28.915027596438687, -103.95 29.301786265581644, -103.4075812987304 29.82831901421994))"
18C,2020-02-12 11:55:00+00:00,2020-02-12 13:55:00+00:00,0.0,30000.0,"POLYGON ((-97.82005890197578 31.188257217783516, -96.31099318140777 30.832926542824385, -98.46 28.808155221318042, -99.41705686131941 29.63656417232421, -97.82005890197578 31.188257217783516))"
19C,2020-02-12 11:55:00+00:00,2020-02-12 13:55:00+00:00,0.0,27000.0,"POLYGON ((-102.72338761232632 30.415481926530124, -102.26934998960621 30.33469283523682, -102.71799543795063 29.851630389950394, -103.24399117654461 29.684742504663365, -102.72338761232632 30.415481926530124))"
17C,2020-02-12 11:55:00+00:00,2020-02-12 13:55:00+00:00,0.0,35000.0,"POLYGON ((-95.08015744161608 33.08740075653429, -93.9689452643628 32.82522457566231, -95.81706085090414 31.54262560718863, -96.7984016011897 31.82510780053419, -95.08015744161608 33.08740075653429))"
22C,2020-02-12 12:55:00+00:00,2020-02-12 14:55:00+00:00,0.0,29000.0,"POLYGON ((-101.8161027315283 30.944785814376942, -101.27054920329921 30.66154296484334, -101.83211056267488 29.737792400322206, -102.46607336090584 29.873048685196448, -101.8161027315283 30.944785814376942))"
21C,2020-02-12 12:55:00+00:00,2020-02-12 14:55:00+00:00,0.0,30000.0,"POLYGON ((-97.8961816667922 31.437171228573096, -96.67277170438717 31.147473050320073, -97.44 28.767425636525363, -98.46 29.206287181737324, -97.8961816667922 31.437171228573096))"
20C,2020-02-12 12:55:00+00:00,2020-02-12 14:55:00+00:00,0.0,32000.0,"POLYGON ((-94.31579212985434 33.71421163701044, -93.59034705745859 33.34310067429865, -95.73364421504907 31.156029810061813, -96.956535366461 31.548967045717415, -94.31579212985434 33.71421163701044))"
TANGO 4,2020-02-12 13:07:00+00:00,2020-02-12 17:05:00+00:00,28000.0,40000.0,"POLYGON ((-161.3 29, -152.5 14.4, -161.5 17, -161.3 29))"
24C,2020-02-12 13:55:00+00:00,2020-02-12 15:55:00+00:00,0.0,34000.0,"POLYGON ((-97.27 32.15910686720918, -95.25994404946879 31.349873633731026, -96.71395260457268 29.112321022424442, -98.10586255727372 29.766862839455147, -97.27 32.15910686720918))"
23C,2020-02-12 13:55:00+00:00,2020-02-12 15:55:00+00:00,0.0,32000.0,"POLYGON ((-93.6469561964963 34.87726180764858, -91.84629148396233 34.011713549241755, -93.33434920118522 32.60312638756297, -94.86839657057737 33.23081290740657, -93.6469561964963 34.87726180764858))"
27C,2020-02-12 14:55:00+00:00,2020-02-12 16:55:00+00:00,0.0,28000.0,"POLYGON ((-97.92110463500133 29.16834839713986, -96.8369632215839 28.949977610162957, -97.97015492100442 27.428424099833215, -98.8873085474881 27.949547778573937, -97.92110463500133 29.16834839713986))"
26C,2020-02-12 14:55:00+00:00,2020-02-12 16:55:00+00:00,0.0,33000.0,"POLYGON ((-95.85156491157714 32.864381406522625, -94.56804411745429 32.356202586170205, -96.6022338205202 29.374504975625655, -97.75036516797682 29.918700474297374, -95.85156491157714 32.864381406522625))"
28C,2020-02-12 14:55:00+00:00,2020-02-12 16:55:00+00:00,0.0,33000.0,"POLYGON ((-94.97716745564635 30.625479815784193, -93.57412103310554 30.305158466759107, -94.94528541946798 28.255224275913758, -95.70184762460734 28.53733935882633, -94.97716745564635 30.625479815784193))"
TANGO 5,2020-02-12 15:09:00+00:00,2020-02-12 19:10:00+00:00,28000.0,40000.0,"POLYGON ((-160.3 28.2, -143.5 27.3, -154 14.1, -163.4 17.1, -160.3 28.2))"
29C,2020-02-12 15:55:00+00:00,2020-02-12 17:55:00+00:00,0.0,32000.0,"POLYGON ((-95.16972922585279 32.77222657106918, -94.08907674063215 32.53440927700298, -95.35 30.292737911472788, -96.45680641239944 30.757615333493394, -95.16972922585279 32.77222657106918))"
30C,2020-02-12 15:55:00+00:00,2020-02-12 17:55:00+00:00,0.0,31000.0,"POLYGON ((-94.38211020600474 31.159558852080604, -93.4320639819126 30.80743767188861, -94.64635889931616 29.344768229756717, -95.2226254990634 29.692806479620216, -94.38211020600474 31.159558852080604))"
31C,2020-02-12 16:55:00+00:00,2020-02-12 18:55:00+00:00,0.0,31000.0,"POLYGON ((-94.66859394435299 33.50856061925483, -93.16036397274931 32.9063703385024, -94.96594349629714 29.95944308566203, -96.45680641239944 30.757615333493394, -94.66859394435299 33.50856061925483))"
32C,2020-02-12 18:15:00+00:00,2020-02-12 19:55:00+00:00,0.0,32000.0,"POLYGON ((-93.04672531707372 33.874443603693884, -91.01478844135691 33.203164668818594, -94.19786491320865 29.95498799596341, -95.645785444445 30.574489178409628, -93.04672531707372 33.874443603693884))"
33C,2020-02-12 18:15:00+00:00,2020-02-12 19:55:00+00:00,0.0,29000.0,"POLYGON ((-95.645785444445 30.574489178409628, -94.19786491320865 29.95498799596341, -95.43600408756237 28.43885608175693, -96.31 29.59184477868197, -95.645785444445 30.574489178409628))"
34C,2020-02-12 18:55:00+00:00,2020-02-12 20:55:00+00:00,0.0,33000.0,"POLYGON ((-92.58718302852427 33.567316362224055, -90.56125777059637 33.22440102820553, -94.17227936058497 29.753723960894575, -96.71765032138593 29.67164346774954, -92.58718302852427 33.567316362224055))"
TANGO 6,2020-02-12 19:08:00+00:00,2020-02-12 23:10:00+00:00,28000.0,40000.0,"POLYGON ((-160 28.2, -153 14.1, -160 14.1, -160 28.2))"
35C,2020-02-12 19:55:00+00:00,2020-02-12 21:55:00+00:00,0.0,37000.0,"POLYGON ((-91.7964333710089 33.91087326855821, -89.87254180680469 32.89091044801956, -92.75498991222597 30.01218912597088, -94.33116448556851 31.1594157937704, -91.7964333710089 33.91087326855821))"
36C,2020-02-12 20:55:00+00:00,2020-02-12 22:55:00+00:00,0.0,41000.0,"POLYGON ((-90.28 34.125475822945575, -89.06412603044258 33.679767484958724, -92.22419422492321 29.818693376637544, -93.64423517966205 30.329918444256382, -90.28 34.125475822945575))"
CHARLIE 1,2020-02-12 21:15:00+00:00,2020-02-13 01:15:00+00:00,30000.0,40000.0,"POLYGON ((165.05 41.05, 172.1 40.4, 171.5 38.15, 165.05 38.4, 165.05 41.05))"
37C,2020-02-12 21:55:00+00:00,2020-02-12 23:55:00+00:00,0.0,40000.0,"POLYGON ((-88.1742547581263 36.396560812866305, -87.07037982329443 35.3708399752367, -89.54240207820213 31.043338094458317, -92.34049849980377 30.13775617624378, -92.67968806575439 31.196208362314515, -88.1742547581263 36.396560812866305))"
TANGO 7,2020-02-12 22:41:00+00:00,2020-02-13 02:40:00+00:00,25000.0,40000.0,"POLYGON ((-160.5 27.2, -151.2 14, -161 14.2, -160.5 27.2))"
38C,2020-02-12 22:55:00+00:00,2020-02-13 00:55:00+00:00,0.0,40000.0,"POLYGON ((-87.06436622495158 36.92836605612156, -84.6514368539167 36.152266145683434, -89.54240207820213 31.043338094458317, -92.5 31.26, -87.06436622495158 36.92836605612156))"
39C,2020-02-12 22:55:00+00:00,2020-02-13 00:55:00+00:00,0.0,29000.0,"POLYGON ((-93.08386730244565 31.258680358981128, -91.83400626485543 30.287912163885885, -94.76920999790224 28.72908784338094, -95.35 29.12815522131804, -93.08386730244565 31.258680358981128))"
41C,2020-02-12 23:55:00+00:00,2020-02-13 01:55:00+00:00,0.0,34000.0,"POLYGON ((-91.61979800349016 32.87222388479775, -91.23350878115083 31.296328646015013, -95.26184559306928 28.373957959668086, -95.35 29.294524177054427, -91.61979800349016 32.87222388479775))"
40C,2020-02-12 23:55:00+00:00,2020-02-13 01:55:00+00:00,0.0,43000.0,"POLYGON ((-86.2813464230858 36.622484581265304, -86.74438937422312 34.45306037257408, -90.48463695416032 31.76091924142813, -90.84100256953744 32.98817263217928, -86.2813464230858 36.622484581265304))"
2C,2020-02-13 00:55:00+00:00,2020-02-13 02:55:00+00:00,0.0,35000.0,"POLYGON ((-88.2995198342207 34.70732305395598, -88.51 33.15726208852722, -94.05438700072355 29.313136185217296, -94.63853513333643 30.212755377217896, -88.2995198342207 34.70732305395598))"
1C,2020-02-13 00:55:00+00:00,2020-02-13 02:55:00+00:00,0.0,45000.0,"POLYGON ((-85.60758931110908 36.650466934605376, -85.63991322336713 35.124991739217634, -88.19010003143603 33.37893910074856, -87.86446153159365 35.016109146470505, -85.60758931110908 36.650466934605376))"
3C,2020-02-13 01:55:00+00:00,2020-02-13 03:55:00+00:00,0.0,42000.0,"POLYGON ((-84.31839842295123 37.02981778732473, -84.45787342811069 35.70766220376371, -85.52567732039249 35.086755193544505, -85.48260799816147 36.60781839951713, -84.31839842295123 37.02981778732473))"
4C,2020-02-13 01:55:00+00:00,2020-02-13 03:55:00+00:00,0.0,40000.0,"POLYGON ((-87.24959332346529 35.94765038022213, -86.59178618333314 34.28443770024815, -93.11 29.973631044263612, -93.48101024629364 30.90800287171403, -87.24959332346529 35.94765038022213))"
TANGO 8,2020-02-13 02:19:00+00:00,2020-02-13 06:15:00+00:00,25000.0,40000.0,"POLYGON ((-163.2 26.4, -150.3 13.2, -163.1 13.4, -163.2 26.4))"
6C,2020-02-13 02:55:00+00:00,2020-02-13 04:55:00+00:00,0.0,40000.0,"POLYGON ((-90.8314975397306 33.26777855606409, -88.93146213409968 33.13636413219181, -92.57576482033794 30.329918444256382, -93.65674318865123 30.6094298263139, -90.8314975397306 33.26777855606409))"
5C,2020-02-13 02:55:00+00:00,2020-02-13 04:55:00+00:00,,,"POLYGON ((-83.80641926773234 37.21075445207671, -84.9947104134258 34.95807096938059, -86.6034486690507 33.78629158831107, -83.63709617052561 37.10431344140733, -84.96892477532127 34.98568131931129, -86.72120049004836 33.94795329884185, -85.11246223442346 35.11973267991137, -85.138247872528 35.09212232998068, -83.80641926773234 37.21075445207671))"
7C,2020-02-13 02:55:00+00:00,2020-02-13 04:55:00+00:00,0.0,38000.0,"POLYGON ((-87.94127759085765 32.09429289771362, -87.76781057095411 31.99474796813012, -88.27326649004823 31.113940353470937, -88.44673350995177 31.21348528305444, -87.94127759085765 32.09429289771362))"
8C,2020-02-13 03:55:00+00:00,2020-02-13 05:55:00+00:00,0.0,40000.0,"POLYGON ((-88.51 34.32184477868197, -88.14193742313516 33.362122493947865, -93.69179473095363 28.909078579739848, -93.65674318865123 30.6094298263139, -88.51 34.32184477868197))"
1E,2020-02-13 03:55:00+00:00,2020-02-13 05:55:00+00:00,,,"POLYGON ((-81.4649890977851 37.85772982029516, -83.83316950691753 35.70608030996328, -86.5578274818956 33.82421030817694, -81.34000047365566 37.7015957630295, -83.82750568793529 35.71029508403313, -86.67148846806055 33.9887739135823, -83.94683049308247 35.87064391536864, -83.95249431206472 35.86642914129879, -81.4649890977851 37.85772982029516))"
9C,2020-02-13 03:55:00+00:00,2020-02-13 05:55:00+00:00,0.0,35000.0,"POLYGON ((-86.72316315519534 33.183982320397405, -86.54829192446975 33.08692536462134, -87.43219947788347 31.49435530637929, -87.60707070860906 31.591412262155366, -86.72316315519534 33.183982320397405))"
10C,2020-02-13 04:55:00+00:00,2020-02-13 06:55:00+00:00,0.0,39000.0,"POLYGON ((-88.51 34.32184477868197, -88.14193742313516 33.362122493947865, -93.69179473095363 28.909078579739848, -93.65674318865123 30.6094298263139, -88.51 34.32184477868197))"
2E,2020-02-13 05:55:00+00:00,2020-02-13 07:55:00+00:00,0.0,38000.0,"POLYGON ((-84.57250724721752 35.42919830771093, -84.6610654592526 32.857797460585665, -86.32 32.719106867209184, -86.16496418793277 34.95577823107879, -84.57250724721752 35.42919830771093))"
11C,2020-02-13 05:55:00+00:00,2020-02-13 07:55:00+00:00,0.0,38000.0,"POLYGON ((-87.45283058286643 33.47776880447618, -91.84955358391116 28.531968360228927, -94.48395140248495 28.1127116874999, -92.13989614926606 31.386831377906535, -89.88116520859435 33.45936148209672, -87.45283058286643 33.47776880447618))"
TANGO 9,2020-02-13 06:07:00+00:00,2020-02-13 10:05:00+00:00,25000.0,40000.0,"POLYGON ((-162.4 26.4, -147.2 26.1, -150.2 13.2, -162.3 13.2, -162.4 26.4))"
12C,2020-02-13 06:55:00+00:00,2020-02-13 08:55:00+00:00,0.0,39000.0,"POLYGON ((-89.24937611576308 33.742472734514195, -87.69959978699876 33.6674255783622, -91.50138679977834 28.66337422306781, -93.76353843840683 28.75503802079858, -91.59153229532718 31.596973823049527, -89.24937611576308 33.742472734514195))"
TANGO 10,2020-02-13 07:31:00+00:00,2020-02-13 11:30:00+00:00,20000.0,40000.0,"POLYGON ((-162.3 26.3, -147.2 26.2, -150.1 13.2, -162.4 13.2, -162.3 26.3))"
13C,2020-02-13 07:55:00+00:00,2020-02-13 09:55:00+00:00,0.0,38000.0,"POLYGON ((-89.07732553456908 33.959271652571935, -88.23987690090598 32.84932537218363, -91.15234888172321 28.793887402199687, -92.52820526904637 28.909078579739848, -90.800750591841 31.48986740793502, -89.07732553456908 33.959271652571935))"
14C,2020-02-13 08:55:00+00:00,2020-02-13 10:55:00+00:00,0.0,41000.0,"POLYGON ((-87.04116046382899 33.5522791228222, -87.04469471153226 31.963265228540692, -88.95672772293237 29.1751444707926, -90.80243892825852 28.923500816243394, -89.09952623415437 31.764826035284266, -87.04116046382899 33.5522791228222))"
3E,2020-02-13 09:55:00+00:00,2020-02-13 11:55:00+00:00,0.0,39000.0,"POLYGON ((-84.54100810230926 34.95848012104866, -84.81303229768135 33.04937136879667, -86.8733591844088 31.74823125693894, -86.9 33.17089313279082, -86.27003320692039 34.572851559987534, -84.54100810230926 34.95848012104866))"
15C,2020-02-13 09:55:00+00:00,2020-02-13 11:55:00+00:00,0.0,41000.0,"POLYGON ((-86.9 33.23628718173732, -86.80117990672156 31.810179613637978, -89.17067343124897 28.358977189926165, -90.47727622864093 28.37807481163178, -88.47483532960544 31.711751551147827, -86.9 33.23628718173732))"
4E,2020-02-13 10:55:00+00:00,2020-02-13 12:55:00+00:00,0.0,39000.0,"POLYGON ((-83.31937937434304 36.08965145603708, -83.51358497865188 33.944882658822074, -86.95467383835194 31.06499154321589, -86.9 33.004524177054435, -85.71132999506742 34.76770783890459, -83.31937937434304 36.08965145603708))"
16C,2020-02-13 10:55:00+00:00,2020-02-13 12:55:00+00:00,0.0,41000.0,"POLYGON ((-86.9 33.004524177054435, -86.85911761898309 30.893543437506416, -88.52442097808046 28.59778243474089, -90.1 28.348155221318038, -88.36 31.06273791147279, -86.9 33.004524177054435))"
TANGO 11,2020-02-13 11:17:00+00:00,2020-02-13 15:20:00+00:00,20000.0,40000.0,"POLYGON ((-162 26, -148 25.5, -151.5 11, -162.2 10.4, -162 26))"
5E,2020-02-13 11:55:00+00:00,2020-02-13 13:55:00+00:00,0.0,40000.0,"POLYGON ((-81.54423308639748 37.087078325606896, -81.55516938196587 34.90209013842887, -86.68 28.334465663954106, -86.86619296039134 32.409826023812435, -83.89 35.56726208852721, -81.54423308639748 37.087078325606896))"
17C,2020-02-13 11:55:00+00:00,2020-02-13 13:55:00+00:00,0.0,41000.0,"POLYGON ((-86.86619296039134 32.409826023812435, -86.95333077212157 30.59443181186036, -86.68 28.334465663954106, -90.1 28.348155221318038, -88.06182023918656 31.3444788351749, -86.86619296039134 32.409826023812435))"
18C,2020-02-13 12:55:00+00:00,2020-02-13 14:55:00+00:00,0.0,41000.0,"POLYGON ((-86.9035094278329 31.290922835561766, -86.68 28.334465663954106, -89.66633722551538 28.25707270258019, -88.36 30.06452417705443, -86.9035094278329 31.290922835561766))"
6E,2020-02-13 12:55:00+00:00,2020-02-13 14:55:00+00:00,0.0,40000.0,"POLYGON ((-79.78485796132543 37.248751759077294, -81.15209676304758 34.7891334718863, -83.79669447090009 33.84963530548145, -83.3 35.13371281826268, -81.85300137853105 36.97394544582893, -79.78485796132543 37.248751759077294))"
7E,2020-02-13 12:55:00+00:00,2020-02-13 14:55:00+00:00,0.0,38000.0,"POLYGON ((-85.21 32.47171624231643, -85.63901370132815 29.26917257417331, -86.68 28.661435908686578, -86.87410103170498 31.23055375274987, -85.21 32.47171624231643))"
9E,2020-02-13 13:55:00+00:00,2020-02-13 15:55:00+00:00,0.0,45000.0,"POLYGON ((-85.21 32.38452417705443, -85.16251131067045 29.691641457176388, -86.68 28.168096708217718, -86.9035094278329 31.290922835561766, -85.21 32.38452417705443))"
19C,2020-02-13 13:55:00+00:00,2020-02-13 15:55:00+00:00,0.0,43000.0,"POLYGON ((-86.9035094278329 31.290922835561766, -86.68 28.334465663954106, -89.66633722551538 28.25707270258019, -88.36 30.06452417705443, -86.9035094278329 31.290922835561766))"
8E,2020-02-13 13:55:00+00:00,2020-02-13 15:55:00+00:00,0.0,34000.0,"POLYGON ((-81.63085132275559 36.604936622346976, -79.72646127055249 36.254187536413795, -83.03915944277936 33.19965707757229, -83.3 35.13371281826268, -81.63085132275559 36.604936622346976))"
TANGO 12,2020-02-13 14:48:00+00:00,2020-02-13 18:50:00+00:00,20000.0,40000.0,"POLYGON ((-163.4 23.3, -153.1 23.3, -153.1 10.5, -163.4 10.2, -163.4 23.3))"
20C,2020-02-13 14:55:00+00:00,2020-02-13 16:55:00+00:00,0.0,40000.0,"POLYGON ((-86.87410103170498 31.23055375274987, -86.68 28.661435908686578, -88.60981540873901 29.171750613466397, -86.87410103170498 31.23055375274987))"
11E,2020-02-13 15:01:00+00:00,2020-02-13 16:55:00+00:00,0.0,37000.0,"POLYGON ((-80.71494961081528 35.65088798191263, -79.98 35.38452417705442, -81.87793342270881 33.47439800742861, -82.71555165609995 33.89975716979898, -80.71494961081528 35.65088798191263))"
10E,2020-02-13 15:01:00+00:00,2020-02-13 16:55:00+00:00,0.0,45000.0,"POLYGON ((-85.19598765774109 31.97513444044588, -85.12154200193127 30.397732665893674, -86.68 28.168096708217718, -86.9035094278329 31.290922835561766, -85.19598765774109 31.97513444044588))"
DELTA 1,2020-02-13 15:20:00+00:00,2020-02-13 19:20:00+00:00,31000.0,45000.0,"POLYGON ((-40 24.15, -40 22.15, -42.3 20, -56.45 18, -60.45 19.15, -50.45 22.45, -40 24.15))"
12E,2020-02-13 15:55:00+00:00,2020-02-13 17:55:00+00:00,0.0,44000.0,"POLYGON ((-80.38444432412409 35.37968635329053, -79.66 34.89547582294556, -85.95008380351696 29.290904068838216, -86.82876526355459 31.137324773728583, -80.38444432412409 35.37968635329053))"
13E,2020-02-13 16:55:00+00:00,2020-02-13 18:55:00+00:00,0.0,43000.0,"POLYGON ((-82.35999674637135 33.70983885112199, -81.42995018728168 33.09089146932307, -84.78878348330078 29.47703734748007, -86.26748063707046 31.182268496522102, -82.35999674637135 33.70983885112199))"
14E,2020-02-13 16:55:00+00:00,2020-02-13 18:55:00+00:00,0.0,30000.0,"POLYGON ((-77.59696756611449 36.96541117669358, -76.51175834830622 36.37019198689301, -81.38055016556007 33.19172732537133, -82.33379279826174 33.70987831280356, -77.59696756611449 36.96541117669358))"
16E,2020-02-13 17:55:00+00:00,2020-02-13 19:55:00+00:00,0.0,30000.0,"POLYGON ((-76.69991478356528 36.72297730417998, -75.64212811675114 36.258795946354205, -80.72865720494649 32.88811282810212, -81.67737814793256 33.87503675075433, -76.69991478356528 36.72297730417998))"
15E,2020-02-13 17:55:00+00:00,2020-02-13 19:55:00+00:00,0.0,41000.0,"POLYGON ((-81.67737814793256 33.87503675075433, -80.72865720494649 32.88811282810212, -84.35 29.67714530289553, -86.32170373451754 31.136188373341735, -81.67737814793256 33.87503675075433))"
TANGO 13,2020-02-13 18:30:00+00:00,2020-02-13 22:30:00+00:00,20000.0,40000.0,"POLYGON ((-153 21.2, -150.4 9.3, -161 9.1, -163.4 21, -153 21.2))"
UNIFORM 1,2020-02-13 18:49:00+00:00,2020-02-13 22:50:00+00:00,0.0,55000.0,"POLYGON ((142 6.4, 142.3 4.3, 137.3 3.4, 136.4 6, 142 6.4))"
18E,2020-02-13 18:55:00+00:00,2020-02-13 20:55:00+00:00,0.0,30000.0,"POLYGON ((-77.54823259175403 35.86371285380472, -76.18 35.76089313279082, -80.04 32.89, -81.60444834390006 33.89975716979898, -77.54823259175403 35.86371285380472))"
17E,2020-02-13 18:55:00+00:00,2020-02-13 20:55:00+00:00,0.0,40000.0,"POLYGON ((-81.60444834390006 33.89975716979898, -80.04 32.89, -84.35 29.401786265581645, -85.23812467080684 30.078662223602322, -81.60444834390006 33.89975716979898))"
DELTA 2,2020-02-13 19:20:00+00:00,2020-02-13 23:20:00+00:00,25000.0,45000.0,"POLYGON ((-40 24.15, -40 22.15, -43.3 19.3, -58.3 18, -61.15 19, -50.45 22.45, -40 24.15))"
19E,2020-02-13 19:55:00+00:00,2020-02-13 21:55:00+00:00,0.0,40000.0,"POLYGON ((-81.60444834390006 33.89975716979898, -80.04 32.89, -84.35 29.401786265581645, -85.23812467080684 30.078662223602322, -81.60444834390006 33.89975716979898))"
20E,2020-02-13 19:55:00+00:00,2020-02-13 21:55:00+00:00,0.0,33000.0,"POLYGON ((-79.1599281740553 36.17608401255204, -76.65464300198896 35.324095364645906, -80.04 32.89, -81.67737814793256 33.87503675075433, -79.1599281740553 36.17608401255204))"
22E,2020-02-13 20:55:00+00:00,2020-02-13 22:55:00+00:00,0.0,31000.0,"POLYGON ((-77.71718375288742 36.730807860823106, -76.57096196018222 35.49083718574, -78.43678550075148 33.87812953217041, -79.68985823594602 35.81436884787738, -77.71718375288742 36.730807860823106))"
21E,2020-02-13 20:55:00+00:00,2020-02-13 22:55:00+00:00,0.0,42000.0,"POLYGON ((-81.47325519498787 33.506354079500696, -79.67338564270624 33.01679860691805, -82.50626438462555 30.069454276375353, -83.63531823723685 30.65272130238764, -81.47325519498787 33.506354079500696))"
TANGO 14,2020-02-13 21:53:00+00:00,2020-02-14 01:55:00+00:00,20000.0,40000.0,"POLYGON ((-154 21.1, -151.4 10.1, -162.3 10.1, -165.1 20.5, -154 21.1))"
23E,2020-02-13 21:55:00+00:00,2020-02-13 23:55:00+00:00,,,"POLYGON ((-80.37671378873075 32.96032032202662, -81.03323260209328 32.0227380338323, -82.15625403107737 31.34715025026783, -80.23507472078803 32.81911701316909, -81.01396219097842 32.03782586494714, -82.25935227679037 31.51852922135502, -81.13633084780628 32.1941170049195, -81.15560125892114 32.17902917380466, -80.37671378873075 32.96032032202662))"
UNIFORM 2,2020-02-13 21:59:00+00:00,2020-02-14 02:00:00+00:00,0.0,55000.0,"POLYGON ((136.1 6.4, 141.3 6.2, 141.5 4.1, 137 3.3, 136.1 6.4))"
25E,2020-02-13 23:55:00+00:00,2020-02-14 01:55:00+00:00,0.0,33000.0,"POLYGON ((-80.5465012115044 27.111542836875344, -80.09195575695894 27.111542836875344, -80.09195575695894 26.65699738232989, -80.5465012115044 26.65699738232989, -80.5465012115044 27.111542836875344))"
24E,2020-02-13 23:55:00+00:00,2020-02-14 01:55:00+00:00,0.0,33000.0,"POLYGON ((-79.15075808344294 33.841704230405945, -78.69621262889747 33.841704230405945, -78.69621262889747 33.38715877586049, -79.15075808344294 33.38715877586049, -79.15075808344294 33.841704230405945))"
1E,2020-02-14 00:55:00+00:00,2020-02-14 02:55:00+00:00,0.0,35000.0,"POLYGON ((-76.76008883854394 35.78803390368189, -76.18 35.42815522131804, -79.34412565937605 32.2998675212049, -79.67338564270624 33.01679860691805, -76.76008883854394 35.78803390368189))"
TANGO 15,2020-02-14 01:23:00+00:00,2020-02-14 05:25:00+00:00,20000.0,40000.0,"POLYGON ((-164.4 20.3, -154.1 20.2, -150.2 11.1, -160.5 11.1, -164.4 20.3))"
UNIFORM 3,2020-02-14 01:39:00+00:00,2020-02-14 05:40:00+00:00,0.0,51000.0,"POLYGON ((137.3 6.2, 140.5 6, 139.5 3.5, 136.3 4.1, 137.3 6.2))"
2E,2020-02-14 01:55:00+00:00,2020-02-14 03:55:00+00:00,0.0,35000.0,"POLYGON ((-76.86263919408498 35.16937105211427, -76.18 34.76267939837246, -77.87 33.019048354108854, -78.7178250997781 33.641227356518534, -76.86263919408498 35.16937105211427))"
3E,2020-02-14 01:55:00+00:00,2020-02-14 03:55:00+00:00,,,"POLYGON ((-74.93011114970466 36.32853276614676, -75.56481623626163 35.7812203371362, -75.56636061642585 35.77986065003837, -77.31380952000652 34.20918323927354, -75.43420738516605 35.62975638757892, -74.79950229860907 36.17706881658948, -77.18011190858249 34.06043866391192, -75.43266300500183 35.63111607467675, -74.93011114970466 36.32853276614676))"
VICTOR 1,2020-02-14 02:09:00+00:00,2020-02-14 06:10:00+00:00,0.0,57000.0,"POLYGON ((-174.4 1, -174.1 -4.5, -178.2 -4.5, -178.3 0.1, -174.4 1))"
WHISKEY 1,2020-02-14 02:11:00+00:00,2020-02-14 06:15:00+00:00,0.0,57000.0,"POLYGON ((170.4 5.4, 174.2 3.5, 173 2.5, 168.5 4.1, 170.4 5.4))"
4E,2020-02-14 02:55:00+00:00,2020-02-14 04:55:00+00:00,0.0,36000.0,"POLYGON ((-76.18 35.42815522131804, -75.55804420623159 35.02874193222278, -76.74267961425703 33.40369288731016, -78.02366793173985 34.042494158287965, -76.18 35.42815522131804))"
5E,2020-02-14 02:55:00+00:00,2020-02-14 04:55:00+00:00,,,"POLYGON ((-74.57176150299513 36.33331501102621, -75.50426706379156 35.75053564155052, -75.51558601397974 35.74230711841091, -77.50586379296429 34.07059606321087, -77.5325082719661 34.03556973182077, -77.65274789723537 33.77231974846956, -75.39827206349773 35.58093298852672, -74.4657665027013 36.16371235800241, -77.3772308922941 33.91745045646628, -75.38695311330954 35.58916151166633, -77.47082603856157 33.68922680450518, -77.35058641329229 33.95247678785638, -74.57176150299513 36.33331501102621))"
ECHO 1,2020-02-14 03:25:00+00:00,2020-02-14 07:25:00+00:00,0.0,35000.0,"POLYGON ((-70.05 37.05, -69.35 36.15, -72.25 34.55, -72.4 35.35, -70.05 37.05))"
TANGO 16,2020-02-14 03:36:00+00:00,2020-02-14 07:40:00+00:00,20000.0,40000.0,"POLYGON ((-166.3 19.3, -152.4 17.2, -150.1 10.1, -162 10, -166.3 19.3))"
6E,2020-02-14 03:55:00+00:00,2020-02-14 05:55:00+00:00,0.0,36000.0,"POLYGON ((-75.2307883377674 35.93791113212833, -74.66500063800791 35.74109072870559, -76.38968157471629 33.83174298847364, -77.87 33.51815522131804, -75.2307883377674 35.93791113212833))"
7E,2020-02-14 03:55:00+00:00,2020-02-14 05:55:00+00:00,,,"POLYGON ((-75.56818961489894 35.77817508199955, -77.12416234743029 34.03362585150883, -79.12244183141637 32.50852910408396, -75.43083400652874 35.63280164271556, -77.11615423784063 34.04043245333283, -79.24378122060726 32.66751574701593, -77.24550173662118 34.19261249444081, -77.25350984621083 34.18580589261681, -75.56818961489894 35.77817508199955))"
8E,2020-02-14 04:55:00+00:00,2020-02-14 06:55:00+00:00,,,"POLYGON ((-75.29748180865923 36.00425878856181, -76.94035869924814 33.96659386248796, -79.32773210555246 32.25445410556725, -75.15173245169484 35.86730213503792, -76.92576264615069 33.97937808443859, -79.44428935632195 32.41697920299241, -77.05691595001763 34.12911895991312, -77.07151200311507 34.11633473796249, -75.29748180865923 36.00425878856181))"
FOXTROT 1,2020-02-14 05:45:00+00:00,2020-02-14 09:45:00+00:00,30000.0,40000.0,"POLYGON ((-40 22.15, -45 18, -60 18, -56.3 22, -40 22.15))"
9E,2020-02-14 05:55:00+00:00,2020-02-14 07:55:00+00:00,,,"POLYGON ((-75.47526733841029 35.69515870872399, -76.87497388703605 33.94731396941254, -79.18525432214405 32.13777841665348, -75.33088335806697 35.55676338286282, -76.86444420603071 33.95684215756199, -79.30857894047669 32.29523011881356, -76.9982985053687 34.10476567157261, -77.00882818637403 34.09523748342316, -75.47526733841029 35.69515870872399))"
WHISKEY 2,2020-02-14 06:00:00+00:00,2020-02-14 10:00:00+00:00,0.0,57000.0,"POLYGON ((168.4 5.3, 173.3 5.3, 174.5 3.3, 168.4 3.3, 168.4 5.3))"
VICTOR 2,2020-02-14 06:10:00+00:00,2020-02-14 10:10:00+00:00,0.0,58000.0,"POLYGON ((-179.1 0.4, -174 0.4, -173.5 -5, -179.1 -5, -179.1 0.4))"
GOLF 1,2020-02-14 06:45:00+00:00,2020-02-14 10:45:00+00:00,0.0,40000.0,"POLYGON ((-73.15 35, -71 34.45, -76.15 30.3, -77.45 31, -73.15 35))"
1C,2020-02-14 06:55:00+00:00,2020-02-14 08:55:00+00:00,0.0,32000.0,"POLYGON ((-87.55909620170776 29.036786611670212, -86.68 28.833572531163288, -87.31116183087472 28.13246539142291, -88.1766893803871 28.465932883794697, -87.55909620170776 29.036786611670212))"
TANGO 17,2020-02-14 07:15:00+00:00,2020-02-14 11:15:00+00:00,20000.0,40000.0,"POLYGON ((-167.4 19.5, -153.3 18, -149.5 10, -163.2 9.2, -167.4 19.5))"
2C,2020-02-14 07:55:00+00:00,2020-02-14 09:55:00+00:00,0.0,34000.0,"POLYGON ((-85.85278918228488 30.111781474355727, -85.29034616553308 29.578814822750168, -85.73296064259951 28.823061796324776, -86.68 29.095148726949265, -85.85278918228488 30.111781474355727))"
10E,2020-02-14 08:55:00+00:00,2020-02-14 10:55:00+00:00,0.0,38000.0,"POLYGON ((-77.84462178688962 30.988500832891024, -77.30963848233473 30.50739239400086, -76.91474654356858 29.234438676889393, -77.67703490491333 29.25610225681296, -78.0819286218926 30.3481669607459, -77.84462178688962 30.988500832891024))"
3C,2020-02-14 08:55:00+00:00,2020-02-14 10:55:00+00:00,0.0,34000.0,"POLYGON ((-85.42970010383755 30.0082850219526, -84.7947855299627 29.464283461005582, -85.91936077838503 29.22498324452863, -86.17018445087517 29.760472302446143, -85.42970010383755 30.0082850219526))"
VICTOR 3,2020-02-14 09:30:00+00:00,2020-02-14 13:30:00+00:00,,,"POLYGON ((-175 1, -174.3 -5, -180 -5, 180 0.5, -175 1))"
FOXTROT 2,2020-02-14 09:30:00+00:00,2020-02-14 13:30:00+00:00,30000.0,40000.0,"POLYGON ((-40 22.15, -44.45 18, -57 18, -54.15 22, -40 22.15))"
11E,2020-02-14 09:55:00+00:00,2020-02-14 11:55:00+00:00,0.0,38000.0,"POLYGON ((-77.57646203349829 30.748220972592204, -77.30963848233473 30.50739239400086, -76.91474654356858 29.234438676889393, -77.90182995378836 30.407647758682796, -77.57646203349829 30.748220972592204))"
TANGO 18,2020-02-14 11:05:00+00:00,2020-02-14 15:05:00+00:00,20000.0,40000.0,"POLYGON ((-166.4 19.1, -153.2 17, -151 9.5, -163.1 8, -166.4 19.1))"
FOXTROT 3,2020-02-14 13:15:00+00:00,2020-02-14 17:15:00+00:00,30000.0,40000.0,"POLYGON ((-40.15 23.3, -40.15 22.15, -44.45 18.3, -54.45 18.3, -52.3 23.3, -40.15 23.3))"
VICTOR 4,2020-02-14 13:20:00+00:00,2020-02-14 17:20:00+00:00,0.0,58000.0,"POLYGON ((-176 1, -174.2 -5, -180 -5, -180 1, -176 1))"
TANGO 19,2020-02-14 14:55:00+00:00,2020-02-14 18:55:00+00:00,20000.0,40000.0,"POLYGON ((-166.4 19.1, -154.1 17.1, -152.1 9.4, -163.5 8.1, -166.4 19.1))"
VICTOR 5,2020-02-14 15:30:00+00:00,2020-02-14 19:30:00+00:00,,,"POLYGON ((176.3 2.5, -176.5 2, -174 -5, -180 -5, 180 0, 176.2 0, 176.3 2.5))"
FOXTROT 4,2020-02-14 16:50:00+00:00,2020-02-14 20:50:00+00:00,30000.0,40000.0,"POLYGON ((-40.15 23.45, -40.15 22.15, -45 18, -55 18.15, -51.45 23.45, -40.15 23.45))"
TANGO 20,2020-02-14 18:34:00+00:00,2020-02-14 22:35:00+00:00,25000.0,40000.0,"POLYGON ((-161.2 18.4, -140.3 14.3, -143 11.5, -161.4 6.4, -165.5 15, -161.2 18.4))"
HOTEL 1,2020-02-14 19:15:00+00:00,2020-02-14 23:15:00+00:00,0.0,32000.0,"POLYGON ((-66 18.45, -63 18.15, -64 15.3, -66.3 15.45, -66 18.45))"
VICTOR 6,2020-02-14 19:18:00+00:00,2020-02-14 23:20:00+00:00,0.0,56000.0,"POLYGON ((176.3 2.5, -179.4 -7.3, -174 -5, -178.2 1.3, 176.3 2.5))"
FOXTROT 5,2020-02-14 20:20:00+00:00,2020-02-15 00:20:00+00:00,30000.0,40000.0,"POLYGON ((-40.15 23.45, -40 22.15, -45 18.15, -55 18.15, -51.3 23.3, -40.15 23.45))"
TANGO 21,2020-02-14 21:46:00+00:00,2020-02-15 01:50:00+00:00,25000.0,40000.0,"POLYGON ((-154 17, -140.1 14.2, -140.2 10.3, -150 11.1, -154 17))"
HOTEL 2,2020-02-14 22:45:00+00:00,2020-02-15 02:45:00+00:00,0.0,35000.0,"POLYGON ((-65.55 19.25, -64 18.5, -65.05 15.55, -67 16.05, -65.55 19.25))"
VICTOR 7,2020-02-14 23:07:00+00:00,2020-02-15 03:10:00+00:00,0.0,56000.0,"POLYGON ((-177.5 2, 179.5 2, -178.5 -7.1, -174.1 -5, -177.5 2))"
FOXTROT 6,2020-02-14 23:50:00+00:00,2020-02-15 03:50:00+00:00,30000.0,35000.0,"POLYGON ((-48.55 22.45, -40.25 22, -43.05 19.55, -49.35 20.35, -48.55 22.45))"
TANGO 22,2020-02-15 01:34:00+00:00,2020-02-15 05:35:00+00:00,25000.0,40000.0,"POLYGON ((-153.4 17.1, -139.5 15.3, -140.2 11.3, -156.1 13, -153.4 17.1))"
VICTOR 8,2020-02-15 02:41:00+00:00,2020-02-15 06:45:00+00:00,0.0,56000.0,"POLYGON ((-180 -1, -176.1 -1.1, -174.1 -5, -180 -4.5, -180 -1))"
INDIA 1,2020-02-15 03:05:00+00:00,2020-02-15 07:05:00+00:00,0.0,38000.0,"POLYGON ((-62.55 19.1, -61.5 17.55, -63 16.45, -64.15 17.25, -62.55 19.1))"
TANGO 23,2020-02-15 04:44:00+00:00,2020-02-15 08:40:00+00:00,25000.0,40000.0,"POLYGON ((-153 18, -140.2 11.1, -156.4 12.3, -153 18))"
INDIA 2,2020-02-15 06:45:00+00:00,2020-02-15 10:45:00+00:00,0.0,35000.0,"POLYGON ((-64.45 19.3, -62 18.15, -63.15 17.3, -63 16.45, -65.45 17.3, -64.45 19.3))"
TANGO 24,2020-02-15 08:36:00+00:00,2020-02-15 12:40:00+00:00,25000.0,40000.0,"POLYGON ((-152.5 18.2, -140 11, -156.5 12.3, -152.5 18.2))"
TANGO 25,2020-02-15 12:19:00+00:00,2020-02-15 16:20:00+00:00,25000.0,40000.0,"POLYGON ((-153 18.4, -140.2 10.5, -157.2 12.3, -153 18.4))"
TANGO 26,2020-02-15 15:10:00+00:00,2020-02-15 19:00:00+00:00,25000.0,40000.0,"POLYGON ((-153.1 18.5, -140.3 10.3, -157.3 12, -153.1 18.5))"
DELTA 1,2020-02-15 22:20:00+00:00,2020-02-16 02:20:00+00:00,29000.0,39000.0,"POLYGON ((-126.49 27.32, -121.34 26.16, -127.02 22.06, -132.23 20.13, -133.58 22.46, -126.49 27.32))"
ECHO 1,2020-02-16 00:40:00+00:00,2020-02-16 04:40:00+00:00,0.0,32000.0,"POLYGON ((-135.3 17.5, -132.5 16.4, -135.3 14.45, -137 14.55, -135.3 17.5))"
DELTA 2,2020-02-16 01:55:00+00:00,2020-02-16 05:55:00+00:00,29000.0,39000.0,"POLYGON ((-127.3 26.3, -127 23.25, -133.5 18.2, -135.45 20.3, -133.5 23.5, -127.3 26.3))"
ECHO 2,2020-02-16 04:15:00+00:00,2020-02-16 08:15:00+00:00,0.0,33000.0,"POLYGON ((-135.3 18.15, -133.1 16.55, -134.15 14.05, -135.4 14.3, -135.3 18.15))"
DELTA 3,2020-02-16 05:55:00+00:00,2020-02-16 09:55:00+00:00,29000.0,39000.0,"POLYGON ((-127.45 27.3, -127.3 23.3, -133.15 17.45, -137.15 18.45, -137.15 23.15, -127.45 27.3))"
2C,2020-02-16 06:55:00+00:00,2020-02-16 08:55:00+00:00,0.0,32000.0,"POLYGON ((-90.2212419157373 30.310930216173375, -89.57087705355593 29.36995977389581, -91.3 29.48178626558164, -91.3 30.147262088527217, -90.2212419157373 30.310930216173375))"
1C,2020-02-16 06:55:00+00:00,2020-02-16 08:55:00+00:00,0.0,32000.0,"POLYGON ((-89.82051625721934 32.664972838062354, -91.22600718494179 30.63368398876683, -92.57782880204253 29.947926880086285, -91.84867908116075 30.949414291731443, -91.96462311629244 32.36627264456828, -89.82051625721934 32.664972838062354))"
3C,2020-02-16 07:55:00+00:00,2020-02-16 09:55:00+00:00,0.0,32000.0,"POLYGON ((-91.01373541497497 32.745037359051025, -88.06993387320037 32.63256398647828, -88.25514323972608 32.18782798091745, -91.0073077572899 32.10841313743647, -91.01373541497497 32.745037359051025))"
5C,2020-02-16 07:55:00+00:00,2020-02-16 09:55:00+00:00,0.0,31000.0,"POLYGON ((-90.61775660088809 30.992822764892995, -91.36410859799989 30.346418188943357, -91.61880871718598 29.811781544923637, -92.4413177497198 30.138305628760012, -91.65698558046947 30.786195191728435, -90.61775660088809 30.992822764892995))"
4C,2020-02-16 07:55:00+00:00,2020-02-16 09:55:00+00:00,0.0,31000.0,"POLYGON ((-90.67865492875441 30.699826979059928, -88.98011084388914 30.507226227474334, -89.64748873425731 29.542850613639406, -90.82750117188657 30.070239857519752, -90.67865492875441 30.699826979059928))"
6C,2020-02-16 08:55:00+00:00,2020-02-16 10:55:00+00:00,0.0,32000.0,"POLYGON ((-87.46234421062056 33.19816254181924, -87.41467402561494 32.597286165297675, -89.9608046519921 32.312282833473155, -89.8586818148663 33.10636494355029, -87.46234421062056 33.19816254181924))"
8C,2020-02-16 08:55:00+00:00,2020-02-16 10:55:00+00:00,0.0,32000.0,"POLYGON ((-90.12214928096212 31.41756701238946, -90.12249303024717 31.182286127478125, -91.00634079759575 29.86485148460848, -91.44728784707017 30.172507489061243, -91.3 30.812737911472784, -90.12214928096212 31.41756701238946))"
9C,2020-02-16 08:55:00+00:00,2020-02-16 10:55:00+00:00,0.0,31000.0,"POLYGON ((-92.7033548973466 29.78645152874501, -92.04772063941503 29.753723960894575, -92.67233460550203 29.217044952265425, -93.61983769755517 29.063081009224742, -92.7033548973466 29.78645152874501))"
7C,2020-02-16 08:55:00+00:00,2020-02-16 10:55:00+00:00,0.0,31000.0,"POLYGON ((-89.90224339911194 30.992822764892995, -88.19181319020318 30.72989157356831, -89.16659071531643 29.847383338312156, -90.3546835196423 30.156207340904505, -89.90224339911194 30.992822764892995))"
11C,2020-02-16 09:55:00+00:00,2020-02-16 11:55:00+00:00,0.0,32000.0,"POLYGON ((-88.36 31.22910686720918, -87.21806507370403 31.019888235875367, -88.36 29.89815522131804, -90 30.515475822945564, -88.36 31.22910686720918))"
DELTA 4,2020-02-16 09:55:00+00:00,2020-02-16 13:55:00+00:00,29000.0,39000.0,"POLYGON ((-127.45 27.3, -127.3 23.3, -133.45 16.15, -137.3 18, -137.15 23.15, -127.45 27.3))"
12C,2020-02-16 09:55:00+00:00,2020-02-16 11:55:00+00:00,0.0,32000.0,"POLYGON ((-90.19515951526708 31.433549847574774, -89.79187607817776 31.133176234794302, -90.3546835196423 30.156207340904505, -91.3 30.769141878841786, -90.19515951526708 31.433549847574774))"
10C,2020-02-16 09:55:00+00:00,2020-02-16 11:55:00+00:00,0.0,34000.0,"POLYGON ((-88.82989996856398 33.37893910074856, -87.51054578404562 33.157361444635654, -87.8475721868518 32.70837151409634, -88.93141113843832 32.64706414322558, -88.82989996856398 33.37893910074856))"
13C,2020-02-16 09:55:00+00:00,2020-02-16 11:55:00+00:00,0.0,33000.0,"POLYGON ((-92.4935963116909 29.91726057531323, -91.55539111628119 29.945486617907925, -92.72922403375254 29.338053807581947, -93.11 29.56171624231643, -92.4935963116909 29.91726057531323))"
17C,2020-02-16 10:55:00+00:00,2020-02-16 12:55:00+00:00,0.0,34000.0,"POLYGON ((-92.14813132561663 30.136494069969416, -91.3 29.814524177054434, -92.38492925237696 28.600959686264062, -93.11 28.476310442636077, -92.14813132561663 30.136494069969416))"
14C,2020-02-16 10:55:00+00:00,2020-02-16 12:55:00+00:00,0.0,34000.0,"POLYGON ((-87.91154432974541 33.48856171048178, -87.32233033273488 33.316359252353806, -87.40551463045553 31.833358741004904, -88.24568083542877 31.908223781997542, -87.91154432974541 33.48856171048178))"
15C,2020-02-16 10:55:00+00:00,2020-02-16 12:55:00+00:00,0.0,32000.0,"POLYGON ((-86.9208058348533 31.70744244644544, -86.68 31.119141878841784, -86.9175942870379 30.625328996307235, -88.83370002953548 30.320231335058207, -89.41403704097111 31.297227652763507, -86.9208058348533 31.70744244644544))"
16C,2020-02-16 10:55:00+00:00,2020-02-16 12:55:00+00:00,0.0,32000.0,"POLYGON ((-89.47612293185261 31.574244893662467, -89.40763734656619 30.359813528013017, -90 30.28371281826268, -90.72812392182225 31.133176234794302, -89.47612293185261 31.574244893662467))"
19C,2020-02-16 11:55:00+00:00,2020-02-16 13:55:00+00:00,0.0,32000.0,"POLYGON ((-85.73005004585707 32.218629997188195, -85.78203803091989 31.145237279696147, -87.22533425646198 30.358295136734466, -88.36 30.73, -87.22523196645838 31.898439406737257, -85.73005004585707 32.218629997188195))"
18C,2020-02-16 11:55:00+00:00,2020-02-16 13:55:00+00:00,0.0,32000.0,"POLYGON ((-91.43634007418522 30.362288468857546, -90.53266469332227 30.0399310133552, -91.50138679977834 28.66337422306781, -93.11 28.30994148689969, -91.43634007418522 30.362288468857546))"
20C,2020-02-16 11:55:00+00:00,2020-02-16 13:55:00+00:00,0.0,32000.0,"POLYGON ((-89.75241585358121 31.299001937126995, -89.13915201631758 31.004297915632254, -89.66501926360621 30.787492533675188, -90.62899425982661 30.478282393785946, -89.75241585358121 31.299001937126995))"
22C,2020-02-16 12:55:00+00:00,2020-02-16 14:55:00+00:00,0.0,32000.0,"POLYGON ((-84.83348080721393 32.2809091178108, -84.68091304833499 31.659404218433295, -86.29250750522395 30.829423366698553, -88.55354551628017 30.72985641218508, -86.16999498027374 31.912501634697623, -84.83348080721393 32.2809091178108))"
23C,2020-02-16 12:55:00+00:00,2020-02-16 14:55:00+00:00,0.0,32000.0,"POLYGON ((-88.61889154020956 31.26400770974263, -88.36 31.163712818262688, -89.87208187534571 30.11707061864935, -90.4534259015841 30.899156614595757, -88.61889154020956 31.26400770974263))"
21C,2020-02-16 12:55:00+00:00,2020-02-16 14:55:00+00:00,0.0,35000.0,"POLYGON ((-91.3 30.19085812115821, -89.53724198977561 30.015167953208863, -91.0149150948972 28.84494180088204, -92.41646648327627 28.668950387233526, -91.3 30.19085812115821))"
DELTA 5,2020-02-16 13:30:00+00:00,2020-02-16 17:30:00+00:00,29000.0,39000.0,"POLYGON ((-127.3 26.15, -123 24.3, -130.45 11.15, -135.3 14.45, -134.15 20.3, -127.3 26.15))"
24C,2020-02-16 13:55:00+00:00,2020-02-16 15:55:00+00:00,0.0,32000.0,"POLYGON ((-86.45649057216711 31.290922835561766, -90.24540738495882 28.872511729238095, -92.24249119671636 28.292691090479412, -89.90071487498024 31.172166592318767, -86.45649057216711 31.290922835561766))"
XRAY 1,2020-02-16 13:58:00+00:00,2020-02-16 18:00:00+00:00,0.0,56000.0,"POLYGON ((141 5.1, 149 5, 141 1.5, 141 5.1))"
YANKEE 1,2020-02-16 14:04:00+00:00,2020-02-16 18:05:00+00:00,0.0,54000.0,"POLYGON ((-176.3 0.2, -172.4 0.2, -174.2 -5, -176.3 0.2))"
ZULU 1,2020-02-16 14:39:00+00:00,2020-02-16 18:40:00+00:00,30000.0,42000.0,"POLYGON ((-150.1 19.4, -145.3 15.5, -151.2 9.4, -156.3 12.4, -150.1 19.4))"
25C,2020-02-16 14:55:00+00:00,2020-02-16 16:55:00+00:00,0.0,32000.0,"POLYGON ((-87.23070661195595 31.299398184331373, -86.68 30.83, -88.94077154874232 29.463773658659793, -89.28932830451531 30.102763848205786, -87.23070661195595 31.299398184331373))"
26C,2020-02-16 15:55:00+00:00,2020-02-16 17:55:00+00:00,0.0,32000.0,"POLYGON ((-85.60313244137787 30.83968629350518, -88.36 29.39904835410886, -88.5811466807566 30.268697876454265, -87.39789486030591 31.08268770101597, -85.60313244137787 30.83968629350518))"
1E,2020-02-16 16:55:00+00:00,2020-02-16 18:55:00+00:00,0.0,30000.0,"POLYGON ((-84.43910461067541 31.352503542364197, -87.70271283051545 29.344999420502862, -88.0656003938633 30.114848192734076, -86.53123473644543 31.137324773728583, -84.43910461067541 31.352503542364197))"
27C,2020-02-16 16:55:00+00:00,2020-02-16 18:55:00+00:00,0.0,35000.0,"POLYGON ((-89.95079939910488 29.436211035957147, -89.7799191732768 29.33228823566318, -90.39183611572689 28.326113411484798, -90.56271634155497 28.430036211778763, -89.95079939910488 29.436211035957147))"
DELTA 6,2020-02-16 17:10:00+00:00,2020-02-16 21:10:00+00:00,29000.0,39000.0,"POLYGON ((-126.3 26, -122.3 24.3, -129.3 11.45, -135 13.45, -134.15 21, -126.3 26))"
XRAY 2,2020-02-16 17:50:00+00:00,2020-02-16 21:50:00+00:00,0.0,59000.0,"POLYGON ((141 5, 150.2 4.1, 149.1 1.4, 141 2.1, 141 5))"
2E,2020-02-16 17:55:00+00:00,2020-02-16 19:55:00+00:00,,,"POLYGON ((-84.35 30.06508633799787, -84.5472974587399 29.98729188455879, -83.59219166474826 29.12525899103334, -83.20615537976195 28.10124923511712, -84.35 30.06508633799787))"
28C,2020-02-16 17:55:00+00:00,2020-02-16 19:55:00+00:00,0.0,31000.0,"POLYGON ((-89.46742443039633 29.684447772976945, -89.30333252882741 29.570106844873763, -90.01795404921553 28.54454577826483, -90.18204595078446 28.658886706368012, -89.46742443039633 29.684447772976945))"
ZULU 2,2020-02-16 18:37:00+00:00,2020-02-16 22:40:00+00:00,35000.0,42000.0,"POLYGON ((-151.3 18, -145.3 15, -148 10, -156 11, -151.3 18))"
29C,2020-02-16 18:55:00+00:00,2020-02-16 20:55:00+00:00,0.0,31000.0,"POLYGON ((-89.25358730284296 29.896694531349233, -89.0795941277899 29.79807214527508, -89.76084306127309 28.596188174944864, -89.93483623632615 28.69481056101902, -89.25358730284296 29.896694531349233))"
30C,2020-02-16 19:55:00+00:00,2020-02-16 21:55:00+00:00,0.0,31000.0,"POLYGON ((-88.32009773550891 30.50942533436631, -88.14316267860764 30.416183789766595, -89.19757615547714 28.41532988576606, -89.37451121237841 28.508571430365773, -88.32009773550891 30.50942533436631))"
31C,2020-02-16 20:55:00+00:00,2020-02-16 22:55:00+00:00,0.0,32000.0,"POLYGON ((-87.81966021770887 30.567530271547078, -87.66011809451285 30.44692218340159, -89.20627262232976 28.401646613993172, -89.36581474552578 28.52225470213866, -87.81966021770887 30.567530271547078))"
XRAY 3,2020-02-16 21:45:00+00:00,2020-02-17 01:45:00+00:00,0.0,55000.0,"POLYGON ((141 4.5, 150.4 4.1, 150.4 1.3, 141 2, 141 4.5))"
32C,2020-02-16 21:55:00+00:00,2020-02-16 23:55:00+00:00,,,"POLYGON ((-86.3779835538259 32.07819757978427, -88.15823563086151 30.8112147382611, -88.17836907316315 30.79217322597288, -89.58868737113679 29.02753157513435, -88.0422685232097 30.64826802935639, -86.26201644617409 31.91525087087956, -89.43245337888169 28.90266789080607, -88.02213508090806 30.6673095416446, -86.3779835538259 32.07819757978427))"
33C,2020-02-16 22:55:00+00:00,2020-02-17 00:55:00+00:00,,,"POLYGON ((-86.22136694451578 32.11010312123105, -86.75318680463675 30.74764770920281, -89.45374795704899 28.88281235351777, -86.04604432122107 32.01386395165306, -86.72234791094965 30.78181550386626, -89.56739279296949 29.04738711242265, -86.86683164055725 30.91222246810769, -86.89767053424436 30.87805467344424, -86.22136694451578 32.11010312123105))"
3E,2020-02-16 23:55:00+00:00,2020-02-17 01:55:00+00:00,0.0,30000.0,"POLYGON ((-84.98546372639828 32.246318965309385, -85.01033620967358 31.403309752157494, -86.82781555292371 30.522506328476403, -86.82876526355459 31.137324773728583, -84.98546372639828 32.246318965309385))"
5E,2020-02-16 23:55:00+00:00,2020-02-17 01:55:00+00:00,0.0,28000.0,"POLYGON ((-81.34 28.54, -80.49298002028675 26.2609592579917, -81.49686748526675 25.914901466215348, -81.9826151810642 28.162910261171703, -81.34 28.54))"
4E,2020-02-16 23:55:00+00:00,2020-02-17 01:55:00+00:00,0.0,28000.0,"POLYGON ((-81.31689326278378 30.740556550058493, -80.57828027791271 30.668647172186084, -80.88315622320106 28.705210130387602, -82.07417470743042 28.129974274175552, -82.28403856995843 29.321176808398157, -81.31689326278378 30.740556550058493))"
34C,2020-02-16 23:55:00+00:00,2020-02-17 01:55:00+00:00,0.0,33000.0,"POLYGON ((-86.75928550019051 30.168086335538085, -86.6007144998095 30.046204270252964, -87.45857754223475 28.930107324332, -87.61714854261577 29.05198938961712, -86.75928550019051 30.168086335538085))"
1C,2020-02-17 00:55:00+00:00,2020-02-17 02:55:00+00:00,0.0,30000.0,"POLYGON ((-86.31220473413136 30.060955930196414, -85.80676761458878 28.98261148211376, -86.68 28.500834619690497, -87.55909620170776 29.036786611670212, -87.77484681867278 29.499047987964754, -86.31220473413136 30.060955930196414))"
1E,2020-02-17 00:55:00+00:00,2020-02-17 02:55:00+00:00,,,"POLYGON ((-81.11210309970382 30.46189299646262, -80.93638333338201 29.16550160682964, -82.15247312371585 27.34411963340649, -81.30970841099285 30.43103621519241, -81.11835232380405 29.20560123398442, -82.31880579327088 27.45517566898627, -81.10271600293704 29.27655764240942, -80.92074701251501 29.23645801525463, -81.11210309970382 30.46189299646262))"
2E,2020-02-17 00:55:00+00:00,2020-02-17 02:55:00+00:00,0.0,30000.0,"POLYGON ((-80.83534774477253 27.37289083983201, -80.21354611862225 26.412814336910078, -81.21122953406169 26.017738104960138, -81.53149137504136 27.064048828846378, -80.83534774477253 27.37289083983201))"
XRAY 4,2020-02-17 01:38:00+00:00,2020-02-17 05:40:00+00:00,0.0,55000.0,"POLYGON ((150.4 4.2, 150.2 1.3, 141 2.1, 141 4.2, 150.4 4.2))"
4E,2020-02-17 01:55:00+00:00,2020-02-17 03:55:00+00:00,0.0,30000.0,"POLYGON ((-79.17517895295909 31.146933214688314, -79.58388697946158 29.291325761486394, -81.49381751577255 27.144533373939556, -81.69976270570756 27.771002068902394, -80.43725182003493 30.71762234720427, -79.17517895295909 31.146933214688314))"
NOVEMBER 1,2020-02-17 01:55:00+00:00,2020-02-17 05:55:00+00:00,,,"POLYGON ((-180 0, -180 0, -172.3 -5, -180 0))"
3E,2020-02-17 01:55:00+00:00,2020-02-17 03:55:00+00:00,0.0,31000.0,"POLYGON ((-86.68 29.96257436347463, -85.63901370132815 29.26917257417331, -85.29317102156996 28.393120293884394, -86.68 28.661435908686578, -87.600101587013 29.12499204796846, -86.68 29.96257436347463))"
5E,2020-02-17 01:55:00+00:00,2020-02-17 03:55:00+00:00,0.0,30000.0,"POLYGON ((-80.72044601983394 27.47535525185575, -80.21354611862225 26.412814336910078, -80.87452603568174 26.02008999815083, -81.53149137504136 27.064048828846378, -80.72044601983394 27.47535525185575))"
JULIETT 1,2020-02-17 02:10:00+00:00,2020-02-17 06:10:00+00:00,32000.0,42000.0,"POLYGON ((-65 40.15, -62 36.15, -76 30, -77 32.15, -65 40.15))"
7E,2020-02-17 02:55:00+00:00,2020-02-17 04:55:00+00:00,0.0,30000.0,"POLYGON ((-78.114134192269 31.228223940412413, -79.61962486186705 27.99561205618871, -80.88725153524189 27.32651203576478, -81.34 28.040893132790824, -80.07781633330929 30.841531081602895, -78.114134192269 31.228223940412413))"
6E,2020-02-17 02:55:00+00:00,2020-02-17 04:55:00+00:00,0.0,31000.0,"POLYGON ((-86.17018445087517 29.760472302446143, -85.17364922592283 29.681826095438794, -85.29317102156996 28.393120293884394, -86.68 28.950577787528363, -86.68 29.81800342405373, -86.17018445087517 29.760472302446143))"
XRAY 5,2020-02-17 03:38:00+00:00,2020-02-17 07:40:00+00:00,0.0,54000.0,"POLYGON ((145.4 5, 151.2 4.4, 150.2 1.3, 145.5 2, 145.4 5))"
8E,2020-02-17 03:55:00+00:00,2020-02-17 05:55:00+00:00,0.0,31000.0,"POLYGON ((-86.09426757219029 29.59904276773545, -84.78878348330078 29.47703734748007, -85.36157341431154 28.24423513939324, -86.68 28.168096708217718, -86.68 29.16631044263607, -86.09426757219029 29.59904276773545))"
9E,2020-02-17 03:55:00+00:00,2020-02-17 05:55:00+00:00,0.0,30000.0,"POLYGON ((-78.2447075771561 31.343728522137184, -79.90358992038874 27.080576602942866, -80.94179508152392 27.513292766566742, -80.49868748802051 29.077308782615507, -79.83499177045343 30.329325843648846, -78.2447075771561 31.343728522137184))"
10E,2020-02-17 04:55:00+00:00,2020-02-17 06:55:00+00:00,0.0,34000.0,"POLYGON ((-79.19707867189604 30.319646632882822, -77.7103738594001 30.868429992317218, -79.56117451794687 27.14958210160337, -80.86573789257835 27.67949318402028, -79.19707867189604 30.319646632882822))"
NOVEMBER 2,2020-02-17 05:52:00+00:00,2020-02-17 09:50:00+00:00,0.0,55000.0,"POLYGON ((-179 -1, -176.5 -3.2, -178.3 -5, -180 -4.2, -179 -1))"
11E,2020-02-17 05:55:00+00:00,2020-02-17 07:55:00+00:00,0.0,34000.0,"POLYGON ((-79.15791280685917 29.986136100543057, -78.21648200970473 28.48908274740241, -79.56117451794687 27.14958210160337, -80.20078323475343 28.294518877577687, -79.15791280685917 29.986136100543057))"
JULIETT 2,2020-02-17 06:00:00+00:00,2020-02-17 10:00:00+00:00,32000.0,42000.0,"POLYGON ((-61 43, -58 38, -71.3 32, -73 34.45, -61 43))"
12E,2020-02-17 06:55:00+00:00,2020-02-17 08:55:00+00:00,0.0,36000.0,"POLYGON ((-78.8209924521177 29.280485096039094, -78.21648200970473 28.48908274740241, -79.56117451794687 27.14958210160337, -79.55298265182502 28.500327787280437, -78.8209924521177 29.280485096039094))"
XRAY 6,2020-02-17 07:46:00+00:00,2020-02-17 11:50:00+00:00,0.0,53000.0,"POLYGON ((150 5.2, 149.3 2.2, 145.4 4.2, 150 5.2))"
13E,2020-02-17 07:55:00+00:00,2020-02-17 09:55:00+00:00,0.0,32000.0,"POLYGON ((-78.21648200970473 28.48908274740241, -78.04801517929808 27.658591555074487, -79.16163806758793 27.500460269641966, -79.282603940839 28.73352261360218, -78.21648200970473 28.48908274740241))"
14E,2020-02-17 08:55:00+00:00,2020-02-17 10:55:00+00:00,0.0,36000.0,"POLYGON ((-78.36342046881481 28.438291023208663, -78.4369094713202 27.278990576028683, -79.02077934539074 27.67225072788221, -78.97407719437939 28.22499093893807, -78.36342046881481 28.438291023208663))"
15E,2020-02-17 09:55:00+00:00,2020-02-17 11:55:00+00:00,0.0,35000.0,"POLYGON ((-76.80035650834265 28.968014159304357, -76.7868421747804 27.851344753147554, -78.89386582456982 27.733742559785618, -78.39258495235237 28.428185245373538, -76.80035650834265 28.968014159304357))"
16E,2020-02-17 10:55:00+00:00,2020-02-17 12:55:00+00:00,0.0,35000.0,"POLYGON ((-76.80035650834265 28.968014159304357, -76.61106191602163 27.910817677605095, -79.02789454191083 27.617165667340736, -78.04017616835857 28.549753072258635, -76.80035650834265 28.968014159304357))"
17E,2020-02-17 11:55:00+00:00,2020-02-17 13:55:00+00:00,0.0,32000.0,"POLYGON ((-76.80035650834265 28.968014159304357, -76.4350886114612 27.970067284132778, -78.18613306186202 27.36761851503847, -76.80035650834265 28.968014159304357))"
18E,2020-02-17 11:55:00+00:00,2020-02-17 13:55:00+00:00,0.0,35000.0,"POLYGON ((-74.03960245309027 34.47617000801013, -75.91327822438343 32.68738613299373, -77.0382851343027 32.656419589869714, -75.25408200029028 34.411943802892225, -74.03960245309027 34.47617000801013))"
20E,2020-02-17 12:55:00+00:00,2020-02-17 14:55:00+00:00,0.0,32000.0,"POLYGON ((-73.90021744915809 34.35593367745108, -76.81696033297256 32.19359480289175, -77.0382851343027 32.656419589869714, -74.31958095363107 34.7161654317201, -73.90021744915809 34.35593367745108))"
19E,2020-02-17 12:55:00+00:00,2020-02-17 14:55:00+00:00,0.0,32000.0,"POLYGON ((-76.95151168177742 27.901007556997932, -76.88610394495694 27.71200536662961, -78.10175150397541 27.291307831581037, -78.16715924079588 27.480310021949357, -76.95151168177742 27.901007556997932))"
1C,2020-02-18 03:09:00+00:00,2020-02-18 04:55:00+00:00,0.0,33000.0,"POLYGON ((-89.5701194691635 34.04618363965997, -88.66214233561094 33.18249722053309, -89.73630517398674 32.30214410436453, -90.7047623726353 33.812198332186156, -89.5701194691635 34.04618363965997))"
2C,2020-02-18 03:55:00+00:00,2020-02-18 05:55:00+00:00,0.0,34000.0,"POLYGON ((-89.26687801589598 34.429706570272785, -87.809449757258 32.89982297273524, -90.26 30.800893132790822, -90.51017113946493 33.920902235234664, -89.26687801589598 34.429706570272785))"
3C,2020-02-18 04:55:00+00:00,2020-02-18 06:55:00+00:00,0.0,34000.0,"POLYGON ((-88.09714560637974 34.70849419978465, -87.20383855557685 33.0548081558199, -90.26 31.466368955736392, -89.5701194691635 34.04618363965997, -88.09714560637974 34.70849419978465))"
4C,2020-02-18 05:55:00+00:00,2020-02-18 07:55:00+00:00,0.0,35000.0,"POLYGON ((-87.49 34.854570939420896, -86.51705746503637 32.620545655878274, -89.96929197841183 32.16280021821631, -89.53953782977794 34.07116552508607, -87.49 34.854570939420896))"
5C,2020-02-18 06:55:00+00:00,2020-02-18 08:55:00+00:00,0.0,35000.0,"POLYGON ((-86.61068489407558 34.70684154330769, -86.07778508950157 32.42422333324176, -89.04155062189162 32.175315449186996, -89.16729099924616 34.74066369738246, -86.61068489407558 34.70684154330769))"
6C,2020-02-18 07:55:00+00:00,2020-02-18 09:55:00+00:00,0.0,35000.0,"POLYGON ((-85.85559764871739 34.957959664532126, -85.21 32.32714530289553, -88.43808146641611 32.0728014678244, -89.73096864845746 34.81529127028871, -85.85559764871739 34.957959664532126))"
7C,2020-02-18 08:55:00+00:00,2020-02-18 10:55:00+00:00,0.0,32000.0,"POLYGON ((-87.67712262741483 34.77352364554988, -84.57910135959607 34.488099469985336, -84.29 32.32547582294557, -87.40551463045553 31.833358741004904, -87.67712262741483 34.77352364554988))"
8C,2020-02-18 08:55:00+00:00,2020-02-18 10:55:00+00:00,0.0,34000.0,"POLYGON ((-91.66578485882698 36.107871208493016, -91.1544032115665 35.70912768372638, -92.79775569339368 34.16730342774377, -93.80292965043408 34.04397844518966, -94.27 34.66714530289552, -91.66578485882698 36.107871208493016))"
1E,2020-02-18 09:55:00+00:00,2020-02-18 11:55:00+00:00,0.0,29000.0,"POLYGON ((-85.36641502134813 33.944882658822074, -83.3 33.86815522131804, -82.51 31.872737911472793, -86.68 31.329106867209173, -86.74644997913263 33.97731489692558, -85.36641502134813 33.944882658822074))"
9C,2020-02-18 09:55:00+00:00,2020-02-18 11:55:00+00:00,0.0,39000.0,"POLYGON ((-91.66578485882698 36.107871208493016, -90.95 35.67628718173732, -93.00628787996203 33.79398115313355, -93.87001021324129 33.91053791343498, -94.07000000000001 34.377425636525366, -91.66578485882698 36.107871208493016))"
10C,2020-02-18 10:55:00+00:00,2020-02-18 12:55:00+00:00,0.0,35000.0,"POLYGON ((-90.33221542574782 36.10841422826572, -90.29333352704654 35.63441784495834, -92.74 33.759106867209184, -93.83969361365506 33.97090183154191, -93.68476638691838 34.277929553358355, -90.33221542574782 36.10841422826572))"
2E,2020-02-18 10:55:00+00:00,2020-02-18 12:55:00+00:00,0.0,24000.0,"POLYGON ((-86.69963329570912 34.0705369369241, -85.24464639632772 33.90402112098874, -82.68137445476825 33.70890482608766, -82.51 31.97371281826268, -86.51532802374402 31.819151320733045, -86.69963329570912 34.0705369369241))"
3E,2020-02-18 10:55:00+00:00,2020-02-18 12:55:00+00:00,0.0,41000.0,"POLYGON ((-77.87 33.19343248463285, -77.2102876372328 33.012561942256575, -77.67644320464164 32.037855314357984, -78.95554325297286 31.96526723143688, -77.87 33.19343248463285))"
11C,2020-02-18 11:55:00+00:00,2020-02-18 13:55:00+00:00,0.0,35000.0,"POLYGON ((-90.63721202876003 35.49477284765312, -90.54173865027033 34.82770495736234, -92.51036651765348 33.72090384528462, -93.50254103079556 33.97927067191303, -93.60687825211451 34.43136999957722, -90.63721202876003 35.49477284765312))"
12C,2020-02-18 11:55:00+00:00,2020-02-18 13:55:00+00:00,0.0,33000.0,"POLYGON ((-89.74807843569131 34.558664395551276, -88.42129263844629 34.388119793937186, -88.51 33.82273791147279, -90.04982886053509 33.920902235234664, -89.74807843569131 34.558664395551276))"
4E,2020-02-18 11:55:00+00:00,2020-02-18 13:55:00+00:00,0.0,34000.0,"POLYGON ((-77.87 33.048861545211956, -77.14542774327897 32.87862845857617, -77.67644320464164 32.037855314357984, -78.71753971984795 31.75852631188312, -77.87 33.048861545211956))"
13C,2020-02-18 12:55:00+00:00,2020-02-18 14:55:00+00:00,0.0,33000.0,"POLYGON ((-89.98 35.68547582294557, -90.05759593097679 34.866270418164156, -91.4697544847365 34.089732798434284, -92.43327468292627 33.874443603693884, -92.92534298724674 34.42306291183953, -89.98 35.68547582294557))"
14C,2020-02-18 12:55:00+00:00,2020-02-18 14:55:00+00:00,0.0,35000.0,"POLYGON ((-87.55741054295684 34.843547578772075, -87.49 34.13171624231643, -89.53953782977794 34.07116552508607, -89.49171164309018 34.85304681603906, -87.55741054295684 34.843547578772075))"
5E,2020-02-18 13:55:00+00:00,2020-02-18 15:55:00+00:00,0.0,28000.0,"POLYGON ((-83.49817775387488 32.99731837640821, -81.48924891038993 32.92795959095838, -81.69956121452608 32.158633175643814, -83.49921966591273 32.38250001561887, -83.49817775387488 32.99731837640821))"
16C,2020-02-18 13:55:00+00:00,2020-02-18 15:55:00+00:00,0.0,32000.0,"POLYGON ((-87.77703194882747 34.94494498769873, -86.55151215997991 35.024739655068615, -88.11102709897469 33.489360755019305, -90.56125777059637 33.22440102820553, -87.77703194882747 34.94494498769873))"
15C,2020-02-18 13:55:00+00:00,2020-02-18 15:55:00+00:00,,,"POLYGON ((-88.97639852595842 36.09023177274355, -89.98231812563641 35.09092440799587, -89.92942558129505 35.1184227191257, -92.0722271859823 34.73565562575693, -92.09556711795999 34.72845630081573, -94.11092451416305 33.82451822170081, -89.84136387258299 34.94903748630767, -88.835444272905 35.94834485105535, -92.0370580216116 34.53877208180909, -89.89425641692435 34.92153917517785, -94.02907548583697 33.64203332763537, -92.01371808963391 34.54597140675029, -88.97639852595842 36.09023177274355))"
6E,2020-02-18 14:55:00+00:00,2020-02-18 16:55:00+00:00,0.0,31000.0,"POLYGON ((-76.0565913501922 34.33663054389656, -75.29134565535617 33.431553251189904, -77.0382851343027 32.656419589869714, -77.26191260735983 33.11885193382826, -76.0565913501922 34.33663054389656))"
18C,2020-02-18 14:55:00+00:00,2020-02-18 16:55:00+00:00,,,"POLYGON ((-86.83774401567321 33.79134513790206, -88.61242234546611 33.7962372079633, -88.64517872887417 33.79081561129413, -92.19474170092842 32.57179691813528, -88.61297366244477 33.59623796784078, -86.83829533265187 33.59134589777954, -92.12978025109096 32.38264087135111, -88.58021727903672 33.60165956450995, -86.83774401567321 33.79134513790206))"
17C,2020-02-18 14:55:00+00:00,2020-02-18 16:55:00+00:00,0.0,31000.0,"POLYGON ((-87.05796393890309 36.33861138537482, -86.96453235633491 36.16177660548465, -89.79861178894113 34.66437588670777, -89.8920433715093 34.84121066659794, -87.05796393890309 36.33861138537482))"
20C,2020-02-18 14:55:00+00:00,2020-02-18 16:55:00+00:00,0.0,32000.0,"POLYGON ((-91.32958788369633 34.77267270477493, -91.2724191737126 34.581017445001564, -93.84142585824942 33.814710283548294, -93.89859456823315 34.006365543321664, -91.32958788369633 34.77267270477493))"
19C,2020-02-18 14:55:00+00:00,2020-02-18 16:55:00+00:00,0.0,31000.0,"POLYGON ((-94.32083684756954 35.47611396477455, -94.21916315243045 35.30388603522545, -95.4806434839119 34.559178907973916, -95.58231717905099 34.73140683752301, -94.32083684756954 35.47611396477455))"
7E,2020-02-18 15:55:00+00:00,2020-02-18 17:55:00+00:00,0.0,34000.0,"POLYGON ((-76.0565913501922 34.33663054389656, -75.29134565535617 33.431553251189904, -77.11256866433175 32.810607855650346, -76.0565913501922 34.33663054389656))"
21C,2020-02-18 15:55:00+00:00,2020-02-18 17:55:00+00:00,0.0,31000.0,"POLYGON ((-86.59865357691422 36.622484581265304, -85.73222510669639 35.81792757448312, -89.4086900535937 34.54809648938937, -89.02996777887955 35.784369232382, -86.59865357691422 36.622484581265304))"
22C,2020-02-18 15:55:00+00:00,2020-02-18 17:55:00+00:00,,,"POLYGON ((-86.86979078279873 33.83092839662576, -87.46030136853747 34.66464810133526, -87.58462204513685 34.69726647512124, -91.77655514368816 32.71685165252588, -87.62351003857265 34.54904996110216, -87.0329994528339 33.71533025639265, -91.69112246052457 32.53601676472082, -87.49918936197327 34.51643158731618, -86.86979078279873 33.83092839662576))"
24C,2020-02-18 15:55:00+00:00,2020-02-18 17:55:00+00:00,,,"POLYGON ((-91.91551762887993 34.74577973598372, -92.89012646104133 33.42023868553483, -94.09201954195242 33.69154914041275, -91.76570536204265 34.61327960502123, -92.79320078567028 33.45153419797593, -94.04798045804759 33.88664029625745, -92.8460873771365 33.61532984137953, -92.94301305250755 33.58403432893843, -91.91551762887993 34.74577973598372))"
23C,2020-02-18 15:55:00+00:00,2020-02-18 17:55:00+00:00,0.0,36000.0,"POLYGON ((-93.9908823636055 35.36657523819405, -93.89466182622863 35.19124238848554, -95.08261636471471 34.53930737309931, -95.17883690209158 34.71464022280782, -93.9908823636055 35.36657523819405))"
8E,2020-02-18 16:55:00+00:00,2020-02-18 18:55:00+00:00,0.0,40000.0,"POLYGON ((-75.8551517234846 34.333495027530304, -75.10928185556631 33.36391611371047, -77.11256866433175 32.810607855650346, -75.8551517234846 34.333495027530304))"
25C,2020-02-18 16:55:00+00:00,2020-02-18 18:55:00+00:00,0.0,26000.0,"POLYGON ((-87.07037982329443 35.3708399752367, -84.67063234564948 34.090900860738536, -86.47766966726513 33.31635925235381, -87.64547745650499 35.01731111553729, -87.07037982329443 35.3708399752367))"
27C,2020-02-18 16:55:00+00:00,2020-02-18 18:55:00+00:00,0.0,32000.0,"POLYGON ((-93.28292639042967 35.717940726933634, -92.74 33.98285469710447, -94.56275476649212 33.9179341292826, -95.78000000000002 34.56085812115821, -93.28292639042967 35.717940726933634))"
28C,2020-02-18 16:55:00+00:00,2020-02-18 18:55:00+00:00,0.0,27000.0,"POLYGON ((-90.726077261871 35.109623076495964, -90.64615269270304 34.92628714645683, -92.34090032473 34.187468660035314, -92.42082489389796 34.37080459007445, -90.726077261871 35.109623076495964))"
26C,2020-02-18 16:55:00+00:00,2020-02-18 18:55:00+00:00,0.0,30000.0,"POLYGON ((-87.49 34.71, -86.83341975335063 33.80354828967026, -89.94165807277571 32.48522587896217, -91.07794068554992 33.18081775891665, -87.49 34.71))"
9E,2020-02-18 17:55:00+00:00,2020-02-18 19:55:00+00:00,0.0,36000.0,"POLYGON ((-75.32964868748161 34.56621388586957, -74.92750143497929 33.29601366051396, -76.32629249359711 33.046225507906435, -75.32964868748161 34.56621388586957))"
29C,2020-02-18 17:55:00+00:00,2020-02-18 19:55:00+00:00,0.0,30000.0,"POLYGON ((-85.73222510669639 35.81792757448312, -85.59314934811667 33.817939894501365, -90.28 32.96089313279083, -89.8552376273647 33.812198332186156, -85.73222510669639 35.81792757448312))"
30C,2020-02-18 17:55:00+00:00,2020-02-18 19:55:00+00:00,0.0,32000.0,"POLYGON ((-92.18551926512717 36.10365722545654, -92.36676723645107 34.616190891527026, -95.18094779438684 33.88704725062193, -95.03313513848774 34.59304849848453, -92.18551926512717 36.10365722545654))"
31C,2020-02-18 17:55:00+00:00,2020-02-18 19:55:00+00:00,0.0,26000.0,"POLYGON ((-90.38147879846018 35.106986222736644, -90.28464500821956 34.93199131690326, -91.86419241183857 34.0579455198056, -91.9610262020792 34.232940425638986, -90.38147879846018 35.106986222736644))"
10E,2020-02-18 18:55:00+00:00,2020-02-18 20:55:00+00:00,0.0,38000.0,"POLYGON ((-74.28936930317946 35.60841081246331, -73.90021744915809 34.35593367745108, -76.05057862301025 32.80714986095124, -76.02243555084308 33.699426699793655, -74.28936930317946 35.60841081246331))"
32C,2020-02-18 18:55:00+00:00,2020-02-18 20:55:00+00:00,0.0,30000.0,"POLYGON ((-85.54212217927147 35.727896196103664, -84.7233503359014 33.86495836522623, -91.12533952670466 32.835025902913294, -91.24904083418144 34.35812375537841, -85.54212217927147 35.727896196103664))"
34C,2020-02-18 18:55:00+00:00,2020-02-18 20:55:00+00:00,0.0,34000.0,"POLYGON ((-95.8758504922045 33.75752794688896, -95.13037065273018 33.18795387845657, -97.2662348243079 32.40868157310378, -97.95172791611162 32.54835770245518, -95.8758504922045 33.75752794688896))"
33C,2020-02-18 18:55:00+00:00,2020-02-18 20:55:00+00:00,0.0,30000.0,"POLYGON ((-92.18 35.40285469710447, -91.82839391010002 34.67949519828053, -94.76355054751481 33.50806772733763, -94.27 34.81171624231642, -92.18 35.40285469710447))"
12E,2020-02-18 19:55:00+00:00,2020-02-18 21:55:00+00:00,0.0,30000.0,"POLYGON ((-87.49 34.71, -84.72121618034382 34.60632367559116, -84.44 33.96273791147279, -91.30878765631445 32.77255260359794, -91.2770612786174 33.45600939913174, -87.49 34.71))"
11E,2020-02-18 19:55:00+00:00,2020-02-18 21:55:00+00:00,0.0,37000.0,"POLYGON ((-74.28936930317946 35.60841081246331, -73.90021744915809 34.35593367745108, -75.10928185556631 33.36391611371047, -75.25408200029028 34.411943802892225, -74.28936930317946 35.60841081246331))"
36C,2020-02-18 19:55:00+00:00,2020-02-18 21:55:00+00:00,0.0,33000.0,"POLYGON ((-92.18 35.345475822945566, -91.97768929611112 34.67983287365655, -96.12827208388839 32.54835770245518, -96.88786665729897 33.177317743186066, -92.18 35.345475822945566))"
35C,2020-02-18 19:55:00+00:00,2020-02-18 21:55:00+00:00,0.0,30000.0,"POLYGON ((-91.93881396190822 33.53405745010067, -91.79697346659306 32.724220643578406, -93.49270192466398 32.65895023154708, -93.89660994329193 33.50987923073338, -91.93881396190822 33.53405745010067))"
15E,2020-02-18 20:55:00+00:00,2020-02-18 22:55:00+00:00,0.0,30000.0,"POLYGON ((-86.32 32.22, -86.38150247329128 31.44447747954094, -88.36 30.73, -87.71259602304839 31.993329976444404, -86.32 32.22))"
14E,2020-02-18 20:55:00+00:00,2020-02-18 22:55:00+00:00,0.0,30000.0,"POLYGON ((-83.22241594526044 34.85368030233317, -83.37117133842392 32.454410225148024, -87.05245629789331 33.36249658462884, -86.9 34.16910686720918, -83.22241594526044 34.85368030233317))"
13E,2020-02-18 20:55:00+00:00,2020-02-18 22:55:00+00:00,0.0,34000.0,"POLYGON ((-74.10202207210175 35.54163455364396, -73.90021744915809 34.35593367745108, -75.10928185556631 33.36391611371047, -75.17879359740719 34.257627423980296, -74.10202207210175 35.54163455364396))"
38C,2020-02-18 20:55:00+00:00,2020-02-18 22:55:00+00:00,0.0,32000.0,"POLYGON ((-91.34023482709601 35.340840671314346, -91.16847914232966 34.67582201304742, -95.4803928056752 32.67256073786884, -96.05031938813546 33.68959575429802, -91.34023482709601 35.340840671314346))"
37C,2020-02-18 20:55:00+00:00,2020-02-18 22:55:00+00:00,0.0,31000.0,"POLYGON ((-86.9 34.16910686720918, -86.9 33.337262088527226, -93.81 32.43726208852721, -93.58166151794437 33.2309077584596, -86.9 34.16910686720918))"
16E,2020-02-18 21:55:00+00:00,2020-02-18 23:55:00+00:00,0.0,30000.0,"POLYGON ((-74.28936930317946 35.60841081246331, -74.03960245309027 34.47617000801013, -75.10928185556631 33.36391611371047, -75.32964868748161 34.56621388586957, -74.28936930317946 35.60841081246331))"
17E,2020-02-18 21:55:00+00:00,2020-02-18 23:55:00+00:00,0.0,31000.0,"POLYGON ((-82.73783774359747 34.88971008063144, -82.13336838034549 32.30797307895654, -87.05245629789331 33.36249658462884, -86.9 34.16910686720918, -82.73783774359747 34.88971008063144))"
39C,2020-02-18 21:55:00+00:00,2020-02-18 23:55:00+00:00,0.0,30000.0,"POLYGON ((-86.9 34.16910686720918, -86.9 33.337262088527226, -91.85758413769496 32.583535028416115, -92.00259521848538 33.51249183378406, -86.9 34.16910686720918))"
40C,2020-02-18 21:55:00+00:00,2020-02-18 23:55:00+00:00,0.0,32000.0,"POLYGON ((-91.26278797123997 35.49477284765312, -90.40909410841927 34.666321994215245, -94.57071281542481 31.46732365748213, -95.78000000000002 34.51726208852722, -91.26278797123997 35.49477284765312))"
41C,2020-02-18 22:55:00+00:00,2020-02-19 00:55:00+00:00,0.0,30000.0,"POLYGON ((-86.9 34.16910686720918, -86.9 33.337262088527226, -90.1 32.92910686720917, -90.12682729967294 33.76731564919611, -86.9 34.16910686720918))"
42C,2020-02-18 22:55:00+00:00,2020-02-19 00:55:00+00:00,0.0,32000.0,"POLYGON ((-92.55432426406219 34.98610978694171, -91.69709254761108 32.519534854161385, -96.12297932829206 30.234368545083647, -94.38545285160777 32.726156746147225, -94.27 34.66714530289552, -92.55432426406219 34.98610978694171))"
18E,2020-02-18 23:07:00+00:00,2020-02-19 00:55:00+00:00,0.0,29000.0,"POLYGON ((-73.91498722514666 35.4745690241172, -73.90021744915809 34.35593367745108, -75.10928185556631 33.36391611371047, -75.32964868748161 34.56621388586957, -73.91498722514666 35.4745690241172))"
20E,2020-02-18 23:07:00+00:00,2020-02-19 00:55:00+00:00,0.0,34000.0,"POLYGON ((-77.02217490022191 33.641227356518534, -76.18824930117962 32.92676335171022, -76.96425744252087 32.50218772195476, -77.87 33.18541730984525, -77.02217490022191 33.641227356518534))"
19E,2020-02-18 23:07:00+00:00,2020-02-19 00:55:00+00:00,0.0,31000.0,"POLYGON ((-82.05468614566696 34.92770911452881, -81.59520284331686 32.56798328452717, -87.03254270914627 33.402796946539354, -86.9 34.103712818262686, -82.05468614566696 34.92770911452881))"
21E,2020-02-18 23:55:00+00:00,2020-02-19 01:55:00+00:00,0.0,32000.0,"POLYGON ((-74.4601793343904 34.835922168434095, -73.90021744915809 34.35593367745108, -78.24940281019201 31.347874173341076, -78.7939420029141 31.825042268081663, -74.4601793343904 34.835922168434095))"
44C,2020-02-18 23:55:00+00:00,2020-02-19 01:55:00+00:00,0.0,32000.0,"POLYGON ((-92.04 33.01910686720918, -91.49430233877342 32.327821641001485, -94.13674972489683 31.158685545666113, -94.75 32.08726208852722, -92.04 33.01910686720918))"
43C,2020-02-18 23:55:00+00:00,2020-02-19 01:55:00+00:00,0.0,32000.0,"POLYGON ((-86.28215427954264 34.17960074839759, -86.0092500375346 33.3240779311423, -89.11592702383209 32.268956185962125, -89.63796925625525 33.67964599951591, -86.28215427954264 34.17960074839759))"
2E,2020-02-19 00:20:00+00:00,2020-02-19 01:55:00+00:00,0.0,34000.0,"POLYGON ((-84.70744938272809 34.16397713970385, -83.95782964318785 33.7950395861881, -85.83447213135304 32.62798113169183, -86.63572753983254 33.13545384250937, -84.70744938272809 34.16397713970385))"
3E,2020-02-19 00:55:00+00:00,2020-02-19 02:55:00+00:00,0.0,35000.0,"POLYGON ((-70.86334728687149 38.14394774694664, -70.55483673886648 37.52468157415651, -72.61449218536606 34.997111206835285, -73.91498722514666 35.4745690241172, -70.86334728687149 38.14394774694664))"
1E,2020-02-19 00:55:00+00:00,2020-02-19 02:55:00+00:00,0.0,34000.0,"POLYGON ((-75.02669109969132 35.313314744045755, -73.90021744915809 34.35593367745108, -78.24940281019201 31.347874173341076, -78.7939420029141 31.825042268081663, -75.02669109969132 35.313314744045755))"
2E,2020-02-19 00:55:00+00:00,2020-02-19 02:55:00+00:00,0.0,32000.0,"POLYGON ((-84.0455213688726 34.4430612191985, -82.55999199161954 33.70935540766096, -88.36 31.395475822945567, -88.3105128132077 33.48984018797559, -84.0455213688726 34.4430612191985))"
4E,2020-02-19 00:55:00+00:00,2020-02-19 02:55:00+00:00,0.0,30000.0,"POLYGON ((-80.68035803564608 33.7321148269582, -80.04 33.2227379114728, -81.66874200178677 32.62933585885613, -81.85602326766535 33.09480759313287, -80.68035803564608 33.7321148269582))"
1C,2020-02-19 00:55:00+00:00,2020-02-19 02:55:00+00:00,0.0,30000.0,"POLYGON ((-90.75937788214235 33.293102425343456, -90.34278177680629 32.63422145236919, -94.21316727531577 31.159007422702587, -94.45991605071438 31.694003299933556, -90.75937788214235 33.293102425343456))"
5E,2020-02-19 01:55:00+00:00,2020-02-19 03:55:00+00:00,0.0,34000.0,"POLYGON ((-74.74260663020704 35.07494773982172, -73.90021744915809 34.35593367745108, -78.114134192269 31.228223940412413, -78.40326322893375 32.30632635237686, -74.74260663020704 35.07494773982172))"
6E,2020-02-19 01:55:00+00:00,2020-02-19 03:55:00+00:00,0.0,34000.0,"POLYGON ((-83.7274498082243 34.346330933610005, -82.52899818619936 33.58211794311643, -87.58554271303873 31.768024234851044, -88.22864570020822 33.25440066662654, -83.7274498082243 34.346330933610005))"
7E,2020-02-19 01:55:00+00:00,2020-02-19 03:55:00+00:00,0.0,35000.0,"POLYGON ((-70.86334728687149 38.14394774694664, -70.55483673886648 37.52468157415651, -71.69493710729338 34.647654631110235, -73.91498722514666 35.4745690241172, -70.86334728687149 38.14394774694664))"
8E,2020-02-19 01:55:00+00:00,2020-02-19 03:55:00+00:00,0.0,28000.0,"POLYGON ((-80.22599085075521 33.75813539531054, -79.30571980103298 33.142522346807496, -81.11 32.65910686720918, -81.35449733983387 33.244805478483684, -80.22599085075521 33.75813539531054))"
9E,2020-02-19 02:55:00+00:00,2020-02-19 04:55:00+00:00,0.0,31000.0,"POLYGON ((-74.74260663020704 35.07494773982172, -73.90021744915809 34.35593367745108, -78.114134192269 31.228223940412413, -78.65728330880478 31.705967249332993, -74.74260663020704 35.07494773982172))"
10E,2020-02-19 02:55:00+00:00,2020-02-19 04:55:00+00:00,0.0,35000.0,"POLYGON ((-83.56745402599054 34.165442754876416, -82.64923592151129 33.300126195925685, -86.9208058348533 31.70744244644544, -87.38901178798201 33.26012765346314, -83.56745402599054 34.165442754876416))"
12E,2020-02-19 03:55:00+00:00,2020-02-19 05:55:00+00:00,0.0,31000.0,"POLYGON ((-83.3 33.86815522131804, -82.16000000000001 33.21089313279082, -86.8733591844088 31.74823125693894, -87.23159293349036 32.53506400034328, -83.3 33.86815522131804))"
11E,2020-02-19 03:55:00+00:00,2020-02-19 05:55:00+00:00,0.0,32000.0,"POLYGON ((-74.74260663020704 35.07494773982172, -73.90021744915809 34.35593367745108, -78.114134192269 31.228223940412413, -78.65728330880478 31.705967249332993, -74.74260663020704 35.07494773982172))"
13E,2020-02-19 04:55:00+00:00,2020-02-19 06:55:00+00:00,0.0,28000.0,"POLYGON ((-74.28936930317946 35.60841081246331, -72.98449992005833 35.13494418784608, -77.84462178688962 30.988500832891024, -78.65728330880478 31.705967249332993, -74.28936930317946 35.60841081246331))"
14E,2020-02-19 06:55:00+00:00,2020-02-19 08:55:00+00:00,0.0,36000.0,"POLYGON ((-74.60118707224883 34.955516670633756, -74.03960245309027 34.47617000801013, -75.83923781537374 33.63286179856822, -76.57372982515872 33.89749217730992, -74.60118707224883 34.955516670633756))"
15E,2020-02-19 07:55:00+00:00,2020-02-19 09:55:00+00:00,0.0,36000.0,"POLYGON ((-74.60118707224883 34.955516670633756, -74.03960245309027 34.47617000801013, -76.46471044237626 33.165535224984644, -77.16250051869676 33.759758054480585, -74.60118707224883 34.955516670633756))"
16E,2020-02-19 08:55:00+00:00,2020-02-19 10:55:00+00:00,0.0,37000.0,"POLYGON ((-74.60118707224883 34.955516670633756, -73.90021744915809 34.35593367745108, -78.114134192269 31.228223940412413, -79.06831981707582 32.062751988236165, -74.60118707224883 34.955516670633756))"
17E,2020-02-19 09:55:00+00:00,2020-02-19 11:55:00+00:00,0.0,41000.0,"POLYGON ((-74.60118707224883 34.955516670633756, -73.90021744915809 34.35593367745108, -78.114134192269 31.228223940412413, -79.06831981707582 32.062751988236165, -74.60118707224883 34.955516670633756))"
18E,2020-02-19 10:55:00+00:00,2020-02-19 12:55:00+00:00,0.0,45000.0,"POLYGON ((-74.4601793343904 34.835922168434095, -73.7612320341291 34.23553982536499, -77.9792078756522 31.108432486859222, -78.40326322893375 32.30632635237686, -74.4601793343904 34.835922168434095))"
OSCAR 1,2020-02-19 11:25:00+00:00,2020-02-19 15:25:00+00:00,0.0,57000.0,"POLYGON ((-172.3 -2.2, -170.2 -5, -175.1 -2.4, -172.3 -2.2))"
PAPA 1,2020-02-19 11:25:00+00:00,2020-02-19 15:25:00+00:00,0.0,56000.0,"POLYGON ((-175 5.2, -169.5 5.1, -175.5 0.2, -175 5.2))"
19E,2020-02-19 11:55:00+00:00,2020-02-19 13:55:00+00:00,0.0,45000.0,"POLYGON ((-74.60118707224883 34.955516670633756, -73.62264378716961 34.114989610031834, -77.84462178688962 30.988500832891024, -78.04244026577516 32.173763670293084, -74.60118707224883 34.955516670633756))"
20E,2020-02-19 12:55:00+00:00,2020-02-19 14:55:00+00:00,0.0,37000.0,"POLYGON ((-74.4601793343904 34.835922168434095, -73.48445029602838 33.994284181857886, -76.96628630468636 31.769981500275684, -77.86242363578312 32.10709887104252, -74.4601793343904 34.835922168434095))"
FOXTROT 1,2020-02-19 14:15:00+00:00,2020-02-19 18:15:00+00:00,0.0,43000.0,"POLYGON ((-128.3 9.3, -122.15 6.15, -126 3.3, -140 3.3, -140 9.15, -128.3 9.3))"
OSCAR 2,2020-02-19 14:46:00+00:00,2020-02-19 18:45:00+00:00,0.0,55000.0,"POLYGON ((-171.5 0, -170.2 -5, -173.5 0, -171.5 0))"
PAPA 2,2020-02-19 14:46:00+00:00,2020-02-19 18:45:00+00:00,0.0,58000.0,"POLYGON ((-170 6.5, -171.3 0, -175.3 5.2, -170 6.5))"
KILO 1,2020-02-19 15:40:00+00:00,2020-02-19 19:40:00+00:00,0.0,42000.0,"POLYGON ((-70 35.3, -68.45 32.15, -75 29.3, -77 32, -72.3 35, -70 35.3))"
FOXTROT 2,2020-02-19 18:00:00+00:00,2020-02-19 22:00:00+00:00,0.0,43000.0,"POLYGON ((-131.3 13.45, -122.45 9.15, -126 3.3, -136 3.3, -135.3 12.3, -131.3 13.45))"
PAPA 3,2020-02-19 18:39:00+00:00,2020-02-19 22:40:00+00:00,0.0,57000.0,"POLYGON ((-170.3 6.4, -171.3 -2.2, -175.1 6.2, -170.3 6.4))"
FOXTROT 3,2020-02-19 20:40:00+00:00,2020-02-20 00:40:00+00:00,0.0,43000.0,"POLYGON ((-128.45 11.45, -121 8.15, -127.3 3.15, -140 7.3, -140 9.45, -128.45 11.45))"
FOXTROT 4,2020-02-19 22:40:00+00:00,2020-02-20 02:40:00+00:00,0.0,42000.0,"POLYGON ((-128.3512125039733 9.184626115774833, -131.2012125039733 9.734626115774834, -131.09878749602672 10.265373884225166, -128.24878749602672 9.715373884225166, -128.3512125039733 9.184626115774833))"
1C,2020-02-20 06:55:00+00:00,2020-02-20 08:55:00+00:00,0.0,34000.0,"POLYGON ((-94.0479401389215 29.318849748822867, -93.11 29.272574363474632, -93.11 28.694290605791064, -94.94528541946798 28.255224275913758, -94.0479401389215 29.318849748822867))"
2C,2020-02-20 07:55:00+00:00,2020-02-20 09:55:00+00:00,0.0,37000.0,"POLYGON ((-93.81488952738852 29.52475463212357, -92.28846708224806 29.421852890601713, -91.62156416391446 28.618154234164834, -94.0664723462257 28.829283445098866, -93.81488952738852 29.52475463212357))"
3C,2020-02-20 08:55:00+00:00,2020-02-20 10:55:00+00:00,0.0,34000.0,"POLYGON ((-92.99166854246911 30.242174032390437, -91.91852657563555 30.257240831979, -91.47014867842958 28.67510466823671, -93.74130471400191 28.80282875408366, -92.99166854246911 30.242174032390437))"
4C,2020-02-20 09:55:00+00:00,2020-02-20 11:55:00+00:00,0.0,35000.0,"POLYGON ((-90.72086463045288 30.478720528482903, -90.97750296040424 28.858807022645482, -93.11 28.642679398372472, -92.57576482033794 30.329918444256382, -90.72086463045288 30.478720528482903))"
5C,2020-02-20 14:55:00+00:00,2020-02-20 16:55:00+00:00,0.0,28000.0,"POLYGON ((-93.55365273703956 29.204291275272425, -93.74130471400191 28.80282875408366, -95.24742699699355 28.36857154434882, -94.90712279878576 29.024296661948412, -93.55365273703956 29.204291275272425))"
LIMA 1,2020-02-21 00:30:00+00:00,2020-02-21 04:30:00+00:00,28000.0,36000.0,"POLYGON ((-41.45 44.15, -41.15 41, -58.15 36.3, -69.45 34.15, -65.15 39.15, -50.45 43.45, -41.45 44.15))"
1E,2020-02-21 02:08:00+00:00,2020-02-21 03:55:00+00:00,0.0,41000.0,"POLYGON ((-77.90182995378836 30.407647758682796, -78.21648200970473 28.48908274740241, -79.8221676335047 28.26660028191138, -79.60689771374795 30.58562877061297, -77.90182995378836 30.407647758682796))"
2E,2020-02-21 02:55:00+00:00,2020-02-21 04:55:00+00:00,0.0,45000.0,"POLYGON ((-77.65950719339556 30.82282000492043, -78.05717281155181 28.54391714420933, -79.73395160862685 27.954571432919824, -79.41519412349672 29.897873042671513, -77.65950719339556 30.82282000492043))"
QUEBEC 1,2020-02-21 03:43:00+00:00,2020-02-21 07:45:00+00:00,0.0,58000.0,"POLYGON ((-168.1 8.5, -164.2 8.4, -170 4.1, -168.1 8.5))"
3E,2020-02-21 03:55:00+00:00,2020-02-21 05:55:00+00:00,0.0,40000.0,"POLYGON ((-77.65950719339556 30.82282000492043, -77.59665235119397 28.701064074312963, -79.51049382958965 27.676555728962477, -78.94948754776438 30.057157658432068, -77.65950719339556 30.82282000492043))"
LIMA 2,2020-02-21 04:15:00+00:00,2020-02-21 08:15:00+00:00,28000.0,36000.0,"POLYGON ((-50.15 45, -40 45, -40 40.45, -59.3 35, -71.15 33.45, -68.15 38.45, -50.15 45))"
MIKE 1,2020-02-21 04:35:00+00:00,2020-02-21 08:35:00+00:00,0.0,38000.0,"POLYGON ((-74.15 31.45, -73.45 30.3, -76.3 28.3, -77 30, -77 31, -74.15 31.45))"
4E,2020-02-21 04:55:00+00:00,2020-02-21 06:55:00+00:00,0.0,38000.0,"POLYGON ((-78.0819286218926 30.3481669607459, -77.04413479468433 30.266023031357665, -76.62242876451066 29.02683697822481, -78.74418212207864 28.30571205617317, -78.0819286218926 30.3481669607459))"
LIMA 3,2020-02-21 05:20:00+00:00,2020-02-21 09:20:00+00:00,33000.0,39000.0,"POLYGON ((-64.15 42.3, -55.15 39.15, -58.3 33, -70.3 34, -64.15 42.3))"
5E,2020-02-21 05:55:00+00:00,2020-02-21 07:55:00+00:00,0.0,38000.0,"POLYGON ((-76.62242876451066 29.02683697822481, -77.67244710255024 27.65149967861973, -77.51004145035955 28.73039262105773, -76.62242876451066 29.02683697822481))"
MIKE 2,2020-02-21 07:00:00+00:00,2020-02-21 11:00:00+00:00,0.0,36000.0,"POLYGON ((-74.45 30.15, -72 30.15, -74.3 27.15, -77 27.3, -77 28.45, -74.45 30.15))"
QUEBEC 2,2020-02-21 07:18:00+00:00,2020-02-21 11:20:00+00:00,0.0,58000.0,"POLYGON ((-164.4 8.5, -164 3.2, -170 7.5, -164.4 8.5))"
QUEBEC 3,2020-02-21 11:13:00+00:00,2020-02-21 15:15:00+00:00,0.0,57000.0,"POLYGON ((-165.2 8, -162.1 4.1, -169.5 7.2, -165.2 8))"
QUEBEC 4,2020-02-21 14:42:00+00:00,2020-02-21 18:45:00+00:00,0.0,58000.0,"POLYGON ((-163 6.3, -168.4 2.3, -169.3 5.5, -163 6.3))"
QUEBEC 5,2020-02-21 15:05:00+00:00,2020-02-21 19:05:00+00:00,0.0,58000.0,"POLYGON ((-163.1 7, -162.2 3.4, -169.3 6.2, -163.1 7))"
ROMEO 1,2020-02-21 18:19:00+00:00,2020-02-21 22:20:00+00:00,0.0,55000.0,"POLYGON ((145.1 6.3, 154 5.2, 144.4 3.4, 145.1 6.3))"
QUEBEC 6,2020-02-21 18:56:00+00:00,2020-02-21 23:00:00+00:00,0.0,58000.0,"POLYGON ((-164 9.1, -161.4 4, -169.2 7.2, -164 9.1))"
ROMEO 2,2020-02-21 22:38:00+00:00,2020-02-22 02:40:00+00:00,0.0,57000.0,"POLYGON ((144.5 7.2, 152 5.2, 143.1 3.5, 144.5 7.2))"
ALFA 1,2020-02-22 00:15:00+00:00,2020-02-22 04:15:00+00:00,0.0,36000.0,"POLYGON ((-58.3 35.3, -58.3 33, -62 30.15, -67.3 27.45, -68 29.3, -58.3 35.3))"
ROMEO 3,2020-02-22 02:46:00+00:00,2020-02-22 06:45:00+00:00,0.0,55000.0,"POLYGON ((142.5 7, 151.1 5.5, 142 2.3, 142.5 7))"
ALFA 2,2020-02-22 04:00:00+00:00,2020-02-22 08:00:00+00:00,0.0,36000.0,"POLYGON ((-57.45 34.45, -57.15 32.15, -60.45 29.45, -68.3 26.45, -71 27.3, -57.45 34.45))"
ALFA 3,2020-02-22 07:50:00+00:00,2020-02-22 11:50:00+00:00,0.0,35000.0,"POLYGON ((-57 34, -51.45 33.45, -63.15 27.3, -66.15 28.45, -57 34))"
GOLF 1,2020-02-22 09:30:00+00:00,2020-02-22 13:30:00+00:00,0.0,50000.0,"POLYGON ((-140 10, -125.15 8.15, -125.45 6, -135 4.3, -140 5.3, -140 10))"
GOLF 2,2020-02-22 13:30:00+00:00,2020-02-22 17:30:00+00:00,0.0,46000.0,"POLYGON ((-129.15 9.15, -124.3 6.45, -127.3 4.45, -140 4, -140 7.45, -129.15 9.15))"
1W,2020-02-22 14:55:00+00:00,2020-02-22 16:55:00+00:00,0.0,25000.0,"POLYGON ((-119.1 36.311844778681966, -118.1525030388245 35.79463537553796, -118.07851341520954 35.475696121451776, -119.33590986374966 35.94088553269518, -119.1 36.311844778681966))"
2W,2020-02-22 15:55:00+00:00,2020-02-22 17:55:00+00:00,0.0,29000.0,"POLYGON ((-113.12018247950974 33.04313866885902, -112.58081204325667 32.958174069734994, -112.87371453843234 32.084850444262884, -113.49239734099135 31.823993318063565, -113.12018247950974 33.04313866885902))"
3W,2020-02-22 15:55:00+00:00,2020-02-22 17:55:00+00:00,0.0,30000.0,"POLYGON ((-118.20103705315175 33.46867321072334, -117.07802255228317 33.0873180601212, -116.81188790340981 32.426383187734665, -117.92503209585875 32.18987562423606, -118.20103705315175 33.46867321072334))"
5W,2020-02-22 15:55:00+00:00,2020-02-22 17:55:00+00:00,0.0,24000.0,"POLYGON ((-119.90104156980166 35.56882907165521, -119.71922338798348 35.56882907165521, -119.71922338798348 35.38701088983702, -119.90104156980166 35.38701088983702, -119.90104156980166 35.56882907165521))"
4W,2020-02-22 15:55:00+00:00,2020-02-22 17:55:00+00:00,0.0,25000.0,"POLYGON ((-119.69892727048229 34.54547727106837, -119.5171090886641 34.54547727106837, -119.5171090886641 34.363659089250184, -119.69892727048229 34.363659089250184, -119.69892727048229 34.54547727106837))"
7W,2020-02-22 16:55:00+00:00,2020-02-22 18:55:00+00:00,0.0,24000.0,"POLYGON ((-118.14721334990827 33.69439533469296, -117.5072190209715 33.60822188348042, -116.81188790340981 32.426383187734665, -117.53083395412193 32.16482054566876, -118.14721334990827 33.69439533469296))"
6W,2020-02-22 16:55:00+00:00,2020-02-22 18:55:00+00:00,0.0,28000.0,"POLYGON ((-112.82276807338592 33.704040797218944, -111.85985412994899 33.48522201694606, -112.3212963963744 31.59424509222113, -113.63620924536157 31.948487776039222, -112.82276807338592 33.704040797218944))"
8W,2020-02-22 16:55:00+00:00,2020-02-22 18:55:00+00:00,0.0,25000.0,"POLYGON ((-115.29737732513728 36.347053976722236, -114.19905194717033 35.839506829257104, -114.47 35.05914187884179, -115.65474669127798 35.913007816234014, -115.29737732513728 36.347053976722236))"
GOLF 3,2020-02-22 17:30:00+00:00,2020-02-22 21:30:00+00:00,0.0,44000.0,"POLYGON ((-129 10.15, -124.3 5.3, -140 3.45, -140 7.3, -129 10.15))"
11W,2020-02-22 17:55:00+00:00,2020-02-22 19:55:00+00:00,0.0,24000.0,"POLYGON ((-114.92227234944633 36.54088040770271, -114.20524165316245 36.39455270907213, -114.62559170352749 35.07731089446745, -115.72916143706907 35.88765334281992, -114.92227234944633 36.54088040770271))"
9W,2020-02-22 17:55:00+00:00,2020-02-22 19:55:00+00:00,0.0,28000.0,"POLYGON ((-114.33573276228745 34.502793965165445, -112.85165062180742 34.39275395200195, -113.39651207326462 32.7642472711341, -114.6 33.059141878841785, -114.33573276228745 34.502793965165445))"
10W,2020-02-22 17:55:00+00:00,2020-02-22 19:55:00+00:00,0.0,25000.0,"POLYGON ((-117.0281365550244 33.626967102046464, -116.59612345017196 32.55710352434912, -117.0334707465122 32.379148046593464, -117.93952338161375 33.520118155475714, -117.0281365550244 33.626967102046464))"
UNIFORM 1,2020-02-22 18:05:00+00:00,2020-02-22 22:05:00+00:00,0.0,56000.0,"POLYGON ((180 -1.1, 180 -3.4, -174.4 -5, -174.5 -1.4, 180 -1.1))"
WHISKEY 1,2020-02-22 18:29:00+00:00,2020-02-22 22:30:00+00:00,0.0,54000.0,"POLYGON ((138.2 7.4, 143.5 5.1, 152.4 2.3, 141.3 3.1, 135.3 7.2, 138.2 7.4))"
13W,2020-02-22 18:55:00+00:00,2020-02-22 20:55:00+00:00,0.0,24000.0,"POLYGON ((-114.88430005029932 36.613949633165184, -113.81407380955886 36.15395492713298, -114.47 35.05914187884179, -115.65683970520004 36.24495022012255, -114.88430005029932 36.613949633165184))"
12W,2020-02-22 18:55:00+00:00,2020-02-22 20:55:00+00:00,0.0,25000.0,"POLYGON ((-119.63528798599539 34.777058401497555, -118.69840685482993 34.46397385966929, -118.77847987319466 33.92950919435803, -119.89390596481672 34.4077103381088, -119.63528798599539 34.777058401497555))"
14W,2020-02-22 18:55:00+00:00,2020-02-22 20:55:00+00:00,0.0,25000.0,"POLYGON ((-118.29705809747338 33.66279624876639, -117.47262216042935 32.57531187876801, -117.71413800784265 32.37015974445787, -118.6950603438698 33.39545106859858, -118.29705809747338 33.66279624876639))"
16W,2020-02-22 20:55:00+00:00,2020-02-22 22:55:00+00:00,0.0,26000.0,"POLYGON ((-118.22550906696767 36.18269924888947, -117.71613891779933 34.51614736435166, -120.48890232268388 35.09610203043395, -118.22550906696767 36.18269924888947))"
15W,2020-02-22 20:55:00+00:00,2020-02-22 22:55:00+00:00,0.0,27000.0,"POLYGON ((-116.74999999999999 36.51085812115821, -115.49006393411416 35.96889746295603, -116.12035964155751 35.46736012006713, -117.09249244752027 36.13167665330583, -116.74999999999999 36.51085812115821))"
17W,2020-02-22 20:55:00+00:00,2020-02-22 22:55:00+00:00,0.0,25000.0,"POLYGON ((-119.39644975686302 34.81611340744115, -116.95551738970968 34.39008595206773, -117.09878550127068 32.51279930394739, -119.70296767860927 34.37641555338811, -119.39644975686302 34.81611340744115))"
GOLF 4,2020-02-22 21:05:00+00:00,2020-02-23 01:05:00+00:00,0.0,50000.0,"POLYGON ((-134.15 9.15, -126 8, -122.15 5.15, -132.3 4, -139.45 4.15, -140 8.3, -134.15 9.15))"
20W,2020-02-22 21:55:00+00:00,2020-02-22 23:55:00+00:00,0.0,25000.0,"POLYGON ((-118.71276101173423 34.71085517104633, -117.0298077641405 34.32810739733369, -116.43849367001258 32.77751136455006, -116.95089218017073 32.54440915836616, -119.21169663142545 34.31772931809122, -118.71276101173423 34.71085517104633))"
21W,2020-02-22 21:55:00+00:00,2020-02-22 23:55:00+00:00,0.0,24000.0,"POLYGON ((-116.0879042617407 34.492751845739164, -115.8925506172719 34.16397713970385, -116.16 34.06371281826269, -116.66115020814378 34.39913588659856, -116.0879042617407 34.492751845739164))"
19W,2020-02-22 21:55:00+00:00,2020-02-22 23:55:00+00:00,0.0,27000.0,"POLYGON ((-118.89515539255382 35.8805256238478, -118.03482424767532 35.47532008201589, -118.0261013180399 34.730739187383136, -120.10842436355662 35.177365196989555, -118.89515539255382 35.8805256238478))"
18W,2020-02-22 21:55:00+00:00,2020-02-22 23:55:00+00:00,0.0,26000.0,"POLYGON ((-116.3685244499931 36.492708615625396, -114.65666120970015 35.67003733204721, -114.71951355428745 34.974199868493976, -117.02446446444193 36.265419281192614, -116.3685244499931 36.492708615625396))"
UNIFORM 2,2020-02-22 22:05:00+00:00,2020-02-23 02:05:00+00:00,0.0,56000.0,"POLYGON ((-177.1 -1.1, -174.4 -1.3, -174.3 -5, -177.2 -4, -177.1 -1.1))"
WHISKEY 2,2020-02-22 22:23:00+00:00,2020-02-23 02:25:00+00:00,0.0,56000.0,"POLYGON ((139 7.2, 143.4 5.2, 148.5 2.3, 141.4 3.1, 137.4 6.1, 139 7.2))"
23W,2020-02-22 22:55:00+00:00,2020-02-23 00:55:00+00:00,0.0,27000.0,"POLYGON ((-118.66469062656621 35.83214145630211, -118.34738255003836 35.22299456398501, -119.39751250795487 34.382101196193325, -120.20011337753817 34.862169116458674, -118.66469062656621 35.83214145630211))"
25W,2020-02-22 22:55:00+00:00,2020-02-23 00:55:00+00:00,0.0,26000.0,"POLYGON ((-118.43 34.59547582294557, -118.19854425065472 34.39089842162727, -117.62796778288627 33.9274001830234, -118.14721334990827 33.69439533469296, -118.80105185484709 34.0567770604144, -118.43 34.59547582294557))"
22W,2020-02-22 22:55:00+00:00,2020-02-23 00:55:00+00:00,0.0,26000.0,"POLYGON ((-116.49534502288088 36.5952740801106, -115.22857144491321 36.21354661433256, -114.25137341425037 35.617909209057736, -114.79563268052205 34.88021650069711, -116.74999999999999 36.22171624231642, -116.49534502288088 36.5952740801106))"
27W,2020-02-22 22:55:00+00:00,2020-02-23 00:55:00+00:00,0.0,26000.0,"POLYGON ((-111.20161492662356 34.257939352864526, -110.8 34.19257436347464, -111.70032041706922 33.31894003530144, -111.85985412994899 33.48522201694606, -111.20161492662356 34.257939352864526))"
26W,2020-02-22 22:55:00+00:00,2020-02-23 00:55:00+00:00,0.0,24000.0,"POLYGON ((-112.27713425512354 35.100530560570405, -112.10558424684014 35.00610936001309, -112.74745402599055 34.165442754876416, -112.85165062180742 34.39275395200195, -112.27713425512354 35.100530560570405))"
24W,2020-02-22 22:55:00+00:00,2020-02-23 00:55:00+00:00,0.0,24000.0,"POLYGON ((-116.83209573825931 34.492751845739164, -116.19831122899878 32.775771819020484, -116.75429609082818 32.61312604293765, -117.78776460461081 33.70703222462364, -116.83209573825931 34.492751845739164))"
29W,2020-02-22 23:55:00+00:00,2020-02-23 01:55:00+00:00,0.0,28000.0,"POLYGON ((-117.14362467924704 36.030824528844434, -117.39952326814958 35.114727568763875, -117.58829306960652 35.17680099875936, -117.66996777308611 35.47156475702773, -117.14362467924704 36.030824528844434))"
33W,2020-02-22 23:55:00+00:00,2020-02-23 01:55:00+00:00,0.0,25000.0,"POLYGON ((-110.66526228567976 34.79279316610449, -111.53895059909276 33.595046651665015, -111.65121815648351 33.736136066392845, -111.17326338073795 34.75274634570805, -110.66526228567976 34.79279316610449))"
31W,2020-02-22 23:55:00+00:00,2020-02-23 01:55:00+00:00,0.0,25000.0,"POLYGON ((-114.64599507864607 34.7698733749547, -114.1452393050419 34.658918848413734, -114.73767618477561 34.235441991601924, -115.08841579948036 34.257298191013675, -114.64599507864607 34.7698733749547))"
30W,2020-02-22 23:55:00+00:00,2020-02-23 01:55:00+00:00,0.0,25000.0,"POLYGON ((-116.08470904335371 36.576845532422396, -115.15999999999998 36.36914187884179, -114.0319024655072 35.453024866734076, -114.5374597582425 34.90354753721466, -115.98341313634913 35.800555665655494, -116.08470904335371 36.576845532422396))"
28W,2020-02-22 23:55:00+00:00,2020-02-23 01:55:00+00:00,0.0,25000.0,"POLYGON ((-118.74492916687848 35.47947998683009, -118.72481847652399 35.17273738741171, -118.67700695771263 34.134207753301894, -119.44539081217951 34.62022068655253, -118.74492916687848 35.47947998683009))"
32W,2020-02-22 23:55:00+00:00,2020-02-23 01:55:00+00:00,0.0,24000.0,"POLYGON ((-112.41232266663324 34.78676861329238, -112.22253863648739 34.72366534949728, -112.38510798492707 34.23473554983977, -112.57489201507293 34.29783881363487, -112.41232266663324 34.78676861329238))"
GOLF 5,2020-02-23 00:55:00+00:00,2020-02-23 04:55:00+00:00,0.0,38000.0,"POLYGON ((-127 8, -123.15 6.45, -122.15 5.15, -125.3 4.3, -136.45 4.3, -137.15 6.15, -127 8))"
1W,2020-02-23 00:55:00+00:00,2020-02-23 02:55:00+00:00,0.0,24000.0,"POLYGON ((-117.21257016231215 35.41105180591629, -116.18873490285223 35.333964212186274, -116.70960501267113 35.00419958392159, -117.1123755653327 35.01956052456805, -117.21257016231215 35.41105180591629))"
5W,2020-02-23 00:55:00+00:00,2020-02-23 02:55:00+00:00,0.0,24000.0,"POLYGON ((-112.48 34.7, -112.2319282633281 34.49529428123557, -112.51229304582586 33.83793708502407, -112.68091042414682 34.299136502125464, -112.48 34.7))"
2W,2020-02-23 00:55:00+00:00,2020-02-23 02:55:00+00:00,0.0,24000.0,"POLYGON ((-114.90636384556883 36.2841872425807, -114.66525330872199 35.913007816234014, -113.7178462595204 35.61986932292472, -114.47 35.05914187884179, -115.87551169221976 36.077873548620786, -114.90636384556883 36.2841872425807))"
4W,2020-02-23 00:55:00+00:00,2020-02-23 02:55:00+00:00,0.0,24000.0,"POLYGON ((-111.87041966037606 35.73502100842859, -111.67676286344405 35.68505056714535, -111.8948122747678 34.84001599299546, -112.0884690716998 34.8899864342787, -111.87041966037606 35.73502100842859))"
3W,2020-02-23 00:55:00+00:00,2020-02-23 02:55:00+00:00,0.0,30000.0,"POLYGON ((-113.86816253444904 35.50890505159305, -113.7660304859766 34.767974038711024, -115.51669447090008 33.84963530548145, -115.79035420807692 33.93613191391191, -113.86816253444904 35.50890505159305))"
9W,2020-02-23 01:55:00+00:00,2020-02-23 03:55:00+00:00,0.0,24000.0,"POLYGON ((-116.12035964155751 35.46736012006713, -116.08512544395641 35.106107222232886, -116.46000000000001 35.08914187884178, -116.46000000000001 35.37828375768357, -116.12035964155751 35.46736012006713))"
7W,2020-02-23 01:55:00+00:00,2020-02-23 03:55:00+00:00,0.0,26000.0,"POLYGON ((-113.54 36.053712818262674, -113.1833735142225 34.69797931777682, -114.67107814854461 34.369136071410885, -114.5374597582425 34.90354753721466, -113.54 36.053712818262674))"
8W,2020-02-23 01:55:00+00:00,2020-02-23 03:55:00+00:00,0.0,22000.0,"POLYGON ((-112.07521561159463 34.919912320691886, -111.90806573487298 34.81009010658227, -112.39642506163918 34.066805135261625, -112.56357493836083 34.17662734937124, -112.07521561159463 34.919912320691886))"
6W,2020-02-23 01:55:00+00:00,2020-02-23 03:55:00+00:00,0.0,22000.0,"POLYGON ((-114.65139878427695 36.487836063454935, -114.66525330872199 35.913007816234014, -114.25137341425037 35.617909209057736, -115.15999999999998 35.50171624231643, -115.41232056482332 35.87528112622864, -114.65139878427695 36.487836063454935))"
WHISKEY 3,2020-02-23 02:21:00+00:00,2020-02-23 06:25:00+00:00,,,"POLYGON ((138.3 6.4, 141.4 6.3, 148 5.3, 148.4 2.5, 144.1 2.2, 143.3 3.2, 138 5.3, 138.3 6.4))"
13W,2020-02-23 02:55:00+00:00,2020-02-23 04:55:00+00:00,0.0,22000.0,"POLYGON ((-111.53553097972136 35.338092982359605, -111.37339558143177 35.22099425212961, -111.91252813962738 34.474509026523556, -112.07466353791698 34.591607756753554, -111.53553097972136 35.338092982359605))"
14W,2020-02-23 02:55:00+00:00,2020-02-23 04:55:00+00:00,0.0,22000.0,"POLYGON ((-111.01784627675043 34.848407614324245, -110.85162915189007 34.73717871788473, -111.7636613651337 33.37426514849733, -111.92987848999407 33.48549404493684, -111.01784627675043 34.848407614324245))"
10W,2020-02-23 02:55:00+00:00,2020-02-23 04:55:00+00:00,0.0,26000.0,"POLYGON ((-115.66333879029982 35.67003733204721, -115.80762443466732 35.01956052456805, -116.21039498732888 35.00419958392159, -116.46000000000001 35.233712818262674, -115.66333879029982 35.67003733204721))"
11W,2020-02-23 02:55:00+00:00,2020-02-23 04:55:00+00:00,0.0,22000.0,"POLYGON ((-114.99485167622612 36.02456178413369, -114.66525330872199 35.913007816234014, -114.88802142336922 35.54542746708072, -114.95567366264117 35.67912787456118, -114.99485167622612 36.02456178413369))"
12W,2020-02-23 02:55:00+00:00,2020-02-23 04:55:00+00:00,0.0,25000.0,"POLYGON ((-112.9071650518624 36.12948464586218, -113.00753389291138 34.69886335595646, -114.22171964132973 34.56529362457395, -114.47 35.203712818262694, -112.9071650518624 36.12948464586218))"
17W,2020-02-23 03:55:00+00:00,2020-02-23 05:55:00+00:00,0.0,22000.0,"POLYGON ((-112.26543794204076 34.58951265222857, -112.19841858461544 34.401075910242575, -113.06439245139403 34.09308389399912, -113.13141180881935 34.28152063598512, -112.26543794204076 34.58951265222857))"
15W,2020-02-23 03:55:00+00:00,2020-02-23 05:55:00+00:00,0.0,24000.0,"POLYGON ((-112.88458531705503 35.39692389325267, -112.96640416122783 34.533058391638555, -114.67304023923307 35.170530121420256, -112.88458531705503 35.39692389325267))"
16W,2020-02-23 03:55:00+00:00,2020-02-23 05:55:00+00:00,0.0,22000.0,"POLYGON ((-110.88865387535013 34.81712355518192, -110.71134612464986 34.7245926871345, -111.41165975216691 33.38265094704221, -111.58896750286718 33.47518181508963, -110.88865387535013 34.81712355518192))"
GOLF 6,2020-02-23 04:40:00+00:00,2020-02-23 08:40:00+00:00,0.0,46000.0,"POLYGON ((-127 8, -123.15 6.45, -122.15 5.15, -125.3 4.3, -130.3 4.45, -130.45 7, -127 8))"
20W,2020-02-23 04:55:00+00:00,2020-02-23 06:55:00+00:00,0.0,24000.0,"POLYGON ((-111.91783774359747 34.88971008063144, -111.91086966870014 34.228112336584026, -112.94424913736997 33.74490874071189, -113.59655315335411 34.3129010814101, -111.91783774359747 34.88971008063144))"
19W,2020-02-23 04:55:00+00:00,2020-02-23 06:55:00+00:00,0.0,22000.0,"POLYGON ((-110.68426982257844 34.71008094513455, -110.51217174308121 34.60818761349128, -111.24104028237274 33.377126917025095, -111.41313836186997 33.47902024866836, -110.68426982257844 34.71008094513455))"
18W,2020-02-23 04:55:00+00:00,2020-02-23 06:55:00+00:00,0.0,27000.0,"POLYGON ((-114.07353412892344 35.61882391900136, -113.40433449311232 35.352791607039315, -114.09526332271554 35.07610786411696, -114.95877572346835 34.934998668746275, -114.07353412892344 35.61882391900136))"
22W,2020-02-23 05:55:00+00:00,2020-02-23 07:55:00+00:00,0.0,23000.0,"POLYGON ((-111.58282691309616 35.5047726986217, -111.0232834159991 33.426013939891796, -112.0032123931819 32.47730803696214, -113.41118142600301 34.3781211147329, -111.58282691309616 35.5047726986217))"
21W,2020-02-23 05:55:00+00:00,2020-02-23 07:55:00+00:00,0.0,24000.0,"POLYGON ((-113.83029014304063 35.854933439626706, -113.1077519224901 35.26630504492057, -114.75560918807577 34.534385001877936, -115.03264201967296 34.95970670843372, -113.83029014304063 35.854933439626706))"
WHISKEY 4,2020-02-23 05:55:00+00:00,2020-02-23 09:55:00+00:00,0.0,46000.0,"POLYGON ((138.5 7.2, 149 5.2, 143.3 1.4, 141.1 2.5, 141.1 3.5, 137.1 5.4, 138.5 7.2))"
23W,2020-02-23 06:55:00+00:00,2020-02-23 08:55:00+00:00,0.0,22000.0,"POLYGON ((-111.27 35.62089313279082, -110.91009192140568 33.80706227448634, -112.02000000000001 32.76452417705443, -113.03957307866189 34.5077202774099, -111.27 35.62089313279082))"
24W,2020-02-23 07:55:00+00:00,2020-02-23 09:55:00+00:00,0.0,21000.0,"POLYGON ((-111.36464736632546 35.249692676198656, -110.3384981842132 34.13689378094284, -111.10250506098464 33.10828635712346, -112.62186088230395 32.19890321429727, -113.04913033129985 34.228112336584026, -111.36464736632546 35.249692676198656))"
GOLF 7,2020-02-23 08:15:00+00:00,2020-02-23 12:15:00+00:00,0.0,50000.0,"POLYGON ((-131.15 10, -128.45 9.45, -125 5.15, -129.45 5.15, -131.3 8, -131.15 10))"
25W,2020-02-23 08:55:00+00:00,2020-02-23 10:55:00+00:00,0.0,23000.0,"POLYGON ((-110.87792657104674 35.213679970834065, -110.22841517179121 34.58809449993688, -110.62463778734572 33.422187626112034, -112.39811163804823 32.6609008781232, -112.90744980822431 34.346330933610005, -110.87792657104674 35.213679970834065))"
26W,2020-02-23 09:55:00+00:00,2020-02-23 11:55:00+00:00,0.0,24000.0,"POLYGON ((-110.23535263367455 35.249692676198656, -109.88757962797791 34.67239444467471, -110.91 33.09821373441836, -112.02000000000001 32.59815522131804, -112.32569237672381 34.39249289424904, -110.23535263367455 35.249692676198656))"
28W,2020-02-23 10:55:00+00:00,2020-02-23 12:55:00+00:00,0.0,24000.0,"POLYGON ((-125.09326089367146 48.42640477372553, -125.51057612883994 47.3239815073232, -126.8298251276401 46.918724958351405, -126.63028488803154 48.28265330429024, -125.09326089367146 48.42640477372553))"
27W,2020-02-23 10:55:00+00:00,2020-02-23 12:55:00+00:00,0.0,21000.0,"POLYGON ((-109.54632239527457 35.22072693961623, -110.64721877912194 32.63399351539758, -111.27324907649354 32.40616320015114, -112.12830894882835 34.699494821601824, -109.54632239527457 35.22072693961623))"
30W,2020-02-23 11:55:00+00:00,2020-02-23 13:55:00+00:00,0.0,24000.0,"POLYGON ((-125.3257520329149 48.4889074971744, -124.12982258450218 48.29891561313384, -124.60139691272386 47.076447766972585, -125.85573836389278 46.937332058932206, -125.3257520329149 48.4889074971744))"
29W,2020-02-23 11:55:00+00:00,2020-02-23 13:55:00+00:00,0.0,20000.0,"POLYGON ((-111.3715848282088 34.58809449993688, -109.70725122802965 33.94812610438755, -110.10135296691168 32.97305877301123, -110.91 32.93184477868196, -111.3715848282088 34.58809449993688))"
GOLF 8,2020-02-23 12:00:00+00:00,2020-02-23 16:00:00+00:00,0.0,50000.0,"POLYGON ((-128.3 10.3, -122 5.45, -130.3 5, -130.3 10.15, -128.3 10.3))"
31W,2020-02-23 12:55:00+00:00,2020-02-23 14:55:00+00:00,0.0,25000.0,"POLYGON ((-125.09326089367146 48.42640477372553, -123.6296876628281 48.29566262729712, -124.05700106276315 46.79625740031054, -125.2690976354685 46.62619164033373, -125.09326089367146 48.42640477372553))"
32W,2020-02-23 13:55:00+00:00,2020-02-23 15:55:00+00:00,0.0,23000.0,"POLYGON ((-123.7269376393293 48.04905771823946, -123.53616277385456 47.98901647655433, -124.05461256726264 46.34169562147387, -124.24538743273737 46.401736863158995, -123.7269376393293 48.04905771823946))"
1C,2020-02-23 14:55:00+00:00,2020-02-23 16:55:00+00:00,0.0,23000.0,"POLYGON ((-106.1304404661023 35.9879005243434, -105.63214723342766 35.49302339185615, -106.49417415103618 34.92891449695642, -106.88768304000351 35.17354734945103, -106.1304404661023 35.9879005243434))"
33W,2020-02-23 15:55:00+00:00,2020-02-23 17:55:00+00:00,,,"POLYGON ((-124.4129762016637 48.13905386294779, -124.123149085186 47.14077479465698, -124.0975901991223 46.97718590933881, -124.5911715195809 48.04824401396434, -124.1134453678419 47.11080645141557, -123.8999874465169 47.00805907183945, -123.9255463325807 47.17164795715762, -123.9352500499248 47.20161630039902, -124.4129762016637 48.13905386294779))"
2C,2020-02-23 15:55:00+00:00,2020-02-23 17:55:00+00:00,0.0,27000.0,"POLYGON ((-106.02965318430117 35.6567283592922, -105.46923731651253 35.77020196843784, -106.33159288951026 34.87304608958118, -106.82 34.89542906057911, -106.02965318430117 35.6567283592922))"
GOLF 9,2020-02-23 16:00:00+00:00,2020-02-23 20:00:00+00:00,0.0,50000.0,"POLYGON ((-128.45 13, -121.45 5.45, -128.45 4.15, -132.45 5.3, -128.45 13))"
3C,2020-02-23 16:55:00+00:00,2020-02-23 18:55:00+00:00,0.0,23000.0,"POLYGON ((-106.44401503209197 35.34610207006979, -105.76510392957181 35.14724579167245, -106.44682697107343 34.73274677001371, -106.82 34.75085812115822, -106.44401503209197 35.34610207006979))"
4C,2020-02-23 17:55:00+00:00,2020-02-23 19:55:00+00:00,0.0,25000.0,"POLYGON ((-104.64580271096791 35.82496592679141, -103.24624450657178 35.17948572615507, -103.5416819643466 34.49799435178343, -105.14 35.08171624231642, -104.64580271096791 35.82496592679141))"
5C,2020-02-23 18:55:00+00:00,2020-02-23 20:55:00+00:00,0.0,25000.0,"POLYGON ((-104.10777856179138 36.23290632251312, -103.02092114203982 35.64918710232253, -103.19654718557507 33.24765727144566, -105.51306097741063 34.58731414635763, -104.10777856179138 36.23290632251312))"
6C,2020-02-23 18:55:00+00:00,2020-02-23 20:55:00+00:00,0.0,24000.0,"POLYGON ((-102.56014213344977 34.28366724038704, -102.37832395163159 34.28366724038704, -102.37832395163159 34.10184905856885, -102.56014213344977 34.10184905856885, -102.56014213344977 34.28366724038704))"
7C,2020-02-23 19:55:00+00:00,2020-02-23 21:55:00+00:00,0.0,28000.0,"POLYGON ((-102.597533182405 36.92381684181117, -102.78015000681476 35.453865404117295, -103.6 35.61371281826268, -103.34380951504741 37.05526950930921, -102.597533182405 36.92381684181117))"
8C,2020-02-23 19:55:00+00:00,2020-02-23 21:55:00+00:00,0.0,24000.0,"POLYGON ((-102.0143088643201 34.98274145135418, -101.84234241980107 34.889132849055095, -102.11043770871281 34.10053675341801, -102.51629035274091 34.388923171608894, -102.0143088643201 34.98274145135418))"
34W,2020-02-23 19:55:00+00:00,2020-02-23 21:55:00+00:00,0.0,23000.0,"POLYGON ((-123.44351793472428 45.617065830952406, -123.2616997529061 45.617065830952406, -123.2616997529061 45.43524764913422, -123.44351793472428 45.43524764913422, -123.44351793472428 45.617065830952406))"
GOLF 10,2020-02-23 20:00:00+00:00,2020-02-24 00:00:00+00:00,0.0,50000.0,"POLYGON ((-128 12, -122.45 5.3, -127.3 5.15, -130.45 6.45, -128 12))"
9C,2020-02-23 20:55:00+00:00,2020-02-23 22:55:00+00:00,0.0,27000.0,"POLYGON ((-103.01242926702048 36.78798199337461, -101.7012441116291 36.44954616944354, -101.87534537062317 35.75088713937261, -103.12723262296832 36.10131431691599, -103.01242926702048 36.78798199337461))"
10C,2020-02-23 20:55:00+00:00,2020-02-23 22:55:00+00:00,0.0,29000.0,"POLYGON ((-101.57233121652673 35.15641501452494, -101.31317515731122 35.17891044221845, -101.64232847457225 34.23397637645589, -102.35475843100215 34.3330655812684, -101.57233121652673 35.15641501452494))"
HOTEL 1,2020-02-23 21:30:00+00:00,2020-02-24 01:30:00+00:00,0.0,42000.0,"POLYGON ((-150 43, -150 40, -152.45 30, -158.3 30, -156.45 35, -156 42.3, -150 43))"
11C,2020-02-23 21:55:00+00:00,2020-02-23 23:55:00+00:00,0.0,27000.0,"POLYGON ((-102.44715623072659 36.87239936775596, -100.97 36.707262088527216, -101.32560094428563 35.9044137938495, -103.04787283734845 36.18277653225763, -102.44715623072659 36.87239936775596))"
12C,2020-02-23 21:55:00+00:00,2020-02-23 23:55:00+00:00,0.0,32000.0,"POLYGON ((-101.0098041930244 35.79950469048305, -100.75443095885441 35.28677275673162, -101.5400498026955 34.00613045593652, -102.48915479759877 34.499498580229904, -101.0098041930244 35.79950469048305))"
13C,2020-02-23 21:55:00+00:00,2020-02-23 23:55:00+00:00,0.0,32000.0,"POLYGON ((-100.63582600332765 36.92888133626886, -99.88 36.629141878841786, -100.54137229480564 36.11687635938062, -101.2292271304322 36.090704824054434, -100.63582600332765 36.92888133626886))"
15C,2020-02-23 22:55:00+00:00,2020-02-24 00:55:00+00:00,0.0,32000.0,"POLYGON ((-100.13315398603649 36.13527859673665, -99.9521564671727 35.03736763495931, -101.66366142792971 33.90420988483629, -101.57210754717046 35.42354717448059, -100.13315398603649 36.13527859673665))"
14C,2020-02-23 22:55:00+00:00,2020-02-24 00:55:00+00:00,0.0,34000.0,"POLYGON ((-100.05478684392618 37.696768908801516, -99.67288337579134 36.74052006677725, -101.13648560145174 35.697866875784605, -101.64 35.86828375768358, -100.05478684392618 37.696768908801516))"
16C,2020-02-23 22:55:00+00:00,2020-02-24 00:55:00+00:00,0.0,29000.0,"POLYGON ((-105.40946455964803 36.48878578176173, -104.6163603034074 36.285277129781655, -104.76108482677928 35.96608861707847, -105.5326403480722 36.26686634706466, -105.40946455964803 36.48878578176173))"
BRAVO 1,2020-02-23 23:00:00+00:00,2020-02-24 03:00:00+00:00,0.0,42000.0,"POLYGON ((-55.3 35.15, -50 35.15, -50 32, -54 24.45, -58.15 26, -55.3 31.15, -55.3 35.15))"
HOTEL 2,2020-02-23 23:45:00+00:00,2020-02-24 03:45:00+00:00,0.0,40000.0,"POLYGON ((-148.3 43.45, -150 34.15, -153.15 27.3, -157.3 28.15, -154.15 36, -154.3 43.15, -148.3 43.45))"
17C,2020-02-23 23:55:00+00:00,2020-02-24 01:55:00+00:00,0.0,34000.0,"POLYGON ((-99.94793752701497 38.17208297543746, -99.05274809521582 37.74083682952975, -99.58702617093505 36.57492411339965, -100.64575567690669 36.59222707141659, -100.73 37.58726208852721, -99.94793752701497 38.17208297543746))"
18C,2020-02-23 23:55:00+00:00,2020-02-24 01:55:00+00:00,0.0,32000.0,"POLYGON ((-99.49774500378946 36.46672501290751, -100.05731430735186 34.830894812433435, -101.35451348198062 33.88975763982219, -100.65350691199608 36.42475882591666, -99.49774500378946 36.46672501290751))"
19C,2020-02-23 23:55:00+00:00,2020-02-24 01:55:00+00:00,0.0,27000.0,"POLYGON ((-98.50074717887483 35.8780292857771, -98.59 34.98821373441836, -99.355382525289 34.68478507578556, -99.15524146576765 35.74960267118773, -98.50074717887483 35.8780292857771))"
GOLF 11,2020-02-24 00:00:00+00:00,2020-02-24 04:00:00+00:00,0.0,48000.0,"POLYGON ((-130 11.45, -123.15 9.15, -124 4.45, -131 4.45, -130 11.45))"
3C,2020-02-24 00:55:00+00:00,2020-02-24 02:55:00+00:00,0.0,31000.0,"POLYGON ((-97.7612746957315 36.65730495210532, -97.97772608749166 35.526745683916225, -98.82454753749143 35.39382082439066, -98.74623571238233 36.34715600899554, -97.7612746957315 36.65730495210532))"
1C,2020-02-24 00:55:00+00:00,2020-02-24 02:55:00+00:00,0.0,30000.0,"POLYGON ((-99.98492735299858 38.7986277239824, -98.42161712270816 37.74700775021389, -98.54777952768227 37.42770268714906, -99.88 36.83910686720918, -101.15178788077824 37.919247324130794, -99.98492735299858 38.7986277239824))"
4C,2020-02-24 00:55:00+00:00,2020-02-24 02:55:00+00:00,0.0,29000.0,"POLYGON ((-99.54216850258128 39.03667413074764, -97.62 38.496287181737316, -97.79105728925201 38.15051068003595, -99.44469151875185 38.643988965590026, -99.54216850258128 39.03667413074764))"
2C,2020-02-24 00:55:00+00:00,2020-02-24 02:55:00+00:00,0.0,28000.0,"POLYGON ((-99.21862770519435 36.11687635938062, -99.54140285583473 34.98108870181298, -100.53709788993677 34.16529736216625, -100.81544718745644 34.368877287930665, -100.22050763866743 35.67168482391578, -99.21862770519435 36.11687635938062))"
6C,2020-02-24 01:55:00+00:00,2020-02-24 03:55:00+00:00,0.0,31000.0,"POLYGON ((-99.05387036992381 36.337157048602975, -98.53968338608189 36.34840023440963, -99.30437592079369 34.57614270408463, -99.91700096657736 34.496767785414036, -99.72254319942274 36.03248682607791, -99.05387036992381 36.337157048602975))"
5C,2020-02-24 01:55:00+00:00,2020-02-24 03:55:00+00:00,0.0,30000.0,"POLYGON ((-99.77647609140726 38.90619643610983, -98.36024603752918 38.00209877479093, -98.74032871452836 37.36229953977741, -99.40004872876624 37.26127423068664, -100.92467320036373 37.85617295886651, -99.77647609140726 38.90619643610983))"
8C,2020-02-24 01:55:00+00:00,2020-02-24 03:55:00+00:00,0.0,24000.0,"POLYGON ((-97.41828600053661 38.05729947938742, -96.0940458238549 37.86249922665505, -96.69572237042755 37.040839353198294, -97.58 37.41726208852722, -97.41828600053661 38.05729947938742))"
7C,2020-02-24 01:55:00+00:00,2020-02-24 03:55:00+00:00,0.0,27000.0,"POLYGON ((-97.52079474195519 37.11786305912753, -97.31051101960233 35.63493625547824, -98.21229723016113 35.39845513239565, -98.50780975344846 36.81912644947907, -97.52079474195519 37.11786305912753))"
BRAVO 2,2020-02-24 02:50:00+00:00,2020-02-24 06:50:00+00:00,0.0,40000.0,"POLYGON ((-50.15 35.45, -49 32.3, -55 24.3, -57 28.15, -54 32.15, -52.45 35.3, -50.15 35.45))"
11C,2020-02-24 02:55:00+00:00,2020-02-24 04:55:00+00:00,0.0,27000.0,"POLYGON ((-96.67267305207153 36.902614605610786, -96.36965156737803 35.728036976477895, -97.92 35.85089313279082, -98.15856340270282 36.810878075481234, -96.67267305207153 36.902614605610786))"
12C,2020-02-24 02:55:00+00:00,2020-02-24 04:55:00+00:00,0.0,31000.0,"POLYGON ((-100.13315398603649 36.13527859673665, -99.53949236133256 35.67168482391578, -99.88392761702887 35.17072819612951, -100.22050763866743 35.67168482391578, -100.13315398603649 36.13527859673665))"
10C,2020-02-24 02:55:00+00:00,2020-02-24 04:55:00+00:00,0.0,30000.0,"POLYGON ((-98.55882816997175 36.85943969832422, -98.1271436149986 36.7505200014325, -98.30942721391717 35.397926119161184, -98.66411801287954 35.39533389263525, -99.3836168957305 36.17299809114066, -98.55882816997175 36.85943969832422))"
9C,2020-02-24 02:55:00+00:00,2020-02-24 04:55:00+00:00,0.0,25000.0,"POLYGON ((-95.79 35.76628718173732, -96.10507481718824 34.73891756206059, -96.90068661444205 34.743970776965554, -96.29409770335499 35.790032694610545, -95.79 35.76628718173732))"
HOTEL 3,2020-02-24 03:30:00+00:00,2020-02-24 07:30:00+00:00,0.0,39000.0,"POLYGON ((-148 40.15, -149.15 33.45, -154 26, -155.3 28.45, -152.45 35.15, -152 39.3, -148 40.15))"
GOLF 12,2020-02-24 03:55:00+00:00,2020-02-24 07:55:00+00:00,0.0,48000.0,"POLYGON ((-122.45 9, -124 4.45, -131 4.45, -130 8.45, -122.45 9))"
13C,2020-02-24 03:55:00+00:00,2020-02-24 05:55:00+00:00,0.0,25000.0,"POLYGON ((-95.79 36.05542906057911, -95.29450065160562 36.033003335708536, -95.2927163281656 34.68305297671874, -95.78000000000002 35.13914187884179, -95.79 36.05542906057911))"
15C,2020-02-24 03:55:00+00:00,2020-02-24 05:55:00+00:00,0.0,31000.0,"POLYGON ((-100.41842380621559 36.33879241765623, -98.74623035296969 36.0705276888365, -98.84145372078996 35.393649019579634, -100.22050763866743 35.67168482391578, -100.41842380621559 36.33879241765623))"
14C,2020-02-24 03:55:00+00:00,2020-02-24 05:55:00+00:00,0.0,27000.0,"POLYGON ((-95.07190056008658 37.05770393405408, -95.66315261136832 36.30216020408614, -97.6 35.68914187884179, -97.92 36.92828375768359, -95.07190056008658 37.05770393405408))"
YANKEE 1,2020-02-24 04:36:00+00:00,2020-02-24 08:35:00+00:00,0.0,55000.0,"POLYGON ((154.1 9.2, 163.2 6.4, 179.5 3.3, 159.4 3.3, 152.2 7.1, 154.1 9.2))"
17C,2020-02-24 04:55:00+00:00,2020-02-24 06:55:00+00:00,0.0,28000.0,"POLYGON ((-95.39302834047423 37.2235101712734, -95.63158280574169 36.5073055265705, -96.96190315725353 36.664515092459496, -96.84194445957378 37.15948780915211, -95.39302834047423 37.2235101712734))"
16C,2020-02-24 04:55:00+00:00,2020-02-24 06:55:00+00:00,0.0,30000.0,"POLYGON ((-95.03252644505605 37.10455723485144, -94.27 35.39, -95.07534681646953 34.84796799451713, -95.66315261136832 36.30216020408614, -95.03252644505605 37.10455723485144))"
18C,2020-02-24 04:55:00+00:00,2020-02-24 06:55:00+00:00,0.0,29000.0,"POLYGON ((-100.05947625106583 36.33986582268992, -98.09949930043838 36.3498657736224, -98.17318625490233 36.145278499114376, -99.60713391954265 35.80542452821307, -100.05947625106583 36.33986582268992))"
19C,2020-02-24 05:55:00+00:00,2020-02-24 07:55:00+00:00,0.0,28000.0,"POLYGON ((-94.05753439318867 37.35777207267345, -93.29481744226602 35.97053807292037, -93.9153258161396 35.38948171310619, -94.94414629869335 36.955270507649274, -94.05753439318867 37.35777207267345))"
BRAVO 3,2020-02-24 06:45:00+00:00,2020-02-24 10:45:00+00:00,0.0,42000.0,"POLYGON ((-48.45 32.15, -56.3 21.3, -59 25.3, -54 32.15, -48.45 32.15))"
HOTEL 4,2020-02-24 06:50:00+00:00,2020-02-24 10:50:00+00:00,0.0,38000.0,"POLYGON ((-152.45 33, -149 32.15, -152 25.15, -156 26.45, -152.45 33))"
GOLF 13,2020-02-24 07:35:00+00:00,2020-02-24 11:35:00+00:00,0.0,48000.0,"POLYGON ((-129.3 9.15, -123.45 7.3, -124 4.45, -130.3 4.45, -129.3 9.15))"
YANKEE 2,2020-02-24 07:51:00+00:00,2020-02-24 11:50:00+00:00,,,"POLYGON ((155 9.3, 153 8, 158.4 3.3, 180 3.4, -176.2 2.5, -175.1 5.1, 161.4 6.2, 155 9.3))"
20C,2020-02-24 07:55:00+00:00,2020-02-24 09:55:00+00:00,0.0,28000.0,"POLYGON ((-97.23326291062332 37.08165947111907, -96.2993914114156 36.60783132832583, -98.42505268963657 35.940026878078804, -98.05785687998016 36.61705319791462, -97.23326291062332 37.08165947111907))"
21C,2020-02-24 08:55:00+00:00,2020-02-24 10:55:00+00:00,0.0,31000.0,"POLYGON ((-96.0410433335061 37.43365750690175, -96.12056709504405 36.08889546878612, -97.98857395818128 36.21641426540153, -97.78878384693131 37.349117025291804, -96.0410433335061 37.43365750690175))"
22C,2020-02-24 09:55:00+00:00,2020-02-24 11:55:00+00:00,0.0,33000.0,"POLYGON ((-94.15026650239774 38.1588600692672, -93.7142722574464 37.0526961127479, -97.09376964703031 36.0705276888365, -97.78878384693131 37.349117025291804, -94.15026650239774 38.1588600692672))"
BRAVO 4,2020-02-24 10:25:00+00:00,2020-02-24 14:25:00+00:00,0.0,41000.0,"POLYGON ((-53 34.45, -48 33.15, -54.45 22.3, -58.15 25.15, -53 34.45))"
HOTEL 5,2020-02-24 10:50:00+00:00,2020-02-24 14:50:00+00:00,0.0,40000.0,"POLYGON ((-149 36.15, -146 33.45, -151 25.3, -155.15 27, -149 36.15))"
24C,2020-02-24 10:55:00+00:00,2020-02-24 12:55:00+00:00,0.0,33000.0,"POLYGON ((-93.33 38.191844778681954, -92.55386366427547 37.61213474549222, -93.48954805360304 37.052482923472624, -93.9257637429164 37.82907258150776, -93.33 38.191844778681954))"
26C,2020-02-24 10:55:00+00:00,2020-02-24 12:55:00+00:00,0.0,27000.0,"POLYGON ((-97.75245439593239 30.84092624332239, -96.99444768509619 30.56990798583969, -97.8857575237771 29.638763074626933, -98.46 30.13910686720918, -97.75245439593239 30.84092624332239))"
25C,2020-02-24 10:55:00+00:00,2020-02-24 12:55:00+00:00,,,"POLYGON ((-93.78975176642633 32.62213759552908, -94.64375237159163 31.09529838362065, -95.57169171014816 30.00176814695813, -93.62748506223362 32.50522088709766, -94.63886664790364 31.10154164578429, -95.7241869669649 30.13117137971683, -94.79624762840837 31.22470161637935, -94.80113335209636 31.21845835421571, -93.78975176642633 32.62213759552908))"
23C,2020-02-24 10:55:00+00:00,2020-02-24 12:55:00+00:00,0.0,31000.0,"POLYGON ((-95.2 37.738283757683575, -94.12 36.97285469710446, -95.85867692015073 36.33354652826099, -97.16465112326037 36.947871034334305, -95.2 37.738283757683575))"
27C,2020-02-24 10:55:00+00:00,2020-02-24 12:55:00+00:00,0.0,23000.0,"POLYGON ((-91.93720057487143 34.10262264015085, -91.75538239305324 34.10262264015085, -91.75538239305324 33.92080445833266, -91.93720057487143 33.92080445833266, -91.93720057487143 34.10262264015085))"
YANKEE 3,2020-02-24 11:06:00+00:00,2020-02-24 15:10:00+00:00,,,"POLYGON ((169.2 6.2, 179.3 6.1, -176.4 2.4, -179.5 3.3, 169.1 3.3, 169.2 6.2))"
GOLF 14,2020-02-24 11:25:00+00:00,2020-02-24 15:25:00+00:00,0.0,48000.0,"POLYGON ((-127.15 9, -127.15 4.15, -130.3 4.15, -130 9, -127.15 9))"
30C,2020-02-24 11:55:00+00:00,2020-02-24 13:55:00+00:00,,,"POLYGON ((-92.79991942253098 31.59403006413801, -94.56150995010186 31.19329978118932, -94.61539758024843 31.16070226566205, -95.5172568583876 30.1038198678812, -94.51714690745301 30.99828203726089, -92.75555637988212 31.39901232020958, -95.36511855544562 29.97399715500731, -94.46325927730645 31.03087955278816, -92.79991942253098 31.59403006413801))"
29C,2020-02-24 11:55:00+00:00,2020-02-24 13:55:00+00:00,0.0,32000.0,"POLYGON ((-92.61188458841984 38.50266285889733, -92.22 38.087145302895536, -92.78434448075375 37.35874677808657, -93.53993963819894 37.76051331200212, -92.61188458841984 38.50266285889733))"
31C,2020-02-24 11:55:00+00:00,2020-02-24 13:55:00+00:00,0.0,28000.0,"POLYGON ((-94.93511171957287 30.212679788673015, -94.8383429229389 30.03764893425582, -96.26161560168302 29.25076833047499, -96.35838439831699 29.425799184892185, -94.93511171957287 30.212679788673015))"
28C,2020-02-24 11:55:00+00:00,2020-02-24 13:55:00+00:00,0.0,31000.0,"POLYGON ((-94.62002591139668 38.16770111828196, -93.49816570392628 37.415205909392974, -95.40845858460116 36.506076726741604, -96.10699670217932 37.1565440344166, -94.62002591139668 38.16770111828196))"
32C,2020-02-24 11:55:00+00:00,2020-02-24 13:55:00+00:00,0.0,25000.0,"POLYGON ((-90.50959009576376 35.018849739641084, -90.11467241977479 34.75279327665285, -90.6489108918399 33.766135444757815, -91.56224430660632 34.16730342774377, -90.50959009576376 35.018849739641084))"
37C,2020-02-24 12:55:00+00:00,2020-02-24 14:55:00+00:00,0.0,29000.0,"POLYGON ((-89.98 35.51910686720918, -89.41563094290318 35.209694617628415, -89.98 34.35452417705442, -90.72839956421892 34.76303402602263, -89.98 35.51910686720918))"
35C,2020-02-24 12:55:00+00:00,2020-02-24 14:55:00+00:00,,,"POLYGON ((-92.21979425779244 32.49161860680043, -92.80968371566235 31.16101038431323, -94.60355667390044 30.85510474660141, -92.04727950167964 32.39043234823068, -92.74023647521096 31.20899422634367, -94.63717694911048 31.05225868923204, -92.84330399087239 31.35816432694386, -92.91275123132377 31.31018048491342, -92.21979425779244 32.49161860680043))"
34C,2020-02-24 12:55:00+00:00,2020-02-24 14:55:00+00:00,0.0,29000.0,"POLYGON ((-92.22 38.52085812115821, -91.568716211509 38.29705056707894, -92.31729713727194 37.68764086179602, -92.87128378849098 38.29705056707894, -92.22 38.52085812115821))"
36C,2020-02-24 12:55:00+00:00,2020-02-24 14:55:00+00:00,0.0,26000.0,"POLYGON ((-95.2393577435951 30.042590543111938, -95.12690464578162 29.87719918665049, -96.25377345109327 29.111017140031965, -96.36622654890674 29.276408496493413, -95.2393577435951 30.042590543111938))"
33C,2020-02-24 12:55:00+00:00,2020-02-24 14:55:00+00:00,0.0,30000.0,"POLYGON ((-94.49 38.125429060579116, -93.46970863337273 37.62705023530043, -95.06164672940815 36.89278720502112, -95.70389174791046 37.32490904133451, -94.49 38.125429060579116))"
40C,2020-02-24 13:55:00+00:00,2020-02-24 15:55:00+00:00,,,"POLYGON ((-92.72288284588501 31.43230078137846, -93.39269543610735 30.04796724992852, -96.19676014824516 28.82305212936774, -92.55450543246565 31.32437003205184, -93.34853749896772 30.08563995407325, -96.27682168738527 29.00632828698382, -93.47275697524745 30.2312434075446, -93.51691491238708 30.19357070339987, -92.72288284588501 31.43230078137846))"
39C,2020-02-24 13:55:00+00:00,2020-02-24 15:55:00+00:00,0.0,30000.0,"POLYGON ((-91.28000000000002 39.27171624231642, -90.26804286968031 38.459109544199876, -90.77792669670745 37.6687326617491, -92.0487250151698 38.754550027287316, -91.28000000000002 39.27171624231642))"
41C,2020-02-24 13:55:00+00:00,2020-02-24 15:55:00+00:00,0.0,30000.0,"POLYGON ((-89.15497725361078 35.964562033187725, -87.8320137781121 35.747199453293206, -89.00541241690564 34.684150070406005, -90.10467095250995 34.917709138204806, -89.15497725361078 35.964562033187725))"
38C,2020-02-24 13:55:00+00:00,2020-02-24 15:55:00+00:00,0.0,28000.0,"POLYGON ((-93.80742477467024 38.489325327432645, -92.87128378849098 38.29705056707894, -94.81673546751372 36.85270059906422, -95.53568285788462 37.27017672180945, -93.80742477467024 38.489325327432645))"
BRAVO 5,2020-02-24 14:25:00+00:00,2020-02-24 18:25:00+00:00,0.0,42000.0,"POLYGON ((-52.3 34.15, -48.15 32.45, -53.45 23, -57.3 22.45, -52.3 34.15))"
44C,2020-02-24 14:55:00+00:00,2020-02-24 16:55:00+00:00,,,"POLYGON ((-92.764674269412 31.25033894919687, -93.34993414167118 30.04142628101205, -95.4301715219467 29.6553623809704, -92.59705020146716 31.14124187386656, -93.28436917838646 30.08519887236461, -95.46666566332209 29.85200463900583, -93.38642828304657 30.23806853904748, -93.4519932463313 30.19429594769491, -92.764674269412 31.25033894919687))"
45C,2020-02-24 14:55:00+00:00,2020-02-24 16:55:00+00:00,0.0,30000.0,"POLYGON ((-89.15497725361078 35.964562033187725, -87.8320137781121 35.747199453293206, -89.00541241690564 34.684150070406005, -90.10467095250995 34.917709138204806, -89.15497725361078 35.964562033187725))"
42C,2020-02-24 14:55:00+00:00,2020-02-24 16:55:00+00:00,0.0,27000.0,"POLYGON ((-92.96210708252156 38.80765284953668, -92.22 38.52085812115821, -93.12006036180105 37.76051331200212, -94.15026650239774 38.1588600692672, -92.96210708252156 38.80765284953668))"
43C,2020-02-24 14:55:00+00:00,2020-02-24 16:55:00+00:00,0.0,30000.0,"POLYGON ((-90.76635675557014 39.393916218095335, -89.7960235405737 38.636702792268466, -90.23 37.814570939420896, -91.47789291747844 38.80765284953668, -90.76635675557014 39.393916218095335))"
GOLF 15,2020-02-24 15:25:00+00:00,2020-02-24 19:25:00+00:00,0.0,48000.0,"POLYGON ((-129.45 8.45, -126.3 8.45, -128 4.3, -130.3 4.3, -129.45 8.45))"
46C,2020-02-24 15:55:00+00:00,2020-02-24 17:55:00+00:00,0.0,27000.0,"POLYGON ((-93.77611730141368 37.712085859526454, -93.0330569896605 37.59491059880739, -93.54681645824778 36.439634020808136, -94.27851964390777 36.55730533533002, -93.77611730141368 37.712085859526454))"
49C,2020-02-24 15:55:00+00:00,2020-02-24 17:55:00+00:00,0.0,24000.0,"POLYGON ((-93.40984639578936 39.185981755880455, -91.62007555013886 38.33789878705725, -94.42594059569385 37.412153045848186, -94.571265754181 38.42367687629749, -93.40984639578936 39.185981755880455))"
48C,2020-02-24 15:55:00+00:00,2020-02-24 17:55:00+00:00,,,"POLYGON ((-92.44088840928916 31.438888011778, -93.26349482051126 30.04826817299177, -96.29423762208658 28.71997804686546, -92.28172331236019 31.3177828016523, -93.22405350536546 30.07930531292067, -96.37452008872397 28.90315753684897, -93.34377728714864 30.23144766297527, -93.38321860229443 30.20041052304637, -92.44088840928916 31.438888011778))"
47C,2020-02-24 15:55:00+00:00,2020-02-24 17:55:00+00:00,0.0,29000.0,"POLYGON ((-90.52677409497886 39.84756431353672, -89.07460026924126 39.33910344787464, -89.957870027702 38.44992609863472, -91.06506111248223 39.4491026750839, -90.52677409497886 39.84756431353672))"
53C,2020-02-24 16:55:00+00:00,2020-02-24 18:55:00+00:00,0.0,29000.0,"POLYGON ((-93.33 37.69273791147278, -92.70207428009383 37.35834037981982, -93.04573450558972 35.38279149165402, -93.45371302520654 35.38725461765392, -93.33 37.69273791147278))"
51C,2020-02-24 16:55:00+00:00,2020-02-24 18:55:00+00:00,0.0,30000.0,"POLYGON ((-87.90938494871719 38.04754626400489, -87.4626592242545 37.69434414949987, -88.23833976923963 37.00679732422311, -88.6463834178582 37.22081786509165, -87.90938494871719 38.04754626400489))"
52C,2020-02-24 16:55:00+00:00,2020-02-24 18:55:00+00:00,0.0,27000.0,"POLYGON ((-93.65764575919333 30.22777052017246, -93.56538263913235 30.050323297943958, -96.11142673351192 28.726515751056482, -96.2036898535729 28.903962973284983, -93.65764575919333 30.22777052017246))"
50C,2020-02-24 16:55:00+00:00,2020-02-24 18:55:00+00:00,0.0,28000.0,"POLYGON ((-92.14886693169572 38.94354458694005, -90.99338358346772 38.69290031307951, -91.00212997229802 38.44992609863472, -92.2908668213723 38.67641244516207, -92.14886693169572 38.94354458694005))"
55C,2020-02-24 17:55:00+00:00,2020-02-24 19:55:00+00:00,0.0,27000.0,"POLYGON ((-87.62022413873697 37.66278493712172, -87.37280039856054 37.622683195656734, -87.41243595022111 37.261656167192776, -87.76 37.20714530289553, -87.62022413873697 37.66278493712172))"
57C,2020-02-24 17:55:00+00:00,2020-02-24 19:55:00+00:00,0.0,25000.0,"POLYGON ((-93.29481744226602 35.97053807292037, -92.68594852039368 36.2414416262302, -92.45086352050397 35.21396555510366, -93.38333448159365 35.38676079764235, -93.29481744226602 35.97053807292037))"
54C,2020-02-24 17:55:00+00:00,2020-02-24 19:55:00+00:00,0.0,27000.0,"POLYGON ((-92.99441206023359 37.24887587051309, -92.65981667223882 37.136807504186685, -92.91675714422851 36.55788122969265, -93.45563184740719 36.469464816598496, -92.99441206023359 37.24887587051309))"
56C,2020-02-24 17:55:00+00:00,2020-02-24 19:55:00+00:00,0.0,29000.0,"POLYGON ((-93.61385815447493 30.06428954487617, -93.53126676895415 29.882139433600447, -95.96365936275588 28.779232204801296, -96.04625074827665 28.96138231607702, -93.61385815447493 30.06428954487617))"
BRAVO 6,2020-02-24 18:25:00+00:00,2020-02-24 22:25:00+00:00,0.0,43000.0,"POLYGON ((-51.15 31.15, -49.3 30.45, -53.3 22.15, -56.15 23.15, -51.15 31.15))"
58C,2020-02-24 18:55:00+00:00,2020-02-24 20:55:00+00:00,0.0,35000.0,"POLYGON ((-92.9438990898424 37.232038793773086, -92.07420409425838 37.35336186537687, -92.18551926512717 36.10365722545654, -92.88227153159998 36.24362461849089, -92.9438990898424 37.232038793773086))"
59C,2020-02-24 18:55:00+00:00,2020-02-24 20:55:00+00:00,0.0,34000.0,"POLYGON ((-92.77716626888801 36.28277188330841, -92.18551926512717 36.10365722545654, -92.18 35.01273791147279, -92.74202548542378 34.869711043060946, -92.77716626888801 36.28277188330841))"
60C,2020-02-24 18:55:00+00:00,2020-02-24 20:55:00+00:00,0.0,30000.0,"POLYGON ((-92.64635193223012 30.231600440019115, -92.5706196694442 30.046493378097303, -95.9423060967301 28.66704604695891, -96.01803835951603 28.85215310888072, -92.64635193223012 30.231600440019115))"
GOLF 16,2020-02-24 19:25:00+00:00,2020-02-24 23:25:00+00:00,0.0,48000.0,"POLYGON ((-130 8.3, -127 8.15, -128 4.45, -130.15 5.15, -130 8.3))"
62C,2020-02-24 19:55:00+00:00,2020-02-24 21:55:00+00:00,0.0,30000.0,"POLYGON ((-92.28932923227913 36.5482291312977, -91.52215305503195 36.29964101366536, -91.57307442111752 34.67849588350597, -92.18 34.68, -92.28932923227913 36.5482291312977))"
63C,2020-02-24 19:55:00+00:00,2020-02-24 21:55:00+00:00,0.0,32000.0,"POLYGON ((-92.64414740876991 30.232472011250554, -92.5728241929044 30.045621806865864, -95.31433839206724 28.999149261282295, -95.38566160793275 29.185999465666985, -92.64414740876991 30.232472011250554))"
61C,2020-02-24 19:55:00+00:00,2020-02-24 21:55:00+00:00,0.0,30000.0,"POLYGON ((-92.05686677254812 37.35317730086255, -91.6131724364772 36.32947421129509, -92.43818774642834 36.641049359805194, -92.78434448075375 37.35874677808657, -92.05686677254812 37.35317730086255))"
64C,2020-02-24 20:55:00+00:00,2020-02-24 22:55:00+00:00,0.0,28000.0,"POLYGON ((-92.28348455912015 37.355390086376346, -91.58110626214004 37.216607091004114, -91.38881986635737 36.46212312730377, -92.09707481737732 36.48654279794418, -92.28348455912015 37.355390086376346))"
65C,2020-02-24 20:55:00+00:00,2020-02-24 22:55:00+00:00,0.0,28000.0,"POLYGON ((-91.90512709527358 36.42454854238829, -91.18781996206134 36.57088014937359, -91.16847914232966 34.67582201304742, -91.77538022545181 34.679331498059085, -91.90512709527358 36.42454854238829))"
66C,2020-02-24 20:55:00+00:00,2020-02-24 22:55:00+00:00,0.0,30000.0,"POLYGON ((-92.65079402305257 30.229656038471152, -92.56617757862175 30.048437779645266, -94.48760776637691 29.151262231423612, -94.57222421080773 29.332480490249498, -92.65079402305257 30.229656038471152))"
67C,2020-02-24 20:55:00+00:00,2020-02-24 22:55:00+00:00,0.0,26000.0,"POLYGON ((-102.83028767946523 37.93278413074425, -102.90004929833857 37.79911401955855, -103.21309495155228 37.566052895301496, -102.94943910016471 37.99525999382697, -102.83028767946523 37.93278413074425))"
68C,2020-02-24 21:55:00+00:00,2020-02-24 23:55:00+00:00,0.0,27000.0,"POLYGON ((-90.23 36.947145302895535, -90.63060923258503 34.79696286050115, -91.69371261541515 34.51305911215252, -91.22580729173347 36.64394928571898, -90.23 36.947145302895535))"
BRAVO 7,2020-02-24 22:25:00+00:00,2020-02-25 02:25:00+00:00,0.0,44000.0,"POLYGON ((-50 35, -47.15 34, -52.3 21.15, -56 22, -50 35))"
69C,2020-02-24 22:55:00+00:00,2020-02-25 00:55:00+00:00,0.0,25000.0,"POLYGON ((-89.38944238184139 37.390388077322115, -90.35308276629165 34.71274719411405, -91.47679639344712 34.677980824440674, -90.43856181556292 37.26911755586559, -89.38944238184139 37.390388077322115))"
70C,2020-02-24 22:55:00+00:00,2020-02-25 00:55:00+00:00,0.0,25000.0,"POLYGON ((-102.01221911235264 37.9767493921094, -100.56081408295005 37.864553955139264, -100.78888246396494 37.03986235708455, -101.87556141447195 37.03655904578317, -102.01221911235264 37.9767493921094))"
GOLF 17,2020-02-24 23:15:00+00:00,2020-02-25 03:15:00+00:00,0.0,44000.0,"POLYGON ((-128 8.15, -126.15 8, -124.45 6.3, -127 5.3, -128.15 4.3, -129.45 5.15, -128 8.15))"
1E,2020-02-24 23:55:00+00:00,2020-02-25 01:55:00+00:00,0.0,29000.0,"POLYGON ((-86.9013725093581 30.36869713081615, -85.78797301886976 30.508610339738574, -86.02206625453677 29.444992833966868, -88.52442097808046 28.59778243474089, -88.36 30.06452417705443, -86.9013725093581 30.36869713081615))"
71C,2020-02-24 23:55:00+00:00,2020-02-25 01:55:00+00:00,0.0,27000.0,"POLYGON ((-89.8409666819025 37.79669489146906, -88.20530215644412 37.576237342404134, -89.55090589158073 34.666321994215245, -90.54173865027033 34.82770495736234, -89.8409666819025 37.79669489146906))"
72C,2020-02-24 23:55:00+00:00,2020-02-25 01:55:00+00:00,0.0,24000.0,"POLYGON ((-100.22320730246817 37.752937561046124, -100.3763831042695 36.17299809114066, -101.98173494532293 35.957351457972415, -101.40521315607383 37.696768908801516, -100.22320730246817 37.752937561046124))"
1E,2020-02-25 00:55:00+00:00,2020-02-25 02:55:00+00:00,0.0,29000.0,"POLYGON ((-86.82781555292371 30.522506328476403, -85.6102796863575 30.443604545643822, -85.95008380351696 29.290904068838216, -88.36 28.899941486899685, -87.6798477891261 30.140023192072924, -86.82781555292371 30.522506328476403))"
1C,2020-02-25 00:55:00+00:00,2020-02-25 02:55:00+00:00,0.0,28000.0,"POLYGON ((-87.67945108241909 37.776267649121856, -89.59489033265385 34.25086561920501, -90.58744764749972 34.07444073110409, -89.38929081985894 37.667016371402305, -87.67945108241909 37.776267649121856))"
2E,2020-02-25 01:55:00+00:00,2020-02-25 03:55:00+00:00,0.0,34000.0,"POLYGON ((-85.06468176276314 30.65272130238764, -85.43079153839311 29.45442529643398, -88.36 28.899941486899685, -87.36084317142596 30.240016139093544, -85.06468176276314 30.65272130238764))"
2C,2020-02-25 01:55:00+00:00,2020-02-25 03:55:00+00:00,0.0,26000.0,"POLYGON ((-86.42563198697198 38.09696981188454, -88.6066861769977 34.3228991824251, -89.97255235250029 34.07444073110409, -89.02546661565961 37.923223908081795, -86.42563198697198 38.09696981188454))"
3E,2020-02-25 02:55:00+00:00,2020-02-25 04:55:00+00:00,0.0,30000.0,"POLYGON ((-84.89822060700128 30.869417956824673, -84.86113196711594 29.3230706897234, -87.40991619648305 29.290904068838216, -86.97469838740562 30.21484687132116, -84.89822060700128 30.869417956824673))"
4E,2020-02-25 03:55:00+00:00,2020-02-25 05:55:00+00:00,0.0,32000.0,"POLYGON ((-84.29 31.160893132790832, -84.35 29.73452417705442, -86.68 29.16631044263607, -86.53218444707629 30.522506328476403, -84.29 31.160893132790832))"
5E,2020-02-25 04:55:00+00:00,2020-02-25 06:55:00+00:00,0.0,32000.0,"POLYGON ((-83.87693801094987 31.30641264694936, -84.12959054430938 29.93870032634315, -86.68 29.16631044263607, -86.53218444707629 30.522506328476403, -83.87693801094987 31.30641264694936))"
6E,2020-02-25 05:55:00+00:00,2020-02-25 07:55:00+00:00,0.0,31000.0,"POLYGON ((-84.03148720316483 31.12547475303337, -83.52220245549222 30.008072588186938, -86.68 29.095148726949265, -86.36006551529388 30.161776107662387, -84.03148720316483 31.12547475303337))"
7E,2020-02-25 06:55:00+00:00,2020-02-25 08:55:00+00:00,0.0,32000.0,"POLYGON ((-83.50774017763324 31.380988855197657, -83.05 30.467425636525373, -85.16953517585583 28.661082221159027, -86.36006551529388 30.161776107662387, -83.50774017763324 31.380988855197657))"
8E,2020-02-25 07:55:00+00:00,2020-02-25 09:55:00+00:00,0.0,32000.0,"POLYGON ((-83.09561145644962 31.538665777521754, -82.51 30.708155221318037, -85.1483644234394 28.706818749071704, -85.86397386026239 30.121598034629237, -83.09561145644962 31.538665777521754))"
3C,2020-02-25 07:55:00+00:00,2020-02-25 09:55:00+00:00,0.0,28000.0,"POLYGON ((-88.08561423058345 30.964992691111963, -87.04779526586864 30.060955930196414, -89.22249703959575 28.858807022645482, -90.62715669413953 28.987967897063616, -88.08561423058345 30.964992691111963))"
CHARLIE 1,2020-02-25 08:00:00+00:00,2020-02-25 12:00:00+00:00,0.0,40000.0,"POLYGON ((-47 33, -49.45 27, -52.15 26.3, -48.45 32.3, -47 33))"
9E,2020-02-25 08:55:00+00:00,2020-02-25 10:55:00+00:00,0.0,31000.0,"POLYGON ((-83.81433720598089 30.58990711197348, -83.05 30.598213734418366, -85.1483644234394 28.706818749071704, -85.16251131067045 29.691641457176388, -83.81433720598089 30.58990711197348))"
10E,2020-02-25 08:55:00+00:00,2020-02-25 10:55:00+00:00,0.0,32000.0,"POLYGON ((-85.23035032447136 28.89704559178007, -85.13783541625891 28.71972951310009, -87.98282404802893 27.2353527769742, -88.07533895624138 27.41266885565418, -85.23035032447136 28.89704559178007))"
4C,2020-02-25 08:55:00+00:00,2020-02-25 10:55:00+00:00,0.0,29000.0,"POLYGON ((-86.71448631664504 30.49015247864868, -86.64551368335498 30.302421884825954, -89.04460480347953 29.420990527856706, -89.11357743676959 29.608721121679434, -86.71448631664504 30.49015247864868))"
11E,2020-02-25 09:55:00+00:00,2020-02-25 11:55:00+00:00,0.0,29000.0,"POLYGON ((-83.51193618424661 30.39732483122391, -82.72972170702252 30.26744615549668, -84.27351796069189 29.151791090745984, -84.35 29.966287181737314, -83.51193618424661 30.39732483122391))"
12E,2020-02-25 09:55:00+00:00,2020-02-25 11:55:00+00:00,0.0,36000.0,"POLYGON ((-83.90228272327748 28.975561714055054, -83.83216847452412 28.788254500841703, -87.99402437775848 27.230357209707513, -88.06413862651183 27.417664422920865, -83.90228272327748 28.975561714055054))"
5C,2020-02-25 09:55:00+00:00,2020-02-25 11:55:00+00:00,0.0,27000.0,"POLYGON ((-86.04182602324573 30.92183369416062, -85.97129527544786 30.73468291640356, -88.00512381729284 29.968202276204426, -88.07565456509072 30.155353053961488, -86.04182602324573 30.92183369416062))"
13E,2020-02-25 10:55:00+00:00,2020-02-25 12:55:00+00:00,0.0,27000.0,"POLYGON ((-85.3008068022051 30.826911649364526, -85.26379153886751 30.630366819160194, -86.85397978791468 30.33088686472115, -86.89099505125228 30.527431694925482, -85.3008068022051 30.826911649364526))"
14E,2020-02-25 10:55:00+00:00,2020-02-25 12:55:00+00:00,0.0,36000.0,"POLYGON ((-83.90228272327748 28.975561714055054, -83.83216847452412 28.788254500841703, -87.99402437775848 27.230357209707513, -88.06413862651183 27.417664422920865, -83.90228272327748 28.975561714055054))"
CHARLIE 2,2020-02-25 11:45:00+00:00,2020-02-25 15:45:00+00:00,0.0,40000.0,"POLYGON ((-45.45 34.45, -49 26, -51.15 25.45, -47.3 34.3, -45.45 34.45))"
15E,2020-02-25 11:55:00+00:00,2020-02-25 13:55:00+00:00,0.0,25000.0,"POLYGON ((-84.97655490640422 31.51688993364757, -84.85580842718021 31.357452523498623, -86.3633289365016 30.215764423519335, -86.48407541572561 30.37520183366828, -84.97655490640422 31.51688993364757))"
16E,2020-02-25 11:55:00+00:00,2020-02-25 13:55:00+00:00,0.0,36000.0,"POLYGON ((-83.44079586360752 29.384872784413513, -83.36249417146786 29.2008378828104, -87.98993065606533 27.231993365512633, -88.06823234820499 27.416028267115745, -83.44079586360752 29.384872784413513))"
18E,2020-02-25 12:55:00+00:00,2020-02-25 14:55:00+00:00,0.0,25000.0,"POLYGON ((-84.07786910491039 30.164436683270303, -82.09332286429088 29.596569750314284, -82.75887385604724 28.98486294275094, -84.71621490712701 29.630964751439436, -84.07786910491039 30.164436683270303))"
19E,2020-02-25 12:55:00+00:00,2020-02-25 14:55:00+00:00,0.0,40000.0,"POLYGON ((-83.3377578157439 29.159327256232416, -83.26860404509917 28.971663311891433, -87.99450461681279 27.230178844143698, -88.06365838745752 27.41784278848468, -83.3377578157439 29.159327256232416))"
17E,2020-02-25 12:55:00+00:00,2020-02-25 14:55:00+00:00,0.0,26000.0,"POLYGON ((-84.58462618596656 31.538870227859043, -84.4747233229144 31.371773367646355, -85.8495590400443 30.467517109649517, -85.95946190309645 30.634613969862205, -84.58462618596656 31.538870227859043))"
21E,2020-02-25 13:55:00+00:00,2020-02-25 15:55:00+00:00,0.0,28000.0,"POLYGON ((-83.30644114782788 32.689531803810546, -82.61935226660862 32.68578639421314, -83.18850897456814 31.538208894580187, -84.225095130615 31.52641744117073, -83.30644114782788 32.689531803810546))"
20E,2020-02-25 13:55:00+00:00,2020-02-25 15:55:00+00:00,0.0,40000.0,"POLYGON ((-83.27583045667646 29.29257789018171, -83.20443734468643 29.105754381060457, -90.06430344400498 26.48431133586327, -90.13569655599501 26.671134844984525, -83.27583045667646 29.29257789018171))"
DELTA 1,2020-02-25 14:40:00+00:00,2020-02-25 18:40:00+00:00,0.0,40000.0,"POLYGON ((-87.45 27.3, -87 27.15, -90.3 25.3, -90.15 26.15, -87.45 27.3))"
22E,2020-02-25 14:55:00+00:00,2020-02-25 16:55:00+00:00,0.0,40000.0,"POLYGON ((-83.26867239453674 29.138706198859943, -82.9698454404364 28.524515941007245, -87.33578137366585 26.68124313926539, -87.98246128308828 27.281125564916028, -83.26867239453674 29.138706198859943))"
23E,2020-02-25 14:55:00+00:00,2020-02-25 16:55:00+00:00,0.0,29000.0,"POLYGON ((-83.59373561537444 30.069454276375353, -83.05 29.100893132790826, -85.32924006854476 28.752870310348747, -84.78878348330078 29.47703734748007, -83.59373561537444 30.069454276375353))"
CHARLIE 3,2020-02-25 15:15:00+00:00,2020-02-25 19:15:00+00:00,0.0,40000.0,"POLYGON ((-47.3 30, -49.3 25, -51.15 25, -49 30, -47.3 30))"
25E,2020-02-25 15:55:00+00:00,2020-02-25 17:55:00+00:00,0.0,31000.0,"POLYGON ((-83.34469733030697 30.21449395784311, -83.05 29.100893132790826, -84.98103570966487 28.885695326192, -84.71621490712701 29.630964751439436, -83.34469733030697 30.21449395784311))"
24E,2020-02-25 15:55:00+00:00,2020-02-25 17:55:00+00:00,0.0,38000.0,"POLYGON ((-83.26867239453674 29.138706198859943, -82.9698454404364 28.524515941007245, -87.33578137366585 26.68124313926539, -87.98246128308828 27.281125564916028, -83.26867239453674 29.138706198859943))"
27E,2020-02-25 16:55:00+00:00,2020-02-25 18:55:00+00:00,0.0,38000.0,"POLYGON ((-83.59373561537444 30.069454276375353, -83.05 28.768155221318043, -85.69167217971712 27.877257263148433, -84.98103570966487 28.885695326192, -84.35 29.568155221318033, -83.59373561537444 30.069454276375353))"
26E,2020-02-25 16:55:00+00:00,2020-02-25 18:55:00+00:00,0.0,42000.0,"POLYGON ((-86.68 28.168096708217718, -85.87981854612578 27.873038097002674, -87.46456756136705 26.801454847773172, -87.98246128308828 27.281125564916028, -86.68 28.168096708217718))"
28E,2020-02-25 17:55:00+00:00,2020-02-25 19:55:00+00:00,0.0,37000.0,"POLYGON ((-85.29071092064703 28.398466564250135, -85.31533768811302 27.88492939681333, -86.2877168443178 26.526140576793306, -87.98246128308828 27.281125564916028, -85.29071092064703 28.398466564250135))"
29E,2020-02-25 17:55:00+00:00,2020-02-25 19:55:00+00:00,0.0,38000.0,"POLYGON ((-83.40399618355332 29.726863603209576, -82.68 28.741844778681966, -85.31533768811302 27.88492939681333, -84.19800111149573 29.595060515582365, -83.40399618355332 29.726863603209576))"
DELTA 2,2020-02-25 18:20:00+00:00,2020-02-25 22:20:00+00:00,0.0,41000.0,"POLYGON ((-87.45 27.3, -87 27.15, -89.3 25.45, -90 26.15, -87.45 27.3))"
ZULU 1,2020-02-25 18:20:00+00:00,2020-02-25 22:20:00+00:00,0.0,54000.0,"POLYGON ((144.3 7.1, 150.2 5.5, 144.4 5.5, 141.2 4.3, 140.5 5.3, 144.3 7.1))"
CHARLIE 4,2020-02-25 18:35:00+00:00,2020-02-25 22:35:00+00:00,0.0,41000.0,"POLYGON ((-50 27.45, -48.15 26, -51.3 23.3, -53 24.15, -51.15 25.45, -50 27.45))"
30E,2020-02-25 18:55:00+00:00,2020-02-25 20:55:00+00:00,0.0,37000.0,"POLYGON ((-82.04533168893617 30.529909732491703, -81.78196552292532 30.104437359612987, -83.80957285597897 27.9053942421262, -86.11794819648138 26.594107774010954, -87.85257201725376 27.16138602923509, -82.04533168893617 30.529909732491703))"
31E,2020-02-25 18:55:00+00:00,2020-02-25 20:55:00+00:00,0.0,30000.0,"POLYGON ((-75.5163044386481 34.85197255148034, -75.36180240985131 34.724972066844764, -76.18564322120557 33.722731192527796, -76.34014525000237 33.84973167716337, -75.5163044386481 34.85197255148034))"
32E,2020-02-25 19:55:00+00:00,2020-02-25 21:55:00+00:00,0.0,37000.0,"POLYGON ((-83.98945761020958 28.77320915271947, -83.62131887702573 27.906801511507688, -85.9479780847511 26.661873367995884, -87.72296114102724 27.04152715334124, -83.98945761020958 28.77320915271947))"
33E,2020-02-25 19:55:00+00:00,2020-02-25 21:55:00+00:00,0.0,25000.0,"POLYGON ((-84.35 30.732737911472785, -83.99312383024663 30.526848210490197, -84.35 29.73452417705442, -85.02789656995888 29.81004636605923, -84.35 30.732737911472785))"
6C,2020-02-25 19:55:00+00:00,2020-02-25 21:55:00+00:00,0.0,26000.0,"POLYGON ((-104.95369150650622 34.007385319675436, -104.62 33.4845709394209, -104.96610073734594 33.3395200323287, -105.23544883523087 33.84961986030723, -104.95369150650622 34.007385319675436))"
34E,2020-02-25 20:55:00+00:00,2020-02-25 22:55:00+00:00,0.0,37000.0,"POLYGON ((-83.58132911307538 29.789941789856222, -82.68663535408376 28.830980964979066, -84.06494853645357 27.39374959619377, -85.1483644234394 28.706818749071704, -83.58132911307538 29.789941789856222))"
8C,2020-02-25 20:55:00+00:00,2020-02-25 22:55:00+00:00,0.0,23000.0,"POLYGON ((-105.03107180782989 33.5411482961762, -104.8492536260117 33.5411482961762, -104.8492536260117 33.359330114358016, -105.03107180782989 33.359330114358016, -105.03107180782989 33.5411482961762))"
7C,2020-02-25 20:55:00+00:00,2020-02-25 22:55:00+00:00,0.0,24000.0,"POLYGON ((-104.5751689557618 35.527830365810615, -104.39335077394361 35.527830365810615, -104.39335077394361 35.34601218399243, -104.5751689557618 35.34601218399243, -104.5751689557618 35.527830365810615))"
35E,2020-02-25 21:55:00+00:00,2020-02-25 23:55:00+00:00,0.0,33000.0,"POLYGON ((-83.51159886529767 29.765176086750472, -82.25512578431619 28.86888088498755, -84.03406888727535 27.40546349176892, -85.29317102156996 28.393120293884394, -83.51159886529767 29.765176086750472))"
9C,2020-02-25 21:55:00+00:00,2020-02-25 23:55:00+00:00,0.0,23000.0,"POLYGON ((-104.34278589242061 35.04786161605924, -104.16096771060242 35.04786161605924, -104.16096771060242 34.86604343424105, -104.34278589242061 34.86604343424105, -104.34278589242061 35.04786161605924))"
ECHO 1,2020-02-25 22:45:00+00:00,2020-02-26 02:45:00+00:00,25000.0,36000.0,"POLYGON ((-43.3 44.3, -46.15 36.3, -50.3 34.45, -48 42.45, -43.3 44.3))"
37E,2020-02-25 22:55:00+00:00,2020-02-26 00:55:00+00:00,0.0,28000.0,"POLYGON ((-81.11 31.32815522131804, -80.00960503624667 31.214106549109758, -80.16067255454587 30.33307326431446, -80.93385684363821 29.236217809028442, -81.37352678617204 30.457569763017716, -81.11 31.32815522131804))"
36E,2020-02-25 22:55:00+00:00,2020-02-26 00:55:00+00:00,0.0,35000.0,"POLYGON ((-83.40379001983453 29.906212118931226, -82.25512578431619 28.86888088498755, -83.58410094100743 27.575101786705204, -85.16953517585583 28.661082221159027, -83.40379001983453 29.906212118931226))"
39E,2020-02-25 23:55:00+00:00,2020-02-26 01:55:00+00:00,0.0,30000.0,"POLYGON ((-80.41962987995191 31.569920933761267, -79.14844043231594 31.04236726841283, -79.88309919025849 30.353157166277477, -80.34691107954761 29.297831298152747, -80.97675315583828 30.147918235775258, -80.41962987995191 31.569920933761267))"
38E,2020-02-25 23:55:00+00:00,2020-02-26 01:55:00+00:00,0.0,33000.0,"POLYGON ((-83.05 30.265475822945575, -81.81325431818071 29.043491787627, -84.06494853645357 27.39374959619377, -85.15524892107487 28.819394536320978, -83.05 30.265475822945575))"
1E,2020-02-26 00:55:00+00:00,2020-02-26 02:55:00+00:00,0.0,42000.0,"POLYGON ((-80.00960503624667 31.214106549109758, -78.99395816671625 31.207257125128553, -79.33647472704759 29.924948248318806, -80.15614644654264 29.29661144503285, -80.62241315859453 30.018669427242475, -80.00960503624667 31.214106549109758))"
2E,2020-02-26 00:55:00+00:00,2020-02-26 02:55:00+00:00,0.0,28000.0,"POLYGON ((-75.6537279468731 34.33002969055372, -74.64690206577662 34.30775838159555, -74.56479044534089 33.159417191081516, -76.89048327355702 32.347912658677075, -76.60350539699624 33.28469139114844, -75.6537279468731 34.33002969055372))"
3E,2020-02-26 01:55:00+00:00,2020-02-26 03:55:00+00:00,0.0,45000.0,"POLYGON ((-79.91576707344694 31.132111981932614, -78.99771580686398 30.315986376449818, -79.26012456264637 29.95114985645965, -79.94958365353386 29.29498488483908, -80.18805140062607 29.62878322789309, -79.91576707344694 31.132111981932614))"
1C,2020-02-26 01:55:00+00:00,2020-02-26 03:55:00+00:00,0.0,37000.0,"POLYGON ((-98.09433439972645 27.898454865879213, -96.97904745444538 27.490325413866103, -97.86221962330568 25.91920220851464, -99.42 26.901716242316425, -98.09433439972645 27.898454865879213))"
4E,2020-02-26 02:55:00+00:00,2020-02-26 04:55:00+00:00,0.0,45000.0,"POLYGON ((-79.32693983154887 31.418743335496558, -77.892818250259 31.031500211905364, -78.62368584384397 29.276975590273747, -79.44216435683724 28.596095907793856, -80.18805140062607 29.62878322789309, -79.32693983154887 31.418743335496558))"
2C,2020-02-26 02:55:00+00:00,2020-02-26 04:55:00+00:00,0.0,36000.0,"POLYGON ((-96.97904745444538 27.490325413866103, -97.38 26.353712818262686, -98.42295440950798 26.303537479575766, -98.01565289792367 27.38766979279528, -96.97904745444538 27.490325413866103))"
5E,2020-02-26 03:55:00+00:00,2020-02-26 05:55:00+00:00,0.0,43000.0,"POLYGON ((-78.5209752779558 31.586746864214856, -76.43175699426094 31.564713411098346, -78.73820847810669 29.198283840659172, -79.77463338462778 29.293358650039814, -78.5209752779558 31.586746864214856))"
6E,2020-02-26 03:55:00+00:00,2020-02-26 05:55:00+00:00,0.0,33000.0,"POLYGON ((-76.0565913501922 34.33663054389656, -75.47369288951381 33.49892397615319, -76.96425744252087 32.50218772195476, -77.87 33.019048354108854, -76.0565913501922 34.33663054389656))"
3C,2020-02-26 03:55:00+00:00,2020-02-26 05:55:00+00:00,0.0,31000.0,"POLYGON ((-98.18051591411405 26.633385812086665, -97.68932953639226 26.58750164639214, -97.5651705602414 26.320580598400667, -98.42295440950798 26.303537479575766, -98.18051591411405 26.633385812086665))"
FOXTROT 1,2020-02-26 04:05:00+00:00,2020-02-26 08:05:00+00:00,0.0,40000.0,"POLYGON ((-45.45 30.15, -48.45 23.3, -50 23.15, -50.45 26.15, -48.3 29.3, -45.45 30.15))"
7E,2020-02-26 04:55:00+00:00,2020-02-26 06:55:00+00:00,0.0,40000.0,"POLYGON ((-77.68267016581326 32.040179807225364, -76.38097257791527 31.26681110464502, -77.68695586025213 28.670408845141342, -79.58388697946158 29.291325761486394, -77.68267016581326 32.040179807225364))"
8E,2020-02-26 04:55:00+00:00,2020-02-26 06:55:00+00:00,0.0,34000.0,"POLYGON ((-75.40549622175546 34.72043723247394, -74.8803724193057 33.63990760342029, -76.89048327355702 32.347912658677075, -77.87 33.019048354108854, -75.40549622175546 34.72043723247394))"
10E,2020-02-26 05:55:00+00:00,2020-02-26 07:55:00+00:00,0.0,32000.0,"POLYGON ((-74.28936930317946 35.60841081246331, -72.79933985502997 35.06616814957474, -76.81696033297256 32.19359480289175, -77.41230822478333 33.42691662199826, -74.28936930317946 35.60841081246331))"
9E,2020-02-26 05:55:00+00:00,2020-02-26 07:55:00+00:00,0.0,27000.0,"POLYGON ((-84.6945719424278 30.38258219968417, -84.62415357231983 30.19538910912969, -86.64479081494602 29.435264999934706, -86.715209185054 29.622458090489186, -84.6945719424278 30.38258219968417))"
11E,2020-02-26 05:55:00+00:00,2020-02-26 07:55:00+00:00,0.0,42000.0,"POLYGON ((-77.83262208423578 32.09602859371997, -76.50734414187342 31.537502064174127, -79.02077934539074 27.67225072788221, -79.88791182958683 27.457399585828217, -77.83262208423578 32.09602859371997))"
13E,2020-02-26 06:55:00+00:00,2020-02-26 08:55:00+00:00,0.0,34000.0,"POLYGON ((-70.78573254774315 37.98920689375615, -71.02671870488865 36.14939531433872, -76.81696033297256 32.19359480289175, -75.2307883377674 35.93791113212833, -70.78573254774315 37.98920689375615))"
14E,2020-02-26 06:55:00+00:00,2020-02-26 08:55:00+00:00,0.0,40000.0,"POLYGON ((-76.96425744252087 32.50218772195476, -76.38097257791527 31.26681110464502, -78.89386582456982 27.733742559785618, -79.87536829183776 27.14095313134864, -76.96425744252087 32.50218772195476))"
12E,2020-02-26 06:55:00+00:00,2020-02-26 08:55:00+00:00,0.0,29000.0,"POLYGON ((-83.8604074815762 31.337533514255504, -83.7629862287358 31.16286497245416, -85.80407855586468 30.024447203455054, -85.90149980870508 30.1991157452564, -83.8604074815762 31.337533514255504))"
17E,2020-02-26 07:55:00+00:00,2020-02-26 09:55:00+00:00,0.0,38000.0,"POLYGON ((-76.09505821737895 30.648148585046183, -78.88114592700765 27.120543956737375, -79.79734241549319 27.423611960799473, -77.44288425641814 30.62787477486037, -76.09505821737895 30.648148585046183))"
16E,2020-02-26 07:55:00+00:00,2020-02-26 09:55:00+00:00,0.0,33000.0,"POLYGON ((-70.78573254774315 37.98920689375615, -71.02671870488865 36.14939531433872, -75.10928185556631 33.36391611371047, -75.16936097829462 35.43224824078843, -70.78573254774315 37.98920689375615))"
15E,2020-02-26 07:55:00+00:00,2020-02-26 09:55:00+00:00,0.0,32000.0,"POLYGON ((-83.0389117132022 31.45346942835843, -82.91971920726209 31.292866979660673, -84.64485972259138 30.012538922472217, -84.76405222853148 30.173141371169976, -83.0389117132022 31.45346942835843))"
18E,2020-02-26 08:55:00+00:00,2020-02-26 10:55:00+00:00,0.0,29000.0,"POLYGON ((-82.4584764796912 31.71497434748314, -82.3213681573304 31.569367658284445, -83.81766485627298 30.16040264936176, -83.95477317863379 30.306009338560454, -82.4584764796912 31.71497434748314))"
GOLF 1,2020-02-26 09:45:00+00:00,2020-02-26 13:45:00+00:00,0.0,35000.0,"POLYGON ((-87.45 28, -86.3 27.45, -88.45 26, -89.45 26.3, -87.45 28))"
21E,2020-02-26 09:55:00+00:00,2020-02-26 11:55:00+00:00,0.0,32000.0,"POLYGON ((-74.60118707224883 34.955516670633756, -73.90021744915809 34.35593367745108, -76.05057862301025 32.80714986095124, -77.02217490022191 33.641227356518534, -74.60118707224883 34.955516670633756))"
19E,2020-02-26 09:55:00+00:00,2020-02-26 11:55:00+00:00,0.0,36000.0,"POLYGON ((-86.68 30.330893132790813, -85.80676761458878 28.98261148211376, -87.48383353268672 28.199594628992333, -89.16428373187601 28.35326538449789, -86.68 30.330893132790813))"
22E,2020-02-26 09:55:00+00:00,2020-02-26 11:55:00+00:00,,,"POLYGON ((-79.37444003080161 28.1866715266193, -80.03943295945339 27.76345083199597, -79.88574836760162 27.68025968122545, -79.87453361536537 26.72384778535217, -79.9320500275877 27.59472351961316, -79.26705709893592 28.01794421423649, -80.07451986720322 26.7215027745104, -80.08573461943948 27.67791467038368, -79.37444003080161 28.1866715266193))"
20E,2020-02-26 09:55:00+00:00,2020-02-26 11:55:00+00:00,0.0,27000.0,"POLYGON ((-79.1678096151398 33.820107125037076, -79.08205869979426 33.218300646110336, -80.04 32.89, -80.52922375434548 33.297956893025216, -79.1678096151398 33.820107125037076))"
22E,2020-02-26 10:55:00+00:00,2020-02-26 12:55:00+00:00,0.0,34000.0,"POLYGON ((-85.96590365845428 30.57337477620931, -84.71621490712701 29.630964751439436, -86.68 27.33625192953575, -89.16428373187601 28.35326538449789, -85.96590365845428 30.57337477620931))"
23E,2020-02-26 10:55:00+00:00,2020-02-26 12:55:00+00:00,0.0,34000.0,"POLYGON ((-74.10202207210175 35.54163455364396, -72.79933985502997 35.06616814957474, -75.10928185556631 33.36391611371047, -76.75806151953049 33.962967262902886, -74.10202207210175 35.54163455364396))"
24E,2020-02-26 10:55:00+00:00,2020-02-26 12:55:00+00:00,,,"POLYGON ((-79.31785301831873 28.20614272932913, -79.97851661537506 27.76182436916688, -80.02256350379457 27.68425596844856, -80.07438022534419 26.72808653866654, -79.8669034240943 27.59586505025972, -79.20623982703798 28.04018341042196, -79.8746732572244 26.71726402119603, -79.82285653567479 27.67343345097805, -79.31785301831873 28.20614272932913))"
26E,2020-02-26 11:55:00+00:00,2020-02-26 13:55:00+00:00,0.0,29000.0,"POLYGON ((-75.25408200029028 34.411943802892225, -77.18711036928703 32.96475210855679, -79.23491862066487 33.876343940483956, -78.47452666690162 34.348514324449496, -75.25408200029028 34.411943802892225))"
25E,2020-02-26 11:55:00+00:00,2020-02-26 13:55:00+00:00,0.0,34000.0,"POLYGON ((-85.06468176276314 30.65272130238764, -83.81642834450271 30.207915635652693, -86.68 27.33625192953575, -87.8298273107671 28.333201260106424, -85.06468176276314 30.65272130238764))"
27E,2020-02-26 11:55:00+00:00,2020-02-26 13:55:00+00:00,0.0,29000.0,"POLYGON ((-78.59707264143053 28.444196731358623, -78.43555630354216 28.326245586408156, -79.56014352491253 26.786292670240297, -79.7216598628009 26.904243815190764, -78.59707264143053 28.444196731358623))"
GOLF 2,2020-02-26 12:15:00+00:00,2020-02-26 16:15:00+00:00,0.0,35000.0,"POLYGON ((-86.15 27, -85 26.45, -87 25.15, -88 25.45, -86.15 27))"
28E,2020-02-26 12:55:00+00:00,2020-02-26 14:55:00+00:00,0.0,32000.0,"POLYGON ((-84.57250078367207 30.860926092548294, -83.05 30.431844778681963, -86.63224421831302 27.853609008604323, -87.55909620170776 29.036786611670212, -84.57250078367207 30.860926092548294))"
30E,2020-02-26 13:55:00+00:00,2020-02-26 15:55:00+00:00,0.0,34000.0,"POLYGON ((-84.01427877350721 31.424422285093417, -82.22423890051874 30.59272596711735, -84.25512281369427 28.53579429790076, -86.256065104017 27.863833893012767, -85.95008380351696 29.290904068838216, -84.01427877350721 31.424422285093417))"
29E,2020-02-26 13:55:00+00:00,2020-02-26 15:55:00+00:00,0.0,33000.0,"POLYGON ((-74.74260663020704 35.07494773982172, -73.7612320341291 34.23553982536499, -76.18824930117962 32.92676335171022, -76.74267961425703 33.40369288731016, -74.74260663020704 35.07494773982172))"
31E,2020-02-26 14:55:00+00:00,2020-02-26 16:55:00+00:00,0.0,32000.0,"POLYGON ((-74.60118707224883 34.955516670633756, -72.61449218536606 34.997111206835285, -76.18824930117962 32.92676335171022, -74.60118707224883 34.955516670633756))"
32E,2020-02-26 14:55:00+00:00,2020-02-26 16:55:00+00:00,0.0,31000.0,"POLYGON ((-83.01888457857062 31.5389924952312, -81.83273771020255 31.007434505643168, -84.15233149823337 27.90217495388631, -85.46072644111216 27.882086680098794, -85.29034616553308 29.578814822750168, -83.01888457857062 31.5389924952312))"
33E,2020-02-26 15:55:00+00:00,2020-02-26 17:55:00+00:00,0.0,36000.0,"POLYGON ((-81.40881801168469 31.544829034357047, -83.04283283229108 28.678048581685758, -84.40914502331523 27.262553444255794, -85.31533768811302 27.88492939681333, -84.07655469173592 30.63499646220729, -81.40881801168469 31.544829034357047))"
GOLF 3,2020-02-26 16:15:00+00:00,2020-02-26 20:15:00+00:00,0.0,40000.0,"POLYGON ((-85.15 27.45, -84 27, -87.3 24.15, -88.45 24.45, -85.15 27.45))"
34E,2020-02-26 16:55:00+00:00,2020-02-26 18:55:00+00:00,0.0,34000.0,"POLYGON ((-84.12749921632792 30.860926092548294, -81.7323617597083 30.80092654468214, -82.37741804946413 29.010101918639464, -84.23641934355521 27.389859576766643, -85.12715133198182 27.888382245393466, -84.12749921632792 30.860926092548294))"
36E,2020-02-26 17:55:00+00:00,2020-02-26 19:55:00+00:00,0.0,32000.0,"POLYGON ((-81.92041024332828 30.69228113154956, -82.39015455956361 28.524515941007245, -84.23641934355521 27.389859576766643, -85.12715133198182 27.888382245393466, -83.59373561537444 30.069454276375353, -81.92041024332828 30.69228113154956))"
35E,2020-02-26 17:55:00+00:00,2020-02-26 19:55:00+00:00,0.0,27000.0,"POLYGON ((-81.48924891038993 32.92795959095838, -81.38864499150311 32.394976040596944, -82.87020104054714 31.412161861705066, -83.81642834450271 30.207915635652693, -83.23335365495568 31.79263154739396, -81.48924891038993 32.92795959095838))"
41E,2020-02-26 18:55:00+00:00,2020-02-26 20:55:00+00:00,0.0,36000.0,"POLYGON ((-81.78196552292532 30.104437359612987, -80.15614644654264 29.29661144503285, -84.10008087615607 26.81844441120513, -84.93895341632934 27.89157954242784, -82.77877096388322 29.835005498836335, -81.78196552292532 30.104437359612987))"
40E,2020-02-26 18:55:00+00:00,2020-02-26 20:55:00+00:00,0.0,31000.0,"POLYGON ((-77.7103738594001 30.868429992317218, -78.97913111692964 30.047082757571303, -79.69293906116516 29.80185252100621, -78.81172673804818 30.3122988570476, -77.7103738594001 30.868429992317218))"
42E,2020-02-26 18:55:00+00:00,2020-02-26 20:55:00+00:00,0.0,32000.0,"POLYGON ((-79.6765721614515 28.393211289781295, -79.83698826035092 27.67846918322073, -80.25955398016605 27.47535525185575, -80.14270747439276 27.98624804290298, -79.6765721614515 28.393211289781295))"
37E,2020-02-26 18:55:00+00:00,2020-02-26 20:55:00+00:00,0.0,34000.0,"POLYGON ((-78.00445181002208 34.6170588428819, -77.87 34.20542906057911, -78.3628830406722 33.94010269119731, -79.17439951688142 34.39501818957229, -78.00445181002208 34.6170588428819))"
38E,2020-02-26 18:55:00+00:00,2020-02-26 20:55:00+00:00,0.0,36000.0,"POLYGON ((-76.16541295010077 32.90695501512386, -76.95201633446364 32.47662885145246, -77.83262208423578 32.09602859371997, -76.52590620834101 33.21813110615115, -76.16541295010077 32.90695501512386))"
39E,2020-02-26 18:55:00+00:00,2020-02-26 20:55:00+00:00,0.0,33000.0,"POLYGON ((-80.15219038486018 33.820107125037076, -80.21216659313653 32.88988204964007, -82.2695805966061 31.744229364295585, -81.71719125757338 32.6696870170143, -80.15219038486018 33.820107125037076))"
47E,2020-02-26 19:55:00+00:00,2020-02-26 21:55:00+00:00,0.0,34000.0,"POLYGON ((-81.64614560094923 30.222288864660722, -80.02070734481462 30.23670416471437, -81.18589493126514 27.93292726169233, -83.75700985156293 26.949144266785538, -84.93895341632934 27.89157954242784, -81.64614560094923 30.222288864660722))"
46E,2020-02-26 19:55:00+00:00,2020-02-26 21:55:00+00:00,0.0,39000.0,"POLYGON ((-76.787847348351 31.7018065542093, -79.53261669891793 28.717737013844836, -80.4393560604127 28.710122528556802, -78.114134192269 31.228223940412413, -76.787847348351 31.7018065542093))"
44E,2020-02-26 19:55:00+00:00,2020-02-26 21:55:00+00:00,0.0,36000.0,"POLYGON ((-75.29134565535617 33.431553251189904, -75.10928185556631 33.36391611371047, -76.67065906260929 31.884832305941785, -76.96425744252087 32.50218772195476, -75.29134565535617 33.431553251189904))"
48E,2020-02-26 19:55:00+00:00,2020-02-26 21:55:00+00:00,0.0,42000.0,"POLYGON ((-79.01170039983428 29.283601544713342, -78.60134126328494 29.314129281741756, -79.87536829183776 27.14095313134864, -80.22488237117453 27.444466560901983, -79.01170039983428 29.283601544713342))"
49E,2020-02-26 19:55:00+00:00,2020-02-26 21:55:00+00:00,0.0,36000.0,"POLYGON ((-79.57307447071443 26.870063887745584, -80.63132054734965 25.031054795294956, -81.1500602686632 25.176804459684146, -80.83476472574945 26.678058003974225, -79.57307447071443 26.870063887745584))"
45E,2020-02-26 19:55:00+00:00,2020-02-26 21:55:00+00:00,0.0,32000.0,"POLYGON ((-79.46020082685045 33.829139375640274, -79.72148011674906 33.0002461946522, -80.35851988325095 33.0002461946522, -80.15219038486018 33.820107125037076, -79.46020082685045 33.829139375640274))"
43E,2020-02-26 19:55:00+00:00,2020-02-26 21:55:00+00:00,0.0,31000.0,"POLYGON ((-77.53223911578327 35.01736798255823, -77.121585602921 34.9610904084409, -77.80288170651903 34.48354782685282, -78.20776088421674 35.01736798255824, -77.53223911578327 35.01736798255823))"
GOLF 4,2020-02-26 20:15:00+00:00,2020-02-27 00:15:00+00:00,0.0,40000.0,"POLYGON ((-84.15 27.3, -83.3 26.3, -86.3 24.15, -87 24.45, -84.15 27.3))"
50E,2020-02-26 20:55:00+00:00,2020-02-26 22:55:00+00:00,0.0,31000.0,"POLYGON ((-77.0475473889814 35.551013427818205, -76.64825304536758 35.336854287419605, -76.74788347296602 34.72688777058036, -78.05947197381934 35.27964005264144, -77.0475473889814 35.551013427818205))"
51E,2020-02-26 20:55:00+00:00,2020-02-26 22:55:00+00:00,0.0,31000.0,"POLYGON ((-74.64690206577662 34.30775838159555, -74.74600432532446 33.227846987791516, -76.74368634706377 32.03923455358845, -76.32629249359711 33.046225507906435, -74.64690206577662 34.30775838159555))"
55E,2020-02-26 20:55:00+00:00,2020-02-26 22:55:00+00:00,0.0,40000.0,"POLYGON ((-79.40038122409572 26.933000350378148, -80.28 25.13452417705443, -81.01914801199159 25.798131783317068, -80.43442472127845 26.806917804688183, -79.40038122409572 26.933000350378148))"
54E,2020-02-26 20:55:00+00:00,2020-02-26 22:55:00+00:00,0.0,42000.0,"POLYGON ((-78.62090868383004 30.168248924699977, -78.05829211406056 29.265312143249012, -79.55067052263696 27.676832485442556, -79.97020366320871 27.488030491583192, -79.3931486732552 29.289021921839478, -78.62090868383004 30.168248924699977))"
53E,2020-02-26 20:55:00+00:00,2020-02-26 22:55:00+00:00,0.0,35000.0,"POLYGON ((-79.58248396744256 30.32586483156779, -79.88161041550096 28.84871529436914, -83.47072757301835 26.57349891344815, -84.5625264528548 27.89720728744805, -82.05263603775916 29.868317221036424, -79.58248396744256 30.32586483156779))"
52E,2020-02-26 20:55:00+00:00,2020-02-26 22:55:00+00:00,0.0,37000.0,"POLYGON ((-76.95201633446364 32.47662885145246, -76.63346725282302 31.80598163346689, -78.63818694509118 30.162433797852838, -78.7939201718521 30.109887478018585, -76.95201633446364 32.47662885145246))"
GOLF 5,2020-02-26 21:10:00+00:00,2020-02-27 01:10:00+00:00,0.0,40000.0,"POLYGON ((-83.45 27, -83.15 25, -84.3 24, -85.45 24, -86.3 24.3, -83.45 27))"
ALFA 1,2020-02-26 21:20:00+00:00,2020-02-27 01:20:00+00:00,0.0,48000.0,"POLYGON ((-125.3 6.45, -125.3 3.3, -136.45 3.3, -137 6.45, -125.3 6.45))"
58E,2020-02-26 21:55:00+00:00,2020-02-26 23:55:00+00:00,0.0,42000.0,"POLYGON ((-78.26180803897103 30.28843962988686, -77.15560432621213 28.84966777351555, -80.14326693490337 27.552235232348945, -83.32829517781497 25.15526690948867, -84.75074482758868 27.894521238324504, -78.26180803897103 30.28843962988686))"
57E,2020-02-26 21:55:00+00:00,2020-02-26 23:55:00+00:00,0.0,31000.0,"POLYGON ((-74.88444047953132 35.19421416928657, -73.62264378716961 34.114989610031834, -75.63977936421509 32.44741231928447, -76.38968157471629 33.83174298847364, -74.88444047953132 35.19421416928657))"
56E,2020-02-26 21:55:00+00:00,2020-02-26 23:55:00+00:00,0.0,31000.0,"POLYGON ((-76.35857133244019 36.58248473453594, -75.45596850153912 35.669609064995846, -76.64825304536758 35.336854287419605, -77.12921166223262 35.93791113212833, -76.35857133244019 36.58248473453594))"
59E,2020-02-26 21:55:00+00:00,2020-02-26 23:55:00+00:00,0.0,42000.0,"POLYGON ((-78.79928014299323 27.66973798985201, -79.43506861210086 26.090297738057597, -80.35277594707021 26.444477171164753, -79.97020366320871 27.488030491583192, -78.79928014299323 27.66973798985201))"
GOLF 6,2020-02-26 22:50:00+00:00,2020-02-27 02:50:00+00:00,0.0,41000.0,"POLYGON ((-83.45 26, -83.15 24.45, -83.15 24, -85.3 24, -83.45 26))"
63E,2020-02-26 22:55:00+00:00,2020-02-27 00:55:00+00:00,0.0,41000.0,"POLYGON ((-77.67703490491333 29.25610225681296, -79.15905003836006 26.67696566493167, -80.48376056546543 26.326535858892065, -80.09017300608167 28.03234758826255, -78.63029664222483 29.27709787387556, -77.67703490491333 29.25610225681296))"
61E,2020-02-26 22:55:00+00:00,2020-02-27 00:55:00+00:00,0.0,34000.0,"POLYGON ((-75.05624312527651 33.39752898937808, -74.92899424576412 33.24323147590868, -78.88586310800818 29.980008901697367, -79.01311198752057 30.13430641516677, -75.05624312527651 33.39752898937808))"
62E,2020-02-26 22:55:00+00:00,2020-02-27 00:55:00+00:00,0.0,41000.0,"POLYGON ((-79.68456915705038 29.366393308682387, -79.55156689229786 29.21702665386712, -83.3469559466404 25.837454817912263, -83.47995821139293 25.98682147272753, -79.68456915705038 29.366393308682387))"
60E,2020-02-26 22:55:00+00:00,2020-02-27 00:55:00+00:00,0.0,26000.0,"POLYGON ((-79.27391488681937 39.704864116480984, -79.10463315322042 39.598357334209915, -80.62535913320052 37.181317548285364, -80.79464086679947 37.28782433055643, -79.27391488681937 39.704864116480984))"
65E,2020-02-26 23:55:00+00:00,2020-02-27 01:55:00+00:00,0.0,41000.0,"POLYGON ((-74.56479044534089 33.159417191081516, -74.20321198508454 33.021772604324156, -79.15905003836006 26.67696566493167, -80.23289274646095 26.987338198426425, -79.68772347455695 28.383530149328113, -74.56479044534089 33.159417191081516))"
64E,2020-02-26 23:55:00+00:00,2020-02-27 01:55:00+00:00,0.0,26000.0,"POLYGON ((-79.2072519709175 39.83043677566803, -79.02870662062679 39.74031708919736, -80.23470153589794 37.35099691922574, -80.41324688618865 37.441116605696415, -79.2072519709175 39.83043677566803))"
2E,2020-02-27 00:55:00+00:00,2020-02-27 02:55:00+00:00,0.0,45000.0,"POLYGON ((-75.36773499266985 32.20685054757154, -74.82793940888712 31.723997120322434, -79.2274954426497 26.99572638673913, -80.83476472574945 26.678058003974225, -81.38432146387322 26.882375296332857, -75.36773499266985 32.20685054757154))"
1E,2020-02-27 00:55:00+00:00,2020-02-27 02:55:00+00:00,,,"POLYGON ((-78.83760239253941 40.42670655413885, -78.74179076166365 39.99379763608456, -80.36348557246872 36.95716818214159, -79.0297111524339 40.3710808013637, -78.92605437994725 40.01309240527731, -80.53990404914141 37.05138347330224, -78.91820923833635 40.08801292724521, -78.73394562005275 40.06871815805246, -78.83760239253941 40.42670655413885))"
3E,2020-02-27 00:55:00+00:00,2020-02-27 02:55:00+00:00,0.0,31000.0,"POLYGON ((-82.46192584628776 25.915018749823794, -82.04442107394792 25.12406677299794, -82.91290531342462 24.585910252644826, -82.97926339015534 25.027997802888944, -82.46192584628776 25.915018749823794))"
HOTEL 1,2020-02-27 01:30:00+00:00,2020-02-27 05:30:00+00:00,0.0,40000.0,"POLYGON ((-74 33.3, -70.15 33.15, -77 27.45, -77 30.3, -74 33.3))"
5E,2020-02-27 01:55:00+00:00,2020-02-27 03:55:00+00:00,0.0,40000.0,"POLYGON ((-77.17924536115109 30.643087863040467, -76.97808172116771 28.908957479633735, -79.2950981061613 27.383627274830932, -79.55067052263696 27.676832485442556, -77.17924536115109 30.643087863040467))"
4E,2020-02-27 01:55:00+00:00,2020-02-27 03:55:00+00:00,,,"POLYGON ((-78.1190138329999 38.80415157643468, -77.90857916800948 38.36274734042052, -79.0993771968637 37.17905729286283, -78.28220483833194 38.68852850011028, -78.06067336196541 38.37585783357729, -79.24037457944353 37.32090135550076, -78.04957655058931 38.50459140305845, -77.89748235663338 38.49148090990168, -78.1190138329999 38.80415157643468))"
7E,2020-02-27 02:55:00+00:00,2020-02-27 04:55:00+00:00,0.0,41000.0,"POLYGON ((-77.17924536115109 30.643087863040467, -76.80035650834265 28.968014159304357, -79.53142368096782 26.678907617793083, -79.62468306975173 27.35898047564628, -77.17924536115109 30.643087863040467))"
8E,2020-02-27 02:55:00+00:00,2020-02-27 04:55:00+00:00,0.0,33000.0,"POLYGON ((-73.75656505170741 36.91312850074021, -73.58330509717149 36.81322360519342, -73.9422139642759 36.190786299626886, -74.11547391881182 36.29069119517367, -73.75656505170741 36.91312850074021))"
6E,2020-02-27 02:55:00+00:00,2020-02-27 04:55:00+00:00,0.0,23000.0,"POLYGON ((-77.37368676670269 39.1352140057835, -77.23295748724811 38.9931039431412, -78.6531259826797 37.58673422272787, -78.79385526213427 37.72884428537017, -77.37368676670269 39.1352140057835))"
9E,2020-02-27 03:55:00+00:00,2020-02-27 05:55:00+00:00,0.0,24000.0,"POLYGON ((-77.03588139723479 39.293787425044655, -76.92411860276522 39.12792881727178, -78.07513114567347 38.35232615189125, -78.18689394014304 38.51818475966412, -77.03588139723479 39.293787425044655))"
10E,2020-02-27 03:55:00+00:00,2020-02-27 05:55:00+00:00,0.0,33000.0,"POLYGON ((-73.07249792406633 37.540731263360584, -72.89686008117782 37.44506858440232, -73.58264787663599 36.185953845141434, -73.7582857195245 36.2816165240997, -73.07249792406633 37.540731263360584))"
HOTEL 2,2020-02-27 04:10:00+00:00,2020-02-27 08:10:00+00:00,0.0,37000.0,"POLYGON ((-67.3 35.3, -77 27, -77 29.45, -72.45 34.15, -67.3 35.3))"
13E,2020-02-27 04:55:00+00:00,2020-02-27 06:55:00+00:00,0.0,23000.0,"POLYGON ((-74.26346804373215 40.1272909906029, -72.698137959761 39.80152794946254, -73.45582336805289 38.033461230211444, -75.25705886686887 39.45203183061822, -74.26346804373215 40.1272909906029))"
11E,2020-02-27 04:55:00+00:00,2020-02-27 06:55:00+00:00,0.0,23000.0,"POLYGON ((-75.73177349372746 40.23184128945432, -75.62822650627255 40.060733074020305, -77.67603388574521 38.821492255018846, -77.77958087320012 38.992600470452864, -75.73177349372746 40.23184128945432))"
12E,2020-02-27 04:55:00+00:00,2020-02-27 06:55:00+00:00,0.0,33000.0,"POLYGON ((-71.32285450924466 39.04571490319168, -72.48891014966591 37.2368164167038, -73.85057824073283 36.86687029785316, -72.92317476480595 38.47631615584957, -71.32285450924466 39.04571490319168))"
14E,2020-02-27 05:55:00+00:00,2020-02-27 07:55:00+00:00,0.0,32000.0,"POLYGON ((-71.59978443853137 41.412464952105985, -70.03 38.11898984100855, -72.58141744893663 37.314117035316904, -75.02285893083483 40.578138117800435, -71.59978443853137 41.412464952105985))"
16E,2020-02-27 06:55:00+00:00,2020-02-27 08:55:00+00:00,0.0,28000.0,"POLYGON ((-73.70463030094238 36.2344941975834, -74.03960245309027 34.47617000801013, -76.89048327355702 32.347912658677075, -77.11256866433175 32.810607855650346, -75.2307883377674 35.93791113212833, -73.70463030094238 36.2344941975834))"
15E,2020-02-27 06:55:00+00:00,2020-02-27 08:55:00+00:00,0.0,32000.0,"POLYGON ((-70.81405896360137 41.52735268460762, -68.56609569777747 38.503830832121295, -72.58141744893663 37.314117035316904, -73.45888652723659 40.86486461259788, -70.81405896360137 41.52735268460762))"
17E,2020-02-27 06:55:00+00:00,2020-02-27 08:55:00+00:00,,,"POLYGON ((-79.55492627173635 26.72299073433083, -79.95224022622243 25.48716018842541, -81.28166829608804 24.34265016487422, -79.37567837037685 26.6342766438028, -79.92785957848764 25.51858778158391, -81.41215490197797 24.49421944171926, -80.08272683211236 25.63872946527045, -80.10710747984714 25.60730187211195, -79.55492627173635 26.72299073433083))"
18E,2020-02-27 07:55:00+00:00,2020-02-27 09:55:00+00:00,0.0,30000.0,"POLYGON ((-69.41461023371318 41.46936413821125, -67.15378242906115 39.00836505537713, -70.70844458805594 37.834415251901376, -71.24358492428686 40.09147698976678, -69.41461023371318 41.46936413821125))"
19E,2020-02-27 07:55:00+00:00,2020-02-27 09:55:00+00:00,0.0,28000.0,"POLYGON ((-74.52955404813159 36.248662422860875, -72.67399383088501 36.208824888541756, -72.79933985502997 35.06616814957474, -76.05057862301025 32.80714986095124, -74.52955404813159 36.248662422860875))"
20E,2020-02-27 07:55:00+00:00,2020-02-27 09:55:00+00:00,0.0,29000.0,"POLYGON ((-78.92317748876444 25.839763929385, -78.7465435668531 25.745953175042978, -79.52386671677111 24.282350867125245, -79.70050063868244 24.37616162146727, -78.92317748876444 25.839763929385))"
NOVEMBER 1,2020-02-27 08:38:00+00:00,2020-02-27 12:38:00+00:00,0.0,57000.0,"POLYGON ((-179.1 5.1, -175.1 5, -175 1, -179.1 1.1, -179.1 5.1))"
NOVEMBER 2,2020-02-27 12:30:00+00:00,2020-02-27 16:30:00+00:00,0.0,59000.0,"POLYGON ((-179.1 5.3, -175 5.2, -174.4 1, -179.1 1, -179.1 5.3))"
NOVEMBER 3,2020-02-27 14:50:00+00:00,2020-02-27 18:50:00+00:00,0.0,57000.0,"POLYGON ((-179.2 5.5, -175.1 5.4, -175.2 3.1, -179.1 3.1, -179.2 5.5))"
OSCAR 1,2020-02-27 16:12:00+00:00,2020-02-27 20:15:00+00:00,0.0,58000.0,"POLYGON ((163.4 8.3, 169.5 6.1, 163.2 3.3, 161.2 5.3, 163.4 8.3))"
OSCAR 2,2020-02-27 19:57:00+00:00,2020-02-28 00:00:00+00:00,0.0,58000.0,"POLYGON ((169.3 9, 170.1 3.3, 162 8.3, 169.3 9))"
OSCAR 3,2020-02-28 00:01:00+00:00,2020-02-28 04:00:00+00:00,0.0,58000.0,"POLYGON ((162.2 9.3, 171.1 9, 162 3.3, 162 3.3, 162.2 9.3))"
BRAVO 1,2020-02-28 02:15:00+00:00,2020-02-28 06:15:00+00:00,27000.0,37000.0,"POLYGON ((178.15 41.3, 170.45 37.15, 171.3 32.45, -178.3 36.45, 178.15 41.3))"
OSCAR 4,2020-02-28 03:28:00+00:00,2020-02-28 07:30:00+00:00,0.0,57000.0,"POLYGON ((163.4 10.5, 172.1 8, 161.4 6.4, 163.4 10.5))"
OSCAR 5,2020-02-28 07:05:00+00:00,2020-02-28 11:05:00+00:00,0.0,56000.0,"POLYGON ((163.3 12.2, 173 5.3, 171.5 3.3, 160.1 6.3, 163.3 12.2))"
OSCAR 6,2020-02-28 10:56:00+00:00,2020-02-28 14:55:00+00:00,0.0,53000.0,"POLYGON ((162.4 12, 177.5 5.3, 178 3.3, 160.2 3.3, 162.4 12))"
CHARLIE 1,2020-02-28 13:50:00+00:00,2020-02-28 17:50:00+00:00,,,"POLYGON ((-173.45 45.15, 176.45 30, 171.3 30, 170 32, 175.45 44.15, -173.45 45.15))"
OSCAR 7,2020-02-28 14:45:00+00:00,2020-02-28 18:45:00+00:00,0.0,52000.0,"POLYGON ((159.1 8.4, 171.4 8.4, 175 3.3, 159 3.3, 159.1 8.4))"
CHARLIE 2,2020-02-28 17:50:00+00:00,2020-02-28 21:50:00+00:00,,,"POLYGON ((179.45 48.15, -172.3 46.15, 177.45 30, 174 30, 173.45 36.45, 179.45 48.15))"
OSCAR 8,2020-02-28 18:24:00+00:00,2020-02-28 22:30:00+00:00,0.0,55000.0,"POLYGON ((160.1 7, 167.4 6, 159.3 3.3, 160.1 7))"
OSCAR 9,2020-02-28 22:50:00+00:00,2020-02-29 02:50:00+00:00,0.0,54000.0,"POLYGON ((164.45 9.3, 169.3 7.15, 166.3 3.3, 162.15 3.3, 161 7.15, 164.45 9.3))"
DELTA 1,2020-02-29 02:00:00+00:00,2020-02-29 06:00:00+00:00,20000.0,36000.0,"POLYGON ((-151.3 56.45, -145.45 55.15, -151 52.15, -156.3 54.3, -151.3 56.45))"
OSCAR 10,2020-02-29 02:28:00+00:00,2020-02-29 06:30:00+00:00,0.0,55000.0,"POLYGON ((161.1 10.4, 167.5 8, 159.3 7, 161.1 10.4))"
1E,2020-02-29 07:55:00+00:00,2020-02-29 09:55:00+00:00,0.0,25000.0,"POLYGON ((-73.08616631909956 36.2201531071537, -72.9355759473845 33.50993307644887, -76.52533568609658 31.575903377538353, -78.04244026577516 32.173763670293084, -75.1037809404057 34.10326518512719, -73.08616631909956 36.2201531071537))"
2E,2020-02-29 09:55:00+00:00,2020-02-29 11:55:00+00:00,0.0,23000.0,"POLYGON ((-76.87602749013872 32.29388623854578, -76.77203991722457 32.12304542176179, -78.19271379069903 31.258308113745183, -78.29670136361318 31.429148930529184, -76.87602749013872 32.29388623854578))"
HOTEL 1,2020-02-29 11:25:00+00:00,2020-02-29 15:25:00+00:00,0.0,17000.0,"POLYGON ((-72.15 35, -71.3 32.3, -76.3 29, -77 31.45, -72.15 35))"
HOTEL 2,2020-02-29 13:35:00+00:00,2020-02-29 17:35:00+00:00,0.0,29000.0,"POLYGON ((-65 38.3, -68.3 32.15, -77.45 28.15, -78 30.3, -72.3 35, -70.45 37.3, -65 38.3))"
HOTEL 3,2020-02-29 15:45:00+00:00,2020-02-29 19:45:00+00:00,0.0,29000.0,"POLYGON ((-65.45 39, -63 38.45, -68.3 32.15, -71.45 30, -75.45 30, -71.15 35, -65.45 39))"
HOTEL 4,2020-02-29 17:45:00+00:00,2020-02-29 21:45:00+00:00,0.0,36000.0,"POLYGON ((-67 40.45, -61.3 40, -63.3 35, -68.3 32, -73.3 32, -67 40.45))"
HOTEL 5,2020-02-29 20:15:00+00:00,2020-03-01 00:15:00+00:00,0.0,36000.0,"POLYGON ((-56.3 42.3, -59.45 35.45, -65.45 32, -71 32.15, -66 42.15, -56.3 42.3))"
HOTEL 6,2020-02-29 21:30:00+00:00,2020-03-01 01:30:00+00:00,0.0,24000.0,"POLYGON ((-61.15 41.3, -58.3 41.3, -58.3 38.15, -60.15 36.45, -63 40, -61.15 41.3))"
INDIA 1,2020-02-29 21:30:00+00:00,2020-03-01 01:30:00+00:00,0.0,24000.0,"POLYGON ((-66.15 36, -65.15 34.15, -68.45 32, -69.45 35, -66.15 36))"
INDIA 2,2020-02-29 21:40:00+00:00,2020-03-01 01:40:00+00:00,0.0,24000.0,"POLYGON ((-59 40.45, -58 37.45, -63 34.15, -63.45 37.3, -59 40.45))"
1W,2020-02-29 22:55:00+00:00,2020-03-01 00:55:00+00:00,0.0,29000.0,"POLYGON ((-122.91930382729772 47.94730338869124, -121.70069617270228 47.94730338869124, -121.70069617270228 47.747303388691236, -122.91930382729772 47.747303388691236, -122.91930382729772 47.94730338869124))"
3W,2020-02-29 23:55:00+00:00,2020-03-01 01:55:00+00:00,0.0,24000.0,"POLYGON ((-122.44376670760693 45.647679517575654, -122.35383475238399 45.34905714070709, -122.98721800271703 44.52046311165773, -123.48184280326474 44.98745677492706, -122.44376670760693 45.647679517575654))"
2W,2020-02-29 23:55:00+00:00,2020-03-01 01:55:00+00:00,0.0,25000.0,"POLYGON ((-122.91930382729772 47.94730338869124, -121.70069617270228 47.94730338869124, -121.70069617270228 47.747303388691236, -122.91930382729772 47.747303388691236, -122.91930382729772 47.94730338869124))"

