label,issue,expire,fl_low,fl_high,polygon
INDIA 3,2020-03-01 00:40:00+00:00,2020-03-01 04:40:00+00:00,0.0,25000.0,"POLYGON ((-55.45 42.3, -57 38.15, -59.45 36.3, -59 40.45, -55.45 42.3))"
1W,2020-03-01 00:55:00+00:00,2020-03-01 02:55:00+00:00,0.0,26000.0,"POLYGON ((-122.8353168596313 47.79172791918101, -120.93663623753643 47.81384206219029, -121.93781374726471 46.82457326180046, -122.8353168596313 47.79172791918101))"
2W,2020-03-01 01:55:00+00:00,2020-03-01 03:55:00+00:00,0.0,25000.0,"POLYGON ((-120.93663623753643 47.81384206219029, -121.62044408268065 46.967357093227115, -122.8353168596313 47.79172791918101, -120.93663623753643 47.81384206219029))"
3W,2020-03-01 02:55:00+00:00,2020-03-01 04:55:00+00:00,0.0,23000.0,"POLYGON ((-122.65942516122732 47.67475212085088, -121.3966050783607 47.691051985987926, -121.40540385458954 47.18176338933861, -122.4835433779975 47.32222823771138, -122.65942516122732 47.67475212085088))"
ECHO 1,2020-03-01 03:40:00+00:00,2020-03-01 07:40:00+00:00,25000.0,32000.0,"POLYGON ((-123.3 34.15, -121 31, -140 25.3, -140 30, -123.3 34.15))"
PAPA 1,2020-03-01 04:35:00+00:00,2020-03-01 08:35:00+00:00,0.0,40000.0,"POLYGON ((-154.1 24.2, -146.4 24.2, -155.1 19.1, -157.1 21.3, -154.1 24.2))"
INDIA 4,2020-03-01 04:40:00+00:00,2020-03-01 08:40:00+00:00,0.0,26000.0,"POLYGON ((-53.45 43.45, -53.45 41, -57.15 39.45, -57.15 42, -53.45 43.45))"
ECHO 2,2020-03-01 07:30:00+00:00,2020-03-01 11:30:00+00:00,26000.0,44000.0,"POLYGON ((-123.15 35, -120.45 30.45, -139.45 24, -140 30, -123.15 35))"
PAPA 2,2020-03-01 08:08:00+00:00,2020-03-01 12:10:00+00:00,0.0,40000.0,"POLYGON ((-154.1 24.2, -148.1 24.1, -155.4 19.5, -157.2 21.1, -154.1 24.2))"
ECHO 3,2020-03-01 11:10:00+00:00,2020-03-01 15:10:00+00:00,22000.0,44000.0,"POLYGON ((-132.15 35.45, -126.3 31, -145.15 23.45, -145.3 29.45, -132.15 35.45))"
PAPA 3,2020-03-01 11:48:00+00:00,2020-03-01 15:50:00+00:00,0.0,42000.0,"POLYGON ((-148 24.3, -154.2 18.4, -157.4 21.2, -156.2 24.2, -148 24.3))"
QUEBEC 1,2020-03-01 12:26:00+00:00,2020-03-01 16:25:00+00:00,0.0,56000.0,"POLYGON ((-173.3 -2.1, -165.4 -2.1, -175 -5, -173.3 -2.1))"
JULIETT 1,2020-03-01 12:30:00+00:00,2020-03-01 16:30:00+00:00,28000.0,39000.0,"POLYGON ((-88.45 29.45, -82.45 27.3, -82 24.3, -86.15 24, -94.15 28, -88.45 29.45))"
PAPA 4,2020-03-01 14:51:00+00:00,2020-03-01 18:50:00+00:00,0.0,42000.0,"POLYGON ((-155.2 24.2, -145.5 23.2, -155.1 18.1, -158.2 22.2, -155.2 24.2))"
QUEBEC 2,2020-03-01 14:55:00+00:00,2020-03-01 18:55:00+00:00,0.0,58000.0,"POLYGON ((-165.3 -1.3, -160 -2.5, -178.5 -5, -173.4 -1.3, -165.3 -1.3))"
ECHO 4,2020-03-01 15:10:00+00:00,2020-03-01 19:10:00+00:00,22000.0,44000.0,"POLYGON ((-127.3 37.3, -124.3 32.3, -145.45 23.15, -148.45 23.45, -148.3 28.15, -127.3 37.3))"
ROMEO 1,2020-03-01 15:28:00+00:00,2020-03-01 19:30:00+00:00,18000.0,35000.0,"POLYGON ((-140 25.5, -149 13, -149 19, -145.4 23.3, -140 25.5))"
KILO 1,2020-03-01 17:00:00+00:00,2020-03-01 21:00:00+00:00,28000.0,42000.0,"POLYGON ((-88.45 29.45, -83.15 27, -83.15 24, -86.3 24, -94.15 28, -88.45 29.45))"
PAPA 5,2020-03-01 18:18:00+00:00,2020-03-01 22:15:00+00:00,0.0,35000.0,"POLYGON ((-153.5 24, -146.1 22.5, -157.4 21.1, -153.5 24))"
QUEBEC 3,2020-03-01 18:23:00+00:00,2020-03-01 22:25:00+00:00,0.0,55000.0,"POLYGON ((-165.2 -2, -163.2 -5, -175 -2.1, -165.2 -2))"
ROMEO 2,2020-03-01 18:57:00+00:00,2020-03-01 22:55:00+00:00,18000.0,30000.0,"POLYGON ((-140 25.4, -140 16.3, -149 15.4, -149 18.5, -145.5 23.1, -140 25.4))"
ECHO 5,2020-03-01 19:10:00+00:00,2020-03-01 23:10:00+00:00,22000.0,44000.0,"POLYGON ((-128.15 37.3, -124.3 32.3, -145.45 23.15, -148.45 23.45, -148.3 28.15, -128.15 37.3))"
KILO 2,2020-03-01 21:00:00+00:00,2020-03-02 01:00:00+00:00,28000.0,42000.0,"POLYGON ((-87.15 30, -83.15 28.3, -83.15 24, -84.3 24, -94.15 28, -87.15 30))"
QUEBEC 4,2020-03-01 21:45:00+00:00,2020-03-02 01:45:00+00:00,0.0,55000.0,"POLYGON ((-164.3 -2, -162.3 -5, -171.5 -2.1, -164.3 -2))"
PAPA 6,2020-03-01 21:50:00+00:00,2020-03-02 01:50:00+00:00,0.0,35000.0,"POLYGON ((-151.3 24.1, -146 23.1, -154.3 20, -151.3 24.1))"
1C,2020-03-01 21:55:00+00:00,2020-03-01 23:55:00+00:00,0.0,32000.0,"POLYGON ((-91.20241618360285 35.90528083521382, -90.81350136538656 35.84279022502333, -91.20156877555114 35.008045160756005, -91.90913647949604 35.21396555510366, -91.20241618360285 35.90528083521382))"
ROMEO 3,2020-03-01 22:03:00+00:00,2020-03-02 02:00:00+00:00,18000.0,30000.0,"POLYGON ((-145.5 23, -140.1 22.3, -140.1 17, -150.1 17.4, -145.5 23))"
ECHO 6,2020-03-01 22:20:00+00:00,2020-03-02 02:20:00+00:00,22000.0,44000.0,"POLYGON ((-125.45 38, -120.45 30.45, -140.15 22.3, -146 23, -149.3 23.3, -144.15 30.45, -125.45 38))"
2C,2020-03-01 22:55:00+00:00,2020-03-02 00:55:00+00:00,0.0,37000.0,"POLYGON ((-90.95 36.77547582294557, -89.32 36.02, -91.16847914232966 34.67582201304742, -91.90512709527358 36.42454854238829, -90.95 36.77547582294557))"
3C,2020-03-01 23:55:00+00:00,2020-03-02 01:55:00+00:00,0.0,37000.0,"POLYGON ((-88.40355483946252 37.417106741880495, -89.32939076741496 34.79696286050115, -91.55457083736545 35.189541308570945, -91.29535557789849 36.777336718622415, -88.40355483946252 37.417106741880495))"
1C,2020-03-02 00:55:00+00:00,2020-03-02 02:55:00+00:00,0.0,37000.0,"POLYGON ((-91.120953665011 38.85824844143621, -87.4607500127281 38.164902884468745, -89.04523239556619 34.6980786917871, -91.45959251106294 35.2660886208464, -91.120953665011 38.85824844143621))"
PAPA 7,2020-03-02 01:09:00+00:00,2020-03-02 05:10:00+00:00,0.0,36000.0,"POLYGON ((-149.3 23.3, -146.1 23, -153.3 20, -149.3 23.3))"
QUEBEC 5,2020-03-02 01:13:00+00:00,2020-03-02 05:15:00+00:00,0.0,53000.0,"POLYGON ((-165.3 -2, -162.3 -5, -171.2 -2.1, -165.3 -2))"
ROMEO 4,2020-03-02 01:20:00+00:00,2020-03-02 05:20:00+00:00,18000.0,30000.0,"POLYGON ((-146.1 23, -140 22.3, -140.1 17.3, -150 17.5, -146.1 23))"
3C,2020-03-02 01:55:00+00:00,2020-03-02 03:55:00+00:00,0.0,37000.0,"POLYGON ((-90.48 38.86, -87.1738775961789 38.11954806996818, -87.3146978435559 37.576237342404134, -90.67375731303872 37.31624516759141, -91.08033898078651 38.3878960443224, -90.48 38.86))"
2C,2020-03-02 01:55:00+00:00,2020-03-02 03:55:00+00:00,0.0,36000.0,"POLYGON ((-89.95241135079664 37.13540918600743, -88.97504901365679 36.68733835163535, -88.14165911498998 34.92956635204474, -91.28018944494568 35.99889696498276, -89.95241135079664 37.13540918600743))"
ECHO 7,2020-03-02 02:10:00+00:00,2020-03-02 06:10:00+00:00,20000.0,34000.0,"POLYGON ((-125.45 38, -120.45 30.45, -140 23.45, -146 25.15, -146.3 27.15, -144.15 30.45, -125.45 38))"
4C,2020-03-02 02:55:00+00:00,2020-03-02 04:55:00+00:00,0.0,37000.0,"POLYGON ((-88.86000000000001 38.90815522131804, -87.95997185477532 35.631330221950975, -90.79257669598358 35.01729199628249, -90.95 36.11, -90.48 38.86, -88.86000000000001 38.90815522131804))"
ROMEO 5,2020-03-02 03:24:00+00:00,2020-03-02 07:25:00+00:00,18000.0,30000.0,"POLYGON ((-146.1 23, -140.1 22.3, -140 17.3, -148.1 17.5, -146.1 23))"
PAPA 8,2020-03-02 03:27:00+00:00,2020-03-02 07:30:00+00:00,0.0,35000.0,"POLYGON ((-149.5 23.1, -146.2 22.4, -151 17.5, -149.5 23.1))"
5C,2020-03-02 03:55:00+00:00,2020-03-02 05:55:00+00:00,0.0,37000.0,"POLYGON ((-87.00084891742524 39.95084966340835, -87.49 35.042737911472784, -91.10084266057102 34.632840088027585, -90.48 38.86, -88.86 39.74, -87.00084891742524 39.95084966340835))"
6C,2020-03-02 03:55:00+00:00,2020-03-02 05:55:00+00:00,0.0,37000.0,"POLYGON ((-93.8352395351661 37.52490128626635, -93.33 37.07085812115821, -94.3268743065902 36.650520654115276, -95.70389174791046 37.32490904133451, -93.8352395351661 37.52490128626635))"
ECHO 8,2020-03-02 04:45:00+00:00,2020-03-02 08:45:00+00:00,20000.0,34000.0,"POLYGON ((-125.45 38, -120.45 30.45, -137 24.3, -147 25.45, -144.45 30.15, -133.15 35.45, -125.45 38))"
8C,2020-03-02 04:55:00+00:00,2020-03-02 06:55:00+00:00,0.0,37000.0,"POLYGON ((-89.6392531877898 37.197960318199954, -88.76129844305562 37.09464530839647, -88.24021573865537 34.962369672831116, -90.72839956421892 34.76303402602263, -89.69946131675825 35.892068692773385, -89.6392531877898 37.197960318199954))"
9C,2020-03-02 04:55:00+00:00,2020-03-02 06:55:00+00:00,0.0,37000.0,"POLYGON ((-93.33 38.025475822945566, -92.74838872567811 37.5495776643868, -92.74166054174377 36.88797672824774, -94.35825256352085 36.710878941177, -95.36042917512835 37.46730181069597, -93.33 38.025475822945566))"
7C,2020-03-02 04:55:00+00:00,2020-03-02 06:55:00+00:00,0.0,37000.0,"POLYGON ((-86.19408633304766 40.55669237705705, -87.76 37.93, -90.23 37.67, -90.48 38.86, -89.94173571889883 39.73497985282954, -86.19408633304766 40.55669237705705))"
10C,2020-03-02 05:55:00+00:00,2020-03-02 07:55:00+00:00,0.0,35000.0,"POLYGON ((-88.08846704653378 40.32566082432472, -88.20959791255359 38.28206844692847, -91.07058135057012 38.66751107370577, -89.46132499276402 39.929450924000875, -88.08846704653378 40.32566082432472))"
11C,2020-03-02 05:55:00+00:00,2020-03-02 07:55:00+00:00,,,"POLYGON ((-87.64646880560007 35.11931994444687, -89.9799708570525 35.11999999575345, -90.07668093359942 35.04554989390089, -90.5002488587494 33.4427666257933, -89.9800291429475 34.92000000424656, -87.64652709149506 34.91931995293999, -90.30688699155057 33.39166683799153, -89.88331906640059 34.99445010609912, -87.64646880560007 35.11931994444687))"
1E,2020-03-02 05:55:00+00:00,2020-03-02 07:55:00+00:00,0.0,31000.0,"POLYGON ((-86.32 41.336287181737326, -85.19 40.98, -86.54388393927388 40.39283038839714, -87.77555452580813 40.77915740048223, -86.32 41.336287181737326))"
12C,2020-03-02 05:55:00+00:00,2020-03-02 07:55:00+00:00,0.0,38000.0,"POLYGON ((-92.00818960135007 38.40910988609234, -92.15978754428897 36.96694898122989, -94.12 36.53914187884179, -94.9427585690842 37.36417651074204, -92.00818960135007 38.40910988609234))"
ROMEO 6,2020-03-02 06:16:00+00:00,2020-03-02 10:10:00+00:00,18000.0,30000.0,"POLYGON ((-147.1 25.4, -140.1 16.4, -152.2 17.1, -147.1 25.4))"
13C,2020-03-02 06:55:00+00:00,2020-03-02 08:55:00+00:00,0.0,30000.0,"POLYGON ((-87.3231550681211 41.020839384855265, -87.70964417093079 39.842019351681785, -90.48 38.527262088527216, -89.66250296060528 39.991909033510744, -87.3231550681211 41.020839384855265))"
15C,2020-03-02 06:55:00+00:00,2020-03-02 08:55:00+00:00,0.0,39000.0,"POLYGON ((-91.26673311134608 38.60268992551462, -91.42849394206678 37.031282275620306, -93.33 36.69452417705442, -94.99124373108856 37.15981692593201, -91.26673311134608 38.60268992551462))"
2E,2020-03-02 06:55:00+00:00,2020-03-02 08:55:00+00:00,0.0,31000.0,"POLYGON ((-84.89446274988823 41.51388889812458, -84.04 40.86828375768358, -87.14296793604754 40.69354320369601, -86.32 41.336287181737326, -84.89446274988823 41.51388889812458))"
14C,2020-03-02 06:55:00+00:00,2020-03-02 08:55:00+00:00,0.0,33000.0,"POLYGON ((-87.17512246233909 35.973005577674016, -87.61451105197062 34.81216378794845, -90.0355067136669 33.25530573520656, -89.85532904749006 34.917709138204806, -87.17512246233909 35.973005577674016))"
17C,2020-03-02 07:55:00+00:00,2020-03-02 09:55:00+00:00,0.0,39000.0,"POLYGON ((-90.32917274087592 38.74226231580258, -90.95 36.94184477868197, -93.88174743647917 36.710878941177, -94.78248948440915 37.15926770793179, -90.32917274087592 38.74226231580258))"
16C,2020-03-02 07:55:00+00:00,2020-03-02 09:55:00+00:00,0.0,33000.0,"POLYGON ((-88.65759188270688 36.239480232928884, -87.35495982706455 34.97705784735314, -89.16438376015743 32.6861575554219, -89.98 34.29714530289552, -88.65759188270688 36.239480232928884))"
ECHO 9,2020-03-02 08:15:00+00:00,2020-03-02 12:15:00+00:00,25000.0,37000.0,"POLYGON ((-124.45 36.15, -120.45 31, -125.45 27.45, -140 24.3, -147.15 26, -139.15 34, -124.45 36.15))"
19C,2020-03-02 08:55:00+00:00,2020-03-02 10:55:00+00:00,0.0,39000.0,"POLYGON ((-89.839046334989 38.85824844143621, -89.99018484900898 37.208641955032, -92.93353794394818 36.59081121853718, -94.1672246938372 37.35704960400644, -89.839046334989 38.85824844143621))"
20C,2020-03-02 08:55:00+00:00,2020-03-02 10:55:00+00:00,0.0,32000.0,"POLYGON ((-89.04451425747415 36.55395032724735, -87.89778469886632 35.51071962113872, -88.14165911498998 34.92956635204474, -89.98 35.02, -89.04451425747415 36.55395032724735))"
18C,2020-03-02 08:55:00+00:00,2020-03-02 10:55:00+00:00,0.0,30000.0,"POLYGON ((-89.16729099924616 34.74066369738246, -88.02861547561385 33.65504453547257, -89.27359992398888 32.21313976840256, -90.6463101163326 33.15277966157111, -89.16729099924616 34.74066369738246))"
ROMEO 7,2020-03-02 09:29:00+00:00,2020-03-02 13:30:00+00:00,18000.0,35000.0,"POLYGON ((-149.2 25.5, -147.2 25.5, -140.1 24.4, -140 16.4, -156.3 22.3, -149.2 25.5))"
23C,2020-03-02 09:55:00+00:00,2020-03-02 11:55:00+00:00,0.0,29000.0,"POLYGON ((-88.51 34.488213734418366, -87.49 34.21089313279084, -88.8 32.71273791147279, -90.08058186994576 33.45984036974683, -88.51 34.488213734418366))"
21C,2020-03-02 09:55:00+00:00,2020-03-02 11:55:00+00:00,0.0,39000.0,"POLYGON ((-89.30202840274664 38.47206848159452, -89.26325254141153 37.34771408685742, -92.39141112664508 36.10136698379441, -93.90865848378047 37.167589140200334, -89.30202840274664 38.47206848159452))"
22C,2020-03-02 09:55:00+00:00,2020-03-02 11:55:00+00:00,0.0,32000.0,"POLYGON ((-88.55568738927158 36.63094493403919, -87.34342796559739 36.3594722009928, -87.6681418686348 35.80398580554524, -89.11582706989864 35.619128255800746, -88.55568738927158 36.63094493403919))"
24C,2020-03-02 10:55:00+00:00,2020-03-02 12:55:00+00:00,0.0,39000.0,"POLYGON ((-88.36043152924202 38.399041526900064, -88.92312419028445 37.54226254088019, -91.51937722032697 35.91765186208282, -92.67601180891022 36.24132260444729, -90.81404887543253 37.85956162593002, -88.36043152924202 38.399041526900064))"
25C,2020-03-02 10:55:00+00:00,2020-03-02 12:55:00+00:00,0.0,29000.0,"POLYGON ((-88.14165911498998 34.92956635204474, -88.26426509233373 33.69421182099819, -88.8 32.81371281826269, -90.01308691877941 33.99397898805165, -88.14165911498998 34.92956635204474))"
ECHO 10,2020-03-02 11:45:00+00:00,2020-03-02 15:45:00+00:00,28000.0,39000.0,"POLYGON ((-124.15 35.3, -121 31.15, -130 26, -140.15 24.45, -147 26, -138.45 33.45, -124.15 35.3))"
26C,2020-03-02 11:55:00+00:00,2020-03-02 13:55:00+00:00,0.0,39000.0,"POLYGON ((-88.60367320552575 37.92698828417791, -88.49982072569345 37.339472839695034, -90.38062277967303 35.91765186208282, -92.08597290199695 35.722628727619885, -88.60367320552575 37.92698828417791))"
27C,2020-03-02 11:55:00+00:00,2020-03-02 13:55:00+00:00,0.0,29000.0,"POLYGON ((-89.1254674100661 34.31115342722445, -87.77062388423693 33.742472734514195, -87.88677672552993 32.695043713573476, -89.24504041496903 33.23316220099817, -89.1254674100661 34.31115342722445))"
29C,2020-03-02 12:55:00+00:00,2020-03-02 14:55:00+00:00,0.0,27000.0,"POLYGON ((-88.70424700802923 34.70397707784831, -87.91154432974541 33.48856171048178, -88.66214233561094 33.18249722053309, -89.06168712728766 33.297777165858435, -88.70424700802923 34.70397707784831))"
28C,2020-03-02 12:55:00+00:00,2020-03-02 14:55:00+00:00,0.0,33000.0,"POLYGON ((-88.30985864117643 37.928720731025315, -87.76 37.351716242316435, -89.15474537794937 36.075211580667684, -90.44647190274182 35.70003617399726, -88.30985864117643 37.928720731025315))"
ROMEO 8,2020-03-02 13:21:00+00:00,2020-03-02 17:20:00+00:00,18000.0,35000.0,"POLYGON ((-150 26, -140.1 24.4, -140.1 16.5, -152.2 17.3, -156.3 22.4, -150 26))"
ROMEO 9,2020-03-02 13:46:00+00:00,2020-03-02 17:20:00+00:00,,,"POLYGON ((-150 26, -147 25.5, -140.1 24.4, -140.1 16.5, -152.2 17.3, -150 26))"
3E,2020-03-02 13:55:00+00:00,2020-03-02 15:55:00+00:00,0.0,30000.0,"POLYGON ((-75.32964868748161 34.56621388586957, -76.32629249359711 33.046225507906435, -77.0382851343027 32.656419589869714, -76.25804524564349 34.33943617623588, -75.32964868748161 34.56621388586957))"
31C,2020-03-02 13:55:00+00:00,2020-03-02 15:55:00+00:00,0.0,29000.0,"POLYGON ((-87.33452254349498 35.01731111553729, -87.88677672552993 32.695043713573476, -88.93146213409968 33.13636413219181, -88.70424700802923 34.70397707784831, -87.33452254349498 35.01731111553729))"
30C,2020-03-02 13:55:00+00:00,2020-03-02 15:55:00+00:00,0.0,33000.0,"POLYGON ((-86.0306551988418 38.452063200793475, -88.37365338896903 35.697943967210314, -89.5547796079993 35.55865610270538, -88.00368451040482 38.39086408740832, -86.0306551988418 38.452063200793475))"
4E,2020-03-02 14:55:00+00:00,2020-03-02 16:55:00+00:00,0.0,30000.0,"POLYGON ((-76.18302069669227 34.91145307117172, -75.25408200029028 34.411943802892225, -76.18824930117962 32.92676335171022, -77.18711036928703 32.96475210855679, -76.18302069669227 34.91145307117172))"
32C,2020-03-02 14:55:00+00:00,2020-03-02 16:55:00+00:00,0.0,33000.0,"POLYGON ((-86.84199799864682 38.72075875392721, -84.86318554706232 38.712476341668044, -86.82588968638024 36.25755220471438, -88.37365338896903 35.697943967210314, -86.84199799864682 38.72075875392721))"
33C,2020-03-02 14:55:00+00:00,2020-03-02 16:55:00+00:00,0.0,25000.0,"POLYGON ((-88.05223069254924 34.89970959924097, -86.36295323836718 35.08681842954281, -87.01981198420354 32.80627745496408, -88.51 33.15726208852722, -88.05223069254924 34.89970959924097))"
5E,2020-03-02 14:55:00+00:00,2020-03-02 16:55:00+00:00,0.0,24000.0,"POLYGON ((-77.32673233744818 33.23224827742453, -77.22395730460433 33.06067528239342, -79.02355921084566 31.98268427928553, -79.12633424368951 32.15425727431664, -77.32673233744818 33.23224827742453))"
ECHO 11,2020-03-02 15:45:00+00:00,2020-03-02 19:45:00+00:00,28000.0,39000.0,"POLYGON ((-123.3 34.45, -120.45 30.3, -122.3 27, -140.15 24.45, -147 26, -137.3 33.45, -123.3 34.45))"
6E,2020-03-02 15:55:00+00:00,2020-03-02 17:55:00+00:00,0.0,30000.0,"POLYGON ((-75.55804420623159 35.02874193222278, -74.1793894752955 34.596247650832055, -76.05057862301025 32.80714986095124, -77.26191260735983 33.11885193382826, -75.55804420623159 35.02874193222278))"
35C,2020-03-02 15:55:00+00:00,2020-03-02 17:55:00+00:00,0.0,25000.0,"POLYGON ((-87.11546707905786 34.83676055110143, -85.89785643296385 34.703039140738355, -86.32 33.05184477868196, -87.77495958503097 33.23316220099817, -87.11546707905786 34.83676055110143))"
34C,2020-03-02 15:55:00+00:00,2020-03-02 17:55:00+00:00,0.0,32000.0,"POLYGON ((-86.4857187373253 38.8023833015976, -84.53681445293769 38.712476341668044, -86.29996185055542 36.01206605705635, -87.25921558958264 35.66804004464822, -86.4857187373253 38.8023833015976))"
7E,2020-03-02 15:55:00+00:00,2020-03-02 17:55:00+00:00,0.0,24000.0,"POLYGON ((-77.39627075862178 33.36339912538901, -77.28493096113313 33.19725626669448, -79.46347262354396 31.73731757646545, -79.57481242103262 31.90346043515997, -77.39627075862178 33.36339912538901))"
ROMEO 9,2020-03-02 16:52:00+00:00,2020-03-02 20:50:00+00:00,18000.0,35000.0,"POLYGON ((-155.4 27.2, -147 26, -140.1 24.4, -140 17, -156.4 22.3, -155.4 27.2))"
8E,2020-03-02 16:55:00+00:00,2020-03-02 18:55:00+00:00,0.0,30000.0,"POLYGON ((-74.88444047953132 35.19421416928657, -74.31958095363107 34.7161654317201, -76.05057862301025 32.80714986095124, -76.74267961425703 33.40369288731016, -74.88444047953132 35.19421416928657))"
37C,2020-03-02 16:55:00+00:00,2020-03-02 18:55:00+00:00,0.0,24000.0,"POLYGON ((-85.89785643296385 34.703039140738355, -85.76132089629678 33.239787958019946, -87.12828046576399 33.20867528053094, -86.74438937422312 34.45306037257408, -85.89785643296385 34.703039140738355))"
36C,2020-03-02 16:55:00+00:00,2020-03-02 18:55:00+00:00,0.0,32000.0,"POLYGON ((-83.94914711544816 38.429380624971486, -85.9211610358806 35.88293715542125, -85.66830377926415 37.182173970849256, -85.66107528776847 38.25367704689355, -83.94914711544816 38.429380624971486))"
9E,2020-03-02 16:55:00+00:00,2020-03-02 18:55:00+00:00,0.0,26000.0,"POLYGON ((-77.4007957821844 33.36018113258933, -77.2804059375705 33.20047425949416, -79.39469545367085 31.606685705632508, -79.51508529828475 31.76639257872769, -77.4007957821844 33.36018113258933))"
10E,2020-03-02 17:55:00+00:00,2020-03-02 19:55:00+00:00,0.0,34000.0,"POLYGON ((-74.47702885257405 35.67489660334179, -74.31958095363107 34.7161654317201, -75.47369288951381 33.49892397615319, -76.74267961425703 33.40369288731016, -74.47702885257405 35.67489660334179))"
39C,2020-03-02 17:55:00+00:00,2020-03-02 19:55:00+00:00,0.0,26000.0,"POLYGON ((-84.40214356703616 34.703039140738355, -84.44 33.29726208852722, -87.6019803548748 33.079809490703184, -86.59178618333314 34.28443770024815, -84.40214356703616 34.703039140738355))"
11E,2020-03-02 17:55:00+00:00,2020-03-02 19:55:00+00:00,0.0,24000.0,"POLYGON ((-77.46696443689301 33.49347097895457, -77.34515022631477 33.33484784665287, -79.63688622097266 31.57491531353398, -79.75870043155089 31.73353844583568, -77.46696443689301 33.49347097895457))"
38C,2020-03-02 17:55:00+00:00,2020-03-02 19:55:00+00:00,0.0,31000.0,"POLYGON ((-82.77148303049273 38.74765787802722, -84.11 37.03, -84.87217416713737 36.414192204980985, -84.7 38.58628718173732, -82.77148303049273 38.74765787802722))"
13E,2020-03-02 18:55:00+00:00,2020-03-02 20:55:00+00:00,0.0,30000.0,"POLYGON ((-77.87 33.51815522131804, -76.60350539699624 33.28469139114844, -76.96425744252087 32.50218772195476, -79.60266010499161 30.857001422156422, -79.51557544084564 31.812969064738827, -77.87 33.51815522131804))"
12E,2020-03-02 18:55:00+00:00,2020-03-02 20:55:00+00:00,0.0,32000.0,"POLYGON ((-74.11705479269541 36.242286206557836, -73.54185486530858 35.33957493982048, -75.47369288951381 33.49892397615319, -76.74267961425703 33.40369288731016, -74.11705479269541 36.242286206557836))"
ROMEO 10,2020-03-02 19:30:00+00:00,2020-03-02 23:30:00+00:00,18000.0,35000.0,"POLYGON ((-140 29.5, -153.1 18.5, -156.4 22.4, -154 28.4, -140 29.5))"
ECHO 12,2020-03-02 19:45:00+00:00,2020-03-02 23:45:00+00:00,28000.0,39000.0,"POLYGON ((-123.15 34, -120 30, -120 25.45, -126.45 25, -140 26.45, -139.45 33, -123.15 34))"
14E,2020-03-02 19:55:00+00:00,2020-03-02 21:55:00+00:00,0.0,31000.0,"POLYGON ((-75.02669109969132 35.313314744045755, -73.54185486530858 35.33957493982048, -75.29134565535617 33.431553251189904, -76.88223535823266 33.52253858704057, -75.02669109969132 35.313314744045755))"
1W,2020-03-02 19:55:00+00:00,2020-03-02 21:55:00+00:00,0.0,25000.0,"POLYGON ((-111.75941460086192 35.2860870395522, -110.61207680801763 35.123521771002665, -109.88303998988661 34.16308484286046, -112.48 34.200893132790824, -111.75941460086192 35.2860870395522))"
15E,2020-03-02 19:55:00+00:00,2020-03-02 21:55:00+00:00,,,"POLYGON ((-77.87 34.0709052816649, -77.18483204202573 34.11311917297482, -79.52547149313332 32.45477603289824, -80.69544736830963 29.44888680301898, -81.03113626962786 30.51001554020674, -77.87 34.0709052816649))"
16E,2020-03-02 20:55:00+00:00,2020-03-02 22:55:00+00:00,0.0,31000.0,"POLYGON ((-73.49845074724051 36.230067480330845, -73.16997242600482 35.20343812840979, -76.0565913501922 34.33663054389656, -75.02669109969132 35.313314744045755, -73.49845074724051 36.230067480330845))"
17E,2020-03-02 20:55:00+00:00,2020-03-02 22:55:00+00:00,0.0,30000.0,"POLYGON ((-75.17879359740719 34.257627423980296, -78.38501580971713 31.467382158990375, -79.58388697946158 29.291325761486394, -79.4862113480442 31.57662182340266, -77.12757501072767 34.093090724269146, -75.17879359740719 34.257627423980296))"
2W,2020-03-02 20:55:00+00:00,2020-03-02 22:55:00+00:00,0.0,25000.0,"POLYGON ((-110.19026318189728 35.058474465504986, -109.56603221106937 34.06633869977472, -114.08602743928459 34.00087124969707, -112.48 35.03273791147279, -110.19026318189728 35.058474465504986))"
18E,2020-03-02 20:55:00+00:00,2020-03-02 22:55:00+00:00,0.0,31000.0,"POLYGON ((-84.58398539613214 33.46213318042659, -84.56097810243944 33.263460926609056, -87.889198099187 32.87803551632785, -87.9122053928797 33.07670777014538, -84.58398539613214 33.46213318042659))"
20E,2020-03-02 21:55:00+00:00,2020-03-02 23:55:00+00:00,0.0,34000.0,"POLYGON ((-73.29229546766555 36.225287081814514, -73.90021744915809 34.35593367745108, -78.38501580971713 31.467382158990375, -77.48790643048831 33.58088063478707, -73.29229546766555 36.225287081814514))"
19E,2020-03-02 21:55:00+00:00,2020-03-02 23:55:00+00:00,0.0,27000.0,"POLYGON ((-86.5001941232837 33.66935638194009, -85.43907463586413 33.510905527783166, -86.8733591844088 31.74823125693894, -88.1079920741774 31.789904925869426, -86.5001941232837 33.66935638194009))"
3W,2020-03-02 21:55:00+00:00,2020-03-02 23:55:00+00:00,0.0,27000.0,"POLYGON ((-113.54 35.18628718173731, -112.34584531974478 34.432794157208384, -112.44584794289418 32.090733234499716, -113.80823654766813 32.49088415193763, -113.05934679506292 33.42566566751769, -113.54 35.18628718173731))"
ROMEO 11,2020-03-02 22:49:00+00:00,2020-03-03 02:50:00+00:00,18000.0,38000.0,"POLYGON ((-140 29.5, -153.5 19.5, -156.5 22.4, -154 29, -140 29.5))"
22E,2020-03-02 22:55:00+00:00,2020-03-03 00:55:00+00:00,0.0,34000.0,"POLYGON ((-73.08616631909956 36.2201531071537, -74.03960245309027 34.47617000801013, -78.24940281019201 31.347874173341076, -79.06831981707582 32.062751988236165, -76.55987715820574 34.78869940334471, -73.08616631909956 36.2201531071537))"
40C,2020-03-02 22:55:00+00:00,2020-03-03 00:55:00+00:00,0.0,39000.0,"POLYGON ((-88.5367702137833 37.67277648245105, -88.31692852072202 36.852745154288755, -89.71747935514759 36.78787103439686, -89.6392531877898 37.197960318199954, -88.5367702137833 37.67277648245105))"
21E,2020-03-02 22:55:00+00:00,2020-03-03 00:55:00+00:00,0.0,30000.0,"POLYGON ((-86.10013699197528 33.39079734519225, -86.63537217853386 32.10895861398745, -87.1069888419436 31.94093634802107, -88.28643951627517 32.37895906060462, -86.10013699197528 33.39079734519225))"
4W,2020-03-02 22:55:00+00:00,2020-03-03 00:55:00+00:00,0.0,27000.0,"POLYGON ((-114.14436731947795 34.88021650069711, -111.4509251867814 34.836960280432116, -110.8 34.19257436347464, -111.84676992756388 33.429879596717086, -114.72143648105686 32.66771432512915, -114.14436731947795 34.88021650069711))"
ECHO 13,2020-03-02 23:15:00+00:00,2020-03-03 03:15:00+00:00,28000.0,39000.0,"POLYGON ((-134.15 31.45, -124.45 31.15, -121.15 31.3, -120.15 30, -120 25.45, -133.45 28.3, -134.15 31.45))"
23E,2020-03-02 23:55:00+00:00,2020-03-03 01:55:00+00:00,0.0,31000.0,"POLYGON ((-72.06235298049651 38.17645272959873, -72.98449992005833 35.13494418784608, -78.97913111692964 30.047082757571303, -79.06831981707582 32.062751988236165, -72.06235298049651 38.17645272959873))"
41C,2020-03-02 23:55:00+00:00,2020-03-03 01:55:00+00:00,0.0,42000.0,"POLYGON ((-88.14906139545336 37.80202575280773, -87.76 36.93178626558165, -89.32 36.851844778681965, -89.26325254141153 37.34771408685742, -88.14906139545336 37.80202575280773))"
24E,2020-03-02 23:55:00+00:00,2020-03-03 01:55:00+00:00,0.0,29000.0,"POLYGON ((-86.03145997581602 33.66696250843496, -85.40892260980084 33.45054070064333, -85.68695020041947 32.43972275364451, -86.32 32.94285469710447, -86.03145997581602 33.66696250843496))"
42C,2020-03-02 23:55:00+00:00,2020-03-03 01:55:00+00:00,0.0,40000.0,"POLYGON ((-90.69195713031971 38.459109544199876, -89.88362809114045 37.00166093449606, -93.04442703864522 36.245185727919136, -92.60246560681132 37.35777207267345, -90.69195713031971 38.459109544199876))"
5W,2020-03-02 23:55:00+00:00,2020-03-03 01:55:00+00:00,0.0,27000.0,"POLYGON ((-114.40254024175749 34.90354753721466, -113.12810393733024 34.47698341148857, -112.87045965291628 32.71150298331989, -114.91729807533602 32.65895023154708, -114.40254024175749 34.90354753721466))"
1E,2020-03-03 00:55:00+00:00,2020-03-03 02:55:00+00:00,0.0,31000.0,"POLYGON ((-70.03 38.45172775248133, -73.16997242600482 35.20343812840979, -79.00439548084312 30.31611391255295, -79.06831981707582 32.062751988236165, -72.06235298049651 38.17645272959873, -70.03 38.45172775248133))"
1C,2020-03-03 00:55:00+00:00,2020-03-03 02:55:00+00:00,0.0,40000.0,"POLYGON ((-90.23628930976234 38.398631362713516, -87.51935322836772 37.46863966968255, -87.48058394198044 36.925461404494385, -92.88227153159998 36.24362461849089, -90.23628930976234 38.398631362713516))"
3E,2020-03-03 01:55:00+00:00,2020-03-03 03:55:00+00:00,0.0,25000.0,"POLYGON ((-84.92854720513745 33.28496541010841, -84.07101110355468 33.042219304193864, -84.29 32.15910686720918, -85.90120931136182 32.57223192555957, -84.92854720513745 33.28496541010841))"
2E,2020-03-03 01:55:00+00:00,2020-03-03 03:55:00+00:00,0.0,31000.0,"POLYGON ((-71.01956956556548 38.453275082292286, -70.03 38.28535879674494, -76.67065906260929 31.884832305941785, -79.06831981707582 32.062751988236165, -71.01956956556548 38.453275082292286))"
2C,2020-03-03 01:55:00+00:00,2020-03-03 03:55:00+00:00,0.0,42000.0,"POLYGON ((-89.106942266411 38.40627089050887, -87.03232871443458 37.399095692685854, -87.27247904802852 36.927095249381146, -92.67601180891022 36.24132260444729, -90.23628930976234 38.398631362713516, -89.106942266411 38.40627089050887))"
ROMEO 12,2020-03-03 02:22:00+00:00,2020-03-03 06:25:00+00:00,0.0,18000.0,"POLYGON ((-154.3 28.2, -140 20.1, -153.5 20.2, -156.5 22.5, -154.3 28.2))"
ROMEO 13,2020-03-03 02:24:00+00:00,2020-03-03 06:25:00+00:00,18000.0,38000.0,"POLYGON ((-154.3 28.2, -140.1 28, -140 20.1, -153.5 20.2, -156.5 22.5, -154.3 28.2))"
4E,2020-03-03 02:55:00+00:00,2020-03-03 04:55:00+00:00,0.0,31000.0,"POLYGON ((-68.72302320957851 38.813181894151555, -79.19707867189604 30.319646632882822, -78.40326322893375 32.30632635237686, -71.09818341852446 38.60786054786287, -68.72302320957851 38.813181894151555))"
3C,2020-03-03 02:55:00+00:00,2020-03-03 04:55:00+00:00,0.0,42000.0,"POLYGON ((-86.28 39.22089313279082, -86.02375254559962 36.9292737958457, -92.09707481737732 36.48654279794418, -91.40108650897163 38.04622367236579, -89.68761195381805 39.11199425868316, -86.28 39.22089313279082))"
6E,2020-03-03 02:55:00+00:00,2020-03-03 04:55:00+00:00,0.0,30000.0,"POLYGON ((-86.84181836991704 34.48698277166315, -85.93335246448397 33.998190643556406, -86.2894542159544 33.157361444635654, -87.81660965739331 33.48806919222871, -86.84181836991704 34.48698277166315))"
5E,2020-03-03 02:55:00+00:00,2020-03-03 04:55:00+00:00,0.0,25000.0,"POLYGON ((-84.27968855799682 33.57457166049266, -83.5283938640811 32.79216844541089, -85.40712046785421 32.649146453484825, -84.76041675351584 33.518936915098514, -84.27968855799682 33.57457166049266))"
ECHO 14,2020-03-03 03:00:00+00:00,2020-03-03 07:00:00+00:00,28000.0,39000.0,"POLYGON ((-121.15 31.15, -120 30, -120.15 26, -130.15 27.3, -131.15 30.45, -121.15 31.15))"
ROMEO 14,2020-03-03 03:25:00+00:00,2020-03-03 06:25:00+00:00,18000.0,38000.0,"POLYGON ((-154.3 28.2, -140.1 28, -140 20.1, -153.5 20.2, -156.5 22.5, -154.3 28.2))"
7E,2020-03-03 03:55:00+00:00,2020-03-03 05:55:00+00:00,0.0,31000.0,"POLYGON ((-67.74348959766408 39.492433316895045, -68.41051098242116 38.19427215874538, -79.5148168257957 29.863520091530443, -78.76513938306344 32.43785960394257, -73.01650113428165 37.67459603391035, -67.74348959766408 39.492433316895045))"
8E,2020-03-03 03:55:00+00:00,2020-03-03 05:55:00+00:00,0.0,31000.0,"POLYGON ((-86.43598818227002 34.59136476277702, -84.74806726619461 34.24443827871876, -85.57728227354052 33.17679532557141, -87.26882731711046 33.54211877226146, -86.43598818227002 34.59136476277702))"
4C,2020-03-03 03:55:00+00:00,2020-03-03 05:55:00+00:00,0.0,45000.0,"POLYGON ((-88.64364277022162 39.739799183705834, -85.49419421757041 39.27197892304491, -84.73518726978337 37.028360110876726, -89.32 35.68726208852722, -92.70207428009383 37.35834037981982, -88.64364277022162 39.739799183705834))"
5C,2020-03-03 03:55:00+00:00,2020-03-03 05:55:00+00:00,0.0,33000.0,"POLYGON ((-94.02275369674115 33.671666061671665, -93.47729915128662 33.671666061671665, -93.47729915128662 33.12621151621712, -94.02275369674115 33.12621151621712, -94.02275369674115 33.671666061671665))"
9E,2020-03-03 04:55:00+00:00,2020-03-03 06:55:00+00:00,0.0,30000.0,"POLYGON ((-67.4915180891715 42.37220568130636, -67.00761984485005 38.886886920236115, -78.97913111692964 30.047082757571303, -78.58406964409272 32.372222172806104, -67.4915180891715 42.37220568130636))"
10E,2020-03-03 04:55:00+00:00,2020-03-03 06:55:00+00:00,0.0,30000.0,"POLYGON ((-85.71132999506742 34.76770783890459, -83.60748523333947 34.084793500183224, -83.26844907484815 33.45794791023677, -84.92854720513745 33.28496541010841, -86.75883953617101 33.5522791228222, -85.71132999506742 34.76770783890459))"
6C,2020-03-03 04:55:00+00:00,2020-03-03 06:55:00+00:00,0.0,40000.0,"POLYGON ((-90.17884243286754 38.624331466094254, -83.62557581926235 37.95124979729648, -83.81618909762892 36.79435612436977, -88.75126917173131 35.82765630093168, -91.96832989460043 37.79788196347522, -90.17884243286754 38.624331466094254))"
7C,2020-03-03 04:55:00+00:00,2020-03-03 06:55:00+00:00,0.0,31000.0,"POLYGON ((-92.67480916044529 34.270090433322096, -92.37194582516172 33.56613958080594, -93.25867281654374 33.258923360253455, -93.5885035466264 33.675043829419415, -92.67480916044529 34.270090433322096))"
8C,2020-03-03 04:55:00+00:00,2020-03-03 06:55:00+00:00,0.0,33000.0,"POLYGON ((-83.90618347558113 40.187695766164964, -83.83706250600657 39.29345194097565, -86.91013761408279 38.20357368423071, -88.95158421116112 38.311280850181056, -88.3376506424963 39.90480564786933, -83.90618347558113 40.187695766164964))"
12E,2020-03-03 05:55:00+00:00,2020-03-03 07:55:00+00:00,0.0,35000.0,"POLYGON ((-74.85328456059213 35.8069919907005, -73.16997242600482 35.20343812840979, -74.03960245309027 34.47617000801013, -76.18 35.095417309845246, -74.85328456059213 35.8069919907005))"
13E,2020-03-03 05:55:00+00:00,2020-03-03 07:55:00+00:00,0.0,37000.0,"POLYGON ((-77.16250051869676 33.759758054480585, -76.18824930117962 32.92676335171022, -78.114134192269 31.228223940412413, -78.40326322893375 32.30632635237686, -77.16250051869676 33.759758054480585))"
11E,2020-03-03 05:55:00+00:00,2020-03-03 07:55:00+00:00,0.0,30000.0,"POLYGON ((-67.33761474463097 42.076523792197506, -67.15378242906115 39.00836505537713, -72.00776677003088 36.83103045050032, -72.06235298049651 38.17645272959873, -67.33761474463097 42.076523792197506))"
14E,2020-03-03 05:55:00+00:00,2020-03-03 07:55:00+00:00,0.0,29000.0,"POLYGON ((-84.33801861124773 34.957298025751605, -83.53103639459063 34.23866700707154, -84.80865678578284 33.50211960063937, -85.90051148385722 33.66597752548649, -84.33801861124773 34.957298025751605))"
9C,2020-03-03 05:55:00+00:00,2020-03-03 07:55:00+00:00,0.0,39000.0,"POLYGON ((-86.36400253824851 38.352066166173906, -84.11 37.69547582294557, -83.69320515391075 37.02927115345801, -87.7100097957465 36.13559036143849, -89.32 36.851844778681965, -86.36400253824851 38.352066166173906))"
11C,2020-03-03 05:55:00+00:00,2020-03-03 07:55:00+00:00,0.0,33000.0,"POLYGON ((-86.46478503333063 40.36741854097208, -83.43719309485924 40.09743354371793, -86.36400253824851 38.352066166173906, -88.4505617895641 38.970752393120584, -88.26199880883401 39.547463740248915, -86.46478503333063 40.36741854097208))"
10C,2020-03-03 05:55:00+00:00,2020-03-03 07:55:00+00:00,0.0,28000.0,"POLYGON ((-92.05584117681805 34.577709939779126, -91.56224430660632 34.16730342774377, -92.37194582516172 33.56613958080594, -92.79775569339368 34.16730342774377, -92.05584117681805 34.577709939779126))"
13C,2020-03-03 05:55:00+00:00,2020-03-03 07:55:00+00:00,0.0,31000.0,"POLYGON ((-89.5517258204303 38.85632607147959, -88.09816268620547 37.818866018540156, -89.38944238184139 37.390388077322115, -90.74946183229162 38.07777209081845, -89.5517258204303 38.85632607147959))"
12C,2020-03-03 05:55:00+00:00,2020-03-03 07:55:00+00:00,0.0,32000.0,"POLYGON ((-91.4449344376446 35.94300669737892, -90.4550655623554 35.94300669737892, -91.28953201113877 35.44168887394091, -92.18 35.258283757683564, -91.4449344376446 35.94300669737892))"
ECHO 15,2020-03-03 06:45:00+00:00,2020-03-03 10:45:00+00:00,27000.0,37000.0,"POLYGON ((-121.15 31.45, -120.15 30, -120 25, -124.15 26.15, -124.15 29.3, -121.15 31.45))"
15E,2020-03-03 06:55:00+00:00,2020-03-03 08:55:00+00:00,0.0,30000.0,"POLYGON ((-65.87000000000002 42.33535879674493, -66.86195664987524 38.765227204219485, -72.29367851262718 37.07291905053202, -71.41606548493714 39.22566893325331, -65.87000000000002 42.33535879674493))"
17E,2020-03-03 06:55:00+00:00,2020-03-03 08:55:00+00:00,0.0,37000.0,"POLYGON ((-75.71174695463243 35.336854287419605, -75.1037809404057 34.10326518512719, -75.91327822438343 32.68738613299373, -78.04244026577516 32.173763670293084, -75.71174695463243 35.336854287419605))"
16E,2020-03-03 06:55:00+00:00,2020-03-03 08:55:00+00:00,0.0,35000.0,"POLYGON ((-72.8710060922834 37.554613875583364, -72.79933985502997 35.06616814957474, -75.63474990650363 35.18282238171873, -75.35471714455537 36.25716535586847, -72.8710060922834 37.554613875583364))"
19E,2020-03-03 06:55:00+00:00,2020-03-03 08:55:00+00:00,0.0,38000.0,"POLYGON ((-85.58 38.76547582294557, -83.06714213255336 37.84894240510372, -83.12856314608328 36.152266145683434, -86.82545283998556 36.022271400956896, -89.32 37.01821373441836, -85.58 38.76547582294557))"
20E,2020-03-03 06:55:00+00:00,2020-03-03 08:55:00+00:00,0.0,32000.0,"POLYGON ((-85.80890044901804 40.507776101364, -82.59 40.15, -85.90637555986719 38.71436989484397, -86.4462875801724 40.02729141237866, -85.80890044901804 40.507776101364))"
15C,2020-03-03 06:55:00+00:00,2020-03-03 08:55:00+00:00,0.0,34000.0,"POLYGON ((-90.08260542035002 36.27225553280849, -88.37365338896903 35.697943967210314, -90.74284504029951 34.381371631964186, -93.35970038580021 34.09617979979481, -90.08260542035002 36.27225553280849))"
14C,2020-03-03 06:55:00+00:00,2020-03-03 08:55:00+00:00,0.0,31000.0,"POLYGON ((-88.36974424189165 38.816732686255826, -88.05924998727193 38.164902884468745, -89.45060346902402 37.92210618444479, -89.8796610192135 38.3878960443224, -88.36974424189165 38.816732686255826))"
18E,2020-03-03 06:55:00+00:00,2020-03-03 08:55:00+00:00,0.0,29000.0,"POLYGON ((-84.06847326783159 35.89986796929898, -83.03254597400945 34.165442754876416, -84.09273853132139 33.629514723744855, -85.21 33.48371281826269, -84.06847326783159 35.89986796929898))"
21E,2020-03-03 07:55:00+00:00,2020-03-03 09:55:00+00:00,0.0,30000.0,"POLYGON ((-67.44761832863367 39.250770910865164, -68.2562438062542 37.88450991432861, -73.28867965570832 36.854480577629516, -72.25555602617851 38.24451853059374, -67.44761832863367 39.250770910865164))"
22E,2020-03-03 07:55:00+00:00,2020-03-03 09:55:00+00:00,0.0,31000.0,"POLYGON ((-73.29229546766555 36.225287081814514, -72.42995685017227 34.927774552075284, -76.81696033297256 32.19359480289175, -78.7939420029141 31.825042268081663, -75.04188050468775 35.87259919125233, -73.29229546766555 36.225287081814514))"
25E,2020-03-03 07:55:00+00:00,2020-03-03 09:55:00+00:00,0.0,38000.0,"POLYGON ((-83.65225093394854 38.19180329451304, -82.59334534801955 37.770826915389044, -82.86312173312837 35.895629023354104, -86.11040667653471 35.94765038022213, -87.56198003320146 36.84262171980879, -83.65225093394854 38.19180329451304))"
18C,2020-03-03 07:55:00+00:00,2020-03-03 09:55:00+00:00,0.0,29000.0,"POLYGON ((-90.70131818513372 33.10636494355029, -89.87254180680469 32.89091044801956, -90.81348562022814 31.769376365022016, -91.48483455962217 32.048217220072466, -90.70131818513372 33.10636494355029))"
16C,2020-03-03 07:55:00+00:00,2020-03-03 09:55:00+00:00,0.0,33000.0,"POLYGON ((-87.8556513375574 39.017861156669376, -86.84199799864682 38.72075875392721, -88.34612240382111 38.11954806996818, -89.05891349102839 38.04622367236579, -87.8556513375574 39.017861156669376))"
23E,2020-03-03 07:55:00+00:00,2020-03-03 09:55:00+00:00,0.0,31000.0,"POLYGON ((-82.23994576528116 40.26012323311447, -84.30696681523798 38.71265793250757, -85.62036041093604 39.20699102553118, -85.19 40.25714530289552, -82.23994576528116 40.26012323311447))"
24E,2020-03-03 07:55:00+00:00,2020-03-03 09:55:00+00:00,0.0,29000.0,"POLYGON ((-83.66233710528402 34.00031177806806, -83.60837010206052 33.807730463909415, -84.58664772181011 33.53358802340749, -84.64061472503361 33.726169337566134, -83.66233710528402 34.00031177806806))"
17C,2020-03-03 07:55:00+00:00,2020-03-03 09:55:00+00:00,0.0,37000.0,"POLYGON ((-89.32 36.74285469710448, -87.76 36.91800342405374, -87.50403594287373 35.86054946507462, -93.23131793163438 33.66794334765291, -89.32 36.74285469710448))"
30E,2020-03-03 08:55:00+00:00,2020-03-03 10:55:00+00:00,0.0,38000.0,"POLYGON ((-83.09657736284787 38.74515380872213, -81.89520589568137 37.522790239284994, -84.71151350030557 35.89720252945267, -86.6775059476934 36.46864837443831, -83.09657736284787 38.74515380872213))"
27E,2020-03-03 08:55:00+00:00,2020-03-03 10:55:00+00:00,0.0,33000.0,"POLYGON ((-71.85004385477711 36.18193102005755, -76.05057862301025 32.80714986095124, -78.5209752779558 31.586746864214856, -74.66500063800791 35.74109072870559, -71.85004385477711 36.18193102005755))"
26E,2020-03-03 08:55:00+00:00,2020-03-03 10:55:00+00:00,0.0,30000.0,"POLYGON ((-67.30044754029973 39.129660194324835, -68.2562438062542 37.88450991432861, -71.1017607889584 37.83141170401015, -71.17713667859279 38.76239319143765, -67.30044754029973 39.129660194324835))"
28E,2020-03-03 08:55:00+00:00,2020-03-03 10:55:00+00:00,0.0,28000.0,"POLYGON ((-84.2921243093654 40.75084200960281, -81.93703734750947 40.14816621941935, -84.0575985059627 39.018238407466264, -85.03067399219445 39.63435477280394, -84.2921243093654 40.75084200960281))"
19C,2020-03-03 08:55:00+00:00,2020-03-03 10:55:00+00:00,0.0,37000.0,"POLYGON ((-87.03232871443458 37.399095692685854, -86.52294103549951 35.83248757939485, -91.06371269692416 34.292904878023464, -90.95 35.44452417705444, -87.03232871443458 37.399095692685854))"
29E,2020-03-03 08:55:00+00:00,2020-03-03 10:55:00+00:00,0.0,30000.0,"POLYGON ((-82.22787271821352 37.038800361435115, -82.03212728178647 36.99776715393204, -82.23738366794677 36.01860897124857, -82.43312910437382 36.059642178751645, -82.22787271821352 37.038800361435115))"
20C,2020-03-03 08:55:00+00:00,2020-03-03 10:55:00+00:00,0.0,31000.0,"POLYGON ((-89.7987831616587 33.62504559393723, -89.14237511667983 32.37953735756091, -90.58227955288216 32.02017219119556, -90.28 33.3154290605791, -89.7987831616587 33.62504559393723))"
32E,2020-03-03 09:55:00+00:00,2020-03-03 11:55:00+00:00,0.0,33000.0,"POLYGON ((-72.80000149301394 37.427300031811086, -72.05597736257818 36.18918381170326, -75.77634587804195 32.567473258060815, -78.24940281019201 31.347874173341076, -72.80000149301394 37.427300031811086))"
33E,2020-03-03 09:55:00+00:00,2020-03-03 11:55:00+00:00,0.0,26000.0,"POLYGON ((-83.57489194801664 40.6419933037123, -82.59 39.65089313279082, -83.50396133942155 39.44054401708241, -84.28870721367196 39.82861816259039, -83.57489194801664 40.6419933037123))"
35E,2020-03-03 09:55:00+00:00,2020-03-03 11:55:00+00:00,0.0,38000.0,"POLYGON ((-82.27334087515185 38.2886323563011, -82.13 37.27184477868197, -82.7114084512464 35.96802465736739, -85.23803814396068 36.131357487269696, -82.27334087515185 38.2886323563011))"
31E,2020-03-03 09:55:00+00:00,2020-03-03 11:55:00+00:00,0.0,30000.0,"POLYGON ((-67.30044754029973 39.129660194324835, -68.2562438062542 37.88450991432861, -70.03 37.786251929535766, -70.03 38.950834619690504, -67.30044754029973 39.129660194324835))"
22C,2020-03-03 09:55:00+00:00,2020-03-03 11:55:00+00:00,0.0,30000.0,"POLYGON ((-88.8175566141436 34.10444029904697, -87.809449757258 32.89982297273524, -89.21627609184246 32.0263937913383, -90.46472333725589 32.556807974973516, -88.8175566141436 34.10444029904697))"
34E,2020-03-03 09:55:00+00:00,2020-03-03 11:55:00+00:00,0.0,28000.0,"POLYGON ((-81.41860411013062 38.59835282939791, -81.12106933108596 36.69544596285247, -81.31866848065549 36.664549748045424, -81.61620325970014 38.56745661459087, -81.41860411013062 38.59835282939791))"
21C,2020-03-03 09:55:00+00:00,2020-03-03 11:55:00+00:00,0.0,35000.0,"POLYGON ((-86.44 37.50828375768358, -85.15 35.82742563652537, -89.98 34.586287181737326, -89.15474537794937 36.075211580667684, -86.44 37.50828375768358))"
SIERRA 1,2020-03-03 10:20:00+00:00,2020-03-03 14:20:00+00:00,0.0,55000.0,"POLYGON ((147.4 6.2, 153.1 2.5, 150.5 1, 145.2 3.5, 147.4 6.2))"
37E,2020-03-03 10:55:00+00:00,2020-03-03 12:55:00+00:00,0.0,33000.0,"POLYGON ((-73.70463030094238 36.2344941975834, -71.64414940288277 36.17432560403064, -75.63977936421509 32.44741231928447, -77.68267016581326 32.040179807225364, -73.70463030094238 36.2344941975834))"
39E,2020-03-03 10:55:00+00:00,2020-03-03 12:55:00+00:00,0.0,30000.0,"POLYGON ((-84.11 37.03, -81.68929723077794 36.792113407305074, -82.85567137627949 35.8495946608274, -85.62145075640946 35.88132178531881, -84.11 37.03))"
36E,2020-03-03 10:55:00+00:00,2020-03-03 12:55:00+00:00,0.0,30000.0,"POLYGON ((-66.2164410279126 40.00673169269213, -66.5721159383935 38.52136863683768, -68.41051098242116 38.19427215874538, -68.8813193150752 39.12232121281624, -66.2164410279126 40.00673169269213))"
24C,2020-03-03 10:55:00+00:00,2020-03-03 12:55:00+00:00,0.0,30000.0,"POLYGON ((-87.25893615511069 34.24866692576293, -87.35416609556698 32.746938150260945, -89.91776686185388 32.49353548409263, -88.51 33.98910686720919, -87.25893615511069 34.24866692576293))"
23C,2020-03-03 10:55:00+00:00,2020-03-03 12:55:00+00:00,,,"POLYGON ((-84.43344449930497 37.13636625673174, -85.98929357100019 36.77962100528892, -90.17733782617205 33.66623763607667, -87.06377089690335 36.26755414298123, -84.43344449930497 37.13636625673174))"
40E,2020-03-03 10:55:00+00:00,2020-03-03 12:55:00+00:00,0.0,32000.0,"POLYGON ((-86.99016734864496 34.97434732618294, -85.78872254223755 34.83631320175123, -85.8115503970575 34.63762025007876, -87.01299520346491 34.77565437451047, -86.99016734864496 34.97434732618294))"
38E,2020-03-03 10:55:00+00:00,2020-03-03 12:55:00+00:00,0.0,24000.0,"POLYGON ((-80.59240121468945 38.60506153205079, -80.39245887175257 38.6002595011359, -80.42879186967409 37.087461091649224, -80.62873421261096 37.09226312256411, -80.59240121468945 38.60506153205079))"
41E,2020-03-03 11:55:00+00:00,2020-03-03 13:55:00+00:00,0.0,30000.0,"POLYGON ((-66.2164410279126 40.00673169269213, -66.71678971871303 38.64338731183016, -68.56609569777747 38.503830832121295, -68.8813193150752 39.12232121281624, -66.2164410279126 40.00673169269213))"
43E,2020-03-03 11:55:00+00:00,2020-03-03 13:55:00+00:00,0.0,27000.0,"POLYGON ((-83.66996176001429 36.67626420156543, -81.7472507134895 36.566722784521275, -82.52184165717118 35.67083298583033, -84.45787342811069 35.70766220376371, -83.66996176001429 36.67626420156543))"
44E,2020-03-03 11:55:00+00:00,2020-03-03 13:55:00+00:00,0.0,32000.0,"POLYGON ((-84.91562256686002 35.42088991178049, -84.84156451583229 34.34478974454154, -85.71132999506742 34.76770783890459, -85.58249297139706 35.312156366970754, -84.91562256686002 35.42088991178049))"
42E,2020-03-03 11:55:00+00:00,2020-03-03 13:55:00+00:00,0.0,33000.0,"POLYGON ((-75.40549622175546 34.72043723247394, -74.03960245309027 34.47617000801013, -76.67065906260929 31.884832305941785, -77.86242363578312 32.10709887104252, -75.40549622175546 34.72043723247394))"
26C,2020-03-03 11:55:00+00:00,2020-03-03 13:55:00+00:00,0.0,38000.0,"POLYGON ((-86.00392282612805 34.25116009552428, -86.20239446217789 33.04607118656652, -87.81503068148606 32.37617093036559, -88.8 32.87910686720918, -87.25893615511069 34.24866692576293, -86.00392282612805 34.25116009552428))"
25C,2020-03-03 11:55:00+00:00,2020-03-03 13:55:00+00:00,0.0,31000.0,"POLYGON ((-84.83436162559225 37.02779856007968, -84.27007374803799 36.206083352749836, -87.6658673188881 34.70987365780799, -87.33969610335807 35.916889649808404, -84.83436162559225 37.02779856007968))"
45E,2020-03-03 12:55:00+00:00,2020-03-03 14:55:00+00:00,0.0,32000.0,"POLYGON ((-74.74260663020704 35.07494773982172, -74.03960245309027 34.47617000801013, -76.59787624662071 31.730388451360884, -77.86242363578312 32.10709887104252, -74.74260663020704 35.07494773982172))"
46E,2020-03-03 12:55:00+00:00,2020-03-03 14:55:00+00:00,0.0,31000.0,"POLYGON ((-85.7849360784199 36.136670145363645, -83.1761188363906 35.8978875520228, -83.78640416122782 34.533058391638555, -87.97646259281355 34.54305803125178, -85.7849360784199 36.136670145363645))"
27C,2020-03-03 12:55:00+00:00,2020-03-03 14:55:00+00:00,0.0,35000.0,"POLYGON ((-85.21 33.62828375768358, -85.95626656046213 32.52616078529113, -87.17441299579784 32.21712637709166, -88.24626708577631 32.955455753295176, -85.21 33.62828375768358))"
49E,2020-03-03 13:55:00+00:00,2020-03-03 15:55:00+00:00,0.0,33000.0,"POLYGON ((-66.80889025182304 40.21603622357932, -66.86195664987524 38.765227204219485, -70.52974567998118 37.6206665660084, -70.86334728687149 38.14394774694664, -66.80889025182304 40.21603622357932))"
50E,2020-03-03 13:55:00+00:00,2020-03-03 15:55:00+00:00,0.0,32000.0,"POLYGON ((-83.44097576041429 33.62598360862242, -84.9082685187687 32.43481681288036, -87.30323236465192 32.2161945303844, -87.32233033273488 33.316359252353806, -83.44097576041429 33.62598360862242))"
48E,2020-03-03 13:55:00+00:00,2020-03-03 15:55:00+00:00,0.0,34000.0,"POLYGON ((-85.15 35.79184477868197, -81.93 35.52910686720919, -83.86913033129986 34.228112336584026, -86.47811248651783 34.70581733632313, -85.15 35.79184477868197))"
47E,2020-03-03 13:55:00+00:00,2020-03-03 15:55:00+00:00,0.0,32000.0,"POLYGON ((-74.28936930317946 35.60841081246331, -73.62264378716961 34.114989610031834, -76.59787624662071 31.730388451360884, -77.86242363578312 32.10709887104252, -74.28936930317946 35.60841081246331))"
SIERRA 2,2020-03-03 14:14:00+00:00,2020-03-03 18:20:00+00:00,0.0,53000.0,"POLYGON ((148.2 6.2, 153.5 1.4, 152 0.1, 145.1 4, 148.2 6.2))"
54E,2020-03-03 14:55:00+00:00,2020-03-03 16:55:00+00:00,0.0,31000.0,"POLYGON ((-82.90128283252918 33.96245436956755, -84.66713192748256 32.427970482899816, -87.106593793031 32.21756446569643, -86.9 33.17089313279082, -82.90128283252918 33.96245436956755))"
53E,2020-03-03 14:55:00+00:00,2020-03-03 16:55:00+00:00,0.0,33000.0,"POLYGON ((-65.82350122220821 39.86552721622918, -66.5721159383935 38.52136863683768, -72.00776677003088 36.83103045050032, -70.86334728687149 38.14394774694664, -65.82350122220821 39.86552721622918))"
51E,2020-03-03 14:55:00+00:00,2020-03-03 16:55:00+00:00,0.0,32000.0,"POLYGON ((-72.58141744893663 37.314117035316904, -72.61449218536606 34.997111206835285, -76.59787624662071 31.730388451360884, -77.87 32.020834619690504, -73.70463030094238 36.2344941975834, -72.58141744893663 37.314117035316904))"
52E,2020-03-03 14:55:00+00:00,2020-03-03 16:55:00+00:00,0.0,28000.0,"POLYGON ((-83.1761188363906 35.8978875520228, -81.60333060434718 35.14021228827526, -82.30312788646748 34.722746982089525, -86.28215427954264 34.17960074839759, -85.85559764871739 34.957959664532126, -83.1761188363906 35.8978875520228))"
55E,2020-03-03 15:55:00+00:00,2020-03-03 17:55:00+00:00,0.0,30000.0,"POLYGON ((-72.66534482445729 36.83763616825466, -72.61449218536606 34.997111206835285, -75.50357647065483 32.32720439275515, -77.87 32.020834619690504, -72.66534482445729 36.83763616825466))"
57E,2020-03-03 15:55:00+00:00,2020-03-03 17:55:00+00:00,0.0,30000.0,"POLYGON ((-67.30044754029973 39.129660194324835, -66.86195664987524 38.765227204219485, -71.86548910627073 36.709830418435665, -70.86334728687149 38.14394774694664, -67.30044754029973 39.129660194324835))"
56E,2020-03-03 15:55:00+00:00,2020-03-03 17:55:00+00:00,0.0,28000.0,"POLYGON ((-81.12690007252152 35.18987138337205, -82.33379279826174 33.70987831280356, -83.57186344497559 33.626967102046464, -82.42033499899371 35.19498917808496, -81.12690007252152 35.18987138337205))"
58E,2020-03-03 15:55:00+00:00,2020-03-03 17:55:00+00:00,0.0,30000.0,"POLYGON ((-84.44 33.4854290605791, -84.01315508843368 32.38279526219518, -86.83265471082865 32.21896547650789, -87.16427246016745 33.13545384250937, -84.44 33.4854290605791))"
28C,2020-03-03 16:55:00+00:00,2020-03-03 18:55:00+00:00,0.0,32000.0,"POLYGON ((-87.03254270914627 33.402796946539354, -86.94997552489423 31.997137583186007, -89.27359992398888 32.21313976840256, -89.90247785486775 32.83054441092996, -87.03254270914627 33.402796946539354))"
29C,2020-03-03 17:55:00+00:00,2020-03-03 19:55:00+00:00,0.0,34000.0,"POLYGON ((-88.8764354930381 33.18277904824572, -84.01565853461118 32.99615126445249, -86.25470050707115 32.08641707968356, -90.46211669160212 32.12280046977368, -88.8764354930381 33.18277904824572))"
SIERRA 3,2020-03-03 18:14:00+00:00,2020-03-03 22:15:00+00:00,0.0,57000.0,"POLYGON ((150.5 5.2, 155.1 0, 145.4 1, 150.5 5.2))"
YANKEE 1,2020-03-03 18:21:00+00:00,2020-03-03 22:20:00+00:00,0.0,55000.0,"POLYGON ((-180 3.3, -175.2 3.3, -180 -2.1, -180 3.3))"
59E,2020-03-03 18:55:00+00:00,2020-03-03 20:55:00+00:00,0.0,25000.0,"POLYGON ((-82.38909868218515 40.08615967854852, -81.22066279625999 39.8919761427019, -82.17243217147465 37.77531963365785, -83.65225093394854 38.19180329451304, -82.38909868218515 40.08615967854852))"
30C,2020-03-03 18:55:00+00:00,2020-03-03 20:55:00+00:00,0.0,34000.0,"POLYGON ((-88.38756738168891 33.387712694737466, -83.01361089516038 32.909693915062824, -84.6514975777502 31.96617200012962, -89.73788330839787 32.12280046977368, -88.38756738168891 33.387712694737466))"
63E,2020-03-03 19:55:00+00:00,2020-03-03 21:55:00+00:00,0.0,32000.0,"POLYGON ((-73.91083226975601 36.2385671361986, -72.61449218536606 34.997111206835285, -75.50357647065483 32.32720439275515, -76.74368634706377 32.03923455358845, -73.91083226975601 36.2385671361986))"
60E,2020-03-03 19:55:00+00:00,2020-03-03 21:55:00+00:00,0.0,25000.0,"POLYGON ((-80.96181193649116 42.01804130272775, -80.29 41.520893132790825, -81.12 38.445475822945575, -82.44910000879706 37.05439622269231, -83.53384774865445 36.83760589704297, -80.96181193649116 42.01804130272775))"
62E,2020-03-03 19:55:00+00:00,2020-03-03 21:55:00+00:00,0.0,33000.0,"POLYGON ((-79.98 35.71726208852721, -79.01434185522109 35.40865735967601, -79.66 34.23, -84.15664966409861 33.86495836522623, -83.3 34.7, -79.98 35.71726208852721))"
31C,2020-03-03 19:55:00+00:00,2020-03-03 21:55:00+00:00,0.0,31000.0,"POLYGON ((-83.42186998037418 33.150908393169914, -83.87578563734498 32.2286829735026, -89.09952623415437 31.764826035284266, -87.46234421062056 33.19816254181924, -83.42186998037418 33.150908393169914))"
32C,2020-03-03 19:55:00+00:00,2020-03-03 21:55:00+00:00,0.0,30000.0,"POLYGON ((-107.38292547959736 32.74091162802749, -106.28 32.651844778681955, -105.98226134403974 31.204833641610687, -106.67158887235203 31.81940048805411, -107.38522263096903 31.818686142728733, -107.38292547959736 32.74091162802749))"
61E,2020-03-03 19:55:00+00:00,2020-03-03 21:55:00+00:00,0.0,33000.0,"POLYGON ((-67.9065522998406 39.62458745686463, -67.13658043507242 38.99409926151955, -73.30870436477785 36.85496763814194, -73.11910792440466 37.75887070735413, -67.9065522998406 39.62458745686463))"
64E,2020-03-03 20:55:00+00:00,2020-03-03 22:55:00+00:00,0.0,28000.0,"POLYGON ((-80.08331191006751 41.9561478539332, -79.12 41.524524177054424, -79.70564882348481 38.78200285313742, -82.36884447506804 36.90087729441932, -83.51687895901455 37.49909034178673, -80.08331191006751 41.9561478539332))"
65E,2020-03-03 20:55:00+00:00,2020-03-03 22:55:00+00:00,0.0,33000.0,"POLYGON ((-66.61100203695767 40.14660369273088, -66.71678971871303 38.64338731183016, -71.86548910627073 36.709830418435665, -72.43731817834639 37.19360502431225, -66.61100203695767 40.14660369273088))"
67E,2020-03-03 20:55:00+00:00,2020-03-03 22:55:00+00:00,0.0,32000.0,"POLYGON ((-73.29229546766555 36.225287081814514, -72.42995685017227 34.927774552075284, -75.23225273315772 32.08635184588999, -76.89048327355702 32.347912658677075, -73.29229546766555 36.225287081814514))"
68E,2020-03-03 20:55:00+00:00,2020-03-03 22:55:00+00:00,0.0,32000.0,"POLYGON ((-86.16343986057325 33.41314735839786, -81.93161510798173 33.248674962901866, -83.23335365495568 31.79263154739396, -86.86390286775867 32.02783520270292, -86.16343986057325 33.41314735839786))"
66E,2020-03-03 20:55:00+00:00,2020-03-03 22:55:00+00:00,0.0,28000.0,"POLYGON ((-79.50052802618065 35.27964005264144, -79.23134079877705 34.58217697920221, -79.84576587148285 34.16619326945682, -83.88496854811909 33.819760926903065, -82.08492097439951 34.72249169272182, -79.50052802618065 35.27964005264144))"
33C,2020-03-03 20:55:00+00:00,2020-03-03 22:55:00+00:00,0.0,28000.0,"POLYGON ((-107.28 32.84628718173732, -105.22826711046754 32.827380110356025, -105.68175973122321 31.30746434356681, -106.4370963089553 31.764578602120114, -107.61 31.846287181737317, -107.28 32.84628718173732))"
71E,2020-03-03 21:55:00+00:00,2020-03-03 23:55:00+00:00,0.0,37000.0,"POLYGON ((-78.39091744457164 35.10084622141453, -78.67602814986918 34.34735883021229, -82.01877411425313 33.59227900136819, -84.3633987629974 33.78368127081497, -80.95 34.52452417705443, -78.39091744457164 35.10084622141453))"
70E,2020-03-03 21:55:00+00:00,2020-03-03 23:55:00+00:00,0.0,33000.0,"POLYGON ((-66.80889025182304 40.21603622357932, -67.15378242906115 39.00836505537713, -72.15049564274314 36.95206042532109, -73.01650113428165 37.67459603391035, -66.80889025182304 40.21603622357932))"
72E,2020-03-03 21:55:00+00:00,2020-03-03 23:55:00+00:00,0.0,32000.0,"POLYGON ((-84.07134321421715 33.50211960063937, -81.42995018728168 33.09089146932307, -81.18533309111652 32.3136825626764, -85.41476803354162 31.898439406737257, -85.36138655357522 32.74249876404603, -84.07134321421715 33.50211960063937))"
69E,2020-03-03 21:55:00+00:00,2020-03-03 23:55:00+00:00,0.0,28000.0,"POLYGON ((-79.34260311778124 41.78908562739257, -78.35611710507779 41.509354304969655, -79.35684868029372 38.90764444986581, -81.96385361004475 36.495209824304354, -83.38257532731093 36.30784313871909, -79.34260311778124 41.78908562739257))"
YANKEE 2,2020-03-03 22:28:00+00:00,2020-03-04 01:50:00+00:00,0.0,53000.0,"POLYGON ((-180 4.2, -175.3 4.2, -180 -1.1, -180 4.2))"
77E,2020-03-03 22:55:00+00:00,2020-03-04 00:55:00+00:00,0.0,21000.0,"POLYGON ((-81.85 41.586368955736404, -82.38909868218515 40.08615967854852, -83.20139845000683 39.677823934472364, -82.73741181422372 41.41659056837221, -81.85 41.586368955736404))"
76E,2020-03-03 22:55:00+00:00,2020-03-04 00:55:00+00:00,0.0,29000.0,"POLYGON ((-80.62674480501212 33.506354079500696, -80.45862342555714 32.536380255278786, -84.87636643938679 31.658659501556194, -83.87813001962584 33.150908393169914, -80.62674480501212 33.506354079500696))"
75E,2020-03-03 22:55:00+00:00,2020-03-04 00:55:00+00:00,0.0,25000.0,"POLYGON ((-78.58749718740671 34.93611460023954, -78.1557828615879 34.58494948539266, -78.91862436135952 33.973100784095685, -80.64930678999508 33.85935174600939, -78.58749718740671 34.93611460023954))"
74E,2020-03-03 22:55:00+00:00,2020-03-04 00:55:00+00:00,0.0,30000.0,"POLYGON ((-67.00718342785322 40.285131084847016, -67.15378242906115 39.00836505537713, -71.1017607889584 37.83141170401015, -71.01956956556548 38.453275082292286, -67.00718342785322 40.285131084847016))"
73E,2020-03-03 22:55:00+00:00,2020-03-04 00:55:00+00:00,0.0,25000.0,"POLYGON ((-77.6058101435848 42.60690651373244, -77.5677835737422 38.874893104821666, -80.51715050544742 37.153510568155816, -82.13 36.772737911472795, -77.6058101435848 42.60690651373244))"
34C,2020-03-03 22:55:00+00:00,2020-03-04 00:55:00+00:00,0.0,27000.0,"POLYGON ((-105.05065600209092 31.23652157106794, -104.39667653202848 31.221471085015427, -104.66024554462456 30.04341571680442, -105.02230366413714 30.67762935509933, -105.05065600209092 31.23652157106794))"
78E,2020-03-03 23:55:00+00:00,2020-03-04 01:55:00+00:00,0.0,25000.0,"POLYGON ((-76.93868074959443 41.823739597378385, -76.67611141504463 39.26432254531402, -77.70767377024237 38.33247787478489, -77.76494468205388 41.44615114604976, -76.93868074959443 41.823739597378385))"
79E,2020-03-03 23:55:00+00:00,2020-03-04 01:55:00+00:00,0.0,35000.0,"POLYGON ((-67.00718342785322 40.285131084847016, -67.15378242906115 39.00836505537713, -71.1017607889584 37.83141170401015, -71.01956956556548 38.453275082292286, -67.00718342785322 40.285131084847016))"
35C,2020-03-03 23:55:00+00:00,2020-03-04 01:55:00+00:00,0.0,28000.0,"POLYGON ((-102.19 31.510893132790816, -101.03454960092276 31.368674640918357, -101.36162334404153 30.588333298771968, -103.27277957990943 29.7100533582447, -102.19 31.510893132790816))"
80E,2020-03-03 23:55:00+00:00,2020-03-04 01:55:00+00:00,,,"POLYGON ((-84.4592841730056 30.4566975121383, -86.5457072224463 30.67156489679597, -86.56113123276303 30.67195675375833, -88.4891008462626 30.57195698789054, -86.56619558572304 30.47261709718451, -84.47977253628234 30.25774971252685, -88.47874118890587 30.37222547435437, -86.5507715754063 30.47222524022215, -84.4592841730056 30.4566975121383))"
1E,2020-03-04 00:55:00+00:00,2020-03-04 02:55:00+00:00,0.0,37000.0,"POLYGON ((-67.00718342785322 40.285131084847016, -67.15378242906115 39.00836505537713, -72.43731817834639 37.19360502431225, -71.86951135689726 38.108070973791584, -67.00718342785322 40.285131084847016))"
1C,2020-03-04 00:55:00+00:00,2020-03-04 02:55:00+00:00,0.0,30000.0,"POLYGON ((-100.72625452374697 31.60498530244947, -100.89308680919994 30.447008625612323, -103.36730441863041 29.069070318372592, -102.68111905585819 31.56447584895519, -100.72625452374697 31.60498530244947))"
2E,2020-03-04 00:55:00+00:00,2020-03-04 02:55:00+00:00,,,"POLYGON ((-84.26248573624235 30.60497670458945, -84.54162150057314 30.23656246762217, -86.92172340826788 30.53321599885105, -84.16261145169415 30.43169910278822, -84.47931615693183 30.2491558570377, -86.89698700553346 30.73168037948335, -84.51688509783872 30.43502684825447, -84.57919044148004 30.42243345883893, -84.26248573624235 30.60497670458945))"
YANKEE 3,2020-03-04 01:18:00+00:00,2020-03-04 05:20:00+00:00,0.0,52000.0,"POLYGON ((-175.3 3.5, 179.5 3.4, -175.2 -1.5, -175.3 3.5))"
5E,2020-03-04 01:55:00+00:00,2020-03-04 03:55:00+00:00,0.0,21000.0,"POLYGON ((-79.58365152245655 41.29887548691612, -79.13966848113294 40.554869161421244, -79.76985039610724 39.52435660185896, -81.2695066318238 39.33574929142058, -79.58365152245655 41.29887548691612))"
3E,2020-03-04 01:55:00+00:00,2020-03-04 03:55:00+00:00,0.0,38000.0,"POLYGON ((-67.20588139869567 40.353886757935626, -67.15378242906115 39.00836505537713, -72.43731817834639 37.19360502431225, -71.25643258679824 38.91687249029341, -67.20588139869567 40.353886757935626))"
4E,2020-03-04 01:55:00+00:00,2020-03-04 03:55:00+00:00,,,"POLYGON ((-84.09455745387655 30.59634369879443, -84.41858897850025 30.43830759765857, -84.35967693705044 30.44728473135099, -86.48136472367426 30.77084782001363, -86.50397536779566 30.7717065143717, -88.46672419803136 30.62339810417454, -84.33091682550375 30.2585477757045, -84.00688530088004 30.41658387684036, -86.51151665357739 30.57313373067471, -84.38982886695356 30.24957064201208, -88.45165483969168 30.42396662611948, -86.48890600945599 30.57227503631664, -84.09455745387655 30.59634369879443))"
2C,2020-03-04 01:55:00+00:00,2020-03-04 03:55:00+00:00,0.0,30000.0,"POLYGON ((-100.45 31.514570939420892, -100.45 31.080858121158208, -102.59613570733227 30.14803577570539, -102.19 31.57628718173731, -100.45 31.514570939420892))"
6E,2020-03-04 02:55:00+00:00,2020-03-04 04:55:00+00:00,0.0,38000.0,"POLYGON ((-66.93193646781027 41.238457112729044, -67.00761984485005 38.886886920236115, -72.22814075416748 37.22160747996579, -72.25555602617851 38.24451853059374, -66.93193646781027 41.238457112729044))"
3C,2020-03-04 02:55:00+00:00,2020-03-04 04:55:00+00:00,0.0,31000.0,"POLYGON ((-100.86490429076673 31.72225441977049, -100.86179968284802 31.016420160068012, -102.98 30.284524177054436, -102.62107565190276 31.07683748048786, -100.86490429076673 31.72225441977049))"
7E,2020-03-04 02:55:00+00:00,2020-03-04 04:55:00+00:00,,,"POLYGON ((-82.79479689070575 31.42678258870899, -84.27429528934854 30.48427632113722, -84.21019690445934 30.49939705584356, -86.44027482156669 30.73190905428716, -86.44111194732687 30.73199277642074, -86.85402646560173 30.77153536259771, -84.16683846263541 30.31559606030998, -82.68734006399262 31.25810232788175, -86.46101476463197 30.53298732404723, -84.23093684752462 30.30047532560363, -86.87309215714664 30.57244618809063, -86.46017763887178 30.53290360191366, -82.79479689070575 31.42678258870899))"
9E,2020-03-04 02:55:00+00:00,2020-03-04 04:55:00+00:00,0.0,28000.0,"POLYGON ((-73.4057499888971 41.71647324960697, -74.29709987047019 39.71769703923613, -76.75791421127902 38.325394994696175, -77.47903648552162 38.332666825929735, -74.54 41.3591418788418, -73.4057499888971 41.71647324960697))"
8E,2020-03-04 02:55:00+00:00,2020-03-04 04:55:00+00:00,0.0,20000.0,"POLYGON ((-78.1250792709186 40.817694031742896, -79.06529787369757 39.2373935246706, -79.88548747037726 39.310502681590606, -78.97570287597657 40.58704106223703, -78.1250792709186 40.817694031742896))"
LIMA 1,2020-03-04 03:30:00+00:00,2020-03-04 07:30:00+00:00,0.0,40000.0,"POLYGON ((-52 28, -49 27, -52 25.3, -54.3 26.45, -52 28))"
MIKE 1,2020-03-04 03:45:00+00:00,2020-03-04 07:45:00+00:00,0.0,35000.0,"POLYGON ((-65 41.15, -64.3 39.15, -71.15 36.3, -72.3 37.15, -69.45 38.3, -67 39, -66.45 40.45, -65 41.15))"
13E,2020-03-04 03:55:00+00:00,2020-03-04 05:55:00+00:00,0.0,25000.0,"POLYGON ((-73.72133721464691 41.32177596299647, -72.78956823987848 41.27197234779366, -73.34700633415761 39.8149655787288, -75.4289886713345 38.19626723169967, -76.09642763947194 38.15753797539325, -73.72133721464691 41.32177596299647))"
10E,2020-03-04 03:55:00+00:00,2020-03-04 05:55:00+00:00,0.0,36000.0,"POLYGON ((-66.93193646781027 41.238457112729044, -67.15378242906115 39.00836505537713, -72.43731817834639 37.19360502431225, -72.25555602617851 38.24451853059374, -66.93193646781027 41.238457112729044))"
4C,2020-03-04 03:55:00+00:00,2020-03-04 05:55:00+00:00,0.0,33000.0,"POLYGON ((-100.42075586730395 32.949320588324674, -99.89609488773667 31.83937309642781, -101.31242492237271 29.82946505737113, -102.98 29.785417309845254, -103.9659573291741 32.12260515418089, -100.42075586730395 32.949320588324674))"
11E,2020-03-04 03:55:00+00:00,2020-03-04 05:55:00+00:00,,,"POLYGON ((-82.5617509897262 31.40229194741424, -84.39059767543655 30.24969095007956, -86.69584477343456 30.61962537606398, -84.01188305046585 30.30066314569307, -84.36021802250143 30.24948963900571, -82.4582490102738 31.23115650324958, -83.97466694024023 30.31403347128657, -86.66415522656546 30.81709884926792, -84.35890812856745 30.44716442328351, -84.38928778150257 30.44736573435736, -84.040952809467 30.49853924104472, -84.07816891969263 30.48516891545123, -82.5617509897262 31.40229194741424))"
12E,2020-03-04 03:55:00+00:00,2020-03-04 05:55:00+00:00,0.0,20000.0,"POLYGON ((-77.63867034288027 40.298607892492285, -76.92548800200821 40.03277764783402, -77.72780737947267 38.907046362735855, -78.52909844204027 39.149292882013604, -77.63867034288027 40.298607892492285))"
14E,2020-03-04 04:55:00+00:00,2020-03-04 06:55:00+00:00,0.0,35000.0,"POLYGON ((-67.20588139869567 40.353886757935626, -67.15378242906115 39.00836505537713, -71.29315592314053 37.90104363007683, -71.09818341852446 38.60786054786287, -67.20588139869567 40.353886757935626))"
5C,2020-03-04 04:55:00+00:00,2020-03-04 06:55:00+00:00,0.0,34000.0,"POLYGON ((-99.86 32.48, -98.744340660057 30.977576653494896, -101.44882467988724 29.9464842995664, -102.98 30.118155221318037, -103.65717049843227 32.222241238755984, -99.86 32.48))"
15E,2020-03-04 04:55:00+00:00,2020-03-04 06:55:00+00:00,,,"POLYGON ((-82.45479214352169 31.42307174528008, -84.39358015608117 30.25021600456664, -86.45881523642055 30.6461231385598, -82.36514126777429 31.24429053687796, -84.3299274641283 30.25903708248048, -86.42116072826221 30.84254650278961, -84.35592564792283 30.44663936879644, -84.4195783398757 30.4378182908826, -82.45479214352169 31.42307174528008))"
16E,2020-03-04 04:55:00+00:00,2020-03-04 06:55:00+00:00,0.0,25000.0,"POLYGON ((-71.50396811262303 41.58641012286147, -72.32 39.763432484632844, -72.83709117177827 39.91063522643292, -72.98504307200378 41.405355970677796, -71.50396811262303 41.58641012286147))"
MIKE 2,2020-03-04 05:30:00+00:00,2020-03-04 09:30:00+00:00,0.0,38000.0,"POLYGON ((-65.15 41.3, -64 38.45, -71.15 36.15, -71.45 37.3, -65.15 41.3))"
18E,2020-03-04 05:55:00+00:00,2020-03-04 07:55:00+00:00,0.0,23000.0,"POLYGON ((-71.27267851679798 41.602251983954375, -71.10658688901002 40.53162012229959, -71.73958955654903 39.84259801456907, -72.57455143242149 41.38083585151189, -71.27267851679798 41.602251983954375))"
17E,2020-03-04 05:55:00+00:00,2020-03-04 07:55:00+00:00,0.0,32000.0,"POLYGON ((-84.85278032517117 30.499036902245088, -83.67948069880504 30.498287854987982, -83.67960838095675 30.298287895744817, -84.85290800732288 30.299036943001923, -84.85278032517117 30.499036902245088))"
6C,2020-03-04 05:55:00+00:00,2020-03-04 07:55:00+00:00,0.0,34000.0,"POLYGON ((-101.99340239903928 32.41054689499933, -98.05693125775515 31.934211071424663, -100.32077315201202 31.10280294506247, -100.61683309493958 29.304587614864637, -102.50523035571555 30.54022379924319, -101.99340239903928 32.41054689499933))"
7C,2020-03-04 06:55:00+00:00,2020-03-04 08:55:00+00:00,0.0,43000.0,"POLYGON ((-101.45568085157132 32.77693720746121, -98.67674048876654 32.47446493334528, -100.94646703745902 29.423550513639334, -101.83211056267488 29.737792400322206, -101.45568085157132 32.77693720746121))"
19E,2020-03-04 06:55:00+00:00,2020-03-04 08:55:00+00:00,0.0,33000.0,"POLYGON ((-84.772531624024 32.068001113887796, -82.89619444478078 30.738022454265177, -84.28594370098382 30.266418238980506, -86.21416849172532 30.66319184487032, -84.772531624024 32.068001113887796))"
8C,2020-03-04 06:55:00+00:00,2020-03-04 08:55:00+00:00,0.0,41000.0,"POLYGON ((-91.77797067361514 33.58824871345906, -89.4820593144501 33.18081775891665, -90.1 32.43, -92.04 32.52, -91.77797067361514 33.58824871345906))"
LIMA 2,2020-03-04 07:00:00+00:00,2020-03-04 11:00:00+00:00,0.0,40000.0,"POLYGON ((-52.3 28, -48.3 28, -49.15 24.45, -52.15 24.45, -52.3 28))"
9C,2020-03-04 07:55:00+00:00,2020-03-04 09:55:00+00:00,0.0,43000.0,"POLYGON ((-100.45 31.869106867209172, -99.82 30.6, -100.84293946405168 29.206275289365085, -101.44882467988724 29.9464842995664, -100.45 31.869106867209172))"
10C,2020-03-04 07:55:00+00:00,2020-03-04 09:55:00+00:00,0.0,39000.0,"POLYGON ((-88.14193742313516 33.362122493947865, -89.07932756945114 32.61497343257922, -94.02371900082652 32.163249195797896, -95.05376835309352 33.03445552378545, -88.14193742313516 33.362122493947865))"
11C,2020-03-04 07:55:00+00:00,2020-03-04 09:55:00+00:00,0.0,31000.0,"POLYGON ((-97.28482517087211 32.880195902105164, -97.1705705886521 31.815238280186502, -97.3694294113479 31.793903598655287, -97.48368399356791 32.85886122057395, -97.28482517087211 32.880195902105164))"
20E,2020-03-04 07:55:00+00:00,2020-03-04 09:55:00+00:00,0.0,43000.0,"POLYGON ((-83.45366606341825 32.289148575512534, -83.57790876452343 30.121104752485802, -87.01672272974271 30.829564570585955, -86.07887206614436 32.01531686856868, -83.45366606341825 32.289148575512534))"
21E,2020-03-04 08:55:00+00:00,2020-03-04 10:55:00+00:00,0.0,42000.0,"POLYGON ((-85.21 32.21815522131804, -82.20920022167108 32.15446777021161, -83.57845799806871 30.397732665893674, -85.9621051396941 31.08268770101597, -85.21 32.21815522131804))"
13C,2020-03-04 08:55:00+00:00,2020-03-04 10:55:00+00:00,0.0,44000.0,"POLYGON ((-86.9 33.67, -87.8475721868518 32.70837151409634, -91.82351181248184 31.258228469130618, -93.81 32.77, -86.9 33.67))"
12C,2020-03-04 08:55:00+00:00,2020-03-04 10:55:00+00:00,0.0,44000.0,"POLYGON ((-98.24484299731681 32.86422518698202, -100.51740492862491 28.825497621767806, -101.07683330979059 29.470298707145993, -99.86 32.48, -98.24484299731681 32.86422518698202))"
14C,2020-03-04 08:55:00+00:00,2020-03-04 10:55:00+00:00,0.0,33000.0,"POLYGON ((-97.11600182745764 32.741874789346944, -96.5705472820031 32.741874789346944, -96.5705472820031 32.1964202438924, -97.11600182745764 32.1964202438924, -97.11600182745764 32.741874789346944))"
15C,2020-03-04 08:55:00+00:00,2020-03-04 10:55:00+00:00,0.0,39000.0,"POLYGON ((-87.85454408090588 32.04452043292187, -87.76218892200119 31.23976606688423, -88.82695612275502 30.895138991914035, -90.06492211538914 31.700551042226287, -87.85454408090588 32.04452043292187))"
22E,2020-03-04 09:55:00+00:00,2020-03-04 11:55:00+00:00,0.0,41000.0,"POLYGON ((-81.38720980502737 31.92441646450115, -83.05 30.598213734418366, -84.8856627940191 30.58990711197348, -85.01033620967358 31.403309752157494, -81.38720980502737 31.92441646450115))"
17C,2020-03-04 09:55:00+00:00,2020-03-04 11:55:00+00:00,0.0,45000.0,"POLYGON ((-88.43352355416818 33.643681395730304, -85.90051148385722 33.66597752548649, -86.68 31.329106867209173, -91.94675343382102 31.72937823056986, -88.43352355416818 33.643681395730304))"
20C,2020-03-04 09:55:00+00:00,2020-03-04 11:55:00+00:00,0.0,30000.0,"POLYGON ((-94.0716222463264 32.235463319603745, -92.5 31.693712818262686, -93.87528927858456 31.157242889916176, -94.0716222463264 32.235463319603745))"
19C,2020-03-04 09:55:00+00:00,2020-03-04 11:55:00+00:00,0.0,39000.0,"POLYGON ((-92.60726713964709 33.52706180546098, -90.28 33.46, -90.57560808976149 32.59508149655363, -92.67205185944219 32.29711938969625, -92.60726713964709 33.52706180546098))"
18C,2020-03-04 09:55:00+00:00,2020-03-04 11:55:00+00:00,0.0,33000.0,"POLYGON ((-96.45210683176398 33.13978085504892, -95.90665228630945 33.13978085504892, -95.90665228630945 32.59432630959437, -96.45210683176398 32.59432630959437, -96.45210683176398 33.13978085504892))"
16C,2020-03-04 09:55:00+00:00,2020-03-04 11:55:00+00:00,0.0,39000.0,"POLYGON ((-97.674513679366 32.64709801109117, -99.77476348862295 29.356306330062054, -100.51740492862491 28.825497621767806, -99.86 32.48, -97.674513679366 32.64709801109117))"
LIMA 3,2020-03-04 10:45:00+00:00,2020-03-04 14:45:00+00:00,0.0,38000.0,"POLYGON ((-47.3 28, -48.15 24, -50.3 23.45, -51.45 27.45, -47.3 28))"
23E,2020-03-04 10:55:00+00:00,2020-03-04 12:55:00+00:00,0.0,42000.0,"POLYGON ((-80.04 32.058155221318046, -81.21304447229758 30.954484094797632, -84.07655469173592 30.63499646220729, -82.58482534774896 31.693683094959198, -80.04 32.058155221318046))"
21C,2020-03-04 10:55:00+00:00,2020-03-04 12:55:00+00:00,0.0,45000.0,"POLYGON ((-97.19213334270104 33.177317743186066, -97.27 32.15910686720918, -99.39981812687665 28.81320377378853, -100.33560159175852 28.437067538002406, -99.13324003092005 32.223244372259146, -97.19213334270104 33.177317743186066))"
22C,2020-03-04 10:55:00+00:00,2020-03-04 12:55:00+00:00,0.0,45000.0,"POLYGON ((-90.08196648581345 33.05914401581503, -85.14409503714121 32.916416535662734, -85.7191941651467 31.70744244644544, -90.02019993557575 31.50423147172427, -91.20120282755943 31.628518958466078, -90.08196648581345 33.05914401581503))"
23C,2020-03-04 10:55:00+00:00,2020-03-04 12:55:00+00:00,0.0,30000.0,"POLYGON ((-94.70912728900632 33.287058481751195, -94.57873614256108 32.4198841603668, -97.27 32.09371281826268, -94.70912728900632 33.287058481751195))"
24C,2020-03-04 10:55:00+00:00,2020-03-04 12:55:00+00:00,0.0,44000.0,"POLYGON ((-94.63317404076709 31.7389091710606, -94.08771949531256 31.7389091710606, -94.08771949531256 31.193454625606055, -94.63317404076709 31.193454625606055, -94.63317404076709 31.7389091710606))"
25C,2020-03-04 10:55:00+00:00,2020-03-04 12:55:00+00:00,0.0,36000.0,"POLYGON ((-90.75937788214235 33.293102425343456, -91.89878996712518 31.769737054686292, -93.44079855734817 31.588524353010826, -92.04 32.95371281826269, -90.75937788214235 33.293102425343456))"
26C,2020-03-04 11:55:00+00:00,2020-03-04 13:55:00+00:00,0.0,45000.0,"POLYGON ((-88.93146213409968 33.13636413219181, -83.93030211566952 32.92496973579902, -84.83285059182455 31.849851312657627, -89.48118569360773 31.29765030211519, -90.32514386454987 31.968684986542883, -88.93146213409968 33.13636413219181))"
27C,2020-03-04 11:55:00+00:00,2020-03-04 13:55:00+00:00,0.0,39000.0,"POLYGON ((-90.64793578108174 33.33212311273057, -90.37802917688636 32.19441329504309, -91.66565222728326 31.75092049553061, -92.76708007659813 32.26324115302837, -90.64793578108174 33.33212311273057))"
30C,2020-03-04 11:55:00+00:00,2020-03-04 13:55:00+00:00,0.0,44000.0,"POLYGON ((-96.88786665729897 33.177317743186066, -95.45139443398276 33.006262503210436, -95.13396917822615 31.512259913371345, -98.82350442571193 28.870980160276076, -98.77140752299898 32.0933119476073, -96.88786665729897 33.177317743186066))"
24E,2020-03-04 11:55:00+00:00,2020-03-04 13:55:00+00:00,0.0,40000.0,"POLYGON ((-78.93143990810043 32.49783125108898, -78.83640804659295 31.861952177682728, -81.38143940717417 30.607069391336463, -82.70391371407699 31.139155243532617, -78.93143990810043 32.49783125108898))"
28C,2020-03-04 11:55:00+00:00,2020-03-04 13:55:00+00:00,0.0,36000.0,"POLYGON ((-94.07000000000001 33.79914187884178, -93.49191205717665 32.880248046427575, -94.81563718643648 32.55354912161716, -94.07000000000001 33.79914187884178))"
29C,2020-03-04 11:55:00+00:00,2020-03-04 13:55:00+00:00,0.0,45000.0,"POLYGON ((-93.81 32.33628718173732, -93.1012100328748 31.769737054686292, -93.87528927858456 31.157242889916176, -94.52521549106514 31.560551852467576, -93.81 32.33628718173732))"
31C,2020-03-04 12:55:00+00:00,2020-03-04 14:55:00+00:00,0.0,45000.0,"POLYGON ((-86.47766966726513 33.31635925235381, -83.37117133842392 32.454410225148024, -84.29 31.66, -88.91012369435754 31.199402798588817, -88.40600292280716 32.379387328914525, -86.47766966726513 33.31635925235381))"
35C,2020-03-04 12:55:00+00:00,2020-03-04 14:55:00+00:00,0.0,43000.0,"POLYGON ((-96.12170260391234 33.18498112909956, -96.29273930970562 31.656276482818313, -98.46 28.97452417705443, -98.10562910184912 32.36312409063965, -96.12170260391234 33.18498112909956))"
32C,2020-03-04 12:55:00+00:00,2020-03-04 14:55:00+00:00,0.0,36000.0,"POLYGON ((-90.12790971995601 33.15249732626285, -88.64973307476369 32.07250108539319, -90.95273161336281 31.88634538079279, -92.04 32.52, -90.12790971995601 33.15249732626285))"
25E,2020-03-04 12:55:00+00:00,2020-03-04 14:55:00+00:00,0.0,36000.0,"POLYGON ((-78.459325072573 32.32679622829023, -77.67644320464164 32.037855314357984, -80.57828027791271 30.668647172186084, -82.03230291485356 31.130203419340276, -78.459325072573 32.32679622829023))"
34C,2020-03-04 12:55:00+00:00,2020-03-04 14:55:00+00:00,0.0,45000.0,"POLYGON ((-93.10547901554035 32.95278373972618, -92.35719627724421 32.630251888252296, -92.96957528787138 31.4251212919124, -93.87569791431133 32.63641672031332, -93.10547901554035 32.95278373972618))"
33C,2020-03-04 12:55:00+00:00,2020-03-04 14:55:00+00:00,0.0,45000.0,"POLYGON ((-95.02746075002717 33.17436464731849, -94.24007399850616 31.568018749345676, -96.48774017763321 31.380988855197657, -95.02746075002717 33.17436464731849))"
26E,2020-03-04 13:55:00+00:00,2020-03-04 15:55:00+00:00,0.0,33000.0,"POLYGON ((-77.86242363578312 32.10709887104252, -77.14498795407901 31.837907326729614, -78.38501580971713 31.467382158990375, -78.65728330880478 31.705967249332993, -77.86242363578312 32.10709887104252))"
37C,2020-03-04 13:55:00+00:00,2020-03-04 15:55:00+00:00,0.0,33000.0,"POLYGON ((-89.72850246026941 33.26777855606409, -89.50868029569529 32.428618839435295, -91.49430233877342 32.327821641001485, -92.04 33.18547582294557, -89.72850246026941 33.26777855606409))"
36C,2020-03-04 13:55:00+00:00,2020-03-04 15:55:00+00:00,0.0,45000.0,"POLYGON ((-85.21 32.71726208852722, -82.9215523488087 32.43322743954524, -83.09561145644962 31.538665777521754, -87.94791527856255 31.08227108564997, -87.71259602304839 31.993329976444404, -85.21 32.71726208852722))"
38C,2020-03-04 13:55:00+00:00,2020-03-04 15:55:00+00:00,0.0,45000.0,"POLYGON ((-93.61214219295272 32.769844516237846, -93.43463510314271 32.00091514507543, -94.64571956392722 31.006273804240948, -95.80205953072348 31.53747738328739, -95.73540571771392 32.41616501731253, -93.61214219295272 32.769844516237846))"
40C,2020-03-04 13:55:00+00:00,2020-03-04 15:55:00+00:00,0.0,45000.0,"POLYGON ((-95.84712949601693 32.79724958196069, -96.09730095496737 31.65463822396303, -98.16876115196087 29.02486242619867, -97.54712114207946 31.89498192102962, -95.84712949601693 32.79724958196069))"
39C,2020-03-04 13:55:00+00:00,2020-03-04 15:55:00+00:00,0.0,41000.0,"POLYGON ((-92.58016713807802 33.315222679703425, -91.67752538042748 32.21279867052261, -92.85993823561927 31.566179927207845, -93.44652269758586 32.46279365383779, -92.58016713807802 33.315222679703425))"
28E,2020-03-04 14:55:00+00:00,2020-03-04 16:55:00+00:00,0.0,43000.0,"POLYGON ((-84.44 33.63, -82.02098488455984 32.475071589244095, -82.70520547208804 31.539851751283006, -87.03847264995825 30.956839832086466, -86.73555185266774 31.866398006836835, -84.44 33.63))"
41C,2020-03-04 14:55:00+00:00,2020-03-04 16:55:00+00:00,0.0,43000.0,"POLYGON ((-89.06168712728766 33.297777165858435, -89.37363927165501 32.17324839231626, -92.27546003726658 31.720919548725604, -92.18975920650547 33.06778779978601, -89.06168712728766 33.297777165858435))"
43C,2020-03-04 14:55:00+00:00,2020-03-04 16:55:00+00:00,0.0,45000.0,"POLYGON ((-95.2072418460442 33.341405152695316, -95.30456035651694 31.948221909203493, -97.16385776636847 29.610965159889634, -97.04448137796491 32.12091646371472, -95.2072418460442 33.341405152695316))"
27E,2020-03-04 14:55:00+00:00,2020-03-04 16:55:00+00:00,0.0,31000.0,"POLYGON ((-77.98899967386849 32.15401000109544, -76.82403370368165 32.208465830153784, -78.12715295816544 31.239758908611993, -78.48059817118452 31.551344910482587, -77.98899967386849 32.15401000109544))"
42C,2020-03-04 14:55:00+00:00,2020-03-04 16:55:00+00:00,0.0,45000.0,"POLYGON ((-92.93940678869727 33.660539431920625, -92.82592503352176 31.92741976690927, -94.55105470973223 31.159889712652067, -94.94575319955527 32.01915015599876, -94.70912728900632 33.287058481751195, -92.93940678869727 33.660539431920625))"
29E,2020-03-04 15:55:00+00:00,2020-03-04 17:55:00+00:00,0.0,43000.0,"POLYGON ((-83.65 32.69, -80.19111578532655 32.582499321541114, -80.28260930052834 31.45146127917798, -87.97291012078095 30.72942565123441, -88.06182023918656 31.3444788351749, -83.65 32.69))"
45C,2020-03-04 15:55:00+00:00,2020-03-04 17:55:00+00:00,0.0,42000.0,"POLYGON ((-92.17419952018068 33.72928289715903, -92.19049780819866 32.21250060317271, -97.18934202485907 29.075486169836065, -96.34427913734362 32.279868995944135, -93.8855194428567 33.57352995440802, -92.17419952018068 33.72928289715903))"
44C,2020-03-04 15:55:00+00:00,2020-03-04 17:55:00+00:00,0.0,45000.0,"POLYGON ((-90.28 33.46, -88.64226933769662 33.222797427169894, -91.55920144265181 31.588524353010826, -91.67504296037868 32.826154719778366, -90.28 33.46))"
ZULU 1,2020-03-04 16:44:00+00:00,2020-03-04 20:45:00+00:00,0.0,43000.0,"POLYGON ((-158.1 29.1, -153.1 27.3, -162 24.5, -158.1 29.1))"
ALFA 1,2020-03-04 16:50:00+00:00,2020-03-04 20:50:00+00:00,30000.0,40000.0,"POLYGON ((-49.45 37.3, -47.45 34.3, -50.45 30.45, -54 32, -49.45 37.3))"
30E,2020-03-04 16:55:00+00:00,2020-03-04 18:55:00+00:00,0.0,41000.0,"POLYGON ((-80.63437046351517 32.888594215718825, -80.28260930052834 31.45146127917798, -86.48625317074008 30.82985584104606, -86.32 31.55452417705443, -80.63437046351517 32.888594215718825))"
47C,2020-03-04 16:55:00+00:00,2020-03-04 18:55:00+00:00,0.0,45000.0,"POLYGON ((-91.2770612786174 33.45600939913174, -91.49430233877342 32.327821641001485, -96.9847908555858 29.346526158659557, -95.16972922585279 32.77222657106918, -91.2770612786174 33.45600939913174))"
46C,2020-03-04 16:55:00+00:00,2020-03-04 18:55:00+00:00,0.0,37000.0,"POLYGON ((-88.51 33.49, -89.16191853358389 32.0728014678244, -90.29577456960696 32.02915009762879, -89.93342097906124 33.45951783998248, -88.51 33.49))"
31E,2020-03-04 17:55:00+00:00,2020-03-04 19:55:00+00:00,0.0,40000.0,"POLYGON ((-79.24751256817511 32.88750085565589, -80.00960503624667 31.214106549109758, -85.96590365845428 30.57337477620931, -86.4710229022998 32.527320017737416, -84.01287885792054 31.89498192102962, -79.24751256817511 32.88750085565589))"
48C,2020-03-04 17:55:00+00:00,2020-03-04 19:55:00+00:00,0.0,35000.0,"POLYGON ((-87.94880662078909 33.018171193646076, -88.57497860473535 31.918685372356954, -89.21627609184246 32.0263937913383, -89.36012309909401 32.84932537218363, -87.94880662078909 33.018171193646076))"
49C,2020-03-04 17:55:00+00:00,2020-03-04 19:55:00+00:00,0.0,43000.0,"POLYGON ((-90.66500476098139 34.2279306828508, -90.81348562022814 31.769376365022016, -96.71765032138593 29.67164346774954, -95.34125415367663 32.41861937193263, -90.66500476098139 34.2279306828508))"
32E,2020-03-04 18:55:00+00:00,2020-03-04 20:55:00+00:00,0.0,40000.0,"POLYGON ((-78.65320077223997 32.882346770485604, -79.29457135854977 31.35073339322147, -84.17191045160088 30.336212553763605, -83.74937657068881 31.467860282199958, -78.65320077223997 32.882346770485604))"
50C,2020-03-04 18:55:00+00:00,2020-03-04 20:55:00+00:00,0.0,45000.0,"POLYGON ((-89.54088228810181 33.71247523151669, -90.26 31.3, -95.8832576992343 30.14992625447171, -95.14417166992766 32.41938638276148, -89.54088228810181 33.71247523151669))"
33E,2020-03-04 18:55:00+00:00,2020-03-04 20:55:00+00:00,0.0,37000.0,"POLYGON ((-85.47243411319967 32.51546039157564, -84.603464633539 31.548967045717415, -86.52454355185553 30.77458228436591, -87.27844553109385 31.33976061798016, -85.47243411319967 32.51546039157564))"
51C,2020-03-04 19:55:00+00:00,2020-03-04 21:55:00+00:00,0.0,41000.0,"POLYGON ((-88.95129293037718 32.687319460929565, -89.675885022439 31.298678281230448, -95.8832576992343 30.14992625447171, -94.55291349477322 32.41984659497573, -88.95129293037718 32.687319460929565))"
34E,2020-03-04 19:55:00+00:00,2020-03-04 21:55:00+00:00,0.0,31000.0,"POLYGON ((-80.48043603829285 31.93714120757727, -80.91463321468795 30.849787208132707, -81.70310673721623 30.740556550058493, -81.2403232861581 31.892800918720877, -80.48043603829285 31.93714120757727))"
35E,2020-03-04 19:55:00+00:00,2020-03-04 21:55:00+00:00,0.0,37000.0,"POLYGON ((-87.11179226739677 32.49415792830608, -85.47243411319967 32.51546039157564, -83.95030485953559 31.659550111256635, -86.52454355185553 30.77458228436591, -88.5394899059505 31.84546736801354, -87.11179226739677 32.49415792830608))"
ZULU 2,2020-03-04 19:58:00+00:00,2020-03-05 00:00:00+00:00,0.0,44000.0,"POLYGON ((-157.4 29.1, -153.2 27.3, -161.3 24.1, -157.4 29.1))"
36E,2020-03-04 20:55:00+00:00,2020-03-04 22:55:00+00:00,0.0,39000.0,"POLYGON ((-86.32 32.719106867209184, -83.87578563734498 32.2286829735026, -82.51 31.54, -85.78203803091989 31.145237279696147, -88.36 31.395475822945567, -86.32 32.719106867209184))"
52C,2020-03-04 20:55:00+00:00,2020-03-04 22:55:00+00:00,0.0,45000.0,"POLYGON ((-87.88677672552993 32.695043713573476, -89.0485046770977 31.316386786392243, -91.66650633665593 29.710963116014522, -95.35 30.62547582294557, -95.04965583786851 31.804825488468147, -87.88677672552993 32.695043713573476))"
37E,2020-03-04 21:55:00+00:00,2020-03-04 23:55:00+00:00,0.0,39000.0,"POLYGON ((-87.01981198420354 32.80627745496408, -81.50304299310636 32.15939251784325, -82.23463054444852 31.30442367277811, -86.95467383835194 31.06499154321589, -87.01981198420354 32.80627745496408))"
54C,2020-03-04 21:55:00+00:00,2020-03-04 23:55:00+00:00,0.0,27000.0,"POLYGON ((-101.57170194495413 47.011137283424446, -100.32504567925032 46.99476460439475, -101.81040760085267 45.233669273712884, -103.73288148535933 45.20739128481067, -101.57170194495413 47.011137283424446))"
53C,2020-03-04 21:55:00+00:00,2020-03-04 23:55:00+00:00,0.0,45000.0,"POLYGON ((-86.9275995902183 32.72968364557903, -86.91860846520416 31.034235567651557, -92.98239627933837 29.87280603402329, -95.0413231835475 30.07029005201738, -94.43393357421398 32.3089555776188, -86.9275995902183 32.72968364557903))"
38E,2020-03-04 22:55:00+00:00,2020-03-05 00:55:00+00:00,0.0,41000.0,"POLYGON ((-80.19111578532655 32.582499321541114, -81.11 31.660893132790825, -87.03847264995825 30.956839832086466, -87.04876587493278 32.47257695195589, -80.19111578532655 32.582499321541114))"
55C,2020-03-04 22:55:00+00:00,2020-03-05 00:55:00+00:00,0.0,44000.0,"POLYGON ((-87.04876587493278 32.47257695195589, -87.03847264995825 30.956839832086466, -92.96321595955078 29.83250860861931, -92.72453996273342 31.720919548725604, -87.04876587493278 32.47257695195589))"
56C,2020-03-04 22:55:00+00:00,2020-03-05 00:55:00+00:00,,,"POLYGON ((-100.6030299185602 46.77225371556532, -101.5792597744887 45.29273518336779, -101.5339393902512 45.33009896067948, -101.916247618939 45.17232901571886, -101.9197347130889 45.17081174598648, -103.5482667748592 44.42507903381808, -101.4123248030093 45.18258657785166, -100.4360949470807 46.66210511004919, -101.8399534159346 44.98745285557935, -101.4576451872468 45.14522280053997, -103.464998383555 44.24323741314333, -101.8364663217847 44.98897012531173, -100.6030299185602 46.77225371556532))"
ZULU 3,2020-03-04 23:42:00+00:00,2020-03-05 03:45:00+00:00,0.0,43000.0,"POLYGON ((-157.1 28.2, -154 25.4, -159.5 24.5, -157.1 28.2))"
39E,2020-03-04 23:55:00+00:00,2020-03-05 01:55:00+00:00,0.0,38000.0,"POLYGON ((-81.66874200178677 32.62933585885613, -81.89607550605608 32.15757011615731, -86.14193492629597 31.019888235875367, -87.64285855404417 30.982695542251694, -86.73879068863818 32.57223192555957, -81.66874200178677 32.62933585885613))"
58C,2020-03-04 23:55:00+00:00,2020-03-05 01:55:00+00:00,0.0,28000.0,"POLYGON ((-105.42586514963514 44.81094316694658, -102.6924594873603 44.613587371948896, -102.70686228075498 44.414106647209806, -105.44026794302982 44.61146244220749, -105.42586514963514 44.81094316694658))"
57C,2020-03-04 23:55:00+00:00,2020-03-05 01:55:00+00:00,0.0,42000.0,"POLYGON ((-91.77597232725991 33.053989077133394, -87.34528608981739 32.215862035933284, -88.82535068477242 30.56319514652271, -91.17195759231964 30.2128051879303, -92.72922403375254 29.338053807581947, -91.77597232725991 33.053989077133394))"
1E,2020-03-05 00:55:00+00:00,2020-03-05 02:55:00+00:00,0.0,40000.0,"POLYGON ((-81.11 32.82547582294557, -81.47261851566894 32.03214952777583, -85.06468176276314 30.65272130238764, -86.8588801983861 30.76621046740255, -87.04876587493278 32.47257695195589, -81.11 32.82547582294557))"
1C,2020-03-05 00:55:00+00:00,2020-03-05 02:55:00+00:00,0.0,40000.0,"POLYGON ((-91.20457265651062 33.774904836200875, -87.94880662078909 33.018171193646076, -87.89318844675336 32.058419402958876, -89.28649121884918 31.296328646015013, -92.96722194107782 32.798678519623316, -91.20457265651062 33.774904836200875))"
2C,2020-03-05 00:55:00+00:00,2020-03-05 02:55:00+00:00,0.0,29000.0,"POLYGON ((-102.45838272044459 44.48534597959823, -102.41721859321468 44.28962803297758, -104.39564858373794 43.87351727128424, -104.43681271096784 44.06923521790489, -102.45838272044459 44.48534597959823))"
3C,2020-03-05 00:55:00+00:00,2020-03-05 02:55:00+00:00,0.0,24000.0,"POLYGON ((-95.48160217635015 33.03125132880792, -94.70912728900632 33.287058481751195, -95.23222692783536 32.010172545415074, -96.31472389264044 32.2545421404768, -95.48160217635015 33.03125132880792))"
2E,2020-03-05 01:55:00+00:00,2020-03-05 03:55:00+00:00,0.0,44000.0,"POLYGON ((-79.0494011873955 32.88609514263001, -78.94647245684156 32.50323761372385, -85.86397386026239 30.121598034629237, -86.18076578142404 32.33756432303089, -82.16000000000001 33.044524177054434, -79.0494011873955 32.88609514263001))"
5C,2020-03-05 01:55:00+00:00,2020-03-05 03:55:00+00:00,0.0,43000.0,"POLYGON ((-90.28 33.026287181737324, -90.79674310509837 30.479033839187455, -91.42804240768035 30.2128051879303, -92.14239327723354 30.952823544322086, -91.24554748812332 32.794129186353146, -90.28 33.026287181737324))"
4C,2020-03-05 01:55:00+00:00,2020-03-05 03:55:00+00:00,0.0,31000.0,"POLYGON ((-87.49 34.13171624231643, -88.11525677864616 32.37814945623828, -90.26 31.58914187884178, -90.14695863351707 33.72706126753961, -87.49 34.13171624231643))"
3E,2020-03-05 02:55:00+00:00,2020-03-05 04:55:00+00:00,0.0,36000.0,"POLYGON ((-80.18028232156867 33.007562329888366, -78.85129679023204 32.8843771033571, -79.66414237158375 32.120912566492294, -85.0609642775784 30.143408025938317, -85.07181607095315 31.657616916745877, -80.18028232156867 33.007562329888366))"
6C,2020-03-05 02:55:00+00:00,2020-03-05 04:55:00+00:00,0.0,30000.0,"POLYGON ((-90.58744764749972 34.07444073110409, -90.67883479140566 33.45936148209672, -91.65919404740981 33.2879516723136, -91.32889896249449 33.97119108917774, -90.58744764749972 34.07444073110409))"
7C,2020-03-05 02:55:00+00:00,2020-03-05 04:55:00+00:00,0.0,41000.0,"POLYGON ((-88.64308790614302 33.75706118663541, -87.29520197803024 32.86797295169385, -91.13224671508138 30.479892647869427, -91.40794814055783 32.29711938969625, -90.12000295301146 33.404572324616744, -88.64308790614302 33.75706118663541))"
ZULU 4,2020-03-05 03:10:00+00:00,2020-03-05 07:10:00+00:00,0.0,42000.0,"POLYGON ((-156.2 27.4, -151.3 26.2, -158.5 24.2, -156.2 27.4))"
4E,2020-03-05 03:55:00+00:00,2020-03-05 05:55:00+00:00,0.0,30000.0,"POLYGON ((-77.87 33.18541730984525, -78.22272011451275 32.24017317440624, -80.20535714427434 31.83844689022277, -80.45862342555714 32.536380255278786, -77.87 33.18541730984525))"
8C,2020-03-05 03:55:00+00:00,2020-03-05 05:55:00+00:00,0.0,40000.0,"POLYGON ((-87.79752155618463 34.09479335616299, -85.76132089629678 33.239787958019946, -91.49304662673721 30.479857834868557, -91.01478844135691 33.203164668818594, -87.79752155618463 34.09479335616299))"
5E,2020-03-05 04:55:00+00:00,2020-03-05 06:55:00+00:00,0.0,45000.0,"POLYGON ((-77.18711036928703 32.96475210855679, -76.74368634706377 32.03923455358845, -78.65728330880478 31.705967249332993, -78.85129679023204 32.8843771033571, -77.18711036928703 32.96475210855679))"
9C,2020-03-05 04:55:00+00:00,2020-03-05 06:55:00+00:00,0.0,38000.0,"POLYGON ((-87.49 34.276287181737324, -84.44 33.63, -91.46775328491862 30.479892647869427, -90.46458804611821 32.73615654371511, -87.49 34.276287181737324))"
BRAVO 1,2020-03-05 05:20:00+00:00,2020-03-05 09:20:00+00:00,0.0,40000.0,"POLYGON ((-40 28.15, -41.3 23.3, -44.3 23.15, -42.45 28.15, -40 28.15))"
10C,2020-03-05 05:55:00+00:00,2020-03-05 07:55:00+00:00,0.0,41000.0,"POLYGON ((-85.8626108554026 34.36971121421244, -83.84057353217882 33.628554061276965, -88.58327292111568 31.19092359563577, -90.84411497756102 31.298678281230448, -89.24504041496903 33.23316220099817, -85.8626108554026 34.36971121421244))"
6E,2020-03-05 05:55:00+00:00,2020-03-05 07:55:00+00:00,,,"POLYGON ((-77.23824511177254 33.88995672757114, -77.56947917857127 33.77347335081485, -77.59296042991244 33.76153851897438, -79.48911297748583 32.4578220987596, -77.50312933355232 33.58479982838534, -77.1718952667536 33.70128320514163, -79.37580062978455 32.29301824001102, -77.47964808221116 33.5967346602258, -77.23824511177254 33.88995672757114))"
CHARLIE 1,2020-03-05 06:40:00+00:00,2020-03-05 10:40:00+00:00,0.0,40000.0,"POLYGON ((-75.15 33.3, -72.45 33, -75.45 30.3, -78.45 31.15, -75.15 33.3))"
ZULU 5,2020-03-05 06:51:00+00:00,2020-03-05 10:50:00+00:00,0.0,35000.0,"POLYGON ((-157.2 25.2, -152.4 24.1, -157.2 22, -157.2 25.2))"
11C,2020-03-05 06:55:00+00:00,2020-03-05 08:55:00+00:00,0.0,41000.0,"POLYGON ((-86.9 33.67, -83.44097576041429 33.62598360862242, -86.47000501972626 31.912501634697623, -90.6494120078731 31.29941256508346, -90.25137775461174 32.737319286518066, -86.9 33.67))"
12C,2020-03-05 07:55:00+00:00,2020-03-05 09:55:00+00:00,0.0,42000.0,"POLYGON ((-88.1408534434919 33.61678623961933, -84.65867910370321 33.239787958019946, -86.02098960612913 31.604828217834875, -89.54240207820213 31.043338094458317, -90.48463695416032 31.76091924142813, -88.1408534434919 33.61678623961933))"
NOVEMBER 1,2020-03-05 08:39:00+00:00,2020-03-05 12:40:00+00:00,0.0,51000.0,"POLYGON ((-162.3 7.2, -160.2 5.1, -165.3 5.4, -162.3 7.2))"
13C,2020-03-05 08:55:00+00:00,2020-03-05 10:55:00+00:00,0.0,39000.0,"POLYGON ((-87.45529129684807 33.85975904923094, -85.43907463586413 33.510905527783166, -84.83348080721393 32.2809091178108, -88.8 31.548155221318044, -89.73630517398674 32.30214410436453, -87.45529129684807 33.85975904923094))"
14C,2020-03-05 08:55:00+00:00,2020-03-05 10:55:00+00:00,,,"POLYGON ((-86.55752295805634 32.12264520030511, -86.74992896364931 30.52809026397604, -88.08344992160447 30.11847398561655, -86.36203956643114 32.08038122511697, -86.68155015039541 30.60255022754861, -88.14217568672187 30.30965788794982, -86.80865472876671 30.71927416630931, -86.87703354202061 30.64481420273674, -86.55752295805634 32.12264520030511))"
15C,2020-03-05 09:55:00+00:00,2020-03-05 11:55:00+00:00,0.0,39000.0,"POLYGON ((-86.63242377266263 34.20397670371736, -84.44 33.63, -83.89349184225405 32.89421911139596, -86.08155446890615 31.33976061798016, -89.31356048372483 32.37895906060462, -86.63242377266263 34.20397670371736))"
16C,2020-03-05 09:55:00+00:00,2020-03-05 11:55:00+00:00,0.0,40000.0,"POLYGON ((-86.59444876242154 30.88594843067186, -86.42882774420156 30.773833853904257, -88.04236486435133 28.39023960166996, -88.20798588257131 28.502354178437564, -86.59444876242154 30.88594843067186))"
7E,2020-03-05 10:55:00+00:00,2020-03-05 12:55:00+00:00,0.0,39000.0,"POLYGON ((-83.3 34.03452417705443, -82.72260134695223 33.238160614364425, -84.84565865872744 32.12935950199946, -87.61805150855713 32.37448623374021, -86.16343986057325 33.41314735839786, -83.3 34.03452417705443))"
8E,2020-03-05 10:55:00+00:00,2020-03-05 12:55:00+00:00,0.0,45000.0,"POLYGON ((-85.55225679045458 32.267009722518374, -85.37891721794975 32.167243031664945, -86.59333021374759 30.05726195746881, -86.76666978625242 30.15702864832224, -85.55225679045458 32.267009722518374))"
9E,2020-03-05 11:55:00+00:00,2020-03-05 13:55:00+00:00,0.0,28000.0,"POLYGON ((-85.59314934811667 33.817939894501365, -84.92854720513745 33.28496541010841, -85.33676763534807 32.2161945303844, -86.90994995414293 32.218629997188195, -85.59314934811667 33.817939894501365))"
10E,2020-03-05 11:55:00+00:00,2020-03-05 13:55:00+00:00,0.0,43000.0,"POLYGON ((-82.72260134695223 33.238160614364425, -84.76066573181107 30.752279591336823, -86.13466574353804 30.358295136734466, -85.05861344642477 32.74249876404603, -82.72260134695223 33.238160614364425))"
NOVEMBER 2,2020-03-05 11:57:00+00:00,2020-03-05 16:00:00+00:00,0.0,51000.0,"POLYGON ((-164.3 6.1, -162.4 5, -166.5 5.2, -164.3 6.1))"
11E,2020-03-05 12:55:00+00:00,2020-03-05 14:55:00+00:00,0.0,44000.0,"POLYGON ((-82.64923592151129 33.300126195925685, -82.15133780794892 31.232818074528947, -84.70668920607213 30.70619674323574, -86.48589896829502 31.23055375274987, -82.64923592151129 33.300126195925685))"
13E,2020-03-05 13:55:00+00:00,2020-03-05 15:55:00+00:00,0.0,30000.0,"POLYGON ((-85.00826235240366 34.099264778247814, -84.72180666958262 33.394398975966475, -87.89318844675336 32.058419402958876, -87.08455042424447 33.60619619351798, -85.00826235240366 34.099264778247814))"
DELTA 1,2020-03-05 13:55:00+00:00,2020-03-05 17:55:00+00:00,0.0,40000.0,"POLYGON ((-40 30.3, -40 22.15, -42.15 20.15, -46.3 22.15, -45.45 29, -40 30.3))"
12E,2020-03-05 13:55:00+00:00,2020-03-05 15:55:00+00:00,0.0,43000.0,"POLYGON ((-81.96140057923581 33.309142518270974, -80.78560258143523 31.491755085631123, -85.66985624481356 30.826081272898357, -85.95626656046213 32.52616078529113, -81.96140057923581 33.309142518270974))"
14E,2020-03-05 14:55:00+00:00,2020-03-05 16:55:00+00:00,0.0,45000.0,"POLYGON ((-80.80712225277996 32.77445916717388, -80.38577810592649 31.90327002473607, -84.8856627940191 30.58990711197348, -84.87636643938679 31.658659501556194, -80.80712225277996 32.77445916717388))"
15E,2020-03-05 14:55:00+00:00,2020-03-05 16:55:00+00:00,0.0,33000.0,"POLYGON ((-86.37886813347329 33.66890648139667, -84.19502900175773 33.425304184413044, -84.3550917412955 31.793549616157122, -87.34528608981739 32.215862035933284, -86.37886813347329 33.66890648139667))"
17E,2020-03-05 15:55:00+00:00,2020-03-05 17:55:00+00:00,0.0,35000.0,"POLYGON ((-85.36641502134813 33.944882658822074, -83.65000000000002 33.355475822945564, -84.36492240205936 31.81368299249643, -86.86619296039134 32.409826023812435, -85.36641502134813 33.944882658822074))"
16E,2020-03-05 15:55:00+00:00,2020-03-05 17:55:00+00:00,0.0,43000.0,"POLYGON ((-79.30571980103298 33.142522346807496, -78.58406964409272 32.372222172806104, -83.63531823723685 30.65272130238764, -84.29 31.66, -79.30571980103298 33.142522346807496))"
20E,2020-03-05 16:55:00+00:00,2020-03-05 18:55:00+00:00,0.0,31000.0,"POLYGON ((-85.36641502134813 33.944882658822074, -84.83962012960005 33.629357355313466, -86.16999498027374 31.912501634697623, -86.71330216446391 32.219391105173635, -85.36641502134813 33.944882658822074))"
18E,2020-03-05 16:55:00+00:00,2020-03-05 18:55:00+00:00,0.0,45000.0,"POLYGON ((-78.93700344819342 33.26716295831988, -78.40326322893375 32.30632635237686, -83.63531823723685 30.65272130238764, -84.15196542232047 31.542285086751225, -78.93700344819342 33.26716295831988))"
19E,2020-03-05 16:55:00+00:00,2020-03-05 18:55:00+00:00,0.0,35000.0,"POLYGON ((-83.3 34.12171624231643, -82.16 33.71, -84.16976688140844 31.76217073901264, -84.6514975777502 31.96617200012962, -83.3 34.12171624231643))"
DELTA 2,2020-03-05 17:40:00+00:00,2020-03-05 21:40:00+00:00,0.0,40000.0,"POLYGON ((-40 30.3, -40 24.3, -42.45 21.3, -44.45 22.15, -45 30.15, -40 30.3))"
21E,2020-03-05 17:55:00+00:00,2020-03-05 19:55:00+00:00,0.0,43000.0,"POLYGON ((-78.93700344819342 33.26716295831988, -78.22272011451275 32.24017317440624, -82.8068634363989 30.924837411008745, -83.05214640291862 31.729856691630072, -78.93700344819342 33.26716295831988))"
23E,2020-03-05 17:55:00+00:00,2020-03-05 19:55:00+00:00,0.0,27000.0,"POLYGON ((-83.15995371187611 33.70597143669105, -85.21 32.55089313279082, -85.75893454074739 32.857797460585665, -85.21 33.54910686720919, -83.15995371187611 33.70597143669105))"
22E,2020-03-05 17:55:00+00:00,2020-03-05 19:55:00+00:00,0.0,30000.0,"POLYGON ((-83.17300299834348 32.855072512776324, -82.18307555883923 32.20741522283966, -83.81840160118972 31.82510780053419, -84.01315508843368 32.38279526219518, -83.17300299834348 32.855072512776324))"
24E,2020-03-05 18:55:00+00:00,2020-03-05 20:55:00+00:00,0.0,45000.0,"POLYGON ((-80.04 32.89, -77.68267016581326 32.040179807225364, -84.12959054430938 29.93870032634315, -84.62344530826407 30.63499646220729, -80.04 32.89))"
FOXTROT 1,2020-03-05 19:10:00+00:00,2020-03-05 23:10:00+00:00,0.0,51000.0,"POLYGON ((-134 9, -129.45 5.3, -133.15 3.3, -139.45 4.45, -139.45 7.3, -134 9))"
OSCAR 1,2020-03-05 19:19:00+00:00,2020-03-05 23:20:00+00:00,0.0,42000.0,"POLYGON ((177.2 26.1, 174 23.2, -178.3 21.3, 177.2 26.1))"
25E,2020-03-05 19:55:00+00:00,2020-03-05 21:55:00+00:00,0.0,43000.0,"POLYGON ((-78.75225169196263 33.32907451022085, -76.89048327355702 32.347912658677075, -83.1233344831259 29.753684716024097, -83.93933426818892 30.752279591336823, -81.41287774722005 32.77445916717388, -78.75225169196263 33.32907451022085))"
PAPA 1,2020-03-05 20:23:00+00:00,2020-03-06 00:25:00+00:00,0.0,56000.0,"POLYGON ((150 5.3, 150 1.4, 142 5.1, 150 5.3))"
DELTA 3,2020-03-05 20:30:00+00:00,2020-03-06 00:30:00+00:00,0.0,37000.0,"POLYGON ((-40 30.3, -40 24.3, -42.45 21.3, -45 23.3, -44 28.15, -40 30.3))"
26E,2020-03-05 20:55:00+00:00,2020-03-05 22:55:00+00:00,0.0,45000.0,"POLYGON ((-77.0382851343027 32.656419589869714, -76.74368634706377 32.03923455358845, -83.05 29.6, -83.45606694825167 30.715289850329363, -81.66874200178677 32.62933585885613, -77.0382851343027 32.656419589869714))"
27E,2020-03-05 21:55:00+00:00,2020-03-05 23:55:00+00:00,0.0,45000.0,"POLYGON ((-76.05057862301025 32.80714986095124, -76.74368634706377 32.03923455358845, -80.16067255454587 30.33307326431446, -83.05 30.598213734418366, -80.80712225277996 32.77445916717388, -76.05057862301025 32.80714986095124))"
FOXTROT 2,2020-03-05 22:45:00+00:00,2020-03-06 02:45:00+00:00,0.0,50000.0,"POLYGON ((-134 6.45, -129.45 5.3, -133.15 3.3, -139.45 5, -139.45 6.15, -134 6.45))"
28E,2020-03-05 22:55:00+00:00,2020-03-06 00:55:00+00:00,0.0,45000.0,"POLYGON ((-75.91327822438343 32.68738613299373, -77.84462178688962 30.988500832891024, -83.45732168839922 29.952299972303155, -80.32392449394393 32.15757011615731, -75.91327822438343 32.68738613299373))"
OSCAR 2,2020-03-05 23:17:00+00:00,2020-03-06 03:20:00+00:00,0.0,40000.0,"POLYGON ((176 23.4, 178.4 21.1, 172.5 22, 176 23.4))"
29E,2020-03-05 23:55:00+00:00,2020-03-06 01:55:00+00:00,0.0,45000.0,"POLYGON ((-74.92750143497929 33.29601366051396, -77.30963848233473 30.50739239400086, -83.1233344831259 29.753684716024097, -81.11 31.32815522131804, -74.92750143497929 33.29601366051396))"
ECHO 1,2020-03-06 00:15:00+00:00,2020-03-06 04:15:00+00:00,0.0,48000.0,"POLYGON ((-74.45 33.45, -74 32.3, -77 30.3, -77 32.15, -74.45 33.45))"
PAPA 2,2020-03-06 00:17:00+00:00,2020-03-06 04:20:00+00:00,0.0,58000.0,"POLYGON ((146.5 6, 151.4 3.4, 142.3 2.2, 142.2 5, 146.5 6))"
1E,2020-03-06 00:55:00+00:00,2020-03-06 02:55:00+00:00,0.0,45000.0,"POLYGON ((-76.18824930117962 32.92676335171022, -77.30963848233473 30.50739239400086, -83.05 29.26726208852722, -81.11 31.32815522131804, -76.18824930117962 32.92676335171022))"
2E,2020-03-06 01:55:00+00:00,2020-03-06 03:55:00+00:00,0.0,45000.0,"POLYGON ((-76.89048327355702 32.347912658677075, -77.17672267238457 30.38677481867236, -82.28465204482438 29.597804612880022, -80.73709481138881 31.39092814967276, -76.89048327355702 32.347912658677075))"
FOXTROT 3,2020-03-06 02:15:00+00:00,2020-03-06 06:15:00+00:00,0.0,50000.0,"POLYGON ((-133.3 7.15, -128.45 6.15, -132.3 4, -138.15 3.45, -137.45 6.15, -133.3 7.15))"
ECHO 2,2020-03-06 02:30:00+00:00,2020-03-06 06:30:00+00:00,0.0,40000.0,"POLYGON ((-74.15 34, -71.45 32.45, -72 31.45, -77 30.45, -76.45 32.15, -74.15 34))"
3E,2020-03-06 02:55:00+00:00,2020-03-06 04:55:00+00:00,0.0,45000.0,"POLYGON ((-76.89048327355702 32.347912658677075, -77.17672267238457 30.38677481867236, -82.34468533569468 29.34346912376784, -80.66325012944866 31.236984808497795, -76.89048327355702 32.347912658677075))"
OSCAR 3,2020-03-06 03:12:00+00:00,2020-03-06 07:20:00+00:00,0.0,40000.0,"POLYGON ((175.5 22.5, 179.4 20.3, 173.3 20.4, 175.5 22.5))"
4E,2020-03-06 03:55:00+00:00,2020-03-06 05:55:00+00:00,0.0,45000.0,"POLYGON ((-76.96425744252087 32.50218772195476, -77.30963848233473 30.50739239400086, -81.11 29.632737911472784, -79.87361724218674 31.095213549427644, -76.96425744252087 32.50218772195476))"
PAPA 3,2020-03-06 04:17:00+00:00,2020-03-06 08:20:00+00:00,0.0,58000.0,"POLYGON ((146.5 6, 151.4 3.4, 142.3 2.2, 142.2 5, 146.5 6))"
HOTEL 1,2020-03-06 04:45:00+00:00,2020-03-06 08:45:00+00:00,0.0,40000.0,"POLYGON ((-41.15 27.3, -41.3 23.15, -42.45 23.3, -42.3 26.3, -41.15 27.3))"
GOLF 1,2020-03-06 04:45:00+00:00,2020-03-06 08:45:00+00:00,0.0,50000.0,"POLYGON ((-122.45 10.15, -120.45 10, -121.3 5, -126.15 6, -126.45 7.3, -122.45 10.15))"
5E,2020-03-06 04:55:00+00:00,2020-03-06 06:55:00+00:00,0.0,42000.0,"POLYGON ((-76.96425744252087 32.50218772195476, -77.17924536115109 30.643087863040467, -80.40322886812616 29.55280592310109, -79.22138683437119 31.19657097258367, -76.96425744252087 32.50218772195476))"
ECHO 3,2020-03-06 05:15:00+00:00,2020-03-06 09:15:00+00:00,0.0,42000.0,"POLYGON ((-71 35.3, -69.3 30.45, -77 29.45, -77 32, -71 35.3))"
6E,2020-03-06 05:55:00+00:00,2020-03-06 07:55:00+00:00,0.0,42000.0,"POLYGON ((-76.82403370368165 32.208465830153784, -77.4272089757168 30.6137235759749, -79.94958365353386 29.29498488483908, -79.5625768705816 30.821613183119535, -76.82403370368165 32.208465830153784))"
7E,2020-03-06 06:55:00+00:00,2020-03-06 08:55:00+00:00,0.0,42000.0,"POLYGON ((-76.82403370368165 32.208465830153784, -77.70030809626954 30.473825537681506, -79.45231884681894 29.289765609581387, -79.80606713232613 30.41816319091198, -76.82403370368165 32.208465830153784))"
OSCAR 4,2020-03-06 07:16:00+00:00,2020-03-06 11:20:00+00:00,,,"POLYGON ((174.4 22.2, -179.5 21.3, 179.5 19.5, 174.3 18.1, 174.4 22.2))"
PAPA 4,2020-03-06 07:51:00+00:00,2020-03-06 11:55:00+00:00,0.0,58000.0,"POLYGON ((147.1 6, 150.4 3.5, 149 1.5, 141.3 1.2, 141.1 4.4, 147.1 6))"
8E,2020-03-06 07:55:00+00:00,2020-03-06 09:55:00+00:00,,,"POLYGON ((-77.46003929730087 33.52419525193685, -79.01590202512222 32.01747993256703, -80.14990954184258 29.2965669866248, -80.22018771483424 29.61746547989726, -77.46003929730087 33.52419525193685))"
GOLF 2,2020-03-06 08:30:00+00:00,2020-03-06 12:30:00+00:00,0.0,48000.0,"POLYGON ((-123.15 10.3, -120.45 10, -122.3 5, -125.45 5.3, -127 7.45, -123.15 10.3))"
ECHO 4,2020-03-06 09:10:00+00:00,2020-03-06 13:10:00+00:00,0.0,42000.0,"POLYGON ((-69.15 34.3, -67.3 30.15, -76.45 28.45, -77 30.45, -69.15 34.3))"
OSCAR 5,2020-03-06 10:29:00+00:00,2020-03-06 14:30:00+00:00,0.0,40000.0,"POLYGON ((175.2 22.2, 175.3 19, -175.1 18.3, -175.3 21.5, 175.2 22.2))"
PAPA 5,2020-03-06 10:33:00+00:00,2020-03-06 14:35:00+00:00,0.0,52000.0,"POLYGON ((141.5 6.1, 149.1 6.1, 148.5 1, 141.2 1.1, 141.5 6.1))"
OSCAR 6,2020-03-06 12:14:00+00:00,2020-03-06 16:15:00+00:00,0.0,40000.0,"POLYGON ((176.1 24.4, 174.4 20.4, -178.2 16.5, -174.2 21, 176.1 24.4))"
ECHO 5,2020-03-06 12:15:00+00:00,2020-03-06 16:15:00+00:00,0.0,44000.0,"POLYGON ((-66.3 35, -65 32, -76 28.15, -76.45 30, -66.3 35))"
GOLF 3,2020-03-06 12:15:00+00:00,2020-03-06 16:15:00+00:00,0.0,50000.0,"POLYGON ((-126 8.45, -123.15 8, -124.15 5.45, -126.45 6.15, -126 8.45))"
9E,2020-03-06 12:55:00+00:00,2020-03-06 14:55:00+00:00,0.0,43000.0,"POLYGON ((-80.28 26.08914187884179, -80.09626723599808 25.399186339543263, -81.06393734637493 24.864833209594003, -81.08287755621247 25.797795738054837, -80.28 26.08914187884179))"
10E,2020-03-06 13:55:00+00:00,2020-03-06 15:55:00+00:00,0.0,39000.0,"POLYGON ((-80.06701997971325 26.2609592579917, -79.76865652948536 25.60810658510077, -80.63132054734965 25.031054795294956, -80.96142517153505 25.54374708596181, -80.06701997971325 26.2609592579917))"
PAPA 6,2020-03-06 14:24:00+00:00,2020-03-06 18:25:00+00:00,0.0,55000.0,"POLYGON ((143.3 3.4, 148.2 2.5, 148.3 0.3, 143.1 1.2, 143.3 3.4))"
OSCAR 7,2020-03-06 14:26:00+00:00,2020-03-06 18:30:00+00:00,,,"POLYGON ((176.4 25.2, 174.4 20.2, 179.3 20.5, -177.3 16, -173.5 19.5, 176.4 25.2))"
11E,2020-03-06 14:55:00+00:00,2020-03-06 16:55:00+00:00,0.0,43000.0,"POLYGON ((-78.97286876565066 26.675630616850057, -78.98651900960778 25.79427881205052, -80.28 24.801786265581647, -80.20919234267305 25.953687719182962, -78.97286876565066 26.675630616850057))"
12E,2020-03-06 15:55:00+00:00,2020-03-06 17:55:00+00:00,0.0,40000.0,"POLYGON ((-78.97286876565066 26.675630616850057, -78.98651900960778 25.79427881205052, -79.8589472752599 24.877166648114333, -79.59564033185141 26.05306360301287, -78.97286876565066 26.675630616850057))"
ECHO 6,2020-03-06 16:10:00+00:00,2020-03-06 20:10:00+00:00,0.0,44000.0,"POLYGON ((-66.3 34.3, -64.45 31.45, -73.45 29, -75.45 29, -66.3 34.3))"
GOLF 4,2020-03-06 16:10:00+00:00,2020-03-06 20:10:00+00:00,0.0,45000.0,"POLYGON ((-122 12, -121.15 4.15, -131.45 3.45, -134 8.45, -122 12))"
INDIA 1,2020-03-06 16:45:00+00:00,2020-03-06 20:45:00+00:00,0.0,44000.0,"POLYGON ((-75.15 28.15, -73.15 27.3, -80 24.45, -79 26.3, -75.15 28.15))"
OSCAR 8,2020-03-06 18:18:00+00:00,2020-03-06 22:20:00+00:00,0.0,41000.0,"POLYGON ((177.5 23.4, 175.2 23, 174.1 19.4, -179 17.5, 177.5 23.4))"
13E,2020-03-06 18:55:00+00:00,2020-03-06 20:55:00+00:00,0.0,30000.0,"POLYGON ((-72.24885203076799 38.24216413225924, -71.74597426191013 38.064031378814235, -73.66993507443945 36.863176052966814, -73.65233779388055 37.726714378314924, -72.24885203076799 38.24216413225924))"
14E,2020-03-06 19:55:00+00:00,2020-03-06 21:55:00+00:00,0.0,30000.0,"POLYGON ((-72.06235298049651 38.17645272959873, -71.29315592314053 37.90104363007683, -72.60903339892053 37.35904184736853, -73.1624671194656 37.79439888745279, -72.06235298049651 38.17645272959873))"
ECHO 7,2020-03-06 20:10:00+00:00,2020-03-07 00:10:00+00:00,0.0,44000.0,"POLYGON ((-66.3 33.3, -65.45 31.45, -74.15 26.15, -77.45 25.15, -76.45 27.15, -66.3 33.3))"
GOLF 5,2020-03-06 20:10:00+00:00,2020-03-07 00:10:00+00:00,0.0,50000.0,"POLYGON ((-129.45 10, -128.45 6.3, -133.15 5.3, -134.15 9, -129.45 10))"
15E,2020-03-06 20:55:00+00:00,2020-03-06 22:55:00+00:00,0.0,31000.0,"POLYGON ((-71.18476220426493 38.77728025322719, -70.91166842396247 38.23992983918023, -72.61424663941315 37.34149420539057, -72.41702371631723 38.301063751040715, -71.18476220426493 38.77728025322719))"
OSCAR 9,2020-03-06 22:21:00+00:00,2020-03-07 02:20:00+00:00,0.0,42000.0,"POLYGON ((176.4 23.2, 174.5 19, -179.5 21.2, 176.4 23.2))"
ECHO 8,2020-03-06 23:45:00+00:00,2020-03-07 03:45:00+00:00,0.0,46000.0,"POLYGON ((-66 32.15, -64.45 31.3, -72.3 27, -73.45 28, -66 32.15))"
GOLF 6,2020-03-06 23:45:00+00:00,2020-03-07 03:45:00+00:00,0.0,45000.0,"POLYGON ((-129.3 10, -126.15 7.45, -127.15 6, -131.15 4.3, -136 7.3, -129.3 10))"
OSCAR 10,2020-03-07 02:23:00+00:00,2020-03-07 06:25:00+00:00,0.0,39000.0,"POLYGON ((179.2 22, 174.5 19.4, 174.5 18.1, -177.4 20.2, 179.2 22))"
ECHO 9,2020-03-07 03:45:00+00:00,2020-03-07 07:45:00+00:00,0.0,40000.0,"POLYGON ((-63.3 34.45, -61.3 33.45, -70 27, -71.15 27.45, -63.3 34.45))"
ECHO 10,2020-03-07 07:20:00+00:00,2020-03-07 11:20:00+00:00,0.0,40000.0,"POLYGON ((-61 35.15, -58.45 33.45, -65 29, -67.15 29.3, -61 35.15))"
ECHO 11,2020-03-07 10:40:00+00:00,2020-03-07 14:40:00+00:00,0.0,40000.0,"POLYGON ((-57.3 37.15, -55.45 35.3, -62.15 30.15, -63.45 31.3, -57.3 37.15))"
TANGO 1,2020-03-07 12:37:00+00:00,2020-03-07 16:30:00+00:00,0.0,40000.0,"POLYGON ((170.3 32, 167.5 26.3, 164.3 26.2, 167.3 32, 170.3 32))"
HOTEL 1,2020-03-07 13:15:00+00:00,2020-03-07 17:15:00+00:00,0.0,39000.0,"POLYGON ((-140 10, -133.3 10, -130.45 6.3, -133 3.3, -137.45 3.45, -140 5, -140 10))"
JULIETT 1,2020-03-07 13:20:00+00:00,2020-03-07 17:20:00+00:00,0.0,42000.0,"POLYGON ((-46 42.45, -49.3 37.45, -67 26.15, -66.15 29.15, -57.15 38.3, -56 42.3, -46 42.45))"
ALFA 1,2020-03-07 15:00:00+00:00,2020-03-07 19:00:00+00:00,0.0,40000.0,"POLYGON ((169.15 41.45, 173.45 41.15, 171.15 30, 165 30, 165 34.3, 169.15 41.45))"
JULIETT 2,2020-03-07 16:10:00+00:00,2020-03-07 20:10:00+00:00,0.0,43000.0,"POLYGON ((-41.3 45, -44.15 39.15, -61 30.45, -62.3 33.3, -54.15 40.15, -53 45, -41.3 45))"
HOTEL 2,2020-03-07 16:30:00+00:00,2020-03-07 20:30:00+00:00,0.0,50000.0,"POLYGON ((-133.45 11, -132.3 9, -133 6.3, -136.15 4.3, -140 5, -140 10, -133.45 11))"
ALFA 2,2020-03-07 18:50:00+00:00,2020-03-07 22:50:00+00:00,0.0,41000.0,"POLYGON ((170.15 43.15, 175 42.3, 174 31.45, 166.45 31.45, 166.45 38, 170.15 43.15))"
JULIETT 3,2020-03-07 19:40:00+00:00,2020-03-07 23:40:00+00:00,0.0,43000.0,"POLYGON ((-48.3 45, -40.45 45, -43.45 38.45, -58.3 33.15, -60.15 33.45, -52.3 42.3, -48.3 45))"
HOTEL 3,2020-03-07 19:45:00+00:00,2020-03-07 23:45:00+00:00,0.0,43000.0,"POLYGON ((-136.15 10.3, -134 9.15, -135.15 6.3, -138.15 6.15, -140 8, -140 10, -136.15 10.3))"
QUEBEC 1,2020-03-07 19:46:00+00:00,2020-03-07 23:45:00+00:00,30000.0,40000.0,"POLYGON ((-156.4 29.2, -147 21.1, -158.5 24.5, -156.4 29.2))"
ALFA 3,2020-03-07 22:15:00+00:00,2020-03-08 02:15:00+00:00,0.0,40000.0,"POLYGON ((175.45 37, 171.3 28, 169.3 28.15, 173.45 36.45, 175.45 37))"
QUEBEC 2,2020-03-07 23:05:00+00:00,2020-03-08 03:05:00+00:00,27000.0,45000.0,"POLYGON ((-156.2 28.5, -147.2 20, -159 23.3, -156.2 28.5))"
BRAVO 1,2020-03-07 23:45:00+00:00,2020-03-08 03:45:00+00:00,32000.0,42000.0,"POLYGON ((180 50, 174 37.15, 170 39.3, 170 44, 173.15 48.15, 180 50))"
1W,2020-03-07 23:55:00+00:00,2020-03-08 01:55:00+00:00,0.0,22000.0,"POLYGON ((-122.22445093445056 40.28100570988795, -121.93626556396393 39.746563045328415, -122.11230357888013 39.65163877390977, -122.40048894936676 40.1860814384693, -122.22445093445056 40.28100570988795))"
1W,2020-03-08 00:55:00+00:00,2020-03-08 02:55:00+00:00,0.0,22000.0,"POLYGON ((-121.98693017240437 40.23550279170907, -121.79347810767565 40.18474553949626, -121.92755853905767 39.67372228351269, -122.12101060378639 39.72447953572549, -121.98693017240437 40.23550279170907))"
2W,2020-03-08 01:55:00+00:00,2020-03-08 03:55:00+00:00,0.0,30000.0,"POLYGON ((-107.92958718638218 36.25349590626085, -107.5659508227458 36.25349590626085, -107.5659508227458 35.88985954262449, -107.92958718638218 35.88985954262449, -107.92958718638218 36.25349590626085))"
QUEBEC 3,2020-03-08 02:49:00+00:00,2020-03-08 06:50:00+00:00,27000.0,40000.0,"POLYGON ((-156.1 28.4, -147.2 20, -159 23.3, -156.1 28.4))"
3W,2020-03-08 02:55:00+00:00,2020-03-08 04:55:00+00:00,0.0,32000.0,"POLYGON ((-108.27181818181819 37.50010193950177, -107.90818181818182 37.50010193950177, -107.90818181818182 37.13646557586541, -108.27181818181819 37.13646557586541, -108.27181818181819 37.50010193950177))"
BRAVO 2,2020-03-08 03:45:00+00:00,2020-03-08 07:45:00+00:00,32000.0,42000.0,"POLYGON ((180 49.45, 177 44, 171.3 45.3, 172.45 48.15, 180 49.45))"
4W,2020-03-08 03:55:00+00:00,2020-03-08 05:55:00+00:00,0.0,32000.0,"POLYGON ((-108.40954026700275 38.2177663259402, -107.04 37.871716242316424, -108.02084062434417 36.87354613762352, -108.40954026700275 38.2177663259402))"
1C,2020-03-08 04:55:00+00:00,2020-03-08 06:55:00+00:00,0.0,32000.0,"POLYGON ((-107.63697001408345 37.97791842380286, -106.59603199977263 37.60213566284365, -106.78265980340973 37.027759444249696, -107.76962905791136 37.35439155155304, -107.63697001408345 37.97791842380286))"
ROMEO 1,2020-03-08 10:57:00+00:00,2020-03-08 15:00:00+00:00,0.0,41000.0,"POLYGON ((172.2 30, 176 30, 171 24.1, 172.2 30))"
KILO 1,2020-03-08 14:30:00+00:00,2020-03-08 18:30:00+00:00,0.0,37000.0,"POLYGON ((-46.3 45, -40 45, -40 40.45, -49.3 35.45, -53.3 36, -50.45 41.45, -46.3 45))"
CHARLIE 1,2020-03-08 14:35:00+00:00,2020-03-08 18:35:00+00:00,0.0,39000.0,"POLYGON ((173.15 39.3, 180 38.45, 179.45 27.3, 176.45 23.45, 171.3 24.45, 173.15 39.3))"
KILO 2,2020-03-08 18:20:00+00:00,2020-03-08 22:20:00+00:00,0.0,36000.0,"POLYGON ((-44.15 45, -40 45, -40 40.45, -46.15 37.3, -51.15 38, -46.3 44.3, -44.15 45))"
CHARLIE 2,2020-03-08 18:20:00+00:00,2020-03-08 22:20:00+00:00,0.0,41000.0,"POLYGON ((176.3 39.3, 170.45 27.45, 179.45 27.3, -178 29.45, -177 39.15, 176.3 39.3))"
CHARLIE 3,2020-03-08 21:45:00+00:00,2020-03-09 01:45:00+00:00,0.0,40000.0,"POLYGON ((179.45 37, 178 33.3, -179 32.15, -177.15 36, 179.45 37))"
2C,2020-03-08 23:55:00+00:00,2020-03-09 01:55:00+00:00,0.0,35000.0,"POLYGON ((-102.45633737230152 41.03258070803357, -102.44287711842303 40.83303416818503, -104.76326987306075 40.67651391181305, -104.77673012693924 40.876060451661594, -102.45633737230152 41.03258070803357))"
CHARLIE 4,2020-03-09 01:30:00+00:00,2020-03-09 05:30:00+00:00,0.0,40000.0,"POLYGON ((-178.15 37, -176.45 36.3, -178 33, -180 34.3, -178.15 37))"
1W,2020-03-09 01:55:00+00:00,2020-03-09 03:55:00+00:00,0.0,26000.0,"POLYGON ((-107.75617032403696 36.850183890222304, -107.22947436506553 35.840711228624585, -107.87940953191227 35.03539570361483, -108.47118046865347 36.43270994446221, -107.75617032403696 36.850183890222304))"
1C,2020-03-09 04:55:00+00:00,2020-03-09 06:55:00+00:00,0.0,30000.0,"POLYGON ((-99.16617111677526 41.12244355606507, -100.23000000000002 39.759106867209184, -101.69 39.72273791147279, -101.41181269999659 41.048106985827815, -99.16617111677526 41.12244355606507))"
3C,2020-03-09 05:55:00+00:00,2020-03-09 07:55:00+00:00,0.0,29000.0,"POLYGON ((-92.42791832381235 41.26242932176415, -92.12600234507298 40.48199856281222, -94.23980321931045 40.21116641293662, -94.7240294581597 40.847190840679545, -92.42791832381235 41.26242932176415))"
2C,2020-03-09 05:55:00+00:00,2020-03-09 07:55:00+00:00,0.0,31000.0,"POLYGON ((-99.61834662573618 41.90156497882613, -98.54267311070839 41.37983931189339, -100.0666712961349 40.03284548493857, -100.99334801261435 40.50598304567661, -99.61834662573618 41.90156497882613))"
4C,2020-03-09 06:55:00+00:00,2020-03-09 08:55:00+00:00,0.0,30000.0,"POLYGON ((-91.1852470353202 42.046093408359944, -90.4034503182134 40.90246580203209, -92.59 39.630893132790824, -93.65 41.107262088527214, -91.1852470353202 42.046093408359944))"
5C,2020-03-09 07:55:00+00:00,2020-03-09 09:55:00+00:00,0.0,31000.0,"POLYGON ((-90.53671769374317 42.70727965488171, -89.11869498533996 41.5119642580819, -91.87895178645154 39.65745773947696, -93.65 41.44, -90.53671769374317 42.70727965488171))"
6C,2020-03-09 08:55:00+00:00,2020-03-09 10:55:00+00:00,0.0,32000.0,"POLYGON ((-89.9347969181497 43.24245668157649, -88.32 41.55, -90.97458061401042 39.61431759765176, -92.7623148042879 41.43658816881988, -89.9347969181497 43.24245668157649))"
7C,2020-03-09 09:55:00+00:00,2020-03-09 11:55:00+00:00,0.0,32000.0,"POLYGON ((-88.91369834887188 43.30925486933729, -88.0067510986817 41.31429282941782, -89.8640481667409 40.05401870082982, -91.19062324471503 42.75192148043822, -88.91369834887188 43.30925486933729))"
8C,2020-03-09 09:55:00+00:00,2020-03-09 11:55:00+00:00,0.0,34000.0,"POLYGON ((-101.4225552914432 40.536901165368874, -100.32150838275038 40.40414454642519, -100.79014109857624 39.25865834569497, -102.06412478532081 39.38940093819279, -101.4225552914432 40.536901165368874))"
10C,2020-03-09 10:55:00+00:00,2020-03-09 12:55:00+00:00,0.0,37000.0,"POLYGON ((-99.81314809533431 40.78561883257088, -100.55605810569212 38.644723941847474, -101.69 39.057262088527224, -101.21039354548019 40.66891277203669, -99.81314809533431 40.78561883257088))"
9C,2020-03-09 10:55:00+00:00,2020-03-09 12:55:00+00:00,0.0,28000.0,"POLYGON ((-88.15885529199107 42.45082511371609, -86.94633747158706 41.297729460886195, -89.19417856450436 40.354342655019686, -90.45323425010501 41.93859764464834, -88.15885529199107 42.45082511371609))"
11C,2020-03-09 11:55:00+00:00,2020-03-09 13:55:00+00:00,0.0,25000.0,"POLYGON ((-87.64114470800892 42.45082511371609, -86.79060884204847 41.416114868550395, -87.98290294841648 40.93468561586149, -88.95339040020131 42.01883198294152, -87.64114470800892 42.45082511371609))"
12C,2020-03-09 11:55:00+00:00,2020-03-09 13:55:00+00:00,0.0,34000.0,"POLYGON ((-99.98798856543274 40.007438518178915, -100.23000000000002 38.76089313279082, -101.4444788491176 38.92862653260102, -101.19201143456726 40.007438518178915, -99.98798856543274 40.007438518178915))"
DELTA 1,2020-03-09 12:05:00+00:00,2020-03-09 16:05:00+00:00,25000.0,38000.0,"POLYGON ((-170.3 50.15, -169.15 48, -176 42.3, -179 43.3, -176.3 47.15, -170.3 50.15))"
13C,2020-03-09 12:55:00+00:00,2020-03-09 14:55:00+00:00,,,"POLYGON ((-85.7789539524726 45.12927373489681, -87.84482840268228 44.7647105341044, -87.90639243271815 44.72761694675332, -88.14944704212846 44.41504243205195, -87.8100716020578 44.56775377537206, -85.74419715184813 44.93231697616447, -87.99156218143224 44.29227284802179, -87.74850757202194 44.60484736272315, -85.7789539524726 45.12927373489681))"
1E,2020-03-09 13:55:00+00:00,2020-03-09 15:55:00+00:00,0.0,31000.0,"POLYGON ((-85.61328404077555 45.325711983693985, -85.48671595922444 45.170855531673176, -86.60711571516859 44.255124570323794, -86.7336837967197 44.4099810223446, -85.61328404077555 45.325711983693985))"
DELTA 2,2020-03-09 15:50:00+00:00,2020-03-09 19:50:00+00:00,26000.0,40000.0,"POLYGON ((-168 51.15, -167.15 49.45, -175.45 42.3, -178.3 44.15, -175.3 49, -168 51.15))"
DELTA 3,2020-03-09 19:45:00+00:00,2020-03-09 23:45:00+00:00,26000.0,39000.0,"POLYGON ((-167 51.15, -166.15 49.15, -175.3 42.3, -178 45.3, -173.45 50.45, -167 51.15))"
14C,2020-03-09 19:55:00+00:00,2020-03-09 21:55:00+00:00,0.0,29000.0,"POLYGON ((-98.0545306611075 29.307844338855727, -97.92832543302778 29.15269202528825, -99.70354901017893 27.708675553375024, -99.82975423825866 27.8638278669425, -98.0545306611075 29.307844338855727))"
15C,2020-03-09 20:55:00+00:00,2020-03-09 22:55:00+00:00,,,"POLYGON ((-97.50538320126991 30.1371308302154, -97.6805520434726 28.04056034258708, -99.52560922138574 27.50234706932736, -97.30765778566511 30.10705326342692, -97.60969276878296 28.12152055780167, -99.58161608761125 27.69434506654503, -97.73655890969812 28.23255833980475, -97.80741818438776 28.15159812459015, -97.50538320126991 30.1371308302154))"
17C,2020-03-09 21:55:00+00:00,2020-03-09 23:55:00+00:00,,,"POLYGON ((-94.57523721422021 39.33069039236846, -94.40705781394075 38.32577561230237, -95.11705781394076 37.27159455596938, -94.77145789838457 39.291993582344, -94.58811034208217 38.36228948232181, -95.28294218605924 37.38331910603274, -94.57294218605924 38.43750016236572, -94.39188965791782 38.40098629234627, -94.57523721422021 39.33069039236846))"
16C,2020-03-09 21:55:00+00:00,2020-03-09 23:55:00+00:00,,,"POLYGON ((-96.72701314505603 28.9648588437361, -97.70531969171387 27.91013602752462, -99.41735779788802 27.43520687548825, -96.59977377567189 28.81055348777357, -97.66843110751851 27.92934438039211, -99.47081999888145 27.62792893718576, -97.7587818927073 28.10285808922212, -97.79567047690266 28.08364973635463, -96.72701314505603 28.9648588437361))"
19C,2020-03-09 22:55:00+00:00,2020-03-10 00:55:00+00:00,,,"POLYGON ((-94.43835762910848 39.47124403977999, -94.20488812305048 38.37280213327839, -95.05173063677722 37.0837159282284, -94.63273598610988 39.42415843338654, -94.38565592086397 38.4041648343027, -95.2188878754028 37.19352693667048, -94.37204536167606 38.48261314172047, -94.19127756386257 38.45125044069616, -94.43835762910848 39.47124403977999))"
18C,2020-03-09 22:55:00+00:00,2020-03-10 00:55:00+00:00,,,"POLYGON ((-96.60322168291543 28.92689839180649, -97.69890892292968 27.91214868000592, -99.19810475527639 27.3855243419741, -96.48777694435765 28.76358117795772, -97.6743284229317 27.92483845144898, -99.26438849383821 27.57422109870899, -97.7651926614915 28.10084543674082, -97.78977316148948 28.08815566529776, -96.60322168291543 28.92689839180649))"
DELTA 3,2020-03-09 23:30:00+00:00,2020-03-10 03:30:00+00:00,26000.0,40000.0,"POLYGON ((-163 52.45, -162.3 49, -174.15 43.45, -174 50.3, -168 51.15, -163 52.45))"
SIERRA 1,2020-03-09 23:44:00+00:00,2020-03-10 03:45:00+00:00,0.0,54000.0,"POLYGON ((-161.5 7.3, -159.1 5.1, -169.5 5.2, -161.5 7.3))"
21C,2020-03-09 23:55:00+00:00,2020-03-10 01:55:00+00:00,,,"POLYGON ((-92.57372170280982 39.97967988075433, -92.53861584667247 38.61828065156494, -95.50949219455248 34.94484458449733, -92.7735262496287 39.97084002382685, -92.71627217862502 38.67674399893885, -95.66500031163869 35.07061113617264, -92.69412396375868 38.74404720324025, -92.51646763180614 38.68558385586633, -92.57372170280982 39.97967988075433))"
20C,2020-03-09 23:55:00+00:00,2020-03-10 01:55:00+00:00,,,"POLYGON ((-96.36907220475233 28.95232539953823, -97.58845967142028 28.05959858053359, -97.62896175958053 27.98812845358555, -97.66013987569566 27.65131505366348, -97.47031526191563 27.89822355612523, -96.25092779524768 28.79095037512988, -97.4609912898705 27.63288028315121, -97.42981317375538 27.96969368307327, -96.36907220475233 28.95232539953823))"
DELTA 4,2020-03-10 00:00:00+00:00,2020-03-10 04:00:00+00:00,26000.0,40000.0,"POLYGON ((-163 52.45, -162.3 49, -174.15 43.45, -174 50.3, -168 51.15, -163 52.45))"
2C,2020-03-10 00:55:00+00:00,2020-03-10 02:55:00+00:00,,,"POLYGON ((-94.4605735941495 35.59756877766994, -95.63644474052697 35.00318337270699, -95.6387144049409 35.0019993766868, -95.85339524266473 34.88648930516958, -95.54621963376545 34.82469127173367, -94.37034848738797 35.41907667669663, -95.75863080707535 34.71036519623663, -95.54394996935152 34.82587526775385, -94.4605735941495 35.59756877766994))"
1C,2020-03-10 00:55:00+00:00,2020-03-10 02:55:00+00:00,,,"POLYGON ((-92.3355171457028 40.01630706484843, -92.29242707778955 38.63054200458681, -94.04072137061226 36.3565068603497, -92.53528470548034 40.00666745590789, -92.47158948706607 38.68667217076788, -94.19927862938775 36.4784068016524, -92.45098433656504 38.75244194588951, -92.27182192728853 38.69631177970843, -92.3355171457028 40.01630706484843))"
4C,2020-03-10 01:55:00+00:00,2020-03-10 03:55:00+00:00,,,"POLYGON ((-94.28483043013149 35.50690004234271, -94.42736997649132 35.13863820654591, -95.82202651206649 34.60193723292496, -94.15829056419541 35.35202053327558, -94.4000151252836 35.15452640549977, -95.89385667558713 34.7885931398998, -94.49920014001196 35.32529411352075, -94.52655499121968 35.3094059145669, -94.28483043013149 35.50690004234271))"
3C,2020-03-10 01:55:00+00:00,2020-03-10 03:55:00+00:00,,,"POLYGON ((-91.36246015528641 39.96239033917874, -92.05964630239306 38.59305006345877, -93.84553798238662 36.34550852998321, -91.19753984471362 39.8492475481553, -92.0554789187417 38.59868993629697, -94.00212352565669 36.46993106668305, -92.21623184566313 38.71747260015861, -92.2203992293145 38.71183272732041, -91.36246015528641 39.96239033917874))"
SIERRA 2,2020-03-10 02:52:00+00:00,2020-03-10 06:55:00+00:00,0.0,53000.0,"POLYGON ((-161.5 7.3, -157.3 5.1, -169.2 5.3, -161.5 7.3))"
6C,2020-03-10 02:55:00+00:00,2020-03-10 04:55:00+00:00,,,"POLYGON ((-94.25963996655318 35.44300585871145, -95.4779439111222 34.94201214433048, -95.48398577090425 34.93929019163365, -95.82407394161939 34.77230667867927, -95.40187974744757 34.75704121957614, -94.18357580287855 35.25803493395711, -95.73592605838064 34.59277965931859, -95.39583788766551 34.75976317227298, -94.25963996655318 35.44300585871145))"
5C,2020-03-10 02:55:00+00:00,2020-03-10 04:55:00+00:00,,,"POLYGON ((-91.36246015528641 39.96239033917874, -92.05964630239306 38.59305006345877, -93.84553798238662 36.34550852998321, -91.19753984471362 39.8492475481553, -92.0554789187417 38.59868993629697, -94.00212352565669 36.46993106668305, -92.21623184566313 38.71747260015861, -92.2203992293145 38.71183272732041, -91.36246015528641 39.96239033917874))"
DELTA 5,2020-03-10 03:00:00+00:00,2020-03-10 07:00:00+00:00,26000.0,40000.0,"POLYGON ((-160 53.3, -160 50, -173.15 44, -173.15 50.3, -168.15 51.15, -160 53.3))"
7C,2020-03-10 04:55:00+00:00,2020-03-10 06:55:00+00:00,0.0,32000.0,"POLYGON ((-89.16493539101405 39.50431915799651, -87.70500167585676 39.13618920737461, -89.49272395364198 37.07949443936931, -90.42401706166716 37.6061743970326, -89.16493539101405 39.50431915799651))"
8C,2020-03-10 05:55:00+00:00,2020-03-10 07:55:00+00:00,0.0,31000.0,"POLYGON ((-88.29597742186418 39.73863524892003, -86.87533772377029 39.48939880328354, -88.53120454260174 37.31411163621419, -89.72490907013685 37.50294730781047, -88.29597742186418 39.73863524892003))"
SIERRA 3,2020-03-10 06:55:00+00:00,2020-03-10 10:55:00+00:00,0.0,53000.0,"POLYGON ((-159 7.5, -155.1 5.4, -165.4 3, -166.5 5.4, -159 7.5))"
DELTA 6,2020-03-10 07:00:00+00:00,2020-03-10 11:00:00+00:00,26000.0,40000.0,"POLYGON ((-153 56, -151.15 52.3, -169 46, -171 51, -168 51.15, -160 53.15, -153 56))"
LIMA 1,2020-03-10 08:05:00+00:00,2020-03-10 12:05:00+00:00,0.0,40000.0,"POLYGON ((-64 22, -65.3 19.3, -68.45 19.45, -66.45 22, -64 22))"
LIMA 2,2020-03-10 08:10:00+00:00,2020-03-10 12:10:00+00:00,0.0,40000.0,"POLYGON ((-64 22, -65.3 19.3, -67.45 18.45, -69 19.45, -66.45 22, -64 22))"
LIMA 3,2020-03-10 12:10:00+00:00,2020-03-10 16:10:00+00:00,,,"POLYGON ((-68.15 22.45, -64 22, -64.45 19, -67.45 18.45, -69.3 20, -68.15 22.45))"
LIMA 4,2020-03-10 12:15:00+00:00,2020-03-10 16:15:00+00:00,0.0,38000.0,"POLYGON ((-68 23, -63.15 22, -65.45 17.45, -70.15 21, -68 23))"
LIMA 5,2020-03-10 15:40:00+00:00,2020-03-10 19:40:00+00:00,0.0,37000.0,"POLYGON ((-71.15 24.3, -60.3 23.3, -62.3 18.3, -72.3 20.45, -71.15 24.3))"
LIMA 6,2020-03-10 19:25:00+00:00,2020-03-10 23:25:00+00:00,,,"POLYGON ((-70.15 24.45, -61.3 24.15, -60.45 20, -68.15 19.45, -71.45 21, -70.15 24.45))"
2W,2020-03-10 19:55:00+00:00,2020-03-10 21:55:00+00:00,0.0,29000.0,"POLYGON ((-116.86396768660038 33.086149429770764, -115.89584785500962 33.09545426780408, -115.07565079881479 32.60312638756297, -116.75429609082818 32.61312604293765, -116.86396768660038 33.086149429770764))"
1W,2020-03-10 19:55:00+00:00,2020-03-10 21:55:00+00:00,0.0,32000.0,"POLYGON ((-121.6 35.50343248463284, -119.52249090087676 34.3052960580633, -120.73865953781234 34.1742233985694, -121.6 35.214290605791064, -121.6 35.50343248463284))"
ALFA 1,2020-03-10 20:40:00+00:00,2020-03-11 00:40:00+00:00,27000.0,37000.0,"POLYGON ((-64 31, -64.3 26.3, -70.45 22.3, -70.15 28.3, -64 31))"
MIKE 1,2020-03-10 20:40:00+00:00,2020-03-11 00:40:00+00:00,27000.0,34000.0,"POLYGON ((-62.45 24, -59.45 22, -68 17.3, -68 19, -69 19.3, -62.45 24))"
9C,2020-03-10 20:55:00+00:00,2020-03-10 22:55:00+00:00,0.0,30000.0,"POLYGON ((-99.85096173226009 42.672143128138465, -99.44735638246208 42.40274300582307, -100.75 41.628283757683576, -101.07237986336602 42.23294057702245, -99.85096173226009 42.672143128138465))"
4W,2020-03-10 20:55:00+00:00,2020-03-10 22:55:00+00:00,0.0,29000.0,"POLYGON ((-116.16 33.63, -114.6 32.77, -115.4596523732828 32.76706485042668, -116.86396768660038 33.086149429770764, -116.16 33.63))"
3W,2020-03-10 20:55:00+00:00,2020-03-10 22:55:00+00:00,0.0,33000.0,"POLYGON ((-121.05576020899619 35.59022635405498, -118.69840685482993 34.46397385966929, -119.77000000000001 34.076287181737314, -122.4109138897924 35.05443649249837, -121.05576020899619 35.59022635405498))"
1E,2020-03-10 21:55:00+00:00,2020-03-10 23:55:00+00:00,0.0,30000.0,"POLYGON ((-74.11705479269541 36.242286206557836, -72.67399383088501 36.208824888541756, -77.0382851343027 32.656419589869714, -77.33697775851961 33.27290691262983, -74.11705479269541 36.242286206557836))"
5W,2020-03-10 21:55:00+00:00,2020-03-10 23:55:00+00:00,0.0,31000.0,"POLYGON ((-120.5842912267317 35.83218570406056, -117.4729907447173 34.79580328576796, -120.19648573050952 34.156336209128696, -121.6 35.66178626558164, -120.5842912267317 35.83218570406056))"
10C,2020-03-10 21:55:00+00:00,2020-03-10 23:55:00+00:00,0.0,28000.0,"POLYGON ((-99.59738779408006 42.569329831981555, -99.86072872270219 41.32321472983598, -102.31484739887593 41.88411096813628, -99.59738779408006 42.569329831981555))"
2E,2020-03-10 22:55:00+00:00,2020-03-11 00:55:00+00:00,0.0,31000.0,"POLYGON ((-72.60903339892053 37.35904184736853, -72.67399383088501 36.208824888541756, -76.46471044237626 33.165535224984644, -77.33697775851961 33.27290691262983, -72.60903339892053 37.35904184736853))"
11C,2020-03-10 22:55:00+00:00,2020-03-11 00:55:00+00:00,0.0,30000.0,"POLYGON ((-98.69 42.47, -100.20438651731676 41.45762626811329, -101.70933053801464 41.76163662831762, -98.69 42.47))"
6W,2020-03-10 22:55:00+00:00,2020-03-11 00:55:00+00:00,0.0,31000.0,"POLYGON ((-121.6 35.79257436347463, -119.1 35.48, -119.06823385431942 34.50799360179936, -119.77000000000001 34.22085812115821, -121.6 35.79257436347463))"
3E,2020-03-10 23:55:00+00:00,2020-03-11 01:55:00+00:00,0.0,31000.0,"POLYGON ((-70.03 38.45172775248133, -75.47369288951381 33.49892397615319, -76.0565913501922 34.33663054389656, -71.29315592314053 37.90104363007683, -70.03 38.45172775248133))"
12C,2020-03-10 23:55:00+00:00,2020-03-11 01:55:00+00:00,0.0,31000.0,"POLYGON ((-99.23466167546871 42.63468739605638, -97.77198828446156 41.3785538274712, -100.39518224109382 41.16010620805236, -99.23466167546871 42.63468739605638))"
7W,2020-03-10 23:55:00+00:00,2020-03-11 01:55:00+00:00,0.0,31000.0,"POLYGON ((-118.82641381283352 36.01395652600323, -117.51631670560991 34.795436608991736, -119.77 34.51, -121.6 35.50343248463284, -118.82641381283352 36.01395652600323))"
ALFA 2,2020-03-11 00:20:00+00:00,2020-03-11 04:20:00+00:00,27000.0,35000.0,"POLYGON ((-61 33.15, -60.45 30.45, -66.45 25.45, -67.3 29.3, -61 33.15))"
MIKE 2,2020-03-11 00:20:00+00:00,2020-03-11 04:20:00+00:00,27000.0,34000.0,"POLYGON ((-61.15 23.45, -58.3 22, -63.3 19.15, -66.15 21.45, -61.15 23.45))"
1E,2020-03-11 00:55:00+00:00,2020-03-11 02:55:00+00:00,0.0,31000.0,"POLYGON ((-70.03 38.822294029844805, -73.23652155356912 35.2279173553436, -76.405458322123 33.11452108973869, -76.76765977373297 33.425001437345124, -71.74597426191013 38.064031378814235, -70.03 38.822294029844805))"
1W,2020-03-11 00:55:00+00:00,2020-03-11 02:55:00+00:00,0.0,31000.0,"POLYGON ((-119.1 35.48, -118.03482424767532 35.47532008201589, -117.81023810770269 34.43958558497328, -119.77 34.51, -119.1 35.48))"
2E,2020-03-11 01:55:00+00:00,2020-03-11 03:55:00+00:00,0.0,31000.0,"POLYGON ((-70.03 38.822294029844805, -73.23652155356912 35.2279173553436, -76.405458322123 33.11452108973869, -76.76765977373297 33.425001437345124, -71.74597426191013 38.064031378814235, -70.03 38.822294029844805))"
2W,2020-03-11 01:55:00+00:00,2020-03-11 03:55:00+00:00,0.0,30000.0,"POLYGON ((-119.1 35.624570939420906, -117.85731236966842 35.473630222512725, -118.1615931451701 34.46397385966929, -119.39644975686302 34.81611340744115, -119.1 35.624570939420906))"
MIKE 3,2020-03-11 02:10:00+00:00,2020-03-11 06:10:00+00:00,30000.0,36000.0,"POLYGON ((-52 26.45, -52.15 24.3, -56.45 23.3, -61.15 20.15, -62.45 22, -56.3 26, -52 26.45))"
3E,2020-03-11 02:55:00+00:00,2020-03-11 04:55:00+00:00,0.0,33000.0,"POLYGON ((-70.03 38.822294029844805, -73.23652155356912 35.2279173553436, -76.405458322123 33.11452108973869, -76.76765977373297 33.425001437345124, -71.74597426191013 38.064031378814235, -70.03 38.822294029844805))"
3W,2020-03-11 02:55:00+00:00,2020-03-11 04:55:00+00:00,0.0,30000.0,"POLYGON ((-119.1 35.624570939420906, -117.85731236966842 35.473630222512725, -118.1615931451701 34.46397385966929, -119.39644975686302 34.81611340744115, -119.1 35.624570939420906))"
4E,2020-03-11 03:55:00+00:00,2020-03-11 05:55:00+00:00,0.0,34000.0,"POLYGON ((-70.03 38.45172775248133, -72.79933985502997 35.06616814957474, -74.95457283026558 33.79440484970139, -75.48162719054064 34.874613397761685, -72.58141744893663 37.314117035316904, -70.03 38.45172775248133))"
4W,2020-03-11 03:55:00+00:00,2020-03-11 05:55:00+00:00,0.0,29000.0,"POLYGON ((-117.22142405899885 35.87683613217979, -118.04282155273307 34.69792001213981, -118.52549589810526 35.00807349408266, -118.53239696704968 35.669672174557775, -117.22142405899885 35.87683613217979))"
1C,2020-03-11 03:55:00+00:00,2020-03-11 05:55:00+00:00,0.0,33000.0,"POLYGON ((-98.73501031247508 38.924696392381875, -99.3151249067978 38.54081329839, -100.2209148210724 38.084879348581296, -100.01685579043095 38.85910679185866, -98.73501031247508 38.924696392381875))"
5E,2020-03-11 04:55:00+00:00,2020-03-11 06:55:00+00:00,0.0,38000.0,"POLYGON ((-68.80199855429646 38.967778283311084, -70.03 37.12077610659019, -76.81696033297256 32.19359480289175, -77.87 33.019048354108854, -72.58141744893663 37.314117035316904, -68.80199855429646 38.967778283311084))"
5W,2020-03-11 04:55:00+00:00,2020-03-11 06:55:00+00:00,0.0,27000.0,"POLYGON ((-117.06552057789804 36.1847624761912, -117.87814084738017 34.791774779756345, -118.53508778698064 35.28768272479186, -118.51873032070608 35.94917172234582, -117.06552057789804 36.1847624761912))"
2C,2020-03-11 04:55:00+00:00,2020-03-11 06:55:00+00:00,0.0,32000.0,"POLYGON ((-99.29645267626333 39.25627327751715, -97.35641630636853 39.13415823446904, -97.58 38.18371281826269, -99.3151249067978 38.54081329839, -99.29645267626333 39.25627327751715))"
6E,2020-03-11 05:55:00+00:00,2020-03-11 07:55:00+00:00,0.0,38000.0,"POLYGON ((-68.34144020317794 39.973481077996794, -68.33321425981485 38.03941623390921, -73.90021744915809 34.35593367745108, -75.02669109969132 35.313314744045755, -72.58141744893663 37.314117035316904, -68.34144020317794 39.973481077996794))"
3C,2020-03-11 05:55:00+00:00,2020-03-11 07:55:00+00:00,0.0,32000.0,"POLYGON ((-98.61235394543912 39.244141615992575, -96.82682352655912 39.18198755793214, -96.98862591800444 37.277956061486584, -98.8423831518311 37.7432677027057, -98.61235394543912 39.244141615992575))"
7E,2020-03-11 06:55:00+00:00,2020-03-11 08:55:00+00:00,0.0,35000.0,"POLYGON ((-70.03 38.78446566395412, -70.03 37.12077610659019, -76.81696033297256 32.19359480289175, -77.11256866433175 32.810607855650346, -72.58141744893663 37.314117035316904, -70.03 38.78446566395412))"
4C,2020-03-11 06:55:00+00:00,2020-03-11 08:55:00+00:00,0.0,42000.0,"POLYGON ((-99.23293881181812 39.574091886528045, -95.33416630240934 39.09748809249021, -96.10809675674936 36.81439993308308, -99.67556806340365 37.915295971585614, -99.23293881181812 39.574091886528045))"
8E,2020-03-11 07:55:00+00:00,2020-03-11 09:55:00+00:00,0.0,35000.0,"POLYGON ((-71.01956956556548 38.453275082292286, -70.03 37.12077610659019, -75.10928185556631 33.36391611371047, -75.6537279468731 34.33002969055372, -72.43731817834639 37.19360502431225, -71.01956956556548 38.453275082292286))"
5C,2020-03-11 07:55:00+00:00,2020-03-11 09:55:00+00:00,0.0,45000.0,"POLYGON ((-98.81188375670474 39.3059558370838, -94.03827854465689 38.62205792988006, -94.55961492448581 36.60211901382818, -99.567031768456 37.532264601053534, -98.81188375670474 39.3059558370838))"
6C,2020-03-11 07:55:00+00:00,2020-03-11 09:55:00+00:00,0.0,31000.0,"POLYGON ((-96.17156708014923 36.32672812301073, -95.21997350868405 36.0076474131216, -95.62425543975944 35.1573105992013, -96.51348810284863 35.609613851946925, -96.17156708014923 36.32672812301073))"
BRAVO 1,2020-03-11 08:40:00+00:00,2020-03-11 12:40:00+00:00,0.0,35000.0,"POLYGON ((-65.45 39.3, -69 36.15, -73.45 34, -74.45 34.45, -72.45 37.15, -65.45 39.3))"
8C,2020-03-11 08:55:00+00:00,2020-03-11 10:55:00+00:00,0.0,35000.0,"POLYGON ((-96.08244449847155 36.43492594033711, -94.12 35.917262088527224, -94.27 34.72452417705442, -96.59089456106531 34.847309056890715, -96.08244449847155 36.43492594033711))"
7C,2020-03-11 08:55:00+00:00,2020-03-11 10:55:00+00:00,0.0,44000.0,"POLYGON ((-97.62 39.26273791147279, -92.22 38.14452417705443, -90.67375731303872 37.31624516759141, -92.74166054174377 36.88797672824774, -98.74032871452836 37.36229953977741, -97.62 39.26273791147279))"
9C,2020-03-11 09:55:00+00:00,2020-03-11 11:55:00+00:00,0.0,45000.0,"POLYGON ((-94.94172145534311 38.62205792988006, -89.45060346902402 37.92210618444479, -94.58003408062255 34.774783481838234, -97.25520869264548 38.364375545657055, -94.94172145534311 38.62205792988006))"
10C,2020-03-11 10:55:00+00:00,2020-03-11 12:55:00+00:00,0.0,44000.0,"POLYGON ((-92.81016945304573 38.61751372798924, -89.91089850714192 37.05474913536524, -93.8831814328102 34.62085722434349, -95.61751051559087 37.15926770793179, -92.81016945304573 38.61751372798924))"
11C,2020-03-11 11:55:00+00:00,2020-03-11 13:55:00+00:00,0.0,45000.0,"POLYGON ((-92.54403326870765 38.194731183142245, -89.07090574560692 37.282315926781074, -93.12409498489298 34.02793518745835, -95.494311111041 36.92435441222165, -92.54403326870765 38.194731183142245))"
BRAVO 2,2020-03-11 12:25:00+00:00,2020-03-11 16:25:00+00:00,0.0,33000.0,"POLYGON ((-68.45 38.15, -66.3 37.45, -72.3 33.45, -74.3 34.45, -68.45 38.15))"
ECHO 1,2020-03-11 12:30:00+00:00,2020-03-11 16:30:00+00:00,0.0,38000.0,"POLYGON ((-155.3 34.3, -157.15 26.45, -160.3 26.45, -158.3 34.15, -155.3 34.3))"
FOXTROT 1,2020-03-11 12:35:00+00:00,2020-03-11 16:35:00+00:00,0.0,40000.0,"POLYGON ((-120 23.3, -120 19.15, -122.15 18.3, -122.45 20.15, -120 23.3))"
12C,2020-03-11 12:55:00+00:00,2020-03-11 14:55:00+00:00,0.0,45000.0,"POLYGON ((-92.22 38.23171624231642, -88.90534241498477 36.82068588643704, -92.31412259238962 34.412794212018696, -94.13381953713828 35.65705594276512, -92.22 38.23171624231642))"
13C,2020-03-11 13:55:00+00:00,2020-03-11 15:55:00+00:00,0.0,45000.0,"POLYGON ((-91.73600035653028 37.88676629511325, -88.23833976923963 37.00679732422311, -91.06371269692416 34.292904878023464, -94.08130921481136 35.45351998875949, -91.73600035653028 37.88676629511325))"
14C,2020-03-11 14:55:00+00:00,2020-03-11 16:55:00+00:00,0.0,41000.0,"POLYGON ((-89.59946072162323 37.668321685900366, -87.20655750356343 36.67286716702833, -90.83393282566124 33.64976888747607, -93.83897199837985 35.03631157153431, -89.59946072162323 37.668321685900366))"
15C,2020-03-11 15:55:00+00:00,2020-03-11 17:55:00+00:00,0.0,39000.0,"POLYGON ((-88.31692852072202 36.852745154288755, -88.01984939778161 36.578220932134634, -88.85915733942898 34.632840088027585, -90.51017113946493 33.920902235234664, -91.99323276354895 34.616190891527026, -88.31692852072202 36.852745154288755))"
BRAVO 3,2020-03-11 16:00:00+00:00,2020-03-11 20:00:00+00:00,0.0,30000.0,"POLYGON ((-66.3 39, -65.3 37.15, -69.3 35.15, -70.45 36.3, -66.3 39))"
ECHO 2,2020-03-11 16:00:00+00:00,2020-03-11 20:00:00+00:00,0.0,39000.0,"POLYGON ((-154.3 33.45, -155.45 25.45, -158.45 26.15, -157.45 33.3, -154.3 33.45))"
16C,2020-03-11 16:55:00+00:00,2020-03-11 18:55:00+00:00,0.0,38000.0,"POLYGON ((-88.1742547581263 36.396560812866305, -87.7100097957465 36.13559036143849, -88.51 34.15547582294558, -90.12682729967294 33.76731564919611, -91.24904083418144 34.35812375537841, -88.1742547581263 36.396560812866305))"
9E,2020-03-11 16:55:00+00:00,2020-03-11 18:55:00+00:00,0.0,35000.0,"POLYGON ((-73.29004716884462 35.312386334912304, -73.18299593829362 35.143448375774895, -75.7314097390649 33.52859026621374, -75.83846096961591 33.69752822535115, -73.29004716884462 35.312386334912304))"
17C,2020-03-11 17:55:00+00:00,2020-03-11 19:55:00+00:00,0.0,37000.0,"POLYGON ((-87.82751932455459 36.516536783670084, -87.11505811146993 35.78629015129647, -88.3258331616007 33.426197125317834, -90.649018153004 33.58678686205006, -87.82751932455459 36.516536783670084))"
18C,2020-03-11 18:55:00+00:00,2020-03-11 20:55:00+00:00,0.0,34000.0,"POLYGON ((-87.11505811146993 35.78629015129647, -86.76932557987541 35.296086248612134, -87.6019803548748 33.079809490703184, -90.20382078231096 33.306271822500285, -87.11505811146993 35.78629015129647))"
10E,2020-03-11 19:55:00+00:00,2020-03-11 21:55:00+00:00,0.0,37000.0,"POLYGON ((-87.05883554853216 35.06216346737892, -86.16496418793277 34.95577823107879, -86.16343986057325 33.41314735839786, -88.49636941117768 32.99445608570187, -89.48234216612482 33.45744597813521, -87.05883554853216 35.06216346737892))"
11E,2020-03-11 19:55:00+00:00,2020-03-11 21:55:00+00:00,0.0,29000.0,"POLYGON ((-83.60364479579334 34.258664148242325, -83.53126325618774 34.07222136151051, -85.37273183999804 33.35731930727742, -85.44511337960364 33.54376209400924, -83.60364479579334 34.258664148242325))"
12E,2020-03-11 20:55:00+00:00,2020-03-11 22:55:00+00:00,0.0,37000.0,"POLYGON ((-85.73222510669639 35.81792757448312, -85.36244722449273 33.35731710735726, -88.25283487334336 32.56981874089525, -88.51 33.49, -85.73222510669639 35.81792757448312))"
13E,2020-03-11 20:55:00+00:00,2020-03-11 22:55:00+00:00,0.0,27000.0,"POLYGON ((-82.82512126146514 34.02735459566804, -82.78269702880428 33.83190592086276, -84.98986527386872 33.35281636324069, -85.03228950652958 33.54826503804597, -82.82512126146514 34.02735459566804))"
14E,2020-03-11 21:55:00+00:00,2020-03-11 23:55:00+00:00,0.0,37000.0,"POLYGON ((-85.53483547945474 34.19086697356401, -85.21 33.05, -88.38372390815753 32.0263937913383, -88.22864570020822 33.25440066662654, -85.53483547945474 34.19086697356401))"
16E,2020-03-11 21:55:00+00:00,2020-03-11 23:55:00+00:00,0.0,36000.0,"POLYGON ((-72.67399383088501 36.208824888541756, -72.79933985502997 35.06616814957474, -76.05057862301025 32.80714986095124, -76.02243555084308 33.699426699793655, -72.67399383088501 36.208824888541756))"
15E,2020-03-11 21:55:00+00:00,2020-03-11 23:55:00+00:00,0.0,27000.0,"POLYGON ((-82.82512126146514 34.02735459566804, -82.78269702880428 33.83190592086276, -84.98986527386872 33.35281636324069, -85.03228950652958 33.54826503804597, -82.82512126146514 34.02735459566804))"
6W,2020-03-11 21:55:00+00:00,2020-03-11 23:55:00+00:00,0.0,33000.0,"POLYGON ((-106.45864188588916 36.83714304832704, -106.82 34.75085812115822, -109.27456539636283 34.68705864998622, -108.09 36.74, -106.45864188588916 36.83714304832704))"
CHARLIE 1,2020-03-11 22:30:00+00:00,2020-03-12 02:30:00+00:00,0.0,36000.0,"POLYGON ((-63.15 39, -63.45 37.15, -71.45 36.45, -70.15 38, -63.15 39))"
19E,2020-03-11 22:55:00+00:00,2020-03-12 00:55:00+00:00,0.0,36000.0,"POLYGON ((-73.02800505405024 36.32362951557459, -72.42995685017227 34.927774552075284, -76.05057862301025 32.80714986095124, -76.38968157471629 33.83174298847364, -73.02800505405024 36.32362951557459))"
7W,2020-03-11 22:55:00+00:00,2020-03-12 00:55:00+00:00,0.0,33000.0,"POLYGON ((-105.82 36.85089313279084, -106.24855268056002 34.56809549490238, -110.43733602317822 33.96747424847214, -110.5653309159267 35.52088907406685, -105.82 36.85089313279084))"
17E,2020-03-11 22:55:00+00:00,2020-03-12 00:55:00+00:00,0.0,36000.0,"POLYGON ((-87.49799934484385 32.775666307281874, -87.04345389029838 32.775666307281874, -87.04345389029838 32.32112085273642, -87.49799934484385 32.32112085273642, -87.49799934484385 32.775666307281874))"
18E,2020-03-11 22:55:00+00:00,2020-03-12 00:55:00+00:00,0.0,35000.0,"POLYGON ((-83.03254597400945 34.165442754876416, -82.48154116650988 33.820233403909334, -84.29 31.66, -84.89383535740684 32.16971493790312, -83.03254597400945 34.165442754876416))"
20E,2020-03-11 22:55:00+00:00,2020-03-12 00:55:00+00:00,0.0,36000.0,"POLYGON ((-78.34981338498427 35.87418021297726, -77.8952679304388 35.87418021297726, -77.8952679304388 35.419634758431805, -78.34981338498427 35.419634758431805, -78.34981338498427 35.87418021297726))"
CHARLIE 2,2020-03-11 23:40:00+00:00,2020-03-12 03:40:00+00:00,0.0,38000.0,"POLYGON ((-60.3 40.3, -62.15 37.3, -72.45 35, -72.45 37.3, -60.3 40.3))"
23E,2020-03-11 23:55:00+00:00,2020-03-12 01:55:00+00:00,0.0,37000.0,"POLYGON ((-72.67399383088501 36.208824888541756, -72.61449218536606 34.997111206835285, -74.03960245309027 34.47617000801013, -74.74260663020704 35.07494773982172, -72.67399383088501 36.208824888541756))"
22E,2020-03-11 23:55:00+00:00,2020-03-12 01:55:00+00:00,0.0,34000.0,"POLYGON ((-82.5300940253788 33.83678166183063, -82.23639896867746 33.55627160089132, -83.92834700221921 31.78682344377124, -84.29 32.15910686720918, -82.5300940253788 33.83678166183063))"
8W,2020-03-11 23:55:00+00:00,2020-03-12 01:55:00+00:00,0.0,33000.0,"POLYGON ((-105.02901494202281 36.79730441391463, -108.19593447309032 32.95830555593388, -110.30045569424573 33.328182861178654, -106.2947418945079 36.42681738449713, -105.02901494202281 36.79730441391463))"
21E,2020-03-11 23:55:00+00:00,2020-03-12 01:55:00+00:00,0.0,35000.0,"POLYGON ((-85.25964275402936 35.287943204222664, -84.71418820857483 35.287943204222664, -84.71418820857483 34.74248865876812, -85.25964275402936 34.74248865876812, -85.25964275402936 35.287943204222664))"
24E,2020-03-11 23:55:00+00:00,2020-03-12 01:55:00+00:00,0.0,33000.0,"POLYGON ((-78.02246728047268 35.76129854994552, -77.56792182592721 35.76129854994552, -77.56792182592721 35.30675309540007, -78.02246728047268 35.30675309540007, -78.02246728047268 35.76129854994552))"
2E,2020-03-12 00:55:00+00:00,2020-03-12 02:55:00+00:00,0.0,34000.0,"POLYGON ((-82.34491009362755 33.773528915290434, -81.85602326766535 33.09480759313287, -83.50818392904688 31.657616916745877, -84.83285059182455 31.849851312657627, -82.34491009362755 33.773528915290434))"
3E,2020-03-12 00:55:00+00:00,2020-03-12 02:55:00+00:00,0.0,34000.0,"POLYGON ((-72.88006515612935 36.21466566920305, -72.61449218536606 34.997111206835285, -74.92750143497929 33.29601366051396, -75.83923781537374 33.63286179856822, -72.88006515612935 36.21466566920305))"
4E,2020-03-12 00:55:00+00:00,2020-03-12 02:55:00+00:00,0.0,37000.0,"POLYGON ((-77.00528285544465 36.25716535586847, -76.9040314984609 35.669609064995846, -78.25916403450852 35.11791037357548, -78.78 35.87, -77.00528285544465 36.25716535586847))"
1W,2020-03-12 00:55:00+00:00,2020-03-12 02:55:00+00:00,0.0,37000.0,"POLYGON ((-106.00722447613708 35.03728998449351, -108.19593447309032 32.95830555593388, -110.30045569424573 33.328182861178654, -108.03912959361297 35.0339026771734, -106.00722447613708 35.03728998449351))"
1E,2020-03-12 00:55:00+00:00,2020-03-12 02:55:00+00:00,0.0,36000.0,"POLYGON ((-84.77259080307977 35.00969399864226, -84.22713625762523 35.00969399864226, -84.22713625762523 34.464239453187716, -84.77259080307977 34.464239453187716, -84.77259080307977 35.00969399864226))"
7E,2020-03-12 01:55:00+00:00,2020-03-12 03:55:00+00:00,0.0,35000.0,"POLYGON ((-76.79896869249265 36.258405492177125, -76.18 35.76089313279082, -77.87 35.18184477868196, -78.63461119288979 35.98755307696688, -76.79896869249265 36.258405492177125))"
6E,2020-03-12 01:55:00+00:00,2020-03-12 03:55:00+00:00,0.0,37000.0,"POLYGON ((-72.88006515612935 36.21466566920305, -72.61449218536606 34.997111206835285, -76.05057862301025 32.80714986095124, -76.74267961425703 33.40369288731016, -72.88006515612935 36.21466566920305))"
2W,2020-03-12 01:55:00+00:00,2020-03-12 03:55:00+00:00,0.0,33000.0,"POLYGON ((-105.34476383473469 35.65982669062733, -105.82421966940844 34.212435222991964, -109.26 33.26821373441836, -108.03912959361297 35.0339026771734, -105.34476383473469 35.65982669062733))"
3W,2020-03-12 01:55:00+00:00,2020-03-12 03:55:00+00:00,0.0,35000.0,"POLYGON ((-111.98 40.18452417705444, -109.67072917533159 39.78616851985936, -111.0278483596983 39.03436467975257, -111.98 40.18452417705444))"
5E,2020-03-12 01:55:00+00:00,2020-03-12 03:55:00+00:00,0.0,31000.0,"POLYGON ((-82.96288950184722 32.6881272418963, -82.31441440147731 31.940549647531416, -83.61061629791001 31.658200469553083, -84.15962817359359 31.927066021943354, -82.96288950184722 32.6881272418963))"
8E,2020-03-12 02:55:00+00:00,2020-03-12 04:55:00+00:00,0.0,40000.0,"POLYGON ((-72.67399383088501 36.208824888541756, -72.61449218536606 34.997111206835285, -76.81696033297256 32.19359480289175, -77.26191260735983 33.11885193382826, -72.67399383088501 36.208824888541756))"
9E,2020-03-12 02:55:00+00:00,2020-03-12 04:55:00+00:00,0.0,37000.0,"POLYGON ((-76.67587735281944 36.09300109032484, -76.52016703277663 35.59168623525817, -78.11824725919479 34.55420383080043, -78.78 35.14714530289553, -76.67587735281944 36.09300109032484))"
4W,2020-03-12 02:55:00+00:00,2020-03-12 04:55:00+00:00,0.0,31000.0,"POLYGON ((-105.39099666712913 35.45528517748798, -106.1995861839587 34.52728241327698, -108.8638895866517 33.070779631839535, -109.00629167797557 34.15279492217964, -105.39099666712913 35.45528517748798))"
5W,2020-03-12 02:55:00+00:00,2020-03-12 04:55:00+00:00,0.0,33000.0,"POLYGON ((-109.37356922215866 40.137539147835206, -109.30725220485701 39.224833630200656, -110.91302862088963 38.820506091993146, -110.39664309244948 39.9352395572343, -109.37356922215866 40.137539147835206))"
CHARLIE 3,2020-03-12 03:40:00+00:00,2020-03-12 07:40:00+00:00,0.0,39000.0,"POLYGON ((-60.45 40.15, -61.3 37.3, -73.45 33.3, -71.15 37.15, -60.45 40.15))"
10E,2020-03-12 03:55:00+00:00,2020-03-12 05:55:00+00:00,0.0,40000.0,"POLYGON ((-72.67399383088501 36.208824888541756, -72.61449218536606 34.997111206835285, -76.81696033297256 32.19359480289175, -77.18711036928703 32.96475210855679, -72.67399383088501 36.208824888541756))"
11E,2020-03-12 03:55:00+00:00,2020-03-12 05:55:00+00:00,0.0,35000.0,"POLYGON ((-76.67587735281944 36.09300109032484, -76.52016703277663 35.59168623525817, -78.11824725919479 34.55420383080043, -78.78 35.14714530289553, -76.67587735281944 36.09300109032484))"
6W,2020-03-12 03:55:00+00:00,2020-03-12 05:55:00+00:00,0.0,33000.0,"POLYGON ((-109.18447436849819 40.136154976016094, -109.13456570476704 39.17014325620436, -110.43830128876056 38.624163592541024, -110.41722929176575 39.60537920013276, -109.18447436849819 40.136154976016094))"
12E,2020-03-12 04:55:00+00:00,2020-03-12 06:55:00+00:00,0.0,40000.0,"POLYGON ((-74.4601793343904 34.835922168434095, -73.48445029602838 33.994284181857886, -75.63977936421509 32.44741231928447, -79.34412565937605 32.2998675212049, -74.4601793343904 34.835922168434095))"
14E,2020-03-12 04:55:00+00:00,2020-03-12 06:55:00+00:00,0.0,40000.0,"POLYGON ((-72.98449992005833 35.13494418784608, -72.79933985502997 35.06616814957474, -73.48445029602838 33.994284181857886, -73.91498722514666 35.4745690241172, -72.98449992005833 35.13494418784608))"
13E,2020-03-12 04:55:00+00:00,2020-03-12 06:55:00+00:00,0.0,35000.0,"POLYGON ((-76.67587735281944 36.09300109032484, -76.52016703277663 35.59168623525817, -78.11824725919479 34.55420383080043, -78.78 35.14714530289553, -76.67587735281944 36.09300109032484))"
17E,2020-03-12 05:55:00+00:00,2020-03-12 07:55:00+00:00,0.0,42000.0,"POLYGON ((-72.26194808884468 36.19608381995575, -73.20923797536753 33.752412249581845, -73.91498722514666 35.4745690241172, -72.26194808884468 36.19608381995575))"
16E,2020-03-12 05:55:00+00:00,2020-03-12 07:55:00+00:00,0.0,30000.0,"POLYGON ((-75.94451320975165 35.79865408172999, -75.63474990650363 35.18282238171873, -76.18 34.92904835410885, -76.9040314984609 35.669609064995846, -75.94451320975165 35.79865408172999))"
15E,2020-03-12 05:55:00+00:00,2020-03-12 07:55:00+00:00,0.0,45000.0,"POLYGON ((-73.54185486530858 35.33957493982048, -73.20923797536753 33.752412249581845, -79.14844043231594 31.04236726841283, -79.48256941343203 32.4181997806037, -73.54185486530858 35.33957493982048))"
1C,2020-03-12 05:55:00+00:00,2020-03-12 07:55:00+00:00,0.0,38000.0,"POLYGON ((-101.15477955123315 40.7426087539317, -100.06410289617664 40.364786402035946, -100.23000000000002 39.54914187884179, -101.69 39.96828375768357, -101.15477955123315 40.7426087539317))"
18E,2020-03-12 06:55:00+00:00,2020-03-12 08:55:00+00:00,0.0,45000.0,"POLYGON ((-73.72826481178812 35.40721542071722, -73.84276514870571 32.88308864982915, -79.96793375336792 30.330953028327283, -79.44166346475708 31.65893283188886, -73.72826481178812 35.40721542071722))"
19E,2020-03-12 06:55:00+00:00,2020-03-12 08:55:00+00:00,0.0,42000.0,"POLYGON ((-72.67399383088501 36.208824888541756, -72.61449218536606 34.997111206835285, -73.20923797536753 33.752412249581845, -73.72826481178812 35.40721542071722, -72.67399383088501 36.208824888541756))"
2C,2020-03-12 06:55:00+00:00,2020-03-12 08:55:00+00:00,0.0,38000.0,"POLYGON ((-100.75 40.550893132790826, -98.85201995983138 40.456671218088836, -99.43306934821706 39.51195578775288, -100.75596004293715 39.89247147467219, -100.75 40.550893132790826))"
CHARLIE 4,2020-03-12 07:40:00+00:00,2020-03-12 11:40:00+00:00,0.0,45000.0,"POLYGON ((-67.15 38.45, -63.3 38, -69.45 33.45, -77 30.3, -77 33, -72.45 36, -67.15 38.45))"
20E,2020-03-12 07:55:00+00:00,2020-03-12 09:55:00+00:00,0.0,36000.0,"POLYGON ((-77.27534482102625 33.146461779908975, -76.76032536806716 32.074336126842205, -80.04533213853725 30.215820689740948, -79.51914252228829 31.82038900581271, -77.27534482102625 33.146461779908975))"
3C,2020-03-12 07:55:00+00:00,2020-03-12 09:55:00+00:00,0.0,36000.0,"POLYGON ((-98.8826565167403 41.21279538989302, -97.40542612924256 39.33050254137909, -98.30464556312468 38.70669779969503, -100.59 40.489141878841785, -98.8826565167403 41.21279538989302))"
21E,2020-03-12 08:55:00+00:00,2020-03-12 10:55:00+00:00,0.0,32000.0,"POLYGON ((-77.27534482102625 33.146461779908975, -76.76032536806716 32.074336126842205, -80.04533213853725 30.215820689740948, -79.51914252228829 31.82038900581271, -77.27534482102625 33.146461779908975))"
4C,2020-03-12 08:55:00+00:00,2020-03-12 10:55:00+00:00,0.0,36000.0,"POLYGON ((-98.8826565167403 41.21279538989302, -97.40542612924256 39.33050254137909, -98.30464556312468 38.70669779969503, -100.59 40.489141878841785, -98.8826565167403 41.21279538989302))"
5C,2020-03-12 08:55:00+00:00,2020-03-12 10:55:00+00:00,0.0,28000.0,"POLYGON ((-93.24 44.43628718173732, -92.77982515956074 43.254659099590675, -93.695132058529 42.97876911011643, -94.41995731018017 43.9566525659237, -93.24 44.43628718173732))"
6C,2020-03-12 09:55:00+00:00,2020-03-12 11:55:00+00:00,0.0,37000.0,"POLYGON ((-97.3307929444443 41.05715772183446, -96.21 39.201786265581646, -97.77147698842089 39.04754281768215, -99.37578812332485 40.5756759355119, -97.3307929444443 41.05715772183446))"
22E,2020-03-12 09:55:00+00:00,2020-03-12 11:55:00+00:00,,,"POLYGON ((-77.43353797965122 34.19969827970299, -77.87 34.0709052816649, -80.45801559499817 29.53338748480424, -79.06202443232338 32.05731831254817, -77.43353797965122 34.19969827970299))"
7C,2020-03-12 09:55:00+00:00,2020-03-12 11:55:00+00:00,0.0,24000.0,"POLYGON ((-92.66709385190588 44.4596527849349, -92.59577519351932 43.30895784757072, -93.51306189312116 43.14517908744991, -93.24 44.29171624231641, -92.66709385190588 44.4596527849349))"
23E,2020-03-12 10:55:00+00:00,2020-03-12 12:55:00+00:00,,,"POLYGON ((-77.43353797965122 34.19969827970299, -77.87 34.0709052816649, -80.45801559499817 29.53338748480424, -79.06202443232338 32.05731831254817, -77.43353797965122 34.19969827970299))"
8C,2020-03-12 10:55:00+00:00,2020-03-12 12:55:00+00:00,0.0,39000.0,"POLYGON ((-96.31615529392165 41.16856447908933, -94.74 38.856287181737315, -97.27606917020391 39.04014560264499, -99.15981399613916 40.763783669784914, -96.31615529392165 41.16856447908933))"
CHARLIE 5,2020-03-12 11:20:00+00:00,2020-03-12 15:20:00+00:00,0.0,40000.0,"POLYGON ((-72.3 36.3, -67.45 35.15, -69.45 33.45, -77 29.45, -77 33.3, -72.3 36.3))"
9C,2020-03-12 11:55:00+00:00,2020-03-12 13:55:00+00:00,0.0,35000.0,"POLYGON ((-96.5191151493155 40.43487091095333, -93.54193043867963 39.66587754378768, -94.73483999589918 38.73086099774799, -98.35000000000001 40.21541730984526, -96.5191151493155 40.43487091095333))"
24E,2020-03-12 11:55:00+00:00,2020-03-12 13:55:00+00:00,0.0,40000.0,"POLYGON ((-77.27534482102625 33.146461779908975, -77.70030809626954 30.473825537681506, -79.61806802467412 29.291709981274753, -78.83640804659295 31.861952177682728, -77.27534482102625 33.146461779908975))"
25E,2020-03-12 11:55:00+00:00,2020-03-12 13:55:00+00:00,0.0,33000.0,"POLYGON ((-73.84583484920726 37.00919021335953, -73.67046679808024 36.233785184620565, -74.53530831720421 35.695462698267505, -74.84734983060027 36.69522384672416, -73.84583484920726 37.00919021335953))"
26E,2020-03-12 12:55:00+00:00,2020-03-12 14:55:00+00:00,0.0,33000.0,"POLYGON ((-76.59787624662071 31.730388451360884, -77.17924536115109 30.643087863040467, -79.41794339793215 28.61699225679675, -79.14844043231594 31.04236726841283, -76.59787624662071 31.730388451360884))"
27E,2020-03-12 12:55:00+00:00,2020-03-12 14:55:00+00:00,0.0,45000.0,"POLYGON ((-73.74419503776971 36.924955745526994, -73.35575740293993 35.27164877728828, -74.4601793343904 34.835922168434095, -74.53604101133865 36.8783989291865, -73.74419503776971 36.924955745526994))"
11C,2020-03-12 12:55:00+00:00,2020-03-12 14:55:00+00:00,0.0,30000.0,"POLYGON ((-93.9042144296635 38.07754216105279, -93.00694185673542 37.974381778266675, -93.64780783888263 36.74475392361326, -94.1672246938372 37.35704960400644, -93.9042144296635 38.07754216105279))"
12C,2020-03-12 12:55:00+00:00,2020-03-12 14:55:00+00:00,0.0,31000.0,"POLYGON ((-96.21 40.53273791147279, -95.53727501731574 39.54195288461503, -96.82184160482629 39.72782108572522, -97.22090354001371 40.513947590780106, -96.21 40.53273791147279))"
10C,2020-03-12 12:55:00+00:00,2020-03-12 14:55:00+00:00,0.0,33000.0,"POLYGON ((-92.59 39.55171624231644, -92.5910596539899 38.80941320139817, -94.74 38.856287181737315, -94.81162047317973 39.423544214488686, -92.59 39.55171624231644))"
29E,2020-03-12 13:55:00+00:00,2020-03-12 15:55:00+00:00,0.0,41000.0,"POLYGON ((-73.74419503776971 36.924955745526994, -73.16997242600482 35.20343812840979, -75.25408200029028 34.411943802892225, -74.94211314614527 36.253622284956656, -73.74419503776971 36.924955745526994))"
28E,2020-03-12 13:55:00+00:00,2020-03-12 15:55:00+00:00,0.0,33000.0,"POLYGON ((-76.74368634706377 32.03923455358845, -77.04413479468433 30.266023031357665, -79.20241947668596 29.286447168852742, -79.14844043231594 31.04236726841283, -76.74368634706377 32.03923455358845))"
DELTA 1,2020-03-12 13:55:00+00:00,2020-03-12 17:55:00+00:00,0.0,42000.0,"POLYGON ((-67.15 26, -65.45 23.15, -68.45 21.45, -70 24.3, -67.15 26))"
15C,2020-03-12 13:55:00+00:00,2020-03-12 15:55:00+00:00,0.0,33000.0,"POLYGON ((-94.932731193374 40.5538045790758, -95.13799851369401 39.596005294521866, -96.21 39.76628718173732, -96.28257722497294 40.33354349406936, -94.932731193374 40.5538045790758))"
14C,2020-03-12 13:55:00+00:00,2020-03-12 15:55:00+00:00,0.0,32000.0,"POLYGON ((-92.68251480413757 37.869376072566745, -92.22 37.94257436347464, -92.82699020830077 37.1929593035637, -93.33 37.36, -92.68251480413757 37.869376072566745))"
13C,2020-03-12 13:55:00+00:00,2020-03-12 15:55:00+00:00,0.0,37000.0,"POLYGON ((-93.99283279622813 39.287612313698084, -92.43420674036432 39.21050338144842, -92.48162973442179 38.605253687620994, -94.22884665238139 38.47416515393296, -93.99283279622813 39.287612313698084))"
GOLF 1,2020-03-12 14:50:00+00:00,2020-03-12 18:50:00+00:00,22000.0,38000.0,"POLYGON ((177.15 49.15, 179 45.3, 168.45 39.45, 165.3 43.15, 169.45 47.3, 177.15 49.15))"
30E,2020-03-12 14:55:00+00:00,2020-03-12 16:55:00+00:00,0.0,41000.0,"POLYGON ((-73.74419503776971 36.924955745526994, -72.79933985502997 35.06616814957474, -78.43961397804969 29.273439933692682, -79.00325341711344 30.733837539856523, -73.74419503776971 36.924955745526994))"
18C,2020-03-12 14:55:00+00:00,2020-03-12 16:55:00+00:00,0.0,35000.0,"POLYGON ((-90.23 36.83815522131805, -89.16194953571646 36.32730621299748, -90.29333352704654 35.63441784495834, -91.10823342157205 36.417305870181714, -90.23 36.83815522131805))"
16C,2020-03-12 14:55:00+00:00,2020-03-12 16:55:00+00:00,0.0,39000.0,"POLYGON ((-92.25989624804141 39.51470968013821, -91.43381431244084 38.55269463572637, -91.49102152831092 37.66328709864097, -92.07420409425838 37.35336186537687, -93.70414918168065 38.52205021385549, -92.25989624804141 39.51470968013821))"
17C,2020-03-12 14:55:00+00:00,2020-03-12 16:55:00+00:00,0.0,36000.0,"POLYGON ((-95.26363829568746 40.196146798968805, -92.939950807045 40.24012360627501, -93.12161597563495 39.71987241196215, -94.95568855109045 39.690500003752, -95.26363829568746 40.196146798968805))"
31E,2020-03-12 15:55:00+00:00,2020-03-12 17:55:00+00:00,0.0,43000.0,"POLYGON ((-73.4965157049699 36.85937199774042, -72.61449218536606 34.997111206835285, -75.91327822438343 32.68738613299373, -76.20591680798546 33.76572079614409, -73.4965157049699 36.85937199774042))"
20C,2020-03-12 15:55:00+00:00,2020-03-12 17:55:00+00:00,0.0,42000.0,"POLYGON ((-91.7373489965223 39.49617779744893, -90.78115756713248 38.624331466094254, -91.00406609322698 37.412800292515804, -91.58110626214004 37.216607091004114, -93.00618568755917 38.55269463572637, -91.7373489965223 39.49617779744893))"
21C,2020-03-12 15:55:00+00:00,2020-03-12 17:55:00+00:00,0.0,43000.0,"POLYGON ((-88.76129844305562 37.09464530839647, -89.16317785813192 35.712488029563765, -90.38062277967303 35.91765186208282, -90.63227640371761 36.72440131848143, -88.76129844305562 37.09464530839647))"
19C,2020-03-12 15:55:00+00:00,2020-03-12 17:55:00+00:00,0.0,36000.0,"POLYGON ((-92.59 40.41914187884179, -92.44584667632606 39.86277818722212, -93.69964040370363 39.61733122408843, -93.64325377865401 40.45719104188034, -92.59 40.41914187884179))"
DELTA 2,2020-03-12 16:50:00+00:00,2020-03-12 20:50:00+00:00,,,"POLYGON ((-65.45 26.3, -62 21.15, -67.45 18.3, -70 20, -72 23.45, -65.45 26.3))"
32E,2020-03-12 16:55:00+00:00,2020-03-12 18:55:00+00:00,0.0,34000.0,"POLYGON ((-72.88006515612935 36.21466566920305, -72.79933985502997 35.06616814957474, -75.45232160042883 34.326234603038515, -74.11705479269541 36.242286206557836, -72.88006515612935 36.21466566920305))"
22C,2020-03-12 16:55:00+00:00,2020-03-12 18:55:00+00:00,0.0,41000.0,"POLYGON ((-90.19653330471573 39.84496021737435, -89.17794568501978 38.488835463455395, -90.67375731303872 37.31624516759141, -92.22 38.643631044263614, -90.19653330471573 39.84496021737435))"
23C,2020-03-12 16:55:00+00:00,2020-03-12 18:55:00+00:00,0.0,44000.0,"POLYGON ((-88.5367702137833 37.67277648245105, -87.76 36.93178626558165, -88.00471699019636 35.68702411156179, -90.37100191551151 35.63804157700413, -89.83193315913948 36.900803767097244, -88.5367702137833 37.67277648245105))"
24C,2020-03-12 17:55:00+00:00,2020-03-12 19:55:00+00:00,0.0,44000.0,"POLYGON ((-88.86 39.74, -88.9689784716891 37.66328709864097, -91.20507588307635 37.984327291508095, -90.64423565324934 39.167294989501364, -88.86 39.74))"
26C,2020-03-12 17:55:00+00:00,2020-03-12 19:55:00+00:00,0.0,34000.0,"POLYGON ((-91.45411677562936 39.90519480831645, -91.28000000000002 39.41628718173732, -92.43420674036432 39.21050338144842, -92.80580926724444 39.729100696904766, -91.45411677562936 39.90519480831645))"
25C,2020-03-12 17:55:00+00:00,2020-03-12 19:55:00+00:00,0.0,42000.0,"POLYGON ((-87.57671189638522 37.929857857300256, -87.18371768480596 35.73003501507558, -89.44622801074459 35.9177067414504, -89.71623113007945 37.25997471516188, -87.57671189638522 37.929857857300256))"
DELTA 3,2020-03-12 18:25:00+00:00,2020-03-12 22:25:00+00:00,0.0,42000.0,"POLYGON ((-65 25.3, -63.15 22, -68.45 19.45, -71 23.15, -65 25.3))"
GOLF 2,2020-03-12 18:25:00+00:00,2020-03-12 22:25:00+00:00,26000.0,38000.0,"POLYGON ((-178.45 50.15, 170.15 47.45, 176.15 42.15, -177.15 47, -178.45 50.15))"
27C,2020-03-12 18:55:00+00:00,2020-03-12 20:55:00+00:00,0.0,45000.0,"POLYGON ((-88.01869333337821 40.07568340642996, -85.99644410708854 37.28209881891041, -87.25921558958264 35.66804004464822, -90.01981742385827 37.6698135177331, -89.8894186494299 38.66751107370577, -88.01869333337821 40.07568340642996))"
29C,2020-03-12 18:55:00+00:00,2020-03-12 20:55:00+00:00,0.0,34000.0,"POLYGON ((-91.56224430660632 34.16730342774377, -91.70946616788171 33.18739909442214, -92.74 33.26, -92.44739069304111 34.14544297272229, -91.56224430660632 34.16730342774377))"
28C,2020-03-12 18:55:00+00:00,2020-03-12 20:55:00+00:00,0.0,36000.0,"POLYGON ((-90.58185362770668 40.069210665688395, -90.48 39.29371281826268, -91.28000000000002 39.41628718173732, -91.28 39.85, -90.58185362770668 40.069210665688395))"
31C,2020-03-12 19:55:00+00:00,2020-03-12 21:55:00+00:00,0.0,37000.0,"POLYGON ((-90.0079447847942 40.39071538696074, -88.11228432956764 39.4868154568478, -88.4505617895641 38.970752393120584, -90.15008780344714 39.474357431332706, -90.0079447847942 40.39071538696074))"
7W,2020-03-12 19:55:00+00:00,2020-03-12 21:55:00+00:00,0.0,35000.0,"POLYGON ((-117.08641502134813 33.944882658822074, -115.7343899958255 33.98219365129119, -115.7810380957785 32.86089651328778, -116.43849367001258 32.77751136455006, -117.08641502134813 33.944882658822074))"
30C,2020-03-12 19:55:00+00:00,2020-03-12 21:55:00+00:00,0.0,45000.0,"POLYGON ((-87.64915341495453 39.79600045532377, -85.06326665041966 37.68995732832941, -86.32196592231656 36.13946720782529, -87.84344125197788 36.52165873641138, -89.49943753971188 37.66774697755, -87.64915341495453 39.79600045532377))"
DELTA 4,2020-03-12 20:15:00+00:00,2020-03-13 00:15:00+00:00,0.0,41000.0,"POLYGON ((-64.3 24.3, -62.3 21.3, -68.15 20.15, -69.3 21.3, -64.3 24.3))"
32C,2020-03-12 20:55:00+00:00,2020-03-12 22:55:00+00:00,0.0,45000.0,"POLYGON ((-88.24383678698867 40.20893955364961, -86.19741142421722 39.566265835750585, -84.2146128334744 38.09675878106805, -86.59865357691422 36.622484581265304, -88.08020189528952 37.314745089157235, -88.24383678698867 40.20893955364961))"
33C,2020-03-12 20:55:00+00:00,2020-03-12 22:55:00+00:00,,,"POLYGON ((-91.2096810851615 36.44037953462872, -93.1350720314995 37.14438998151849, -93.24796134548446 37.11235957549824, -94.00317025441502 36.15384940082134, -93.20375384475258 36.95655279529525, -91.27836289841458 36.25254234840547, -93.8460734396982 36.0300730266386, -93.09086453076763 36.9885832013155, -91.2096810851615 36.44037953462872))"
8W,2020-03-12 20:55:00+00:00,2020-03-12 22:55:00+00:00,0.0,39000.0,"POLYGON ((-117.07863648781588 34.28729644294751, -115.66654922040172 34.03792968524566, -115.21139976441455 33.27965252702535, -116.52702305290315 33.32277618049275, -117.07863648781588 34.28729644294751))"
9W,2020-03-12 21:55:00+00:00,2020-03-12 23:55:00+00:00,0.0,35000.0,"POLYGON ((-117.06552057789804 36.1847624761912, -113.54 35.12089313279082, -115.39141740390579 32.767512318614735, -117.93428264940901 33.366235418247754, -117.06552057789804 36.1847624761912))"
10W,2020-03-12 21:55:00+00:00,2020-03-12 23:55:00+00:00,0.0,34000.0,"POLYGON ((-112.71103639459064 34.23866700707154, -111.09575086263004 33.74490874071189, -110.21112998274515 32.68628639374022, -112.93749493901537 33.10828635712346, -112.71103639459064 34.23866700707154))"
35C,2020-03-12 21:55:00+00:00,2020-03-12 23:55:00+00:00,,,"POLYGON ((-90.46475658617236 37.60352123509882, -91.20174181280196 36.0952474357502, -93.66935727301467 35.99971671365734, -90.293954180348 37.49947058318057, -91.12020909002148 36.14314725608304, -93.67709423327807 36.19956700624127, -91.20947877306536 36.29509772833413, -91.29101149584584 36.24719790800128, -90.46475658617236 37.60352123509882))"
36C,2020-03-12 21:55:00+00:00,2020-03-12 23:55:00+00:00,,,"POLYGON ((-94.20133279657779 35.4288283243151, -94.34382818873624 35.08850877195994, -95.69729187963536 34.65168273224824, -94.0857681237014 35.26559595502832, -94.3167604496937 35.10205882874082, -95.75872107442667 34.84201521509679, -94.40525738352756 35.27884125480848, -94.43232512257009 35.2652911980276, -94.20133279657779 35.4288283243151))"
34C,2020-03-12 21:55:00+00:00,2020-03-12 23:55:00+00:00,0.0,45000.0,"POLYGON ((-85.22938016799064 39.42771555331783, -83.22233068809669 38.35665362712361, -85.77358535709826 36.7068367539493, -87.76 37.351716242316435, -87.5141513875581 39.285246530099, -85.22938016799064 39.42771555331783))"
11W,2020-03-12 21:55:00+00:00,2020-03-12 23:55:00+00:00,0.0,31000.0,"POLYGON ((-120.91992703554368 34.779592311735016, -120.37447249008915 34.779592311735016, -120.37447249008915 34.23413776628047, -120.91992703554368 34.23413776628047, -120.91992703554368 34.779592311735016))"
33E,2020-03-12 22:55:00+00:00,2020-03-13 00:55:00+00:00,0.0,45000.0,"POLYGON ((-84.0575985059627 39.018238407466264, -82.03 38.25089313279083, -83.95114009907918 36.72248419739157, -87.76 37.09815522131804, -86.9228893491022 38.874720205563136, -84.0575985059627 39.018238407466264))"
12W,2020-03-12 22:55:00+00:00,2020-03-13 00:55:00+00:00,0.0,35000.0,"POLYGON ((-117.18147758949553 35.38607912134081, -113.53803893231179 34.44811186252935, -115.51071483775664 32.44837034874208, -116.16 33.29726208852722, -118.9869928686623 34.119746801272925, -117.18147758949553 35.38607912134081))"
14W,2020-03-12 22:55:00+00:00,2020-03-13 00:55:00+00:00,0.0,31000.0,"POLYGON ((-121.09535537387181 34.77821299260097, -120.54990082841728 34.77821299260097, -120.54990082841728 34.23275844714642, -121.09535537387181 34.23275844714642, -121.09535537387181 34.77821299260097))"
13W,2020-03-12 22:55:00+00:00,2020-03-13 00:55:00+00:00,0.0,34000.0,"POLYGON ((-112.68091042414682 34.299136502125464, -111.7531810934235 33.96397931346222, -111.84676992756388 33.429879596717086, -112.82276807338592 33.704040797218944, -112.68091042414682 34.299136502125464))"
38C,2020-03-12 23:02:00+00:00,2020-03-13 00:55:00+00:00,,,"POLYGON ((-92.45205643103108 35.01506627406231, -94.25324783458957 35.32113000865851, -94.30151324683169 35.3174479385004, -95.8894548406585 34.79016995591384, -94.28675216541042 35.12395632933937, -92.48556076185193 34.81789259474318, -95.82642834699512 34.60036041691092, -94.2384867531683 35.12763839949748, -92.45205643103108 35.01506627406231))"
37C,2020-03-12 23:02:00+00:00,2020-03-13 00:55:00+00:00,,,"POLYGON ((-90.2618434319445 37.61831023252884, -90.89196655046655 36.19601900971853, -91.3379474979685 35.87820828735226, -90.09036031319764 37.51538530850728, -90.86425844062657 36.22599436899029, -91.45401439703541 36.04108392991734, -91.00803344953346 36.35889465228361, -91.03574155937343 36.32891929301185, -90.2618434319445 37.61831023252884))"
39C,2020-03-12 23:02:00+00:00,2020-03-13 00:55:00+00:00,0.0,30000.0,"POLYGON ((-93.81039394893641 34.14369947731362, -92.45485499154344 34.24516400484625, -92.43992639453879 34.045721940598334, -93.79546535193175 33.9442574130657, -93.81039394893641 34.14369947731362))"
34E,2020-03-12 23:55:00+00:00,2020-03-13 01:55:00+00:00,0.0,45000.0,"POLYGON ((-85.90637555986719 38.71436989484397, -80.69099427377796 38.71750841571271, -83.95114009907918 36.72248419739157, -88.31692852072202 36.852745154288755, -85.90637555986719 38.71436989484397))"
42C,2020-03-12 23:55:00+00:00,2020-03-13 01:55:00+00:00,0.0,38000.0,"POLYGON ((-91.10084266057102 34.632840088027585, -91.20457265651062 33.774904836200875, -93.04672531707372 33.874443603693884, -92.74899524583412 34.20811332302595, -91.10084266057102 34.632840088027585))"
40C,2020-03-12 23:55:00+00:00,2020-03-13 01:55:00+00:00,0.0,45000.0,"POLYGON ((-90.06979518564958 37.362481716628714, -89.32 36.68547582294558, -91.18504381987486 35.64865534626332, -93.3235738112464 35.70464766751552, -90.06979518564958 37.362481716628714))"
15W,2020-03-12 23:55:00+00:00,2020-03-13 01:55:00+00:00,0.0,42000.0,"POLYGON ((-113.54 35.786368955736386, -114.01007057148281 33.84690315619929, -117.02024614780198 34.60771550259265, -117.18147758949553 35.38607912134081, -113.54 35.786368955736386))"
16W,2020-03-12 23:55:00+00:00,2020-03-13 01:55:00+00:00,,,"POLYGON ((-114.8269165058504 33.03750535799027, -114.6519313012226 32.84288743966236, -114.7560095159923 32.63887397308685, -114.6278635078938 33.01806560478951, -114.6414828077325 32.87861103276066, -114.9341655269686 32.7297609124842, -114.8300873121989 32.93377437905971, -114.8405358056891 32.89805078596142, -114.8269165058504 33.03750535799027))"
41C,2020-03-12 23:55:00+00:00,2020-03-13 01:55:00+00:00,,,"POLYGON ((-92.47598598529214 34.88477408427833, -94.25202641518264 35.20927677270175, -94.29787367194213 35.20694203719351, -95.72993207811535 34.79130194194099, -94.28797358481735 35.01253379062805, -92.51193315492685 34.68803110220463, -95.67418473423109 34.59922843088377, -94.24212632805786 35.01486852613629, -92.47598598529214 34.88477408427833))"
43C,2020-03-12 23:55:00+00:00,2020-03-13 01:55:00+00:00,0.0,36000.0,"POLYGON ((-88.30511635641291 34.98391324116465, -88.64308790614302 33.75706118663541, -89.77831807988862 34.619134527242096, -88.30511635641291 34.98391324116465))"
1E,2020-03-13 00:55:00+00:00,2020-03-13 02:55:00+00:00,0.0,45000.0,"POLYGON ((-85.77549104087174 38.16350476894936, -83.51687895901455 37.49909034178673, -84.34781308735664 36.568647514169584, -87.41386784239167 36.72597107132902, -85.77549104087174 38.16350476894936))"
4C,2020-03-13 00:55:00+00:00,2020-03-13 02:55:00+00:00,0.0,36000.0,"POLYGON ((-87.92116445146783 35.06216346737892, -87.91750080023428 34.35633065528978, -88.93491143757024 33.8421975075005, -89.1254674100661 34.31115342722445, -87.92116445146783 35.06216346737892))"
5C,2020-03-13 00:55:00+00:00,2020-03-13 02:55:00+00:00,0.0,40000.0,"POLYGON ((-91.02896106219391 36.26367898684968, -91.78924672205203 35.44790273046866, -93.1333981384234 35.76668576354224, -91.02896106219391 36.26367898684968))"
1W,2020-03-13 00:55:00+00:00,2020-03-13 02:55:00+00:00,0.0,35000.0,"POLYGON ((-114.72134978882352 36.43212400682935, -113.24970985695938 35.854933439626706, -114.16226012944861 34.15479249132612, -116.46 34.8, -116.46000000000001 35.46547582294557, -114.72134978882352 36.43212400682935))"
2W,2020-03-13 00:55:00+00:00,2020-03-13 02:55:00+00:00,,,"POLYGON ((-114.6960666540639 33.07686516984313, -114.5937111164437 32.79107361920707, -114.7419956373652 32.687786410545, -114.5039333459361 33.02132426682709, -114.5548004077366 32.84535923335158, -114.8563075280787 32.85189854185006, -114.7080230071573 32.95518575051213, -114.7469337158644 32.90090013636762, -114.6960666540639 33.07686516984313))"
3W,2020-03-13 00:55:00+00:00,2020-03-13 02:55:00+00:00,,,"POLYGON ((-112.8402568304365 34.53115925744073, -114.3045123189827 32.96594292332759, -114.3281485976664 32.92324459676595, -114.3903771464765 32.68844030245974, -114.1584590070585 32.82931045984994, -112.6942035185124 34.39452679396307, -114.197051277185 32.63720449210535, -114.1348227283749 32.87200878641157, -112.8402568304365 34.53115925744073))"
3E,2020-03-13 00:55:00+00:00,2020-03-13 02:55:00+00:00,,,"POLYGON ((-87.05698224072674 40.6072834541086, -85.34747332828395 40.68418451397391, -84.3773574454228 40.20015071731316, -87.02682759993559 40.40956977820641, -85.28775023544455 40.67480814876907, -84.28806590053514 40.37911166280566, -85.2581817833963 40.86314545946642, -85.3179048762357 40.87252182467126, -87.05698224072674 40.6072834541086))"
2C,2020-03-13 00:55:00+00:00,2020-03-13 02:55:00+00:00,,,"POLYGON ((-92.48483493567993 34.84952443840771, -93.95813994738675 33.72876184866985, -95.71855057975054 34.55311339411126, -92.37737103897634 34.68084868168708, -93.8620000826291 33.73498648256551, -95.63373474693881 34.73423841862321, -93.87332411457503 33.9098868731818, -93.96946397933269 33.90366223928614, -92.48483493567993 34.84952443840771))"
2E,2020-03-13 00:55:00+00:00,2020-03-13 02:55:00+00:00,0.0,29000.0,"POLYGON ((-82.77148303049273 38.74765787802722, -81.02892759075564 38.90631950483797, -81.48582967878602 37.779434495520654, -81.96179431853945 37.500376222833175, -82.77148303049273 38.74765787802722))"
3C,2020-03-13 00:55:00+00:00,2020-03-13 02:55:00+00:00,0.0,38000.0,"POLYGON ((-89.77831807988862 34.619134527242096, -90.60060702070676 33.57023732920021, -91.84629148396233 34.011713549241755, -91.80843813798178 34.372754372650306, -89.77831807988862 34.619134527242096))"
1C,2020-03-13 00:55:00+00:00,2020-03-13 02:55:00+00:00,0.0,45000.0,"POLYGON ((-89.71623113007945 37.25997471516188, -89.32 36.74285469710448, -89.70065820599903 36.32608070847165, -90.67419270826653 36.64394928571898, -89.71623113007945 37.25997471516188))"
6C,2020-03-13 01:55:00+00:00,2020-03-13 03:55:00+00:00,0.0,45000.0,"POLYGON ((-85.82425981149618 38.560862546232066, -85.96996065873272 37.97202182445672, -89.00264790760632 36.63440270063658, -90.05272453233218 36.60598089917474, -89.02546661565961 37.923223908081795, -85.82425981149618 38.560862546232066))"
4W,2020-03-13 01:55:00+00:00,2020-03-13 03:55:00+00:00,0.0,32000.0,"POLYGON ((-113.06455607032505 36.54129925370784, -113.72385290617808 34.513055288565, -115.70895845487443 35.052361949387304, -115.15999999999998 36.579106867209184, -113.06455607032505 36.54129925370784))"
7C,2020-03-13 01:55:00+00:00,2020-03-13 03:55:00+00:00,,,"POLYGON ((-92.32338749693126 34.74554266907559, -92.42588522603373 34.38262557002703, -95.70852889629515 34.59547474219259, -92.1723683983635 34.6144197043906, -92.34390518662792 34.41685453190432, -95.6955879160513 34.79505563063216, -92.41294424578987 34.5822064584666, -92.49492428519568 34.54797749658931, -92.32338749693126 34.74554266907559))"
5E,2020-03-13 01:55:00+00:00,2020-03-13 03:55:00+00:00,0.0,36000.0,"POLYGON ((-85.72032340449366 40.669515954944984, -84.03201376487438 40.534251529550154, -84.04798623512563 40.33489034929163, -85.73629587474491 40.47015477468646, -85.72032340449366 40.669515954944984))"
4E,2020-03-13 01:55:00+00:00,2020-03-13 03:55:00+00:00,0.0,45000.0,"POLYGON ((-85.19191121100518 37.792679304870546, -83.10176632759917 37.35769217962298, -83.50992625196201 36.206083352749836, -86.88657960078318 36.5405213701114, -85.19191121100518 37.792679304870546))"
8C,2020-03-13 01:55:00+00:00,2020-03-13 03:55:00+00:00,0.0,38000.0,"POLYGON ((-87.49 35.28828375768358, -87.00158127605494 34.8750008503467, -87.22139092609677 33.78023403349343, -90.76121683834131 33.62504559393723, -91.68519083955472 34.270090433322096, -87.49 35.28828375768358))"
9C,2020-03-13 01:55:00+00:00,2020-03-13 03:55:00+00:00,0.0,40000.0,"POLYGON ((-90.61887893068818 36.2201944965997, -90.29055390065137 35.886891637570486, -91.55457083736545 35.189541308570945, -92.5191350759798 35.347362225281856, -90.61887893068818 36.2201944965997))"
5W,2020-03-13 01:55:00+00:00,2020-03-13 03:55:00+00:00,0.0,30000.0,"POLYGON ((-112.85165062180742 34.39275395200195, -112.60855977583493 32.22651081938612, -114.47856351894315 32.66771432512915, -114.2016106212367 33.57076761441223, -112.85165062180742 34.39275395200195))"
6E,2020-03-13 02:55:00+00:00,2020-03-13 04:55:00+00:00,0.0,45000.0,"POLYGON ((-84.35071838181597 37.49087212796139, -82.13 37.10547582294557, -83.12856314608328 36.152266145683434, -86.14657169162585 36.69435743745672, -84.35071838181597 37.49087212796139))"
7E,2020-03-13 02:55:00+00:00,2020-03-13 04:55:00+00:00,0.0,33000.0,"POLYGON ((-84.98659743431635 40.91615451288153, -83.70305770929122 40.904333222805995, -83.60378680893167 40.28918092840811, -85.19 40.31452417705442, -84.98659743431635 40.91615451288153))"
10C,2020-03-13 02:55:00+00:00,2020-03-13 04:55:00+00:00,0.0,39000.0,"POLYGON ((-86.56085112725785 38.41426465607478, -84.52297645173783 38.09526541622195, -88.88168834569701 36.37212576384307, -89.90529588619165 36.489143741459884, -88.34308502601584 37.73755984861174, -86.56085112725785 38.41426465607478))"
12C,2020-03-13 02:55:00+00:00,2020-03-13 04:55:00+00:00,0.0,35000.0,"POLYGON ((-86.99290485450508 35.52477240044752, -86.27003320692039 34.572851559987534, -86.71517615385714 33.73352912350108, -89.72606717433878 33.64976888747607, -88.85915733942898 34.632840088027585, -86.99290485450508 35.52477240044752))"
7W,2020-03-13 02:55:00+00:00,2020-03-13 04:55:00+00:00,0.0,31000.0,"POLYGON ((-112.9111116509389 35.05216375048904, -112.4810341457142 32.09030374970992, -114.46027779358978 32.65228182633036, -113.8624133597151 34.76849082867472, -112.9111116509389 35.05216375048904))"
6W,2020-03-13 02:55:00+00:00,2020-03-13 04:55:00+00:00,0.0,36000.0,"POLYGON ((-113.84319147271717 37.17058160629867, -112.97139804777976 35.80966529276106, -115.52047673185044 35.114727568763875, -116.74999999999999 36.13452417705443, -113.84319147271717 37.17058160629867))"
13C,2020-03-13 02:55:00+00:00,2020-03-13 04:55:00+00:00,,,"POLYGON ((-89.51502866055716 36.05568915502704, -90.84841811400167 36.00359757965857, -90.90821215467692 35.9807620297696, -92.13953479554652 34.96332387486162, -90.84061066228855 35.80375002851584, -89.50722120884404 35.8558416038843, -92.01213926248292 34.80914742349682, -90.78081662161331 35.82658557840481, -89.51502866055716 36.05568915502704))"
11C,2020-03-13 02:55:00+00:00,2020-03-13 04:55:00+00:00,0.0,45000.0,"POLYGON ((-92.05553424586286 34.78216385875991, -90.54691308122061 33.99397898805165, -92.24868206836561 33.66794334765291, -94.40436232120481 34.17738243076366, -92.05553424586286 34.78216385875991))"
17C,2020-03-13 03:55:00+00:00,2020-03-13 05:55:00+00:00,0.0,31000.0,"POLYGON ((-89.02996777887955 35.784369232382, -89.16742330401641 35.01729199628249, -91.60450117321743 35.14921248092541, -91.26278797123997 35.49477284765312, -89.02996777887955 35.784369232382))"
9W,2020-03-13 03:55:00+00:00,2020-03-13 05:55:00+00:00,0.0,32000.0,"POLYGON ((-112.48 35.199106867209174, -112.08831208493072 32.094545625278165, -114.32092325936785 32.53440927700298, -114.04219271824262 34.416328983972136, -112.48 35.199106867209174))"
9E,2020-03-13 03:55:00+00:00,2020-03-13 05:55:00+00:00,0.0,33000.0,"POLYGON ((-83.59956943973013 41.09056722336308, -82.96827791653197 40.14938455677428, -84.11267424121486 40.42354342176776, -84.42401852054486 40.97746502200963, -83.59956943973013 41.09056722336308))"
8E,2020-03-13 03:55:00+00:00,2020-03-13 05:55:00+00:00,0.0,45000.0,"POLYGON ((-81.85300137853105 36.97394544582893, -82.50971811126553 36.13271655800803, -85.44183660321946 36.59386713357804, -83.94281295059176 36.97455778924258, -81.85300137853105 36.97394544582893))"
14C,2020-03-13 03:55:00+00:00,2020-03-13 05:55:00+00:00,0.0,39000.0,"POLYGON ((-85.72112539948566 38.36704801315439, -84.11 37.89742563652536, -88.60503342840734 36.01787822352528, -89.32 36.30914187884179, -87.89977586126305 37.66278493712172, -85.72112539948566 38.36704801315439))"
15C,2020-03-13 03:55:00+00:00,2020-03-13 05:55:00+00:00,0.0,45000.0,"POLYGON ((-91.65259354434792 34.678864203471605, -89.66368408934581 33.96961292769642, -91.77797067361514 33.58824871345906, -94.07 33.51, -94.33707034956592 34.04397844518966, -91.65259354434792 34.678864203471605))"
16C,2020-03-13 03:55:00+00:00,2020-03-13 05:55:00+00:00,0.0,35000.0,"POLYGON ((-86.51472572619465 36.084561534700036, -84.60388116360939 35.8978875520228, -86.84181836991704 34.48698277166315, -88.37691209385699 33.75706118663541, -86.51472572619465 36.084561534700036))"
8W,2020-03-13 03:55:00+00:00,2020-03-13 05:55:00+00:00,0.0,34000.0,"POLYGON ((-113.3081807242209 37.353750652726816, -113.19682558359146 36.28734556357681, -114.25137341425037 35.617909209057736, -115.50522051398082 36.747337263385575, -113.3081807242209 37.353750652726816))"
21C,2020-03-13 04:55:00+00:00,2020-03-13 06:55:00+00:00,0.0,38000.0,"POLYGON ((-97.43615990424959 32.869375680218205, -98.05181607095312 31.657616916745877, -98.95219480377689 32.15840686504874, -97.43615990424959 32.869375680218205))"
20C,2020-03-13 04:55:00+00:00,2020-03-13 06:55:00+00:00,0.0,31000.0,"POLYGON ((-89.02996777887955 35.784369232382, -89.16742330401641 35.01729199628249, -91.60450117321743 35.14921248092541, -91.26278797123997 35.49477284765312, -89.02996777887955 35.784369232382))"
11W,2020-03-13 04:55:00+00:00,2020-03-13 06:55:00+00:00,0.0,32000.0,"POLYGON ((-112.59082790743592 35.93461619922031, -111.55344792031032 35.312339541157044, -111.9941074616685 31.713380249038657, -114.32092325936785 32.53440927700298, -113.7589977618857 34.17972587628486, -112.59082790743592 35.93461619922031))"
11E,2020-03-13 04:55:00+00:00,2020-03-13 06:55:00+00:00,0.0,31000.0,"POLYGON ((-83.59956943973013 41.09056722336308, -82.96827791653197 40.14938455677428, -84.11267424121486 40.42354342176776, -84.42401852054486 40.97746502200963, -83.59956943973013 41.09056722336308))"
10E,2020-03-13 04:55:00+00:00,2020-03-13 06:55:00+00:00,0.0,35000.0,"POLYGON ((-81.85300137853105 36.97394544582893, -82.50971811126553 36.13271655800803, -85.44183660321946 36.59386713357804, -83.94281295059176 36.97455778924258, -81.85300137853105 36.97394544582893))"
18C,2020-03-13 04:55:00+00:00,2020-03-13 06:55:00+00:00,0.0,39000.0,"POLYGON ((-85.72112539948566 38.36704801315439, -84.11 37.89742563652536, -88.60503342840734 36.01787822352528, -89.32 36.30914187884179, -87.89977586126305 37.66278493712172, -85.72112539948566 38.36704801315439))"
22C,2020-03-13 04:55:00+00:00,2020-03-13 06:55:00+00:00,0.0,32000.0,"POLYGON ((-102.23994870501946 33.03172998319868, -102.86067316431904 31.052172290449306, -103.65428360346758 30.948250005976615, -104.25418953188088 33.03278211068641, -102.23994870501946 33.03172998319868))"
19C,2020-03-13 04:55:00+00:00,2020-03-13 06:55:00+00:00,0.0,45000.0,"POLYGON ((-91.65259354434792 34.678864203471605, -89.66368408934581 33.96961292769642, -91.77797067361514 33.58824871345906, -94.07 33.51, -94.33707034956592 34.04397844518966, -91.65259354434792 34.678864203471605))"
10W,2020-03-13 04:55:00+00:00,2020-03-13 06:55:00+00:00,0.0,34000.0,"POLYGON ((-113.3081807242209 37.353750652726816, -112.71502222442088 36.887872609616636, -114.04561516207556 36.027854080043184, -115.54095173681543 36.38607938327763, -115.50522051398082 36.747337263385575, -113.3081807242209 37.353750652726816))"
12E,2020-03-13 05:55:00+00:00,2020-03-13 07:55:00+00:00,0.0,30000.0,"POLYGON ((-81.28660489267794 36.89760286114037, -80.71 36.42452417705444, -84.72121618034382 34.60632367559116, -85.35299953027479 34.959831122219704, -81.28660489267794 36.89760286114037))"
15E,2020-03-13 05:55:00+00:00,2020-03-13 07:55:00+00:00,0.0,35000.0,"POLYGON ((-74.66500063800791 35.74109072870559, -73.72826481178812 35.40721542071722, -74.1793894752955 34.596247650832055, -75.45232160042883 34.326234603038515, -74.66500063800791 35.74109072870559))"
25C,2020-03-13 05:55:00+00:00,2020-03-13 07:55:00+00:00,0.0,30000.0,"POLYGON ((-87.25237327401291 36.32963951731279, -87.11546707905786 34.83676055110143, -90.20355018291487 33.613681422444984, -92.00259521848538 33.51249183378406, -88.55739457964997 36.27225553280849, -87.25237327401291 36.32963951731279))"
24C,2020-03-13 05:55:00+00:00,2020-03-13 07:55:00+00:00,0.0,36000.0,"POLYGON ((-92.18 34.68, -91.57307442111752 34.67849588350597, -91.81757510093813 33.574930814846994, -94.43923226474959 33.63678582442473, -94.78029961419979 34.09617979979481, -92.18 34.68))"
27C,2020-03-13 05:55:00+00:00,2020-03-13 07:55:00+00:00,0.0,40000.0,"POLYGON ((-103.01357731248314 33.31308874122344, -101.6060578375243 33.084807733852614, -102.2611960569123 31.202678269722178, -102.8310459412901 31.257324368724603, -103.01357731248314 33.31308874122344))"
12W,2020-03-13 05:55:00+00:00,2020-03-13 07:55:00+00:00,0.0,32000.0,"POLYGON ((-112.24637415550193 35.160892080146894, -111.40973681810273 35.058474465504986, -111.69555876237396 32.09757575918322, -113.86672094959007 33.022532187617024, -114.08602743928459 34.00087124969707, -112.24637415550193 35.160892080146894))"
14E,2020-03-13 05:55:00+00:00,2020-03-13 07:55:00+00:00,0.0,30000.0,"POLYGON ((-85.72112539948566 38.36704801315439, -84.11 37.89742563652536, -88.60503342840734 36.01787822352528, -89.32 36.30914187884179, -87.89977586126305 37.66278493712172, -85.72112539948566 38.36704801315439))"
13E,2020-03-13 05:55:00+00:00,2020-03-13 07:55:00+00:00,0.0,31000.0,"POLYGON ((-81.46441844292127 41.419356345770964, -81.21867059942643 39.7126340684442, -82.03 39.32828375768358, -82.80587190461488 39.749100554992324, -82.38298253062206 41.25279366030851, -81.46441844292127 41.419356345770964))"
26C,2020-03-13 05:55:00+00:00,2020-03-13 07:55:00+00:00,0.0,35000.0,"POLYGON ((-97.10596998213867 33.00354882484096, -97.04 32.29171624231642, -98.05693125775515 31.934211071424663, -97.99057901676797 32.53445336186845, -97.10596998213867 33.00354882484096))"
28C,2020-03-13 05:55:00+00:00,2020-03-13 07:55:00+00:00,0.0,37000.0,"POLYGON ((-99.79700111674651 33.960101951009634, -99.51724502122754 32.479535570212605, -100.10181651411717 32.275314559539424, -101.0411568498048 33.69695906042214, -99.79700111674651 33.960101951009634))"
17E,2020-03-13 06:55:00+00:00,2020-03-13 08:55:00+00:00,0.0,32000.0,"POLYGON ((-82.03 38.916368955736395, -81.12 37.447262088527225, -86.2813464230858 36.622484581265304, -85.99644410708854 37.28209881891041, -82.03 38.916368955736395))"
18E,2020-03-13 06:55:00+00:00,2020-03-13 08:55:00+00:00,0.0,35000.0,"POLYGON ((-73.54185486530858 35.33957493982048, -75.29134565535617 33.431553251189904, -76.74267961425703 33.40369288731016, -74.47702885257405 35.67489660334179, -73.54185486530858 35.33957493982048))"
32C,2020-03-13 06:55:00+00:00,2020-03-13 08:55:00+00:00,0.0,45000.0,"POLYGON ((-102.50991439314684 33.69855022734939, -100.70336386541864 33.1830360781015, -100.8105267911084 31.49682920279749, -102.08089813488336 31.265222523867294, -102.50991439314684 33.69855022734939))"
31C,2020-03-13 06:55:00+00:00,2020-03-13 08:55:00+00:00,0.0,35000.0,"POLYGON ((-98.89495167084866 33.37480363990927, -97.04 32.7036310442636, -97.49551862203506 32.12091646371472, -100.04207678089301 32.4162022834118, -98.89495167084866 33.37480363990927))"
30C,2020-03-13 06:55:00+00:00,2020-03-13 08:55:00+00:00,0.0,28000.0,"POLYGON ((-85.86459917321937 36.73761094631314, -85.54212217927147 35.727896196103664, -86.73978426134461 34.962369672831116, -89.91206421891827 33.332123112730564, -90.12344152165255 34.90227495982557, -85.86459917321937 36.73761094631314))"
13W,2020-03-13 06:55:00+00:00,2020-03-13 08:55:00+00:00,0.0,32000.0,"POLYGON ((-112.0891495696622 35.46790226524021, -111.16727355000431 34.13293202734433, -111.64188836195177 32.6609008781232, -113.12018247950974 33.04313866885902, -113.41118142600301 34.3781211147329, -112.0891495696622 35.46790226524021))"
16E,2020-03-13 06:55:00+00:00,2020-03-13 08:55:00+00:00,0.0,31000.0,"POLYGON ((-80.01390531605948 42.22412400119316, -80.35565004380913 40.562775948774046, -81.48247832405573 39.50697105831236, -82.19057564579444 39.842630915511386, -81.70183296749666 41.68703744555595, -80.01390531605948 42.22412400119316))"
29C,2020-03-13 06:55:00+00:00,2020-03-13 08:55:00+00:00,0.0,35000.0,"POLYGON ((-92.30415882318196 34.577709939779126, -90.68162834968457 34.26075079953575, -91.1464306879999 33.45698657745611, -94.59016629831731 33.50891308728169, -94.56275476649212 33.9179341292826, -92.30415882318196 34.577709939779126))"
20E,2020-03-13 07:55:00+00:00,2020-03-13 09:55:00+00:00,0.0,32000.0,"POLYGON ((-73.54185486530858 35.33957493982048, -75.29134565535617 33.431553251189904, -76.74267961425703 33.40369288731016, -74.47702885257405 35.67489660334179, -73.54185486530858 35.33957493982048))"
19E,2020-03-13 07:55:00+00:00,2020-03-13 09:55:00+00:00,0.0,28000.0,"POLYGON ((-80.52080966847652 38.249049746294524, -80.78997622242332 37.24367804430176, -84.52679484608925 37.02927115345801, -83.62557581926235 37.95124979729648, -80.52080966847652 38.249049746294524))"
34C,2020-03-13 07:55:00+00:00,2020-03-13 09:55:00+00:00,0.0,36000.0,"POLYGON ((-99.29924413269605 32.949320588324674, -97.2380806494726 32.86984391931344, -98.10562910184912 32.36312409063965, -100.17374547625303 31.60498530244947, -99.29924413269605 32.949320588324674))"
14W,2020-03-13 07:55:00+00:00,2020-03-13 09:55:00+00:00,0.0,32000.0,"POLYGON ((-112.505676559366 36.113654900246246, -110.56796680262785 34.59866406770116, -111.1366178644362 32.560913038804934, -112.78748523333947 34.084793500183224, -112.505676559366 36.113654900246246))"
33C,2020-03-13 07:55:00+00:00,2020-03-13 09:55:00+00:00,0.0,35000.0,"POLYGON ((-90.18168192011139 34.619134527242096, -90.40267937218238 33.56216669584919, -94.76355054751481 33.50806772733763, -94.68667871254092 34.019610033334494, -90.18168192011139 34.619134527242096))"
35C,2020-03-13 07:55:00+00:00,2020-03-13 09:55:00+00:00,0.0,45000.0,"POLYGON ((-101.29924521091804 33.18735974080283, -99.86 32.91371281826268, -100.2806783208531 31.36988879769355, -101.12727870258328 31.368220793046177, -101.29924521091804 33.18735974080283))"
21E,2020-03-13 08:55:00+00:00,2020-03-13 10:55:00+00:00,0.0,36000.0,"POLYGON ((-72.58141744893663 37.314117035316904, -73.16997242600482 35.20343812840979, -74.92750143497929 33.29601366051396, -76.20591680798546 33.76572079614409, -72.58141744893663 37.314117035316904))"
36C,2020-03-13 08:55:00+00:00,2020-03-13 10:55:00+00:00,0.0,45000.0,"POLYGON ((-97.46187526428372 33.2222144348305, -96.90012113607516 32.75228152865572, -100.45 31.37, -100.77424882668845 32.795030997392566, -97.46187526428372 33.2222144348305))"
15W,2020-03-13 08:55:00+00:00,2020-03-13 10:55:00+00:00,0.0,28000.0,"POLYGON ((-112.00367681947569 36.70597271143323, -109.79346201111123 33.34481541689901, -111.28546315828322 33.17316713494835, -112.95769677829135 36.089164505033914, -112.00367681947569 36.70597271143323))"
22E,2020-03-13 09:55:00+00:00,2020-03-13 11:55:00+00:00,0.0,34000.0,"POLYGON ((-72.44912037204143 38.31226701060093, -72.00776677003088 36.83103045050032, -74.38385970089264 33.090725365225445, -76.02243555084308 33.699426699793655, -72.44912037204143 38.31226701060093))"
37C,2020-03-13 09:55:00+00:00,2020-03-13 11:55:00+00:00,0.0,42000.0,"POLYGON ((-96.46365203714986 33.61976871041788, -96.7606117723427 32.6344080894434, -99.47576694794002 31.36631853452987, -99.86 33.31184477868196, -96.46365203714986 33.61976871041788))"
38C,2020-03-13 10:55:00+00:00,2020-03-13 12:55:00+00:00,0.0,45000.0,"POLYGON ((-99.39259800037578 33.98739430056722, -96.24420123293828 33.88818545115803, -95.59278718736687 33.123042573428044, -98.85504110127808 31.41992584276884, -99.39259800037578 33.98739430056722))"
39C,2020-03-13 10:55:00+00:00,2020-03-13 12:55:00+00:00,0.0,40000.0,"POLYGON ((-101.20778005091158 33.10980723833875, -99.86 32.646368955736385, -100.82592793615227 32.13797674495977, -101.7721848025133 32.36223752213527, -101.20778005091158 33.10980723833875))"
23E,2020-03-13 10:55:00+00:00,2020-03-13 12:55:00+00:00,,,"POLYGON ((-72.32 40.25017267599575, -73.6103983131207 38.70944155088858, -75.21077690577745 35.46667669303635, -76.99109654960714 34.34685963974101, -72.32 40.25017267599575))"
24E,2020-03-13 11:55:00+00:00,2020-03-13 13:55:00+00:00,0.0,35000.0,"POLYGON ((-71.86951135689726 38.108070973791584, -70.9107273746298 37.76147064377434, -73.20923797536753 33.752412249581845, -76.02243555084308 33.699426699793655, -71.86951135689726 38.108070973791584))"
25E,2020-03-13 11:55:00+00:00,2020-03-13 13:55:00+00:00,0.0,30000.0,"POLYGON ((-74.40459309059578 38.97199834078283, -73.22698757191851 38.58006038127584, -73.56735042444014 37.69724202511723, -75.04115104063033 37.266384887862195, -74.40459309059578 38.97199834078283))"
41C,2020-03-13 11:55:00+00:00,2020-03-13 13:55:00+00:00,0.0,35000.0,"POLYGON ((-100.24063157400094 33.24795255537649, -99.0458104520193 33.06692806077203, -99.70956832239567 32.17250074110116, -101.9118161461184 32.24497781151233, -100.24063157400094 33.24795255537649))"
40C,2020-03-13 11:55:00+00:00,2020-03-13 13:55:00+00:00,0.0,40000.0,"POLYGON ((-97.17 33.776287181737324, -96.24735433788916 32.590874593384925, -97.583464633539 31.548967045717415, -98.59 33.267145302895536, -97.17 33.776287181737324))"
27E,2020-03-13 12:55:00+00:00,2020-03-13 14:55:00+00:00,0.0,31000.0,"POLYGON ((-73.72814891600814 39.09509286846337, -71.67703125623976 38.03937462876671, -72.43731817834639 37.19360502431225, -74.32529934192618 37.40287991959156, -73.72814891600814 39.09509286846337))"
26E,2020-03-13 12:55:00+00:00,2020-03-13 14:55:00+00:00,0.0,35000.0,"POLYGON ((-73.70463030094238 36.2344941975834, -72.79933985502997 35.06616814957474, -74.92750143497929 33.29601366051396, -75.6537279468731 34.33002969055372, -73.70463030094238 36.2344941975834))"
43C,2020-03-13 12:55:00+00:00,2020-03-13 14:55:00+00:00,0.0,37000.0,"POLYGON ((-99.14488870346338 33.79775385358701, -98.87393805654176 32.47615613789508, -101.40521346859894 32.00758420984056, -100.29 33.70452417705443, -99.14488870346338 33.79775385358701))"
44C,2020-03-13 12:55:00+00:00,2020-03-13 14:55:00+00:00,0.0,33000.0,"POLYGON ((-103.14676253323326 33.884796373472774, -101.681641233936 33.238675042336375, -102.4163910612882 32.470913742071424, -103.886215718584 33.08317452322444, -103.14676253323326 33.884796373472774))"
42C,2020-03-13 12:55:00+00:00,2020-03-13 14:55:00+00:00,0.0,31000.0,"POLYGON ((-96.86427277160114 33.59480051591332, -95.73540571771392 32.41616501731253, -97.08929721646108 31.72353934593218, -97.83230865157022 32.86750276830183, -96.86427277160114 33.59480051591332))"
28E,2020-03-13 13:55:00+00:00,2020-03-13 15:55:00+00:00,0.0,35000.0,"POLYGON ((-73.49845074724051 36.230067480330845, -72.67399383088501 36.208824888541756, -75.10928185556631 33.36391611371047, -76.60350539699624 33.28469139114844, -73.49845074724051 36.230067480330845))"
16W,2020-03-13 13:55:00+00:00,2020-03-13 15:55:00+00:00,0.0,32000.0,"POLYGON ((-108.73528100451622 37.873506450289746, -108.09 36.74, -108.85467354193706 36.48288412960742, -109.3184311693127 37.68202851488748, -108.73528100451622 37.873506450289746))"
45C,2020-03-13 13:55:00+00:00,2020-03-13 15:55:00+00:00,0.0,43000.0,"POLYGON ((-98.21877741773034 34.296124390011755, -97.9006204409633 32.867053582321645, -100.33412200887581 32.31313634842084, -100.33587379914776 32.64507977296659, -98.21877741773034 34.296124390011755))"
29E,2020-03-13 14:55:00+00:00,2020-03-13 16:55:00+00:00,0.0,35000.0,"POLYGON ((-73.02800505405024 36.32362951557459, -72.79933985502997 35.06616814957474, -75.29134565535617 33.431553251189904, -76.46471044237626 33.165535224984644, -73.02800505405024 36.32362951557459))"
46C,2020-03-13 14:55:00+00:00,2020-03-13 16:55:00+00:00,0.0,43000.0,"POLYGON ((-97.17 34.70910686720918, -96.47674616855943 33.33930182712991, -98.59087818783965 32.0279606345741, -99.72036318577695 32.597563553116736, -99.29455446645635 33.39978538573632, -97.17 34.70910686720918))"
17W,2020-03-13 14:55:00+00:00,2020-03-13 16:55:00+00:00,0.0,32000.0,"POLYGON ((-108.25173264330374 38.029357763204686, -107.70576131670026 37.0460646693539, -108.21773746832986 36.84215887144958, -108.7608125906422 37.86520395937801, -108.25173264330374 38.029357763204686))"
30E,2020-03-13 15:55:00+00:00,2020-03-13 17:55:00+00:00,0.0,35000.0,"POLYGON ((-71.17713667859279 38.76239319143765, -70.94129191277956 38.298637311610506, -72.79933985502997 35.06616814957474, -75.04956751115576 34.3176554899172, -71.17713667859279 38.76239319143765))"
47C,2020-03-13 15:55:00+00:00,2020-03-13 17:55:00+00:00,0.0,45000.0,"POLYGON ((-95.78000000000002 34.56085812115821, -96.69574541778 32.86952856133956, -97.83264566211085 32.590874593384925, -99.2251125489322 32.69970683790637, -95.78000000000002 34.56085812115821))"
18W,2020-03-13 15:55:00+00:00,2020-03-13 17:55:00+00:00,0.0,32000.0,"POLYGON ((-108.01507890467414 37.80646188414879, -107.25362715179014 37.01370250360388, -107.54878361582846 36.7387746645979, -108.25578588581429 37.58677653575107, -108.01507890467414 37.80646188414879))"
31E,2020-03-13 16:55:00+00:00,2020-03-13 18:55:00+00:00,0.0,39000.0,"POLYGON ((-73.02800505405024 36.32362951557459, -72.79933985502997 35.06616814957474, -73.7612320341291 34.23553982536499, -74.31958095363107 34.7161654317201, -73.02800505405024 36.32362951557459))"
49C,2020-03-13 16:55:00+00:00,2020-03-13 18:55:00+00:00,0.0,28000.0,"POLYGON ((-106.71755433971434 37.83473691201755, -106.39858193468459 37.15758965012762, -107.05199703644213 36.73549266106669, -107.04 37.61815522131804, -106.71755433971434 37.83473691201755))"
48C,2020-03-13 16:55:00+00:00,2020-03-13 18:55:00+00:00,0.0,45000.0,"POLYGON ((-95.78000000000002 33.851786265581644, -95.84712949601693 32.79724958196069, -99.46556578999682 32.47938496195746, -99.86 32.979106867209175, -95.78000000000002 33.851786265581644))"
32E,2020-03-13 16:55:00+00:00,2020-03-13 18:55:00+00:00,0.0,39000.0,"POLYGON ((-71.32285450924466 39.04571490319168, -70.03 39.11143590868659, -70.84402661573738 38.10549398389934, -72.61424663941315 37.34149420539057, -71.32285450924466 39.04571490319168))"
50C,2020-03-13 17:55:00+00:00,2020-03-13 19:55:00+00:00,0.0,28000.0,"POLYGON ((-106.82 36.038213734418356, -106.24193247376363 35.509194240131734, -106.82 34.041786265581656, -107.28 34.11184477868197, -106.82 36.038213734418356))"
52C,2020-03-13 17:55:00+00:00,2020-03-13 19:55:00+00:00,0.0,45000.0,"POLYGON ((-95.06832228897655 34.25971971085531, -95.31037583012738 32.88932345993607, -98.76212910256062 32.85723857488899, -98.81912169339527 33.52867273131372, -95.06832228897655 34.25971971085531))"
51C,2020-03-13 17:55:00+00:00,2020-03-13 19:55:00+00:00,0.0,28000.0,"POLYGON ((-105.8195263124544 32.754135211976106, -105.22826711046754 32.827380110356025, -105.80758100389805 31.985102371264993, -106.14940041824495 32.08706560701844, -105.8195263124544 32.754135211976106))"
56C,2020-03-13 18:55:00+00:00,2020-03-13 20:55:00+00:00,0.0,31000.0,"POLYGON ((-106.35860734962722 34.11689442957199, -105.88703939923465 33.27223202988416, -106.58110217700983 32.689838632694915, -107.28 33.113631044263606, -106.35860734962722 34.11689442957199))"
19W,2020-03-13 18:55:00+00:00,2020-03-13 20:55:00+00:00,0.0,33000.0,"POLYGON ((-111.72987579135244 34.95237052994372, -111.03203319737216 34.59866406770116, -112.02000000000001 32.930893132790814, -113.0167165840009 33.426013939891796, -111.72987579135244 34.95237052994372))"
53C,2020-03-13 18:55:00+00:00,2020-03-13 20:55:00+00:00,,,"POLYGON ((-105.1262964848637 36.40428187755095, -106.5054811837252 34.93278909995377, -106.9240964323652 34.83367559350695, -105.5851317663705 35.80870841901984, -105.1262964848637 36.40428187755095))"
33E,2020-03-13 18:55:00+00:00,2020-03-13 20:55:00+00:00,0.0,34000.0,"POLYGON ((-70.05975735873028 38.91776391829869, -70.00024264126972 38.72682414139092, -72.05119581617895 38.08755504457755, -72.1107105336395 38.27849482148532, -70.05975735873028 38.91776391829869))"
54C,2020-03-13 18:55:00+00:00,2020-03-13 20:55:00+00:00,0.0,34000.0,"POLYGON ((-103.93569811854933 34.51170501815823, -103.84523469500373 32.379703248794655, -105.22826711046754 32.827380110356025, -104.62 34.20742563652537, -103.93569811854933 34.51170501815823))"
55C,2020-03-13 18:55:00+00:00,2020-03-13 20:55:00+00:00,0.0,40000.0,"POLYGON ((-97.5196334668377 34.209503998343045, -95.03483416348915 33.838213371214984, -96.17937955903672 32.867053582321645, -98.78924160548745 33.58914083079105, -97.5196334668377 34.209503998343045))"
20W,2020-03-13 19:55:00+00:00,2020-03-13 21:55:00+00:00,0.0,32000.0,"POLYGON ((-111.61297454813061 35.05728797171954, -111.55732065655053 34.35137261046083, -112.02000000000001 32.59815522131804, -112.69593832825915 32.04481678504188, -113.12990807859433 33.80706227448634, -111.61297454813061 35.05728797171954))"
34E,2020-03-13 19:55:00+00:00,2020-03-13 21:55:00+00:00,0.0,32000.0,"POLYGON ((-70.06478039043557 38.91605075995603, -69.99521960956443 38.72853729973358, -71.87854683871949 38.02989031972223, -71.94810761959063 38.217403779944675, -70.06478039043557 38.91605075995603))"
57C,2020-03-13 19:55:00+00:00,2020-03-13 21:55:00+00:00,0.0,31000.0,"POLYGON ((-106.68441123081139 35.30705692706721, -105.14 34.937145302895516, -106.52115138424544 32.02422689177636, -107.85128604793347 32.075316336882956, -106.68441123081139 35.30705692706721))"
59C,2020-03-13 19:55:00+00:00,2020-03-13 21:55:00+00:00,0.0,40000.0,"POLYGON ((-96.68451550010589 34.37501890770815, -94.26998978675871 33.91053791343498, -95.35896950526971 32.929672374570146, -98.52337856719308 33.856415907076084, -96.68451550010589 34.37501890770815))"
58C,2020-03-13 19:55:00+00:00,2020-03-13 21:55:00+00:00,0.0,37000.0,"POLYGON ((-103.6 35.035429060579105, -103.24000000000001 32.737425636525366, -104.75204338177343 33.072797826186644, -104.62 34.06285469710448, -103.6 35.035429060579105))"
60C,2020-03-13 20:55:00+00:00,2020-03-13 22:55:00+00:00,0.0,42000.0,"POLYGON ((-106.82 34.37452417705443, -104.39015209252548 33.80090320216795, -105.2987768549954 30.29308435151978, -107.61 32.28, -106.82 34.37452417705443))"
62C,2020-03-13 20:55:00+00:00,2020-03-13 22:55:00+00:00,0.0,35000.0,"POLYGON ((-98.62047221075267 35.39570882242333, -95.06832228897655 34.25971971085531, -95.73455624607473 33.23966253602434, -99.68532905472999 34.36851321096221, -98.62047221075267 35.39570882242333))"
35E,2020-03-13 20:55:00+00:00,2020-03-13 22:55:00+00:00,0.0,32000.0,"POLYGON ((-70.06478039043557 38.91605075995603, -69.99521960956443 38.72853729973358, -71.87854683871949 38.02989031972223, -71.94810761959063 38.217403779944675, -70.06478039043557 38.91605075995603))"
61C,2020-03-13 20:55:00+00:00,2020-03-13 22:55:00+00:00,0.0,28000.0,"POLYGON ((-105.77315777639325 36.16948220477843, -105.27664394952602 35.927055177535266, -105.4105687639771 35.125432174486996, -106.44401503209197 35.34610207006979, -105.77315777639325 36.16948220477843))"
21W,2020-03-13 20:55:00+00:00,2020-03-13 22:55:00+00:00,0.0,37000.0,"POLYGON ((-112.80535583104606 34.81021763025393, -110.8 34.77085812115821, -110.77976151101977 31.832801073829916, -113.65047666238074 32.43446710888436, -112.80535583104606 34.81021763025393))"
65C,2020-03-13 21:55:00+00:00,2020-03-13 23:55:00+00:00,0.0,42000.0,"POLYGON ((-98.50074717887483 35.8780292857771, -95.4048279558675 34.97675755489824, -96.33498721907586 33.45622861203412, -98.59 33.15815522131804, -100.24063157400094 33.24795255537649, -98.50074717887483 35.8780292857771))"
63C,2020-03-13 21:55:00+00:00,2020-03-13 23:55:00+00:00,0.0,36000.0,"POLYGON ((-106.58802264672235 34.578664231665655, -104.23554218314528 34.107933388171986, -104.84300846170056 30.615302008725454, -107.06574031147058 32.08783249749802, -106.58802264672235 34.578664231665655))"
23W,2020-03-13 21:55:00+00:00,2020-03-13 23:55:00+00:00,0.0,27000.0,"POLYGON ((-108.45913460527375 39.67435410625065, -108.36148586270673 39.05921594375095, -109.18518381905326 38.931999292759656, -109.40008568121911 39.52897848557763, -108.45913460527375 39.67435410625065))"
22W,2020-03-13 21:55:00+00:00,2020-03-13 23:55:00+00:00,0.0,37000.0,"POLYGON ((-112.48 35.199106867209174, -110.8 34.727262088527226, -110.5466069225867 32.22681463651934, -113.61073861238914 32.7661130529657, -112.48 35.199106867209174))"
36E,2020-03-13 21:55:00+00:00,2020-03-13 23:55:00+00:00,0.0,36000.0,"POLYGON ((-68.8200037601979 39.002922405318266, -68.47899782834493 38.33088824976778, -71.07929313118865 37.823208725934215, -71.91332722915506 38.12364704983345, -68.8200037601979 39.002922405318266))"
64C,2020-03-13 21:55:00+00:00,2020-03-13 23:55:00+00:00,0.0,28000.0,"POLYGON ((-106.1649255496896 36.68166675739391, -105.40946455964803 36.48878578176173, -105.47765491723639 34.99169673145791, -106.82 35.32914187884179, -106.1649255496896 36.68166675739391))"
ECHO 1,2020-03-13 22:40:00+00:00,2020-03-14 02:40:00+00:00,0.0,41000.0,"POLYGON ((-68.45 38.45, -66 38.3, -69 36.45, -71.45 37.15, -68.45 38.45))"
68C,2020-03-13 22:55:00+00:00,2020-03-14 00:55:00+00:00,0.0,42000.0,"POLYGON ((-98.21124616483327 36.11436498675524, -95.78000000000002 35.34910686720918, -97.3453371503311 33.48444916676013, -98.94575117331155 32.795030997392566, -100.08758671936191 32.94091005379595, -98.21124616483327 36.11436498675524))"
66C,2020-03-13 22:55:00+00:00,2020-03-14 00:55:00+00:00,0.0,44000.0,"POLYGON ((-103.31297002938366 34.944379882662474, -104.48511150535066 30.489911477706066, -106.67158887235203 31.81940048805411, -106.07141903420853 34.78303231946541, -103.31297002938366 34.944379882662474))"
25W,2020-03-13 22:55:00+00:00,2020-03-14 00:55:00+00:00,0.0,27000.0,"POLYGON ((-109.12941832397318 39.81735030408487, -107.71403598592941 39.75073225446294, -107.63035062853416 38.6395206657978, -108.95327694974151 38.75247617934097, -109.12941832397318 39.81735030408487))"
24W,2020-03-13 22:55:00+00:00,2020-03-14 00:55:00+00:00,0.0,31000.0,"POLYGON ((-112.85333666692134 34.57209717191184, -110.8 34.22815522131805, -110.5466069225867 32.22681463651934, -113.61073861238914 32.7661130529657, -112.85333666692134 34.57209717191184))"
67C,2020-03-13 22:55:00+00:00,2020-03-14 00:55:00+00:00,0.0,27000.0,"POLYGON ((-105.75052753977566 37.21641353983952, -104.66247710936061 36.89051908481228, -105.4105687639771 35.125432174486996, -106.82 35.32914187884179, -105.75052753977566 37.21641353983952))"
27W,2020-03-13 23:55:00+00:00,2020-03-14 01:55:00+00:00,0.0,27000.0,"POLYGON ((-109.12941832397318 39.81735030408487, -107.71403598592941 39.75073225446294, -107.63035062853416 38.6395206657978, -108.95327694974151 38.75247617934097, -109.12941832397318 39.81735030408487))"
26W,2020-03-13 23:55:00+00:00,2020-03-14 01:55:00+00:00,0.0,27000.0,"POLYGON ((-112.19463052287925 34.46438587084129, -110.41470708870986 34.29086471522568, -110.04702688077134 32.267559751279975, -113.68274816643529 33.084993957933236, -112.19463052287925 34.46438587084129))"
70C,2020-03-13 23:55:00+00:00,2020-03-14 01:55:00+00:00,0.0,37000.0,"POLYGON ((-97.27183214767301 35.5102062470261, -95.53024225536493 35.05419910917019, -95.92196365110662 33.252306211156856, -98.59 33.99, -97.27183214767301 35.5102062470261))"
69C,2020-03-13 23:55:00+00:00,2020-03-14 01:55:00+00:00,0.0,43000.0,"POLYGON ((-102.4609738147084 35.56385412764025, -103.95 29.86628718173732, -106.62028242166295 31.819547294354663, -106.4932904643407 35.15021212572269, -102.4609738147084 35.56385412764025))"
71C,2020-03-13 23:55:00+00:00,2020-03-14 01:55:00+00:00,0.0,30000.0,"POLYGON ((-100.28792287116188 35.53790741655854, -99.96593650528497 34.48022292961879, -101.16573140345771 34.366881418985336, -101.51491618805996 35.187708496916805, -100.28792287116188 35.53790741655854))"
4C,2020-03-14 00:55:00+00:00,2020-03-14 02:55:00+00:00,0.0,27000.0,"POLYGON ((-106.13776643737062 36.7347540774274, -105.16354504801517 36.72492214860059, -105.54952589186291 35.6593067662274, -106.42748321780125 35.807894320709636, -106.13776643737062 36.7347540774274))"
3C,2020-03-14 00:55:00+00:00,2020-03-14 02:55:00+00:00,0.0,31000.0,"POLYGON ((-99.88 35.67452417705444, -99.5723277770109 34.95611303170029, -100.44483641031039 34.677312362178164, -100.62091602958658 35.28572624517899, -99.88 35.67452417705444))"
2C,2020-03-14 00:55:00+00:00,2020-03-14 02:55:00+00:00,0.0,40000.0,"POLYGON ((-94.83696450681437 35.57967658583245, -94.49501093707914 33.86219695738831, -98.16610697677672 33.6363505270807, -97.22227391250833 35.526745683916225, -94.83696450681437 35.57967658583245))"
1C,2020-03-14 00:55:00+00:00,2020-03-14 02:55:00+00:00,0.0,45000.0,"POLYGON ((-103.04736508513709 36.254684808957734, -101.64 36.12184477868196, -102.98 30.450893132790817, -106.00380645766656 31.584420429311066, -103.04736508513709 36.254684808957734))"
FOXTROT 1,2020-03-14 01:00:00+00:00,2020-03-14 05:00:00+00:00,0.0,42000.0,"POLYGON ((-62.45 22.15, -60.15 21, -64 19.45, -64.45 21, -62.45 22.15))"
7C,2020-03-14 01:55:00+00:00,2020-03-14 03:55:00+00:00,0.0,30000.0,"POLYGON ((-98.92982575170316 36.017900142804685, -98.41638819607472 35.39725360267512, -99.5723277770109 34.95611303170029, -100.11572438597068 35.878653405358904, -98.92982575170316 36.017900142804685))"
8C,2020-03-14 01:55:00+00:00,2020-03-14 03:55:00+00:00,0.0,34000.0,"POLYGON ((-102.72136072787367 36.55089733693644, -101.20784388488761 36.57864742802027, -102.27895543722724 33.57211815047471, -103.76817950634114 34.042941984077785, -102.72136072787367 36.55089733693644))"
5C,2020-03-14 01:55:00+00:00,2020-03-14 03:55:00+00:00,0.0,42000.0,"POLYGON ((-104.33760523934986 33.57496189950146, -101.96360893871181 32.470913742071424, -104.22185555197464 30.064437810051942, -106.28 31.82, -104.33760523934986 33.57496189950146))"
6C,2020-03-14 01:55:00+00:00,2020-03-14 03:55:00+00:00,0.0,34000.0,"POLYGON ((-96.29409770335499 35.790032694610545, -93.44799922043906 35.66384384940356, -93.45332128745908 34.019610033334494, -96.64555237183372 34.20888400333733, -96.29409770335499 35.790032694610545))"
9C,2020-03-14 01:55:00+00:00,2020-03-14 03:55:00+00:00,0.0,34000.0,"POLYGON ((-97.04429367950864 33.074703711194, -96.90376635621404 32.93239393848793, -97.98666759610785 31.863056185071628, -98.12719491940246 32.0053659577777, -97.04429367950864 33.074703711194))"
ECHO 2,2020-03-14 02:30:00+00:00,2020-03-14 06:30:00+00:00,0.0,44000.0,"POLYGON ((-67.45 38.15, -66.3 37, -70.15 35.45, -70.3 37.3, -67.45 38.15))"
10C,2020-03-14 02:55:00+00:00,2020-03-14 04:55:00+00:00,0.0,40000.0,"POLYGON ((-103.3982368712152 34.30772979278121, -100.24063157400094 33.24795255537649, -102.08686887748583 30.628595778775562, -105.19016441255754 32.197358845118885, -103.3982368712152 34.30772979278121))"
13C,2020-03-14 02:55:00+00:00,2020-03-14 04:55:00+00:00,0.0,39000.0,"POLYGON ((-102.13533240823655 36.64701544300981, -100.37850317087013 36.504940412176076, -100.66019723993327 34.062760867171, -102.67803757200072 34.4445682201174, -102.13533240823655 36.64701544300981))"
11C,2020-03-14 02:55:00+00:00,2020-03-14 04:55:00+00:00,0.0,38000.0,"POLYGON ((-92.96638996158332 35.857177188472285, -92.42801226272931 34.475294468650624, -94.07000000000001 34.23285469710447, -94.47461236895543 35.79052619839144, -92.96638996158332 35.857177188472285))"
12C,2020-03-14 02:55:00+00:00,2020-03-14 04:55:00+00:00,0.0,30000.0,"POLYGON ((-98.1271436149986 36.7505200014325, -97.39536187770251 35.800526134617584, -98.48677546409661 35.39675960010366, -99.54884210251666 36.22889313454414, -98.1271436149986 36.7505200014325))"
14C,2020-03-14 02:55:00+00:00,2020-03-14 04:55:00+00:00,0.0,29000.0,"POLYGON ((-96.36880121022142 33.557900689493415, -96.24043888715181 33.40452822124643, -97.46043998055217 32.383470294186424, -97.58880230362178 32.53684276243341, -96.36880121022142 33.557900689493415))"
FOXTROT 2,2020-03-14 03:25:00+00:00,2020-03-14 07:25:00+00:00,0.0,40000.0,"POLYGON ((-60.15 23.45, -58.45 21.15, -63.3 19.15, -65.15 20.15, -60.15 23.45))"
17C,2020-03-14 03:55:00+00:00,2020-03-14 05:55:00+00:00,0.0,29000.0,"POLYGON ((-97.60127760694762 36.96439761682897, -97.1591385709576 36.092918688610936, -98.16703531414505 35.589676096180874, -98.95278049477572 36.34555633780301, -97.60127760694762 36.96439761682897))"
18C,2020-03-14 03:55:00+00:00,2020-03-14 05:55:00+00:00,0.0,37000.0,"POLYGON ((-101.11760838223219 37.157549252929094, -99.88 37.17184477868197, -99.91700096657736 34.496767785414036, -101.64 34.62452417705442, -101.11760838223219 37.157549252929094))"
16C,2020-03-14 03:55:00+00:00,2020-03-14 05:55:00+00:00,0.0,34000.0,"POLYGON ((-91.4449344376446 35.94300669737892, -91.47679639344712 34.677980824440674, -93.05899647129553 34.67684507488825, -93.29481744226602 35.97053807292037, -91.4449344376446 35.94300669737892))"
15C,2020-03-14 03:55:00+00:00,2020-03-14 05:55:00+00:00,0.0,35000.0,"POLYGON ((-103.6 35.18, -99.89162359421545 33.5679561666315, -101.93052525190525 31.475471177288785, -104.62 34.351996575946266, -103.6 35.18))"
GOLF 1,2020-03-14 04:55:00+00:00,2020-03-14 08:55:00+00:00,27000.0,40000.0,"POLYGON ((-54.3 36.15, -52.45 35, -61 29.45, -62.15 32, -61.15 33.3, -54.3 36.15))"
23C,2020-03-14 04:55:00+00:00,2020-03-14 06:55:00+00:00,0.0,30000.0,"POLYGON ((-102.94456408418554 35.399535777237425, -102.29275408104735 35.06694539616699, -102.9738352235814 34.23279470413608, -104.25160415484609 33.64613792869364, -104.62 33.91828375768358, -102.94456408418554 35.399535777237425))"
21C,2020-03-14 04:55:00+00:00,2020-03-14 06:55:00+00:00,0.0,37000.0,"POLYGON ((-99.6033644425533 36.87394661293221, -98.17318625490233 36.145278499114376, -100.08794879785114 34.77053262075429, -100.21210016639019 36.450190644423834, -99.6033644425533 36.87394661293221))"
20C,2020-03-14 04:55:00+00:00,2020-03-14 06:55:00+00:00,0.0,29000.0,"POLYGON ((-97.06568436773385 37.33997149550803, -96.4275789745833 36.709449003595914, -97.56100263695303 36.349463096732606, -97.92 36.92828375768359, -97.06568436773385 37.33997149550803))"
22C,2020-03-14 04:55:00+00:00,2020-03-14 06:55:00+00:00,0.0,33000.0,"POLYGON ((-101.14808558371958 35.45497962647934, -100.55983705803853 34.903969006029456, -101.91 34.133712818262694, -102.0143088643201 34.98274145135418, -101.14808558371958 35.45497962647934))"
19C,2020-03-14 04:55:00+00:00,2020-03-14 06:55:00+00:00,0.0,35000.0,"POLYGON ((-100.29 34.80371281826268, -98.95855274603603 33.6827687637044, -101.24148580249981 32.33842242248976, -102.39917984651737 33.290126560435304, -100.29 34.80371281826268))"
ECHO 3,2020-03-14 05:05:00+00:00,2020-03-14 09:05:00+00:00,0.0,44000.0,"POLYGON ((-67 40, -62 38.3, -71.15 34.15, -72.3 35, -72.45 38, -67 40))"
FOXTROT 3,2020-03-14 05:05:00+00:00,2020-03-14 09:05:00+00:00,0.0,41000.0,"POLYGON ((-58.3 25.45, -56 23, -63.3 19.15, -65.15 20.15, -60.15 23, -58.3 25.45))"
24C,2020-03-14 05:55:00+00:00,2020-03-14 07:55:00+00:00,0.0,41000.0,"POLYGON ((-98.16468403823336 37.93955746508777, -95.54594172433615 35.310890830866896, -100.13964030391494 32.71497224287986, -104.33760523934986 33.57496189950146, -103.22330385851821 35.306750451660314, -98.16468403823336 37.93955746508777))"
26C,2020-03-14 05:55:00+00:00,2020-03-14 07:55:00+00:00,0.0,39000.0,"POLYGON ((-101.86327473998158 31.770181238524273, -101.31782019452704 31.770181238524273, -101.31782019452704 31.224726693069726, -101.86327473998158 31.224726693069726, -101.86327473998158 31.770181238524273))"
25C,2020-03-14 05:55:00+00:00,2020-03-14 07:55:00+00:00,0.0,39000.0,"POLYGON ((-94.07000000000001 34.23285469710447, -94.07 33.51, -95.48160217635015 33.03125132880792, -95.78000000000002 34.12714530289552, -94.07000000000001 34.23285469710447))"
27C,2020-03-14 06:55:00+00:00,2020-03-14 08:55:00+00:00,0.0,39000.0,"POLYGON ((-95.47316860065065 38.58423968751526, -94.1008871159077 37.10282846638978, -99.29924413269605 32.949320588324674, -100.66299903342265 34.496767785414036, -99.88 37.00547582294557, -95.47316860065065 38.58423968751526))"
28C,2020-03-14 06:55:00+00:00,2020-03-14 08:55:00+00:00,0.0,34000.0,"POLYGON ((-101.64 35.95547582294557, -100.86332317628079 34.839228059388795, -102.64681474555427 33.44314487865578, -103.7689686731065 34.17814746467652, -101.64 35.95547582294557))"
29C,2020-03-14 07:55:00+00:00,2020-03-14 09:55:00+00:00,0.0,41000.0,"POLYGON ((-94.24516000410081 38.73086099774799, -93.33 37.193631044263604, -97.88544553354366 33.39978538573632, -99.72308159869397 33.89812855337828, -98.15856340270282 36.810878075481234, -94.24516000410081 38.73086099774799))"
30C,2020-03-14 07:55:00+00:00,2020-03-14 09:55:00+00:00,0.0,37000.0,"POLYGON ((-101.29826505467707 35.957351457972415, -100.29 34.80371281826268, -101.84339639528184 33.83354826940795, -102.6376295006216 34.9005318111442, -101.29826505467707 35.957351457972415))"
GOLF 2,2020-03-14 08:45:00+00:00,2020-03-14 12:45:00+00:00,27000.0,40000.0,"POLYGON ((-55.15 35.15, -52.3 34.3, -61 29.15, -62 31.15, -59.15 34, -55.15 35.15))"
ECHO 4,2020-03-14 08:50:00+00:00,2020-03-14 12:50:00+00:00,0.0,39000.0,"POLYGON ((-63.3 39.15, -61 38, -69.45 32.45, -71.3 35.45, -67.45 38.45, -63.3 39.15))"
FOXTROT 4,2020-03-14 08:50:00+00:00,2020-03-14 12:50:00+00:00,0.0,39000.0,"POLYGON ((-58.3 25.3, -56.45 25.15, -55.15 22.45, -61.3 20, -62.15 21, -58.3 25.3))"
32C,2020-03-14 08:55:00+00:00,2020-03-14 10:55:00+00:00,0.0,37000.0,"POLYGON ((-99.88 36.34, -99.4886480282956 35.570835321443745, -101.6791766169211 34.16090029316504, -101.64 35.62273791147278, -99.88 36.34))"
31C,2020-03-14 08:55:00+00:00,2020-03-14 10:55:00+00:00,0.0,41000.0,"POLYGON ((-93.73466581861939 38.85579128560341, -92.22 37.81178626558165, -96.6136773314642 34.017743509894764, -98.59 34.48910686720918, -96.5279945470293 37.74532469243881, -93.73466581861939 38.85579128560341))"
33C,2020-03-14 08:55:00+00:00,2020-03-14 10:55:00+00:00,0.0,39000.0,"POLYGON ((-101.45068262061615 33.35720229771885, -100.90522807516162 33.35720229771885, -100.90522807516162 32.8117477522643, -101.45068262061615 32.8117477522643, -101.45068262061615 33.35720229771885))"
34C,2020-03-14 09:55:00+00:00,2020-03-14 11:55:00+00:00,0.0,41000.0,"POLYGON ((-93.0739939041142 38.80689172102783, -91.49102152831092 37.66328709864097, -95.5485504237519 34.388665785407746, -97.9156941449308 34.46241227482925, -94.88086753747407 38.14201787786918, -93.0739939041142 38.80689172102783))"
35C,2020-03-14 09:55:00+00:00,2020-03-14 11:55:00+00:00,0.0,37000.0,"POLYGON ((-99.8111992324755 36.47354642750835, -97.6 35.11085812115821, -99.07232843184931 33.8230837609998, -100.77449201936804 34.20307023616194, -101.37064922541445 34.75543628142861, -99.8111992324755 36.47354642750835))"
36C,2020-03-14 09:55:00+00:00,2020-03-14 11:55:00+00:00,0.0,43000.0,"POLYGON ((-100.53709788993677 34.16529736216625, -99.67449566755182 33.857321380370195, -100.71687197266715 32.477097385483304, -101.58005129498054 33.03172998319868, -100.53709788993677 34.16529736216625))"
37C,2020-03-14 09:55:00+00:00,2020-03-14 11:55:00+00:00,0.0,37000.0,"POLYGON ((-98.72096090423972 32.5538903085641, -98.59984708365121 32.394731763514024, -99.76223798516791 31.510194882030813, -99.88335180575642 31.66935342708089, -98.72096090423972 32.5538903085641))"
38C,2020-03-14 10:55:00+00:00,2020-03-14 12:55:00+00:00,0.0,35000.0,"POLYGON ((-92.22 38.310893132790824, -91.42849394206678 37.031282275620306, -94.9691054389347 34.847309056890715, -96.35670613636886 35.319203887459075, -94.32849503136146 37.96247935218371, -92.22 38.310893132790824))"
39C,2020-03-14 10:55:00+00:00,2020-03-14 12:55:00+00:00,0.0,39000.0,"POLYGON ((-98.68761235164578 36.960915446210805, -97.6 35.4, -100.37413025744975 32.478955039120386, -101.26947465948918 33.477046635069804, -98.68761235164578 36.960915446210805))"
40C,2020-03-14 10:55:00+00:00,2020-03-14 12:55:00+00:00,0.0,34000.0,"POLYGON ((-98.90797432031994 32.54056509058404, -98.75555239688325 32.411075487696934, -99.69651033569836 31.30347599160262, -99.84893225913505 31.432965594489733, -98.90797432031994 32.54056509058404))"
ECHO 5,2020-03-14 11:00:00+00:00,2020-03-14 15:00:00+00:00,0.0,39000.0,"POLYGON ((-63.15 40, -61 38, -62.45 35, -66.45 34.15, -68.45 36, -63.15 40))"
GOLF 3,2020-03-14 11:00:00+00:00,2020-03-14 15:00:00+00:00,27000.0,40000.0,"POLYGON ((-54 35, -55.15 32.15, -60.15 29.3, -61.15 30.3, -56.3 34.45, -54 35))"
42C,2020-03-14 11:55:00+00:00,2020-03-14 13:55:00+00:00,0.0,42000.0,"POLYGON ((-97.47981379936958 36.702116066481395, -96.36002649131596 36.0076474131216, -99.78439866261203 32.63368228509672, -100.74779727933377 33.44691598373664, -99.4886480282956 35.570835321443745, -97.47981379936958 36.702116066481395))"
41C,2020-03-14 11:55:00+00:00,2020-03-14 13:55:00+00:00,0.0,33000.0,"POLYGON ((-91.4713192263066 38.21939860491814, -90.23 37.33726208852722, -93.86184956633484 35.3893136398658, -96.53150191425202 35.102357651227884, -92.7342362570836 37.82907258150776, -91.4713192263066 38.21939860491814))"
44C,2020-03-14 12:55:00+00:00,2020-03-14 14:55:00+00:00,0.0,42000.0,"POLYGON ((-96.16838395018881 37.47440063553829, -95.78000000000002 35.34910686720918, -98.43697859494392 33.682495447604516, -99.83220272066626 33.44691598373664, -98.62047221075267 35.39570882242333, -96.16838395018881 37.47440063553829))"
43C,2020-03-14 12:55:00+00:00,2020-03-14 14:55:00+00:00,0.0,31000.0,"POLYGON ((-90.93099383894734 38.50620889701939, -88.92312419028445 37.54226254088019, -93.98054722973222 35.62493638310259, -94.50056992402563 36.122063633923524, -90.93099383894734 38.50620889701939))"
HOTEL 1,2020-03-14 13:27:00+00:00,2020-03-14 17:27:00+00:00,0.0,42000.0,"POLYGON ((-58.15 22.15, -59.15 19.45, -61.45 18.45, -61.3 21, -58.15 22.15))"
45C,2020-03-14 13:55:00+00:00,2020-03-14 15:55:00+00:00,0.0,44000.0,"POLYGON ((-94.69318354175225 36.439634020808136, -94.70481673081402 35.74214405089515, -97.01658486333072 33.90249466098179, -99.47936842599904 33.24795255537649, -96.55437130914534 36.45223955216109, -94.69318354175225 36.439634020808136))"
46C,2020-03-14 14:55:00+00:00,2020-03-14 16:55:00+00:00,0.0,44000.0,"POLYGON ((-92.17564338928928 36.97237909931712, -96.08803196490558 34.23479133629657, -98.87298439712576 33.75439460339153, -94.61319420109861 36.687987244776664, -92.17564338928928 36.97237909931712))"
HOTEL 2,2020-03-14 14:55:00+00:00,2020-03-14 18:55:00+00:00,0.0,38000.0,"POLYGON ((-59 21.45, -58.3 20.3, -60.45 18.45, -61.3 19.45, -59 21.45))"
INDIA 1,2020-03-14 14:55:00+00:00,2020-03-14 18:55:00+00:00,0.0,42000.0,"POLYGON ((-58 25.3, -56.15 23, -58 22, -59.15 25.3, -58 25.3))"
1W,2020-03-14 14:55:00+00:00,2020-03-14 16:55:00+00:00,0.0,30000.0,"POLYGON ((-114.21186993369855 42.68411862118364, -113.76815322501547 42.2564307570617, -114.57694457610513 41.34049751626185, -115.4493117963878 41.76038310477907, -114.21186993369855 42.68411862118364))"
47C,2020-03-14 15:55:00+00:00,2020-03-14 17:55:00+00:00,0.0,38000.0,"POLYGON ((-91.07055761815863 37.390388077322115, -94.96895618059155 34.5706807639092, -98.21877741773034 34.296124390011755, -93.7142722574464 37.0526961127479, -91.07055761815863 37.390388077322115))"
48C,2020-03-14 16:55:00+00:00,2020-03-14 18:55:00+00:00,0.0,32000.0,"POLYGON ((-90.55205273408532 36.877868866166466, -95.21941606925651 34.65771311087037, -97.17 34.70910686720918, -93.33 36.69452417705442, -90.55205273408532 36.877868866166466))"
49C,2020-03-14 17:55:00+00:00,2020-03-14 19:55:00+00:00,0.0,40000.0,"POLYGON ((-91.26772359628241 36.72440131848143, -91.97961632213422 36.1055952070775, -97.95829739608767 33.18498112909956, -98.59 33.49089313279083, -93.6803850755142 36.60211901382818, -91.26772359628241 36.72440131848143))"
50C,2020-03-14 17:55:00+00:00,2020-03-14 19:55:00+00:00,0.0,43000.0,"POLYGON ((-94.76968045461199 31.535928124466004, -94.67031954538801 31.362355633217575, -95.17715227007224 31.072221177078372, -95.27651317929622 31.2457936683268, -94.76968045461199 31.535928124466004))"
53C,2020-03-14 18:55:00+00:00,2020-03-14 20:55:00+00:00,0.0,32000.0,"POLYGON ((-90.21641862118754 36.695973531165265, -91.02865262060335 35.95626940500629, -91.89741702910396 35.78793167730311, -91.90512709527358 36.42454854238829, -90.21641862118754 36.695973531165265))"
52C,2020-03-14 18:55:00+00:00,2020-03-14 20:55:00+00:00,0.0,42000.0,"POLYGON ((-95.16645805411454 32.066392735164186, -92.87547576982467 32.0279791098017, -94.77391793409 29.95874695152936, -96.31099318140777 30.832926542824385, -95.16645805411454 32.066392735164186))"
51C,2020-03-14 18:55:00+00:00,2020-03-14 20:55:00+00:00,0.0,38000.0,"POLYGON ((-94.12 35.917262088527224, -93.51821534209513 35.13300231982025, -97.47572722839885 33.59480051591332, -97.73585886681921 33.73813637090367, -94.12 35.917262088527224))"
54C,2020-03-14 19:55:00+00:00,2020-03-14 21:55:00+00:00,0.0,36000.0,"POLYGON ((-94.27 35.53457093942089, -94.06741070764174 34.98913222470598, -95.28418627363382 34.44008408108652, -95.40489519177895 35.15610615137527, -94.27 35.53457093942089))"
55C,2020-03-14 19:55:00+00:00,2020-03-14 21:55:00+00:00,0.0,42000.0,"POLYGON ((-93.33434920118522 32.60312638756297, -91.86854583009202 32.51988371312955, -93.51471641130745 31.2560141445925, -95.07955323196018 31.46618189833333, -93.33434920118522 32.60312638756297))"
56C,2020-03-14 19:55:00+00:00,2020-03-14 21:55:00+00:00,0.0,40000.0,"POLYGON ((-94.31819343870718 31.06863189033637, -94.18693570511239 30.917729910986992, -95.43845211087836 29.829134468529595, -95.56970984447315 29.980036447878973, -94.31819343870718 31.06863189033637))"
2W,2020-03-14 19:55:00+00:00,2020-03-14 21:55:00+00:00,0.0,25000.0,"POLYGON ((-112.36336347036634 43.82276486365683, -112.28486021427821 42.980070300469606, -113.98035391183357 41.130489580845435, -115.17744031418785 41.96680047832521, -112.36336347036634 43.82276486365683))"
57C,2020-03-14 20:55:00+00:00,2020-03-14 22:55:00+00:00,0.0,37000.0,"POLYGON ((-91.90512709527358 36.42454854238829, -91.52899808448849 35.63804157700413, -93.8831814328102 34.62085722434349, -94.27 35.39, -91.90512709527358 36.42454854238829))"
3W,2020-03-14 20:55:00+00:00,2020-03-14 22:55:00+00:00,0.0,26000.0,"POLYGON ((-112.82461022263051 43.177277488967356, -111.4073701918618 42.51362659834109, -113.3209154102215 40.72916809275339, -114.49000000000001 41.648155221318035, -112.82461022263051 43.177277488967356))"
58C,2020-03-14 20:55:00+00:00,2020-03-14 22:55:00+00:00,0.0,42000.0,"POLYGON ((-93.81 32.77, -92.04 32.52, -93.7264036883091 29.91726057531323, -95.35 29.96, -93.81 32.77))"
4W,2020-03-14 21:55:00+00:00,2020-03-14 23:55:00+00:00,0.0,27000.0,"POLYGON ((-112.29901408186592 43.48428676683007, -111.23964525153369 42.574451510895386, -113.14975898769308 40.919395596006495, -114.06358482760835 41.710679560009815, -112.29901408186592 43.48428676683007))"
60C,2020-03-14 21:55:00+00:00,2020-03-14 23:55:00+00:00,0.0,41000.0,"POLYGON ((-93.99853795727286 31.771352613296923, -92.2603024402253 31.464231821908815, -93.34690908873776 30.344241508251134, -95.35 30.249141878841787, -93.99853795727286 31.771352613296923))"
59C,2020-03-14 21:55:00+00:00,2020-03-14 23:55:00+00:00,0.0,37000.0,"POLYGON ((-91.6131724364772 36.32947421129509, -91.1544032115665 35.70912768372638, -94.07000000000001 34.08828375768358, -94.644767138232 35.08273931479666, -91.6131724364772 36.32947421129509))"
JULIETT 1,2020-03-14 22:20:00+00:00,2020-03-15 02:20:00+00:00,0.0,40000.0,"POLYGON ((-57.3 25.45, -56.15 22.45, -59.15 19.45, -61.3 25.3, -57.3 25.45))"
61C,2020-03-14 22:55:00+00:00,2020-03-15 00:55:00+00:00,0.0,41000.0,"POLYGON ((-92.08597290199695 35.722628727619885, -91.60450117321743 35.14921248092541, -94.3776293483607 34.124440010838626, -94.58003408062255 34.774783481838234, -92.08597290199695 35.722628727619885))"
5W,2020-03-14 22:55:00+00:00,2020-03-15 00:55:00+00:00,0.0,25000.0,"POLYGON ((-112.16568784786082 43.221904817741155, -111.01373549920363 42.57644888764597, -112.29215272324016 41.08486135849537, -113.69987334010801 41.889068173965995, -112.16568784786082 43.221904817741155))"
62C,2020-03-14 22:55:00+00:00,2020-03-15 00:55:00+00:00,0.0,39000.0,"POLYGON ((-93.05040504392407 31.34926917992785, -92.96433279224466 31.16873783225982, -94.8330323019992 30.277794643752944, -94.91910455367861 30.458325991420974, -93.05040504392407 31.34926917992785))"
63C,2020-03-14 23:55:00+00:00,2020-03-15 01:55:00+00:00,0.0,41000.0,"POLYGON ((-91.361859462487 36.10929520613403, -90.35595408427716 35.14675390284798, -94.07 33.51, -95.06832228897655 34.25971971085531, -91.361859462487 36.10929520613403))"
64C,2020-03-14 23:55:00+00:00,2020-03-15 01:55:00+00:00,,,"POLYGON ((-94.46801689362812 31.22666691618558, -95.40834730030177 29.88902559320473, -97.27262420941105 28.03533432905304, -94.31968550597807 31.09251103879732, -95.40469067429834 29.89285936972698, -97.41364234505423 28.17715775948581, -95.54936543594495 30.03084902363749, -95.55302206194838 30.02701524711524, -94.46801689362812 31.22666691618558))"
1C,2020-03-15 00:55:00+00:00,2020-03-15 02:55:00+00:00,0.0,42000.0,"POLYGON ((-91.70855174868449 35.852939785534595, -90.79257669598358 35.01729199628249, -93.67093491194913 33.50936027002112, -94.66144457784915 34.46287254898777, -91.70855174868449 35.852939785534595))"
2C,2020-03-15 00:55:00+00:00,2020-03-15 02:55:00+00:00,,,"POLYGON ((-95.3349104829147 30.10378582261232, -96.20389505917802 28.78119180561376, -97.28581019473754 28.02430665073213, -95.18271410325207 29.97403120027619, -96.18511995184181 28.79825388798299, -97.40045635972774 28.18818543780672, -96.31854122416823 28.94507059268835, -96.33731633150444 28.92800851031912, -95.3349104829147 30.10378582261232))"
3C,2020-03-15 01:55:00+00:00,2020-03-15 03:55:00+00:00,0.0,38000.0,"POLYGON ((-90.57186565256244 35.802723774765916, -89.91255430952044 34.886415202209875, -92.74 33.83828375768358, -93.15843122444886 35.008045160756005, -90.57186565256244 35.802723774765916))"
4C,2020-03-15 01:55:00+00:00,2020-03-15 03:55:00+00:00,0.0,39000.0,"POLYGON ((-96.55564423339148 33.69733059527902, -95.48160217635015 33.03125132880792, -96.9086538354859 32.60279906770049, -97.40640776209352 33.17614759132981, -96.55564423339148 33.69733059527902))"
JULIETT 2,2020-03-15 02:05:00+00:00,2020-03-15 06:05:00+00:00,0.0,41000.0,"POLYGON ((-58.3 26.3, -54.45 23.45, -59 19.3, -62 23.45, -58.3 26.3))"
5C,2020-03-15 02:55:00+00:00,2020-03-15 04:55:00+00:00,0.0,45000.0,"POLYGON ((-95.78000000000002 34.18452417705443, -94.8052086053976 33.25316055484376, -96.31009169360146 32.61321286290881, -97.04 33.53547582294557, -95.78000000000002 34.18452417705443))"
6C,2020-03-15 03:55:00+00:00,2020-03-15 05:55:00+00:00,0.0,43000.0,"POLYGON ((-95.13072663340314 34.62697379795357, -94.00374858770202 33.376416229754525, -95.54356136195696 32.69413878844873, -96.97024754395446 33.80913949721411, -95.13072663340314 34.62697379795357))"
7C,2020-03-15 04:55:00+00:00,2020-03-15 06:55:00+00:00,0.0,42000.0,"POLYGON ((-90.7595904186905 36.17351604886221, -89.82392860793561 35.32730996982709, -95.84712949601693 32.79724958196069, -96.16433490775596 34.08086945155923, -90.7595904186905 36.17351604886221))"
JULIETT 3,2020-03-15 05:20:00+00:00,2020-03-15 09:20:00+00:00,0.0,41000.0,"POLYGON ((-60.45 27.15, -54.15 25.45, -55.3 20.45, -59.45 18.45, -58.45 21.3, -62.45 23, -60.45 27.15))"
HOTEL 1,2020-03-15 05:20:00+00:00,2020-03-15 09:20:00+00:00,0.0,48000.0,"POLYGON ((-125.15 7.45, -120 3.3, -129 3.3, -129 6.15, -125.15 7.45))"
8C,2020-03-15 05:55:00+00:00,2020-03-15 07:55:00+00:00,0.0,42000.0,"POLYGON ((-91.0874302936119 36.37705389045551, -89.32 35.586287181737326, -94.9474999076158 32.820544470346455, -96.04793102301504 34.31544111773251, -91.0874302936119 36.37705389045551))"
9C,2020-03-15 06:55:00+00:00,2020-03-15 08:55:00+00:00,0.0,42000.0,"POLYGON ((-90.21641862118754 36.695973531165265, -88.56230734955713 35.762947663952644, -94.09055605187983 33.004968777591145, -95.21941606925651 34.65771311087037, -90.21641862118754 36.695973531165265))"
10C,2020-03-15 07:55:00+00:00,2020-03-15 09:55:00+00:00,0.0,42000.0,"POLYGON ((-89.08245656239839 36.480880923760125, -88.35605666873525 35.41278806580085, -92.74 33.4263689557364, -96.6136773314642 34.017743509894764, -91.89741702910396 35.78793167730311, -89.08245656239839 36.480880923760125))"
JULIETT 4,2020-03-15 08:40:00+00:00,2020-03-15 12:40:00+00:00,0.0,42000.0,"POLYGON ((-60 26.3, -55 24.15, -55.3 20.45, -59 19, -59.3 22, -62.3 23.15, -60 26.3))"
HOTEL 2,2020-03-15 08:40:00+00:00,2020-03-15 12:40:00+00:00,0.0,50000.0,"POLYGON ((-125 12.3, -121 11.3, -120 3.3, -129 3.3, -128 10.3, -125 12.3))"
11C,2020-03-15 08:55:00+00:00,2020-03-15 10:55:00+00:00,0.0,42000.0,"POLYGON ((-89.32 36.02, -88.61704676163279 35.08681842954281, -92.89281697147572 33.567316362224055, -96.7676502539808 34.209343151837814, -89.32 36.02))"
12C,2020-03-15 08:55:00+00:00,2020-03-15 10:55:00+00:00,0.0,40000.0,"POLYGON ((-101.58382427286602 32.519695425842826, -100.93101246755236 31.77801136569521, -102.50114914982255 31.35802609981503, -103.24 31.87, -101.58382427286602 32.519695425842826))"
15C,2020-03-15 09:55:00+00:00,2020-03-15 11:55:00+00:00,0.0,35000.0,"POLYGON ((-93.94538831435307 34.82098640906164, -93.92151465660831 34.62241640008272, -96.26387689749382 34.34079907659706, -96.28775055523857 34.53936908557598, -93.94538831435307 34.82098640906164))"
14C,2020-03-15 09:55:00+00:00,2020-03-15 11:55:00+00:00,0.0,42000.0,"POLYGON ((-101.29924521091804 33.18735974080283, -100.17627604872645 32.36895466409581, -102.19 31.57628718173731, -103.11949262154015 31.97217027558636, -101.29924521091804 33.18735974080283))"
13C,2020-03-15 09:55:00+00:00,2020-03-15 11:55:00+00:00,0.0,38000.0,"POLYGON ((-86.51472572619465 36.084561534700036, -86.67488364358707 34.98391324116465, -91.24427041928578 33.78822045615128, -93.72322085454987 33.509516924713786, -92.18 35.113712818262684, -86.51472572619465 36.084561534700036))"
16C,2020-03-15 10:55:00+00:00,2020-03-15 12:55:00+00:00,0.0,36000.0,"POLYGON ((-86.68 36.284570939420895, -86.67488364358707 34.98391324116465, -90.97315033225765 33.45807138829729, -93.05986797654067 33.37024045309582, -91.52857899530393 34.899568291695424, -86.68 36.284570939420895))"
17C,2020-03-15 10:55:00+00:00,2020-03-15 12:55:00+00:00,0.0,42000.0,"POLYGON ((-101.29924521091804 33.18735974080283, -100.17627604872645 32.36895466409581, -102.19 31.57628718173731, -103.11949262154015 31.97217027558636, -101.29924521091804 33.18735974080283))"
JULIETT 5,2020-03-15 11:20:00+00:00,2020-03-15 15:20:00+00:00,0.0,41000.0,"POLYGON ((-60.45 25.45, -54.15 22.3, -58.45 18.3, -59 19.15, -58.15 22.3, -61.3 22.3, -60.45 25.45))"
HOTEL 3,2020-03-15 11:20:00+00:00,2020-03-15 15:20:00+00:00,0.0,47000.0,"POLYGON ((-123.45 9.15, -121 7.45, -120 3.3, -127 3.3, -126.15 8.45, -123.45 9.15))"
19C,2020-03-15 11:55:00+00:00,2020-03-15 13:55:00+00:00,0.0,45000.0,"POLYGON ((-99.72308159869397 33.89812855337828, -99.46556578999682 32.47938496195746, -101.81768828425619 31.24093132156994, -104.25149355979119 33.466789347454, -99.72308159869397 33.89812855337828))"
18C,2020-03-15 11:55:00+00:00,2020-03-15 13:55:00+00:00,0.0,39000.0,"POLYGON ((-86.02030389664195 35.916889649808404, -86.63242377266263 34.20397670371736, -90.34621337138567 33.32641626316137, -93.08578345603873 33.259521490538454, -91.69175937965615 34.84500193995287, -86.02030389664195 35.916889649808404))"
20C,2020-03-15 12:55:00+00:00,2020-03-15 14:55:00+00:00,0.0,38000.0,"POLYGON ((-85.72749275278251 35.42919830771093, -85.61095706590513 34.036897021025304, -88.51 32.99089313279082, -90.9803131283207 32.869825214407506, -89.60521501174637 34.892090352392735, -85.72749275278251 35.42919830771093))"
21C,2020-03-15 12:55:00+00:00,2020-03-15 14:55:00+00:00,0.0,45000.0,"POLYGON ((-101.90935077458555 34.75543628142861, -98.72387381395359 34.2570598298122, -99.38412620085222 32.64507977296659, -102.50541122404145 32.12025965954565, -103.45644425428134 33.98731386780145, -101.90935077458555 34.75543628142861))"
1E,2020-03-15 13:55:00+00:00,2020-03-15 15:55:00+00:00,0.0,36000.0,"POLYGON ((-75.40549622175546 34.72043723247394, -74.8803724193057 33.63990760342029, -76.05057862301025 32.80714986095124, -77.87 33.351786265581644, -75.40549622175546 34.72043723247394))"
23C,2020-03-15 13:55:00+00:00,2020-03-15 15:55:00+00:00,0.0,45000.0,"POLYGON ((-101.07640734761652 35.09769193820022, -98.28060329768611 34.604433052536315, -98.59 32.99178626558165, -102.60781519748672 32.36223752213527, -103.7689686731065 34.17814746467652, -101.07640734761652 35.09769193820022))"
22C,2020-03-15 13:55:00+00:00,2020-03-15 15:55:00+00:00,0.0,36000.0,"POLYGON ((-85.15 35.2927379114728, -85.59314934811667 33.817939894501365, -87.12828046576399 33.20867528053094, -89.72850246026941 33.26777855606409, -88.76116858997545 35.01390720335377, -85.15 35.2927379114728))"
24C,2020-03-15 14:55:00+00:00,2020-03-15 16:55:00+00:00,0.0,45000.0,"POLYGON ((-101.64 35.789106867209185, -97.83299103328152 34.93866126814074, -98.31457795581821 32.417864553494894, -101.35110790260343 32.71308672245375, -104.06215907831603 34.25688988270601, -101.64 35.789106867209185))"
PAPA 1,2020-03-15 14:56:00+00:00,2020-03-15 18:55:00+00:00,0.0,35000.0,"POLYGON ((-174.1 30, -170.5 28.3, -178.2 25.1, -174.1 30))"
JULIETT 6,2020-03-15 15:20:00+00:00,2020-03-15 19:20:00+00:00,0.0,37000.0,"POLYGON ((-55.45 24, -54.15 22.15, -57 20.3, -57.45 21.15, -55.45 24))"
25C,2020-03-15 15:55:00+00:00,2020-03-15 17:55:00+00:00,0.0,45000.0,"POLYGON ((-101.32560094428563 35.9044137938495, -98.28060329768611 34.604433052536315, -98.94575117331155 32.795030997392566, -101.6060578375243 33.084807733852614, -103.02664888707407 34.56352476265589, -101.32560094428563 35.9044137938495))"
1W,2020-03-15 15:55:00+00:00,2020-03-15 17:55:00+00:00,0.0,27000.0,"POLYGON ((-111.88372110729682 43.854253302439965, -111.81002720678067 42.66879185403726, -113.45326689805222 42.156980707477075, -113.62423110172332 43.57174299630341, -111.88372110729682 43.854253302439965))"
PAPA 2,2020-03-15 16:38:00+00:00,2020-03-15 20:40:00+00:00,0.0,37000.0,"POLYGON ((-175 30, -170.2 29.3, -178.2 24.4, -175 30))"
26C,2020-03-15 16:55:00+00:00,2020-03-15 18:55:00+00:00,0.0,40000.0,"POLYGON ((-100.83017424829683 36.017900142804685, -97.91007166264056 34.78478333542, -98.57824988205884 32.91917757755634, -100.56187223484297 33.06625800447078, -102.84 34.5, -100.83017424829683 36.017900142804685))"
2W,2020-03-15 16:55:00+00:00,2020-03-15 18:55:00+00:00,0.0,27000.0,"POLYGON ((-111.03376162975583 44.79424899409146, -110.99179102090241 43.14858525756878, -113.10399787286727 42.869103134048814, -112.90787226073394 44.63461767888021, -111.03376162975583 44.79424899409146))"
27C,2020-03-15 17:55:00+00:00,2020-03-15 19:55:00+00:00,0.0,36000.0,"POLYGON ((-100.70612963007618 36.337157048602975, -98.72602525431917 35.0127670441159, -99.72308159869397 33.89812855337828, -101.76840322865475 33.817559879407206, -103.03451440121684 35.369686840390514, -100.70612963007618 36.337157048602975))"
28C,2020-03-15 18:55:00+00:00,2020-03-15 20:55:00+00:00,0.0,35000.0,"POLYGON ((-100.64076464487513 36.08291957021635, -99.42756672791393 35.07282674386123, -100.29 33.70452417705443, -101.76840322865475 33.817559879407206, -102.4552775052322 35.28726475362841, -100.64076464487513 36.08291957021635))"
29C,2020-03-15 19:55:00+00:00,2020-03-15 21:55:00+00:00,0.0,32000.0,"POLYGON ((-100.97 36.54089313279083, -99.29932611460069 35.86802979939534, -99.48377949184832 34.36735685073003, -101.6791766169211 34.16090029316504, -103.02092114203982 35.64918710232253, -100.97 36.54089313279083))"
30C,2020-03-15 19:55:00+00:00,2020-03-15 21:55:00+00:00,0.0,44000.0,"POLYGON ((-103.24000000000001 32.36910686720918, -101.8161027315283 30.944785814376942, -103.41696915255709 30.107919967433553, -104.63539456905286 30.886417691585955, -103.24000000000001 32.36910686720918))"
PAPA 3,2020-03-15 20:43:00+00:00,2020-03-16 00:40:00+00:00,0.0,37000.0,"POLYGON ((-173 29.2, -168.1 28.3, -177 22.3, -173 29.2))"
32C,2020-03-15 20:55:00+00:00,2020-03-15 22:55:00+00:00,0.0,44000.0,"POLYGON ((-102.93810216928784 32.484463205926325, -101.27054920329921 30.66154296484334, -103.36730441863041 29.069070318372592, -104.66024554462456 30.04341571680442, -102.93810216928784 32.484463205926325))"
31C,2020-03-15 20:55:00+00:00,2020-03-15 22:55:00+00:00,0.0,31000.0,"POLYGON ((-100.97 36.60628718173732, -98.8586000576213 34.52397320083708, -100.6402998637039 34.36950101367681, -102.39720156103232 35.90100927862318, -100.97 36.60628718173732))"
34C,2020-03-15 21:55:00+00:00,2020-03-15 23:55:00+00:00,0.0,45000.0,"POLYGON ((-102.46818385388161 32.24497781151233, -101.27054920329921 30.66154296484334, -103.36730441863041 29.069070318372592, -104.35729771652078 29.946447492571256, -102.46818385388161 32.24497781151233))"
33C,2020-03-15 21:55:00+00:00,2020-03-15 23:55:00+00:00,0.0,31000.0,"POLYGON ((-100.8318635908847 36.77278755432472, -98.99419232267232 34.790737695500674, -100.29 34.37, -102.12004542110303 36.22401845753113, -100.8318635908847 36.77278755432472))"
3W,2020-03-15 21:55:00+00:00,2020-03-15 23:55:00+00:00,0.0,28000.0,"POLYGON ((-116.58555297279241 44.65873402754245, -114.61911623415219 44.08375528365477, -115.6296129753231 43.139717324832354, -117.42433736710838 44.171515435969724, -116.58555297279241 44.65873402754245))"
36C,2020-03-15 22:55:00+00:00,2020-03-16 00:55:00+00:00,0.0,45000.0,"POLYGON ((-101.53073850537932 32.93089498094689, -100.2249267995552 32.60680696138301, -101.72258958108141 30.18009942970556, -103.36730441863041 29.069070318372592, -103.67683662277412 30.53499759987818, -101.53073850537932 32.93089498094689))"
4W,2020-03-15 22:55:00+00:00,2020-03-16 00:55:00+00:00,0.0,25000.0,"POLYGON ((-122.24000000000001 41.09821373441836, -121.62053442648754 40.568918625389855, -122.44075394248254 40.03615998569187, -123.04677096811268 40.351873534671654, -122.24000000000001 41.09821373441836))"
35C,2020-03-15 22:55:00+00:00,2020-03-16 00:55:00+00:00,0.0,38000.0,"POLYGON ((-100.8318635908847 36.77278755432472, -98.99419232267232 34.790737695500674, -100.29 34.37, -102.12004542110303 36.22401845753113, -100.8318635908847 36.77278755432472))"
38C,2020-03-15 23:55:00+00:00,2020-03-16 01:55:00+00:00,0.0,45000.0,"POLYGON ((-100.80642268751686 33.31308874122344, -99.07114236049313 32.47753989378691, -100.81982898076103 30.600944743093184, -103.36730441863041 29.069070318372592, -102.98 30.95, -100.80642268751686 33.31308874122344))"
37C,2020-03-15 23:55:00+00:00,2020-03-16 01:55:00+00:00,0.0,36000.0,"POLYGON ((-99.52104873463446 36.33946329300086, -98.41648209241474 35.12062529310744, -100.29 34.37, -102.01715572178986 35.59609667057669, -99.52104873463446 36.33946329300086))"
5W,2020-03-15 23:55:00+00:00,2020-03-16 01:55:00+00:00,0.0,29000.0,"POLYGON ((-114.49000000000001 43.20285469710446, -114.76813006630145 42.68411862118364, -115.39951009189677 42.75303859365651, -115.45556506437222 43.32634436461357, -114.49000000000001 43.20285469710446))"
PAPA 4,2020-03-16 00:28:00+00:00,2020-03-16 04:30:00+00:00,0.0,38000.0,"POLYGON ((-171.2 30, -166.4 30, -168.2 19.3, -174.4 21, -171.2 30))"
2C,2020-03-16 00:55:00+00:00,2020-03-16 02:55:00+00:00,0.0,45000.0,"POLYGON ((-100.42075586730395 32.949320588324674, -97.04 32.37089313279082, -100.77 29.36, -102.61175755660976 30.18095345480345, -100.42075586730395 32.949320588324674))"
1C,2020-03-16 00:55:00+00:00,2020-03-16 02:55:00+00:00,0.0,36000.0,"POLYGON ((-99.30615022856105 36.52962951206631, -97.97653485376107 35.27208218485845, -99.97917412719903 34.98442748661664, -101.24623998904246 36.057888435641374, -99.30615022856105 36.52962951206631))"
3C,2020-03-16 00:55:00+00:00,2020-03-16 02:55:00+00:00,0.0,37000.0,"POLYGON ((-99.58940861833156 34.368004085246916, -98.85524360757178 33.45545042611089, -100.46938313466951 32.989668983335854, -100.93556148510531 34.147004440261796, -99.58940861833156 34.368004085246916))"
2W,2020-03-16 00:55:00+00:00,2020-03-16 02:55:00+00:00,0.0,27000.0,"POLYGON ((-117.23738798503902 44.42965428388199, -115.95946195796658 43.95046777056249, -116.47114037821363 43.34520064596091, -117.11565107684736 43.82290140164228, -117.23738798503902 44.42965428388199))"
1W,2020-03-16 00:55:00+00:00,2020-03-16 02:55:00+00:00,0.0,29000.0,"POLYGON ((-114.49000000000001 43.20285469710446, -114.76813006630145 42.68411862118364, -115.39951009189677 42.75303859365651, -115.45556506437222 43.32634436461357, -114.49000000000001 43.20285469710446))"
5C,2020-03-16 01:55:00+00:00,2020-03-16 03:55:00+00:00,0.0,45000.0,"POLYGON ((-100.24063157400094 33.24795255537649, -96.30588707258259 33.12252398880869, -100.41772731965814 29.23220398273427, -102.61175755660976 30.18095345480345, -100.24063157400094 33.24795255537649))"
4C,2020-03-16 01:55:00+00:00,2020-03-16 03:55:00+00:00,0.0,33000.0,"POLYGON ((-98.50780975344846 36.81912644947907, -97.31051101960233 35.63493625547824, -99.42756672791393 35.07282674386123, -100.65350691199608 36.42475882591666, -98.50780975344846 36.81912644947907))"
3W,2020-03-16 01:55:00+00:00,2020-03-16 03:55:00+00:00,0.0,28000.0,"POLYGON ((-116.70409638086265 44.41600867045103, -114.49000000000001 43.478213734418354, -115.11713427583868 42.66929360708937, -117.3376579829452 43.544259990068646, -116.70409638086265 44.41600867045103))"
6C,2020-03-16 01:55:00+00:00,2020-03-16 03:55:00+00:00,0.0,37000.0,"POLYGON ((-98.99419232267232 34.790737695500674, -98.45696524459963 33.722796087143564, -99.86 33.20285469710447, -100.29 34.5145709394209, -98.99419232267232 34.790737695500674))"
ALFA 1,2020-03-16 02:30:00+00:00,2020-03-16 06:30:00+00:00,27000.0,34000.0,"POLYGON ((-166.45 37.45, -170.45 27.45, -175.3 28.45, -173 37, -166.45 37.45))"
PAPA 5,2020-03-16 02:45:00+00:00,2020-03-16 06:45:00+00:00,0.0,40000.0,"POLYGON ((-170.2 28.4, -165.3 27.4, -172.3 20.4, -170.2 28.4))"
7C,2020-03-16 02:55:00+00:00,2020-03-16 04:55:00+00:00,0.0,30000.0,"POLYGON ((-97.47981379936958 36.702116066481395, -97.01931771631169 35.869175835046555, -98.41638819607472 35.39725360267512, -98.74623571238233 36.34715600899554, -97.47981379936958 36.702116066481395))"
9C,2020-03-16 02:55:00+00:00,2020-03-16 04:55:00+00:00,0.0,40000.0,"POLYGON ((-98.31639453812461 34.80967700270426, -98.03511129653663 33.79775385358701, -99.86 33.47821373441835, -100.10364192835186 34.433525451373114, -98.31639453812461 34.80967700270426))"
8C,2020-03-16 02:55:00+00:00,2020-03-16 04:55:00+00:00,0.0,45000.0,"POLYGON ((-99.52961694779302 33.147399759721594, -95.48160217635015 33.03125132880792, -100.31099862160859 29.193239711728566, -102.26934998960621 30.33469283523682, -99.52961694779302 33.147399759721594))"
4W,2020-03-16 02:55:00+00:00,2020-03-16 04:55:00+00:00,0.0,25000.0,"POLYGON ((-114.92901726708095 43.15023210189357, -114.65628999435367 43.15023210189357, -114.65628999435367 42.877504829166305, -114.92901726708095 42.877504829166305, -114.92901726708095 43.15023210189357))"
10C,2020-03-16 03:55:00+00:00,2020-03-16 05:55:00+00:00,0.0,45000.0,"POLYGON ((-98.97051378277673 33.2208886067065, -94.98833193958937 33.188276090948456, -100.24192156717993 29.167960265182124, -102.16297931382807 30.241585849351253, -98.97051378277673 33.2208886067065))"
5W,2020-03-16 03:55:00+00:00,2020-03-16 05:55:00+00:00,0.0,25000.0,"POLYGON ((-115.73091232540374 43.549081548126445, -115.75629056175843 42.780649422125734, -116.62370943824156 42.780649422125734, -116.8241993155752 43.35724382604407, -115.73091232540374 43.549081548126445))"
11C,2020-03-16 03:55:00+00:00,2020-03-16 05:55:00+00:00,0.0,37000.0,"POLYGON ((-98.22311961581399 34.887261216345074, -97.66207534115931 33.80010786279993, -99.08081734060514 33.58011595553255, -99.08556375137789 34.39791627721302, -98.22311961581399 34.887261216345074))"
13C,2020-03-16 04:55:00+00:00,2020-03-16 06:55:00+00:00,,,"POLYGON ((-94.4941875340669 33.60678474697807, -97.26188889484528 32.96727474199757, -97.30555605429014 32.94480976344582, -99.56427042377419 30.95086140081384, -97.21686286969835 32.77240900088471, -94.44916150891996 33.41191900586521, -99.43191007973755 30.80092561680447, -97.1731957102535 32.79487397943646, -94.4941875340669 33.60678474697807))"
12C,2020-03-16 04:55:00+00:00,2020-03-16 06:55:00+00:00,0.0,44000.0,"POLYGON ((-101.00390511226333 31.839373096427803, -98.99391375753123 31.303235529630594, -99.2759405436463 30.128305530125854, -100.5518351383374 28.898707942725284, -102.46607336090584 29.873048685196448, -101.00390511226333 31.839373096427803))"
PAPA 6,2020-03-16 05:50:00+00:00,2020-03-16 09:50:00+00:00,0.0,35000.0,"POLYGON ((-169.4 27.2, -165 26, -171.2 18, -169.4 27.2))"
14C,2020-03-16 05:55:00+00:00,2020-03-16 07:55:00+00:00,0.0,44000.0,"POLYGON ((-100.86490429076673 31.72225441977049, -98.85504110127808 31.41992584276884, -99.00395560911649 30.109452474467094, -100.40746807628835 28.590985780266138, -102.00990102739007 29.79993238755002, -100.86490429076673 31.72225441977049))"
15C,2020-03-16 05:55:00+00:00,2020-03-16 07:55:00+00:00,,,"POLYGON ((-94.48766631595943 33.60806490752573, -97.05599179446601 33.19198880577216, -97.13457813476467 33.12575617528809, -97.62689155258931 31.69221213369229, -97.024008205534 32.99456274356398, -94.45568272702742 33.41063884531755, -97.43773528306 31.62725133245225, -96.94542186523535 33.06079537404806, -94.48766631595943 33.60806490752573))"
ALFA 2,2020-03-16 06:30:00+00:00,2020-03-16 10:30:00+00:00,25000.0,34000.0,"POLYGON ((-171.45 38.3, -166.15 38, -169.45 26.45, -175.3 28.3, -171.45 38.3))"
17C,2020-03-16 06:55:00+00:00,2020-03-16 08:55:00+00:00,0.0,41000.0,"POLYGON ((-96.36965156737803 35.728036976477895, -95.17182327856774 34.848486326228624, -95.0676369076764 33.50600182421121, -96.68363356061322 31.658659501556194, -98.1332844701675 32.483241255426236, -96.36965156737803 35.728036976477895))"
16C,2020-03-16 06:55:00+00:00,2020-03-16 08:55:00+00:00,0.0,43000.0,"POLYGON ((-100.22231534279041 32.172799470628696, -98.24549608152638 30.991413935956988, -99.12533679976698 29.63833950893679, -100.4546627015052 28.69179869316259, -101.47803773442364 29.971492633296922, -100.22231534279041 32.172799470628696))"
20C,2020-03-16 07:55:00+00:00,2020-03-16 09:55:00+00:00,,,"POLYGON ((-95.07249255585894 37.07318885139205, -96.00669863370162 36.15273379884404, -95.84054206216825 36.10959631205701, -95.47997450368489 34.87792510903546, -95.86632967680917 36.0102678171469, -94.9321235989665 36.93072286969491, -95.67191868985917 34.82173410091238, -96.03248624834254 36.05340530393393, -95.07249255585894 37.07318885139205))"
18C,2020-03-16 07:55:00+00:00,2020-03-16 09:55:00+00:00,0.0,40000.0,"POLYGON ((-99.86 32.1908581211582, -97.748303144844 31.25019924335483, -98.6947586830863 29.435339105058752, -100.4546627015052 28.69179869316259, -101.12294279106492 29.666216683326294, -99.86 32.1908581211582))"
19C,2020-03-16 07:55:00+00:00,2020-03-16 09:55:00+00:00,0.0,37000.0,"POLYGON ((-95.85063043964321 33.90879424970091, -95.70936956035682 33.76721259840658, -96.96936956035681 32.51006729551104, -97.1106304396432 32.65164894680537, -95.85063043964321 33.90879424970091))"
22C,2020-03-16 08:55:00+00:00,2020-03-16 10:55:00+00:00,0.0,36000.0,"POLYGON ((-94.28330490044219 36.613714175265514, -94.23205214078526 36.42039279872492, -97.43817610109193 35.570395226245466, -97.48942886074886 35.76371660278606, -94.28330490044219 36.613714175265514))"
21C,2020-03-16 08:55:00+00:00,2020-03-16 10:55:00+00:00,0.0,37000.0,"POLYGON ((-94.93645684709598 33.86174135204155, -94.81057750248983 33.706324523475516, -95.94432586392874 32.78804880003552, -96.07020520853489 32.94346562860155, -94.93645684709598 33.86174135204155))"
PAPA 7,2020-03-16 09:09:00+00:00,2020-03-16 13:10:00+00:00,0.0,42000.0,"POLYGON ((-168.2 22.3, -164.2 22, -170.2 17.4, -168.2 22.3))"
24C,2020-03-16 09:55:00+00:00,2020-03-16 11:55:00+00:00,0.0,32000.0,"POLYGON ((-95.65169009427643 36.56705103753094, -93.86508880012106 36.55418297952091, -93.86652926971998 36.35418816696984, -95.65313056387535 36.36705622497987, -95.65169009427643 36.56705103753094))"
23C,2020-03-16 09:55:00+00:00,2020-03-16 11:55:00+00:00,0.0,35000.0,"POLYGON ((-94.78161907934974 34.05101587276297, -94.59173834573211 33.98820419390602, -95.01960678158342 32.69475090671875, -95.20948751520105 32.7575625855757, -94.78161907934974 34.05101587276297))"
ALFA 3,2020-03-16 10:20:00+00:00,2020-03-16 14:20:00+00:00,23000.0,34000.0,"POLYGON ((-170.3 40.3, -164.15 39.3, -169.15 24.15, -175 27, -170.3 40.3))"
25C,2020-03-16 10:55:00+00:00,2020-03-16 12:55:00+00:00,0.0,35000.0,"POLYGON ((-93.76684551884395 34.591053942108616, -93.71004876904897 32.773122728193776, -93.90995123095104 32.76687727180623, -93.96674798074602 34.58480848572107, -93.76684551884395 34.591053942108616))"
26C,2020-03-16 10:55:00+00:00,2020-03-16 12:55:00+00:00,0.0,30000.0,"POLYGON ((-94.30004580035342 36.74685461102094, -92.83835498025485 36.339781315758394, -92.89201199272841 36.14711340194706, -94.35370281282698 36.55418669720961, -94.30004580035342 36.74685461102094))"
27C,2020-03-16 11:55:00+00:00,2020-03-16 13:55:00+00:00,0.0,30000.0,"POLYGON ((-93.23493896241033 36.87606304787447, -92.5985753260467 36.87606304787447, -92.5985753260467 36.23969941151083, -93.23493896241033 36.23969941151083, -93.23493896241033 36.87606304787447))"
PAPA 8,2020-03-16 12:40:00+00:00,2020-03-16 16:40:00+00:00,0.0,43000.0,"POLYGON ((-164.3 23.5, -161.2 22.2, -170 16.5, -164.3 23.5))"
ALFA 4,2020-03-16 14:20:00+00:00,2020-03-16 18:20:00+00:00,23000.0,34000.0,"POLYGON ((-165.45 40.45, -161 39.45, -168.3 23.15, -175.15 24.3, -174.3 31, -165.45 40.45))"
PAPA 9,2020-03-16 15:24:00+00:00,2020-03-16 19:25:00+00:00,0.0,43000.0,"POLYGON ((-163.5 24.5, -160.3 24.4, -168.3 17.1, -163.5 24.5))"
ALFA 5,2020-03-16 18:20:00+00:00,2020-03-16 22:20:00+00:00,29000.0,36000.0,"POLYGON ((-164.3 37.15, -162.3 32.15, -167.15 26.15, -172 26, -172 29.45, -164.3 37.15))"
PAPA 10,2020-03-16 18:33:00+00:00,2020-03-16 22:35:00+00:00,0.0,47000.0,"POLYGON ((-162.2 26.5, -157.2 24, -167 17.2, -162.2 26.5))"
28C,2020-03-16 20:55:00+00:00,2020-03-16 22:55:00+00:00,0.0,26000.0,"POLYGON ((-95.70168396802599 36.99296699057877, -94.50178814866086 36.55607561742066, -95.1298027762538 35.97688566975663, -96.4539401613903 36.419468175734366, -95.70168396802599 36.99296699057877))"
PAPA 11,2020-03-16 22:10:00+00:00,2020-03-17 02:05:00+00:00,0.0,43000.0,"POLYGON ((-161.2 26.5, -156.2 24, -167 16.5, -161.2 26.5))"
6W,2020-03-16 22:55:00+00:00,2020-03-17 00:55:00+00:00,0.0,28000.0,"POLYGON ((-119.54185585068299 43.191797584251574, -119.38198112823396 42.48446897761984, -120.28438345847019 42.48977874598372, -120.24905172600722 42.950819969727895, -119.54185585068299 43.191797584251574))"
7W,2020-03-16 22:55:00+00:00,2020-03-17 00:55:00+00:00,0.0,25000.0,"POLYGON ((-117.38789618675922 42.941914775105566, -117.19207839290449 42.58800176473624, -118.28670024603804 42.46191081262574, -118.35210381324077 42.941914775105566, -117.38789618675922 42.941914775105566))"
29C,2020-03-16 22:55:00+00:00,2020-03-17 00:55:00+00:00,0.0,27000.0,"POLYGON ((-93.7142722574464 37.0526961127479, -92.69127459668844 36.84714242704066, -93.45938404029843 36.026882348421985, -94.47853740940674 36.2494650571513, -93.7142722574464 37.0526961127479))"
30C,2020-03-16 22:55:00+00:00,2020-03-17 00:55:00+00:00,0.0,36000.0,"POLYGON ((-95.53568285788462 37.27017672180945, -94.83719203114421 37.15944702872854, -95.2 36.72628718173731, -96.06613027455181 36.733948241753836, -95.53568285788462 37.27017672180945))"
32C,2020-03-16 23:55:00+00:00,2020-03-17 01:55:00+00:00,0.0,33000.0,"POLYGON ((-94.8116624220584 37.654739755511116, -93.95792571990617 37.35834037981982, -94.55961492448581 36.60211901382818, -95.5850817857034 37.032043322811624, -94.8116624220584 37.654739755511116))"
31C,2020-03-16 23:55:00+00:00,2020-03-17 01:55:00+00:00,0.0,37000.0,"POLYGON ((-92.74838872567811 37.5495776643868, -91.3890942543931 37.282315926781074, -92.18551926512717 36.10365722545654, -93.88174743647917 36.710878941177, -92.74838872567811 37.5495776643868))"
33C,2020-03-16 23:55:00+00:00,2020-03-17 01:55:00+00:00,0.0,33000.0,"POLYGON ((-103.56461854423142 30.299435421134067, -102.538802333545 30.02702113079422, -103.36730441863041 29.069070318372592, -103.95 29.634524177054434, -103.56461854423142 30.299435421134067))"
9W,2020-03-16 23:55:00+00:00,2020-03-17 01:55:00+00:00,0.0,25000.0,"POLYGON ((-117.52062921649744 43.20429199627949, -117.19207839290449 42.58800176473624, -118.28670024603804 42.46191081262574, -118.51402839589105 43.058767371976174, -117.52062921649744 43.20429199627949))"
8W,2020-03-16 23:55:00+00:00,2020-03-17 01:55:00+00:00,0.0,29000.0,"POLYGON ((-119.54185585068299 43.191797584251574, -119.38198112823396 42.48446897761984, -120.51 42.49, -120.51 43.155475822945576, -119.54185585068299 43.191797584251574))"
2C,2020-03-17 00:55:00+00:00,2020-03-17 02:55:00+00:00,0.0,40000.0,"POLYGON ((-103.56461854423142 30.299435421134067, -102.538802333545 30.02702113079422, -103.36730441863041 29.069070318372592, -103.95 29.634524177054434, -103.56461854423142 30.299435421134067))"
1C,2020-03-17 00:55:00+00:00,2020-03-17 02:55:00+00:00,0.0,37000.0,"POLYGON ((-90.03564976033931 37.73350725723733, -89.90529588619165 36.489143741459884, -95.21718530769074 36.38963652114734, -95.64491916119842 37.51209190571716, -90.03564976033931 37.73350725723733))"
2W,2020-03-17 00:55:00+00:00,2020-03-17 02:55:00+00:00,0.0,28000.0,"POLYGON ((-115.75164360595043 37.79644458178781, -115.47759957796667 36.69440177955928, -116.17557048825569 36.60761749073521, -116.74999999999999 37.631844778681966, -115.75164360595043 37.79644458178781))"
1W,2020-03-17 00:55:00+00:00,2020-03-17 02:55:00+00:00,0.0,26000.0,"POLYGON ((-119.52833331235318 43.201430107675755, -118.65545940992814 42.587317509498504, -119.92184069938229 42.48849635651582, -120.2072970746992 43.02386832599396, -119.52833331235318 43.201430107675755))"
PAPA 12,2020-03-17 01:32:00+00:00,2020-03-17 05:35:00+00:00,0.0,47000.0,"POLYGON ((-160.1 26.2, -156 24.2, -166.3 16.1, -160.1 26.2))"
4C,2020-03-17 01:55:00+00:00,2020-03-17 03:55:00+00:00,0.0,40000.0,"POLYGON ((-103.25367026958605 30.71443044469519, -102.29832307672532 30.360007656547428, -103.36730441863041 29.069070318372592, -103.95 29.634524177054434, -103.25367026958605 30.71443044469519))"
4W,2020-03-17 01:55:00+00:00,2020-03-17 03:55:00+00:00,0.0,25000.0,"POLYGON ((-115.75164360595043 37.79644458178781, -115.47759957796667 36.69440177955928, -116.17557048825569 36.60761749073521, -116.74999999999999 37.631844778681966, -115.75164360595043 37.79644458178781))"
3C,2020-03-17 01:55:00+00:00,2020-03-17 03:55:00+00:00,0.0,36000.0,"POLYGON ((-95.40937481249108 37.56051465097644, -89.72490907013685 37.50294730781047, -89.65074096227957 36.13019599780699, -94.78436815259283 36.469464816598496, -95.40937481249108 37.56051465097644))"
3W,2020-03-17 01:55:00+00:00,2020-03-17 03:55:00+00:00,0.0,25000.0,"POLYGON ((-119.52833331235318 43.201430107675755, -118.85180841903156 42.5858086793317, -119.92184069938229 42.48849635651582, -120.2072970746992 43.02386832599396, -119.52833331235318 43.201430107675755))"
1E,2020-03-17 02:55:00+00:00,2020-03-17 04:55:00+00:00,0.0,30000.0,"POLYGON ((-84.46748453495468 35.42805227141489, -84.05012420864756 34.95237052994372, -86.51403025039139 34.437925929927665, -86.55151215997991 35.024739655068615, -84.46748453495468 35.42805227141489))"
6C,2020-03-17 02:55:00+00:00,2020-03-17 04:55:00+00:00,0.0,40000.0,"POLYGON ((-103.95 29.96726208852722, -103.00412631278763 29.473114417271137, -103.36730441863041 29.069070318372592, -104.24313186206177 29.68485384455533, -103.95 29.96726208852722))"
5C,2020-03-17 02:55:00+00:00,2020-03-17 04:55:00+00:00,0.0,38000.0,"POLYGON ((-89.17912936635557 37.66533816250235, -88.74850564720835 36.20964549582819, -94.27851964390777 36.55730533533002, -94.49 37.60452417705444, -89.17912936635557 37.66533816250235))"
5W,2020-03-17 02:55:00+00:00,2020-03-17 04:55:00+00:00,0.0,30000.0,"POLYGON ((-116.96611954777003 42.586447643509366, -116.92198071967827 41.88022211871858, -117.61246553370286 42.128595731056684, -117.87 42.59, -116.96611954777003 42.586447643509366))"
KILO 1,2020-03-17 03:10:00+00:00,2020-03-17 07:10:00+00:00,0.0,44000.0,"POLYGON ((-48 31.45, -49.15 22.15, -52 26, -51 31, -48 31.45))"
2E,2020-03-17 03:55:00+00:00,2020-03-17 05:55:00+00:00,0.0,30000.0,"POLYGON ((-84.46748453495468 35.42805227141489, -84.10942200255425 34.69732405193179, -86.33146879287571 34.139262809979385, -86.55151215997991 35.024739655068615, -84.46748453495468 35.42805227141489))"
8C,2020-03-17 03:55:00+00:00,2020-03-17 05:55:00+00:00,0.0,40000.0,"POLYGON ((-104.22185555197464 30.064437810051942, -103.27277957990943 29.7100533582447, -103.95 29.301786265581644, -104.31585227335323 29.530966792072043, -104.22185555197464 30.064437810051942))"
6W,2020-03-17 03:55:00+00:00,2020-03-17 05:55:00+00:00,0.0,32000.0,"POLYGON ((-117.22597160410893 43.058767371976174, -117.0383109467047 42.332318468955094, -117.69789080774396 42.2824610801632, -118.0438152761764 42.8972787832774, -117.22597160410893 43.058767371976174))"
7C,2020-03-17 03:55:00+00:00,2020-03-17 05:55:00+00:00,0.0,38000.0,"POLYGON ((-93.33 37.93828375768358, -87.76 37.64085812115821, -87.33969610335807 35.916889649808404, -93.45563184740719 36.469464816598496, -93.33 37.93828375768358))"
3E,2020-03-17 04:55:00+00:00,2020-03-17 06:55:00+00:00,0.0,28000.0,"POLYGON ((-83.97287952924816 35.01727225714274, -83.93027988216525 34.82186174036227, -85.6251684249244 34.45237469864111, -85.6677680720073 34.64778521542158, -83.97287952924816 35.01727225714274))"
9C,2020-03-17 04:55:00+00:00,2020-03-17 06:55:00+00:00,0.0,37000.0,"POLYGON ((-92.60246560681132 37.35777207267345, -89.38944238184139 37.390388077322115, -90.56890117115753 36.41607871991356, -92.98502959711217 36.691666576163676, -92.60246560681132 37.35777207267345))"
10C,2020-03-17 04:55:00+00:00,2020-03-17 06:55:00+00:00,0.0,40000.0,"POLYGON ((-103.36357708640931 30.35354998115338, -103.19688148919793 30.243039448305385, -103.86665220139432 29.232748157629747, -104.03334779860569 29.343258690477743, -103.36357708640931 30.35354998115338))"
PAPA 13,2020-03-17 05:25:00+00:00,2020-03-17 09:25:00+00:00,0.0,50000.0,"POLYGON ((-163.1 23.5, -157.1 22, -168.3 11.4, -163.1 23.5))"
11C,2020-03-17 05:55:00+00:00,2020-03-17 07:55:00+00:00,,,"POLYGON ((-89.18545637554566 36.37775595940661, -91.05398348850889 36.41621207158688, -91.06329602494732 36.41596973047031, -93.74420052208391 36.22095959481508, -91.05809881227867 36.21625441579378, -89.18957169931544 36.17779830361351, -93.72969077297684 36.02148662125514, -91.04878627584024 36.21649675691036, -89.18545637554566 36.37775595940661))"
12C,2020-03-17 06:55:00+00:00,2020-03-17 08:55:00+00:00,,,"POLYGON ((-89.02587128860108 36.35646113146741, -90.87007579323115 36.36468271864739, -90.87111361346099 36.36468195990894, -93.5668693120413 36.34872232224404, -90.87096739776429 36.16468470605388, -89.02676289313422 36.1564631188739, -93.56568527611476 36.14872582712744, -90.86992957753445 36.16468546479233, -89.02587128860108 36.35646113146741))"
13C,2020-03-17 06:55:00+00:00,2020-03-17 08:55:00+00:00,0.0,41000.0,"POLYGON ((-99.32000004882156 27.91381163277802, -99.32000004882156 26.901815056831765, -99.51999995117845 26.901617427801085, -99.51999995117845 27.91361400374734, -99.32000004882156 27.91381163277802))"
KILO 2,2020-03-17 07:05:00+00:00,2020-03-17 11:05:00+00:00,0.0,44000.0,"POLYGON ((-51.05 30.26, -47.58 30.15, -48.35 23.02, -52.34 23.33, -51.05 30.26))"
14C,2020-03-17 07:55:00+00:00,2020-03-17 09:55:00+00:00,0.0,40000.0,"POLYGON ((-88.57067587679921 36.72981527965219, -88.54069890174395 36.53207458842619, -92.00866455365119 36.006340005446845, -92.03864152870645 36.20408069667285, -88.57067587679921 36.72981527965219))"
15C,2020-03-17 07:55:00+00:00,2020-03-17 09:55:00+00:00,0.0,45000.0,"POLYGON ((-99.45437351095438 27.789291650966906, -99.08110076883322 26.987730834664355, -99.26240572459513 26.903300312836222, -99.63567846671629 27.704861129138774, -99.45437351095438 27.789291650966906))"
17C,2020-03-17 08:55:00+00:00,2020-03-17 10:55:00+00:00,0.0,45000.0,"POLYGON ((-98.1929908513793 27.897953807176233, -98.99295837641174 26.557120646137072, -99.9526914525119 27.949547778573937, -98.1929908513793 27.897953807176233))"
16C,2020-03-17 08:55:00+00:00,2020-03-17 10:55:00+00:00,0.0,37000.0,"POLYGON ((-87.0143044410565 36.350147279870136, -87.0081918541815 36.15024071098933, -91.66272856538949 36.00791792405261, -91.66884115226448 36.20782449293342, -87.0143044410565 36.350147279870136))"
PAPA 14,2020-03-17 09:18:00+00:00,2020-03-17 13:20:00+00:00,0.0,50000.0,"POLYGON ((-163.4 22.5, -156.3 22.1, -168.4 11, -163.4 22.5))"
KILO 3,2020-03-17 09:50:00+00:00,2020-03-17 13:50:00+00:00,0.0,40000.0,"POLYGON ((-46.3 30, -47.3 24.3, -50.15 24.45, -50 29.15, -46.3 30))"
18C,2020-03-17 09:55:00+00:00,2020-03-17 11:55:00+00:00,0.0,35000.0,"POLYGON ((-90.94794180610674 36.20997881694588, -87.00825694796342 36.12887528357636, -87.01237333574994 35.92891764968461, -90.95205819389327 36.01002118305412, -90.94794180610674 36.20997881694588))"
19C,2020-03-17 09:55:00+00:00,2020-03-17 11:55:00+00:00,0.0,37000.0,"POLYGON ((-98.72474132086462 28.091633562846052, -98.04329629311066 27.677387414636588, -98.8465095885563 26.967690910823094, -99.42 27.91371281826268, -98.72474132086462 28.091633562846052))"
BRAVO 1,2020-03-17 11:40:00+00:00,2020-03-17 15:40:00+00:00,0.0,50000.0,"POLYGON ((-140 12, -121.45 8.3, -123.15 3.3, -130.3 3.3, -140 7.45, -140 12))"
20C,2020-03-17 11:55:00+00:00,2020-03-17 13:55:00+00:00,0.0,44000.0,"POLYGON ((-103.54874212777925 33.90974659870893, -103.01357731248314 33.31308874122344, -103.9370801774609 32.456303459482406, -104.3391269155134 33.10440247204681, -103.54874212777925 33.90974659870893))"
21C,2020-03-17 12:55:00+00:00,2020-03-17 14:55:00+00:00,0.0,45000.0,"POLYGON ((-102.84 34.5, -102.47253701512264 33.22816109639338, -103.61801466974626 32.63796592312447, -104.22171560149069 33.33936438538558, -102.84 34.5))"
PAPA 15,2020-03-17 12:59:00+00:00,2020-03-17 17:00:00+00:00,0.0,52000.0,"POLYGON ((-162.3 23.2, -156.5 22, -168 10.3, -162.3 23.2))"
QUEBEC 1,2020-03-17 13:01:00+00:00,2020-03-17 17:00:00+00:00,0.0,53000.0,"POLYGON ((152.1 11.4, 163.1 3.5, 150.2 9.4, 152.1 11.4))"
KILO 4,2020-03-17 13:50:00+00:00,2020-03-17 17:50:00+00:00,0.0,44000.0,"POLYGON ((-48.45 29.15, -46 28.45, -47.15 26.15, -50 26, -48.45 29.15))"
22C,2020-03-17 13:55:00+00:00,2020-03-17 15:55:00+00:00,0.0,45000.0,"POLYGON ((-102.01602493357706 35.16208455698264, -101.35697784912233 33.50776740753798, -103.70344273150931 33.018297884250586, -103.58374545689594 34.243078109296235, -102.01602493357706 35.16208455698264))"
23C,2020-03-17 14:55:00+00:00,2020-03-17 16:55:00+00:00,0.0,45000.0,"POLYGON ((-101.64 35.29, -100.29 33.70452417705443, -103.24000000000001 32.86821373441835, -103.6 35.18, -101.64 35.29))"
24C,2020-03-17 14:55:00+00:00,2020-03-17 16:55:00+00:00,0.0,40000.0,"POLYGON ((-92.07182843205817 30.1493545566859, -91.7081920684218 30.1493545566859, -91.7081920684218 29.785718193049533, -92.07182843205817 29.785718193049533, -92.07182843205817 30.1493545566859))"
PAPA 16,2020-03-17 15:01:00+00:00,2020-03-17 19:00:00+00:00,0.0,52000.0,"POLYGON ((-162.2 24, -156.2 22.2, -167.2 9.3, -162.2 24))"
QUEBEC 2,2020-03-17 15:03:00+00:00,2020-03-17 19:05:00+00:00,0.0,52000.0,"POLYGON ((153.1 11, 164.3 3.3, 151.1 9.2, 153.1 11))"
BRAVO 2,2020-03-17 15:40:00+00:00,2020-03-17 19:40:00+00:00,0.0,49000.0,"POLYGON ((-139.45 11.15, -120.3 9.45, -123.15 3.3, -131 3.3, -140 4, -139.45 11.15))"
25C,2020-03-17 15:55:00+00:00,2020-03-17 17:55:00+00:00,0.0,45000.0,"POLYGON ((-103.91396323607998 35.79441544762327, -99.88 35.50815522131804, -101.2090265305807 32.006225379722935, -102.61221994908841 33.10980723833875, -103.91396323607998 35.79441544762327))"
26C,2020-03-17 15:55:00+00:00,2020-03-17 17:55:00+00:00,0.0,35000.0,"POLYGON ((-91.95431700993161 30.252058039337935, -91.59068064629524 30.252058039337935, -91.59068064629524 29.88842167570157, -91.95431700993161 29.88842167570157, -91.95431700993161 30.252058039337935))"
27C,2020-03-17 16:55:00+00:00,2020-03-17 18:55:00+00:00,0.0,45000.0,"POLYGON ((-103.20678890097034 35.94789102965843, -99.88 35.50815522131804, -99.29924413269605 32.949320588324674, -102.83033315151178 33.378251633396644, -103.20678890097034 35.94789102965843))"
28C,2020-03-17 17:55:00+00:00,2020-03-17 19:55:00+00:00,0.0,45000.0,"POLYGON ((-99.82201038260493 35.291341611505835, -98.02558437379773 33.51814707253503, -101.17318525444573 33.44314487865578, -102.03252452118056 34.49734396100283, -99.82201038260493 35.291341611505835))"
29C,2020-03-17 17:55:00+00:00,2020-03-17 19:55:00+00:00,0.0,32000.0,"POLYGON ((-102.76903909723748 36.71884094102552, -101.57348294492107 35.653811024970736, -101.70651705507893 35.50447273271284, -102.90207320739535 36.569502648767624, -102.76903909723748 36.71884094102552))"
PAPA 17,2020-03-17 18:43:00+00:00,2020-03-17 22:40:00+00:00,0.0,51000.0,"POLYGON ((-160.1 24.5, -155.5 22.4, -164.1 15.1, -160.1 24.5))"
QUEBEC 3,2020-03-17 18:46:00+00:00,2020-03-17 22:45:00+00:00,,,"POLYGON ((152.5 10, 164.2 3.3, 160 2, 150.5 8, 152.5 10))"
SIERRA 1,2020-03-17 18:50:00+00:00,2020-03-17 22:50:00+00:00,0.0,53000.0,"POLYGON ((-163 13, -158.3 9.1, -167 9.2, -163 13))"
30C,2020-03-17 18:55:00+00:00,2020-03-17 20:55:00+00:00,0.0,45000.0,"POLYGON ((-99.82201038260493 35.291341611505835, -98.03511129653663 33.79775385358701, -101.91 33.034524177054436, -100.88913633775006 35.033010917333264, -99.82201038260493 35.291341611505835))"
31C,2020-03-17 18:55:00+00:00,2020-03-17 20:55:00+00:00,0.0,37000.0,"POLYGON ((-96.97852542439982 29.061537646715966, -96.86294687294175 28.89831510402394, -97.63386543676069 28.352424509325527, -97.74944398821876 28.515647052017552, -96.97852542439982 29.061537646715966))"
QUEBEC 4,2020-03-17 18:59:00+00:00,2020-03-17 22:45:00+00:00,0.0,52000.0,"POLYGON ((152.5 10, 164.2 3.3, 160 3.3, 160 2, 150.5 8, 152.5 10))"
BRAVO 3,2020-03-17 19:40:00+00:00,2020-03-17 23:40:00+00:00,0.0,51000.0,"POLYGON ((-131.3 8.3, -123.15 8, -125 3.3, -130.45 3.45, -131.3 8.3))"
33C,2020-03-17 19:55:00+00:00,2020-03-17 21:55:00+00:00,0.0,43000.0,"POLYGON ((-92.2776434054425 30.798693907059313, -91.00634079759575 29.86485148460848, -91.73913048246769 29.557034999705913, -93.87950150019621 30.13775617624378, -92.2776434054425 30.798693907059313))"
5E,2020-03-17 19:55:00+00:00,2020-03-17 21:55:00+00:00,0.0,37000.0,"POLYGON ((-77.92580430943316 33.1318427421706, -77.81419569056685 32.965880348253314, -78.71806513852816 32.35803408657132, -78.82967375739447 32.523996480488606, -77.92580430943316 33.1318427421706))"
4E,2020-03-17 19:55:00+00:00,2020-03-17 21:55:00+00:00,0.0,36000.0,"POLYGON ((-82.35318998208825 31.595229244595025, -82.15133780794892 31.232818074528947, -83.51193618424661 30.39732483122391, -84.09584017617053 31.259154555398418, -82.35318998208825 31.595229244595025))"
34C,2020-03-17 19:55:00+00:00,2020-03-17 21:55:00+00:00,0.0,40000.0,"POLYGON ((-98.46 29.64, -96.56374548001567 29.294027416757487, -96.96965048347082 28.75839833109169, -98.46 29.206287181737324, -98.46 29.64))"
32C,2020-03-17 19:55:00+00:00,2020-03-17 21:55:00+00:00,0.0,45000.0,"POLYGON ((-98.84145372078996 35.393649019579634, -98.32475639242821 33.45545042611089, -100.8134979354332 32.8083576826902, -101.91 34.133712818262694, -98.84145372078996 35.393649019579634))"
6E,2020-03-17 20:55:00+00:00,2020-03-17 22:55:00+00:00,0.0,32000.0,"POLYGON ((-81.2599073414579 31.85250184019409, -81.11 31.32815522131804, -82.88048071823714 30.770941195465262, -83.4086573994292 31.218523656469078, -81.2599073414579 31.85250184019409))"
37C,2020-03-17 20:55:00+00:00,2020-03-17 22:55:00+00:00,0.0,37000.0,"POLYGON ((-98.46 29.97273791147279, -96.6022338205202 29.374504975625655, -97.06910828640608 28.757878939558193, -98.67875758657176 29.178705907425243, -98.46 29.97273791147279))"
39C,2020-03-17 20:55:00+00:00,2020-03-17 22:55:00+00:00,0.0,40000.0,"POLYGON ((-96.29273930970562 31.656276482818313, -94.58189559925312 29.957772380150647, -95.88121234322834 29.767934630286774, -97.27 31.160893132790832, -96.29273930970562 31.656276482818313))"
35C,2020-03-17 20:55:00+00:00,2020-03-17 22:55:00+00:00,0.0,45000.0,"POLYGON ((-98.68086142904241 36.092918688610936, -97.04 33.369106867209176, -102.87752125948654 31.996819250854614, -104.77188282947168 33.03249774846025, -98.68086142904241 36.092918688610936))"
7E,2020-03-17 20:55:00+00:00,2020-03-17 22:55:00+00:00,0.0,32000.0,"POLYGON ((-77.40605733160389 33.41415941280372, -76.64663953131905 33.32162480073113, -78.14557601385394 32.21179886030837, -78.77386944796132 32.441015283529964, -77.40605733160389 33.41415941280372))"
38C,2020-03-17 20:55:00+00:00,2020-03-17 22:55:00+00:00,0.0,38000.0,"POLYGON ((-104.60619875874079 35.658822183906025, -102.4609738147084 35.56385412764025, -103.97886267470625 33.559653522809604, -104.98839584515392 33.64613792869364, -104.60619875874079 35.658822183906025))"
36C,2020-03-17 20:55:00+00:00,2020-03-17 22:55:00+00:00,0.0,39000.0,"POLYGON ((-92.14239327723354 30.952823544322086, -91.0446088837188 29.945486617907925, -93.57256246171454 29.97321448923831, -94.91314403820114 30.759157411209628, -92.14239327723354 30.952823544322086))"
8E,2020-03-17 21:55:00+00:00,2020-03-17 23:55:00+00:00,0.0,36000.0,"POLYGON ((-81.2599073414579 31.85250184019409, -80.96212204571002 30.80942070163149, -82.68105505848018 30.368014129630584, -84.01427877350721 31.424422285093417, -81.2599073414579 31.85250184019409))"
44C,2020-03-17 21:55:00+00:00,2020-03-17 23:55:00+00:00,0.0,45000.0,"POLYGON ((-102.41412453647303 31.5486882144357, -101.8161027315283 30.944785814376942, -102.61175755660976 30.18095345480345, -102.98 31.116368955736398, -102.41412453647303 31.5486882144357))"
43C,2020-03-17 21:55:00+00:00,2020-03-17 23:55:00+00:00,0.0,41000.0,"POLYGON ((-104.32096243621079 35.657227124395575, -102.58524200786651 35.60466129276366, -103.5112566977408 33.717079142794475, -104.84984790747454 33.80090320216795, -104.32096243621079 35.657227124395575))"
41C,2020-03-17 21:55:00+00:00,2020-03-17 23:55:00+00:00,0.0,41000.0,"POLYGON ((-97.04448137796491 32.12091646371472, -89.7787580842627 30.310930216173375, -89.95371867628029 29.487330241858594, -96.99653672390569 30.187916502712135, -97.04448137796491 32.12091646371472))"
40C,2020-03-17 21:55:00+00:00,2020-03-17 23:55:00+00:00,0.0,45000.0,"POLYGON ((-98.33312540126687 36.34928898651502, -96.33498721907586 33.45622861203412, -102.87752125948654 31.996819250854614, -104.3391269155134 33.10440247204681, -98.33312540126687 36.34928898651502))"
9W,2020-03-17 21:55:00+00:00,2020-03-17 23:55:00+00:00,0.0,25000.0,"POLYGON ((-111.8074375459195 44.08929324616866, -111.46516146592573 43.386339430535465, -112.42205381745838 43.2704732130545, -112.63478306106178 43.78252917860908, -111.8074375459195 44.08929324616866))"
45C,2020-03-17 21:55:00+00:00,2020-03-17 23:55:00+00:00,0.0,40000.0,"POLYGON ((-93.32591554058803 32.36016010141205, -92.5 31.693712818262686, -93.28354108264016 31.534248635523515, -93.81 32.04714530289553, -93.32591554058803 32.36016010141205))"
42C,2020-03-17 21:55:00+00:00,2020-03-17 23:55:00+00:00,0.0,37000.0,"POLYGON ((-98.03274124290867 30.37903769269292, -97.17561569012685 30.0728405294609, -97.69373793121541 29.3611732326868, -98.46 29.64, -98.03274124290867 30.37903769269292))"
10W,2020-03-17 21:55:00+00:00,2020-03-17 23:55:00+00:00,0.0,25000.0,"POLYGON ((-119.60471974684403 35.88785952155926, -118.97430304526334 35.58216195253092, -119.77000000000001 34.943712818262675, -120.08819091222202 35.80792735646243, -119.60471974684403 35.88785952155926))"
8W,2020-03-17 21:55:00+00:00,2020-03-17 23:55:00+00:00,0.0,26000.0,"POLYGON ((-116.21 44.77, -115.90113346064464 44.23531670710122, -116.42053804203343 43.95046777056249, -117.37978314401165 44.5325083036228, -116.21 44.77))"
7W,2020-03-17 21:55:00+00:00,2020-03-17 23:55:00+00:00,0.0,27000.0,"POLYGON ((-115.63561978068614 43.71463773064988, -115.188763515996 42.98902372464677, -117.32428487660748 42.75468196361312, -117.38674061836248 43.54375848400793, -115.63561978068614 43.71463773064988))"
PAPA 18,2020-03-17 21:58:00+00:00,2020-03-18 02:00:00+00:00,0.0,48000.0,"POLYGON ((-159 23.3, -155.5 21.2, -163.2 16.2, -159 23.3))"
SIERRA 2,2020-03-17 22:00:00+00:00,2020-03-18 02:00:00+00:00,0.0,51000.0,"POLYGON ((-162 12.5, -159.3 9.5, -166.3 9.1, -162 12.5))"
12W,2020-03-17 22:55:00+00:00,2020-03-18 00:55:00+00:00,,,"POLYGON ((-122.0707511787524 37.80556121826155, -121.4174676781089 36.79311756402765, -121.4973558453721 36.83881371642082, -119.9223937641984 36.77358683672369, -121.5855198960979 36.68468116779007, -122.2388033967413 37.69712482202397, -119.930669647661 36.57375813569976, -121.5056317288347 36.63898501539689, -122.0707511787524 37.80556121826155))"
47C,2020-03-17 22:55:00+00:00,2020-03-18 00:55:00+00:00,0.0,41000.0,"POLYGON ((-97.04 32.37089313279082, -89.70454912448602 30.46449064253503, -89.95371867628029 29.487330241858594, -96.37294620984567 30.37490272279551, -97.04 32.37089313279082))"
49C,2020-03-17 22:55:00+00:00,2020-03-18 00:55:00+00:00,0.0,44000.0,"POLYGON ((-104.28822290339279 36.018022081467855, -102.51237985749506 35.99272132538199, -102.47253701512264 33.22816109639338, -103.62431443531193 33.33602754337187, -104.28822290339279 36.018022081467855))"
48C,2020-03-17 22:55:00+00:00,2020-03-18 00:55:00+00:00,0.0,37000.0,"POLYGON ((-98.24453399394872 30.632722857940212, -96.75861590814 30.37773447881275, -97.09130304724613 29.457037933844333, -98.46 29.97273791147279, -98.24453399394872 30.632722857940212))"
11W,2020-03-17 22:55:00+00:00,2020-03-18 00:55:00+00:00,0.0,28000.0,"POLYGON ((-116.21 44.10452417705442, -115.27185263114667 43.54632630744694, -116.67410692200816 43.19605311331964, -117.25594753811102 43.86339810578575, -116.21 44.10452417705442))"
9E,2020-03-17 22:55:00+00:00,2020-03-18 00:55:00+00:00,0.0,36000.0,"POLYGON ((-81.11 31.72628718173732, -80.57828027791271 30.668647172186084, -82.34754976857124 30.33733124562165, -82.86866219205109 31.232818074528947, -81.11 31.72628718173732))"
50C,2020-03-17 22:55:00+00:00,2020-03-18 00:55:00+00:00,0.0,43000.0,"POLYGON ((-102.50541122404145 32.12025965954565, -101.12727870258328 31.368220793046177, -102.59613570733227 30.14803577570539, -103.44766941780078 30.299040769823556, -102.50541122404145 32.12025965954565))"
51C,2020-03-17 22:55:00+00:00,2020-03-18 00:55:00+00:00,0.0,32000.0,"POLYGON ((-93.1761940668858 32.54710413625029, -92.30090684836166 31.98546591870242, -92.96957528787138 31.4251212919124, -93.81 32.191716242316424, -93.1761940668858 32.54710413625029))"
46C,2020-03-17 22:55:00+00:00,2020-03-18 00:55:00+00:00,0.0,43000.0,"POLYGON ((-97.78214312001985 36.61705319791462, -95.78000000000002 33.838003424053746, -101.55841723994762 32.22973554176726, -102.35475843100215 34.3330655812684, -97.78214312001985 36.61705319791462))"
BRAVO 4,2020-03-17 23:40:00+00:00,2020-03-18 03:40:00+00:00,0.0,43000.0,"POLYGON ((-136 9.15, -131.45 8.45, -128.45 3.3, -136.45 5, -136 9.15))"
52C,2020-03-17 23:55:00+00:00,2020-03-18 01:55:00+00:00,0.0,45000.0,"POLYGON ((-97.33219024655155 36.81912644947907, -95.78000000000002 34.01815522131803, -101.46292510865332 32.262593899407236, -101.6279659674633 33.46439812859356, -97.33219024655155 36.81912644947907))"
53C,2020-03-17 23:55:00+00:00,2020-03-18 01:55:00+00:00,0.0,41000.0,"POLYGON ((-97.04 32.87, -92.5 31.592737911472792, -92.83728477978896 30.374999415290123, -96.37294620984567 30.37490272279551, -97.04 32.87))"
55C,2020-03-17 23:55:00+00:00,2020-03-18 01:55:00+00:00,0.0,44000.0,"POLYGON ((-101.9118161461184 32.24497781151233, -100.8105267911084 31.49682920279749, -102.16297931382807 30.241585849351253, -102.98 30.617262088527227, -101.9118161461184 32.24497781151233))"
54C,2020-03-17 23:55:00+00:00,2020-03-18 01:55:00+00:00,0.0,40000.0,"POLYGON ((-103.91801062174616 36.167879477543956, -102.03376001095754 36.057888435641374, -102.13835876606399 33.238675042336375, -103.62431443531193 33.33602754337187, -103.91801062174616 36.167879477543956))"
10E,2020-03-17 23:55:00+00:00,2020-03-18 01:55:00+00:00,0.0,34000.0,"POLYGON ((-84.29 31.66, -83.18850897456814 31.538208894580187, -83.29126352615735 31.261000025051874, -84.35 30.833712818262683, -84.29 31.66))"
11E,2020-03-17 23:55:00+00:00,2020-03-18 01:55:00+00:00,0.0,29000.0,"POLYGON ((-81.79308518582808 32.158165128937725, -82.03901277409625 31.705111860147515, -82.8238057694914 31.650266744787892, -82.77115918126063 32.07399936875062, -81.79308518582808 32.158165128937725))"
57C,2020-03-17 23:55:00+00:00,2020-03-18 01:55:00+00:00,0.0,37000.0,"POLYGON ((-98.46 29.92914187884179, -97.7216093925255 29.979161807674643, -98.22524131691368 29.435339105058752, -98.76701120679249 29.52899664818102, -98.46 29.92914187884179))"
56C,2020-03-17 23:55:00+00:00,2020-03-18 01:55:00+00:00,0.0,40000.0,"POLYGON ((-91.18125564768577 30.582173304754527, -90.25652972124273 30.384016610872816, -90.45231407613048 29.486220092345675, -91.55539111628119 29.945486617907925, -91.18125564768577 30.582173304754527))"
15W,2020-03-17 23:55:00+00:00,2020-03-18 01:55:00+00:00,0.0,32000.0,"POLYGON ((-107.28 32.84628718173732, -106.6721432051401 32.76738348919461, -107.24847630738114 31.972803460656284, -107.85128604793347 32.075316336882956, -107.28 32.84628718173732))"
13W,2020-03-17 23:55:00+00:00,2020-03-18 01:55:00+00:00,0.0,28000.0,"POLYGON ((-116.21 44.191716242316424, -115.59159871056976 43.54843953805785, -116.88930645780519 43.03672213887603, -117.81 43.972574363474635, -116.21 44.191716242316424))"
14W,2020-03-17 23:55:00+00:00,2020-03-18 01:55:00+00:00,0.0,27000.0,"POLYGON ((-114.49000000000001 43.20285469710446, -114.49000000000001 42.624570939420884, -115.03474921622023 42.64468694415371, -115.27280587859198 43.26969885407197, -114.49000000000001 43.20285469710446))"
4C,2020-03-18 00:55:00+00:00,2020-03-18 02:55:00+00:00,0.0,43000.0,"POLYGON ((-101.63219105143028 32.479342979329445, -100.37531115631897 31.523683239662162, -102.61175755660976 30.18095345480345, -103.15934275500041 31.01354285038564, -101.63219105143028 32.479342979329445))"
3C,2020-03-18 00:55:00+00:00,2020-03-18 02:55:00+00:00,0.0,34000.0,"POLYGON ((-101.20784388488761 36.57864742802027, -101.64 34.45815522131804, -102.98254483440157 34.382276579203676, -102.57649637475797 36.432090705902894, -101.20784388488761 36.57864742802027))"
1C,2020-03-18 00:55:00+00:00,2020-03-18 02:55:00+00:00,0.0,45000.0,"POLYGON ((-96.24374090381653 37.15542335847199, -95.85743619184456 34.69627057374492, -100.08526663885834 32.018684600308326, -101.04325951123346 32.47446493334528, -98.78852338315694 35.64100309940781, -96.24374090381653 37.15542335847199))"
2C,2020-03-18 00:55:00+00:00,2020-03-18 02:55:00+00:00,0.0,38000.0,"POLYGON ((-97.04 33.15914187884178, -92.23596737905349 32.11914957172451, -92.62907758030032 30.99280322452304, -97.53 30.66914187884179, -97.04 33.15914187884178))"
2W,2020-03-18 00:55:00+00:00,2020-03-18 02:55:00+00:00,0.0,25000.0,"POLYGON ((-120.00336205240774 43.8553605661504, -120.13079930266376 43.157209725045504, -120.88920069733626 43.157209725045504, -120.73308047437914 43.839683454616825, -120.00336205240774 43.8553605661504))"
1W,2020-03-18 00:55:00+00:00,2020-03-18 02:55:00+00:00,0.0,25000.0,"POLYGON ((-116.21 44.48085812115821, -115.59159871056976 43.54843953805785, -116.4174929355659 43.14907513869738, -117.37978314401165 44.5325083036228, -116.21 44.48085812115821))"
PAPA 19,2020-03-18 01:24:00+00:00,2020-03-18 05:25:00+00:00,0.0,47000.0,"POLYGON ((-158.1 22.3, -155.4 21.3, -163.1 15.5, -158.1 22.3))"
6C,2020-03-18 01:55:00+00:00,2020-03-18 03:55:00+00:00,0.0,38000.0,"POLYGON ((-96.60414113318079 33.73813637090367, -92.26536507838304 32.05868429101709, -92.91132564441557 30.906422997902656, -96.853788178752 32.012246792286305, -96.60414113318079 33.73813637090367))"
5C,2020-03-18 01:55:00+00:00,2020-03-18 03:55:00+00:00,0.0,45000.0,"POLYGON ((-96.03500485443976 37.15707089898346, -95.85772603046158 35.00368016456325, -99.86 32.14726208852721, -100.77424882668845 32.795030997392566, -98.35187700775941 35.14300145890824, -96.03500485443976 37.15707089898346))"
7C,2020-03-18 01:55:00+00:00,2020-03-18 03:55:00+00:00,0.0,31000.0,"POLYGON ((-100.97 36.37452417705443, -101.0668240222753 34.81808302325164, -102.27919939521091 34.689719683932296, -102.11343107110142 36.211310567022366, -100.97 36.37452417705443))"
10C,2020-03-18 01:55:00+00:00,2020-03-18 03:55:00+00:00,0.0,31000.0,"POLYGON ((-95.2686221611597 41.521963919710615, -94.81230774942601 40.46041230537348, -96.21 40.2, -96.40302329466834 41.16809896600609, -95.2686221611597 41.521963919710615))"
8C,2020-03-18 01:55:00+00:00,2020-03-18 03:55:00+00:00,0.0,45000.0,"POLYGON ((-101.40004647894882 32.28417793378543, -98.98242193513745 31.312908419662534, -101.84683123928569 29.742949417867504, -103.21788976053531 30.745327963268075, -101.40004647894882 32.28417793378543))"
9C,2020-03-18 01:55:00+00:00,2020-03-18 03:55:00+00:00,0.0,35000.0,"POLYGON ((-99.34692648033523 30.19023577213862, -98.81178288123877 29.332854579974452, -100.51740492862491 28.825497621767806, -100.64270869059011 29.62707183384493, -99.34692648033523 30.19023577213862))"
12C,2020-03-18 02:55:00+00:00,2020-03-18 04:55:00+00:00,0.0,38000.0,"POLYGON ((-95.78000000000002 33.851786265581644, -92.04 32.52, -92.8892468839197 31.259413488542222, -98.17598765774108 31.97513444044588, -95.78000000000002 33.851786265581644))"
11C,2020-03-18 02:55:00+00:00,2020-03-18 04:55:00+00:00,0.0,45000.0,"POLYGON ((-95.58638124266955 37.28670656736876, -95.08628697479345 35.38725461765392, -102.02796151273816 30.1230252703179, -102.98 30.95, -95.58638124266955 37.28670656736876))"
13C,2020-03-18 02:55:00+00:00,2020-03-18 04:55:00+00:00,0.0,40000.0,"POLYGON ((-98.95219480377689 32.15840686504874, -98.52798954226242 31.208160016832483, -99.5459865718281 30.834994179788414, -100.08947320889159 31.49682920279749, -98.95219480377689 32.15840686504874))"
14C,2020-03-18 02:55:00+00:00,2020-03-18 04:55:00+00:00,0.0,40000.0,"POLYGON ((-99.34692648033523 30.19023577213862, -98.81178288123877 29.332854579974452, -100.39208054524993 28.558070902739974, -100.64270869059011 29.62707183384493, -99.34692648033523 30.19023577213862))"
BRAVO 5,2020-03-18 03:05:00+00:00,2020-03-18 07:05:00+00:00,0.0,50000.0,"POLYGON ((-132.15 10.3, -131 7, -135.15 4.15, -137 5.3, -137 8.3, -132.15 10.3))"
19C,2020-03-18 03:55:00+00:00,2020-03-18 05:55:00+00:00,0.0,30000.0,"POLYGON ((-95.74 42.16821373441836, -93.39338616992109 41.90083067810062, -94.81230774942601 40.46041230537348, -97.01975920239389 41.372339925088596, -95.74 42.16821373441836))"
17C,2020-03-18 03:55:00+00:00,2020-03-18 05:55:00+00:00,0.0,42000.0,"POLYGON ((-98.77140752299898 32.0933119476073, -98.34901924384195 31.273458639239355, -99.2706297577235 31.069408782565183, -99.67060623126986 31.36764383058726, -98.77140752299898 32.0933119476073))"
15C,2020-03-18 03:55:00+00:00,2020-03-18 05:55:00+00:00,0.0,45000.0,"POLYGON ((-95.347383938821 37.04226807072787, -94.88222130895115 35.38845570333679, -101.83211056267488 29.737792400322206, -103.25367026958605 30.71443044469519, -95.347383938821 37.04226807072787))"
16C,2020-03-18 03:55:00+00:00,2020-03-18 05:55:00+00:00,0.0,40000.0,"POLYGON ((-95.46665037808015 33.502163881353276, -92.04 32.85273791147279, -93.3960144136897 30.938557994968775, -97.96546372639826 32.246318965309385, -95.46665037808015 33.502163881353276))"
18C,2020-03-18 03:55:00+00:00,2020-03-18 05:55:00+00:00,0.0,40000.0,"POLYGON ((-99.34692648033523 30.19023577213862, -98.81178288123877 29.332854579974452, -100.39208054524993 28.558070902739974, -100.64270869059011 29.62707183384493, -99.34692648033523 30.19023577213862))"
PAPA 20,2020-03-18 04:53:00+00:00,2020-03-18 08:55:00+00:00,0.0,42000.0,"POLYGON ((-157.3 21.3, -154.5 20, -162.5 16.1, -157.3 21.3))"
21C,2020-03-18 04:55:00+00:00,2020-03-18 06:55:00+00:00,,,"POLYGON ((-96.94202814531879 33.12233921397564, -94.0168851959952 32.73657295958941, -92.30716608723348 32.33694435822037, -94.9111455126085 32.48123792174848, -93.96791190383158 32.73744502426103, -96.98510891453485 32.9270342029704, -94.95889873657485 32.48008871698099, -92.26164518162288 32.53169508903387, -93.9713642903846 32.93132369040291, -94.02033758254822 32.93045162573129, -94.96357119132514 32.67424452321874, -94.91581796735879 32.67539372798623, -96.94202814531879 33.12233921397564))"
20C,2020-03-18 04:55:00+00:00,2020-03-18 06:55:00+00:00,,,"POLYGON ((-95.22995409995097 37.17090693276359, -96.01068055034709 34.88220976911793, -95.99659872858678 34.90916614141101, -97.45285545687928 32.92880262786255, -97.38377168687667 32.96889970416898, -99.73092815791654 32.69767073366689, -99.80316329010984 32.65303006500702, -100.5799611118074 31.46415993855041, -95.82139086262517 34.81763876848964, -95.04066441222905 37.10633593213529, -97.29172941267798 32.81031888264809, -95.83547268438548 34.79068239619655, -99.70796965372045 32.49899283583958, -97.36081318268059 32.77022180634167, -100.4125323432247 31.35476337804286, -99.63573452152716 32.54363350449945, -95.22995409995097 37.17090693276359))"
22C,2020-03-18 04:55:00+00:00,2020-03-18 06:55:00+00:00,0.0,38000.0,"POLYGON ((-100.07570018939666 30.065485424354716, -98.95900499977834 29.63906596693889, -98.96766111323994 27.645243491090437, -99.42 27.19085812115821, -100.93587665072302 29.35989739434322, -100.07570018939666 30.065485424354716))"
1E,2020-03-18 05:11:00+00:00,2020-03-18 06:55:00+00:00,0.0,37000.0,"POLYGON ((-74.4943227777521 34.897929072356135, -74.37938792520521 34.73425262423355, -78.08810858758049 32.12996063624708, -78.20304344012739 32.293637084369664, -74.4943227777521 34.897929072356135))"
24C,2020-03-18 05:55:00+00:00,2020-03-18 07:55:00+00:00,,,"POLYGON ((-96.7993413874077 34.18335280892262, -94.1145604781638 33.30883913357223, -92.34935447490979 32.43019965621263, -94.78116761252436 32.55510525701698, -93.9997152224774 33.32722808389914, -96.91785693153311 34.02225015282826, -94.91071016210967 32.54568795773662, -92.26023351858221 32.60924561440007, -94.02543952183622 33.48788509175968, -94.14028477752261 33.46949614143278, -94.92173716756956 32.69737331455062, -94.79219461798425 32.70679061383098, -96.7993413874077 34.18335280892262))"
26C,2020-03-18 05:55:00+00:00,2020-03-18 07:55:00+00:00,,,"POLYGON ((-95.72511078531025 41.21306640047418, -95.49006276998007 41.02359901710457, -94.83204337838829 39.47418592310954, -95.75488921468974 41.01529571219179, -95.41290860628152 40.96380352452191, -94.6479566216117 39.55236562622662, -95.30597601320348 41.10177872022165, -95.38313017690203 41.1615742128043, -95.72511078531025 41.21306640047418))"
23C,2020-03-18 05:55:00+00:00,2020-03-18 07:55:00+00:00,,,"POLYGON ((-94.30234793838605 36.52108979200931, -97.25728452621321 33.05318739469831, -97.19829537983782 33.08685310001102, -99.632364950901 32.66372964288009, -99.71325290893992 32.58503538936697, -100.0978735773703 30.68378750802827, -97.10505316305459 32.92347381764924, -94.15011657522743 36.39137621496024, -99.59811188049318 32.4666846552056, -97.16404230942999 32.88980811233653, -99.90184459088466 30.64413102738001, -99.51722392245426 32.54537890871871, -94.30234793838605 36.52108979200931))"
2E,2020-03-18 05:55:00+00:00,2020-03-18 07:55:00+00:00,0.0,39000.0,"POLYGON ((-74.49503419200796 34.897424866483206, -74.37867651094935 34.73475683010648, -77.08724890274966 32.79729444038781, -77.20360658380828 32.95996247676454, -74.49503419200796 34.897424866483206))"
25C,2020-03-18 05:55:00+00:00,2020-03-18 07:55:00+00:00,0.0,42000.0,"POLYGON ((-99.82 30.16628718173732, -98.46 29.64, -98.76817772434235 27.478482149021616, -99.42 27.19085812115821, -100.77 29.36, -99.82 30.16628718173732))"
TANGO 1,2020-03-18 06:15:00+00:00,2020-03-18 10:15:00+00:00,0.0,35000.0,"POLYGON ((-164.4 25.3, -161.5 24.2, -168.2 19.1, -164.4 25.3))"
27C,2020-03-18 06:55:00+00:00,2020-03-18 08:55:00+00:00,,,"POLYGON ((-93.50599000435135 37.34508919563625, -97.01481045676589 33.1403091276638, -96.9723309236882 33.17017243143847, -97.53950707293636 32.96307293865853, -97.57275615284112 32.94287671415957, -99.93723504981298 30.77686815017604, -96.86125311233589 33.01216802585957, -93.35243265992135 37.21694809383202, -97.47090879466172 32.77520522930496, -96.90373264541357 32.9823047220849, -99.80213861172882 30.62939288982038, -97.43765971475696 32.79540145380391, -93.50599000435135 37.34508919563625))"
28C,2020-03-18 06:55:00+00:00,2020-03-18 08:55:00+00:00,0.0,38000.0,"POLYGON ((-95.75383963404043 33.934520962630216, -94.16630043301507 33.50423018764206, -94.21862116493423 33.311195110489116, -95.8061603659596 33.741485885477275, -95.75383963404043 33.934520962630216))"
29C,2020-03-18 06:55:00+00:00,2020-03-18 08:55:00+00:00,0.0,38000.0,"POLYGON ((-99.98808145651606 28.80153397787833, -98.76415210742239 27.0244116768729, -98.92886706969021 26.910970144773287, -100.15279641878388 28.688092445778715, -99.98808145651606 28.80153397787833))"
30C,2020-03-18 07:55:00+00:00,2020-03-18 09:55:00+00:00,0.0,33000.0,"POLYGON ((-93.65305814326457 37.974381778266675, -92.18 35.844582690154745, -92.18 34.68, -95.21941606925651 34.65771311087037, -95.3546129872837 35.84628842029848, -93.65305814326457 37.974381778266675))"
31C,2020-03-18 07:55:00+00:00,2020-03-18 09:55:00+00:00,0.0,44000.0,"POLYGON ((-95.6368541629353 34.73227549147628, -93.92871630203106 33.62756045833276, -98.85504110127808 31.41992584276884, -99.86545039907723 31.368674640918357, -98.21979621916849 33.862112117463354, -95.6368541629353 34.73227549147628))"
PAPA 21,2020-03-18 08:15:00+00:00,2020-03-18 12:15:00+00:00,0.0,43000.0,"POLYGON ((-156.3 21.2, -153.5 19.3, -159.3 17.3, -156.3 21.2))"
33C,2020-03-18 08:55:00+00:00,2020-03-18 10:55:00+00:00,0.0,44000.0,"POLYGON ((-95.6368541629353 34.73227549147628, -93.92871630203106 33.62756045833276, -98.85504110127808 31.41992584276884, -99.86545039907723 31.368674640918357, -98.21979621916849 33.862112117463354, -95.6368541629353 34.73227549147628))"
32C,2020-03-18 08:55:00+00:00,2020-03-18 10:55:00+00:00,0.0,33000.0,"POLYGON ((-92.87256949004939 37.39448862362982, -92.08634208600077 35.29332937289163, -92.27365791399924 35.2232381424755, -93.05988531804786 37.324397393213694, -92.87256949004939 37.39448862362982))"
TANGO 2,2020-03-18 09:34:00+00:00,2020-03-18 13:35:00+00:00,0.0,45000.0,"POLYGON ((-164.3 25.2, -160.4 23, -168 19.1, -164.3 25.2))"
35C,2020-03-18 09:55:00+00:00,2020-03-18 11:55:00+00:00,0.0,43000.0,"POLYGON ((-97.17 34.87547582294557, -94.27 34.72452417705442, -94.49155821895692 33.15636359097796, -96.99287885792052 31.89498192102962, -99.0297603520084 31.771427799675823, -97.17 34.87547582294557))"
34C,2020-03-18 09:55:00+00:00,2020-03-18 11:55:00+00:00,0.0,32000.0,"POLYGON ((-91.55486938433417 36.545590090748, -91.3627272667792 36.49007967135224, -91.83468895076439 34.85644551126442, -92.02683106831935 34.91195593066018, -91.55486938433417 36.545590090748))"
37C,2020-03-18 10:55:00+00:00,2020-03-18 12:55:00+00:00,0.0,42000.0,"POLYGON ((-95.78000000000002 34.18452417705443, -93.35970038580021 34.09617979979481, -95.53833261624756 32.41754557678077, -97.99429550319113 31.91262197178591, -95.78000000000002 34.18452417705443))"
36C,2020-03-18 10:55:00+00:00,2020-03-18 12:55:00+00:00,0.0,31000.0,"POLYGON ((-91.40454545454546 36.70911639396635, -90.49545454545455 36.70911639396635, -90.49545454545455 35.80002548487544, -91.40454545454546 35.80002548487544, -91.40454545454546 36.70911639396635))"
PAPA 22,2020-03-18 11:46:00+00:00,2020-03-18 15:45:00+00:00,0.0,42000.0,"POLYGON ((-156.3 20.3, -153.5 20, -157.4 17.4, -156.3 20.3))"
TANGO 3,2020-03-18 11:49:00+00:00,2020-03-18 15:50:00+00:00,0.0,45000.0,"POLYGON ((-164 25.2, -159.4 24.4, -167.3 19, -164 25.2))"
39C,2020-03-18 11:55:00+00:00,2020-03-18 13:55:00+00:00,0.0,35000.0,"POLYGON ((-90.33871977224902 37.27473595304849, -90.20590441750836 34.91453321744907, -90.40558850413616 34.90329642308327, -90.53840385887682 37.26349915868269, -90.33871977224902 37.27473595304849))"
40C,2020-03-18 11:55:00+00:00,2020-03-18 13:55:00+00:00,0.0,40000.0,"POLYGON ((-94.13645625374996 33.64354839749672, -95.26378805381955 32.41895745308091, -97.75253162402399 32.068001113887796, -96.42789810539357 33.379646827097154, -94.13645625374996 33.64354839749672))"
38C,2020-03-18 11:55:00+00:00,2020-03-18 13:55:00+00:00,0.0,25000.0,"POLYGON ((-90.65797538894111 39.22348940097982, -89.93070266166839 39.22348940097982, -89.93070266166839 38.49621667370709, -90.65797538894111 38.49621667370709, -90.65797538894111 39.22348940097982))"
42C,2020-03-18 12:55:00+00:00,2020-03-18 14:55:00+00:00,0.0,37000.0,"POLYGON ((-87.92076347166014 37.62248069672481, -89.98 35.02, -91.34023482709601 35.340840671314346, -89.6392531877898 37.197960318199954, -87.92076347166014 37.62248069672481))"
43C,2020-03-18 12:55:00+00:00,2020-03-18 14:55:00+00:00,0.0,41000.0,"POLYGON ((-97.09315329349609 34.056271153794164, -96.33498721907586 33.45622861203412, -98.94575117331155 32.795030997392566, -99.29455446645635 33.39978538573632, -97.09315329349609 34.056271153794164))"
41C,2020-03-18 12:55:00+00:00,2020-03-18 14:55:00+00:00,0.0,27000.0,"POLYGON ((-89.38863878685184 39.329889105175454, -88.86000000000001 38.872574363474634, -89.62569853788277 38.58025793720122, -90.33736429483255 39.12704568313888, -89.38863878685184 39.329889105175454))"
45C,2020-03-18 13:55:00+00:00,2020-03-18 15:55:00+00:00,0.0,45000.0,"POLYGON ((-96.08803196490558 34.23479133629657, -96.33498721907586 33.45622861203412, -98.03037535567614 32.86609813104934, -98.02558437379773 33.51814707253503, -96.08803196490558 34.23479133629657))"
44C,2020-03-18 13:55:00+00:00,2020-03-18 15:55:00+00:00,0.0,37000.0,"POLYGON ((-87.25313879226407 37.76293716980787, -89.09736455539952 35.01680489941045, -89.60410806970957 35.32610250058317, -89.71623113007945 37.25997471516188, -87.25313879226407 37.76293716980787))"
46C,2020-03-18 14:55:00+00:00,2020-03-18 16:55:00+00:00,0.0,37000.0,"POLYGON ((-88.0856026224886 38.54437264639376, -86.0306551988418 38.452063200793475, -88.18530744532066 35.63264639609369, -89.90211178761506 35.17368000781194, -88.0856026224886 38.54437264639376))"
47C,2020-03-18 14:55:00+00:00,2020-03-18 16:55:00+00:00,0.0,45000.0,"POLYGON ((-95.78000000000002 34.41628718173732, -95.76145186076613 33.30610304253371, -97.2385115846683 33.27054178323852, -97.36975245604553 33.80913949721411, -95.78000000000002 34.41628718173732))"
TANGO 4,2020-03-18 15:17:00+00:00,2020-03-18 19:20:00+00:00,0.0,45000.0,"POLYGON ((-164.2 25.2, -159.1 24.2, -167.3 18.4, -164.2 25.2))"
48C,2020-03-18 15:55:00+00:00,2020-03-18 17:55:00+00:00,0.0,37000.0,"POLYGON ((-85.34240149403729 39.018238407466264, -87.43883896411941 35.88293715542125, -89.16317785813192 35.712488029563765, -87.6580020013532 38.72075875392721, -85.34240149403729 39.018238407466264))"
49C,2020-03-18 15:55:00+00:00,2020-03-18 17:55:00+00:00,0.0,42000.0,"POLYGON ((-95.06832228897655 34.25971971085531, -95.26714806626936 33.504242729874754, -96.47674616855943 33.33930182712991, -96.60414113318079 33.73813637090367, -95.06832228897655 34.25971971085531))"
50C,2020-03-18 16:55:00+00:00,2020-03-18 18:55:00+00:00,0.0,35000.0,"POLYGON ((-85.34240149403729 39.018238407466264, -87.88089904251443 35.47790203253922, -89.16317785813192 35.712488029563765, -87.25 38.824524177054435, -85.34240149403729 39.018238407466264))"
3E,2020-03-18 17:55:00+00:00,2020-03-18 19:55:00+00:00,0.0,30000.0,"POLYGON ((-84.7 39.68547582294557, -84.0575985059627 39.018238407466264, -85.82119634172145 37.63863816680658, -87.00824635032804 38.515820689814504, -84.7 39.68547582294557))"
TANGO 5,2020-03-18 18:50:00+00:00,2020-03-18 22:50:00+00:00,0.0,48000.0,"POLYGON ((-163.5 25.3, -158.5 25, -165.4 14.1, -163.5 25.3))"
4E,2020-03-18 18:55:00+00:00,2020-03-18 20:55:00+00:00,0.0,30000.0,"POLYGON ((-84.7 39.68547582294557, -84.0575985059627 39.018238407466264, -85.82119634172145 37.63863816680658, -87.00824635032804 38.515820689814504, -84.7 39.68547582294557))"
5E,2020-03-18 19:55:00+00:00,2020-03-18 21:55:00+00:00,0.0,30000.0,"POLYGON ((-83.82368787457595 39.88909955929163, -82.59 39.716287181737314, -83.78815939064454 38.30084379181796, -84.7 39.02, -83.82368787457595 39.88909955929163))"
4W,2020-03-18 20:55:00+00:00,2020-03-18 22:55:00+00:00,0.0,25000.0,"POLYGON ((-109.70551783007264 37.55278749235115, -109.93014929765631 35.76274790773321, -111.1129806034437 35.81248765451741, -111.14059758866306 37.30231183329928, -109.70551783007264 37.55278749235115))"
6E,2020-03-18 20:55:00+00:00,2020-03-18 22:55:00+00:00,0.0,25000.0,"POLYGON ((-83.82368787457595 39.88909955929163, -82.59 39.716287181737314, -83.78815939064454 38.30084379181796, -84.7 39.02, -83.82368787457595 39.88909955929163))"
3W,2020-03-18 20:55:00+00:00,2020-03-18 22:55:00+00:00,0.0,35000.0,"POLYGON ((-112.27908957585319 34.299136502125464, -110.91 32.67828375768358, -111.51003078531645 31.587449035291623, -113.99558201428282 32.257412027211174, -112.97492690732737 34.29008968733586, -112.27908957585319 34.299136502125464))"
9E,2020-03-18 21:55:00+00:00,2020-03-18 23:55:00+00:00,0.0,28000.0,"POLYGON ((-82.4436163628503 33.9449573860323, -81.60444834390006 33.89975716979898, -82.16000000000001 32.711786265581644, -82.61437021666094 32.78693689305337, -82.4436163628503 33.9449573860323))"
54C,2020-03-18 21:55:00+00:00,2020-03-18 23:55:00+00:00,0.0,28000.0,"POLYGON ((-103.58374545689594 34.243078109296235, -103.19654718557507 33.24765727144566, -103.62431443531193 33.33602754337187, -103.91112105470303 33.926192836898785, -103.58374545689594 34.243078109296235))"
53C,2020-03-18 21:55:00+00:00,2020-03-18 23:55:00+00:00,0.0,35000.0,"POLYGON ((-99.8868833867596 34.36933919929304, -99.86 33.14547582294556, -101.20778005091158 33.10980723833875, -99.8868833867596 34.36933919929304))"
6W,2020-03-18 21:55:00+00:00,2020-03-18 23:55:00+00:00,0.0,30000.0,"POLYGON ((-113.6114680138436 33.589610654752754, -114.04330862272542 32.29820545222906, -114.87907674063214 32.53440927700298, -115.56057353217882 33.628554061276965, -113.6114680138436 33.589610654752754))"
5W,2020-03-18 21:55:00+00:00,2020-03-18 23:55:00+00:00,0.0,35000.0,"POLYGON ((-111.54881857399698 34.3781211147329, -110.53100790762507 32.86796090445456, -111.5999265533487 31.5099252864289, -113.76713898423257 32.06139725825312, -113.2160437909001 33.42426017578965, -111.54881857399698 34.3781211147329))"
7E,2020-03-18 21:55:00+00:00,2020-03-18 23:55:00+00:00,0.0,25000.0,"POLYGON ((-82.37156587499962 40.550493832774755, -81.34449910331475 40.184793964076796, -82.03 39.18371281826269, -82.59 39.57171624231643, -82.37156587499962 40.550493832774755))"
8E,2020-03-18 21:55:00+00:00,2020-03-18 23:55:00+00:00,0.0,30000.0,"POLYGON ((-84.13365702805031 32.28016295420759, -83.92850242224982 31.96617200012962, -84.29 31.515429060579105, -84.62969514046443 31.659550111256635, -84.13365702805031 32.28016295420759))"
51C,2020-03-18 21:55:00+00:00,2020-03-18 23:55:00+00:00,0.0,45000.0,"POLYGON ((-102.34742039659176 31.954577886464204, -101.40480001872535 31.73095611248797, -101.80189938715029 31.20801172508779, -102.62124905041036 31.256186024035717, -102.34742039659176 31.954577886464204))"
52C,2020-03-18 21:55:00+00:00,2020-03-18 23:55:00+00:00,0.0,44000.0,"POLYGON ((-99.7943188687343 32.61354908221985, -99.3774569289416 32.07017041893711, -100.0896360376392 31.676177754081056, -100.37413025744975 32.478955039120386, -99.7943188687343 32.61354908221985))"
TANGO 6,2020-03-18 22:17:00+00:00,2020-03-19 02:20:00+00:00,0.0,48000.0,"POLYGON ((-161.5 25.2, -158.1 25, -165.1 15.5, -161.5 25.2))"
10E,2020-03-18 22:55:00+00:00,2020-03-19 00:55:00+00:00,0.0,30000.0,"POLYGON ((-82.51 32.205475822945566, -81.9678535970814 31.729856691630072, -82.68105505848018 30.368014129630584, -83.4086573994292 31.218523656469078, -82.51 32.205475822945566))"
56C,2020-03-18 22:55:00+00:00,2020-03-19 00:55:00+00:00,0.0,45000.0,"POLYGON ((-98.97745958808196 34.75791864122066, -98.79065334543353 33.989837139728266, -102.19 32.675475822945565, -102.46548651801938 33.88975763982219, -98.97745958808196 34.75791864122066))"
55C,2020-03-18 22:55:00+00:00,2020-03-19 00:55:00+00:00,0.0,45000.0,"POLYGON ((-100.70336386541864 33.1830360781015, -99.15812776515703 33.06625800447078, -98.77140752299898 32.0933119476073, -101.34704831947458 31.048544528952668, -102.26520881059527 32.163682692116836, -100.70336386541864 33.1830360781015))"
8W,2020-03-18 22:55:00+00:00,2020-03-19 00:55:00+00:00,0.0,30000.0,"POLYGON ((-113.6114680138436 33.589610654752754, -114.04330862272542 32.29820545222906, -114.87907674063214 32.53440927700298, -115.56057353217882 33.628554061276965, -113.6114680138436 33.589610654752754))"
11E,2020-03-18 22:55:00+00:00,2020-03-19 00:55:00+00:00,0.0,28000.0,"POLYGON ((-82.16000000000001 33.8545709394209, -81.67737814793256 33.87503675075433, -81.9012649535951 32.43416365365805, -82.51 32.40742563652536, -82.16000000000001 33.8545709394209))"
57C,2020-03-18 22:55:00+00:00,2020-03-19 00:55:00+00:00,0.0,28000.0,"POLYGON ((-104.25543591581445 35.399535777237425, -102.71610884319514 34.39771036148948, -102.77884315019519 33.69695906042214, -104.73547782201624 34.857924506557275, -104.25543591581445 35.399535777237425))"
58C,2020-03-18 22:55:00+00:00,2020-03-19 00:55:00+00:00,0.0,41000.0,"POLYGON ((-96.02975774463509 35.05419910917019, -96.02851966851858 34.64529287274846, -98.3213999423787 34.52397320083708, -98.09056484711306 35.23303295246187, -96.02975774463509 35.05419910917019))"
10W,2020-03-18 22:55:00+00:00,2020-03-19 00:55:00+00:00,0.0,28000.0,"POLYGON ((-108.52745309838417 38.855251072109645, -107.55047097148166 38.28291667804255, -109.13895094850625 37.409116626618946, -110.31021697669755 38.11267193220031, -110.01599861474305 38.63931466103285, -108.52745309838417 38.855251072109645))"
9W,2020-03-18 22:55:00+00:00,2020-03-19 00:55:00+00:00,0.0,25000.0,"POLYGON ((-111.29181927577909 37.353750652726816, -110.27371900317219 36.447831392641106, -110.93976867677338 36.00889679890747, -111.78609464240965 37.279973910890256, -111.29181927577909 37.353750652726816))"
7W,2020-03-18 22:55:00+00:00,2020-03-19 00:55:00+00:00,0.0,35000.0,"POLYGON ((-110.86747855394704 34.92641517448276, -110.4361291514257 32.265092824287045, -111.23418962456253 31.43175604669279, -113.02141359324926 32.20684183083547, -112.97492690732737 34.29008968733586, -110.86747855394704 34.92641517448276))"
62C,2020-03-18 23:55:00+00:00,2020-03-19 01:55:00+00:00,,,"POLYGON ((-104.8537822277706 41.43205113757045, -104.9907921930406 41.22179111526385, -105.0070057611178 41.16811376711906, -105.0176441321032 40.00798224459516, -104.8232277374993 41.11260250212509, -104.6862177722294 41.32286252443168, -104.8176525404075 40.00614832774598, -104.8070141694221 41.16627985026988, -104.8537822277706 41.43205113757045))"
14E,2020-03-18 23:55:00+00:00,2020-03-19 01:55:00+00:00,0.0,40000.0,"POLYGON ((-83.09764040940539 34.6998327489478, -82.39085072811645 34.17090021200632, -83.34529456525038 33.304451717436464, -84.07025170182663 33.756783329198136, -83.09764040940539 34.6998327489478))"
59C,2020-03-18 23:55:00+00:00,2020-03-19 01:55:00+00:00,0.0,45000.0,"POLYGON ((-100.29 33.53815522131804, -98.36087830660472 33.52867273131372, -97.95172791611162 32.54835770245518, -100.8105267911084 31.49682920279749, -101.88763086609984 32.624461259451536, -100.29 33.53815522131804))"
12W,2020-03-18 23:55:00+00:00,2020-03-19 01:55:00+00:00,0.0,35000.0,"POLYGON ((-113.53803893231179 34.44811186252935, -112.87371453843234 32.084850444262884, -113.76713898423257 32.06139725825312, -115.04748490412477 34.00702466190276, -113.53803893231179 34.44811186252935))"
11W,2020-03-18 23:55:00+00:00,2020-03-19 01:55:00+00:00,0.0,30000.0,"POLYGON ((-112.66681226016796 34.63619078524487, -111.67057799744575 34.69732405193179, -112.02000000000001 32.59815522131804, -112.85896961345105 32.72132702057688, -112.66681226016796 34.63619078524487))"
15E,2020-03-18 23:55:00+00:00,2020-03-19 01:55:00+00:00,0.0,25000.0,"POLYGON ((-83.28434146538885 32.99615126445249, -83.16634297194972 32.28016295420759, -83.81840160118972 31.82510780053419, -83.89349184225405 32.89421911139596, -83.28434146538885 32.99615126445249))"
13E,2020-03-18 23:55:00+00:00,2020-03-19 01:55:00+00:00,0.0,40000.0,"POLYGON ((-81.83845883349012 33.820233403909334, -81.37127356545025 33.74893330897594, -81.37295770029552 32.69399288392373, -82.16000000000001 32.84257436347463, -81.83845883349012 33.820233403909334))"
12E,2020-03-18 23:55:00+00:00,2020-03-19 01:55:00+00:00,0.0,35000.0,"POLYGON ((-82.64020219587117 31.807066332190313, -82.19693724819466 31.428968839313033, -82.72972170702252 30.26744615549668, -83.18850897456814 31.538208894580187, -82.64020219587117 31.807066332190313))"
60C,2020-03-18 23:55:00+00:00,2020-03-19 01:55:00+00:00,0.0,45000.0,"POLYGON ((-98.25723411346621 35.6195213430634, -97.8177362885968 34.42959849629359, -101.91 33.26628718173732, -102.31373483409745 34.4988718127511, -98.25723411346621 35.6195213430634))"
61C,2020-03-18 23:55:00+00:00,2020-03-19 01:55:00+00:00,0.0,32000.0,"POLYGON ((-101.98173494532293 35.957351457972415, -101.64 35.723712818262676, -101.7654001267518 35.392162408672945, -102.4609738147084 35.56385412764025, -101.98173494532293 35.957351457972415))"
TANGO 7,2020-03-19 00:30:00+00:00,2020-03-19 04:30:00+00:00,0.0,47000.0,"POLYGON ((-160.2 23.1, -158.3 23, -165.2 16.1, -160.2 23.1))"
UNIFORM 1,2020-03-19 00:44:00+00:00,2020-03-19 04:45:00+00:00,0.0,52000.0,"POLYGON ((-150.1 8.3, -153.4 3.3, -155.3 8.1, -150.1 8.3))"
2C,2020-03-19 00:55:00+00:00,2020-03-19 02:55:00+00:00,,,"POLYGON ((-104.800721249134 41.36135809132572, -104.9142985982703 41.15507823609716, -104.9144026664682 41.1548887423067, -104.9709239292038 41.05170715766282, -104.7390997015875 41.05861401163478, -104.6255223524512 41.26489386686334, -104.7955168961253 40.95562192078135, -104.7389956333896 41.05880350542524, -104.800721249134 41.36135809132572))"
2E,2020-03-19 00:55:00+00:00,2020-03-19 02:55:00+00:00,0.0,35000.0,"POLYGON ((-82.30483061803413 34.90209013842887, -82.72260134695223 33.238160614364425, -83.44097576041429 33.62598360862242, -83.53103639459063 34.23866700707154, -82.30483061803413 34.90209013842887))"
1E,2020-03-19 00:55:00+00:00,2020-03-19 02:55:00+00:00,0.0,39000.0,"POLYGON ((-82.9464442374728 33.27624221039544, -82.20920022167108 32.15446777021161, -82.04533168893617 30.529909732491703, -82.51 30.541786265581642, -83.87813001962584 33.150908393169914, -82.9464442374728 33.27624221039544))"
1C,2020-03-19 00:55:00+00:00,2020-03-19 02:55:00+00:00,0.0,45000.0,"POLYGON ((-99.01158527489102 35.631004248156735, -97.41158357117492 35.33618703261501, -97.95172791611162 32.54835770245518, -100.06029823054763 31.369410947142324, -102.4675569810212 34.37210140749102, -99.01158527489102 35.631004248156735))"
1W,2020-03-19 00:55:00+00:00,2020-03-19 02:55:00+00:00,0.0,30000.0,"POLYGON ((-113.28942200255426 34.69732405193179, -112.09615302980696 33.276271849007834, -112.96542409359301 32.18637524688774, -114.18439081192425 34.534385001877936, -113.28942200255426 34.69732405193179))"
2W,2020-03-19 00:55:00+00:00,2020-03-19 02:55:00+00:00,0.0,28000.0,"POLYGON ((-110.63308348510752 36.629453951560755, -110.01726370617438 36.11347848248493, -110.29792966042967 35.4678757315292, -110.93883659217458 36.230194329585764, -110.63308348510752 36.629453951560755))"
4C,2020-03-19 01:55:00+00:00,2020-03-19 03:55:00+00:00,,,"POLYGON ((-104.7798406137036 41.39520907349392, -104.8652254215134 41.12889273823426, -104.8682179794082 41.11715648738215, -105.0944060780327 39.93511460790682, -104.6747745784866 41.06783148709768, -104.5893897706768 41.33414782235734, -104.8979701192163 39.89752585847446, -104.6717820205918 41.07956773794979, -104.7798406137036 41.39520907349392))"
5C,2020-03-19 01:55:00+00:00,2020-03-19 03:55:00+00:00,0.0,45000.0,"POLYGON ((-102.58239843667535 32.009396041398844, -101.90895905218223 30.563583605996868, -102.538802333545 30.02702113079422, -103.51874475562153 31.139882937773198, -102.58239843667535 32.009396041398844))"
3C,2020-03-19 01:55:00+00:00,2020-03-19 03:55:00+00:00,0.0,45000.0,"POLYGON ((-96.87307578081897 35.98603119500176, -97.19213334270104 33.177317743186066, -99.86 31.81452417705442, -101.6264169480738 33.9349575085321, -101.64 35.29, -96.87307578081897 35.98603119500176))"
3W,2020-03-19 01:55:00+00:00,2020-03-19 03:55:00+00:00,0.0,25000.0,"POLYGON ((-112.32569237672381 34.39249289424904, -111.8356900712749 33.49353036870669, -112.3230152211048 32.814811521253475, -113.12990807859433 33.80706227448634, -112.32569237672381 34.39249289424904))"
4W,2020-03-19 01:55:00+00:00,2020-03-19 03:55:00+00:00,0.0,26000.0,"POLYGON ((-109.12068876223775 32.387564175315205, -108.81272850592548 31.346981460766365, -109.70727149407455 31.346981460766365, -110.04702688077134 32.267559751279975, -109.12068876223775 32.387564175315205))"
3E,2020-03-19 01:55:00+00:00,2020-03-19 03:55:00+00:00,0.0,39000.0,"POLYGON ((-81.99745390026318 34.896415195280625, -82.16000000000001 32.987145302895534, -81.83149102543187 31.538208894580187, -82.31608628592302 31.139155243532617, -83.38546039009562 33.223987268658796, -81.99745390026318 34.896415195280625))"
6C,2020-03-19 02:55:00+00:00,2020-03-19 04:55:00+00:00,0.0,45000.0,"POLYGON ((-99.05387036992381 36.337157048602975, -97.1591385709576 36.092918688610936, -97.04 33.036368955736386, -99.13324003092005 32.223244372259146, -99.73007728562416 34.55972590121787, -99.05387036992381 36.337157048602975))"
8C,2020-03-19 02:55:00+00:00,2020-03-19 04:55:00+00:00,0.0,45000.0,"POLYGON ((-101.81139170539616 32.77796287137032, -101.90895905218223 30.563583605996868, -102.433994757914 30.478289694691373, -103.08956035979047 32.17732122887905, -101.81139170539616 32.77796287137032))"
7C,2020-03-19 02:55:00+00:00,2020-03-19 04:55:00+00:00,0.0,26000.0,"POLYGON ((-103.63831978426028 42.00753201068995, -103.79271350318164 40.84247184342569, -105.26194097094562 39.99944706493813, -106.12187033267497 40.025687902942735, -104.77 41.5427379114728, -103.63831978426028 42.00753201068995))"
5W,2020-03-19 02:55:00+00:00,2020-03-19 04:55:00+00:00,0.0,26000.0,"POLYGON ((-112.32569237672381 34.39249289424904, -111.22261794489685 33.42744888431217, -112.02000000000001 32.76452417705443, -112.78748523333947 34.084793500183224, -112.32569237672381 34.39249289424904))"
4E,2020-03-19 02:55:00+00:00,2020-03-19 04:55:00+00:00,0.0,34000.0,"POLYGON ((-82.06468873132381 34.76279324902581, -81.43311338252389 34.620077326952725, -82.06009214262404 32.48840183444376, -82.85893916981365 32.41089178349215, -82.80059928688696 33.487046010123095, -82.06468873132381 34.76279324902581))"
9C,2020-03-19 02:55:00+00:00,2020-03-19 04:55:00+00:00,0.0,38000.0,"POLYGON ((-100.62784353282731 35.03736763495931, -100.15551577678991 34.637058787802104, -100.7829988832535 33.960101951009634, -101.37064922541445 34.75543628142861, -100.62784353282731 35.03736763495931))"
10C,2020-03-19 02:55:00+00:00,2020-03-19 04:55:00+00:00,0.0,32000.0,"POLYGON ((-105.107179528051 32.93013962753915, -105.25917942553144 31.815925798258387, -106.0855097272761 31.419153635158647, -105.88589295344161 32.62079033129134, -105.107179528051 32.93013962753915))"
TANGO 8,2020-03-19 03:32:00+00:00,2020-03-19 07:35:00+00:00,0.0,52000.0,"POLYGON ((-163 24.4, -157.5 22.4, -166.2 15.4, -163 24.4))"
UNIFORM 2,2020-03-19 03:33:00+00:00,2020-03-19 07:35:00+00:00,0.0,52000.0,"POLYGON ((-155.5 9.3, -148.5 8.2, -156.5 6.4, -155.5 9.3))"
12C,2020-03-19 03:55:00+00:00,2020-03-19 05:55:00+00:00,0.0,26000.0,"POLYGON ((-104.15044314380472 41.88805022082951, -103.64231622381 41.09810364779696, -105.26194097094562 39.99944706493813, -105.72 40.840893132790825, -104.15044314380472 41.88805022082951))"
13C,2020-03-19 03:55:00+00:00,2020-03-19 05:55:00+00:00,0.0,45000.0,"POLYGON ((-100.67218216320951 33.6008801899579, -100.58760881892944 31.25228592573746, -102.08686887748583 30.628595778775562, -102.21394216247569 33.084807733852614, -100.67218216320951 33.6008801899579))"
15C,2020-03-19 03:55:00+00:00,2020-03-19 05:55:00+00:00,0.0,32000.0,"POLYGON ((-103.88191207882944 33.592485202118255, -103.78187520733637 32.631336659183106, -105.19016441255754 32.197358845118885, -104.98850644020882 33.466789347454, -103.88191207882944 33.592485202118255))"
11C,2020-03-19 03:55:00+00:00,2020-03-19 05:55:00+00:00,0.0,45000.0,"POLYGON ((-96.67267305207153 36.902614605610786, -96.05031938813546 33.68959575429802, -98.10562910184912 32.36312409063965, -99.13446017673844 35.06473933972422, -98.36018620063044 36.702116066481395, -96.67267305207153 36.902614605610786))"
14C,2020-03-19 03:55:00+00:00,2020-03-19 05:55:00+00:00,0.0,38000.0,"POLYGON ((-99.88 35.90628718173732, -99.6410189280408 34.58958825228857, -100.45171119610688 34.3145687387046, -100.93153798912867 35.28793453962528, -99.88 35.90628718173732))"
6W,2020-03-19 03:55:00+00:00,2020-03-19 05:55:00+00:00,0.0,26000.0,"POLYGON ((-111.17326338073795 34.75274634570805, -111.05606715902222 33.75822470314235, -111.53232373115948 33.02013637078402, -111.99359583877218 34.533058391638555, -111.17326338073795 34.75274634570805))"
7W,2020-03-19 03:55:00+00:00,2020-03-19 05:55:00+00:00,0.0,29000.0,"POLYGON ((-107.14804653161303 33.01279798541234, -106.79042154714303 31.818981418121204, -108.65886985781013 31.75743969606131, -107.87331223842622 32.813991618424616, -107.14804653161303 33.01279798541234))"
16C,2020-03-19 04:55:00+00:00,2020-03-19 06:55:00+00:00,0.0,45000.0,"POLYGON ((-95.59255880575853 34.91352289765027, -94.45523361308162 34.277929553358355, -95.85156491157714 32.864381406522625, -97.63423636974137 32.86859529160735, -97.45530307031594 34.44495122397023, -95.59255880575853 34.91352289765027))"
17C,2020-03-19 04:55:00+00:00,2020-03-19 06:55:00+00:00,0.0,45000.0,"POLYGON ((-100.29 34.37, -99.15812776515703 33.06625800447078, -99.72797103290736 31.622645070378994, -101.16812651666069 31.113332600325847, -101.7251114842377 33.763528967361324, -100.29 34.37))"
18C,2020-03-19 04:55:00+00:00,2020-03-19 06:55:00+00:00,0.0,45000.0,"POLYGON ((-97.74879727179695 37.694554694578244, -95.84573637801984 37.669388808604594, -95.66315261136832 36.30216020408614, -96.40674317731386 35.359531159262644, -98.13207440218234 35.398833431131756, -97.74879727179695 37.694554694578244))"
8W,2020-03-19 04:55:00+00:00,2020-03-19 06:55:00+00:00,0.0,29000.0,"POLYGON ((-107.43966702840585 33.22457302498017, -106.64254759075749 33.05707275365946, -106.21479513470314 31.953549512726294, -107.74049364198125 32.01280060789524, -107.43966702840585 33.22457302498017))"
20C,2020-03-19 05:55:00+00:00,2020-03-19 07:55:00+00:00,0.0,45000.0,"POLYGON ((-99.71667682371923 34.839228059388795, -98.99130515265765 33.9893485621589, -98.95219480377689 32.15840686504874, -100.8105267911084 31.49682920279749, -101.29776371277072 34.365870142024995, -99.71667682371923 34.839228059388795))"
21C,2020-03-19 05:55:00+00:00,2020-03-19 07:55:00+00:00,0.0,45000.0,"POLYGON ((-95.7613665762566 38.263140596600905, -94.27 35.88910686720918, -98.16435509971946 35.2076866093756, -97.13151188041805 38.1020739749476, -95.7613665762566 38.263140596600905))"
22C,2020-03-19 05:55:00+00:00,2020-03-19 07:55:00+00:00,0.0,30000.0,"POLYGON ((-105.04272727272726 41.19358539388549, -104.49727272727273 41.19358539388549, -104.49727272727273 40.648130848430945, -105.04272727272726 40.648130848430945, -105.04272727272726 41.19358539388549))"
19C,2020-03-19 05:55:00+00:00,2020-03-19 07:55:00+00:00,0.0,45000.0,"POLYGON ((-94.76252730264761 35.554975936348974, -94.68667871254092 34.019610033334494, -95.92196365110662 33.252306211156856, -97.10596998213867 33.00354882484096, -97.17 34.643712818262685, -94.76252730264761 35.554975936348974))"
9W,2020-03-19 05:55:00+00:00,2020-03-19 07:55:00+00:00,0.0,34000.0,"POLYGON ((-106.78856777401306 33.6879426121603, -105.25788749705941 33.11706903776575, -105.59944182967038 31.818189202264005, -106.75241899610197 31.985102371264993, -106.78856777401306 33.6879426121603))"
24C,2020-03-19 06:55:00+00:00,2020-03-19 08:55:00+00:00,0.0,45000.0,"POLYGON ((-100.29 35.20184477868196, -98.72602525431917 35.0127670441159, -97.72632266853579 34.017743509894764, -97.76990830639855 32.61321286290881, -100.13818212307409 32.24441270604562, -100.29 35.20184477868196))"
25C,2020-03-19 06:55:00+00:00,2020-03-19 08:55:00+00:00,0.0,45000.0,"POLYGON ((-94.91381257618639 38.26923779493943, -93.77194118235272 37.00625442718976, -93.70571438487829 35.19768709441012, -97.6 35.73273791147279, -96.21107170779872 38.187771245522406, -94.91381257618639 38.26923779493943))"
23C,2020-03-19 06:55:00+00:00,2020-03-19 08:55:00+00:00,0.0,45000.0,"POLYGON ((-96.09266988900575 35.46442038163358, -94.6568185671898 34.62085722434349, -95.2072418460442 33.341405152695316, -96.79771393295464 34.33677116938881, -96.09266988900575 35.46442038163358))"
10W,2020-03-19 06:55:00+00:00,2020-03-19 08:55:00+00:00,0.0,39000.0,"POLYGON ((-105.84517688884848 34.704147176456544, -104.27389926265407 33.3395200323287, -105.65274515298195 31.597161656980568, -106.28 32.39828375768357, -105.84517688884848 34.704147176456544))"
TANGO 9,2020-03-19 07:04:00+00:00,2020-03-19 11:05:00+00:00,0.0,46000.0,"POLYGON ((-163.4 24.5, -158 21, -166.4 15, -163.4 24.5))"
UNIFORM 3,2020-03-19 07:08:00+00:00,2020-03-19 11:10:00+00:00,0.0,46000.0,"POLYGON ((-155.1 10.3, -148.3 9.3, -155.4 5, -155.1 10.3))"
29C,2020-03-19 07:55:00+00:00,2020-03-19 09:55:00+00:00,,,"POLYGON ((-105.1071388136977 35.58698967467706, -104.4106942336987 33.27455870984689, -104.7225710300199 32.91351297977602, -103.5123128124036 34.90865180983783, -104.3986826510752 33.29185603362097, -105.1728611863023 35.39809666332081, -103.6328611863023 34.8622777196538, -104.8739222399657 33.04425245831236, -104.5620454436444 33.40529818838323, -104.5740570262679 33.38800086460914, -103.6876871875964 35.004796640826, -103.5671388136977 35.05117073101004, -105.1071388136977 35.58698967467706))"
28C,2020-03-19 07:55:00+00:00,2020-03-19 09:55:00+00:00,0.0,45000.0,"POLYGON ((-94.03827854465689 38.62205792988006, -92.45022110806437 36.65088556358398, -93.83518326918599 35.74214405089515, -96.61464996668805 36.19717157515946, -95.7613665762566 38.263140596600905, -94.03827854465689 38.62205792988006))"
30C,2020-03-19 07:55:00+00:00,2020-03-19 09:55:00+00:00,0.0,45000.0,"POLYGON ((-100.45 31.869106867209172, -98.21596814226127 30.966411962913288, -100.63517795237243 29.242291604303684, -101.06398278684637 29.97449712472496, -101.22939376873013 31.36764383058726, -100.45 31.869106867209172))"
27C,2020-03-19 07:55:00+00:00,2020-03-19 09:55:00+00:00,0.0,45000.0,"POLYGON ((-99.67500362127596 35.93912621586565, -96.7132245359034 35.39675960010366, -97.10596998213867 33.00354882484096, -99.54294536608526 32.59025250094931, -99.67500362127596 35.93912621586565))"
26C,2020-03-19 07:55:00+00:00,2020-03-19 09:55:00+00:00,0.0,34000.0,"POLYGON ((-95.58536548144562 35.79912711035868, -93.61644424781844 35.16693889858074, -94.07000000000001 34.08828375768358, -96.15231912218135 34.542750790713086, -95.58536548144562 35.79912711035868))"
33C,2020-03-19 08:55:00+00:00,2020-03-19 10:55:00+00:00,0.0,45000.0,"POLYGON ((-93.88672059710635 38.739022769220966, -91.86493596591734 37.35096498799105, -92.67601180891022 36.24132260444729, -95.79 36.3663689557364, -95.33760736257732 38.26695125345406, -93.88672059710635 38.739022769220966))"
32C,2020-03-19 08:55:00+00:00,2020-03-19 10:55:00+00:00,0.0,45000.0,"POLYGON ((-98.84673556718218 37.159055642026544, -95.86874243835983 36.046269320109936, -96.47674616855943 33.33930182712991, -98.76212910256062 32.85723857488899, -98.84673556718218 37.159055642026544))"
35C,2020-03-19 08:55:00+00:00,2020-03-19 10:55:00+00:00,0.0,45000.0,"POLYGON ((-99.49637630766459 31.267430369596138, -97.8961816667922 31.437171228573096, -98.65020815837053 29.23916591529141, -100.51474086743325 29.894021497776528, -100.49183531423263 30.59827415449647, -99.49637630766459 31.267430369596138))"
34C,2020-03-19 08:55:00+00:00,2020-03-19 10:55:00+00:00,0.0,39000.0,"POLYGON ((-102.87069036333911 35.49632060215529, -102.68960965029042 35.411410206079296, -103.92119253300812 32.784924912318026, -104.10227324605681 32.86983530839402, -102.87069036333911 35.49632060215529))"
31C,2020-03-19 08:55:00+00:00,2020-03-19 10:55:00+00:00,0.0,43000.0,"POLYGON ((-99.83290031104943 40.19753391433971, -98.68358066018303 39.74301898180303, -99.10976067817168 39.25463361369813, -100.23 39.26, -99.83290031104943 40.19753391433971))"
41C,2020-03-19 09:55:00+00:00,2020-03-19 11:55:00+00:00,,,"POLYGON ((-90.57876991639503 37.73612698479886, -89.24565818860002 36.25433952740133, -89.32067284268703 36.28745456738904, -86.87240194351314 36.3039279519864, -89.39434181139997 36.12057413460081, -90.72745353919498 37.60236159199833, -86.87105625813906 36.10393247921046, -89.31932715731296 36.0874590946131, -90.57876991639503 37.73612698479886))"
40C,2020-03-19 09:55:00+00:00,2020-03-19 11:55:00+00:00,0.0,45000.0,"POLYGON ((-98.35792696959226 32.03738773806416, -97.04670875087716 31.19869088221955, -98.24124241342822 29.178705907425243, -100.11401343231498 29.984849906577576, -100.30135187927851 31.062504521338145, -98.35792696959226 32.03738773806416))"
37C,2020-03-19 09:55:00+00:00,2020-03-19 11:55:00+00:00,0.0,45000.0,"POLYGON ((-97.60127760694762 36.96439761682897, -95.35066965650371 36.552120484636866, -96.192845692508 33.57299364003101, -98.20948621722326 33.2208886067065, -97.60127760694762 36.96439761682897))"
38C,2020-03-19 09:55:00+00:00,2020-03-19 11:55:00+00:00,0.0,45000.0,"POLYGON ((-94.32410425804414 40.0577887468832, -92.22 39.14273791147279, -91.73600035653028 37.88676629511325, -92.09707481737732 36.48654279794418, -95.2 36.66089313279082, -94.32410425804414 40.0577887468832))"
42C,2020-03-19 09:55:00+00:00,2020-03-19 11:55:00+00:00,0.0,39000.0,"POLYGON ((-98.15077538189205 34.480535294771876, -98.03809711535216 34.315297259654166, -100.06756870880547 32.93137048408232, -100.18024697534536 33.09660851920003, -98.15077538189205 34.480535294771876))"
44C,2020-03-19 09:55:00+00:00,2020-03-19 11:55:00+00:00,0.0,40000.0,"POLYGON ((-94.85313436341394 41.233961794641694, -94.70639785647674 41.09806331219294, -96.13663174653139 39.553767001092055, -96.2833682534686 39.68966548354081, -94.85313436341394 41.233961794641694))"
36C,2020-03-19 09:55:00+00:00,2020-03-19 11:55:00+00:00,0.0,43000.0,"POLYGON ((-98.43123988858397 41.00459739098805, -98.26876011141604 40.887976972486584, -99.28284706583653 39.47511441805255, -99.44532684300447 39.59173483655402, -98.43123988858397 41.00459739098805))"
39C,2020-03-19 09:55:00+00:00,2020-03-19 11:55:00+00:00,0.0,39000.0,"POLYGON ((-102.1481927080962 36.113274163014616, -101.95335303103938 36.06813548509425, -102.50766058595455 33.675484438017726, -102.70250026301137 33.72062311593809, -102.1481927080962 36.113274163014616))"
43C,2020-03-19 09:55:00+00:00,2020-03-19 11:55:00+00:00,0.0,40000.0,"POLYGON ((-97.78163214248093 37.921382447079274, -97.63730273628772 37.78293020799331, -99.08994265980567 36.268627088318134, -99.23427206599888 36.4070793274041, -97.78163214248093 37.921382447079274))"
LIMA 1,2020-03-19 10:00:00+00:00,2020-03-19 14:00:00+00:00,0.0,43000.0,"POLYGON ((-40.15 39, -40.15 36.3, -43.45 30, -46.15 30.3, -44.15 37.15, -40.15 39))"
TANGO 10,2020-03-19 10:52:00+00:00,2020-03-19 14:55:00+00:00,0.0,47000.0,"POLYGON ((-163.1 24, -157.1 20.1, -167.5 13, -163.1 24))"
UNIFORM 4,2020-03-19 10:54:00+00:00,2020-03-19 14:55:00+00:00,0.0,50000.0,"POLYGON ((-154.5 10.2, -147.3 9.5, -155.1 6.1, -154.5 10.2))"
45C,2020-03-19 10:55:00+00:00,2020-03-19 12:55:00+00:00,0.0,43000.0,"POLYGON ((-97.12840344719311 43.03464805955275, -96.17485263840608 42.572452027108, -97.51681698504989 40.192652318548085, -99.28318301495011 40.192652318548085, -97.12840344719311 43.03464805955275))"
49C,2020-03-19 10:55:00+00:00,2020-03-19 12:55:00+00:00,0.0,45000.0,"POLYGON ((-97.95172791611162 32.54835770245518, -96.853788178752 32.012246792286305, -96.45680641239944 30.757615333493394, -97.16385776636847 29.610965159889634, -100.53241263676385 30.34339259729768, -97.95172791611162 32.54835770245518))"
52C,2020-03-19 10:55:00+00:00,2020-03-19 12:55:00+00:00,0.0,45000.0,"POLYGON ((-97.42223683647316 38.99349988175651, -94.42679228464698 35.69730859080518, -96.35670613636886 35.319203887459075, -98.54777952768227 37.42770268714906, -97.42223683647316 38.99349988175651))"
51C,2020-03-19 10:55:00+00:00,2020-03-19 12:55:00+00:00,0.0,43000.0,"POLYGON ((-94.42679228464698 35.69730859080518, -95.31963905796361 33.92690057630494, -97.39970781146992 33.748670967763836, -96.35670613636886 35.319203887459075, -94.42679228464698 35.69730859080518))"
46C,2020-03-19 10:55:00+00:00,2020-03-19 12:55:00+00:00,,,"POLYGON ((-95.37390293183192 41.01778581854293, -92.27734314316088 39.10125978076871, -92.25403394753607 39.08129449958891, -91.94190059433518 38.71701186783132, -91.9677169458395 38.73847866159839, -89.9312176605349 37.55892175840576, -89.94594523010868 37.56591612340794, -86.69757806407843 36.33665551109696, -92.38259850444489 38.93119711902025, -95.47915829311593 40.84772315679447, -92.0937743468688 38.58687976844245, -92.40590770006969 38.95116240020004, -90.03145871005988 37.38585607148276, -92.06795799536448 38.56541297467539, -86.76836397445585 36.1496010941696, -90.0167311404861 37.37886170648058, -95.37390293183192 41.01778581854293))"
47C,2020-03-19 10:55:00+00:00,2020-03-19 12:55:00+00:00,,,"POLYGON ((-95.02336964921753 37.19424547736461, -93.32094243773587 37.30808399220101, -90.88458525164914 36.22485767005575, -94.98870539780509 36.99727240896689, -93.26298390998673 37.30097303163673, -90.8033324475633 36.40760881732491, -93.23968963365003 37.49083513947017, -93.29764816139917 37.49794610003445, -95.02336964921753 37.19424547736461))"
48C,2020-03-19 10:55:00+00:00,2020-03-19 12:55:00+00:00,0.0,40000.0,"POLYGON ((-94.0872066557883 41.52507112590776, -93.9841940584127 41.353640659589985, -96.55820926918724 39.806914466506605, -96.66122186656284 39.97834493282438, -94.0872066557883 41.52507112590776))"
50C,2020-03-19 10:55:00+00:00,2020-03-19 12:55:00+00:00,0.0,45000.0,"POLYGON ((-97.16370590013071 35.31702513063105, -97.05516440564318 35.149040774292686, -99.49849633841112 33.57030507953826, -99.60703783289864 33.738289435876624, -97.16370590013071 35.31702513063105))"
53C,2020-03-19 10:55:00+00:00,2020-03-19 12:55:00+00:00,0.0,35000.0,"POLYGON ((-101.44700426819571 36.76587011713991, -101.25832506014808 36.69953644205313, -102.04397843162958 34.46482751424004, -102.23265763967721 34.53116118932682, -101.44700426819571 36.76587011713991))"
61C,2020-03-19 11:55:00+00:00,2020-03-19 13:55:00+00:00,0.0,45000.0,"POLYGON ((-95.73749297805463 39.60408734223145, -93.5717906209856 37.820869202567536, -93.29482275630536 36.24716639307991, -95.3546129872837 35.84628842029848, -97.62 38.597262088527216, -95.73749297805463 39.60408734223145))"
54C,2020-03-19 11:55:00+00:00,2020-03-19 13:55:00+00:00,0.0,41000.0,"POLYGON ((-96.43159655280688 43.03464805955275, -93.33 42.59089313279083, -97.42421187667514 40.57567593551191, -99.28318301495011 40.192652318548085, -98.35000000000001 41.87910686720918, -96.43159655280688 43.03464805955275))"
58C,2020-03-19 11:55:00+00:00,2020-03-19 13:55:00+00:00,0.0,45000.0,"POLYGON ((-95.7525471196927 33.309079560306905, -94.72 30.99363104426361, -97.09130304724613 29.457037933844333, -99.4623855590248 30.72684432285914, -97.95829739608767 33.18498112909956, -95.7525471196927 33.309079560306905))"
55C,2020-03-19 11:55:00+00:00,2020-03-19 13:55:00+00:00,,,"POLYGON ((-93.69223021459364 41.30369126339883, -88.19963550383162 37.71347677350662, -86.51473872063886 36.79071907344579, -90.8042527987506 38.76695427171214, -88.18911899558647 37.70848953412119, -92.53137513101292 39.83873571746823, -90.81952440492412 38.7747185717195, -93.83500548959914 41.16363691378019, -92.54997315968778 39.85363943927373, -86.41866969883984 36.9661349879193, -88.10356648203259 37.88889268798014, -88.11408299027774 37.89387992736557, -90.72921679344186 38.95234466495651, -90.71394518726834 38.94458036494915, -92.42579591335713 40.00859751069788, -92.40719788468228 39.99369378889237, -93.69223021459364 41.30369126339883))"
60C,2020-03-19 11:55:00+00:00,2020-03-19 13:55:00+00:00,0.0,43000.0,"POLYGON ((-93.40293499855609 36.24786026419984, -94.27 34.52257436347463, -96.47074129683838 34.208016023517764, -95.41143627327422 35.892721812532706, -93.40293499855609 36.24786026419984))"
56C,2020-03-19 11:55:00+00:00,2020-03-19 13:55:00+00:00,0.0,35000.0,"POLYGON ((-100.7697865126456 37.65521280682064, -100.7190556616699 35.56628196758619, -100.91899670891331 35.5614262876943, -100.96972755988901 37.65035712692875, -100.7697865126456 37.65521280682064))"
59C,2020-03-19 11:55:00+00:00,2020-03-19 13:55:00+00:00,0.0,45000.0,"POLYGON ((-96.94691767505171 35.48054121152985, -96.83422789711392 35.31531102679252, -100.13403816323809 33.06478466735293, -100.24672794117588 33.23001485209026, -96.94691767505171 35.48054121152985))"
57C,2020-03-19 11:55:00+00:00,2020-03-19 13:55:00+00:00,0.0,38000.0,"POLYGON ((-93.32027767379783 42.197451086476576, -93.23400886417967 42.0170135834816, -96.38546302032177 40.51027471764729, -96.47173182993993 40.69071222064227, -93.32027767379783 42.197451086476576))"
63C,2020-03-19 12:55:00+00:00,2020-03-19 14:55:00+00:00,,,"POLYGON ((-93.59167707302355 41.63286864621821, -88.02478748458931 37.84468955509897, -86.29910752948567 36.7806405198285, -91.33020558143018 39.76351647790904, -88.02250849374504 37.84332577027951, -93.70832292697646 41.47040712844986, -91.33832292697646 39.76876924111583, -86.19413838493676 36.95087999437148, -87.91981834004041 38.01492902964196, -87.92209733088468 38.01629281446142, -91.22979441856982 39.93648352209096, -91.22167707302354 39.93123075888418, -93.59167707302355 41.63286864621821))"
64C,2020-03-19 12:55:00+00:00,2020-03-19 14:55:00+00:00,0.0,41000.0,"POLYGON ((-96.30588707258259 33.12252398880869, -94.18005595053121 31.349873633731026, -96.31012243276145 29.956519387931614, -99.10383237487044 30.85270571132936, -98.22843508842287 32.864381406522625, -96.30588707258259 33.12252398880869))"
67C,2020-03-19 12:55:00+00:00,2020-03-19 14:55:00+00:00,0.0,38000.0,"POLYGON ((-95.33875371239671 40.196734219613774, -93.0330569896605 37.59491059880739, -94.95886131276737 37.62087097863539, -97.025648140284 39.11949501442071, -95.33875371239671 40.196734219613774))"
62C,2020-03-19 12:55:00+00:00,2020-03-19 14:55:00+00:00,0.0,41000.0,"POLYGON ((-95.21898262615107 44.3162605251227, -91.20691413540013 43.4485821105777, -94.5376851957121 41.43658816881988, -97.62 39.42910686720917, -99.12689346270095 40.789171009253415, -95.21898262615107 44.3162605251227))"
65C,2020-03-19 12:55:00+00:00,2020-03-19 14:55:00+00:00,0.0,45000.0,"POLYGON ((-94.665429367879 36.50294000186624, -94.57042050435064 36.326947627454594, -99.84411916245126 33.47995997942567, -99.93912802597963 33.65595235383732, -94.665429367879 36.50294000186624))"
66C,2020-03-19 12:55:00+00:00,2020-03-19 14:55:00+00:00,0.0,40000.0,"POLYGON ((-92.23872540397909 37.35498730970208, -92.67972013388014 35.08789025243805, -94.644767138232 35.08273931479666, -94.29300329782069 37.1565440344166, -92.23872540397909 37.35498730970208))"
70C,2020-03-19 13:55:00+00:00,2020-03-19 15:55:00+00:00,0.0,44000.0,"POLYGON ((-95.73455624607473 33.23966253602434, -93.99959199237763 31.41266170720523, -96.11810440074689 29.957772380150647, -99.10383237487044 30.85270571132936, -97.77411292741742 33.12252398880869, -95.73455624607473 33.23966253602434))"
72C,2020-03-19 13:55:00+00:00,2020-03-19 15:55:00+00:00,0.0,37000.0,"POLYGON ((-91.4713192263066 38.21939860491814, -91.3479472659147 36.877868866166466, -92.85519694294676 36.4368170411817, -92.58411493592274 37.94586936792441, -91.4713192263066 38.21939860491814))"
71C,2020-03-19 13:55:00+00:00,2020-03-19 15:55:00+00:00,0.0,45000.0,"POLYGON ((-93.9257637429164 37.82907258150776, -93.83897199837985 35.03631157153431, -99.15441562620227 33.51814707253503, -99.355382525289 34.68478507578556, -93.9257637429164 37.82907258150776))"
68C,2020-03-19 13:55:00+00:00,2020-03-19 15:55:00+00:00,0.0,37000.0,"POLYGON ((-91.0081447073104 43.90906992230621, -91.61 40.68815522131805, -95.12565145928465 41.3593704722117, -97.73458005102482 40.189999276115465, -97.6996743873965 43.646313446833176, -91.0081447073104 43.90906992230621))"
69C,2020-03-19 13:55:00+00:00,2020-03-19 15:55:00+00:00,0.0,40000.0,"POLYGON ((-87.94591366695231 40.55669237705705, -85.38484931820942 38.03617191733514, -86.05607781037553 36.802048501812344, -89.59946072162323 37.668321685900366, -90.5072062856461 40.435650835172154, -87.94591366695231 40.55669237705705))"
UNIFORM 5,2020-03-19 14:17:00+00:00,2020-03-19 18:20:00+00:00,0.0,54000.0,"POLYGON ((-153.5 9.3, -148 9.2, -155 5.2, -153.5 9.3))"
TANGO 11,2020-03-19 14:27:00+00:00,2020-03-19 18:30:00+00:00,0.0,47000.0,"POLYGON ((-159.4 21, -156.5 19.5, -168.1 13.1, -159.4 21))"
76C,2020-03-19 14:55:00+00:00,2020-03-19 16:55:00+00:00,0.0,45000.0,"POLYGON ((-93.33 37.85910686720918, -92.72914155895839 35.75470791941393, -98.73168748070393 33.87227814801935, -97.48378645850585 35.99628408131475, -93.33 37.85910686720918))"
75C,2020-03-19 14:55:00+00:00,2020-03-19 16:55:00+00:00,0.0,45000.0,"POLYGON ((-95.26714806626936 33.504242729874754, -93.2164321087179 32.768600663783694, -94.42430491008626 30.54484249149181, -98.35416804982187 31.083258342505104, -98.05181607095312 31.657616916745877, -95.26714806626936 33.504242729874754))"
74C,2020-03-19 14:55:00+00:00,2020-03-19 16:55:00+00:00,0.0,38000.0,"POLYGON ((-87.38078521094157 40.79486564346044, -86.76145450672361 38.566741806121556, -88.54216980012517 38.18208204377095, -89.32132814614846 40.09201127760747, -87.38078521094157 40.79486564346044))"
73C,2020-03-19 14:55:00+00:00,2020-03-19 16:55:00+00:00,0.0,38000.0,"POLYGON ((-92.47331618728725 43.90561065708806, -91.09989452908071 43.79875223301938, -91.07619954653 41.35278932706301, -96.45213416197984 41.38911072022567, -97.51411375493373 42.463989942232594, -92.47331618728725 43.90561065708806))"
80C,2020-03-19 15:55:00+00:00,2020-03-19 17:55:00+00:00,0.0,41000.0,"POLYGON ((-92.55386366427547 37.61213474549222, -93.3235738112464 35.70464766751552, -99.15441562620227 33.51814707253503, -96.74623662550218 36.51453602298755, -92.55386366427547 37.61213474549222))"
78C,2020-03-19 15:55:00+00:00,2020-03-19 17:55:00+00:00,0.0,33000.0,"POLYGON ((-86.99732266036155 40.42641107258361, -86.0654610982263 39.319103588120655, -87.10716996063213 39.222780194186534, -88.29597742186418 39.73863524892003, -86.99732266036155 40.42641107258361))"
79C,2020-03-19 15:55:00+00:00,2020-03-19 17:55:00+00:00,0.0,43000.0,"POLYGON ((-94.24339005670807 33.50987923073338, -95.34579882627537 31.379786708582994, -97.62911907587485 31.352815720410444, -97.27 32.09371281826268, -95.28367619805145 33.50408265482495, -94.24339005670807 33.50987923073338))"
77C,2020-03-19 15:55:00+00:00,2020-03-19 17:55:00+00:00,0.0,36000.0,"POLYGON ((-90.66733284503904 43.90719076983513, -89.21877842736515 41.82723823773344, -91.33606429386849 41.72412976082981, -93.02429257020208 43.62385986951361, -90.66733284503904 43.90719076983513))"
84C,2020-03-19 16:55:00+00:00,2020-03-19 18:55:00+00:00,0.0,41000.0,"POLYGON ((-92.9686807736934 38.21939860491814, -92.39141112664508 36.10136698379441, -95.54594172433615 35.310890830866896, -96.03500485443976 37.15707089898346, -95.0757855703365 38.07754216105279, -92.9686807736934 38.21939860491814))"
82C,2020-03-19 16:55:00+00:00,2020-03-19 18:55:00+00:00,0.0,37000.0,"POLYGON ((-95.0968350122626 43.19538883153018, -93.99297490942624 42.05431298282869, -95.08173984454123 42.01905578771035, -95.53535572446135 42.22123122587855, -95.0968350122626 43.19538883153018))"
83C,2020-03-19 16:55:00+00:00,2020-03-19 18:55:00+00:00,0.0,42000.0,"POLYGON ((-93.78704673711187 33.744959830582474, -93.81 32.10452417705443, -96.87908695166502 31.659404218433295, -96.88891790983827 32.562499391087925, -95.28438437626639 33.494808904070986, -93.78704673711187 33.744959830582474))"
81C,2020-03-19 16:55:00+00:00,2020-03-19 18:55:00+00:00,0.0,36000.0,"POLYGON ((-89.76 44.38184477868196, -87.9 41.99, -88.93432958639346 41.35736248197567, -91.73308586459986 43.4485821105777, -89.76 44.38184477868196))"
85C,2020-03-19 16:55:00+00:00,2020-03-19 18:55:00+00:00,0.0,34000.0,"POLYGON ((-96.84046681739585 35.20282518161944, -96.72656899777468 35.038425404595436, -98.35868772056327 33.90767713197849, -98.47258554018444 34.07207690900249, -96.84046681739585 35.20282518161944))"
TANGO 12,2020-03-19 17:51:00+00:00,2020-03-19 21:55:00+00:00,0.0,49000.0,"POLYGON ((-159.2 21.1, -156.4 18.5, -167 13.1, -159.2 21.1))"
UNIFORM 6,2020-03-19 17:54:00+00:00,2020-03-19 21:55:00+00:00,0.0,55000.0,"POLYGON ((-146 10.1, -146.1 5.3, -151.2 10.1, -146 10.1))"
86C,2020-03-19 17:55:00+00:00,2020-03-19 19:55:00+00:00,0.0,35000.0,"POLYGON ((-89.46 44.79815522131804, -86.94688884918945 42.7216298883494, -88.23472413851778 41.703673416147254, -90.61295178592562 44.16147259634377, -89.46 44.79815522131804))"
88C,2020-03-19 17:55:00+00:00,2020-03-19 19:55:00+00:00,0.0,36000.0,"POLYGON ((-91.81581535591985 38.040775832978476, -91.42849394206678 37.031282275620306, -92.45022110806437 36.65088556358398, -92.70207428009383 37.35834037981982, -91.81581535591985 38.040775832978476))"
87C,2020-03-19 17:55:00+00:00,2020-03-19 19:55:00+00:00,0.0,36000.0,"POLYGON ((-93.65342141454875 43.32482692374724, -93.07040670078894 42.628590639889815, -94.60848199713054 42.37427672373375, -94.77226050222166 42.961914066875394, -93.65342141454875 43.32482692374724))"
89C,2020-03-19 17:55:00+00:00,2020-03-19 19:55:00+00:00,0.0,41000.0,"POLYGON ((-93.65305814326457 37.974381778266675, -93.29482275630536 36.24716639307991, -94.87989573474069 35.992927494591456, -95.03957082487167 37.46730181069597, -93.65305814326457 37.974381778266675))"
90C,2020-03-19 17:55:00+00:00,2020-03-19 19:55:00+00:00,0.0,42000.0,"POLYGON ((-95.84307544779979 35.50588200434455, -95.71692455220024 35.3506855110226, -99.48064850347377 32.291356417434834, -99.60679939907332 32.446552910756786, -95.84307544779979 35.50588200434455))"
VICTOR 1,2020-03-19 17:58:00+00:00,2020-03-19 22:00:00+00:00,0.0,43000.0,"POLYGON ((-163 28.3, -159.2 27.1, -166 21.4, -163 28.3))"
91C,2020-03-19 18:55:00+00:00,2020-03-19 20:55:00+00:00,0.0,31000.0,"POLYGON ((-88.10088057741211 44.40626041641894, -87.14043773404016 43.114345639649905, -88.28 42.62089313279081, -89.27019042825516 43.90188024953338, -88.10088057741211 44.40626041641894))"
92C,2020-03-19 18:55:00+00:00,2020-03-19 20:55:00+00:00,0.0,44000.0,"POLYGON ((-90.47281398260259 38.130866430544664, -90.23 37.17089313279082, -93.92955963087435 36.18618238740746, -93.80169521324702 36.864399162009214, -90.47281398260259 38.130866430544664))"
95C,2020-03-19 18:55:00+00:00,2020-03-19 20:55:00+00:00,0.0,32000.0,"POLYGON ((-97.73726807439235 41.187372228299004, -97.51681698504989 40.192652318548085, -99.89817182830306 39.874350761858125, -99.96960645451982 40.66891277203669, -97.73726807439235 41.187372228299004))"
93C,2020-03-19 18:55:00+00:00,2020-03-19 20:55:00+00:00,0.0,39000.0,"POLYGON ((-95.56773167947534 35.46458328936692, -95.44940207229584 35.30334401355379, -98.53083519641025 33.04195472556807, -98.64916480358976 33.2031940013812, -95.56773167947534 35.46458328936692))"
94C,2020-03-19 18:55:00+00:00,2020-03-19 20:55:00+00:00,0.0,33000.0,"POLYGON ((-101.69 39.96828375768357, -101.34490028001638 39.27884007079633, -102.69 38.922854697104476, -102.9640967531959 39.75910048400522, -101.69 39.96828375768357))"
97C,2020-03-19 19:55:00+00:00,2020-03-19 21:55:00+00:00,,,"POLYGON ((-93.82920596012404 36.33282970200769, -95.78316091717438 35.03645695942674, -95.81334007506702 35.00505077478023, -97.81451076367202 31.71110036682832, -95.67259102328309 34.86980073072566, -93.71863606623275 36.16617347330661, -97.64358255399546 31.60725650742026, -95.64241186539046 34.90120691537217, -93.82920596012404 36.33282970200769))"
01C,2020-03-19 19:55:00+00:00,2020-03-19 21:55:00+00:00,0.0,37000.0,"POLYGON ((-89.26943821043591 38.970752393120584, -88.9689784716891 37.66328709864097, -90.39020481435044 37.362481716628714, -90.55443304538477 38.28437682959165, -89.26943821043591 38.970752393120584))"
99C,2020-03-19 19:55:00+00:00,2020-03-19 21:55:00+00:00,0.0,34000.0,"POLYGON ((-97.93950576609842 41.5066047162436, -97.62 40.09458269015475, -99.46388788370402 39.845704036008826, -99.64701644006055 41.04474182087237, -97.93950576609842 41.5066047162436))"
98C,2020-03-19 19:55:00+00:00,2020-03-19 21:55:00+00:00,0.0,35000.0,"POLYGON ((-101.34709968895056 40.19753391433971, -101.31587521467918 39.38940093819279, -102.97369194759591 38.733924384156296, -103.18 40.0154290605791, -101.34709968895056 40.19753391433971))"
96C,2020-03-19 19:55:00+00:00,2020-03-19 21:55:00+00:00,0.0,36000.0,"POLYGON ((-96.28662603548607 41.57762081709315, -96.42859742513085 40.60049346914478, -97.34561511660537 40.194451492259766, -97.80844015105022 40.969817604257784, -96.28662603548607 41.57762081709315))"
03C,2020-03-19 20:55:00+00:00,2020-03-19 22:55:00+00:00,0.0,38000.0,"POLYGON ((-93.91833945825623 36.88797672824774, -93.68433815761743 35.896286975798326, -96.24420123293828 33.88818545115803, -96.88469692968405 34.44495122397023, -93.91833945825623 36.88797672824774))"
02C,2020-03-19 20:55:00+00:00,2020-03-19 22:55:00+00:00,0.0,37000.0,"POLYGON ((-99.23686588002509 41.37659536304719, -96.05368510671185 41.40485658614403, -94.81230774942601 40.46041230537348, -101.36334845810168 38.7747218329947, -102.57834095835419 39.96744072484128, -99.23686588002509 41.37659536304719))"
07C,2020-03-19 20:55:00+00:00,2020-03-19 22:55:00+00:00,0.0,32000.0,"POLYGON ((-91.20507588307635 37.984327291508095, -90.82074681221022 37.19796031819995, -92.09707481737732 36.48654279794418, -91.65651859038265 37.73270309461204, -91.20507588307635 37.984327291508095))"
06C,2020-03-19 20:55:00+00:00,2020-03-19 22:55:00+00:00,0.0,41000.0,"POLYGON ((-88.53173152349859 39.12471611685555, -88.20959791255359 38.28206844692847, -90.06979518564958 37.362481716628714, -89.98718601739743 38.130866430544664, -88.53173152349859 39.12471611685555))"
05C,2020-03-19 20:55:00+00:00,2020-03-19 22:55:00+00:00,0.0,42000.0,"POLYGON ((-99.18585667715628 31.95227412951269, -99.08976180190324 31.776872376528008, -101.11568317772847 30.666959513231703, -101.21177805298151 30.842361266216386, -99.18585667715628 31.95227412951269))"
04C,2020-03-19 20:55:00+00:00,2020-03-19 22:55:00+00:00,0.0,42000.0,"POLYGON ((-96.53281647785468 34.286416737173916, -96.40866611582209 34.12961530986161, -98.59832881292917 32.39591032238291, -98.72247917496176 32.55271174969521, -96.53281647785468 34.286416737173916))"
10C,2020-03-19 21:55:00+00:00,2020-03-19 23:55:00+00:00,0.0,44000.0,"POLYGON ((-92.9438990898424 37.232038793773086, -93.53998412996594 35.778034416136514, -95.5485504237519 34.388665785407746, -95.96715135902808 34.78618998649007, -94.12 36.91547582294557, -92.9438990898424 37.232038793773086))"
08C,2020-03-19 21:55:00+00:00,2020-03-19 23:55:00+00:00,0.0,36000.0,"POLYGON ((-99.72600398756889 41.36381358475938, -96.62401776050685 41.16662043876397, -97.22090354001371 40.513947590780106, -101.49093655401717 39.45349712362869, -102.30300924458399 39.858959688514, -99.72600398756889 41.36381358475938))"
14C,2020-03-19 21:55:00+00:00,2020-03-19 23:55:00+00:00,0.0,40000.0,"POLYGON ((-87.16720544559392 37.45794645069503, -86.44 36.59726208852722, -87.24959332346529 35.94765038022213, -87.68867892587713 36.923464558574686, -87.16720544559392 37.45794645069503))"
12C,2020-03-19 21:55:00+00:00,2020-03-19 23:55:00+00:00,0.0,32000.0,"POLYGON ((-100.45 31.37, -100.29365913902404 31.31458028545683, -100.25643242419433 30.969156215415087, -100.64356757580566 30.969156215415087, -100.45 31.37))"
11C,2020-03-19 21:55:00+00:00,2020-03-19 23:55:00+00:00,0.0,45000.0,"POLYGON ((-95.84715083841327 34.634957816841776, -95.71284916158676 34.48675842547465, -99.49431310808025 31.059909339333913, -99.62861478490676 31.208108730701042, -95.84715083841327 34.634957816841776))"
15C,2020-03-19 21:55:00+00:00,2020-03-19 23:55:00+00:00,0.0,32000.0,"POLYGON ((-94.66670564990197 34.80158331155088, -94.54639137913667 34.64181949759348, -95.71984286461736 33.75812151707505, -95.84015713538267 33.917885331032444, -94.66670564990197 34.80158331155088))"
09C,2020-03-19 21:55:00+00:00,2020-03-19 23:55:00+00:00,0.0,40000.0,"POLYGON ((-94.22854575078829 41.43855077151888, -93.72364959429355 41.30641035518642, -95.68410289617663 40.364786402035946, -97.08791737386731 40.473315796292944, -96.31615529392165 41.16856447908933, -94.22854575078829 41.43855077151888))"
13C,2020-03-19 21:55:00+00:00,2020-03-19 23:55:00+00:00,0.0,42000.0,"POLYGON ((-87.64564777320861 39.18264680100069, -87.40606359905752 38.59730284095887, -88.67641217136392 37.92644656019213, -88.86000000000001 39.01714530289553, -87.64564777320861 39.18264680100069))"
TANGO 13,2020-03-19 21:57:00+00:00,2020-03-20 02:00:00+00:00,,,"POLYGON ((-159.4 18.3, -157.4 16.2, -166.4 12.4, -159.4 18.3))"
UNIFORM 7,2020-03-19 21:57:00+00:00,2020-03-20 02:00:00+00:00,0.0,55000.0,"POLYGON ((-150.3 11.3, -146 10.5, -150.3 5.3, -150.3 11.3))"
VICTOR 2,2020-03-19 21:58:00+00:00,2020-03-20 02:00:00+00:00,0.0,39000.0,"POLYGON ((-162.2 27.5, -160.1 26.3, -165.1 21.1, -162.2 27.5))"
TANGO 14,2020-03-19 22:20:00+00:00,2020-03-20 02:00:00+00:00,0.0,47000.0,"POLYGON ((-157.4 16.2, -164.3 10.4, -166.4 12.4, -159.4 18.3, -157.4 16.2))"
18C,2020-03-19 22:55:00+00:00,2020-03-20 00:55:00+00:00,0.0,35000.0,"POLYGON ((-96.37596004293714 39.89247147467219, -95.35211821626534 39.758965403599206, -95.81475270641053 39.28505953289656, -97.46852301157914 39.04754281768215, -96.37596004293714 39.89247147467219))"
16C,2020-03-19 22:55:00+00:00,2020-03-20 00:55:00+00:00,0.0,37000.0,"POLYGON ((-97.11372534439974 41.755406180852404, -97.53382888322474 41.12244355606507, -100.53489400165141 39.49488440372719, -100.75 40.8836310442636, -99.72600398756889 41.36381358475938, -97.11372534439974 41.755406180852404))"
23C,2020-03-19 22:55:00+00:00,2020-03-20 00:55:00+00:00,0.0,36000.0,"POLYGON ((-86.81884796222741 39.48920384382593, -86.28 38.88815522131803, -88.5367702137833 37.67277648245105, -88.15544232524606 38.7806272008463, -86.81884796222741 39.48920384382593))"
20C,2020-03-19 22:55:00+00:00,2020-03-20 00:55:00+00:00,0.0,44000.0,"POLYGON ((-93.33 37.193631044263604, -92.85519694294676 36.4368170411817, -94.50296263153686 34.928661350811055, -95.08628697479345 35.38725461765392, -93.33 37.193631044263604))"
17C,2020-03-19 22:55:00+00:00,2020-03-20 00:55:00+00:00,0.0,40000.0,"POLYGON ((-97.11372534439974 41.755406180852404, -95.31206992896432 41.9377377950307, -92.9842258953669 41.43808081345296, -95.1209618090252 40.1948973195314, -97.7273709691472 40.907752625200835, -97.11372534439974 41.755406180852404))"
22C,2020-03-19 22:55:00+00:00,2020-03-20 00:55:00+00:00,0.0,32000.0,"POLYGON ((-94.14395984513935 35.053476840241174, -93.99086157014413 34.92478760917079, -94.95828502599154 33.77386875567979, -95.11138330098676 33.902557986750175, -94.14395984513935 35.053476840241174))"
5E,2020-03-19 22:55:00+00:00,2020-03-20 00:55:00+00:00,0.0,37000.0,"POLYGON ((-86.31484045020265 38.097711818785335, -85.71658963695627 36.927806541108936, -86.55325005099836 36.2421603510143, -87.02686175935422 37.92772576787969, -86.31484045020265 38.097711818785335))"
21C,2020-03-19 22:55:00+00:00,2020-03-20 00:55:00+00:00,0.0,45000.0,"POLYGON ((-94.71033439599695 35.15824384915841, -94.57919988046704 35.00723478043491, -99.03727740626356 31.13589220821807, -99.16841192179346 31.286901276941567, -94.71033439599695 35.15824384915841))"
24C,2020-03-19 22:55:00+00:00,2020-03-20 00:55:00+00:00,0.0,35000.0,"POLYGON ((-90.18168192011139 34.619134527242096, -89.64494390860442 34.35170775916017, -90.52564918042663 33.66421209681928, -90.61416443750696 34.127383281648946, -90.18168192011139 34.619134527242096))"
19C,2020-03-19 22:55:00+00:00,2020-03-20 00:55:00+00:00,0.0,32000.0,"POLYGON ((-91.568716211509 38.29705056707894, -89.97241114542342 37.46526538838881, -90.57637190885957 37.00166093449606, -92.23872540397909 37.35498730970208, -91.568716211509 38.29705056707894))"
11W,2020-03-19 22:55:00+00:00,2020-03-20 00:55:00+00:00,0.0,27000.0,"POLYGON ((-121.02496281552486 38.8477401060588, -119.65999999999998 38.66257436347464, -118.98208109624319 37.15368756030334, -119.82000000000001 36.735429060579115, -120.70254882455758 37.42526579241165, -121.02496281552486 38.8477401060588))"
12W,2020-03-19 22:55:00+00:00,2020-03-20 00:55:00+00:00,0.0,27000.0,"POLYGON ((-119.31151579891203 36.47000614777165, -118.7219447912436 35.78609254436127, -118.96366572760091 35.74705568826575, -119.54525382977174 36.345418362370324, -119.31151579891203 36.47000614777165))"
29C,2020-03-19 23:55:00+00:00,2020-03-20 01:55:00+00:00,,,"POLYGON ((-95.54647989077647 34.80242536765105, -96.73299705293198 32.87609223953446, -99.575110427126 30.67863942735572, -95.38593262401018 34.68315854437702, -96.7138903764739 32.89557016324535, -99.69744434097613 30.83686209805152, -96.8553309667821 33.03431491023026, -96.87443764324019 33.01483698651938, -95.54647989077647 34.80242536765105))"
28C,2020-03-19 23:55:00+00:00,2020-03-20 01:55:00+00:00,0.0,44000.0,"POLYGON ((-90.48 38.194524177054426, -90.82074681221022 37.19796031819995, -94.07000000000001 34.34184477868196, -95.40598728118714 34.72209398183621, -92.16383383771806 37.73628815142214, -90.48 38.194524177054426))"
26C,2020-03-19 23:55:00+00:00,2020-03-20 01:55:00+00:00,0.0,42000.0,"POLYGON ((-96.34199056312308 42.2443818494563, -92.61980619409042 41.75375092459007, -94.74 39.955475822945566, -96.62212803885554 39.43074057096752, -97.12816073074559 40.991516253688275, -96.34199056312308 42.2443818494563))"
25C,2020-03-19 23:55:00+00:00,2020-03-20 01:55:00+00:00,0.0,27000.0,"POLYGON ((-96.84789503391721 41.98821452767679, -97.12816073074559 40.991516253688275, -99.50096180902521 40.1948973195314, -99.86759622967789 41.04663469567416, -97.7182955302773 41.84884234280517, -96.84789503391721 41.98821452767679))"
13W,2020-03-19 23:55:00+00:00,2020-03-20 01:55:00+00:00,0.0,27000.0,"POLYGON ((-120.76228521684378 38.69203418600417, -119.65999999999998 38.698155221318046, -119.37673842127437 37.23210031618331, -120.51647859496606 37.27624636665616, -120.76228521684378 38.69203418600417))"
27C,2020-03-19 23:55:00+00:00,2020-03-20 01:55:00+00:00,0.0,32000.0,"POLYGON ((-94.56728665875835 39.34519737322581, -94.39539166634466 39.17884188210968, -94.95323419661202 38.88910658418766, -95.00340083685677 39.085248649548774, -94.56728665875835 39.34519737322581))"
TANGO 15,2020-03-20 00:16:00+00:00,2020-03-20 04:20:00+00:00,0.0,46000.0,"POLYGON ((-158.2 18.4, -157.1 16.1, -161.1 15.4, -158.2 18.4))"
5C,2020-03-20 00:55:00+00:00,2020-03-20 02:55:00+00:00,,,"POLYGON ((-94.52307773521947 35.10684131755013, -95.03762199146657 32.60451597402296, -99.59945309917525 30.57261102430335, -94.33015262339235 35.05411654892577, -94.98184725225026 32.66950183311157, -99.68082873256976 30.75530751110493, -95.11899762486108 32.78721246082455, -95.17477236407738 32.72222660173593, -94.52307773521947 35.10684131755013))"
2C,2020-03-20 00:55:00+00:00,2020-03-20 02:55:00+00:00,0.0,45000.0,"POLYGON ((-92.04029965312996 42.28772797909161, -91.92310484652124 41.28429327756869, -95.3374162276969 39.47947554553436, -96.64563363485117 40.19918353327284, -93.65542221739128 42.137678612479895, -92.04029965312996 42.28772797909161))"
3C,2020-03-20 00:55:00+00:00,2020-03-20 02:55:00+00:00,0.0,45000.0,"POLYGON ((-89.8796610192135 38.3878960443224, -89.64595112456749 37.85956162593002, -91.53597742510217 36.5791390401417, -92.85519694294676 36.4368170411817, -92.28348455912015 37.355390086376346, -89.8796610192135 38.3878960443224))"
4C,2020-03-20 00:55:00+00:00,2020-03-20 02:55:00+00:00,0.0,45000.0,"POLYGON ((-92.45022110806437 36.65088556358398, -91.90512709527358 36.42454854238829, -92.18 35.51184477868196, -94.07000000000001 34.17547582294556, -95.03313513848774 34.59304849848453, -92.45022110806437 36.65088556358398))"
1W,2020-03-20 00:55:00+00:00,2020-03-20 02:55:00+00:00,0.0,28000.0,"POLYGON ((-120.86225568819506 39.905824893868704, -119.82000000000001 38.04458269015475, -120.37926030406858 37.43757532086902, -121.24000007034823 39.77735639982129, -120.86225568819506 39.905824893868704))"
6C,2020-03-20 00:55:00+00:00,2020-03-20 02:55:00+00:00,0.0,45000.0,"POLYGON ((-100.15566722478216 29.579892089021953, -99.42 28.347425636525365, -99.88263518663963 27.888143110410745, -100.92316690506043 29.304587614864637, -100.15566722478216 29.579892089021953))"
1C,2020-03-20 00:55:00+00:00,2020-03-20 02:55:00+00:00,0.0,32000.0,"POLYGON ((-95.27212355121766 42.605805742108345, -93.73802420426058 42.19976160791117, -95.35589335380085 41.16936198513087, -96.74861423983168 40.60766431222264, -98.27641807491216 41.24641040471062, -95.27212355121766 42.605805742108345))"
UNIFORM 8,2020-03-20 01:22:00+00:00,2020-03-20 05:25:00+00:00,0.0,54000.0,"POLYGON ((-143.2 11, -143.4 5, -148.4 10.5, -143.2 11))"
2E,2020-03-20 01:55:00+00:00,2020-03-20 03:55:00+00:00,0.0,32000.0,"POLYGON ((-85.29511280031933 39.20949016593536, -85.12934480115818 38.452063200793475, -86.78144685493582 38.24428950742302, -86.64434866244261 39.017861156669376, -85.29511280031933 39.20949016593536))"
8C,2020-03-20 01:55:00+00:00,2020-03-20 03:55:00+00:00,0.0,45000.0,"POLYGON ((-91.83639994231427 42.3944863941665, -90.2195441540864 41.628855668262226, -94.40802657896914 39.90435025851825, -96.41142699815609 40.263492177059966, -94.29 42.11089313279083, -91.83639994231427 42.3944863941665))"
9C,2020-03-20 01:55:00+00:00,2020-03-20 03:55:00+00:00,0.0,45000.0,"POLYGON ((-87.64906445212311 39.61665186346282, -86.64434866244261 39.017861156669376, -90.62806684086054 36.900803767097244, -91.98013874390044 36.92909292811939, -91.70115975455683 37.66086322801481, -87.64906445212311 39.61665186346282))"
1E,2020-03-20 01:55:00+00:00,2020-03-20 03:55:00+00:00,0.0,32000.0,"POLYGON ((-84.04 39.71171624231643, -83.25372170974947 39.63696235227416, -83.76962916524442 39.01630502560419, -84.43607866232864 39.224157280884185, -84.04 39.71171624231643))"
10C,2020-03-20 01:55:00+00:00,2020-03-20 03:55:00+00:00,0.0,45000.0,"POLYGON ((-90.57637190885957 37.00166093449606, -92.31499074229355 34.94705793064694, -95.54356136195696 32.69413878844873, -96.2423934521241 33.14409540790052, -91.84391996040328 36.82228105139416, -90.57637190885957 37.00166093449606))"
11C,2020-03-20 01:55:00+00:00,2020-03-20 03:55:00+00:00,0.0,45000.0,"POLYGON ((-96.06936116089523 32.94414173701059, -95.9451699115684 32.78737269162648, -97.67782097932454 31.414779650539423, -97.80201222865136 31.571548695923525, -96.06936116089523 32.94414173701059))"
7C,2020-03-20 01:55:00+00:00,2020-03-20 03:55:00+00:00,0.0,32000.0,"POLYGON ((-95.37306648936008 42.27293343524037, -95.87601534691139 41.27214716024142, -96.01076151627161 40.96522823179512, -97.64039877607875 41.156516568361305, -95.74 42.037425636525356, -95.37306648936008 42.27293343524037))"
12C,2020-03-20 01:55:00+00:00,2020-03-20 03:55:00+00:00,0.0,45000.0,"POLYGON ((-99.23048345817257 29.91439757174549, -99.04306861815087 28.280888432410244, -99.88263518663963 27.888143110410745, -100.88717505939373 29.257721711088298, -99.23048345817257 29.91439757174549))"
13C,2020-03-20 01:55:00+00:00,2020-03-20 03:55:00+00:00,0.0,35000.0,"POLYGON ((-88.90872149188117 42.04974908773107, -88.83102526083603 41.865457754018976, -89.77296579210233 41.46834071289767, -89.85066202314746 41.65263204660977, -88.90872149188117 42.04974908773107))"
3E,2020-03-20 02:55:00+00:00,2020-03-20 04:55:00+00:00,0.0,32000.0,"POLYGON ((-85.29511280031933 39.20949016593536, -84.10488719968066 39.20949016593536, -84.7 38.35452417705444, -86.28 38.88815522131803, -85.29511280031933 39.20949016593536))"
18C,2020-03-20 02:55:00+00:00,2020-03-20 04:55:00+00:00,0.0,45000.0,"POLYGON ((-91.07070918014108 37.667016371402305, -90.23 37.004524177054435, -90.793000372768 35.802487692064524, -94.35141873228052 33.274400425435914, -95.46665037808015 33.502163881353276, -91.07070918014108 37.667016371402305))"
14C,2020-03-20 02:55:00+00:00,2020-03-20 04:55:00+00:00,0.0,26000.0,"POLYGON ((-95.31206992896432 41.9377377950307, -94.71410998841786 41.48379438511637, -95.27367316919289 40.8161349232481, -96.14758255846493 41.041947541371826, -96.0815268336992 41.784317799785896, -95.31206992896432 41.9377377950307))"
17C,2020-03-20 02:55:00+00:00,2020-03-20 04:55:00+00:00,0.0,43000.0,"POLYGON ((-86.28 40.05273791147278, -85.29511280031933 39.20949016593536, -86.28 38.88815522131803, -89.83193315913948 36.900803767097244, -91.28087063364445 37.66533816250235, -86.28 40.05273791147278))"
15C,2020-03-20 02:55:00+00:00,2020-03-20 04:55:00+00:00,0.0,38000.0,"POLYGON ((-91.38586530156654 42.39801502377745, -90.36847128643903 41.78467071166242, -93.97355288643035 39.8757013530499, -95.40482350963279 40.55469215517877, -94.11783614732985 42.30246098990214, -91.38586530156654 42.39801502377745))"
20C,2020-03-20 02:55:00+00:00,2020-03-20 04:55:00+00:00,0.0,45000.0,"POLYGON ((-98.71598134464557 30.174018711206724, -97.87487287883147 29.127580541516576, -99.42 27.91371281826268, -100.30270032451307 28.95027751999734, -98.71598134464557 30.174018711206724))"
16C,2020-03-20 02:55:00+00:00,2020-03-20 04:55:00+00:00,0.0,35000.0,"POLYGON ((-87.94991804332383 42.5103626246717, -87.85008195667618 42.33706301185366, -88.98641863098099 41.682431389589695, -89.08625471762865 41.85573100240774, -87.94991804332383 42.5103626246717))"
19C,2020-03-20 02:55:00+00:00,2020-03-20 04:55:00+00:00,0.0,45000.0,"POLYGON ((-94.81976149234592 33.59077401295846, -94.7073396026837 33.4253614417168, -97.21378905516889 31.721864653800065, -97.3262109448311 31.887277225041725, -94.81976149234592 33.59077401295846))"
27C,2020-03-20 03:55:00+00:00,2020-03-20 05:55:00+00:00,0.0,45000.0,"POLYGON ((-98.46 30.30547582294557, -97.36585252328616 29.13789487785986, -98.48474945188872 28.300354481657774, -99.71582581337711 28.973856989398584, -98.46 30.30547582294557))"
25C,2020-03-20 03:55:00+00:00,2020-03-20 05:55:00+00:00,0.0,45000.0,"POLYGON ((-89.78200194805115 38.022076423105574, -88.5367702137833 37.67277648245105, -90.95 35.94363104426361, -92.89024551526352 34.089732798434284, -93.6961265625494 34.918078013398485, -89.78200194805115 38.022076423105574))"
22C,2020-03-20 03:55:00+00:00,2020-03-20 05:55:00+00:00,0.0,35000.0,"POLYGON ((-91.51407346038582 42.98540958144765, -90.08367121382138 42.58929839309457, -88.57705711997413 42.01082957293814, -94.12788178373465 39.758965403599206, -94.74 40.12184477868196, -91.51407346038582 42.98540958144765))"
23C,2020-03-20 03:55:00+00:00,2020-03-20 05:55:00+00:00,0.0,32000.0,"POLYGON ((-86.92636494079933 42.56193005205021, -86.8615391363724 42.3727274752168, -88.25660206980841 41.8947420354845, -88.32142787423534 42.08394461231791, -86.92636494079933 42.56193005205021))"
26C,2020-03-20 03:55:00+00:00,2020-03-20 05:55:00+00:00,0.0,45000.0,"POLYGON ((-93.04540719039613 34.483537128687196, -92.93337792409599 34.31785839289936, -96.74238696803963 31.742268432640273, -96.85441623433977 31.90794716842811, -93.04540719039613 34.483537128687196))"
24C,2020-03-20 03:55:00+00:00,2020-03-20 05:55:00+00:00,0.0,38000.0,"POLYGON ((-84.60858619795992 40.28860838496035, -84.01018630697831 39.239271543724264, -86.00652832919552 38.90062986835583, -88.26686120773596 37.76293716980787, -90.440826261233 38.07051122221053, -84.60858619795992 40.28860838496035))"
21C,2020-03-20 03:55:00+00:00,2020-03-20 05:55:00+00:00,0.0,27000.0,"POLYGON ((-94.29 42.176287181737315, -93.26429964289952 41.43935589274887, -93.94280114746395 40.905362549474624, -95.16384470607835 41.16856447908933, -95.36872042831757 41.83723802781167, -94.29 42.176287181737315))"
28C,2020-03-20 03:55:00+00:00,2020-03-20 05:55:00+00:00,0.0,43000.0,"POLYGON ((-100.18645493357589 28.847595102875545, -99.42 28.491996575946263, -99.88263518663963 27.888143110410745, -100.4546627015052 28.69179869316259, -100.18645493357589 28.847595102875545))"
33C,2020-03-20 04:55:00+00:00,2020-03-20 06:55:00+00:00,0.0,45000.0,"POLYGON ((-97.88587427063769 30.252184507793576, -97.01304559912371 29.01284678973706, -99.42 27.14726208852722, -100.26394392742016 28.28311165944988, -97.88587427063769 30.252184507793576))"
34C,2020-03-20 04:55:00+00:00,2020-03-20 06:55:00+00:00,0.0,40000.0,"POLYGON ((-101.28686303033429 30.4349375706879, -100.09117532011278 29.9464842995664, -100.69706053594832 29.206275289365085, -101.83211056267488 29.737792400322206, -101.28686303033429 30.4349375706879))"
30C,2020-03-20 04:55:00+00:00,2020-03-20 06:55:00+00:00,,,"POLYGON ((-82.36361510672627 38.95445775438674, -84.00413519771391 40.31539087511725, -84.10058927068299 40.33296137083628, -86.20185244018916 39.60820210699121, -86.23015090219852 39.59298056808033, -87.95679064398978 38.26708507869132, -84.1318302691819 40.161462421858, -82.49131017819427 38.80052930112749, -86.13663936571899 39.4191326622939, -84.03537619621282 40.14389192613897, -87.83498064550089 38.10845871181576, -86.10834090370963 39.43435420120478, -82.36361510672627 38.95445775438674))"
31C,2020-03-20 04:55:00+00:00,2020-03-20 06:55:00+00:00,0.0,45000.0,"POLYGON ((-88.21310385909152 38.31397122479987, -88.08778296809527 38.15810373530989, -91.84647603399792 35.13603181035867, -91.97179692499417 35.29189929984865, -88.21310385909152 38.31397122479987))"
29C,2020-03-20 04:55:00+00:00,2020-03-20 06:55:00+00:00,0.0,32000.0,"POLYGON ((-88.60844467702405 42.68137496865155, -88.55268478744692 42.48930509929577, -89.9611871015773 42.08040216325232, -90.01694699115443 42.2724720326081, -88.60844467702405 42.68137496865155))"
32C,2020-03-20 04:55:00+00:00,2020-03-20 06:55:00+00:00,0.0,45000.0,"POLYGON ((-92.03635031726888 35.16114921293703, -91.91801768273525 34.999912158869634, -95.54713537823386 32.33648556363149, -95.66546801276749 32.49772261769889, -92.03635031726888 35.16114921293703))"
UNIFORM 9,2020-03-20 05:05:00+00:00,2020-03-20 09:05:00+00:00,0.0,55000.0,"POLYGON ((-143.2 11.1, -144.4 4.1, -149.3 10.3, -143.2 11.1))"
39C,2020-03-20 05:55:00+00:00,2020-03-20 07:55:00+00:00,0.0,45000.0,"POLYGON ((-98.30138409186 30.37773447881275, -97.44 28.232737911472782, -99.42 27.14726208852722, -100.08658534258933 28.066613842301024, -99.6247133900029 29.355108574801317, -98.30138409186 30.37773447881275))"
4E,2020-03-20 05:55:00+00:00,2020-03-20 07:55:00+00:00,,,"POLYGON ((-81.94662318793455 39.02848725182459, -82.72570413082424 40.20500504675613, -82.85117799389 40.2405010020243, -84.94576282079389 39.26841038138096, -84.89417997476971 39.27725203078413, -87.34268702538891 39.51056443879632, -82.89245775495515 40.09458209244312, -82.11337681206545 38.91806429751158, -84.86156871879327 39.08699551653162, -82.76698389188938 40.05908613717495, -87.36165861543664 39.31146627514064, -84.91315156481744 39.07815386712845, -81.94662318793455 39.02848725182459))"
35C,2020-03-20 05:55:00+00:00,2020-03-20 07:55:00+00:00,0.0,32000.0,"POLYGON ((-88.55272727272727 42.959014454464594, -88.00727272727273 42.959014454464594, -88.00727272727273 42.41355990901005, -88.55272727272727 42.41355990901005, -88.55272727272727 42.959014454464594))"
36C,2020-03-20 05:55:00+00:00,2020-03-20 07:55:00+00:00,0.0,45000.0,"POLYGON ((-87.317552877718 38.98544960458899, -87.182447122282 38.83798288004387, -90.6780439107155 35.635394321453816, -90.8131496661515 35.78286104599894, -87.317552877718 38.98544960458899))"
37C,2020-03-20 05:55:00+00:00,2020-03-20 07:55:00+00:00,0.0,44000.0,"POLYGON ((-91.0258132774916 35.59692626421479, -90.87418672250841 35.46650622041807, -92.10418672250842 34.03650622041807, -92.2558132774916 34.16692626421479, -91.0258132774916 35.59692626421479))"
38C,2020-03-20 05:55:00+00:00,2020-03-20 07:55:00+00:00,0.0,40000.0,"POLYGON ((-93.6557702376287 33.749038371661406, -93.5212368556241 33.601049287177425, -94.8410576446303 32.401231374903, -94.9755910266349 32.54922045938698, -93.6557702376287 33.749038371661406))"
40C,2020-03-20 05:55:00+00:00,2020-03-20 07:55:00+00:00,0.0,45000.0,"POLYGON ((-100.45 30.936287181737317, -99.12533679976698 29.63833950893679, -100.77000000000001 29.070858121158214, -101.53833235498827 29.63442281741876, -100.45 30.936287181737317))"
45C,2020-03-20 06:55:00+00:00,2020-03-20 08:55:00+00:00,0.0,45000.0,"POLYGON ((-98.06555231490383 30.56990798583969, -97.72981795273124 28.514516068949963, -98.4823813577667 27.47685931344447, -99.9526914525119 27.949547778573937, -99.00395560911649 30.109452474467094, -98.06555231490383 30.56990798583969))"
5E,2020-03-20 06:55:00+00:00,2020-03-20 08:55:00+00:00,,,"POLYGON ((-82.63335248753968 40.24011415995348, -84.6463264074653 39.07897515009333, -86.37601507134137 39.60291409082975, -82.54664751246032 40.05988584004652, -84.57398377924021 39.084566641713, -86.31803478997055 39.79432539397605, -84.58834612609448 39.27038645323962, -84.66068875431957 39.26479496161996, -82.63335248753968 40.24011415995348))"
44C,2020-03-20 06:55:00+00:00,2020-03-20 08:55:00+00:00,0.0,45000.0,"POLYGON ((-87.5684050156121 36.49484167245539, -87.45132856274522 36.33269018715813, -88.92230852444321 35.27061470978474, -89.03938497731009 35.432766195081996, -87.5684050156121 36.49484167245539))"
43C,2020-03-20 06:55:00+00:00,2020-03-20 08:55:00+00:00,0.0,40000.0,"POLYGON ((-90.24180870532182 35.50189010058919, -90.12552805225774 35.33916699306296, -91.4739110065881 34.375623136916325, -91.59019165965218 34.53834624444256, -90.24180870532182 35.50189010058919))"
42C,2020-03-20 06:55:00+00:00,2020-03-20 08:55:00+00:00,0.0,45000.0,"POLYGON ((-86.34916610401227 39.2139384691982, -86.21083389598773 39.06949401543464, -89.91083389598774 35.5260615308018, -90.04916610401227 35.67050598456535, -86.34916610401227 39.2139384691982))"
46C,2020-03-20 06:55:00+00:00,2020-03-20 08:55:00+00:00,0.0,45000.0,"POLYGON ((-99.60340763188562 31.36722001721092, -98.00598879430139 30.788045887132, -100.77 29.36, -101.69249850942846 29.688775455783485, -101.16373061535499 30.754660389724044, -99.60340763188562 31.36722001721092))"
41C,2020-03-20 06:55:00+00:00,2020-03-20 08:55:00+00:00,0.0,32000.0,"POLYGON ((-90.27199030409768 41.73868618290546, -89.72653575864315 41.73868618290546, -89.72653575864315 41.193231637450914, -90.27199030409768 41.193231637450914, -90.27199030409768 41.73868618290546))"
6E,2020-03-20 07:55:00+00:00,2020-03-20 09:55:00+00:00,0.0,45000.0,"POLYGON ((-85.39340256568363 40.91615451288153, -81.07110746384674 40.48084461312056, -81.97860154999317 39.677823934472364, -84.78212553996063 39.17367611393883, -85.39340256568363 40.91615451288153))"
51C,2020-03-20 07:55:00+00:00,2020-03-20 09:55:00+00:00,0.0,45000.0,"POLYGON ((-96.7199410980242 31.188257217783516, -97.70680700312101 28.13502423335529, -100.11461362134418 27.732941986020663, -98.07810627503409 30.849418872141715, -96.7199410980242 31.188257217783516))"
53C,2020-03-20 07:55:00+00:00,2020-03-20 09:55:00+00:00,0.0,45000.0,"POLYGON ((-95.58936476703026 32.78303225324616, -95.49775795688366 32.6052453236513, -97.2241965949267 31.71567747462347, -97.3158034050733 31.89346440421832, -95.58936476703026 32.78303225324616))"
47C,2020-03-20 07:55:00+00:00,2020-03-20 09:55:00+00:00,0.0,30000.0,"POLYGON ((-86.4960292252213 43.49790595131284, -85.95057467976677 43.49790595131284, -85.95057467976677 42.95245140585829, -86.4960292252213 42.95245140585829, -86.4960292252213 43.49790595131284))"
48C,2020-03-20 07:55:00+00:00,2020-03-20 09:55:00+00:00,0.0,45000.0,"POLYGON ((-85.1602227830644 39.403044246576286, -85.0326924007619 39.248979320036284, -89.18794774536974 35.8093820374922, -89.31547812767224 35.9634469640322, -85.1602227830644 39.403044246576286))"
49C,2020-03-20 07:55:00+00:00,2020-03-20 09:55:00+00:00,0.0,40000.0,"POLYGON ((-88.85220774947 35.70365138573215, -88.78187021758568 35.51642790534461, -91.26583476276231 34.58323333469448, -91.33617229464663 34.77045681508202, -88.85220774947 35.70365138573215))"
50C,2020-03-20 07:55:00+00:00,2020-03-20 09:55:00+00:00,0.0,44000.0,"POLYGON ((-86.49497315646906 37.01353413714062, -86.38502684353094 36.84646586285938, -88.27837332032855 35.60046948722263, -88.38831963326668 35.76753776150387, -86.49497315646906 37.01353413714062))"
52C,2020-03-20 07:55:00+00:00,2020-03-20 09:55:00+00:00,0.0,45000.0,"POLYGON ((-98.91350865539334 32.14450680365216, -97.27 31.66, -100.77 29.36, -101.24106700537506 29.768080719172428, -100.92684469951841 30.96020931727638, -98.91350865539334 32.14450680365216))"
UNIFORM 10,2020-03-20 08:45:00+00:00,2020-03-20 12:45:00+00:00,0.0,51000.0,"POLYGON ((-142.4 11.1, -140.4 6.2, -149.4 10.4, -142.4 11.1))"
7E,2020-03-20 08:55:00+00:00,2020-03-20 10:55:00+00:00,0.0,45000.0,"POLYGON ((-82.59 40.815475822945565, -81.15557599914987 40.63433787258238, -81.97860154999317 39.677823934472364, -85.82425981149618 38.560862546232066, -85.4836347390498 39.46260786396473, -82.59 40.815475822945565))"
54C,2020-03-20 08:55:00+00:00,2020-03-20 10:55:00+00:00,0.0,45000.0,"POLYGON ((-85.97132207365095 38.22668492116085, -84.98585221203508 37.62793733126216, -85.06863633778889 36.707804421097194, -88.45503416342676 35.311040857363004, -88.88168834569701 36.37212576384307, -85.97132207365095 38.22668492116085))"
59C,2020-03-20 08:55:00+00:00,2020-03-20 10:55:00+00:00,0.0,45000.0,"POLYGON ((-95.45139443398276 33.006262503210436, -95.83787866791457 32.03332276963507, -99.00395560911649 30.109452474467094, -99.5459865718281 30.834994179788414, -99.30507695439212 32.00821909695236, -95.45139443398276 33.006262503210436))"
55C,2020-03-20 08:55:00+00:00,2020-03-20 10:55:00+00:00,0.0,44000.0,"POLYGON ((-87.80281270113643 35.33478735589258, -87.7191146823791 35.15314308360167, -89.31788609119108 34.41646144935159, -89.40158410994842 34.5981057216425, -87.80281270113643 35.33478735589258))"
56C,2020-03-20 08:55:00+00:00,2020-03-20 10:55:00+00:00,0.0,45000.0,"POLYGON ((-95.81942202807502 30.816406728225036, -95.6531498303307 30.705260175164323, -96.54445912611111 29.371885892307503, -96.71073132385543 29.483032445368217, -95.81942202807502 30.816406728225036))"
58C,2020-03-20 08:55:00+00:00,2020-03-20 10:55:00+00:00,0.0,43000.0,"POLYGON ((-99.74923769749068 30.585512124577868, -99.65348003803808 30.409926046951647, -101.33645394549154 29.492099050208843, -101.43221160494414 29.667685127835064, -99.74923769749068 30.585512124577868))"
57C,2020-03-20 08:55:00+00:00,2020-03-20 10:55:00+00:00,0.0,45000.0,"POLYGON ((-98.0545306611075 29.307844338855727, -97.92832543302778 29.15269202528825, -99.70354901017893 27.708675553375024, -99.82975423825866 27.8638278669425, -98.0545306611075 29.307844338855727))"
64C,2020-03-20 09:55:00+00:00,2020-03-20 11:55:00+00:00,0.0,43000.0,"POLYGON ((-97.26860022383958 33.330906963436576, -95.26714806626936 33.504242729874754, -94.38634529539391 32.29214430580634, -99.82 30.6, -99.9088440199936 31.559864288047677, -97.26860022383958 33.330906963436576))"
8E,2020-03-20 09:55:00+00:00,2020-03-20 11:55:00+00:00,,,"POLYGON ((-82.32587937469249 40.33494439786029, -83.96227120789118 40.23507406208455, -84.05247017726337 40.16224307001957, -84.36521870509334 39.04619007781127, -83.95008771306144 40.03544550086714, -82.31369587986275 40.13531583664288, -84.1726372715192 38.99222350072382, -83.85988874368924 40.10827649293212, -82.32587937469249 40.33494439786029))"
9E,2020-03-20 09:55:00+00:00,2020-03-20 11:55:00+00:00,0.0,43000.0,"POLYGON ((-84.7 38.73085812115821, -84.11 37.89742563652536, -84.11 37.03, -86.95218237523396 35.6054267905776, -88.49141143312546 36.2937784972059, -84.7 38.73085812115821))"
62C,2020-03-20 09:55:00+00:00,2020-03-20 11:55:00+00:00,0.0,45000.0,"POLYGON ((-97.27542918876107 29.788687236851253, -97.14758940753036 29.634878945999027, -99.58696543946418 27.607359515583703, -99.71480522069488 27.761167806435928, -97.27542918876107 29.788687236851253))"
63C,2020-03-20 09:55:00+00:00,2020-03-20 11:55:00+00:00,0.0,39000.0,"POLYGON ((-99.19084746824382 30.68870744526966, -99.10548190329092 30.507840863723278, -101.08026000858847 29.575783392553102, -101.16562557354136 29.756649974099485, -99.19084746824382 30.68870744526966))"
60C,2020-03-20 09:55:00+00:00,2020-03-20 11:55:00+00:00,0.0,44000.0,"POLYGON ((-87.25248028160571 35.80264152498588, -87.1149550880062 35.65742850516528, -88.77552051226024 34.08477626132838, -88.91304570585976 34.22998928114898, -87.25248028160571 35.80264152498588))"
61C,2020-03-20 09:55:00+00:00,2020-03-20 11:55:00+00:00,0.0,40000.0,"POLYGON ((-95.43730801603115 30.970122944841012, -95.24845737660516 30.90427891710579, -95.58931158492692 29.926657446993797, -95.77816222435291 29.99250147472902, -95.43730801603115 30.970122944841012))"
11E,2020-03-20 10:55:00+00:00,2020-03-20 12:55:00+00:00,0.0,42000.0,"POLYGON ((-86.1644296063046 37.90755102526464, -83.36743745087547 37.61589720573819, -86.73978426134461 34.962369672831116, -87.20655750356343 36.67286716702833, -86.1644296063046 37.90755102526464))"
10E,2020-03-20 10:55:00+00:00,2020-03-20 12:55:00+00:00,0.0,30000.0,"POLYGON ((-81.25400681418459 40.75944339962263, -81.11558991654981 40.615080099406946, -82.23352076935177 39.54319742435133, -82.37193766698655 39.687560724567014, -81.25400681418459 40.75944339962263))"
65C,2020-03-20 10:55:00+00:00,2020-03-20 12:55:00+00:00,0.0,45000.0,"POLYGON ((-95.59652633718112 31.40227180975259, -94.7783445189993 31.40227180975259, -94.7783445189993 30.58408999157077, -95.59652633718112 30.58408999157077, -95.59652633718112 31.40227180975259))"
68C,2020-03-20 10:55:00+00:00,2020-03-20 12:55:00+00:00,0.0,37000.0,"POLYGON ((-96.30462004868662 33.48121445536992, -94.24339005670807 33.50987923073338, -93.81 32.48085812115821, -96.2509408925276 31.655951148463558, -96.79713379715986 32.665311071042176, -96.30462004868662 33.48121445536992))"
67C,2020-03-20 10:55:00+00:00,2020-03-20 12:55:00+00:00,0.0,38000.0,"POLYGON ((-99.77272129741671 31.368220793046177, -99.69180096064252 30.332804887914524, -101.00505770281856 29.564248123733606, -100.64356757580566 30.969156215415087, -99.77272129741671 31.368220793046177))"
66C,2020-03-20 10:55:00+00:00,2020-03-20 12:55:00+00:00,0.0,45000.0,"POLYGON ((-96.88344448950124 29.84472415143344, -96.76341176308335 29.684748701477233, -99.66139156689849 27.510337458682763, -99.78142429331638 27.67031290863897, -96.88344448950124 29.84472415143344))"
WHISKEY 1,2020-03-20 11:08:00+00:00,2020-03-20 15:10:00+00:00,0.0,42000.0,"POLYGON ((-162.3 29.3, -159.4 28.5, -163 27.3, -162.3 29.3))"
13E,2020-03-20 11:55:00+00:00,2020-03-20 13:55:00+00:00,0.0,33000.0,"POLYGON ((-83.81346117160966 39.83437396360095, -83.69083117674298 39.676380658809265, -84.77007397153046 38.838702514414564, -84.89270396639715 38.99669581920625, -83.81346117160966 39.83437396360095))"
12E,2020-03-20 11:55:00+00:00,2020-03-20 13:55:00+00:00,0.0,26000.0,"POLYGON ((-80.07396156385205 41.28372423961832, -79.90465719597627 41.17725344071937, -80.60166038919235 40.068914945515196, -80.77096475706813 40.17538574441415, -80.07396156385205 41.28372423961832))"
15E,2020-03-20 11:55:00+00:00,2020-03-20 13:55:00+00:00,0.0,39000.0,"POLYGON ((-83.53842312213965 37.60770753888371, -83.3923590657179 37.471086561645144, -84.24378482169534 36.56081127176149, -84.38984887811709 36.69743224900005, -83.53842312213965 37.60770753888371))"
14E,2020-03-20 11:55:00+00:00,2020-03-20 13:55:00+00:00,0.0,38000.0,"POLYGON ((-84.79482657150551 37.90014805156683, -84.67431233535949 37.740535023006686, -86.12465749124867 36.64546627964163, -86.24517172739469 36.805079308201776, -84.79482657150551 37.90014805156683))"
UNIFORM 11,2020-03-20 12:37:00+00:00,2020-03-20 16:20:00+00:00,0.0,54000.0,"POLYGON ((-147.1 10.1, -140.1 10, -148.2 4.4, -147.1 10.1))"
75C,2020-03-20 12:55:00+00:00,2020-03-20 14:55:00+00:00,0.0,35000.0,"POLYGON ((-93.35970038580021 34.09617979979481, -92.4874126414713 34.064793788121676, -93.19243105422565 31.846348303066897, -94.02371900082652 32.163249195797896, -93.35970038580021 34.09617979979481))"
16E,2020-03-20 12:55:00+00:00,2020-03-20 14:55:00+00:00,0.0,27000.0,"POLYGON ((-82.9980848384168 40.11944248462473, -82.87974627536833 39.958209781690044, -84.26867149385157 38.93879243306646, -84.38701005690004 39.10002513600114, -82.9980848384168 40.11944248462473))"
76C,2020-03-20 12:55:00+00:00,2020-03-20 14:55:00+00:00,0.0,34000.0,"POLYGON ((-91.42401935682794 32.589722732735545, -91.28436503184714 32.446556153136264, -92.30036252583693 31.45548376318002, -92.44001685081773 31.5986503427793, -91.42401935682794 32.589722732735545))"
77C,2020-03-20 12:55:00+00:00,2020-03-20 14:55:00+00:00,0.0,41000.0,"POLYGON ((-86.94017539695831 36.76297578082806, -86.14295192258274 36.13880122587485, -88.49720782802952 35.74056185687759, -88.9892590377204 36.13019599780699, -86.94017539695831 36.76297578082806))"
73C,2020-03-20 12:55:00+00:00,2020-03-20 14:55:00+00:00,0.0,45000.0,"POLYGON ((-95.76382109964968 30.34713427958238, -95.6463393720586 30.185276182218626, -98.78242197883093 27.909008213468617, -98.899903706422 28.070866310832372, -95.76382109964968 30.34713427958238))"
74C,2020-03-20 12:55:00+00:00,2020-03-20 14:55:00+00:00,0.0,35000.0,"POLYGON ((-99.70840350760425 31.057741541513963, -99.54433391990919 30.94336859718893, -100.68796520615247 29.302813527837483, -100.85203479384752 29.417186472162516, -99.70840350760425 31.057741541513963))"
78C,2020-03-20 13:55:00+00:00,2020-03-20 15:55:00+00:00,0.0,45000.0,"POLYGON ((-94.16734898917797 31.629382887404784, -92.5 30.760893132790827, -98.38123189066211 27.8968028609315, -99.5170469493898 29.25380946951011, -94.16734898917797 31.629382887404784))"
80C,2020-03-20 13:55:00+00:00,2020-03-20 15:55:00+00:00,0.0,41000.0,"POLYGON ((-91.43465701275326 34.42306291183953, -88.51 34.32184477868197, -92.27546003726658 31.720919548725604, -93.81 32.10452417705443, -91.43465701275326 34.42306291183953))"
81C,2020-03-20 13:55:00+00:00,2020-03-20 15:55:00+00:00,0.0,38000.0,"POLYGON ((-85.9398246030417 36.76297578082806, -84.88347114204021 36.22786455707166, -87.6681418686348 35.80398580554524, -88.32499999589767 36.34784649060978, -85.9398246030417 36.76297578082806))"
79C,2020-03-20 13:55:00+00:00,2020-03-20 15:55:00+00:00,0.0,36000.0,"POLYGON ((-100.02458959336978 30.397337695521923, -99.87180848534517 30.268272080307124, -100.69360944598769 29.2954671923926, -100.8463905540123 29.4245328076074, -100.02458959336978 30.397337695521923))"
82C,2020-03-20 14:55:00+00:00,2020-03-20 16:55:00+00:00,0.0,45000.0,"POLYGON ((-93.81 32.10452417705443, -92.27546003726658 31.720919548725604, -94.38987756723854 29.956519387931614, -99.42 27.48, -99.965680093625 28.65174496788047, -93.81 32.10452417705443))"
84C,2020-03-20 14:55:00+00:00,2020-03-20 16:55:00+00:00,0.0,40000.0,"POLYGON ((-90.54173865027033 34.82770495736234, -88.50188751348216 34.70581733632313, -92.27546003726658 31.720919548725604, -93.81 32.10452417705443, -90.54173865027033 34.82770495736234))"
83C,2020-03-20 14:55:00+00:00,2020-03-20 16:55:00+00:00,0.0,33000.0,"POLYGON ((-99.2659249047612 30.893099399356007, -99.12983497796928 30.746540428884163, -100.70195503660403 29.286720514764077, -100.83804496339596 29.43327948523592, -99.2659249047612 30.893099399356007))"
17E,2020-03-20 14:55:00+00:00,2020-03-20 16:55:00+00:00,0.0,33000.0,"POLYGON ((-85.52638930991799 35.15681576900781, -85.4263886295816 34.9836110810451, -86.84999965983181 34.161681413702226, -86.9500003401682 34.334886101664935, -85.52638930991799 35.15681576900781))"
UNIFORM 12,2020-03-20 15:00:00+00:00,2020-03-20 19:00:00+00:00,0.0,56000.0,"POLYGON ((-140.2 10.3, -142.5 6.1, -145.4 9.2, -140.2 10.3))"
WHISKEY 2,2020-03-20 15:06:00+00:00,2020-03-20 19:10:00+00:00,0.0,43000.0,"POLYGON ((-160.2 29.4, -159 26.5, -162 29.2, -160.2 29.4))"
85C,2020-03-20 15:55:00+00:00,2020-03-20 17:55:00+00:00,0.0,44000.0,"POLYGON ((-92.74 32.76089313279082, -91.48483455962217 32.048217220072466, -94.38987756723854 29.956519387931614, -97.44 28.399106867209174, -98.60695321529273 29.94732873578692, -92.74 32.76089313279082))"
88C,2020-03-20 15:55:00+00:00,2020-03-20 17:55:00+00:00,0.0,42000.0,"POLYGON ((-98.82350442571193 28.870980160276076, -98.1929908513793 27.897953807176233, -98.85742197158056 27.478869329814497, -99.42 28.478213734418357, -98.82350442571193 28.870980160276076))"
86C,2020-03-20 15:55:00+00:00,2020-03-20 17:55:00+00:00,0.0,36000.0,"POLYGON ((-99.21327146515517 30.674176112822636, -99.08305790637957 30.522372196170302, -100.39805991082162 29.394396748819826, -100.52827346959722 29.54620066547216, -99.21327146515517 30.674176112822636))"
87C,2020-03-20 15:55:00+00:00,2020-03-20 17:55:00+00:00,0.0,42000.0,"POLYGON ((-88.78377086043217 36.01880648927114, -87.21903630824221 35.243965219747125, -90.1477759878571 33.1927975070825, -91.68519083955472 34.270090433322096, -88.78377086043217 36.01880648927114))"
18E,2020-03-20 16:20:00+00:00,2020-03-20 17:55:00+00:00,0.0,27000.0,"POLYGON ((-80.82795273188015 41.85276745906014, -80.14168132821926 41.752772033639545, -81.71273549820943 40.42332166132511, -82.59 40.72828375768358, -80.82795273188015 41.85276745906014))"
93C,2020-03-20 16:55:00+00:00,2020-03-20 18:55:00+00:00,,,"POLYGON ((-90.4526531071493 32.62480881887232, -92.47819369900023 31.32986336176922, -94.59856051050569 30.85608824868488, -90.35905492047155 32.4480621655783, -92.45320090666112 31.33908350435405, -94.64217311250523 31.05127518714857, -92.52180630099977 31.52505030023291, -92.54679909333888 31.51583015764807, -90.4526531071493 32.62480881887232))"
19E,2020-03-20 16:55:00+00:00,2020-03-20 18:55:00+00:00,0.0,26000.0,"POLYGON ((-80.9088188311496 41.82733526884612, -79.81756831267838 41.66610640290601, -82.15468721223198 40.14918497743322, -83.2099289762067 40.61891570090371, -80.9088188311496 41.82733526884612))"
92C,2020-03-20 16:55:00+00:00,2020-03-20 18:55:00+00:00,0.0,42000.0,"POLYGON ((-98.46 28.97452417705443, -97.44 27.9, -98.55123165489529 27.79563508947908, -98.91264268877808 28.555012644965775, -98.46 28.97452417705443))"
20E,2020-03-20 16:55:00+00:00,2020-03-20 18:55:00+00:00,0.0,37000.0,"POLYGON ((-85.35491047214917 36.92506485860938, -84.61947180838571 36.62000022929052, -85.60593666405403 36.135205082073035, -85.93118740956031 36.52000417749528, -85.35491047214917 36.92506485860938))"
91C,2020-03-20 16:55:00+00:00,2020-03-20 18:55:00+00:00,0.0,42000.0,"POLYGON ((-87.17722168761414 36.30494796256127, -85.96762057374973 35.23388786491478, -90.1477759878571 33.1927975070825, -90.79270900075385 34.74066369738246, -87.17722168761414 36.30494796256127))"
90C,2020-03-20 16:55:00+00:00,2020-03-20 18:55:00+00:00,0.0,36000.0,"POLYGON ((-98.50413748440982 30.79937963429159, -98.42007417045707 30.617904128376104, -100.09716080279595 29.84104193207548, -100.18122411674871 30.022517437990967, -98.50413748440982 30.79937963429159))"
89C,2020-03-20 16:55:00+00:00,2020-03-20 18:55:00+00:00,0.0,41000.0,"POLYGON ((-96.79169685515598 31.25019924335483, -95.35 29.67085812115821, -97.25149507953233 28.30057007399128, -97.76749352012266 30.584239451567086, -96.79169685515598 31.25019924335483))"
96C,2020-03-20 17:55:00+00:00,2020-03-20 19:55:00+00:00,0.0,42000.0,"POLYGON ((-97.18934202485907 29.075486169836065, -96.45482589539067 28.45251307634666, -97.78743162490112 27.772231195805496, -98.10921892872766 28.486585306557085, -97.18934202485907 29.075486169836065))"
95C,2020-03-20 17:55:00+00:00,2020-03-20 19:55:00+00:00,0.0,44000.0,"POLYGON ((-85.81563377504843 36.92836605612156, -85.95705368564626 35.54961863172338, -87.2699209908533 33.79678249590396, -90.35595408427716 35.14675390284798, -85.81563377504843 36.92836605612156))"
22E,2020-03-20 17:55:00+00:00,2020-03-20 19:55:00+00:00,0.0,36000.0,"POLYGON ((-84.61082918974223 36.86297196548393, -84.11 36.59628718173732, -84.38570052677343 36.0649569720768, -85.44183660321946 36.59386713357804, -84.61082918974223 36.86297196548393))"
21E,2020-03-20 17:55:00+00:00,2020-03-20 19:55:00+00:00,0.0,25000.0,"POLYGON ((-80.29 42.02, -78.70807926043835 41.88257980508127, -80.29550089668525 40.184793964076796, -82.41511505047676 40.20519341696537, -80.29 42.02))"
94C,2020-03-20 17:55:00+00:00,2020-03-20 19:55:00+00:00,0.0,36000.0,"POLYGON ((-95.05788979399526 31.159558852080604, -94.39898576225934 30.49177094563274, -96.31 28.76, -97.29250647987735 30.584239451567086, -95.05788979399526 31.159558852080604))"
01C,2020-03-20 18:55:00+00:00,2020-03-20 20:55:00+00:00,,,"POLYGON ((-85.50799908926918 35.15669730679615, -88.54406006278685 33.49462451878794, -90.26277244594273 33.1940382890122, -85.42206648881812 34.97609944363128, -88.5183213166186 33.50283046719225, -90.29722755405727 33.3910480489857, -88.5785151709014 33.69163427876144, -88.60425391706966 33.68342833035713, -85.50799908926918 35.15669730679615))"
24E,2020-03-20 18:55:00+00:00,2020-03-20 20:55:00+00:00,0.0,25000.0,"POLYGON ((-77.33700759991169 41.978834425529676, -79.23242961150603 40.19196877535397, -81.71939531700772 40.14673999589416, -79.61818806350885 42.01804130272775, -77.33700759991169 41.978834425529676))"
23E,2020-03-20 18:55:00+00:00,2020-03-20 20:55:00+00:00,0.0,27000.0,"POLYGON ((-74.72 44.91, -73.69938489357926 44.9054547049903, -75.32 42.782854697104476, -76.79456810166204 43.15846067178992, -74.72 44.91))"
97C,2020-03-20 18:55:00+00:00,2020-03-20 20:55:00+00:00,0.0,33000.0,"POLYGON ((-96.80008339601204 31.493164173231474, -96.1819770102884 30.672976343876694, -97.17561569012685 30.0728405294609, -97.88661529793113 30.686197130710358, -96.80008339601204 31.493164173231474))"
98C,2020-03-20 18:55:00+00:00,2020-03-20 20:55:00+00:00,0.0,40000.0,"POLYGON ((-85.76970492084845 37.149418696164474, -84.38570052677343 36.0649569720768, -88.54516630971017 34.70545188710929, -89.45727162341282 36.28705414905646, -85.76970492084845 37.149418696164474))"
99C,2020-03-20 18:55:00+00:00,2020-03-20 20:55:00+00:00,0.0,42000.0,"POLYGON ((-96.11868921682613 29.68114452527207, -95.69926385132922 28.979926375369953, -96.54276886535686 28.555346428855596, -97.54099173121193 29.304882893618448, -96.11868921682613 29.68114452527207))"
UNIFORM 1,2020-03-20 19:01:00+00:00,2020-03-20 23:00:00+00:00,0.0,56000.0,"POLYGON ((-142.3 11, -140.2 8.4, -144.1 7.1, -145.1 9.1, -142.3 11))"
UNIFORM 14,2020-03-20 19:08:00+00:00,2020-03-20 23:00:00+00:00,0.0,56000.0,"POLYGON ((-142.3 11, -140.2 8.4, -142.2 6.5, -144.1 7.1, -145.1 9.1, -142.3 11))"
CHARLIE 1,2020-03-20 19:10:00+00:00,2020-03-20 23:10:00+00:00,,,"POLYGON ((175.45 34.15, 173.45 32.45, 176.45 28.3, -178.3 28.45, -179 32.15, 178.3 32.15, 175.45 34.15))"
04C,2020-03-20 19:55:00+00:00,2020-03-20 21:55:00+00:00,,,"POLYGON ((-84.18399778458748 36.07722668356149, -87.18955795484607 34.80158116132756, -87.21530272103676 34.7856810345877, -88.69842491624757 33.52336855268293, -87.11141894776696 34.61747712668223, -84.10585877750837 35.89312264891616, -88.56879637678708 33.37106477151733, -87.08567418157627 34.6333772534221, -84.18399778458748 36.07722668356149))"
25E,2020-03-20 19:55:00+00:00,2020-03-20 21:55:00+00:00,0.0,25000.0,"POLYGON ((-74.25018020089475 44.909036874887754, -72.45 44.75547582294557, -73.8 43.08273791147279, -75.5157882501137 43.15796149698998, -74.25018020089475 44.909036874887754))"
26E,2020-03-20 19:55:00+00:00,2020-03-20 21:55:00+00:00,0.0,41000.0,"POLYGON ((-84.73436801302802 38.09696981188454, -83.72428413252216 37.15670951823564, -86.68 35.80726208852722, -87.26620527918679 36.60913747060022, -84.73436801302802 38.09696981188454))"
03C,2020-03-20 19:55:00+00:00,2020-03-20 21:55:00+00:00,0.0,37000.0,"POLYGON ((-95.30325027510317 31.158685545666113, -94.00345373263033 30.903349058535504, -95.64214876912374 29.34485827928602, -96.71765032138593 29.67164346774954, -95.30325027510317 31.158685545666113))"
02C,2020-03-20 19:55:00+00:00,2020-03-20 21:55:00+00:00,0.0,40000.0,"POLYGON ((-96.42077653969588 31.65718826241764, -95.50270404487352 31.43425797617372, -96.69210770548551 30.377326970231238, -97.27 31.08171624231642, -96.42077653969588 31.65718826241764))"
29E,2020-03-20 20:55:00+00:00,2020-03-20 22:55:00+00:00,0.0,37000.0,"POLYGON ((-85.66830377926415 37.182173970849256, -83.90160157704877 37.02981778732473, -86.99290485450508 35.52477240044752, -87.7100097957465 36.13559036143849, -85.66830377926415 37.182173970849256))"
06C,2020-03-20 20:55:00+00:00,2020-03-20 22:55:00+00:00,0.0,32000.0,"POLYGON ((-91.44808887345467 32.51861404163612, -91.78270330279229 31.00334123033534, -95.54202878979477 29.95986077082951, -95.26718923442753 30.68828013873573, -91.44808887345467 32.51861404163612))"
27E,2020-03-20 20:55:00+00:00,2020-03-20 22:55:00+00:00,,,"POLYGON ((-73.84408881168967 43.0630319816055, -75.16943696133957 42.04914311440616, -77.6504099296579 40.82987525165141, -74.02891945499313 42.74991551299129, -75.16116383957043 42.05370623942717, -73.75591118831032 42.88351956773067, -74.03721001443625 42.74534382037269, -77.73862242838523 41.00937053033105, -75.2576494600669 42.2286383930858, -75.26592258183604 42.22407526806479, -74.13367819725873 42.92028454162892, -74.1253876378156 42.92485623424752, -73.84408881168967 43.0630319816055))"
30E,2020-03-20 20:55:00+00:00,2020-03-20 22:55:00+00:00,0.0,25000.0,"POLYGON ((-78.67663895626077 40.47275064092617, -78.6327102344681 40.27763460518933, -80.66474818875777 39.82013848177221, -80.70867691055044 40.01525451750906, -78.67663895626077 40.47275064092617))"
28E,2020-03-20 20:55:00+00:00,2020-03-20 22:55:00+00:00,0.0,38000.0,"POLYGON ((-82.93287757238933 37.41147310636073, -82.25690525084724 36.33770571673021, -86.9 33.67, -86.95218237523396 35.6054267905776, -82.93287757238933 37.41147310636073))"
05C,2020-03-20 20:55:00+00:00,2020-03-20 22:55:00+00:00,0.0,33000.0,"POLYGON ((-86.96240234125247 34.70886293204526, -86.9 33.67, -89.73788330839787 32.12280046977368, -90.28 33.026287181737324, -86.96240234125247 34.70886293204526))"
32E,2020-03-20 21:55:00+00:00,2020-03-20 23:55:00+00:00,0.0,35000.0,"POLYGON ((-82.71850250108498 36.9091217076231, -81.71639598878251 36.43928664427268, -84.58604737773544 35.14969752618969, -85.15 35.95821373441836, -82.71850250108498 36.9091217076231))"
07C,2020-03-20 21:55:00+00:00,2020-03-20 23:55:00+00:00,0.0,33000.0,"POLYGON ((-85.55599738723137 34.95932449239075, -84.9952099668973 34.652491948389375, -88.25283487334336 32.56981874089525, -89.55252948496737 32.6198164596576, -89.06412603044258 33.679767484958724, -85.55599738723137 34.95932449239075))"
31E,2020-03-20 21:55:00+00:00,2020-03-20 23:55:00+00:00,0.0,25000.0,"POLYGON ((-74.60309248309375 42.13585602179382, -74.47916578585853 41.978877763068716, -75.6180366513824 41.079794628321025, -75.74196334861762 41.23677288704613, -74.60309248309375 42.13585602179382))"
33E,2020-03-20 21:55:00+00:00,2020-03-20 23:55:00+00:00,0.0,25000.0,"POLYGON ((-83.27041268056917 37.30367148809306, -83.60917081025775 36.86297196548393, -85.7849360784199 36.136670145363645, -85.60152633319028 37.203682210000565, -83.27041268056917 37.30367148809306))"
34E,2020-03-20 22:55:00+00:00,2020-03-21 00:55:00+00:00,0.0,35000.0,"POLYGON ((-81.36016568455638 37.31864099008361, -81.09602323665925 36.435541700060476, -83.89 35.234524177054425, -84.32763754379305 36.25212926975614, -81.36016568455638 37.31864099008361))"
08C,2020-03-20 22:55:00+00:00,2020-03-21 00:55:00+00:00,,,"POLYGON ((-85.15870695807443 34.936265665493, -86.99651539738824 33.27827518237316, -91.06342934408788 30.46174981247629, -85.03716713979419 34.77743219114831, -86.99267973434577 33.28106849094519, -91.17729783628319 30.62616990396503, -87.11038388958355 33.4426952738619, -87.11421955262601 33.43990196528988, -85.15870695807443 34.936265665493))"
QUEBEC 1,2020-03-20 23:16:00+00:00,2020-03-21 03:10:00+00:00,0.0,55000.0,"POLYGON ((151.4 6.2, 158 3, 153.2 3.2, 147.2 2.2, 144.4 3.3, 143.2 6.1, 151.4 6.2))"
36E,2020-03-20 23:55:00+00:00,2020-03-21 01:55:00+00:00,0.0,35000.0,"POLYGON ((-84.86373597555458 34.72438263587329, -84.44 34.29547582294557, -85.94562435103832 33.30250918377004, -86.53117268288955 33.54211877226146, -84.86373597555458 34.72438263587329))"
35E,2020-03-20 23:55:00+00:00,2020-03-21 01:55:00+00:00,0.0,30000.0,"POLYGON ((-81.34282334969775 38.969291036867574, -80.78445415284757 38.68669922714114, -83.27041268056917 37.30367148809306, -85.5357468028316 36.926572764582154, -83.22233068809669 38.35665362712361, -81.34282334969775 38.969291036867574))"
09C,2020-03-20 23:55:00+00:00,2020-03-21 01:55:00+00:00,0.0,42000.0,"POLYGON ((-86.61777679770279 33.08966783094168, -86.5225502805701 32.91379312999018, -90.40581264301775 30.81121926412001, -90.50103916015044 30.987093965071505, -86.61777679770279 33.08966783094168))"
2E,2020-03-21 00:55:00+00:00,2020-03-21 02:55:00+00:00,0.0,35000.0,"POLYGON ((-78.65250593071032 36.777982519131015, -78.78 36.20273791147278, -82.16458143756687 35.4908893255998, -82.52184165717118 35.67083298583033, -80.94799810106845 36.6286469969386, -78.65250593071032 36.777982519131015))"
1E,2020-03-21 00:55:00+00:00,2020-03-21 02:55:00+00:00,0.0,26000.0,"POLYGON ((-80.1 39.24273791147279, -79.70564882348481 38.78200285313742, -83.33727961300407 37.28216488874069, -83.54366212495671 38.10459663679644, -80.1 39.24273791147279))"
2C,2020-03-21 00:55:00+00:00,2020-03-21 02:55:00+00:00,0.0,30000.0,"POLYGON ((-90.46369482601325 32.30214410436453, -90.1 31.93089313279082, -91.07941294636004 30.018699733930546, -92.74472413812802 29.37097004870952, -92.89016281387359 29.678702245133135, -90.46369482601325 32.30214410436453))"
3E,2020-03-21 00:55:00+00:00,2020-03-21 02:55:00+00:00,0.0,30000.0,"POLYGON ((-76.71019328461416 37.794844630153975, -76.5789683176284 37.64391415596276, -77.59998819799554 36.75619879688131, -77.73121316498131 36.90712927107252, -76.71019328461416 37.794844630153975))"
4E,2020-03-21 00:55:00+00:00,2020-03-21 02:55:00+00:00,0.0,30000.0,"POLYGON ((-86.78654146900597 34.707978564171775, -85.89286641270606 34.34437067255721, -86.83362622235265 33.53641612259377, -87.22139092609677 33.78023403349343, -86.78654146900597 34.707978564171775))"
1C,2020-03-21 00:55:00+00:00,2020-03-21 02:55:00+00:00,0.0,42000.0,"POLYGON ((-85.89797545328862 33.356857655354816, -85.80002454869587 33.18248558107267, -89.85326794681556 30.905636727751922, -89.95121885140831 31.08000880203407, -85.89797545328862 33.356857655354816))"
3C,2020-03-21 01:55:00+00:00,2020-03-21 03:55:00+00:00,0.0,38000.0,"POLYGON ((-87.12828046576399 33.20867528053094, -86.87911717164472 32.689333003984295, -89.59164770620805 30.202293638944663, -91.97843995183646 29.89004076223679, -89.94965080096186 32.122500913341504, -87.12828046576399 33.20867528053094))"
5E,2020-03-21 01:55:00+00:00,2020-03-21 03:55:00+00:00,0.0,32000.0,"POLYGON ((-80.48192891369442 38.89085986013203, -80.40359757113134 38.70683757677411, -83.93174093282794 37.20504007033189, -84.01007227539101 37.38906235368981, -80.48192891369442 38.89085986013203))"
4C,2020-03-21 02:55:00+00:00,2020-03-21 04:55:00+00:00,0.0,30000.0,"POLYGON ((-88.61786802314349 32.44353573685236, -88.36 31.06273791147279, -90.76725683462605 29.847782253663137, -91.3 30.147262088527217, -88.61786802314349 32.44353573685236))"
6E,2020-03-21 02:55:00+00:00,2020-03-21 04:55:00+00:00,0.0,27000.0,"POLYGON ((-80.28080246859912 38.73480587249686, -80.20253105593903 38.550758090765605, -83.73575916006332 37.0481550582336, -83.81403057272341 37.23220283996485, -80.28080246859912 38.73480587249686))"
7E,2020-03-21 02:55:00+00:00,2020-03-21 04:55:00+00:00,0.0,30000.0,"POLYGON ((-85.54256010341024 33.7173902212426, -84.28638910483964 32.909693915062824, -86.79449928179464 32.38508871469472, -87.16427246016745 33.13545384250937, -85.54256010341024 33.7173902212426))"
QUEBEC 2,2020-03-21 03:37:00+00:00,2020-03-21 07:40:00+00:00,0.0,54000.0,"POLYGON ((148.2 6.2, 154.4 4.4, 149.3 2.2, 146.4 3.2, 148.2 6.2))"
5C,2020-03-21 03:55:00+00:00,2020-03-21 05:55:00+00:00,0.0,42000.0,"POLYGON ((-97.99460140830233 26.49900713777756, -97.4491468628478 26.49900713777756, -97.4491468628478 25.953552592323014, -97.99460140830233 25.953552592323014, -97.99460140830233 26.49900713777756))"
7C,2020-03-21 06:55:00+00:00,2020-03-21 08:55:00+00:00,0.0,42000.0,"POLYGON ((-98.6185789914713 26.762119532760934, -97.83623140338909 26.32819325420474, -98.02295724174876 25.918581713025784, -98.98711063930139 26.544369055341324, -98.6185789914713 26.762119532760934))"
6C,2020-03-21 06:55:00+00:00,2020-03-21 08:55:00+00:00,0.0,45000.0,"POLYGON ((-91.18150478107941 30.377719342710613, -90.57022439809542 29.588086791873927, -91.68205693394701 29.67804627407629, -91.89001025023998 29.967536374867716, -91.18150478107941 30.377719342710613))"
ROMEO 1,2020-03-21 07:02:00+00:00,2020-03-21 11:00:00+00:00,0.0,35000.0,"POLYGON ((-170.1 29.4, -165 29.4, -167.2 24, -172.4 23.5, -170.1 29.4))"
8C,2020-03-21 07:55:00+00:00,2020-03-21 09:55:00+00:00,0.0,45000.0,"POLYGON ((-98.21213160397797 27.029126503268962, -97.38 26.75184477868197, -98.23679066635434 26.235811923653003, -98.92245857122617 26.403183741939042, -98.21213160397797 27.029126503268962))"
9C,2020-03-21 08:55:00+00:00,2020-03-21 10:55:00+00:00,0.0,45000.0,"POLYGON ((-97.79768115779606 27.1310146120481, -97.89351961065984 26.110094613862955, -98.85214661324234 26.24921237869783, -98.76049535191774 26.89024511094774, -97.79768115779606 27.1310146120481))"
10C,2020-03-21 09:55:00+00:00,2020-03-21 11:55:00+00:00,0.0,45000.0,"POLYGON ((-98.90114283335922 27.28803870704374, -96.45792362331356 26.740559352923494, -97.03783839921964 26.046931445803562, -98.11989867621277 25.918121787845177, -98.92245857122617 26.403183741939042, -98.90114283335922 27.28803870704374))"
11C,2020-03-21 10:55:00+00:00,2020-03-21 12:55:00+00:00,0.0,44000.0,"POLYGON ((-98.90114283335922 27.28803870704374, -96.87986679306101 26.995072927638425, -96.85470138219479 26.389614256059392, -98.99295837641174 26.557120646137072, -98.90114283335922 27.28803870704374))"
12C,2020-03-21 11:55:00+00:00,2020-03-21 13:55:00+00:00,0.0,44000.0,"POLYGON ((-98.90114283335922 27.28803870704374, -97.72654322250287 27.284884539101476, -98.03728810715624 26.50671793071436, -99.06364776186669 26.711022765552116, -98.90114283335922 27.28803870704374))"
DELTA 1,2020-03-21 12:30:00+00:00,2020-03-21 16:30:00+00:00,0.0,50000.0,"POLYGON ((-126.45 15, -127.15 10.3, -137 5.15, -140 8.15, -140 13.3, -136 11.3, -126.45 15))"
ECHO 1,2020-03-21 12:35:00+00:00,2020-03-21 16:35:00+00:00,0.0,40000.0,"POLYGON ((-167.15 35.45, -162.15 33, -162.3 30, -165.3 28.45, -168.45 31.45, -167.15 35.45))"
SIERRA 1,2020-03-21 12:38:00+00:00,2020-03-21 16:40:00+00:00,0.0,43000.0,"POLYGON ((-163 29.4, -160.3 29.3, -162.1 23.4, -166.3 23, -163 29.4))"
MIKE 1,2020-03-21 12:50:00+00:00,2020-03-21 16:50:00+00:00,0.0,41000.0,"POLYGON ((-61.15 41.3, -63 39, -70.3 36.45, -70 38.15, -67 39, -61.15 41.3))"
14C,2020-03-21 12:55:00+00:00,2020-03-21 14:55:00+00:00,0.0,40000.0,"POLYGON ((-98.77618674017862 28.971794441106947, -97.75496399006141 28.56747227092997, -98.04329629311066 27.677387414636588, -99.29497401116467 27.74707639005284, -98.77618674017862 28.971794441106947))"
13C,2020-03-21 12:55:00+00:00,2020-03-21 14:55:00+00:00,0.0,44000.0,"POLYGON ((-97.78603822055454 27.592886835540096, -97.38 26.49828375768358, -98.42295440950798 26.303537479575766, -99.42 27.48, -97.78603822055454 27.592886835540096))"
SIERRA 1,2020-03-21 13:10:00+00:00,2020-03-21 17:10:00+00:00,0.0,43000.0,"POLYGON ((-160.1 29.3, -162.4 24.4, -166.2 24.3, -163.2 29.3, -160.1 29.3))"
15C,2020-03-21 13:55:00+00:00,2020-03-21 15:55:00+00:00,0.0,45000.0,"POLYGON ((-98.99889536499866 29.16834839713986, -97.00962398334319 28.503532253018168, -97.38 26.419106867209184, -99.42 27.14726208852722, -98.99889536499866 29.16834839713986))"
8E,2020-03-21 13:55:00+00:00,2020-03-21 15:55:00+00:00,0.0,40000.0,"POLYGON ((-73.60252447169925 35.43651969350529, -73.51708081808702 35.255689988928324, -75.26447611573933 34.4300300737858, -75.34991976935156 34.610859778362766, -73.60252447169925 35.43651969350529))"
16C,2020-03-21 14:55:00+00:00,2020-03-21 16:55:00+00:00,0.0,45000.0,"POLYGON ((-99.41705686131941 29.63656417232421, -97.40295305061021 29.25380946951011, -97.86862355413474 26.97710893728381, -99.42 27.14726208852722, -99.41705686131941 29.63656417232421))"
9E,2020-03-21 14:55:00+00:00,2020-03-21 16:55:00+00:00,0.0,40000.0,"POLYGON ((-73.43530936516726 35.37991570897658, -73.36077886743956 35.19432151480967, -75.2699326936816 34.42764782899083, -75.34446319140929 34.61324202315774, -73.43530936516726 35.37991570897658))"
10E,2020-03-21 15:55:00+00:00,2020-03-21 17:55:00+00:00,0.0,35000.0,"POLYGON ((-73.1031186551295 35.26453569861068, -73.04735124532964 35.07246801261375, -75.27931423764551 34.42441108307582, -75.33508164744538 34.61647876907275, -73.1031186551295 35.26453569861068))"
17C,2020-03-21 15:55:00+00:00,2020-03-21 17:55:00+00:00,0.0,45000.0,"POLYGON ((-99.12533679976698 29.63833950893679, -96.8959397971132 29.26987114650441, -97.38 26.78742563652537, -99.42 27.19085812115821, -99.12533679976698 29.63833950893679))"
ECHO 2,2020-03-21 16:25:00+00:00,2020-03-21 20:25:00+00:00,0.0,42000.0,"POLYGON ((-170.15 36.45, -162 36.45, -157.15 30, -160.45 30, -168.3 32.45, -170.15 36.45))"
DELTA 2,2020-03-21 16:30:00+00:00,2020-03-21 20:30:00+00:00,0.0,50000.0,"POLYGON ((-138 14.45, -131 10.15, -136.45 5.45, -140 7.3, -140 12, -138 14.45))"
MIKE 2,2020-03-21 16:35:00+00:00,2020-03-21 20:35:00+00:00,0.0,38000.0,"POLYGON ((-61.3 40.45, -62 38.45, -74 33, -75.3 34.15, -72 35.45, -67 38.45, -61.3 40.45))"
SIERRA 2,2020-03-21 16:36:00+00:00,2020-03-21 20:40:00+00:00,0.0,43000.0,"POLYGON ((-166 30, -157 30, -164.1 26.5, -166 30))"
18C,2020-03-21 16:55:00+00:00,2020-03-21 18:55:00+00:00,0.0,45000.0,"POLYGON ((-98.92178334766544 29.80517478812073, -96.62759522498327 29.42745916883786, -97.38 26.78742563652537, -99.42 27.19085812115821, -98.92178334766544 29.80517478812073))"
19C,2020-03-21 17:55:00+00:00,2020-03-21 19:55:00+00:00,0.0,45000.0,"POLYGON ((-96.71765032138593 29.67164346774954, -97.08231884220393 27.1310146120481, -99.42 27.48, -99.22565175848308 29.637801042878127, -96.71765032138593 29.67164346774954))"
20C,2020-03-21 18:55:00+00:00,2020-03-21 20:55:00+00:00,0.0,45000.0,"POLYGON ((-98.9036087142334 30.561491003215522, -96.23989932951147 30.275343160522098, -97.04195578726753 27.54650673740423, -99.02091228962293 27.832352448892518, -98.9036087142334 30.561491003215522))"
22C,2020-03-21 18:55:00+00:00,2020-03-21 20:55:00+00:00,0.0,35000.0,"POLYGON ((-95.71363636363635 29.74535260595279, -94.98636363636363 29.74535260595279, -94.98636363636363 29.018079878680062, -95.71363636363635 29.018079878680062, -95.71363636363635 29.74535260595279))"
21C,2020-03-21 18:55:00+00:00,2020-03-21 20:55:00+00:00,0.0,38000.0,"POLYGON ((-99.98153002033808 31.20317389669552, -99.12533679976698 29.63833950893679, -99.79693138184913 28.280888432410244, -101.22986228824497 31.091015800502575, -99.98153002033808 31.20317389669552))"
MIKE 3,2020-03-21 19:40:00+00:00,2020-03-21 23:40:00+00:00,0.0,39000.0,"POLYGON ((-65.45 38.15, -66.3 36.45, -70.3 34.3, -73.3 33, -74.15 34.45, -68.3 37.3, -65.45 38.15))"
DELTA 3,2020-03-21 19:40:00+00:00,2020-03-21 23:40:00+00:00,0.0,47000.0,"POLYGON ((-137.45 15.3, -130.45 12, -134.3 7, -140 7.3, -140 12, -137.45 15.3))"
ECHO 3,2020-03-21 19:40:00+00:00,2020-03-21 23:40:00+00:00,0.0,44000.0,"POLYGON ((-166 40.45, -156.15 30, -162.45 30, -166.45 34.3, -173.15 40.3, -166 40.45))"
1W,2020-03-21 19:55:00+00:00,2020-03-21 21:55:00+00:00,0.0,29000.0,"POLYGON ((-108.34785729103494 37.617566052490155, -107.21251678219875 35.807894320709636, -108.1412716882026 35.478517496767495, -109.24969225761683 37.19474696010024, -108.34785729103494 37.617566052490155))"
TANGO 1,2020-03-21 19:55:00+00:00,2020-03-22 00:00:00+00:00,0.0,58000.0,"POLYGON ((151.3 5.2, 160 3.4, 149.4 0, 151.3 5.2))"
ECHO 4,2020-03-21 20:20:00+00:00,2020-03-22 00:20:00+00:00,0.0,40000.0,"POLYGON ((-160.3 38, -157.3 30, -162.15 30, -164.15 33.3, -160.3 38))"
SIERRA 3,2020-03-21 20:44:00+00:00,2020-03-22 00:45:00+00:00,0.0,43000.0,"POLYGON ((-162.2 30, -155.3 30, -161.4 27, -162.2 30))"
26C,2020-03-21 20:55:00+00:00,2020-03-21 22:55:00+00:00,0.0,45000.0,"POLYGON ((-101.34746298487735 33.22816109639338, -96.56577826585406 30.376460168604456, -97.78715740613077 29.050099161629138, -102.70632973041396 30.71443044469519, -101.34746298487735 33.22816109639338))"
2W,2020-03-21 20:55:00+00:00,2020-03-21 22:55:00+00:00,0.0,29000.0,"POLYGON ((-108.3448379330688 37.99955433850781, -106.40826241456749 36.87797725538051, -107.28 34.11184477868197, -109.32879968492946 37.04080038207598, -108.3448379330688 37.99955433850781))"
28C,2020-03-21 20:55:00+00:00,2020-03-21 22:55:00+00:00,0.0,45000.0,"POLYGON ((-96.69210770548551 30.377326970231238, -95.35 30.393712818262685, -95.09592678321408 29.42549175699621, -96.78566560027355 27.898454865879213, -97.87487287883147 29.127580541516576, -96.69210770548551 30.377326970231238))"
27C,2020-03-21 20:55:00+00:00,2020-03-21 22:55:00+00:00,0.0,33000.0,"POLYGON ((-98.74623035296969 36.0705276888365, -97.80261404671232 34.99913216218724, -98.91176217831752 33.87893126217049, -100.41369931676442 34.2677106649311, -100.29 35.09285469710447, -98.74623035296969 36.0705276888365))"
31C,2020-03-21 21:55:00+00:00,2020-03-21 23:55:00+00:00,0.0,30000.0,"POLYGON ((-105.65916116231698 37.65730106398673, -103.79295843100293 37.19617673483693, -106.51126966712401 34.42478858427659, -107.39144731943998 34.56809549490238, -107.85307345313039 36.27865000285349, -105.65916116231698 37.65730106398673))"
29C,2020-03-21 21:55:00+00:00,2020-03-21 23:55:00+00:00,0.0,45000.0,"POLYGON ((-100.66019723993327 34.062760867171, -94.8760684278389 30.36806031758696, -96.00560101857121 28.649009173440472, -102.30571639653245 30.948250005976615, -100.66019723993327 34.062760867171))"
30C,2020-03-21 21:55:00+00:00,2020-03-21 23:55:00+00:00,0.0,33000.0,"POLYGON ((-98.08571804986855 36.29456065867235, -97.47442836489535 35.502162144853685, -98.83599598449415 33.78530088021244, -100.35713439362625 34.50354781312692, -99.3836168957305 36.17299809114066, -98.08571804986855 36.29456065867235))"
3W,2020-03-21 21:55:00+00:00,2020-03-21 23:55:00+00:00,0.0,37000.0,"POLYGON ((-107.77839055424896 38.44768289445663, -106.49009477050846 37.126808188176504, -107.88395584204011 36.33912364258454, -109.3165764340177 37.50268593139344, -107.77839055424896 38.44768289445663))"
4W,2020-03-21 21:55:00+00:00,2020-03-21 23:55:00+00:00,0.0,25000.0,"POLYGON ((-111.92632362479647 43.88519408665956, -111.54456956018399 42.4730737120449, -114.29008762367715 40.89476389906878, -114.7136175602924 42.07908342873558, -111.92632362479647 43.88519408665956))"
34C,2020-03-21 22:55:00+00:00,2020-03-22 00:55:00+00:00,0.0,30000.0,"POLYGON ((-104.18818392942927 37.82863647896074, -103.79295843100293 37.19617673483693, -105.96526375356827 34.33115120234017, -107.76230700312507 35.35469520754206, -104.18818392942927 37.82863647896074))"
35C,2020-03-21 22:55:00+00:00,2020-03-22 00:55:00+00:00,0.0,30000.0,"POLYGON ((-94.80426841489385 30.429438006359266, -94.67505309718783 29.370077028106515, -96.09115227840812 29.22093825391326, -95.75880988371532 30.31229084207838, -94.80426841489385 30.429438006359266))"
33C,2020-03-21 22:55:00+00:00,2020-03-22 00:55:00+00:00,0.0,33000.0,"POLYGON ((-97.1591385709576 36.092918688610936, -96.65345507133063 35.71464630311198, -98.20254041191804 34.75791864122066, -99.16761186344122 34.74688393419815, -98.86835502015137 35.51223578338563, -97.1591385709576 36.092918688610936))"
32C,2020-03-21 22:55:00+00:00,2020-03-22 00:55:00+00:00,0.0,45000.0,"POLYGON ((-99.58233536440103 33.77975652936476, -95.43654626736966 30.903349058535504, -96.98714618685123 29.90831542641448, -98.26858444790933 29.639862562324588, -101.8916604329872 31.39483107108088, -99.58233536440103 33.77975652936476))"
6W,2020-03-21 22:55:00+00:00,2020-03-22 00:55:00+00:00,0.0,25000.0,"POLYGON ((-111.7852169389382 43.78252917860908, -111.37390564533953 41.86300621280426, -113.76 41.59742563652536, -114.0721196069061 42.78592452962344, -111.7852169389382 43.78252917860908))"
5W,2020-03-21 22:55:00+00:00,2020-03-22 00:55:00+00:00,0.0,37000.0,"POLYGON ((-106.65005675884672 38.14267123770612, -106.33160333786117 36.93998752579868, -107.58243098479618 36.33001165105741, -108.09 37.31828375768359, -106.65005675884672 38.14267123770612))"
38C,2020-03-21 23:55:00+00:00,2020-03-22 01:55:00+00:00,0.0,29000.0,"POLYGON ((-106.2947418945079 36.42681738449713, -104.70753831771854 35.30630390607894, -105.82421966940844 34.212435222991964, -107.19604652122092 35.16675347219292, -106.2947418945079 36.42681738449713))"
39C,2020-03-21 23:55:00+00:00,2020-03-22 01:55:00+00:00,0.0,28000.0,"POLYGON ((-96.1703278501567 36.07206473618769, -96.35670613636886 35.319203887459075, -97.80410139424117 35.399828345617294, -97.92 36.01726208852722, -96.1703278501567 36.07206473618769))"
36C,2020-03-21 23:55:00+00:00,2020-03-22 01:55:00+00:00,0.0,43000.0,"POLYGON ((-98.79065334543353 33.989837139728266, -95.41168226960346 31.74635559768264, -96.46516174987318 29.993682613835205, -97.57856898521712 29.318752834249235, -100.86490429076673 31.72225441977049, -98.79065334543353 33.989837139728266))"
7W,2020-03-21 23:55:00+00:00,2020-03-22 01:55:00+00:00,0.0,37000.0,"POLYGON ((-106.86637606079684 37.34539175418454, -106.75517131487224 36.286862527991616, -107.69667469647165 35.970825943687956, -107.94342302609728 36.62226945265715, -106.86637606079684 37.34539175418454))"
8W,2020-03-21 23:55:00+00:00,2020-03-22 01:55:00+00:00,0.0,25000.0,"POLYGON ((-115.9384398611665 42.02517513952692, -115.18930134780568 41.16688362314591, -119.49417337559468 39.83729221035739, -120.0773693684832 40.29778240179237, -115.9384398611665 42.02517513952692))"
37C,2020-03-21 23:55:00+00:00,2020-03-22 01:55:00+00:00,0.0,34000.0,"POLYGON ((-104.25995679448945 38.23455233390183, -102.83028767946523 37.93278413074425, -103.98376714894411 36.952698358851165, -105.36947262873544 36.65493472374662, -104.25995679448945 38.23455233390183))"
TANGO 2,2020-03-22 00:00:00+00:00,2020-03-22 04:00:00+00:00,0.0,55000.0,"POLYGON ((148.4 4.3, 160 4.1, 149 0, 148.4 4.3))"
ALFA 1,2020-03-22 00:20:00+00:00,2020-03-22 04:20:00+00:00,0.0,37000.0,"POLYGON ((-69.15 34.45, -69.15 33.15, -75.45 32.45, -73.45 34.15, -69.15 34.45))"
ECHO 5,2020-03-22 00:20:00+00:00,2020-03-22 04:20:00+00:00,0.0,39000.0,"POLYGON ((-162 39, -157 33.3, -156.3 30, -160 30, -164 35, -162 39))"
2C,2020-03-22 00:55:00+00:00,2020-03-22 02:55:00+00:00,0.0,34000.0,"POLYGON ((-103.44459205380532 38.785797362302816, -102.69 37.53452417705443, -104.48825976310918 36.362058323422325, -105.37811693999795 36.99625472462637, -103.44459205380532 38.785797362302816))"
1C,2020-03-22 00:55:00+00:00,2020-03-22 02:55:00+00:00,0.0,33000.0,"POLYGON ((-105.63222143820865 36.23290632251312, -105.14 34.495417309845244, -106.43479875594133 34.270865167322846, -106.28048565121954 36.03663245819279, -105.63222143820865 36.23290632251312))"
3C,2020-03-22 00:55:00+00:00,2020-03-22 02:55:00+00:00,0.0,45000.0,"POLYGON ((-97.58782566612066 32.677805704930506, -95.83787866791457 32.03332276963507, -95.25994404946879 31.349873633731026, -96.6022338205202 29.374504975625655, -99.86545039907723 31.368674640918357, -97.58782566612066 32.677805704930506))"
4C,2020-03-22 00:55:00+00:00,2020-03-22 02:55:00+00:00,0.0,36000.0,"POLYGON ((-97.80261404671232 34.99913216218724, -97.30508637802286 33.40398534612547, -98.59 33.267145302895536, -98.99419232267232 34.790737695500674, -97.80261404671232 34.99913216218724))"
2W,2020-03-22 00:55:00+00:00,2020-03-22 02:55:00+00:00,0.0,26000.0,"POLYGON ((-123.41380690774633 41.280503609583015, -122.93618173663906 39.87661286921238, -123.62961587064726 39.717281130061124, -124.23 41.24828375768358, -123.41380690774633 41.280503609583015))"
1W,2020-03-22 00:55:00+00:00,2020-03-22 02:55:00+00:00,0.0,32000.0,"POLYGON ((-106.3229431884575 37.18295968887995, -106.1649255496896 36.68166675739391, -107.33065108846158 36.12421776787989, -107.54878361582846 36.7387746645979, -106.3229431884575 37.18295968887995))"
7C,2020-03-22 01:55:00+00:00,2020-03-22 03:55:00+00:00,0.0,36000.0,"POLYGON ((-99.76001370349837 37.597678381640954, -95.63282209694916 35.892487353799645, -96.7676502539808 34.209343151837814, -99.91700096657736 34.496767785414036, -99.76001370349837 37.597678381640954))"
5C,2020-03-22 01:55:00+00:00,2020-03-22 03:55:00+00:00,0.0,34000.0,"POLYGON ((-105.58119380132972 36.888644746251835, -104.82894466384278 35.044779516018906, -106.39080225754424 34.68632143321548, -107.05199703644213 36.73549266106669, -105.58119380132972 36.888644746251835))"
6C,2020-03-22 01:55:00+00:00,2020-03-22 03:55:00+00:00,0.0,42000.0,"POLYGON ((-97.35844771470249 32.9802465036307, -95.60630169550068 32.41710409066519, -94.09420117372463 31.379786708582994, -95.9652944457375 29.737270973092, -99.43110435970195 31.400818808494822, -97.35844771470249 32.9802465036307))"
9C,2020-03-22 02:55:00+00:00,2020-03-22 04:55:00+00:00,0.0,42000.0,"POLYGON ((-96.12170260391234 33.18498112909956, -93.19243105422565 31.846348303066897, -94.99563122805353 29.832192574955673, -98.744340660057 30.977576653494896, -96.12170260391234 33.18498112909956))"
8C,2020-03-22 02:55:00+00:00,2020-03-22 04:55:00+00:00,0.0,34000.0,"POLYGON ((-105.37811693999795 36.99625472462637, -104.72389546806858 36.3722702680982, -106.09636309895406 35.62606003720466, -106.84441789561836 36.733509565934796, -105.37811693999795 36.99625472462637))"
10C,2020-03-22 02:55:00+00:00,2020-03-22 04:55:00+00:00,0.0,36000.0,"POLYGON ((-98.31135147523392 37.74774046738211, -95.72132307984928 36.33354652826099, -95.45492518281178 34.73891756206059, -99.76455281254358 34.368877287930665, -100.83088810788082 37.307051182539816, -98.31135147523392 37.74774046738211))"
15C,2020-03-22 03:55:00+00:00,2020-03-22 05:55:00+00:00,0.0,43000.0,"POLYGON ((-96.04962464432387 32.86609813104934, -92.89928516224337 32.44837034874208, -94.28961956858002 29.57375484141141, -98.44269904503261 31.65463822396303, -96.04962464432387 32.86609813104934))"
13C,2020-03-22 03:55:00+00:00,2020-03-22 05:55:00+00:00,0.0,37000.0,"POLYGON ((-98.87029483912617 36.02789876757129, -97.28516275100013 36.01441213547196, -97.91007166264056 34.78478333542, -99.30437592079369 34.57614270408463, -98.87029483912617 36.02789876757129))"
14C,2020-03-22 03:55:00+00:00,2020-03-22 05:55:00+00:00,0.0,40000.0,"POLYGON ((-98.03511129653663 33.79775385358701, -97.26860022383958 33.330906963436576, -97.95172791611162 32.54835770245518, -98.94575117331155 32.795030997392566, -98.03511129653663 33.79775385358701))"
12C,2020-03-22 03:55:00+00:00,2020-03-22 05:55:00+00:00,0.0,34000.0,"POLYGON ((-98.42161712270816 37.74700775021389, -98.02423053279637 37.39624276562826, -99.14421150415737 36.92595462311489, -100.137284693287 37.447946985839714, -98.42161712270816 37.74700775021389))"
11C,2020-03-22 03:55:00+00:00,2020-03-22 05:55:00+00:00,0.0,30000.0,"POLYGON ((-104.87 36.98910686720917, -104.29503323979807 36.679621974123876, -105.43043674626598 35.89493292597631, -106.11155139434743 36.48356844804745, -104.87 36.98910686720917))"
18C,2020-03-22 04:55:00+00:00,2020-03-22 06:55:00+00:00,0.0,43000.0,"POLYGON ((-95.05376835309352 33.03445552378545, -91.61979800349016 32.87222388479775, -92.96321595955078 29.83250860861931, -98.17598765774108 31.97513444044588, -95.05376835309352 33.03445552378545))"
16C,2020-03-22 04:55:00+00:00,2020-03-22 06:55:00+00:00,0.0,37000.0,"POLYGON ((-96.96190315725353 36.664515092459496, -96.54941467286189 35.942931889211366, -97.52204212006656 35.24627006805452, -99.68532905472999 34.36851321096221, -99.29932611460069 35.86802979939534, -96.96190315725353 36.664515092459496))"
17C,2020-03-22 04:55:00+00:00,2020-03-22 06:55:00+00:00,0.0,40000.0,"POLYGON ((-98.10578378186278 34.15502678466491, -96.42789810539357 33.379646827097154, -97.283988814063 33.0742174826618, -98.46685443318331 33.887711546570664, -98.10578378186278 34.15502678466491))"
19C,2020-03-22 05:55:00+00:00,2020-03-22 07:55:00+00:00,0.0,43000.0,"POLYGON ((-94.22217708230725 33.202497150006344, -91.01373541497497 32.745037359051025, -91.8434001766788 30.008310933543626, -94.94212584025742 30.698694659328147, -97.99429550319113 31.91262197178591, -94.22217708230725 33.202497150006344))"
20C,2020-03-22 06:55:00+00:00,2020-03-22 08:55:00+00:00,0.0,43000.0,"POLYGON ((-93.8253666271768 33.305305279718844, -90.41687797461117 32.540253266052034, -91.76415913018687 30.313203370998824, -96.33184892253288 31.32461769646743, -97.27 32.09371281826268, -93.8253666271768 33.305305279718844))"
21C,2020-03-22 07:55:00+00:00,2020-03-22 09:55:00+00:00,0.0,41000.0,"POLYGON ((-92.49606360445195 33.05530755196311, -89.6243919102385 32.59508149655363, -91.17125292368746 30.747069038399292, -95.659791401299 31.488537819143268, -95.77755236012206 32.415829944341056, -92.49606360445195 33.05530755196311))"
22C,2020-03-22 08:55:00+00:00,2020-03-22 10:55:00+00:00,0.0,38000.0,"POLYGON ((-93.41428576839651 32.76937806789193, -89.87485613545012 31.968684986542883, -90.4085389212067 30.992504756746637, -96.01829175236584 31.967975343489222, -95.83787866791457 32.03332276963507, -93.41428576839651 32.76937806789193))"
23C,2020-03-22 09:55:00+00:00,2020-03-22 11:55:00+00:00,0.0,40000.0,"POLYGON ((-93.26278611156431 32.57781027077064, -89.34485676027391 32.18782798091745, -89.721436937724 31.107876246599915, -95.44230764160324 31.82990200716841, -93.26278611156431 32.57781027077064))"
1E,2020-03-22 10:55:00+00:00,2020-03-22 12:55:00+00:00,0.0,36000.0,"POLYGON ((-77.2102876372328 33.012561942256575, -76.16541295010077 32.90695501512386, -77.67644320464164 32.037855314357984, -78.71753971984795 31.75852631188312, -77.2102876372328 33.012561942256575))"
24C,2020-03-22 10:55:00+00:00,2020-03-22 12:55:00+00:00,0.0,40000.0,"POLYGON ((-90.25814776171379 32.37457629391113, -88.67908842755818 32.277715197302626, -89.41403704097111 31.297227652763507, -90.57300034565452 31.410270335159243, -90.25814776171379 32.37457629391113))"
25C,2020-03-22 11:55:00+00:00,2020-03-22 13:55:00+00:00,0.0,38000.0,"POLYGON ((-88.20900772361924 32.3786215007424, -87.98666848660484 31.49799042518937, -89.675885022439 31.298678281230448, -89.87485613545012 31.968684986542883, -88.20900772361924 32.3786215007424))"
2E,2020-03-22 11:55:00+00:00,2020-03-22 13:55:00+00:00,,,"POLYGON ((-77.14005608617393 34.40547426785039, -77.48534552948534 33.59309469174964, -79.25420983838515 32.54547632302491, -76.97734693489753 34.28917408689217, -77.4549496804236 33.62098649912098, -79.35612729153806 32.71756011872581, -77.58726298263825 33.76517848745054, -77.6176588317 33.7372866800792, -77.14005608617393 34.40547426785039))"
XRAY 1,2020-03-22 12:36:00+00:00,2020-03-22 16:35:00+00:00,0.0,56000.0,"POLYGON ((142.4 8.1, 147.4 4.5, 136.1 4.5, 138.4 7.1, 142.4 8.1))"
3E,2020-03-22 12:55:00+00:00,2020-03-22 14:55:00+00:00,0.0,36000.0,"POLYGON ((-75.69995238762239 32.589821872504125, -75.67741296083499 32.391095995376624, -78.13430630046024 32.11243592174462, -78.15684572724764 32.31116179887212, -75.69995238762239 32.589821872504125))"
26C,2020-03-22 12:55:00+00:00,2020-03-22 14:55:00+00:00,0.0,44000.0,"POLYGON ((-88.28643951627517 32.37895906060462, -87.39890961780046 31.441378681934925, -88.71791943946526 31.03619032655954, -89.27359992398888 32.21313976840256, -88.28643951627517 32.37895906060462))"
27C,2020-03-22 13:55:00+00:00,2020-03-22 15:55:00+00:00,0.0,43000.0,"POLYGON ((-86.9 33.004524177054435, -86.09536846464134 31.75868660415112, -88.13672707888432 31.19092359563577, -88.8 32.38, -86.9 33.004524177054435))"
4E,2020-03-22 13:55:00+00:00,2020-03-22 15:55:00+00:00,0.0,31000.0,"POLYGON ((-75.68913650692754 33.632511696095, -75.56295131491142 33.47734308678289, -76.88892373845557 32.399044546796404, -77.0151089304717 32.55421315610852, -75.68913650692754 33.632511696095))"
5E,2020-03-22 14:55:00+00:00,2020-03-22 16:55:00+00:00,0.0,32000.0,"POLYGON ((-76.22697226921913 32.98576142494999, -76.10385363098241 32.828148605297734, -76.82637087590152 32.263757082493626, -76.94948951413824 32.421369902145884, -76.22697226921913 32.98576142494999))"
28C,2020-03-22 14:55:00+00:00,2020-03-22 16:55:00+00:00,0.0,43000.0,"POLYGON ((-86.65491601367884 33.465303818638375, -85.53301115805638 31.94093634802107, -87.76218892200119 31.23976606688423, -88.4832982468959 32.490254030303184, -86.65491601367884 33.465303818638375))"
XRAY 2,2020-03-22 15:09:00+00:00,2020-03-22 19:10:00+00:00,0.0,56000.0,"POLYGON ((142.3 8.3, 148.2 4.4, 136.5 4.4, 136.1 7.2, 142.3 8.3))"
6E,2020-03-22 15:55:00+00:00,2020-03-22 17:55:00+00:00,,,"POLYGON ((-76.81419977178042 34.03775693151366, -77.36684571871442 33.33035672641316, -79.14060953488429 32.49750402548567, -76.6874485956278 33.88305030804872, -77.34597212176563 33.34352181474497, -79.22561351713934 32.67854082561422, -77.45184970096946 33.51139352654172, -77.47272329791825 33.49822843820991, -76.81419977178042 34.03775693151366))"
29C,2020-03-22 15:55:00+00:00,2020-03-22 17:55:00+00:00,0.0,35000.0,"POLYGON ((-85.21 33.05, -84.48584173862264 32.06054894745189, -86.68 31.263712818262675, -87.17441299579784 32.21712637709166, -85.21 33.05))"
30C,2020-03-22 16:55:00+00:00,2020-03-22 18:55:00+00:00,0.0,36000.0,"POLYGON ((-84.7328521093411 32.88311670880168, -83.92850242224982 31.96617200012962, -85.59983312185356 31.60459384869084, -86.32 32.22, -84.7328521093411 32.88311670880168))"
7E,2020-03-22 17:55:00+00:00,2020-03-22 19:55:00+00:00,0.0,37000.0,"POLYGON ((-83.87813001962584 33.150908393169914, -83.09379898678641 32.21820922497397, -84.68091304833499 31.659404218433295, -85.21 32.55089313279082, -83.87813001962584 33.150908393169914))"
8E,2020-03-22 18:55:00+00:00,2020-03-22 20:55:00+00:00,0.0,37000.0,"POLYGON ((-82.86229989296405 33.11980648720882, -82.51 32.205475822945566, -84.29 31.66, -84.9082685187687 32.43481681288036, -82.86229989296405 33.11980648720882))"
31C,2020-03-22 18:55:00+00:00,2020-03-22 20:55:00+00:00,0.0,31000.0,"POLYGON ((-102.16969888251151 40.47395381283711, -101.9954660121806 39.624882559652676, -103.18 39.660893132790825, -103.18 40.492737911472794, -102.16969888251151 40.47395381283711))"
XRAY 3,2020-03-22 19:07:00+00:00,2020-03-22 23:10:00+00:00,0.0,57000.0,"POLYGON ((142 9, 148.4 4.4, 144 2.1, 139.4 4.1, 137.5 7, 142 9))"
10E,2020-03-22 19:55:00+00:00,2020-03-22 21:55:00+00:00,,,"POLYGON ((-77.20017105347661 34.15467089847098, -77.26888831723355 33.77984543057548, -77.55665962466476 33.68721467611862, -77.04529944796842 34.02812135952549, -77.22209325467489 33.81176070806289, -77.61794110505564 33.87759477003892, -77.33016979762442 33.97022552449578, -77.37696486018308 33.93831024700837, -77.20017105347661 34.15467089847098))"
9E,2020-03-22 19:55:00+00:00,2020-03-22 21:55:00+00:00,0.0,32000.0,"POLYGON ((-82.7130860700876 33.517766941676705, -82.02098488455984 32.475071589244095, -83.23335365495568 31.79263154739396, -84.19907079993975 32.87980455594683, -82.7130860700876 33.517766941676705))"
32C,2020-03-22 19:55:00+00:00,2020-03-22 21:55:00+00:00,0.0,33000.0,"POLYGON ((-100.52856260657325 41.45048720267132, -99.31332747319053 41.375982967581706, -101.83262706872519 39.12278050446082, -103.53844583017613 39.4916138636283, -100.52856260657325 41.45048720267132))"
12E,2020-03-22 20:55:00+00:00,2020-03-22 22:55:00+00:00,0.0,42000.0,"POLYGON ((-75.65632359998345 33.566027191238696, -75.10928185556631 33.36391611371047, -78.81172673804818 30.3122988570476, -79.30705926861594 31.510537427298804, -75.65632359998345 33.566027191238696))"
33C,2020-03-22 20:55:00+00:00,2020-03-22 22:55:00+00:00,0.0,35000.0,"POLYGON ((-100.49493804924138 41.5108345659641, -99.72600398756889 41.36381358475938, -101.85403800745225 39.082474833154116, -103.18 39.328155221318035, -100.49493804924138 41.5108345659641))"
11E,2020-03-22 20:55:00+00:00,2020-03-22 22:55:00+00:00,0.0,30000.0,"POLYGON ((-82.80390914513471 33.9296302582654, -82.16000000000001 33.27628718173732, -82.18307555883923 32.20741522283966, -83.17477313671351 32.523129141799956, -82.80390914513471 33.9296302582654))"
13E,2020-03-22 21:55:00+00:00,2020-03-22 23:55:00+00:00,0.0,39000.0,"POLYGON ((-75.47369288951381 33.49892397615319, -74.92750143497929 33.29601366051396, -78.114134192269 31.228223940412413, -79.60266010499161 30.857001422156422, -75.47369288951381 33.49892397615319))"
34C,2020-03-22 21:55:00+00:00,2020-03-22 23:55:00+00:00,0.0,31000.0,"POLYGON ((-99.10759960081266 42.59657625916663, -98.96634137667466 41.56935836135006, -101.23564291298746 39.036192356083724, -103.29268913336826 38.669026645638255, -99.10759960081266 42.59657625916663))"
14E,2020-03-22 22:55:00+00:00,2020-03-23 00:55:00+00:00,0.0,31000.0,"POLYGON ((-77.0382851343027 32.656419589869714, -76.67065906260929 31.884832305941785, -79.33304734361987 30.618227905494372, -79.36799617291318 31.504854143236706, -77.0382851343027 32.656419589869714))"
35C,2020-03-22 22:55:00+00:00,2020-03-23 00:55:00+00:00,0.0,37000.0,"POLYGON ((-100.84178382553905 40.660842879782464, -100.15436636514883 40.19918353327284, -101.28256749776635 38.620761285792824, -102.36316670815086 38.81436827016613, -100.84178382553905 40.660842879782464))"
XRAY 4,2020-03-22 23:00:00+00:00,2020-03-23 03:00:00+00:00,0.0,57000.0,"POLYGON ((142 9.1, 147.4 6, 140.3 3.4, 139.3 7.2, 142 9.1))"
YANKEE 1,2020-03-22 23:02:00+00:00,2020-03-23 03:00:00+00:00,0.0,54000.0,"POLYGON ((132 6.3, 136.2 5.5, 132 3.2, 132 6.3))"
15E,2020-03-22 23:55:00+00:00,2020-03-23 01:55:00+00:00,0.0,35000.0,"POLYGON ((-77.0382851343027 32.656419589869714, -76.67065906260929 31.884832305941785, -79.33304734361987 30.618227905494372, -79.36799617291318 31.504854143236706, -77.0382851343027 32.656419589869714))"
36C,2020-03-22 23:55:00+00:00,2020-03-23 01:55:00+00:00,0.0,31000.0,"POLYGON ((-100.79014109857624 39.25865834569497, -100.23000000000002 38.97085812115821, -100.87077597748907 38.18704855782013, -101.69 38.667145302895534, -100.79014109857624 39.25865834569497))"
3W,2020-03-22 23:55:00+00:00,2020-03-23 01:55:00+00:00,0.0,27000.0,"POLYGON ((-123.27 39.05, -121.72039526551097 38.38455167194147, -122.87 38.08, -123.27 39.05))"
1C,2020-03-23 00:55:00+00:00,2020-03-23 02:55:00+00:00,0.0,27000.0,"POLYGON ((-100.82391369050924 39.06748970489262, -99.17877784402093 38.43176303445867, -99.76001370349837 37.597678381640954, -101.33034849469558 38.389042075919455, -100.82391369050924 39.06748970489262))"
1E,2020-03-23 00:55:00+00:00,2020-03-23 02:55:00+00:00,0.0,37000.0,"POLYGON ((-77.14542774327897 32.87862845857617, -76.82403370368165 32.208465830153784, -78.36252219180106 31.447590748595843, -78.30235113780265 32.269394494928285, -77.14542774327897 32.87862845857617))"
1W,2020-03-23 00:55:00+00:00,2020-03-23 02:55:00+00:00,0.0,27000.0,"POLYGON ((-121.6 36.66, -119.7578928606213 35.69951607458639, -119.64609403518328 34.4077103381088, -121.6 36.66))"
FOXTROT 1,2020-03-23 01:35:00+00:00,2020-03-23 05:35:00+00:00,0.0,39000.0,"POLYGON ((-69.3 31.45, -62.15 28, -65 24.15, -69 26.45, -69.3 31.45))"
GOLF 1,2020-03-23 01:40:00+00:00,2020-03-23 05:40:00+00:00,0.0,39000.0,"POLYGON ((-165 42.15, -158.3 39, -161 35.3, -164.45 37.3, -165 42.15))"
2E,2020-03-23 01:55:00+00:00,2020-03-23 03:55:00+00:00,0.0,37000.0,"POLYGON ((-76.405458322123 33.11452108973869, -75.80744884142365 32.594751654337415, -77.2090983234141 31.862191001881612, -77.98899967386849 32.15401000109544, -76.405458322123 33.11452108973869))"
2C,2020-03-23 01:55:00+00:00,2020-03-23 03:55:00+00:00,0.0,27000.0,"POLYGON ((-100.06207250101991 38.3753929659518, -99.69843613738354 38.3753929659518, -99.69843613738354 38.01175660231544, -100.06207250101991 38.01175660231544, -100.06207250101991 38.3753929659518))"
3E,2020-03-23 02:55:00+00:00,2020-03-23 04:55:00+00:00,0.0,38000.0,"POLYGON ((-76.05057862301025 32.80714986095124, -75.36773499266985 32.20685054757154, -76.52533568609658 31.575903377538353, -76.89048327355702 32.347912658677075, -76.05057862301025 32.80714986095124))"
3C,2020-03-23 02:55:00+00:00,2020-03-23 04:55:00+00:00,0.0,37000.0,"POLYGON ((-87.11505811146993 35.78629015129647, -87.11546707905786 34.83676055110143, -93.11504424382109 32.17987635990331, -93.81 32.77, -92.18 34.68, -87.11505811146993 35.78629015129647))"
2W,2020-03-23 02:55:00+00:00,2020-03-23 04:55:00+00:00,0.0,24000.0,"POLYGON ((-119.34987152588614 35.795365222593524, -118.98623516224977 35.795365222593524, -118.98623516224977 35.431728858957165, -119.34987152588614 35.431728858957165, -119.34987152588614 35.795365222593524))"
4E,2020-03-23 03:55:00+00:00,2020-03-23 05:55:00+00:00,0.0,35000.0,"POLYGON ((-75.10928185556631 33.36391611371047, -74.20321198508454 33.021772604324156, -75.23225273315772 32.08635184588999, -76.89048327355702 32.347912658677075, -75.10928185556631 33.36391611371047))"
4C,2020-03-23 03:55:00+00:00,2020-03-23 05:55:00+00:00,0.0,38000.0,"POLYGON ((-86.00053230663997 36.57626714693476, -85.90251873476993 35.212348176683584, -92.43460967162616 32.519384013702165, -93.26043264071424 32.95980087922701, -90.95 36.11, -86.00053230663997 36.57626714693476))"
3W,2020-03-23 03:55:00+00:00,2020-03-23 05:55:00+00:00,0.0,25000.0,"POLYGON ((-119.00823199465171 36.19577470782141, -118.64459563101533 36.19577470782141, -118.64459563101533 35.83213834418505, -119.00823199465171 35.83213834418505, -119.00823199465171 36.19577470782141))"
5C,2020-03-23 04:55:00+00:00,2020-03-23 06:55:00+00:00,0.0,39000.0,"POLYGON ((-85.8617085447719 37.119599691876296, -85.0721691837745 35.11368006321059, -89.5701194691635 34.04618363965997, -91.76023416735974 32.75497176625328, -93.86184956633484 35.3893136398658, -85.8617085447719 37.119599691876296))"
6C,2020-03-23 05:55:00+00:00,2020-03-23 07:55:00+00:00,0.0,43000.0,"POLYGON ((-89.7313885908923 36.01929752869163, -84.50614147630797 35.898426402912506, -84.20197461730983 35.28477596877902, -90.70131818513372 33.10636494355029, -91.81757510093813 33.574930814846994, -89.7313885908923 36.01929752869163))"
8C,2020-03-23 05:55:00+00:00,2020-03-23 07:55:00+00:00,0.0,31000.0,"POLYGON ((-87.76 37.264524177054426, -87.56198003320146 36.84262171980879, -89.00264790760632 36.63440270063658, -89.32 37.01821373441836, -87.76 37.264524177054426))"
7C,2020-03-23 05:55:00+00:00,2020-03-23 07:55:00+00:00,0.0,33000.0,"POLYGON ((-93.74430208568869 32.63641672031332, -93.20558201428283 32.257412027211174, -93.48345436985844 32.10174524401393, -94.0065075084711 32.36914810541423, -93.74430208568869 32.63641672031332))"
10C,2020-03-23 06:55:00+00:00,2020-03-23 08:55:00+00:00,0.0,41000.0,"POLYGON ((-92.74 33.59273791147279, -92.14312468541472 33.25857422352877, -93.43463510314271 32.00091514507543, -93.62707226917188 32.83353375782694, -92.74 33.59273791147279))"
11C,2020-03-23 06:55:00+00:00,2020-03-23 08:55:00+00:00,0.0,32000.0,"POLYGON ((-86.44 37.50828375768358, -86.44 37.074570939420894, -87.76 37.20714530289553, -87.76 37.496287181737316, -86.44 37.50828375768358))"
9C,2020-03-23 06:55:00+00:00,2020-03-23 08:55:00+00:00,0.0,36000.0,"POLYGON ((-84.4254150402988 35.89881173666279, -84.16137079025954 35.36542949053553, -89.91368988366742 33.15277966157111, -91.93881396190822 33.53405745010067, -89.32 35.586287181737326, -84.4254150402988 35.89881173666279))"
12C,2020-03-23 07:55:00+00:00,2020-03-23 09:55:00+00:00,0.0,44000.0,"POLYGON ((-85.9211610358806 35.88293715542125, -83.89 35.40089313279081, -89.24504041496903 33.23316220099817, -91.0191177118982 33.71247523151669, -88.59813246043825 35.42962816985863, -85.9211610358806 35.88293715542125))"
13C,2020-03-23 07:55:00+00:00,2020-03-23 09:55:00+00:00,0.0,41000.0,"POLYGON ((-91.7964333710089 33.91087326855821, -91.0191177118982 33.71247523151669, -92.82920852467535 32.5175361009145, -93.73441336662181 32.61627242762484, -91.7964333710089 33.91087326855821))"
5E,2020-03-23 07:55:00+00:00,2020-03-23 09:55:00+00:00,0.0,28000.0,"POLYGON ((-85.24105521991707 37.988863050796425, -84.94958731943083 37.30367148809306, -86.44 37.21914187884179, -86.44 37.50828375768358, -85.24105521991707 37.988863050796425))"
14C,2020-03-23 08:55:00+00:00,2020-03-23 10:55:00+00:00,0.0,42000.0,"POLYGON ((-84.47439186953113 36.369149992920995, -83.65557085335438 35.43865710865688, -87.49970507546097 33.66855187122524, -89.30793402226548 33.48744306994657, -90.2119215643087 34.558664395551276, -84.47439186953113 36.369149992920995))"
15C,2020-03-23 08:55:00+00:00,2020-03-23 10:55:00+00:00,,,"POLYGON ((-90.40520449311047 33.70227363950186, -92.04919810561003 32.58788075529417, -93.63507336242014 32.73437224928926, -90.30869673318385 33.52709872042397, -91.9917461200367 32.59986937146212, -93.6166771512001 32.93352440070306, -92.03080189438998 32.78703290670796, -92.08825387996332 32.77504429054001, -90.40520449311047 33.70227363950186))"
6E,2020-03-23 09:55:00+00:00,2020-03-23 11:55:00+00:00,0.0,33000.0,"POLYGON ((-84.07990193807704 35.96351720540274, -83.31251546504532 35.42805227141489, -86.9 33.67, -87.34709581121456 34.59227592766638, -84.07990193807704 35.96351720540274))"
16C,2020-03-23 09:55:00+00:00,2020-03-23 11:55:00+00:00,0.0,44000.0,"POLYGON ((-87.34709581121456 34.59227592766638, -86.9 33.67, -93.81 32.60363104426361, -90.28865651144203 34.40478887455077, -87.34709581121456 34.59227592766638))"
7E,2020-03-23 09:55:00+00:00,2020-03-23 11:55:00+00:00,0.0,25000.0,"POLYGON ((-84.56382095962535 37.302589679767884, -84.01836641417081 37.302589679767884, -84.01836641417081 36.75713513431334, -84.56382095962535 36.75713513431334, -84.56382095962535 37.302589679767884))"
8E,2020-03-23 10:55:00+00:00,2020-03-23 12:55:00+00:00,0.0,32000.0,"POLYGON ((-83.32212657188931 35.70766220376371, -83.7274498082243 34.346330933610005, -86.53117268288955 33.54211877226146, -86.68048016577929 34.70732305395598, -83.32212657188931 35.70766220376371))"
9E,2020-03-23 10:55:00+00:00,2020-03-23 12:55:00+00:00,0.0,25000.0,"POLYGON ((-83.37449360032643 37.63041945235025, -82.8290390548719 37.63041945235025, -82.8290390548719 37.084964906895706, -83.37449360032643 37.084964906895706, -83.37449360032643 37.63041945235025))"
17C,2020-03-23 10:55:00+00:00,2020-03-23 12:55:00+00:00,0.0,42000.0,"POLYGON ((-86.78654146900597 34.707978564171775, -86.41946227659353 33.5030950574048, -93.49270192466398 32.65895023154708, -89.71152409059894 34.48543925521419, -86.78654146900597 34.707978564171775))"
18C,2020-03-23 11:55:00+00:00,2020-03-23 13:55:00+00:00,0.0,37000.0,"POLYGON ((-84.40214356703616 34.703039140738355, -85.21 33.382737911472795, -92.04 32.6863689557364, -89.67134348855797 34.40478887455077, -84.40214356703616 34.703039140738355))"
10E,2020-03-23 11:55:00+00:00,2020-03-23 13:55:00+00:00,0.0,32000.0,"POLYGON ((-82.23452159126671 37.77310349556045, -81.68906704581218 37.77310349556045, -81.68906704581218 37.2276489501059, -82.23452159126671 37.2276489501059, -82.23452159126671 37.77310349556045))"
19C,2020-03-23 12:55:00+00:00,2020-03-23 14:55:00+00:00,0.0,34000.0,"POLYGON ((-86.68048016577929 34.70732305395598, -86.32 32.88547582294557, -90.6913197043047 32.428618839435295, -89.67134348855797 34.40478887455077, -86.68048016577929 34.70732305395598))"
11E,2020-03-23 12:55:00+00:00,2020-03-23 14:55:00+00:00,0.0,32000.0,"POLYGON ((-84.4998635303525 34.73696672591499, -84.07297694709685 33.32277618049275, -86.32 32.79828375768358, -86.78654146900597 34.707978564171775, -84.4998635303525 34.73696672591499))"
13E,2020-03-23 13:55:00+00:00,2020-03-23 15:55:00+00:00,0.0,26000.0,"POLYGON ((-80.35565004380913 40.562775948774046, -79.11797929577214 39.7853769324327, -80.24273708553824 39.177045528093245, -81.19755626674186 40.019387384640225, -80.35565004380913 40.562775948774046))"
12E,2020-03-23 13:55:00+00:00,2020-03-23 15:55:00+00:00,0.0,31000.0,"POLYGON ((-84.94846366561433 34.559134898688185, -84.44 33.19628718173732, -87.90070174603335 32.977371643236616, -87.9849858244047 34.30008931420955, -84.94846366561433 34.559134898688185))"
4W,2020-03-23 13:55:00+00:00,2020-03-23 15:55:00+00:00,0.0,24000.0,"POLYGON ((-116.23914805585612 36.44150991225715, -115.5118753285834 36.44150991225715, -115.5118753285834 35.71423718498442, -116.23914805585612 35.71423718498442, -116.23914805585612 36.44150991225715))"
14E,2020-03-23 14:55:00+00:00,2020-03-23 16:55:00+00:00,0.0,33000.0,"POLYGON ((-84.88171692606265 34.4254399134382, -84.44 33.340858121158206, -86.9275995902183 32.72968364557903, -86.9 34.24828375768358, -84.88171692606265 34.4254399134382))"
15E,2020-03-23 14:55:00+00:00,2020-03-23 16:55:00+00:00,0.0,26000.0,"POLYGON ((-78.50646207346857 41.67473011674794, -78.34411628315678 41.030108695864485, -79.1225735766431 40.85389758983895, -79.52922611211503 41.339143254539685, -78.50646207346857 41.67473011674794))"
5W,2020-03-23 15:55:00+00:00,2020-03-23 17:55:00+00:00,0.0,25000.0,"POLYGON ((-115.15999999999998 36.91184477868197, -114.72134978882352 36.43212400682935, -115.39495561877887 35.618655598599794, -115.98338980160707 36.077183985203185, -115.15999999999998 36.91184477868197))"
17E,2020-03-23 15:55:00+00:00,2020-03-23 17:55:00+00:00,,,"POLYGON ((-80.28252338571365 40.73139343061521, -80.89252338571364 40.08885026161628, -80.90800713470013 40.06748414726909, -80.99149688453224 39.91274421653145, -80.74747661428634 39.95114973838373, -80.13747661428634 40.59369290738266, -80.81548261513197 39.81777592199327, -80.73199286529986 39.97251585273091, -80.28252338571365 40.73139343061521))"
16E,2020-03-23 15:55:00+00:00,2020-03-23 17:55:00+00:00,0.0,30000.0,"POLYGON ((-84.57330600625582 33.897060808331815, -84.44 33.19628718173732, -86.5831347056611 32.75399225160044, -86.83362622235265 33.53641612259377, -84.57330600625582 33.897060808331815))"
18E,2020-03-23 16:55:00+00:00,2020-03-23 18:55:00+00:00,0.0,28000.0,"POLYGON ((-86.37886813347329 33.66890648139667, -86.32 32.79828375768358, -87.71178591886388 33.21081484867572, -87.86774507200555 33.709644115412665, -86.37886813347329 33.66890648139667))"
6W,2020-03-23 17:55:00+00:00,2020-03-23 19:55:00+00:00,,,"POLYGON ((-113.6348317560603 36.04246489273659, -113.5416660837031 35.71126753610355, -113.6686799736108 35.55640803061684, -113.4451682439398 35.97900031860171, -113.5241539834137 35.74295189378717, -113.8233192851525 35.68324132011897, -113.6963053952448 35.83810082560568, -113.7138174955342 35.80641646792206, -113.6348317560603 36.04246489273659))"
19E,2020-03-23 17:55:00+00:00,2020-03-23 19:55:00+00:00,0.0,35000.0,"POLYGON ((-74.93474535504083 36.88329260682466, -74.03123823038116 36.870291148630834, -74.02884394154385 36.24073874740028, -74.92502291576102 36.253444960442884, -74.93474535504083 36.88329260682466))"
21E,2020-03-23 18:55:00+00:00,2020-03-23 20:55:00+00:00,0.0,30000.0,"POLYGON ((-76.05057862301025 32.80714986095124, -75.36773499266985 32.20685054757154, -76.52533568609658 31.575903377538353, -76.81696033297256 32.19359480289175, -76.05057862301025 32.80714986095124))"
20E,2020-03-23 18:55:00+00:00,2020-03-23 20:55:00+00:00,,,"POLYGON ((-75.05829489283755 37.93109010325539, -75.38667570579216 35.9741795489134, -75.38795054142918 35.96219095399294, -75.40672658351451 35.55091762418447, -75.18943347548182 35.94108117157849, -74.86105266252721 37.89799172592048, -75.20693468193014 35.54179643669048, -75.1881586398448 35.95306976649895, -75.05829489283755 37.93109010325539))"
23E,2020-03-23 19:55:00+00:00,2020-03-23 21:55:00+00:00,0.0,35000.0,"POLYGON ((-74.72 44.91, -73.69938489357926 44.9054547049903, -75.32 42.782854697104476, -76.79456810166204 43.15846067178992, -74.72 44.91))"
22E,2020-03-23 19:55:00+00:00,2020-03-23 21:55:00+00:00,0.0,32000.0,"POLYGON ((-72.02947130709249 40.38536928672967, -70.03 40.41257436347465, -73.13303282091323 36.22135150332075, -74.02884394154385 36.24073874740028, -73.56400305097507 39.54014977014451, -72.02947130709249 40.38536928672967))"
BRAVO 1,2020-03-23 20:20:00+00:00,2020-03-24 00:20:00+00:00,0.0,39000.0,"POLYGON ((-70.3 37.3, -68.3 35, -72.45 35, -72.45 37.15, -70.3 37.3))"
ZULU 1,2020-03-23 20:25:00+00:00,2020-03-24 00:25:00+00:00,0.0,48000.0,"POLYGON ((-146 7.3, -143.4 5.2, -151.1 2.5, -155 5, -146 7.3))"
25E,2020-03-23 20:55:00+00:00,2020-03-23 22:55:00+00:00,0.0,35000.0,"POLYGON ((-76.05057862301025 32.80714986095124, -76.67065906260929 31.884832305941785, -79.07573000332502 30.888122664194505, -79.44166346475708 31.65893283188886, -77.87 32.68631044263608, -76.05057862301025 32.80714986095124))"
24E,2020-03-23 20:55:00+00:00,2020-03-23 22:55:00+00:00,0.0,32000.0,"POLYGON ((-71.98606717135713 40.30469641699582, -70.03 40.28178626558165, -72.58141744893663 37.314117035316904, -74.34025527202516 37.9621755102101, -73.43403988304122 39.49739887272761, -71.98606717135713 40.30469641699582))"
26E,2020-03-23 21:55:00+00:00,2020-03-23 23:55:00+00:00,0.0,32000.0,"POLYGON ((-71.57710874052356 39.53424557493783, -70.03 38.28535879674494, -72.58141744893663 37.314117035316904, -73.75109783342728 38.27178990407654, -71.57710874052356 39.53424557493783))"
27E,2020-03-23 22:55:00+00:00,2020-03-24 00:55:00+00:00,0.0,32000.0,"POLYGON ((-71.57710874052356 39.53424557493783, -70.03 38.28535879674494, -72.58141744893663 37.314117035316904, -73.75109783342728 38.27178990407654, -71.57710874052356 39.53424557493783))"
7W,2020-03-23 22:55:00+00:00,2020-03-24 00:55:00+00:00,0.0,31000.0,"POLYGON ((-110.25173174865157 38.06622244515419, -109.17026161634507 37.348640726425764, -111.8729277723342 34.69849476116072, -112.97410752908176 35.42767590825638, -110.25173174865157 38.06622244515419))"
28E,2020-03-23 22:55:00+00:00,2020-03-24 00:55:00+00:00,0.0,37000.0,"POLYGON ((-86.02904821558343 32.23496340658295, -85.66541185194706 32.23496340658295, -85.66541185194706 31.871327042946586, -86.02904821558343 31.871327042946586, -86.02904821558343 32.23496340658295))"
ZULU 2,2020-03-23 23:44:00+00:00,2020-03-24 03:45:00+00:00,0.0,48000.0,"POLYGON ((-146 7.3, -145.3 5.1, -152.1 3.3, -155 5, -146 7.3))"
29E,2020-03-23 23:55:00+00:00,2020-03-24 01:55:00+00:00,0.0,33000.0,"POLYGON ((-70.79030035467888 39.73338894253364, -70.55483673886648 37.52468157415651, -72.29367851262718 37.07291905053202, -72.64398082327381 39.23324861016915, -70.79030035467888 39.73338894253364))"
8W,2020-03-23 23:55:00+00:00,2020-03-24 01:55:00+00:00,0.0,33000.0,"POLYGON ((-108.76815322219984 38.11729924020608, -108.09 37.07273791147279, -109.81497747641217 37.10083220184655, -108.76815322219984 38.11729924020608))"
30E,2020-03-23 23:55:00+00:00,2020-03-24 01:55:00+00:00,0.0,33000.0,"POLYGON ((-84.68613665384518 33.83421053127999, -84.53073186077708 31.864228306484492, -85.53301115805638 31.94093634802107, -85.68714789065889 32.88311670880168, -85.54256010341024 33.7173902212426, -84.68613665384518 33.83421053127999))"
9W,2020-03-23 23:55:00+00:00,2020-03-24 01:55:00+00:00,0.0,30000.0,"POLYGON ((-122.51272727272728 40.661869151569064, -121.96727272727274 40.661869151569064, -121.96727272727274 40.11641460611452, -122.51272727272728 40.11641460611452, -122.51272727272728 40.661869151569064))"
BRAVO 2,2020-03-24 00:15:00+00:00,2020-03-24 04:15:00+00:00,0.0,40000.0,"POLYGON ((-69 38.3, -67 35.45, -70.3 35.3, -71.3 38, -69 38.3))"
1C,2020-03-24 00:55:00+00:00,2020-03-24 02:55:00+00:00,0.0,35000.0,"POLYGON ((-104.05158581874754 39.337843197327956, -102.335794150142 39.388215028811324, -102.97290884123731 37.258346377166134, -104.82234905052519 38.41668047809444, -104.05158581874754 39.337843197327956))"
1E,2020-03-24 00:55:00+00:00,2020-03-24 02:55:00+00:00,0.0,36000.0,"POLYGON ((-69.52190070606989 40.34391120870665, -68.75128834655413 38.86859511961773, -71.57889432966589 38.00417881575755, -70.98768533018269 39.88999744791557, -69.52190070606989 40.34391120870665))"
2E,2020-03-24 01:55:00+00:00,2020-03-24 03:55:00+00:00,0.0,34000.0,"POLYGON ((-82.72880059369609 34.179260839846684, -81.20279075083928 33.55249591053598, -84.29 31.66, -86.50155548051643 32.156203592473645, -82.72880059369609 34.179260839846684))"
2C,2020-03-24 01:55:00+00:00,2020-03-24 03:55:00+00:00,0.0,35000.0,"POLYGON ((-104.05158581874754 39.337843197327956, -101.69 39.39, -102.22048516427567 37.03343839908489, -104.51094467849241 38.13626729162493, -104.05158581874754 39.337843197327956))"
1W,2020-03-24 01:55:00+00:00,2020-03-24 03:55:00+00:00,0.0,27000.0,"POLYGON ((-116.57258702538388 45.38424994551513, -115.5457734817611 43.077620086045435, -119.86701923703126 42.958773678977906, -116.57258702538388 45.38424994551513))"
ZULU 3,2020-03-24 02:15:00+00:00,2020-03-24 06:15:00+00:00,0.0,48000.0,"POLYGON ((-149 5.5, -146.3 3.4, -150.5 1.5, -153 3.5, -149 5.5))"
NOVEMBER 1,2020-03-24 02:19:00+00:00,2020-03-24 06:20:00+00:00,0.0,56000.0,"POLYGON ((154.2 6.1, 165.3 4.3, 160 0.4, 153.1 4.2, 154.2 6.1))"
3E,2020-03-24 02:55:00+00:00,2020-03-24 04:55:00+00:00,0.0,35000.0,"POLYGON ((-82.72880059369609 34.179260839846684, -81.20279075083928 33.55249591053598, -84.29 31.66, -86.50155548051643 32.156203592473645, -82.72880059369609 34.179260839846684))"
3C,2020-03-24 02:55:00+00:00,2020-03-24 04:55:00+00:00,0.0,35000.0,"POLYGON ((-104.50659378327022 39.927539703244065, -99.3274612446203 38.550655827398984, -100.97 36.54089313279083, -104.51094467849241 38.13626729162493, -104.50659378327022 39.927539703244065))"
5E,2020-03-24 03:55:00+00:00,2020-03-24 05:55:00+00:00,0.0,37000.0,"POLYGON ((-74.1793894752955 34.596247650832055, -72.61449218536606 34.997111206835285, -73.34664915708028 33.87342468343201, -75.65632359998345 33.566027191238696, -74.1793894752955 34.596247650832055))"
4E,2020-03-24 03:55:00+00:00,2020-03-24 05:55:00+00:00,0.0,34000.0,"POLYGON ((-82.72880059369609 34.179260839846684, -81.20279075083928 33.55249591053598, -84.29 31.66, -86.50155548051643 32.156203592473645, -82.72880059369609 34.179260839846684))"
4C,2020-03-24 03:55:00+00:00,2020-03-24 05:55:00+00:00,0.0,37000.0,"POLYGON ((-103.98145550593966 39.902565092134374, -98.8423831518311 37.7432677027057, -100.97 36.54089313279083, -104.43 38.123631044263604, -103.98145550593966 39.902565092134374))"
7E,2020-03-24 04:55:00+00:00,2020-03-24 06:55:00+00:00,,,"POLYGON ((-75.28400573379109 35.60329238225284, -75.75984172581387 35.47924737972483, -75.80600353449759 35.45250858957662, -77.3236652817528 33.90536393863038, -75.70939014426172 35.28571537224574, -75.23355415223894 35.40976037477375, -77.1808900828332 33.7653095114477, -75.663228335578 35.31245416239395, -75.28400573379109 35.60329238225284))"
6C,2020-03-24 04:55:00+00:00,2020-03-24 06:55:00+00:00,0.0,31000.0,"POLYGON ((-100.62630373001285 39.131994522088945, -97.74171399946339 38.05729947938742, -99.40004872876624 37.26127423068664, -101.51206247298504 38.17208297543746, -100.62630373001285 39.131994522088945))"
5C,2020-03-24 04:55:00+00:00,2020-03-24 06:55:00+00:00,,,"POLYGON ((-103.0079894676747 40.17427431087376, -102.7419489691741 38.33261059100643, -102.9060564004157 38.39419127846769, -101.8378698258935 39.31113867527276, -102.9398942997874 38.3040160794981, -103.2059347982879 40.14567979936543, -101.7076002940236 39.1593827888419, -102.7757868685458 38.24243539203683, -103.0079894676747 40.17427431087376))"
6E,2020-03-24 04:55:00+00:00,2020-03-24 06:55:00+00:00,0.0,33000.0,"POLYGON ((-81.05 33.86, -80.04 33.1791418788418, -80.8470422997045 32.69399288392373, -81.5491754735534 33.197359172599235, -81.05 33.86))"
7C,2020-03-24 04:55:00+00:00,2020-03-24 06:55:00+00:00,0.0,25000.0,"POLYGON ((-94.26584578627609 38.769835237337524, -93.06213484517242 38.6295916019442, -93.0852801616597 38.43093538048436, -94.28899110276336 38.57117901587768, -94.26584578627609 38.769835237337524))"
CHARLIE 1,2020-03-24 05:45:00+00:00,2020-03-24 09:45:00+00:00,0.0,38000.0,"POLYGON ((-66.45 35.15, -68.3 33.45, -75 33.3, -72.45 35, -66.45 35.15))"
11C,2020-03-24 06:11:00+00:00,2020-03-24 07:55:00+00:00,,,"POLYGON ((-98.13487295655791 37.61185615221745, -98.15156099391682 36.44809650874672, -100.057813456904 36.17676148056228, -97.93638191949258 37.58733456571225, -98.06640738669851 36.53483782676206, -100.0859972795328 36.37476570309815, -98.17974481654555 36.64610073128259, -98.26489842376385 36.55935941326726, -98.13487295655791 37.61185615221745))"
10C,2020-03-24 06:11:00+00:00,2020-03-24 07:55:00+00:00,0.0,32000.0,"POLYGON ((-95.07534681646953 34.84796799451713, -93.73563767879519 34.17738243076366, -94.00354374625006 33.64354839749672, -94.68667871254092 34.019610033334494, -95.07534681646953 34.84796799451713))"
9C,2020-03-24 06:11:00+00:00,2020-03-24 07:55:00+00:00,0.0,38000.0,"POLYGON ((-100.23000000000002 38.681716242316426, -96.56192027182594 38.077579621334486, -98.08563320386675 37.58294419597288, -100.71316873176833 37.24417771826043, -100.23000000000002 38.681716242316426))"
8C,2020-03-24 06:11:00+00:00,2020-03-24 07:55:00+00:00,0.0,38000.0,"POLYGON ((-101.69 39.10085812115821, -101.3354486604123 38.72162876765619, -102.52016677516812 38.144552729768286, -102.69 38.77828375768358, -101.69 39.10085812115821))"
13C,2020-03-24 06:55:00+00:00,2020-03-24 08:55:00+00:00,0.0,38000.0,"POLYGON ((-99.17877784402093 38.43176303445867, -96.4076313962207 38.12620694403504, -97.7403759433381 37.44248140356762, -99.92791068711102 37.03544323732502, -99.17877784402093 38.43176303445867))"
14C,2020-03-24 06:55:00+00:00,2020-03-24 08:55:00+00:00,0.0,38000.0,"POLYGON ((-94.11439841823045 35.082490370974774, -91.94901846534106 34.21866716963083, -92.74 33.59273791147279, -94.3776293483607 34.124440010838626, -94.11439841823045 35.082490370974774))"
15C,2020-03-24 06:55:00+00:00,2020-03-24 08:55:00+00:00,,,"POLYGON ((-97.82675918795555 37.65481442193878, -97.991853444114 36.40499369764636, -100.0800169961278 36.24013019614847, -97.63227284631692 37.60817685214764, -97.90248092436856 36.48136469583649, -100.0957582982756 36.43950976231987, -98.00759474626174 36.60437326381776, -98.09696726600718 36.52800226562763, -97.82675918795555 37.65481442193878))"
12C,2020-03-24 06:55:00+00:00,2020-03-24 08:55:00+00:00,0.0,32000.0,"POLYGON ((-101.34490028001638 39.27884007079633, -100.6243606459781 38.952652266778635, -102.18127611764083 38.03292656616154, -102.21601584060097 38.97990392847432, -101.34490028001638 39.27884007079633))"
CHARLIE 2,2020-03-24 07:45:00+00:00,2020-03-24 11:45:00+00:00,0.0,38000.0,"POLYGON ((-69.15 37, -68 36.3, -67.45 34.15, -74 31.45, -76.45 32.3, -69.15 37))"
18C,2020-03-24 07:55:00+00:00,2020-03-24 09:55:00+00:00,0.0,37000.0,"POLYGON ((-93.65777869104886 35.38845570333679, -90.69312198410401 34.429706570272785, -92.43327468292627 33.874443603693884, -94.3776293483607 34.124440010838626, -93.65777869104886 35.38845570333679))"
19C,2020-03-24 07:55:00+00:00,2020-03-24 09:55:00+00:00,0.0,35000.0,"POLYGON ((-93.56883748728775 36.89864465938136, -92.45022110806437 36.65088556358398, -94.06592391482866 35.38982840905717, -95.29034569539787 35.385710408272125, -93.56883748728775 36.89864465938136))"
17C,2020-03-24 07:55:00+00:00,2020-03-24 09:55:00+00:00,0.0,42000.0,"POLYGON ((-98.60348769629788 38.60753164193625, -96.44088287444356 38.54205367350181, -96.96190315725353 36.664515092459496, -99.73417614476224 36.22227075484995, -98.60348769629788 38.60753164193625))"
16C,2020-03-24 07:55:00+00:00,2020-03-24 09:55:00+00:00,0.0,31000.0,"POLYGON ((-101.17276220013258 39.22287887806798, -100.44741238878838 38.453927803008185, -101.46303855698478 37.91772658640386, -101.69 38.956287181737316, -101.17276220013258 39.22287887806798))"
22C,2020-03-24 08:55:00+00:00,2020-03-24 10:55:00+00:00,0.0,37000.0,"POLYGON ((-93.3551353728165 36.50223509993512, -89.26687801589598 34.429706570272785, -91.4697544847365 34.089732798434284, -93.41166701078076 34.681112093951626, -94.27727728804268 35.942487165542296, -93.3551353728165 36.50223509993512))"
20C,2020-03-24 08:55:00+00:00,2020-03-24 10:55:00+00:00,0.0,41000.0,"POLYGON ((-97.86394708161087 38.46863072885516, -95.54949252698144 38.26523641987832, -96.82079849392771 36.19558065903491, -99.01158527489102 35.631004248156735, -97.86394708161087 38.46863072885516))"
8E,2020-03-24 08:55:00+00:00,2020-03-24 10:55:00+00:00,0.0,34000.0,"POLYGON ((-80.14560048311857 34.39501818957229, -79.31028352131005 34.22950362588061, -79.77485256874387 33.4239851320195, -80.5277115543626 33.85889860490909, -80.14560048311857 34.39501818957229))"
21C,2020-03-24 08:55:00+00:00,2020-03-24 10:55:00+00:00,0.0,32000.0,"POLYGON ((-93.12229030093795 36.95911960125222, -91.22580729173347 36.64394928571898, -91.60944609934863 35.886891637570486, -93.45563184740719 36.469464816598496, -93.12229030093795 36.95911960125222))"
DELTA 1,2020-03-24 09:00:00+00:00,2020-03-24 13:00:00+00:00,0.0,38000.0,"POLYGON ((-63.15 40.45, -63 38.3, -65.3 37.15, -66.45 38.45, -63.15 40.45))"
OSCAR 1,2020-03-24 09:49:00+00:00,2020-03-24 13:50:00+00:00,0.0,48000.0,"POLYGON ((-172.4 26, -170 24.5, -177 22.3, -172.4 26))"
25C,2020-03-24 09:55:00+00:00,2020-03-24 11:55:00+00:00,0.0,37000.0,"POLYGON ((-91.51937722032697 35.91765186208282, -88.23561062577686 34.45306037257408, -90.98988053083652 34.04618363965997, -91.77538022545181 34.679331498059085, -91.51937722032697 35.91765186208282))"
23C,2020-03-24 09:55:00+00:00,2020-03-24 11:55:00+00:00,0.0,42000.0,"POLYGON ((-96.87008079500339 38.33938834342322, -94.57092250584367 38.11626731157812, -95.21718530769074 36.38963652114734, -98.16703531414505 35.589676096180874, -96.87008079500339 38.33938834342322))"
24C,2020-03-24 09:55:00+00:00,2020-03-24 11:55:00+00:00,0.0,35000.0,"POLYGON ((-94.903851132205 37.39491327758134, -91.53597742510217 36.5791390401417, -91.60450117321743 35.14921248092541, -95.4084329198508 36.32672812301073, -94.903851132205 37.39491327758134))"
9E,2020-03-24 09:55:00+00:00,2020-03-24 11:55:00+00:00,0.0,32000.0,"POLYGON ((-79.66 34.374570939420884, -78.07008044778533 33.949138645000076, -79.08205869979426 33.218300646110336, -79.66 33.94085812115821, -79.66 34.374570939420884))"
26C,2020-03-24 09:55:00+00:00,2020-03-24 11:55:00+00:00,0.0,33000.0,"POLYGON ((-91.22580729173347 36.64394928571898, -89.0665585512661 36.224187830021364, -88.14165911498998 34.92956635204474, -89.27388502271297 35.0179551114764, -91.20373372390466 36.31418694852161, -91.22580729173347 36.64394928571898))"
29C,2020-03-24 10:55:00+00:00,2020-03-24 12:55:00+00:00,0.0,38000.0,"POLYGON ((-90.82074681221022 37.19796031819995, -87.62777489330361 35.81792757448312, -86.92776930745075 34.89970959924097, -87.94267446543093 33.959271652571935, -91.43465701275326 34.42306291183953, -90.82074681221022 37.19796031819995))"
10E,2020-03-24 10:55:00+00:00,2020-03-24 12:55:00+00:00,0.0,33000.0,"POLYGON ((-79.17439951688142 34.39501818957229, -77.87 33.916287181737324, -78.8017607120174 33.511414052012334, -79.39401787358611 33.695447847229815, -79.17439951688142 34.39501818957229))"
28C,2020-03-24 10:55:00+00:00,2020-03-24 12:55:00+00:00,0.0,38000.0,"POLYGON ((-94.21017704158744 37.735402087741875, -90.95 36.68828375768358, -91.08649863461345 35.84279022502333, -94.78436815259283 36.469464816598496, -94.21017704158744 37.735402087741875))"
27C,2020-03-24 10:55:00+00:00,2020-03-24 12:55:00+00:00,0.0,41000.0,"POLYGON ((-95.59480644036304 38.264820218020056, -94.10101449796281 37.96267539613876, -94.78436815259283 36.469464816598496, -97.22232455125102 35.70609428411185, -95.59480644036304 38.264820218020056))"
CHARLIE 3,2020-03-24 11:15:00+00:00,2020-03-24 15:15:00+00:00,0.0,38000.0,"POLYGON ((-67.15 37, -66.3 34.3, -69.15 34, -69.45 35, -67.15 37))"
DELTA 2,2020-03-24 11:30:00+00:00,2020-03-24 15:30:00+00:00,0.0,35000.0,"POLYGON ((-61 40.15, -60.15 39.15, -64.3 37, -65.3 38, -61 40.15))"
31C,2020-03-24 11:55:00+00:00,2020-03-24 13:55:00+00:00,0.0,32000.0,"POLYGON ((-92.5591128840923 37.10282846638978, -89.32 36.68547582294558, -89.61003222112043 35.784369232382, -90.99570825666942 35.01576881035552, -92.85519694294676 36.4368170411817, -92.5591128840923 37.10282846638978))"
32C,2020-03-24 11:55:00+00:00,2020-03-24 13:55:00+00:00,0.0,44000.0,"POLYGON ((-89.32 36.68547582294558, -84.33801861124773 34.957298025751605, -84.13193273380537 34.24443827871876, -90.28865651144203 34.40478887455077, -89.32 36.68547582294558))"
30C,2020-03-24 11:55:00+00:00,2020-03-24 13:55:00+00:00,0.0,37000.0,"POLYGON ((-94.571265754181 38.42367687629749, -93.20184790370494 38.487549290451355, -92.5591128840923 37.10282846638978, -92.85519694294676 36.4368170411817, -95.79 35.70089313279083, -94.571265754181 38.42367687629749))"
11E,2020-03-24 12:55:00+00:00,2020-03-24 14:55:00+00:00,0.0,35000.0,"POLYGON ((-77.87 32.51994148689968, -76.89048327355702 32.347912658677075, -76.30914570201803 31.112204662807493, -78.38501580971713 31.467382158990375, -77.87 32.51994148689968))"
33C,2020-03-24 12:55:00+00:00,2020-03-24 14:55:00+00:00,0.0,37000.0,"POLYGON ((-93.21066134485365 39.12415958345098, -88.1742547581263 36.396560812866305, -89.26687801589598 34.429706570272785, -91.89741702910396 35.78793167730311, -95.3546129872837 35.84628842029848, -93.21066134485365 39.12415958345098))"
34C,2020-03-24 12:55:00+00:00,2020-03-24 14:55:00+00:00,0.0,39000.0,"POLYGON ((-88.32499999589767 36.34784649060978, -83.38779118252783 35.49004426213087, -83.79669447090009 33.84963530548145, -89.35973510056975 34.50728358549704, -88.32499999589767 36.34784649060978))"
12E,2020-03-24 13:55:00+00:00,2020-03-24 15:55:00+00:00,0.0,39000.0,"POLYGON ((-86.8370589645005 35.83248757939485, -83.31251546504532 35.42805227141489, -83.06896360540937 34.23866700707154, -88.12485799559472 34.257930005316446, -86.8370589645005 35.83248757939485))"
13E,2020-03-24 13:55:00+00:00,2020-03-24 15:55:00+00:00,0.0,39000.0,"POLYGON ((-85.5511387055686 34.157941806596696, -84.2397278046836 34.03053718139686, -83.78187018573803 32.95706332501908, -85.21 33.05, -85.5511387055686 34.157941806596696))"
35C,2020-03-24 13:55:00+00:00,2020-03-24 15:55:00+00:00,0.0,36000.0,"POLYGON ((-92.81272329315368 37.767784777788584, -89.97241114542342 37.46526538838881, -90.95 36.11, -94.13381953713828 35.65705594276512, -92.81272329315368 37.767784777788584))"
36C,2020-03-24 13:55:00+00:00,2020-03-24 15:55:00+00:00,0.0,34000.0,"POLYGON ((-88.24757420260536 36.015226133915625, -87.76096369175777 35.243965219747125, -89.09736455539952 35.01680489941045, -89.32 36.02, -88.24757420260536 36.015226133915625))"
14E,2020-03-24 14:55:00+00:00,2020-03-24 16:55:00+00:00,0.0,38000.0,"POLYGON ((-85.73222510669639 35.81792757448312, -80.7176024686307 34.728663000002335, -80.22599085075521 33.75813539531054, -84.21182375388081 33.16867559786982, -86.59178618333314 34.28443770024815, -85.73222510669639 35.81792757448312))"
15E,2020-03-24 14:55:00+00:00,2020-03-24 16:55:00+00:00,0.0,36000.0,"POLYGON ((-78.22272011451275 32.24017317440624, -76.74368634706377 32.03923455358845, -77.7103738594001 30.868429992317218, -78.65728330880478 31.705967249332993, -78.22272011451275 32.24017317440624))"
37C,2020-03-24 14:55:00+00:00,2020-03-24 16:55:00+00:00,0.0,36000.0,"POLYGON ((-92.4205921315646 37.35651890923695, -89.38944238184139 37.390388077322115, -89.32 35.73085812115822, -93.13048604738496 35.91396942427397, -92.4205921315646 37.35651890923695))"
DELTA 3,2020-03-24 15:30:00+00:00,2020-03-24 19:30:00+00:00,0.0,40000.0,"POLYGON ((-59.45 41.15, -58.45 39.45, -62.3 37, -63.45 38, -59.45 41.15))"
38C,2020-03-24 15:55:00+00:00,2020-03-24 17:55:00+00:00,0.0,40000.0,"POLYGON ((-88.49982072569345 37.339472839695034, -88.37365338896903 35.697943967210314, -91.89741702910396 35.78793167730311, -91.58110626214004 37.216607091004114, -88.49982072569345 37.339472839695034))"
16E,2020-03-24 15:55:00+00:00,2020-03-24 17:55:00+00:00,0.0,38000.0,"POLYGON ((-84.24694534484469 35.899471879357954, -80.45215166304031 34.78007129863975, -80.72872643454974 33.74893330897594, -83.38546039009562 33.223987268658796, -85.48481663625537 34.29170878433805, -84.24694534484469 35.899471879357954))"
17E,2020-03-24 15:55:00+00:00,2020-03-24 17:55:00+00:00,0.0,36000.0,"POLYGON ((-78.30235113780265 32.269394494928285, -76.88793019501988 32.342563492319755, -78.00985696963181 31.13568258182553, -78.59893688826263 31.654990326569408, -78.30235113780265 32.269394494928285))"
HOTEL 1,2020-03-24 16:40:00+00:00,2020-03-24 20:40:00+00:00,0.0,50000.0,"POLYGON ((-132.3 11.45, -125.45 5.45, -128.3 3.45, -136.3 9, -132.3 11.45))"
18E,2020-03-24 16:55:00+00:00,2020-03-24 18:55:00+00:00,0.0,40000.0,"POLYGON ((-84.12442914664562 35.43865710865688, -79.89229144464254 34.69089596496981, -79.66 33.73089313279082, -82.8968996982793 33.453144051694, -84.67063234564948 34.090900860738536, -84.12442914664562 35.43865710865688))"
19E,2020-03-24 16:55:00+00:00,2020-03-24 18:55:00+00:00,0.0,35000.0,"POLYGON ((-76.95201633446364 32.47662885145246, -76.63346725282302 31.80598163346689, -78.00985696963181 31.13568258182553, -78.36252219180106 31.447590748595843, -76.95201633446364 32.47662885145246))"
39C,2020-03-24 16:55:00+00:00,2020-03-24 18:55:00+00:00,0.0,38000.0,"POLYGON ((-88.27555379447669 37.51996422612891, -88.49720782802952 35.74056185687759, -90.95 35.67628718173732, -90.36928942963641 37.402785708108134, -88.27555379447669 37.51996422612891))"
20E,2020-03-24 17:55:00+00:00,2020-03-24 19:55:00+00:00,0.0,40000.0,"POLYGON ((-83.45545844821314 35.007311152350724, -80.20005279829672 34.93301949383318, -79.96579815306842 33.61480023112467, -83.44097576041429 33.62598360862242, -83.45545844821314 35.007311152350724))"
40C,2020-03-24 17:55:00+00:00,2020-03-24 19:55:00+00:00,0.0,38000.0,"POLYGON ((-88.3527945544061 37.45794645069503, -86.73524527318916 37.16491634055651, -88.50188751348216 34.70581733632313, -90.41281426323717 35.37215465634712, -88.3527945544061 37.45794645069503))"
21E,2020-03-24 18:55:00+00:00,2020-03-24 20:55:00+00:00,0.0,38000.0,"POLYGON ((-82.30600029134125 35.15675368754693, -79.16908255542835 35.10084622141453, -79.27843615600372 33.46088329944218, -82.52899818619936 33.58211794311643, -82.30600029134125 35.15675368754693))"
41C,2020-03-24 18:55:00+00:00,2020-03-24 20:55:00+00:00,0.0,36000.0,"POLYGON ((-87.76 37.351716242316435, -85.9398246030417 36.76297578082806, -87.81452591624046 34.598919811549685, -90.23027986225217 35.22419749065341, -87.76 37.351716242316435))"
1W,2020-03-24 18:55:00+00:00,2020-03-24 20:55:00+00:00,0.0,25000.0,"POLYGON ((-112.54985505834391 41.77166931171866, -112.3501449416561 41.76090505175598, -112.40854329898002 40.67743597947693, -112.60825341566783 40.68820023943962, -112.54985505834391 41.77166931171866))"
22E,2020-03-24 19:55:00+00:00,2020-03-24 21:55:00+00:00,0.0,34000.0,"POLYGON ((-81.238732309028 35.424938928912816, -78.78 35.038155221318036, -78.8133529599859 33.52124047569031, -81.79100181380065 33.58211794311643, -81.238732309028 35.424938928912816))"
42C,2020-03-24 19:55:00+00:00,2020-03-24 21:55:00+00:00,0.0,37000.0,"POLYGON ((-84.85256254912453 37.61589720573819, -85.72749275278251 35.42919830771093, -90.2119215643087 34.558664395551276, -88.84207181843277 36.94128541037553, -84.85256254912453 37.61589720573819))"
2W,2020-03-24 19:55:00+00:00,2020-03-24 21:55:00+00:00,0.0,25000.0,"POLYGON ((-111.94900751134242 41.8778120178007, -111.85412961305468 41.701749005170264, -113.44192699415163 40.846107174586265, -113.53680489243936 41.0221701872167, -111.94900751134242 41.8778120178007))"
HOTEL 2,2020-03-24 20:15:00+00:00,2020-03-25 00:15:00+00:00,0.0,50000.0,"POLYGON ((-130 13, -124.15 4.3, -129.3 3.3, -136.45 7, -133.45 12, -130 13))"
43C,2020-03-24 20:55:00+00:00,2020-03-24 22:55:00+00:00,0.0,37000.0,"POLYGON ((-87.51935322836772 37.46863966968255, -84.2688599009208 36.72248419739157, -88.27974775251755 33.95090199307593, -90.28 34.29184477868196, -87.51935322836772 37.46863966968255))"
23E,2020-03-24 20:55:00+00:00,2020-03-24 22:55:00+00:00,0.0,31000.0,"POLYGON ((-80.29804364250565 34.96695187785238, -79.0121086508212 34.44959721794142, -80.04 33.1791418788418, -81.39819396036535 33.85951048801838, -80.29804364250565 34.96695187785238))"
24E,2020-03-24 20:55:00+00:00,2020-03-24 22:55:00+00:00,0.0,36000.0,"POLYGON ((-82.50971811126553 36.13271655800803, -81.93 35.60828375768359, -84.62079792066316 34.95885230078638, -85.28545495435137 35.22705715085325, -82.50971811126553 36.13271655800803))"
3W,2020-03-24 20:55:00+00:00,2020-03-24 22:55:00+00:00,0.0,25000.0,"POLYGON ((-110.89533344266884 42.577318448996316, -111.80357187620307 40.79454064033601, -113.23255007763385 40.56282320329812, -112.67263785050318 41.79908555190866, -110.89533344266884 42.577318448996316))"
ALFA 1,2020-03-24 21:25:00+00:00,2020-03-25 01:25:00+00:00,24000.0,34000.0,"POLYGON ((170.15 39.45, 173 38, 171 30, 165 28, 165 32.15, 170.15 39.45))"
26E,2020-03-24 21:55:00+00:00,2020-03-24 23:55:00+00:00,0.0,33000.0,"POLYGON ((-83.68461708828134 35.89982515335148, -82.98791106668718 35.314422610986654, -85.15 34.294524177054434, -85.52451168213575 34.83209163508337, -83.68461708828134 35.89982515335148))"
44C,2020-03-24 21:55:00+00:00,2020-03-24 23:55:00+00:00,0.0,39000.0,"POLYGON ((-87.16720544559392 37.45794645069503, -83.95114009907918 36.72248419739157, -87.1307414289822 34.13090053652592, -90.28 34.125475822945575, -87.16720544559392 37.45794645069503))"
4W,2020-03-24 21:55:00+00:00,2020-03-24 23:55:00+00:00,0.0,27000.0,"POLYGON ((-110.94837673191647 42.831618133517544, -111.76005921934443 40.84979113924018, -112.94557178359281 40.98181048942194, -112.47712046700725 42.56245981126039, -110.94837673191647 42.831618133517544))"
25E,2020-03-24 21:55:00+00:00,2020-03-24 23:55:00+00:00,0.0,31000.0,"POLYGON ((-79.39062138138794 34.763970555974346, -77.87 34.20542906057911, -79.24221156456878 33.16409346958642, -81.05 33.86, -79.39062138138794 34.763970555974346))"
27E,2020-03-24 22:55:00+00:00,2020-03-25 00:55:00+00:00,0.0,35000.0,"POLYGON ((-75.32964868748161 34.56621388586957, -76.05057862301025 32.80714986095124, -79.12149286945662 33.204978559820304, -78.47452666690162 34.348514324449496, -75.32964868748161 34.56621388586957))"
45C,2020-03-24 22:55:00+00:00,2020-03-25 00:55:00+00:00,0.0,45000.0,"POLYGON ((-85.82119634172145 37.63863816680658, -83.08921961047842 36.75450249495863, -87.18348321788297 33.90495787585899, -89.97255235250029 34.07444073110409, -85.82119634172145 37.63863816680658))"
HOTEL 3,2020-03-24 23:45:00+00:00,2020-03-25 03:45:00+00:00,0.0,50000.0,"POLYGON ((-130.3 13.45, -121.15 9, -137 4, -139.45 5, -134.45 12.3, -130.3 13.45))"
47C,2020-03-24 23:55:00+00:00,2020-03-25 01:55:00+00:00,,,"POLYGON ((-89.97738375561505 35.16877069964412, -91.95289821842015 34.6915030930551, -91.97166192237137 34.68493715329753, -93.87501551817022 33.79776139110905, -91.90593112302035 34.49709606656248, -89.93041666021526 34.97436367315149, -93.79052101486798 33.61648624413156, -91.88716741906913 34.50366200632005, -89.97738375561505 35.16877069964412))"
28E,2020-03-24 23:55:00+00:00,2020-03-25 01:55:00+00:00,0.0,34000.0,"POLYGON ((-75.32964868748161 34.56621388586957, -76.05057862301025 32.80714986095124, -79.12149286945662 33.204978559820304, -78.47452666690162 34.348514324449496, -75.32964868748161 34.56621388586957))"
46C,2020-03-24 23:55:00+00:00,2020-03-25 01:55:00+00:00,0.0,41000.0,"POLYGON ((-85.15195212232553 37.02544489105832, -81.9710887302321 36.747304606350966, -81.93 35.03, -85.15 34.96, -86.9 33.67, -89.07732553456908 33.959271652571935, -85.15195212232553 37.02544489105832))"
5W,2020-03-24 23:55:00+00:00,2020-03-25 01:55:00+00:00,0.0,25000.0,"POLYGON ((-117.29746925866554 44.00471958346046, -116.93383289502917 44.00471958346046, -116.93383289502917 43.6410832198241, -117.29746925866554 43.6410832198241, -117.29746925866554 44.00471958346046))"
6W,2020-03-24 23:55:00+00:00,2020-03-25 01:55:00+00:00,0.0,27000.0,"POLYGON ((-121.8372518530255 40.40598551988456, -121.12141193144143 39.240620401907904, -121.8346508443155 38.973921432312956, -122.24 40.1, -121.8372518530255 40.40598551988456))"
1E,2020-03-25 00:55:00+00:00,2020-03-25 02:55:00+00:00,0.0,39000.0,"POLYGON ((-75.32964868748161 34.56621388586957, -72.9355759473845 33.50993307644887, -75.91327822438343 32.68738613299373, -77.02217490022191 33.641227356518534, -75.32964868748161 34.56621388586957))"
2E,2020-03-25 00:55:00+00:00,2020-03-25 02:55:00+00:00,0.0,39000.0,"POLYGON ((-84.11 37.52910686720918, -81.9710887302321 36.747304606350966, -81.54859154875358 35.96802465736739, -88.08853786590034 33.13636413219181, -89.07732553456908 33.959271652571935, -84.11 37.52910686720918))"
1C,2020-03-25 00:55:00+00:00,2020-03-25 02:55:00+00:00,,,"POLYGON ((-90.21108110139382 35.11622462626777, -92.01498158764836 34.61836626679997, -92.06939127366088 34.58059375691375, -92.82101403884909 33.54189936641541, -91.96177288197522 34.42557406353286, -90.15787239572067 34.92343242300065, -92.6589859611509 33.42465218292075, -91.9073631959627 34.46334657341908, -90.21108110139382 35.11622462626777))"
1W,2020-03-25 00:55:00+00:00,2020-03-25 02:55:00+00:00,0.0,25000.0,"POLYGON ((-117.11166582507302 43.95073797162512, -116.74802946143664 43.95073797162512, -116.74802946143664 43.58710160798876, -117.11166582507302 43.58710160798876, -117.11166582507302 43.95073797162512))"
ALFA 2,2020-03-25 01:10:00+00:00,2020-03-25 05:10:00+00:00,24000.0,34000.0,"POLYGON ((172.15 46, 177.3 42, 172.15 32, 165.15 30.15, 165.15 34.3, 172.15 46))"
3E,2020-03-25 01:55:00+00:00,2020-03-25 03:55:00+00:00,0.0,43000.0,"POLYGON ((-75.32964868748161 34.56621388586957, -73.07221436463854 33.63124800742979, -76.32629249359711 33.046225507906435, -76.75806151953049 33.962967262902886, -75.32964868748161 34.56621388586957))"
4E,2020-03-25 01:55:00+00:00,2020-03-25 03:55:00+00:00,0.0,41000.0,"POLYGON ((-82.13 37.27184477868197, -82.3660227035184 35.97865255797112, -88.08853786590034 33.13636413219181, -89.07732553456908 33.959271652571935, -84.11 37.03, -82.13 37.27184477868197))"
2C,2020-03-25 01:55:00+00:00,2020-03-25 03:55:00+00:00,0.0,37000.0,"POLYGON ((-89.78008858391578 34.902395988533875, -89.68184871299914 34.728186552043546, -92.05033541236124 33.392553808486404, -92.14857528327788 33.566763244976734, -89.78008858391578 34.902395988533875))"
ECHO 1,2020-03-25 02:30:00+00:00,2020-03-25 06:30:00+00:00,0.0,43000.0,"POLYGON ((-75 34.45, -71 33.3, -73.3 31.15, -75.45 32.45, -76.15 33.45, -75 34.45))"
5E,2020-03-25 02:55:00+00:00,2020-03-25 04:55:00+00:00,0.0,39000.0,"POLYGON ((-82.13 37.27184477868197, -82.3660227035184 35.97865255797112, -88.08853786590034 33.13636413219181, -89.07732553456908 33.959271652571935, -84.11 37.03, -82.13 37.27184477868197))"
3C,2020-03-25 02:55:00+00:00,2020-03-25 04:55:00+00:00,,,"POLYGON ((-89.79668970564822 34.96155323270072, -90.22949998933447 34.92199801063993, -90.31763453653214 34.8457626303954, -90.64486499603018 33.4830620864043, -90.21129752963381 34.72282805692992, -89.77848724594756 34.7623832789907, -90.45039344193418 33.43636289318336, -90.12316298243614 34.79906343717445, -89.79668970564822 34.96155323270072))"
HOTEL 4,2020-03-25 03:20:00+00:00,2020-03-25 07:20:00+00:00,0.0,50000.0,"POLYGON ((-121.45 11, -136.15 3.45, -140 3.3, -140 5.3, -136 10.15, -121.45 11))"
ECHO 2,2020-03-25 03:50:00+00:00,2020-03-25 07:50:00+00:00,0.0,43000.0,"POLYGON ((-72.45 35, -71 33.3, -72.45 31.45, -75.45 32.45, -75.15 34.3, -72.45 35))"
4C,2020-03-25 03:55:00+00:00,2020-03-25 05:55:00+00:00,,,"POLYGON ((-88.67299368848587 33.8989398501908, -90.18609960329212 33.76585305286392, -90.25135439670424 33.73348008759839, -90.47758449568218 33.48445918341415, -90.16857604905198 33.56662221928941, -88.65547013424573 33.6997090166163, -90.32955135461779 33.34997428037069, -90.10332125563986 33.59899518455494, -88.67299368848587 33.8989398501908))"
6E,2020-03-25 03:55:00+00:00,2020-03-25 05:55:00+00:00,0.0,39000.0,"POLYGON ((-83.89 35.9, -83.02906971514464 35.2339653315602, -82.80390914513471 33.9296302582654, -86.96637377764736 33.53641612259377, -86.9 34.103712818262686, -83.89 35.9))"
7E,2020-03-25 04:55:00+00:00,2020-03-25 06:55:00+00:00,0.0,37000.0,"POLYGON ((-81.02775701644934 35.03627026193881, -82.16000000000001 34.04273791147279, -87.27913297145858 32.900895637960986, -87.08482384614287 33.73352912350108, -83.90707222766581 34.69849476116072, -81.02775701644934 35.03627026193881))"
5C,2020-03-25 04:55:00+00:00,2020-03-25 06:55:00+00:00,,,"POLYGON ((-87.78421888162423 34.7143215559702, -90.26625244052087 33.30913098417995, -90.6932843182305 33.36005669696639, -87.69713289810129 34.53427702960562, -90.21086784959631 33.31840512843146, -90.66960111990431 33.558649511834, -90.24256924219469 33.50772379904756, -90.29795383311925 33.49844965479605, -87.78421888162423 34.7143215559702))"
8E,2020-03-25 04:55:00+00:00,2020-03-25 06:55:00+00:00,0.0,30000.0,"POLYGON ((-75.81834245138552 33.707314038058584, -75.75152825729529 33.518804453506306, -78.89803281105532 32.40357645881284, -78.96484700514554 32.59208604336512, -75.81834245138552 33.707314038058584))"
ECHO 3,2020-03-25 05:15:00+00:00,2020-03-25 09:15:00+00:00,0.0,40000.0,"POLYGON ((-72.3 35, -69 33.15, -72 32.15, -75 33.45, -72.3 35))"
6C,2020-03-25 05:55:00+00:00,2020-03-25 07:55:00+00:00,,,"POLYGON ((-87.68030558020122 34.68005330871339, -90.10747074982753 33.20332585322675, -90.54338385081299 33.27566004311483, -87.58736901008213 34.50295787135122, -90.04463258998567 33.21342917204458, -90.51064410124836 33.47296211811265, -90.0747310002629 33.40062792822457, -90.13756916010476 33.39052460940675, -87.68030558020122 34.68005330871339))"
10E,2020-03-25 05:55:00+00:00,2020-03-25 07:55:00+00:00,0.0,32000.0,"POLYGON ((-75.50378030051667 33.589727360845764, -75.43095279103753 33.403458324602305, -78.42291131783342 32.2336617101685, -78.49573882731256 32.41993074641196, -75.50378030051667 33.589727360845764))"
9E,2020-03-25 05:55:00+00:00,2020-03-25 07:55:00+00:00,0.0,36000.0,"POLYGON ((-81.93 35.1745709394209, -80.06552203728869 35.18678468631635, -81.22409747917675 33.859877621546744, -85.69559390936605 32.64015007667887, -87.71178591886388 33.21081484867572, -81.93 35.1745709394209))"
13E,2020-03-25 06:55:00+00:00,2020-03-25 08:55:00+00:00,0.0,35000.0,"POLYGON ((-82.11161431110432 33.67477930890028, -82.07557664763354 33.47805288258301, -86.5651158739257 32.6556290384418, -86.60115353739648 32.85235546475907, -82.11161431110432 33.67477930890028))"
11E,2020-03-25 06:55:00+00:00,2020-03-25 08:55:00+00:00,0.0,36000.0,"POLYGON ((-79.7081230965203 35.51542780495268, -79.03799634965216 34.73956797099069, -80.14369017748892 34.06307523309643, -80.68097461032255 34.6554373850884, -79.7081230965203 35.51542780495268))"
12E,2020-03-25 06:55:00+00:00,2020-03-25 08:55:00+00:00,0.0,30000.0,"POLYGON ((-75.34216785546103 33.53236149118426, -75.27563862305574 33.34375114884969, -78.42606045637035 32.23249105712294, -78.49258968877564 32.42110139945751, -75.34216785546103 33.53236149118426))"
14E,2020-03-25 07:55:00+00:00,2020-03-25 09:55:00+00:00,0.0,35000.0,"POLYGON ((-79.66 35.06184477868195, -78.91412712644258 34.48241058059234, -79.73459231110617 33.50444888269803, -80.23235148554505 34.699235056375336, -79.66 35.06184477868195))"
16E,2020-03-25 07:55:00+00:00,2020-03-25 09:55:00+00:00,0.0,35000.0,"POLYGON ((-81.5722884456374 33.85889860490909, -81.05 33.13714530289552, -83.7713279775936 32.58771450465399, -84.69256750359978 33.04893194420566, -81.5722884456374 33.85889860490909))"
15E,2020-03-25 07:55:00+00:00,2020-03-25 09:55:00+00:00,0.0,36000.0,"POLYGON ((-77.23453851990027 33.93528140879049, -75.28880202354843 33.53601519468886, -75.32900445496834 33.340097445345094, -77.27474095132018 33.739363659446724, -77.23453851990027 33.93528140879049))"
18E,2020-03-25 08:55:00+00:00,2020-03-25 10:55:00+00:00,0.0,38000.0,"POLYGON ((-77.8354268847979 35.547964388889966, -75.02669109969132 35.313314744045755, -73.7612320341291 34.23553982536499, -75.29134565535617 33.431553251189904, -79.47395303305504 34.293526190676616, -77.8354268847979 35.547964388889966))"
17E,2020-03-25 08:55:00+00:00,2020-03-25 10:55:00+00:00,0.0,36000.0,"POLYGON ((-77.22672780464185 32.9368547414937, -77.06412768191609 32.82040217565865, -78.16340751579322 31.285502239219657, -78.32600763851899 31.40195480505471, -77.22672780464185 32.9368547414937))"
19E,2020-03-25 08:55:00+00:00,2020-03-25 10:55:00+00:00,0.0,34000.0,"POLYGON ((-81.11313571966734 32.98280552132402, -81.10686428033266 32.78290387288491, -85.57147945934254 32.64283717775529, -85.57775089867722 32.8427388261944, -81.11313571966734 32.98280552132402))"
ECHO 4,2020-03-25 09:15:00+00:00,2020-03-25 13:15:00+00:00,0.0,40000.0,"POLYGON ((-73.3 34.3, -68.45 34.15, -68 32.45, -75.3 33.15, -73.3 34.3))"
21E,2020-03-25 09:55:00+00:00,2020-03-25 11:55:00+00:00,0.0,40000.0,"POLYGON ((-75.16936097829462 35.43224824078843, -73.7612320341291 34.23553982536499, -75.29134565535617 33.431553251189904, -77.11256866433175 32.810607855650346, -77.00777798108662 35.052829008980844, -75.16936097829462 35.43224824078843))"
22E,2020-03-25 09:55:00+00:00,2020-03-25 11:55:00+00:00,0.0,33000.0,"POLYGON ((-80.74652212571486 32.9865041112828, -80.71079228417811 32.78972154492145, -84.53363805197016 32.09560683736228, -84.56936789350691 32.29238940372363, -80.74652212571486 32.9865041112828))"
20E,2020-03-25 09:55:00+00:00,2020-03-25 11:55:00+00:00,0.0,36000.0,"POLYGON ((-76.60734447318663 33.27616393323147, -76.4444679434954 33.16009827907082, -77.9284187047862 31.07764975474521, -78.09129523447743 31.193715408905852, -76.60734447318663 33.27616393323147))"
23E,2020-03-25 10:55:00+00:00,2020-03-25 12:55:00+00:00,0.0,43000.0,"POLYGON ((-75.2307883377674 35.93791113212833, -72.61449218536606 34.997111206835285, -77.30963848233473 30.50739239400086, -77.11256866433175 32.810607855650346, -75.2307883377674 35.93791113212833))"
24E,2020-03-25 10:55:00+00:00,2020-03-25 12:55:00+00:00,,,"POLYGON ((-80.20677185059309 32.93701601756275, -82.46093168819604 31.66046645820231, -83.77742024394043 32.44949294124839, -80.11876446859388 32.7574200802099, -82.3655199464652 31.65644268331408, -83.67460414247795 32.62104132882477, -82.35811558673356 31.83201484577869, -82.4535273284644 31.83603862066693, -80.20677185059309 32.93701601756275))"
25E,2020-03-25 11:55:00+00:00,2020-03-25 13:55:00+00:00,0.0,44000.0,"POLYGON ((-74.7358270502701 36.2513194284173, -72.61449218536606 34.997111206835285, -77.30963848233473 30.50739239400086, -77.11256866433175 32.810607855650346, -74.7358270502701 36.2513194284173))"
26E,2020-03-25 11:55:00+00:00,2020-03-25 13:55:00+00:00,,,"POLYGON ((-81.00934398727667 32.37024504806126, -82.37846321867771 31.61359378772087, -83.60273108635683 32.39952727210901, -80.93054986592041 32.18642044024257, -82.28504370877805 31.60583357814141, -83.49468618791376 32.56783146076879, -82.27041832023464 31.78189797638065, -82.3638378301343 31.7896581859601, -81.00934398727667 32.37024504806126))"
28E,2020-03-25 12:55:00+00:00,2020-03-25 14:55:00+00:00,,,"POLYGON ((-79.9861539313888 32.77158483086528, -81.09679679655098 31.94923756767994, -84.01448337872634 31.56060718808626, -79.8908108822639 32.59577327554662, -81.06232847543755 31.96045633500662, -84.04088978562439 31.75885627805828, -81.12320320344902 32.14748665765197, -81.15767152456245 32.13626789032529, -79.9861539313888 32.77158483086528))"
27E,2020-03-25 12:55:00+00:00,2020-03-25 14:55:00+00:00,0.0,45000.0,"POLYGON ((-74.64511981378831 36.75955264152647, -71.64414940288277 36.17432560403064, -76.09505821737895 30.648148585046183, -76.74368634706377 32.03923455358845, -74.64511981378831 36.75955264152647))"
ECHO 5,2020-03-25 13:15:00+00:00,2020-03-25 17:15:00+00:00,0.0,40000.0,"POLYGON ((-72.45 36.15, -70.45 35.45, -69 33.45, -75.3 30.45, -76.3 31.15, -72.45 36.15))"
29E,2020-03-25 13:55:00+00:00,2020-03-25 15:55:00+00:00,0.0,45000.0,"POLYGON ((-74.3232960069668 36.24565132680632, -72.67399383088501 36.208824888541756, -76.45303518777929 31.421377468498545, -76.38968157471629 33.83174298847364, -74.3232960069668 36.24565132680632))"
30E,2020-03-25 13:55:00+00:00,2020-03-25 15:55:00+00:00,0.0,26000.0,"POLYGON ((-80.63857704092098 31.849734701264623, -80.61968730396623 31.650628755000376, -82.83981287330171 31.43999924444037, -82.85870261025646 31.639105190704615, -80.63857704092098 31.849734701264623))"
31E,2020-03-25 14:55:00+00:00,2020-03-25 16:55:00+00:00,0.0,41000.0,"POLYGON ((-74.03382857363717 37.16427249103546, -72.67399383088501 36.208824888541756, -75.50357647065483 32.32720439275515, -76.88223535823266 33.52253858704057, -74.03382857363717 37.16427249103546))"
32E,2020-03-25 15:53:00+00:00,2020-03-25 17:55:00+00:00,0.0,45000.0,"POLYGON ((-72.60903339892053 37.35904184736853, -72.67399383088501 36.208824888541756, -74.92750143497929 33.29601366051396, -76.81696033297256 32.19359480289175, -77.87 32.85267939837247, -72.60903339892053 37.35904184736853))"
7C,2020-03-25 15:55:00+00:00,2020-03-25 17:55:00+00:00,0.0,30000.0,"POLYGON ((-90.08020719704525 45.62832198933315, -91.10360215889513 44.7887312286611, -92.48904937336692 44.64623349337713, -92.48325286903102 45.088807239375136, -90.08020719704525 45.62832198933315))"
33E,2020-03-25 16:55:00+00:00,2020-03-25 18:55:00+00:00,0.0,42000.0,"POLYGON ((-72.88006515612935 36.21466566920305, -76.59787624662071 31.730388451360884, -77.26191260735983 33.11885193382826, -75.25408200029028 34.411943802892225, -72.88006515612935 36.21466566920305))"
ECHO 6,2020-03-25 17:15:00+00:00,2020-03-25 21:15:00+00:00,0.0,40000.0,"POLYGON ((-69.15 37, -68 34.3, -72.45 32.45, -76.15 32.3, -72.45 36.15, -69.15 37))"
8C,2020-03-25 19:55:00+00:00,2020-03-25 21:55:00+00:00,0.0,29000.0,"POLYGON ((-96.35830802891425 43.342541182822146, -95.01849756793534 42.82899695075825, -95.19336534867172 42.32981747154622, -97.15811543777036 42.98154186436794, -96.35830802891425 43.342541182822146))"
FOXTROT 1,2020-03-25 20:55:00+00:00,2020-03-26 00:55:00+00:00,0.0,51000.0,"POLYGON ((-69.45 37, -66.45 36.15, -67 33.15, -75.15 30.15, -76.3 31.3, -69.45 37))"
9C,2020-03-25 20:55:00+00:00,2020-03-25 22:55:00+00:00,0.0,27000.0,"POLYGON ((-95.67857985445538 43.31274449292903, -94.29 43.043712818262684, -95.01333969832086 42.386420418758064, -96.40188456222963 42.98154186436794, -95.67857985445538 43.31274449292903))"
GOLF 1,2020-03-25 22:40:00+00:00,2020-03-26 02:40:00+00:00,0.0,36000.0,"POLYGON ((-67.15 39.15, -67 37.45, -71.15 37.15, -71.15 38.45, -67.15 39.15))"
FOXTROT 2,2020-03-25 22:55:00+00:00,2020-03-26 02:55:00+00:00,0.0,50000.0,"POLYGON ((-68.45 36.3, -65.45 36.15, -65.45 33.45, -75.15 30.15, -75.3 32, -68.45 36.3))"
FOXTROT 3,2020-03-26 01:40:00+00:00,2020-03-26 05:40:00+00:00,0.0,51000.0,"POLYGON ((-65.45 35.45, -66.15 32.45, -74.15 29.3, -75.3 30.45, -68 35.45, -65.45 35.45))"
GOLF 2,2020-03-26 01:45:00+00:00,2020-03-26 05:45:00+00:00,0.0,38000.0,"POLYGON ((-67.45 40.3, -64.3 39.3, -65 37.45, -69.3 37.45, -69 39.3, -67.45 40.3))"
FOXTROT 4,2020-03-26 05:35:00+00:00,2020-03-26 09:35:00+00:00,0.0,39000.0,"POLYGON ((-67.45 34.45, -64.45 34.45, -65.3 32.15, -72.3 29.45, -67.45 34.45))"
1E,2020-03-26 05:55:00+00:00,2020-03-26 07:55:00+00:00,0.0,33000.0,"POLYGON ((-66.93193646781027 41.238457112729044, -67.15378242906115 39.00836505537713, -68.64439000461954 38.65853257062535, -68.20543552250395 40.692524107394135, -66.93193646781027 41.238457112729044))"
2E,2020-03-26 06:55:00+00:00,2020-03-26 08:55:00+00:00,0.0,33000.0,"POLYGON ((-66.93193646781027 41.238457112729044, -67.15378242906115 39.00836505537713, -68.64439000461954 38.65853257062535, -67.80440202587403 40.55810345247593, -66.93193646781027 41.238457112729044))"
3E,2020-03-26 07:55:00+00:00,2020-03-26 09:55:00+00:00,0.0,30000.0,"POLYGON ((-67.20588139869567 40.353886757935626, -67.00761984485005 38.886886920236115, -67.30044754029973 39.129660194324835, -67.60449092942521 40.49037446186185, -67.20588139869567 40.353886757935626))"
FOXTROT 5,2020-03-26 07:55:00+00:00,2020-03-26 11:55:00+00:00,0.0,35000.0,"POLYGON ((-62.3 37.15, -66.15 30.15, -71.15 29.15, -65.3 37.15, -62.3 37.15))"
PAPA 1,2020-03-26 07:57:00+00:00,2020-03-26 12:00:00+00:00,,,"POLYGON ((132 7.2, 132 7.2, 139 3.4, 132 7.2))"
FOXTROT 6,2020-03-26 11:15:00+00:00,2020-03-26 15:15:00+00:00,0.0,35000.0,"POLYGON ((-63.15 39.45, -60.15 39.45, -64.3 31, -69.3 29.45, -63.15 39.45))"
PAPA 2,2020-03-26 11:52:00+00:00,2020-03-26 15:50:00+00:00,,,"POLYGON ((132 7.2, 132 7.2, 139 3.4, 132 7.2))"
QUEBEC 1,2020-03-26 12:18:00+00:00,2020-03-26 16:20:00+00:00,0.0,52000.0,"POLYGON ((-136.5 9.1, -136.5 6.5, -143.1 9.1, -136.5 9.1))"
1C,2020-03-26 13:55:00+00:00,2020-03-26 15:55:00+00:00,0.0,30000.0,"POLYGON ((-90.73735560156815 39.020778002311665, -90.14376492775402 38.009773018614936, -90.31623507224599 37.90851073906862, -90.90982574606012 38.91951572276535, -90.73735560156815 39.020778002311665))"
ROMEO 1,2020-03-26 14:53:00+00:00,2020-03-26 19:00:00+00:00,0.0,55000.0,"POLYGON ((148.5 9.1, 160 4.1, 160 0, 155.3 0.1, 146.2 5.4, 148.5 9.1))"
2C,2020-03-26 14:55:00+00:00,2020-03-26 16:55:00+00:00,0.0,30000.0,"POLYGON ((-90.2470621587835 39.17000524813877, -89.63234268953848 37.87784874832542, -89.81294696163657 37.79192961832564, -90.4276664308816 39.08408611813899, -90.2470621587835 39.17000524813877))"
FOXTROT 7,2020-03-26 15:15:00+00:00,2020-03-26 19:15:00+00:00,0.0,38000.0,"POLYGON ((-62.3 37.15, -59.3 36.3, -65.15 29.3, -68.15 29, -62.3 37.15))"
3C,2020-03-26 15:55:00+00:00,2020-03-26 17:55:00+00:00,0.0,32000.0,"POLYGON ((-89.94340598765609 38.54299255801619, -89.21613326038337 38.54299255801619, -89.21613326038337 37.815719830743454, -89.94340598765609 37.815719830743454, -89.94340598765609 38.54299255801619))"
5C,2020-03-26 16:55:00+00:00,2020-03-26 18:55:00+00:00,0.0,28000.0,"POLYGON ((-87.70567041360653 41.35736248197567, -87.4738623247609 40.43196283439998, -89.9251264434277 40.544692326261334, -89.90363684372029 41.39485673598984, -87.70567041360653 41.35736248197567))"
4C,2020-03-26 16:55:00+00:00,2020-03-26 18:55:00+00:00,0.0,33000.0,"POLYGON ((-88.04262678764519 38.46392768136429, -88.01849044932584 37.72526275164805, -89.31680732010223 37.666479699286946, -89.62569853788277 38.58025793720122, -88.04262678764519 38.46392768136429))"
7C,2020-03-26 17:55:00+00:00,2020-03-26 19:55:00+00:00,0.0,29000.0,"POLYGON ((-86.9364176364549 41.57734979323077, -87.07 40.56, -89.19417856450436 40.354342655019686, -89.27636315627971 41.39485673598984, -86.9364176364549 41.57734979323077))"
6C,2020-03-26 17:55:00+00:00,2020-03-26 19:55:00+00:00,0.0,35000.0,"POLYGON ((-87.25 38.91171624231643, -87.21014135882359 37.928720731025315, -88.4931382406458 37.92772576787969, -88.86000000000001 38.872574363474634, -87.25 38.91171624231643))"
ROMEO 2,2020-03-26 18:49:00+00:00,2020-03-26 22:50:00+00:00,0.0,57000.0,"POLYGON ((148.5 9.2, 160 3.4, 155.5 0.1, 145.2 6.1, 148.5 9.2))"
9C,2020-03-26 18:55:00+00:00,2020-03-26 20:55:00+00:00,0.0,29000.0,"POLYGON ((-87.87539134877974 41.549143711966465, -84.93521336088439 41.44083525882216, -84.84298100993911 40.032552349908016, -88.07676087107959 40.2372858666996, -87.87539134877974 41.549143711966465))"
8C,2020-03-26 18:55:00+00:00,2020-03-26 20:55:00+00:00,0.0,32000.0,"POLYGON ((-87.94008317460883 39.266657503143584, -86.28 39.14171624231642, -86.08803109304084 37.932930502515006, -87.76 37.93, -87.94008317460883 39.266657503143584))"
FOXTROT 8,2020-03-26 19:15:00+00:00,2020-03-26 23:15:00+00:00,0.0,38000.0,"POLYGON ((-62.15 34, -60.45 33.3, -61.3 29.45, -66.45 29.45, -62.15 34))"
1E,2020-03-26 19:55:00+00:00,2020-03-26 21:55:00+00:00,0.0,30000.0,"POLYGON ((-86.73135517994908 41.641932219960715, -84.40384244605876 41.56554628096593, -84.04 39.79089313279081, -86.68039812578625 39.84664626608364, -86.73135517994908 41.641932219960715))"
2E,2020-03-26 20:55:00+00:00,2020-03-26 22:55:00+00:00,0.0,30000.0,"POLYGON ((-86.85586344856753 41.60277843542272, -83.66627747711983 41.675352375917036, -83.75214617417632 39.75537731120511, -87.24566306643122 40.50454200922684, -86.85586344856753 41.60277843542272))"
FOXTROT 9,2020-03-26 21:40:00+00:00,2020-03-27 01:40:00+00:00,0.0,39000.0,"POLYGON ((-58 36.15, -57.15 31.45, -61 29.3, -66.3 27.15, -66.45 28.15, -60.15 34.3, -58 36.15))"
4E,2020-03-26 21:55:00+00:00,2020-03-26 23:55:00+00:00,0.0,30000.0,"POLYGON ((-85.67236732982104 39.24784826494092, -83.2188322774304 39.1259946821082, -83.01103166767426 38.427558092677764, -85.58 38.59910686720918, -85.67236732982104 39.24784826494092))"
3E,2020-03-26 21:55:00+00:00,2020-03-26 23:55:00+00:00,0.0,30000.0,"POLYGON ((-85.35945829752562 41.287286005051804, -82.8698274287194 41.097151389521855, -82.89675298141427 39.914313316817946, -85.94592050222876 40.33434299510032, -85.35945829752562 41.287286005051804))"
ROMEO 3,2020-03-26 22:46:00+00:00,2020-03-27 02:50:00+00:00,0.0,54000.0,"POLYGON ((147.3 9.2, 160 3.4, 155.3 0.1, 145.2 6.3, 147.3 9.2))"
6E,2020-03-26 22:55:00+00:00,2020-03-27 00:55:00+00:00,0.0,30000.0,"POLYGON ((-85.67236732982104 39.24784826494092, -83.2188322774304 39.1259946821082, -83.01103166767426 38.427558092677764, -85.58 38.59910686720918, -85.67236732982104 39.24784826494092))"
5E,2020-03-26 22:55:00+00:00,2020-03-27 00:55:00+00:00,0.0,30000.0,"POLYGON ((-85.35945829752562 41.287286005051804, -82.8698274287194 41.097151389521855, -82.89675298141427 39.914313316817946, -85.94592050222876 40.33434299510032, -85.35945829752562 41.287286005051804))"
8E,2020-03-26 23:55:00+00:00,2020-03-27 01:55:00+00:00,0.0,30000.0,"POLYGON ((-82.6228401799456 38.939504674348996, -80.69099427377796 38.71750841571271, -81.4167414871432 37.54434616529908, -83.06714213255336 37.84894240510372, -82.6228401799456 38.939504674348996))"
7E,2020-03-26 23:55:00+00:00,2020-03-27 01:55:00+00:00,0.0,28000.0,"POLYGON ((-84.25889240203854 40.69049281323777, -81.85 40.84171624231642, -81.92627829025054 39.63696235227416, -84.17061983200935 39.42771555331783, -84.25889240203854 40.69049281323777))"
1E,2020-03-27 00:55:00+00:00,2020-03-27 02:55:00+00:00,0.0,30000.0,"POLYGON ((-82.791278306706 40.21349248581132, -80.1682829484598 40.018174645205924, -80.87027921601297 37.39730208484264, -82.51360585552601 37.826768434109006, -82.791278306706 40.21349248581132))"
FOXTROT 10,2020-03-27 00:55:00+00:00,2020-03-27 04:55:00+00:00,0.0,41000.0,"POLYGON ((-55.3 39.15, -55.45 32.45, -62.45 27, -66.15 28, -60.15 32, -55.3 39.15))"
HOTEL 1,2020-03-27 00:55:00+00:00,2020-03-27 04:55:00+00:00,0.0,41000.0,"POLYGON ((-57.775405560835935 29.433155417062693, -57.925405560835934 27.433155417062693, -58.37459443916406 27.466844582937306, -58.224594439164065 29.466844582937306, -57.775405560835935 29.433155417062693))"
1C,2020-03-27 00:55:00+00:00,2020-03-27 02:55:00+00:00,0.0,38000.0,"POLYGON ((-93.80292965043408 34.04397844518966, -94.75 32.709141878841784, -99.79451351837801 32.346416910344146, -98.10767156815068 33.8230837609998, -93.80292965043408 34.04397844518966))"
2C,2020-03-27 01:55:00+00:00,2020-03-27 03:55:00+00:00,0.0,37000.0,"POLYGON ((-93.73563767879519 34.17738243076366, -94.48627145925487 32.95399013768139, -99.34586974255024 32.478955039120386, -97.49259624779323 34.09892778409092, -93.73563767879519 34.17738243076366))"
CHARLIE 1,2020-03-27 02:25:00+00:00,2020-03-27 06:25:00+00:00,0.0,30000.0,"POLYGON ((168.3 46.15, 168.3 37.15, 165 34.15, 165 43, 168.3 46.15))"
FOXTROT 11,2020-03-27 02:45:00+00:00,2020-03-27 06:45:00+00:00,0.0,42000.0,"POLYGON ((-56.45 35.3, -53 33.45, -58.45 25.3, -61.15 25, -62.45 28.3, -56.45 35.3))"
4C,2020-03-27 03:21:00+00:00,2020-03-27 04:55:00+00:00,0.0,45000.0,"POLYGON ((-94.588254717795 39.17226081686377, -94.7906574749982 38.50489822532337, -97.33691935874988 38.210865711364015, -97.22411940068002 39.05666533792293, -94.588254717795 39.17226081686377))"
3C,2020-03-27 03:21:00+00:00,2020-03-27 04:55:00+00:00,0.0,37000.0,"POLYGON ((-93.23478397883902 34.675456972427625, -92.86239666425462 33.362167153247775, -97.674513679366 32.64709801109117, -97.17 34.065429060579106, -93.23478397883902 34.675456972427625))"
ZULU 1,2020-03-27 03:30:00+00:00,2020-03-27 07:35:00+00:00,0.0,53000.0,"POLYGON ((172.2 6.3, 176.2 4.5, 172.3 4.5, 172.2 6.3))"
5C,2020-03-27 03:55:00+00:00,2020-03-27 05:55:00+00:00,0.0,37000.0,"POLYGON ((-93.8831814328102 34.62085722434349, -92.58718302852427 33.567316362224055, -96.2476913484298 32.86750276830183, -97.39970781146992 33.748670967763836, -93.8831814328102 34.62085722434349))"
6C,2020-03-27 03:55:00+00:00,2020-03-27 05:55:00+00:00,0.0,43000.0,"POLYGON ((-93.88052904377749 39.01020985067779, -95.16842841095037 38.04674448968452, -97.79105728925201 38.15051068003595, -97.44816836625466 38.98519900047123, -93.88052904377749 39.01020985067779))"
7C,2020-03-27 04:55:00+00:00,2020-03-27 06:55:00+00:00,0.0,43000.0,"POLYGON ((-91.95940558682068 39.11412720237026, -91.95432271012356 38.914191801891796, -97.44589476757457 38.77458178998547, -97.45097764427169 38.974517190463935, -91.95940558682068 39.11412720237026))"
8C,2020-03-27 05:55:00+00:00,2020-03-27 07:55:00+00:00,0.0,43000.0,"POLYGON ((-91.28592203508133 39.37154073580623, -91.2740779649187 39.17189174882662, -97.05655196740685 38.82884954843676, -97.06839603756947 39.02849853541637, -91.28592203508133 39.37154073580623))"
FOXTROT 12,2020-03-27 06:20:00+00:00,2020-03-27 10:20:00+00:00,0.0,42000.0,"POLYGON ((-55 37, -51 33.45, -59 21.3, -64 22.45, -55 37))"
CHARLIE 2,2020-03-27 06:25:00+00:00,2020-03-27 10:25:00+00:00,0.0,35000.0,"POLYGON ((167.15 42.3, 170 42, 167.15 35.45, 165.15 36.15, 167.15 42.3))"
9C,2020-03-27 06:55:00+00:00,2020-03-27 08:55:00+00:00,0.0,45000.0,"POLYGON ((-90.48590510398851 39.3935383147397, -90.4740948960115 39.19388732178565, -96.68490548498562 38.826491379114316, -96.69671569296264 39.026142372068364, -90.48590510398851 39.3935383147397))"
NOVEMBER 1,2020-03-27 07:04:00+00:00,2020-03-27 11:05:00+00:00,0.0,44000.0,"POLYGON ((171.1 32.3, 175.5 31.4, 169.2 23.3, 165.3 25.5, 171.1 32.3))"
10C,2020-03-27 07:55:00+00:00,2020-03-27 09:55:00+00:00,0.0,45000.0,"POLYGON ((-90.66283405694777 40.31893318260444, -87.8556513375574 39.017861156669376, -89.30202840274664 38.47206848159452, -94.03827854465689 38.62205792988006, -95.72846621187776 38.967478339823195, -90.66283405694777 40.31893318260444))"
11C,2020-03-27 08:55:00+00:00,2020-03-27 10:55:00+00:00,0.0,45000.0,"POLYGON ((-90.97247982556395 40.08487597832706, -87.25 39.49, -87.43439737751142 38.54437264639376, -93.90112536660898 38.45953019651482, -94.43497432546668 39.524883978784636, -90.97247982556395 40.08487597832706))"
2E,2020-03-27 09:55:00+00:00,2020-03-27 11:55:00+00:00,0.0,40000.0,"POLYGON ((-88.42728806221731 39.73919674002744, -86.28 39.22089313279082, -86.33353634597987 38.685806022637635, -87.31040208744643 38.28206844692847, -89.30202840274664 38.47206848159452, -88.42728806221731 39.73919674002744))"
12C,2020-03-27 09:55:00+00:00,2020-03-27 11:55:00+00:00,0.0,37000.0,"POLYGON ((-92.92613039588628 40.74433598278782, -90.94527478665024 40.46434078096207, -91.07376237268892 39.04949877690833, -92.38270865526083 38.50247719091719, -93.01182656569132 39.0619990367889, -92.92613039588628 40.74433598278782))"
FOXTROT 13,2020-03-27 10:10:00+00:00,2020-03-27 14:10:00+00:00,0.0,40000.0,"POLYGON ((-54.45 33, -50.15 32.15, -58 22, -62.3 22.45, -54.45 33))"
3E,2020-03-27 10:55:00+00:00,2020-03-27 12:55:00+00:00,0.0,35000.0,"POLYGON ((-87.00084891742524 39.95084966340835, -85.30973457529112 39.48898075185077, -84.7 38.68726208852721, -86.63702354826216 38.09526541622195, -87.70500167585676 39.13618920737461, -87.00084891742524 39.95084966340835))"
DELTA 1,2020-03-27 11:00:00+00:00,2020-03-27 15:00:00+00:00,0.0,42000.0,"POLYGON ((175 36.45, 179.3 35.3, 172.15 24.3, 167.3 25.3, 175 36.45))"
14C,2020-03-27 11:16:00+00:00,2020-03-27 12:55:00+00:00,0.0,42000.0,"POLYGON ((-98.1802475833895 31.736409827673945, -98.05819933721872 31.577966697161337, -99.95101204416251 30.119939009467462, -100.07306029033329 30.27838213998007, -98.1802475833895 31.736409827673945))"
13C,2020-03-27 11:16:00+00:00,2020-03-27 12:55:00+00:00,0.0,31000.0,"POLYGON ((-92.11765254743402 40.12135718336988, -91.57219800197949 40.12135718336988, -91.57219800197949 39.575902637915334, -92.11765254743402 39.575902637915334, -92.11765254743402 40.12135718336988))"
16C,2020-03-27 11:55:00+00:00,2020-03-27 13:55:00+00:00,0.0,45000.0,"POLYGON ((-97.04448137796491 32.12091646371472, -99.82 30.100893132790823, -99.16724166426272 31.889897624369862, -97.04448137796491 32.12091646371472))"
15C,2020-03-27 11:55:00+00:00,2020-03-27 13:55:00+00:00,0.0,32000.0,"POLYGON ((-87.7901420122596 39.75285900545029, -87.7507684695795 39.556772993361676, -89.3689520155118 39.23184609913115, -89.40832555819189 39.42793211121976, -87.7901420122596 39.75285900545029))"
OSCAR 1,2020-03-27 12:05:00+00:00,2020-03-27 16:05:00+00:00,0.0,54000.0,"POLYGON ((147 5.2, 154.4 -0.1, 153 -2.2, 145.2 3.1, 147 5.2))"
18C,2020-03-27 12:55:00+00:00,2020-03-27 14:55:00+00:00,0.0,41000.0,"POLYGON ((-97.88949573697812 32.67314286787507, -97.77579558724358 32.50860631889478, -99.54655755701835 31.28495174272077, -99.66025770675289 31.449488291701066, -97.88949573697812 32.67314286787507))"
19C,2020-03-27 12:55:00+00:00,2020-03-27 14:55:00+00:00,0.0,27000.0,"POLYGON ((-92.0448979551895 40.51962803702838, -91.31762522791678 40.51962803702838, -91.31762522791678 39.79235530975565, -92.0448979551895 39.79235530975565, -92.0448979551895 40.51962803702838))"
17C,2020-03-27 12:55:00+00:00,2020-03-27 14:55:00+00:00,0.0,28000.0,"POLYGON ((-88.5310762334845 39.880275669057944, -87.80380350621178 39.880275669057944, -87.80380350621178 39.15300294178521, -88.5310762334845 39.15300294178521, -88.5310762334845 39.880275669057944))"
FOXTROT 14,2020-03-27 13:40:00+00:00,2020-03-27 17:40:00+00:00,0.0,43000.0,"POLYGON ((-54.15 35, -49 33.3, -59.15 21.15, -61.45 26.3, -54.15 35))"
4E,2020-03-27 13:55:00+00:00,2020-03-27 15:55:00+00:00,0.0,33000.0,"POLYGON ((-82.03 38.75, -82.31165886486323 38.21539632582754, -82.88299669884549 38.47027014585068, -82.71292970547822 38.52671061807607, -82.03 38.75))"
20C,2020-03-27 13:55:00+00:00,2020-03-27 15:55:00+00:00,0.0,41000.0,"POLYGON ((-97.24712097089491 33.012953058191215, -97.15112835110742 32.837495322692504, -99.08981292963601 31.776844385270994, -99.1858055494235 31.952302120769705, -97.24712097089491 33.012953058191215))"
DELTA 2,2020-03-27 14:40:00+00:00,2020-03-27 18:40:00+00:00,0.0,46000.0,"POLYGON ((179.45 39.15, 177.15 27, 168.15 24, 175.15 38, 179.45 39.15))"
5E,2020-03-27 14:55:00+00:00,2020-03-27 16:55:00+00:00,0.0,30000.0,"POLYGON ((-81.51501471005984 38.91484620724385, -80.47158182507468 38.90941110138896, -80.1 38.331716242316425, -81.6880032549033 38.63885157511654, -81.51501471005984 38.91484620724385))"
21C,2020-03-27 14:55:00+00:00,2020-03-27 16:55:00+00:00,0.0,44000.0,"POLYGON ((-98.7411139137596 32.53335262175282, -98.57969407413133 32.415269450325304, -99.73929008018585 30.830100293128034, -99.90070991981413 30.94818346455554, -98.7411139137596 32.53335262175282))"
OSCAR 2,2020-03-27 15:18:00+00:00,2020-03-27 19:20:00+00:00,0.0,54000.0,"POLYGON ((145 6.2, 152.5 2.1, 151.1 0.1, 143.3 4.4, 145 6.2))"
22C,2020-03-27 16:55:00+00:00,2020-03-27 18:55:00+00:00,0.0,43000.0,"POLYGON ((-97.80110652497724 37.54049442183621, -97.6377703434898 37.42507652107076, -99.33388734983701 35.024779224591235, -99.49722353132445 35.140197125356686, -97.80110652497724 37.54049442183621))"
FOXTROT 15,2020-03-27 17:30:00+00:00,2020-03-27 21:30:00+00:00,0.0,42000.0,"POLYGON ((-53 31.45, -50.15 27.45, -60.45 22.3, -59 28, -53 31.45))"
23C,2020-03-27 17:55:00+00:00,2020-03-27 19:55:00+00:00,0.0,37000.0,"POLYGON ((-97.16736700088485 37.619699629804614, -96.98136659138164 37.54618876214114, -98.00612197326076 34.95330791705703, -98.19212238276397 35.026818784720504, -97.16736700088485 37.619699629804614))"
24C,2020-03-27 17:55:00+00:00,2020-03-27 19:55:00+00:00,0.0,39000.0,"POLYGON ((-93.51730596738257 36.10839952675183, -93.4014621132143 35.94536517009214, -94.37580447553013 35.25304744735789, -94.4916483296984 35.41608180401759, -93.51730596738257 36.10839952675183))"
DELTA 3,2020-03-27 18:10:00+00:00,2020-03-27 22:10:00+00:00,,,"POLYGON ((175.15 36.3, -180 33, 177.15 27, 168.15 23, 175.15 36.3))"
25C,2020-03-27 18:55:00+00:00,2020-03-27 20:55:00+00:00,0.0,43000.0,"POLYGON ((-97.62698822128678 36.58492398265086, -95.9961671469739 36.199823218590545, -97.6 34.90089313279083, -98.16435509971946 35.2076866093756, -97.62698822128678 36.58492398265086))"
OSCAR 3,2020-03-27 19:17:00+00:00,2020-03-27 23:18:00+00:00,0.0,57000.0,"POLYGON ((142 7, 151.5 3, 150 0, 141 0, 142 7))"
26C,2020-03-27 19:55:00+00:00,2020-03-27 21:55:00+00:00,0.0,43000.0,"POLYGON ((-96.73222946971424 38.023593436432385, -94.69831603197402 36.99296699057877, -96.40674317731386 35.359531159262644, -97.64332821689645 36.88394649635953, -96.73222946971424 38.023593436432385))"
27C,2020-03-27 20:55:00+00:00,2020-03-27 22:55:00+00:00,0.0,43000.0,"POLYGON ((-91.009396530976 37.92210618444479, -90.08260542035002 36.27225553280849, -96.54941467286189 35.942931889211366, -94.73175056075276 37.808636657037304, -91.009396530976 37.92210618444479))"
28C,2020-03-27 21:55:00+00:00,2020-03-27 23:55:00+00:00,0.0,45000.0,"POLYGON ((-91.28000000000002 39.184524177054435, -89.5575434376016 36.480880923760125, -93.08854246998952 36.24557256233406, -97.09376428761767 36.34715600899554, -91.28000000000002 39.184524177054435))"
PAPA 1,2020-03-27 22:00:00+00:00,2020-03-28 02:00:00+00:00,0.0,45000.0,"POLYGON ((176.1 32.3, 179.4 31.5, 171.2 21.3, 167.4 22.3, 176.1 32.3))"
29C,2020-03-27 22:55:00+00:00,2020-03-28 00:55:00+00:00,0.0,45000.0,"POLYGON ((-92.22 38.81, -87.82751932455459 36.516536783670084, -94.55961492448581 36.60211901382818, -92.22 38.81))"
OSCAR 4,2020-03-27 23:12:00+00:00,2020-03-28 03:15:00+00:00,0.0,58000.0,"POLYGON ((141.1 6.4, 149.2 4, 149.4 0, 141 0.1, 141.1 6.4))"
30C,2020-03-27 23:55:00+00:00,2020-03-28 01:55:00+00:00,0.0,45000.0,"POLYGON ((-88.86000000000001 39.16171624231642, -87.76 37.496287181737316, -90.57637190885957 37.00166093449606, -92.78434448075375 37.35874677808657, -92.04845877098725 38.86519953920846, -88.86000000000001 39.16171624231642))"
32C,2020-03-27 23:55:00+00:00,2020-03-28 01:55:00+00:00,0.0,38000.0,"POLYGON ((-94.75115334761861 38.47416515393296, -93.5693145922869 38.26640286899794, -94.12 36.828283757683586, -96.06613027455181 36.733948241753836, -94.75115334761861 38.47416515393296))"
31C,2020-03-27 23:55:00+00:00,2020-03-28 01:55:00+00:00,0.0,29000.0,"POLYGON ((-103.31396368429951 40.26214996308212, -102.65697790868556 39.992847152478575, -102.4290997671659 38.40416588035997, -103.74723523391953 38.50932390781557, -104.64264097159281 38.69050698890986, -103.31396368429951 40.26214996308212))"
1C,2020-03-28 00:55:00+00:00,2020-03-28 02:55:00+00:00,0.0,45000.0,"POLYGON ((-90.39806058467182 39.013676277928, -87.8556513375574 39.017861156669376, -87.33815475739594 37.92924705313033, -90.62806684086054 36.900803767097244, -91.70115975455683 37.66086322801481, -90.39806058467182 39.013676277928))"
2C,2020-03-28 00:55:00+00:00,2020-03-28 02:55:00+00:00,0.0,38000.0,"POLYGON ((-93.70945577716542 38.95349750043532, -91.87665156958296 38.92014776093868, -91.16397645942631 38.636702792268466, -93.83300979169923 37.1929593035637, -95.04242291770026 38.268705001323106, -93.70945577716542 38.95349750043532))"
PAPA 2,2020-03-28 01:50:00+00:00,2020-03-28 05:50:00+00:00,0.0,45000.0,"POLYGON ((180 31.1, 177.1 23, 172 24.1, 174.4 30, 180 31.1))"
3C,2020-03-28 01:55:00+00:00,2020-03-28 03:55:00+00:00,0.0,30000.0,"POLYGON ((-89.76 44.04910686720918, -88.79417267727766 41.90195098346136, -89.81097784063753 41.159788844474924, -91.16058214673588 42.39911777749414, -93.65094617350803 42.85426925104558, -89.76 44.04910686720918))"
4C,2020-03-28 01:55:00+00:00,2020-03-28 03:55:00+00:00,0.0,45000.0,"POLYGON ((-89.18826847650142 39.12471611685555, -85.77063754524288 39.015106850771055, -86.0028247599437 38.099242434803934, -88.6463834178582 37.22081786509165, -90.14939936616821 37.82367747486619, -89.18826847650142 39.12471611685555))"
5C,2020-03-28 01:55:00+00:00,2020-03-28 03:55:00+00:00,0.0,38000.0,"POLYGON ((-91.54552140179398 39.64524268439336, -90.69195713031971 38.459109544199876, -94.53157952027186 36.93682114977555, -95.53568285788462 37.27017672180945, -93.70945577716542 38.95349750043532, -91.54552140179398 39.64524268439336))"
OSCAR 5,2020-03-28 02:15:00+00:00,2020-03-28 06:15:00+00:00,0.0,58000.0,"POLYGON ((141.1 4.3, 148 3.3, 147.4 0, 141 0.1, 141.1 4.3))"
QUEBEC 1,2020-03-28 02:20:00+00:00,2020-03-28 06:20:00+00:00,0.0,50000.0,"POLYGON ((-148.4 10.4, -140 8.5, -141.1 5, -152 6.3, -148.4 10.4))"
9C,2020-03-28 02:55:00+00:00,2020-03-28 04:55:00+00:00,0.0,40000.0,"POLYGON ((-99.30910253740542 39.96223595215377, -100.97365082028513 38.38086417783985, -104.43 37.957262088527216, -104.75724720315895 38.904366804050824, -101.19201143456726 40.007438518178915, -99.30910253740542 39.96223595215377))"
1E,2020-03-28 02:55:00+00:00,2020-03-28 04:55:00+00:00,0.0,35000.0,"POLYGON ((-84.59403777455836 42.509795034740584, -83.07372252288019 41.675352375917036, -83.66093964400444 40.28938149924858, -85.76449254910095 40.97857405759703, -84.59403777455836 42.509795034740584))"
7C,2020-03-28 02:55:00+00:00,2020-03-28 04:55:00+00:00,0.0,45000.0,"POLYGON ((-89.90719968268995 40.06725655621914, -89.73737144869067 38.85764865265398, -92.65585278967987 37.57938910207994, -94.62002591139668 38.16770111828196, -92.94829128018705 39.461614450447534, -89.90719968268995 40.06725655621914))"
8C,2020-03-28 02:55:00+00:00,2020-03-28 04:55:00+00:00,0.0,34000.0,"POLYGON ((-84.91485066482737 39.42050190943289, -85.21257402234761 38.09942794433702, -86.95430077698154 37.33780220092306, -88.43530424837627 37.70676821432096, -88.64539973075875 39.33910344787464, -84.91485066482737 39.42050190943289))"
6C,2020-03-28 02:55:00+00:00,2020-03-28 04:55:00+00:00,0.0,30000.0,"POLYGON ((-92.80956135810067 44.56250745748204, -88.19 43.98171624231643, -88.97445978884969 42.60675394409631, -93.88017484043925 43.254659099590675, -92.80956135810067 44.56250745748204))"
ROMEO 1,2020-03-28 03:10:00+00:00,2020-03-28 07:10:00+00:00,0.0,57000.0,"POLYGON ((170.4 7.4, 169.2 3.4, 180 3.3, -180 6.5, 170.4 7.4))"
4E,2020-03-28 03:55:00+00:00,2020-03-28 05:55:00+00:00,0.0,44000.0,"POLYGON ((-84.65264208137738 39.81781594755168, -83.20617951214237 38.36209169347432, -84.43161758531153 37.64438700049208, -86.44 37.595475822945566, -87.25 38.65815522131805, -84.65264208137738 39.81781594755168))"
10C,2020-03-28 03:55:00+00:00,2020-03-28 05:55:00+00:00,0.0,38000.0,"POLYGON ((-90.08367121382138 42.58929839309457, -89.84192651747685 40.698609860472835, -91.61 40.68815522131805, -92.61980619409042 41.75375092459007, -91.5459463629916 42.65163734701528, -90.08367121382138 42.58929839309457))"
12C,2020-03-28 03:55:00+00:00,2020-03-28 05:55:00+00:00,0.0,33000.0,"POLYGON ((-100.59 40.366368955736405, -99.06541994897518 40.189999276115465, -100.55605810569212 38.644723941847474, -102.69 37.86726208852723, -103.18236771717152 39.12120729688114, -100.59 40.366368955736405))"
13C,2020-03-28 03:55:00+00:00,2020-03-28 05:55:00+00:00,0.0,45000.0,"POLYGON ((-87.94591366695231 40.55669237705705, -87.5771106508978 38.874720205563136, -92.16383383771806 37.73628815142214, -93.73466581861939 38.85579128560341, -92.42420914737689 39.822471768022446, -87.94591366695231 40.55669237705705))"
3E,2020-03-28 03:55:00+00:00,2020-03-28 05:55:00+00:00,0.0,34000.0,"POLYGON ((-86.18271538916323 41.872145453854095, -85.38149996966641 40.979841559760395, -86.89433693356877 40.50454200922684, -87.47553267406413 40.86597407700024, -87.75175059592524 41.7227721341091, -86.18271538916323 41.872145453854095))"
5E,2020-03-28 03:55:00+00:00,2020-03-28 05:55:00+00:00,0.0,32000.0,"POLYGON ((-75.51 38.35, -76.0142380630318 36.315210579347806, -78.90490063027733 37.138877754578054, -78.5934787990694 37.75938308591102, -75.51 38.35))"
2E,2020-03-28 03:55:00+00:00,2020-03-28 05:55:00+00:00,0.0,35000.0,"POLYGON ((-83.37 42.21, -81.65720826609568 41.41983908558856, -83.66093964400444 40.28938149924858, -85.19 41.70285469710447, -83.37 42.21))"
11C,2020-03-28 03:55:00+00:00,2020-03-28 05:55:00+00:00,0.0,31000.0,"POLYGON ((-96.01245667089266 41.37413373947627, -95.83144327127928 40.19938346625069, -97.47722229149217 39.19704546601324, -98.5492733547666 39.64192441020418, -98.6425358963517 40.84536333223153, -96.01245667089266 41.37413373947627))"
VICTOR 1,2020-03-28 04:19:00+00:00,2020-03-28 08:20:00+00:00,0.0,45000.0,"POLYGON ((-160.5 28.5, -156 24, -162.2 23.1, -160.5 28.5))"
7E,2020-03-28 04:55:00+00:00,2020-03-28 06:55:00+00:00,0.0,34000.0,"POLYGON ((-83.99442888197466 42.39930971080524, -85.35945829752562 41.287286005051804, -87.2777481387345 42.17932273021383, -83.99442888197466 42.39930971080524))"
8E,2020-03-28 04:55:00+00:00,2020-03-28 06:55:00+00:00,0.0,44000.0,"POLYGON ((-83.08310708778652 39.22671759010684, -82.03 38.41726208852721, -82.17243217147465 37.77531963365785, -84.79599746175148 38.352066166173906, -84.39615231154083 39.25488779012915, -83.08310708778652 39.22671759010684))"
15C,2020-03-28 04:55:00+00:00,2020-03-28 06:55:00+00:00,0.0,31000.0,"POLYGON ((-96.5535733373827 40.912464794067716, -95.75032806436765 39.84616659060084, -96.54043695938543 39.58470851718954, -97.73458005102482 40.189999276115465, -96.5535733373827 40.912464794067716))"
14C,2020-03-28 04:55:00+00:00,2020-03-28 06:55:00+00:00,0.0,38000.0,"POLYGON ((-90.4042265182389 43.077620086045435, -88.70027577032977 42.99189667584264, -88.4774809034853 41.66753330180197, -91.28000000000002 40.68184477868197, -91.81549085004663 41.583483856166424, -90.4042265182389 43.077620086045435))"
ECHO 1,2020-03-28 04:55:00+00:00,2020-03-28 08:55:00+00:00,17000.0,28000.0,"POLYGON ((168 53.15, 169 48, 172 44.3, 168.15 42.15, 165.15 46.3, 164.45 52.15, 168 53.15))"
6E,2020-03-28 04:55:00+00:00,2020-03-28 06:55:00+00:00,0.0,35000.0,"POLYGON ((-82.36058947447223 41.51641038906076, -81.63331674719952 41.51641038906076, -81.63331674719952 40.789137661788025, -82.36058947447223 40.789137661788025, -82.36058947447223 41.51641038906076))"
16C,2020-03-28 04:55:00+00:00,2020-03-28 06:55:00+00:00,0.0,33000.0,"POLYGON ((-98.6878871007968 40.93448834698821, -98.5971846919066 40.756238317474846, -101.45758559990946 39.30072521907097, -101.54828800879966 39.478975248584334, -98.6878871007968 40.93448834698821))"
17C,2020-03-28 04:55:00+00:00,2020-03-28 06:55:00+00:00,0.0,45000.0,"POLYGON ((-89.29842986436057 40.62536619026701, -85.75780304522627 39.88480647876619, -86.73202350371668 39.3228747974882, -90.48 38.71542906057911, -92.94829128018705 39.461614450447534, -89.29842986436057 40.62536619026701))"
PAPA 3,2020-03-28 05:34:00+00:00,2020-03-28 09:35:00+00:00,0.0,40000.0,"POLYGON ((175.3 30, 173.4 23.3, -179.3 29.4, 175.3 30))"
OSCAR 6,2020-03-28 05:43:00+00:00,2020-03-28 09:45:00+00:00,0.0,55000.0,"POLYGON ((138.2 6.5, 142.5 6.3, 146.5 0, 141.1 0.1, 141.1 3.4, 138.3 3.4, 138.2 6.5))"
10E,2020-03-28 05:55:00+00:00,2020-03-28 07:55:00+00:00,0.0,36000.0,"POLYGON ((-82.03 39.08273791147279, -80.82136344923006 38.0149049261673, -81.50827419756392 37.65202920401076, -83.40097382900974 38.29630242707246, -83.01981883374182 39.06416854423543, -82.03 39.08273791147279))"
9E,2020-03-28 05:55:00+00:00,2020-03-28 07:55:00+00:00,0.0,41000.0,"POLYGON ((-85.99003648281649 40.25390534240683, -84.25631212542405 39.88909955929163, -85.99449471286269 39.18538444593747, -85.99003648281649 40.25390534240683))"
18C,2020-03-28 05:55:00+00:00,2020-03-28 07:55:00+00:00,0.0,44000.0,"POLYGON ((-88.28 42.9754290605791, -86.89395203858587 42.4673287636335, -87.18369249007392 41.76646934524664, -91.61 41.230858121158214, -88.28 42.9754290605791))"
21C,2020-03-28 05:55:00+00:00,2020-03-28 07:55:00+00:00,0.0,40000.0,"POLYGON ((-88.36934598862189 39.99964975698518, -88.30595529637071 39.809961538753484, -90.23394520955564 39.16565892265326, -90.29733590180682 39.35534714088495, -88.36934598862189 39.99964975698518))"
22C,2020-03-28 05:55:00+00:00,2020-03-28 07:55:00+00:00,0.0,40000.0,"POLYGON ((-91.80762893800122 41.87407909204971, -91.70916689502849 41.69999512927991, -93.60076897851364 40.630103321510624, -93.69923102148637 40.804187284280424, -91.80762893800122 41.87407909204971))"
23C,2020-03-28 05:55:00+00:00,2020-03-28 07:55:00+00:00,0.0,41000.0,"POLYGON ((-91.88896360165991 40.349189793754064, -89.80001556926068 39.73620912368423, -91.06506111248223 39.4491026750839, -92.50615179196588 39.34391684211417, -92.93881327032933 40.01882650389506, -91.88896360165991 40.349189793754064))"
19C,2020-03-28 05:55:00+00:00,2020-03-28 07:55:00+00:00,0.0,38000.0,"POLYGON ((-97.38667252680948 41.375982967581706, -95.20015466930629 40.75982695520589, -95.5128006326117 39.976605476585654, -96.95816602142415 39.43927361495495, -97.91296302058817 40.577770741470815, -97.38667252680948 41.375982967581706))"
20C,2020-03-28 05:55:00+00:00,2020-03-28 07:55:00+00:00,0.0,33000.0,"POLYGON ((-99.69360808720327 41.066361952455544, -99.44800825282158 39.88368095803942, -99.6438304811499 39.843015802285024, -99.8894303155316 41.02569679670115, -99.69360808720327 41.066361952455544))"
ROMEO 2,2020-03-28 06:21:00+00:00,2020-03-28 10:25:00+00:00,0.0,55000.0,"POLYGON ((169.4 9.1, 169.1 3.4, -177.5 7.4, 169.4 9.1))"
25C,2020-03-28 06:55:00+00:00,2020-03-28 08:55:00+00:00,,,"POLYGON ((-95.98310054545072 41.27709140530778, -95.97488210014966 40.24343851004238, -96.11595934312437 40.33381581426646, -93.55358670759836 41.48836851540891, -96.17487577880753 40.24184838523729, -96.1830942241086 41.27550128050269, -93.4714259003068 41.30602378215566, -96.03379853583282 40.15147108101321, -95.98310054545072 41.27709140530778))"
12E,2020-03-28 06:55:00+00:00,2020-03-28 08:55:00+00:00,0.0,42000.0,"POLYGON ((-80.71499833380831 39.36798091499079, -80.54209530135792 39.267459567161275, -81.37203839233388 37.83990531834266, -81.54494142478427 37.94042666617217, -80.71499833380831 39.36798091499079))"
11E,2020-03-28 06:55:00+00:00,2020-03-28 08:55:00+00:00,0.0,45000.0,"POLYGON ((-84.83674772440907 40.86881055229162, -83.15741259038961 40.14861526425747, -84.43607866232864 39.224157280884185, -85.63037083475558 39.01630502560419, -84.83674772440907 40.86881055229162))"
26C,2020-03-28 06:55:00+00:00,2020-03-28 08:55:00+00:00,0.0,30000.0,"POLYGON ((-98.86049990122754 41.47641052054607, -98.13322717395482 41.47641052054607, -98.13322717395482 40.749137793273334, -98.86049990122754 40.749137793273334, -98.86049990122754 41.47641052054607))"
24C,2020-03-28 06:55:00+00:00,2020-03-28 08:55:00+00:00,0.0,40000.0,"POLYGON ((-85.85669804750597 43.225178678585564, -86.04499166000427 41.97412689231531, -89.41244209804378 41.21518864040007, -91.03073967614907 41.51854668811459, -88.82746791598113 42.95271812006603, -85.85669804750597 43.225178678585564))"
27C,2020-03-28 06:55:00+00:00,2020-03-28 08:55:00+00:00,0.0,44000.0,"POLYGON ((-86.46253481062266 41.807677761366676, -84.57911167201583 41.07171560192331, -84.65190322978226 40.88543251327075, -86.5353263683891 41.62139467271412, -86.46253481062266 41.807677761366676))"
28C,2020-03-28 06:55:00+00:00,2020-03-28 08:55:00+00:00,0.0,42000.0,"POLYGON ((-91.13789611492784 42.36320808556144, -91.00431615179629 42.21435784723522, -92.81494854168663 40.58947494072438, -92.94852850481819 40.7383251790506, -91.13789611492784 42.36320808556144))"
30C,2020-03-28 06:55:00+00:00,2020-03-28 08:55:00+00:00,0.0,34000.0,"POLYGON ((-101.891277835812 39.52913927060156, -101.34582329035747 39.52913927060156, -101.34582329035747 38.983684725147015, -101.891277835812 38.983684725147015, -101.891277835812 39.52913927060156))"
31C,2020-03-28 06:55:00+00:00,2020-03-28 08:55:00+00:00,0.0,27000.0,"POLYGON ((-103.13256049755914 38.41728000249556, -102.58710595210461 38.41728000249556, -102.58710595210461 37.87182545704101, -103.13256049755914 37.87182545704101, -103.13256049755914 38.41728000249556))"
29C,2020-03-28 06:55:00+00:00,2020-03-28 08:55:00+00:00,0.0,41000.0,"POLYGON ((-89.59 40.43714530289552, -90.7433221269754 39.06415897446235, -92.22 38.81, -91.42469092021102 40.117042571367875, -89.59 40.43714530289552))"
14E,2020-03-28 07:55:00+00:00,2020-03-28 09:55:00+00:00,0.0,45000.0,"POLYGON ((-84.70600884582146 42.1990385536438, -82.73741181422372 41.41659056837221, -83.43377644604259 40.479420387532926, -85.44478663911559 41.44083525882216, -84.70600884582146 42.1990385536438))"
17E,2020-03-28 07:55:00+00:00,2020-03-28 09:55:00+00:00,0.0,29000.0,"POLYGON ((-80.95576676468117 41.19300594963018, -80.22849403740845 41.19300594963018, -80.22849403740845 40.46573322235744, -80.95576676468117 40.46573322235744, -80.95576676468117 41.19300594963018))"
13E,2020-03-28 07:55:00+00:00,2020-03-28 09:55:00+00:00,0.0,45000.0,"POLYGON ((-82.95551230870113 40.817259109410145, -81.3571701003362 40.42767224422808, -82.2440239975268 39.15050380040692, -84.17061983200935 39.42771555331783, -82.95551230870113 40.817259109410145))"
15E,2020-03-28 07:55:00+00:00,2020-03-28 09:55:00+00:00,0.0,42000.0,"POLYGON ((-79.27719393275738 39.69925617574979, -79.1013541072824 39.60396527494111, -80.11753037695604 37.72882025695052, -80.29337020243102 37.8241111577592, -79.27719393275738 39.69925617574979))"
16E,2020-03-28 07:55:00+00:00,2020-03-28 09:55:00+00:00,0.0,42000.0,"POLYGON ((-78.39048238862792 40.10466577874539, -76.86933800492753 39.458450916573966, -76.94753830354017 39.27437290784697, -78.46868268724056 39.92058777001839, -78.39048238862792 40.10466577874539))"
36C,2020-03-28 07:58:00+00:00,2020-03-28 09:55:00+00:00,,,"POLYGON ((-88.55983133042237 41.84395387743395, -90.68532002308109 42.3852687622793, -90.77390233974506 42.36528084234285, -91.93668255422321 41.39926935688862, -90.7346799769189 42.19145546305262, -88.60919128426018 41.65014057820727, -91.80887787473307 41.24543189753484, -90.64609766025492 42.21144338298907, -88.55983133042237 41.84395387743395))"
32C,2020-03-28 07:58:00+00:00,2020-03-28 09:55:00+00:00,0.0,40000.0,"POLYGON ((-84.65875939100886 43.04159557582192, -85.19 41.81184477868196, -88.32 41.55, -88.28 42.9536310442636, -84.65875939100886 43.04159557582192))"
38C,2020-03-28 07:58:00+00:00,2020-03-28 09:55:00+00:00,0.0,34000.0,"POLYGON ((-98.5147319115505 35.9842720716812, -98.33537346772265 35.89578168447641, -99.46308786374095 33.61005206410505, -99.6424463075688 33.698542451309834, -98.5147319115505 35.9842720716812))"
37C,2020-03-28 07:58:00+00:00,2020-03-28 09:55:00+00:00,0.0,41000.0,"POLYGON ((-89.00515462444383 39.94142680823298, -88.98112676094627 39.74287539983772, -91.12441689140257 39.483503365630085, -91.14844475490014 39.682054774025346, -89.00515462444383 39.94142680823298))"
34C,2020-03-28 07:58:00+00:00,2020-03-28 09:55:00+00:00,0.0,30000.0,"POLYGON ((-97.57750275517813 41.940312217693496, -96.93449083551188 40.86175907471549, -97.10627824669233 40.759342838893645, -97.74929016635858 41.83789598187165, -97.57750275517813 41.940312217693496))"
33C,2020-03-28 07:58:00+00:00,2020-03-28 09:55:00+00:00,0.0,39000.0,"POLYGON ((-92.36387771095035 41.831633129286686, -92.28812618458097 41.64653394978362, -95.64622713299194 40.27223681228441, -95.72197865936131 40.45733599178748, -92.36387771095035 41.831633129286686))"
35C,2020-03-28 07:58:00+00:00,2020-03-28 09:55:00+00:00,0.0,28000.0,"POLYGON ((-96.28518394361993 41.646861012203544, -95.7397293981654 41.646861012203544, -95.7397293981654 41.101406466749, -96.28518394361993 41.101406466749, -96.28518394361993 41.646861012203544))"
VICTOR 2,2020-03-28 08:06:00+00:00,2020-03-28 12:10:00+00:00,0.0,45000.0,"POLYGON ((-160.3 28.2, -157.1 25, -162.2 22.5, -160.3 28.2))"
ECHO 2,2020-03-28 08:35:00+00:00,2020-03-28 12:35:00+00:00,17000.0,29000.0,"POLYGON ((168.3 54, 169.45 48.3, 172.45 45.15, 169.3 43, 166.3 46, 165.15 52.15, 168.3 54))"
21E,2020-03-28 08:55:00+00:00,2020-03-28 10:55:00+00:00,0.0,34000.0,"POLYGON ((-84.08 43.19726208852722, -84.04382881910432 42.20802820277131, -87.4277882744735 41.636107422246546, -87.14043773404016 43.114345639649905, -84.08 43.19726208852722))"
46C,2020-03-28 08:55:00+00:00,2020-03-28 10:55:00+00:00,0.0,39000.0,"POLYGON ((-98.0787253042685 36.65730495210532, -97.30031661391811 36.34840023440963, -97.57234974601919 34.209343151837814, -99.30507695439212 32.00821909695236, -100.8105267911084 31.49682920279749, -98.0787253042685 36.65730495210532))"
43C,2020-03-28 08:55:00+00:00,2020-03-28 10:55:00+00:00,0.0,40000.0,"POLYGON ((-90.02153443857358 43.088585883258176, -88.62543495212239 42.504657774530514, -88.52518185941312 41.486150889722836, -91.16559750734353 41.51914461478028, -91.12544183703582 42.27191582230156, -90.02153443857358 43.088585883258176))"
18E,2020-03-28 08:55:00+00:00,2020-03-28 10:55:00+00:00,0.0,36000.0,"POLYGON ((-82.06998081755158 41.01909137011609, -80.28297107681102 40.696410854493166, -81.95892704151316 38.883544633141106, -82.59 39.42714530289553, -82.06998081755158 41.01909137011609))"
19E,2020-03-28 08:55:00+00:00,2020-03-28 10:55:00+00:00,0.0,42000.0,"POLYGON ((-83.22124017604304 41.94277139514265, -81.92393048930565 41.55354249711418, -82.2981739519357 40.68389980054622, -84.19014142760635 41.59369971327973, -83.22124017604304 41.94277139514265))"
20E,2020-03-28 08:55:00+00:00,2020-03-28 10:55:00+00:00,0.0,36000.0,"POLYGON ((-76.75818796448766 39.793983305286254, -76.67031614533414 39.61432100150872, -78.22038784298394 38.85618967942823, -78.30825966213746 39.03585198320577, -76.75818796448766 39.793983305286254))"
44C,2020-03-28 08:55:00+00:00,2020-03-28 10:55:00+00:00,0.0,44000.0,"POLYGON ((-87.78725570867182 40.43523295632732, -87.75455498701156 40.237924409115344, -90.69872436446313 39.74997563703662, -90.7314250861234 39.947284184248595, -87.78725570867182 40.43523295632732))"
41C,2020-03-28 08:55:00+00:00,2020-03-28 10:55:00+00:00,0.0,31000.0,"POLYGON ((-96.68451955314997 42.66772688733307, -96.1754752546646 41.03252789894101, -96.36643614836467 40.97308097238238, -96.87548044685003 42.60827996077443, -96.68451955314997 42.66772688733307))"
45C,2020-03-28 08:55:00+00:00,2020-03-28 10:55:00+00:00,0.0,45000.0,"POLYGON ((-98.22971045668776 30.21475135571126, -98.06608638558778 30.099741950197316, -99.33818796445001 28.289920933768393, -99.50181203554999 28.404930339282338, -98.22971045668776 30.21475135571126))"
39C,2020-03-28 08:55:00+00:00,2020-03-28 10:55:00+00:00,0.0,33000.0,"POLYGON ((-93.35233785311534 41.97388273483216, -91.25260734873474 41.630097130530665, -92.18707220960734 40.435984778395145, -93.37812311654416 41.235225204565914, -93.35233785311534 41.97388273483216))"
40C,2020-03-28 08:55:00+00:00,2020-03-28 10:55:00+00:00,0.0,38000.0,"POLYGON ((-93.62486842950285 41.393851771957266, -93.52783238191005 41.21896893841558, -94.88421316957759 40.46636316230496, -94.9812492171704 40.641245995846646, -93.62486842950285 41.393851771957266))"
42C,2020-03-28 08:55:00+00:00,2020-03-28 10:55:00+00:00,0.0,29000.0,"POLYGON ((-100.7741388462039 40.62033167186438, -100.13777520984027 40.62033167186438, -100.13777520984027 39.98396803550074, -100.7741388462039 39.98396803550074, -100.7741388462039 40.62033167186438))"
PAPA 4,2020-03-28 09:15:00+00:00,2020-03-28 13:15:00+00:00,0.0,45000.0,"POLYGON ((177 29.3, 174.5 23.2, -179.1 29.2, 177 29.3))"
OSCAR 7,2020-03-28 09:24:00+00:00,2020-03-28 13:20:00+00:00,0.0,55000.0,"POLYGON ((138.2 7.1, 143 6.5, 147.5 0.2, 141.1 0.3, 141.1 3.3, 138.3 3.3, 138.2 7.1))"
ROMEO 3,2020-03-28 09:54:00+00:00,2020-03-28 13:50:00+00:00,,,"POLYGON ((169.5 9.1, -175.1 5.1, -180 2, -180 3.3, 169.1 3.3, 169.5 9.1))"
24E,2020-03-28 09:55:00+00:00,2020-03-28 11:55:00+00:00,0.0,35000.0,"POLYGON ((-85.5 43.12273791147278, -83.57891710890732 43.08752781593012, -83.19891885619079 41.90246278432584, -85.90864482005092 41.641932219960715, -85.5 43.12273791147278))"
23E,2020-03-28 09:55:00+00:00,2020-03-28 11:55:00+00:00,0.0,36000.0,"POLYGON ((-80.9088188311496 41.82733526884612, -80.46419995752024 41.290836738499145, -81.97007102379331 40.61891570090371, -82.89616742566581 41.856099924934846, -80.9088188311496 41.82733526884612))"
54C,2020-03-28 09:55:00+00:00,2020-03-28 11:55:00+00:00,0.0,45000.0,"POLYGON ((-97.13576946720363 37.39624276562826, -96.03500485443976 37.15707089898346, -96.35670613636886 35.319203887459075, -99.16724166426272 31.889897624369862, -99.86 32.48, -97.13576946720363 37.39624276562826))"
51C,2020-03-28 09:55:00+00:00,2020-03-28 11:55:00+00:00,0.0,35000.0,"POLYGON ((-87.85797133080946 43.24655881184098, -87.5822729187054 42.22484413896888, -89.42007208154796 41.46728521560334, -90.36847128643903 41.78467071166242, -89.76 42.88452417705443, -87.85797133080946 43.24655881184098))"
22E,2020-03-28 09:55:00+00:00,2020-03-28 11:55:00+00:00,0.0,41000.0,"POLYGON ((-80.61719736081176 41.135967286279325, -78.97570287597657 40.58704106223703, -79.58384906291772 39.07483972966404, -81.17036769411763 39.02348244595857, -80.61719736081176 41.135967286279325))"
49C,2020-03-28 09:55:00+00:00,2020-03-28 11:55:00+00:00,0.0,29000.0,"POLYGON ((-101.69895209616922 39.45797486405883, -101.15349755071469 39.45797486405883, -101.15349755071469 38.91252031860429, -101.69895209616922 38.91252031860429, -101.69895209616922 39.45797486405883))"
52C,2020-03-28 09:55:00+00:00,2020-03-28 11:55:00+00:00,0.0,41000.0,"POLYGON ((-86.7009392425069 40.65870931072794, -86.67789083374996 40.460041822562985, -89.13852505326714 40.17457134213038, -89.1615734620241 40.373238830295335, -86.7009392425069 40.65870931072794))"
50C,2020-03-28 09:55:00+00:00,2020-03-28 11:55:00+00:00,0.0,29000.0,"POLYGON ((-100.30138607445855 41.36564057817566, -99.66502243809492 41.36564057817566, -99.66502243809492 40.72927694181202, -100.30138607445855 40.72927694181202, -100.30138607445855 41.36564057817566))"
47C,2020-03-28 09:55:00+00:00,2020-03-28 11:55:00+00:00,0.0,36000.0,"POLYGON ((-91.03098645584919 42.020634708193555, -90.83568598393597 41.977533366329524, -91.18234976404341 40.40673308675156, -91.37765023595662 40.44983442861559, -91.03098645584919 42.020634708193555))"
48C,2020-03-28 09:55:00+00:00,2020-03-28 11:55:00+00:00,0.0,36000.0,"POLYGON ((-93.27714326898875 42.10723233497909, -92.18926032385095 41.51854668811459, -92.99292779039267 40.435984778395145, -94.32650888544372 40.92687413932507, -93.27714326898875 42.10723233497909))"
53C,2020-03-28 09:55:00+00:00,2020-03-28 11:55:00+00:00,0.0,39000.0,"POLYGON ((-97.94458192563108 30.440338114048554, -97.78574217596322 30.31880649706989, -99.34058012516607 28.286659828036033, -99.49941987483393 28.408191445014698, -97.94458192563108 30.440338114048554))"
62C,2020-03-28 10:55:00+00:00,2020-03-28 12:55:00+00:00,0.0,45000.0,"POLYGON ((-95.7613665762566 38.263140596600905, -94.63959918269343 38.15226434338206, -94.69318354175225 36.439634020808136, -96.88628549121216 33.974391913160964, -98.21868510652617 34.11677580134007, -95.7613665762566 38.263140596600905))"
55C,2020-03-28 10:55:00+00:00,2020-03-28 12:55:00+00:00,0.0,36000.0,"POLYGON ((-90.08749347251054 42.19410737343413, -89.89064062022118 42.158766822426294, -90.16523613801184 40.629223299151974, -90.3620889903012 40.66456385015981, -90.08749347251054 42.19410737343413))"
59C,2020-03-28 10:55:00+00:00,2020-03-28 12:55:00+00:00,0.0,35000.0,"POLYGON ((-87.34628738314126 42.397583016800404, -87.91213892994416 41.24259618153052, -89.63052275536978 42.062970828969995, -87.34628738314126 42.397583016800404))"
63C,2020-03-28 10:55:00+00:00,2020-03-28 12:55:00+00:00,0.0,40000.0,"POLYGON ((-97.2433270807621 33.84428085222885, -97.0966729192379 33.7082935112458, -99.42304922690249 31.199436699104616, -99.56970338842669 31.33542404008766, -97.2433270807621 33.84428085222885))"
56C,2020-03-28 10:55:00+00:00,2020-03-28 12:55:00+00:00,0.0,36000.0,"POLYGON ((-92.07657973469667 42.10521892884663, -91.44021609833304 42.10521892884663, -91.44021609833304 41.46885529248299, -92.07657973469667 41.46885529248299, -92.07657973469667 42.10521892884663))"
57C,2020-03-28 10:55:00+00:00,2020-03-28 12:55:00+00:00,0.0,29000.0,"POLYGON ((-100.13423680318928 40.869515784526804, -99.9536463010543 40.783567715679176, -100.69984584750875 39.215684311271154, -100.88043634964373 39.30163238011878, -100.13423680318928 40.869515784526804))"
58C,2020-03-28 10:55:00+00:00,2020-03-28 12:55:00+00:00,0.0,29000.0,"POLYGON ((-99.3826284211152 41.91727626535413, -98.74626478475157 41.91727626535413, -98.74626478475157 41.28091262899049, -99.3826284211152 41.28091262899049, -99.3826284211152 41.91727626535413))"
60C,2020-03-28 10:55:00+00:00,2020-03-28 12:55:00+00:00,0.0,41000.0,"POLYGON ((-86.14106941049411 41.7145362170404, -85.11656719790874 41.11354286093434, -85.74520798342573 40.127685370384924, -87.47183397474915 40.25262089282099, -86.7292417719085 41.462590588634775, -86.14106941049411 41.7145362170404))"
61C,2020-03-28 10:55:00+00:00,2020-03-28 12:55:00+00:00,0.0,40000.0,"POLYGON ((-97.41458946424096 30.843411892635604, -97.25903654928219 30.71770075292306, -99.34222354252061 28.139999127248203, -99.49777645747939 28.265710266960745, -97.41458946424096 30.843411892635604))"
VICTOR 3,2020-03-28 11:37:00+00:00,2020-03-28 15:35:00+00:00,0.0,45000.0,"POLYGON ((-160.2 27.5, -157.5 26, -163.3 24.2, -160.2 27.5))"
66C,2020-03-28 11:55:00+00:00,2020-03-28 13:55:00+00:00,,,"POLYGON ((-96.9273191142224 34.24135436479496, -97.53859194195691 31.85369452549589, -99.68869307600416 30.36308686906548, -96.73771204014511 34.1777213744531, -97.50076303374814 31.90406009448555, -99.80264233366391 30.52745099738668, -97.65254119961666 32.01805865381709, -97.69037010782543 31.96769308482742, -96.9273191142224 34.24135436479496))"
28E,2020-03-28 11:55:00+00:00,2020-03-28 13:55:00+00:00,0.0,39000.0,"POLYGON ((-77.99 40.753631044263614, -76.52493368837355 39.14618889201204, -77.87 38.307262088527224, -78.85828075629536 38.95418493285695, -77.99 40.753631044263614))"
67C,2020-03-28 11:55:00+00:00,2020-03-28 13:55:00+00:00,0.0,45000.0,"POLYGON ((-95.066194712055 38.67472345586934, -93.88672059710635 38.739022769220966, -94.12 36.749106867209186, -96.42430585506919 34.46241227482925, -97.54228606704537 34.33677116938881, -95.066194712055 38.67472345586934))"
31E,2020-03-28 11:55:00+00:00,2020-03-28 13:55:00+00:00,0.0,45000.0,"POLYGON ((-87.24405386104601 40.71517344759781, -84.18373776835756 40.6570231113942, -84.18753736549624 40.45705920699748, -87.2478534581847 40.51520954320109, -87.24405386104601 40.71517344759781))"
29E,2020-03-28 11:55:00+00:00,2020-03-28 13:55:00+00:00,0.0,39000.0,"POLYGON ((-82.02000317625414 41.90546533422276, -80.33366594395599 40.859521645864795, -80.43908406023368 40.689559824385775, -82.12542129253183 41.73550351274374, -82.02000317625414 41.90546533422276))"
30E,2020-03-28 11:55:00+00:00,2020-03-28 13:55:00+00:00,0.0,39000.0,"POLYGON ((-87.35948818589317 42.15470891840492, -84.50765227419325 41.48913264200751, -86.66446732593586 40.86597407700024, -88.67633721718816 41.438799624379456, -87.35948818589317 42.15470891840492))"
69C,2020-03-28 11:55:00+00:00,2020-03-28 13:55:00+00:00,0.0,28000.0,"POLYGON ((-99.15755226576819 42.52095233339738, -98.52118862940456 42.52095233339738, -98.52118862940456 41.88458869703374, -99.15755226576819 41.88458869703374, -99.15755226576819 42.52095233339738))"
64C,2020-03-28 11:55:00+00:00,2020-03-28 13:55:00+00:00,0.0,36000.0,"POLYGON ((-89.07604669271814 42.35552880240927, -88.89159810448825 42.278206630298016, -89.49777570588506 40.83219703510258, -89.68222429411495 40.90951920721383, -89.07604669271814 42.35552880240927))"
65C,2020-03-28 11:55:00+00:00,2020-03-28 13:55:00+00:00,0.0,37000.0,"POLYGON ((-97.84138835382207 30.24160524217641, -97.6916155964477 30.109060452959778, -98.63839289172267 29.0392224987795, -98.78816564909704 29.17176728799613, -97.84138835382207 30.24160524217641))"
68C,2020-03-28 11:55:00+00:00,2020-03-28 13:55:00+00:00,0.0,28000.0,"POLYGON ((-99.31151446502133 41.16580055610394, -99.1609687779287 41.03413432619738, -100.29869838399532 39.73326708489718, -100.44924407108795 39.864933314803736, -99.31151446502133 41.16580055610394))"
71C,2020-03-28 12:55:00+00:00,2020-03-28 14:55:00+00:00,,,"POLYGON ((-97.02879202243957 34.03723020354187, -97.46036890811061 31.65992026116396, -99.66874233969291 30.30838825696551, -96.83504519286782 33.98760998557685, -97.41569589487902 31.72040445490778, -99.77314314280149 30.47897686241816, -97.56476971121918 31.83050886661662, -97.60944272445077 31.7700246728728, -97.02879202243957 34.03723020354187))"
34E,2020-03-28 12:55:00+00:00,2020-03-28 14:55:00+00:00,0.0,39000.0,"POLYGON ((-88.5397185073174 42.65859033182533, -84.49300648923911 42.20452299900412, -86.25766199518847 40.81182761934112, -89.24852641854315 41.77431797741142, -88.5397185073174 42.65859033182533))"
32E,2020-03-28 12:55:00+00:00,2020-03-28 14:55:00+00:00,0.0,35000.0,"POLYGON ((-76.01226629012139 39.96470216272673, -74.64866278154796 38.98226148142995, -76.73729250968316 37.689570437819974, -78.03232622975764 38.33247787478489, -76.01226629012139 39.96470216272673))"
70C,2020-03-28 12:55:00+00:00,2020-03-28 14:55:00+00:00,0.0,42000.0,"POLYGON ((-94.28168792120775 39.64202576871947, -91.91705761580361 39.04489073426621, -95.39566509224406 34.08086945155923, -97.32453844507407 34.517312945292254, -94.28168792120775 39.64202576871947))"
33E,2020-03-28 12:55:00+00:00,2020-03-28 14:55:00+00:00,0.0,34000.0,"POLYGON ((-81.49258122879785 42.03399525085585, -78.41087593397133 39.731722971555044, -78.53057602598888 39.571498479135855, -81.6122813208154 41.87377075843666, -81.49258122879785 42.03399525085585))"
35E,2020-03-28 12:55:00+00:00,2020-03-28 14:55:00+00:00,0.0,45000.0,"POLYGON ((-85.7214602950096 40.912792004672376, -82.14474062580416 40.985342244831344, -82.14068465685003 40.78538337627123, -85.71740432605547 40.71283313611226, -85.7214602950096 40.912792004672376))"
PAPA 5,2020-03-28 12:58:00+00:00,2020-03-28 17:00:00+00:00,0.0,45000.0,"POLYGON ((177.4 29.2, 175 23.2, -179.1 28.5, 177.4 29.2))"
OSCAR 8,2020-03-28 13:00:00+00:00,2020-03-28 17:00:00+00:00,0.0,55000.0,"POLYGON ((137.3 7.3, 143.2 6.3, 148.5 1.3, 141 2.2, 141.1 3.2, 137.1 3.3, 137.3 7.3))"
ROMEO 4,2020-03-28 13:08:00+00:00,2020-03-28 17:10:00+00:00,,,"POLYGON ((169.2 9.1, -176 5, -180 2, -180 3.3, 168 3.4, 169.2 9.1))"
37E,2020-03-28 13:55:00+00:00,2020-03-28 15:55:00+00:00,0.0,40000.0,"POLYGON ((-79.12 41.524524177054424, -76.46133966385807 41.16558370269886, -77.34315707398804 39.09489003487298, -80.1 39.40910686720918, -79.12 41.524524177054424))"
36E,2020-03-28 13:55:00+00:00,2020-03-28 15:55:00+00:00,0.0,32000.0,"POLYGON ((-75.25705886686887 39.45203183061822, -73.81417245010908 38.77750653855528, -75.02898968323126 37.42678260589483, -76.25400119195191 37.759437629843156, -75.25705886686887 39.45203183061822))"
72C,2020-03-28 13:55:00+00:00,2020-03-28 15:55:00+00:00,0.0,42000.0,"POLYGON ((-93.65 41.107262088527214, -90.88032668127143 39.72198028895139, -91.28087063364445 37.66533816250235, -93.9042144296635 38.07754216105279, -93.65 41.107262088527214))"
73C,2020-03-28 13:55:00+00:00,2020-03-28 15:55:00+00:00,0.0,45000.0,"POLYGON ((-94.81361875733047 37.28670656736876, -92.28932923227913 36.5482291312977, -95.4803928056752 32.67256073786884, -97.04670875087716 31.19869088221955, -98.44269904503261 31.65463822396303, -94.81361875733047 37.28670656736876))"
38E,2020-03-28 13:55:00+00:00,2020-03-28 15:55:00+00:00,0.0,45000.0,"POLYGON ((-84.15071753860275 42.2073530003219, -80.51201534801916 41.619086907029384, -81.16825252208014 39.90882853907629, -85.0440223289627 40.71277546302458, -84.15071753860275 42.2073530003219))"
FOXTROT 1,2020-03-28 14:25:00+00:00,2020-03-28 18:25:00+00:00,0.0,53000.0,"POLYGON ((-133.15 10.15, -122.45 3.3, -131 3.45, -139.45 6, -140 10, -133.15 10.15))"
VICTOR 4,2020-03-28 14:48:00+00:00,2020-03-28 18:45:00+00:00,0.0,45000.0,"POLYGON ((-160.5 27.5, -158.1 25.2, -159.4 20.5, -164.2 23.5, -160.5 27.5))"
OSCAR 9,2020-03-28 14:52:00+00:00,2020-03-28 18:55:00+00:00,0.0,55000.0,"POLYGON ((137.4 7.1, 143 6.3, 148.4 1.3, 141 2.2, 141.1 3.4, 137.1 3.4, 137.4 7.1))"
ROMEO 5,2020-03-28 14:54:00+00:00,2020-03-28 18:55:00+00:00,0.0,55000.0,"POLYGON ((168.4 9.2, 168.1 3.4, 179.5 3.3, -180 2, -176.2 4.4, 168.4 9.2))"
41E,2020-03-28 14:55:00+00:00,2020-03-28 16:55:00+00:00,,,"POLYGON ((-87.06609600450903 40.77156165237123, -83.89553852378027 40.64768879685982, -83.90503181537099 40.64760870848325, -80.01132078075648 40.86558048824187, -83.90334651476219 40.44784126678546, -87.07390399549095 40.57171412229687, -80.00014218855696 40.66589313492064, -83.89385322317148 40.44792135516203, -87.06609600450903 40.77156165237123))"
77C,2020-03-28 14:55:00+00:00,2020-03-28 16:55:00+00:00,,,"POLYGON ((-97.22406153895793 31.57827697356517, -97.55897125413728 30.22293320677425, -98.53361724427678 29.44342562700826, -97.03806640270648 31.5047527646894, -97.52843296860289 30.26426615991477, -98.65853580945945 29.59961574216508, -97.68388981931994 30.37912332193107, -97.71442810485433 30.33779036879055, -97.22406153895793 31.57827697356517))"
40E,2020-03-28 14:55:00+00:00,2020-03-28 16:55:00+00:00,0.0,36000.0,"POLYGON ((-78.58395243070035 41.317364779799306, -75.52483456295887 40.69753691172835, -75.96222635049985 38.7020554407997, -79.30704907230884 39.16198947379283, -78.58395243070035 41.317364779799306))"
39E,2020-03-28 14:55:00+00:00,2020-03-28 16:55:00+00:00,0.0,30000.0,"POLYGON ((-74.53434818943421 38.02761640341515, -71.67703125623976 38.03937462876671, -73.70437737629756 36.86390153510433, -75.23509099008442 37.204439060243125, -74.53434818943421 38.02761640341515))"
75C,2020-03-28 14:55:00+00:00,2020-03-28 16:55:00+00:00,0.0,45000.0,"POLYGON ((-94.24824943924725 37.808636657037304, -91.8316342939706 36.81262527272227, -96.19098075615804 31.273458639239355, -98.13418954798071 33.06692806077203, -94.24824943924725 37.808636657037304))"
74C,2020-03-28 14:55:00+00:00,2020-03-28 16:55:00+00:00,0.0,45000.0,"POLYGON ((-93.87534256095786 42.30256887882514, -88.86000000000001 40.31828375768358, -90.69195713031971 38.459109544199876, -95.68410289617663 40.364786402035946, -93.87534256095786 42.30256887882514))"
76C,2020-03-28 14:55:00+00:00,2020-03-28 16:55:00+00:00,0.0,26000.0,"POLYGON ((-97.96314651635458 42.68900824147436, -96.78 42.63800342405375, -97.46375837852499 41.09996744115066, -98.35 41.38, -97.96314651635458 42.68900824147436))"
44E,2020-03-28 15:55:00+00:00,2020-03-28 17:55:00+00:00,,,"POLYGON ((-85.25417566881525 41.18284467186379, -82.21958791644133 41.21620456570741, -79.01187533811267 40.34182592268784, -85.23918169199278 40.98340751218925, -82.18579184317844 41.21296581866418, -78.95927716840936 40.53478558827592, -82.16698974673801 41.40916423129549, -82.2007858200009 41.41240297833873, -85.25417566881525 41.18284467186379))"
45E,2020-03-28 15:55:00+00:00,2020-03-28 17:55:00+00:00,0.0,39000.0,"POLYGON ((-85.88107768460424 39.591983445841386, -85.82425981149618 38.560862546232066, -87.159568470758 38.399041526900064, -87.25 39.49, -85.88107768460424 39.591983445841386))"
46E,2020-03-28 15:55:00+00:00,2020-03-28 17:55:00+00:00,0.0,33000.0,"POLYGON ((-86.79060884204847 41.416114868550395, -85.59641152370834 40.85195233492249, -86.76139173366286 40.324307405283925, -87.6957634368387 41.07774256174122, -86.79060884204847 41.416114868550395))"
78C,2020-03-28 15:55:00+00:00,2020-03-28 17:55:00+00:00,0.0,42000.0,"POLYGON ((-93.33 43.09, -88.16487179988064 40.55483194364069, -90.08592499235297 38.732004036601296, -94.85598223949316 41.16662043876397, -93.33 43.09))"
80C,2020-03-28 15:55:00+00:00,2020-03-28 17:55:00+00:00,0.0,31000.0,"POLYGON ((-97.58503731052336 43.05895483320172, -94.74209819043013 42.60911126199691, -95.42855976997964 40.934298475774966, -98.2649486306275 41.53367360394068, -97.58503731052336 43.05895483320172))"
43E,2020-03-28 15:55:00+00:00,2020-03-28 17:55:00+00:00,0.0,37000.0,"POLYGON ((-77.19778119315004 41.507417274960204, -75.29930127953395 40.579375125292366, -75.36838407864172 38.61704725216182, -77.50053055175388 39.66481558678494, -77.19778119315004 41.507417274960204))"
42E,2020-03-28 15:55:00+00:00,2020-03-28 17:55:00+00:00,0.0,30000.0,"POLYGON ((-85.89400475706229 42.789324648639, -85.12705896638496 42.12156033449609, -86.9015121137602 41.76853386208594, -87.35948818589317 42.15470891840492, -85.89400475706229 42.789324648639))"
79C,2020-03-28 15:55:00+00:00,2020-03-28 17:55:00+00:00,0.0,45000.0,"POLYGON ((-92.7330252002244 38.64290231880947, -90.90697566909307 37.88936755407407, -95.23222692783536 32.010172545415074, -97.35844771470249 32.9802465036307, -92.7330252002244 38.64290231880947))"
81C,2020-03-28 15:55:00+00:00,2020-03-28 17:55:00+00:00,0.0,37000.0,"POLYGON ((-96.40954265265357 32.042072427203856, -96.24070188793878 31.934867967546015, -97.44557961764261 30.037255891329295, -97.6144203823574 30.14446035098713, -96.40954265265357 32.042072427203856))"
50E,2020-03-28 16:55:00+00:00,2020-03-28 18:55:00+00:00,0.0,45000.0,"POLYGON ((-87.7269447168087 40.558139432835716, -84.69431317876848 40.288157109350855, -84.10809367103118 38.82750255501181, -86.76145450672361 38.566741806121556, -87.7269447168087 40.558139432835716))"
51E,2020-03-28 16:55:00+00:00,2020-03-28 18:55:00+00:00,0.0,34000.0,"POLYGON ((-85.53051964315127 41.59432116523682, -84.74925539580424 40.97916072395904, -86.19408633304766 40.55669237705705, -86.94633747158706 41.297729460886195, -85.53051964315127 41.59432116523682))"
47E,2020-03-28 16:55:00+00:00,2020-03-28 18:55:00+00:00,0.0,38000.0,"POLYGON ((-78.37970631851572 41.38193889393257, -77.99 40.42089313279083, -79.87651108238701 40.2146979435294, -80.3790701965796 41.13728665960522, -78.37970631851572 41.38193889393257))"
83C,2020-03-28 16:55:00+00:00,2020-03-28 18:55:00+00:00,0.0,41000.0,"POLYGON ((-93.28747491570864 38.805143404409364, -90.23628930976234 38.398631362713516, -94.35956735928576 32.95980087922701, -96.24420123293828 33.88818545115803, -93.28747491570864 38.805143404409364))"
82C,2020-03-28 16:55:00+00:00,2020-03-28 18:55:00+00:00,0.0,44000.0,"POLYGON ((-91.81988943021321 43.294643232205715, -87.85097630544182 41.19612226458246, -88.86000000000001 38.74178626558165, -93.96499748275478 41.674852522770095, -91.81988943021321 43.294643232205715))"
48E,2020-03-28 16:55:00+00:00,2020-03-28 18:55:00+00:00,0.0,30000.0,"POLYGON ((-76.06069872046608 40.579375125292366, -74.1645937093717 39.61524300639341, -75.16885215118432 38.46015596736959, -77.21451199799176 40.03277764783402, -76.06069872046608 40.579375125292366))"
49E,2020-03-28 16:55:00+00:00,2020-03-28 18:55:00+00:00,0.0,41000.0,"POLYGON ((-83.72669503860732 41.64073930619029, -80.60431533672202 41.235134082412664, -80.63007938490149 41.036800490145986, -83.75245908678679 41.44240571392361, -83.72669503860732 41.64073930619029))"
84C,2020-03-28 16:55:00+00:00,2020-03-28 18:55:00+00:00,0.0,32000.0,"POLYGON ((-95.69902181844026 44.05967264542731, -93.61090407851367 43.294111362606564, -95.44838619767886 40.63536606076548, -98.69 42.036287181737315, -95.69902181844026 44.05967264542731))"
85C,2020-03-28 16:55:00+00:00,2020-03-28 18:55:00+00:00,0.0,44000.0,"POLYGON ((-95.31564684852147 32.889247814287565, -95.15758974903493 32.76670005501837, -97.14167173611062 30.207712066247275, -97.29972883559716 30.33025982551647, -95.31564684852147 32.889247814287565))"
52E,2020-03-28 17:55:00+00:00,2020-03-28 19:55:00+00:00,0.0,36000.0,"POLYGON ((-75.371300252487 40.34430711508385, -72.25119473512592 39.09918151101625, -73.60321938035213 38.15271796951693, -75.68 39.74815522131804, -75.371300252487 40.34430711508385))"
88C,2020-03-28 17:55:00+00:00,2020-03-28 19:55:00+00:00,0.0,33000.0,"POLYGON ((-95.55983573012554 44.341859534876185, -92.51673979792953 43.675340861728806, -95.07697670533166 41.16809896600609, -98.27409595579432 42.34191398015517, -95.55983573012554 44.341859534876185))"
89C,2020-03-28 17:55:00+00:00,2020-03-28 19:55:00+00:00,0.0,36000.0,"POLYGON ((-94.12 36.25, -91.70855174868449 35.852939785534595, -95.89573158510613 30.429438006359266, -97.75245439593239 30.84092624332239, -94.12 36.25))"
90C,2020-03-28 17:55:00+00:00,2020-03-28 19:55:00+00:00,0.0,26000.0,"POLYGON ((-90.82195345952401 43.43759719505548, -88.963764317233 43.11796434719761, -89.144766281776 41.801726601376885, -92.5631335243806 42.22193390417453, -90.82195345952401 43.43759719505548))"
54E,2020-03-28 17:55:00+00:00,2020-03-28 19:55:00+00:00,0.0,45000.0,"POLYGON ((-82.80843412500039 40.550493832774755, -82.29291293264653 38.95416013434941, -86.10254901476702 38.507754313477484, -86.28 40.00914187884179, -82.80843412500039 40.550493832774755))"
53E,2020-03-28 17:55:00+00:00,2020-03-28 19:55:00+00:00,0.0,44000.0,"POLYGON ((-78.76009128658026 42.0787871232914, -77.4491164550835 40.29938128036955, -80.47174747791986 39.90882853907629, -82.42836755895556 41.41855179079693, -78.76009128658026 42.0787871232914))"
87C,2020-03-28 17:55:00+00:00,2020-03-28 19:55:00+00:00,0.0,41000.0,"POLYGON ((-89.21630304501944 39.07162203343535, -89.38944238184139 37.390388077322115, -91.1431926798978 37.666479699286946, -91.70697479977561 38.64290231880947, -89.21630304501944 39.07162203343535))"
86C,2020-03-28 17:55:00+00:00,2020-03-28 19:55:00+00:00,0.0,38000.0,"POLYGON ((-88.50591002982006 42.71907850452585, -87.59973114759555 42.523875247731574, -86.28 39.14171624231642, -89.81882995198252 39.36927828026036, -88.50591002982006 42.71907850452585))"
FOXTROT 2,2020-03-28 18:05:00+00:00,2020-03-28 22:05:00+00:00,0.0,49000.0,"POLYGON ((-135.15 10.45, -124.45 6.3, -125.15 3.3, -131 3.45, -140 6, -140 8.15, -135.15 10.45))"
VICTOR 5,2020-03-28 18:38:00+00:00,2020-03-28 22:40:00+00:00,0.0,38000.0,"POLYGON ((-161.1 27.2, -157.4 23.1, -164.4 22.2, -164 25.4, -161.1 27.2))"
OSCAR 10,2020-03-28 18:44:00+00:00,2020-03-28 22:45:00+00:00,0.0,58000.0,"POLYGON ((139.3 7.1, 150.4 3.5, 139.4 3.5, 139.3 7.1))"
ROMEO 6,2020-03-28 18:49:00+00:00,2020-03-28 22:50:00+00:00,0.0,55000.0,"POLYGON ((166.3 8.2, 173.5 6, 165.2 3.3, 166.3 8.2))"
56E,2020-03-28 18:55:00+00:00,2020-03-28 20:55:00+00:00,0.0,43000.0,"POLYGON ((-78.70593494253382 42.06192132429385, -77.5062777478867 40.299180638550645, -80.98552617646169 39.712472227796134, -82.66666905935023 41.16243949532986, -78.70593494253382 42.06192132429385))"
55E,2020-03-28 18:55:00+00:00,2020-03-28 20:55:00+00:00,0.0,32000.0,"POLYGON ((-73.78018349087188 39.81818754548213, -72.25119473512592 39.09918151101625, -72.58141744893663 37.314117035316904, -74.49782848783732 38.86432813964422, -73.78018349087188 39.81818754548213))"
94C,2020-03-28 18:55:00+00:00,2020-03-28 20:55:00+00:00,0.0,44000.0,"POLYGON ((-93.33 36.69452417705442, -91.10699962723201 35.802487692064524, -95.88121234322834 29.767934630286774, -98.10854198009287 30.378725631603032, -93.33 36.69452417705442))"
95C,2020-03-28 18:55:00+00:00,2020-03-28 20:55:00+00:00,0.0,30000.0,"POLYGON ((-93.01182656569132 39.0619990367889, -91.91705761580361 39.04489073426621, -91.81581535591985 38.040775832978476, -93.33 38.191844778681954, -93.01182656569132 39.0619990367889))"
91C,2020-03-28 18:55:00+00:00,2020-03-28 20:55:00+00:00,0.0,30000.0,"POLYGON ((-88.4553297193137 43.4272763232635, -85.5 42.95636895573639, -86.52629150646334 41.83348224204299, -89.07817252824252 42.52900670127524, -88.4553297193137 43.4272763232635))"
92C,2020-03-28 18:55:00+00:00,2020-03-28 20:55:00+00:00,0.0,35000.0,"POLYGON ((-88.86000000000001 39.07452417705443, -88.60367320552575 37.92698828417791, -90.61903331809752 37.79669489146906, -90.32867286626913 38.97754306207354, -88.86000000000001 39.07452417705443))"
93C,2020-03-28 18:55:00+00:00,2020-03-28 20:55:00+00:00,0.0,38000.0,"POLYGON ((-94.48172462264358 44.65917040839888, -92.10799693712102 43.7172216407962, -95.42631489328814 41.40485658614403, -98.06678146753765 42.277308836700534, -94.48172462264358 44.65917040839888))"
57E,2020-03-28 18:55:00+00:00,2020-03-28 20:55:00+00:00,0.0,45000.0,"POLYGON ((-82.1427126413271 40.885362810551285, -80.49583573844865 39.216014412527755, -88.50369695498057 39.07162203343535, -88.49672359584103 40.407267401091865, -82.1427126413271 40.885362810551285))"
96C,2020-03-28 18:55:00+00:00,2020-03-28 20:55:00+00:00,0.0,29000.0,"POLYGON ((-94.18587968288169 41.60473318171505, -93.94280114746395 40.905362549474624, -95.33448795112679 40.86260575389764, -95.33067383299831 41.475958655028585, -94.18587968288169 41.60473318171505))"
60E,2020-03-28 19:55:00+00:00,2020-03-28 21:55:00+00:00,0.0,45000.0,"POLYGON ((-86.63203234726704 40.55917307197134, -86.11518831400065 39.41247347431365, -89.30202840274664 38.47206848159452, -89.87166285697703 39.32898979095147, -86.63203234726704 40.55917307197134))"
58E,2020-03-28 19:55:00+00:00,2020-03-28 21:55:00+00:00,0.0,32000.0,"POLYGON ((-73.34700633415761 39.8149655787288, -71.09818341852446 38.60786054786287, -72.58141744893663 37.314117035316904, -74.19765686993121 38.62788282615555, -73.34700633415761 39.8149655787288))"
59E,2020-03-28 19:55:00+00:00,2020-03-28 21:55:00+00:00,0.0,45000.0,"POLYGON ((-77.62664640956196 42.124311727303834, -76.66616968709052 40.42663198258872, -84.7 39.02, -85.52422988507482 40.36469539704536, -77.62664640956196 42.124311727303834))"
01C,2020-03-28 19:55:00+00:00,2020-03-28 21:55:00+00:00,0.0,41000.0,"POLYGON ((-92.88227153159998 36.24362461849089, -90.95 35.44452417705444, -95.70527783522623 30.086856707329652, -97.67806728778515 30.687326283437443, -92.88227153159998 36.24362461849089))"
97C,2020-03-28 19:55:00+00:00,2020-03-28 21:55:00+00:00,0.0,31000.0,"POLYGON ((-92.80720089669856 44.741848201272596, -91.6476652746537 44.217272575296015, -92.51673979792953 43.675340861728806, -94.05894999782589 44.146644230772594, -92.80720089669856 44.741848201272596))"
98C,2020-03-28 19:55:00+00:00,2020-03-28 21:55:00+00:00,0.0,36000.0,"POLYGON ((-95.77404654637378 44.277186594899824, -93.68227139209547 43.7042826238575, -93.90299291299414 40.978607142390686, -97.22090354001371 40.513947590780106, -95.77404654637378 44.277186594899824))"
99C,2020-03-28 19:55:00+00:00,2020-03-28 21:55:00+00:00,0.0,36000.0,"POLYGON ((-91.94694408877803 40.904686134849726, -90.36433381314544 40.56919116641662, -91.33459397249838 38.85688616324927, -92.52294238419638 39.04489073426621, -91.94694408877803 40.904686134849726))"
02C,2020-03-28 19:55:00+00:00,2020-03-28 21:55:00+00:00,0.0,35000.0,"POLYGON ((-90.98777264563489 42.6041195625337, -88.8698733763586 41.957603420875024, -89.97404803629246 41.159362209808826, -91.96739265126526 41.630097130530665, -90.98777264563489 42.6041195625337))"
63E,2020-03-28 20:55:00+00:00,2020-03-28 22:55:00+00:00,0.0,45000.0,"POLYGON ((-87.38078521094157 40.79486564346044, -84.8794511931651 40.74430127463418, -85.95182468123403 39.104716445017814, -88.25219396380571 39.26784713992989, -87.38078521094157 40.79486564346044))"
62E,2020-03-28 20:55:00+00:00,2020-03-28 22:55:00+00:00,0.0,45000.0,"POLYGON ((-76.9487721454066 41.187137113574785, -76.41558999166007 40.298156457188675, -83.00183266742879 39.38074186351281, -83.42735791862262 39.81781594755168, -80.21 41.162737911472796, -76.9487721454066 41.187137113574785))"
06C,2020-03-28 20:55:00+00:00,2020-03-28 22:55:00+00:00,0.0,41000.0,"POLYGON ((-91.98013874390044 36.92909292811939, -90.33221542574782 36.10841422826572, -93.81888681032521 31.475196610588036, -95.49766144015928 31.157663216393814, -96.09730095496737 31.65463822396303, -91.98013874390044 36.92909292811939))"
04C,2020-03-28 20:55:00+00:00,2020-03-28 22:55:00+00:00,0.0,34000.0,"POLYGON ((-93.33 42.92363104426362, -92.83308159211464 41.18243746310314, -96.05144023002036 40.934298475774966, -96.34199056312308 42.2443818494563, -93.33 42.92363104426362))"
05C,2020-03-28 20:55:00+00:00,2020-03-28 22:55:00+00:00,0.0,34000.0,"POLYGON ((-90.45323425010501 41.93859764464834, -88.93432958639346 41.35736248197567, -91.19725608549025 39.696265700442524, -91.98860479018887 39.93744237814408, -90.45323425010501 41.93859764464834))"
03C,2020-03-28 20:55:00+00:00,2020-03-28 22:55:00+00:00,0.0,37000.0,"POLYGON ((-93.64798029972968 44.869273735301235, -93.10122519690381 43.49047146567881, -95.67857985445538 43.31274449292903, -96.21099902901706 44.05750337042283, -93.64798029972968 44.869273735301235))"
61E,2020-03-28 20:55:00+00:00,2020-03-28 22:55:00+00:00,0.0,36000.0,"POLYGON ((-72.70504024979813 39.253925507741606, -71.39229452385449 39.17987087726393, -72.58546813903706 38.359722892611025, -73.2619709221698 38.59193674357408, -72.70504024979813 39.253925507741606))"
09C,2020-03-28 20:55:00+00:00,2020-03-28 22:55:00+00:00,0.0,38000.0,"POLYGON ((-88.3567305230185 37.71358794223574, -87.72036688665487 37.71358794223574, -87.72036688665487 37.0772243058721, -88.3567305230185 37.0772243058721, -88.3567305230185 37.71358794223574))"
08C,2020-03-28 20:55:00+00:00,2020-03-28 22:55:00+00:00,0.0,33000.0,"POLYGON ((-91.94224495281233 45.11586406301797, -91.3058813164487 45.11586406301797, -91.3058813164487 44.47950042665433, -91.94224495281233 44.47950042665433, -91.94224495281233 45.11586406301797))"
07C,2020-03-28 20:55:00+00:00,2020-03-28 22:55:00+00:00,0.0,35000.0,"POLYGON ((-91.77445163302895 43.37532902381976, -88.82746791598113 42.95271812006603, -89.1119746327549 42.50360514637172, -91.88457392503439 42.394004667158256, -91.77445163302895 43.37532902381976))"
65E,2020-03-28 21:55:00+00:00,2020-03-28 23:55:00+00:00,0.0,45000.0,"POLYGON ((-78.58395243070035 41.317364779799306, -76.46133966385807 41.16558370269886, -76.46710448759148 40.10743299018814, -83.62936245475711 39.015106850771055, -84.24346525397384 39.3720343731024, -78.58395243070035 41.317364779799306))"
64E,2020-03-28 21:55:00+00:00,2020-03-28 23:55:00+00:00,0.0,45000.0,"POLYGON ((-84.57743636095928 41.169381362501596, -84.20617844632488 39.98247109662587, -86.64434866244261 39.017861156669376, -87.27212383764653 40.49615714280827, -84.57743636095928 41.169381362501596))"
10C,2020-03-28 21:55:00+00:00,2020-03-28 23:55:00+00:00,0.0,38000.0,"POLYGON ((-93.05936452058012 45.17726788304856, -91.2923347253463 44.217272575296, -91.64583942833227 43.60245499628868, -96.95508456956765 43.34245621544782, -95.13 45.13547582294557, -93.05936452058012 45.17726788304856))"
15C,2020-03-28 21:55:00+00:00,2020-03-28 23:55:00+00:00,0.0,45000.0,"POLYGON ((-87.37093860454667 37.80202575280773, -87.16720544559392 37.45794645069503, -91.16847914232966 34.67582201304742, -92.57075327794799 35.44790273046866, -91.00406609322698 37.412800292515804, -87.37093860454667 37.80202575280773))"
13C,2020-03-28 21:55:00+00:00,2020-03-28 23:55:00+00:00,0.0,38000.0,"POLYGON ((-92.57075327794799 35.44790273046866, -91.16847914232966 34.67582201304742, -94.03685186389514 30.569992761859517, -95.49652079601978 29.652509198242285, -95.80205953072348 31.53747738328739, -92.57075327794799 35.44790273046866))"
11C,2020-03-28 21:55:00+00:00,2020-03-28 23:55:00+00:00,0.0,40000.0,"POLYGON ((-93.1547571095538 43.39727646365526, -92.49878149178134 41.51657855579943, -95.58343972390858 41.28753472877036, -96.34558828971097 42.88064655251599, -93.1547571095538 43.39727646365526))"
14C,2020-03-28 21:55:00+00:00,2020-03-28 23:55:00+00:00,0.0,36000.0,"POLYGON ((-90.91225826137959 44.074620777053234, -88.70227228281361 43.425907329232885, -90.16594985927233 42.56469055531478, -91.47 43.47628718173731, -90.91225826137959 44.074620777053234))"
12C,2020-03-28 21:55:00+00:00,2020-03-28 23:55:00+00:00,0.0,38000.0,"POLYGON ((-89.00929314437766 42.89637944292443, -88.0795464653278 41.9345351405567, -90.87873840844688 40.155991673392016, -91.28000000000002 40.42828375768357, -89.00929314437766 42.89637944292443))"
OSCAR 11,2020-03-28 22:33:00+00:00,2020-03-29 02:35:00+00:00,0.0,54000.0,"POLYGON ((142 6.5, 146.4 5.4, 141.4 2.3, 142 6.5))"
VICTOR 6,2020-03-28 22:42:00+00:00,2020-03-29 02:40:00+00:00,0.0,37000.0,"POLYGON ((-162.4 25.5, -160.1 22.3, -165.5 24.5, -162.4 25.5))"
67E,2020-03-28 22:55:00+00:00,2020-03-29 00:55:00+00:00,0.0,38000.0,"POLYGON ((-77.88518085679057 41.356263926245134, -75.99087888198665 40.81486534915029, -75.68 40.08089313279082, -79.68640156840625 39.677798702464266, -80.61910655076615 40.083493286437935, -77.88518085679057 41.356263926245134))"
66E,2020-03-28 22:55:00+00:00,2020-03-29 00:55:00+00:00,0.0,45000.0,"POLYGON ((-83.37 41.37815522131804, -81.81883992248956 39.6973685700695, -84.54832957156275 39.137542502751906, -85.94592050222876 40.33434299510032, -83.37 41.37815522131804))"
17C,2020-03-28 22:55:00+00:00,2020-03-29 00:55:00+00:00,0.0,41000.0,"POLYGON ((-92.10799693712102 43.7172216407962, -91.83220271479844 41.51978615218437, -95.12195364394194 42.35231636126279, -94.17538575099965 43.3415630812124, -92.10799693712102 43.7172216407962))"
21C,2020-03-28 22:55:00+00:00,2020-03-29 00:55:00+00:00,0.0,45000.0,"POLYGON ((-89.18826847650142 39.12471611685555, -88.15544232524606 38.7806272008463, -88.08020189528952 37.314745089157235, -90.18314837885337 35.0198307453564, -92.57075327794799 35.44790273046866, -89.18826847650142 39.12471611685555))"
18C,2020-03-28 22:55:00+00:00,2020-03-29 00:55:00+00:00,0.0,38000.0,"POLYGON ((-87.3683299698557 43.11638112630238, -87.01214588991203 42.46646254687813, -90.21056902795137 40.687765571974516, -90.79208167618765 41.26242932176415, -87.3683299698557 43.11638112630238))"
16C,2020-03-28 22:55:00+00:00,2020-03-29 00:55:00+00:00,0.0,38000.0,"POLYGON ((-91.93551871787996 45.66762713171728, -90.40106048752854 44.57656855040647, -91.47 43.91, -94.17538575099965 43.3415630812124, -94.29735260910633 45.055198548580634, -91.93551871787996 45.66762713171728))"
20C,2020-03-28 22:55:00+00:00,2020-03-29 00:55:00+00:00,0.0,36000.0,"POLYGON ((-89.90908855105174 44.86058773118486, -88.19 44.06089313279083, -89.19167003014432 43.11638112630238, -91.47 43.91, -89.90908855105174 44.86058773118486))"
19C,2020-03-28 22:55:00+00:00,2020-03-29 00:55:00+00:00,0.0,45000.0,"POLYGON ((-92.57075327794799 35.44790273046866, -90.38629507567961 35.01932298495471, -93.65674318865123 30.6094298263139, -94.63853513333643 30.212755377217896, -94.07000000000001 33.177262088527215, -92.57075327794799 35.44790273046866))"
69E,2020-03-28 23:55:00+00:00,2020-03-29 01:55:00+00:00,0.0,38000.0,"POLYGON ((-76.46133966385807 41.16558370269886, -75.02285893083483 40.578138117800435, -76.18029991482653 39.75193249207466, -80.21956879068392 39.82744842787975, -80.4178390666033 40.14663890851792, -76.46133966385807 41.16558370269886))"
25C,2020-03-28 23:55:00+00:00,2020-03-29 01:55:00+00:00,0.0,45000.0,"POLYGON ((-91.78924672205203 35.44790273046866, -89.79246128072492 34.95618907771466, -92.6946240466638 31.259853371484805, -94.63853513333643 30.212755377217896, -95.35 30.459106867209176, -91.78924672205203 35.44790273046866))"
26C,2020-03-28 23:55:00+00:00,2020-03-29 01:55:00+00:00,0.0,45000.0,"POLYGON ((-87.33268095226857 39.64367562786599, -88.08589289352585 36.0136781257621, -89.98 35.02, -91.78924672205203 35.44790273046866, -88.69514101369357 39.43247339154707, -87.33268095226857 39.64367562786599))"
24C,2020-03-28 23:55:00+00:00,2020-03-29 01:55:00+00:00,0.0,38000.0,"POLYGON ((-89.23598867009734 42.4101489619791, -87.26217772234573 42.458804909725096, -91.06329647962248 39.84979839819167, -91.28000000000002 40.68184477868197, -89.23598867009734 42.4101489619791))"
23C,2020-03-28 23:55:00+00:00,2020-03-29 01:55:00+00:00,0.0,41000.0,"POLYGON ((-94.27221510445922 44.21211423112328, -92.11210466596322 44.09920591152673, -91.33252750410524 42.2073129730507, -92.24309182429715 41.98883381517046, -94.91845024204414 42.7992858034928, -94.27221510445922 44.21211423112328))"
68E,2020-03-28 23:55:00+00:00,2020-03-29 01:55:00+00:00,0.0,45000.0,"POLYGON ((-82.38298253062206 41.25279366030851, -81.68850481107093 39.74012685966641, -84.57285427539378 39.87986550880892, -84.61550745089905 40.97857405759703, -82.38298253062206 41.25279366030851))"
22C,2020-03-28 23:55:00+00:00,2020-03-29 01:55:00+00:00,0.0,38000.0,"POLYGON ((-90.49364198972847 45.625339022849886, -88.0467782517775 44.457683313307086, -88.28 43.55371281826268, -94.38417395675323 44.24626761455052, -93.96768224771183 45.378838685717334, -90.49364198972847 45.625339022849886))"
INDIA 1,2020-03-29 00:15:00+00:00,2020-03-29 04:15:00+00:00,0.0,39000.0,"POLYGON ((-47.15 37.45, -44.15 37.15, -46.3 32.45, -51.3 29.45, -50 33.45, -47.15 37.45))"
1E,2020-03-29 00:55:00+00:00,2020-03-29 02:55:00+00:00,0.0,45000.0,"POLYGON ((-82.95924293326597 41.414672875413245, -79.23395045450425 40.446631485676185, -79.13751762175173 40.084310874339245, -81.43025141758233 39.54783132195948, -83.87382155367511 39.98247109662587, -82.95924293326597 41.414672875413245))"
1C,2020-03-29 00:55:00+00:00,2020-03-29 02:55:00+00:00,0.0,45000.0,"POLYGON ((-86.28 40.05273791147278, -86.87946769336004 36.57626714693476, -92.22407093160261 31.494986579544367, -93.50919905695018 32.15482068349432, -88.06340578438414 39.482605931564024, -86.28 40.05273791147278))"
5C,2020-03-29 00:55:00+00:00,2020-03-29 02:55:00+00:00,0.0,30000.0,"POLYGON ((-86.3613627819002 42.934267994317764, -86.7958155479664 42.12194342350967, -89.27358671727465 42.251929751289644, -89.32739004489412 42.79687486521289, -86.3613627819002 42.934267994317764))"
3C,2020-03-29 00:55:00+00:00,2020-03-29 02:55:00+00:00,0.0,40000.0,"POLYGON ((-91.48 45.731844778681975, -89.76 43.050893132790826, -91.1986150113596 41.646601115385714, -93.89279461639752 45.059144626634854, -91.48 45.731844778681975))"
2E,2020-03-29 00:55:00+00:00,2020-03-29 02:55:00+00:00,0.0,32000.0,"POLYGON ((-76.54332075414982 40.46478218343496, -75.27804721123884 40.272620400810176, -74.99467859185901 39.818631368230605, -76.58078853619959 39.80600021262597, -76.54332075414982 40.46478218343496))"
6C,2020-03-29 00:55:00+00:00,2020-03-29 02:55:00+00:00,0.0,30000.0,"POLYGON ((-94.27942498261235 43.85345965633978, -92.76630308047064 43.49753072695137, -93.33 42.51171624231643, -94.83298992414339 42.44274121072609, -94.27942498261235 43.85345965633978))"
2C,2020-03-29 00:55:00+00:00,2020-03-29 02:55:00+00:00,0.0,45000.0,"POLYGON ((-93.5483777536736 32.235463319603745, -92.2603024402253 31.464231821908815, -95.04200964009746 29.848992039647296, -95.2860559950121 30.09355069370262, -93.5483777536736 32.235463319603745))"
4C,2020-03-29 00:55:00+00:00,2020-03-29 02:55:00+00:00,0.0,43000.0,"POLYGON ((-89.59 41.73828375768357, -90.33736429483255 39.12704568313888, -90.99578567375248 39.02484175705614, -90.71 41.82171624231643, -89.59 41.73828375768357))"
7C,2020-03-29 01:55:00+00:00,2020-03-29 03:55:00+00:00,0.0,45000.0,"POLYGON ((-85.52422988507482 40.36469539704536, -86.44 36.93, -91.34694045296891 31.92989469933052, -93.39193424955843 32.41638345396659, -87.07 40.060893132790824, -85.52422988507482 40.36469539704536))"
8C,2020-03-29 01:55:00+00:00,2020-03-29 03:55:00+00:00,0.0,45000.0,"POLYGON ((-93.39193424955843 32.41638345396659, -91.34694045296891 31.92989469933052, -92.2039996045506 30.644841158400308, -94.72 30.49452417705443, -93.39193424955843 32.41638345396659))"
10C,2020-03-29 01:55:00+00:00,2020-03-29 03:55:00+00:00,0.0,40000.0,"POLYGON ((-89.0713772323446 43.54793351022476, -89.32132814614846 40.09201127760747, -90.31576434675067 39.167294989501364, -90.39018783999641 42.63483779365696, -89.0713772323446 43.54793351022476))"
3E,2020-03-29 01:55:00+00:00,2020-03-29 03:55:00+00:00,0.0,45000.0,"POLYGON ((-82.06998081755158 41.01909137011609, -78.96428179236531 40.42214952470471, -78.9745543960983 40.05277758419993, -81.21867059942643 39.7126340684442, -83.15741259038961 40.14861526425747, -82.06998081755158 41.01909137011609))"
11C,2020-03-29 01:55:00+00:00,2020-03-29 03:55:00+00:00,0.0,30000.0,"POLYGON ((-88.19 43.98171624231643, -85.9000678464055 43.06768755582033, -85.97163755582206 42.367689620000036, -88.69806028860178 42.812555413537126, -88.19 43.98171624231643))"
9C,2020-03-29 01:55:00+00:00,2020-03-29 03:55:00+00:00,0.0,40000.0,"POLYGON ((-90.03470174993832 45.79453681943789, -87.95864843633899 44.15906704282982, -90.78507970354065 42.533541668646244, -94.42593606711378 45.68148032180372, -90.03470174993832 45.79453681943789))"
OSCAR 12,2020-03-29 02:18:00+00:00,2020-03-29 06:20:00+00:00,0.0,53000.0,"POLYGON ((145.1 5, 148.4 2.3, 141 0.1, 140.5 3.2, 145.1 5))"
VICTOR 7,2020-03-29 02:19:00+00:00,2020-03-29 06:20:00+00:00,0.0,36000.0,"POLYGON ((-162.5 25.1, -160.4 22.2, -165.2 24, -162.5 25.1))"
12C,2020-03-29 02:55:00+00:00,2020-03-29 04:55:00+00:00,0.0,45000.0,"POLYGON ((-85.47682010427697 41.997687180093926, -84.19671267120283 41.95235826254798, -85.39941605801957 36.925461404494385, -90.70131818513372 33.10636494355029, -92.37290472907814 33.13212722709899, -85.47682010427697 41.997687180093926))"
15C,2020-03-29 02:55:00+00:00,2020-03-29 04:55:00+00:00,0.0,35000.0,"POLYGON ((-89.1056353381392 44.018705755641065, -88.32 40.88452417705442, -89.5090616025002 39.73819268457652, -90.82789533403677 44.09920591152673, -89.1056353381392 44.018705755641065))"
14C,2020-03-29 02:55:00+00:00,2020-03-29 04:55:00+00:00,0.0,35000.0,"POLYGON ((-91.30612305294869 46.541842206218874, -87.52419128090914 45.028638738154285, -87.924038988155 44.09857518360462, -90.82789533403677 44.09920591152673, -93.24 45.535475822945564, -91.30612305294869 46.541842206218874))"
13C,2020-03-29 02:55:00+00:00,2020-03-29 04:55:00+00:00,0.0,45000.0,"POLYGON ((-92.18975920650547 33.06778779978601, -90.70131818513372 33.10636494355029, -91.34368771493612 31.67745238013773, -94.07186867438337 30.136494069969416, -94.72 30.49452417705443, -92.18975920650547 33.06778779978601))"
16C,2020-03-29 02:55:00+00:00,2020-03-29 04:55:00+00:00,0.0,32000.0,"POLYGON ((-87.5407160130288 44.74916463865349, -84.8538601431856 43.25875469601753, -85.18060100899154 42.554273934956434, -88.36744354185653 43.27367163326026, -87.5407160130288 44.74916463865349))"
4E,2020-03-29 02:55:00+00:00,2020-03-29 04:55:00+00:00,0.0,43000.0,"POLYGON ((-83.07372252288019 41.675352375917036, -78.56102829069278 40.524143226521595, -78.83 39.886287181737316, -81.16825252208014 39.90882853907629, -84.04 40.72371281826268, -83.07372252288019 41.675352375917036))"
6E,2020-03-29 03:55:00+00:00,2020-03-29 05:55:00+00:00,0.0,45000.0,"POLYGON ((-83.8267939570553 42.816262289376276, -81.62813976729055 41.41978690303371, -82.33840466709324 40.61084336220145, -85.10546929280446 41.133674041943515, -85.90183568499285 42.40614490507392, -83.8267939570553 42.816262289376276))"
5E,2020-03-29 03:55:00+00:00,2020-03-29 05:55:00+00:00,0.0,35000.0,"POLYGON ((-80.21 41.162737911472796, -77.90593835932651 40.76626456695401, -78.02666553788572 40.06254940249813, -80.98552617646169 39.712472227796134, -80.81765589089615 40.63740341754509, -80.21 41.162737911472796))"
17C,2020-03-29 03:55:00+00:00,2020-03-29 05:55:00+00:00,0.0,45000.0,"POLYGON ((-84.98620438270659 41.04348730045027, -83.2099289762067 40.61891570090371, -84.51285180657695 37.797846403413594, -89.87254180680469 32.89091044801956, -92.04 32.85273791147279, -84.98620438270659 41.04348730045027))"
19C,2020-03-29 03:55:00+00:00,2020-03-29 05:55:00+00:00,0.0,32000.0,"POLYGON ((-90.7419568244953 46.79074126605511, -87.1055127174231 44.87322028964482, -87.924038988155 44.09857518360462, -90.02556712461624 44.01080878220835, -92.2 46.13452417705442, -90.7419568244953 46.79074126605511))"
21C,2020-03-29 03:55:00+00:00,2020-03-29 05:55:00+00:00,0.0,33000.0,"POLYGON ((-87.1055127174231 44.87322028964482, -84.1609934401872 43.09656287095104, -84.66565285977362 42.532297331438066, -87.44120723243894 42.862262156768836, -87.924038988155 44.09857518360462, -87.1055127174231 44.87322028964482))"
18C,2020-03-29 03:55:00+00:00,2020-03-29 05:55:00+00:00,0.0,45000.0,"POLYGON ((-90.3274581931953 32.89091044801956, -91.71100757996587 30.8322775347312, -94.19786491320865 29.95498799596341, -94.72 30.49452417705443, -92.31976583264029 32.75497176625328, -90.3274581931953 32.89091044801956))"
20C,2020-03-29 03:55:00+00:00,2020-03-29 05:55:00+00:00,0.0,35000.0,"POLYGON ((-88.19 44.126287181737325, -88.02671047093443 41.01536111072394, -88.86000000000001 39.88457093942089, -89.76 43.98371281826269, -88.19 44.126287181737325))"
8E,2020-03-29 04:55:00+00:00,2020-03-29 06:55:00+00:00,0.0,45000.0,"POLYGON ((-81.50713303783635 42.03431334104176, -80.21 40.83, -82.18643587917137 40.804687861416646, -82.73938995407327 41.73770299185332, -81.50713303783635 42.03431334104176))"
10E,2020-03-29 04:55:00+00:00,2020-03-29 06:55:00+00:00,0.0,45000.0,"POLYGON ((-84.00061004592673 41.73770299185332, -82.73938995407327 41.73770299185332, -82.59 40.15, -83.65225093394854 38.19180329451304, -84.85167042843725 39.137542502751906, -84.00061004592673 41.73770299185332))"
7E,2020-03-29 04:55:00+00:00,2020-03-29 06:55:00+00:00,0.0,30000.0,"POLYGON ((-79.01195710310198 41.23383430463359, -78.36952221985591 39.966162721945814, -79.44290970881671 39.84781423183663, -80.12566184543186 40.983674204818364, -79.01195710310198 41.23383430463359))"
23C,2020-03-29 04:55:00+00:00,2020-03-29 06:55:00+00:00,0.0,45000.0,"POLYGON ((-89.69352790554005 34.78438188645532, -89.1084556702546 33.48856171048178, -92.07217523055894 30.477725406782344, -94.17227936058497 29.753723960894575, -94.17281076557246 30.68828013873573, -89.69352790554005 34.78438188645532))"
22C,2020-03-29 04:55:00+00:00,2020-03-29 06:55:00+00:00,0.0,45000.0,"POLYGON ((-84.7 39.02, -83.65225093394854 38.19180329451304, -88.90897290102531 33.489360755019305, -89.98 35.51910686720918, -84.7 39.02))"
9E,2020-03-29 04:55:00+00:00,2020-03-29 06:55:00+00:00,0.0,34000.0,"POLYGON ((-85.3951239632859 44.40276276543593, -82.44019272713577 43.0552041205403, -83.22124017604304 41.94277139514265, -86.76988521701416 42.946375389281236, -87.25718327206692 44.279567249255514, -85.3951239632859 44.40276276543593))"
26C,2020-03-29 04:55:00+00:00,2020-03-29 06:55:00+00:00,0.0,29000.0,"POLYGON ((-87.44578015511985 42.20524302616375, -87.27319621666649 42.10417481064609, -87.94041850170775 40.96482700296511, -88.11300244016111 41.065895218482765, -87.44578015511985 42.20524302616375))"
25C,2020-03-29 04:55:00+00:00,2020-03-29 06:55:00+00:00,0.0,34000.0,"POLYGON ((-87.7188217356683 44.16567554567286, -87.52140071455183 44.13366085496167, -87.80128948944177 42.40770547290708, -87.99871051055824 42.439720163618276, -87.7188217356683 44.16567554567286))"
24C,2020-03-29 04:55:00+00:00,2020-03-29 06:55:00+00:00,0.0,31000.0,"POLYGON ((-89.39700340023404 45.70766227152181, -87.69883993646842 44.33017843068451, -87.82483313600032 44.17485388764089, -89.52299659976595 45.55233772847819, -89.39700340023404 45.70766227152181))"
VICTOR 8,2020-03-29 05:53:00+00:00,2020-03-29 10:00:00+00:00,0.0,36000.0,"POLYGON ((-160.2 25.4, -160.1 19.1, -165.4 20, -165 25.3, -160.2 25.4))"
13E,2020-03-29 05:55:00+00:00,2020-03-29 07:55:00+00:00,,,"POLYGON ((-85.80982176221592 44.7536507914186, -83.91712849040033 43.53508937429041, -83.9584570143608 43.55018533033486, -82.47725211099481 43.35894652320462, -84.0253950318587 43.36692767829324, -85.91808830367428 44.58548909542143, -82.50286160453223 43.16059291511857, -83.98406650789822 43.3518317222488, -85.80982176221592 44.7536507914186))"
12E,2020-03-29 05:55:00+00:00,2020-03-29 07:55:00+00:00,0.0,44000.0,"POLYGON ((-81.12088836410148 42.27167754632404, -79.58365152245655 41.29887548691612, -83.70913291483416 39.674707018512514, -83.37 41.710893132790815, -81.12088836410148 42.27167754632404))"
28C,2020-03-29 05:55:00+00:00,2020-03-29 07:55:00+00:00,0.0,45000.0,"POLYGON ((-88.96429174333059 35.01576881035552, -88.93146213409968 33.13636413219181, -91.6860921257889 30.47943134191858, -93.920422786106 29.431667532541404, -93.05324656617897 31.72937823056986, -88.96429174333059 35.01576881035552))"
27C,2020-03-29 05:55:00+00:00,2020-03-29 07:55:00+00:00,0.0,45000.0,"POLYGON ((-86.44 37.26273791147278, -85.48260799816147 36.60781839951713, -86.10078441041736 35.66804004464822, -88.87806257686485 33.362122493947865, -88.7029216974982 36.01841945391434, -86.44 37.26273791147278))"
11E,2020-03-29 05:55:00+00:00,2020-03-29 07:55:00+00:00,,,"POLYGON ((-82.52222523515887 40.12743598091416, -82.1872907846152 38.72282506776472, -86.20503487518278 36.90283572722556, -82.7136249174877 40.06941734938582, -82.32425329992682 38.7849057718832, -86.28756022347719 37.08501576699086, -82.26981613290961 38.90500510753002, -82.13285361759799 38.84292440341154, -82.52222523515887 40.12743598091416))"
29C,2020-03-29 05:55:00+00:00,2020-03-29 07:55:00+00:00,0.0,31000.0,"POLYGON ((-87.6218514141719 45.844434119428435, -86.60231152488832 42.49763841920289, -86.79363116924263 42.43935640067108, -87.81317105852621 45.78615210089662, -87.6218514141719 45.844434119428435))"
JULIETT 1,2020-03-29 06:00:00+00:00,2020-03-29 10:00:00+00:00,0.0,38000.0,"POLYGON ((-39.45 37.45, -39.45 34.3, -44 28.15, -50.15 29, -42.45 37, -39.45 37.45))"
OSCAR 13,2020-03-29 06:16:00+00:00,2020-03-29 10:20:00+00:00,0.0,53000.0,"POLYGON ((145.1 5, 148.4 2.3, 141 0.1, 140.5 3.2, 145.1 5))"
31C,2020-03-29 06:55:00+00:00,2020-03-29 08:55:00+00:00,,,"POLYGON ((-92.56291401792075 31.35921927799539, -93.0444534079237 30.06447752475466, -93.31764183265068 29.82737499100725, -92.38708098624963 31.26391584168095, -93.02208348416444 30.09234828184278, -93.44873501680328 29.97841994149794, -93.1755465920763 30.21552247524534, -93.19791651583556 30.18765171815722, -92.56291401792075 31.35921927799539))"
15E,2020-03-29 06:55:00+00:00,2020-03-29 08:55:00+00:00,0.0,40000.0,"POLYGON ((-81.12088836410148 42.27167754632404, -79.12 41.69089313279081, -81.78866142976469 39.892566070301626, -82.59 40.64910686720918, -82.3232104826181 41.77195542625486, -81.12088836410148 42.27167754632404))"
16E,2020-03-29 06:55:00+00:00,2020-03-29 08:55:00+00:00,0.0,29000.0,"POLYGON ((-87.58344351549043 46.04244301229528, -84.68928703628106 44.4120917414859, -87.21123574979636 43.84994376920952, -87.58344351549043 46.04244301229528))"
30C,2020-03-29 06:55:00+00:00,2020-03-29 08:55:00+00:00,0.0,45000.0,"POLYGON ((-86.82392218962448 36.802048501812344, -84.98603941801056 36.320924300493395, -88.95129293037718 32.687319460929565, -91.16333000123778 30.597569365301997, -91.23350878115083 31.296328646015013, -86.82392218962448 36.802048501812344))"
14E,2020-03-29 06:55:00+00:00,2020-03-29 08:55:00+00:00,,,"POLYGON ((-81.0380690437941 39.9785588006499, -84.08645944735724 37.21190499469483, -86.0943452971713 36.72557021795298, -80.91063216836359 39.82441651968679, -84.04628156228475 37.23202357785355, -86.14142640245682 36.91994966523353, -84.13354055264276 37.40628444197538, -84.17371843771525 37.38616585881666, -81.0380690437941 39.9785588006499))"
17E,2020-03-29 07:55:00+00:00,2020-03-29 09:55:00+00:00,0.0,40000.0,"POLYGON ((-80.86182565826925 39.53254913454356, -80.77817434173073 39.35088335008932, -83.01097143216747 38.322751295726235, -83.09462274870599 38.504417080180474, -80.86182565826925 39.53254913454356))"
19E,2020-03-29 07:55:00+00:00,2020-03-29 09:55:00+00:00,0.0,29000.0,"POLYGON ((-86.59330370873191 45.497036577043055, -85.95694007236828 45.497036577043055, -85.95694007236828 44.860672940679414, -86.59330370873191 44.860672940679414, -86.59330370873191 45.497036577043055))"
18E,2020-03-29 07:55:00+00:00,2020-03-29 09:55:00+00:00,0.0,40000.0,"POLYGON ((-79.53593722603625 42.49593220675092, -78.32733722634197 41.62009732504301, -81.19755626674186 40.019387384640225, -80.83076821759293 42.18470758285815, -79.53593722603625 42.49593220675092))"
32C,2020-03-29 07:55:00+00:00,2020-03-29 09:55:00+00:00,0.0,45000.0,"POLYGON ((-84.11 37.463712818262685, -84.55139429602954 36.119488240244166, -89.75241585358121 31.299001937126995, -90.62009277536477 31.60617913757418, -86.05479501568568 37.23606038614855, -84.11 37.463712818262685))"
20E,2020-03-29 08:55:00+00:00,2020-03-29 10:55:00+00:00,0.0,40000.0,"POLYGON ((-80.34060616293543 39.69567021270309, -80.23785308882124 39.52408406594269, -82.1199751866281 38.39698939624339, -82.22272826074229 38.568575543003796, -80.34060616293543 39.69567021270309))"
21E,2020-03-29 08:55:00+00:00,2020-03-29 10:55:00+00:00,0.0,32000.0,"POLYGON ((-79.12 42.47914187884178, -78.14851639175237 41.565186950706945, -79.82786959895517 40.82936958599381, -80.42738254528317 41.91769092281387, -79.12 42.47914187884178))"
22E,2020-03-29 08:55:00+00:00,2020-03-29 10:55:00+00:00,0.0,29000.0,"POLYGON ((-86.10319309937162 45.38864034717302, -85.466829463008 45.38864034717302, -85.466829463008 44.75227671080938, -86.10319309937162 44.75227671080938, -86.10319309937162 45.38864034717302))"
33C,2020-03-29 08:55:00+00:00,2020-03-29 10:55:00+00:00,0.0,45000.0,"POLYGON ((-83.76040360543843 37.6973198015194, -83.44271605614453 36.80682998104681, -88.16582214476908 32.59971297026996, -89.78389868042414 32.31895542544906, -85.06326665041966 37.68995732832941, -83.76040360543843 37.6973198015194))"
JULIETT 2,2020-03-29 09:20:00+00:00,2020-03-29 13:20:00+00:00,0.0,38000.0,"POLYGON ((-44 34, -40 33.45, -43.3 27.3, -49.3 27.45, -44 34))"
25E,2020-03-29 09:55:00+00:00,2020-03-29 11:55:00+00:00,0.0,35000.0,"POLYGON ((-82.6196765260178 38.55751690824934, -81.85834864708438 37.18948531920286, -82.89675039148989 36.692218128848026, -84.11 37.1963689557364, -82.6196765260178 38.55751690824934))"
34C,2020-03-29 09:55:00+00:00,2020-03-29 11:55:00+00:00,0.0,45000.0,"POLYGON ((-84.70312104098544 37.49909034178673, -83.45236245620694 36.25212926975614, -86.671719534236 33.20867528053094, -87.95831287271236 33.297777165858435, -84.70312104098544 37.49909034178673))"
24E,2020-03-29 09:55:00+00:00,2020-03-29 11:55:00+00:00,,,"POLYGON ((-79.06071213935303 42.04725340997888, -77.86756243682395 40.92739598041825, -77.3551662144186 40.17923449194975, -79.17928786064698 41.88619504068494, -77.84434508406518 40.9033724570883, -77.19015578760713 40.2922458145838, -77.70255201001247 41.0404073030523, -77.72576936277123 41.06443082638224, -79.06071213935303 42.04725340997888))"
23E,2020-03-29 09:55:00+00:00,2020-03-29 11:55:00+00:00,0.0,30000.0,"POLYGON ((-80.68169068533349 39.432340264227506, -80.04532704896987 39.432340264227506, -80.04532704896987 38.795976627863865, -80.68169068533349 38.795976627863865, -80.68169068533349 39.432340264227506))"
28E,2020-03-29 10:55:00+00:00,2020-03-29 12:55:00+00:00,,,"POLYGON ((-81.8915672650295 38.75829209496601, -81.38526717976976 37.82724606360219, -81.46037536351855 37.87865793203693, -81.15716948384616 37.83970433637339, -81.56096857638346 37.7317001624447, -82.0672686616432 38.66274619380852, -81.18265451296227 37.64133469834641, -81.48586039263466 37.68028829400996, -81.8915672650295 38.75829209496601))"
26E,2020-03-29 10:55:00+00:00,2020-03-29 12:55:00+00:00,0.0,45000.0,"POLYGON ((-82.70940625665685 36.920750952805946, -82.57256560966837 36.77489267456377, -85.96303965232178 33.59403336931388, -86.09988029931026 33.73989164755605, -82.70940625665685 36.920750952805946))"
27E,2020-03-29 10:55:00+00:00,2020-03-29 12:55:00+00:00,0.0,36000.0,"POLYGON ((-76.91149233406878 41.51078788016376, -76.7119282513988 41.49759027022537, -76.79523139066815 40.23794442151227, -76.99479547333813 40.251142031450655, -76.91149233406878 41.51078788016376))"
29E,2020-03-29 11:55:00+00:00,2020-03-29 13:55:00+00:00,,,"POLYGON ((-81.40139411290784 37.767087058758, -82.01700104768929 36.37410299879537, -84.84968644010597 34.78705604985607, -81.22975429453487 37.66442366338801, -81.98005889741188 36.41001214409132, -84.94744195792411 34.96153773581796, -82.11475656550743 36.54858468475726, -82.15169871578485 36.51267553946131, -81.40139411290784 37.767087058758))"
30E,2020-03-29 11:55:00+00:00,2020-03-29 13:55:00+00:00,0.0,34000.0,"POLYGON ((-75.93840705580547 41.85263773577765, -75.71570946324292 40.49386883869618, -75.9130761882036 40.46152110495344, -76.13577378076616 41.82029000203491, -75.93840705580547 41.85263773577765))"
31E,2020-03-29 12:55:00+00:00,2020-03-29 14:55:00+00:00,0.0,30000.0,"POLYGON ((-79.85293119743156 39.370855101234575, -79.03102319398214 38.905126024884474, -80.63034752756202 36.936268469940806, -82.13 37.10547582294557, -79.85293119743156 39.370855101234575))"
33E,2020-03-29 12:55:00+00:00,2020-03-29 14:55:00+00:00,0.0,29000.0,"POLYGON ((-75.73488062402139 42.18658707814389, -74.42370112042099 42.05651303923057, -74.79158692717806 40.60861072928987, -76.28886141932203 40.76940408451237, -75.73488062402139 42.18658707814389))"
32E,2020-03-29 12:55:00+00:00,2020-03-29 14:55:00+00:00,0.0,33000.0,"POLYGON ((-82.76121199262239 35.92719891799257, -81.65795853315211 35.56396162707275, -82.97551314596376 34.58891997193702, -83.9515797057067 34.91956699875251, -82.76121199262239 35.92719891799257))"
JULIETT 3,2020-03-29 13:00:00+00:00,2020-03-29 17:00:00+00:00,0.0,38000.0,"POLYGON ((-41.15 30, -43.3 26.45, -46.45 27, -45.15 30, -41.15 30))"
34E,2020-03-29 13:55:00+00:00,2020-03-29 15:55:00+00:00,0.0,30000.0,"POLYGON ((-74.87183825606355 42.05912823450702, -72.89684178238217 42.003481137221364, -72.78956823987848 41.27197234779366, -75.24190143797178 40.579172487495605, -74.87183825606355 42.05912823450702))"
35E,2020-03-29 14:55:00+00:00,2020-03-29 16:55:00+00:00,0.0,40000.0,"POLYGON ((-72.51028253592553 41.995184849556516, -72.32 41.209141878841784, -74.15098361790683 40.629374020754, -74.781710517389 41.892765694885746, -72.51028253592553 41.995184849556516))"
JULIETT 4,2020-03-29 15:00:00+00:00,2020-03-29 19:00:00+00:00,0.0,38000.0,"POLYGON ((-44.97565454551408 30.104518577090627, -45.27565454551409 28.954518577090628, -45.62434545448592 29.045481422909372, -45.324345454485915 30.19548142290937, -44.97565454551408 30.104518577090627))"
37E,2020-03-29 15:55:00+00:00,2020-03-29 17:55:00+00:00,0.0,33000.0,"POLYGON ((-80.56609468394053 42.22412400119316, -81.31701746937793 41.25279366030851, -81.67203517066157 41.3645379145354, -81.85 41.85371281826269, -80.56609468394053 42.22412400119316))"
36E,2020-03-29 15:55:00+00:00,2020-03-29 17:55:00+00:00,0.0,31000.0,"POLYGON ((-71.96822169726275 41.88472088167981, -71.91224268568156 41.22596501028092, -73.4997745628931 40.83413979476606, -73.85670222227367 41.57912625087701, -71.96822169726275 41.88472088167981))"
38E,2020-03-29 16:55:00+00:00,2020-03-29 18:55:00+00:00,0.0,34000.0,"POLYGON ((-79.24234324163764 42.928473009159376, -79.30042791525084 42.24518361486908, -80.29 42.02, -80.56609468394053 42.22412400119316, -79.24234324163764 42.928473009159376))"
39E,2020-03-29 17:55:00+00:00,2020-03-29 19:55:00+00:00,0.0,39000.0,"POLYGON ((-78.38716502321357 43.39081537341085, -78.44387594100371 41.86195235239819, -79.8029447529701 40.95661871338455, -80.37590668736404 42.17367289173752, -79.38790863236792 43.21858452604345, -78.38716502321357 43.39081537341085))"
JULIETT 5,2020-03-29 18:40:00+00:00,2020-03-29 22:40:00+00:00,0.0,38000.0,"POLYGON ((-44.03330659097377 29.862713636439736, -46.03330659097377 28.162713636439737, -46.266693409026225 28.437286363560265, -44.266693409026225 30.137286363560264, -44.03330659097377 29.862713636439736))"
40E,2020-03-29 18:55:00+00:00,2020-03-29 20:55:00+00:00,0.0,38000.0,"POLYGON ((-77.01421055847611 43.74533380210397, -78.05522286573029 41.66367346042309, -79.08223814710864 40.78084171901944, -80.11942548611434 41.7124636288139, -78.95988709743753 43.67792410077983, -77.01421055847611 43.74533380210397))"
41E,2020-03-29 19:55:00+00:00,2020-03-29 21:55:00+00:00,0.0,34000.0,"POLYGON ((-76.46383832995865 43.620812944163745, -77.49612405899627 41.86195235239819, -78.21017354086834 40.919790622951, -79.46041604601423 41.57467443025865, -78.29866494279787 43.544285639929164, -76.46383832995865 43.620812944163745))"
42E,2020-03-29 19:55:00+00:00,2020-03-29 21:55:00+00:00,0.0,31000.0,"POLYGON ((-70.47276443953834 41.2791518073116, -69.21506935197536 41.02245368628932, -69.36468557608768 40.04842595582746, -71.09196291774415 39.972310652127504, -70.47276443953834 41.2791518073116))"
44E,2020-03-29 20:55:00+00:00,2020-03-29 22:55:00+00:00,0.0,31000.0,"POLYGON ((-70.47276443953834 41.2791518073116, -69.21506935197536 41.02245368628932, -69.36468557608768 40.04842595582746, -71.09196291774415 39.972310652127504, -70.47276443953834 41.2791518073116))"
43E,2020-03-29 20:55:00+00:00,2020-03-29 22:55:00+00:00,0.0,34000.0,"POLYGON ((-76.46383832995865 43.620812944163745, -77.49612405899627 41.86195235239819, -78.21017354086834 40.919790622951, -79.46041604601423 41.57467443025865, -78.29866494279787 43.544285639929164, -76.46383832995865 43.620812944163745))"
SIERRA 1,2020-03-29 20:57:00+00:00,2020-03-30 01:00:00+00:00,0.0,34000.0,"POLYGON ((-148.2 26.3, -146.4 23.3, -151.3 23, -151.4 24.1, -148.2 26.3))"
46E,2020-03-29 21:55:00+00:00,2020-03-29 23:55:00+00:00,0.0,31000.0,"POLYGON ((-68.20543552250395 40.692524107394135, -67.60449092942521 40.49037446186185, -69.28322151599643 39.89421515661165, -69.25427352668612 40.68918018809671, -68.20543552250395 40.692524107394135))"
45E,2020-03-29 21:55:00+00:00,2020-03-29 23:55:00+00:00,0.0,39000.0,"POLYGON ((-75.09646306879328 44.798731012840605, -75.32 42.49371281826268, -77.97 42.08828375768357, -75.09646306879328 44.798731012840605))"
47E,2020-03-29 21:55:00+00:00,2020-03-29 23:55:00+00:00,0.0,40000.0,"POLYGON ((-78.89409593466304 37.035273952215526, -78.81847051459916 36.85012321405832, -79.94218728996806 36.39113744918407, -80.01781271003195 36.57628818734128, -78.89409593466304 37.035273952215526))"
KILO 1,2020-03-29 22:15:00+00:00,2020-03-30 02:15:00+00:00,25000.0,34000.0,"POLYGON ((-53 45, -51 45, -52 41.45, -55 41, -56.15 44.15, -53 45))"
49E,2020-03-29 22:55:00+00:00,2020-03-30 00:55:00+00:00,0.0,35000.0,"POLYGON ((-67.60449092942521 40.49037446186185, -67.00718342785322 40.285131084847016, -68.19116852601938 39.85350746690818, -68.79543659952171 40.33222752695702, -67.60449092942521 40.49037446186185))"
51E,2020-03-29 22:55:00+00:00,2020-03-30 00:55:00+00:00,0.0,33000.0,"POLYGON ((-72.71387242232574 43.628580207365204, -72.06151100659113 42.866064829369726, -72.86201318097078 42.24728174318477, -73.8 42.084524177054426, -72.71387242232574 43.628580207365204))"
50E,2020-03-29 22:55:00+00:00,2020-03-30 00:55:00+00:00,0.0,38000.0,"POLYGON ((-77.86859967172974 37.1832823550474, -77.7966286540909 36.99668071352185, -79.4356100933119 36.36453642418151, -79.50758111095074 36.551138065707065, -77.86859967172974 37.1832823550474))"
52E,2020-03-29 22:55:00+00:00,2020-03-30 00:55:00+00:00,0.0,34000.0,"POLYGON ((-75.6670882803427 42.19913711075539, -75.12163373488816 42.19913711075539, -75.12163373488816 41.65368256530084, -75.6670882803427 41.65368256530084, -75.6670882803427 42.19913711075539))"
48E,2020-03-29 22:55:00+00:00,2020-03-30 00:55:00+00:00,0.0,36000.0,"POLYGON ((-74.72 44.91, -74.10761027530637 44.908363638499864, -74.39062024426129 42.748482600392336, -77.74697403622542 41.910483742610396, -74.72 44.91))"
54E,2020-03-29 23:55:00+00:00,2020-03-30 01:55:00+00:00,0.0,32000.0,"POLYGON ((-70.20024338328672 41.58728468686559, -69.00236369187786 41.59377672287657, -66.80889025182304 40.21603622357932, -68.34144020317794 39.973481077996794, -70.20024338328672 41.58728468686559))"
53E,2020-03-29 23:55:00+00:00,2020-03-30 01:55:00+00:00,,,"POLYGON ((-72.88496628983366 44.04689854413733, -73.65820990437253 42.8207056320334, -74.964966914209 41.97563639901328, -72.731732892821 43.91837023581594, -73.63589661659064 42.84041254183936, -75.07357373565789 42.14357852694659, -73.76681672582141 42.98864775996672, -73.7891300136033 42.96894085016076, -72.88496628983366 44.04689854413733))"
57E,2020-03-29 23:55:00+00:00,2020-03-30 01:55:00+00:00,0.0,30000.0,"POLYGON ((-76.47272727272727 44.01101103041085, -75.92727272727274 44.01101103041085, -75.92727272727274 43.4655564849563, -76.47272727272727 43.4655564849563, -76.47272727272727 44.01101103041085))"
55E,2020-03-29 23:55:00+00:00,2020-03-30 01:55:00+00:00,0.0,36000.0,"POLYGON ((-73.44057404750262 44.871628013005264, -72.89511950204809 44.871628013005264, -72.89511950204809 44.32617346755072, -73.44057404750262 44.32617346755072, -73.44057404750262 44.871628013005264))"
56E,2020-03-29 23:55:00+00:00,2020-03-30 01:55:00+00:00,0.0,37000.0,"POLYGON ((-71.4436359505391 44.08558297630753, -70.76304151706489 43.69703050503117, -72.2757149892715 42.245938768029575, -72.99002884897433 42.47387593379931, -71.4436359505391 44.08558297630753))"
LIMA 1,2020-03-30 00:00:00+00:00,2020-03-30 04:00:00+00:00,0.0,37000.0,"POLYGON ((-40 30.45, -40 26, -46.45 25.3, -45 29.3, -40 30.45))"
SIERRA 2,2020-03-30 00:49:00+00:00,2020-03-30 04:50:00+00:00,0.0,34000.0,"POLYGON ((-146.2 25.1, -145.4 20.4, -149.4 23.1, -146.2 25.1))"
2E,2020-03-30 00:55:00+00:00,2020-03-30 02:55:00+00:00,0.0,32000.0,"POLYGON ((-68.38102815496221 41.77762008166946, -67.00718342785322 40.285131084847016, -68.34144020317794 39.973481077996794, -69.77402655237435 41.740832278831824, -68.38102815496221 41.77762008166946))"
1E,2020-03-30 00:55:00+00:00,2020-03-30 02:55:00+00:00,,,"POLYGON ((-72.09584614993048 45.04984045729164, -72.37755532935999 43.85361008771094, -73.64050429765486 42.52632396711817, -71.91079819189306 44.9739638915669, -72.3574760209813 43.88460488613658, -73.78539363893488 42.66419012969419, -72.52244467064001 43.99147625028696, -72.54252397901871 43.96048145186132, -72.09584614993048 45.04984045729164))"
3E,2020-03-30 00:55:00+00:00,2020-03-30 02:55:00+00:00,0.0,36000.0,"POLYGON ((-73.85663282201587 41.93262714590411, -73.31117827656134 41.93262714590411, -73.31117827656134 41.38717260044956, -73.85663282201587 41.38717260044956, -73.85663282201587 41.93262714590411))"
4E,2020-03-30 00:55:00+00:00,2020-03-30 02:55:00+00:00,0.0,38000.0,"POLYGON ((-70.61 43.71914187884179, -70.25222704922903 41.6804854788242, -72.09900488508877 41.32048817162009, -72.27557742523345 42.706746586909624, -70.61 43.71914187884179))"
8E,2020-03-30 01:55:00+00:00,2020-03-30 03:55:00+00:00,0.0,36000.0,"POLYGON ((-69.95695554412909 43.89871356586599, -69.60132974257496 42.04773472168586, -71.43 41.387262088527216, -71.41887838869395 43.102246193562756, -69.95695554412909 43.89871356586599))"
6E,2020-03-30 01:55:00+00:00,2020-03-30 03:55:00+00:00,0.0,32000.0,"POLYGON ((-67.75615296355639 41.958096613856135, -66.26882180245416 41.218758672067075, -67.4049839720516 40.422301723563265, -68.4804754695701 41.269610727431655, -67.75615296355639 41.958096613856135))"
7E,2020-03-30 01:55:00+00:00,2020-03-30 03:55:00+00:00,0.0,38000.0,"POLYGON ((-73.43024538160516 40.72047928733744, -73.34778738258116 40.53826875417056, -75.14166801501727 39.72646163815096, -75.22412601404127 39.90867217131784, -73.43024538160516 40.72047928733744))"
5E,2020-03-30 01:55:00+00:00,2020-03-30 03:55:00+00:00,0.0,35000.0,"POLYGON ((-71.52760072699856 44.13989610836705, -71.35967117407965 44.03126984424801, -72.8800182234589 41.68090639987832, -73.04794777637781 41.789532663997356, -71.52760072699856 44.13989610836705))"
1C,2020-03-30 01:55:00+00:00,2020-03-30 03:55:00+00:00,0.0,30000.0,"POLYGON ((-95.05788979399526 31.159558852080604, -95.70508023585414 30.266205230900503, -97.53 30.813712818262683, -95.05788979399526 31.159558852080604))"
KILO 2,2020-03-30 02:10:00+00:00,2020-03-30 06:10:00+00:00,25000.0,33000.0,"POLYGON ((-51 45, -51.45 42.15, -54.15 41.3, -55.3 44.3, -53 45, -51 45))"
LIMA 2,2020-03-30 02:40:00+00:00,2020-03-30 06:40:00+00:00,0.0,40000.0,"POLYGON ((-40 30.45, -40 24, -43.45 25, -42.15 30.15, -40 30.45))"
9E,2020-03-30 02:55:00+00:00,2020-03-30 04:55:00+00:00,0.0,45000.0,"POLYGON ((-68.25294724896771 43.762384353426725, -68.4357977794325 42.445524632846855, -70.20024338328672 41.58728468686559, -70.36407272607751 42.54930078149215, -68.25294724896771 43.762384353426725))"
11E,2020-03-30 02:55:00+00:00,2020-03-30 04:55:00+00:00,0.0,45000.0,"POLYGON ((-73.38481078806717 39.09714965155404, -73.37062410521537 38.89765344098938, -74.27779036858125 38.83314254107901, -74.29197705143305 39.032638751643674, -73.38481078806717 39.09714965155404))"
10E,2020-03-30 02:55:00+00:00,2020-03-30 04:55:00+00:00,0.0,42000.0,"POLYGON ((-72.36084054594545 40.72213818364109, -72.27915945405454 40.539578058675346, -74.21539886957726 39.673265386881276, -74.29707996146817 39.85582551184702, -72.36084054594545 40.72213818364109))"
SIERRA 3,2020-03-30 03:49:00+00:00,2020-03-30 07:50:00+00:00,0.0,34000.0,"POLYGON ((-146.3 25, -145.3 21.1, -151.2 21.3, -146.3 25))"
12E,2020-03-30 03:55:00+00:00,2020-03-30 05:55:00+00:00,0.0,41000.0,"POLYGON ((-67.56407578484256 43.89135393421025, -67.78155498715621 42.905416193766875, -69.68788560493756 41.89431584223956, -69.63921535313581 42.352071745190194, -67.56407578484256 43.89135393421025))"
14E,2020-03-30 03:55:00+00:00,2020-03-30 05:55:00+00:00,0.0,45000.0,"POLYGON ((-72.34371308662006 39.57143837737102, -72.29628691337993 39.37714283421112, -73.84486146818719 38.99914669535422, -73.89228764142732 39.193442238514116, -72.34371308662006 39.57143837737102))"
13E,2020-03-30 03:55:00+00:00,2020-03-30 05:55:00+00:00,0.0,42000.0,"POLYGON ((-71.96543343795423 40.699544299226964, -71.86658458522427 40.52567968432799, -72.91972959232636 39.926925442294255, -73.01857844505632 40.10079005719323, -71.96543343795423 40.699544299226964))"
16E,2020-03-30 04:55:00+00:00,2020-03-30 06:55:00+00:00,0.0,45000.0,"POLYGON ((-71.04766158625303 40.957173518989755, -70.03 40.614524177054435, -71.01956956556548 38.453275082292286, -72.64304587494642 38.379696802941126, -73.43403988304122 39.49739887272761, -71.04766158625303 40.957173518989755))"
15E,2020-03-30 04:55:00+00:00,2020-03-30 06:55:00+00:00,0.0,41000.0,"POLYGON ((-66.96402375783515 43.46887955584817, -66.83704015220573 43.31436365407314, -69.0740800466602 41.475928978603406, -69.20106365228962 41.630444880378434, -66.96402375783515 43.46887955584817))"
18E,2020-03-30 05:55:00+00:00,2020-03-30 07:55:00+00:00,0.0,42000.0,"POLYGON ((-70.03 40.614524177054435, -69.28322151599643 39.89421515661165, -70.03 38.45172775248133, -70.86334728687149 38.14394774694664, -72.44740060702281 39.16637987783707, -70.03 40.614524177054435))"
17E,2020-03-30 05:55:00+00:00,2020-03-30 07:55:00+00:00,0.0,39000.0,"POLYGON ((-68.14870425256673 42.430307423322866, -67.23961334347582 42.430307423322866, -67.23961334347582 41.52121651423196, -68.14870425256673 41.52121651423196, -68.14870425256673 42.430307423322866))"
KILO 3,2020-03-30 06:00:00+00:00,2020-03-30 10:00:00+00:00,26000.0,34000.0,"POLYGON ((-50.3 45, -50.45 42.45, -53.3 42, -54.3 44.45, -53 45, -50.3 45))"
LIMA 3,2020-03-30 06:05:00+00:00,2020-03-30 10:05:00+00:00,0.0,40000.0,"POLYGON ((-40 31.45, -40 24, -41.15 24.15, -41 30.3, -40 31.45))"
19E,2020-03-30 06:55:00+00:00,2020-03-30 08:55:00+00:00,0.0,42000.0,"POLYGON ((-68.64357098989562 40.212842630177114, -68.56609569777747 38.503830832121295, -70.94129191277956 38.298637311610506, -70.03 40.115417309845256, -68.64357098989562 40.212842630177114))"
2C,2020-03-30 06:55:00+00:00,2020-03-30 08:55:00+00:00,,,"POLYGON ((-97.00946716222539 34.08551718117454, -94.81477664533001 32.54450319137476, -94.89231533812895 32.56062738973412, -93.97070875333048 32.74947599573351, -94.92970578046835 32.3808227285933, -97.12439629736373 33.92183671839309, -93.93056050287095 32.55354713623334, -94.85216708766941 32.36469853023394, -97.00946716222539 34.08551718117454))"
MIKE 1,2020-03-30 06:55:00+00:00,2020-03-30 10:55:00+00:00,0.0,40000.0,"POLYGON ((-63 43, -62 41.15, -67 41, -67.15 42, -63 43))"
3C,2020-03-30 08:55:00+00:00,2020-03-30 10:55:00+00:00,0.0,31000.0,"POLYGON ((-97.40223534563665 34.67089612929937, -97.39970781146992 33.748670967763836, -98.89495167084866 33.37480363990927, -98.73208032563304 34.10755899080383, -97.40223534563665 34.67089612929937))"
5C,2020-03-30 09:55:00+00:00,2020-03-30 11:55:00+00:00,0.0,28000.0,"POLYGON ((-96.31235058925773 35.10523227615565, -96.22615615219175 34.924759233795086, -98.37253941184086 33.89964049931021, -98.45873384890685 34.08011354167077, -96.31235058925773 35.10523227615565))"
4C,2020-03-30 09:55:00+00:00,2020-03-30 11:55:00+00:00,0.0,30000.0,"POLYGON ((-95.17993345418343 34.43548382078401, -95.14205648739674 34.239103232672456, -96.66748543584006 33.9448856515396, -96.70536240262675 34.14126623965115, -95.17993345418343 34.43548382078401))"
6C,2020-03-30 10:55:00+00:00,2020-03-30 12:55:00+00:00,,,"POLYGON ((-97.37232470151005 34.15127761600019, -97.03878844360626 34.19081199318854, -96.96863894257027 34.17269776815645, -94.97290581755047 32.73769800239052, -95.04948366038916 32.75483742103872, -93.87906610255563 32.9714597154484, -97.0152470457014 33.99220231924317, -97.34878330360519 33.95266794205482, -95.0896634217176 32.57531677850933, -97.0853965467374 34.01031654427526, -93.84266802104538 32.7747996542708, -95.01308557887891 32.55817735986113, -97.37232470151005 34.15127761600019))"
7C,2020-03-30 10:55:00+00:00,2020-03-30 12:55:00+00:00,0.0,43000.0,"POLYGON ((-98.95626532357473 28.737749072442234, -98.04717441448382 28.737749072442234, -98.04717441448382 27.828658163351328, -98.95626532357473 27.828658163351328, -98.95626532357473 28.737749072442234))"
9C,2020-03-30 11:55:00+00:00,2020-03-30 13:55:00+00:00,0.0,40000.0,"POLYGON ((-98.14345852121036 28.916214917192395, -98.01867777765096 28.75991467395279, -99.3576096282203 27.690991757221987, -99.4823903717797 27.847292000461593, -98.14345852121036 28.916214917192395))"
8C,2020-03-30 11:55:00+00:00,2020-03-30 13:55:00+00:00,0.0,34000.0,"POLYGON ((-93.56758990198486 33.60732404881967, -93.53207750138051 33.41050212574371, -95.12903199000147 33.1223650795218, -95.16454439060581 33.31918700259776, -93.56758990198486 33.60732404881967))"
10C,2020-03-30 12:55:00+00:00,2020-03-30 14:55:00+00:00,0.0,36000.0,"POLYGON ((-92.98229713795675 33.56417517643269, -92.98786467148327 33.36425268502557, -94.59295006508057 33.40895184157813, -94.58738253155406 33.60887433298525, -92.98229713795675 33.56417517643269))"
11C,2020-03-30 12:55:00+00:00,2020-03-30 14:55:00+00:00,0.0,45000.0,"POLYGON ((-97.82850046562906 29.096255475095845, -97.68860032266365 28.95332909545143, -98.53814903120511 28.121768217209667, -98.67804917417052 28.26469459685408, -97.82850046562906 29.096255475095845))"
ALFA 1,2020-03-30 13:20:00+00:00,2020-03-30 17:20:00+00:00,0.0,52000.0,"POLYGON ((-66.3 40.3, -62.3 40.3, -62.3 38, -68.45 37.45, -66.3 40.3))"
12C,2020-03-30 13:55:00+00:00,2020-03-30 15:55:00+00:00,0.0,35000.0,"POLYGON ((-97.74221322005268 34.67923605401065, -96.60414113318079 33.73813637090367, -96.90012113607516 32.75228152865572, -98.59 32.82541730984526, -99.15441562620227 33.51814707253503, -97.74221322005268 34.67923605401065))"
14C,2020-03-30 13:55:00+00:00,2020-03-30 15:55:00+00:00,0.0,42000.0,"POLYGON ((-96.36064036467147 29.7136552918995, -96.25935963532854 29.541195981151233, -97.17643346460001 29.00262310916814, -97.27771419394294 29.175082419916407, -96.36064036467147 29.7136552918995))"
13C,2020-03-30 13:55:00+00:00,2020-03-30 15:55:00+00:00,0.0,34000.0,"POLYGON ((-93.15061898705973 34.34419905509288, -92.24868206836561 33.66794334765291, -93.75002642401388 33.39893878894439, -94.31579212985434 33.71421163701044, -93.15061898705973 34.34419905509288))"
15C,2020-03-30 13:55:00+00:00,2020-03-30 15:55:00+00:00,0.0,30000.0,"POLYGON ((-100.32590897346658 35.630411773384026, -100.24993676885718 35.44540305973305, -101.35216099437625 34.99278435473218, -101.42813319898565 35.17779306838315, -100.32590897346658 35.630411773384026))"
16C,2020-03-30 14:55:00+00:00,2020-03-30 16:55:00+00:00,0.0,35000.0,"POLYGON ((-96.84812299224058 35.14300145890824, -96.08803196490558 34.23479133629657, -98.59 32.99178626558165, -100.00574949237121 34.134389947873586, -99.73007728562416 34.55972590121787, -96.84812299224058 35.14300145890824))"
19C,2020-03-30 14:55:00+00:00,2020-03-30 16:55:00+00:00,0.0,40000.0,"POLYGON ((-95.23222692783536 32.010172545415074, -93.12646664584274 31.47978073750293, -92.96792671733628 31.093177569301616, -94.56382365181337 31.21523066199999, -95.23222692783536 32.010172545415074))"
17C,2020-03-30 14:55:00+00:00,2020-03-30 16:55:00+00:00,0.0,30000.0,"POLYGON ((-97.66548049212273 36.554184587862544, -99.91708232595212 34.67611637782653, -100.7878352464824 34.777901998547975, -101.28576447562534 35.28948362667827, -99.5478998336098 36.450190644423834, -97.66548049212273 36.554184587862544))"
18C,2020-03-30 14:55:00+00:00,2020-03-30 16:55:00+00:00,0.0,34000.0,"POLYGON ((-96.97024754395446 33.80913949721411, -95.54356136195696 32.69413878844873, -96.43491458184334 32.357406456962885, -98.24484299731681 32.86422518698202, -96.97024754395446 33.80913949721411))"
21C,2020-03-30 15:55:00+00:00,2020-03-30 17:55:00+00:00,0.0,30000.0,"POLYGON ((-99.21485879357513 36.559458759217954, -97.20201517604802 36.347852422817446, -99.07232843184931 33.8230837609998, -100.6402998637039 34.36950101367681, -100.75443095885441 35.28677275673162, -99.21485879357513 36.559458759217954))"
20C,2020-03-30 15:55:00+00:00,2020-03-30 17:55:00+00:00,0.0,34000.0,"POLYGON ((-96.94636386284037 35.176938247943795, -95.94264689341131 34.794566815849905, -97.38425458222001 32.86952856133956, -98.75098600979565 33.93457024542647, -97.80261404671232 34.99913216218724, -96.94636386284037 35.176938247943795))"
22C,2020-03-30 15:55:00+00:00,2020-03-30 17:55:00+00:00,0.0,40000.0,"POLYGON ((-96.79713379715986 32.665311071042176, -92.30500614597086 31.660551273972814, -92.83824726802534 31.259557111345735, -96.7984016011897 31.82510780053419, -96.79713379715986 32.665311071042176))"
ALFA 2,2020-03-30 16:50:00+00:00,2020-03-30 20:50:00+00:00,0.0,48000.0,"POLYGON ((-63.45 40.3, -61 40.15, -61.15 36.45, -64.45 38, -63.45 40.3))"
23C,2020-03-30 16:55:00+00:00,2020-03-30 18:55:00+00:00,0.0,34000.0,"POLYGON ((-98.50780975344846 36.81912644947907, -95.34809359777 35.20215949653443, -96.06588416002776 34.61438400698589, -99.86 33.14547582294556, -100.600825872801 34.98442748661664, -98.50780975344846 36.81912644947907))"
25C,2020-03-30 16:55:00+00:00,2020-03-30 18:55:00+00:00,,,"POLYGON ((-96.75463045362154 32.96779218579128, -93.86878274306652 32.41000664683354, -92.45860807868078 31.38534244640166, -94.773316625782 32.37158750716299, -93.80799714446546 32.3909253408282, -96.7937010186276 32.77164558003398, -94.79485476381957 32.37349414512104, -92.34104259254775 31.54713971606436, -93.75121725693349 32.57180391649624, -93.81200285553454 32.59088522250158, -94.77732233685109 32.57154738883637, -94.75578419881352 32.56964075087833, -96.75463045362154 32.96779218579128))"
26C,2020-03-30 16:55:00+00:00,2020-03-30 18:55:00+00:00,0.0,35000.0,"POLYGON ((-97.65210189460645 33.379646827097154, -99.07077032781568 32.20091175217708, -99.3730524581406 32.88797176922415, -98.92104237309377 33.32172515872774, -97.65210189460645 33.379646827097154))"
24C,2020-03-30 16:55:00+00:00,2020-03-30 18:55:00+00:00,0.0,30000.0,"POLYGON ((-94.76050439075132 35.22303331895126, -94.27 34.81171624231642, -95.78000000000002 33.98257436347464, -95.78000000000002 34.27171624231643, -94.76050439075132 35.22303331895126))"
ALFA 3,2020-03-30 17:50:00+00:00,2020-03-30 21:50:00+00:00,0.0,48000.0,"POLYGON ((-65.15 42.15, -62 42, -59.45 36.3, -62.15 36.3, -66.15 40, -65.15 42.15))"
28C,2020-03-30 17:55:00+00:00,2020-03-30 19:55:00+00:00,0.0,32000.0,"POLYGON ((-103.66418311941176 39.48740038327806, -103.01683329184915 38.81436827016613, -104.12925898880793 38.524897949888825, -104.25015643655057 39.040750604050686, -103.66418311941176 39.48740038327806))"
27C,2020-03-30 17:55:00+00:00,2020-03-30 19:55:00+00:00,0.0,35000.0,"POLYGON ((-99.1142443230933 36.59222707141659, -95.49247626787539 35.084943227930914, -96.3405839307435 34.65771311087037, -99.15812776515703 33.06625800447078, -100.60475853423235 35.74960267118773, -99.1142443230933 36.59222707141659))"
29C,2020-03-30 17:55:00+00:00,2020-03-30 19:55:00+00:00,,,"POLYGON ((-94.99720961050177 32.71629636128864, -93.8229087827324 32.86916331644498, -93.74551768249032 32.84643317819233, -93.51133370544498 32.64886549985346, -93.56519353182465 32.67186653449652, -92.02937750886998 32.50779632550135, -93.7970912172676 32.67083668355502, -94.97139204503698 32.51796972839868, -93.64029834046435 32.49599914346881, -93.87448231750969 32.69356682180768, -92.05062249113003 32.30892789983059, -93.58643851408469 32.47299810882575, -94.99720961050177 32.71629636128864))"
31C,2020-03-30 17:55:00+00:00,2020-03-30 19:55:00+00:00,0.0,28000.0,"POLYGON ((-101.16398415939902 38.97990392847432, -100.51365805981523 38.725390119897824, -101.06913578628233 38.03016354448845, -101.40928856666307 38.13935004409344, -101.16398415939902 38.97990392847432))"
30C,2020-03-30 17:55:00+00:00,2020-03-30 19:55:00+00:00,0.0,38000.0,"POLYGON ((-96.90786001636103 33.13706284729493, -96.3514981567029 32.868114272403076, -97.07415826137736 32.06054894745189, -97.40388187344247 32.562791639367894, -96.90786001636103 33.13706284729493))"
34C,2020-03-30 18:55:00+00:00,2020-03-30 20:55:00+00:00,0.0,33000.0,"POLYGON ((-97.36432846319863 35.86088621012952, -95.08628697479345 35.38725461765392, -98.76212910256062 32.85723857488899, -99.29924413269605 32.949320588324674, -99.39259800037578 33.98739430056722, -97.36432846319863 35.86088621012952))"
35C,2020-03-30 18:55:00+00:00,2020-03-30 20:55:00+00:00,0.0,39000.0,"POLYGON ((-96.46365203714986 33.61976871041788, -95.73455624607473 33.23966253602434, -96.49217433387935 32.677805704930506, -96.89974947187513 32.987562389820795, -96.46365203714986 33.61976871041788))"
36C,2020-03-30 18:55:00+00:00,2020-03-30 20:55:00+00:00,0.0,41000.0,"POLYGON ((-97.27 32.15910686720918, -96.48818392904685 31.657616916745877, -97.27 31.160893132790832, -97.81062342931119 31.467860282199958, -97.27 32.15910686720918))"
32C,2020-03-30 18:55:00+00:00,2020-03-30 20:55:00+00:00,0.0,28000.0,"POLYGON ((-103.11713051664336 39.00062709356026, -103.20104843711614 38.3648682534948, -104.03760621314144 38.5960290795978, -104.07427251468762 38.95729593751739, -103.11713051664336 39.00062709356026))"
37C,2020-03-30 18:55:00+00:00,2020-03-30 20:55:00+00:00,0.0,36000.0,"POLYGON ((-94.203118970957 33.77706113266781, -93.54983370168269 33.50891308728169, -94.15386729909429 32.76953036433165, -94.75 32.99828375768357, -94.203118970957 33.77706113266781))"
38C,2020-03-30 18:55:00+00:00,2020-03-30 20:55:00+00:00,0.0,28000.0,"POLYGON ((-99.3836168957305 36.17299809114066, -98.55049515325906 35.83720437330561, -99.47207712883811 35.53790741655854, -99.60713391954265 35.80542452821307, -99.3836168957305 36.17299809114066))"
33C,2020-03-30 18:55:00+00:00,2020-03-30 20:55:00+00:00,0.0,28000.0,"POLYGON ((-101.11589710382337 40.364786402035946, -100.23000000000002 39.69371281826268, -100.75505319586048 38.84990939695654, -101.47646487378607 38.9891058906817, -101.11589710382337 40.364786402035946))"
40C,2020-03-30 20:09:00+00:00,2020-03-30 21:55:00+00:00,0.0,30000.0,"POLYGON ((-100.89911514931549 40.43487091095333, -99.9816818810122 39.72085183072273, -100.73 38.41910686720917, -101.33034849469558 38.389042075919455, -100.89911514931549 40.43487091095333))"
44C,2020-03-30 20:09:00+00:00,2020-03-30 21:55:00+00:00,0.0,37000.0,"POLYGON ((-99.26039618132032 36.3384008192057, -98.35621354149416 35.99628408131475, -99.42756672791393 35.07282674386123, -99.82201038260493 35.291341611505835, -99.26039618132032 36.3384008192057))"
39C,2020-03-30 20:09:00+00:00,2020-03-30 21:55:00+00:00,0.0,28000.0,"POLYGON ((-104.82097473296646 38.162017412356676, -103.6 37.75910686720918, -103.91739474331128 36.64475545995469, -104.83135118795715 37.52078868065801, -104.82097473296646 38.162017412356676))"
42C,2020-03-30 20:09:00+00:00,2020-03-30 21:55:00+00:00,0.0,38000.0,"POLYGON ((-94.92719039127356 34.1411722960863, -93.50254103079556 33.97927067191303, -95.05376835309352 33.03445552378545, -96.12170260391234 33.18498112909956, -94.92719039127356 34.1411722960863))"
46C,2020-03-30 20:09:00+00:00,2020-03-30 21:55:00+00:00,0.0,31000.0,"POLYGON ((-100.80738280134877 44.579175522044686, -100.42519969731983 43.92857700986732, -102.48721872157697 43.056567324880525, -103.01 43.480893132790825, -100.80738280134877 44.579175522044686))"
43C,2020-03-30 20:09:00+00:00,2020-03-30 21:55:00+00:00,0.0,39000.0,"POLYGON ((-96.7780890963176 32.33546227596062, -96.32512227029618 31.988470197374934, -97.27 31.08171624231642, -97.583464633539 31.548967045717415, -96.7780890963176 32.33546227596062))"
45C,2020-03-30 20:09:00+00:00,2020-03-30 21:55:00+00:00,0.0,40000.0,"POLYGON ((-93.08578345603873 33.259521490538454, -92.74 32.97085812115821, -93.2942013192412 32.7689433260339, -93.49191205717665 32.880248046427575, -93.08578345603873 33.259521490538454))"
41C,2020-03-30 20:09:00+00:00,2020-03-30 21:55:00+00:00,0.0,35000.0,"POLYGON ((-95.79 35.91085812115821, -93.94277209491706 35.2789088133398, -97.99541013897749 32.271312758502695, -99.20279125349312 33.477343209914345, -98.59 34.71285469710447, -95.79 35.91085812115821))"
47C,2020-03-30 20:55:00+00:00,2020-03-30 22:55:00+00:00,0.0,31000.0,"POLYGON ((-100.80738280134877 44.579175522044686, -100.16000000000001 44.05726208852722, -102.57324509170037 43.21063701635652, -102.83395560630993 43.672454666253074, -100.80738280134877 44.579175522044686))"
49C,2020-03-30 20:55:00+00:00,2020-03-30 22:55:00+00:00,0.0,33000.0,"POLYGON ((-100.74428875322157 40.31753829731647, -99.43306934821706 39.51195578775288, -102.51237985749506 35.99272132538199, -103.6 36.59452417705443, -100.74428875322157 40.31753829731647))"
48C,2020-03-30 20:55:00+00:00,2020-03-30 22:55:00+00:00,0.0,32000.0,"POLYGON ((-103.5918916827497 39.390741605151966, -102.67986504170162 39.06746343758339, -104.24919853283849 36.488392031447816, -106.55418873172205 36.75952082116372, -103.5918916827497 39.390741605151966))"
1W,2020-03-30 20:55:00+00:00,2020-03-30 22:55:00+00:00,0.0,24000.0,"POLYGON ((-117.62999999999998 46.894524177054436, -116.11407287131685 46.69052965235469, -117.81 44.84, -119.12132195323218 45.392446305215195, -117.62999999999998 46.894524177054436))"
51C,2020-03-30 20:55:00+00:00,2020-03-30 22:55:00+00:00,0.0,36000.0,"POLYGON ((-95.2 36.581716242316425, -90.72339873581635 34.404365625916775, -97.0114872031648 31.12547475303337, -99.20279125349312 33.477343209914345, -97.97481309017301 35.092739100852995, -95.2 36.581716242316425))"
50C,2020-03-30 20:55:00+00:00,2020-03-30 22:55:00+00:00,0.0,33000.0,"POLYGON ((-98.55882816997175 36.85943969832422, -97.92 36.4945709394209, -98.92628707925105 34.65737421047307, -99.88392761702887 35.17072819612951, -98.55882816997175 36.85943969832422))"
20E,2020-03-30 21:03:00+00:00,2020-03-30 22:55:00+00:00,0.0,24000.0,"POLYGON ((-75.41162361345005 40.37523476158962, -74.05354482864784 39.819391714234854, -74.45523811985984 39.210142532477526, -76.2305806222443 39.49759440435699, -75.41162361345005 40.37523476158962))"
21E,2020-03-30 21:55:00+00:00,2020-03-30 23:55:00+00:00,0.0,28000.0,"POLYGON ((-74.85096999671929 40.83429995085863, -73.15430113998076 40.15779641440894, -73.03826328663932 39.36599150718487, -75.59510272271292 39.351971228949175, -74.85096999671929 40.83429995085863))"
54C,2020-03-30 21:55:00+00:00,2020-03-30 23:55:00+00:00,0.0,43000.0,"POLYGON ((-100.47831811898783 39.72085183072273, -99.92714576305953 39.02432590951349, -101.7954113092049 34.98249073929103, -103.20405039287658 36.49081360945326, -100.47831811898783 39.72085183072273))"
53C,2020-03-30 21:55:00+00:00,2020-03-30 23:55:00+00:00,0.0,32000.0,"POLYGON ((-103.48679778027379 39.92431317347883, -102.0884893598079 39.51665428550966, -103.8385252962704 36.79864552706383, -105.37811693999795 36.99625472462637, -106.05435615985198 38.76421312104478, -103.48679778027379 39.92431317347883))"
56C,2020-03-30 21:55:00+00:00,2020-03-30 23:55:00+00:00,0.0,37000.0,"POLYGON ((-96.10313914099379 35.58477150503226, -92.46692700817368 34.914945364009576, -92.96722194107782 32.798678519623316, -96.97276296943855 31.044835798268878, -98.13418954798071 33.06692806077203, -96.10313914099379 35.58477150503226))"
2W,2020-03-30 21:55:00+00:00,2020-03-30 23:55:00+00:00,0.0,24000.0,"POLYGON ((-116.38620717480529 46.22796581314498, -117.16185883705272 44.647163071195976, -119.47811494823222 44.776493639735406, -119.38115416273625 45.82648567638682, -116.38620717480529 46.22796581314498))"
52C,2020-03-30 21:55:00+00:00,2020-03-30 23:55:00+00:00,,,"POLYGON ((-100.245276363082 44.58984845870353, -103.1831711999381 43.81877872961669, -103.2561794902323 43.7399036100414, -103.5783941709397 41.96366795274562, -103.1323994386471 43.6253304723089, -100.1945046017911 44.39640020139574, -103.3816058290603 41.92796993458842, -103.0593911483529 43.70420559188419, -100.245276363082 44.58984845870353))"
ALFA 4,2020-03-30 21:55:00+00:00,2020-03-31 01:55:00+00:00,0.0,37000.0,"POLYGON ((-62.3 42, -59.15 41, -63.45 36.45, -65.45 37.15, -62.3 42))"
55C,2020-03-30 21:55:00+00:00,2020-03-30 23:55:00+00:00,0.0,29000.0,"POLYGON ((-99.99696144301524 37.91772658640386, -97.64332821689645 36.88394649635953, -98.13207440218234 35.398833431131756, -100.08711662420865 36.74052006677725, -99.99696144301524 37.91772658640386))"
3W,2020-03-30 21:55:00+00:00,2020-03-30 23:55:00+00:00,0.0,22000.0,"POLYGON ((-121.91150369171615 48.24462169647196, -121.71168806681808 48.236035891524175, -121.75929290164564 47.128138626552655, -121.9591085265437 47.13672443150044, -121.91150369171615 48.24462169647196))"
22E,2020-03-30 22:55:00+00:00,2020-03-31 00:55:00+00:00,0.0,22000.0,"POLYGON ((-72.32 40.25452417705443, -72.32 39.25631044263608, -74.9982402313539 39.16349886665429, -74.73738476046408 40.054876410244646, -72.32 40.25452417705443))"
58C,2020-03-30 22:55:00+00:00,2020-03-31 00:55:00+00:00,0.0,30000.0,"POLYGON ((-102.56851300763655 39.68782336505307, -102.23871868308359 38.55206010327422, -105.37811693999795 36.99625472462637, -105.7017167427689 38.283135671693366, -102.56851300763655 39.68782336505307))"
61C,2020-03-30 22:55:00+00:00,2020-03-31 00:55:00+00:00,0.0,40000.0,"POLYGON ((-94.96535003331196 36.19717157515946, -92.18 34.84636895573639, -92.04 32.85273791147279, -96.44697070473799 30.951513136209684, -98.24726069029435 31.656276482818313, -94.96535003331196 36.19717157515946))"
59C,2020-03-30 22:55:00+00:00,2020-03-31 00:55:00+00:00,0.0,39000.0,"POLYGON ((-101.80421187667515 40.57567593551191, -99.06541994897518 40.189999276115465, -100.97 36.20815522131804, -102.72883332197415 35.88273405794003, -101.80421187667515 40.57567593551191))"
4W,2020-03-30 22:55:00+00:00,2020-03-31 00:55:00+00:00,0.0,22000.0,"POLYGON ((-116.38620717480529 46.22796581314498, -117.16185883705272 44.647163071195976, -119.47811494823222 44.776493639735406, -119.38115416273625 45.82648567638682, -116.38620717480529 46.22796581314498))"
57C,2020-03-30 22:55:00+00:00,2020-03-31 00:55:00+00:00,,,"POLYGON ((-100.2454098353234 44.58981332956992, -103.0355193528869 43.8534132248522, -103.1069735462574 43.78114002608196, -103.5769735462574 41.91441580075004, -102.9844806471131 43.66003522581163, -100.1943711295496 44.39643533052934, -103.3830264537426 41.86558419924996, -102.9130264537426 43.73230842458187, -100.2454098353234 44.58981332956992))"
60C,2020-03-30 22:55:00+00:00,2020-03-31 00:55:00+00:00,0.0,28000.0,"POLYGON ((-99.630470484336 37.9148849724942, -96.12150286989566 36.31019299193417, -97.10943515288695 35.23303295246187, -99.88 36.629141878841786, -99.630470484336 37.9148849724942))"
62C,2020-03-30 22:55:00+00:00,2020-03-31 00:55:00+00:00,0.0,31000.0,"POLYGON ((-100.97 36.317145302895526, -100.1563707371147 34.10279505824716, -100.950453882455 33.36433806124211, -102.4609738147084 35.56385412764025, -100.97 36.317145302895526))"
23E,2020-03-30 23:55:00+00:00,2020-03-31 01:55:00+00:00,0.0,20000.0,"POLYGON ((-71.39573835756471 40.210444953087425, -71.33607441871698 39.071297915783774, -74.37124285605135 39.09921482441825, -73.77 40.130893132790824, -71.39573835756471 40.210444953087425))"
63C,2020-03-30 23:55:00+00:00,2020-03-31 01:55:00+00:00,0.0,40000.0,"POLYGON ((-101.21548586148344 40.69613889059496, -98.20178459189913 40.00450130606194, -100.12965150530442 38.389042075919455, -102.05489829865756 38.19828936038757, -102.0884893598079 39.51665428550966, -101.21548586148344 40.69613889059496))"
66C,2020-03-30 23:55:00+00:00,2020-03-31 01:55:00+00:00,0.0,32000.0,"POLYGON ((-96.87307578081897 35.98603119500176, -90.26647209445994 34.78438188645532, -91.76023416735974 32.75497176625328, -96.44697070473799 30.951513136209684, -97.27 31.66, -96.87307578081897 35.98603119500176))"
65C,2020-03-30 23:55:00+00:00,2020-03-31 01:55:00+00:00,0.0,29000.0,"POLYGON ((-99.86061622356235 34.72217305448748, -99.5473995132463 34.11308904486021, -100.29 33.53815522131804, -100.84737538805693 34.17773595348877, -99.86061622356235 34.72217305448748))"
5W,2020-03-30 23:55:00+00:00,2020-03-31 01:55:00+00:00,,,"POLYGON ((-114.0301915822939 48.41543227593603, -114.1213114199434 47.84993830956552, -115.3405223437683 46.96619823563852, -113.8545161147519 48.31983870866345, -114.092162266229 47.88310849802861, -115.4578995038815 47.12813217983729, -114.2386885800566 48.01187225376429, -114.267837733771 47.9787020653012, -114.0301915822939 48.41543227593603))"
64C,2020-03-30 23:55:00+00:00,2020-03-31 01:55:00+00:00,0.0,35000.0,"POLYGON ((-100.6002327706961 38.02215589252711, -99.9521564671727 35.03736763495931, -101.64 34.71171624231643, -102.04410953276388 37.68708964854766, -100.6002327706961 38.02215589252711))"
4C,2020-03-31 00:55:00+00:00,2020-03-31 02:55:00+00:00,0.0,36000.0,"POLYGON ((-95.02654697919009 35.642310891519315, -90.26647209445994 34.78438188645532, -90.9803131283207 32.869825214407506, -96.44697070473799 30.951513136209684, -97.27 31.66, -95.02654697919009 35.642310891519315))"
2C,2020-03-31 00:55:00+00:00,2020-03-31 02:55:00+00:00,0.0,36000.0,"POLYGON ((-100.73 37.58726208852721, -99.41128249217098 35.41685161315762, -100.29 34.70273791147278, -102.22048516427567 37.03343839908489, -100.73 37.58726208852721))"
3C,2020-03-31 00:55:00+00:00,2020-03-31 02:55:00+00:00,0.0,29000.0,"POLYGON ((-99.54140285583473 34.98108870181298, -98.71344221276912 34.09216547340374, -99.3928309392349 33.710766048020446, -99.96679143581024 34.258925243204914, -99.54140285583473 34.98108870181298))"
1C,2020-03-31 00:55:00+00:00,2020-03-31 02:55:00+00:00,0.0,35000.0,"POLYGON ((-100.32150838275038 40.40414454642519, -100.4701034708296 38.12416877207332, -102.01221911235264 37.9767493921094, -101.69 39.96828375768357, -100.32150838275038 40.40414454642519))"
ALFA 5,2020-03-31 01:10:00+00:00,2020-03-31 05:10:00+00:00,0.0,34000.0,"POLYGON ((-59.15 42, -54 38.45, -59.45 33.3, -63.3 38, -59.15 42))"
7C,2020-03-31 01:55:00+00:00,2020-03-31 03:55:00+00:00,0.0,29000.0,"POLYGON ((-98.59 34.821844778681964, -98.03261134666779 34.17974396413633, -98.97051378277673 33.2208886067065, -99.14488870346338 33.79775385358701, -98.59 34.821844778681964))"
6C,2020-03-31 01:55:00+00:00,2020-03-31 03:55:00+00:00,0.0,31000.0,"POLYGON ((-100.137284693287 37.447946985839714, -98.82454753749143 35.39382082439066, -99.71667682371923 34.839228059388795, -101.7012441116291 36.44954616944354, -100.137284693287 37.447946985839714))"
8C,2020-03-31 01:55:00+00:00,2020-03-31 03:55:00+00:00,0.0,36000.0,"POLYGON ((-89.57370492432038 35.01932298495471, -90.83047457671236 32.682559925262055, -97.30754560406761 30.84092624332239, -95.40598728118714 34.72209398183621, -89.57370492432038 35.01932298495471))"
5C,2020-03-31 01:55:00+00:00,2020-03-31 03:55:00+00:00,0.0,28000.0,"POLYGON ((-100.24082827781538 40.08882520536087, -100.23000000000002 38.681716242316426, -101.83696456851658 38.4735438719925, -101.47399823979363 39.79049929416052, -100.24082827781538 40.08882520536087))"
9C,2020-03-31 02:55:00+00:00,2020-03-31 04:55:00+00:00,0.0,36000.0,"POLYGON ((-89.5547796079993 35.55865610270538, -89.87254180680469 32.89091044801956, -96.84403185773873 30.966411962913288, -94.08160688036092 35.32618708667899, -89.5547796079993 35.55865610270538))"
10C,2020-03-31 02:55:00+00:00,2020-03-31 04:55:00+00:00,0.0,30000.0,"POLYGON ((-99.30895777845495 36.14764047228191, -98.16435509971946 35.2076866093756, -99.16070127752752 34.459246996332524, -100.62091602958658 35.28572624517899, -99.30895777845495 36.14764047228191))"
11C,2020-03-31 03:55:00+00:00,2020-03-31 05:55:00+00:00,0.0,34000.0,"POLYGON ((-93.56066074853938 35.38792688560624, -89.84444473408051 35.287056983055166, -89.96021030605753 33.34893956818601, -95.50270404487352 31.43425797617372, -93.56066074853938 35.38792688560624))"
ALFA 6,2020-03-31 04:20:00+00:00,2020-03-31 08:20:00+00:00,0.0,40000.0,"POLYGON ((-54.3 40, -51 33.45, -57.15 32.15, -62 39, -54.3 40))"
12C,2020-03-31 04:55:00+00:00,2020-03-31 06:55:00+00:00,0.0,33000.0,"POLYGON ((-93.78704673711187 33.744959830582474, -92.37290472907814 33.13212722709899, -93.94233855984072 31.157663216393814, -95.01955746797714 31.774472985301784, -93.78704673711187 33.744959830582474))"
13C,2020-03-31 05:55:00+00:00,2020-03-31 07:55:00+00:00,0.0,35000.0,"POLYGON ((-92.47371212003796 33.79398115313355, -91.07794068554992 33.18081775891665, -93.17648818751815 31.258228469130618, -94.98008394928561 31.694003299933556, -93.81 33.059141878841785, -92.47371212003796 33.79398115313355))"
14C,2020-03-31 06:55:00+00:00,2020-03-31 08:55:00+00:00,0.0,30000.0,"POLYGON ((-92.31622576310302 33.61220381536558, -92.19049780819866 32.21250060317271, -92.86010385073392 31.386831377906535, -93.99959199237763 31.41266170720523, -92.31622576310302 33.61220381536558))"
15C,2020-03-31 06:55:00+00:00,2020-03-31 08:55:00+00:00,0.0,26000.0,"POLYGON ((-90.52449328633311 33.25530573520656, -90.1477759878571 33.1927975070825, -90.34278177680629 32.63422145236919, -90.73453221318049 32.6497099058026, -90.52449328633311 33.25530573520656))"
16C,2020-03-31 07:55:00+00:00,2020-03-31 09:55:00+00:00,0.0,31000.0,"POLYGON ((-90.84712562975027 33.92927312269615, -90.1391808852124 33.34227975861782, -91.94675343382102 31.72937823056986, -93.05324656617897 31.72937823056986, -90.84712562975027 33.92927312269615))"
17C,2020-03-31 08:55:00+00:00,2020-03-31 10:55:00+00:00,0.0,36000.0,"POLYGON ((-89.5701194691635 34.04618363965997, -88.8791465565081 33.61678623961933, -90.95273161336281 31.88634538079279, -92.77592906839739 31.494986579544367, -89.5701194691635 34.04618363965997))"
18C,2020-03-31 09:55:00+00:00,2020-03-31 11:55:00+00:00,0.0,37000.0,"POLYGON ((-89.24937611576308 33.742472734514195, -88.51 33.32363104426362, -89.87485613545012 31.968684986542883, -91.95948042395112 31.449869188631517, -89.24937611576308 33.742472734514195))"
20C,2020-03-31 10:55:00+00:00,2020-03-31 12:55:00+00:00,0.0,29000.0,"POLYGON ((-90.1289915378695 31.39231057766319, -90.05261690738064 31.207467628601847, -91.3905597610681 30.65464756386862, -91.46693439155696 30.839490512929963, -90.1289915378695 31.39231057766319))"
19C,2020-03-31 10:55:00+00:00,2020-03-31 12:55:00+00:00,0.0,39000.0,"POLYGON ((-88.57644082350407 33.62354841094683, -87.87101911102638 33.26705972576573, -90.02019993557575 31.50423147172427, -91.65439571701647 31.257232010844838, -89.78312202538882 32.540253266052034, -88.57644082350407 33.62354841094683))"
21C,2020-03-31 11:55:00+00:00,2020-03-31 13:55:00+00:00,0.0,36000.0,"POLYGON ((-88.37691209385699 33.75706118663541, -87.0985084043336 33.26914275845335, -90.67865492875441 30.699826979059928, -92.03207328266372 31.093177569301616, -88.93141113843832 32.64706414322558, -88.37691209385699 33.75706118663541))"
22C,2020-03-31 12:55:00+00:00,2020-03-31 14:55:00+00:00,0.0,41000.0,"POLYGON ((-87.2699209908533 33.79678249590396, -85.77442310417446 33.519293111436134, -88.08695058575528 30.4944329485803, -91.3 30.979106867209182, -88.25514323972608 32.18782798091745, -87.2699209908533 33.79678249590396))"
23C,2020-03-31 13:55:00+00:00,2020-03-31 15:55:00+00:00,0.0,42000.0,"POLYGON ((-86.10040021300124 33.6674255783622, -84.80865678578284 33.50211960063937, -87.95092209882255 30.37643658054817, -89.71201448424335 30.82827374498559, -87.49986435291882 32.21452021656015, -86.10040021300124 33.6674255783622))"
BRAVO 1,2020-03-31 14:50:00+00:00,2020-03-31 18:50:00+00:00,0.0,42000.0,"POLYGON ((-56 40.15, -54.45 36.45, -56.15 35, -58 38, -60.45 40, -56 40.15))"
1E,2020-03-31 14:55:00+00:00,2020-03-31 16:55:00+00:00,0.0,42000.0,"POLYGON ((-85.43907463586413 33.510905527783166, -83.70377874803334 33.373150662057355, -86.53218444707629 30.522506328476403, -88.94063193555549 30.728707724630137, -87.04469471153226 31.963265228540692, -85.43907463586413 33.510905527783166))"
2E,2020-03-31 15:55:00+00:00,2020-03-31 17:55:00+00:00,0.0,42000.0,"POLYGON ((-82.55999199161954 33.70935540766096, -85.6102796863575 30.443604545643822, -88.18106896414525 30.793543925650642, -86.04260906201154 31.98441576179149, -84.44 33.63, -82.55999199161954 33.70935540766096))"
3E,2020-03-31 15:55:00+00:00,2020-03-31 17:55:00+00:00,0.0,30000.0,"POLYGON ((-77.68267016581326 32.040179807225364, -76.45303518777929 31.421377468498545, -76.30914570201803 31.112204662807493, -78.114134192269 31.228223940412413, -78.38501580971713 31.467382158990375, -77.68267016581326 32.040179807225364))"
4E,2020-03-31 16:55:00+00:00,2020-03-31 18:55:00+00:00,0.0,42000.0,"POLYGON ((-83.3 33.86815522131804, -81.7899059746212 33.83678166183063, -84.92866041971038 30.39872461181551, -88.00284662564381 30.602177732314168, -85.7666408155912 31.74823125693894, -83.3 33.86815522131804))"
5E,2020-03-31 16:55:00+00:00,2020-03-31 18:55:00+00:00,0.0,32000.0,"POLYGON ((-77.98899967386849 32.15401000109544, -76.76032536806716 32.074336126842205, -78.36252219180106 31.447590748595843, -78.59893688826263 31.654990326569408, -77.98899967386849 32.15401000109544))"
6E,2020-03-31 17:55:00+00:00,2020-03-31 19:55:00+00:00,0.0,43000.0,"POLYGON ((-82.71555165609995 33.89975716979898, -80.76744331445448 33.62439618658837, -84.57040945569061 29.93870032634315, -87.36084317142596 30.240016139093544, -84.24303548968925 32.6886049528404, -82.71555165609995 33.89975716979898))"
7E,2020-03-31 17:55:00+00:00,2020-03-31 19:55:00+00:00,0.0,38000.0,"POLYGON ((-77.01629362621286 32.61066164346116, -76.76032536806716 32.074336126842205, -78.36252219180106 31.447590748595843, -78.59893688826263 31.654990326569408, -77.01629362621286 32.61066164346116))"
BRAVO 2,2020-03-31 18:20:00+00:00,2020-03-31 22:20:00+00:00,0.0,38000.0,"POLYGON ((-56 38.45, -53.3 38.15, -51 33.45, -52.45 32.15, -55.45 36.45, -56 38.45))"
9E,2020-03-31 18:55:00+00:00,2020-03-31 20:55:00+00:00,0.0,38000.0,"POLYGON ((-76.38968157471629 33.83174298847364, -75.83923781537374 33.63286179856822, -77.11256866433175 32.810607855650346, -77.26191260735983 33.11885193382826, -76.38968157471629 33.83174298847364))"
CHARLIE 1,2020-03-31 18:55:00+00:00,2020-03-31 22:55:00+00:00,0.0,38000.0,"POLYGON ((-76.3 32.45, -74.45 31.45, -74.3 31, -77.3 31, -77.3 31.45, -76.3 32.45))"
8E,2020-03-31 18:55:00+00:00,2020-03-31 20:55:00+00:00,0.0,43000.0,"POLYGON ((-82.02739621020865 33.442796839462325, -79.24221156456878 33.16409346958642, -83.88133586714963 29.597409719271507, -86.10722927091909 29.626644268814356, -86.68 30.54085812115821, -82.02739621020865 33.442796839462325))"
10E,2020-03-31 19:55:00+00:00,2020-03-31 21:55:00+00:00,0.0,45000.0,"POLYGON ((-82.16000000000001 33.37726208852722, -78.4030222414804 33.27290691262983, -83.58868559156559 29.128350165705992, -85.87831824331859 29.136776832549774, -85.41505289156872 30.01367915924098, -82.16000000000001 33.37726208852722))"
1W,2020-03-31 19:55:00+00:00,2020-03-31 21:55:00+00:00,0.0,23000.0,"POLYGON ((-116.3665891354683 43.85727429554205, -114.08 43.68904835410887, -114.3164939167599 42.7872792885427, -116.19 43.21726208852722, -116.3665891354683 43.85727429554205))"
TANGO 1,2020-03-31 20:30:00+00:00,2020-04-01 00:30:00+00:00,0.0,38000.0,"POLYGON ((-161.3 22.3, -161.3 20.4, -166 20.5, -165.5 22, -161.3 22.3))"
CHARLIE 2,2020-03-31 20:45:00+00:00,2020-04-01 00:45:00+00:00,0.0,38000.0,"POLYGON ((-76.3 32, -73 32, -73 31, -76.3 31, -76.3 32))"
11E,2020-03-31 20:55:00+00:00,2020-03-31 22:55:00+00:00,0.0,45000.0,"POLYGON ((-80.64071367605554 34.574786402780354, -77.87 34.35, -80.96212204571002 30.80942070163149, -84.28195952825253 29.148646149510487, -86.68 29.33267939837246, -80.64071367605554 34.574786402780354))"
2W,2020-03-31 20:55:00+00:00,2020-03-31 22:55:00+00:00,0.0,25000.0,"POLYGON ((-117.62999999999998 48.558213734418366, -116.14213300819442 47.45894710455997, -118.43147251681671 46.051798703989434, -119.70456524183999 47.84076473124895, -117.62999999999998 48.558213734418366))"
3W,2020-03-31 20:55:00+00:00,2020-03-31 22:55:00+00:00,0.0,21000.0,"POLYGON ((-115.47873171167844 44.05894273276938, -114.6406751711578 42.74703384143912, -116.88819158096844 42.5858086793317, -116.61530535036984 43.85589556724953, -115.47873171167844 44.05894273276938))"
12E,2020-03-31 21:55:00+00:00,2020-03-31 23:55:00+00:00,0.0,45000.0,"POLYGON ((-80.21898357519746 34.419732575061474, -77.87 34.35, -79.22138683437119 31.19657097258367, -84.28195952825253 29.148646149510487, -85.95008380351696 29.290904068838216, -80.21898357519746 34.419732575061474))"
4W,2020-03-31 21:55:00+00:00,2020-03-31 23:55:00+00:00,0.0,26000.0,"POLYGON ((-117.62999999999998 48.558213734418366, -116.02232479303922 46.8445728396809, -119.65460865994766 45.69777240652298, -119.70456524183999 47.84076473124895, -117.62999999999998 48.558213734418366))"
24C,2020-03-31 21:55:00+00:00,2020-03-31 23:55:00+00:00,0.0,32000.0,"POLYGON ((-101.29 48.83828375768358, -101.74790618782721 47.952405749126854, -102.78268599402 47.92593454542796, -102.64955685222546 48.75964089581167, -101.29 48.83828375768358))"
5W,2020-03-31 21:55:00+00:00,2020-03-31 23:55:00+00:00,0.0,23000.0,"POLYGON ((-112.95105528290497 43.86629960255968, -112.49836733176464 43.13703248431299, -114.07619589040041 42.17257227625177, -114.49000000000001 42.91371281826268, -112.95105528290497 43.86629960255968))"
13E,2020-03-31 22:55:00+00:00,2020-04-01 00:55:00+00:00,0.0,42000.0,"POLYGON ((-79.23134079877705 34.58217697920221, -77.06397185013083 34.34735883021229, -79.17517895295909 31.146933214688314, -81.11 29.632737911472784, -84.45706232193841 29.083248092671557, -79.23134079877705 34.58217697920221))"
6W,2020-03-31 22:55:00+00:00,2020-04-01 00:55:00+00:00,0.0,25000.0,"POLYGON ((-116.95566424568113 48.63398758606275, -115.27767520696081 46.8445728396809, -119.27546697110199 45.464226465623014, -119.80054464373406 47.99419511385477, -116.95566424568113 48.63398758606275))"
7W,2020-03-31 22:55:00+00:00,2020-04-01 00:55:00+00:00,0.0,23000.0,"POLYGON ((-115.74132035787666 44.769041570122596, -115.29512197354377 43.065401693484795, -117.0383109467047 42.332318468955094, -117.03017394193806 44.17884220949756, -115.74132035787666 44.769041570122596))"
8W,2020-03-31 22:55:00+00:00,2020-04-01 00:55:00+00:00,0.0,22000.0,"POLYGON ((-112.58122562804292 43.97874846634159, -111.32899787171196 43.608436262466164, -113.0354526412461 42.198511565626674, -113.5652907404512 43.142989146262586, -112.58122562804292 43.97874846634159))"
25C,2020-03-31 22:55:00+00:00,2020-04-01 00:55:00+00:00,0.0,36000.0,"POLYGON ((-102.22248685222353 48.86962635997106, -101.29 48.83828375768358, -101.40910850060746 46.24646957418478, -102.32404132383 46.552449288125906, -102.22248685222353 48.86962635997106))"
TANGO 2,2020-03-31 23:47:00+00:00,2020-04-01 03:50:00+00:00,0.0,38000.0,"POLYGON ((-163.3 22.1, -161 22, -160.4 20.4, -163.1 20.1, -163.3 22.1))"
14E,2020-03-31 23:55:00+00:00,2020-04-01 01:55:00+00:00,0.0,45000.0,"POLYGON ((-80.04 32.224524177054434, -77.50317978545469 31.973007508938025, -81.48537217205035 28.84733231469778, -85.36157341431154 28.24423513939324, -80.04 32.224524177054434))"
26C,2020-03-31 23:55:00+00:00,2020-04-01 01:55:00+00:00,0.0,34000.0,"POLYGON ((-102.36504910133425 48.960884473654744, -100.21495089866578 48.960884473654744, -101.03756288157547 46.14458742997585, -102.08780593017515 46.38739864767923, -102.36504910133425 48.960884473654744))"
9W,2020-03-31 23:55:00+00:00,2020-04-01 01:55:00+00:00,0.0,26000.0,"POLYGON ((-116.22512855165822 48.38080965235609, -116.10357476699345 47.33177078902579, -119.1403692447918 46.91854325348181, -119.23084796864714 47.68725482515175, -116.22512855165822 48.38080965235609))"
11W,2020-03-31 23:55:00+00:00,2020-04-01 01:55:00+00:00,0.0,21000.0,"POLYGON ((-121.84609887975127 46.670530308143434, -121.75584079073113 45.15874009744218, -122.86151163098303 44.73426281362253, -122.9590379941584 46.36422997397737, -121.84609887975127 46.670530308143434))"
10W,2020-03-31 23:55:00+00:00,2020-04-01 01:55:00+00:00,0.0,22000.0,"POLYGON ((-111.65055385330729 44.25461222275232, -110.80658035861511 43.743540609105374, -112.45 42.2, -112.80163266823536 43.13703248431299, -111.65055385330729 44.25461222275232))"

