URGENT,AIRCRAFT,REPORT,TURBULENCE,PRODUCT_ID,FL,LAT,LON,datetime,turbulence_intensity,turb_label,in_sigmet,Plane Weight,sample_weight
T,H,CHA UUA /OV GQO115025/TM 0443/FL320/TP H/B767/TB SEV 320/RM LOSS 500-1000FT LOSS OF 30-40 KTS NO DAMAGE NO INJURIES ZTLFD-37,SEV 320,,32000.0,34.78389479422744,-84.68918884330682,2024-04-03 04:43:00+00:00,5.0,1,1,L,0.6
T,CRJ7,PKB UUA /OV JPU140030/TM 2257/FL300/TP CRJ7/TB SEV/RM NO INJURIES,SEV,,30000.0,39.05694675360954,-80.95380954088454,2024-04-25 22:57:00+00:00,5.0,1,0,M,0.8
T,E55P,DFW UUA /OV 20 NE TKI/TM 2005/FL080/TP E55P/TB SEV,SEV,,8000.0,33.4157213522977,-96.3083585256357,2024-04-24 20:05:00+00:00,5.0,1,0,U,0.6
F,B737,ORD UA /OV ORD222016/TM 1711/FL080/TP B737/TB LGT TURB,LGT TURB,,8000.0,41.78935199459508,-88.172010189687,2024-04-19 17:11:00+00:00,1.0,0,0,M,0.8
F,PC12,CPR UA /OV CPR010010/TM 1433/FL110/TP PC12/SK OVC081/TB NEG/IC NEG/RM DURC,NEG,,11000.0,43.07214792042,-106.42490359293906,2024-04-26 14:33:00+00:00,0.0,0,0,L,0.6
T,C172,PKB UUA /OV KPKB/TM 1534/FL020/TP C172/TB SEV/RM DURD,SEV,,2000.0,39.33948267,-81.44378792,2024-04-15 15:34:00+00:00,5.0,1,0,L,0.6
F,B738,MGM UA /OV MGM/TM 2039/FL370/TP B738/TB LGT CONS CHOP/RM ZTLFD-14,LGT CONS CHOP,,37000.0,32.30064,-86.39397,2024-04-08 20:39:00+00:00,1.0,0,0,M,0.8
F,B738,DBQ UA /OV DBQ/TM 0329/FL340/TP B738/TB CONS LGT CHOP/RM FROM ALO TO JVL,CONS LGT CHOP,,34000.0,42.39835,-90.709143,2024-04-10 03:29:00+00:00,1.0,0,0,M,0.8
T,E75,BWI UUA /OV BAL045015/TM 2052/FL240/TP E75/TB SEV,SEV,,24000.0,39.34679101422328,-76.43196357031584,2024-04-03 20:52:00+00:00,5.0,1,1,U,0.6
T,B737,LNK UUA /OV LNK200045/TM 0539/FL330/TP B737/TB SEV,SEV,,33000.0,40.12635144802677,-97.10232143657387,2024-04-28 05:39:00+00:00,5.0,1,0,M,0.8
F,B772,PASY UA /OV SYA260498/TM 1455/FL370/TP B772/TB LGT/RM ZAN,LGT,,37000.0,51.26860338157789,160.61726674107868,2024-04-13 14:55:00+00:00,1.0,0,0,H,1.0
T,B712,MPG UUA /OV AIR/TM 0031/FL350/TP B712/TB SEV/RM LOST 2000 FT,SEV,,35000.0,40.02,-80.82,2024-04-03 00:31:00+00:00,5.0,1,0,M,0.8
F,CRJ9,BWI UA /OV BAL290017/TM 1855/FL290/TP CRJ9/TB SEV CONS CAT/RM FL250-FL290,SEV CONS CAT,,29000.0,39.26691355664575,-77.0034493583411,2024-04-03 18:55:00+00:00,5.0,1,1,U,0.6
F,PC12,IOW UA /OV IOW/TM 2011/FL240/TP PC12/TB CONS LGT CHOP,CONS LGT CHOP,,24000.0,41.63939,-91.544535,2024-04-09 20:11:00+00:00,1.0,0,0,L,0.6
F,A21N,TYS UA /OV VXV350035/TM 1333/FL370/TP A21N/TB LGT CHOP/RM ZTLFD-40,LGT CHOP,,37000.0,36.47451772146998,-84.01505897244314,2024-04-21 13:33:00+00:00,1.0,0,0,U,0.6
F,E75S,JPX UA /OV HTO200010/TM 2007/FL320/TP E75S/SK TOP 220/TB NEG/RM MOSTLY SMOOTH,NEG,,32000.0,40.80337187733928,-72.32549051190661,2024-04-24 20:07:00+00:00,0.0,0,0,U,0.6
F,A320,ILM UA /OV ILM200130/TM 1953/FL340/TP A320/TB OCNL LGT CHOP,OCNL LGT CHOP,,34000.0,32.23383440541067,-78.79679299163173,2024-04-17 19:53:00+00:00,1.0,0,0,M,0.8
T,A320,DFW UUA /OV CVE180020/TM 1713/FL350/TP A320/TB SEV/RM ZFW,SEV,,35000.0,32.55663966663967,-96.9,2024-04-26 17:13:00+00:00,5.0,1,1,M,0.8
F,M20P,LJF UA /OV LJF/TM 1720/FL045/TP M20P/SK BASE 032 TOP 041/TB NEG/IC NEG/RM DURC,NEG,,4500.0,45.09714,-94.50725,2024-04-27 17:20:00+00:00,0.0,0,0,L,0.6
T,E170,MOB UUA /OV GCV225030/TM 1735/FL160/TP E170/TB SEV 160-170/RM 30SW GCV E170 RPTD SEVERE TURB FL160-170 DURC AT 1735Z KZHU,SEV 160-170,,16000.0,30.74641797155345,-88.90293427577166,2024-04-03 17:35:00+00:00,5.0,1,0,U,0.6
T,C172,PIH UUA /OV PIH150020/TM 1350/FL100/TP C172/TB SEV OCNL 100/RM DOWNDRAFT UP TO 1500 PER MIN /ZLC,SEV OCNL 100,,10000.0,42.6211114826959,-112.36834739888778,2024-04-16 13:50:00+00:00,5.0,1,0,L,0.6
F,PC12,AHN UA /OV AHN/TM 1059/FL130/TP PC12/TB NEG/IC NEG/RM IMC ZTLFD-16,NEG,,13000.0,33.9486,-83.32635,2024-04-09 10:59:00+00:00,0.0,0,0,L,0.6
T,GLF4,ELM UUA /OV ULW010015/TM 2014/FL290/TP GLF4/TB SEV TURB/RM NO INJURIES NO DAMAGE,SEV TURB,,29000.0,42.33622188063,-76.9614957827567,2024-04-03 20:14:00+00:00,5.0,1,0,M,0.8
T,PC12,MLB UUA /OV MLB140015/TM 1633/FL080/TP PC12/TB SEV CONS CHOP 080/RM SEV TURB 080,SEV CONS CHOP 080,,8000.0,27.91122337680477,-80.46307074355286,2024-04-03 16:33:00+00:00,5.0,1,0,L,0.6
F,E55P,MYGF UA /OV ZFP270025/TM 1215/FL170/TP E55P/TB LGT CHOP,LGT CHOP,,17000.0,26.5,-79.2456212059558,2024-04-22 12:15:00+00:00,1.0,0,0,U,0.6
T,B788,ACY UUA /OV ENO180030/TM 1803/FL240/TP B788/H/TB SEV,SEV,,24000.0,38.7299594999595,-75.52,2024-04-03 18:03:00+00:00,5.0,1,0,U,0.6
T,B737,DBQ UUA /OV DBQ/TM 0351/FL350/TP B737/TB SEV 350,SEV 350,,35000.0,42.39835,-90.709143,2024-04-29 03:51:00+00:00,5.0,1,0,M,0.8
F,B38M,HNL UA /OV 30N151W/TM 0217/FL350/TP B38M/TB CONS LGT,CONS LGT,,35000.0,30.0,-151.0,2024-04-16 02:17:00+00:00,1.0,0,0,U,0.6
F,B738,SGJ UA /OV SJG/TM 0527/FL360/TP B738/TB NEG,NEG,,36000.0,29.95925,-81.33972,2024-04-12 05:27:00+00:00,0.0,0,0,M,0.8
T,GA5C,DNA UUA /OV DNA347011/TM 1905/FL125/TP GA5C/TB SEV 125-095/RM DURD ZAB/FDCS,SEV 125-095,,12500.0,32.05909338128722,-106.75182124188872,2024-04-13 19:05:00+00:00,5.0,1,0,U,0.6
F,B752,MYGF UA /OV ZFP035140/TM 2025/FL340/TP B752/TB LGT CONS CHOP 340,LGT CONS CHOP 340,,34000.0,28.41150958989884,-77.28441162879102,2024-04-17 20:25:00+00:00,1.0,0,0,M,0.8
T,CL35,LAA UUA /OV LAA080023/TM 1920/FL350/TP CL35/TB OCNL SEV,OCNL SEV,,35000.0,38.13657052655363,-102.20849647676216,2024-04-09 19:20:00+00:00,5.0,1,0,U,0.6
T,CRJ9,LGC UUA /OV LGC270015/TM 1300/FL310/TP CRJ9/TB SEV/RM NO DAMAGE OR INJURIES REPORTED ZTLFD-10,SEV,,31000.0,33.00886,-85.37075491243417,2024-04-01 13:00:00+00:00,5.0,1,0,U,0.6
F,A21N,STJ UA /OV STJ300030/TM 0013/FL320/TP A21N/TB CONS LGT CHOP/RM ZKC/FDC/CW,CONS LGT CHOP,,32000.0,40.02196025002025,-95.4731363755173,2024-04-25 00:13:00+00:00,1.0,0,0,U,0.6
F,A321,UUA /OV 4559N06658W /TM 2020 /FL340 /TP A321 /TB SEV,SEV,,34000.0,45.9833,-66.9666,2024-04-03 20:20:00+00:00,5.0,1,0,M,0.8
T,B737,N38 UUA /OV SFK215005/TM 1831/FL300/TP B737/TB SEV,SEV,,30000.0,41.63173180036076,-77.4840228549002,2024-04-03 18:31:00+00:00,5.0,1,0,M,0.8
F,C56X,AMG UA /OV AMG335040/TM 1454/FL390/TP C56X/TB SEV CAT 350/RM KNOCKED OFF AUTOPILOT A GOOD JOLT NO DAMAGES OR INJURIES REPORTED ZTLFD 27,SEV CAT 350,,39000.0,32.14031413202721,-82.8371532678503,2024-04-03 14:54:00+00:00,5.0,1,1,M,0.8
F,B739,LIC UA /OV HGO330010/TM 1520/FL230/TP B739/TB NEG/RM SMOOTH NIIXX ARVL ZDV,NEG,,23000.0,38.95434925865205,-103.73695203487468,2024-04-25 15:20:00+00:00,0.0,0,0,M,0.8
T,E170,DUA UUA /OV BYP/TM 0155/FL140/TP E170/TB SEV 140-130/RM DURD. ZFW,SEV 140-130,,14000.0,33.54,-96.23,2024-04-09 01:55:00+00:00,5.0,1,1,U,0.6
F,B757,BKW UA /OV BLF27015/TM 2307/FL350/TP B757/TB LGT,LGT,,35000.0,37.2958,-81.2077,2024-04-28 23:07:00+00:00,1.0,0,0,M,0.8
F,B7L,JVL UA /OV JVL120015/TM 2014/FL130/TP B7L/TB NEG/IC NEG,NEG,,13000.0,42.49523987498987,-88.74731308976212,2024-04-07 20:14:00+00:00,0.0,0,0,U,0.6
F,PC12,BED UA /OV BED/TM 1149/FL025/TP PC12/TB SEV/RM DURC SFC-025,SEV,,2500.0,42.46995,-71.28903,2024-04-04 11:49:00+00:00,5.0,1,0,L,0.6
F,B56X,BFL UA /OV LHS350020/TM 0035/FL120/TP B56X/TB SEV,SEV,,12000.0,35.00829584083999,-118.65039329698328,2024-04-05 00:35:00+00:00,5.0,1,0,U,0.6
F,A321,RMG UA /OV RMG200030/TM 1435/FL340/TP A321/TB LGT CHOP/RM ZTLFD-06,LGT CHOP,,34000.0,33.87789563201785,-85.3682540266694,2024-04-12 14:35:00+00:00,1.0,0,0,M,0.8
F,A320,SAV UA /OV SAV100040/TM 0037/FL380/TP A320/TB OCNL LGT CHO,OCNL LGT CHO,,38000.0,32.015592681211075,-80.42695065767019,2024-04-07 00:37:00+00:00,1.0,0,0,M,0.8
T,BE58,AVL UUA /OV AVL255015/TM 0004/FL076/TP BE58/TB SEV,SEV,,7600.0,35.367229997633466,-82.83389127453125,2024-04-11 00:04:00+00:00,5.0,1,0,L,0.6
F,B39M,JOT UA /OV JOT/TM 1925/FL270/TP B39M/TB NEG,NEG,,27000.0,41.51769,-88.17561,2024-04-09 19:25:00+00:00,0.0,0,0,U,0.6
F,GLF4,COS UA /OV BRK200020/TM 2016/FL450/TP GLF4/TB NEG/RM MTW +/-10KT. ZDV,NEG,,45000.0,38.62674375467856,-104.776586887186,2024-04-15 20:16:00+00:00,0.0,0,0,M,0.8
T,A319,SAT UUA /OV SAT225040/TM 0210/FL200/TP A319/TB SEV/RM 40SW SAT A319 RPRT SEV TRUB FL200 AT 0210Z KZHU,SEV,,20000.0,29.0622472954046,-99.01162706072402,2024-04-10 02:10:00+00:00,5.0,1,1,M,0.8
F,B77W,UUA /OV 6510N13850W /TM 2030 /FL350 /TP B77W /TB SEV,SEV,,35000.0,65.1666,-138.8333,2024-04-18 20:30:00+00:00,5.0,1,0,U,0.6
T,A21N,PVC UUA /OV LFV060080/TM 0226/FL310/TP A21N/TB SEV 310,SEV 310,,31000.0,42.68672066672067,-68.48558265597363,2024-04-04 02:26:00+00:00,5.0,1,0,U,0.6
F,F2TH,SDF UA /OV IIU/TM 1325/FL410/TP F2TH/TB OCNL LGT CHOP,OCNL LGT CHOP,,41000.0,38.1,-85.58,2024-04-10 13:25:00+00:00,1.0,0,0,M,0.8
T,BE36,RHP UUA /OV HRS175015/TM 0102/FL070/TP BE36/TB SEV/RM NO DAMAGE OR INJURIES. LOSS OF 600FT AND LOST AUTOPILOT ZTLFD-49,SEV,,7000.0,34.69093115251425,-83.89341794330905,2024-04-11 01:02:00+00:00,5.0,1,1,L,0.6
T,C172,PSP UUA /OV PSP090010 RM 10E OF PSP/TM 0110/FL100/TP C172/TB SEV 100,SEV 100,,10000.0,33.82967,-116.30603884812987,2024-04-05 01:10:00+00:00,5.0,1,0,L,0.6
T,B777,DLL UUA /OV DLL/TM 0557/FL330/TP B777/TB SEV,SEV,,33000.0,43.522,-89.771,2024-04-29 05:57:00+00:00,5.0,1,0,H,1.0
F,C510,SGF UA /OV SGF260020/TM 2247/FL410/TP C510/TB SEV - 25 DEGREE BANK/RM ZKC FDC,SEV - 25 DEGREE BANK,,41000.0,37.181812585605535,-93.8020745585674,2024-04-28 22:47:00+00:00,5.0,1,0,U,0.6
T,C208,ENA UUA /OV 25NE/TM 2325/FL040/TP C208/G/TB SEV/RM SEV TURB AT 040 25NE  KNOCKED AUTO PILOT OFF LINE  EXCESSIVE SPEED FLUCTUATIONS,SEV,,4000.0,41.72,-103.51,2024-04-09 23:25:00+00:00,5.0,1,0,L,0.6
F,A321,DFW UA /OV 10 E DFW/TM 0005/FL130/TP A321/TB LGT 105/ MOD ABV 130/RM DURC,LGT 105,,13000.0,32.89683,-96.8394884970301,2024-04-16 00:05:00+00:00,1.0,0,0,M,0.8
F,B738,COU UA /OV COU/TM 1235/FL340/TP B738/TB CONS LGT CHOP 340-360/RM LASTS ABOUT 3 MIN /ZKC FDC DL,CONS LGT CHOP 340-360,,34000.0,38.8169,-92.2183,2024-04-05 12:35:00+00:00,1.0,0,0,M,0.8
T,BE20,MEI UUA /OV MEI270025/TM 1950/FL060/TP BE20/TB SEV/RM ZME,SEV,,6000.0,32.33475,-89.24424301137762,2024-04-12 19:50:00+00:00,5.0,1,0,M,0.8
F,E175,ALB UA /OV CAM200010/TM 0129/FL270/TP E175/TB NEG,NEG,,27000.0,42.83337187733928,-73.41793588579633,2024-04-17 01:29:00+00:00,0.0,0,0,U,0.6
T,B737,UVA UUA /OV UVA/TM 0202/FL140/TP B737/TB SEV/RM 15E KUVA B737 RPRT SEV TURB FL140 AT 0202Z KZHU,SEV,,14000.0,29.21133,-99.74358,2024-04-10 02:02:00+00:00,5.0,1,1,M,0.8
F,C550,AVL UA /OV SUG080025/TM 1613/FL110/TP C550/TB CONS SEV CHOP 110-080/RM NO DAMAGES OR INJURIES REPORTED ZTLFD 44,CONS SEV CHOP 110-080,,11000.0,35.482359267993075,-81.76649525434811,2024-04-03 16:13:00+00:00,5.0,1,0,L,0.6
T,BCS3,SAT UUA /OV SAT225040/TM 0210/FL220/TP BCS3/TB SEV/RM 40SW SAT BCS3 RPRT SEV TRUB FL220 AT 0210Z KZHU,SEV,,22000.0,29.0622472954046,-99.01162706072402,2024-04-10 02:10:00+00:00,5.0,1,1,U,0.6
T,PC12,HKY UUA /OV BZM270035/TM 1345/FL110/TP PC12/TB SEV/IC NEG/RM NO DAMAGES OR INJURIES REPORTED ZTLFD-46,SEV,,11000.0,35.87,-81.95991315471264,2024-04-03 13:45:00+00:00,5.0,1,0,L,0.6
T,B737,GCC UUA /OV GLL085036/TM 2145/FL250/TP B737/TB SEV/RM FL250-FL200 DURD. ZDV,SEV,,25000.0,40.552297681421926,-103.76388671182492,2024-04-25 21:45:00+00:00,5.0,1,0,M,0.8
F,B38M,MIE UA /OV MIE180010/TM 1705/FL280/TP B38M/TB LGT,LGT,,28000.0,40.07578983331983,-85.39575,2024-04-26 17:05:00+00:00,1.0,0,0,U,0.6
T,F2TH,TEB UUA /OV TEB/TM 0009/FL075/TP F2TH/TB SEV/RM MOD TO SEVERE TURBULENCE DEPARTING TEB SFC-075,SEV,,7500.0,40.85899,-74.05616,2024-04-04 00:09:00+00:00,5.0,1,1,M,0.8
F,B350,MLI UA /OV MLI/TM 1818/FL060/TP B350/TB LGT CHOP,LGT CHOP,,6000.0,41.44853,-90.50754,2024-04-23 18:18:00+00:00,1.0,0,0,M,0.8
F,TBM9,SSI UA /OV SSI/TM 1355/FL310/TP TBM9/TB NEG,NEG,,31000.0,31.15222,-81.39083,2024-04-25 13:55:00+00:00,0.0,0,0,U,0.6
T,P32,TRI UUA /OV GZG160040/TM 2155/FL110/TP P32/TB SEV/IC NEG/RM SEV MOUNTAIN WAVE PA32 LOST 500 FEET OF ALTITUDE NO DAMAGE OR INJURIES REPORTED ZTLFD-46,SEV,,11000.0,36.20348750935712,-81.79510884538801,2024-04-13 21:55:00+00:00,5.0,1,0,L,0.6
T,B738,SZL UUA /OV SZL270030/TM 0251/FL360/TP B738/TB SEV/RM ZKC FDC FX/DL,SEV,,36000.0,38.73029,-94.18898558462494,2024-04-02 02:51:00+00:00,5.0,1,1,M,0.8
F,PC12,CMH UA /OV RZT/TM 2304/FL160/TP PC12/TB NEG,NEG,,16000.0,39.4404,-83.0231,2024-04-17 23:04:00+00:00,0.0,0,1,L,0.6
T,SF50,IPT UUA /OV FQM045015/TM 1809/FL310/TP SF50/TB SEV,SEV,,31000.0,41.51679101422328,-76.53453081396921,2024-04-03 18:09:00+00:00,5.0,1,0,U,0.6
F,C560,ORD UA /OV FIYER/TM 2147/FL040/TP C560/WX -RA/TB LGT CHOP,LGT CHOP,,4000.0,41.98754,-87.93193,2024-04-12 21:47:00+00:00,1.0,0,1,M,0.8
T,PC12,SDF UUA /OV MXQ200010/TM 1546/FL250/TP PC12/TB SEV,SEV,,25000.0,39.27337187733928,-83.87380617760046,2024-04-09 15:46:00+00:00,5.0,1,0,L,0.6
F,B737,SMF UA /OV SMF170012/TM 1500/FL070/TP B737/TB LGT 070-040/RM DURD,LGT 070-040,,7000.0,38.49844249549601,-121.54627862708185,2024-04-13 15:00:00+00:00,1.0,0,0,M,0.8
T,P46T,SAF UUA /OV SAF20020/TM 2025/FL080/TP P46T/WV 24019G25/TB SEV TURB BETWEEN 110- 080 DURD,SEV TURB BETWEEN 110- 080 DURD,,8000.0,35.61711,-106.08942,2024-04-18 20:25:00+00:00,5.0,1,0,L,0.6
F,B39M,MLI UA /OV MZV/TM 0143/FL330/TP B39M/TB LGT,LGT,,33000.0,41.32,-90.64,2024-04-21 01:43:00+00:00,1.0,0,0,U,0.6
F,B763,IND UA /OV SHB/TM 0615/FL250/TP B763/TB NEG,NEG,,25000.0,39.63,-85.82,2024-04-02 06:15:00+00:00,0.0,0,1,H,1.0
F,B737,CEW UA /OV CEW190160/TM 1545/FL370/TP B737/TB NEG,NEG,,37000.0,28.15363327328008,-87.05902749247836,2024-04-15 15:45:00+00:00,0.0,0,0,M,0.8
F,B738,C65 UA /OV C65/TM 0014/FL230/TP B738/TB OCNL LGT CHOP,OCNL LGT CHOP,,23000.0,41.3651,-86.3005,2024-04-05 00:14:00+00:00,1.0,0,0,M,0.8
T,A20N,YIP UUA /OV CRL/TM 2204/FL240/TP A20N/TB SEV,SEV,,24000.0,42.05,-83.46,2024-04-02 22:04:00+00:00,5.0,1,1,U,0.6
F,B38M,IOW UA /OV IOW030030/TM 1641/FL360/TP B38M/TB CONS LGT CHOP,CONS LGT CHOP,,36000.0,42.07243777595615,-91.20998880044792,2024-04-27 16:41:00+00:00,1.0,0,0,U,0.6
F,E170,UES UA /OV BAE230015/TM 2307/FL175/TP E170/TB CONS LGT,CONS LGT,,17500.0,42.95929008111625,-88.54239265383517,2024-04-11 23:07:00+00:00,1.0,0,0,U,0.6
F,A321,SRQ UA /OV SRQ290219/TM 1019/FL350/TP A321/TB LGT,LGT,,35000.0,28.649864641495185,-86.42224998669762,2024-04-25 10:19:00+00:00,1.0,0,0,M,0.8
F,CRJ7,ASE UA /OV DBL/TM 1819/FL180/TP CRJ7/WX VIRGA/TB LGT/RM DURC,LGT,,18000.0,39.44,-106.9,2024-04-15 18:19:00+00:00,1.0,0,0,M,0.8
F,B737,TLH UA /OV TLH090030/TM 2044/FL380/TP B737/TB CONS LGT CHOP,CONS LGT CHOP,,38000.0,30.39354,-83.77164043008861,2024-04-09 20:44:00+00:00,1.0,0,0,M,0.8
F,A332,UUA /OV 57N033W /TM 0352 /FL360 /TP A332 /TB SEV /RM SEV LASTED APRX4 MINUTES  THEN LGT. EASTBOUND DCT 57N030W,SEV,,36000.0,57.0,-33.0,2024-04-14 03:52:00+00:00,5.0,1,0,H,1.0
F,B739,FSD UA /OV FSD090030/TM 1421/FL340/TP B739/SK TOP340/TB CONS LGT CHOP 280-340,CONS LGT CHOP 280-340,,34000.0,43.57694,-96.06337472555636,2024-04-01 14:21:00+00:00,1.0,0,0,M,0.8
F,B737,DEN UA /OV DEN/TM 2146/FL070/TP B737/TB NEG,NEG,,7000.0,39.8328,-104.6575,2024-04-06 21:46:00+00:00,0.0,0,0,M,0.8
F,C210,ROW UA /OV 70NE ROW/TM 2030/FL095/TP C210/TB SEV,SEV,,9500.0,34.12502473304195,-103.5429008535037,2024-04-23 20:30:00+00:00,5.0,1,0,L,0.6
T,A333,PWM UUA /OV PWM/TM 0607/FL350/TP A333/TB SEV,SEV,,35000.0,43.64243,-70.30442,2024-04-04 06:07:00+00:00,5.0,1,0,H,1.0
T,E55P,BWI UUA /OV BAL/TM 1842/FL250/TP E55P/TB SEV,SEV,,25000.0,39.17,-76.66,2024-04-03 18:42:00+00:00,5.0,1,0,U,0.6
T,GLF6,ACY UUA /OV CYN040014/TM 1810/FL280/TP GLF6/TB SEV/RM SEV THROUGH CLIMB,SEV,,28000.0,39.99875818164888,-74.23470807333845,2024-04-03 18:10:00+00:00,5.0,1,0,U,0.6
F,CRJ7,PNM UA /OV KPNM/TM 1327/FL165/TP CRJ7/TB NEG 350-200 LGT CHOP 190-165/RM DURD BAINY3,NEG 350-200 LGT CHOP 190-165,,16500.0,45.55987,-93.60822,2024-04-13 13:27:00+00:00,0.0,0,0,M,0.8
F,B737,ORD UA /OV 56I/TM 2313/FL300/TP B737/TB OCNL LGT CHOP,OCNL LGT CHOP,,30000.0,41.98754,-87.93193,2024-04-25 23:13:00+00:00,1.0,0,0,M,0.8
F,E55P,ORL UA /OV ORL200040/TM 2004/FL400/TP E55P/SK 450 TOP/WX TS/TB LGT,LGT,,40000.0,27.918947509357128,-81.59252785279908,2024-04-11 20:04:00+00:00,1.0,0,1,U,0.6
T,A319,UVA UUA /OV UVA/TM 0207/FL220/TP A319/TB SEV/RM 15E KUVA A319 RPRT SEV TURB FL220 AT 0207Z KZHU,SEV,,22000.0,29.21133,-99.74358,2024-04-10 02:07:00+00:00,5.0,1,1,M,0.8
F,A21N,DTW UA /OV 35 SE DTW/TM 2230/FL145/TP A21N/TB SEV/RM DURD,SEV,,14500.0,41.81748763347903,-82.77289173304246,2024-04-02 22:30:00+00:00,5.0,1,0,U,0.6
F,BE99,MLT UA /OV MLT/TM 2256/FL080/TP BE99/TA 03/TB NEG/IC NEG,NEG,,8000.0,45.64784,-68.68556,2024-04-30 22:56:00+00:00,0.0,0,0,L,0.6
F,CRJ2,SPA UA /OV SPA153017/TM 1224/FL170/TP CRJ2/TB NEG/IC NEG/RM ZTLFD-31,NEG,,17000.0,34.66324990285978,-81.79961967161098,2024-04-05 12:24:00+00:00,0.0,0,0,M,0.8
F,C750,EWR UA /OV SAX180010/TM 2142/FL040/TP C750/TB SEV TURB,SEV TURB,,4000.0,40.90331983331984,-74.54,2024-04-03 21:42:00+00:00,5.0,1,1,M,0.8
F,C208,SHX UA /OV SHX /TM 2040 /FL080 /TP C208 /SK OVC130 /WX FV06SM /TA M12 /TB NEG /IC LGT RIME 074-080 /RM (AKFSS,NEG,,8000.0,62.69,-159.56,2024-04-03 20:40:00+00:00,0.0,0,0,L,0.6
F,C208,CAR UA /OV CAR/TM 1514/FL025/TP C208/SK BASE 025/TB LGT CHOP 025,LGT CHOP 025,,2500.0,46.87,-68.02,2024-04-12 15:14:00+00:00,1.0,0,0,L,0.6
T,TBM8,ABQ UUA /OV ABQ315065/TM 0326/FL280/TP TBM8/TB SEV/RM ZAB/FDCS,SEV,,28000.0,35.80799439496752,-107.55120795578937,2024-04-13 03:26:00+00:00,5.0,1,0,U,0.6
F,C700,DCA UA /OV BAL100015/TM 1456/FL270/TP C700/TB CONS SEV/RM FL350-240 JAIKE ARRIVAL,CONS SEV,,27000.0,39.12658443920415,-76.34240716975542,2024-04-03 14:56:00+00:00,5.0,1,0,U,0.6
T,C402,MVY UUA /OV MVY/TM 1501/FL010/TP C402/TB SEV /RM ON FINAL MVY,SEV,,1000.0,41.39306,-70.615,2024-04-12 15:01:00+00:00,5.0,1,1,L,0.6
T,B737,BIE UUA /OV PWE/TM 1609/FL260/TP B737/TB SEV/IC NEG,SEV,,26000.0,40.2,-96.21,2024-04-28 16:09:00+00:00,5.0,1,1,M,0.8
T,GA5C,HUF UUA /OV TTH010040/TM 2032/FL390/TP GA5C/TB SEV/RM DURC FL380 TO FL390 AC UNCONTROLLABLE,SEV,,39000.0,40.14659168167999,-87.09998122342019,2024-04-10 20:32:00+00:00,5.0,1,0,U,0.6
T,A21N,MJX UUA /OV CYN090020/TM 2125/FL290/TP A21N/TB SEV/RM SFC THROUGH FL290,SEV,,29000.0,39.82,-73.9959709949988,2024-04-03 21:25:00+00:00,5.0,1,1,U,0.6
T,A20N,TTN UUA /OV ARD/TM 1802/FL290/TP A20N/TB SEV 280-290,SEV 280-290,,29000.0,40.25,-74.91,2024-04-03 18:02:00+00:00,5.0,1,0,U,0.6
T,B737,ASE UUA /OV DBL060040/TM 0158/FL280/TP B737/TB SEV/RM ZDV,SEV,,28000.0,39.77336033336033,-106.15235748174533,2024-04-01 01:58:00+00:00,5.0,1,0,M,0.8
T,C208,BTP UUA /OV BTP/TM 1541/FL090/TP C208/TB SEV,SEV,,9000.0,40.77694,-79.94972,2024-04-20 15:41:00+00:00,5.0,1,0,L,0.6
F,A321,MCK UA /OV HCT/TM 0239/FL380/TP A321/TB CONS LGT CHOP/RM ZDV,CONS LGT CHOP,,38000.0,40.45,-100.92,2024-04-16 02:39:00+00:00,1.0,0,0,M,0.8
F,C208,FLL UA /OV FXE090003/TM 1946/FL015/TP C208/WX VMC/TB NEG,NEG,,1500.0,26.2,-80.11427017713727,2024-04-27 19:46:00+00:00,0.0,0,0,L,0.6
T,B350,GSO UUA /OV GSO030030/TM 1544/FL110/TP B350/TB SEV/RM NO INJURIES NO DAMAGE,SEV,,11000.0,36.530547775956144,-79.63418496835727,2024-04-03 15:44:00+00:00,5.0,1,1,M,0.8
F,C208,AKW UA /OV AKW-AKW115015 /TM 1525 /FL025 /TP C208 /SK SCT015 /TBCONS LGT CHOP BLO 030 /IC NEG /RM RAGGED BASES 015 AND 025(AKFSS),CONS LGT CHOP BLO 030,,2500.0,55.57,-133.07,2024-04-23 15:25:00+00:00,1.0,0,0,L,0.6
F,C337,LGC UA /OV LGC355019/TM 1847/FL065/TP C337/SK SKC/TB NEG/RM SMOOTH ZTLFD-04,NEG,,6500.0,33.32434720681528,-85.10552438563353,2024-04-15 18:47:00+00:00,0.0,0,0,L,0.6
T,SF50,DEN UUA /OV DEN310025/TM 2119/FL100/TP SF50/TB SEV/RM 120-100,SEV,,10000.0,40.10064986480624,-105.07318432160694,2024-04-30 21:19:00+00:00,5.0,1,0,U,0.6
T,C68A,DSM UUA /OV DSM/TM 1405/FL250/TP C68A/TB OCNL SEV 290-340/RM DURD,OCNL SEV 290-340,,25000.0,41.53395,-93.653114,2024-04-10 14:05:00+00:00,5.0,1,0,U,0.6
F,E75L,HUF UA /OV TTH360020/TM 1331/FL330/TP E75L/TB CONS LGT CHOP,CONS LGT CHOP,,33000.0,39.823360333360334,-87.25,2024-04-11 13:31:00+00:00,1.0,0,0,U,0.6
F,E170,FFM UA /OV FFM/TM 1040/FL230/TP E170/TB CONS LGT CHOP,CONS LGT CHOP,,23000.0,46.28439,-96.15669,2024-04-06 10:40:00+00:00,1.0,0,0,U,0.6
T,A359,LWD UUA /OV LMN/TM 1100/FL390/TP A359/TB SEV,SEV,,39000.0,40.6,-93.97,2024-04-09 11:00:00+00:00,5.0,1,0,U,0.6
F,B737,FRM UA /OV FRM/TM 0500/FL350/TP B737/TB NEG,NEG,,35000.0,43.64394,-94.41561,2024-04-28 05:00:00+00:00,0.0,0,0,M,0.8
T,C414,ASN UUA /OV TDG180020/TM 1914/FL090/TP C414/TB SEV CONST 010-090/RM ZTL FD 04,SEV CONST 010-090,,9000.0,33.246639666639666,-86.04,2024-04-12 19:14:00+00:00,5.0,1,0,L,0.6
T,BE20,ANC UUA /OV TED150010/TM 0433/FL080/TP BE20/TB SEV TURB/RM DURD WITTI4,SEV TURB,,8000.0,61.02565074134795,-149.8171714368428,2024-04-19 04:33:00+00:00,5.0,1,0,M,0.8
F,CRJ2,LNK UA /OV LNK/TM 2134/FL050/TP CRJ2/TB LGT TURB/RM 15KT GAIN ?COUPLE HUNDRED FEET AFTER DEPARTURE?,LGT TURB,,5000.0,40.831178,-96.763275,2024-04-06 21:34:00+00:00,1.0,0,0,M,0.8
F,C172,GKN UA /OV GKN236066-GKN /TM 0157 /FL045 /TP C172 /TB LGT ABV 045/RM SHEEP MOUNTAIN TO GKN (AKFSS),LGT ABV 045,,4500.0,61.53483798204466,-147.40226113245004,2024-04-21 01:57:00+00:00,1.0,0,0,L,0.6
F,A321,C75 UA /OV BDF/TM 1639/FL280/TP A321/TB NEG,NEG,,28000.0,41.16,-89.59,2024-04-24 16:39:00+00:00,0.0,0,0,M,0.8
T,GALX,ILG UUA /OV DQO200020/TM 1906/FL270/TP GALX/TB SEV,SEV,,27000.0,39.366743754678566,-75.75814529451566,2024-04-03 19:06:00+00:00,5.0,1,1,M,0.8
F,B738,DEN UA /OV 50 NE DEN/TM 2137/FL220/TP B738/TA -20/TB SEV/IC MOD RIME,SEV,,22000.0,40.42210338074425,-103.8900949093908,2024-04-25 21:37:00+00:00,5.0,1,0,M,0.8
F,B777,DLL UA /OV DLL/TM 0557/FL330/TP B777/TB SEV,SEV,,33000.0,43.522,-89.771,2024-04-29 05:57:00+00:00,5.0,1,0,H,1.0
T,GLT5,SEG UUA /OV SEG170010/TM 1713/FL270/TP GLT5/TB SEV/RM J64/Q62 STARTED AT FL260 - FL290,SEV,,27000.0,40.65641207958001,-76.8256431492335,2024-04-03 17:13:00+00:00,5.0,1,0,U,0.6
F,B767,DWU UA /OV DWU/TM 1716/FL230/TP B767/TB NEG,NEG,,23000.0,38.5545,-82.738,2024-04-06 17:16:00+00:00,0.0,0,0,H,1.0
F,A330,UUA /OV 4333N06204W /TM 2331 /FL380 /TP A330 /TB SEV /RM COR COPY,SEV,,38000.0,43.55,-62.666,2024-04-03 23:31:00+00:00,5.0,1,0,L,0.6
T,B737,PIE UUA /OV PIE280177/TM 1226/FL370/TP B737/TB SEV,SEV,,37000.0,28.42230361739099,-85.97526765158904,2024-04-03 12:26:00+00:00,5.0,1,1,M,0.8
T,E75L,LKU UUA /OV GVE090020/TM 1719/FL140/TP E75L/TB SEV,SEV,,14000.0,38.156,-77.74185627420306,2024-04-03 17:19:00+00:00,5.0,1,1,U,0.6
F,E75L,OMA UA /OV OVR022050/TM 0338/FL160/TP E75L/SK SKC/TA UNKN/TB OCNL LGT CHOP/IC NEG,OCNL LGT CHOP,,16000.0,41.94271579711176,-95.32526280121836,2024-04-28 03:38:00+00:00,1.0,0,0,U,0.6
T,C172,PSM UUA /OV PSM240010/TM 1821/FL028/TP C172/TB SEV/RM SEV TB DURC BETWEEN 027-028 DEP 7B3,SEV,,2800.0,42.99459991665992,-71.02090357544412,2024-04-25 18:21:00+00:00,5.0,1,0,L,0.6
F,B738,IAD UA /OV CSN/TM 2330/FL340/TP B738/TB CONS LGT CHOP,CONS LGT CHOP,,34000.0,38.64,-77.87,2024-04-12 23:30:00+00:00,1.0,0,0,M,0.8
T,B789,ALB UUA /OV CAM/TM 0024/FL350/TP B789/TB SEV CAT,SEV CAT,,35000.0,42.99,-73.34,2024-04-04 00:24:00+00:00,5.0,1,0,U,0.6
T,C182,SBA UUA /OV RZS310005/TM 2340/FL115/TP C182/TB SEV/IC LGT RIME/RM TOPS 110,SEV,,11500.0,34.56356997296125,-119.84747583874758,2024-04-05 23:40:00+00:00,5.0,1,0,L,0.6
F,B77L,PASY UA /OV SYA345054/TM 1014/FL310/TP B77L/TB NEG/RM ZAN,NEG,,31000.0,53.57940365972331,173.72548868575802,2024-04-15 10:14:00+00:00,0.0,0,0,U,0.6
T,PC12,IWA UUA /OV IWA043025/TM 2029/FL089/TP PC12/TB SEV/RM ZAB/FDCS,SEV,,8900.0,33.612585392220105,-111.31542212522515,2024-04-25 20:29:00+00:00,5.0,1,0,L,0.6
T,C182,SCK UUA /OV SCK200012/TM 2040/FL028/TP C182/TB SEV,SEV,,2800.0,37.70621625280714,-121.3249980382139,2024-04-29 20:40:00+00:00,5.0,1,0,L,0.6
F,A319,SJT UA /OV SJT/TM 1433/FL360/TP A319/TB CONS LGT CHOP/RM MOVED ZFW,CONS LGT CHOP,,36000.0,31.35167,-100.495,2024-04-04 14:33:00+00:00,1.0,0,0,M,0.8
T,CRJ7,LKU UUA /OV GVE090020/TM 0026/FL220/TP CRJ7/TB SEV,SEV,,22000.0,38.156,-77.74185627420306,2024-04-04 00:26:00+00:00,5.0,1,1,M,0.8
T,SR22,MSY UUA /OV KASD 180004/TM 2021/FL050/TP SR22/TB SEV 050,SEV 050,,5000.0,30.276627933327934,-89.8222,2024-04-28 20:21:00+00:00,5.0,1,0,L,0.6
T,A320,ASE UUA /OV DBL103025/TM 0225/FL280/TP A320/TB SEV/RM FL280-290 ZDV,SEV,,28000.0,39.34626280191771,-106.37426449200812,2024-04-01 02:25:00+00:00,5.0,1,0,M,0.8
T,BE36,MKL UUA /OV MKL090018/TM 2155/FL034/TP BE36/TB SEV/RM ZME,SEV,,3400.0,35.59306,-88.54771414425849,2024-04-21 21:55:00+00:00,5.0,1,0,L,0.6
F,C30J,HDN UA /OV CHE106078/TM 1909/FL260/TP C30J/SK TOP 280/TB LGT CHOP/IC NEG/RM ZDV,LGT CHOP,,26000.0,40.16164241279531,-105.665991068676,2024-04-06 19:09:00+00:00,1.0,0,0,U,0.6
F,B787,ANC UA /OV TED030030/TM 2306/FL380/TP B787/TB NEG/RM +/- OF 15KTS /ZAN,NEG,,38000.0,61.60304777595615,-149.47151431052842,2024-04-17 23:06:00+00:00,0.0,0,0,U,0.6
F,B717,JOT UA /OV JOT/TM 1324/FL320/TP B717/TB INTMT LGT CHOP,INTMT LGT CHOP,,32000.0,41.51769,-88.17561,2024-04-05 13:24:00+00:00,1.0,0,0,M,0.8
F,B737,LGA UA /OV LGA22010/TM 0120/FL040/TP B737/TB SEV/RM SEVERE TURB ON FINAL,SEV,,4000.0,40.77945,-73.88028,2024-04-04 01:20:00+00:00,5.0,1,1,M,0.8
F,LJ45,TUL UA /OV TUL300035/TM 1019/FL220/TP LJ45/TB SEV/RM ZKC FDC,SEV,,22000.0,36.4900802916903,-96.51417798341387,2024-04-10 10:19:00+00:00,5.0,1,0,M,0.8
T,B777,SFZ UUA /OV PUT/TM 0001/FL310/TP B777/TB SEV CAT,SEV CAT,,31000.0,41.96,-71.84,2024-04-04 00:01:00+00:00,5.0,1,1,H,1.0
F,B737,CMH UA /OV APE180026/TM 2030/FL290/TP B737/TB OCNL LGT CHOP,OCNL LGT CHOP,,29000.0,39.71663156663156,-82.59,2024-04-10 20:30:00+00:00,1.0,0,0,M,0.8
T,TBM7,LVK UUA /OV 07012/TM 1945/FL040/TP TBM7/TB TB SEV/RM 12 MILE FINAL RWY 25R,TB SEV,,4000.0,37.6930737,-121.81489621,2024-04-29 19:45:00+00:00,5.0,1,0,L,0.6
T,B737,PIT UUA /OV 10NW PIT/TM 1025/FL150/TP B737/TB SEV TURB/RM NO INJURIES,SEV TURB,,15000.0,40.58707381601481,-80.41239441742192,2024-04-03 10:25:00+00:00,5.0,1,0,M,0.8
T,GLF5,HGR UUA /OV JERES/TM 2050/FL190/TP GLF5/TB SEV/RM 190,SEV,,19000.0,42.72669,-114.45664,2024-04-03 20:50:00+00:00,5.0,1,0,M,0.8
F,BE35,PRC UA /OV DRK/TM 2250/FL105/TP BE35/TB SEV,SEV,,10500.0,34.7,-112.48,2024-04-20 22:50:00+00:00,5.0,1,0,L,0.6
T,BE20,LIT UUA /OV 10NE LIT/TM 1505/FL020/TP BE20/TB SEV TURB/RM ON FINAL 22R,SEV TURB,,2000.0,34.84516067614885,-92.0923249737679,2024-04-03 15:05:00+00:00,5.0,1,0,M,0.8
F,E55P,BOS UA /OV BOS040005/TM 1325/FL007/TP E55P/WX -RA/TB LGT CHIOP/IC NEG/RM DURD BOS,LGT CHIOP,,700.0,42.42441220773175,-70.93723225967737,2024-04-12 13:25:00+00:00,1.0,0,1,U,0.6
F,B737,HTS UA /OV HNN/TM 1053/FL280/TP B737/TB NEG,NEG,,28000.0,38.75,-82.03,2024-04-01 10:53:00+00:00,0.0,0,0,M,0.8
T,LJ60,RAP UUA /OV RAP105035/TM 2244/FL400/TP LJ60/TB SEV/RM ZDV,SEV,,40000.0,43.89433999447809,-102.27340031891688,2024-04-25 22:44:00+00:00,5.0,1,1,M,0.8
F,B39M,CEW UA /OV CEW090050/TM 1143/FL320/TP B39M/TB CONS LGT,CONS LGT,,32000.0,30.78,-85.54995762084769,2024-04-04 11:43:00+00:00,1.0,0,0,U,0.6
T,A332,ORF UUA /OV 3809N05710W/TM 0955/FL370/TP A332/TB OCNL SEV 350-370,OCNL SEV 350-370,,37000.0,38.15,-57.1666,2024-04-02 09:55:00+00:00,5.0,1,0,H,1.0
T,C172,JBR UUA /OV JBR315005/TM 1939/FL040/TP C172/TB SEV /RM NO DAMAGES OR IINJURIES/ZME,SEV,,4000.0,35.89064033807443,-90.71910710246458,2024-04-06 19:39:00+00:00,5.0,1,0,L,0.6
F,PC12,MTJ UA /OV MTJ155022/TM 1729/FL200/TP PC12/SK FEW145/TB NEG/IC NEG/RM ZDV,NEG,,20000.0,38.17266022738504,-107.69946559611256,2024-04-08 17:29:00+00:00,0.0,0,0,L,0.6
T,B737,EGE UUA /OV RLG085030/TM 1840/FL260/TP B737/TB SEV/RM MOD TO SEV TB DURC FROM FL240-260 ZDV,SEV,,26000.0,40.04358140118494,-105.78972742189303,2024-04-16 18:40:00+00:00,5.0,1,0,M,0.8
F,B38M,EEN UA /OV EEN100020/TM 1253/FL300/TP B38M/SK TOP300/TB LGT CHOP,LGT CHOP,,30000.0,42.842112585605534,-71.82184079815197,2024-04-02 12:53:00+00:00,1.0,0,0,U,0.6
T,E55P,MCI UUA /OV MCI/TM 1945/FL430/TP E55P/TB SEV CHOP/RM ZKCFDC,SEV CHOP,,43000.0,39.29761,-94.71391,2024-04-27 19:45:00+00:00,5.0,1,0,U,0.6
T,GLF5,DMW UUA /OV EMI300015/TM 2053/FL190/TP GLF5/TB SEV,SEV,,19000.0,39.62501012501013,-77.26060781452485,2024-04-03 20:53:00+00:00,5.0,1,0,M,0.8
T,B737,ELM UUA /OV SFK180020/TM 1833/FL300/TP B737/TB SEV,SEV,,30000.0,41.36663966663967,-77.42,2024-04-03 18:33:00+00:00,5.0,1,0,M,0.8
T,B737,PIT UUA /OV MMJ100030/TM 1424/FL175/TP B737/TB SEV,SEV,,17500.0,40.40316887840831,-79.54249012271666,2024-04-03 14:24:00+00:00,5.0,1,1,M,0.8
F,B738,MGM UA /OV MGM120005/TM 2202/FL340/TP B738/TB OCNL LGT/RM ZTLFD-11,OCNL LGT,,34000.0,32.25896995832996,-86.30858209278023,2024-04-11 22:02:00+00:00,1.0,0,0,M,0.8
F,A306,ALO UA /OV ALO200015/TM 1041/FL340/TP A306/TB NEG,NEG,,34000.0,42.31942281600893,-92.51737742289886,2024-04-16 10:41:00+00:00,0.0,0,1,H,1.0
F,B727,CHA UA /OV GQO/TM 1404/FL320/TP B727/TB CONS LGT CHOP/RM ZTLFD 06,CONS LGT CHOP,,32000.0,34.96,-85.15,2024-04-02 14:04:00+00:00,1.0,0,0,M,0.8
T,C172,PKB UUA /OV KPKB/TM 1835/FL020/TP C172/WV 24018G25KT/TB SEV 020-SFC,SEV 020-SFC,,2000.0,39.33948267,-81.44378792,2024-04-17 18:35:00+00:00,5.0,1,0,L,0.6
T,M600,AVL UUA /OV SUG360015/TM 1702/FL110/TP M600/WV 27008G22KT/TB SEV 110-070,SEV 110-070,,11000.0,35.660020250020246,-82.27,2024-04-14 17:02:00+00:00,5.0,1,0,U,0.6
F,A321,SPA UA /OV SPA360030/TM 0004/FL370/TP A321/TB OCNL LGT CHOP/RM ZTLFD-15,OCNL LGT CHOP,,37000.0,35.415762700040496,-81.9565,2024-04-11 00:04:00+00:00,1.0,0,0,M,0.8
T,A306,COU UUA /OV COU090015/TM 1031/FL360/TP A306/TB SEV 500' UP AND DOWN DRAFT/RM ZKC/FDC/,SEV 500' UP AND DOWN DRAFT,,36000.0,38.8169,-91.8974128116008,2024-04-26 10:31:00+00:00,5.0,1,0,H,1.0
F,A319,CAE UA /OV CAE330050/TM 1501/FL380/TP A319/TB CONS LGT,CONS LGT,,38000.0,34.66364629326024,-81.62038822692442,2024-04-21 15:01:00+00:00,1.0,0,0,M,0.8
T,B747,ORF UUA /OV 3020N07302W/TM 2220/FL330/TP B747/TB SEV-EXTRM 310-330,SEV-EXTRM 310-330,,33000.0,30.3333,-73.333,2024-04-01 22:20:00+00:00,6.0,1,0,H,1.0
T,G280,ILM UUA /OV ILM200260/TM 1832/FL4300/TP G280/TB SEV,SEV,,43000.0,30.197668810821337,-79.69358598326345,2024-04-11 18:32:00+00:00,5.0,1,1,U,0.6
F,CRJ2,DDC UA /OV KLBL-KDDC /TM 2308 /FL070 /TP CRJ2 /TB LGT,LGT,,7000.0,37.403670000000005,-100.46264,2024-04-23 23:08:00+00:00,1.0,0,0,M,0.8
F,B777,MOT UA /OV MOT/TM 1101/FL360/TP B777/TB OCNL LGT CHOP,OCNL LGT CHOP,,36000.0,48.25938,-101.28033,2024-04-26 11:01:00+00:00,1.0,0,0,H,1.0
F,BCS1,ACY UA /OV VCN/TM 1837/FL240/TP BCS1/TB MOND-SEV 240-280,MOND-SEV 240-280,,24000.0,39.54,-74.97,2024-04-03 18:37:00+00:00,5.0,1,0,U,0.6
T,PC12,JST UUA /OV JST240025/TM 1550/FL220/TP PC12/TB SEV CAT 220/RM NO INJURIES OR DAMAGES,SEV CAT 220,,22000.0,40.10775979164979,-79.30722467456924,2024-04-03 15:50:00+00:00,5.0,1,1,L,0.6
T,B738,OMA UUA /OV OVR360020/TM 1452/FL280/TP B738/TB OCNL SEV,OCNL SEV,,28000.0,41.503360333360334,-95.74,2024-04-09 14:52:00+00:00,5.0,1,0,M,0.8
F,B737,AKO UA /OV AKO/TM 1454/FL390/TP B737/TB NEG/RM GOOD RIDE. ZDV,NEG,,39000.0,40.17563,-103.22203,2024-04-10 14:54:00+00:00,0.0,0,0,M,0.8
F,MU2,UUA /OV CYYZ 045020 /TM 2006 /FL030 /TP MU2 /TB SEV,SEV,,3000.0,43.9129413522977,-79.3046366908218,2024-04-02 20:06:00+00:00,5.0,1,0,L,0.6
T,A321,MLI UUA /OV MZV030015/TM 1507/FL280/TP A321/TB SEV,SEV,,28000.0,41.53652388797807,-90.47354924766348,2024-04-10 15:07:00+00:00,5.0,1,0,M,0.8
F,A332,RST UA /OV RST/TM 1627/FL360/TP A332/TB CONS LGT CHOP,CONS LGT CHOP,,36000.0,43.9041,-92.4916,2024-04-27 16:27:00+00:00,1.0,0,0,H,1.0
F,E545,ORD UA /OV ORD360020/TM 2235/FL180/TP E545/TB NEG,NEG,,18000.0,42.320900333360335,-87.93193,2024-04-08 22:35:00+00:00,0.0,0,0,U,0.6
F,C130,FAI UA /OV PAFA /TM 1847 /FL035 /TP C130 /SK BKN035 /TB NEG /ICNEG /RM DURD RY 2L FINAL BASES AT 035 6 MILE FINAL (AKFSS),NEG,,3500.0,64.80389,-147.87611,2024-04-03 18:47:00+00:00,0.0,0,0,M,0.8
T,C182,MCI UUA /OV STJ130008/TM 2256/FL043/TP C182/TB SEV 040-050/RM DURC,SEV 040-050,,4300.0,39.686228043262005,-94.7768086964322,2024-04-06 22:56:00+00:00,5.0,1,0,L,0.6
F,B737,LCQ UA /OV LCQ335040/TM 1106/FL290/TP B737/TB NEG/IC NEG,NEG,,29000.0,30.786354132027206,-82.9028578064003,2024-04-05 11:06:00+00:00,0.0,0,0,M,0.8
F,B734,OME UA /OV OME/TM 1739/FL050/TP B734/SK BKN050/TB NEG/IC NEG/RM DURC ZAN,NEG,,5000.0,64.51,-165.44,2024-04-19 17:39:00+00:00,0.0,0,0,M,0.8
F,A21N,TBN UA /OV MAP/TM 2235/FL340/TP A21N/TB NEG CHOP/RM /ZKC FDC/AF,NEG CHOP,,34000.0,37.59,-91.79,2024-04-16 22:35:00+00:00,0.0,0,0,U,0.6
F,C25C,RMG UA /OV RMG100005/TM 1609/FL430/TP C25C/TB NEG/RM ZTLFD 02,NEG,,43000.0,34.333308146401386,-85.06170209112138,2024-04-02 16:09:00+00:00,0.0,0,0,U,0.6
F,B737,AZO UA /OV C92/TM 1940/FL330/TP B737/TB CONS LGT CHOP,CONS LGT CHOP,,33000.0,41.15,-86.06,2024-04-05 19:40:00+00:00,1.0,0,0,M,0.8
T,PC12,ACT UUA /OV ACT070030/TM 0140/FL130/TP PC12/TB SEV/RM DESCENDING TO 050 ZFW,SEV,,13000.0,31.78899392349249,-96.67650921597937,2024-04-10 01:40:00+00:00,5.0,1,1,L,0.6
F,B787,UUA /OV 5511N06227W /TM 0453 /FL350 /TP B787 /TB SEV,SEV,,35000.0,55.1833,-62.45,2024-04-14 04:53:00+00:00,5.0,1,0,U,0.6
F,A321,DEN UA /OV DEN100040/TM 2346/FL380/TP A321/TB NEG/RM ZDV FD,NEG,,38000.0,39.71702517121108,-103.80247045929632,2024-04-18 23:46:00+00:00,0.0,0,0,M,0.8
F,E145,SYR UA /OV KSYR/TM 1320/FL026/TP E145/SK OVC016-TOP26/SKC/TB NEG/IC NEG,NEG,,2600.0,43.11119,-76.10631,2024-04-15 13:20:00+00:00,0.0,0,0,M,0.8
T,E75L,GUC UUA /OV HBU310020/TM 0335/FL310/TP E75L/TB SEV/RM ZDV,SEV,,31000.0,38.664279891845,-107.36607861905794,2024-04-06 03:35:00+00:00,5.0,1,0,U,0.6
F,B739,CLT UA /OV CLT/TM 1242/FL340/TP B739/TB CONS LGT CHOP/RM ZTLFD-34,CONS LGT CHOP,,34000.0,35.22255,-80.95431,2024-04-05 12:42:00+00:00,1.0,0,0,M,0.8
F,A321,RST UA /OV RST/TM 0051/FL250/TP A321/SK TOP250/TB CONS LGT,CONS LGT,,25000.0,43.9041,-92.4916,2024-04-29 00:51:00+00:00,1.0,0,0,M,0.8
F,E75L,IND UA /OV VHP/TM 1937/FL270/TP E75L/TB OCNL LGT CHOP,OCNL LGT CHOP,,27000.0,39.81,-86.37,2024-04-10 19:37:00+00:00,1.0,0,0,U,0.6
F,C172,ARB UA /OV ARB/TM 1634/FL019/TP C172/SK BKN030/WX 10/TB NEG/IC NEG,NEG,,1900.0,42.22396,-83.73972,2024-04-05 16:34:00+00:00,0.0,0,0,L,0.6
T,C17,HWY UUA /OV CSN/TM 0030/FL190/TP C17/TB SEV,SEV,,19000.0,38.64,-77.87,2024-04-04 00:30:00+00:00,5.0,1,0,L,0.6
T,GLEX,AUS UUA /OV AUS180020/TM 0245/FL120/TP GLEX/TB SEV TURB FL120 /RM ZHU,SEV TURB FL120,,12000.0,29.861167466639667,-97.6698889,2024-04-10 02:45:00+00:00,5.0,1,1,M,0.8
F,A319,SYR UA /OV SYR/TM 2056/FL380/TP A319/TB LGT CHOP,LGT CHOP,,38000.0,43.11119,-76.10631,2024-04-17 20:56:00+00:00,1.0,0,0,M,0.8
F,PC12,VGT UA /OV /OV KINS1000055/TM 0030/FL130/TP PC12/TB TB SEV 130-110 DURD,TB SEV 130-110 DURD,,13000.0,36.57270814640138,-115.57113457912804,2024-04-05 00:30:00+00:00,5.0,1,0,L,0.6
F,B738,TRI UA /OV HMV236005/TM 1335/FL260/TP B738/TB LGT CHOP/RM ZTLFD-42,LGT CHOP,,26000.0,36.39339681682157,-82.21588419733618,2024-04-06 13:35:00+00:00,1.0,0,0,M,0.8
F,E170,MKC UA /OV BQS350010/TM 1056/FL180/TP E170/TB LGT CHOP/RM /ZKC FDC,LGT CHOP,,18000.0,39.79414792042,-93.9175804752055,2024-04-24 10:56:00+00:00,1.0,0,0,U,0.6
F,CRJ9,FOD UA /OV FOD/TM 1531/FL300/TP CRJ9/SK TOP250/TB NEG,NEG,,30000.0,42.549741,-94.203203,2024-04-07 15:31:00+00:00,0.0,0,1,U,0.6
F,B737,HFD UA /OV HFD020010/TM 1246/FL380/TP B737/TB CONS LGT CHOP,CONS LGT CHOP,,38000.0,41.89334812266072,-72.57304348271047,2024-04-11 12:46:00+00:00,1.0,0,0,M,0.8
F,B38M,DAY UA /OV ROD/TM 1401/FL370/TP B38M/TB CONS LGT CHOP,CONS LGT CHOP,,37000.0,40.29,-84.04,2024-04-13 14:01:00+00:00,1.0,0,0,U,0.6
T,C172,PSM UUA /OV PSM/TM 1827/FL028/TP C172/TB SEV TB DURC 027-028,SEV TB DURC 027-028,,2800.0,43.07794,-70.82328,2024-04-25 18:27:00+00:00,5.0,1,0,L,0.6
F,A320,BWI UA /OV BAL090020/TM 2038/FL380/TP A320/TB CONS LGT,CONS LGT,,38000.0,39.17,-76.23001038456738,2024-04-03 20:38:00+00:00,1.0,0,0,M,0.8
T,B737,DCA UUA /OV CSN090015/TM 2037/FL240/TP B737/TB SEV TURB AT 240/RM MOD CHOP WHILE IN CLIMB,SEV TURB AT 240,,24000.0,38.64,-77.54990636634395,2024-04-03 20:37:00+00:00,5.0,1,0,M,0.8
T,C25B,SBY UUA /OV SBY080015/TM 2106/FL180/TP C25B/TB SEV,SEV,,18000.0,38.38391556079585,-75.1963768495506,2024-04-03 21:06:00+00:00,5.0,1,1,U,0.6
F,H25B,JOT UA /OV JOT050020/TM 1225/FL370/TP H25B/TB CONS LGT,CONS LGT,,37000.0,41.731969891845,-87.83455029371127,2024-04-05 12:25:00+00:00,1.0,0,0,M,0.8
T,C56X,WRB UUA /OV VNA200023/TM 2314/FL450/TP C56X/TB CONS SEV CAT/RM NO INJURIES/DAMAGE ZTLFD-27,CONS SEV CAT,,45000.0,31.84975531788035,-83.65496787411348,2024-04-10 23:14:00+00:00,5.0,1,1,M,0.8
F,B38M,GSO UA /OV GSO270010/TM 1503/FL170/TP B38M/TB NEG/IC NEG/RM ZTLFD 34,NEG,,17000.0,36.0975,-80.14989335442849,2024-04-24 15:03:00+00:00,0.0,0,0,U,0.6
F,C25B,ACY UA /OV SIE22010/TM 1721/FL080/TP C25B/SK OVC/TB SEV,SEV,,8000.0,39.1,-74.8,2024-04-17 17:21:00+00:00,5.0,1,1,U,0.6
T,E75L,CHS UUA /OV CHS360020/TM 1911/FL160/TP E75L/TB OCNL SEV,OCNL SEV,,16000.0,33.231960333360334,-80.0405,2024-04-03 19:11:00+00:00,5.0,1,0,U,0.6
T,E75L,OAK UUA /OV OAK300010/TM 0332/FL140/TP E75L/WV 01061KT/TB SEV 140-130/RM DURD,SEV 140-130,,14000.0,37.80462008334008,-122.40321042236958,2024-04-01 03:32:00+00:00,5.0,1,0,U,0.6
T,A333,IPT UUA /OV ETG110012/TM 1906/FL260/TP A333/TB SEV,SEV,,26000.0,41.141590430603,-77.89016115436293,2024-04-03 19:06:00+00:00,5.0,1,0,H,1.0
F,BCS3,EAU UA /OV EAU/TM 0006/FL360/TP BCS3/TB OCNL LGT CHOP,OCNL LGT CHOP,,36000.0,44.8658,-91.48426,2024-04-07 00:06:00+00:00,1.0,0,0,U,0.6
F,B737,ATL UA /OV ATL/TM 2037/FL370/TP B737/TB OCNL LGT/RM ZTLFD-27,OCNL LGT,,37000.0,33.6301,-84.4418,2024-04-04 20:37:00+00:00,1.0,0,0,M,0.8
F,E75L,MCW UA /OV MCW/TM 1348/FL320/TP E75L/TB CONS LGT CHOP,CONS LGT CHOP,,32000.0,43.154383,-93.326097,2024-04-16 13:48:00+00:00,1.0,0,1,U,0.6
F,A319,TEX UA /OV TEX040015/TM 2317/FL360/TP A319/TB NEG/RM SMOOTH ZDV,NEG,,36000.0,38.14528662319523,-107.70466463069548,2024-04-26 23:17:00+00:00,0.0,0,1,M,0.8
F,A319,SDF UA /OV GVR/TM 0957/FL320/TP A319/TB NEG/RM MOSTLY SMOOTH,NEG,,32000.0,38.17738097,-85.7307643,2024-04-03 09:57:00+00:00,0.0,0,0,M,0.8
F,B757,PIE UA /OV PIE345035/TM 2136/FL170/TP B757/TB LGT CHOP,LGT CHOP,,17000.0,28.47350237204289,-82.85828426199585,2024-04-21 21:36:00+00:00,1.0,0,0,M,0.8
T,M20P,MSL UUA /OV MSL180030/TM 1926/FL070/TP M20P/TB SEV/RM SEV SFC-070 ZME,SEV,,7000.0,34.243809499959504,-87.59962,2024-04-12 19:26:00+00:00,5.0,1,0,L,0.6
T,E175,RDU UUA /OV RDU070040/TM 0050/FL120/TP E175/TB SEV,SEV,,12000.0,36.12023189798999,-78.00854375375502,2024-04-04 00:50:00+00:00,5.0,1,0,U,0.6
T,E170,MSL UUA /OV MSL225015/TM 1944/FL330/TP E170/TB SEV 330 +/-1000FT/RM ZME,SEV 330 +,,33000.0,34.567058985776725,-87.81477062455225,2024-04-02 19:44:00+00:00,5.0,1,0,U,0.6
T,A21,PSB UUA /OV PSB27020/TM 1150/FL320/TP A21/TB SEV OCNL,SEV OCNL,,32000.0,40.88439,-78.08734,2024-04-03 11:50:00+00:00,5.0,1,0,U,0.6
T,A21N,SAV UUA /OV SAV/TM 1111/FL380/TP A21N/TB SEV,SEV,,38000.0,32.13136751,-81.20230227,2024-04-03 11:11:00+00:00,5.0,1,1,U,0.6
T,GLF6,AVP UUA /OV LVZ175035/TM 1744/FL290/TP GLF6/TB SEV/RM NO INJURIES OR DAMAGE,SEV,,29000.0,40.6888393558666,-75.6223518917207,2024-04-03 17:44:00+00:00,5.0,1,0,U,0.6
F,B737,PSP UA /OV KUDD180003/TM 0500/FL050/TP B737/TB SEV,SEV,,5000.0,33.689995949995954,-116.27,2024-04-05 05:00:00+00:00,5.0,1,0,M,0.8
F,B767,HVN UA /OV HVN/TM 0949/FL230/TP B767/TB NEG/RM DURD 370-230,NEG,,23000.0,41.26375,-72.88681,2024-04-23 09:49:00+00:00,0.0,0,0,H,1.0
F,PA30,MSN UA /OV MSN225045/TM 0158/FL060/TP PA30/TB LGT CHOP/IC NEG,LGT CHOP,,6000.0,42.61018695733018,-90.07213863027891,2024-04-01 01:58:00+00:00,1.0,0,0,L,0.6
T,CRJ9,BWI UUA /OV EMI040010/TM 1633/FL300/TP CRJ9/TB CONS SEV/RM CLIMBED TO FL305 DESCENDED TO FL297 LEVELED AT FL300,CONS SEV,,30000.0,39.62768441546349,-76.84115016521103,2024-04-03 16:33:00+00:00,5.0,1,0,U,0.6
T,P46T,ABQ UUA /OV ABQ195030/TM 1539/FL280/TP P46T/TB SEV/RM ZAB/FDCS,SEV,,28000.0,34.55889796682038,-106.77357363800404,2024-04-01 15:39:00+00:00,5.0,1,0,L,0.6
F,S22T,TUL UA /OV TUL293029/TM 2303/FL095/TP S22T/SK BKN044-TOPS095/TB SEV TURB 070-095/RM DURD,SEV TURB 070-095,,9500.0,36.3872586759088,-96.43948478248672,2024-04-25 23:03:00+00:00,5.0,1,0,U,0.6
F,A21N,PUB UA /OV PUB260015/TM 0857/FL350/TP A21N/TB OCNL LGT CHOP/RM LGT MTW +/-5KT +/-50FT ZDV/FD,OCNL LGT CHOP,,35000.0,38.24658443920415,-104.81203459103838,2024-04-07 08:57:00+00:00,1.0,0,0,U,0.6
T,C172,CNM UUA /OV CNM268011/TM 1719/FL090/TP C172/TB SEV CAT/RM ZAB/FDCS,SEV CAT,,9000.0,32.33107124067983,-104.48015045435046,2024-04-06 17:19:00+00:00,5.0,1,0,L,0.6
T,HDJT,MIA UUA /OV DHP335055/TM 0142/FL240/TP HDJT/TB SEV 240/RM PILOT REPORTED COULD HAVE BEEN WAKE TURB,SEV 240,,24000.0,26.63084943153741,-80.78032697418517,2024-04-18 01:42:00+00:00,5.0,1,0,U,0.6
F,A321,SMQ UA /OV JERSY/TM 1712/FL320/TP A321/TB CONS LGT CAT 260-360,CONS LGT CAT 260-360,,32000.0,42.72669,-114.45664,2024-04-11 17:12:00+00:00,1.0,0,0,M,0.8
F,A321,EVV UA /OV CCT/TM 1815/FL320/TP A321/TB NEG,NEG,,32000.0,37.38,-87.26,2024-04-16 18:15:00+00:00,0.0,0,0,M,0.8
F,A319,FWA UA /OV FWA135010/TM 1906/FL340/TP A319/TB LGT CHOP,LGT CHOP,,34000.0,40.86018932385115,-85.03101505119494,2024-04-09 19:06:00+00:00,1.0,0,0,M,0.8
F,COL4,PIR UA /OV PIR/TM 1537/FL060/TP COL4/SK SKC/TB NEG/IC NEG/RM VMC,NEG,,6000.0,44.38269,-100.28597,2024-04-25 15:37:00+00:00,0.0,0,0,U,0.6
T,A321,GUC UUA /OV HBU224015/TM 0427/FL240/TP A321/TB SEV,SEV,,24000.0,38.270150483269816,-107.26176902808086,2024-04-06 04:27:00+00:00,5.0,1,0,M,0.8
F,B39M,OPN UA /OV OPN180010/TM 1228/FL340/TP B39M/TB NEG CAT/RM SMOOTH / ZTLFD-22,NEG CAT,,34000.0,32.78726983331983,-84.25937,2024-04-20 12:28:00+00:00,0.0,0,0,U,0.6
F,A320,SWO UA /OV SWO/TM 1715/FL360/TP A320/TB OCNL LGT CHOP/RM ZKC FDC/AF,OCNL LGT CHOP,,36000.0,36.16122,-97.08569,2024-04-10 17:15:00+00:00,1.0,0,0,M,0.8
T,C310,LWB UUA /OV LWB055033/TM 1659/FL080/TP C310/TB EXTRM/RM EXTREME DOWN DRAF LOST 2000FT,EXTRM,,8000.0,38.17380259284887,-79.82878917175601,2024-04-13 16:59:00+00:00,7.0,1,0,L,0.6
T,C172,PKB UUA /OV PKB/TM 1835/FL020/TP C172/TB CONS SEV 020-000,CONS SEV 020-000,,2000.0,39.33948267,-81.44378792,2024-04-17 18:35:00+00:00,5.0,1,0,L,0.6
T,C750,ISP UUA /OV DPK170045/TM 1735/FL340/TP C750/TB SEV,SEV,,34000.0,40.05133435811002,-73.12796840702003,2024-04-01 17:35:00+00:00,5.0,1,0,M,0.8
F,DH8A,PAPH UA /OV PTH /TM 1859 /FL240 /TP DH8A /SK SKC /WX FV99SM /WV 35551KT /TB NEG /IC NEG /RM (AKFSS,NEG,,24000.0,56.95,-158.63,2024-04-13 18:59:00+00:00,0.0,0,0,M,0.8
F,C421,LWB UA /OV LWB050035/TM 1655/FL100/TP C421/TB EXTRM/RM EXTREME DOWN DRAFT LOST 2000FT,EXTRM,,10000.0,38.233299810728745,-79.83344340852378,2024-04-13 16:55:00+00:00,7.0,1,0,L,0.6
F,B738,MKT UA /OV MKT/TM 1745/FL175/TP B738/TB OCNL LGT CHOP/IC NEG/RM DURC,OCNL LGT CHOP,,17500.0,44.22,-93.92,2024-04-28 17:45:00+00:00,1.0,0,0,M,0.8
T,PC12,FIN UUA /OV FIN/TM 0154/FL270/TP PC12/TB SEV CAT,SEV CAT,,27000.0,29.4657,-81.2087,2024-04-22 01:54:00+00:00,5.0,1,1,L,0.6
F,B738,BIS UA /OV BIS280045/TM 2207/FL360/TP B738/TB INTMT LGT CHOP,INTMT LGT CHOP,,36000.0,46.90296668238754,-101.82426072460076,2024-04-26 22:07:00+00:00,1.0,0,0,M,0.8
F,T210,CMH UA /OV GEO090005/TM 2200/FL110/TP T210/SK BASE 090 TOP130 /WX -RA/TA NOT REPORTED/TB NEG /IC NEG,NEG,,11000.0,38.88,-83.7729426856351,2024-04-08 22:00:00+00:00,0.0,0,0,L,0.6
F,LJ45,FAI UA /OV PAFA180010 /TM 1910 /FL020 /TP LJ45 /TB OCNL LGT-MODBLO 020 /RM DURD FAI ATCT (AKFSS),OCNL LGT-MODBLO 020,,2000.0,64.63720983331983,-147.87611,2024-04-11 19:10:00+00:00,1.0,0,0,M,0.8
F,A320,ORD UA /OV 10 NW ORD/TM 1018/FL070/TP A320/TA M11/TB LGT CHOP/IC LGT RIME/RM DURING DECENT.,LGT CHOP,,7000.0,42.08314381601481,-88.11562188345526,2024-04-03 10:18:00+00:00,1.0,0,0,M,0.8
F,E75L,SEA UA /OV SEA200007/TM 2241/FL110/TP E75L/TA -12/TB LGT 160-075/IC LGT RME 150-075/RM DURD,LGT 160-075,,11000.0,47.3350503141375,-122.3733755991776,2024-04-20 22:41:00+00:00,1.0,0,0,U,0.6
T,C55B,TUS UUA /OV 30 N TUS/TM 1227/FL240/TP C55B/TB SEV DURD 240-220/RM PINNG1 ARRIVAL...ZAB/FDCS,SEV DURD 240-220,,24000.0,32.620310500040496,-110.93798,2024-04-01 12:27:00+00:00,5.0,1,0,U,0.6
T,C550,AGS UUA /OV IRQ090010/TM 1933/FL100/TP C550/TB SEV/RM NO INJURIES REPORTED,SEV,,10000.0,33.71,-81.95962888764304,2024-04-12 19:33:00+00:00,5.0,1,0,L,0.6
T,LNP9,OMA UUA /OV OVR360040/TM 0225/FL240/TP LNP9/TB SEV CAT,SEV CAT,,24000.0,41.836720666720666,-95.74,2024-04-02 02:25:00+00:00,5.0,1,0,U,0.6
T,B777,MNZ UUA /OV JEN180030/TM 1432/FL190/TP B777/TB SEV 170-160/RM DURD ZFW,SEV 170-160,,19000.0,31.65995949995949,-97.88,2024-04-10 14:32:00+00:00,5.0,1,0,H,1.0
F,E170,1D1 UA /OV 1D1/TM 1136/FL280/TP E170/TB LGT CHOP 280-290,LGT CHOP 280-290,,28000.0,45.23049,-96.566,2024-04-09 11:36:00+00:00,1.0,0,0,U,0.6
F,B737,DEC UA /OV AXC/TM 2225/FL340/TP B737/TB LGT/RM ZKC/FDC/CW,LGT,,34000.0,39.74,-88.86,2024-04-04 22:25:00+00:00,1.0,0,0,M,0.8
F,C172,CKF UA /OV MCN180030 /TM 2353 /FL054 /TP C172 /SK SKC /TA 12 /TB NEG /RM VIS +10SM,NEG,,5400.0,32.1928094999595,-83.64921,2024-04-17 23:53:00+00:00,0.0,0,0,L,0.6
F,A321,DTW UA /OV 20 NW DTW/TM 1709/FL110/TP A321/SK B050 T073 MULTI LAYERS/TA 13/TB LGT CHOP/RM DURC,LGT CHOP,,11000.0,42.42120763202961,-83.6987916433642,2024-04-11 17:09:00+00:00,1.0,0,0,M,0.8
T,B787,MIA UUA /OV 2832N06014W/TM 1651/FL360/TP B787/TB SEV,SEV,,36000.0,28.5333,-60.2333,2024-04-09 16:51:00+00:00,5.0,1,0,U,0.6
F,DA62,HFD UA /OV HFD/TM 1810/FL021/TP DA62/TB CONS LGT CHOP/RM LLWS +/-5 KT 005-SFC DURD RY HFD,CONS LGT CHOP,,2100.0,41.73672,-72.64944,2024-04-06 18:10:00+00:00,1.0,0,0,U,0.6
T,E75L,CHS UUA /OV CHS360010/TM 1916/FL140/TP E75L/TB SEV/RM DURD,SEV,,14000.0,33.06528016668017,-80.0405,2024-04-03 19:16:00+00:00,5.0,1,0,U,0.6
F,B763,UUA /OV 60N040W /TM 2047 /FL320 /TP B763 /TB SEV /RM 6MINS WEST OF40W,SEV,,32000.0,60.0,-40.0,2024-04-24 20:47:00+00:00,5.0,1,0,H,1.0
T,C172,PAQ UUA /OV BGQ091019 /TM 2211 /FL030 /TP C172 /TB SEV /RM VC EKLUTNA/PARKS HIGHWAY (AKFSS,SEV,,3000.0,61.52447295697352,-149.14575614042394,2024-04-17 22:11:00+00:00,5.0,1,0,L,0.6
F,B737,MHT UA /OV MHT/TM 1733/FL014/TP B737/SK OVC014/TB LGT BLO 030/RM DURD RWY 17  FEILD IN SIGHT AT 014  +-10KTS BLO 030,LGT BLO 030,,1400.0,42.93281,-71.43575,2024-04-12 17:33:00+00:00,1.0,0,0,M,0.8
T,CRJ9,DSM UUA /OV DSM090025/TM 1745/FL200/TP CRJ9/TB OCNL SEV FL150-200,OCNL SEV FL150-200,,20000.0,41.53395,-93.09644684112052,2024-04-16 17:45:00+00:00,5.0,1,1,U,0.6
F,A359,UUA /OV 45N040W /TM 1514 /FL390 /TP A359 /TB SEV TURB,SEV TURB,,39000.0,45.0,-40.0,2024-04-07 15:14:00+00:00,5.0,1,0,U,0.6
F,B772,LSE UA /OV ODI/TM 1457/FL320/TP B772/TB LGT CHOP,LGT CHOP,,32000.0,43.91,-91.47,2024-04-26 14:57:00+00:00,1.0,0,0,H,1.0
T,E145,HGR UUA /OV HGR/TM 1445/FL110/TP E145/TB SEV,SEV,,11000.0,39.70778,-77.72972,2024-04-24 14:45:00+00:00,5.0,1,0,M,0.8
T,B77W,IJD UUA /OV ORW270010/TM 0355/FL290/TP B77W/TB SEV 290-300,SEV 290-300,,29000.0,41.56,-72.22275659693221,2024-04-04 03:55:00+00:00,5.0,1,0,U,0.6
T,A319,MMU UUA /OV STW320020/TM 1801/FL230/TP A319/TB SEV,SEV,,23000.0,41.255368830926976,-75.153923640908,2024-04-03 18:01:00+00:00,5.0,1,1,M,0.8
F,B737,IND UA /OV VHP100020/TM 2329/FL390/TP B737/TB CONS LGT CHOP,CONS LGT CHOP,,39000.0,39.75211258560554,-85.9426270550439,2024-04-25 23:29:00+00:00,1.0,0,0,M,0.8
T,C320,PKB UUA /OV JPU03015/TM 1811/FL110/TP C320/TB SEV-EXTRM/RM +/-200FT NO DAMAGE NO INJ,SEV-EXTRM,,11000.0,39.44,-81.37,2024-04-15 18:11:00+00:00,6.0,1,0,L,0.6
T,B39M,MJX UUA /OV CYN/TM 1712/FL190/TP B39M/TB SEV CAT 190,SEV CAT 190,,19000.0,39.82,-74.43,2024-04-03 17:12:00+00:00,5.0,1,0,U,0.6
F,B737,HKY UA /OV BZM/TM 2221/FL300/TP B737/TB CONS LGT/RM ZTLFD-43,CONS LGT,,30000.0,35.87,-81.24,2024-04-20 22:21:00+00:00,1.0,0,0,M,0.8
T,B737,DEN UUA /OV DEN277025/TM 0200/FL140/TP B737/TB SEV/RM 140-160 ZDV,SEV,,14000.0,39.88358300617993,-105.19609260701472,2024-04-08 02:00:00+00:00,5.0,1,0,M,0.8
T,B738,JBR UUA /OV GQE/TM 2020/FL360/TP B738/TB SEV/RM ZME,SEV,,36000.0,35.35,-90.48,2024-04-14 20:20:00+00:00,5.0,1,0,M,0.8
F,B739,ATL UA /OV RAINN/TM 1452/FL120/TP B739/TB SEV,SEV,,12000.0,33.6301,-84.4418,2024-04-11 14:52:00+00:00,5.0,1,0,M,0.8
T,CL60,BGM UUA /OV CFB300020/TM 1900/FL280/TP CL60/TB SEV,SEV,,28000.0,42.32668016668016,-76.52946295776205,2024-04-03 19:00:00+00:00,5.0,1,0,M,0.8
F,A321,HSI UA /OV HSI/TM 1658/FL340/TP A321/TB COSN LGT CHOP,COSN LGT CHOP,,34000.0,40.60525,-98.42789,2024-04-02 16:58:00+00:00,1.0,0,0,M,0.8
F,B744,UUA /OV CYMT 145060 /TM 2115 /FL360 /TP B744 /TB SEV,SEV,,36000.0,48.95272160432907,-73.63986742354935,2024-04-03 21:15:00+00:00,5.0,1,0,H,1.0
T,CRJ9,SMQ UUA /OV SBJ/TM 2228/FL235/TP CRJ9/TB SEV 235-240,SEV 235-240,,23500.0,40.58,-74.74,2024-04-03 22:28:00+00:00,5.0,1,1,U,0.6
F,C172,PNC UA /OV EOS290015/TM 1409/FL093/TP C172/TB NEG SMOOTH/RM ZKC FDC OH/DL,NEG SMOOTH,,9300.0,36.89551196174624,-94.68344781017696,2024-04-03 14:09:00+00:00,0.0,0,0,L,0.6
T,B767,MKE UUA /OV MKE090010/TM 0400/FL030/TP B767/TB SEV-EXTRM TB,SEV-EXTRM TB,,3000.0,42.94721,-87.66901917911301,2024-04-17 04:00:00+00:00,6.0,1,1,H,1.0
T,G280,ILM UUA /OV ILM260200/TM 1825/FL430/TP G280/TB SEV,SEV,,43000.0,33.69112585605538,-81.87263462284527,2024-04-11 18:25:00+00:00,5.0,1,0,U,0.6
T,C25A,SCK UUA /OV SCK070040/TM 0040/FL240/TP C25A/TB SEV/RM DURD 240-220,SEV,,24000.0,38.12220189798999,-120.44439857490158,2024-04-01 00:40:00+00:00,5.0,1,0,L,0.6
F,C208,SCC UA /OV AQT-SCC /TM 2025 /FL015 /TP C208 /SK BKNUNKN-TOPUNKN /WX FV99SM /TB NEG /IC NEG /RM HI BKN LYR OHD (AKFSS,NEG,,1500.0,70.195,-149.73000000000002,2024-04-03 20:25:00+00:00,0.0,0,0,L,0.6
T,P28A,DLH UUA /OV DLH240006/TM 1630/FL038/TP P28A/TB SEV TURB,SEV TURB,,3800.0,46.792075949995954,-92.320260020164,2024-04-21 16:30:00+00:00,5.0,1,0,L,0.6
F,AC50,MBL UA /OV MBL/TM 1446/FL070/TP AC50/TB CONS LGT CHOP,CONS LGT CHOP,,7000.0,44.27247,-86.24689,2024-04-29 14:46:00+00:00,1.0,0,0,L,0.6
F,BCS3,MSP UA /OV MSP/TM 1818/FL140/TP BCS3/TB LGT 100-130/NEG ABV 130/RM DURC RST1 OUT OF KMSP,LGT 100-130,,14000.0,44.88537,-93.23131,2024-04-27 18:18:00+00:00,1.0,0,0,U,0.6
T,TBM7,ABQ UUA /OV ABQ095024/TM 1816/FL100/TP TBM7/TB SEV/RM DURD  OVR MTNS,SEV,,10000.0,35.00703487905204,-106.12875955931771,2024-04-15 18:16:00+00:00,5.0,1,0,L,0.6
F,MD11,DCA UA /OV DCA/TM 2112/FL240/TP MD11/TB SEV,SEV,,24000.0,38.8472,-77.03455,2024-04-03 21:12:00+00:00,5.0,1,0,H,1.0
T,GLF6,ABY UUA /OV PZD/TM 2214/FL450/TP GLF6/TB SEV/RM 450-430 NO DAMAGE NO INJURIES ZTLFD-08,SEV,,45000.0,31.66,-84.29,2024-04-10 22:14:00+00:00,5.0,1,1,U,0.6
T,B739,LSE UUA /OV ODI/TM 0115/FL400/TP B739/TB SEV,SEV,,40000.0,43.91,-91.47,2024-04-28 01:15:00+00:00,5.0,1,0,M,0.8
F,A320,HON UA /OV HON/TM 1953/FL350/TP A320/TB NEG,NEG,,35000.0,44.38519,-98.22856,2024-04-22 19:53:00+00:00,0.0,0,0,M,0.8
T,B739,MBPV UUA /OV PVN015140/TM 1503/FL370/TP B739/TB SEV CAT,SEV CAT,,37000.0,24.024009488171554,-71.60965765789568,2024-04-15 15:03:00+00:00,5.0,1,0,M,0.8
F,B739,IKV UA /OV IKV/TM 2219/FL320/TP B739/TB NEG,NEG,,32000.0,41.6878083333,-93.569475,2024-04-17 22:19:00+00:00,0.0,0,0,M,0.8
T,B39M,EEN UUA /OV EEN/TM 0110/FL320/TP B39M/TB SEV CAT 320,SEV CAT 320,,32000.0,42.9,-72.27,2024-04-04 01:10:00+00:00,5.0,1,0,U,0.6
F,E170,IKK UA /OV EON/TM 0141/FL160/TP E170/TA M10/TB CONS LGT CHOP/IC LGT RIME,CONS LGT CHOP,,16000.0,41.27,-87.79,2024-04-29 01:41:00+00:00,1.0,0,0,U,0.6
F,P28A,TOC UA /OV ODF020030/TM 1131/FL080/TP P28A/SK UNKN TOP 070/TB NEG/RM ZTLFD-49,NEG,,8000.0,35.16988436798216,-83.09197815108156,2024-04-20 11:31:00+00:00,0.0,0,0,L,0.6
F,GLEX,CLT UA /OV CLT/TM 1443/FL220/TP GLEX/TB OCNL LGT CHOP/RM ZTLFD-29,OCNL LGT CHOP,,22000.0,35.22255,-80.95431,2024-04-09 14:43:00+00:00,1.0,0,0,M,0.8
F,E75L,GZH UA /OV MVC300015/TM 1823/FL350/TP E75L/TB OCNL LGT/RM ZTLFD-11,OCNL LGT,,35000.0,31.575010125010124,-87.60380957981997,2024-04-18 18:23:00+00:00,1.0,0,0,U,0.6
T,C182,CSV UUA /OV HCH060015/TM 1743/FL080/TP C182/TB SEV/RM NO DAMAGE NO INJURIES ZTLFD-41,SEV,,8000.0,35.90501012501013,-84.71310435133381,2024-04-14 17:43:00+00:00,5.0,1,0,L,0.6
F,B712,LGC UA /OV LGC/TM 1616/FL180/TP B712/TA M10/TB NEG/IC LGT RIME/RM ZTLFD-09,NEG,,18000.0,33.00886,-85.07261,2024-04-09 16:16:00+00:00,0.0,0,0,M,0.8
T,PA23,IPT UUA /OV FQM/TM 1632/FL045/TP PA23/TB SEV,SEV,,4500.0,41.34,-76.77,2024-04-20 16:32:00+00:00,5.0,1,0,L,0.6
F,BE40,BDR UA /OV BDR180015/TM 2100/FL130/TP BE40/TB SEV/RM BTW 090-13000,SEV,,13000.0,40.90830974997975,-73.12889,2024-04-20 21:00:00+00:00,5.0,1,0,M,0.8
T,B738M,BGR UUA /OV MRB/TM 1245/FL320/TP B738M/TB SEV CAT 320,SEV CAT 320,,32000.0,39.4019,-77.98467,2024-04-03 12:45:00+00:00,5.0,1,0,U,0.6
F,A21N,UUA /OV 4251N06318W /TM 2203 /FL340 /TP A21N /TB SEV /RM APPRX 120 SCYHZ,SEV,,34000.0,42.85,-63.3,2024-04-13 22:03:00+00:00,5.0,1,0,U,0.6
T,BCS3,AMA UUA /OV PNH100050/TM 1058/FL360/TP BCS3/TB SEV/RM ZAB/FDCS,SEV,,36000.0,35.095281464013844,-100.69510576510108,2024-04-09 10:58:00+00:00,5.0,1,0,U,0.6
F,A320,BCK UA /OV BCK/TM 2330/FL340/TP A320/TB LGT CHOP,LGT CHOP,,34000.0,44.2507,-90.8553,2024-04-28 23:30:00+00:00,1.0,0,0,M,0.8
F,AA5,LAR UA /OV MBW075012/TM 1630/FL096/TP AA5/TB OCNL LGT CHOP/IC NEG/RM ZDV,OCNL LGT CHOP,,9600.0,41.90176800189323,-105.74063316580096,2024-04-13 16:30:00+00:00,1.0,0,0,L,0.6
T,GLEX,ILG UUA /OV DQO150015/TM 2049/FL290/TP GLEX/TB SEV,SEV,,29000.0,39.46347611202193,-75.44756955101188,2024-04-03 20:49:00+00:00,5.0,1,1,M,0.8
F,CRJ9,GSO UA /OV GSO/TM 2227/FL230/TP CRJ9/TB NEG/RM ZTLFD-29,NEG,,23000.0,36.0975,-79.94361,2024-04-10 22:27:00+00:00,0.0,0,0,U,0.6
F,E75L,CRW UA /OV HVQ/TM 0121/FL340/TP E75L/TB OCNL LGT CHOP,OCNL LGT CHOP,,34000.0,38.35,-81.77,2024-04-17 01:21:00+00:00,1.0,0,0,U,0.6
T,TBM9,LVK UUA /OV LVK080012/TM 1946/FL040/TP TBM9/TB SEV/RM DURD,SEV,,4000.0,37.727806148636674,-121.5659664253371,2024-04-29 19:46:00+00:00,5.0,1,0,U,0.6
T,B739,WWD UUA /OV SIE010010/TM 2015/FL140/TP B739/TB SEV CONS CAT 140,SEV CONS CAT 140,,14000.0,39.26414792042,-74.76270363868232,2024-04-03 20:15:00+00:00,5.0,1,1,M,0.8
F,A35K,ADQ UA /OV ODK233103/TM 0343/FL370/TP A35K/TB NEG/RM ZAN,NEG,,37000.0,56.716800527793,-155.06946160270886,2024-04-02 03:43:00+00:00,0.0,0,0,U,0.6
F,B38M,LNK UA /OV LNK340035/TM 2036/FL310/TP B38M/TB OCNL LGT CHOP,OCNL LGT CHOP,,31000.0,41.37937642931252,-97.0269777840019,2024-04-27 20:36:00+00:00,1.0,0,0,U,0.6
F,A321,MBPV UA /OV GTK083036/TM 2002/FL320/TP A321/TB NEG,NEG,,32000.0,21.4031275288991,-70.51062764135847,2024-04-23 20:02:00+00:00,0.0,0,0,M,0.8
F,A320,SLN UA /OV SLN/TM 1210/FL360/TP A320/TB NEG/RM ZKC FDC,NEG,,36000.0,38.79097,-97.65217,2024-04-10 12:10:00+00:00,0.0,0,0,M,0.8
T,TBM9,DMN UUA /OV DMN/TM 1720/FL120/TP TBM9/TB SEV CAT/LLWS+/-10KTS/RM ZAB/FDCS,SEV CAT,,12000.0,32.26231,-107.72064,2024-04-06 17:20:00+00:00,5.0,1,0,U,0.6
T,BE9L,MQB UUA /OV MQB/TM 1841/FL050/TP BE9L/TB SEV,SEV,,5000.0,40.52,-90.65,2024-04-19 18:41:00+00:00,5.0,1,0,L,0.6
F,A332,MDZ UA /OV MDZ/TM 0801/FL370/TP A332/TB CONS SEV 370,CONS SEV 370,,37000.0,45.10083,-90.30333,2024-04-29 08:01:00+00:00,5.0,1,0,H,1.0
F,A320,DAY UA /OV ROD/TM 1743/FL330/TP A320/TB 330 - 340 LGT,330 - 340 LGT,,33000.0,40.29,-84.04,2024-04-05 17:43:00+00:00,1.0,0,0,M,0.8
F,B737,OME UA /OV OME090012 /TM 1631 /FL039 /TP B737 /SK OVC039-TOP060/TA M07 /TB NEG /IC TRACE RIME /RM DURD RNAV28 AIS 12E (AKFSS),NEG,,3900.0,64.51,-164.9752281963368,2024-04-06 16:31:00+00:00,0.0,0,0,M,0.8
F,B787,UUA /OV 4448N06317W /TM 0253 /FL350 /TP B787 /TB SEV,SEV,,35000.0,44.8,-63.2833,2024-04-04 02:53:00+00:00,5.0,1,0,U,0.6
T,C750,HPN UUA /OV HPN350010/TM 2212/FL050/TP C750 /TB SEV 050,SEV 050,,5000.0,41.23108792042,-73.7458898032966,2024-04-03 22:12:00+00:00,5.0,1,1,M,0.8
F,C208,SMX UA /OV RZS335022/TM 1524/FL100/TP C208/TB LGT CHOP,LGT CHOP,,10000.0,34.84233977261496,-119.9580672853998,2024-04-17 15:24:00+00:00,1.0,0,0,L,0.6
F,P28A,MSV UA /OV MSV180011 /TM 1556 /FL045 /TP P28A /WX FV99SM /TA 05 /TB CONS LGT /RM SCT ABV,CONS LGT,,4500.0,41.51829181665182,-74.79503,2024-04-15 15:56:00+00:00,1.0,0,0,L,0.6
F,A359,UUA /OV 46N040W /TM 1514 /FL390 /TP A359 /TB SEV TURB,SEV TURB,,39000.0,46.0,-40.0,2024-04-07 15:14:00+00:00,5.0,1,0,U,0.6
F,C680,MSN UA /OV MSN180030/TM 0045/FL160/TP C680/SK TOP 090/TB NEG/IC NEG,NEG,,16000.0,42.6405194999595,-89.34528,2024-04-04 00:45:00+00:00,0.0,0,0,U,0.6
F,F2TH,UCA UA /OV UCA/TM 1253/FL410/TP F2TH/TB LGT CHOP/RM MUCH BETTER THAN 400,LGT CHOP,,41000.0,43.14511,-75.38386,2024-04-10 12:53:00+00:00,1.0,0,0,M,0.8
F,B737,P28 UA /OV ANY/TM 2200/FL390/TP B737/TB CONS LGT CHOP/RM ZKCFDC,CONS LGT CHOP,,39000.0,37.15,-98.07,2024-04-09 22:00:00+00:00,1.0,0,0,M,0.8
F,B738,IND UA /OV TTH/TM 1005/FL260/TP B738/TB CONS LGT,CONS LGT,,26000.0,39.49,-87.25,2024-04-09 10:05:00+00:00,1.0,0,0,M,0.8
F,NMRS,SRQ UA /OV SRQ295260/TM 1121/FL340/TP NMRS/TB CONS LGT CHOP,CONS LGT CHOP,,34000.0,29.23288414003457,-86.98261674378156,2024-04-14 11:21:00+00:00,1.0,0,0,U,0.6
T,C172,W29 UUA /OV RJD320009 /TM 1728 /FL030 /TP C172 /WV 21036KT /TB SEV,SEV,,3000.0,39.08501597391714,-75.99032462077535,2024-04-22 17:28:00+00:00,5.0,1,0,L,0.6
T,B772,DLL UUA /OV DLL/TM 0546/FL350/TP B772/TB SEV 350/MOD 330,SEV 350,,35000.0,43.522,-89.771,2024-04-29 05:46:00+00:00,5.0,1,0,H,1.0
F,E75L,JLN UA /OV EOS270020/TM 1230/FL200/TP E75L/TB LGT 200-260/RM ZKC/FDC/CW,LGT 200-260,,20000.0,36.81,-94.8063741826294,2024-04-06 12:30:00+00:00,1.0,0,0,U,0.6
T,B772,HFD UUA /OV HFD/TM 0107/FL255/TP B772/TB SEV/RM DURC MERIT,SEV,,25500.0,41.73672,-72.64944,2024-04-04 01:07:00+00:00,5.0,1,1,H,1.0
T,PC12,RIC UUA /OV RIC/TM 0055/FL190/TP PC12/TB SEV CAT,SEV CAT,,19000.0,37.5115,-77.32336,2024-04-04 00:55:00+00:00,5.0,1,1,L,0.6
F,A20N,VLD UA /OV OTK/TM 2045/FL360/TP A20N/TB LGT CHOP,LGT CHOP,,36000.0,30.78,-83.28,2024-04-29 20:45:00+00:00,1.0,0,0,U,0.6
T,C175,CAD UUA /OV CAD/TM 1722/FL080/TP C175/TB SEV 080,SEV 080,,8000.0,44.27533,-85.41892,2024-04-22 17:22:00+00:00,5.0,1,0,L,0.6
T,PC24,MKC UUA /OV BUM090030/TM 0145/FL400/TP PC24/TB SEV/RM ZKC FDC FX/DL,SEV,,40000.0,38.28,-93.70299978148084,2024-04-02 01:45:00+00:00,5.0,1,1,U,0.6
T,C172,TUS UUA /OV TUS080030/TM 2045/FL110/TP C172/TB SEV/RM ZAB/FDCS,SEV,,11000.0,32.20710112159169,-110.35653701129424,2024-04-05 20:45:00+00:00,5.0,1,0,L,0.6
F,B737,FAI UA /OV FAI/TM 1515/FL080/TP B737/TB LGT 080-170/RM DURC ZAN,LGT 080-170,,8000.0,64.81,-147.85,2024-04-11 15:15:00+00:00,1.0,0,0,M,0.8
T,A320,CLL UUA /OV TNV360010/TM 2255/FL370/TP A320/TB SEV TURB/RM ZHU,SEV TURB,,37000.0,30.456680166680165,-96.06,2024-04-20 22:55:00+00:00,5.0,1,1,M,0.8
F,A320,RFD UA /OV RFD/TM 1646/FL330/TP A320/TB CONS LGT CHOP,CONS LGT CHOP,,33000.0,42.19150564,-89.08759937,2024-04-11 16:46:00+00:00,1.0,0,0,M,0.8
T,P46T,ABQ UUA /OV ABQ195030/TM 1539/FL280/TP P46T/TB SEV +/-500FT/RM ZAB/FDCS,SEV +,,28000.0,34.55889796682038,-106.77357363800404,2024-04-01 15:39:00+00:00,5.0,1,0,L,0.6
T,B738,DFW UUA /OV EIC/TM 1528/FL320/TP B738/TB SEV CONS CAT 320/RM ZFW,SEV CONS CAT 320,,32000.0,32.77,-93.81,2024-04-20 15:28:00+00:00,5.0,1,1,M,0.8
T,B777,DLL UUA /OV DLL/TM 0547/FL350/TP B777/TB SEV,SEV,,35000.0,43.522,-89.771,2024-04-29 05:47:00+00:00,5.0,1,0,H,1.0
T,B738,IOW UUA /OV IOW270020/TM 1239/FL340/TP B738/TB SEV,SEV,,34000.0,41.63939,-91.99059659940276,2024-04-02 12:39:00+00:00,5.0,1,0,M,0.8
F,A320,BDH UA /OV BDH/TM 1540/FL300/TP A320/TB LGT 180-300,LGT 180-300,,30000.0,45.1177,-95.1304,2024-04-01 15:40:00+00:00,1.0,0,0,M,0.8
F,C560,SLC UA /OV KSLC270005/TM 1927/FL090/TP C560/TB SEV,SEV,,9000.0,40.78,-112.0800601444173,2024-04-05 19:27:00+00:00,5.0,1,0,M,0.8
T,B737,CSV UUA /OV HCH/TM 0416/FL200/TP B737/TB SEV 200/RM NO DAMAGE OR INJURIES REPORTED ZTLFD-41,SEV 200,,20000.0,35.78,-84.98,2024-04-03 04:16:00+00:00,5.0,1,1,M,0.8
F,C172,BJC UA /OV BJC/TM 2233/FL065/TP C172/TB LGT/RM CONT,LGT,,6500.0,39.90881,-105.11719,2024-04-23 22:33:00+00:00,1.0,0,1,L,0.6
T,E75L,ORD UUA /OV ORD040008/TM 1630/FL040/TP E75L/TB SEV TURB/RM LOST 400 FEET,SEV TURB,,4000.0,42.08968753237079,-87.8166157625436,2024-04-12 16:30:00+00:00,5.0,1,0,U,0.6
T,P46T,SAF UUA /OV SAF20020/TM 2025/FL080/TP P46T/WV 24019G25/TB SEV TURB BETWEEN 110- 080 DURD.,SEV TURB BETWEEN 110- 080 DURD.,,8000.0,35.61711,-106.08942,2024-04-18 20:25:00+00:00,5.0,1,0,L,0.6
F,A321,GSO UA /OV GSO/TM 1119/FL160/TP A321/TB CONS LGT CHOP/RM ZTLFD-29,CONS LGT CHOP,,16000.0,36.0975,-79.94361,2024-04-01 11:19:00+00:00,1.0,0,0,M,0.8
T,C402,SJU UUA /OV SJU115018/TM 1239/FL040/TP C402/WX RA/TB SEV-EXTRM,SEV-EXTRM,,4000.0,18.30320425184376,-65.71338534946143,2024-04-15 12:39:00+00:00,6.0,1,0,L,0.6
T,B788,MIA UUA /OV 2819N051W/TM 0545/FL380/TP B788/TB SEV,SEV,,38000.0,28.3166,-0.85,2024-04-04 05:45:00+00:00,5.0,1,0,U,0.6
T,CRJ9,PTW UUA /OV MXE060015/TM 2237/FL220/TP CRJ9/TB SEV,SEV,,22000.0,40.04501012501013,-75.38767863188531,2024-04-03 22:37:00+00:00,5.0,1,1,U,0.6
F,B738,PBI UA /OV PBI350005/TM 1252/FL210/TP B738/TB CONS LGT CHOP,CONS LGT CHOP,,21000.0,26.76677396021,-80.11559697129896,2024-04-04 12:52:00+00:00,1.0,0,0,M,0.8
T,E35L,VCV UUA /OV PMD070030/TM 0153/FL400/TP E35L/TB EXTRM/RM COR SA-ID AND TURB. ZLA CWSU,EXTRM,,40000.0,34.80041392349249,-117.51350153109804,2024-04-27 01:53:00+00:00,7.0,1,0,U,0.6
T,E145,ELD UUA /OV ELD270015/TM 2009/FL240/TP E145/TB SEV 240-250/RM ZFW,SEV 240-250,,24000.0,33.22097,-93.11214571061632,2024-04-16 20:09:00+00:00,5.0,1,1,M,0.8
F,B737,LYH UA /OV SBV/TM 2105/FL170/TP B737/TB SEV,SEV,,17000.0,36.68,-79.01,2024-04-03 21:05:00+00:00,5.0,1,1,M,0.8
F,C210,SNH UA /OV HSV300060 /TM 2037 /FL115 /TP C210 /TB NEG /RM SMTH,NEG,,11500.0,35.1439305000405,-87.83885625863569,2024-04-04 20:37:00+00:00,0.0,0,0,L,0.6
T,C172,STS UUA /OV 1O2/TM 2309/FL004/TP C172/TB SEV 004/RM LLWS +/-15KTS...ZOA CWSU,SEV 004,,400.0,38.99,-122.9,2024-04-05 23:09:00+00:00,5.0,1,0,L,0.6
T,C56X,HEZ UUA /OV HEZ270015/TM 1733/FL150/TP C56X/TB SEV TURB/RM ZHU,SEV TURB,,15000.0,31.61366,-91.5909281483368,2024-04-29 17:33:00+00:00,5.0,1,1,M,0.8
F,E170,MKE UA /OV GSH-ATW/TM 0453/FL200/TP E170/TB INTMT LGT CHOP 330-140/IC NEG/RM DURD,INTMT LGT CHOP 330-140,,20000.0,42.89265,-87.15565000000001,2024-04-12 04:53:00+00:00,1.0,0,0,U,0.6
T,PC12,SAV UUA /OV SAV170065/TM 1527/FL100/TP PC12/TB SEV,SEV,,10000.0,31.064406027270028,-80.98013973071697,2024-04-03 15:27:00+00:00,5.0,1,1,L,0.6
F,B77L,PASY UA /OV SYA263414/TM 1816/FL360/TP B77L/TA M45/WV 177/16/TB OCNL LGT CHOP/RM MOSTLY SMOOTH ZAN,OCNL LGT CHOP,,36000.0,51.86903341766034,162.805009961584,2024-04-29 18:16:00+00:00,1.0,0,0,U,0.6
T,SF50,MLI UUA /OV MZV/TM 1457/FL300/TP SF50/TB SEV,SEV,,30000.0,41.32,-90.64,2024-04-10 14:57:00+00:00,5.0,1,0,U,0.6
F,PC12,APA UA /OV 8SW/TM 0134/FL090/TP PC12/TB SEV,SEV,,9000.0,39.57,-104.85,2024-04-16 01:34:00+00:00,5.0,1,0,L,0.6
T,BE20,AMA UUA /OV PNH140020/TM 1933/FL130/TP BE20/TA 01/TB OCNL SEV DURC/IC MOD MX/RM ZAB/FDCS,OCNL SEV DURC,,13000.0,34.984631169073026,-101.437640748151,2024-04-01 19:33:00+00:00,5.0,1,0,M,0.8
F,A321,TYS UA /OV VXV140020/TM 1347/FL330/TP A321/TB NEG/RM ZTLFD-39,NEG,,33000.0,35.64463116907302,-83.62547052256836,2024-04-01 13:47:00+00:00,0.0,0,0,M,0.8
T,C210,CVS UUA /OV CVS140015/TM 2010/FL095/TP C210/TB SEV TURB/RM ZAB FDCS,SEV TURB,,9500.0,34.19132337680477,-103.127446796092,2024-04-23 20:10:00+00:00,5.0,1,0,L,0.6
T,P28A,DZJ UUA /OV HRS218031/TM 1627/FL060/TP P28A/TB SEV/RM RIDE IMPROVES ABV 070 / ZTLFD-41,SEV,,6000.0,34.53282813235351,-84.30806545572472,2024-04-13 16:27:00+00:00,5.0,1,0,L,0.6
F,B739,EEN UA /OV EEN/TM 1203/FL300/TP B739/TB CONT LGT CHOP,CONT LGT CHOP,,30000.0,42.9,-72.27,2024-04-17 12:03:00+00:00,1.0,0,0,M,0.8
F,E55P,FOD UA /OV FOD180020/TM 1214/FL410/TP E55P/TB NEG,NEG,,41000.0,42.21638066663967,-94.203203,2024-04-10 12:14:00+00:00,0.0,0,0,U,0.6
T,P46T,LFK UUA /OV 20NW LFK/TM 2156/FL200/TP P46T/TB SEV TURB FL 200 GAIN 15OOFT/RM ZHU,SEV TURB FL 200 GAIN 15OOFT,,20000.0,31.425217632029614,-95.0693622428693,2024-04-08 21:56:00+00:00,5.0,1,1,L,0.6
F,A380,LIH UA /OV 30 NW LIH/TM 1746/FL340/TP A380/TB LGT TURB/RM FL340-270,LGT TURB,,34000.0,22.256811448044424,-159.77168437404956,2024-04-12 17:46:00+00:00,1.0,0,0,U,0.6
F,B737,PWK UA /OV OBK/TM 1048/FL170/TP B737/TA M17/TB NEG/IC TRACE RIME,NEG,,17000.0,42.22,-87.95,2024-04-11 10:48:00+00:00,0.0,0,0,M,0.8
F,E75L,TUS UA /OV TUS300040/TM 1659/FL135/TP E75L/TB LGT CHOP,LGT CHOP,,13500.0,32.45363033336033,-111.619729844111,2024-04-01 16:59:00+00:00,1.0,0,0,U,0.6
T,C25B,UTA UUA /OV HEE/TM 1930/FL060/TP C25B/TB SEV 085/RM SFC-085. DURC. NO DAMAGE/NO INJURIES. ZME,SEV 085,,6000.0,34.57,-90.67,2024-04-03 19:30:00+00:00,5.0,1,0,U,0.6
T,P28A,RVS UUA /OV RVS001005 /TM 1900 /FL025 /TP P28A /TB SEV,SEV,,2500.0,36.12293739024173,-95.98284125376058,2024-04-06 19:00:00+00:00,5.0,1,0,L,0.6
F,P46T,SAF UA /OV SAF230020/TM 2031/FL110/TP P46T/TB SEV CAT/RM DURD 110-080 ZAB/FDCS,SEV CAT,,11000.0,35.402830108155,-106.40355505291556,2024-04-18 20:31:00+00:00,5.0,1,0,L,0.6
F,A320,LOZ UA /OV LOZ/TM 0635/FL360/TP A320/TB LGT,LGT,,36000.0,37.087,-84.077,2024-04-13 06:35:00+00:00,1.0,0,0,M,0.8
F,A321,MBPV UA /OV PVN279045/TM 1627/FL310/TP A321/TB NEG/RM SMOOTH,NEG,,31000.0,21.887335352183428,-73.05771949437494,2024-04-29 16:27:00+00:00,0.0,0,0,M,0.8
F,B739,CID UA /OV CID300020/TM 0213/FL340/TP B739/TB NEG,NEG,,34000.0,42.04957916668017,-92.11235739395016,2024-04-12 02:13:00+00:00,0.0,0,0,M,0.8
F,B737,ALB UA /OV CAM/TM 1132/FL320/TP B737/TB OCNL LGT CHOP,OCNL LGT CHOP,,32000.0,42.99,-73.34,2024-04-19 11:32:00+00:00,1.0,0,0,M,0.8
F,E75L,ALO UA /OV ALO330012/TM 1910/FL280/TP E75L/TB OCNL LGT CHOP,OCNL LGT CHOP,,28000.0,42.72758411038246,-92.53705625858484,2024-04-07 19:10:00+00:00,1.0,0,0,U,0.6
F,E170,FSD UA /OV FSD/TM 1045/FL160/TP E170/SK BASE150-TOP160/TB LGT CHOP/RM DURC,LGT CHOP,,16000.0,43.57694,-96.75361,2024-04-11 10:45:00+00:00,1.0,0,0,U,0.6
T,A320,EGE UUA /OV RLG080013/TM 0218/FL280/TP A320/TB SEV/RM FL280-290 ZDV,SEV,,28000.0,40.0376268193564,-106.1614361406015,2024-04-01 02:18:00+00:00,5.0,1,0,M,0.8
F,B712,EVV UA /OV CCT/TM 1607/FL270/TP B712/TB OCNL LGT CHOP,OCNL LGT CHOP,,27000.0,37.38,-87.26,2024-04-29 16:07:00+00:00,1.0,0,0,M,0.8
T,BE20,MLU UUA /OV KSWB180020/TM 1230/FL200/TP BE20/TB SEV/RM ZHU,SEV,,20000.0,31.636639666639667,-92.68,2024-04-03 12:30:00+00:00,5.0,1,0,M,0.8
F,B764,BGR UA /OV BGR340010/TM 1520/FL380/TP B764/TB CONS LGT CAT,CONS LGT CAT,,38000.0,44.96406812266072,-68.90849185798648,2024-04-18 15:20:00+00:00,1.0,0,0,H,1.0
F,C700,ORD UA /OV MDW-CGT/TM 1301/FL100/TP C700/SK BKN100 MSL/TB NEG/IC NEG,NEG,,10000.0,41.647985,-87.66121,2024-04-23 13:01:00+00:00,0.0,0,0,U,0.6
T,SR22,RIC UUA /OV RIC 180/10/TM 2034/FL055/TP SR22/TB SEV/RM NO DAMAGE OR INJURIES,SEV,,5500.0,37.5115,-77.32336,2024-04-05 20:34:00+00:00,5.0,1,0,L,0.6
T,GALX,BWG UUA /OV BWG135020/TM 1817/FL260/TP GALX/TB SEV ..NO INJURIES/RM ZME,SEV ..NO INJURIES,,26000.0,36.7288086477023,-86.12465245895841,2024-04-01 18:17:00+00:00,5.0,1,0,M,0.8
T,C68A,PSK UUA /OV PSK/TM 1344/FL140/TP C68A/TB SEV/IC NEG/RM +8000FT UPDRAFT NO DAMAGES OR INJURIES REPORTED ZTLFD-46,SEV,,14000.0,37.13735,-80.67848,2024-04-03 13:44:00+00:00,5.0,1,0,U,0.6
F,B764,GSO UA /OV GSO/TM 2337/FL330/TP B764/TB OCNL LGT CHOP/RM ZTLFD-33,OCNL LGT CHOP,,33000.0,36.0975,-79.94361,2024-04-16 23:37:00+00:00,1.0,0,0,H,1.0
F,B739,DEN UA /OV DEN200065/TM 1348/FL240/TP B739/TB LGT CHOP/RM DURD. ZDVFD,LGT CHOP,,24000.0,38.81471720270533,-105.1400415451824,2024-04-09 13:48:00+00:00,1.0,0,0,M,0.8
T,A319,ASE UUA /OV DBL060035/TM 0204/FL280/TP A319/TB SEV/RM ZDV,SEV,,28000.0,39.73169029169029,-106.24581279652716,2024-04-01 02:04:00+00:00,5.0,1,0,M,0.8
F,BE20,PIR UA /OV PIR140020/TM 1854/FL180/TP BE20/SK BASE082-TOP106/TB OCNL LGT CHOP/IC TRACE,OCNL LGT CHOP,,18000.0,44.12732116907302,-99.98614534491853,2024-04-07 18:54:00+00:00,1.0,0,0,M,0.8
F,B738,IND UA /OV CVG/TM 0805/FL370/TP B738/TB NEG,NEG,,37000.0,39.04306,-84.67167,2024-04-10 08:05:00+00:00,0.0,0,0,M,0.8
T,C56X,SAV UUA /OV SAV /TM 2045 /FL100 /TP C56X /TB SEV,SEV,,10000.0,32.13136751,-81.20230227,2024-04-21 20:45:00+00:00,5.0,1,1,M,0.8
F,B747,PASY UA /OV SYA022260/TM 1228/FL320/TP B747/TB NEG/RM SMOOTH. ZAN,NEG,,32000.0,56.72812214498114,176.78958722181986,2024-04-01 12:28:00+00:00,0.0,0,0,H,1.0
T,CRJ9,DSM UUA /OV 30E DSM/TM 1725/FL200/TP CRJ9/TB OCCNL SEV TURB,OCCNL SEV TURB,,20000.0,41.53395,-92.9851134093446,2024-04-16 17:25:00+00:00,5.0,1,1,U,0.6
T,B739,WWD UUA /OV SIE190030/TM 2007/FL170/TP B739/TB SEV CONS CAT 170,SEV CONS CAT 170,,17000.0,38.60755623874002,-74.911889083953,2024-04-03 20:07:00+00:00,5.0,1,0,M,0.8
T,B772,ATY UUA /OV ATY/TM 1836/FL380/TP B772/TB OCNL SEV/RM 100FT ALT CHANGE,OCNL SEV,,38000.0,44.91397,-97.15472,2024-04-16 18:36:00+00:00,5.0,1,0,H,1.0
F,B752,PSK UA /OV PSK090030/TM 1817/FL340/TP B752/TB CONS LGT CHOP/RM ZTLFD-43,CONS LGT CHOP,,34000.0,37.13735,-80.05122657057832,2024-04-09 18:17:00+00:00,1.0,0,0,M,0.8
T,B752,DSM UUA /OV DSM200020/TM 1720/FL360/TP B752/TB OCNL SEV,OCNL SEV,,36000.0,41.22069375467856,-93.80542710517172,2024-04-10 17:20:00+00:00,5.0,1,0,M,0.8
T,CRJ9,DBQ UUA /OV DBQ/TM 1241/FL320/TP CRJ9/TB SEV,SEV,,32000.0,42.39835,-90.709143,2024-04-02 12:41:00+00:00,5.0,1,0,U,0.6
F,B737,ORD UA /OV 10 SSE ORD/TM 1712/FL078/TP B737/SK TOP025 OVC045 TOP065/TB LGT CHOP ABV 110,LGT CHOP ABV 110,,7800.0,41.83354760552863,-87.84611462427291,2024-04-01 17:12:00+00:00,1.0,0,0,M,0.8
F,B77W,UUA /OV 5032N06518W /TM 0013 /FL330 /TP B77W /TB SEV /RM APPRX 40 ECYZV,SEV,,33000.0,50.5333,-65.3,2024-04-14 00:13:00+00:00,5.0,1,0,U,0.6
T,B738,IAH UUA /OV 50NE DAS/TM 1350/FL170/TP B738/TB SEV TURB FL 170-230/RM KZHU,SEV TURB FL 170-230,,17000.0,30.77930338074425,-93.96822201378257,2024-04-03 13:50:00+00:00,5.0,1,0,M,0.8
F,C172,FLO UA /OV FLO/TM 0008/FL020/TP C172/TB LGT CHOP/RM DURC,LGT CHOP,,2000.0,34.18536,-79.72389,2024-04-13 00:08:00+00:00,1.0,0,0,L,0.6
T,A321,WRB UUA /OV MCN180005/TM 2242/FL340/TP A321/TB SEV/RM NO INJURIES NO DAMAGE ZTLFD-22,SEV,,34000.0,32.60950991665992,-83.64921,2024-04-10 22:42:00+00:00,5.0,1,0,M,0.8
T,B738,BNA UUA /OV HCH/TM 0415/FL200/TP B738/TB SEV 200/RM SEV TURB FL200 -ZME,SEV 200,,20000.0,35.78,-84.98,2024-04-03 04:15:00+00:00,5.0,1,1,M,0.8
F,F2TH,UUA /OV CYQY 180060 /TM 1148 /FL410 /TP F2TH /TB SEV CAT,SEV CAT,,41000.0,45.161308999918994,-60.04778,2024-04-04 11:48:00+00:00,5.0,1,0,M,0.8
T,C182,EAR UUA /OV EAR197031/TM 1726/FL075/TP C182/TB SEV/RM MOD WITH OCNL SEV 075-085 ZDV,SEV,,7500.0,40.23289918802504,-99.20612764315597,2024-04-11 17:26:00+00:00,5.0,1,0,L,0.6
F,B738,WRB UA /OV VNA/TM 1443/FL330/TP B738/TB NEG/RM ZTLFD-22,NEG,,33000.0,32.21,-83.5,2024-04-10 14:43:00+00:00,0.0,0,0,M,0.8
F,CRJ7,ASE UA /OV ASE330005/TM 1845/FL100/TP CRJ7/TB LGT CHOP/RM DURD RY15,LGT CHOP,,10000.0,39.29534462932602,-106.92264939216123,2024-04-14 18:45:00+00:00,1.0,0,0,M,0.8
F,C525,JZP UA /OV KJZP/TM 1930/FL045/TP C525/SK SKC 045/TB NEG/RM ZTLFD-38,NEG,,4500.0,34.4535,-84.4572,2024-04-19 19:30:00+00:00,0.0,0,0,L,0.6
F,CL30,PSK UA /OV PSK090020/TM 1201/FL430/TP CL30/TB NEG/RM ZTLFD-15,NEG,,43000.0,37.13735,-80.26031104705221,2024-04-16 12:01:00+00:00,0.0,0,0,U,0.6
T,B739,ASE UUA /OV DBL108060/TM 0306/FL240/TP B739/TB SEV/RM ZDV,SEV,,24000.0,39.130957975223474,-105.6684247729832,2024-04-06 03:06:00+00:00,5.0,1,0,M,0.8
F,B77W,PASV UA /OV SQA275042/TM 1547/FL330/TP B77W/TB NEG/RM ZAN,NEG,,33000.0,61.16101396165892,-157.07303371511912,2024-04-28 15:47:00+00:00,0.0,0,0,U,0.6
T,B738,IDI UUA /OV REC/TM 2240/FL210/TP B738/TB SEV TURB 210-160/RM NO DAMAGE NO INJURIES,SEV TURB 210-160,,21000.0,40.55,-78.75,2024-04-03 22:40:00+00:00,5.0,1,0,M,0.8
F,B772,JOT UA /OV JOT090020/TM 2037/FL400/TP B772/TB LGT CHOP,LGT CHOP,,40000.0,41.51769,-87.73038817331317,2024-04-09 20:37:00+00:00,1.0,0,0,H,1.0
T,PC12,YKM UUA /OV YKM240020/TM 0310/FL068/TP PC12/TB SEV TURB 073-068,SEV TURB 073-068,,6800.0,46.40148983331984,-120.96399058597758,2024-04-09 03:10:00+00:00,5.0,1,0,L,0.6
F,A230,BDR UA /OV BDR260015/TM 1905/FL260/TP A230/TB LGT CAT/RM DURD TO 210,LGT CAT,,26000.0,41.11491443920415,-73.45592402988514,2024-04-03 19:05:00+00:00,1.0,0,0,U,0.6
F,E175,MSO UA /OV MSO300030/TM 0204/FL130/TP E175/TA M14/TB LGT CHOP 130-190 /RM DURC /ZLC,LGT CHOP 130-190,,13000.0,47.17082025002025,-114.72652970120022,2024-04-04 02:04:00+00:00,1.0,0,0,U,0.6
F,A321,JVL UA /OV JVL280020/TM 1855/FL320/TP A321/TB NEG,NEG,,32000.0,42.67813741439446,-89.4877003206509,2024-04-11 18:55:00+00:00,0.0,0,0,M,0.8
F,E170,CID UA /OV CID/TM 1423/FL170/TP E170/TA M04/TB NEG/IC LGT RIME FL170-070,NEG,,17000.0,41.882899,-91.724588,2024-04-23 14:23:00+00:00,0.0,0,0,U,0.6
F,B738,MCW UA /OV MCW/TM 1249/FL350/TP B738/TB CONS LGT,CONS LGT,,35000.0,43.154383,-93.326097,2024-04-26 12:49:00+00:00,1.0,0,0,M,0.8
F,GLF5,SPI UA /OV SPI/TM 1550/FL050/TP GLF5/SK B 015 T 043/TB NEG/IC NEG/RM DURC OFF SPI,NEG,,5000.0,39.8447,-89.6839,2024-04-29 15:50:00+00:00,0.0,0,0,M,0.8
F,B752,MYNN UA /OV GTK123072/TM 1209/FL360/TP B752/TB NEG,NEG,,36000.0,20.676380219014824,-70.06950056274204,2024-04-04 12:09:00+00:00,0.0,0,0,M,0.8
F,A321,BHM UA /OV VUZ/TM 1102/FL370/TP A321/TB CONS LGT CHOP/RM ZTLFD-03,CONS LGT CHOP,,37000.0,33.67,-86.9,2024-04-13 11:02:00+00:00,1.0,0,0,M,0.8
T,B737,RDG UUA /OV ETX/TM 1710/FL280/TP B737/TB SEV CAT 280-290,SEV CAT 280-290,,28000.0,40.58,-75.68,2024-04-03 17:10:00+00:00,5.0,1,0,M,0.8
F,B737,ORD UA /OV GYY180008/TM 1933/FL080/TP B737/TB LGT CHOP,LGT CHOP,,8000.0,41.48293586665587,-87.41278,2024-04-19 19:33:00+00:00,1.0,0,0,M,0.8
T,P28A,RYN UUA /OV 15 NW RYN/TM 1808/FL055/TP P28A/TB SEV CAT,SEV CAT,,5500.0,32.28562572402222,-111.4164570694091,2024-04-05 18:08:00+00:00,5.0,1,0,L,0.6
F,A320,CTY UA /OV CTY/TM 0254/FL360/TP A320/TB OCNL LGT,OCNL LGT,,36000.0,29.63553,-83.10475,2024-04-03 02:54:00+00:00,1.0,0,0,M,0.8
F,PA18,ILI UA /OV IGG-ILI270015 /TM 2230 /FL009 /TP PA18 /TB LGT CHOP /IC NEG /RM BUMPY FROM IGG-ILI (AKFSS,LGT CHOP,,900.0,59.75,-154.91,2024-04-16 22:30:00+00:00,1.0,0,0,L,0.6
T,P28A,FNL UUA /OV KFNL330005/TM 2053/FL065/TP P28A/TB SEV 065,SEV 065,,6500.0,40.52400462932602,-105.06610042887714,2024-04-04 20:53:00+00:00,5.0,1,0,L,0.6
T,PA32,MLU UUA /OV MLU045035/TM 2053/FL090/TP PA32/TB SEV/RM NO DMG/INJ +-500FT BIG UP/DOWN DRAFTS ZME,SEV,,9000.0,32.92337236652097,-91.5485195279592,2024-04-20 20:53:00+00:00,5.0,1,1,L,0.6
T,A321,DFW UUA /OV 15N DFW/TM 0235/FL030/TP A321/WX +RA/TB EXTRM 030/RM LLWS +/-12KTS EXTRM PRECIP 15NM FINAL RWY 18R,EXTRM 030,,3000.0,33.14685025002025,-97.038,2024-04-09 02:35:00+00:00,7.0,1,1,M,0.8
F,C402,SLK UA /OV SLK130015/TM 1149/FL090/TP C402/TB LGT CHOP 000-090/RM DURC OFF KSLK,LGT CHOP 000-090,,9000.0,44.22460008111625,-73.9381901736107,2024-04-28 11:49:00+00:00,1.0,0,1,L,0.6
F,B737,TLH UA /OV TLH/TM 2324/FL320/TP B737/TB INTMT LGT CHOP,INTMT LGT CHOP,,32000.0,30.39354,-84.35135,2024-04-02 23:24:00+00:00,1.0,0,0,M,0.8
F,PC12,SYM UA /OV KSYM/TM 1504/FL100/TP PC12/TB NEG,NEG,,10000.0,38.215,-83.5874,2024-04-27 15:04:00+00:00,0.0,0,0,L,0.6
F,B737,DBQ UA /OV DBQ/TM 1143/FL380/TP B737/TB INTMT LGT CHOP,INTMT LGT CHOP,,38000.0,42.39835,-90.709143,2024-04-10 11:43:00+00:00,1.0,0,0,M,0.8
F,E75S,EEN UA /OV EEN/TM 1925/FL320/TP E75S/TB LGT CHOP/RM DURC HYLND SID 320 BLO,LGT CHOP,,32000.0,42.9,-72.27,2024-04-07 19:25:00+00:00,1.0,0,0,U,0.6
T,A359,PVD UUA /OV PVD/TM 0337/FL310/TP A359/TB SEV 310-320,SEV 310-320,,31000.0,41.7219,-71.4325,2024-04-04 03:37:00+00:00,5.0,1,0,U,0.6
F,E170,UCA UA /OV UCA/TM 2231/FL300/TP E170/TB CONS LGT CHOP,CONS LGT CHOP,,30000.0,43.14511,-75.38386,2024-04-23 22:31:00+00:00,1.0,0,0,U,0.6
F,B738,ATL UA /OV ATL160010/TM 2057/FL340/TP B738/TB NEG/RM ZTLFD-22,NEG,,34000.0,33.47347187733928,-84.37333267744128,2024-04-13 20:57:00+00:00,0.0,0,0,M,0.8
F,B738,OJC UA /OV BUM/TM 1445/FL360/TP B738/TB NEG/RM ZKC/FDC/AF,NEG,,36000.0,38.28,-94.34,2024-04-12 14:45:00+00:00,0.0,0,0,M,0.8
T,TBM7,P28 UUA /OV ANY/TM 1742/FL280/TP TBM7/TB SEV +/-800FPM/RM ZKC FDC/AF,SEV +,,28000.0,37.15,-98.07,2024-04-10 17:42:00+00:00,5.0,1,0,L,0.6
F,A319,RWF UA /OV RWF240038/TM 1022/FL250/TP A319/TB NEG,NEG,,25000.0,44.23019768330768,-95.85167194562923,2024-04-25 10:22:00+00:00,0.0,0,0,M,0.8
F,A320,TOC UA /OV ODF/TM 1716/FL340/TP A320/TB OCNL LGT CHOP/RM ZTLFD-50,OCNL LGT CHOP,,34000.0,34.7,-83.3,2024-04-15 17:16:00+00:00,1.0,0,0,M,0.8
T,E190,POU UUA /OV IGN220005/TM 2032/FL360/TP E190/TB SEV,SEV,,36000.0,41.606157792268256,-73.89171479080682,2024-04-03 20:32:00+00:00,5.0,1,0,U,0.6
F,CRJ9,GAD UA /OV GAD360020/TM 0007/FL170/TP CRJ9/TB OCNL LGT CHOP/RM DURC THRU 190 ZTLFD-05,OCNL LGT CHOP,,17000.0,34.306010333360334,-86.08908,2024-04-17 00:07:00+00:00,1.0,0,0,U,0.6
F,B737,FAI UA /OV FAI186053/TM 1344/FL310/TP B737/TB NEG/RM DURC ZAN,NEG,,31000.0,63.93143450097859,-148.0669556393067,2024-04-12 13:44:00+00:00,0.0,0,0,M,0.8
F,B738,MSN UA /OV BAE/TM 0210/FL260/TP B738/TB CONS LGT CHOP /RM DURC FL260-FL280,CONS LGT CHOP,,26000.0,43.12,-88.28,2024-04-09 02:10:00+00:00,1.0,0,0,M,0.8
F,B737,SDF UA /OV IIU/TM 1548/FL330/TP B737/TB NEG,NEG,,33000.0,38.1,-85.58,2024-04-20 15:48:00+00:00,0.0,0,0,M,0.8
T,B737,NCA UUA /OV 14NC/TM 1752/FL370/TP B737/TB SEV,SEV,,37000.0,34.51,-77.55,2024-04-03 17:52:00+00:00,5.0,1,0,M,0.8
T,MU2,OKV UUA /OV LDN260030/TM 2108/FL150/TP MU2/TB SEV,SEV,,15000.0,38.76316887840831,-78.8423183678803,2024-04-03 21:08:00+00:00,5.0,1,0,L,0.6
F,A321,LGC UA /OV LGC067043/TM 1429/FL340/TP A321/TB OCNL LGT CHOP/RM ZTLFD-22,OCNL LGT CHOP,,34000.0,33.288906657382,-84.28587099507362,2024-04-25 14:29:00+00:00,1.0,0,0,M,0.8
F,E75L,SGF UA /OV SGF/TM 2031/FL320/TP E75L/TB OCNL LGT CHOP/RM ZKC/FDC/CW,OCNL LGT CHOP,,32000.0,37.2397,-93.3897,2024-04-10 20:31:00+00:00,1.0,0,0,U,0.6
T,A320,ISP UUA /OV DPK180050/TM 2130/FL290/TP A320/TB SEV CAT,SEV CAT,,29000.0,39.95659916659917,-73.3,2024-04-03 21:30:00+00:00,5.0,1,0,M,0.8
T,C56X,AMG UUA /OV AMG240025/TM 1447/FL350/TP C56X/TB SEV CAT 390,SEV CAT 390,,35000.0,31.32770979164979,-82.92996540240031,2024-04-03 14:47:00+00:00,5.0,1,1,M,0.8
T,LJ60,RSW UUA /OV LBV120015/TM 0310/FL160/TP LJ60/TB SEV 160/RM UPDRAFT AOVE 300FT,SEV 160,,16000.0,26.704989874989877,-81.1473553192502,2024-04-04 03:10:00+00:00,5.0,1,1,M,0.8
F,C208,SCC UA /OV AQT-SCC /TM 2101 /FL015 /TP C208 /SK SKC /WX FV99SM /TB NEG /IC NEG /RM (AKFSS,NEG,,1500.0,70.195,-149.73000000000002,2024-04-17 21:01:00+00:00,0.0,0,0,L,0.6
F,A333,EAU UA /OV EAU090050/TM 1654/FL380/TP A333/TB NEG,NEG,,38000.0,44.8658,-90.30840413765176,2024-04-18 16:54:00+00:00,0.0,0,0,H,1.0
F,C208,ENA UA /OV 25NE/TM 2325/FL040/TP C208/G/TB SEV AT 040/RM KNOCKED AUTO PILOT OFF  EXCESSIVE FLUCTUATIONS IN AIRSPEED,SEV AT 040,,4000.0,41.72,-103.51,2024-04-09 23:25:00+00:00,5.0,1,0,L,0.6
F,A21N,AZO UA /OV AZO/TM 1713/FL230/TP A21N/TB NEG,NEG,,23000.0,42.23472,-85.55194,2024-04-03 17:13:00+00:00,0.0,0,0,U,0.6
F,C208,BTI UA /OV BTI/TM 1840/FL018/TP C208/SK OVC018-006/TB NEG/IC NEG/RM DURC-ZAN,NEG,,1800.0,70.13,-143.58,2024-04-18 18:40:00+00:00,0.0,0,0,L,0.6
F,B738,FSD UA /OV FSD/TM 1907/FL390/TP B738/TB CONS LGT CHOP,CONS LGT CHOP,,39000.0,43.57694,-96.75361,2024-04-18 19:07:00+00:00,1.0,0,0,M,0.8
F,GLF4,MSN UA /OV MSN050015/TM 1918/FL050/TP GLF4/TB LGT 060,LGT 060,,5000.0,43.30126991888375,-89.08279912748647,2024-04-07 19:18:00+00:00,1.0,0,0,M,0.8
T,E175,SCK UUA /OV SCK139012/TM 0405/FL175/TP E175/TB SEV/IC LGT RIME/RM TOP 230,SEV,,17500.0,37.743215857648025,-121.07202602145212,2024-04-01 04:05:00+00:00,5.0,1,1,U,0.6
F,B712,MKE UA /OV BAE045010/TM 0248/FL200/TP B712/TB NEG 320-200/IC NEG/RM DURD OBK TO ATW,NEG 320-200,,20000.0,43.23786067614885,-88.11853014749819,2024-04-23 02:48:00+00:00,0.0,0,0,M,0.8
T,H,CHA UUA /OV GQO160035/TM 0410/FL340/TP H/A306/TB SEV 340/RM LOSS 500 FT NO DAMAGE OR INJURIES ZTLFD-37,SEV 340,,34000.0,34.41180157068749,-84.90654034958364,2024-04-03 04:10:00+00:00,5.0,1,1,L,0.6
F,CRJ2,DPA UA /OV DPA/TM 2031/FL160/TP CRJ2/TB NEG,NEG,,16000.0,41.90778,-88.24861,2024-04-22 20:31:00+00:00,0.0,0,0,M,0.8
T,A20N,DAN UUA /OV SBV/TM 0037/FL110/TP A20N/TB SEV,SEV,,11000.0,36.68,-79.01,2024-04-04 00:37:00+00:00,5.0,1,1,U,0.6
F,BE20,DTW UA /OV PTK270005/TM 2201/FL030/TP BE20/TB SEV 015-025,SEV 015-025,,3000.0,42.6655,-83.53341809101642,2024-04-12 22:01:00+00:00,5.0,1,0,M,0.8
T,B738,ORD UUA /OV ORD160015/TM 1634/FL050/TP B738/TB EXTRM TURB 050,EXTRM TURB 050,,5000.0,41.75259781600893,-87.81688482967084,2024-04-19 16:34:00+00:00,7.0,1,0,M,0.8
F,B739,BMI UA /OV BMI180015/TM 1728/FL320/TP B739/TB INTMT LGT CHOP,INTMT LGT CHOP,,32000.0,40.22708974997976,-88.91592,2024-04-10 17:28:00+00:00,1.0,0,0,M,0.8
F,B737,SDF UA /OV 25 NW IIU/TM 1120/FL300/TP B737/TB CONS LGT CHOP,CONS LGT CHOP,,30000.0,38.33900954003703,-86.01376008014674,2024-04-18 11:20:00+00:00,1.0,0,0,M,0.8
F,A320,ILM UA /OV ILM200250/TM 0715/FL350/TP A320/TB NEG,NEG,,35000.0,30.354296933482058,-79.62460190698408,2024-04-05 07:15:00+00:00,0.0,0,0,M,0.8
T,B350,GSO UUA /OV GSO360030/TM 1537/FL110/TP B350/TB SEV,SEV,,11000.0,36.597540500040495,-79.94361,2024-04-03 15:37:00+00:00,5.0,1,1,M,0.8
F,A319,POU UA /OV PWL090030/TM 2054/FL380/TP A319/TB LGT CHOP,LGT CHOP,,38000.0,41.77,-72.92954704959466,2024-04-23 20:54:00+00:00,1.0,0,0,M,0.8
F,C560,HSI UA /OV HSI243013/TM 1158/FL350/TP C560/TB OCNL LGT CHOP,OCNL LGT CHOP,,35000.0,40.50687742418186,-98.6821893705252,2024-04-29 11:58:00+00:00,1.0,0,0,M,0.8
T,RV10,AVL UUA /OV TUXDO050005/TM 2056/FL090/TP RV10/TB SEV,SEV,,9000.0,35.43194,-82.5375,2024-04-03 20:56:00+00:00,5.0,1,0,U,0.6
F,B738,TPA UA /OV TPA345080/TM 2355/FL390/TP B738/TB CONS LGT CHOP,CONS LGT CHOP,,39000.0,29.24990542181232,-82.93103452416848,2024-04-16 23:55:00+00:00,1.0,0,0,M,0.8
F,CRJ2,FOD UA /OV FOD/TM 0223/FL090/TP CRJ2/TB NEG,NEG,,9000.0,42.549741,-94.203203,2024-04-04 02:23:00+00:00,0.0,0,0,M,0.8
F,E75L,LAX UA /OV LAX/TM 2352/FL020/TP E75L/TB MO-SEV/RM MOD-SEV TURB SHORT FINAL LAX RWY 06L,MO-SEV,,2000.0,33.93816,-118.38653,2024-04-13 23:52:00+00:00,5.0,1,0,U,0.6
T,C68A,IAH UUA /OV 15E DAS/TM 1446/FL290/TP C68A/TB SEV TURB FL290-250/RM KZHU,SEV TURB FL290-250,,29000.0,30.19,-94.36074609760917,2024-04-18 14:46:00+00:00,5.0,1,0,U,0.6
F,CRJ7,ABY UA /OV ABY151030/TM 1026/FL180/TP CRJ7/TB OCNL LGT CHOP,OCNL LGT CHOP,,18000.0,31.098174724296744,-83.91003978687269,2024-04-10 10:26:00+00:00,1.0,0,0,M,0.8
F,B767,UUA /OV 4244N06546W /TM 0304 /FL350 /TP B767 /TB SEV,SEV,,35000.0,42.7333,-65.7666,2024-04-04 03:04:00+00:00,5.0,1,0,H,1.0
F,B737,LBL UA /OV LBL/TM 1436/FL400/TP B737/TB CONS LGT CHOP/RM ZKC FDC OH/DL,CONS LGT CHOP,,40000.0,37.04422,-100.95986,2024-04-03 14:36:00+00:00,1.0,0,0,M,0.8
F,B737,AVL UA /OV SUG/TM 1508/FL240/TP B737/TB NEG/IC NEG/RM 270-240 SMOOTH ZTLFD-42,NEG,,24000.0,35.41,-82.27,2024-04-29 15:08:00+00:00,0.0,0,0,M,0.8
F,B738,GRR UA /OV VIO/TM 2326/FL360/TP B738/TB LGT CHOP 340-360,LGT CHOP 340-360,,36000.0,42.88210929,-85.5229853,2024-04-23 23:26:00+00:00,1.0,0,0,M,0.8
T,PC12,HWY UUA /OV CSN185020/TM 0210/FL145/TP PC12/TB CONS SEV/RM DURD 145 THRU 135,CONS SEV,,14500.0,38.30790820335234,-77.9071973311868,2024-04-04 02:10:00+00:00,5.0,1,1,L,0.6
T,PC12,SWF UUA /OV 25 WNW SWF/TM 0143/FL050/TP PC12/TB SEV/RM SEV TB APPROACHING/DESCENDING INTO SWF AIRPORT FROM THE WEST 050-030,SEV,,5000.0,41.66357434573088,-74.61888631932074,2024-04-04 01:43:00+00:00,5.0,1,1,L,0.6
F,B737,HVN UA /OV MAD/TM 1741/FL170/TP B737/TB LGT 170,LGT 170,,17000.0,41.31,-72.69,2024-04-01 17:41:00+00:00,1.0,0,0,M,0.8
F,B38M,SGF UA /OV SGF270025/TM 2256/FL350/TP B38M/TB CONS LGT CHOP/RM ZKC FDC,CONS LGT CHOP,,35000.0,37.2397,-93.91312012604249,2024-04-21 22:56:00+00:00,1.0,0,0,U,0.6
F,B737,C75 UA /OV BDF243017/TM 1648/FL290/TP B737/TB LGT CHOP,LGT CHOP,,29000.0,41.031358939314735,-89.92534443144712,2024-04-18 16:48:00+00:00,1.0,0,0,M,0.8
T,B752,VTN UUA /OV VTN/TM 1014/FL370/TP B752/TB OCNL SEV 370,OCNL SEV 370,,37000.0,42.85669,-100.54894,2024-04-28 10:14:00+00:00,5.0,1,0,M,0.8
F,A320,FLO UA /OV FLO290035/TM 0720/FL320/TP A320/TB CONS LGT CHOP,CONS LGT CHOP,,32000.0,34.38488791074124,-80.38658634044273,2024-04-02 07:20:00+00:00,1.0,0,0,M,0.8
T,M20P,EKN UUA /OV ESL035021/TM 1600/FL050/TP M20P/TB SEV CAT 050 /RM +/-400FPM,SEV CAT 050,,5000.0,39.51672643848482,-78.73081522477378,2024-04-24 16:00:00+00:00,5.0,1,0,L,0.6
F,B350,ROW UA /OV ROW230009/TM 2130/FL090/TP B350/TB SEV 090/RM 9SM SOUTHWEST KROW,SEV 090,,9000.0,33.20357404866975,-104.66749098085116,2024-04-07 21:30:00+00:00,5.0,1,0,M,0.8
F,CL60,EWR UA /OV TEB350015/TM 2202/FL060/TP CL60/TB SEV TURB,SEV TURB,,6000.0,41.10521188063,-74.1135635474566,2024-04-03 22:02:00+00:00,5.0,1,1,M,0.8
F,B712,ABY UA /OV ABY300045/TM 1820/FL220/TP B712/TB NEG,NEG,,22000.0,31.910550375030372,-84.95659531647034,2024-04-20 18:20:00+00:00,0.0,0,0,M,0.8
T,B77W,PVC UUA /OV LFV090070/TM 0109/FL370/TP B77W/TB SEV 370,SEV 370,,37000.0,42.02,-68.46947427398835,2024-04-04 01:09:00+00:00,5.0,1,0,U,0.6
F,B738,MIA UA /OV ZBV140045/TM 1159/FL220/TP B738/TB NEG,NEG,,22000.0,25.09542013041431,-78.76507529376563,2024-04-15 11:59:00+00:00,0.0,0,0,M,0.8
T,C560,DFW UUA /OV GANJA/TM 1327/FL290/TP C560/TA M23/TB SEV/IC MOD/RM NO INJURIES NO DAMAGE ZFW,SEV,,29000.0,32.89683,-97.038,2024-04-09 13:27:00+00:00,5.0,1,0,M,0.8
T,PC12,CDR UUA /OV KCDR180010 /TM 0115 /FL070 /TP PC12 /TB SEV /RM DURD,SEV,,7000.0,42.67087983331984,-103.09539,2024-04-16 01:15:00+00:00,5.0,1,1,L,0.6
T,C172,PAQ UUA /OV BGQ091019 /TM 2211 /FL030 /TP C172 /TB SEV /RM VCEKLUTNA/PARKS HIGHWAY (AKFSS),SEV,,3000.0,61.52447295697352,-149.14575614042394,2024-04-17 22:11:00+00:00,5.0,1,0,L,0.6
F,A321,CRG UA /OV CRG/TM 1234/FL360/TP A321/TB NEG,NEG,,36000.0,30.3361,-81.5147,2024-04-10 12:34:00+00:00,0.0,0,0,M,0.8
T,CL60,LGA UUA /OV HPN300020/TM 2200/FL060/TP CL60/TB SEV,SEV,,6000.0,41.23362016668017,-74.09041844288646,2024-04-03 22:00:00+00:00,5.0,1,1,M,0.8
T,B350,ELP UUA /OV CNM260025/TM 0020/FL150/TP B350/TB SEV CAT,SEV CAT,,15000.0,32.265110732006924,-104.7489752015838,2024-04-07 00:20:00+00:00,5.0,1,0,M,0.8
F,P28A,BUR UA /OV VNY34005/TM 1650/FL030/TP P28A/TB SEV,SEV,,3000.0,34.20972,-118.48917,2024-04-09 16:50:00+00:00,5.0,1,0,L,0.6
F,SF50,TIP UA /OV RBS070030/TM 2242/FL270/TP SF50/TB OCNL LGT CHOP,OCNL LGT CHOP,,27000.0,40.75102392349249,-87.54132278744171,2024-04-16 22:42:00+00:00,1.0,0,0,U,0.6
T,C172,MXF UUA /OV MGM045019 /TM 1632 /FL045 /TP C172 /TB OCNL SEV/CONS LGT-MOD,OCNL SEV,,4500.0,32.52457528468282,-86.12903804966942,2024-04-12 16:32:00+00:00,5.0,1,0,L,0.6
F,B737,CHA UA /OV GQO296062/TM 0310/FL370/TP B737/TB OCNL LGT CHOP/RM ZTLFD 06,OCNL LGT CHOP,,37000.0,35.41302021005039,-86.28333719346777,2024-04-26 03:10:00+00:00,1.0,0,0,M,0.8
F,B738,PIE UA /OV PIE275030/TM 1342/FL170/TP B738/TB NEG,NEG,,17000.0,27.95358140118494,-83.25112571899383,2024-04-02 13:42:00+00:00,0.0,0,0,M,0.8
T,A21N,PVC UUA /OV LFV160050/TM 2307/FL330/TP A21N/TB SEV 330,SEV 330,,33000.0,41.236859386696416,-69.65632040435204,2024-04-03 23:07:00+00:00,5.0,1,0,U,0.6
F,E170,AHN UA /OV AHN007007/TM 1200/FL340/TP E170/TB CONS LGT CAT/RM ZTLFD-24,CONS LGT CAT,,34000.0,34.064406430595334,-83.30920886063369,2024-04-09 12:00:00+00:00,1.0,0,0,U,0.6
F,CRJ9,DTW UA /OV DTW/TM 1433/FL040/TP CRJ9/WV 26535KT/TB NEG/RM SMOOTH RIDE DURD RWY 21L DTW,NEG,,4000.0,42.23,-83.33,2024-04-28 14:33:00+00:00,0.0,0,1,U,0.6
F,B38M,HON UA /OV HON/TM 2210/FL360/TP B38M/TB NEG,NEG,,36000.0,44.38519,-98.22856,2024-04-27 22:10:00+00:00,0.0,0,0,U,0.6
T,CRJ9,MHL UUA /OV MCM/TM 1340/FL270/TP CRJ9/TB SEV /RM DURD 270-250 ZKC FDC,SEV,,27000.0,39.65,-92.48,2024-04-10 13:40:00+00:00,5.0,1,0,U,0.6
F,CRJ2,SGF UA /OV SGF265025/TM 1225/FL185/TP CRJ2/TB LGT/RM ZKC FDC,LGT,,18500.0,37.203382165679216,-93.91112835443803,2024-04-10 12:25:00+00:00,1.0,0,0,M,0.8
F,BE40,ATL UA /OV ATL/TM 1401/FL410/TP BE40/TB NEG/RM ZTLFD-27,NEG,,41000.0,33.6301,-84.4418,2024-04-13 14:01:00+00:00,0.0,0,0,M,0.8
F,B737,JVL UA /OV JVL/TM 2148/FL160/TP B737/TA M18/TB CONS LGT CHOP/IC NEG,CONS LGT CHOP,,16000.0,42.62025,-89.04156,2024-04-11 21:48:00+00:00,1.0,0,0,M,0.8
F,CRJ7,EWR UA /OV EWR27005/TM 0053/FL070/TP CRJ7/TB LGT TURB,LGT TURB,,7000.0,40.68272,-74.16932,2024-04-29 00:53:00+00:00,1.0,0,0,M,0.8
F,A20N,GXY UA /OV GLL138017/TM 1118/FL190/TP A20N/TB NEG/RM DEPARTING KDEN NORTHBOUND ZDV/FD,NEG,,19000.0,40.28942524425728,-104.30065639898264,2024-04-14 11:18:00+00:00,0.0,0,0,U,0.6
F,A320,SBN UA /OV GIJ190040/TM 1754/FL190/TP A320/TB NEG,NEG,,19000.0,41.11340831832002,-86.47523057739906,2024-04-23 17:54:00+00:00,0.0,0,1,M,0.8
F,B738,SRQ UA /OV SRQ280190/TM 0220/FL370/TP B738/TB NEG,NEG,,37000.0,27.95132043674739,-86.07155848159084,2024-04-05 02:20:00+00:00,0.0,0,0,M,0.8
F,PA28,CRW UA /OV NUTTR/TM 1710/FL050/TP PA28/TB SEV CAT 050,SEV CAT 050,,5000.0,38.3794,-81.59,2024-04-14 17:10:00+00:00,5.0,1,0,L,0.6
F,B737,CTY UA /OV CTY/TM 1054/FL340/TP B737/TB NEG/RM SMOOTH DURC,NEG,,34000.0,29.63553,-83.10475,2024-04-22 10:54:00+00:00,0.0,0,0,M,0.8
F,CRJ2,ORD UA /OV ORD290017/TM 1929/FL040/TP CRJ2/WX RA/TB NEG,NEG,,4000.0,42.08445355664575,-88.2901585420562,2024-04-26 19:29:00+00:00,0.0,0,0,M,0.8
F,B777,UUA /OV CYGL 145085 /TM 2058 /FL310 /TP B777 /TB SEV /RM NO TURB ATF320,SEV,,31000.0,52.46472060613284,-76.33394207332911,2024-04-03 20:58:00+00:00,5.0,1,0,H,1.0
T,GLF6,FVX UUA /OV FVX/TM 2316/FL430/TP GLF6/TB SEV 430,SEV 430,,43000.0,37.35753,-78.43781,2024-04-10 23:16:00+00:00,5.0,1,0,U,0.6
F,A319,OMA UA /OV OMVR260015/TM 0040/FL330/TP A319/TB NEG,NEG,,33000.0,41.31028,-95.89917,2024-04-17 00:40:00+00:00,0.0,0,0,M,0.8
F,C650,MCW UA /OV MCW/TM 1749/FL300/TP C650/TB OCNL LGT CHOP,OCNL LGT CHOP,,30000.0,43.154383,-93.326097,2024-04-02 17:49:00+00:00,1.0,0,0,M,0.8
T,C56X,VLD UUA /OV VLD360060/TM 2326/FL450/TP C56X/TB SEV CAT,SEV CAT,,45000.0,31.782581000081,-83.27667,2024-04-10 23:26:00+00:00,5.0,1,1,M,0.8
F,B738,MCW UA /OV MCW350040/TM 2120/FL250/TP B738/SK UNKN-TOP250/TB LGT CHOP,LGT CHOP,,25000.0,43.81097468167999,-93.4847984401608,2024-04-11 21:20:00+00:00,1.0,0,0,M,0.8
T,PA46,SAV UUA /OV TYBEE190010/TM 2123/FL100/TP PA46/TB SEV/RM WINSHEAR +/- 30,SEV,,10000.0,32.13136751,-81.20230227,2024-04-21 21:23:00+00:00,5.0,1,1,L,0.6
F,GLF5,DSM UA /OV DSM270035/TM 1746/FL430/TP GLF5/TB CONS LGT CHOP,CONS LGT CHOP,,43000.0,41.53395,-94.43244802243127,2024-04-06 17:46:00+00:00,1.0,0,0,M,0.8
F,A321,FLL UA /OV FLL275002/TM 2105/FL006/TP A321/SK BKN040/TB NEG,NEG,,600.0,26.081617186745664,-80.19920427616722,2024-04-09 21:05:00+00:00,0.0,0,0,M,0.8
T,B738,SBN UUA /OV GIJ270010/TM 1052/FL390/TP B738/TB SEV 390,SEV 390,,39000.0,41.77,-86.54348431680177,2024-04-29 10:52:00+00:00,5.0,1,0,M,0.8
T,C172,BJC UUA /OV KBJC360010/TM 1725/FL065/TP C172/TB SEV 065/RM 10W OF 18V,SEV 065,,6500.0,40.07549016668017,-105.11719,2024-04-13 17:25:00+00:00,5.0,1,0,L,0.6
T,PC12,DEN UUA /OV DEN230050/TM 1638/FL160/TP PC12/TB SEV,SEV,,16000.0,39.29710027038751,-105.48886864321388,2024-04-16 16:38:00+00:00,5.0,1,0,L,0.6
F,B748,EAU UA /OV EAU180020/TM 1840/FL300/TP B748/TB NEG,NEG,,30000.0,44.53243966663967,-91.48426,2024-04-29 18:40:00+00:00,0.0,0,0,U,0.6
F,B737,CMI UA /OV CMI330025/TM 2304/FL340/TP B737/TB NEG,NEG,,34000.0,40.39327314663012,-88.54761104081162,2024-04-07 23:04:00+00:00,0.0,0,0,M,0.8
T,LB40,MLC UUA /OV MLC045040/TM 1634/FL390/TP LB40/TB SEV-EXTRM/RM ZFW,SEV-EXTRM,,39000.0,35.35366270459539,-95.2083607224346,2024-04-10 16:34:00+00:00,6.0,1,0,U,0.6
F,B38M,OCF UA /OV OCF/TM 1259/FL150/TP B38M/TA RA/TB NEG/RM PRECIP UNDER 150,NEG,,15000.0,29.16363228,-82.22100097,2024-04-11 12:59:00+00:00,0.0,0,0,U,0.6
F,CRJ2,AHN UA /OV AHN200005/TM 1851/FL350/TP CRJ2/TB NEG/RM SMOOTH / ZTLFD-23,NEG,,35000.0,33.87028593866964,-83.36071124282793,2024-04-11 18:51:00+00:00,0.0,0,0,M,0.8
F,B788,TVC UA /OV TVC/TM 0014/FL390/TP B788/TB OCNL LGT CHOP,OCNL LGT CHOP,,39000.0,44.74164,-85.58236,2024-04-18 00:14:00+00:00,1.0,0,0,U,0.6
T,B738,AMA UUA /OV PNH070050/TM 0549/FL300/TP B738/TB SEV/RM ZAB/FDCS,SEV,,30000.0,35.52503987248749,-100.74114108127549,2024-04-28 05:49:00+00:00,5.0,1,0,M,0.8
F,F2TH,CMH UA /OV APE175020/TM 2040/FL240/TP F2TH/TB NEG ABV 240,NEG ABV 240,,24000.0,39.81790820335234,-82.55198871572743,2024-04-10 20:40:00+00:00,0.0,0,0,M,0.8
F,B737,TLH UA /OV TLH180040/TM 1703/FL390/TP B737/TB LGT CHOP,LGT CHOP,,39000.0,29.72681933327933,-84.35135,2024-04-21 17:03:00+00:00,1.0,0,1,M,0.8
F,P28A,ULM UA /OV ULM/TM 0101/FL060/TP P28A/TB NEG/IC NEG/RM VMC,NEG,,6000.0,44.32,-94.5,2024-04-23 01:01:00+00:00,0.0,0,0,L,0.6
F,B737,SYR UA /OV SYR/TM 0002/FL380/TP B737/TB OCNL LGT CHOP,OCNL LGT CHOP,,38000.0,43.11119,-76.10631,2024-04-04 00:02:00+00:00,1.0,0,0,M,0.8
F,E55P,SDF UA /OV IIU328055/TM 2205/FL350/TP E55P/TB NEG/ SMOOTH DURC,NEG,,35000.0,38.87744038911083,-86.19733009528669,2024-04-08 22:05:00+00:00,0.0,0,0,U,0.6
F,B38M,DEN UA /OV FQF290028/TM 1839/FL370/TP B38M/TB NEG/RM MTW +/-10KT. ZDV,NEG,,37000.0,39.849622328592986,-105.18991872335371,2024-04-22 18:39:00+00:00,0.0,0,0,U,0.6
F,P46T,LAR UA /OV MBW290025/TM 1653/FL260/TP P46T/TB OCNL LGT CHOP/RM ZDV,OCNL LGT CHOP,,26000.0,41.99251993624375,-106.52567248078672,2024-04-28 16:53:00+00:00,1.0,0,0,L,0.6
F,B738,DSM UA /OV DSM170050/TM 0318/FL370/TP B738/TB CONS LGT,CONS LGT,,37000.0,40.71321039790002,-93.4597855245871,2024-04-10 03:18:00+00:00,1.0,0,0,M,0.8
T,CRJ9,CXY UUA /OV HAR350010/TM 1848/FL200/TP CRJ9/TB SEV 200-190,SEV 200-190,,20000.0,40.39414792041999,-77.05791133054645,2024-04-03 18:48:00+00:00,5.0,1,0,U,0.6
T,C551,RDU UUA /OV RDU360030/TM 1422/FL090/TP C551/TB SEV CONS,SEV CONS,,9000.0,36.3922405000405,-78.7819,2024-04-12 14:22:00+00:00,5.0,1,0,L,0.6
T,PC12,BED UUA /OV BED/TM 1149/FL025/TP PC12/TB SEV/RM SFC-025,SEV,,2500.0,42.46995,-71.28903,2024-04-04 11:49:00+00:00,5.0,1,0,L,0.6
F,A319,MIE UA /OV MIE040020/TM 2110/FL340/TP A319/TB NEG,NEG,,34000.0,40.49783883092697,-85.11502811712496,2024-04-18 21:10:00+00:00,0.0,0,0,M,0.8
T,BCS3,DTW UUA /OV DXO090030/TM 0216/FL160/TP BCS3/TB SEV 160-170,SEV 160-170,,16000.0,42.21,-82.69489666303812,2024-04-03 02:16:00+00:00,5.0,1,0,U,0.6
F,B757,MBPV UA /OV PVN104189/TM 2139/FL380/TP B757/TB LGT CHOP,LGT CHOP,,38000.0,21.00788430242766,-68.96857709436044,2024-04-23 21:39:00+00:00,1.0,0,0,M,0.8
F,PC12,SLC UA /OV FFU340010/TM 1940/FL100/TP PC12/TB SEV,SEV,,10000.0,40.42662812266072,-112.01471488885932,2024-04-05 19:40:00+00:00,5.0,1,0,L,0.6
F,T206,DWX UA /OV HDN330045 /TM 1722 /FL117 /TP T206 /WV 27038KT /TB OCNL LGT,OCNL LGT,,11700.0,41.129571663934215,-107.71305060743276,2024-04-22 17:22:00+00:00,1.0,0,0,U,0.6
F,B38M,MBG UA /OV DPR360040/TM 0028/FL380/TP B38M/SK UNKN-TOP380/TB CONS LGT,CONS LGT,,38000.0,45.74672066672066,-101.72,2024-04-26 00:28:00+00:00,1.0,0,1,U,0.6
F,BE20,DEN UA /OV DEN283053/TM 1512/FL252/TP BE20/SK SKC/TB OCNL LGT CHOP/IC NEG/RM ZDV,OCNL LGT CHOP,,25200.0,40.03152285993445,-105.77840671707972,2024-04-14 15:12:00+00:00,1.0,0,0,M,0.8
T,A20N,DOV UUA /OV ENO/TM 1938/FL160/TP A20N/TB SEV CONS CAT 160,SEV CONS CAT 160,,16000.0,39.23,-75.52,2024-04-03 19:38:00+00:00,5.0,1,0,U,0.6
F,CRJ2,SPI UA /OV SPI250030/TM 2309/FL330/TP CRJ2/TB NEG/RM ZKC FDC /AF,NEG,,33000.0,39.67367607650751,-90.29590080869242,2024-04-02 23:09:00+00:00,0.0,0,0,M,0.8
T,C560,BUY UUA /OV LIB090015/TM 0130/FL330/TP C560/TB SEV/RM SEVERE FL330-FL340,SEV,,33000.0,35.81,-79.30169907007975,2024-04-12 01:30:00+00:00,5.0,1,1,M,0.8
F,C680,PIA UA /OV PIA/TM 1623/FL390/TP C680/TB NEG,NEG,,39000.0,40.6675,-89.6839,2024-04-20 16:23:00+00:00,0.0,0,0,U,0.6
F,LNP4,PIH UA /OV KPIH /TM 1815 /FL280 /TP LNP4 /TB LGT CHOP,LGT CHOP,,28000.0,42.90981,-112.59592,2024-04-06 18:15:00+00:00,1.0,0,0,U,0.6
F,B752,DBQ UA /OV DBQ090034/TM 0115/FL390/TP B752/TB CONS LGT CHOP,CONS LGT CHOP,,39000.0,42.39835,-89.94173347119357,2024-04-13 01:15:00+00:00,1.0,0,0,M,0.8
F,BE36,1A5 UA /OV ODF010025/TM 1615/FL090/TP BE36/SK SKC/TB NEG 090/IC NEG/RM ZTLFD-18,NEG 090,,9000.0,35.11036980104999,-83.21198711614772,2024-04-15 16:15:00+00:00,0.0,0,0,L,0.6
T,C208,ENA UUA /OV ENA010012/TM 2316/FL040/TP C208/TB SEV/RM ZAN,SEV,,4000.0,60.76697750450399,-151.16931362129066,2024-04-09 23:16:00+00:00,5.0,1,0,L,0.6
F,A321,GSO UA /OV GSO210015/TM 2250/FL170/TP A321/TB NEG/RM ZTLFD-29,NEG,,17000.0,35.880976112021926,-80.09832251582137,2024-04-10 22:50:00+00:00,0.0,0,0,M,0.8
F,SB20,CDB UA /OV CDB345040 /TM 1859 /FL260 /TP SB20 /SK SCT070-TOP080/WX FV99SM /TA M44 /WV 22273KT /TB NEG /IC NEG /RM CLDS EST(AKFSS),NEG,,26000.0,55.84400271090616,-163.0223583388965,2024-04-04 18:59:00+00:00,0.0,0,0,M,0.8
F,B738,DAY UA /OV ROD157028/TM 1514/FL370/TP B738/TB OCNL LGT CHOP,OCNL LGT CHOP,,37000.0,39.8603962732706,-83.80093280491911,2024-04-27 15:14:00+00:00,1.0,0,0,M,0.8
F,F900,BMG UA /OV OOM145025/TM 0433/FL400/TP F900/TB SEV,SEV,,40000.0,38.79865900180378,-86.30184152301506,2024-04-10 04:33:00+00:00,5.0,1,0,M,0.8
T,TBM9,IRK UUA /OV IRK309025/TM 0216/FL160/TP TBM9/TB SEV/RM ZKC FDC,SEV,,16000.0,40.35945806918853,-92.96667260128147,2024-04-01 02:16:00+00:00,5.0,1,0,U,0.6
F,A321,DBQ UA /OV DBQ/TM 1801/FL360/TP A321/TB NEG,NEG,,36000.0,42.39835,-90.709143,2024-04-08 18:01:00+00:00,0.0,0,0,M,0.8
F,B744,DVL UA /OV DVL030030/TM 1157/FL350/TP B744/TB NEG,NEG,,35000.0,48.547627775956144,-98.53384812649062,2024-04-04 11:57:00+00:00,0.0,0,0,H,1.0
T,B739,WWD UUA /OV SIE/TM 2014/FL140/TP B739/TB SEV CONS CAT 150,SEV CONS CAT 150,,14000.0,39.1,-74.8,2024-04-03 20:14:00+00:00,5.0,1,1,M,0.8
F,C560,CAE UA /OV CAE/TM 1753/FL160/TP C560/TA M14/TB NEG/IC LGT RIME 160-190,NEG,,16000.0,33.9419,-81.1181,2024-04-26 17:53:00+00:00,0.0,0,0,M,0.8
F,A320,ORD UA /OV 15 NW ORD/TM 1242/FL120/TP A320/TB LGT CHOP,LGT CHOP,,12000.0,42.13094572402222,-88.2074678251829,2024-04-07 12:42:00+00:00,1.0,0,0,M,0.8
F,B38M,ZZV UA /OV ZZV/TM 1208/FL300/TP B38M/TB CONS LGT CHOP,CONS LGT CHOP,,30000.0,39.94445,-81.89209,2024-04-01 12:08:00+00:00,1.0,0,0,U,0.6
T,B38M,MRB UUA /OV MRB/TM 1245/FL320/TP B38M/TB SEV,SEV,,32000.0,39.4019,-77.98467,2024-04-03 12:45:00+00:00,5.0,1,0,U,0.6
T,A321,ONZ UUA /OV CRAKN/TM 2234/FL120/TP A321/TB SEV,SEV,,12000.0,42.09908,-83.16147,2024-04-02 22:34:00+00:00,5.0,1,0,M,0.8
T,H,TAD UUA /OV TBE090040/TM 1602/FL390/TP H/N763/L/TB SEV CAT TURB/RM ZAB FDCS,SEV CAT TURB,,39000.0,37.27,-102.7621908942669,2024-04-09 16:02:00+00:00,5.0,1,0,L,0.6
F,A321,UUA /OV 4810N06829W /TM 0012 /FL340 /TP A321 /TB SEV,SEV,,34000.0,48.1666,-68.4833,2024-04-04 00:12:00+00:00,5.0,1,0,M,0.8
F,C172,UUA /OV CYBW 315010 /TM 1730 /FL060 /TP C172 /TB SEV,SEV,,6000.0,51.22092067614885,-114.5621397004416,2024-04-02 17:30:00+00:00,5.0,1,0,L,0.6
F,C208,BRL UA /OV BRL/TM 1846/FL040/TP C208/SK TOP040 BASE022/TB NEG,NEG,,4000.0,40.772929,-91.125494,2024-04-18 18:46:00+00:00,0.0,0,0,L,0.6
T,A321,WRB UUA /OV VNA/TM 2243/FL340/TP A321/TB SEV /RM ZTLFD-21,SEV,,34000.0,32.21,-83.5,2024-04-10 22:43:00+00:00,5.0,1,1,M,0.8
F,B737,WMC UA /OV BAM108051/TM 0852/FL370/TP B737/SK TOPS 370/TB LGT CHOP /ZLC,LGT CHOP,,37000.0,40.33631427893995,-115.80952721375262,2024-04-13 08:52:00+00:00,1.0,0,0,M,0.8
F,A320,CSB UA /OV CSB/TM 1922/FL210/TP A320/TB NEG/RM ZDV,NEG,,21000.0,40.3,-100.16,2024-04-09 19:22:00+00:00,0.0,0,0,M,0.8
T,P28R,CRW UUA /OV USW330005/TM 2027/FL060/TP P28R/TB SEV/RM 1400 FOOT LOSS OF ALT PILOT STATES PUT GEAR DOWN BECAUSE HE WAS AFRAID THE PLANE WAS GOING TO FLIP,SEV,,6000.0,38.89217462932602,-81.39348352617493,2024-04-16 20:27:00+00:00,5.0,1,0,L,0.6
F,CRJ7,PSK UA /OV PSK030010/TM 1359/FL280/TP CRJ7/SK UNKN/TB LGT CHOP/IC NEG/RM ZTLFD-43,LGT CHOP,,28000.0,37.28169925865205,-80.57393776176305,2024-04-18 13:59:00+00:00,1.0,0,0,M,0.8
F,B39M,PNT UA /OV PNT/TM 1555/FL350/TP B39M/TB NEG,NEG,,35000.0,40.92444,-88.62394,2024-04-03 15:55:00+00:00,0.0,0,0,U,0.6
F,B77W,MYGF UA /OV ZFP355033/TM 0045/FL330/TP B77W/TB CONS LGT CHOP,CONS LGT CHOP,,33000.0,27.04795146446864,-78.83356766189826,2024-04-04 00:45:00+00:00,1.0,0,0,U,0.6
F,E75L,COU UA /OV HLV057034/TM 0127/FL340/TP E75L/TB NEG/RM /ZKC FDC,NEG,,34000.0,39.41865378546522,-91.51746887214284,2024-04-21 01:27:00+00:00,0.0,0,0,U,0.6
T,H25B,LKU UUA /OV GVE/TM 0035/FL170/TP H25B/TB SEV,SEV,,17000.0,38.156,-78.1658,2024-04-04 00:35:00+00:00,5.0,1,1,M,0.8
T,SF50,VQQ UUA /OV VQQ180030/TM 1550/FL270/TP SF50/TB SEV,SEV,,27000.0,29.7186486999595,-81.8767178,2024-04-03 15:50:00+00:00,5.0,1,1,U,0.6
F,SF50,HYR UA /OV HYR/TM 1910/FL230/TP SF50/SK T230-250/TB NEG,NEG,,23000.0,46.02528,-91.44425,2024-04-23 19:10:00+00:00,0.0,0,1,U,0.6
T,PRM1,FCI UUA /OV FAK350020/TM 2307/FL190/TP PRM1/TB SEV/RM 180-190,SEV,,19000.0,37.85829584083999,-77.90299482620595,2024-04-03 23:07:00+00:00,5.0,1,0,L,0.6
F,A320,RNH UA /OV RNH/TM 1851/FL340/TP A320/TB CONS LGT CHOP,CONS LGT CHOP,,34000.0,45.14831,-92.53806,2024-04-16 18:51:00+00:00,1.0,0,1,M,0.8
F,DH8D,SCC UA /OV AK15/TM 1835/FL006/TP DH8D/SK OVC006 TOP017/TA M03/TB NEG/IC LGT RIME /RM DURD/ ZAN,NEG,,600.0,70.34,-150.94,2024-04-24 18:35:00+00:00,0.0,0,0,M,0.8
T,E75,W99 UUA /OV ESL090020/TM 1630/FL190/TP E75/TB SEV 175/RM SEV 170-190,SEV 175,,19000.0,39.23,-78.55964298491246,2024-04-03 16:30:00+00:00,5.0,1,0,U,0.6
T,C750,MJX UUA /OV CYN105035/TM 1734/FL340/TP C750/TB SEV,SEV,,34000.0,39.66900999447809,-73.69633030574388,2024-04-01 17:34:00+00:00,5.0,1,0,M,0.8
F,B772,UUA /OV 4503N06126W /TM 0710 /FL370 /TP B772 /TB SEV,SEV,,37000.0,45.5,-61.4333,2024-04-04 07:10:00+00:00,5.0,1,0,H,1.0
T,B767,MGW UUA /OV MGW13020/TM 0922/FL350/TP B767/TB SEV FL350-370,SEV FL350-370,,35000.0,39.64291,-79.91631,2024-04-03 09:22:00+00:00,5.0,1,0,H,1.0
F,A20N,CSG UA /OV CSG070033/TM 1843/FL330/TP A20N/TB CONS LGT CHOP/RM ZTLFD-22,CONS LGT CHOP,,33000.0,32.70423631584174,-84.32925975470259,2024-04-10 18:43:00+00:00,1.0,0,0,U,0.6
F,C208,ABE UA /OV BOPLY/TM 1305/FL040/TP C208/SK IMC/TA -5/TB OCNL LGT/IC NEG,OCNL LGT,,4000.0,40.65083,-75.44917,2024-04-05 13:05:00+00:00,1.0,0,0,L,0.6
T,BE35,ROW UUA /OV ROW180005 /TM 2132 /FL090 /TP BE35 /TB EXTRM,EXTRM,,9000.0,33.216659916659914,-104.53,2024-04-07 21:32:00+00:00,7.0,1,0,L,0.6
T,B350,UTS UUA /OV LOA315030/TM 0316/FL140/TP B350/TB SEV TURB FL140 DURD/RM ZHU,SEV TURB FL140 DURD,,14000.0,31.47358202844655,-96.38302127081468,2024-04-10 03:16:00+00:00,5.0,1,1,M,0.8
T,C56X,AMG UUA /OV AMG240025/TM 1447/FL390/TP C56X/TB SEV CAT,SEV CAT,,39000.0,31.32770979164979,-82.92996540240031,2024-04-03 14:47:00+00:00,5.0,1,1,M,0.8
T,B763,BVO UUA /OV BVO/TM 0918/FL340/TP B763/TB SEV/RM ZKC/FDC/,SEV,,34000.0,36.76248,-96.01115,2024-04-26 09:18:00+00:00,5.0,1,0,H,1.0
T,C172,ACT UUA /OV ACT284038/TM 0000/FL040/TP C172/TB SEV 040/RM ZFW,SEV 040,,4000.0,31.77119961115211,-97.94999731010076,2024-04-18 00:00:00+00:00,5.0,1,0,L,0.6
T,PA31,GWO UUA /OV GWO180010/TM 1952/FL065/TP PA31/TB SEV/RM LOSS OF 500FT. ZME,SEV,,6500.0,33.32764983331983,-90.08471,2024-04-12 19:52:00+00:00,5.0,1,0,L,0.6
F,C700,BDR UA /OV BDR160015/TM 2301/FL110/TP C700/TB NEG/RM NO TURBULENCE ON BOUNO5 ARRIVAL,NEG,,11000.0,40.923387816008926,-73.01531227335074,2024-04-20 23:01:00+00:00,0.0,0,0,U,0.6
F,C172,GRI UA /OV GRI/TM 0152/FL055/TP C172/TB NEG,NEG,,5500.0,40.96754,-98.30964,2024-04-11 01:52:00+00:00,0.0,0,0,L,0.6
F,B748,BGM UA /OV RKA/TM 1049/FL330/TP B748/TB CONT LGT CAT,CONT LGT CAT,,33000.0,42.47,-75.24,2024-04-09 10:49:00+00:00,1.0,0,0,U,0.6
T,P28A,PRC UUA /OV PRC270006/TM 1835/FL080/TP P28A/TB SEV/RM ZAB/FDCS,SEV,,8000.0,34.65,-112.54156962587828,2024-04-14 18:35:00+00:00,5.0,1,0,L,0.6
T,PC12,SEP UUA /OV SEP160020/TM 1614/FL140/TP PC12/TB SEV CAT 140/RM ZFW,SEV CAT 140,,14000.0,31.902073754678565,-98.04290742860766,2024-04-09 16:14:00+00:00,5.0,1,1,L,0.6
T,M20P,VNY UUA /OV VNY/TM 1910/FL040/TP M20P/SK OVC040-TOP070/WX FV10SM/TB SEV BLO 040 / LGT-MOD 040-070/RM COR SA-ID AND MSG TYPE AND SKY AND WX AND TURB. ZLA CWSU,SEV BLO 040,,4000.0,34.20972,-118.48917,2024-04-04 19:10:00+00:00,5.0,1,0,L,0.6
F,LJ45,ANC UA /OV TED130020/TM 2210/FL075/TP LJ45/TB CONT LGT /RM DURD,CONT LGT,,7500.0,60.955720108155006,-149.46042255832478,2024-04-20 22:10:00+00:00,1.0,0,0,M,0.8
F,BE58,EVV UA /OV TEL180005/TM 1954/FL070/TP BE58/TA 08/TB LGT CHOP 070,LGT CHOP 070,,7000.0,37.92665991665992,-86.69,2024-04-11 19:54:00+00:00,1.0,0,0,L,0.6
F,A321,ATL UA /OV ATL270020/TM 1013/FL120/TP A321/TB LGT CONS CHOP 120 ABV/RM ZTLFD-05,LGT CONS CHOP 120 ABV,,12000.0,33.6301,-84.84217011792914,2024-04-17 10:13:00+00:00,1.0,0,0,M,0.8
T,A21N,JFK UUA /OV JFK210070/TM 2045/FL210/TP A21N/TB SEV 240-210,SEV 240-210,,21000.0,39.628165189435656,-74.53100693129544,2024-04-03 20:45:00+00:00,5.0,1,1,U,0.6
F,E75L,OTM UA /OV OTM/TM 0415/FL280/TP E75L/TB LGT DURD FL280-130,LGT DURD FL280-130,,28000.0,41.100793,-92.444592,2024-04-07 04:15:00+00:00,1.0,0,0,U,0.6
F,A21N,MKG UA /OV MKG/TM 1534/FL340/TP A21N/TB LGT,LGT,,34000.0,43.17111,-86.23667,2024-04-20 15:34:00+00:00,1.0,0,0,U,0.6
T,A320,ASE UUA /OV DBL108028/TM 0042/FL270/TP A320/TB SEV/RM FL270-250  +-30KTS......ZDV,SEV,,27000.0,39.29578038843762,-106.32526489405883,2024-04-01 00:42:00+00:00,5.0,1,0,M,0.8
F,B738,DEN UA /OV DEN090030/TM 1755/FL110/TP B738/WX 011OVC110/ 155BKN170/TA M15/TB NEG/IC LGT RIME/RM DURC,NEG,,11000.0,39.8328,-104.00633518781578,2024-04-18 17:55:00+00:00,0.0,0,0,M,0.8
F,B739,RPJ UA /OV PLL330020/TM 0115/FL340/TP B739/TB OCNL LGT CHOP,OCNL LGT CHOP,,34000.0,42.2586985173041,-89.74418462645247,2024-04-27 01:15:00+00:00,1.0,0,0,M,0.8
T,E75,IPT UUA /OV FQM/TM 1823/FL220/TP E75/TB SEV,SEV,,22000.0,41.34,-76.77,2024-04-03 18:23:00+00:00,5.0,1,0,U,0.6
T,H,PUB UUA /OV PUB140030/TM 2215/FL320/TP H/B777/TB SEV/RM CONT MOD OCNL SEV ZDV,SEV,,32000.0,37.90694675360954,-104.08881774016147,2024-04-09 22:15:00+00:00,5.0,1,0,L,0.6
T,E75S,HLG UUA /OV AIR020025/TM 0121/FL320/TP E75S/TB SEV,SEV,,32000.0,40.4115703066518,-80.63389891581686,2024-04-03 01:21:00+00:00,5.0,1,1,U,0.6
F,CRJ2,OMA UA /OV OVR/TM 0508/FL160/TP CRJ2/SK BASEUNKN/TB NEG/RM DURC,NEG,,16000.0,41.17,-95.74,2024-04-16 05:08:00+00:00,0.0,0,1,M,0.8
F,A320,HWV UA /OV CSN/TM 1252/FL380/TP A320/TB CONS LGT CHOP,CONS LGT CHOP,,38000.0,38.64,-77.87,2024-04-05 12:52:00+00:00,1.0,0,0,M,0.8
F,E75L,FAR UA /OV FAR/TM 1117/FL330/TP E75L/TB CONS LGT CHOP,CONS LGT CHOP,,33000.0,46.92528,-96.81111,2024-04-05 11:17:00+00:00,1.0,0,0,U,0.6
F,B763,APN UA /OV APN/TM 1932/FL340/TP B763/TB CONS LGT,CONS LGT,,34000.0,45.07167,-83.56444,2024-04-26 19:32:00+00:00,1.0,0,0,H,1.0
T,CRJ9,SYR UUA /OV SYR220033/TM 1909/FL270/TP CRJ9/TB SEV TURB/RM ZBW REPORTED,SEV TURB,,27000.0,42.68983142897049,-76.5906221435192,2024-04-03 19:09:00+00:00,5.0,1,0,U,0.6
T,A306,DSM UUA /OV DSM135050/TM 1100/FL360/TP A306/TB SEV CAT/RM NEAR JAVAS +/-500FT,SEV CAT,,36000.0,40.94464661925575,-92.86586775418492,2024-04-26 11:00:00+00:00,5.0,1,1,H,1.0
F,GLF5,MSP UA /OV MSP270030/TM 2210/FL060/TP GLF5/TB LGT CHOP,LGT CHOP,,6000.0,44.88537,-93.93706348980388,2024-04-10 22:10:00+00:00,1.0,0,1,M,0.8
T,E170,SLN UUA /OV SLN/TM 0344/FL150/TP E170/TB SEV 150-180/RM /ZKC FDC,SEV 150-180,,15000.0,38.79097,-97.65217,2024-04-28 03:44:00+00:00,5.0,1,0,U,0.6
T,C551,RDU UUA /OV SBV185014/TM 1416/FL090/TP C551/TB SEV,SEV,,9000.0,36.44753574234664,-79.03535958572431,2024-04-12 14:16:00+00:00,5.0,1,0,L,0.6
T,EGRT,ABQ UUA /OV ABQ340030/TM 1710/FL190/TP EGRT/TB SEV MTN WAVE 170-190 -1500FPM/RM ZAB/FDCS,SEV MTN WAVE 170-190 -1500FPM,,19000.0,35.51178436798215,-106.82438867859295,2024-04-01 17:10:00+00:00,5.0,1,0,U,0.6
T,C25A,SAV UUA /OV SAV100025/TM 2043/FL100/TP C25A/TB SEV,SEV,,10000.0,32.05900824200692,-80.71770751229387,2024-04-21 20:43:00+00:00,5.0,1,1,L,0.6
F,A320,SPA UA /OV SPA/TM 0025/FL350/TP A320/TB LGT CHOP/RM ZTLFD-28,LGT CHOP,,35000.0,34.9157222,-81.9565,2024-04-18 00:25:00+00:00,1.0,0,0,M,0.8
F,B738,DSM UA /OV DSM300037/TM 1357/FL330/TP B738/TB NEG,NEG,,33000.0,41.84230830835831,-94.36660409354238,2024-04-02 13:57:00+00:00,0.0,0,0,M,0.8
T,C68A,MLC UUA /OV MLC070040/TM 1404/FL360/TP C68A/TB SEV/RM ZFW,SEV,,36000.0,35.11025189798998,-95.0193271598298,2024-04-15 14:04:00+00:00,5.0,1,0,U,0.6
T,C414,PSP UUA /OV 5MI W PSP/TM 0221/FL120/TP C414/TB SEV TURB,SEV TURB,,12000.0,33.82967,-116.50669,2024-04-05 02:21:00+00:00,5.0,1,0,L,0.6
F,B738,ILI UA /OV SQA240033/TM 2155/FL350/TP B738/TB CONT LGT CHOP/RM 330 LGT CHOP ZAN,CONT LGT CHOP,,35000.0,60.82497772497773,-156.61566090976342,2024-04-10 21:55:00+00:00,1.0,0,0,M,0.8
F,B738,DEN UA /OV 1526/TM 1526/FL060/TP B738/SK OVC060/TB LGT CHOP/RM DURD RY34R DEN,LGT CHOP,,6000.0,39.8328,-104.6575,2024-04-27 15:26:00+00:00,1.0,0,1,M,0.8
F,B737,LBF UA /OV LBF120040/TM 2355/FL380/TP B737/TB NEG/RM MOSTLY SMOOTH...ZDV FD,NEG,,38000.0,40.78854966663967,-99.90248200886676,2024-04-05 23:55:00+00:00,0.0,0,0,M,0.8
F,E545,ZZV UA /OV ZZV/TM 1713/FL450/TP E545/TA M59/TB NEG,NEG,,45000.0,39.94445,-81.89209,2024-04-28 17:13:00+00:00,0.0,0,0,U,0.6
F,CL60,GAD UA /OV GAD270020/TM 1824/FL340/TP CL60/SK TOP 330/TB OCNL LGT CHOP/RM ZTLFD-03,OCNL LGT CHOP,,34000.0,33.97265,-86.49105583705521,2024-04-17 18:24:00+00:00,1.0,0,1,M,0.8
T,P46T,ABE UUA /OV FJC100010/TM 1424/FL050/TP P46T/TB EXTRM,EXTRM,,5000.0,40.70105629280277,-75.23338680224882,2024-04-12 14:24:00+00:00,7.0,1,0,L,0.6
F,B737,TLH UA /OV TLH045025/TM 1602/FL290/TP B737/TB CONS LGT CHOP,CONS LGT CHOP,,29000.0,30.688191690372125,-84.00975285999743,2024-04-29 16:02:00+00:00,1.0,0,0,M,0.8
F,A21N,OMN UA /OV OMN095150/TM 1210/FL260/TP A21N/TB CONS LGT CHOP,CONS LGT CHOP,,26000.0,29.0826529940753,-78.25752710064926,2024-04-10 12:10:00+00:00,1.0,0,0,U,0.6
F,SR22,1A5 UA /OV ODF140010/TM 1225/FL090/TP SR22/WX RA/TB LGT/RM ZTLFD-49,LGT,,9000.0,34.57231558453652,-83.16968226907274,2024-04-19 12:25:00+00:00,1.0,0,1,L,0.6
T,BE36,AVL UUA /OV AVL270020/TM 2143/FL085/TP BE36/TB SEV/RM DURD 087 - MOD / TURB 085 SEV 080 LGT,SEV,,8500.0,35.43194,-82.94662910213813,2024-04-08 21:43:00+00:00,5.0,1,0,L,0.6
F,C152,AUG UA /OV AUG090007 /TM 1451 /FL050 /TP C152 /TB NEG,NEG,,5000.0,44.32,-69.63691900688379,2024-04-14 14:51:00+00:00,0.0,0,0,L,0.6
F,C68A,BAF UA /OV CTR270020/TM 2118/FL220/TP C68A/TB LGT CHOP/RM NEG 210,LGT CHOP,,22000.0,42.29,-73.40064006534732,2024-04-02 21:18:00+00:00,1.0,0,0,U,0.6
F,A319,TCL UA /OV LDK/TM 2247/FL360/TP A319/SK SKC/TB CONS LGT CHOP/RM ZTLFD-02,CONS LGT CHOP,,36000.0,33.26,-87.54,2024-04-15 22:47:00+00:00,1.0,0,0,M,0.8
T,B737,LNS UUA /OV LRP180010/TM 1536/FL260/TP B737/TB SEV CHOP,SEV CHOP,,26000.0,39.95331983331983,-76.29,2024-04-03 15:36:00+00:00,5.0,1,0,M,0.8
F,B788,DNV UA /OV DNV/TM 2335/FL410/TP B788/TB CONS LGT CHOP 410,CONS LGT CHOP 410,,41000.0,40.1997,-87.59552,2024-04-05 23:35:00+00:00,1.0,0,0,U,0.6
F,C56X,JMS UA /OV JMS270020/TM 1124/FL310/TP C56X/TB NEG/RM DURC,NEG,,31000.0,46.93,-99.16816012179936,2024-04-22 11:24:00+00:00,0.0,0,0,M,0.8
T,BE9L,JAN UUA /OV JAN135020/TM 2123/FL070/TP BE9L/TB SEV/RM NO DAMAGE OR INJURIES ZME,SEV,,7000.0,32.0842786477023,-89.80106466236518,2024-04-12 21:23:00+00:00,5.0,1,0,L,0.6
T,LNP4,DSM UUA /OV DSM070010/TM 0153/FL230/TP LNP4/TB OCNL SEV/RM -500 FT,OCNL SEV,,23000.0,41.59095797449749,-93.44387559142685,2024-04-02 01:53:00+00:00,5.0,1,0,U,0.6
T,C172,FLO UUA /OV FLO140010/TM 2328/FL020/TP C172/TB SEV,SEV,,2000.0,34.05767558453652,-79.59437257294879,2024-04-20 23:28:00+00:00,5.0,1,1,L,0.6
F,B77W,SNP UA /OV SPY280373/TM 1435/FL340/TP B77W/TB NEG/RM ZAN,NEG,,34000.0,58.24960027845672,178.48656251708198,2024-04-12 14:35:00+00:00,0.0,0,0,U,0.6
T,PC12,BED UUA /OV BED/TM 1154/FL020/TP PC12/TB SEV SFC-025,SEV SFC-025,,2000.0,42.46995,-71.28903,2024-04-04 11:54:00+00:00,5.0,1,0,L,0.6
F,T206,COS UA /OV BRK202015/TM 1657/FL100/TP T206/TB MOS-SEV/RM MTN WAVE,MOS-SEV,,10000.0,38.70818526086647,-104.7504148692404,2024-04-15 16:57:00+00:00,5.0,1,0,U,0.6
T,C560,MEM UUA /OV MEM045020/TM 2210/FL090/TP C560/TB SEV 090-125/RM ZME,SEV 090-125,,9000.0,35.2968313522977,-89.69702213145325,2024-04-08 22:10:00+00:00,5.0,1,1,M,0.8
F,PA44,AUO UA /OV KAUO /TM 0206 /FL045 /TP PA44 /TB NEG,NEG,,4500.0,32.61511,-85.434,2024-04-20 02:06:00+00:00,0.0,0,0,L,0.6
F,B737,GRB UA /OV GRB/TM 1255/FL370/TP B737/TB OCNL LGT CHOP 370,OCNL LGT CHOP 370,,37000.0,44.4794,-88.1367,2024-04-29 12:55:00+00:00,1.0,0,0,M,0.8
F,B738,6A1 UA /OV 6A1/TM 1340/FL380/TP B738/TB LGT CONS 370-380/RM ZTLFD-27,LGT CONS 370-380,,38000.0,32.5674,-84.2507,2024-04-27 13:40:00+00:00,1.0,0,0,M,0.8
F,B738,BDH UA /OV BDH/TM 2329/FL270/TP B738/TB SEV,SEV,,27000.0,45.1177,-95.1304,2024-04-27 23:29:00+00:00,5.0,1,0,M,0.8
T,GLF4,BDL UUA /OV HFD050020/TM 2036/FL110/TP GLF4/TB SEV,SEV,,11000.0,41.950999891844994,-72.30721964435529,2024-04-20 20:36:00+00:00,5.0,1,0,M,0.8
F,B737,FAM UA /OV FAM/TM 1433/FL360/TP B737/TB CONS LGT/RM ZKC FDC,CONS LGT,,36000.0,37.76103,-90.42861,2024-04-10 14:33:00+00:00,1.0,0,0,M,0.8
F,A330,UUA /OV 4333N06204W /TM 2331 /FL390 /TP A330 /TB SEV,SEV,,39000.0,43.55,-62.666,2024-04-03 23:31:00+00:00,5.0,1,0,L,0.6
F,C172,UA /OV CYBA /TM 1900 /FL085 /TP C172 /SK 090SCT /TB LGT,LGT,,8500.0,51.21,-115.54,2024-04-15 19:00:00+00:00,1.0,0,0,L,0.6
T,BE33,AVL UUA /OV SUG/TM 2015/FL108/TP BE33/TB SEV CHOP/RM MTN WAVE NO DAMAGES OR INJURIES REPORTED ZTLFD 44,SEV CHOP,,10800.0,35.41,-82.27,2024-04-03 20:15:00+00:00,5.0,1,0,L,0.6
F,TBM8,TYS UA /OV VXV128013/TM 1351/FL270/TP TBM8/TB OCNL LGT/RM SMOOTH / ZTLFD-42,OCNL LGT,,27000.0,35.76659587547641,-83.67920899326849,2024-04-06 13:51:00+00:00,1.0,0,0,U,0.6
T,A333,ELM UUA /OV SFK015010/TM 1859/FL260/TP A333/TB SEV,SEV,,26000.0,41.861000677726544,-77.36222100797787,2024-04-03 18:59:00+00:00,5.0,1,0,H,1.0
F,B712,OGG UA /OV OGG305013/TM 0628/FL100/TP B712/TB LGT TURB,LGT TURB,,10000.0,21.01428496081925,-156.6199857019038,2024-04-26 06:28:00+00:00,1.0,0,0,M,0.8
T,PC12,PHX UUA /OV IWA043025/TM 2029/FL089/TP PC12/TB SEV TURB,SEV TURB,,8900.0,33.612585392220105,-111.31542212522515,2024-04-25 20:29:00+00:00,5.0,1,0,L,0.6
T,B737,SAT UUA /OV SAT225065/TM 0215/FL140/TP B737/TB SEV/RM 65SW SAW B737 RPRT SEV TURB FL140 AT 0215Z KZHU,SEV,,14000.0,28.76759560503248,-99.35028147367652,2024-04-10 02:15:00+00:00,5.0,1,1,M,0.8
F,B763,IND UA /OV HVQ/TM 1434/FL360/TP B763/TB OCNL LGT,OCNL LGT,,36000.0,38.35,-81.77,2024-04-28 14:34:00+00:00,1.0,0,0,H,1.0
T,CRJ9,AVP UUA /OV AVP/TM 2153/FL040/TP CRJ9/TB SEV BLO 020/RM LLWS +/-20 KT 030-SFC DURD RY04 AVP,SEV BLO 020,,4000.0,41.33347,-75.72267,2024-04-03 21:53:00+00:00,5.0,1,0,U,0.6
F,LJ40,ACQ UA /OV ACQ/TM 2036/FL100/TP LJ40/TA UNKN/TB NEG 230-100/IC NEG 230-100/RM DURD,NEG 230-100,,10000.0,44.07346,-93.55294,2024-04-19 20:36:00+00:00,0.0,0,0,M,0.8
T,B737,FDY UUA /OV ROD340025/TM 0150/FL340/TP B737/TB SEV CHOP,SEV CHOP,,34000.0,40.68157030665179,-84.22684248570972,2024-04-02 01:50:00+00:00,5.0,1,0,M,0.8
F,A320,LNK UA /OV LNK/TM 0559/FL360/TP A320/TB OCNL LGT CHOP,OCNL LGT CHOP,,36000.0,40.831178,-96.763275,2024-04-28 05:59:00+00:00,1.0,0,0,M,0.8
T,E75L,HGR UUA /OV THS/TM 1730/FL250/TP E75L/TB SEV FL245-260/RM NO DAMEGE/INJURIES,SEV FL245-260,,25000.0,39.93,-77.95,2024-04-03 17:30:00+00:00,5.0,1,0,U,0.6
T,E145,WWD UUA /OV SIE020020/TM 2048/FL200/TP E145/TB SEV,SEV,,20000.0,39.41325624532144,-74.65308101686087,2024-04-03 20:48:00+00:00,5.0,1,1,M,0.8
T,C25B,DEN UUA /OV 30S/TM 2009/FL145/TP C25B/TB SEV/RM DURD 150-130 WORST AT 145,SEV,,14500.0,39.8328,-104.6575,2024-04-14 20:09:00+00:00,5.0,1,0,U,0.6
F,B38M,LEX UA /OV FLM/TM 2348/FL260/TP B38M/TB CONS LGT,CONS LGT,,26000.0,38.65,-84.31,2024-04-05 23:48:00+00:00,1.0,0,0,U,0.6
T,CRJ9,POU UUA /OV IGN/TM 2025/FL330/TP CRJ9/TB SEV CAT,SEV CAT,,33000.0,41.67,-73.82,2024-04-03 20:25:00+00:00,5.0,1,0,U,0.6

