URGENT,AIRCRAFT,REPORT,TURBULENCE,PRODUCT_ID,FL,LAT,LON,datetime,turbulence_intensity,turb_label,Plane Weight,sample_weight
T,B77W,MDY UUA /OV 4000N 17000E/TM 1300/FL340/TP B77W/TB OCNL SEV/RM ZOA CWSU,OCNL SEV,,34000.0,40.0,170.0,2019-02-01 13:00:00,5.0,1,U,0.6
F,A340,UUA /OV CYFB 090070 /TM 1710 /FL360 /TP A340 /TB MDT-SEV,MDT-SEV,,36000.0,63.75639,-65.91722511007441,2019-02-01 17:10:00,5.0,1,L,0.6
F,B763,UUA /OV 6125N04330W /TM 1846 /FL340 /TP B763 /TB SEV /RM MDT OCNL SEV,SEV,,34000.0,61.4166,-43.5,2019-02-01 18:46:00,5.0,1,H,1.0
F,B77L,SNP UA /OV SNP279229/TM 2225/FL360/TP B77L/TB SEV/RM AIRSPEED +/-30KTS. FL350 CONT MOD. ZAN,SEV,,36000.0,57.7571065700001,-177.17190472943193,2019-02-01 22:25:00,5.0,1,U,0.6
T,B77L,SNP UUA /OV SNP284225/TM 2225/FL360/TP B77L/TB SEV/RM AS +/-50 KTS ALT +/- 300 FT,SEV,,36000.0,58.06728059234802,-176.93019342339437,2019-02-01 22:25:00,5.0,1,U,0.6
T,B777,ACV UUA /OV 4151N 13000W/TM 2233/FL350/TP B777/TB SEV/RM ZOA CWSU,SEV,,35000.0,41.85,-130.0,2019-02-01 22:33:00,5.0,1,H,1.0
T,C25B,TSP UUA /OV TSP225006/TM 1816/FL100/TP C25B/TB SEV/RM TSP 6SW,SEV,,10000.0,35.06428359431069,-118.52569169414755,2019-02-02 18:16:00,5.0,1,U,0.6
F,PA46,EDW UA /OV O26/TM 2338/FL210/TP PA46/TB SEV/RM SEVERE TURB FL210-230,SEV,,21000.0,36.58,-118.04,2019-02-02 23:38:00,5.0,1,L,0.6
T,G4,LAS UUA /OV LAS210035 /TM 0437 /FL130 /TP G4 /TB SEV /RM ZLATMUWC AWC-WEB,SEV,,13000.0,35.574837594717835,-115.51316578484344,2019-02-03 04:37:00,5.0,1,L,0.6
T,A319,ALS UUA /OV ALS053035/TM 1512/FL370/TP A319/TB SEV MTN WAVE /RM +-250FT +-25KTS NO INJURY OR DAMAGE ZDV,SEV MTN WAVE,,37000.0,37.789977199293645,-105.27460514748056,2019-02-03 15:12:00,5.0,1,M,0.8
T,CRJ2,PUB UUA /OV PUB270050/TM 1540/FL300/TP CRJ2/TB SEV/RM MOD MTN WAVE ZDV,SEV,,30000.0,38.29,-105.56014330003704,2019-02-03 15:40:00,5.0,1,M,0.8
T,B738,ALS UUA /OV ALS022027/TM 1605/FL310/TP B738/TB SEV/RM +/-20KTS MTW ZDV,SEV,,31000.0,37.85615653044035,-105.64906486217129,2019-02-03 16:05:00,5.0,1,M,0.8
T,E170,ALS UUA /OV ALS075030/TM 1625/FL260/TP E170/TB SEV/RM FL260-FL270 ZDV,SEV,,26000.0,37.56831000473307,-105.2530767638868,2019-02-03 16:25:00,5.0,1,U,0.6
T,A321,ALS UUA /OV ALS035035/TM 1648/FL280/TP A321/TB SEV MTN WAVE/RM +/-300FT +/-30KTS ZDV,SEV MTN WAVE,,28000.0,37.91676739747471,-105.43996375438648,2019-02-03 16:48:00,5.0,1,M,0.8
T,B739,ALS UUA /OV ALS090030/TM 1658/FL280/TP B739/TB SEV MTN WAVE/RM +/-300FT +/-30KTS ZDV,SEV MTN WAVE,,28000.0,37.43889,-105.23161779642383,2019-02-03 16:58:00,5.0,1,M,0.8
F,PC12,DEN UA /OV DEN/270/7/TM 1722/FL110/TP PC12/TB SEV TURB,SEV TURB,,11000.0,39.8328,-104.6575,2019-02-03 17:22:00,5.0,1,L,0.6
T,PC12,DEN UUA /OV DEN270007/TM 1722/FL110/TP PC12/TB SEV TURB/RM ZDV,SEV TURB,,11000.0,39.8328,-104.80943845617632,2019-02-03 17:22:00,5.0,1,L,0.6
T,BE20,PUB UUA /OV PUB270030/TM 1730/FL145/TP BE20/TB SEV MTW/RM DURC 145-FL230 +/-2000FT ZDV,SEV MTW,,14500.0,38.29,-105.13541798002224,2019-02-03 17:30:00,5.0,1,M,0.8
T,B737,LAR UUA /OV LAR/TM 1950/FL390/TP B737/TB SEV MTN WAVE/RM +/-25KTS +/-1000FT UNABLE TO HOLD ALT ZDV,SEV MTN WAVE,,39000.0,41.31206,-105.675,2019-02-03 19:50:00,5.0,1,M,0.8
T,B757,LAR UUA /OV LAR240040/TM 1955/FL360/TP B757/TB SEV MTN WAVE/RM +/-30KTS ZDV,SEV MTN WAVE,,36000.0,40.97869966663967,-106.4437094484826,2019-02-03 19:55:00,5.0,1,M,0.8
T,PA32,CVS UUA /OV TXO090005 /TM 2110 /FL100 /TP PA32 /TB SEV/RM AWC-WEB,SEV,,10000.0,34.5,-102.7388746086574,2019-02-03 21:10:00,5.0,1,L,0.6
T,PA32,CVN UUA /OV TXO/TM 2110/FL085/TP PA32/TB SEV/RM ZAB/FDCS,SEV,,8500.0,34.5,-102.84,2019-02-03 21:10:00,5.0,1,L,0.6
T,B757,GXY UUA /OV GLL261027/TM 2130/FL270/TP B757/TB SEV/RM SMOOTH LVG FL260 ZDV,SEV,,27000.0,40.42959878868994,-105.13455058830723,2019-02-03 21:30:00,5.0,1,M,0.8
T,EA50,DEN UUA /OV DEN305048/TM 0213/FL150/TP EA50/TB SEV,SEV,,15000.0,40.29169831687108,-105.5109447793116,2019-02-04 02:13:00,5.0,1,U,0.6
T,H25B,DAN UUA /OV SBV/TM 0720/FL350/TP H25B/TB SEV/RM FL310-FL350,SEV,,35000.0,36.68,-79.01,2019-02-04 07:20:00,5.0,1,M,0.8
T,C441,APA UUA /OV APA210015/TM 1755/FL140/TP C441/TB SEV/RM FL140-138,SEV,,14000.0,39.35347611202193,-105.01217244485088,2019-02-04 17:55:00,5.0,1,L,0.6
T,AC50,SCK UUA /OV MOD325008/TM 2129/FL040/TP AC50/SK BASES 028/TB SEV,SEV,,4000.0,37.73504911942279,-121.05098773039636,2019-02-04 21:29:00,5.0,1,L,0.6
T,B737,VGT UUA /OV LAS280025/TM 2027/FL140/TP B737/TA M03/TB SEV/IC SEV MX/RM COR SA-ID AND TEMP. ZLA CWSU,SEV,,14000.0,36.15241926799308,-115.66001094728328,2019-02-05 20:27:00,5.0,1,M,0.8
T,HELO,PSP UUA /OV KPSP293007/TM 0030/FL015/TP HELO/TB SEV 015,SEV 015,,1500.0,33.875258990736604,-116.6359802514031,2019-02-06 00:30:00,5.0,1,U,0.6
T,C525,GJT UUA /OV JNC270065/TM 0411/FL250/TP C525/TB SEV/RM ZDV,SEV,,25000.0,39.06,-110.18528641607932,2019-02-06 04:11:00,5.0,1,L,0.6
T,GLEX,WWD UUA /OV ATR/TM 1706/FL390/TP GLEX/TB SEV,SEV,,39000.0,38.81,-75.21,2019-02-06 17:06:00,5.0,1,M,0.8
T,E75L,ALS UUA /OV BRK165020/TM 1943/FL081/TP E75L/TB SEV TURB/CONT MOD OCNL SEV/RM ZAB FDCS,SEV TURB,,8100.0,38.61799864454692,-104.51907238679826,2019-02-06 19:43:00,5.0,1,U,0.6
T,SR22,ABQ UUA /OV ONM070025/TM 2001/FL177/TP SR22/TB SEV MTN WAVE 500FT/50KT LOSS/RM ZAB FDCS,SEV MTN WAVE 500FT,,17700.0,34.16499213624375,-106.43069474582204,2019-02-06 20:01:00,5.0,1,L,0.6
T,SR22,ACT UUA /OV ACT036015/TM 0340/FL060/TP SR22/TB SEV 050-060/RM SMOOTH RIDE AT FL040,SEV 050-060,,6000.0,31.820240631204257,-97.0557252250023,2019-02-07 03:40:00,5.0,1,L,0.6
T,B763,LOZ UUA /OV LOZ115040/TM 0420/FL380/TP B763/TB SEV /RM NO DAMAGE NO INGURIES ZTLFD,SEV,,38000.0,36.80523167076392,-83.3195242599242,2019-02-07 04:20:00,5.0,1,H,1.0
T,C210,SJT UUA /OV LLO315015/TM 1025/FL060/TP C210/TB SEV TURB,SEV TURB,,6000.0,30.97679101422328,-98.99581986988568,2019-02-07 10:25:00,5.0,1,L,0.6
T,B712,TBN UUA /OV MAP/TM 1228/FL340/TP B712/TB SEV/RM ZKCFDC/OH,SEV,,34000.0,37.59,-91.79,2019-02-07 12:28:00,5.0,1,M,0.8
T,E175,OKK UUA /OV OKK045025/TM 1310/FL360/TP E175/TB SEV/RM STARTED IMPROVING DURD BUT STILL MOD THRU 330,SEV,,36000.0,40.822831690372126,-85.67133450482493,2019-02-07 13:10:00,5.0,1,U,0.6
F,C208,AUS UA /OV 15NM WEST AUS/TM 1310/FL060/TP C208/TB SEV 060,SEV 060,,6000.0,39.11,-75.58,2019-02-07 13:10:00,5.0,1,L,0.6
T,C208,AUS UUA /OV CWK270020 /TM 1310 /FL060 /TP C208 /TB SEV /RM FM ZHU AWC-WEB,SEV,,6000.0,30.38,-97.91641949544878,2019-02-07 13:10:00,5.0,1,L,0.6
T,C208,SAT UUA /OV 25 N SAT/TM 1330/FL060/TP C208/TB SEV TURB 060,SEV TURB 060,,6000.0,29.95039041670041,-98.46978,2019-02-07 13:30:00,5.0,1,L,0.6
T,CRJ9,BMG UUA /OV OOM303010 /TM 1448 /FL380 /TP CRJ9 /TB SEV /RM OVR DRWUD,SEV,,38000.0,39.23078052513683,-86.79023295835115,2019-02-07 14:48:00,5.0,1,U,0.6
T,C56X,HUF UUA /OV DRWUD/TM 1448/FL140/TP C56X/TB SEV,SEV,,14000.0,39.45147,-87.30758,2019-02-07 14:48:00,5.0,1,M,0.8
T,A320,BRL UUA /OV BRL110015/TM 1510/FL170/TP A320/TB SEV 170-155 DURD,SEV 170-155 DURD,,17000.0,40.68741703825376,-90.8152589059512,2019-02-07 15:10:00,5.0,1,M,0.8
T,A320,SDF UUA /OV IIU010050/TM 1520/FL360/TP A320/TB SEV,SEV,,36000.0,38.92073960209998,-85.39609849358914,2019-02-07 15:20:00,5.0,1,M,0.8
T,A319,BMG UUA /OV OOM090015/TM 1529/FL390/TP A319/TB SEV,SEV,,39000.0,39.14,-86.28764525445428,2019-02-07 15:29:00,5.0,1,M,0.8
F,CRJ2,EVV UA /OV TTH270020/TM 1541/FL300/TP CRJ2/TB SEV 300/RM ZKCFDC/OH,SEV 300,,30000.0,39.49,-87.68196185124256,2019-02-07 15:41:00,5.0,1,M,0.8
T,B737,IND UUA /OV SHB/TM 1555/FL280/TP B737/TB SEV CONT CHOP 280-250,SEV CONT CHOP 280-250,,28000.0,39.63,-85.82,2019-02-07 15:55:00,5.0,1,M,0.8
T,A332,MOP UUA /OV OBSTR/TM 1916/FL320/TP A332/TB SEV CAT 320,SEV CAT 320,,32000.0,43.62167,-84.73722,2019-02-07 19:16:00,5.0,1,H,1.0
T,PC12,LCH UUA /OV 11 SE LCH/TM 2115/FL020/TP PC12/TB SEV,SEV,,2000.0,29.995073256236264,-93.07843810185014,2019-02-07 21:15:00,5.0,1,L,0.6
T,2207,PAH UUA /OV CNG135035/TM 2207/FL050/TP 2207/TB OCNL SEV/RM ZME,OCNL SEV,,5000.0,36.59748763347903,-88.32341060674771,2019-02-07 22:07:00,5.0,1,U,0.6
T,E50P,DEN UUA /OV APA200024/TM 2222/FL120/TP E50P/TB SEV/RM SEV TURB 140-120,SEV,,12000.0,39.19409250561428,-105.0274919770604,2019-02-07 22:22:00,5.0,1,U,0.6
T,TBM8,ASE UUA /OV DBL160030/TM 2333/FL170/TP TBM8/TB SEV/RM LOST CONTROL OF ACFT DURD TO KASE....ZDV,SEV,,17000.0,38.97011563201784,-106.6785496821464,2019-02-07 23:33:00,5.0,1,U,0.6
T,C335,MEI UUA /OV KPIB360010 /TM 0120 /FL032 /TP C335 /TB SEV /RM NO DMG OR INJ FM KZHU AWC-WEB,SEV,,3200.0,31.633820166680167,-89.33706,2019-02-08 01:20:00,5.0,1,L,0.6
T,B727,CGF UUA /OV CXR090015/TM 0212/FL348/TP B727/TB SEV JUST BELOW FL350/RM SMOOTH AT FL350 ZOB,SEV JUST BELOW FL350,,34800.0,41.52,-80.82607171122535,2019-02-08 02:12:00,5.0,1,M,0.8
F,B777,UUA /OV CYBG 270040 /TM 0302 /FL310 /TP B777 /TB SEV,SEV,,31000.0,48.33393,-71.98980706249249,2019-02-08 03:02:00,5.0,1,H,1.0
F,B777,UUA /OV CYBG 045092 /TM 0305 /FL330 /TP B777 /TB MDT-SEV,MDT-SEV,,33000.0,49.418248220569424,-69.35582651498687,2019-02-08 03:05:00,5.0,1,H,1.0
F,B777,UUA /OV CYBG 315092 /TM 0305 /FL330 /TP B777 /TB MDT-SEV /RM CORR COPY,MDT-SEV,,33000.0,49.418248220569424,-72.61797348501314,2019-02-08 03:05:00,5.0,1,H,1.0
T,E170,LPR UUA /OV DJB360020/TM 0320/FL240/TP E170/TB SEV /RM NO INJUR OR DAM ZOB,SEV,,24000.0,41.69336033336033,-82.16,2019-02-08 03:20:00,5.0,1,U,0.6
T,B77L,CGF UUA /OV CXR320010/TM 0358/FL290/TP B77L/TB SEV/RM NO DAM OR INJUR ZOB,SEV,,29000.0,41.64768441546349,-81.30309664436544,2019-02-08 03:58:00,5.0,1,U,0.6
T,B777,ERI UUA /OV ERI/TM 0405/FL250/TP B777/TB SEV 260-290/RM NO INJUR OR DAM ZOB,SEV 260-290,,25000.0,42.08,-80.18,2019-02-08 04:05:00,5.0,1,H,1.0
F,B777,UUA /OV CYML /TM 0524 /FL310 /TP B777 /TB MDT-SEV,MDT-SEV,,31000.0,47.5975,-70.2239,2019-02-08 05:24:00,5.0,1,H,1.0
F,JS32,UUA /OV CYMX 270005 /TM 1135 /FL140 /TP JS32 /TB MDT-SEV,MDT-SEV,,14000.0,45.6795,-74.15795367763496,2019-02-08 11:35:00,5.0,1,M,0.8
T,TBM9,BTV UUA /OV BTV/TM 1705/FL080/TP TBM9/TB SEVERE TURB AT 080. MODERATE BELOW 070  OCCL SEV,SEVERE TURB AT 080. MODERATE BELOW 070  OCCL SEV,,8000.0,44.47,-73.15,2019-02-08 17:05:00,5.0,1,U,0.6
T,TBM9,BTV UUA /OV BTV/TM 1705/FL080/TP TBM9/TB SEV TURB/RM MOD BLW 070,SEV TURB,,8000.0,44.47,-73.15,2019-02-08 17:05:00,5.0,1,U,0.6
T,DA20,COS UUA /OV 10 N COS/TM 1906/FL085/TP DA20/TB SEV TURB/RM ZAB FDCS,SEV TURB,,8500.0,38.97249016668017,-104.70078,2019-02-09 19:06:00,5.0,1,L,0.6
T,F2TH,TEX UUA /OV TEX/TM 2005/FL005/TP F2TH/SK BASES FL180/TB SEV/RM AOB 500FT AGL /SEV WINDSHEAR 45-50KTS AT MIDFIELD /DIFFICULTY HOLDING CENTER LINE ZDV,SEV,,500.0,37.95376,-107.90848,2019-02-09 20:05:00,5.0,1,M,0.8
T,C560,LAL UUA /OV LAL140010/TM 2248/FL230/TP C560/TB SEV/RM LASTED APPROX 5 SEC,SEV,,23000.0,27.861235584536512,-81.89722897940156,2019-02-09 22:48:00,5.0,1,M,0.8
F,B77W,UUA /OV BGBW /TM 0845 /FL340 /TP B77W /TB MDT-SEV /RM MOUNTAIN WAVES,MDT-SEV,,34000.0,61.16052,-45.42598,2019-02-10 08:45:00,5.0,1,U,0.6
F,B77W,UUA /OV 6110N04525W /TM 0848 /FL340 /TP B77W /TB MDT-SEV,MDT-SEV,,34000.0,61.1666,-45.4166,2019-02-10 08:48:00,5.0,1,U,0.6
F,B77W,UUA /OV 6120N13859W /TM 1150 /FL320 /TP B77W /TB MDT-SEV CAT /RM FL 330 SMOOTH,MDT-SEV CAT,,32000.0,61.3333,-138.9833,2019-02-10 11:50:00,5.0,1,U,0.6
F,B748,UUA /OV 6030N04400W /TM 1228 /FL320 /TP B748 /TB MDT-SEV /RMMOUNTAIN WAVE,MDT-SEV,,32000.0,60.5,-44.0,2019-02-10 12:28:00,5.0,1,U,0.6
T,A343,MIA UUA /OV 2139N05218W/TM 1810/FL340/TP A343/TB SEV,SEV,,34000.0,21.65,-52.3,2019-02-10 18:10:00,5.0,1,H,1.0
T,SR22,TRM UUA /OV PSP345020 /TM 2335 /FL110 /TP SR22 /TB SEV CAT /RM ZLATMUWC AWC-WEB,SEV CAT,,11000.0,34.15167135545308,-116.6105546790515,2019-02-10 23:35:00,5.0,1,L,0.6
T,SR22,TRM UUA /OV PSP345020 /TM 2335 /FL110 /TP SR22 /TB SEV CAT /RM ZLAWC AWC-WEB,SEV CAT,,11000.0,34.15167135545308,-116.6105546790515,2019-02-10 23:35:00,5.0,1,L,0.6
T,PA28,DAG UUA /OV KL35010010 /TM 0009 /FL095 /TP PA28 /TB SEV /RM ZLAWC AWC-WEB,SEV,,9500.0,34.42792572041999,-116.82100625786283,2019-02-11 00:09:00,5.0,1,L,0.6
T,C525,PSP UUA /OV PSP280005/TM 0009/FL030/TP C525/TB SEV/RM SEV TURB 030-025 ON FINAL,SEV,,3000.0,33.844141853598614,-116.60549140500628,2019-02-11 00:09:00,5.0,1,L,0.6
T,C172,TRM UUA /OV TRM080015 /TM 0056 /FL100 /TP C172 /TB SEV /RM 080B100 ZLAWC AWC-WEB,SEV,,10000.0,33.67008556079585,-115.86396607707108,2019-02-11 00:56:00,5.0,1,L,0.6
T,C172,TRM UUA /OV TRM075009 /TM 0057 /FL100 /TP C172 /TA M06 /TB SEV /RM ZLAWC AWC-WEB,SEV,,10000.0,33.66549600141992,-115.98564940244576,2019-02-11 00:57:00,5.0,1,L,0.6
F,DH8A,AKN UA /OV AKN030050/TM 0405/FL210/TP DH8A/TB OCNL SEV/RM ZAN,OCNL SEV,,21000.0,59.39174629326025,-155.83860131489436,2019-02-11 04:05:00,5.0,1,M,0.8
T,DH8A,AKN UUA /OV AKN03055/TM 0412/FL210/TP DH8A/TB OCNL SEV/RM ZAN,OCNL SEV,,21000.0,58.67,-156.64,2019-02-11 04:12:00,5.0,1,M,0.8
F,PC12,RIL UA /OV RIL/TM 0432/FL150 /TP PC12/TB MDT TO SEV CHOP/RM DURC....SFC TO FL150...ZDV,MDT TO SEV CHOP,,15000.0,39.52631,-107.72694,2019-02-11 04:32:00,5.0,1,L,0.6
T,B744,HNL UUA /OV 2640N 14425W/TM 1417/FL300/TP B744/TB SEV/RM ZOA CWSU,SEV,,30000.0,26.6666,-144.4166,2019-02-11 14:17:00,5.0,1,H,1.0
T,V22,BGD UUA /OV BGD/TM 2056/FL060/TP V22/TB EXTRM/RM ZAB/FDCS,EXTRM,,6000.0,35.70089,-101.39366,2019-02-11 20:56:00,7.0,1,U,0.6
T,A333,LIH UUA /OV LIH290010/TM 2125/FL280/TP A333/TB SEV/RM FL 280-300,SEV,,28000.0,22.027007974497497,-159.49889316617288,2019-02-11 21:25:00,5.0,1,H,1.0
T,A333,LIH UUA /OV LIH290010/TM 2125/FL300/TP A333/TB SEV,SEV,,30000.0,22.027007974497497,-159.49889316617288,2019-02-11 21:25:00,5.0,1,H,1.0
F,LJ35,UUA /OV 5032N11419W /TM 0930 /FL290 /TP LJ35 /TB MDT-SEV 290-310,MDT-SEV 290-310,,29000.0,50.5333,-114.3166,2019-02-12 09:30:00,5.0,1,M,0.8
T,B788,BFL UUA /OV EHF170025 /TM 1347 /FL340 /TP B788 /TB SEV-EXTRM CAT 340 /RM ZLATMUWC AWC-WEB,SEV-EXTRM CAT 340,,34000.0,35.06963019895001,-119.01114128303618,2019-02-12 13:47:00,6.0,1,U,0.6
T,SR22,MCB UUA /OV HEZ030030 /TM 1550 /FL060 /TP SR22 /TB SEV /RM NO DMG OR INJ FM KZHU AWC-WEB,SEV,,6000.0,32.04670777595614,-91.0037518516632,2019-02-12 15:50:00,5.0,1,L,0.6
F,A330,UUA /OV YRI 045050 /TM 1630 /FL380 /TP A330 /TB MDT-SEV /RM OTHER ACFT REPD LGT-MDT TURB 320-400,MDT-SEV,,38000.0,48.25930338074425,-68.70488320314196,2019-02-12 16:30:00,5.0,1,L,0.6
T,B752,ATL UUA /OV ATL270040/TM 1801/FL150/TP B752/TB SEV CAT /RM NO DAMAGE NO INJURIES ZTLFD,SEV CAT,,15000.0,33.6301,-85.24254023585829,2019-02-12 18:01:00,5.0,1,M,0.8
T,B737,SBN UUA /OV GIJ/TM 1805/FL220/TP B737/TB SEV/RM ONE JOLT OF SEV,SEV,,22000.0,41.77,-86.32,2019-02-12 18:05:00,5.0,1,M,0.8
T,C410,RNO UUA /OV FMG230018/TM 1808/FL105/TP C410/TB SEV 105-095,SEV 105-095,,10500.0,39.3371480973395,-119.9579832778306,2019-02-12 18:08:00,5.0,1,U,0.6
T,C410,RNO UUA /OV FMG230018/TM 1808/FL105/TP C410/TB SEV 105-095/RM ZOA CWSU,SEV 105-095,,10500.0,39.3371480973395,-119.9579832778306,2019-02-12 18:08:00,5.0,1,U,0.6
F,B190,LWS UA /OV KLWS 18W/TM 1830/FL060/TP B190/SK CLR/WX 10SM/TA 5.6/TB SEV 040-060,SEV 040-060,,6000.0,46.3745,-117.01539,2019-02-12 18:30:00,5.0,1,M,0.8
T,BE9L,BTR UUA /OV LSU180020 /TM 1833 /FL090 /TP BE9L /TB SEV FL090-070 /RM FM KZHU AWC-WEB,SEV FL090-070,,9000.0,30.14663966663967,-91.3,2019-02-12 18:33:00,5.0,1,L,0.6
T,C56X,DEN UUA /OV DEN250030/TM 1834/FL200/TP C56X/TB SEV/RM SEV TB 200-190 DURD,SEV,,20000.0,39.66177607650751,-105.26939476892495,2019-02-12 18:34:00,5.0,1,M,0.8
F,CRJ9,BNA UA /OV 50ENE BNA /TM 1838/FL120/TP CRJ9/TB OCNL SEV TURB/RM OM PASLY ARRIVAL/ZME,OCNL SEV TURB,,12000.0,36.43781869146176,-85.73600562839414,2019-02-12 18:38:00,5.0,1,U,0.6
T,B190,LWS UUA /OV MQG260025/TM 1839/FL060/TP B190/TB SEV 060-040/RM DURD LWS * ..ZSE,SEV 060-040,,6000.0,46.30764073200693,-117.4648489448624,2019-02-12 18:39:00,5.0,1,M,0.8
T,SR22,RNO UUA /OV RNO270008/TM 1908/FL075/TP SR22/TB SEV/RM DURD 075 TO 068,SEV,,7500.0,39.48389,-119.94387955924007,2019-02-12 19:08:00,5.0,1,L,0.6
T,PA46,AXX UUA /OV CIM035035/TM 2055/FL170/TP PA46/TB SEV/RM OCNL MOD MTW........ZDV,SEV,,17000.0,36.96787739747471,-104.45379387100276,2019-02-12 20:55:00,5.0,1,L,0.6
T,CRJ9,GSP UUA /OV 20SE GSP/TM 2106/FL070/TP CRJ9/TB SEV/RM SEVERE TURB IN DESCENT 070-050 SMOOTHED OUT AT 050,SEV,,7000.0,34.6489986477023,-81.93653161983562,2019-02-12 21:06:00,5.0,1,U,0.6
F,B789,UUA /OV 4508N06548W /TM 2115 /FL400 /TP B789 /TB SEV,SEV,,40000.0,45.1333,-65.8,2019-02-12 21:15:00,5.0,1,U,0.6
T,C210,POC UUA /OV EMT045018 /TM 2140 /FL085 /TP C210 /TB SEV,SEV,,8500.0,34.29814921706793,-117.7788421773336,2019-02-12 21:40:00,5.0,1,L,0.6
T,B738M,PRC UUA /OV DRK242025/TM 2143/FL300/TP B738M/TB SEV/RM ZAB/FDCS,SEV,,30000.0,34.50437100415812,-112.92751845358836,2019-02-12 21:43:00,5.0,1,U,0.6
F,B772,UUA /OV YYB 010070 /TM 2200 /FL290 /TP B772 /TB SEV,SEV,,29000.0,47.49903544293997,-79.1364750650621,2019-02-12 22:00:00,5.0,1,H,1.0
F,A333,UUA /OV 4710N06530W /TM 2217 /FL400 /TP A333 /TB SEV,SEV,,40000.0,47.1666,-65.5,2019-02-12 22:17:00,5.0,1,H,1.0
T,BE40,DEN UUA /OV BJC320015/TM 2235/FL140/TP BE40/TB SEV/RM 140-130,SEV,,14000.0,40.10033662319523,-105.32670236501252,2019-02-12 22:35:00,5.0,1,M,0.8
F,B789,UUA /OV 4824N06555W /TM 2255 /FL400 /TP B789 /TB SEV,SEV,,40000.0,48.4,-65.9166,2019-02-12 22:55:00,5.0,1,U,0.6
T,BE58,MGM UUA /OV 10 E K MGM/TM 2340/FL060/TP BE58/TB MDT-SEV/RM LOOSE ITEMS FLYING AROUND CABIN,MDT-SEV,,6000.0,32.30064,-86.39397,2019-02-12 23:40:00,5.0,1,L,0.6
T,M20T,SJC UUA /OV SJC090010/TM 2355/FL070/TP M20T/TB SEV,SEV,,7000.0,37.3594,-121.71471847761018,2019-02-12 23:55:00,5.0,1,L,0.6
F,A330,UUA /OV CFX5 200080 /TM 0000 /FL350 /TP A330 /TB SEV /RM FIX POINT GELLS,SEV,,35000.0,51.476975018714256,-72.97311266103671,2019-02-13 00:00:00,5.0,1,L,0.6
T,S22T,SLK UUA /OV SLK060010/TM 0112/FL060/TP S22T/TB SEV-EXTRM,SEV-EXTRM,,6000.0,44.46865008334008,-74.00420462787375,2019-02-13 01:12:00,6.0,1,U,0.6
F,B748,UUA /OV 4933N06005W /TM 0155 /FL350 /TP B748 /TB SEV,SEV,,35000.0,49.55,-60.833,2019-02-13 01:55:00,5.0,1,U,0.6
F,B787,UUA /OV 5030N05200W /TM 0538 /FL350 /TP B787 /TB SEV /RM SEV TURB120NM W OF ALLRY (5030N052W) E/B,SEV,,35000.0,50.5,-52.0,2019-02-13 05:38:00,5.0,1,U,0.6
F,A330,UUA /OV CYAY /TM 0543 /FL390 /TP A330 /TB SEV /RM 70NM W OF CYAY,SEV,,39000.0,51.3906,-56.0856,2019-02-13 05:43:00,5.0,1,L,0.6
T,BE9L,FAT UUA /OV CZQ314015/TM 0552/FL130/TP BE9L/TB SEV/RM FROM 13 000 TO 11 000 DESCENT...ZOA FD,SEV,,13000.0,37.05367865946082,-120.0448416323541,2019-02-13 05:52:00,5.0,1,L,0.6
T,BE20,DEN UUA /OV DEN280030/TM 0645/FL140/TP BE20/TB SEV/RM TB SEV DURD 140-120 TB MOD DURD 160,SEV,,14000.0,39.91963112159169,-105.29877215552776,2019-02-13 06:45:00,5.0,1,M,0.8
T,MD11,SME UUA /OV LVT080040/TM 1020/FL340/TP MD11/TB SEV/RM LASTED 10 SECONDS CLIMBING THRU FL340 ZTLFD,SEV,,34000.0,36.69577482878892,-84.35235268691095,2019-02-13 10:20:00,5.0,1,H,1.0
T,B777,ELM UUA /OV ULW200020/TM 1020/FL340/TP B777/TB SEV,SEV,,34000.0,41.77674375467857,-77.17364108460026,2019-02-13 10:20:00,5.0,1,H,1.0
T,B77L,ELM UUA /OV ULW235010/TM 1020/FL340/TP B77L/TB SEV/RM SPEED CHANGE +25/-20 320 BETTER RIDE,SEV,,34000.0,41.9943961839852,-77.20398829863254,2019-02-13 10:20:00,5.0,1,U,0.6
F,BE20,BJC UA /OV BJC330030/TM 1321/FL160/TP BE20/TB SEV DURD/RM TB MOD 150-SFC,SEV DURD,,16000.0,40.34185777595615,-105.44313337827184,2019-02-13 13:21:00,5.0,1,M,0.8
T,C501,TRI UUA /OV HMV180020/TM 1416/FL260/TP C501/TB SEV/RM NO DAMAGE OR INJURIES REPORTED/ ZTLFD,SEV,,26000.0,36.10663966663967,-82.13,2019-02-13 14:16:00,5.0,1,L,0.6
T,BE36,AVL UUA /OV AVL230008/TM 1510/FL080/TP BE36/TB SEV,SEV,,8000.0,35.346228043262,-82.66286443008447,2019-02-13 15:10:00,5.0,1,L,0.6
F,E175,COS UA /OV 10 NE COS/TM 1517/FL080/TP E175/TB SEV/RM MOD-SEV TURB 080-FL180,SEV,,8000.0,38.92367067614885,-104.54953587730188,2019-02-13 15:17:00,5.0,1,U,0.6
T,C208,SJC UUA /OV HYP170017/TM 1521/FL070/TP C208/TB SEV TURB,SEV TURB,,7000.0,36.940948535286005,-120.3382102987956,2019-02-13 15:21:00,5.0,1,L,0.6
F,B737,OAK UA /OV SGD/TM 1530/FL050/TP B737/WX +RA/TB SEV TURB,SEV TURB,,5000.0,38.18,-122.37,2019-02-13 15:30:00,5.0,1,M,0.8
T,BE30,HKY UUA /OV BZM270010/TM 1549/FL080/TP BE30/TB SEV/RM NO DAMAGE NO INJURIES ZTLFD,SEV,,8000.0,35.87,-81.44568947277503,2019-02-13 15:49:00,5.0,1,L,0.6
T,BE30,HKY UUA /OV BZM270010/TM 1549/FL035/TP BE30/TB SEV/RM NO DAMAGE NO INJURIES ZTLFD,SEV,,3500.0,35.87,-81.44568947277503,2019-02-13 15:49:00,5.0,1,L,0.6
T,C172,FNL UUA /OV FNL045005 /TM 1600 /FL075 /TP C172 /TB SEV 067-075,SEV 067-075,,7500.0,40.51076033807443,-104.9338970588006,2019-02-13 16:00:00,5.0,1,L,0.6
F,C182,COS UA /OV COS/TM 1606/FL120/TP C182/TB SEV/RM MOD TURB ALL SECTORS,SEV,,12000.0,38.80581,-104.70078,2019-02-13 16:06:00,5.0,1,L,0.6
T,C172,APA UUA /OV APA 180020/TM 1701/FL088/TP C172/TB MDT - SEV,MDT - SEV,,8800.0,39.23663966663967,-104.85,2019-02-13 17:01:00,5.0,1,L,0.6
F,B190,UUA /OV CYQB 070050 /TM 1731 /FL220 /TP B190 /TB MDT-SEV 220 /RM TURB LGT-MDT 180  LGT 160-180,MDT-SEV 220,,22000.0,47.07614987248749,-70.24949162821646,2019-02-13 17:31:00,5.0,1,M,0.8
F,B190,UUA /OV CYQB 070050 /TM 1731 /FL200 /TP B190 /TB MDT-SEV 200 /RM TURB LGT-MDT 180  LGT 160-180 CORR COPY,MDT-SEV 200,,20000.0,47.07614987248749,-70.24949162821646,2019-02-13 17:31:00,5.0,1,M,0.8
T,BE40,SDB UUA /OV PMD130041 /TM 1734 /FL210 /TP BE40 /TB SEV/RM AWC-WEB,SEV,,21000.0,34.19011622171776,-117.4483352646783,2019-02-13 17:34:00,5.0,1,M,0.8
T,C208,ACV UUA /OV ACV140006/TM 1734/FL030/TP C208/TB SEV 030/RM DURD 030-025* ..ZSE,SEV 030,,3000.0,40.90149935072191,-124.02346118056246,2019-02-13 17:34:00,5.0,1,L,0.6
T,HXB,LMO UUA /OV 5 NM LMO/TM 1740/FL085/TP HXB/TB SEV,SEV,,8500.0,40.16367,-105.16304,2019-02-13 17:40:00,5.0,1,U,0.6
T,C560,CEW UUA /OV CEW115085/TM 1813/FL255/TP C560/TB INTMT SEV/RM LOST 500FT,INTMT SEV,,25500.0,30.181242300373317,-85.02543316463179,2019-02-13 18:13:00,5.0,1,M,0.8
T,C50,ATL UUA /OV ATL270070/TM 1844/FL310/TP C50/TB SEV CAT 310/RM LOSS OF CONTROL FOR 10 SECONDS NO DAMAGE OR INJURIES REPORTED/ ZTLFD,SEV CAT 310,,31000.0,33.6301,-85.84309541275199,2019-02-13 18:44:00,5.0,1,U,0.6
T,E175,MOD UUA /OV MOD075060/TM 1903/FL310/TP E175/TB SEV 310-325/RM ZOA CWSU,SEV 310-325,,31000.0,37.88466000946614,-119.7347403871654,2019-02-13 19:03:00,5.0,1,U,0.6
T,EA50,DEN UUA /OV DEN320035/TM 1930/FL130/TP EA50/TB SEV/RM 130-140,SEV,,13000.0,40.279695454122205,-105.14582078532518,2019-02-13 19:30:00,5.0,1,U,0.6
T,BE36,CPR UUA /OV DDY213048/TM 2023/FL120/TP BE36/TB SEV/RM ZDV,SEV,,12000.0,42.419009199736514,-106.87668293549672,2019-02-13 20:23:00,5.0,1,L,0.6
T,EA50,MXF UUA /OV MGM155040/TM 2032/FL340/TP EA50/TB SEV/RM LOSS 100FT DWNDRAFT/60KT RT CORNER TURN/TEMP LOSS CNTRL/NO DAMAGES OR INJ-ZTLFD,SEV,,34000.0,31.696385867972797,-86.0606172945001,2019-02-13 20:32:00,5.0,1,U,0.6
T,E75S,MOD UUA /OV MOD065061/TM 2033/FL340/TP E75S/TB SEV/RM ZOA CWSU,SEV,,34000.0,38.05551670208503,-119.79094707168404,2019-02-13 20:33:00,5.0,1,U,0.6
T,E75L,MOD UUA /OV MOD065061/TM 2034/FL350/TP E75L/TB SEV/RM ZOA CWSU,SEV,,35000.0,38.05551670208503,-119.79094707168404,2019-02-13 20:34:00,5.0,1,U,0.6
T,E75S,RNO UUA /OV MOD065061/TM 2034/FL310/TP E75S/TB SEV/RM TWO FLIGHT ATTENDANTS INCAPACITATED. POSSIBLE DAMAGE TO AIRCRAFT. DIVERTED TO RNO. CORRECTED PREVIOUS PIREP OF FL WITH ADDITIONAL INFORMATION...ZOA CWSU,SEV,,31000.0,38.05551670208503,-119.79094707168404,2019-02-13 20:34:00,5.0,1,U,0.6
T,M20P,VRB UUA /OV MLB250008/TM 2036/FL100/TP M20P/TB SEV/RM MLB DESC 800FT,SEV,,10000.0,28.057143620402,-80.78730953324335,2019-02-13 20:36:00,5.0,1,L,0.6
F,BE20,UUA /OV CYSJ 300010 /TM 2053 /FL030 /TP BE20 /TB SEV,SEV,,3000.0,45.401400083340086,-66.09084340447326,2019-02-13 20:53:00,5.0,1,M,0.8
T,H25,RNO UUA /OV TVL230040/TM 2056/FL280/TP H25/TB SEV INTMT CHOP/RM KICKED AUTO PILOT OFF. CAUSED 60 DEGREE BANK...ZOA CWSU,SEV INTMT CHOP,,28000.0,38.46532021631001,-120.65155348545336,2019-02-13 20:56:00,5.0,1,M,0.8
T,B739,GRD UUA /OV IRQ360005/TM 2116/FL370/TP B739/TB SEV INTMT/RM NO DAMAGES OR INJ REPORTED- ZTLFD,SEV INTMT,,37000.0,33.793340083340084,-82.16,2019-02-13 21:16:00,5.0,1,M,0.8
T,M20P,VRB UUA /OV MLB250008/TM 2131/FL100/TP M20P/TB SEV/RM MLB DESC 800FT,SEV,,10000.0,28.057143620402,-80.78730953324335,2019-02-13 21:31:00,5.0,1,L,0.6
T,E75L,FAT UUA /OV CZQ160015/TM 2151/FL330/TP E75L/TB SEV CHOP/RM FOR ABOUT 30 SECONDS SOUTH BOUND...ZOA CWSU,SEV CHOP,,33000.0,36.64505781600893,-119.71309590921128,2019-02-13 21:51:00,5.0,1,U,0.6
T,C25B,WRB UUA /OV MCN/TM 2155/FL310/TP C25B/TB SEV/RM NO DAMAGE OR INJ/ ZTLFD,SEV,,31000.0,32.69285,-83.64921,2019-02-13 21:55:00,5.0,1,U,0.6
T,PA18,AZK UUA /OV AZK /TM 2210 /FL040 /TP PA18 /TB SEV /RM +SN TAHNETA PASS,SEV,,4000.0,61.94,-147.17,2019-02-13 22:10:00,5.0,1,L,0.6
T,PA18,AZK UUA /OV AZK /TM 2210 /FL040 /TP PA18 /TB SEV /RM +SN TAHNETAPASS,SEV,,4000.0,61.94,-147.17,2019-02-13 22:10:00,5.0,1,L,0.6
T,B738,SJC UUA /OV SJC180004/TM 2217/FL050/TP B738/TB SEV 050-040/RM DURD,SEV 050-040,,5000.0,37.29272793332793,-121.92442,2019-02-13 22:17:00,5.0,1,M,0.8
T,B737,SJC UUA /OV SJC160012/TM 2236/FL001/TP B737/SK 025-TOP040/TB SEV 001-050/RM BETTER ABOVE 050. DURC RWY 12L SJC.,SEV 001-050,,100.0,37.17144625280714,-121.83835342630796,2019-02-13 22:36:00,5.0,1,M,0.8
T,B737,SJC UUA /OV SJC160012/TM 2236/FL001/TP B737/SK 025-TOP040/TB SEV 001-050/RM BETTER ABOVE 050. DURC RWY 12L SJC,SEV 001-050,,100.0,37.17144625280714,-121.83835342630796,2019-02-13 22:36:00,5.0,1,M,0.8
T,UH60,COS UUA /OV 5M W AFF/TM 2250/FL080/TP UH60/TB SEV TB,SEV TB,,8000.0,38.80581,-104.70078,2019-02-13 22:50:00,5.0,1,U,0.6
T,PRM1,SMF UUA /OV HNW070030/TM 2300/FL220/TP PRM1/TB SEV/RM 220-120 DURD,SEV,,22000.0,38.89102392349249,-120.14774791675237,2019-02-13 23:00:00,5.0,1,L,0.6
T,PRM1,AUN UUA /OV HNW090030/TM 2303/FL220/TP PRM1/TB SEV CAT 220-100/RM ZOA CWSU,SEV CAT 220-100,,22000.0,38.72,-120.10909671958056,2019-02-13 23:03:00,5.0,1,L,0.6
T,R22,TTW UUA /OV TTW /TM 2310 /FL025 /TP R22 /WV 32045KT /TB SEV /RMOVER HONOLULU WIND 32035KT-32045KT FL025-055. TURB MOD-SEV,SEV,,2500.0,63.39,-148.95,2019-02-13 23:10:00,5.0,1,L,0.6
T,R22,TTW UUA /OV TTW /TM 2310 /FL025 /TP R22 /WV 32045KT /TB SEV /RM OVER HONOLULU WIND 32035KT-32045KT FL025-055. TURB MOD-SEV,SEV,,2500.0,63.39,-148.95,2019-02-13 23:10:00,5.0,1,L,0.6
T,UH60,AFF UUA /OV AFF270005/TM 2316/FL080/TP UH60/TB SEV,SEV,,8000.0,38.96972,-104.92002279028232,2019-02-13 23:16:00,5.0,1,U,0.6
T,E190,GSO UUA /OV GSO015010/TM 2337/FL300/TP E190/TB SEV,SEV,,30000.0,36.25850067772654,-79.89021993918628,2019-02-13 23:37:00,5.0,1,U,0.6
T,E190,GSO UUA /OV GSO320020/TM 2339/FL300/TP E190/TB SEV 300/RM AC RPTD BORDERLINE SEV NO DMG OR INJ-ZTLFD,SEV 300,,30000.0,36.35286883092697,-80.20880276862242,2019-02-13 23:39:00,5.0,1,U,0.6
T,B737,SAV UUA /OV SAV/TM 2355/FL260/TP B737/TB SEV,SEV,,26000.0,32.12758,-81.20214,2019-02-13 23:55:00,5.0,1,M,0.8
T,B737,SSI UUA /OV SSI017066/TM 2355/FL240/TP B737/TB SEV/IC NEG,SEV,,24000.0,32.2042404383983,-81.01499867747846,2019-02-13 23:55:00,5.0,1,M,0.8
F,B737,SSI UA /OV SSI017066/TM 2355/FL240/TP B737/TB SEV,SEV,,24000.0,32.2042404383983,-81.01499867747846,2019-02-13 23:55:00,5.0,1,M,0.8
T,SF50,SSI UUA /OV SAV/TM 0007/FL270/TP SF50/TB OCNL SEV,OCNL SEV,,27000.0,32.12758,-81.20214,2019-02-14 00:07:00,5.0,1,U,0.6
T,SF50,SSI UUA /OV SSI015065/TM 0008/FL270/TP SF50/TB OCNL SEV/RM NO INJURIES,OCNL SEV,,27000.0,32.19872440522251,-81.06317010788632,2019-02-14 00:08:00,5.0,1,U,0.6
T,C550,LMO UUA /OV DEN315030 /TM 0010 /FL110 /TP C550 /TB SEV 110-090,SEV 110-090,,11000.0,40.18638202844655,-105.11794305436553,2019-02-14 00:10:00,5.0,1,L,0.6
T,C550,LMO UUA /OV DEN315030 /TM 0010 /FL110 /TP C550 /TB SEV,SEV,,11000.0,40.18638202844655,-105.11794305436553,2019-02-14 00:10:00,5.0,1,L,0.6
T,BE20,EIK UUA /OV DEN315015 /TM 0015 /FL110 /TP BE20 /TB SEV,SEV,,11000.0,40.00959101422328,-104.88772152718276,2019-02-14 00:15:00,5.0,1,M,0.8
T,A320,AMG UUA /OV AMG170020/TM 0023/FL240/TP A320/TB SEV,SEV,,24000.0,31.207764159160007,-82.43864182926748,2019-02-14 00:23:00,5.0,1,M,0.8
T,C75,DAB UUA /OV DAB220060/TM 0038/FL240/TP C75/TB SEV,SEV,,24000.0,28.41381350721908,-81.79433858148599,2019-02-14 00:38:00,5.0,1,U,0.6
T,A320,SSI UUA /OV SAV165050/TM 0050/FL240/TP A320/TB SEV,SEV,,24000.0,31.322576611367303,-80.94743618536057,2019-02-14 00:50:00,5.0,1,M,0.8
T,A321,SSI UUA /OV SAV180070/TM 0053/FL290/TP A321/TB SEV,SEV,,29000.0,30.96081883323884,-81.20214,2019-02-14 00:53:00,5.0,1,M,0.8
T,A320,SSI UUA /OV SAV180080/TM 0055/FL310/TP A320/TB SEV,SEV,,31000.0,30.79413866655867,-81.20214,2019-02-14 00:55:00,5.0,1,M,0.8
T,CRJ,SSI UUA /OV SSI140040/TM 0120/FL230/TP CRJ/TB CONT SEV 230,CONT SEV 230,,23000.0,30.64148233814605,-80.89005667753396,2019-02-14 01:20:00,5.0,1,M,0.8
T,E45X,AVC UUA /OV FAK200037 /TM 0122 /FL350 /TP E45X /TB SEV,SEV,,35000.0,36.95047594615534,-78.09597772187641,2019-02-14 01:22:00,5.0,1,M,0.8
T,E45,LYH UUA /OV FAK200037/TM 0122/FL350/TP E45/TB SEV,SEV,,35000.0,36.95047594615534,-78.09597772187641,2019-02-14 01:22:00,5.0,1,U,0.6
T,A320,GNV UUA /OV CTY270025/TM 0159/FL290/TP A320/TB SEV,SEV,,29000.0,29.63553,-83.58416319429729,2019-02-14 01:59:00,5.0,1,M,0.8
T,B744,CDC UUA /OV EHK237013 /TM 0204 /FL280 /TP B744 /TB SEV /RM ZLAWC AWC-WEB,SEV,,28000.0,37.7,-113.1,2019-02-14 02:04:00,5.0,1,H,1.0
T,E75,PTV UUA /OV TTE320015/TM 0316/FL130/TP E75/TB SEV 130-100/RM NB LANDING AT KFAT...ZOA CWSU,SEV 130-100,,13000.0,36.10152662319523,-119.21842217990628,2019-02-14 03:16:00,5.0,1,U,0.6
T,B737,LAX UUA /OV 3819N 12202W/TM 0403/FL280/TP B737/TB SEV/RM ZOA CWSU,SEV,,28000.0,38.3166,-122.333,2019-02-14 04:03:00,5.0,1,M,0.8
T,E75L,RNO UUA /OV FMG160060/TM 0453/FL310/TP E75L/TB SEV/RM 60 MILES SOUTH OF RENO E75L REPORTED SEV TURB AT FL310...ZOA FD,SEV,,31000.0,38.590231264035694,-119.2165258025269,2019-02-14 04:53:00,5.0,1,U,0.6
T,C560,SCK UUA /OV LIN090050/TM 0503/FL310/TP C560/TB SEV/RM C560 REPORTED SEV TURB NO DAMAGE NO INJURIES...ZOA FD,SEV,,31000.0,38.07,-119.94138790524916,2019-02-14 05:03:00,5.0,1,M,0.8
T,ASTR,IPL UUA /OV IPL075025 /TM 0740 /FL200 /TP ASTR /TB OCNL SEV 200 /RM TURBULENCE MODERATE WITH OCCASIONAL SEVERE SMOOTHING OUT PASSING F180. AWC-WEB,OCNL SEV 200,,20000.0,32.942070003944224,-115.09970984580144,2019-02-14 07:40:00,5.0,1,M,0.8
T,CRJ9,HTH UUA /OV HTH/TM 1416/FL278/TP CRJ9/TB OCNL SEV 278/RM ZOA CWSU,OCNL SEV 278,,27800.0,38.5448,-118.6315,2019-02-14 14:16:00,5.0,1,U,0.6
F,E75L,RNO UA /OV FMG200020/TM 1626/FL200/TP E75L/TB SEV 200/RM ZOA CWSU,SEV 200,,20000.0,39.21674375467857,-119.80782473249104,2019-02-14 16:26:00,5.0,1,U,0.6
T,A319,BIH UUA /OV BIH320060/TM 1628/FL200/TP A319/TB SEV/RM ZOA CWSU,SEV,,20000.0,38.13921649278092,-119.17251903530776,2019-02-14 16:28:00,5.0,1,M,0.8
T,BE33,BJC UUA /OV 1 N OF BJC/TM 1635/FL065/TP BE33/TB INTERMITTENT SEV TURB/RM 1 N OF BJC BE33 REPORTED INTERMITTENT SEV TURB AT 065,INTERMITTENT SEV TURB,,6500.0,39.925478016668016,-105.11719,2019-02-14 16:35:00,5.0,1,L,0.6
T,EA50,EDW UUA /OV BIH/TM 1653/FL175/TP EA50/TB SEV/RM DURD BIH,SEV,,17500.0,37.37311,-118.36361,2019-02-14 16:53:00,5.0,1,U,0.6
T,PC12,BIH UUA /OV BIH220065/TM 1729/FL190/TP PC12/TB SEV-EXTRM/RM ZOA CWSU,SEV-EXTRM,,19000.0,36.54316129948733,-119.2399281215834,2019-02-14 17:29:00,6.0,1,L,0.6
T,CL35,OAK UUA /OV PXN300015/TM 1905/FL180/TP CL35/TB SEV/RM DURD,SEV,,18000.0,36.84501012501013,-121.05012575625598,2019-02-14 19:05:00,5.0,1,U,0.6
T,GL5T,BFL UUA /OV EHF290023 /TM 2012 /FL230 /TP GL5T /TB SEV /RM AUTOPILOT DISENGAGED/INCREASED BANK ANGLE.....ZLAWC AWC-WEB,SEV,,23000.0,35.61111834134424,-119.54238811604966,2019-02-14 20:12:00,5.0,1,U,0.6
T,BE40,PRB UUA /OV AVE070015/TM 2013/FL240/TP BE40/TB SEV 240-227/RM ZOA CWSU,SEV 240-227,,24000.0,35.73551196174624,-119.6908732883091,2019-02-14 20:13:00,5.0,1,M,0.8
T,H25B,BFL UUA /OV EHF /TM 2022 /FL280 /TP H25B /TB SEV-EXTRM /RM SOUTH BOUND LOST 2000FT.......ZLAWC AWC-WEB,SEV-EXTRM,,28000.0,35.48,-119.1,2019-02-14 20:22:00,6.0,1,M,0.8
T,B738,LNK UUA /OV LNK/TM 2035/FL350/TP B738/TB SEV CAT,SEV CAT,,35000.0,40.84782,-96.76474,2019-02-14 20:35:00,5.0,1,M,0.8
T,C510,MAE UUA /OV PXN120010/TM 2121/FL200/TP C510/TB SEV/RM ZOA CWSU,SEV,,20000.0,36.63665991665992,-120.59991616249602,2019-02-14 21:21:00,5.0,1,U,0.6
T,B737,GRI UUA /OV GRI210050/TM 2238/FL390/TP B737/TB SEV,SEV,,39000.0,40.24579370673976,-98.86150177394092,2019-02-14 22:38:00,5.0,1,M,0.8
F,CRJ7,DSM UA /OV LMN/TM 2300/FL330/TP CRJ7/TB OCNL SEV CHOP,OCNL SEV CHOP,,33000.0,40.6,-93.97,2019-02-14 23:00:00,5.0,1,M,0.8
T,A321,SBA UUA /OV FLW /TM 2348 /FL250 /TP A321 /TB SEV /RM DURD IVINS1....ZLAWC AWC-WEB,SEV,,25000.0,35.09,-119.87,2019-02-14 23:48:00,5.0,1,M,0.8
T,A321,SUS UUA /OV FTZ180020/TM 2358/FL300/TP A321/TB SEV-EXTRM 300/ LEAVING 290 SMOOTHED OUT/RM ZKCFD,SEV-EXTRM 300,,30000.0,38.35663966663967,-90.97,2019-02-14 23:58:00,6.0,1,M,0.8
T,A320,MYNN UUA /OV ZQA260070/TM 0023/FL300/TP A320/SK TOPS EST FL180/TB SEV FL270/RM MOD TURB BTN FL300-250 DURD,SEV FL270,,30000.0,24.79739404961938,-78.71782033584525,2019-02-15 00:23:00,5.0,1,M,0.8
T,H,MYNN UUA /OV ZQA250085/TM 0035/FL310/TP H/763/TB SEV/RM NO DAMAGE FL310-290,SEV,,31000.0,24.51543221677128,-78.91897010227527,2019-02-15 00:35:00,5.0,1,L,0.6
T,E195,MYNN UUA /OV ZQA/TM 0040/FL290/TP E195/TB SEV/RM NO DAMAGE OR INJURIES,SEV,,29000.0,25.0,-77.45,2019-02-15 00:40:00,5.0,1,U,0.6
T,C56X,PRB UUA /OV AVE092050 /TM 0108 /FL290 /TP C56X /TB SEV 290-250 DESCENDING/RM AWC-WEB,SEV 290-250 DESCENDING,,29000.0,35.62091473036286,-118.95501737228211,2019-02-15 01:08:00,5.0,1,M,0.8
F,MD11,ONT UA /OV ONT250035/TM 0145/FL120/TP MD11/TB SEV/RM MOD-SEV TURBULANCE BETWEEN 120-110,SEV,,12000.0,33.85647208925876,-118.26287331818877,2019-02-15 01:45:00,5.0,1,H,1.0
F,A333,UUA /OV 4600N03000W /TM 0405 /FL370 /TP A333 /TB MDT - SEV /RM44N040W - 46N030W,MDT - SEV,,37000.0,46.0,-30.0,2019-02-15 04:05:00,5.0,1,H,1.0
T,B737,LAX UUA /OV 3611N 12047W /TM 0636 /FL300 /TP B737 /TB SEV /RM F260-F300 SEVERE TURBULENCE AWC-WEB,SEV,,30000.0,36.1833,-120.7833,2019-02-15 06:36:00,5.0,1,M,0.8
T,MD11,PRC UUA /OV DRK180030/TM 1510/FL370/TP MD11/TB SEV/RM ZAB/FDCS,SEV,,37000.0,34.199959499959505,-112.48,2019-02-15 15:10:00,5.0,1,H,1.0
T,MD11,PRC UUA /OV DRK215035/TM 1526/FL350/TP MD11/TB SEV/RM ZAB/FDCS,SEV,,35000.0,34.222122602525296,-112.88700088956712,2019-02-15 15:26:00,5.0,1,H,1.0
T,A333,MCG UUA /OV MCG273072/TM 1648/FL370/TP A333/TB SEV/RM ZAN,SEV,,37000.0,63.01280823455157,-158.23530598824058,2019-02-15 16:48:00,5.0,1,H,1.0
T,TBM,SWO UUA /OV SWO/TM 1705/FL200/TP TBM/TB SEV /RM ZKCFD/S2,SEV,,20000.0,36.16122,-97.08569,2019-02-15 17:05:00,5.0,1,L,0.6
F,TBM,SWO UA /OV SWO/TM 1705/FL200/TP TBM/TB SEV /RM ZKCFD/S2,SEV,,20000.0,36.16122,-97.08569,2019-02-15 17:05:00,5.0,1,L,0.6
T,PC12,AMA UUA /OV AMA075060/TM 1759/FL200/TP PC12/TB SEV/RM ZAB/FDCS,SEV,,20000.0,35.47820000946614,-100.52346822874796,2019-02-15 17:59:00,5.0,1,L,0.6
T,C414,FST UUA /OV FST/TM 1816/FL150/TP C414/TB SEV MTN WAVE +-60KTS +-200FT/RM ZAB/FDCS,SEV MTN WAVE +-60KTS +-200FT,,15000.0,30.91194,-102.91667,2019-02-15 18:16:00,5.0,1,L,0.6
T,A319,LAA UUA /OV LAA175045/TM 1855/FL260/TP A319/TB SEV/RM ZDV,SEV,,26000.0,37.322793457542765,-102.60502228894028,2019-02-15 18:55:00,5.0,1,M,0.8
T,C680,JAX UUA /OV CRG020045/TM 2004/FL290/TP C680/TB SEV/RM DURD,SEV,,29000.0,31.04092655197323,-81.21746610520509,2019-02-15 20:04:00,5.0,1,U,0.6
T,C172,DEN UUA /OV DEN248026/TM 2024/FL070/TP C172/TB SEV /RM SEV TURB BLW 070,SEV,,7000.0,39.670457327481856,-105.18074956711664,2019-02-15 20:24:00,5.0,1,L,0.6
T,C210,PSP UUA /OV PSP/TM 2150/FL035/TP C210/TB SEV/RM COR SA-ID AND MSG TYPE. ZLA CWSU,SEV,,3500.0,33.82967,-116.50669,2019-02-15 21:50:00,5.0,1,L,0.6
F,PA31,UUA /OV CYUL 050010 /TM 2203 /FL080 /TP PA31 /TB MDT-SEV /IC MDT MXD,MDT-SEV,,8000.0,45.575409945922495,-73.55932289618448,2019-02-15 22:03:00,5.0,1,L,0.6
T,TMB9,BJC UUA /OV 150008/TM 2233/FL130/TP TMB9/TB SEV/RM SEV TB SFC-130 CLIMBOUT RWY 30R,SEV,,13000.0,39.90881,-105.11719,2019-02-15 22:33:00,5.0,1,U,0.6
T,TBM,DEN UUA /OV DEN260015/TM 2234/FL120/TP TBM/TB SEV,SEV,,12000.0,39.78938443920415,-104.97813607776388,2019-02-15 22:34:00,5.0,1,L,0.6
T,C210,TRM UUA /OV TRM265020 /TM 2328 /FL095 /TP C210 /TB SEV/RM AWC-WEB,SEV,,9500.0,33.59761573254337,-116.55850070826187,2019-02-15 23:28:00,5.0,1,L,0.6
T,C560,SLC UUA /OV TCH350013/TM 0128/FL095/TP C560/TB SEV/RM 15-20 MILE FINAL RWY 35 SLC,SEV,,9500.0,41.063392296546,-112.02974299067208,2019-02-16 01:28:00,5.0,1,M,0.8
T,PC12,EKO UUA /OV LWL190010/TM 0328/FL130/TP PC12/TB SEV FL130-150 /ZLC,SEV FL130-150,,13000.0,40.94585207958001,-114.95841497002456,2019-02-16 03:28:00,5.0,1,L,0.6
T,CRJ2,LBL UUA /OV LBL310040/TM 1447/FL280/TP CRJ2/TB SEV CAT /RM ZKCFD/ ALMOST SEV,SEV CAT,,28000.0,37.47277978369,-101.59974517422827,2019-02-16 14:47:00,5.0,1,M,0.8
T,CRJ9,BKW UUA /OV AZQ040030/TM 1537/FL350/TP CRJ9/TB EXTRM/RM +/- 300FT,EXTRM,,35000.0,37.77305324639046,-82.85545437652586,2019-02-16 15:37:00,7.0,1,U,0.6
T,GLF5,MYNN UUA /OV GTK130100/TM 1652/FL390/TP GLF5/TB SEV,SEV,,39000.0,20.258600540775014,-69.7792614940897,2019-02-16 16:52:00,5.0,1,M,0.8
T,E170,CHO UUA /OV GVE/TM 2304/FL340/TP E170/TB SEV 340-330,SEV 340-330,,34000.0,38.156,-78.1658,2019-02-16 23:04:00,5.0,1,U,0.6
T,E75L,TBN UUA /OV MAP090050/TM 0008/FL240/TP E75L/TB SEV/RM ZKC FDC,SEV,,24000.0,37.59,-90.73825225594894,2019-02-17 00:08:00,5.0,1,U,0.6
F,B777,SJU UA /OV BQN151080/TM 1509/FL330/TP B777/TB SEV,SEV,,33000.0,17.323745931457974,-66.4383472301063,2019-02-17 15:09:00,5.0,1,H,1.0
F,GLEX,IAD UA /OV AML050015/TM 1830/FL100/TP GLEX/TB MDT-SEV 100-130,MDT-SEV 100-130,,10000.0,39.09070991888375,-77.22379468190938,2019-02-17 18:30:00,5.0,1,M,0.8
T,B777,EHM UUA /OV EHM228070/TM 1954/FL330/TP B777/TB SEV/RM FL300 SMOOTH ZAN,SEV,,33000.0,57.85928439300913,-163.72612190810102,2019-02-17 19:54:00,5.0,1,H,1.0
T,B788,SDP UUA /OV 4530N 15300W/TM 2357/FL370/TP B788/TB SEV 370/RM ZOA CWSU,SEV 370,,37000.0,45.5,-153.0,2019-02-17 23:57:00,5.0,1,U,0.6
T,B752,IPT UUA /OV FQM117020/TM 0033/FL220/TP B752/TB SEV/RM 230-190,SEV,,22000.0,41.1886575756644,-76.37438868813807,2019-02-18 00:33:00,5.0,1,M,0.8
T,BE9L,SDB UUA /OV LHS /TM 0109 /FL130 /TP BE9L /TB SEV /RM ZLATMUWC AWC-WEB,SEV,,13000.0,34.68,-118.58,2019-02-18 01:09:00,5.0,1,L,0.6
F,C208,BHM UA /OV TDG180015/TM 0130/FL060/TP C208/TB EXTRM TURB 060,EXTRM TURB 060,,6000.0,33.32997974997975,-86.04,2019-02-18 01:30:00,7.0,1,L,0.6
T,C550,SDB UUA /OV FIM300020 /TM 0139 /FL240 /TP C550 /TB SEV 240 /RM SEV JOLT AT FL240 ZLATMUWC AWC-WEB,SEV 240,,24000.0,34.526680166680165,-119.22972237184231,2019-02-18 01:39:00,5.0,1,L,0.6
T,C208,GAD UUA /OV GAD/TM 0140/FL060/TP C208/TB SEV-EXTRM CAT/RM NO DAMAGE NO INJURIES ZTLFD,SEV-EXTRM CAT,,6000.0,33.97265,-86.08908,2019-02-18 01:40:00,6.0,1,L,0.6
T,A320,POU UUA /OV IGN227020/TM 0240/FL200/TP A320/TB SEV CAT/RM OVER LOLLY JFK ARR,SEV CAT,,20000.0,41.442648799338365,-74.14638387502825,2019-02-18 02:40:00,5.0,1,M,0.8
T,A320,MGJ UUA /OV HOU080015/TM 0240/FL200/TP A320/TB SEV OCNL CHOP,SEV OCNL CHOP,,20000.0,29.680885560795847,-94.99916664468182,2019-02-18 02:40:00,5.0,1,M,0.8
T,A319,POU UUA /OV IGN320020/TM 0437/FL220/TP A319/TB SEV/RM DURD FL190-220,SEV,,22000.0,41.92536883092698,-74.10685916322727,2019-02-18 04:37:00,5.0,1,M,0.8
T,E145,CLT UUA /OV 10 NORTH CLT/TM 0515/FL040/TP E145/TB SEV/RM 040 THRU 080,SEV,,4000.0,35.389230166680164,-80.95431,2019-02-18 05:15:00,5.0,1,M,0.8
T,GLF6,CLT UUA /OV CLT/TM 0518/FL020/TP GLF6/TB SEV/RM 020 THRU 080,SEV,,2000.0,35.22255,-80.95431,2019-02-18 05:18:00,5.0,1,U,0.6
T,B757,BOS UUA /OV 4114N 05706W/TM 1053/FL380/TP B757/TB SEV,SEV,,38000.0,41.2333,-57.1,2019-02-18 10:53:00,5.0,1,M,0.8
T,B772,BOS UUA /OV 42N053W/TM 1458/FL390/TP B772/TB SEV,SEV,,39000.0,42.0,-53.0,2019-02-18 14:58:00,5.0,1,H,1.0
T,A388,BOS UUA /OV 40N050W/TM 1508/FL380/TP A388/TB SEV,SEV,,38000.0,40.0,-50.0,2019-02-18 15:08:00,5.0,1,U,0.6
T,C172,PIE UUA /OV LAL180030/TM 1752/FL080/TP C172/TB SEV,SEV,,8000.0,27.4888794999595,-82.01856,2019-02-18 17:52:00,5.0,1,L,0.6
T,SR22,LAL UUA /OV LAL250005/TM 1846/FL090/TP SR22/TB SEV,SEV,,9000.0,27.960416012751253,-82.10724704297549,2019-02-18 18:46:00,5.0,1,L,0.6
T,CRJ9,ILG UUA /OV OOD/TM 0111/FL180/TP CRJ9/TB SEV 170-180/RM KORY ARRIVAL,SEV 170-180,,18000.0,39.64,-75.3,2019-02-19 01:11:00,5.0,1,U,0.6
T,A321,HNL UUA /OV 150 E DRAYK/TM 0835/FL300/TP A321/TB SEV/RM FL300 AND FL310,SEV,,30000.0,21.31,-157.92,2019-02-19 08:35:00,5.0,1,M,0.8
T,E190,AUS UUA /OV CWK360030 /TM 1605 /FL300 /TP E190 /TB SEV 300-285 /RM FM ZHU AWC-WEB,SEV 300-285,,30000.0,30.8800405000405,-97.53,2019-02-19 16:05:00,5.0,1,U,0.6
T,BE9L,ELD UUA /OV ELD045040/TM 1644/FL180/TP BE9L/TB OCNL SEV/RM ZME,OCNL SEV,,18000.0,33.6924127045954,-92.24973341162416,2019-02-19 16:44:00,5.0,1,L,0.6
T,BE20,ELD UUA /OV ELD315040/TM 1721/FL140/TP BE20/TB SEV/RM COR LOC 40NW ELD/ZME,SEV,,14000.0,33.6924127045954,-93.37682658837583,2019-02-19 17:21:00,5.0,1,M,0.8
T,BE20,ELD UUA /OV ELD045040/TM 1721/FL140/TP BE20/TB SEV/RM ZME,SEV,,14000.0,33.6924127045954,-92.24973341162416,2019-02-19 17:21:00,5.0,1,M,0.8
T,SR20,VRB UUA /OV TRV270020/TM 1801/FL060/TP SR20/TB SEV 085,SEV 085,,6000.0,27.68,-80.8664419150138,2019-02-19 18:01:00,5.0,1,L,0.6
T,E75L,FSM UUA /OV FSM225060/TM 1920/FL350/TP E75L/TB CONT SEV/RM +/- 200FT AND 20KT/ZME,CONT SEV,,35000.0,34.6294159431069,-95.23430855496048,2019-02-19 19:20:00,5.0,1,U,0.6
T,E75L,FSM UUA /OV PGO /TM 1927 /FL350 /TP E75L /TB SEV/RM AWC-WEB,SEV,,35000.0,34.68,-94.61,2019-02-19 19:27:00,5.0,1,U,0.6
T,BE9L,FLG UUA /OV FLG038018/TM 0314/FL105/TP BE9L/TB SEV/RM ZAB/FDCS,SEV,,10500.0,35.37670237476247,-111.44633865450643,2019-02-20 03:14:00,5.0,1,L,0.6
T,A306,EVV UUA /OV HNB270303/TM 0453/FL230/TP A306/TB SEV CHOP 230,SEV CHOP 230,,23000.0,38.25,-93.38104567317164,2019-02-20 04:53:00,5.0,1,H,1.0
F,A388,UUA /OV 5820N03200W /TM 0706 /FL370 /TP A388 /TB MDT - SEV,MDT - SEV,,37000.0,58.3333,-32.0,2019-02-20 07:06:00,5.0,1,U,0.6
T,306,BNA UUA /OV BNA225065/TM 1309/FL370/TP 306/TB SEV/RM +/- 600 FT/ZME,SEV,,37000.0,35.35279560503248,-87.63754655466904,2019-02-20 13:09:00,5.0,1,U,0.6
T,C25A,MSL UUA /OV MSL /TM 1325/FL340/TP C25A/TB OCNL SEV/RM ZME,OCNL SEV,,34000.0,34.74385,-87.59962,2019-02-20 13:25:00,5.0,1,L,0.6
T,C25A,MSL UUA /OV MSL /TM 1325/FL340/TP C25A/TB OCNL SEV 340-350/RM ZME,OCNL SEV 340-350,,34000.0,34.74385,-87.59962,2019-02-20 13:25:00,5.0,1,L,0.6
T,BE99,ANK UUA /OV ANK/TM 1538/FL140/TP BE99/TB SEV-EXTREME/RM UNCONTROLLED DESCENT 1000FPM AT FULL POWER...ZDV,SEV-EXTREME,,14000.0,38.5382778,-106.0486389,2019-02-20 15:38:00,5.0,1,L,0.6
T,E75L,DEN UUA /OV DEN260043/TM 1540/FL230/TP E75L/TB SEV/RM FL230-FL240...ZDV,SEV,,23000.0,39.70834205905191,-105.57665675625644,2019-02-20 15:40:00,5.0,1,U,0.6
T,A320,DEN UUA /OV 45NM W DEN/TM 1610/FL230/TP A320/TB SEV /RM MOD/SEV TB 230-260,SEV,,23000.0,39.8328,-104.6575,2019-02-20 16:10:00,5.0,1,M,0.8
T,C56X,DEN UUA /OV FOOOT/TM 1654/FL200/TP C56X/TB SEV/RM ZDV,SEV,,20000.0,39.8328,-104.6575,2019-02-20 16:54:00,5.0,1,M,0.8
F,C56X,DEN UA /OV FOOOT/TM 1654/FL200/TP C56X/TB SEV/RM ZDV,SEV,,20000.0,39.8328,-104.6575,2019-02-20 16:54:00,5.0,1,M,0.8
T,C56X,DEN UUA /OV DEN280045/TM 1716/FL240/TP C56X/TB SEV/RM ZDV,SEV,,24000.0,39.96304668238754,-105.61940823329164,2019-02-20 17:16:00,5.0,1,M,0.8
T,CRJ9,MEI UUA /OV MEI090005/TM 1720/FL350/TP CRJ9/TB SEV/RM DURD FL350-FL330. NO DAMAGE OR INJURIES..//ZME FD TL,SEV,,35000.0,32.33475,-88.65243539772447,2019-02-20 17:20:00,5.0,1,U,0.6
T,C206,BFL UUA /OV TSP/TM 1735/FL055/TP C206/TB EXTRM,EXTRM,,5500.0,35.135,-118.43922,2019-02-20 17:35:00,7.0,1,L,0.6
T,C525,SDF UUA /OV IIU/TM 1903/FL130/TP C525/TB 130-150 SEV,130-150 SEV,,13000.0,38.1,-85.58,2019-02-20 19:03:00,5.0,1,L,0.6
F,C25B,SJC UA /OV SNS312028/TM 2021/FL120/TP C25B/TB SEV/RM 2 SEC SEV TURB DURD,SEV,,12000.0,36.975777572796346,-122.0416432277082,2019-02-20 20:21:00,5.0,1,U,0.6
T,A321,ATL UUA /OV RMG/TM 2305/FL250/TP A321/TB SEV 250/RM NO DAMAGE OR INJ -ZTLFD,SEV 250,,25000.0,34.34778,-85.16111,2019-02-20 23:05:00,5.0,1,M,0.8
F,B190,UUA /OV YVV 050030 /TM 0107 /FL160 /TP B190 /TB MDT-SEV 160,MDT-SEV 160,,16000.0,45.07141983776749,-80.56062921099398,2019-02-21 01:07:00,5.0,1,M,0.8
F,A330,UUA /OV CYUL 130050 /TM 0202 /FL240 /TP A330 /TB MDT-SEV 180-240,MDT-SEV 180-240,,24000.0,44.93257027038751,-72.83105448092242,2019-02-21 02:02:00,5.0,1,L,0.6
F,A320,UUA /OV YCF /TM 0350 /FL210 /TP A320 /TB SEV,SEV,,21000.0,44.33,-77.7,2019-02-21 03:50:00,5.0,1,M,0.8
F,C172,SFB UA /OV ORL355025/TM 2258/FL040/TP C172/TB SEV 040,SEV 040,,4000.0,28.960574745809573,-81.37428363969579,2019-02-21 22:58:00,5.0,1,L,0.6
F,BE40,EKN UA /OV EKN180025/TM 2327/FL250/TP BE40/TB SEV/RM FL240-270,SEV,,25000.0,38.46857958329959,-79.85278,2019-02-21 23:27:00,5.0,1,M,0.8
T,BE40,EKN UUA /OV EKN180025/TM 2327/FL250/TP BE40/TB SEV/RM FL240-270,SEV,,25000.0,38.46857958329959,-79.85278,2019-02-21 23:27:00,5.0,1,M,0.8
T,A320,BWG UUA /OV BWG270030/TM 2359/FL380/TP A320/TB SEV/RM ZME,SEV,,38000.0,36.96453,-87.04549671151845,2019-02-21 23:59:00,5.0,1,M,0.8
F,CRUZ,SLC UA /OV TCH360007/TM 0006/FL053/TP CRUZ/TB SEV,SEV,,5300.0,40.96667611667612,-111.98,2019-02-22 00:06:00,5.0,1,U,0.6
T,C25C,ACT UUA /OV JEN /TM 0212 /FL150 /TP C25C /TB SEV/RM AWC-WEB,SEV,,15000.0,32.16,-97.88,2019-02-22 02:12:00,5.0,1,U,0.6
F,DV20,SLC UA /OV 8 NW TCH/TM 0258/FL057/TP DV20/TB SEV,SEV,,5700.0,40.92648305281185,-112.1244018697701,2019-02-22 02:58:00,5.0,1,L,0.6
T,B77W,ORF UUA /OV 3501N04057W/TM 1657/FL320/TP B77W/TB SEV,SEV,,32000.0,35.166,-40.95,2019-02-22 16:57:00,5.0,1,U,0.6
T,E135,PHX UUA /OV PXR350040/TM 1750/FL170/TP E135/TB SEV/RM MOD-SEV TURB CLIMBING OUT OF FL170-220,SEV,,17000.0,34.086591681679984,-112.10872567063244,2019-02-22 17:50:00,5.0,1,M,0.8
T,DC93,ARG UUA /OV ARG270050/TM 2049/FL340/TP DC93/TB CONT SEV,CONT SEV,,34000.0,36.12467,-91.95688363959664,2019-02-22 20:49:00,5.0,1,M,0.8
T,DC93,BPK UUA /OV ARG270050 /TM 2049 /FL340 /TP DC93 /TB CONS SEV,CONS SEV,,34000.0,36.12467,-91.95688363959664,2019-02-22 20:49:00,5.0,1,M,0.8
F,P28B,TYS UA /OV VXV320030/TM 0033/FL100/TP P28B/TB SEV TB,SEV TB,,10000.0,36.28305324639046,-84.28679421614747,2019-02-23 00:33:00,5.0,1,L,0.6
T,CRJ9,GLH UUA /OV MON180015/TM 0034/FL370/TP CRJ9/TB SEV CONS,SEV CONS,,37000.0,33.30997974997975,-91.72,2019-02-23 00:34:00,5.0,1,U,0.6
T,P28B,TYS UUA /OV VXV310030/TM 0035/FL100/TP P28B/TB SEV/RM NO DAMAGE NO INJURIES ZTLFD,SEV,,10000.0,36.22141983776749,-84.36288093261435,2019-02-23 00:35:00,5.0,1,L,0.6
T,C55B,ABY UUA /OV PZD/TM 0116/FL390/TP C55B/TB SEV/RM SEV WAVE ACTION +/-150 FT. ZTLFD,SEV,,39000.0,31.66,-84.29,2019-02-23 01:16:00,5.0,1,U,0.6
F,B727,LIT UA /OV 40 SE LIT/TM 0425/FL380/TP B727/TB SEV 380,SEV 380,,38000.0,34.2558572954046,-91.6621098950716,2019-02-23 04:25:00,5.0,1,M,0.8
T,C550,MEM UUA /OV MEM270040 /TM 1626 /FL370 /TP C550 /TB SEV /RM NO DAMAGE TO ACFT/ NO INJURIES/ZME AWC-WEB,SEV,,37000.0,35.06111,-90.7995244147242,2019-02-23 16:26:00,5.0,1,L,0.6
T,C550,MEM UUA /OV MEM270040 /TM 1626 /FL370 /TP C550 /TB SEV /RM ZME AWC-WEB,SEV,,37000.0,35.06111,-90.7995244147242,2019-02-23 16:26:00,5.0,1,L,0.6
T,B789,ORF UUA /OV 3350N05527W/TM 1910/FL380/TP B789/TB SEV,SEV,,38000.0,33.8333,-55.45,2019-02-23 19:10:00,5.0,1,U,0.6
T,B789,ORF UUA /OV 3350N5527W/TM 1910/FL380/TP B789/TB SEV,SEV,,38000.0,33.8333,-55.45,2019-02-23 19:10:00,5.0,1,U,0.6
T,C510,SDF UUA /OV EWO/TM 1944/FL350/TP C510/TB SEV,SEV,,35000.0,37.63,-85.68,2019-02-23 19:44:00,5.0,1,U,0.6
T,CRJ7,MWA UUA /OV MWA/TM 2016/FL360/TP CRJ7/TB SEV 360-370/RM LASTED 25 MILES NORTHBOUND ZKCFDC/OH,SEV 360-370,,36000.0,37.75497,-89.01108,2019-02-23 20:16:00,5.0,1,M,0.8
T,A321,ABQ UUA /OV ACH160015/TM 2027/FL370/TP A321/TB SEV MTN WAVE +-30KTS/LGT TURB/RM ZAB/FDCS,SEV MTN WAVE +-30KTS,,37000.0,34.875057816008926,-104.93546845554552,2019-02-23 20:27:00,5.0,1,M,0.8
T,B77W,ORF UUA /OV 3358N05034W/TM 2044/FL360/TP B77W/TB SEV,SEV,,36000.0,33.9666,-50.5666,2019-02-23 20:44:00,5.0,1,U,0.6
T,BE76,DEN UUA /OV DEN330030/TM 2100/FL075/TP BE76/TB SEV 075,SEV 075,,7500.0,40.26584777595615,-104.98308240609212,2019-02-23 21:00:00,5.0,1,L,0.6
T,CRJ9,MEM UUA /OV MEM315020/TM 2112/FL360/TP CRJ9/TB SEV/RM NO DMG OR INJ/ZME,SEV,,36000.0,35.2968313522977,-90.27297786854676,2019-02-23 21:12:00,5.0,1,U,0.6
T,BE30,GDJ UUA /OV DFW220050 /TM 2121 /FL100 /TP BE30 /TB SEV 100-090 /RM DURD COR,SEV 100-090,,10000.0,32.258407922682565,-97.6760036724465,2019-02-23 21:21:00,5.0,1,L,0.6
T,DV20,PUB UUA /OV KPUB/TM 2232/FL055/TP DV20/TB SEV 055,SEV 055,,5500.0,38.29,-104.49833,2019-02-23 22:32:00,5.0,1,L,0.6
T,DV20,PUB UUA /OV PUB/180/010/TM 2245/FL065/TP DV20/TB SEV,SEV,,6500.0,38.29,-104.49833,2019-02-23 22:45:00,5.0,1,L,0.6
T,CRJ9,MSL UUA /OV MSL/TM 2324/FL330/TP CRJ9/TB OCNL SEV/RM ZME,OCNL SEV,,33000.0,34.74385,-87.59962,2019-02-23 23:24:00,5.0,1,U,0.6
T,B737,AXX UUA /OV CIM095065/TM 0122/FL380/TP B737/TB SEV MTN WAVE +-1000FT MIN/NEG TURB/RM ZAB/FDCS,SEV MTN WAVE +-1000FT MIN,,38000.0,36.395573630765966,-103.5275234501924,2019-02-24 01:22:00,5.0,1,M,0.8
T,M20P,LVS UUA /OV FTI/TM 0400/FL120/TP M20P/TB SEV/RM ZAB/FDCS,SEV,,12000.0,35.66,-105.14,2019-02-24 04:00:00,5.0,1,L,0.6
T,B744,PASY UUA /OV SYA009073/TM 0651/FL330/TP B744/TB SEV/RM ZAN,SEV,,33000.0,53.91178481784072,174.4241770333581,2019-02-24 06:51:00,5.0,1,H,1.0
F,A332,UUA /OV 5130N07550W /TM 1610 /FL380 /TP A332 /TB MDT SEV,MDT SEV,,38000.0,51.5,-75.8333,2019-02-24 16:10:00,5.0,1,H,1.0
F,CRJ2,AVL UA /OV SUG320010/TM 1910/FL090/TP CRJ2/TB SEV,SEV,,9000.0,35.53768441546348,-82.40145575303747,2019-02-24 19:10:00,5.0,1,M,0.8
T,PA46,POF UUA /OV POF270010/TM 1935/FL065/TP PA46/TB SEV/RM ZME,SEV,,6500.0,36.77394,-90.53294912316798,2019-02-24 19:35:00,5.0,1,L,0.6
T,B777,PASY UUA /OV SYA040182/TM 1941/FL350/TP B777/TB SEV/RM ZAN,SEV,,35000.0,55.03385636143546,177.32853338108092,2019-02-24 19:41:00,5.0,1,H,1.0
T,BE20,HKY UUA /OV BZM020015/TM 1945/FL100/TP BE20/SK TOP/TB SEV CAT 100/RM NO DAMAGE NO INJURIES ZTLFD,SEV CAT 100,,10000.0,36.10494218399107,-81.13447508556135,2019-02-24 19:45:00,5.0,1,M,0.8
T,B738,IAD UUA /OV LDN270015/TM 2009/FL100/TP B738/SK BKN110/TB SEV 130-120/LGT BLO 110/RM DURD,SEV 130-120,,10000.0,38.85,-78.5310364489649,2019-02-24 20:09:00,5.0,1,M,0.8
F,PC12,DEN UA /OV DEN170050/TM 2056/FL140/TP PC12/TB SEV,SEV,,14000.0,39.01206039790002,-104.46904402833896,2019-02-24 20:56:00,5.0,1,L,0.6
T,PA46,ARG UUA /OV ARG135020/TM 2104/FL040/TP PA46/TB SEV/RM ZME,SEV,,4000.0,35.8889486477023,-90.63328034511667,2019-02-24 21:04:00,5.0,1,L,0.6
T,C680,RNO UUA /OV RNO160025/TM 0000/FL080/TP C680/TB SEV/RM MOD/SEV TURB 080-120 DURC,SEV,,8000.0,39.09231969334821,-119.58645165808244,2019-02-25 00:00:00,5.0,1,U,0.6
T,A388,CDB UUA /OV DUT247177/TM 0040/FL360/TP A388/TB SEV/RM ZAN,SEV,,36000.0,52.73724980566013,-171.14807241215544,2019-02-25 00:40:00,5.0,1,U,0.6
F,C25M,EWR UA /OV MMU06005/TM 0211/FL040/TP C25M/TB SEV,SEV,,4000.0,40.79935,-74.41487,2019-02-25 02:11:00,5.0,1,U,0.6
T,SR22,BWI UUA /OV ANP/TM 1254/FL020/TP SR22/TB SEV,SEV,,2000.0,38.94,-76.56,2019-02-25 12:54:00,5.0,1,L,0.6
T,CRJ2,UNV UUA /OV KUNV/TM 1455/FL040/TP CRJ2/TB SEV 040/RM LLWS +20/ -10 KT SFC-040 DURD RY24 UNV,SEV 040,,4000.0,40.85,-77.85,2019-02-25 14:55:00,5.0,1,M,0.8
T,P28A,ODO UUA /OV FST030050 /TM 1524 /FL045 /TP P28A /TB OCNL SEV,OCNL SEV,,4500.0,31.633686293260247,-102.43098132957032,2019-02-25 15:24:00,5.0,1,L,0.6
F,C525,PIT UA /OV 25 E PIT/TM 1600/FL060/TP C525/TB SEV,SEV,,6000.0,40.49147,-79.68493236350808,2019-02-25 16:00:00,5.0,1,L,0.6
T,PA31,ROA UUA /OV LWB020035/TM 1634/FL070/TP PA31/TB SEV 070,SEV 070,,7000.0,38.40650842931252,-80.14675294463619,2019-02-25 16:34:00,5.0,1,L,0.6
F,B77W,UUA /OV 5324N05843W /TM 1801 /FL340 /TP B77W /TB SEV,SEV,,34000.0,53.4,-58.7166,2019-02-25 18:01:00,5.0,1,U,0.6
F,B77W,UUA /OV 5258N05955W /TM 1805 /FL340 /TP B77W /TB SEV,SEV,,34000.0,52.9666,-59.9166,2019-02-25 18:05:00,5.0,1,U,0.6
T,BE20,DCA UUA /OV DAA010@2/TM 1940/FL050/TP BE20/TB SEV TURB,SEV TURB,,5000.0,38.715,-77.181,2019-02-25 19:40:00,5.0,1,M,0.8
T,PC12,RNO UUA /OV MEV/TM 2004/FL100/TP PC12/TB SEV BLO 100/RM +4000/MIN UPDRAFT...ZOA CWSU,SEV BLO 100,,10000.0,38.9963,-119.75,2019-02-25 20:04:00,5.0,1,L,0.6
T,A320,RNO UUA /OV RNO100008/TM 2041/FL100/TP A320/TB SEV TURB,SEV TURB,,10000.0,39.46073503424222,-119.60096519857584,2019-02-25 20:41:00,5.0,1,M,0.8
T,C68A,RNO UUA /OV RNO120007/TM 2052/FL090/TP C68A/TB SEV 090-110,SEV 090-110,,9000.0,39.42555194166194,-119.64019002611025,2019-02-25 20:52:00,5.0,1,U,0.6
T,C25B,MOD UUA /OV MOD069079 /TM 2209 /FL360 /TP C25B /TB SEV /RM SEV TURB +/- 40KTS / ZOA CWSU AWC-WEB,SEV,,36000.0,38.09770935354801,-119.40228473954464,2019-02-25 22:09:00,5.0,1,U,0.6
T,B737,MOD UUA /OV MOD057085 /TM 2211 /FL360 /TP B737 /TB SEV /RM ZOA CWSU AWC-WEB,SEV,,36000.0,38.39745446366305,-119.45417888261402,2019-02-25 22:11:00,5.0,1,M,0.8
T,E50P,DEN UUA /OV 5NM S LMO/TM 2236/FL110/TP E50P/TB SEV,SEV,,11000.0,39.8328,-104.6575,2019-02-25 22:36:00,5.0,1,U,0.6
T,B737,RNO UUA /OV RNO160005/TM 2308/FL001/TP B737/TB SEV 001-120/RM DURC RWY 16 RNO,SEV 001-120,,100.0,39.40557593866964,-119.73417833161648,2019-02-25 23:08:00,5.0,1,M,0.8
F,CRJ7,RNO UA /OV KRNO344002 /TM 2332 /FL064 /TP CRJ7 /TB SEV /RM DURD +/- 30KTS /ZOA CWSU AWC-WEB:,SEV,,6400.0,39.515934651940455,-119.78301543611865,2019-02-25 23:32:00,5.0,1,M,0.8
F,CRJ7,RNO UA /OV KRNO344002 /TM 2332 /FL064 /TP CRJ7 /TB SEV /RM DURD +/- 30KTS /ZOA CWSU AWC-WEB,SEV,,6400.0,39.515934651940455,-119.78301543611865,2019-02-25 23:32:00,5.0,1,M,0.8
T,CRJ7,RNO UUA /OV KRNO344002/TM 2332/FL6400/TP CRJ7/TB SEV/RM +/- 30KTS DURD,SEV,,64000.0,39.515934651940455,-119.78301543611865,2019-02-25 23:32:00,5.0,1,M,0.8
F,B748,UUA /OV 5030N04240W /TM 0216 /FL360 /TP B748 /TB MDT-SEV,MDT-SEV,,36000.0,50.5,-42.6666,2019-02-26 02:16:00,5.0,1,U,0.6
T,B737,BIH UUA /OV 3723N 11847W /TM 0303 /FL360 /TP B737 /TB SEV /RM ZOA CWSU AWC-WEB,SEV,,36000.0,37.3833,-118.7833,2019-02-26 03:03:00,5.0,1,M,0.8
T,E75L,RIW UUA /OV BOY190060/TM 0328/FL350/TP E75L/TB SEV/RM MTN WAVE ZLC,SEV,,35000.0,42.47511247748003,-108.53925205650722,2019-02-26 03:28:00,5.0,1,U,0.6
T,E75L,RNO UUA /OV RNO/TM 0425/FL110/TP E75L/TB SEV 110-SFC/RM LLWS +/- 20KTS ON FINAL TO KRNO,SEV 110-SFC,,11000.0,39.48389,-119.77111,2019-02-26 04:25:00,5.0,1,U,0.6
T,E75L,RNO UUA /OV KRNO /TM 0434 /FL110 /TP E75L /SK UNKN /WX UNKN /TB SEV 110-SFC /RM LLWS +/- 20KTS ON FINAL TO RENO AWC-WEB,SEV 110-SFC,,11000.0,39.48389,-119.77111,2019-02-26 04:34:00,5.0,1,U,0.6
T,B787,RIW UUA /OV RIW200020/TM 0615/FL330/TP B787/TB SEV/RM MTW +/-30KTS IN 2 SECONDS /ZLC,SEV,,33000.0,42.75097375467857,-108.61590037734892,2019-02-26 06:15:00,5.0,1,U,0.6
F,B737,UUA /OV CYMM 225075 /TM 1520 /FL330 /TP B737 /TB MDT-SEV,MDT-SEV,,33000.0,55.769344928883626,-112.82995682781196,2019-02-26 15:20:00,5.0,1,M,0.8
T,S22T,JAX UUA /OV 10 N OCF/TM 1520/FL110/TP S22T/TB SEV,SEV,,11000.0,29.330312446680168,-82.22100097,2019-02-26 15:20:00,5.0,1,U,0.6
F,SW4,UUA /OV CYTZ 090020 /TM 1837 /FL070 /TP SW4 /TB MDT-SEV /RM REPD AS CONTUS MDT  OCNL SEV  PILOT REQUESTED A CLIMB,MDT-SEV,,7000.0,43.62861,-78.93444776706913,2019-02-26 18:37:00,5.0,1,M,0.8
T,DH8D,BOS UUA /OV BOS360010/TM 1905/FL090/TP DH8D/TB OCNL SEV/RM DURD 090-050,OCNL SEV,,9000.0,42.52725016668017,-71.00973,2019-02-26 19:05:00,5.0,1,M,0.8
T,C402,RKD UUA /OV RKD140005/TM 2012/FL038/TP C402/TB SEV 38-34,SEV 38-34,,3800.0,43.99622779226826,-69.02471345865908,2019-02-26 20:12:00,5.0,1,L,0.6
T,C56X,LND UUA /OV LND090010/TM 2315/FL115/TP C56X/TB SEV/RM NO DAMAGE OR INJURIES ZLC,SEV,,11500.0,42.81524,-108.50261572390514,2019-02-26 23:15:00,5.0,1,M,0.8
T,PC12,EDW UUA /OV O26/TM 2330/FL075/TP PC12/TB SEV,SEV,,7500.0,36.58,-118.04,2019-02-26 23:30:00,5.0,1,L,0.6
T,PC12,BIH UUA /OV O26/TM 2330/FL075/TP PC12/TB SEV/RM COR SA-ID. ZLA CWSU,SEV,,7500.0,36.58,-118.04,2019-02-26 23:30:00,5.0,1,L,0.6
T,P180,DEN UUA /OV BJC320020/TM 0112/FL145/TP P180/TB SEV,SEV,,14500.0,40.16417883092698,-105.39653982001668,2019-02-27 01:12:00,5.0,1,L,0.6
F,B757,CLL UA /OV IDU135020 /TM 0135 /FL230 /TP B757 /TB SEV /RM FM ZHU AWC-WEB:,SEV,,23000.0,29.724278647702302,-96.287922026805,2019-02-27 01:35:00,5.0,1,M,0.8
F,B757,CLL UA /OV IDU135020 /TM 0135 /FL230 /TP B757 /TB SEV /RM FM ZHU AWC-WEB,SEV,,23000.0,29.724278647702302,-96.287922026805,2019-02-27 01:35:00,5.0,1,M,0.8
T,E75,LCH UUA /OV LCH045025 /TM 0225 /FL300 /TP E75 /TB SEV /RM FM ZHU AWC-WEB,SEV,,30000.0,30.419371690372124,-92.88766659511396,2019-02-27 02:25:00,5.0,1,U,0.6
T,BE40,DEN UUA /OV DEN276040/TM 0330/FL160/TP BE40/TB SEV TURB/RM NO DAMAGE/INJURIES,SEV TURB,,16000.0,39.90249128672109,-105.52096355094744,2019-02-27 03:30:00,5.0,1,M,0.8
F,A332,UUA /OV 6135N04431W /TM 1720 /FL360 /TP A332 /TB MDT-SEV,MDT-SEV,,36000.0,61.5833,-44.5166,2019-02-27 17:20:00,5.0,1,H,1.0
T,A320,GXY UUA /OV GLL260060/TM 1755/FL360/TP A320/TB SEV/RM +300 FT....ZDV,SEV,,36000.0,40.32633775681661,-105.84521277722064,2019-02-27 17:55:00,5.0,1,M,0.8
T,A320,GXY UUA /OV GLL262060/TM 1755/FL350/TP A320/TB SEV/RM -300FT...ZDV,SEV,,35000.0,40.360815626007486,-105.85239414909624,2019-02-27 17:55:00,5.0,1,M,0.8
T,E50P,RNO UUA /OV FMG/TM 1811/FL110/TP E50P/TB SEV/RM LEVEL FLIGHT,SEV,,11000.0,39.53,-119.66,2019-02-27 18:11:00,5.0,1,U,0.6
T,E50P,RNO UUA /OV FMG /TM 1941 /FL110 /TP E50P /TB SEV /RM LEVEL FLIGHT ...ZOA CWSU AWC-WEB,SEV,,11000.0,39.53,-119.66,2019-02-27 19:41:00,5.0,1,U,0.6
T,A320,RNO UUA /OV FMG320008/TM 2050/FL100/TP A320/TB SEV/RM LLWS +20 KTS ON CLIMBOUT,SEV,,10000.0,39.63214753237079,-119.77112784823318,2019-02-27 20:50:00,5.0,1,M,0.8
T,A320,RNO UUA /OV KRNO165002/TM 2053/FL070/TP A320/TB SEV/RM +/- 20KTS DURD,SEV,,7000.0,39.45168986445469,-119.75993098691367,2019-02-27 20:53:00,5.0,1,M,0.8
T,SR22,RNO UUA /OV RNO180005/TM 2130/FL059/TP SR22/TB SEV/RM LLWS -10 KT 059-089 DURC. SMOOTH ABOVE 110,SEV,,5900.0,39.40054991665992,-119.77111,2019-02-27 21:30:00,5.0,1,L,0.6
T,SR22,RNO UUA /OV KRNO165004/TM 2130/FL055/TP SR22/TB SEV 055-089,SEV 055-089,,5500.0,39.41948972890938,-119.74875197382734,2019-02-27 21:30:00,5.0,1,L,0.6
F,BE9L,DEN UA /OV BJC300015/TM 2222/FL125/TP BE9L/TB SEV TURB 150-125,SEV TURB 150-125,,12500.0,40.03382012501013,-105.39946524577874,2019-02-27 22:22:00,5.0,1,L,0.6
T,B190,DEN UUA /OV DEN330045/TM 0255/FL157/TP B190/TB SEV,SEV,,15700.0,40.48237166393422,-105.14587360913816,2019-02-28 02:55:00,5.0,1,M,0.8
T,B350,MCB UUA /OV HEZ225010 /TM 2210 /FL265 /TP B350 /TB SEV /RM FM ZHU AWC-WEB,SEV,,26500.0,31.49579932385115,-91.43573878037664,2019-02-28 22:10:00,5.0,1,M,0.8
F,B748,ENM UA /OV ENM260127/TM 0127/FL350/TP B748/TB NEG/RM ZAN,NEG,,35000.0,62.41241491859517,-169.04758738363824,2019-02-28 01:27:00,0.0,0,U,0.6
F,C172,PAQ UA /OV PAQ120020 /TM 2305 /FL025 /TP C172 /TB NEG /RM KNIK GLACIER,NEG,,2500.0,61.42331983331984,-148.47320716497302,2019-02-22 23:05:00,0.0,0,L,0.6
F,E75S,BLF UA /OV BLF030020/TM 1256/FL230/TP E75S/TB CONT LGT CHOP,CONT LGT CHOP,,23000.0,37.5844985173041,-80.99817590672342,2019-02-13 12:56:00,1.0,0,U,0.6
F,B738,NTD UA /OV VTU/TM 2120/FL360/TP B738/TB CONS LGT CHOP/RM COR SA-ID. ZLA CWSU,CONS LGT CHOP,,36000.0,34.12,-119.05,2019-02-06 21:20:00,1.0,0,M,0.8
F,CRJ9,DAY UA /OV VNW180020/TM 2347/FL190/TP CRJ9/TB CONT LGT,CONT LGT,,19000.0,40.52993966663967,-84.613,2019-02-18 23:47:00,1.0,0,U,0.6
F,CRJ,EUG UA /OV EUG180005/TM 1415/FL030/TP CRJ/SK OVC025/TB LGT TURB/RM DESCRIBED AS CHOP,LGT TURB,,3000.0,44.04123991665992,-123.21197,2019-02-24 14:15:00,1.0,0,M,0.8
F,C68A,RFD UA /OV JVL100015/TM 0023/FL030/TP C68A/TB LGT CHOP 030,LGT CHOP 030,,3000.0,42.57683443920415,-88.70695475951183,2019-02-08 00:23:00,1.0,0,U,0.6
F,P28A,CNO UA /OV CNO/TM 2138/FL020/TP P28A/TB NEG BLO 020,NEG BLO 020,,2000.0,33.97528,-117.63611,2019-02-05 21:38:00,0.0,0,L,0.6
F,A319,FLO UA /OV FLO090040/TM 1851/FL370/TP A319/TB CONT LGT CHOP,CONT LGT CHOP,,37000.0,34.18536,-78.91791661097109,2019-02-02 18:51:00,1.0,0,M,0.8
F,C208,OGG UA /OV OGG205005/TM 0100/FL030/TP C208/SK BKN017/TB LGT CHOP,LGT CHOP,,3000.0,20.8144682334966,-156.46769912841998,2019-02-01 01:00:00,1.0,0,L,0.6
F,B739,MIE UA /OV MIE/TM 1430/FL320/TP B739/TB OCNL LGT CHOP,OCNL LGT CHOP,,32000.0,40.24247,-85.39575,2019-02-10 14:30:00,1.0,0,M,0.8
F,A319,AMG UA /OV AMG040025/TM 1554/FL290/TP A319/TB LGT CHOP/RM ZTLFD,LGT CHOP,,29000.0,31.85527103865872,-82.19229699414825,2019-02-14 15:54:00,1.0,0,M,0.8
F,A321,DBQ UA /OV DBQ040030/TM 1606/FL340/TP A321/TB CONS LGT CHOP,CONS LGT CHOP,,34000.0,42.78140324639046,-90.27389476175986,2019-02-13 16:06:00,1.0,0,M,0.8
F,SR20,OMN UA /OV DED360013 /TM 1546 /FL045 /TP SR20 /WX FV10SM /TB NEG,NEG,,4500.0,29.28371201668422,-81.28375,2019-02-26 15:46:00,0.0,0,L,0.6
F,C525,ASN UA /OV TDG/TM 1317/FL240/TP C525/TB LGT CHOP/RM ZTLFD,LGT CHOP,,24000.0,33.58,-86.04,2019-02-14 13:17:00,1.0,0,L,0.6
F,A319,BZN UA /OV BZN120020/TM 2015/FL130/TP A319/SK BASES FL130/TB LGT CHOP DURD,LGT CHOP DURD,,13000.0,45.62137983331984,-110.74681520044392,2019-02-13 20:15:00,1.0,0,M,0.8
F,B738,JNU UA /OV JNU /TM 0725 /FL085 /TP B738 /TB LGT 085-030 /RM DURDRWY 8,LGT 085-030,,8500.0,58.35,-134.57,2019-02-10 07:25:00,1.0,0,M,0.8
F,B763,FLG UA /OV FLG/TM 1507/FL380/TP B763/TB NEG/RM ZAB/FDCS,NEG,,38000.0,35.14028,-111.67222,2019-02-11 15:07:00,0.0,0,H,1.0
F,B712,LIH UA /OV LIH080002/TM 0217/FL025/TP B712/SK SKC/TB NEG,NEG,,2500.0,21.975788741439445,-159.29459963698795,2019-02-17 02:17:00,0.0,0,M,0.8
F,CRJ9,HKY UA /OV BZM/TM 1244/FL160/TP CRJ9/TA M10/TB LGT RIME 170-180/RM ZTLFD,LGT RIME 170-180,,16000.0,35.87,-81.24,2019-02-23 12:44:00,1.0,0,U,0.6
F,C208,KTN UA /OV KTN-AKW /TM 1846 /FL065 /TP C208 /TB NEG /RM VIA OVER BLACK BEAR LAKE  CGA/AQC WATER CALM,NEG,,6500.0,55.46,-132.39,2019-02-26 18:46:00,0.0,0,L,0.6
F,CRJ7,MBL UA /OV MBL/TM 1641/FL300/TP CRJ7/TB OCNL LGT CHOP,OCNL LGT CHOP,,30000.0,44.27247,-86.24689,2019-02-03 16:41:00,1.0,0,M,0.8
F,CRJ2,RDM UA /OV RDM/TM 1810/FL140/TP CRJ2/TB OCCL LGT CHOP BLO 140,OCCL LGT CHOP BLO 140,,14000.0,44.25389,-121.15,2019-02-11 18:10:00,1.0,0,M,0.8
F,B738,LAS UA /OV BLD072026 /TM 2351 /FL350 /TP B738 /WV 252142KT /TB NEG /RM MSTLY SMTH AWC-WEB,NEG,,35000.0,36.133918210736496,-114.35054485211388,2019-02-13 23:51:00,0.0,0,M,0.8
F,A321,ORD UA /OV MKG/TM 2328/FL340/TP A321/TB CONS LGT,CONS LGT,,34000.0,43.17111,-86.23667,2019-02-06 23:28:00,1.0,0,M,0.8
F,CRJ9,MWA UA /OV MWA/TM 1945/FL270/TP CRJ9/TB NEG/RM /ZKC FDC/AF,NEG,,27000.0,37.75497,-89.01108,2019-02-12 19:45:00,0.0,0,U,0.6
F,CL30,GSH UA /OV GSH/TM 1550/FL220/TP CL30/TB NEG,NEG,,22000.0,41.52722,-85.79222,2019-02-12 15:50:00,0.0,0,U,0.6
F,SR20,IKK UA /OV KLAF-IKK /TM 2132 /FL045 /TP SR20 /TB NEG /RM SMOOTH,NEG,,4500.0,40.743075000000005,-87.389805,2019-02-14 21:32:00,0.0,0,L,0.6
F,B737,HYS UA /OV HYS180030/TM 1343/FL330/TP B737/TB LGT/RM ZKCFDC/OH,LGT,,33000.0,38.3421794999595,-99.27317,2019-02-14 13:43:00,1.0,0,M,0.8
F,737,IRK UA /OV IRK /TM 2031 /FL360 /TP 737 /WV 227154KT /TB INTERMITTENT LGT CHOP/RM AWC-WEB,INTERMITTENT LGT CHOP,,36000.0,40.09722,-92.54333,2019-02-19 20:31:00,1.0,0,M,0.8
F,B737,FNB UA /OV STJ195038 /TM 2224 /FL380 /TP B737 /TB CONT LGT CHOP OCNL LGT/RM AWC-WEB,CONT LGT CHOP OCNL LGT,,38000.0,39.16013742463915,-95.12299735787924,2019-02-22 22:24:00,1.0,0,M,0.8
F,A310,MGM UA /OV MGM/TM 1208/FL350/TP A310/TB CONS LGT CHOP/RM ZTLFD,CONS LGT CHOP,,35000.0,32.30064,-86.39397,2019-02-20 12:08:00,1.0,0,H,1.0
F,PC12,SKX UA /OV TAS125030/TM 1720/FL200/TP PC12/TB NEG CAT/RM ZAB/FDCS,NEG CAT,,20000.0,36.323188551955575,-105.39971924877834,2019-02-26 17:20:00,0.0,0,L,0.6
F,B744,PASY UA /OV SYA023097/TM 2158/FL370/TP B744/TA M49/WV 200068/TB NEG/RM ZAN,NEG,,37000.0,54.19827005331255,175.15272282190384,2019-02-01 21:58:00,0.0,0,H,1.0
F,B737,VLD UA /OV OTK050040/TM 2332/FL310/TP B737/TB CONT LGT CHOP,CONT LGT CHOP,,31000.0,31.20855978369,-82.68552354068837,2019-02-23 23:32:00,1.0,0,M,0.8
F,B738,ORF UA /OV ORF/TM 1619/FL360/TP B738/TB LGT CHOP /RM 10 MINUTES LONG,LGT CHOP,,36000.0,36.90333,-76.19222,2019-02-26 16:19:00,1.0,0,M,0.8
F,E75S,CXY UA /OV HAR320025/TM 1414/FL220/TP E75S/TB LGT INTMT,LGT INTMT,,22000.0,40.54921103865871,-77.37083773796817,2019-02-17 14:14:00,1.0,0,U,0.6
F,C208,ENA UA /OV ENA /TM 1425 /FL030 /TP C208 /SK SKC /WX FV99SM /TB NEG/RM PATCHY FG,NEG,,3000.0,60.57,-151.24,2019-02-08 14:25:00,0.0,0,L,0.6
F,B737,LOL UA /OV KNFL /TM 1745 /FL390 /TP B737 /TB LGT MTN WAVE/RM AWC-WEB:,LGT MTN WAVE,,39000.0,39.41658,-118.70098,2019-02-20 17:45:00,1.0,0,M,0.8
F,E190,SDF UA /OV IIU180025/TM 2005/FL360/TP E190/TB LGT,LGT,,36000.0,37.68329958329959,-85.58,2019-02-10 20:05:00,1.0,0,U,0.6
F,E170,BTV UA /OV IMS/TM 1426/FL340/TP E170/TB CONT LGT CHOP,CONT LGT CHOP,,34000.0,38.7589,-85.4655,2019-02-09 14:26:00,1.0,0,U,0.6
F,C402,HYA UA /OV HYA/TM 1840/FL009/TP C402/TB CONT LGT OCNL MDT TURB BLO 010,CONT LGT OCNL MDT TURB BLO 010,,900.0,41.67,-70.28,2019-02-15 18:40:00,1.0,0,L,0.6
F,B737,ELP UA /OV ELP/TM 1517/FL370/TP B737/TB INTMT LGT/RM ZAB/FDCS,INTMT LGT,,37000.0,31.81111,-106.37583,2019-02-10 15:17:00,1.0,0,M,0.8
F,B737,1F0 UA /OV ADM090010 /TM 1841 /FL360 /TP B737 /TB CONT LGT CHOP 360/RM AWC-WEB:,CONT LGT CHOP 360,,36000.0,34.3032,-96.8177243534668,2019-02-05 18:41:00,1.0,0,M,0.8
T,B737,HLG UUA /OV AIR055043/TM 1516/FL380/TP B737/TB LGT WAVE ACTION/RM +/- 5 KYS NO DAMAGE  NO INJURIES,LGT WAVE ACTION,,38000.0,40.43109640886368,-80.05336227755011,2019-02-17 15:16:00,1.0,0,M,0.8
F,B350,LBB UA /OV LBB258042 /TM 1412 /FL270 /TP B350 /TB NEG/RM AWC-WEB:,NEG,,27000.0,33.518090027822915,-102.64550473384836,2019-02-13 14:12:00,0.0,0,M,0.8
F,A321,DHT UA /OV DHT290060/TM 2136/FL350/TP A321/TB LGT TURB/ MOD MTN WAVE +/-15KT/RM ZAB/FDCS,LGT TURB,,35000.0,36.36463784698498,-103.7092309763962,2019-02-28 21:36:00,1.0,0,M,0.8
F,CRJ7,CLT UA /OV CLT/TM 1340/FL270/TP CRJ7/TB CONS LGT CHOP/RM SMOOTH AT FL250/ ZTLFD,CONS LGT CHOP,,27000.0,35.22255,-80.95431,2019-02-15 13:40:00,1.0,0,M,0.8
F,E145,LBB UA /OV LBB229044 /TM 2226 /FL355 /TP E145 /TB LGT CHOP/RM AWC-WEB:,LGT CHOP,,35500.0,33.18249107546167,-102.48779801282474,2019-02-10 22:26:00,1.0,0,M,0.8
F,C206,EYW UA /OV EYW /TM 1835 /FL035 /TP C206 /TB NEG /RM SMOOTH DURC,NEG,,3500.0,24.5561111,-81.7595556,2019-02-11 18:35:00,0.0,0,L,0.6
F,LJ30,DPA UA /OV DPA/TM 2130/FL030/TP LJ30/SK OVC030/TB NEG TURB/IC NEG ICE,NEG TURB,,3000.0,41.90778,-88.24861,2019-02-26 21:30:00,0.0,0,U,0.6
F,E75S,SPI UA /OV AXC/TM 1433/FL320/TP E75S/TB CONT LGT CHOP/RM ZKCFD,CONT LGT CHOP,,32000.0,39.74,-88.86,2019-02-17 14:33:00,1.0,0,U,0.6
F,B737,PHX UA /OV IWA039030 /TM 1431 /FL270 /TP B737 /TB NEG /RM FL240-FL270 CONT LIGHT TURB SMOOTH ABOVE FL270 AWC-WEB:,NEG,,27000.0,33.6964344551714,-111.2789311564004,2019-02-11 14:31:00,0.0,0,M,0.8
F,B734,SLN UA /OV SLN/TM 1642/FL002/TP B734/SK OVC 002 TOP UNKN/TB NEG/IC NEG/RM ZKC FDC,NEG,,200.0,38.79097,-97.65217,2019-02-11 16:42:00,0.0,0,M,0.8
F,E190,SSI UA /OV SSI/TM 1113/FL170/TP E190/SK TOP170/TB LGT CAT,LGT CAT,,17000.0,31.15222,-81.39083,2019-02-03 11:13:00,1.0,0,U,0.6
F,B747,EHM UA /OV EHM272084/TM 0644/FL290/TP B747/TB NEG,NEG,,29000.0,58.68886325299039,-164.74874689492518,2019-02-07 06:44:00,0.0,0,H,1.0
F,B763,GXF UA /OV GBN250060/TM 1341/FL380/TP B763/TB OCNL LGT/RM ZAB/FDCS,OCNL LGT,,38000.0,32.54545215301502,-113.8391209017754,2019-02-13 13:41:00,1.0,0,H,1.0
F,C560,RSN UA /OV ELD140025 /TM 2211 /FL390 /TP C560 /TA M37 /WV 313107KT /TB OCNL LGT,OCNL LGT,,39000.0,32.90175896134129,-92.49310137375944,2019-02-14 22:11:00,1.0,0,M,0.8
F,B737,CDS UA /OV CDS /TM 1627 /FL340 /TP B737 /TB LGT/RM AWC-WEB:,LGT,,34000.0,34.43389,-100.28806,2019-02-14 16:27:00,1.0,0,M,0.8
F,B738,DMN UA /OV DMN/TM 1608/FL370/TP B738/TB OCNL LGT CHOP/RM MTN WAVE +.-15KTS...ZAB/FDCS,OCNL LGT CHOP,,37000.0,32.26231,-107.72064,2019-02-11 16:08:00,1.0,0,M,0.8
F,E75L,ABI UA /OV ABI /TM 1738 /FL340 /TP E75L /SK TOP 335 /TB LGT CHOP/RM AWC-WEB:,LGT CHOP,,34000.0,32.41062851,-99.68208563,2019-02-06 17:38:00,1.0,0,U,0.6
F,CL60,GNV UA /OV CTY320040/TM 2124/FL360/TP CL60/TB CONT LGT CHOP,CONT LGT CHOP,,36000.0,30.146267661853948,-83.59780737794327,2019-02-14 21:24:00,1.0,0,M,0.8
F,A319,PIA UA /OV PIA090010/TM 2127/FL320 /TP A319/TB INTMT LGT,INTMT LGT,,32000.0,40.6675,-89.46415146401206,2019-02-19 21:27:00,1.0,0,M,0.8
F,B737,ATL UA /OV ATL/TM 1706/FL340/TP B737/TB LGT CHOP/RM ZTLFD,LGT CHOP,,34000.0,33.6301,-84.4418,2019-02-25 17:06:00,1.0,0,M,0.8
F,B737,LIH UA /OV NAPUA/TM 2317/FL040/TP B737/SK SKC/TB NEG,NEG,,4000.0,41.4,-75.63,2019-02-16 23:17:00,0.0,0,M,0.8
F,CRJ2,RHI UA /OV RHI/TM 2139/FL270/TP CRJ2/TB CONT LGT CHOP 270-260,CONT LGT CHOP 270-260,,27000.0,45.63119,-89.46747,2019-02-13 21:39:00,1.0,0,M,0.8
F,B763,DNV UA /OV DNV/TM 1922/FL370/TP B763/TB LGT,LGT,,37000.0,40.1997,-87.59552,2019-02-26 19:22:00,1.0,0,H,1.0
F,C56X,CRQ UA /OV CRQ/TM 2057/FL004/TP C56X/TB LGT 004/RM LLWS +/-5 KT 004 DURD RY24 CRQ,LGT 004,,400.0,33.13,-117.28,2019-02-14 20:57:00,1.0,0,M,0.8
F,C208,MKK UA /OV MKK252009/TM 1801/FL052/TP C208/SK SCT040/TB LGT CHOP/RM DURD,LGT CHOP,,5200.0,21.10364369628352,-157.2429745477641,2019-02-27 18:01:00,1.0,0,L,0.6
F,MD90,TYS UA /OV VXV270010/TM 1818/FL320/TP MD90/TB CONS LGT/RM ZTLFD,CONS LGT,,32000.0,35.9,-84.09576740547367,2019-02-21 18:18:00,1.0,0,M,0.8
F,B738,SLC UA /OV SLC160015/TM 1907/FL090/TP B738/TA M16/WV 31508KT/TB NEG/IC NEG/RM DURD ILS 34R/IMC,NEG,,9000.0,40.54505781600893,-111.85707164089584,2019-02-19 19:07:00,0.0,0,M,0.8
F,A300,OKC UA /OV IRW /TM 1506 /FL330 /TP A300 /TB CONT LGT 330/RM AWC-WEB,CONT LGT 330,,33000.0,35.36,-97.61,2019-02-27 15:06:00,1.0,0,L,0.6
F,B739,SAF UA /OV SAF/TM 1511/FL350/TP B739/TB LGT MTN WAVE +/-10KTS/RM ZAB/FDCS,LGT MTN WAVE +,,35000.0,35.61711,-106.08942,2019-02-03 15:11:00,1.0,0,M,0.8
F,C172,RYY UA /OV PDK315020 /TM 1613 /FL040 /TP C172 /TB NEG /RM SMOOTH RIDE,NEG,,4000.0,34.111331352297704,-84.58588623751123,2019-02-13 16:13:00,0.0,0,L,0.6
F,SF34,TLH UA /OV MAI020025/TM 2342/FL220/TP SF34/SK IMC/TA M24/TB LGT/IC LGT RIME,LGT,,22000.0,31.227130306651794,-85.01790703319466,2019-02-01 23:42:00,1.0,0,M,0.8
F,B300,HYA UA /OV 1 W HYA/TM 1311/FL2000/TP B300/SK BASES 350 TOPS 700/TB NONE,NONE,,20000.0,41.67,-70.3023136817593,2019-02-04 13:11:00,0.0,0,L,0.6
F,A321,CNM UA /OV CNM190030/TM 0434/FL330/TP A321/TB LGT CHOP-LGT CAT/RM ZAB/FDCS,LGT CHOP-LGT CAT,,33000.0,31.84502623874002,-104.36604940212784,2019-02-23 04:34:00,1.0,0,M,0.8
F,C172,AUO UA /OV AUO180009 /TM 2111 /FL045 /TP C172 /TB NEG,NEG,,4500.0,32.46509784998785,-85.434,2019-02-01 21:11:00,0.0,0,L,0.6
F,M20P,CNO UA /OV CNO/TM 2336/FL014/TP M20P/TB NEG 014,NEG 014,,1400.0,33.97528,-117.63611,2019-02-20 23:36:00,0.0,0,L,0.6
F,E75L,LPR UA /OV DJB/TM 0123/FL240/TP E75L/TB LGT CHOP,LGT CHOP,,24000.0,41.36,-82.16,2019-02-02 01:23:00,1.0,0,U,0.6
T,B737,RNO UUA /OV KRNO344001/TM 2214/FL5200/TP B737/TB LGT/RM +15KTS,LGT,,52000.0,39.49991232597023,-119.77706271805933,2019-02-26 22:14:00,1.0,0,M,0.8
F,B737,ELP UA /OV ELP270018/TM 2008/FL370/TP B737/TB LGT CAT/RM ZAB/FDCS,LGT CAT,,37000.0,31.81111,-106.72888678406176,2019-02-27 20:08:00,1.0,0,M,0.8
F,GLEX,ANC UA /OV YAK080070/TM 1411/FL410/TP GLEX/TB CONT LGT/RM ZAN,CONT LGT,,41000.0,59.702605950380615,-137.39606188852974,2019-02-01 14:11:00,1.0,0,M,0.8
F,E75L,MLU UA /OV KRSN /TM 1617 /FL300 /TP E75L /TB CONT LGT CHOP/RM AWC-WEB,CONT LGT CHOP,,30000.0,32.5144444,-92.5883333,2019-02-03 16:17:00,1.0,0,U,0.6
F,MD88,HKY UA /OV BZM010025/TM 2203/FL240/TP MD88/TB NEG/RM ZTLFD,NEG,,24000.0,36.28036980104999,-81.15070599471835,2019-02-06 22:03:00,0.0,0,M,0.8
F,B737,CDV UA /OV JOH055042/TM 0755/FL370/TP B737/TB LGT,LGT,,37000.0,60.88153602726219,-145.43616591040453,2019-02-13 07:55:00,1.0,0,M,0.8
F,E175,GSP UA /OV GSP270030/TM 1444/FL2200/TP E175/SK SKC/TB NEG CHOP/RM ZTLFD,NEG CHOP,,22000.0,34.88472,-82.83346917773503,2019-02-11 14:44:00,0.0,0,U,0.6
F,C525,CRW UA /OV 10 WEST CRW/TM 1511/FL030/TP C525/SK THIN LAYER 080 TOPS 050/TB NEG/IC NEG,NEG,,3000.0,38.3794,-81.80262483591444,2019-02-05 15:11:00,0.0,0,L,0.6
F,A320,BIH UA /OV BIH340030/TM 1952/FL260/TP A320/TB LGT/RM ZOA CWSU,LGT,,26000.0,37.84299436798215,-118.57881575383236,2019-02-13 19:52:00,1.0,0,M,0.8
F,DH2C,JNU UA /OV JNU /TM 1807 /FL010 /TP DH2C /TB LGT /RM IN CLOSEDTRFC,LGT,,1000.0,58.35,-134.57,2019-02-14 18:07:00,1.0,0,U,0.6
F,B737,SDF UA /OV BQM009009 /TM 0047 /FL400 /TP B737 /WV 274155KT /TB LGT CHOP /RM //ATL-MDW AWC-WEB,LGT CHOP,,40000.0,38.37816525151461,-85.63012592620872,2019-02-17 00:47:00,1.0,0,M,0.8
F,B737,ATP UA /OV 2331N 08754W /TM 0037 /FL400 /TP B737 /TA M51 /WV 269042KT /TB NEG /RM SMOOTH RIDE//CUN-AUS AWC-WEB:,NEG,,40000.0,23.5166,-87.9,2019-02-10 00:37:00,0.0,0,M,0.8
F,H60,MOB UA /OV EWA174065 /TM 1631 /FL060 /TP H60 /SK OVC030-TOP032/ SKC /WX FV20SM /TA 19 /TB NEG /IC NEG /RM COR SMTH VFR ON TOP NEG PRECIP,NEG,,6000.0,31.292514010634115,-88.32591615095009,2019-02-07 16:31:00,0.0,0,L,0.6
F,B712,MVN UA /OV VNN/TM 1843/FL320/TP B712/TB LGT CHOP /RM /ZKC FDC/AF,LGT CHOP,,32000.0,38.36,-88.81,2019-02-08 18:43:00,1.0,0,M,0.8
F,B739,MKT UA /OV MKT350015/TM 1818/FL140/TP B739/TA M30/TB NEG/IC NEG/RM DURC TOPS 140,NEG,,14000.0,44.46622188063,-93.98057980656094,2019-02-20 18:18:00,0.0,0,M,0.8
F,SR22,BKV UA /OV PIE346025 /TM 1703 /FL040 /TP SR22 /SK BKN028/TOP040 /TA 11 /WV 04530KT /TB NEG /RM AEROVIE,NEG,,4000.0,28.31432263346184,-82.80149806489416,2019-02-13 17:03:00,0.0,0,L,0.6
F,CL30,OKC UA /OV IRW085050 /TM 1230 /FL400 /TP CL30 /TB LGT/RM AWC-WEB:,LGT,,40000.0,35.432635668641566,-96.59197804647036,2019-02-13 12:30:00,1.0,0,U,0.6
F,B712,ITO UA /OV ITO315038/TM 1628/FL090/TP B712/SK FEW022-TOP090/TB LGT CHOP,LGT CHOP,,9000.0,20.16787056936563,-155.5157733342052,2019-02-11 16:28:00,1.0,0,M,0.8
F,B737,18H UA /OV 2115N 08948W /TM 2328 /FL400 /TP B737 /TB CONT LGT CHOP /RM //BZE-HOU AWC-WEB,CONT LGT CHOP,,40000.0,21.25,-89.8,2019-02-23 23:28:00,1.0,0,M,0.8
F,MD83,DFW UA /OV KDFW090030 /TM 1740 /FL190 /TP MD83 /TB LGT CONT/RM AWC-WEB,LGT CONT,,19000.0,32.89683,-96.44246549109032,2019-02-22 17:40:00,1.0,0,M,0.8
F,C402,LBB UA /OV LBB123030 /TM 0048 /FL060 /TP C402 /TB NEG /IC NEG/RM AWC-WEB:,NEG,,6000.0,33.391298424589515,-101.318915772146,2019-02-11 00:48:00,0.0,0,L,0.6
F,MD88,CRW UA /OV HVQ/TM 1515/FL270/TP MD88/TB LGT CONT,LGT CONT,,27000.0,38.35,-81.77,2019-02-27 15:15:00,1.0,0,M,0.8
F,B737,AMG UA /OV AMG033043/TM 1628/FL390/TP B737/TB INTMT LGT CHOP 390/RM ZTLFD,INTMT LGT CHOP 390,,39000.0,32.13715592523604,-82.0485626397675,2019-02-06 16:28:00,1.0,0,M,0.8
F,B738,DNV UA /OV DNV350015/TM 0102/FL330/TP B738/TB CONS LGT CHOP,CONS LGT CHOP,,33000.0,40.44592188063,-87.65236157427707,2019-02-18 01:02:00,1.0,0,M,0.8
F,SR22,FLO UA /OV NUTAL/TM 1530/FL070/TP SR22/SK OVC070/WX -RA/TA 07/WV 33006/TB LGT/IC NEG,LGT,,7000.0,34.18536,-79.72389,2019-02-11 15:30:00,1.0,0,L,0.6
F,A319,BOI UA /OV BOI/TM 0400/FL250/TP A319/TB LGT/RM CONT LGT TURB BELOW FL250 ALL QUADS,LGT,,25000.0,43.56667,-116.24056,2019-02-05 04:00:00,1.0,0,M,0.8
F,E50P,DNV UA /OV DNV/TM 1844/FL160/TP E50P/WV 275075/TB LGT,LGT,,16000.0,40.1997,-87.59552,2019-02-27 18:44:00,1.0,0,U,0.6
F,A320,MGM UA /OV MGM/TM 2028/FL340/TP A320/TB LGT CONT CHOP/RM ZTLFD,LGT CONT CHOP,,34000.0,32.30064,-86.39397,2019-02-25 20:28:00,1.0,0,M,0.8
F,B789,DLG UA /OV DLG001001/TM 0054/FL320/TP B789/TB NEG/RM ZAN,NEG,,32000.0,59.056665478048345,-158.4994345360683,2019-02-02 00:54:00,0.0,0,U,0.6
F,BE350,OJC UA /OV BUM/TM 1220/FL170/TP BE350/TB LGT CHOP 170-190/RM ZKCFD,LGT CHOP 170-190,,17000.0,38.28,-94.34,2019-02-01 12:20:00,1.0,0,U,0.6
F,A320,MGM UA /OV MGM160040/TM 0304/FL380/TP A320/TB LGT CHOP/RM ZTLFD,LGT CHOP,,38000.0,31.67412750935713,-86.12419145412395,2019-02-03 03:04:00,1.0,0,M,0.8
F,SW4,FAI UA /OV FAI180035 /TM 1802 /FL100 /TP SW4 /SK SKC /TB NEG /IC NEG,NEG,,10000.0,64.22661941661941,-147.85,2019-02-13 18:02:00,0.0,0,M,0.8
F,BE9L,FLG UA /OV FLG026055/TM 0754/FL160/TP BE9L/TA M10/TB CONS LGT CHOP/IC LGT-MOD RIME/RM ZAB/FDCS,CONS LGT CHOP,,16000.0,35.96424127796557,-111.18077996502296,2019-02-01 07:54:00,1.0,0,L,0.6
F,PA31,MLI UA /OV DVN330010/TM 2210/FL050/TP PA31/TB NEG/IC NEG/RM BTWN LYRS AT 050,NEG,,5000.0,41.75767825865205,-90.70629933339448,2019-02-23 22:10:00,0.0,0,L,0.6
F,C208,HOM UA /OV PAHO /TM 1906 /FL030 /TP C208 /SK OVC010-TOP025 /TA M02/WV 18006KT /TB NEG /IC NEG,NEG,,3000.0,59.64556,-151.47658,2019-02-11 19:06:00,0.0,0,L,0.6
F,P28A,BVI UA /OV BVI /TM 1528 /FL030 /TP P28A /TB LGT BLO 020 NEG ABV 030 /RM WINDS ARE STRONG BUT SMOOTH,LGT BLO 020 NEG ABV 030,,3000.0,40.77247,-80.39144,2019-02-14 15:28:00,0.0,0,L,0.6
F,E170,SGF UA /OV SPOKE/TM 0200/FL190/TP E170/TB LGT TURB 190-150,LGT TURB 190-150,,19000.0,39.77,-104.88,2019-02-21 02:00:00,1.0,0,U,0.6
F,B739,TCC UA /OV TCC/TM 1334/FL250/TP B739/TB LGT/RM ZAB/FDCS,LGT,,25000.0,35.18278,-103.60319,2019-02-14 13:34:00,1.0,0,M,0.8
F,E190,BDL UA /OV BDL/TM 1159/FL160/TP E190/TA M13/TB CONT LGT CHOP,CONT LGT CHOP,,16000.0,41.9381,-72.6825,2019-02-05 11:59:00,1.0,0,U,0.6
F,M20T,GKJ UA /OV 4G1360010 /TM 1930 /FL055 /TP M20T /WX HZ /TB NEG /RM SMOOTH,NEG,,5500.0,41.60668016668016,-80.39,2019-02-10 19:30:00,0.0,0,L,0.6
F,E145,ICT UA /OV 140020/TM 0015/FL034/TP E145/SK OVC034-TOPS068/TB NEG/IC NEG,NEG,,3400.0,37.65,-97.43,2019-02-28 00:15:00,0.0,0,M,0.8
F,B737,BVO UA /OV BVO360015/TM 1534/FL340/TP B737/TB LGT/RM ZKC/FD1,LGT,,34000.0,37.012500250020246,-96.01115,2019-02-12 15:34:00,1.0,0,M,0.8
F,BE76,UA /OV CZBB /TM 1935 /FL008 /TP BE76 /TB LGT-MDT /RM ACFT FLYING CCTS AT CZBB,LGT-MDT,,800.0,49.07,-123.0,2019-02-26 19:35:00,1.0,0,L,0.6
F,B772,POU UA /OV IGN/TM 2340/FL320/TP B772/TB LGT CHOP/RM DURD FL360-320,LGT CHOP,,32000.0,41.67,-73.82,2019-02-20 23:40:00,1.0,0,H,1.0
F,E75L,GUP UA /OV ZUN020020/TM 2031/FL310/TP E75L/TB LGT/RM ZAB/FDCS,LGT,,31000.0,35.39325624532143,-108.65067587739348,2019-02-12 20:31:00,1.0,0,U,0.6
F,A319,CHS UA /OV CHS270020/TM 1456/FL390/TP A319/TB CONT LGT CHOP,CONT LGT CHOP,,39000.0,32.8986,-80.43753093988681,2019-02-22 14:56:00,1.0,0,M,0.8
F,CRJ9,COU UA /OV COU210020/TM 0406/FL280/TP CRJ9/TB LGT CHOP/RM ZKCFD,LGT CHOP,,28000.0,38.5282014826959,-92.43222479226614,2019-02-22 04:06:00,1.0,0,U,0.6
F,CL30,IND UA /OV TTH050030/TM 1705/FL440/TP CL30/TB CONT LGT/RM DURD B757 REPORTED CNT LGT CHOP AT FL370,CONT LGT,,44000.0,39.811419837767495,-86.75364703632438,2019-02-20 17:05:00,1.0,0,U,0.6
F,B737,PWA UA /OV IFI213045/TM 1311/FL300/TP B737/TB LGT CHOP INTMT/RM / ZKC FDC/AF,LGT CHOP INTMT,,30000.0,35.180946124752985,-98.503738162898,2019-02-15 13:11:00,1.0,0,M,0.8
F,B752,GZH UA /OV MVC270030/TM 1430/FL300/TP B752/TB LGT CHOP/RM ZTLFD,LGT CHOP,,30000.0,31.45,-87.93614811692785,2019-02-05 14:30:00,1.0,0,M,0.8
F,E755,SLC UA /OV TCH270008/TM 2257/FL093/TP E755/SK BASE 093/TB LGT,LGT,,9300.0,40.85,-112.156282133185,2019-02-15 22:57:00,1.0,0,U,0.6
F,A321,ELD UA /OV ELD /TM 1140 /FL290 /TP A321 /TB LGT CHOP/RM AWC-WEB:,LGT CHOP,,29000.0,33.22097,-92.81328,2019-02-13 11:40:00,1.0,0,M,0.8
F,C56X,SPI UA /OV SPI/TM 1318/FL400/TP C56X/TB LGT CHOP/RM ZKC/FD1/CJ,LGT CHOP,,40000.0,39.8447,-89.6839,2019-02-19 13:18:00,1.0,0,M,0.8
F,C172,DMW UA /OV BWI360025 /TM 0118 /FL050 /TP C172 /TB LGT CHOP,LGT CHOP,,5000.0,39.59206041670041,-76.66833,2019-02-26 01:18:00,1.0,0,L,0.6
F,C172,CNO UA /OV CNO/TM 0147/FL015/TP C172/TB NEG,NEG,,1500.0,33.97528,-117.63611,2019-02-21 01:47:00,0.0,0,L,0.6
F,CRJ7,SPI UA /OV SPI/TM 2228/FL380/TP CRJ7/TB LGT/RM ZKCFDC/OH,LGT,,38000.0,39.8447,-89.6839,2019-02-26 22:28:00,1.0,0,M,0.8
F,C172,PSC UA /OV KPSC-PSC360010 /TM 0251 /FL057 /TP C172 /TA M05 /TB NEG /RM DURC HIGH OVC,NEG,,5700.0,46.26469,-119.11903,2019-02-27 02:51:00,0.0,0,L,0.6
F,B739,SJC UA /OV SJC090050/TM 0415/FL185/TP B739/TA M01/TB LGT. LGT CHOP/IC MOD RIME/RM 185-140 DURD.,LGT. LGT CHOP,,18500.0,37.3594,-120.87591238805086,2019-02-27 04:15:00,1.0,0,M,0.8
F,B739,HWY UA /OV CSN/TM 1554/FL300/TP B739/TB CONT LGT,CONT LGT,,30000.0,38.64,-77.87,2019-02-21 15:54:00,1.0,0,M,0.8
F,E175,TCL UA /OV LDK/TM 1253/FL230/TP E175/TB LGT CHOP/RM ZTLFD,LGT CHOP,,23000.0,33.26,-87.54,2019-02-27 12:53:00,1.0,0,U,0.6
F,C182,SNS UA /OV SNS120010/TM 1743/FL070/TP C182/SK 055-TOP065/TA 02/TB LGT CHOP/RM DURC,LGT CHOP,,7000.0,36.58015124665992,-121.42932082043922,2019-02-08 17:43:00,1.0,0,L,0.6
F,G200,SAD UA /OV PHX090100 /TM 0338 /FL360 /TP G200 /WV 270130KT /TB OCNL LGT CHOP,OCNL LGT CHOP,,36000.0,33.43428,-110.01425825972002,2019-02-16 03:38:00,1.0,0,U,0.6
F,A321,TLH UA /OV SZW186021/TM 1329/FL340/TP A321/TB CONT LGT,CONT LGT,,34000.0,30.21188914189717,-84.41248989049545,2019-02-13 13:29:00,1.0,0,M,0.8
F,B737,VLD UA /OV OTK360040/TM 1232/FL390/TP B737/TB CONT LGT CHOP 390-400,CONT LGT CHOP 390-400,,39000.0,31.44672066672067,-83.28,2019-02-16 12:32:00,1.0,0,M,0.8
F,E75L,DAY UA /OV FFO/TM 2304/FL280/TP E75L/TB LGT,LGT,,28000.0,39.82611,-84.04833,2019-02-27 23:04:00,1.0,0,U,0.6
F,A319,SLC UA /OV SLC195020/TM 1411/FL115/TP A319/TB LGT CHOP 110-130,LGT CHOP 110-130,,11500.0,40.45799864454692,-112.08394264592772,2019-02-20 14:11:00,1.0,0,M,0.8
F,MD90,MSN UA /OV MSN360030/TM 1240/FL260/TP MD90/TB CONS LGT CHOP,CONS LGT CHOP,,26000.0,43.6406005000405,-89.34528,2019-02-07 12:40:00,1.0,0,M,0.8
F,B757,ANC UA /OV ANC250006/TM 0403/FL014/TP B757/SK 014OVC/TB NEG,NEG,,1400.0,61.13579521530151,-150.18488687055182,2019-02-04 04:03:00,0.0,0,M,0.8
F,SB20,ANC UA /OV TED 234021/TM 0125/FL054/TP SB20/SK BKN 054 TOPS 060/TB NEG/IC NEG/RM DURGD,NEG,,5400.0,60.96425849796907,-150.57724922777183,2019-02-08 01:25:00,0.0,0,M,0.8
F,B739,FOD UA /OV FOD270040/TM 1524/FL340/TP B739/TB CONT LGT CHOP,CONT LGT CHOP,,34000.0,42.549741,-95.10822433811988,2019-02-20 15:24:00,1.0,0,M,0.8
F,CRJ7,PHX UA /OV GBN/TM 0311/FL120/TP CRJ7/TB OCNL LGT CHP/RM ZAB/FDCS,OCNL LGT CHP,,12000.0,32.8875,-112.72,2019-02-18 03:11:00,1.0,0,M,0.8
F,F2TH,DEN UA /OV DEN330030/TM 1825/FL410/TP F2TH/TB LGT CHOP/RM MTN WAVE +/- 100FT +/- 20KT...ZDV/FD,LGT CHOP,,41000.0,40.26584777595615,-104.98308240609212,2019-02-26 18:25:00,1.0,0,M,0.8
F,B737,INW UA /OV INW117027 /TM 1332 /FL400 /TP B737 /TB LGT CHOP/RM AWC-WEB,LGT CHOP,,40000.0,34.81760772714694,-110.2328859942194,2019-02-08 13:32:00,1.0,0,M,0.8
F,B738,BIH UA /OV BIH /TM 0156 /FL360 /TP B738 /TB LGT /RM MTN WAVE 25KTS LOSS 15KT GAIN AWC-WEB,LGT,,36000.0,37.37311,-118.36361,2019-02-10 01:56:00,1.0,0,M,0.8
F,B738,EYW UA /OV 1403N 08701W /TM 2214 /FL360 /TP B738 /WV 210035KT /TB OCNL LGT CHOP /RM //LIR-HOU AWC-WEB:,OCNL LGT CHOP,,36000.0,14.5,-87.166,2019-02-26 22:14:00,1.0,0,M,0.8
F,A320,LXT UA /OV ANX100050/TM 1342/FL360/TP A320/TB NEG/RM / ZKC FDC/AF,NEG,,36000.0,38.95528146401384,-93.07240912060612,2019-02-15 13:42:00,0.0,0,M,0.8
F,C208,OGG UA /OV TEBBS/TM 1927/FL030/TP C208/WX RA/TB LGT TURB/RM MODERATE TO HEAVY RAIN  LIGHT TURBULENCE FROM TEBBS FIX  RUNWAY 02,LGT TURB,,3000.0,40.85899,-74.05616,2019-02-19 19:27:00,1.0,0,L,0.6
F,B737,MRB UA /OV MRB/TM 1307/FL360/TP B737/TB LGT CONT CHOP 380,LGT CONT CHOP 380,,36000.0,39.4019,-77.98467,2019-02-26 13:07:00,1.0,0,M,0.8
F,B738,YAK UA /OV YAK270013 /TM 0205 /FL135 /TP B738 /SK SKC /TB NEG,NEG,,13500.0,59.5,-140.08693170112343,2019-02-25 02:05:00,0.0,0,M,0.8
F,E75L,TRM UA /OV TNP265015 /TM 2350 /FL240 /TP E75L /TB LGT /RM MOUNTAIN WAVE +-15KTS........ ZLAWC AWC-WEB:,LGT,,24000.0,34.108209299407534,-116.2408925777524,2019-02-13 23:50:00,1.0,0,U,0.6
F,SR22,PWK UA /OV OBK/TM 1952/FL025/TP SR22/SK OVC025/WX 6SM/TA 05/WV 21007/TB NONE/IC NONE/RM BASES @025,NONE,,2500.0,42.22,-87.95,2019-02-02 19:52:00,0.0,0,L,0.6
F,B738,PHNL UA /OV 3223N 14142W /TM 2153 /FL280 /TP B738 /TB LGT/RM AWC-WEB:,LGT,,28000.0,32.3833,-141.7,2019-02-16 21:53:00,1.0,0,M,0.8
F,B77W,CDB UA /OV CDB001058/TM 0002/FL300/TP B77W/TB LGT/RM ZAN,LGT,,30000.0,56.166597726804,-162.69043696341532,2019-02-02 00:02:00,1.0,0,U,0.6
F,B737,MLI UA /OV MZV270040/TM 1433/FL350/TP B737/TB CONT LGT CHOP,CONT LGT CHOP,,35000.0,41.32,-91.52773734579476,2019-02-17 14:33:00,1.0,0,M,0.8
F,GLF5,DEN UA /OV FQF170016/TM 1530/FL410/TP GLF5/TB LGT/RM MOD MTW +/-.05M ZDV,LGT,,41000.0,39.427363327328,-104.5598190152582,2019-02-20 15:30:00,1.0,0,M,0.8
F,B737,CHA UA /OV GQO140065/TM 1502/FL280/TP B737/TB CONS LGT 280-320/RM ZTLFD,CONS LGT 280-320,,28000.0,34.130051299487334,-84.30025597702287,2019-02-12 15:02:00,1.0,0,M,0.8
F,B737,OVE UA /OV MYV /TM 1642 /FL160 /TP B737 /SK UNKN-TOP110 /TB LGT CHOP /RM ZOA CWSU AWC-WEB,LGT CHOP,,16000.0,39.10202524,-121.56881446,2019-02-27 16:42:00,1.0,0,M,0.8
F,E170,JVL UA /OV JVL/TM 1604/FL190/TP E170/TA M20/TB LGT RIME 190-130,LGT RIME 190-130,,19000.0,42.62025,-89.04156,2019-02-25 16:04:00,1.0,0,U,0.6
F,A319,TCC UA /OV TCC/TM 1440/FL380/TP A319/TB LGT/RM ZAB/FDCS,LGT,,38000.0,35.18278,-103.60319,2019-02-20 14:40:00,1.0,0,M,0.8
F,B737,BHM UA /OV VUZ180010/TM 1506/FL360/TP B737/TB LGT CAT/RM ZTLFD,LGT CAT,,36000.0,33.50331983331984,-86.9,2019-02-02 15:06:00,1.0,0,M,0.8
F,B738,SBY UA /OV SBY/TM 2214/FL380/TP B738/TB NEG,NEG,,38000.0,38.3405,-75.5103,2019-02-22 22:14:00,0.0,0,M,0.8
F,B737,JAN UA /OV KVKS /TM 1629 /FL370 /TP B737 /TB OCNL LGT CHOP 370/RM AWC-WEB,OCNL LGT CHOP 370,,37000.0,32.23913,-90.92819,2019-02-23 16:29:00,1.0,0,M,0.8
F,C172,DAB UA /OV KDAB /TM 1430 /FL020 /TP C172 /TB LGT BLO 020 /RM DURC,LGT BLO 020,,2000.0,29.17992,-81.05806,2019-02-25 14:30:00,1.0,0,L,0.6
F,B748,SNP UA /OV SPY241041/TM 0728/FL350/TP B748/TB NEG/RM SMOOTH; ZAN,NEG,,35000.0,56.83868659192569,-171.32247557544983,2019-02-17 07:28:00,0.0,0,U,0.6
F,C130,DBN UA /OV MCN090020 /TM 0027 /FL220 /TP C130 /SK OVC150 /WV 24967KT /TB NEG /RM SCT LGT AND TS,NEG,,22000.0,32.69285,-83.25309667825124,2019-02-21 00:27:00,0.0,0,M,0.8
F,C208,LBB UA /OV LBB120066 /TM 1351 /FL090 /TP C208 /TB NEG /RM ZFW AWC-WEB:,NEG,,9000.0,33.113595449955454,-100.6781228202598,2019-02-16 13:51:00,0.0,0,L,0.6
F,B739,EUG UA /OV KRBG085018 /TM 1500 /FL370 /TP B739 /TB CONT LGT/RM AWC-WEB:,CONT LGT,,37000.0,43.264928840710965,-122.94559162488387,2019-02-02 15:00:00,1.0,0,M,0.8
F,E75S,LKV UA /OV LKV/TM 1830/FL300/TP E75S/TB LGT CHOP/RM ..ZSE,LGT CHOP,,30000.0,42.16111,-120.39908,2019-02-10 18:30:00,1.0,0,U,0.6
F,B737,AGS UA /OV ALD132029 /TM 1134 /FL380 /TP B737 /TA M60 /WV 23044KT /TB CONT LGT CHOP 380 /RM RIDE GETTING WORSE SOUTHBOUND /KRDU-KTPA AWC-WEB,CONT LGT CHOP 380,,38000.0,32.686560677103785,-80.86163575519492,2019-02-14 11:34:00,1.0,0,M,0.8
F,E120,PHX UA /OV PXR122005/TM 0111/FL140/TP E120/TA M11/TB LGT /IC LGT RIME/RM ZAB/FDCS,LGT,,14000.0,33.38583648435529,-111.88531293154892,2019-02-19 01:11:00,1.0,0,M,0.8
F,A321,ADW UA /OV OTT220010/TM 1901/FL270/TP A321/TB LGT 270,LGT 270,,27000.0,38.58231558453652,-76.87730235229832,2019-02-17 19:01:00,1.0,0,M,0.8
F,C172,BJC UA /OV BJC/TM 2352/FL065/TP C172/TB LGT BLO 065/RM DURD,LGT BLO 065,,6500.0,39.90881,-105.11719,2019-02-03 23:52:00,1.0,0,L,0.6
F,A306,MSL UA /OV MSL/TM 1327/FL280/TP A306/TB OCNL-CONT LGT TURB/RM ZME,OCNL-CONT LGT TURB,,28000.0,34.74385,-87.59962,2019-02-13 13:27:00,1.0,0,H,1.0
F,B737,GWO UA /OV GLH034010 /TM 1432 /FL390 /TP B737 /TB INTMT LGT CHOP 390 /RM CHOP JUST BEGAN GOING EASTBOUND AWC-WEB:,INTMT LGT CHOP 390,,39000.0,33.6210641207776,-90.87385856099192,2019-02-18 14:32:00,1.0,0,M,0.8
F,E75,FAT UA /OV FRA300005/TM 0108/FL350/TP E75/TB CONS LGT/RM ZOA CWSU,CONS LGT,,35000.0,37.14167004167005,-119.69049157927785,2019-02-05 01:08:00,1.0,0,U,0.6
F,SR20,BEH UA /OV LAF-BEH /TM 2223 /FL075 /TP SR20 /SK SKC /TB NEG /RM FEW CLDS OVR BEH FL030,NEG,,7500.0,41.27167,-86.680915,2019-02-09 22:23:00,0.0,0,L,0.6
F,B737,OKK UA /OV OKK360020/TM 0224/FL350/TP B737/TB CONS LGT CHOP,CONS LGT CHOP,,35000.0,40.86154033336033,-86.05899,2019-02-20 02:24:00,1.0,0,M,0.8
F,B737,RST UA /OV RST/TM 2005/FL310/TP B737/TB LGT CAT,LGT CAT,,31000.0,43.9041,-92.4916,2019-02-23 20:05:00,1.0,0,M,0.8
F,CRJ7,BUF UA /OV BUF140010/TM 1930/FL360/TP CRJ7/TB LGT CHOP,LGT CHOP,,36000.0,42.81311558453652,-78.58944554517566,2019-02-07 19:30:00,1.0,0,M,0.8
F,B737,ALS UA /OV ALS002039 /TM 1625 /FL380 /TP B737 /WV 219058KT /TB NEG /RM DEN-PHX AWC-WEB,NEG,,38000.0,38.08854665554208,-105.83281764717536,2019-02-19 16:25:00,0.0,0,M,0.8
F,B737,GDP UA /OV CNM020220 /TM 0522 /FL370 /TP B737 /TB NEG /RM NICE RIDE AWC-WEB,NEG,,37000.0,35.7832886985358,-102.77889447484384,2019-02-05 05:22:00,0.0,0,M,0.8
F,CRJ7,DBQ UA /OV DBQ/TM 1731/FL330/TP CRJ7/TB LGT CHOP,LGT CHOP,,33000.0,42.39835,-90.709143,2019-02-01 17:31:00,1.0,0,M,0.8
F,DH8A,KSM UA /OV KSM/TM 2339/FL050/TP DH8A/TA M06/TB NEG/IC NEG/RM DURD ZAN,NEG,,5000.0,62.06,-163.3,2019-02-28 23:39:00,0.0,0,M,0.8
F,A320,OKC UA /OV IRW190040 /TM 1357 /FL360 /TP A320 /TB NEG /RM ZFW AWC-WEB,NEG,,36000.0,34.703408318320015,-97.75196233518928,2019-02-10 13:57:00,0.0,0,M,0.8
F,B739,DNV UA /OV DNV/TM 2221/FL320/TP B739/TB CONT LGT,CONT LGT,,32000.0,40.1997,-87.59552,2019-02-11 22:21:00,1.0,0,M,0.8
F,B789,PIR UA /OV PIR170055/TM 1555/FL400/TP B789/TB NEG,NEG,,40000.0,43.47987643769002,-100.06322766408326,2019-02-17 15:55:00,0.0,0,U,0.6
F,B738,CVG UA /OV CVG/TM 0332/FL280/TP B738/TB NEG,NEG,,28000.0,39.04306,-84.67167,2019-02-18 03:32:00,0.0,0,M,0.8
F,B737,MEM UA /OV UJM/TM 0713/FL260/TP B737/TB CONT LGT,CONT LGT,,26000.0,34.58,-90.67,2019-02-21 07:13:00,1.0,0,M,0.8
F,BE9L,CIC UA /OV CIC/TM 1347/FL020/TP BE9L/SK OVC020-TOP170/TB NEG/RM MULT LYRS/ZOA CWSU,NEG,,2000.0,39.79539,-121.85842,2019-02-09 13:47:00,0.0,0,L,0.6
F,B735,ONL UA /OV ONL011041/TM 0048/FL380/TP B735/TB CONT LGT CAT,CONT LGT CAT,,38000.0,43.140552908474845,-98.5112830892778,2019-02-04 00:48:00,1.0,0,M,0.8
F,C56X,IAD UA /OV AML/TM 1538/FL030/TP C56X/WX IMC/TA 11/TB NEG/IC NEG,NEG,,3000.0,38.93,-77.47,2019-02-11 15:38:00,0.0,0,M,0.8
F,PA22,DCA UA /OV MTN315010 /TM 1635 /FL020 /TP PA22 /WX FV99SM /WV 00000KT /TB NEG /RM HYR OVC SMOOTH,NEG,,2000.0,39.44353067614885,-76.56614210584918,2019-02-10 16:35:00,0.0,0,L,0.6
F,C172,"MRI UA /OV BGQ/TM 0403/FL025/TP C172/TB LGT/RM ""BUMPS"" VCNTY BGQ",LGT,,2500.0,61.53,-149.81,2019-02-01 04:03:00,1.0,0,L,0.6
F,B737,ILM UA /OV ILM359045 /TM 1154 /FL380 /TP B737 /TA M65 /WV 295032KT /TB NEG/RM AWC-WEB:,NEG,,38000.0,35.019946512175515,-77.91584035830024,2019-02-02 11:54:00,0.0,0,M,0.8
F,B738,BGM UA /OV HNK308060 /TM 1212 /FL320 /TP B738 /TB CONT LGT CHOP 320/RM AWC-WEB:,CONT LGT CHOP 320,,32000.0,42.67571134395503,-76.38146038543029,2019-02-13 12:12:00,1.0,0,M,0.8
F,A321,UNV UA /OV PSB290020/TM 1345/FL280/TP A321/TB OCNL-CONT LGT CHOP /RM FL 300 SMOOTH,OCNL-CONT LGT CHOP,,28000.0,40.998405948995,-78.50168267179433,2019-02-08 13:45:00,1.0,0,M,0.8
F,B77W,MCD UA /OV MCD/TM 1725/FL360/TP B77W/TB NEG,NEG,,36000.0,45.865,-84.63722,2019-02-03 17:25:00,0.0,0,U,0.6
F,B77W,SNP UA /OV SNP175116/TM 0624/FL330/TP B77W/TA M54/WV 215090KT/TB OCNL LGT/RM ZAN,OCNL LGT,,33000.0,55.23386757944356,-169.90925625176263,2019-02-06 06:24:00,1.0,0,U,0.6
F,B737,ALS UA /OV ALS220050 /TM 1449 /FL260 /TP B737 /WV 275106KT /TB LGT /RM MOSTLY SMOOTH. GOOD RIDE AWC-WEB,LGT,,26000.0,36.80046792268256,-106.53607294897292,2019-02-14 14:49:00,1.0,0,M,0.8
F,B739,GRR UA /OV PMM270020/TM 1900/FL280/TP B739/TB CONS LGT CHOP-OCNL LGT,CONS LGT CHOP-OCNL LGT,,28000.0,42.47,-86.56193375161828,2019-02-15 19:00:00,1.0,0,M,0.8
F,B789,HTH UA /OV MVA040010 /TM 2111 /FL350 /TP B789 /TB CONS LGT 350 /RM ZOA CWSU AWC-WEB:,CONS LGT 350,,35000.0,38.697684415463485,-117.8929655903218,2019-02-25 21:11:00,1.0,0,U,0.6
F,E135,OKC UA /OV IRW180060 /TM 0336 /FL300 /TP E135 /TB CONT LGT /IC 0/RM AWC-WEB,CONT LGT,,30000.0,34.359918999919,-97.61,2019-02-21 03:36:00,1.0,0,M,0.8
F,B737,SJC UA /OV SJC250005/TM 1604/FL040/TP B737/WV 168062/TB LGT/RM DURD,LGT,,4000.0,37.33089601275125,-122.02294748657864,2019-02-13 16:04:00,1.0,0,M,0.8
F,E75L,FLG UA /OV FLG/TM 1746/FL350/TP E75L/TB NEG TURB/RM ZAB FDCS,NEG TURB,,35000.0,35.14028,-111.67222,2019-02-09 17:46:00,0.0,0,U,0.6
F,B737,MEM UA /OV UJM173034 /TM 1205 /FL380 /TP B737 /TA M49 /WV 287061KT /TB LGT CHOP/RM AWC-WEB:,LGT CHOP,,38000.0,34.01751162282267,-90.5861156424075,2019-02-03 12:05:00,1.0,0,M,0.8
F,E75S,SEA UA /OV JAWBN/TM 1920/FL130/TP E75S/TB CONT LGT/RM MARNR7,CONT LGT,,13000.0,47.44469,-122.31437,2019-02-14 19:20:00,1.0,0,U,0.6
F,C68A,VYS UA /OV VYS/TM 2146/FL130/TP C68A/TB CONS LGT CHOP DURD,CONS LGT CHOP DURD,,13000.0,41.35187,-89.15308,2019-02-05 21:46:00,1.0,0,U,0.6
F,B738,IPL UA /OV IPL255015 /TM 1557 /FL200 /TP B738 /SK 250 TOP /TA M03 /TB LGT 200-230 /IC LGT RIME 250 /RM ZLAWC AWC-WEB:,LGT 200-230,,20000.0,32.76950999763347,-115.86615809251911,2019-02-09 15:57:00,1.0,0,M,0.8
F,C560,IKK UA /OV C56180005 /TM 1532 /FL190 /TP C560 /SK SKC /TB LGT CHOP /RM DURC,LGT CHOP,,19000.0,41.28665991665992,-87.67,2019-02-20 15:32:00,1.0,0,M,0.8
F,B752,FOD UA /OV FOD150035/TM 1705/FL410/TP B752/TB CONT LGT,CONT LGT,,41000.0,42.04451859471783,-93.80725616457256,2019-02-02 17:05:00,1.0,0,M,0.8
F,C150,CNO UA /OV CNO270005/TM 1903/FL020/TP C150/TB LGT,LGT,,2000.0,33.97528,-117.73660706769653,2019-02-11 19:03:00,1.0,0,L,0.6
F,DH8A,ENA UA /OV ENA010005/TM 2035/FL030/TP DH8A/SK OVC 048/TB NEG/IC NEG/RM DURC ZAN,NEG,,3000.0,60.65207396021,-151.21054734220445,2019-02-07 20:35:00,0.0,0,M,0.8
F,A308,HYS UA /OV HYS300030/TM 1300/FL300/TP A308/TB LGT CHOP/RM ZKC/FD1,LGT CHOP,,30000.0,39.09224025002025,-99.82916063685336,2019-02-12 13:00:00,1.0,0,L,0.6
F,C208,MRI UA /OV MRI/TM 0033/FL006/TP C208/SK SCT010/TB NEG/IC NEG/RM LIGHT WINDS OUT OF THE NORTH. GOOD VFR. WEST OF INLET SCT002-012,NEG,,600.0,61.21,-149.84,2019-02-10 00:33:00,0.0,0,L,0.6
F,BE55,SZY UA /OV SZY /TM 2050 /FL020 /TP BE55 /WX FV06SM /TA 06 /TB LGT /IC NEG,LGT,,2000.0,35.2029,-88.4984,2019-02-15 20:50:00,1.0,0,L,0.6
F,RV8,LCQ UA /OV LCQ262020/TM 1802/FL080/TP RV8/SK IMC/TB NEG/IC NEG/RM DEVIATING  TOP080,NEG,,8000.0,30.13570520866916,-82.95878790766608,2019-02-18 18:02:00,0.0,0,L,0.6
F,A321,CVS UA /OV TXO090020 /TM 2316 /FL250 /TP A321 /TB NEG /RM MOSTLY SMOOTH AWC-WEB,NEG,,25000.0,34.5,-102.43549843462962,2019-02-13 23:16:00,0.0,0,M,0.8
F,SH36,LIH UA /OV LIH070002/TM 1248/FL024/TP SH36/SK SCT020/TB NEG,NEG,,2400.0,21.9814015948995,-159.29622136676545,2019-02-25 12:48:00,0.0,0,M,0.8
F,CRJ9,ILM UA /OV 5NM W ILM/TM 1230/FL040/TP CRJ9/SK TOP040/TB LGT 040,LGT 040,,4000.0,34.27,-77.9,2019-02-13 12:30:00,1.0,0,U,0.6
F,C172,BDN UA /OV 62S /TM 2027 /FL070 /TP C172 /SK BKN075-TOP110/ SKC /WX FV99SM S /TA M10 /TB NEG /IC NEG /RM SHSN VICINITY,NEG,,7000.0,43.23,-120.66,2019-02-17 20:27:00,0.0,0,L,0.6
F,B763,IMT UA /OV IMT/TM 1327/FL340/TP B763/TB CONT LGT CHOP 340-345,CONT LGT CHOP 340-345,,34000.0,45.81836,-88.11456,2019-02-17 13:27:00,1.0,0,H,1.0
F,B789,SEA UA /OV 4424N 12735W /TM 1842 /FL350 /TP B789 /TB LGT /RM LGT MTN WAVE / ZOA CWSU AWC-WEB,LGT,,35000.0,44.4,-127.5833,2019-02-19 18:42:00,1.0,0,U,0.6
F,C130,EKN UA /OV HVQ250060 /TM 1657 /FL200 /TP C130 /TB NEG,NEG,,20000.0,38.00795215301502,-82.9683250954974,2019-02-27 16:57:00,0.0,0,M,0.8
F,DHC3,EYW UA /OV EYW /TM 2140 /FL010 /TP DHC3 /TB NEG BLO 010 /RM DURC,NEG BLO 010,,1000.0,24.5561111,-81.7595556,2019-02-22 21:40:00,0.0,0,L,0.6
F,B737,PHX UA /OV PXR348070/TM 1413/FL260/TP B737/TB LGT CONS CHOP/OCNL MOD CHOP/RM ZAB/FDCS,LGT CONS CHOP,,26000.0,34.57126463589681,-112.26067224300849,2019-02-14 14:13:00,1.0,0,M,0.8
F,P28A,FDY UA /OV 1G0-1G0145011 /TM 1713 /FL035 /TP P28A /TB NEG /RM DURC,NEG,,3500.0,41.01361,-83.66861,2019-02-14 17:13:00,0.0,0,L,0.6
F,A320,GRB UA /OV GRB270030/TM 1603/FL360/TP A320/TB OCNL LGT CHOP,OCNL LGT CHOP,,36000.0,44.4794,-88.83752524673491,2019-02-21 16:03:00,1.0,0,M,0.8
F,B737,SDB UA /OV GMN /TM 1546 /FL400 /TP B737 /TB LGT /RM ZLAWC AWC-WEB:,LGT,,40000.0,34.8,-118.86,2019-02-06 15:46:00,1.0,0,M,0.8
F,P28A,COF UA /OV COI270005 /TM 1745 /FL021 /TP P28A /TB LGT /RM DURC,LGT,,2100.0,28.34,-80.77468891287293,2019-02-22 17:45:00,1.0,0,L,0.6
F,B737,CDS UA /OV GTH110015 /TM 1559 /FL340 /TP B737 /TB CONS LGT CHOP/RM AWC-WEB:,CONS LGT CHOP,,34000.0,33.69448803825376,-100.05733850787342,2019-02-09 15:59:00,1.0,0,M,0.8
F,B737,AVL UA /OV SPA170008 /TM 1734 /FL230 /TP B737 /TA M23 /WV 270059KT /TB OCNL LGT CHOP/RM AWC-WEB,OCNL LGT CHOP,,23000.0,34.784403863664004,-81.92826205938783,2019-02-15 17:34:00,1.0,0,M,0.8
F,CRJ9,AGC UA /OV AGC/TM 1837/FL360/TP CRJ9/TB CONS LGT CHOP/RM ZOB,CONS LGT CHOP,,36000.0,40.35472,-79.92167,2019-02-12 18:37:00,1.0,0,U,0.6
F,B738,GXF UA /OV GBN/TM 1945/FL360/TP B738/TB CONS LGT CAT/RM ZAB/FDCS,CONS LGT CAT,,36000.0,32.8875,-112.72,2019-02-14 19:45:00,1.0,0,M,0.8
F,E75,DFW UA /OV MQP290050 /TM 1322 /FL320 /TP E75 /TB 320 OCNL LGT /RM 260 300 LGT OCNL MOD CHOP DURC AWC-WEB:,320 OCNL LGT,,32000.0,33.015039872487485,-98.93094951889498,2019-02-14 13:22:00,1.0,0,U,0.6
F,B753,CGI UA /OV CGI180025/TM 2146/FL340/TP B753/TB OCNL LGT CHOP/RM ZKC/FD2,OCNL LGT CHOP,,34000.0,36.80861958329959,-89.57075,2019-02-16 21:46:00,1.0,0,M,0.8
F,B738,DEN UA /OV BJC /TM 2044 /FL400 /TP B738 /TB LGT CHOP /RM LGT MTN WAVE AWC-WEB:,LGT CHOP,,40000.0,39.90881,-105.11719,2019-02-05 20:44:00,1.0,0,M,0.8
F,B738,ONM UA /OV ONM255010/TM 1809/FL320/TP B738/TB LGT CHOP/LGT MTN WAVE +/-15KTS/RM ZAB/FDCS,LGT CHOP,,32000.0,33.97933219842231,-107.09739221215992,2019-02-11 18:09:00,1.0,0,M,0.8
F,B737,OKK UA /OV OKK/TM 1636/FL180/TP B737/TB LGT-CHOP 180-150,LGT-CHOP 180-150,,18000.0,40.52818,-86.05899,2019-02-12 16:36:00,1.0,0,M,0.8
F,MD88,ABY UA /OV ABY290050/TM 1535/FL220/TP MD88/WX SHRA/TB OCNL LGT CAT,OCNL LGT CAT,,22000.0,31.82055987248749,-85.11330824509811,2019-02-19 15:35:00,1.0,0,M,0.8
F,B737,PSB UA /OV PSB330015/TM 1552/FL330/TP B737/TB LGT CONT CHOP,LGT CONT CHOP,,33000.0,41.10091388797807,-78.25269034806692,2019-02-25 15:52:00,1.0,0,M,0.8
F,PA46,FFT UA /OV FFT294010 /TM 1815 /FL120 /TP PA46 /SK OVC110-TOPUNKN /TA M06 /TB NEG /IC NEG /RM IMC,NEG,,12000.0,38.252514931462805,-85.09705225020672,2019-02-15 18:15:00,0.0,0,L,0.6
F,B737,VIH UA /OV VIH165012/TM 1711/FL260/TP B737/TB NEG/RM ZKCFD,NEG,,26000.0,37.93679918672815,-91.70418863078586,2019-02-23 17:11:00,0.0,0,M,0.8
F,B738,DBQ UA /OV DBQ/TM 1830/FL320/TP B738/TB CONS LGT,CONS LGT,,32000.0,42.39835,-90.709143,2019-02-10 18:30:00,1.0,0,M,0.8
F,A320,LGC UA /OV LGC/TM 1505/FL370/TP A320/TB CONT LGT/RM ZTLFD,CONT LGT,,37000.0,33.00886,-85.07261,2019-02-27 15:05:00,1.0,0,M,0.8
F,E175,SGF UA /OV SGF119186 /TM 2130 /FL360 /TP E175 /SK SKC /WX FV10SM /TA M61 /WV 29733KT /TB CONT LGT CHOP 360 /RM ISA -5C AWC-WEB:,CONT LGT CHOP 360,,36000.0,35.73666844141898,-89.98371593331495,2019-02-01 21:30:00,1.0,0,U,0.6
F,B748,SIT UA /OV BKA243160/TM 0722/FL360/TP B748/TB NEG/RM ZAN,NEG,,36000.0,55.6492606053152,-139.89656633086656,2019-02-18 07:22:00,0.0,0,U,0.6
F,B737,GSO UA /OV LIB260030/TM 1901/FL340/TP B737/TB OCNL-CONS LGT CHOP/RM ZTLFD,OCNL-CONS LGT CHOP,,34000.0,35.72316887840831,-80.21723429209267,2019-02-05 19:01:00,1.0,0,M,0.8
F,B739,JVL UA /OV JVL180020/TM 1157/FL180/TP B739/TB LGT CHOP 250-150,LGT CHOP 250-150,,18000.0,42.28688966663967,-89.04156,2019-02-13 11:57:00,1.0,0,M,0.8
F,TBM7,JBR UA /OV PGR /TM 1657 /FL260 /TP TBM7 /TA M20 /TB NEG,NEG,,26000.0,36.06,-90.5,2019-02-07 16:57:00,0.0,0,L,0.6
F,SR22,SMF UA /OV SMF360010/TM 2115/FL170/TP SR22/TA M29/TB LGT CHOP/IC LGT RIME,LGT CHOP,,17000.0,38.862100166680165,-121.59078,2019-02-15 21:15:00,1.0,0,L,0.6
F,B190,CDV UA /OV CDV /TM 2355 /FL000 /TP B190 /SK SKC /TB NEG /RM DURDRY 27,NEG,,0.0,60.49,-145.47,2019-02-19 23:55:00,0.0,0,M,0.8
F,P46T,GUS UA /OV GUS /TM 1847 /FL190 /TP P46T /TB NEG BLO 185/LGT CHOP 190 /RM DURC TO 220,NEG BLO 185,,19000.0,40.64809,-86.15212,2019-02-09 18:47:00,0.0,0,L,0.6
F,C208,MKK UA /OV MKK331009 /TM 2020 /FL080 /TP C208 /SK SKC /WX FV99SM /TA 08 /WV 32512KT /TB NEG /RM AEROVIE,NEG,,8000.0,21.281203582710976,-157.167980152744,2019-02-27 20:20:00,0.0,0,L,0.6
F,P180,DFW UA /OV BYP /TM 1341 /FL330 /TP P180 /TA M13 /TB LGT CHOP /IC LGT RIME/RM AWC-WEB:,LGT CHOP,,33000.0,33.54,-96.23,2019-02-14 13:41:00,1.0,0,L,0.6
F,A320,FLO UA /OV FLO300035/TM 1728/FL230/TP A320/SK SKC/TB NEG,NEG,,23000.0,34.4770502916903,-80.33463425096411,2019-02-10 17:28:00,0.0,0,M,0.8
F,B739,STL UA /OV CSX/TM 1502/FL330/TP B739/TB LGT CHOP/RM ZKCFD,LGT CHOP,,33000.0,38.75,-90.36,2019-02-10 15:02:00,1.0,0,M,0.8
F,B752,ATL UA /OV ATL345012/TM 2136/FL125/TP B752/TB LGT CHOP/RM 125-170 ZTLFD,LGT CHOP,,12500.0,33.82330081327185,-84.50397404696601,2019-02-09 21:36:00,1.0,0,M,0.8
F,A321,SRQ UA /OV CEW156201/TM 1715/FL320/TP A321/TB CONT LGT CHOP\,CONT LGT CHOP\,,32000.0,27.719374826089467,-84.93390184063055,2019-02-13 17:15:00,1.0,0,M,0.8
F,A321,GUP UA /OV ZUN200020/TM 1741/FL350/TP A321/TB CONT LGT/RM ZAB/FDCS,CONT LGT,,35000.0,34.766743754678565,-108.92932412260652,2019-02-20 17:41:00,1.0,0,M,0.8
F,E74,CDS UA /OV CDS250030 /TM 0231 /FL330 /TP E74 /TB LGT/RM AWC-WEB:,LGT,,33000.0,34.26286607650751,-100.85776929810092,2019-02-18 02:31:00,1.0,0,U,0.6
F,B738,GWO UA /OV GLH /TM 1219 /FL400 /TP B738 /TB NEG/RM AWC-WEB,NEG,,40000.0,33.48288,-90.98561,2019-02-13 12:19:00,0.0,0,M,0.8
F,A319,GAG UA /OV MMB280040/TM 2011/FL350/TP A319/TB LGT MTN WAVE /RM /ZKC FDC/AF,LGT MTN WAVE,,35000.0,36.455774828788925,-100.69512058595257,2019-02-21 20:11:00,1.0,0,M,0.8
F,B737,YAK UA /OV YAK270080/TM 1705/FL400/TP B737/TB CONT LGT/RM ZAN,CONT LGT,,40000.0,59.5,-142.28727200691344,2019-02-16 17:05:00,1.0,0,M,0.8
F,CRJ9,CAK UA /OV BSV 10SE/TM 1511/FL050/TP CRJ9/SK OVC025-TOP050/TB LGT CHOP 030-050,LGT CHOP 030-050,,5000.0,40.74,-81.43,2019-02-25 15:11:00,1.0,0,U,0.6
F,BE9L,PIH UA /OV KPIH/TM 1346/FL090/TP BE9L/SK BKN090-TOPUNKN/TB LGT BLO 080/IC NEG/RM DURC,LGT BLO 080,,9000.0,42.90981,-112.59592,2019-02-13 13:46:00,1.0,0,L,0.6
F,738,GCC UA /OV GCC /TM 2230 /FL360 /TP 738 /WV 231102KT /TB CONT LGT /RM 20NM E OF RAP TO GCC AWC-WEB,CONT LGT,,36000.0,44.34892,-105.53936,2019-02-22 22:30:00,1.0,0,U,0.6
F,B737,GUP UA /OV GUP035030/TM 0102/FL350/TP B737/TB CONS LGT CHOP/RM ZAB/FDCS,CONS LGT CHOP,,35000.0,35.920669197835466,-108.4369632589602,2019-02-21 01:02:00,1.0,0,M,0.8
F,C56X,AHN UA /OV AHN040025/TM 1326/FL410/TP C56X/TB CONS LGT CHOP/RM ZTLFD,CONS LGT CHOP,,41000.0,34.267811038658714,-83.00345993673562,2019-02-14 13:26:00,1.0,0,M,0.8
F,DH8D,BOI UA /OV BOI215025/TM 1553/FL160/TP DH8D/TA M12/TB LGT/IC LGT MIXED BLO 120,LGT,,16000.0,43.22532900180378,-116.57042265287708,2019-02-23 15:53:00,1.0,0,M,0.8
F,P28A,GED UA /OV GED225006 /TM 1500 /FL035 /TP P28A /TB OCNL LGT,OCNL LGT,,3500.0,38.61847359431069,-75.44948836582984,2019-02-26 15:00:00,1.0,0,L,0.6
F,B737,CHS UA /OV CHS050033 /TM 1224 /FL360 /TP B737 /TA M58 /WV 27432KT /TB CONT LGT CHOP 360 /RM OCNL MOD /KRDU-KFLL AWC-WEB:,CONT LGT CHOP 360,,36000.0,33.25216182154425,-79.5386634803431,2019-02-14 12:24:00,1.0,0,M,0.8
F,CRJ2,JLN UA /OV KJLN065050 /TM 2019 /FL280 /TP CRJ2 /TB LGT /IC NEG /RM FL260 TO 300 CONT LT CHOP ALMOST SMOOTH ABOVE 300 BETWEEN STL - SGF AWC-WEB:,LGT,,28000.0,37.50441041154511,-93.54753951257494,2019-02-06 20:19:00,1.0,0,M,0.8
F,B738,FAT UA /OV KFAT091031 /TM 1549 /FL380 /TP B738 /TB NEG/RM AWC-WEB:,NEG,,38000.0,36.7709821929568,-119.07437097405204,2019-02-02 15:49:00,0.0,0,M,0.8
F,TBM7,CNO UA /OV CNO/TM 0152/FL010/TP TBM7/TB NEG/RM DURD RY26R CNO,NEG,,1000.0,33.97528,-117.63611,2019-02-22 01:52:00,0.0,0,L,0.6
F,B738,HKY UA /OV BZM090015/TM 1320/FL340/TP B738/TB CONS LGT CAT/RM ZTLFD,CONS LGT CAT,,34000.0,35.87,-80.93146579083744,2019-02-21 13:20:00,1.0,0,M,0.8
F,C182,SAF UA /OV SKX-SAF /TM 1739 /FL105 /TP C182 /TB NEG 100-115,NEG 100-115,,10500.0,36.03764,-105.88092,2019-02-27 17:39:00,0.0,0,L,0.6
F,B737,OKK UA /OV OKK/TM 0025/FL360/TP B737/TB NEG,NEG,,36000.0,40.52818,-86.05899,2019-02-19 00:25:00,0.0,0,M,0.8
F,B737,FKL UA /OV CIP360040/TM 1120/FL280/TP B737/SK TOPS FL365/TB CONT VERY LGT CHOP FL280-FL380 DURGC,CONT VERY LGT CHOP FL280-FL380 DURGC,,28000.0,41.81672066672066,-79.46,2019-02-20 11:20:00,1.0,0,M,0.8
F,MD90,BVO UA /OV BVO120005/TM 2155/FL310/TP MD90/TB LGT/RM ZKC FDC,LGT,,31000.0,36.72080995832995,-95.92105823240556,2019-02-16 21:55:00,1.0,0,M,0.8
F,E45X,SPI UA /OV SPI090030/TM 0226/FL240/TP E45X/TB NEG/RM /ZKC FDC/AF,NEG,,24000.0,39.8447,-89.03262234265222,2019-02-20 02:26:00,0.0,0,M,0.8
F,B788,MLC UA /OV MLC180020 /TM 1336 /FL370 /TP B788 /TB LGT/RM AWC-WEB,LGT,,37000.0,34.548859666639665,-95.78306,2019-02-06 13:36:00,1.0,0,U,0.6
F,B712,OKC UA /OV KSRE /TM 1901 /FL190 /TP B712 /TB NEG /RM DURC SMOOTH FROM OKC EB ZFW AWC-WEB:,NEG,,19000.0,35.2746781,-96.6751619,2019-02-25 19:01:00,0.0,0,M,0.8
F,B738,JNU UA /OV JNU /TM 2323 /FL023 /TP B738 /TB LGT BLO 023 /RM DURGC OFF RWY 08,LGT BLO 023,,2300.0,58.35,-134.57,2019-02-02 23:23:00,1.0,0,M,0.8
F,B738,SAV UA /OV SAV179027/TM 1916/FL330/TP B738/TB CONT LGT CHOP,CONT LGT CHOP,,33000.0,31.67761209269469,-81.19286554716395,2019-02-04 19:16:00,1.0,0,M,0.8
F,B739,DHT UA /OV DHT340065/TM 1733/FL370/TP B739/TB NEG/RM ZAB/FDCS,NEG,,37000.0,37.04067279729467,-103.00543853317517,2019-02-16 17:33:00,0.0,0,M,0.8
F,E170,BHM UA /OV VUZ260030/TM 1755/FL300/TP E170/TB LGT/RM ZTLFD,LGT,,30000.0,33.58316887840831,-87.49170561907707,2019-02-05 17:55:00,1.0,0,U,0.6
F,E35L,SDB UA /OV GMN310010 /TM 1529 /FL260 /TP E35L /TB LGT/RM AWC-WEB,LGT,,26000.0,34.907139945922495,-119.01549477980768,2019-02-28 15:29:00,1.0,0,U,0.6
F,SW4,PNM UA /OV PNM/TM 2140/FL100/TP SW4/TB CONT LGT 170-150 / OCNL LGT 150-110/RM DURD,CONT LGT 170-150,,10000.0,45.55987,-93.60822,2019-02-05 21:40:00,1.0,0,M,0.8
F,B738,DBQ UA /OV DBQ131043 /TM 1334 /FL340 /TP B738 /TB NEG/RM AWC-WEB,NEG,,34000.0,41.92813627829209,-89.97666162047612,2019-02-17 13:34:00,0.0,0,M,0.8
F,B737,SDB UA /OV GMN345010/TM 1710/FL320/TP B737/TB CONS LGT CHOP,CONS LGT CHOP,,32000.0,34.96100067772654,-118.91253612997228,2019-02-01 17:10:00,1.0,0,M,0.8
F,A319,ENL UA /OV VLA/TM 1318/FL260/TP A319/TB CONT LGT CHOP/RM ZKCFDC/OH,CONT LGT CHOP,,26000.0,38.99,-89.16,2019-02-14 13:18:00,1.0,0,M,0.8
F,A321,TLH UA /OV SZW187074/TM 2258/FL350/TP A321/TB CONT LGT CHOP,CONT LGT CHOP,,35000.0,29.33576059084933,-84.544565309394,2019-02-04 22:58:00,1.0,0,M,0.8
F,B737,FAM UA /OV FAM010010/TM 1350/FL360/TP B737/TB LGT/RM ZKC FDC,LGT,,36000.0,37.92517792041999,-90.39199889040523,2019-02-18 13:50:00,1.0,0,M,0.8
F,SR22,VNC UA /OV PGD320014 /TM 2109 /FL070 /TP SR22 /SK FEWUNKN/TOP072 /WV 21309KT /TB NEG /RM AEROVIE : FEW CU FL030-072 HZ FV08-12NM,NEG,,7000.0,27.09597818164888,-82.1596107006455,2019-02-18 21:09:00,0.0,0,L,0.6
F,E145,ATL UA /OV ATL075028/TM 2139/FL320/TP E145/TB INTMT LGT CHOP/RM ZTLFD,INTMT LGT CHOP,,32000.0,33.75089200441753,-83.90038102822498,2019-02-09 21:39:00,1.0,0,M,0.8
F,B737,DEN UA /OV DVV230050/TM 1630/FL270/TP B737/TB LGT CHOP/RM DURD...ZDV,LGT CHOP,,27000.0,39.35430027038751,-105.4520619527606,2019-02-20 16:30:00,1.0,0,M,0.8
F,A320,OCF UA /OV OCF270020/TM 0039/FL220/TP A320/TB LGT CHOP,LGT CHOP,,22000.0,29.16363228,-82.60275576129791,2019-02-02 00:39:00,1.0,0,M,0.8
F,C208,KOA UA /OV KOA/TM 0030/FL100/TP C208/TB LGT,LGT,,10000.0,19.73,-156.04,2019-02-11 00:30:00,1.0,0,L,0.6
F,E70,ILM UA /OV ILM180070/TM 1229/FL330/TP E70/WV 286061/TB NEG/IC NEG,NEG,,33000.0,33.103238833238834,-77.9,2019-02-22 12:29:00,0.0,0,U,0.6
F,B737,STL UA /OV MAP150030/TM 2154/FL380/TP B737/TB OCNL LGT CHOP/RM ZKC/FD1,OCNL LGT CHOP,,38000.0,37.156952224043856,-91.47447567678468,2019-02-11 21:54:00,1.0,0,M,0.8
F,CRJ9,CMI UA /OV CMI260020/TM 0222/FL320/TP CRJ9/TB NEG/RM ZKCFD,NEG,,32000.0,39.98094258560553,-88.70661372882151,2019-02-09 02:22:00,0.0,0,U,0.6
F,B787,BFF UA /OV BFF200050/TM 0237/FL400/TP B787/TB LGT MTW/MOD TB/RM +/-20KTS TO 30KTS...ZDV FD,LGT MTW,,40000.0,41.09088938669641,-103.9784421045884,2019-02-03 02:37:00,1.0,0,U,0.6
F,B737,TPA UA /OV TPA/TM 1745/FL160/TP B737/TB NEG/RM SMOOTH RIDES DURC TPA DEPTS,NEG,,16000.0,27.9619,-82.5403,2019-02-05 17:45:00,0.0,0,M,0.8
F,B739,OTG UA /OV OTG340010/TM 1553/FL300/TP B739/SK TOP300/TB CONT LGT,CONT LGT,,30000.0,43.81168812266072,-95.65798375219572,2019-02-26 15:53:00,1.0,0,M,0.8
F,B737,TPH UA /OV MVA/TM 1516/FL370/TP B737/TB CONS LGT CHOP/RM ZOA CWSU,CONS LGT CHOP,,37000.0,38.57,-118.03,2019-02-22 15:16:00,1.0,0,M,0.8
F,B737,CGI UA /OV CGI/TM 1534/FL300/TP B737/TB LGT CHOP/RM ZKC/FD1/CJ,LGT CHOP,,30000.0,37.22532,-89.57075,2019-02-26 15:34:00,1.0,0,M,0.8
F,PC12,CPS UA /OV CPS /TM 1815 /FL050 /TP PC12 /WX FV99SM /TB OCNL LGT CHOP 050 BLO /RM DURC,OCNL LGT CHOP 050 BLO,,5000.0,38.57073,-90.15622,2019-02-14 18:15:00,1.0,0,L,0.6
F,PA46,HON UA /OV HON/TM 1916/FL080/TP PA46/WX VMC/TA M02/TB NEG/IC NEG,NEG,,8000.0,44.38519,-98.22856,2019-02-16 19:16:00,0.0,0,L,0.6
F,B738,IML UA /OV HCT247032 /TM 0242 /FL390 /TP B738 /TB NEG /RM SMTH AWC-WEB:,NEG,,39000.0,40.241593185204096,-101.56519510918642,2019-02-14 02:42:00,0.0,0,M,0.8
F,B739,BIS UA /OV BIS163035/TM 1548/FL320/TP B739/TA M51/WV 28764/TB NEG,NEG,,32000.0,46.21483037357666,-100.49671299793408,2019-02-24 15:48:00,0.0,0,M,0.8
F,GLF5,IAH UA /OV ELA060/20/TM 1551/FL100/TP GLF5/TB LGT,LGT,,10000.0,29.6006,-96.3219,2019-02-01 15:51:00,1.0,0,M,0.8
T,MD83,DSM UUA /OV DSM310005/TM 0052/FL025/TP MD83/TB LGT CHOP 025/RM LLWS +/-10 KT SFC-025 DURC RY31,LGT CHOP 025,,2500.0,41.587519972961246,-93.7384003567453,2019-02-08 00:52:00,1.0,0,M,0.8
F,A319,LSB UA /OV SSO120010/TM 2130/FL270/TP A319/TB OCNL LGT CHOP,OCNL LGT CHOP,,27000.0,32.18665991665992,-109.08928187671312,2019-02-15 21:30:00,1.0,0,M,0.8
F,A320,RSV UA /OV BIB180020/TM 2313/FL280/TP A320/TB CONT LGT CHOP/RM ZKCFD,CONT LGT CHOP,,28000.0,38.58663966663967,-88.48,2019-02-13 23:13:00,1.0,0,M,0.8
F,AT43,IDA UA /OV KIDA/TM 1625/FL030/TP AT43/SK OVC057/WX 6SM/WV 210/45 AT 067 ON FINAL/TB LGT CHOP/IC NEG/RM DURD RWY21 IDA,LGT CHOP,,3000.0,43.51372,-112.07075,2019-02-13 16:25:00,1.0,0,M,0.8
F,B738,BIS UA /OV BIS161050/TM 1945/FL370/TP B738/TA M56/WV 22544KT/TB NEG,NEG,,37000.0,45.98472403109956,-100.34958836326707,2019-02-23 19:45:00,0.0,0,M,0.8
F,B737,RNO UA /OV FMG060035 /TM 2138 /FL380 /TP B737 /WV 263109KT /TB CONT LGT CHOP 380 /RM MTN WAVE -30KT AWC-WEB,CONT LGT CHOP 380,,38000.0,39.821690291690295,-119.00496561605962,2019-02-28 21:38:00,1.0,0,M,0.8
F,B739,SLO UA /OV VLA/TM 2355/FL350/TP B739/TB LGT/RM ZKCFDC/AF,LGT,,35000.0,38.99,-89.16,2019-02-13 23:55:00,1.0,0,M,0.8
F,C172,MRI UA /OV MRI300002/TM 1821/FL012/TP C172/TB OCNL LGT/RM MID- CHANNEL,OCNL LGT,,1200.0,61.226668016668015,-149.89994561550228,2019-02-13 18:21:00,1.0,0,L,0.6
F,E75S,EVV UA /OV PXV090030/TM 1240/FL370/TP E75S/SK TOP 370/TB CONT LGT,CONT LGT,,37000.0,37.93,-87.126044147727,2019-02-12 12:40:00,1.0,0,U,0.6
F,B734,ALB UA /OV ALB160020/TM 1806/FL070/TP B734/SK TOPS 070 BASES 041/TB LGT CHOP/IC NO ICE,LGT CHOP,,7000.0,42.44431375467857,-73.64832417504196,2019-02-21 18:06:00,1.0,0,M,0.8
F,B737,HWY UA /OV CSN/TM 1852/FL230/TP B737/TB CONT LGT CHOP,CONT LGT CHOP,,23000.0,38.64,-77.87,2019-02-27 18:52:00,1.0,0,M,0.8
F,PC12,CGC UA /OV CGC/TM 0037/FL210/TP PC12/TA M20/TB LGT CHOP/IC LGT RIME,LGT CHOP,,21000.0,28.8672778,-82.5713056,2019-02-03 00:37:00,1.0,0,L,0.6
F,CRJ7,SPS UA /OV SPS180030 /TM 1432 /FL240 /TP CRJ7 /TB CONS LGT CHOP 280-260 /RM DURD AWC-WEB:,CONS LGT CHOP 280-260,,24000.0,33.4785594999595,-98.4928,2019-02-02 14:32:00,1.0,0,M,0.8
F,WW24,LRU UA /OV LRU270020 /TM 0024 /FL390 /TP WW24 /WV 24884KT /TB NEG,NEG,,39000.0,32.28942,-107.31631103825336,2019-02-25 00:24:00,0.0,0,M,0.8
F,C172,F46 UA /OV TKI135010 /TM 2059 /FL035 /TP C172 /WV 28032KT /TB NEG,NEG,,3500.0,33.06213932385115,-96.44917926281784,2019-02-15 20:59:00,0.0,0,L,0.6
F,CL60,UA /OV CYOW 135020 /TM 1605 /FL070 /TP CL60 /TB LGT-MDT 070-110 /RM MDT INTMT,LGT-MDT 070-110,,7000.0,45.086778647702296,-75.33391733359029,2019-02-06 16:05:00,1.0,0,M,0.8
F,B737,RNO UA /OV FMG150020/TM 2157/FL140/TP B737/TB LGT/RM DURD CONS LGT CHOP,LGT,,14000.0,39.2413014826959,-119.44389469834488,2019-02-14 21:57:00,1.0,0,M,0.8
F,DV20,ILM UA /OV ILM315018 /TM 0103 /FL045 /TP DV20 /SK SKC /TB NEG,NEG,,4500.0,34.482149217067935,-78.15671702778116,2019-02-08 01:03:00,0.0,0,L,0.6
F,BE20,KTN UA /OV SIT-KTN /TM 1215 /FL150 /TP BE20 /TB NEG /IC NEG /RMDURD RY 11 BROKE OUT AT 010,NEG,,15000.0,56.195,-133.53500000000005,2019-02-07 12:15:00,0.0,0,M,0.8
F,B737,POU UA /OV SAX250020 /TM 1958 /FL380 /TP B737 /TB CONT LGT 380 /RM 360 better AWC-WEB,CONT LGT 380,,38000.0,40.95598405100501,-74.95551019128145,2019-02-18 19:58:00,1.0,0,M,0.8
F,A306,SGF UA /OV SGF090040/TM 1318/FL320/TP A306/TB NEG/RM ZKCFDC/OH,NEG,,32000.0,37.2397,-92.55222779833204,2019-02-20 13:18:00,0.0,0,H,1.0
F,SR22,FMY UA /OV RSW359011 /TM 2121 /FL070 /TP SR22 /TA 10 /WV 17310KT /TB NEG /RM AEROVIE : HZ+ FV15NM BLO FL075 -HZ ABV FL075,NEG,,7000.0,26.721380258531795,-81.76030671801058,2019-02-18 21:21:00,0.0,0,L,0.6
F,B38M,PSK UA /OV PSK/TM 1424/FL320/TP B38M/TB LGT CHOP/RM ZTLFD,LGT CHOP,,32000.0,37.13735,-80.67848,2019-02-14 14:24:00,1.0,0,U,0.6
F,CRJ9,BIV UA /OV PMM2700235/TM 1406/FL300/TP CRJ9/TB LGT CHOP,LGT CHOP,,30000.0,42.74611,-86.09667,2019-02-10 14:06:00,1.0,0,U,0.6
F,C550,ACK UA /OV ACK240002/TM 1435/FL004/TP C550/SK BKN006/TB LGT CHOP/IC NEG,LGT CHOP,,400.0,41.23644198333199,-70.09871076810965,2019-02-18 14:35:00,1.0,0,L,0.6
F,B190,GAL UA /OV GAL/TM 1913/FL130/TP B190/SK BKN052 OVC130/TB NEG/IC NEG/RM DURD ZAN,NEG,,13000.0,64.73,-156.93,2019-02-09 19:13:00,0.0,0,M,0.8
F,BE20,BRD UA /OV BRD/TM 2207/FL240/TP BE20/TA UNKN/TB NEG/IC NEG,NEG,,24000.0,46.40472,-94.13083,2019-02-12 22:07:00,0.0,0,M,0.8
F,B738,INW UA /OV INW190050/TM 1541/FL370/TP B738/TB CONS LGT CHOP/RM ZAB/FDCS,CONS LGT CHOP,,37000.0,34.201180397900025,-110.89924606336564,2019-02-10 15:41:00,1.0,0,M,0.8
F,C182,APA UA /OV APA /TM 2056 /FL100 /TP C182 /TB NEG,NEG,,10000.0,39.57,-104.85,2019-02-26 20:56:00,0.0,0,L,0.6
F,C650,CTY UA /OV CTY270030/TM 1416/FL390/TP C650/TB CONT LGT,CONT LGT,,39000.0,29.63553,-83.68004583315674,2019-02-22 14:16:00,1.0,0,M,0.8
F,A319,GRR UA /OV HIC210020/TM 1312/FL200/TP A319/TB CONS LGT CAT,CONS LGT CAT,,20000.0,43.2813014826959,-85.95005191217618,2019-02-19 13:12:00,1.0,0,M,0.8
F,C750,RHP UA /OV HRS170035/TM 2255/FL450/TP C750/TB OCNL LGT CHOP 450/RM ZTLFD,OCNL LGT CHOP 450,,45000.0,34.36548227853002,-83.79642244828044,2019-02-24 22:55:00,1.0,0,M,0.8
F,H25B,AVL UA /OV SOT350015/TM 1311/FL230/TP H25B/TB LGT CHOP /RM ZTLFD,LGT CHOP,,23000.0,36.03622188063,-83.10352241846188,2019-02-11 13:11:00,1.0,0,M,0.8
F,P28A,BHC UA /OV AMG050014 /TM 1853 /FL105 /TP P28A /SK OVC-TOP055 /TA 05 /TB NEG,NEG,,10500.0,31.686055924291495,-82.29682652290376,2019-02-19 18:53:00,0.0,0,L,0.6
F,LJ31,BET UA /OV BET/TM 2000/FL006/TP LJ31/SK OVC006-TOP040/TB NEG/RM DURC. ZAN,NEG,,600.0,60.77,-161.83,2019-02-05 20:00:00,0.0,0,M,0.8
F,C402,VSF UA /OV VSF /TM 1447 /FL065 /TP C402 /SK SKC /TA M08 /WV 32538KT /TB NEG /IC NEG /RM SMOOTH,NEG,,6500.0,43.34363,-72.51731,2019-02-19 14:47:00,0.0,0,L,0.6
F,DH8A,ENA UA /OV ENA010002/TM 0505/FL014/TP DH8A/SK OVC014 BKN035 TOPS040/TB NEG/IC NEG/RM DURC,NEG,,1400.0,60.602829584084,-151.22821893688177,2019-02-09 05:05:00,0.0,0,M,0.8
F,BE20,ICT UA /OV 30NE/TM 1726/FL038/TP BE20/SK OVC/TB NEG/IC NEG/RM DURD B38,NEG,,3800.0,40.35,-98.68,2019-02-22 17:26:00,0.0,0,M,0.8
F,B737,LAX UA /OV POM295015 /TM 2023 /FL180 /TP B737 /TB LGT/RM AWC-WEB,LGT,,18000.0,34.185663123463534,-118.06358124041456,2019-02-17 20:23:00,1.0,0,M,0.8
F,F2TH,SPI UA /OV SPI/TM 2058/FL350/TP F2TH/TB NEG,NEG,,35000.0,39.8447,-89.6839,2019-02-17 20:58:00,0.0,0,M,0.8
F,SR22,CTY UA /OV CTY182006 /TM 1504 /FL101 /TP SR22 /SK SKC /TA 08 /WV 05610KT /TB NEG /RM AEROVIE : SMTH SKC ALQDS BLO FL180,NEG,,10100.0,29.535582822224296,-83.10876550700644,2019-02-07 15:04:00,0.0,0,L,0.6
F,B737,BKW UA /OV AZQ/TM 2117/FL400/TP B737/TB CONT LGT CHOP,CONT LGT CHOP,,40000.0,37.39,-83.26,2019-02-23 21:17:00,1.0,0,M,0.8
F,A320,OKC UA /OV IRW360015 /TM 1508 /FL350 /TP A320 /TB NEG CHOP /RM ZFW AWC-WEB,NEG CHOP,,35000.0,35.61002025002025,-97.61,2019-02-18 15:08:00,0.0,0,M,0.8
F,B738,MAF UA /OV BGS140050 /TM 1450 /FL360 /TP B738 /TB LGT CHOP/RM AWC-WEB:,LGT CHOP,,36000.0,31.751577922682568,-100.84560145293106,2019-02-28 14:50:00,1.0,0,M,0.8
F,P46T,HVE UA /OV RIF090080 /TM 1601 /FL260 /TP P46T /WX FV99SM /TA M35 /WV 24353KT /TB NEG /IC NEG /RM SCT CLOUDS BLO,NEG,,26000.0,38.73,-110.39068537974444,2019-02-27 16:01:00,0.0,0,L,0.6
F,M20P,VEL UA /OV VEL /TM 1807 /FL165 /TP M20P /TB NEG,NEG,,16500.0,40.44092,-109.50992,2019-02-23 18:07:00,0.0,0,L,0.6
F,NMRS A,LPR UA /OV DJB360035/TM 1347/FL160/TP NMRS A/C/TB CONT LGT OCNL MDT CHOP 160-240,CONT LGT OCNL MDT CHOP 160-240,,16000.0,41.94338058338058,-82.16,2019-02-20 13:47:00,1.0,0,U,0.6
F,BE40,SRQ UA /OV SRQ280275/TM 2141/FL400/TP BE40/TB CONT LGT,CONT LGT,,40000.0,28.197341947923853,-87.64314069703937,2019-02-03 21:41:00,1.0,0,M,0.8
F,A319,DFW UA /OV MQP360025 /TM 0114 /FL360 /TP A319 /TB LGT CHOP/RM AWC-WEB:,LGT CHOP,,36000.0,33.14670041670041,-98.0,2019-02-27 01:14:00,1.0,0,M,0.8
F,A319,ORD UA /OV DNV/TM 1303/FL360/TP A319/TB NEG,NEG,,36000.0,40.1997,-87.59552,2019-02-23 13:03:00,0.0,0,M,0.8
F,B738,SIT UA /OV JNU-SIT /TM 0744 /FL160 /TP B738 /SK SKC /TB NEG,NEG,,16000.0,57.695,-134.965,2019-02-12 07:44:00,0.0,0,M,0.8
F,E175,RNO UA /OV FMG/TM 1755/FL340/TP E175/TB LGT CHOP 340/RM MTW +-20KTS/ZOA CWSU,LGT CHOP 340,,34000.0,39.53,-119.66,2019-02-09 17:55:00,1.0,0,U,0.6
F,SR22,IKK UA /OV IKK/TM 1412/FL060/TP SR22/TB NEG/RM SMOOTH,NEG,,6000.0,41.07139,-87.84628,2019-02-05 14:12:00,0.0,0,L,0.6
F,DC4,ILI UA /OV ILI /TM 0452 /FL045 /TP DC4 /WX FV10SM /WV 310020KT /TB NEG,NEG,,4500.0,59.75,-154.91,2019-02-14 04:52:00,0.0,0,M,0.8

